ISO-10303-21;
HEADER;
FILE_DESCRIPTION(('FreeCAD Model'),'2;1');
FILE_NAME('Open CASCADE Shape Model','2026-07-30T17:29:35',('Author'),(
    ''),'Open CASCADE STEP processor 7.8','FreeCAD','Unknown');
FILE_SCHEMA(('AUTOMOTIVE_DESIGN { 1 0 10303 214 1 1 1 1 }'));
ENDSEC;
DATA;
#1 = APPLICATION_PROTOCOL_DEFINITION('international standard',
  'automotive_design',2000,#2);
#2 = APPLICATION_CONTEXT(
  'core data for automotive mechanical design processes');
#3 = SHAPE_DEFINITION_REPRESENTATION(#4,#10);
#4 = PRODUCT_DEFINITION_SHAPE('','',#5);
#5 = PRODUCT_DEFINITION('design','',#6,#9);
#6 = PRODUCT_DEFINITION_FORMATION('','',#7);
#7 = PRODUCT(
  'X1~CRYSTAL-SMD_4P-L3.2-W2.5-BL~CRYSTAL-SMD_4P-L3.2-W2.5-BL~BsQw',
  'X1~CRYSTAL-SMD_4P-L3.2-W2.5-BL~CRYSTAL-SMD_4P-L3.2-W2.5-BL~BsQw','',(
    #8));
#8 = PRODUCT_CONTEXT('',#2,'mechanical');
#9 = PRODUCT_DEFINITION_CONTEXT('part definition',#2,'design');
#10 = SHAPE_REPRESENTATION('',(#11,#15),#19);
#11 = AXIS2_PLACEMENT_3D('',#12,#13,#14);
#12 = CARTESIAN_POINT('',(0.,0.,0.));
#13 = DIRECTION('',(0.,0.,1.));
#14 = DIRECTION('',(1.,0.,-0.));
#15 = AXIS2_PLACEMENT_3D('',#16,#17,#18);
#16 = CARTESIAN_POINT('',(0.,0.,0.));
#17 = DIRECTION('',(0.,0.,1.));
#18 = DIRECTION('',(1.,0.,0.));
#19 = ( GEOMETRIC_REPRESENTATION_CONTEXT(3) 
GLOBAL_UNCERTAINTY_ASSIGNED_CONTEXT((#23)) GLOBAL_UNIT_ASSIGNED_CONTEXT(
(#20,#21,#22)) REPRESENTATION_CONTEXT('Context #1',
  '3D Context with UNIT and UNCERTAINTY') );
#20 = ( LENGTH_UNIT() NAMED_UNIT(*) SI_UNIT(.MILLI.,.METRE.) );
#21 = ( NAMED_UNIT(*) PLANE_ANGLE_UNIT() SI_UNIT($,.RADIAN.) );
#22 = ( NAMED_UNIT(*) SI_UNIT($,.STERADIAN.) SOLID_ANGLE_UNIT() );
#23 = UNCERTAINTY_MEASURE_WITH_UNIT(LENGTH_MEASURE(2.E-07),#20,
  'distance_accuracy_value','confusion accuracy');
#24 = PRODUCT_RELATED_PRODUCT_CATEGORY('part',$,(#7));
#25 = SHAPE_DEFINITION_REPRESENTATION(#26,#32);
#26 = PRODUCT_DEFINITION_SHAPE('','',#27);
#27 = PRODUCT_DEFINITION('design','',#28,#31);
#28 = PRODUCT_DEFINITION_FORMATION('','',#29);
#29 = PRODUCT(
  'CRYSTAL-SMD_4P-L3.2-W2.5-BL~CRYSTAL-SMD_4P-L3.2-W2.5-BL~JnwN',
  'CRYSTAL-SMD_4P-L3.2-W2.5-BL~CRYSTAL-SMD_4P-L3.2-W2.5-BL~JnwN','',(#30
    ));
#30 = PRODUCT_CONTEXT('',#2,'mechanical');
#31 = PRODUCT_DEFINITION_CONTEXT('part definition',#2,'design');
#32 = ADVANCED_BREP_SHAPE_REPRESENTATION('',(#11,#33),#10785);
#33 = MANIFOLD_SOLID_BREP('',#34);
#34 = CLOSED_SHELL('',(#35,#1569,#1629,#1689,#1749,#2133,#2199,#2265,
    #2321,#2377,#2394,#2406,#2418,#2430,#2465,#2499,#2523,#2547,#2571,
    #2596,#2622,#2656,#2690,#2708,#2726,#2743,#2777,#2801,#2825,#2856,
    #2881,#2907,#2941,#2975,#2993,#3011,#3034,#3068,#3092,#3116,#3140,
    #3165,#3191,#3225,#3259,#3277,#3295,#3312,#3346,#3370,#3394,#3418,
    #3443,#3469,#3503,#3537,#3555,#3573,#3590,#3602,#3662,#3693,#3744,
    #3775,#3826,#3857,#3908,#3930,#4016,#4040,#4066,#4084,#4102,#4120,
    #4138,#4164,#4182,#4200,#4226,#4244,#4262,#4280,#4298,#4324,#4336,
    #4368,#4392,#4417,#4441,#4466,#4490,#4515,#4532,#4556,#4574,#4592,
    #4610,#4628,#4646,#4664,#4676,#4707,#4731,#4755,#4779,#4803,#4820,
    #4834,#4870,#4894,#4923,#4952,#4981,#5010,#5039,#5068,#5092,#5121,
    #5150,#5179,#5208,#5230,#5252,#5283,#5307,#5331,#5355,#5379,#5403,
    #5427,#5451,#5475,#5499,#5523,#5540,#5560,#5690,#5712,#5733,#5754,
    #5775,#5796,#5813,#5825,#5856,#5880,#5904,#5933,#5962,#5991,#6013,
    #6028,#6152,#6174,#6191,#6208,#6225,#6242,#6259,#6276,#6288,#6319,
    #6343,#6372,#6396,#6425,#6442,#6456,#6487,#6511,#6535,#6559,#6583,
    #6607,#6631,#6655,#6679,#6703,#6727,#6744,#6764,#6964,#6990,#7007,
    #7028,#7049,#7066,#7087,#7108,#7129,#7150,#7167,#7184,#7201,#7218,
    #7234,#7270,#7299,#7328,#7357,#7386,#7415,#7439,#7456,#7472,#7508,
    #7532,#7561,#7590,#7619,#7648,#7677,#7706,#7735,#7764,#7793,#7822,
    #7846,#7875,#7904,#7933,#7962,#7991,#8020,#8049,#8071,#8100,#8131,
    #8155,#8184,#8208,#8232,#8256,#8280,#8304,#8328,#8357,#8386,#8410,
    #8439,#8468,#8485,#8508,#8539,#8563,#8587,#8611,#8635,#8659,#8683,
    #8707,#8731,#8755,#8779,#8796,#8816,#8946,#8968,#8989,#9010,#9031,
    #9052,#9069,#9081,#9112,#9136,#9160,#9189,#9218,#9247,#9269,#9284,
    #9408,#9430,#9447,#9464,#9481,#9498,#9515,#9532,#9544,#9575,#9599,
    #9628,#9652,#9681,#9698,#9712,#10037,#10063,#10084,#10105,#10126,
    #10147,#10168,#10189,#10210,#10231,#10252,#10273,#10294,#10311,
    #10328,#10345,#10362,#10383,#10404,#10425,#10446,#10467,#10488,
    #10509,#10526,#10547,#10568,#10585,#10606,#10627,#10648,#10665,
    #10686,#10702,#10747,#10775));
#35 = ADVANCED_FACE('',(#36,#102,#200,#327,#516,#638,#700,#770,#820,#946
    ,#1044,#1110,#1208,#1270),#1564,.T.);
#36 = FACE_BOUND('',#37,.T.);
#37 = EDGE_LOOP('',(#38,#48,#56,#64,#72,#80,#88,#96));
#38 = ORIENTED_EDGE('',*,*,#39,.F.);
#39 = EDGE_CURVE('',#40,#42,#44,.T.);
#40 = VERTEX_POINT('',#41);
#41 = CARTESIAN_POINT('',(0.539649427748,-1.5291743423E-02,
    0.699999999999));
#42 = VERTEX_POINT('',#43);
#43 = CARTESIAN_POINT('',(0.525612695877,-1.5291743423E-02,
    0.699999999999));
#44 = LINE('',#45,#46);
#45 = CARTESIAN_POINT('',(0.525612695877,-1.5291743423E-02,
    0.699999999999));
#46 = VECTOR('',#47,1.);
#47 = DIRECTION('',(-1.,0.,0.));
#48 = ORIENTED_EDGE('',*,*,#49,.F.);
#49 = EDGE_CURVE('',#50,#40,#52,.T.);
#50 = VERTEX_POINT('',#51);
#51 = CARTESIAN_POINT('',(0.57838041013,-0.116980067639,0.699999999999)
  );
#52 = LINE('',#53,#54);
#53 = CARTESIAN_POINT('',(0.539649427748,-1.5291743423E-02,
    0.699999999999));
#54 = VECTOR('',#55,1.);
#55 = DIRECTION('',(-0.355935724364,0.934510438744,0.));
#56 = ORIENTED_EDGE('',*,*,#57,.F.);
#57 = EDGE_CURVE('',#58,#50,#60,.T.);
#58 = VERTEX_POINT('',#59);
#59 = CARTESIAN_POINT('',(0.563875787198,-0.116980067639,0.699999999999)
  );
#60 = LINE('',#61,#62);
#61 = CARTESIAN_POINT('',(0.57838041013,-0.116980067639,0.699999999999)
  );
#62 = VECTOR('',#63,1.);
#63 = DIRECTION('',(1.,0.,0.));
#64 = ORIENTED_EDGE('',*,*,#65,.F.);
#65 = EDGE_CURVE('',#66,#58,#68,.T.);
#66 = VERTEX_POINT('',#67);
#67 = CARTESIAN_POINT('',(0.553504201982,-8.9166543378E-02,
    0.699999999999));
#68 = LINE('',#69,#70);
#69 = CARTESIAN_POINT('',(0.563875787198,-0.116980067639,0.699999999999)
  );
#70 = VECTOR('',#71,1.);
#71 = DIRECTION('',(0.349395479497,-0.936975345944,0.));
#72 = ORIENTED_EDGE('',*,*,#73,.F.);
#73 = EDGE_CURVE('',#74,#66,#76,.T.);
#74 = VERTEX_POINT('',#75);
#75 = CARTESIAN_POINT('',(0.51116006084,-8.9166543378E-02,0.699999999999
    ));
#76 = LINE('',#77,#78);
#77 = CARTESIAN_POINT('',(0.553504201982,-8.9166543378E-02,
    0.699999999999));
#78 = VECTOR('',#79,1.);
#79 = DIRECTION('',(1.,0.,0.));
#80 = ORIENTED_EDGE('',*,*,#81,.F.);
#81 = EDGE_CURVE('',#82,#74,#84,.T.);
#82 = VERTEX_POINT('',#83);
#83 = CARTESIAN_POINT('',(0.501386336427,-0.116980067639,0.699999999999)
  );
#84 = LINE('',#85,#86);
#85 = CARTESIAN_POINT('',(0.51116006084,-8.9166543378E-02,0.699999999999
    ));
#86 = VECTOR('',#87,1.);
#87 = DIRECTION('',(0.331528418357,0.94344523308,0.));
#88 = ORIENTED_EDGE('',*,*,#89,.F.);
#89 = EDGE_CURVE('',#90,#82,#92,.T.);
#90 = VERTEX_POINT('',#91);
#91 = CARTESIAN_POINT('',(0.486881713494,-0.116980067639,0.699999999999)
  );
#92 = LINE('',#93,#94);
#93 = CARTESIAN_POINT('',(0.501386336427,-0.116980067639,0.699999999999)
  );
#94 = VECTOR('',#95,1.);
#95 = DIRECTION('',(1.,0.,0.));
#96 = ORIENTED_EDGE('',*,*,#97,.F.);
#97 = EDGE_CURVE('',#42,#90,#98,.T.);
#98 = LINE('',#99,#100);
#99 = CARTESIAN_POINT('',(0.486881713494,-0.116980067639,0.699999999999)
  );
#100 = VECTOR('',#101,1.);
#101 = DIRECTION('',(-0.355935724369,-0.934510438742,0.));
#102 = FACE_BOUND('',#103,.T.);
#103 = EDGE_LOOP('',(#104,#114,#122,#130,#138,#146,#154,#162,#170,#178,
    #186,#194));
#104 = ORIENTED_EDGE('',*,*,#105,.F.);
#105 = EDGE_CURVE('',#106,#108,#110,.T.);
#106 = VERTEX_POINT('',#107);
#107 = CARTESIAN_POINT('',(0.379240775208,-0.105386766872,0.699999999999
    ));
#108 = VERTEX_POINT('',#109);
#109 = CARTESIAN_POINT('',(0.337676452503,-0.105386766872,0.699999999999
    ));
#110 = LINE('',#111,#112);
#111 = CARTESIAN_POINT('',(0.337676452503,-0.105386766872,0.699999999999
    ));
#112 = VECTOR('',#113,1.);
#113 = DIRECTION('',(-1.,0.,0.));
#114 = ORIENTED_EDGE('',*,*,#115,.F.);
#115 = EDGE_CURVE('',#116,#106,#118,.T.);
#116 = VERTEX_POINT('',#117);
#117 = CARTESIAN_POINT('',(0.379240775208,-0.116980067639,0.699999999999
    ));
#118 = LINE('',#119,#120);
#119 = CARTESIAN_POINT('',(0.379240775208,-0.105386766872,0.699999999999
    ));
#120 = VECTOR('',#121,1.);
#121 = DIRECTION('',(0.,1.,0.));
#122 = ORIENTED_EDGE('',*,*,#123,.F.);
#123 = EDGE_CURVE('',#124,#116,#126,.T.);
#124 = VERTEX_POINT('',#125);
#125 = CARTESIAN_POINT('',(0.32454950881,-0.116980067639,0.699999999999)
  );
#126 = LINE('',#127,#128);
#127 = CARTESIAN_POINT('',(0.379240775208,-0.116980067639,0.699999999999
    ));
#128 = VECTOR('',#129,1.);
#129 = DIRECTION('',(1.,0.,0.));
#130 = ORIENTED_EDGE('',*,*,#131,.F.);
#131 = EDGE_CURVE('',#132,#124,#134,.T.);
#132 = VERTEX_POINT('',#133);
#133 = CARTESIAN_POINT('',(0.32454950881,-1.5291743423E-02,
    0.699999999999));
#134 = LINE('',#135,#136);
#135 = CARTESIAN_POINT('',(0.32454950881,-0.116980067639,0.699999999999)
  );
#136 = VECTOR('',#137,1.);
#137 = DIRECTION('',(0.,-1.,0.));
#138 = ORIENTED_EDGE('',*,*,#139,.F.);
#139 = EDGE_CURVE('',#140,#132,#142,.T.);
#140 = VERTEX_POINT('',#141);
#141 = CARTESIAN_POINT('',(0.376927313844,-1.5291743423E-02,
    0.699999999999));
#142 = LINE('',#143,#144);
#143 = CARTESIAN_POINT('',(0.32454950881,-1.5291743423E-02,
    0.699999999999));
#144 = VECTOR('',#145,1.);
#145 = DIRECTION('',(-1.,0.,0.));
#146 = ORIENTED_EDGE('',*,*,#147,.F.);
#147 = EDGE_CURVE('',#148,#140,#150,.T.);
#148 = VERTEX_POINT('',#149);
#149 = CARTESIAN_POINT('',(0.376927313844,-2.6989019982E-02,
    0.699999999999));
#150 = LINE('',#151,#152);
#151 = CARTESIAN_POINT('',(0.376927313844,-1.5291743423E-02,
    0.699999999999));
#152 = VECTOR('',#153,1.);
#153 = DIRECTION('',(0.,1.,0.));
#154 = ORIENTED_EDGE('',*,*,#155,.F.);
#155 = EDGE_CURVE('',#156,#148,#158,.T.);
#156 = VERTEX_POINT('',#157);
#157 = CARTESIAN_POINT('',(0.337676452503,-2.6989019982E-02,
    0.699999999999));
#158 = LINE('',#159,#160);
#159 = CARTESIAN_POINT('',(0.376927313844,-2.6989019982E-02,
    0.699999999999));
#160 = VECTOR('',#161,1.);
#161 = DIRECTION('',(1.,0.,0.));
#162 = ORIENTED_EDGE('',*,*,#163,.F.);
#163 = EDGE_CURVE('',#164,#156,#166,.T.);
#164 = VERTEX_POINT('',#165);
#165 = CARTESIAN_POINT('',(0.337676452503,-5.9533442763E-02,
    0.699999999999));
#166 = LINE('',#167,#168);
#167 = CARTESIAN_POINT('',(0.337676452503,-2.6989019982E-02,
    0.699999999999));
#168 = VECTOR('',#169,1.);
#169 = DIRECTION('',(0.,1.,0.));
#170 = ORIENTED_EDGE('',*,*,#171,.F.);
#171 = EDGE_CURVE('',#172,#164,#174,.T.);
#172 = VERTEX_POINT('',#173);
#173 = CARTESIAN_POINT('',(0.374041985626,-5.9533442763E-02,
    0.699999999999));
#174 = LINE('',#175,#176);
#175 = CARTESIAN_POINT('',(0.337676452503,-5.9533442763E-02,
    0.699999999999));
#176 = VECTOR('',#177,1.);
#177 = DIRECTION('',(-1.,0.,0.));
#178 = ORIENTED_EDGE('',*,*,#179,.F.);
#179 = EDGE_CURVE('',#180,#172,#182,.T.);
#180 = VERTEX_POINT('',#181);
#181 = CARTESIAN_POINT('',(0.374041985626,-7.1178731426E-02,
    0.699999999999));
#182 = LINE('',#183,#184);
#183 = CARTESIAN_POINT('',(0.374041985626,-5.9533442763E-02,
    0.699999999999));
#184 = VECTOR('',#185,1.);
#185 = DIRECTION('',(0.,1.,0.));
#186 = ORIENTED_EDGE('',*,*,#187,.F.);
#187 = EDGE_CURVE('',#188,#180,#190,.T.);
#188 = VERTEX_POINT('',#189);
#189 = CARTESIAN_POINT('',(0.337676452503,-7.1178731426E-02,
    0.699999999999));
#190 = LINE('',#191,#192);
#191 = CARTESIAN_POINT('',(0.374041985626,-7.1178731426E-02,
    0.699999999999));
#192 = VECTOR('',#193,1.);
#193 = DIRECTION('',(1.,0.,0.));
#194 = ORIENTED_EDGE('',*,*,#195,.F.);
#195 = EDGE_CURVE('',#108,#188,#196,.T.);
#196 = LINE('',#197,#198);
#197 = CARTESIAN_POINT('',(0.337676452503,-7.1178731426E-02,
    0.699999999999));
#198 = VECTOR('',#199,1.);
#199 = DIRECTION('',(0.,1.,0.));
#200 = FACE_BOUND('',#201,.T.);
#201 = EDGE_LOOP('',(#202,#212,#220,#228,#237,#246,#254,#263,#272,#280,
    #288,#296,#304,#312,#320));
#202 = ORIENTED_EDGE('',*,*,#203,.F.);
#203 = EDGE_CURVE('',#204,#206,#208,.T.);
#204 = VERTEX_POINT('',#205);
#205 = CARTESIAN_POINT('',(0.297619778777,-4.4352977185E-02,
    0.699999999999));
#206 = VERTEX_POINT('',#207);
#207 = CARTESIAN_POINT('',(0.277786396523,-9.9044243583E-02,
    0.699999999999));
#208 = LINE('',#209,#210);
#209 = CARTESIAN_POINT('',(0.277786396523,-9.9044243583E-02,
    0.699999999999));
#210 = VECTOR('',#211,1.);
#211 = DIRECTION('',(-0.340917796218,-0.9400931104,0.));
#212 = ORIENTED_EDGE('',*,*,#213,.F.);
#213 = EDGE_CURVE('',#214,#204,#216,.T.);
#214 = VERTEX_POINT('',#215);
#215 = CARTESIAN_POINT('',(0.310824704314,-4.4352977185E-02,
    0.699999999999));
#216 = LINE('',#217,#218);
#217 = CARTESIAN_POINT('',(0.297619778777,-4.4352977185E-02,
    0.699999999999));
#218 = VECTOR('',#219,1.);
#219 = DIRECTION('',(-1.,0.,0.));
#220 = ORIENTED_EDGE('',*,*,#221,.F.);
#221 = EDGE_CURVE('',#222,#214,#224,.T.);
#222 = VERTEX_POINT('',#223);
#223 = CARTESIAN_POINT('',(0.277864378367,-0.127949513656,0.699999999999
    ));
#224 = LINE('',#225,#226);
#225 = CARTESIAN_POINT('',(0.310824704314,-4.4352977185E-02,
    0.699999999999));
#226 = VECTOR('',#227,1.);
#227 = DIRECTION('',(0.36679767895,0.930300737781,0.));
#228 = ORIENTED_EDGE('',*,*,#229,.F.);
#229 = EDGE_CURVE('',#230,#222,#232,.T.);
#230 = VERTEX_POINT('',#231);
#231 = CARTESIAN_POINT('',(0.251948412303,-0.151188103086,0.699999999999
    ));
#232 = B_SPLINE_CURVE_WITH_KNOTS('',3,(#233,#234,#235,#236),
  .UNSPECIFIED.,.F.,.F.,(4,4),(1.,2.),.PIECEWISE_BEZIER_KNOTS.);
#233 = CARTESIAN_POINT('',(0.251948412303,-0.151188103086,0.699999999999
    ));
#234 = CARTESIAN_POINT('',(0.263099815955,-0.151188103086,0.699999999999
    ));
#235 = CARTESIAN_POINT('',(0.271729806661,-0.14344190661,0.699999999999)
  );
#236 = CARTESIAN_POINT('',(0.277864378367,-0.127949513656,0.699999999999
    ));
#237 = ORIENTED_EDGE('',*,*,#238,.F.);
#238 = EDGE_CURVE('',#239,#230,#241,.T.);
#239 = VERTEX_POINT('',#240);
#240 = CARTESIAN_POINT('',(0.243734324764,-0.15014834517,0.699999999999)
  );
#241 = B_SPLINE_CURVE_WITH_KNOTS('',3,(#242,#243,#244,#245),
  .UNSPECIFIED.,.F.,.F.,(4,4),(2.,3.),.PIECEWISE_BEZIER_KNOTS.);
#242 = CARTESIAN_POINT('',(0.243734324764,-0.15014834517,0.699999999999)
  );
#243 = CARTESIAN_POINT('',(0.245995798232,-0.150824187815,0.699999999999
    ));
#244 = CARTESIAN_POINT('',(0.24875115671,-0.151188103086,0.699999999999)
  );
#245 = CARTESIAN_POINT('',(0.251948412303,-0.151188103086,0.699999999999
    ));
#246 = ORIENTED_EDGE('',*,*,#247,.F.);
#247 = EDGE_CURVE('',#248,#239,#250,.T.);
#248 = VERTEX_POINT('',#249);
#249 = CARTESIAN_POINT('',(0.243734324764,-0.138814983882,0.699999999999
    ));
#250 = LINE('',#251,#252);
#251 = CARTESIAN_POINT('',(0.243734324764,-0.15014834517,0.699999999999)
  );
#252 = VECTOR('',#253,1.);
#253 = DIRECTION('',(0.,-1.,0.));
#254 = ORIENTED_EDGE('',*,*,#255,.F.);
#255 = EDGE_CURVE('',#256,#248,#258,.T.);
#256 = VERTEX_POINT('',#257);
#257 = CARTESIAN_POINT('',(0.250960642282,-0.140270644965,0.699999999999
    ));
#258 = B_SPLINE_CURVE_WITH_KNOTS('',3,(#259,#260,#261,#262),
  .UNSPECIFIED.,.F.,.F.,(4,4),(4.,5.),.PIECEWISE_BEZIER_KNOTS.);
#259 = CARTESIAN_POINT('',(0.250960642282,-0.140270644965,0.699999999999
    ));
#260 = CARTESIAN_POINT('',(0.24862118697,-0.140270644965,0.699999999999)
  );
#261 = CARTESIAN_POINT('',(0.246229743763,-0.139802753903,0.699999999999
    ));
#262 = CARTESIAN_POINT('',(0.243734324764,-0.138814983882,0.699999999999
    ));
#263 = ORIENTED_EDGE('',*,*,#264,.F.);
#264 = EDGE_CURVE('',#265,#256,#267,.T.);
#265 = VERTEX_POINT('',#266);
#266 = CARTESIAN_POINT('',(0.264009604132,-0.130029029489,0.699999999999
    ));
#267 = B_SPLINE_CURVE_WITH_KNOTS('',3,(#268,#269,#270,#271),
  .UNSPECIFIED.,.F.,.F.,(4,4),(5.,6.),.PIECEWISE_BEZIER_KNOTS.);
#268 = CARTESIAN_POINT('',(0.264009604132,-0.130029029489,0.699999999999
    ));
#269 = CARTESIAN_POINT('',(0.261124275914,-0.136891431737,0.699999999999
    ));
#270 = CARTESIAN_POINT('',(0.256783286614,-0.140270644965,0.699999999999
    ));
#271 = CARTESIAN_POINT('',(0.250960642282,-0.140270644965,0.699999999999
    ));
#272 = ORIENTED_EDGE('',*,*,#273,.F.);
#273 = EDGE_CURVE('',#274,#265,#276,.T.);
#274 = VERTEX_POINT('',#275);
#275 = CARTESIAN_POINT('',(0.269598302932,-0.116824103952,0.699999999999
    ));
#276 = LINE('',#277,#278);
#277 = CARTESIAN_POINT('',(0.264009604132,-0.130029029489,0.699999999999
    ));
#278 = VECTOR('',#279,1.);
#279 = DIRECTION('',(-0.389758265065,-0.920917203017,0.));
#280 = ORIENTED_EDGE('',*,*,#281,.F.);
#281 = EDGE_CURVE('',#282,#274,#284,.T.);
#282 = VERTEX_POINT('',#283);
#283 = CARTESIAN_POINT('',(0.241108936025,-4.4352977185E-02,
    0.699999999999));
#284 = LINE('',#285,#286);
#285 = CARTESIAN_POINT('',(0.269598302932,-0.116824103952,0.699999999999
    ));
#286 = VECTOR('',#287,1.);
#287 = DIRECTION('',(0.365858921669,-0.930670322636,0.));
#288 = ORIENTED_EDGE('',*,*,#289,.F.);
#289 = EDGE_CURVE('',#290,#282,#292,.T.);
#290 = VERTEX_POINT('',#291);
#291 = CARTESIAN_POINT('',(0.255353619479,-4.4352977185E-02,
    0.699999999999));
#292 = LINE('',#293,#294);
#293 = CARTESIAN_POINT('',(0.241108936025,-4.4352977185E-02,
    0.699999999999));
#294 = VECTOR('',#295,1.);
#295 = DIRECTION('',(-1.,0.,0.));
#296 = ORIENTED_EDGE('',*,*,#297,.F.);
#297 = EDGE_CURVE('',#298,#290,#300,.T.);
#298 = VERTEX_POINT('',#299);
#299 = CARTESIAN_POINT('',(0.274329201451,-9.8940267791E-02,
    0.699999999999));
#300 = LINE('',#301,#302);
#301 = CARTESIAN_POINT('',(0.255353619479,-4.4352977185E-02,
    0.699999999999));
#302 = VECTOR('',#303,1.);
#303 = DIRECTION('',(-0.328346164812,0.94455746043,0.));
#304 = ORIENTED_EDGE('',*,*,#305,.F.);
#305 = EDGE_CURVE('',#306,#298,#308,.T.);
#306 = VERTEX_POINT('',#307);
#307 = CARTESIAN_POINT('',(0.275888838326,-0.10491887581,0.699999999999)
  );
#308 = LINE('',#309,#310);
#309 = CARTESIAN_POINT('',(0.274329201451,-9.8940267791E-02,
    0.699999999999));
#310 = VECTOR('',#311,1.);
#311 = DIRECTION('',(-0.252421897187,0.967617272386,0.));
#312 = ORIENTED_EDGE('',*,*,#313,.F.);
#313 = EDGE_CURVE('',#314,#306,#316,.T.);
#314 = VERTEX_POINT('',#315);
#315 = CARTESIAN_POINT('',(0.276226759648,-0.10491887581,0.699999999999)
  );
#316 = LINE('',#317,#318);
#317 = CARTESIAN_POINT('',(0.275888838326,-0.10491887581,0.699999999999)
  );
#318 = VECTOR('',#319,1.);
#319 = DIRECTION('',(-1.,0.,0.));
#320 = ORIENTED_EDGE('',*,*,#321,.F.);
#321 = EDGE_CURVE('',#206,#314,#322,.T.);
#322 = B_SPLINE_CURVE_WITH_KNOTS('',3,(#323,#324,#325,#326),
  .UNSPECIFIED.,.F.,.F.,(4,4),(12.,13.),.PIECEWISE_BEZIER_KNOTS.);
#323 = CARTESIAN_POINT('',(0.277786396523,-9.9044243583E-02,
    0.699999999999));
#324 = CARTESIAN_POINT('',(0.277006578086,-0.101591650478,0.699999999999
    ));
#325 = CARTESIAN_POINT('',(0.276486699127,-0.103567190519,0.699999999999
    ));
#326 = CARTESIAN_POINT('',(0.276226759648,-0.10491887581,0.699999999999)
  );
#327 = FACE_BOUND('',#328,.T.);
#328 = EDGE_LOOP('',(#329,#339,#348,#357,#366,#375,#384,#393,#402,#411,
    #420,#428,#437,#446,#455,#464,#473,#482,#491,#500,#509));
#329 = ORIENTED_EDGE('',*,*,#330,.F.);
#330 = EDGE_CURVE('',#331,#333,#335,.T.);
#331 = VERTEX_POINT('',#332);
#332 = CARTESIAN_POINT('',(0.185429899606,-0.101279723103,0.699999999999
    ));
#333 = VERTEX_POINT('',#334);
#334 = CARTESIAN_POINT('',(0.185429899606,-0.114432660744,0.699999999999
    ));
#335 = LINE('',#336,#337);
#336 = CARTESIAN_POINT('',(0.185429899606,-0.114432660744,0.699999999999
    ));
#337 = VECTOR('',#338,1.);
#338 = DIRECTION('',(0.,-1.,0.));
#339 = ORIENTED_EDGE('',*,*,#340,.F.);
#340 = EDGE_CURVE('',#341,#331,#343,.T.);
#341 = VERTEX_POINT('',#342);
#342 = CARTESIAN_POINT('',(0.20638102162,-0.108298089038,0.699999999999)
  );
#343 = B_SPLINE_CURVE_WITH_KNOTS('',3,(#344,#345,#346,#347),
  .UNSPECIFIED.,.F.,.F.,(4,4),(0.,1.),.PIECEWISE_BEZIER_KNOTS.);
#344 = CARTESIAN_POINT('',(0.20638102162,-0.108298089038,0.699999999999)
  );
#345 = CARTESIAN_POINT('',(0.198894764622,-0.108298089038,0.699999999999
    ));
#346 = CARTESIAN_POINT('',(0.191928386583,-0.105958633726,0.699999999999
    ));
#347 = CARTESIAN_POINT('',(0.185429899606,-0.101279723103,0.699999999999
    ));
#348 = ORIENTED_EDGE('',*,*,#349,.F.);
#349 = EDGE_CURVE('',#350,#341,#352,.T.);
#350 = VERTEX_POINT('',#351);
#351 = CARTESIAN_POINT('',(0.221405523511,-9.8472376729E-02,
    0.699999999999));
#352 = B_SPLINE_CURVE_WITH_KNOTS('',3,(#353,#354,#355,#356),
  .UNSPECIFIED.,.F.,.F.,(4,4),(1.,2.),.PIECEWISE_BEZIER_KNOTS.);
#353 = CARTESIAN_POINT('',(0.221405523511,-9.8472376729E-02,
    0.699999999999));
#354 = CARTESIAN_POINT('',(0.221405523511,-0.105022851602,0.699999999999
    ));
#355 = CARTESIAN_POINT('',(0.216388691565,-0.108298089038,0.699999999999
    ));
#356 = CARTESIAN_POINT('',(0.20638102162,-0.108298089038,0.699999999999)
  );
#357 = ORIENTED_EDGE('',*,*,#358,.F.);
#358 = EDGE_CURVE('',#359,#350,#361,.T.);
#359 = VERTEX_POINT('',#360);
#360 = CARTESIAN_POINT('',(0.218130286074,-9.1557986586E-02,
    0.699999999999));
#361 = B_SPLINE_CURVE_WITH_KNOTS('',3,(#362,#363,#364,#365),
  .UNSPECIFIED.,.F.,.F.,(4,4),(2.,3.),.PIECEWISE_BEZIER_KNOTS.);
#362 = CARTESIAN_POINT('',(0.218130286074,-9.1557986586E-02,
    0.699999999999));
#363 = CARTESIAN_POINT('',(0.220313777699,-9.3377562939E-02,
    0.699999999999));
#364 = CARTESIAN_POINT('',(0.221405523511,-9.5665030355E-02,
    0.699999999999));
#365 = CARTESIAN_POINT('',(0.221405523511,-9.8472376729E-02,
    0.699999999999));
#366 = ORIENTED_EDGE('',*,*,#367,.F.);
#367 = EDGE_CURVE('',#368,#359,#370,.T.);
#368 = VERTEX_POINT('',#369);
#369 = CARTESIAN_POINT('',(0.204795390798,-8.5059499608E-02,
    0.699999999999));
#370 = B_SPLINE_CURVE_WITH_KNOTS('',3,(#371,#372,#373,#374),
  .UNSPECIFIED.,.F.,.F.,(4,4),(3.,4.),.PIECEWISE_BEZIER_KNOTS.);
#371 = CARTESIAN_POINT('',(0.204795390798,-8.5059499608E-02,
    0.699999999999));
#372 = CARTESIAN_POINT('',(0.211501829358,-8.7554918608E-02,
    0.699999999999));
#373 = CARTESIAN_POINT('',(0.21594679445,-8.9738410232E-02,
    0.699999999999));
#374 = CARTESIAN_POINT('',(0.218130286074,-9.1557986586E-02,
    0.699999999999));
#375 = ORIENTED_EDGE('',*,*,#376,.F.);
#376 = EDGE_CURVE('',#377,#368,#379,.T.);
#377 = VERTEX_POINT('',#378);
#378 = CARTESIAN_POINT('',(0.189121040209,-7.5441738882E-02,
    0.699999999999));
#379 = B_SPLINE_CURVE_WITH_KNOTS('',3,(#380,#381,#382,#383),
  .UNSPECIFIED.,.F.,.F.,(4,4),(4.,5.),.PIECEWISE_BEZIER_KNOTS.);
#380 = CARTESIAN_POINT('',(0.189121040209,-7.5441738882E-02,
    0.699999999999));
#381 = CARTESIAN_POINT('',(0.191512483417,-7.8613000527E-02,
    0.699999999999));
#382 = CARTESIAN_POINT('',(0.196763260894,-8.1836250068E-02,
    0.699999999999));
#383 = CARTESIAN_POINT('',(0.204795390798,-8.5059499608E-02,
    0.699999999999));
#384 = ORIENTED_EDGE('',*,*,#385,.F.);
#385 = EDGE_CURVE('',#386,#377,#388,.T.);
#386 = VERTEX_POINT('',#387);
#387 = CARTESIAN_POINT('',(0.18550788145,-6.3952413907E-02,
    0.699999999999));
#388 = B_SPLINE_CURVE_WITH_KNOTS('',3,(#389,#390,#391,#392),
  .UNSPECIFIED.,.F.,.F.,(4,4),(5.,6.),.PIECEWISE_BEZIER_KNOTS.);
#389 = CARTESIAN_POINT('',(0.18550788145,-6.3952413907E-02,
    0.699999999999));
#390 = CARTESIAN_POINT('',(0.18550788145,-6.8423372948E-02,
    0.699999999999));
#391 = CARTESIAN_POINT('',(0.186703603054,-7.2270477238E-02,
    0.699999999999));
#392 = CARTESIAN_POINT('',(0.189121040209,-7.5441738882E-02,
    0.699999999999));
#393 = ORIENTED_EDGE('',*,*,#394,.F.);
#394 = EDGE_CURVE('',#395,#386,#397,.T.);
#395 = VERTEX_POINT('',#396);
#396 = CARTESIAN_POINT('',(0.193669981093,-4.8460020954E-02,
    0.699999999999));
#397 = B_SPLINE_CURVE_WITH_KNOTS('',3,(#398,#399,#400,#401),
  .UNSPECIFIED.,.F.,.F.,(4,4),(6.,7.),.PIECEWISE_BEZIER_KNOTS.);
#398 = CARTESIAN_POINT('',(0.193669981093,-4.8460020954E-02,
    0.699999999999));
#399 = CARTESIAN_POINT('',(0.18823724598,-5.235911314E-02,0.699999999999
    ));
#400 = CARTESIAN_POINT('',(0.18550788145,-5.7505914826E-02,
    0.699999999999));
#401 = CARTESIAN_POINT('',(0.18550788145,-6.3952413907E-02,
    0.699999999999));
#402 = ORIENTED_EDGE('',*,*,#403,.F.);
#403 = EDGE_CURVE('',#404,#395,#406,.T.);
#404 = VERTEX_POINT('',#405);
#405 = CARTESIAN_POINT('',(0.213789296774,-4.2689364518E-02,
    0.699999999999));
#406 = B_SPLINE_CURVE_WITH_KNOTS('',3,(#407,#408,#409,#410),
  .UNSPECIFIED.,.F.,.F.,(4,4),(7.,8.),.PIECEWISE_BEZIER_KNOTS.);
#407 = CARTESIAN_POINT('',(0.213789296774,-4.2689364518E-02,
    0.699999999999));
#408 = CARTESIAN_POINT('',(0.205835148714,-4.2689364518E-02,
    0.699999999999));
#409 = CARTESIAN_POINT('',(0.199128710154,-4.4612916663E-02,
    0.699999999999));
#410 = CARTESIAN_POINT('',(0.193669981093,-4.8460020954E-02,
    0.699999999999));
#411 = ORIENTED_EDGE('',*,*,#412,.F.);
#412 = EDGE_CURVE('',#413,#404,#415,.T.);
#413 = VERTEX_POINT('',#414);
#414 = CARTESIAN_POINT('',(0.230997290289,-4.5912614059E-02,
    0.699999999999));
#415 = B_SPLINE_CURVE_WITH_KNOTS('',3,(#416,#417,#418,#419),
  .UNSPECIFIED.,.F.,.F.,(4,4),(8.,9.),.PIECEWISE_BEZIER_KNOTS.);
#416 = CARTESIAN_POINT('',(0.230997290289,-4.5912614059E-02,
    0.699999999999));
#417 = CARTESIAN_POINT('',(0.225694524915,-4.3729122435E-02,
    0.699999999999));
#418 = CARTESIAN_POINT('',(0.219975856376,-4.2689364518E-02,
    0.699999999999));
#419 = CARTESIAN_POINT('',(0.213789296774,-4.2689364518E-02,
    0.699999999999));
#420 = ORIENTED_EDGE('',*,*,#421,.F.);
#421 = EDGE_CURVE('',#422,#413,#424,.T.);
#422 = VERTEX_POINT('',#423);
#423 = CARTESIAN_POINT('',(0.230997290289,-5.8285733263E-02,
    0.699999999999));
#424 = LINE('',#425,#426);
#425 = CARTESIAN_POINT('',(0.230997290289,-4.5912614059E-02,
    0.699999999999));
#426 = VECTOR('',#427,1.);
#427 = DIRECTION('',(0.,1.,0.));
#428 = ORIENTED_EDGE('',*,*,#429,.F.);
#429 = EDGE_CURVE('',#430,#422,#432,.T.);
#430 = VERTEX_POINT('',#431);
#431 = CARTESIAN_POINT('',(0.212541587274,-5.3034955786E-02,
    0.699999999999));
#432 = B_SPLINE_CURVE_WITH_KNOTS('',3,(#433,#434,#435,#436),
  .UNSPECIFIED.,.F.,.F.,(4,4),(10.,11.),.PIECEWISE_BEZIER_KNOTS.);
#433 = CARTESIAN_POINT('',(0.212541587274,-5.3034955786E-02,
    0.699999999999));
#434 = CARTESIAN_POINT('',(0.21942998347,-5.3034955786E-02,
    0.699999999999));
#435 = CARTESIAN_POINT('',(0.225564555176,-5.4802544243E-02,
    0.699999999999));
#436 = CARTESIAN_POINT('',(0.230997290289,-5.8285733263E-02,
    0.699999999999));
#437 = ORIENTED_EDGE('',*,*,#438,.F.);
#438 = EDGE_CURVE('',#439,#430,#441,.T.);
#439 = VERTEX_POINT('',#440);
#440 = CARTESIAN_POINT('',(0.202507923382,-5.5738326369E-02,
    0.699999999999));
#441 = B_SPLINE_CURVE_WITH_KNOTS('',3,(#442,#443,#444,#445),
  .UNSPECIFIED.,.F.,.F.,(4,4),(11.,12.),.PIECEWISE_BEZIER_KNOTS.);
#442 = CARTESIAN_POINT('',(0.202507923382,-5.5738326369E-02,
    0.699999999999));
#443 = CARTESIAN_POINT('',(0.205081324224,-5.3918750015E-02,
    0.699999999999));
#444 = CARTESIAN_POINT('',(0.208434543505,-5.3034955786E-02,
    0.699999999999));
#445 = CARTESIAN_POINT('',(0.212541587274,-5.3034955786E-02,
    0.699999999999));
#446 = ORIENTED_EDGE('',*,*,#447,.F.);
#447 = EDGE_CURVE('',#448,#439,#450,.T.);
#448 = VERTEX_POINT('',#449);
#449 = CARTESIAN_POINT('',(0.198634825143,-6.2808680199E-02,
    0.699999999999));
#450 = B_SPLINE_CURVE_WITH_KNOTS('',3,(#451,#452,#453,#454),
  .UNSPECIFIED.,.F.,.F.,(4,4),(12.,13.),.PIECEWISE_BEZIER_KNOTS.);
#451 = CARTESIAN_POINT('',(0.198634825143,-6.2808680199E-02,
    0.699999999999));
#452 = CARTESIAN_POINT('',(0.198634825143,-5.9897358034E-02,
    0.699999999999));
#453 = CARTESIAN_POINT('',(0.199934522539,-5.7505914826E-02,
    0.699999999999));
#454 = CARTESIAN_POINT('',(0.202507923382,-5.5738326369E-02,
    0.699999999999));
#455 = ORIENTED_EDGE('',*,*,#456,.F.);
#456 = EDGE_CURVE('',#457,#448,#459,.T.);
#457 = VERTEX_POINT('',#458);
#458 = CARTESIAN_POINT('',(0.201416177569,-6.9567106655E-02,
    0.699999999999));
#459 = B_SPLINE_CURVE_WITH_KNOTS('',3,(#460,#461,#462,#463),
  .UNSPECIFIED.,.F.,.F.,(4,4),(13.,14.),.PIECEWISE_BEZIER_KNOTS.);
#460 = CARTESIAN_POINT('',(0.201416177569,-6.9567106655E-02,
    0.699999999999));
#461 = CARTESIAN_POINT('',(0.199570607268,-6.7955481885E-02,
    0.699999999999));
#462 = CARTESIAN_POINT('',(0.198634825143,-6.5720002365E-02,
    0.699999999999));
#463 = CARTESIAN_POINT('',(0.198634825143,-6.2808680199E-02,
    0.699999999999));
#464 = ORIENTED_EDGE('',*,*,#465,.F.);
#465 = EDGE_CURVE('',#466,#457,#468,.T.);
#466 = VERTEX_POINT('',#467);
#467 = CARTESIAN_POINT('',(0.213789296774,-7.5805654153E-02,
    0.699999999999));
#468 = B_SPLINE_CURVE_WITH_KNOTS('',3,(#469,#470,#471,#472),
  .UNSPECIFIED.,.F.,.F.,(4,4),(14.,15.),.PIECEWISE_BEZIER_KNOTS.);
#469 = CARTESIAN_POINT('',(0.213789296774,-7.5805654153E-02,
    0.699999999999));
#470 = CARTESIAN_POINT('',(0.207394785588,-7.3310235154E-02,
    0.699999999999));
#471 = CARTESIAN_POINT('',(0.203287741819,-7.1230719321E-02,
    0.699999999999));
#472 = CARTESIAN_POINT('',(0.201416177569,-6.9567106655E-02,
    0.699999999999));
#473 = ORIENTED_EDGE('',*,*,#474,.F.);
#474 = EDGE_CURVE('',#475,#466,#477,.T.);
#475 = VERTEX_POINT('',#476);
#476 = CARTESIAN_POINT('',(0.230217471851,-8.5215463296E-02,
    0.699999999999));
#477 = B_SPLINE_CURVE_WITH_KNOTS('',3,(#478,#479,#480,#481),
  .UNSPECIFIED.,.F.,.F.,(4,4),(15.,16.),.PIECEWISE_BEZIER_KNOTS.);
#478 = CARTESIAN_POINT('',(0.230217471851,-8.5215463296E-02,
    0.699999999999));
#479 = CARTESIAN_POINT('',(0.227358137582,-8.1992213755E-02,
    0.699999999999));
#480 = CARTESIAN_POINT('',(0.221899408521,-7.8820952111E-02,
    0.699999999999));
#481 = CARTESIAN_POINT('',(0.213789296774,-7.5805654153E-02,
    0.699999999999));
#482 = ORIENTED_EDGE('',*,*,#483,.F.);
#483 = EDGE_CURVE('',#484,#475,#486,.T.);
#484 = VERTEX_POINT('',#485);
#485 = CARTESIAN_POINT('',(0.234480479308,-9.7224667229E-02,
    0.699999999999));
#486 = B_SPLINE_CURVE_WITH_KNOTS('',3,(#487,#488,#489,#490),
  .UNSPECIFIED.,.F.,.F.,(4,4),(16.,17.),.PIECEWISE_BEZIER_KNOTS.);
#487 = CARTESIAN_POINT('',(0.234480479308,-9.7224667229E-02,
    0.699999999999));
#488 = CARTESIAN_POINT('',(0.234480479308,-9.2441780814E-02,
    0.699999999999));
#489 = CARTESIAN_POINT('',(0.233050812173,-8.8438712836E-02,
    0.699999999999));
#490 = CARTESIAN_POINT('',(0.230217471851,-8.5215463296E-02,
    0.699999999999));
#491 = ORIENTED_EDGE('',*,*,#492,.F.);
#492 = EDGE_CURVE('',#493,#484,#495,.T.);
#493 = VERTEX_POINT('',#494);
#494 = CARTESIAN_POINT('',(0.226292385717,-0.112925011766,0.699999999999
    ));
#495 = B_SPLINE_CURVE_WITH_KNOTS('',3,(#496,#497,#498,#499),
  .UNSPECIFIED.,.F.,.F.,(4,4),(17.,18.),.PIECEWISE_BEZIER_KNOTS.);
#496 = CARTESIAN_POINT('',(0.226292385717,-0.112925011766,0.699999999999
    ));
#497 = CARTESIAN_POINT('',(0.231751114778,-0.109129895371,0.699999999999
    ));
#498 = CARTESIAN_POINT('',(0.234480479308,-0.103879117894,0.699999999999
    ));
#499 = CARTESIAN_POINT('',(0.234480479308,-9.7224667229E-02,
    0.699999999999));
#500 = ORIENTED_EDGE('',*,*,#501,.F.);
#501 = EDGE_CURVE('',#502,#493,#504,.T.);
#502 = VERTEX_POINT('',#503);
#503 = CARTESIAN_POINT('',(0.20513331212,-0.118695668201,0.699999999999)
  );
#504 = B_SPLINE_CURVE_WITH_KNOTS('',3,(#505,#506,#507,#508),
  .UNSPECIFIED.,.F.,.F.,(4,4),(18.,19.),.PIECEWISE_BEZIER_KNOTS.);
#505 = CARTESIAN_POINT('',(0.20513331212,-0.118695668201,0.699999999999)
  );
#506 = CARTESIAN_POINT('',(0.213789296774,-0.118695668201,0.699999999999
    ));
#507 = CARTESIAN_POINT('',(0.220859650604,-0.116772116056,0.699999999999
    ));
#508 = CARTESIAN_POINT('',(0.226292385717,-0.112925011766,0.699999999999
    ));
#509 = ORIENTED_EDGE('',*,*,#510,.F.);
#510 = EDGE_CURVE('',#333,#502,#511,.T.);
#511 = B_SPLINE_CURVE_WITH_KNOTS('',3,(#512,#513,#514,#515),
  .UNSPECIFIED.,.F.,.F.,(4,4),(19.,20.),.PIECEWISE_BEZIER_KNOTS.);
#512 = CARTESIAN_POINT('',(0.185429899606,-0.114432660744,0.699999999999
    ));
#513 = CARTESIAN_POINT('',(0.191044592354,-0.117240007119,0.699999999999
    ));
#514 = CARTESIAN_POINT('',(0.197595067227,-0.118695668201,0.699999999999
    ));
#515 = CARTESIAN_POINT('',(0.20513331212,-0.118695668201,0.699999999999)
  );
#516 = FACE_BOUND('',#517,.T.);
#517 = EDGE_LOOP('',(#518,#528,#537,#546,#554,#562,#570,#578,#587,#596,
    #605,#614,#622,#631));
#518 = ORIENTED_EDGE('',*,*,#519,.F.);
#519 = EDGE_CURVE('',#520,#522,#524,.T.);
#520 = VERTEX_POINT('',#521);
#521 = CARTESIAN_POINT('',(0.116909852921,-4.9447790974E-02,
    0.699999999999));
#522 = VERTEX_POINT('',#523);
#523 = CARTESIAN_POINT('',(0.116909852921,-6.1820910179E-02,
    0.699999999999));
#524 = LINE('',#525,#526);
#525 = CARTESIAN_POINT('',(0.116909852921,-6.1820910179E-02,
    0.699999999999));
#526 = VECTOR('',#527,1.);
#527 = DIRECTION('',(0.,-1.,0.));
#528 = ORIENTED_EDGE('',*,*,#529,.F.);
#529 = EDGE_CURVE('',#530,#520,#532,.T.);
#530 = VERTEX_POINT('',#531);
#531 = CARTESIAN_POINT('',(0.141916030808,-4.2689364518E-02,
    0.699999999999));
#532 = B_SPLINE_CURVE_WITH_KNOTS('',3,(#533,#534,#535,#536),
  .UNSPECIFIED.,.F.,.F.,(4,4),(0.,1.),.PIECEWISE_BEZIER_KNOTS.);
#533 = CARTESIAN_POINT('',(0.141916030808,-4.2689364518E-02,
    0.699999999999));
#534 = CARTESIAN_POINT('',(0.13245423377,-4.2689364518E-02,
    0.699999999999));
#535 = CARTESIAN_POINT('',(0.124110176491,-4.4924844039E-02,
    0.699999999999));
#536 = CARTESIAN_POINT('',(0.116909852921,-4.9447790974E-02,
    0.699999999999));
#537 = ORIENTED_EDGE('',*,*,#538,.F.);
#538 = EDGE_CURVE('',#539,#530,#541,.T.);
#539 = VERTEX_POINT('',#540);
#540 = CARTESIAN_POINT('',(0.168169918195,-7.0242949301E-02,
    0.699999999999));
#541 = B_SPLINE_CURVE_WITH_KNOTS('',3,(#542,#543,#544,#545),
  .UNSPECIFIED.,.F.,.F.,(4,4),(1.,2.),.PIECEWISE_BEZIER_KNOTS.);
#542 = CARTESIAN_POINT('',(0.168169918195,-7.0242949301E-02,
    0.699999999999));
#543 = CARTESIAN_POINT('',(0.168169918195,-5.1839234182E-02,
    0.699999999999));
#544 = CARTESIAN_POINT('',(0.15940995775,-4.2689364518E-02,
    0.699999999999));
#545 = CARTESIAN_POINT('',(0.141916030808,-4.2689364518E-02,
    0.699999999999));
#546 = ORIENTED_EDGE('',*,*,#547,.F.);
#547 = EDGE_CURVE('',#548,#539,#550,.T.);
#548 = VERTEX_POINT('',#549);
#549 = CARTESIAN_POINT('',(0.168169918195,-0.116980067639,0.699999999999
    ));
#550 = LINE('',#551,#552);
#551 = CARTESIAN_POINT('',(0.168169918195,-7.0242949301E-02,
    0.699999999999));
#552 = VECTOR('',#553,1.);
#553 = DIRECTION('',(0.,1.,0.));
#554 = ORIENTED_EDGE('',*,*,#555,.F.);
#555 = EDGE_CURVE('',#556,#548,#558,.T.);
#556 = VERTEX_POINT('',#557);
#557 = CARTESIAN_POINT('',(0.15543288372,-0.116980067639,0.699999999999)
  );
#558 = LINE('',#559,#560);
#559 = CARTESIAN_POINT('',(0.168169918195,-0.116980067639,0.699999999999
    ));
#560 = VECTOR('',#561,1.);
#561 = DIRECTION('',(1.,0.,0.));
#562 = ORIENTED_EDGE('',*,*,#563,.F.);
#563 = EDGE_CURVE('',#564,#556,#566,.T.);
#564 = VERTEX_POINT('',#565);
#565 = CARTESIAN_POINT('',(0.15543288372,-0.105750682143,0.699999999999)
  );
#566 = LINE('',#567,#568);
#567 = CARTESIAN_POINT('',(0.15543288372,-0.116980067639,0.699999999999)
  );
#568 = VECTOR('',#569,1.);
#569 = DIRECTION('',(0.,-1.,0.));
#570 = ORIENTED_EDGE('',*,*,#571,.F.);
#571 = EDGE_CURVE('',#572,#564,#574,.T.);
#572 = VERTEX_POINT('',#573);
#573 = CARTESIAN_POINT('',(0.155094962398,-0.105750682143,0.699999999999
    ));
#574 = LINE('',#575,#576);
#575 = CARTESIAN_POINT('',(0.15543288372,-0.105750682143,0.699999999999)
  );
#576 = VECTOR('',#577,1.);
#577 = DIRECTION('',(1.,0.,0.));
#578 = ORIENTED_EDGE('',*,*,#579,.F.);
#579 = EDGE_CURVE('',#580,#572,#582,.T.);
#580 = VERTEX_POINT('',#581);
#581 = CARTESIAN_POINT('',(0.132844142988,-0.118695668201,0.699999999999
    ));
#582 = B_SPLINE_CURVE_WITH_KNOTS('',3,(#583,#584,#585,#586),
  .UNSPECIFIED.,.F.,.F.,(4,4),(6.,7.),.PIECEWISE_BEZIER_KNOTS.);
#583 = CARTESIAN_POINT('',(0.132844142988,-0.118695668201,0.699999999999
    ));
#584 = CARTESIAN_POINT('',(0.14264386135,-0.118695668201,0.699999999999)
  );
#585 = CARTESIAN_POINT('',(0.150078130451,-0.114380672848,0.699999999999
    ));
#586 = CARTESIAN_POINT('',(0.155094962398,-0.105750682143,0.699999999999
    ));
#587 = ORIENTED_EDGE('',*,*,#588,.F.);
#588 = EDGE_CURVE('',#589,#580,#591,.T.);
#589 = VERTEX_POINT('',#590);
#590 = CARTESIAN_POINT('',(0.11605205264,-0.112976999662,0.699999999999)
  );
#591 = B_SPLINE_CURVE_WITH_KNOTS('',3,(#592,#593,#594,#595),
  .UNSPECIFIED.,.F.,.F.,(4,4),(7.,8.),.PIECEWISE_BEZIER_KNOTS.);
#592 = CARTESIAN_POINT('',(0.11605205264,-0.112976999662,0.699999999999)
  );
#593 = CARTESIAN_POINT('',(0.120211084305,-0.116772116056,0.699999999999
    ));
#594 = CARTESIAN_POINT('',(0.125799783105,-0.118695668201,0.699999999999
    ));
#595 = CARTESIAN_POINT('',(0.132844142988,-0.118695668201,0.699999999999
    ));
#596 = ORIENTED_EDGE('',*,*,#597,.F.);
#597 = EDGE_CURVE('',#598,#589,#600,.T.);
#598 = VERTEX_POINT('',#599);
#599 = CARTESIAN_POINT('',(0.109813505142,-9.7536594604E-02,
    0.699999999999));
#600 = B_SPLINE_CURVE_WITH_KNOTS('',3,(#601,#602,#603,#604),
  .UNSPECIFIED.,.F.,.F.,(4,4),(8.,9.),.PIECEWISE_BEZIER_KNOTS.);
#601 = CARTESIAN_POINT('',(0.109813505142,-9.7536594604E-02,
    0.699999999999));
#602 = CARTESIAN_POINT('',(0.109813505142,-0.104035081581,0.699999999999
    ));
#603 = CARTESIAN_POINT('',(0.111893020975,-0.109181883267,0.699999999999
    ));
#604 = CARTESIAN_POINT('',(0.11605205264,-0.112976999662,0.699999999999)
  );
#605 = ORIENTED_EDGE('',*,*,#606,.F.);
#606 = EDGE_CURVE('',#607,#598,#609,.T.);
#607 = VERTEX_POINT('',#608);
#608 = CARTESIAN_POINT('',(0.133909894852,-7.3830114112E-02,
    0.699999999999));
#609 = B_SPLINE_CURVE_WITH_KNOTS('',3,(#610,#611,#612,#613),
  .UNSPECIFIED.,.F.,.F.,(4,4),(9.,10.),.PIECEWISE_BEZIER_KNOTS.);
#610 = CARTESIAN_POINT('',(0.133909894852,-7.3830114112E-02,
    0.699999999999));
#611 = CARTESIAN_POINT('',(0.117845635046,-7.6065593632E-02,
    0.699999999999));
#612 = CARTESIAN_POINT('',(0.109813505142,-8.3967753796E-02,
    0.699999999999));
#613 = CARTESIAN_POINT('',(0.109813505142,-9.7536594604E-02,
    0.699999999999));
#614 = ORIENTED_EDGE('',*,*,#615,.F.);
#615 = EDGE_CURVE('',#616,#607,#618,.T.);
#616 = VERTEX_POINT('',#617);
#617 = CARTESIAN_POINT('',(0.15543288372,-7.0814816155E-02,
    0.699999999999));
#618 = LINE('',#619,#620);
#619 = CARTESIAN_POINT('',(0.133909894852,-7.3830114112E-02,
    0.699999999999));
#620 = VECTOR('',#621,1.);
#621 = DIRECTION('',(-0.990328603988,-0.138741688482,0.));
#622 = ORIENTED_EDGE('',*,*,#623,.F.);
#623 = EDGE_CURVE('',#624,#616,#626,.T.);
#624 = VERTEX_POINT('',#625);
#625 = CARTESIAN_POINT('',(0.140720309205,-5.3034955786E-02,
    0.699999999999));
#626 = B_SPLINE_CURVE_WITH_KNOTS('',3,(#627,#628,#629,#630),
  .UNSPECIFIED.,.F.,.F.,(4,4),(11.,12.),.PIECEWISE_BEZIER_KNOTS.);
#627 = CARTESIAN_POINT('',(0.140720309205,-5.3034955786E-02,
    0.699999999999));
#628 = CARTESIAN_POINT('',(0.150520027566,-5.3034955786E-02,
    0.699999999999));
#629 = CARTESIAN_POINT('',(0.15543288372,-5.8961575909E-02,
    0.699999999999));
#630 = CARTESIAN_POINT('',(0.15543288372,-7.0814816155E-02,
    0.699999999999));
#631 = ORIENTED_EDGE('',*,*,#632,.F.);
#632 = EDGE_CURVE('',#522,#624,#633,.T.);
#633 = B_SPLINE_CURVE_WITH_KNOTS('',3,(#634,#635,#636,#637),
  .UNSPECIFIED.,.F.,.F.,(4,4),(12.,13.),.PIECEWISE_BEZIER_KNOTS.);
#634 = CARTESIAN_POINT('',(0.116909852921,-6.1820910179E-02,
    0.699999999999));
#635 = CARTESIAN_POINT('',(0.124084182543,-5.5998265847E-02,
    0.699999999999));
#636 = CARTESIAN_POINT('',(0.132012336655,-5.3034955786E-02,
    0.699999999999));
#637 = CARTESIAN_POINT('',(0.140720309205,-5.3034955786E-02,
    0.699999999999));
#638 = FACE_BOUND('',#639,.T.);
#639 = EDGE_LOOP('',(#640,#651,#659,#667,#675,#684,#693));
#640 = ORIENTED_EDGE('',*,*,#641,.F.);
#641 = EDGE_CURVE('',#642,#644,#646,.T.);
#642 = VERTEX_POINT('',#643);
#643 = CARTESIAN_POINT('',(0.29907543986,4.4338373076E-02,0.699999999999
    ));
#644 = VERTEX_POINT('',#645);
#645 = CARTESIAN_POINT('',(0.338560246732,5.858305653E-02,0.699999999999
    ));
#646 = B_SPLINE_CURVE_WITH_KNOTS('',3,(#647,#648,#649,#650),
  .UNSPECIFIED.,.F.,.F.,(4,4),(5.,6.),.PIECEWISE_BEZIER_KNOTS.);
#647 = CARTESIAN_POINT('',(0.29907543986,4.4338373076E-02,0.699999999999
    ));
#648 = CARTESIAN_POINT('',(0.315165693614,4.4338373076E-02,
    0.699999999999));
#649 = CARTESIAN_POINT('',(0.328344625204,4.9069271596E-02,
    0.699999999999));
#650 = CARTESIAN_POINT('',(0.338560246732,5.858305653E-02,0.699999999999
    ));
#651 = ORIENTED_EDGE('',*,*,#652,.F.);
#652 = EDGE_CURVE('',#653,#642,#655,.T.);
#653 = VERTEX_POINT('',#654);
#654 = CARTESIAN_POINT('',(0.271105951911,4.4338373076E-02,
    0.699999999999));
#655 = LINE('',#656,#657);
#656 = CARTESIAN_POINT('',(0.29907543986,4.4338373076E-02,0.699999999999
    ));
#657 = VECTOR('',#658,1.);
#658 = DIRECTION('',(1.,0.,0.));
#659 = ORIENTED_EDGE('',*,*,#660,.F.);
#660 = EDGE_CURVE('',#661,#653,#663,.T.);
#661 = VERTEX_POINT('',#662);
#662 = CARTESIAN_POINT('',(0.271105951911,0.146026697292,0.699999999999)
  );
#663 = LINE('',#664,#665);
#664 = CARTESIAN_POINT('',(0.271105951911,4.4338373076E-02,
    0.699999999999));
#665 = VECTOR('',#666,1.);
#666 = DIRECTION('',(0.,-1.,0.));
#667 = ORIENTED_EDGE('',*,*,#668,.F.);
#668 = EDGE_CURVE('',#669,#661,#671,.T.);
#669 = VERTEX_POINT('',#670);
#670 = CARTESIAN_POINT('',(0.300115197776,0.146026697292,0.699999999999)
  );
#671 = LINE('',#672,#673);
#672 = CARTESIAN_POINT('',(0.271105951911,0.146026697292,0.699999999999)
  );
#673 = VECTOR('',#674,1.);
#674 = DIRECTION('',(-1.,0.,0.));
#675 = ORIENTED_EDGE('',*,*,#676,.F.);
#676 = EDGE_CURVE('',#677,#669,#679,.T.);
#677 = VERTEX_POINT('',#678);
#678 = CARTESIAN_POINT('',(0.338560246732,0.132561832276,0.699999999999)
  );
#679 = B_SPLINE_CURVE_WITH_KNOTS('',3,(#680,#681,#682,#683),
  .UNSPECIFIED.,.F.,.F.,(4,4),(2.,3.),.PIECEWISE_BEZIER_KNOTS.);
#680 = CARTESIAN_POINT('',(0.338560246732,0.132561832276,0.699999999999)
  );
#681 = CARTESIAN_POINT('',(0.328344625204,0.141555738252,0.699999999999)
  );
#682 = CARTESIAN_POINT('',(0.315529608885,0.146026697292,0.699999999999)
  );
#683 = CARTESIAN_POINT('',(0.300115197776,0.146026697292,0.699999999999)
  );
#684 = ORIENTED_EDGE('',*,*,#685,.F.);
#685 = EDGE_CURVE('',#686,#677,#688,.T.);
#686 = VERTEX_POINT('',#687);
#687 = CARTESIAN_POINT('',(0.353896675997,9.648223258E-02,0.699999999999
    ));
#688 = B_SPLINE_CURVE_WITH_KNOTS('',3,(#689,#690,#691,#692),
  .UNSPECIFIED.,.F.,.F.,(4,4),(3.,4.),.PIECEWISE_BEZIER_KNOTS.);
#689 = CARTESIAN_POINT('',(0.353896675997,9.648223258E-02,0.699999999999
    ));
#690 = CARTESIAN_POINT('',(0.353896675997,0.111558722366,0.699999999999)
  );
#691 = CARTESIAN_POINT('',(0.34877586826,0.123567926299,0.699999999999)
  );
#692 = CARTESIAN_POINT('',(0.338560246732,0.132561832276,0.699999999999)
  );
#693 = ORIENTED_EDGE('',*,*,#694,.F.);
#694 = EDGE_CURVE('',#644,#686,#695,.T.);
#695 = B_SPLINE_CURVE_WITH_KNOTS('',3,(#696,#697,#698,#699),
  .UNSPECIFIED.,.F.,.F.,(4,4),(4.,5.),.PIECEWISE_BEZIER_KNOTS.);
#696 = CARTESIAN_POINT('',(0.338560246732,5.858305653E-02,0.699999999999
    ));
#697 = CARTESIAN_POINT('',(0.34877586826,6.8096841464E-02,0.699999999999
    ));
#698 = CARTESIAN_POINT('',(0.353896675997,8.0729900148E-02,
    0.699999999999));
#699 = CARTESIAN_POINT('',(0.353896675997,9.648223258E-02,0.699999999999
    ));
#700 = FACE_BOUND('',#701,.T.);
#701 = EDGE_LOOP('',(#702,#713,#721,#730,#738,#747,#755,#764));
#702 = ORIENTED_EDGE('',*,*,#703,.T.);
#703 = EDGE_CURVE('',#704,#706,#708,.T.);
#704 = VERTEX_POINT('',#705);
#705 = CARTESIAN_POINT('',(-1.325,1.044999999999,0.699999999999));
#706 = VERTEX_POINT('',#707);
#707 = CARTESIAN_POINT('',(-1.395,0.974999999999,0.699999999999));
#708 = CIRCLE('',#709,6.9999999999E-02);
#709 = AXIS2_PLACEMENT_3D('',#710,#711,#712);
#710 = CARTESIAN_POINT('',(-1.325,0.974999999999,0.699999999999));
#711 = DIRECTION('',(0.,0.,1.));
#712 = DIRECTION('',(1.,0.,-0.));
#713 = ORIENTED_EDGE('',*,*,#714,.T.);
#714 = EDGE_CURVE('',#706,#715,#717,.T.);
#715 = VERTEX_POINT('',#716);
#716 = CARTESIAN_POINT('',(-1.395,-0.974999999999,0.699999999999));
#717 = LINE('',#718,#719);
#718 = CARTESIAN_POINT('',(-1.395,-0.974999999999,0.699999999999));
#719 = VECTOR('',#720,1.);
#720 = DIRECTION('',(1.11200222819E-16,-1.,0.));
#721 = ORIENTED_EDGE('',*,*,#722,.T.);
#722 = EDGE_CURVE('',#715,#723,#725,.T.);
#723 = VERTEX_POINT('',#724);
#724 = CARTESIAN_POINT('',(-1.325,-1.044999999999,0.699999999999));
#725 = CIRCLE('',#726,6.9999999999E-02);
#726 = AXIS2_PLACEMENT_3D('',#727,#728,#729);
#727 = CARTESIAN_POINT('',(-1.325,-0.974999999999,0.699999999999));
#728 = DIRECTION('',(0.,0.,1.));
#729 = DIRECTION('',(1.,0.,-0.));
#730 = ORIENTED_EDGE('',*,*,#731,.T.);
#731 = EDGE_CURVE('',#723,#732,#734,.T.);
#732 = VERTEX_POINT('',#733);
#733 = CARTESIAN_POINT('',(1.325,-1.044999999999,0.699999999999));
#734 = LINE('',#735,#736);
#735 = CARTESIAN_POINT('',(1.325,-1.044999999999,0.699999999999));
#736 = VECTOR('',#737,1.);
#737 = DIRECTION('',(1.,-8.18265790555E-17,0.));
#738 = ORIENTED_EDGE('',*,*,#739,.T.);
#739 = EDGE_CURVE('',#732,#740,#742,.T.);
#740 = VERTEX_POINT('',#741);
#741 = CARTESIAN_POINT('',(1.395,-0.974999999999,0.699999999999));
#742 = CIRCLE('',#743,6.9999999999E-02);
#743 = AXIS2_PLACEMENT_3D('',#744,#745,#746);
#744 = CARTESIAN_POINT('',(1.325,-0.974999999999,0.699999999999));
#745 = DIRECTION('',(0.,0.,1.));
#746 = DIRECTION('',(1.,0.,-0.));
#747 = ORIENTED_EDGE('',*,*,#748,.T.);
#748 = EDGE_CURVE('',#740,#749,#751,.T.);
#749 = VERTEX_POINT('',#750);
#750 = CARTESIAN_POINT('',(1.395,0.974999999999,0.699999999999));
#751 = LINE('',#752,#753);
#752 = CARTESIAN_POINT('',(1.395,0.974999999999,0.699999999999));
#753 = VECTOR('',#754,1.);
#754 = DIRECTION('',(1.11200222819E-16,1.,0.));
#755 = ORIENTED_EDGE('',*,*,#756,.T.);
#756 = EDGE_CURVE('',#749,#757,#759,.T.);
#757 = VERTEX_POINT('',#758);
#758 = CARTESIAN_POINT('',(1.325,1.044999999999,0.699999999999));
#759 = CIRCLE('',#760,6.9999999999E-02);
#760 = AXIS2_PLACEMENT_3D('',#761,#762,#763);
#761 = CARTESIAN_POINT('',(1.325,0.974999999999,0.699999999999));
#762 = DIRECTION('',(0.,0.,1.));
#763 = DIRECTION('',(1.,0.,-0.));
#764 = ORIENTED_EDGE('',*,*,#765,.T.);
#765 = EDGE_CURVE('',#757,#704,#766,.T.);
#766 = LINE('',#767,#768);
#767 = CARTESIAN_POINT('',(-1.325,1.044999999999,0.699999999999));
#768 = VECTOR('',#769,1.);
#769 = DIRECTION('',(-1.,-8.18265790555E-17,0.));
#770 = FACE_BOUND('',#771,.T.);
#771 = EDGE_LOOP('',(#772,#782,#790,#798,#806,#814));
#772 = ORIENTED_EDGE('',*,*,#773,.F.);
#773 = EDGE_CURVE('',#774,#776,#778,.T.);
#774 = VERTEX_POINT('',#775);
#775 = CARTESIAN_POINT('',(9.6556591709E-02,5.5931673843E-02,
    0.699999999999));
#776 = VERTEX_POINT('',#777);
#777 = CARTESIAN_POINT('',(5.6058020868E-02,5.5931673843E-02,
    0.699999999999));
#778 = LINE('',#779,#780);
#779 = CARTESIAN_POINT('',(5.6058020868E-02,5.5931673843E-02,
    0.699999999999));
#780 = VECTOR('',#781,1.);
#781 = DIRECTION('',(-1.,0.,0.));
#782 = ORIENTED_EDGE('',*,*,#783,.F.);
#783 = EDGE_CURVE('',#784,#774,#786,.T.);
#784 = VERTEX_POINT('',#785);
#785 = CARTESIAN_POINT('',(9.6556591709E-02,4.4338373076E-02,
    0.699999999999));
#786 = LINE('',#787,#788);
#787 = CARTESIAN_POINT('',(9.6556591709E-02,5.5931673843E-02,
    0.699999999999));
#788 = VECTOR('',#789,1.);
#789 = DIRECTION('',(0.,1.,0.));
#790 = ORIENTED_EDGE('',*,*,#791,.F.);
#791 = EDGE_CURVE('',#792,#784,#794,.T.);
#792 = VERTEX_POINT('',#793);
#793 = CARTESIAN_POINT('',(4.2931077175E-02,4.4338373076E-02,
    0.699999999999));
#794 = LINE('',#795,#796);
#795 = CARTESIAN_POINT('',(9.6556591709E-02,4.4338373076E-02,
    0.699999999999));
#796 = VECTOR('',#797,1.);
#797 = DIRECTION('',(1.,0.,0.));
#798 = ORIENTED_EDGE('',*,*,#799,.F.);
#799 = EDGE_CURVE('',#800,#792,#802,.T.);
#800 = VERTEX_POINT('',#801);
#801 = CARTESIAN_POINT('',(4.2931077175E-02,0.146026697292,
    0.699999999999));
#802 = LINE('',#803,#804);
#803 = CARTESIAN_POINT('',(4.2931077175E-02,4.4338373076E-02,
    0.699999999999));
#804 = VECTOR('',#805,1.);
#805 = DIRECTION('',(0.,-1.,0.));
#806 = ORIENTED_EDGE('',*,*,#807,.F.);
#807 = EDGE_CURVE('',#808,#800,#810,.T.);
#808 = VERTEX_POINT('',#809);
#809 = CARTESIAN_POINT('',(5.6058020868E-02,0.146026697292,
    0.699999999999));
#810 = LINE('',#811,#812);
#811 = CARTESIAN_POINT('',(4.2931077175E-02,0.146026697292,
    0.699999999999));
#812 = VECTOR('',#813,1.);
#813 = DIRECTION('',(-1.,0.,0.));
#814 = ORIENTED_EDGE('',*,*,#815,.F.);
#815 = EDGE_CURVE('',#776,#808,#816,.T.);
#816 = LINE('',#817,#818);
#817 = CARTESIAN_POINT('',(5.6058020868E-02,0.146026697292,
    0.699999999999));
#818 = VECTOR('',#819,1.);
#819 = DIRECTION('',(0.,1.,0.));
#820 = FACE_BOUND('',#821,.T.);
#821 = EDGE_LOOP('',(#822,#832,#841,#850,#859,#868,#877,#886,#894,#903,
    #912,#921,#930,#939));
#822 = ORIENTED_EDGE('',*,*,#823,.F.);
#823 = EDGE_CURVE('',#824,#826,#828,.T.);
#824 = VERTEX_POINT('',#825);
#825 = CARTESIAN_POINT('',(0.176851896797,4.8549392637E-02,
    0.699999999999));
#826 = VERTEX_POINT('',#827);
#827 = CARTESIAN_POINT('',(0.176851896797,6.1130463425E-02,
    0.699999999999));
#828 = LINE('',#829,#830);
#829 = CARTESIAN_POINT('',(0.176851896797,6.1130463425E-02,
    0.699999999999));
#830 = VECTOR('',#831,1.);
#831 = DIRECTION('',(0.,1.,0.));
#832 = ORIENTED_EDGE('',*,*,#833,.F.);
#833 = EDGE_CURVE('',#834,#824,#836,.T.);
#834 = VERTEX_POINT('',#835);
#835 = CARTESIAN_POINT('',(0.148700451212,4.2622772514E-02,
    0.699999999999));
#836 = B_SPLINE_CURVE_WITH_KNOTS('',3,(#837,#838,#839,#840),
  .UNSPECIFIED.,.F.,.F.,(4,4),(0.,1.),.PIECEWISE_BEZIER_KNOTS.);
#837 = CARTESIAN_POINT('',(0.148700451212,4.2622772514E-02,
    0.699999999999));
#838 = CARTESIAN_POINT('',(0.159981824604,4.2622772514E-02,
    0.699999999999));
#839 = CARTESIAN_POINT('',(0.169365639799,4.4598312555E-02,
    0.699999999999));
#840 = CARTESIAN_POINT('',(0.176851896797,4.8549392637E-02,
    0.699999999999));
#841 = ORIENTED_EDGE('',*,*,#842,.F.);
#842 = EDGE_CURVE('',#843,#834,#845,.T.);
#843 = VERTEX_POINT('',#844);
#844 = CARTESIAN_POINT('',(0.113764585224,5.6503540697E-02,
    0.699999999999));
#845 = B_SPLINE_CURVE_WITH_KNOTS('',3,(#846,#847,#848,#849),
  .UNSPECIFIED.,.F.,.F.,(4,4),(1.,2.),.PIECEWISE_BEZIER_KNOTS.);
#846 = CARTESIAN_POINT('',(0.113764585224,5.6503540697E-02,
    0.699999999999));
#847 = CARTESIAN_POINT('',(0.122472557773,4.7249695242E-02,
    0.699999999999));
#848 = CARTESIAN_POINT('',(0.134117846436,4.2622772514E-02,
    0.699999999999));
#849 = CARTESIAN_POINT('',(0.148700451212,4.2622772514E-02,
    0.699999999999));
#850 = ORIENTED_EDGE('',*,*,#851,.F.);
#851 = EDGE_CURVE('',#852,#843,#854,.T.);
#852 = VERTEX_POINT('',#853);
#853 = CARTESIAN_POINT('',(0.100715623374,9.3258983039E-02,
    0.699999999999));
#854 = B_SPLINE_CURVE_WITH_KNOTS('',3,(#855,#856,#857,#858),
  .UNSPECIFIED.,.F.,.F.,(4,4),(2.,3.),.PIECEWISE_BEZIER_KNOTS.);
#855 = CARTESIAN_POINT('',(0.100715623374,9.3258983039E-02,
    0.699999999999));
#856 = CARTESIAN_POINT('',(0.100715623374,7.8026529565E-02,
    0.699999999999));
#857 = CARTESIAN_POINT('',(0.105056612675,6.5757386152E-02,
    0.699999999999));
#858 = CARTESIAN_POINT('',(0.113764585224,5.6503540697E-02,
    0.699999999999));
#859 = ORIENTED_EDGE('',*,*,#860,.F.);
#860 = EDGE_CURVE('',#861,#852,#863,.T.);
#861 = VERTEX_POINT('',#862);
#862 = CARTESIAN_POINT('',(0.115402203942,0.132769783859,0.699999999999)
  );
#863 = B_SPLINE_CURVE_WITH_KNOTS('',3,(#864,#865,#866,#867),
  .UNSPECIFIED.,.F.,.F.,(4,4),(3.,4.),.PIECEWISE_BEZIER_KNOTS.);
#864 = CARTESIAN_POINT('',(0.115402203942,0.132769783859,0.699999999999)
  );
#865 = CARTESIAN_POINT('',(0.105602485581,0.122788107862,0.699999999999)
  );
#866 = CARTESIAN_POINT('',(0.100715623374,0.109635170221,0.699999999999)
  );
#867 = CARTESIAN_POINT('',(0.100715623374,9.3258983039E-02,
    0.699999999999));
#868 = ORIENTED_EDGE('',*,*,#869,.F.);
#869 = EDGE_CURVE('',#870,#861,#872,.T.);
#870 = VERTEX_POINT('',#871);
#871 = CARTESIAN_POINT('',(0.152755507086,0.147742297854,0.699999999999)
  );
#872 = B_SPLINE_CURVE_WITH_KNOTS('',3,(#873,#874,#875,#876),
  .UNSPECIFIED.,.F.,.F.,(4,4),(4.,5.),.PIECEWISE_BEZIER_KNOTS.);
#873 = CARTESIAN_POINT('',(0.152755507086,0.147742297854,0.699999999999)
  );
#874 = CARTESIAN_POINT('',(0.137653023351,0.147742297854,0.699999999999)
  );
#875 = CARTESIAN_POINT('',(0.125201922304,0.142751459856,0.699999999999)
  );
#876 = CARTESIAN_POINT('',(0.115402203942,0.132769783859,0.699999999999)
  );
#877 = ORIENTED_EDGE('',*,*,#878,.F.);
#878 = EDGE_CURVE('',#879,#870,#881,.T.);
#879 = VERTEX_POINT('',#880);
#880 = CARTESIAN_POINT('',(0.176851896797,0.143583266189,0.699999999999)
  );
#881 = B_SPLINE_CURVE_WITH_KNOTS('',3,(#882,#883,#884,#885),
  .UNSPECIFIED.,.F.,.F.,(4,4),(5.,6.),.PIECEWISE_BEZIER_KNOTS.);
#882 = CARTESIAN_POINT('',(0.176851896797,0.143583266189,0.699999999999)
  );
#883 = CARTESIAN_POINT('',(0.170509373507,0.146338624667,0.699999999999)
  );
#884 = CARTESIAN_POINT('',(0.162477243603,0.147742297854,0.699999999999)
  );
#885 = CARTESIAN_POINT('',(0.152755507086,0.147742297854,0.699999999999)
  );
#886 = ORIENTED_EDGE('',*,*,#887,.F.);
#887 = EDGE_CURVE('',#888,#879,#890,.T.);
#888 = VERTEX_POINT('',#889);
#889 = CARTESIAN_POINT('',(0.176851896797,0.129858461694,0.699999999999)
  );
#890 = LINE('',#891,#892);
#891 = CARTESIAN_POINT('',(0.176851896797,0.143583266189,0.699999999999)
  );
#892 = VECTOR('',#893,1.);
#893 = DIRECTION('',(0.,1.,0.));
#894 = ORIENTED_EDGE('',*,*,#895,.F.);
#895 = EDGE_CURVE('',#896,#888,#898,.T.);
#896 = VERTEX_POINT('',#897);
#897 = CARTESIAN_POINT('',(0.152885476825,0.135889057608,0.699999999999)
  );
#898 = B_SPLINE_CURVE_WITH_KNOTS('',3,(#899,#900,#901,#902),
  .UNSPECIFIED.,.F.,.F.,(4,4),(7.,8.),.PIECEWISE_BEZIER_KNOTS.);
#899 = CARTESIAN_POINT('',(0.152885476825,0.135889057608,0.699999999999)
  );
#900 = CARTESIAN_POINT('',(0.161593449374,0.135889057608,0.699999999999)
  );
#901 = CARTESIAN_POINT('',(0.169573591382,0.133913517567,0.699999999999)
  );
#902 = CARTESIAN_POINT('',(0.176851896797,0.129858461694,0.699999999999)
  );
#903 = ORIENTED_EDGE('',*,*,#904,.F.);
#904 = EDGE_CURVE('',#905,#896,#907,.T.);
#905 = VERTEX_POINT('',#906);
#906 = CARTESIAN_POINT('',(0.125175928356,0.124607684216,0.699999999999)
  );
#907 = B_SPLINE_CURVE_WITH_KNOTS('',3,(#908,#909,#910,#911),
  .UNSPECIFIED.,.F.,.F.,(4,4),(8.,9.),.PIECEWISE_BEZIER_KNOTS.);
#908 = CARTESIAN_POINT('',(0.125175928356,0.124607684216,0.699999999999)
  );
#909 = CARTESIAN_POINT('',(0.13232426403,0.132145929109,0.699999999999)
  );
#910 = CARTESIAN_POINT('',(0.141552115538,0.135889057608,0.699999999999)
  );
#911 = CARTESIAN_POINT('',(0.152885476825,0.135889057608,0.699999999999)
  );
#912 = ORIENTED_EDGE('',*,*,#913,.F.);
#913 = EDGE_CURVE('',#914,#905,#916,.T.);
#914 = VERTEX_POINT('',#915);
#915 = CARTESIAN_POINT('',(0.114492415766,9.4038801476E-02,
    0.699999999999));
#916 = B_SPLINE_CURVE_WITH_KNOTS('',3,(#917,#918,#919,#920),
  .UNSPECIFIED.,.F.,.F.,(4,4),(9.,10.),.PIECEWISE_BEZIER_KNOTS.);
#917 = CARTESIAN_POINT('',(0.114492415766,9.4038801476E-02,
    0.699999999999));
#918 = CARTESIAN_POINT('',(0.114492415766,0.106827823847,0.699999999999)
  );
#919 = CARTESIAN_POINT('',(0.118053586629,0.117017451427,0.699999999999)
  );
#920 = CARTESIAN_POINT('',(0.125175928356,0.124607684216,0.699999999999)
  );
#921 = ORIENTED_EDGE('',*,*,#922,.F.);
#922 = EDGE_CURVE('',#923,#914,#925,.T.);
#923 = VERTEX_POINT('',#924);
#924 = CARTESIAN_POINT('',(0.124474091762,6.5029555611E-02,
    0.699999999999));
#925 = B_SPLINE_CURVE_WITH_KNOTS('',3,(#926,#927,#928,#929),
  .UNSPECIFIED.,.F.,.F.,(4,4),(10.,11.),.PIECEWISE_BEZIER_KNOTS.);
#926 = CARTESIAN_POINT('',(0.124474091762,6.5029555611E-02,
    0.699999999999));
#927 = CARTESIAN_POINT('',(0.117819641097,7.2203885234E-02,
    0.699999999999));
#928 = CARTESIAN_POINT('',(0.114492415766,8.1873633856E-02,
    0.699999999999));
#929 = CARTESIAN_POINT('',(0.114492415766,9.4038801476E-02,
    0.699999999999));
#930 = ORIENTED_EDGE('',*,*,#931,.F.);
#931 = EDGE_CURVE('',#932,#923,#934,.T.);
#932 = VERTEX_POINT('',#933);
#933 = CARTESIAN_POINT('',(0.150598009409,5.4320049073E-02,
    0.699999999999));
#934 = B_SPLINE_CURVE_WITH_KNOTS('',3,(#935,#936,#937,#938),
  .UNSPECIFIED.,.F.,.F.,(4,4),(11.,12.),.PIECEWISE_BEZIER_KNOTS.);
#935 = CARTESIAN_POINT('',(0.150598009409,5.4320049073E-02,
    0.699999999999));
#936 = CARTESIAN_POINT('',(0.139836514976,5.4320049073E-02,
    0.699999999999));
#937 = CARTESIAN_POINT('',(0.131128542426,5.7907213884E-02,
    0.699999999999));
#938 = CARTESIAN_POINT('',(0.124474091762,6.5029555611E-02,
    0.699999999999));
#939 = ORIENTED_EDGE('',*,*,#940,.F.);
#940 = EDGE_CURVE('',#826,#932,#941,.T.);
#941 = B_SPLINE_CURVE_WITH_KNOTS('',3,(#942,#943,#944,#945),
  .UNSPECIFIED.,.F.,.F.,(4,4),(12.,13.),.PIECEWISE_BEZIER_KNOTS.);
#942 = CARTESIAN_POINT('',(0.176851896797,6.1130463425E-02,
    0.699999999999));
#943 = CARTESIAN_POINT('',(0.169417627695,5.6607516489E-02,
    0.699999999999));
#944 = CARTESIAN_POINT('',(0.16065766725,5.4320049073E-02,0.699999999999
    ));
#945 = CARTESIAN_POINT('',(0.150598009409,5.4320049073E-02,
    0.699999999999));
#946 = FACE_BOUND('',#947,.T.);
#947 = EDGE_LOOP('',(#948,#958,#966,#974,#982,#990,#998,#1006,#1014,
    #1022,#1030,#1038));
#948 = ORIENTED_EDGE('',*,*,#949,.F.);
#949 = EDGE_CURVE('',#950,#952,#954,.T.);
#950 = VERTEX_POINT('',#951);
#951 = CARTESIAN_POINT('',(0.251896424407,5.5931673843E-02,
    0.699999999999));
#952 = VERTEX_POINT('',#953);
#953 = CARTESIAN_POINT('',(0.210332101702,5.5931673843E-02,
    0.699999999999));
#954 = LINE('',#955,#956);
#955 = CARTESIAN_POINT('',(0.210332101702,5.5931673843E-02,
    0.699999999999));
#956 = VECTOR('',#957,1.);
#957 = DIRECTION('',(-1.,0.,0.));
#958 = ORIENTED_EDGE('',*,*,#959,.F.);
#959 = EDGE_CURVE('',#960,#950,#962,.T.);
#960 = VERTEX_POINT('',#961);
#961 = CARTESIAN_POINT('',(0.251896424407,4.4338373076E-02,
    0.699999999999));
#962 = LINE('',#963,#964);
#963 = CARTESIAN_POINT('',(0.251896424407,5.5931673843E-02,
    0.699999999999));
#964 = VECTOR('',#965,1.);
#965 = DIRECTION('',(0.,1.,0.));
#966 = ORIENTED_EDGE('',*,*,#967,.F.);
#967 = EDGE_CURVE('',#968,#960,#970,.T.);
#968 = VERTEX_POINT('',#969);
#969 = CARTESIAN_POINT('',(0.197205158009,4.4338373076E-02,
    0.699999999999));
#970 = LINE('',#971,#972);
#971 = CARTESIAN_POINT('',(0.251896424407,4.4338373076E-02,
    0.699999999999));
#972 = VECTOR('',#973,1.);
#973 = DIRECTION('',(1.,0.,0.));
#974 = ORIENTED_EDGE('',*,*,#975,.F.);
#975 = EDGE_CURVE('',#976,#968,#978,.T.);
#976 = VERTEX_POINT('',#977);
#977 = CARTESIAN_POINT('',(0.197205158009,0.146026697292,0.699999999999)
  );
#978 = LINE('',#979,#980);
#979 = CARTESIAN_POINT('',(0.197205158009,4.4338373076E-02,
    0.699999999999));
#980 = VECTOR('',#981,1.);
#981 = DIRECTION('',(0.,-1.,0.));
#982 = ORIENTED_EDGE('',*,*,#983,.F.);
#983 = EDGE_CURVE('',#984,#976,#986,.T.);
#984 = VERTEX_POINT('',#985);
#985 = CARTESIAN_POINT('',(0.249582963043,0.146026697292,0.699999999999)
  );
#986 = LINE('',#987,#988);
#987 = CARTESIAN_POINT('',(0.197205158009,0.146026697292,0.699999999999)
  );
#988 = VECTOR('',#989,1.);
#989 = DIRECTION('',(-1.,0.,0.));
#990 = ORIENTED_EDGE('',*,*,#991,.F.);
#991 = EDGE_CURVE('',#992,#984,#994,.T.);
#992 = VERTEX_POINT('',#993);
#993 = CARTESIAN_POINT('',(0.249582963043,0.134329420734,0.699999999999)
  );
#994 = LINE('',#995,#996);
#995 = CARTESIAN_POINT('',(0.249582963043,0.146026697292,0.699999999999)
  );
#996 = VECTOR('',#997,1.);
#997 = DIRECTION('',(0.,1.,0.));
#998 = ORIENTED_EDGE('',*,*,#999,.F.);
#999 = EDGE_CURVE('',#1000,#992,#1002,.T.);
#1000 = VERTEX_POINT('',#1001);
#1001 = CARTESIAN_POINT('',(0.210332101702,0.134329420734,0.699999999999
    ));
#1002 = LINE('',#1003,#1004);
#1003 = CARTESIAN_POINT('',(0.249582963043,0.134329420734,0.699999999999
    ));
#1004 = VECTOR('',#1005,1.);
#1005 = DIRECTION('',(1.,0.,0.));
#1006 = ORIENTED_EDGE('',*,*,#1007,.F.);
#1007 = EDGE_CURVE('',#1008,#1000,#1010,.T.);
#1008 = VERTEX_POINT('',#1009);
#1009 = CARTESIAN_POINT('',(0.210332101702,0.101784997953,0.699999999999
    ));
#1010 = LINE('',#1011,#1012);
#1011 = CARTESIAN_POINT('',(0.210332101702,0.134329420734,0.699999999999
    ));
#1012 = VECTOR('',#1013,1.);
#1013 = DIRECTION('',(0.,1.,0.));
#1014 = ORIENTED_EDGE('',*,*,#1015,.F.);
#1015 = EDGE_CURVE('',#1016,#1008,#1018,.T.);
#1016 = VERTEX_POINT('',#1017);
#1017 = CARTESIAN_POINT('',(0.246697634825,0.101784997953,0.699999999999
    ));
#1018 = LINE('',#1019,#1020);
#1019 = CARTESIAN_POINT('',(0.210332101702,0.101784997953,0.699999999999
    ));
#1020 = VECTOR('',#1021,1.);
#1021 = DIRECTION('',(-1.,0.,0.));
#1022 = ORIENTED_EDGE('',*,*,#1023,.F.);
#1023 = EDGE_CURVE('',#1024,#1016,#1026,.T.);
#1024 = VERTEX_POINT('',#1025);
#1025 = CARTESIAN_POINT('',(0.246697634825,9.013970929E-02,
    0.699999999999));
#1026 = LINE('',#1027,#1028);
#1027 = CARTESIAN_POINT('',(0.246697634825,0.101784997953,0.699999999999
    ));
#1028 = VECTOR('',#1029,1.);
#1029 = DIRECTION('',(0.,1.,0.));
#1030 = ORIENTED_EDGE('',*,*,#1031,.F.);
#1031 = EDGE_CURVE('',#1032,#1024,#1034,.T.);
#1032 = VERTEX_POINT('',#1033);
#1033 = CARTESIAN_POINT('',(0.210332101702,9.013970929E-02,
    0.699999999999));
#1034 = LINE('',#1035,#1036);
#1035 = CARTESIAN_POINT('',(0.246697634825,9.013970929E-02,
    0.699999999999));
#1036 = VECTOR('',#1037,1.);
#1037 = DIRECTION('',(1.,0.,0.));
#1038 = ORIENTED_EDGE('',*,*,#1039,.F.);
#1039 = EDGE_CURVE('',#952,#1032,#1040,.T.);
#1040 = LINE('',#1041,#1042);
#1041 = CARTESIAN_POINT('',(0.210332101702,9.013970929E-02,
    0.699999999999));
#1042 = VECTOR('',#1043,1.);
#1043 = DIRECTION('',(0.,1.,0.));
#1044 = FACE_BOUND('',#1045,.T.);
#1045 = EDGE_LOOP('',(#1046,#1056,#1064,#1072,#1080,#1088,#1096,#1104));
#1046 = ORIENTED_EDGE('',*,*,#1047,.F.);
#1047 = EDGE_CURVE('',#1048,#1050,#1052,.T.);
#1048 = VERTEX_POINT('',#1049);
#1049 = CARTESIAN_POINT('',(0.412305076947,0.146026697292,0.699999999999
    ));
#1050 = VERTEX_POINT('',#1051);
#1051 = CARTESIAN_POINT('',(0.398268345076,0.146026697292,0.699999999999
    ));
#1052 = LINE('',#1053,#1054);
#1053 = CARTESIAN_POINT('',(0.398268345076,0.146026697292,0.699999999999
    ));
#1054 = VECTOR('',#1055,1.);
#1055 = DIRECTION('',(-1.,0.,0.));
#1056 = ORIENTED_EDGE('',*,*,#1057,.F.);
#1057 = EDGE_CURVE('',#1058,#1048,#1060,.T.);
#1058 = VERTEX_POINT('',#1059);
#1059 = CARTESIAN_POINT('',(0.45103605933,4.4338373076E-02,
    0.699999999999));
#1060 = LINE('',#1061,#1062);
#1061 = CARTESIAN_POINT('',(0.412305076947,0.146026697292,0.699999999999
    ));
#1062 = VECTOR('',#1063,1.);
#1063 = DIRECTION('',(-0.355935724369,0.934510438742,0.));
#1064 = ORIENTED_EDGE('',*,*,#1065,.F.);
#1065 = EDGE_CURVE('',#1066,#1058,#1068,.T.);
#1066 = VERTEX_POINT('',#1067);
#1067 = CARTESIAN_POINT('',(0.436531436397,4.4338373076E-02,
    0.699999999999));
#1068 = LINE('',#1069,#1070);
#1069 = CARTESIAN_POINT('',(0.45103605933,4.4338373076E-02,
    0.699999999999));
#1070 = VECTOR('',#1071,1.);
#1071 = DIRECTION('',(1.,0.,0.));
#1072 = ORIENTED_EDGE('',*,*,#1073,.F.);
#1073 = EDGE_CURVE('',#1074,#1066,#1076,.T.);
#1074 = VERTEX_POINT('',#1075);
#1075 = CARTESIAN_POINT('',(0.426159851182,7.2151897338E-02,
    0.699999999999));
#1076 = LINE('',#1077,#1078);
#1077 = CARTESIAN_POINT('',(0.436531436397,4.4338373076E-02,
    0.699999999999));
#1078 = VECTOR('',#1079,1.);
#1079 = DIRECTION('',(0.349395479469,-0.936975345954,0.));
#1080 = ORIENTED_EDGE('',*,*,#1081,.F.);
#1081 = EDGE_CURVE('',#1082,#1074,#1084,.T.);
#1082 = VERTEX_POINT('',#1083);
#1083 = CARTESIAN_POINT('',(0.383815710039,7.2151897338E-02,
    0.699999999999));
#1084 = LINE('',#1085,#1086);
#1085 = CARTESIAN_POINT('',(0.426159851182,7.2151897338E-02,
    0.699999999999));
#1086 = VECTOR('',#1087,1.);
#1087 = DIRECTION('',(1.,0.,0.));
#1088 = ORIENTED_EDGE('',*,*,#1089,.F.);
#1089 = EDGE_CURVE('',#1090,#1082,#1092,.T.);
#1090 = VERTEX_POINT('',#1091);
#1091 = CARTESIAN_POINT('',(0.374041985626,4.4338373076E-02,
    0.699999999999));
#1092 = LINE('',#1093,#1094);
#1093 = CARTESIAN_POINT('',(0.383815710039,7.2151897338E-02,
    0.699999999999));
#1094 = VECTOR('',#1095,1.);
#1095 = DIRECTION('',(0.33152841835,0.943445233083,0.));
#1096 = ORIENTED_EDGE('',*,*,#1097,.F.);
#1097 = EDGE_CURVE('',#1098,#1090,#1100,.T.);
#1098 = VERTEX_POINT('',#1099);
#1099 = CARTESIAN_POINT('',(0.359537362694,4.4338373076E-02,
    0.699999999999));
#1100 = LINE('',#1101,#1102);
#1101 = CARTESIAN_POINT('',(0.374041985626,4.4338373076E-02,
    0.699999999999));
#1102 = VECTOR('',#1103,1.);
#1103 = DIRECTION('',(1.,0.,0.));
#1104 = ORIENTED_EDGE('',*,*,#1105,.F.);
#1105 = EDGE_CURVE('',#1050,#1098,#1106,.T.);
#1106 = LINE('',#1107,#1108);
#1107 = CARTESIAN_POINT('',(0.359537362694,4.4338373076E-02,
    0.699999999999));
#1108 = VECTOR('',#1109,1.);
#1109 = DIRECTION('',(-0.355935724364,-0.934510438744,0.));
#1110 = FACE_BOUND('',#1111,.T.);
#1111 = EDGE_LOOP('',(#1112,#1122,#1130,#1138,#1146,#1154,#1162,#1170,
    #1178,#1186,#1194,#1202));
#1112 = ORIENTED_EDGE('',*,*,#1113,.F.);
#1113 = EDGE_CURVE('',#1114,#1116,#1118,.T.);
#1114 = VERTEX_POINT('',#1115);
#1115 = CARTESIAN_POINT('',(9.7622343573E-02,-0.105386766872,
    0.699999999999));
#1116 = VERTEX_POINT('',#1117);
#1117 = CARTESIAN_POINT('',(5.6058020868E-02,-0.105386766872,
    0.699999999999));
#1118 = LINE('',#1119,#1120);
#1119 = CARTESIAN_POINT('',(5.6058020868E-02,-0.105386766872,
    0.699999999999));
#1120 = VECTOR('',#1121,1.);
#1121 = DIRECTION('',(-1.,0.,0.));
#1122 = ORIENTED_EDGE('',*,*,#1123,.F.);
#1123 = EDGE_CURVE('',#1124,#1114,#1126,.T.);
#1124 = VERTEX_POINT('',#1125);
#1125 = CARTESIAN_POINT('',(9.7622343573E-02,-0.116980067639,
    0.699999999999));
#1126 = LINE('',#1127,#1128);
#1127 = CARTESIAN_POINT('',(9.7622343573E-02,-0.105386766872,
    0.699999999999));
#1128 = VECTOR('',#1129,1.);
#1129 = DIRECTION('',(0.,1.,0.));
#1130 = ORIENTED_EDGE('',*,*,#1131,.F.);
#1131 = EDGE_CURVE('',#1132,#1124,#1134,.T.);
#1132 = VERTEX_POINT('',#1133);
#1133 = CARTESIAN_POINT('',(4.2931077175E-02,-0.116980067639,
    0.699999999999));
#1134 = LINE('',#1135,#1136);
#1135 = CARTESIAN_POINT('',(9.7622343573E-02,-0.116980067639,
    0.699999999999));
#1136 = VECTOR('',#1137,1.);
#1137 = DIRECTION('',(1.,0.,0.));
#1138 = ORIENTED_EDGE('',*,*,#1139,.F.);
#1139 = EDGE_CURVE('',#1140,#1132,#1142,.T.);
#1140 = VERTEX_POINT('',#1141);
#1141 = CARTESIAN_POINT('',(4.2931077175E-02,-1.5291743423E-02,
    0.699999999999));
#1142 = LINE('',#1143,#1144);
#1143 = CARTESIAN_POINT('',(4.2931077175E-02,-0.116980067639,
    0.699999999999));
#1144 = VECTOR('',#1145,1.);
#1145 = DIRECTION('',(0.,-1.,0.));
#1146 = ORIENTED_EDGE('',*,*,#1147,.F.);
#1147 = EDGE_CURVE('',#1148,#1140,#1150,.T.);
#1148 = VERTEX_POINT('',#1149);
#1149 = CARTESIAN_POINT('',(9.5308882209E-02,-1.5291743423E-02,
    0.699999999999));
#1150 = LINE('',#1151,#1152);
#1151 = CARTESIAN_POINT('',(4.2931077175E-02,-1.5291743423E-02,
    0.699999999999));
#1152 = VECTOR('',#1153,1.);
#1153 = DIRECTION('',(-1.,0.,0.));
#1154 = ORIENTED_EDGE('',*,*,#1155,.F.);
#1155 = EDGE_CURVE('',#1156,#1148,#1158,.T.);
#1156 = VERTEX_POINT('',#1157);
#1157 = CARTESIAN_POINT('',(9.5308882209E-02,-2.6989019982E-02,
    0.699999999999));
#1158 = LINE('',#1159,#1160);
#1159 = CARTESIAN_POINT('',(9.5308882209E-02,-1.5291743423E-02,
    0.699999999999));
#1160 = VECTOR('',#1161,1.);
#1161 = DIRECTION('',(0.,1.,0.));
#1162 = ORIENTED_EDGE('',*,*,#1163,.F.);
#1163 = EDGE_CURVE('',#1164,#1156,#1166,.T.);
#1164 = VERTEX_POINT('',#1165);
#1165 = CARTESIAN_POINT('',(5.6058020868E-02,-2.6989019982E-02,
    0.699999999999));
#1166 = LINE('',#1167,#1168);
#1167 = CARTESIAN_POINT('',(9.5308882209E-02,-2.6989019982E-02,
    0.699999999999));
#1168 = VECTOR('',#1169,1.);
#1169 = DIRECTION('',(1.,0.,0.));
#1170 = ORIENTED_EDGE('',*,*,#1171,.F.);
#1171 = EDGE_CURVE('',#1172,#1164,#1174,.T.);
#1172 = VERTEX_POINT('',#1173);
#1173 = CARTESIAN_POINT('',(5.6058020868E-02,-5.9533442763E-02,
    0.699999999999));
#1174 = LINE('',#1175,#1176);
#1175 = CARTESIAN_POINT('',(5.6058020868E-02,-2.6989019982E-02,
    0.699999999999));
#1176 = VECTOR('',#1177,1.);
#1177 = DIRECTION('',(0.,1.,0.));
#1178 = ORIENTED_EDGE('',*,*,#1179,.F.);
#1179 = EDGE_CURVE('',#1180,#1172,#1182,.T.);
#1180 = VERTEX_POINT('',#1181);
#1181 = CARTESIAN_POINT('',(9.2423553992E-02,-5.9533442763E-02,
    0.699999999999));
#1182 = LINE('',#1183,#1184);
#1183 = CARTESIAN_POINT('',(5.6058020868E-02,-5.9533442763E-02,
    0.699999999999));
#1184 = VECTOR('',#1185,1.);
#1185 = DIRECTION('',(-1.,0.,0.));
#1186 = ORIENTED_EDGE('',*,*,#1187,.F.);
#1187 = EDGE_CURVE('',#1188,#1180,#1190,.T.);
#1188 = VERTEX_POINT('',#1189);
#1189 = CARTESIAN_POINT('',(9.2423553992E-02,-7.1178731426E-02,
    0.699999999999));
#1190 = LINE('',#1191,#1192);
#1191 = CARTESIAN_POINT('',(9.2423553992E-02,-5.9533442763E-02,
    0.699999999999));
#1192 = VECTOR('',#1193,1.);
#1193 = DIRECTION('',(0.,1.,0.));
#1194 = ORIENTED_EDGE('',*,*,#1195,.F.);
#1195 = EDGE_CURVE('',#1196,#1188,#1198,.T.);
#1196 = VERTEX_POINT('',#1197);
#1197 = CARTESIAN_POINT('',(5.6058020868E-02,-7.1178731426E-02,
    0.699999999999));
#1198 = LINE('',#1199,#1200);
#1199 = CARTESIAN_POINT('',(9.2423553992E-02,-7.1178731426E-02,
    0.699999999999));
#1200 = VECTOR('',#1201,1.);
#1201 = DIRECTION('',(1.,0.,0.));
#1202 = ORIENTED_EDGE('',*,*,#1203,.F.);
#1203 = EDGE_CURVE('',#1116,#1196,#1204,.T.);
#1204 = LINE('',#1205,#1206);
#1205 = CARTESIAN_POINT('',(5.6058020868E-02,-7.1178731426E-02,
    0.699999999999));
#1206 = VECTOR('',#1207,1.);
#1207 = DIRECTION('',(0.,1.,0.));
#1208 = FACE_BOUND('',#1209,.T.);
#1209 = EDGE_LOOP('',(#1210,#1221,#1229,#1237,#1245,#1254,#1263));
#1210 = ORIENTED_EDGE('',*,*,#1211,.F.);
#1211 = EDGE_CURVE('',#1212,#1214,#1216,.T.);
#1212 = VERTEX_POINT('',#1213);
#1213 = CARTESIAN_POINT('',(0.426419790661,-0.116980067639,
    0.699999999999));
#1214 = VERTEX_POINT('',#1215);
#1215 = CARTESIAN_POINT('',(0.465904597533,-0.102735384186,
    0.699999999999));
#1216 = B_SPLINE_CURVE_WITH_KNOTS('',3,(#1217,#1218,#1219,#1220),
  .UNSPECIFIED.,.F.,.F.,(4,4),(5.,6.),.PIECEWISE_BEZIER_KNOTS.);
#1217 = CARTESIAN_POINT('',(0.426419790661,-0.116980067639,
    0.699999999999));
#1218 = CARTESIAN_POINT('',(0.442510044416,-0.116980067639,
    0.699999999999));
#1219 = CARTESIAN_POINT('',(0.455688976005,-0.11224916912,0.699999999999
    ));
#1220 = CARTESIAN_POINT('',(0.465904597533,-0.102735384186,
    0.699999999999));
#1221 = ORIENTED_EDGE('',*,*,#1222,.F.);
#1222 = EDGE_CURVE('',#1223,#1212,#1225,.T.);
#1223 = VERTEX_POINT('',#1224);
#1224 = CARTESIAN_POINT('',(0.398450302712,-0.116980067639,
    0.699999999999));
#1225 = LINE('',#1226,#1227);
#1226 = CARTESIAN_POINT('',(0.426419790661,-0.116980067639,
    0.699999999999));
#1227 = VECTOR('',#1228,1.);
#1228 = DIRECTION('',(1.,0.,0.));
#1229 = ORIENTED_EDGE('',*,*,#1230,.F.);
#1230 = EDGE_CURVE('',#1231,#1223,#1233,.T.);
#1231 = VERTEX_POINT('',#1232);
#1232 = CARTESIAN_POINT('',(0.398450302712,-1.5291743423E-02,
    0.699999999999));
#1233 = LINE('',#1234,#1235);
#1234 = CARTESIAN_POINT('',(0.398450302712,-0.116980067639,
    0.699999999999));
#1235 = VECTOR('',#1236,1.);
#1236 = DIRECTION('',(0.,-1.,0.));
#1237 = ORIENTED_EDGE('',*,*,#1238,.F.);
#1238 = EDGE_CURVE('',#1239,#1231,#1241,.T.);
#1239 = VERTEX_POINT('',#1240);
#1240 = CARTESIAN_POINT('',(0.427459548577,-1.5291743423E-02,
    0.699999999999));
#1241 = LINE('',#1242,#1243);
#1242 = CARTESIAN_POINT('',(0.398450302712,-1.5291743423E-02,
    0.699999999999));
#1243 = VECTOR('',#1244,1.);
#1244 = DIRECTION('',(-1.,0.,0.));
#1245 = ORIENTED_EDGE('',*,*,#1246,.F.);
#1246 = EDGE_CURVE('',#1247,#1239,#1249,.T.);
#1247 = VERTEX_POINT('',#1248);
#1248 = CARTESIAN_POINT('',(0.465904597533,-2.875660844E-02,
    0.699999999999));
#1249 = B_SPLINE_CURVE_WITH_KNOTS('',3,(#1250,#1251,#1252,#1253),
  .UNSPECIFIED.,.F.,.F.,(4,4),(2.,3.),.PIECEWISE_BEZIER_KNOTS.);
#1250 = CARTESIAN_POINT('',(0.465904597533,-2.875660844E-02,
    0.699999999999));
#1251 = CARTESIAN_POINT('',(0.455688976005,-1.9762702464E-02,
    0.699999999999));
#1252 = CARTESIAN_POINT('',(0.442873959686,-1.5291743423E-02,
    0.699999999999));
#1253 = CARTESIAN_POINT('',(0.427459548577,-1.5291743423E-02,
    0.699999999999));
#1254 = ORIENTED_EDGE('',*,*,#1255,.F.);
#1255 = EDGE_CURVE('',#1256,#1247,#1258,.T.);
#1256 = VERTEX_POINT('',#1257);
#1257 = CARTESIAN_POINT('',(0.481241026799,-6.4836208136E-02,
    0.699999999999));
#1258 = B_SPLINE_CURVE_WITH_KNOTS('',3,(#1259,#1260,#1261,#1262),
  .UNSPECIFIED.,.F.,.F.,(4,4),(3.,4.),.PIECEWISE_BEZIER_KNOTS.);
#1259 = CARTESIAN_POINT('',(0.481241026799,-6.4836208136E-02,
    0.699999999999));
#1260 = CARTESIAN_POINT('',(0.481241026799,-4.975971835E-02,
    0.699999999999));
#1261 = CARTESIAN_POINT('',(0.476120219061,-3.7750514416E-02,
    0.699999999999));
#1262 = CARTESIAN_POINT('',(0.465904597533,-2.875660844E-02,
    0.699999999999));
#1263 = ORIENTED_EDGE('',*,*,#1264,.F.);
#1264 = EDGE_CURVE('',#1214,#1256,#1265,.T.);
#1265 = B_SPLINE_CURVE_WITH_KNOTS('',3,(#1266,#1267,#1268,#1269),
  .UNSPECIFIED.,.F.,.F.,(4,4),(4.,5.),.PIECEWISE_BEZIER_KNOTS.);
#1266 = CARTESIAN_POINT('',(0.465904597533,-0.102735384186,
    0.699999999999));
#1267 = CARTESIAN_POINT('',(0.476120219061,-9.3221599251E-02,
    0.699999999999));
#1268 = CARTESIAN_POINT('',(0.481241026799,-8.0588540569E-02,
    0.699999999999));
#1269 = CARTESIAN_POINT('',(0.481241026799,-6.4836208136E-02,
    0.699999999999));
#1270 = FACE_BOUND('',#1271,.T.);
#1271 = EDGE_LOOP('',(#1272,#1283,#1292,#1301,#1310,#1318,#1327,#1336,
    #1345,#1353,#1362,#1371,#1380,#1389,#1398,#1407,#1416,#1425,#1434,
    #1443,#1451,#1459,#1467,#1476,#1485,#1494,#1503,#1512,#1521,#1530,
    #1539,#1548,#1557));
#1272 = ORIENTED_EDGE('',*,*,#1273,.F.);
#1273 = EDGE_CURVE('',#1274,#1276,#1278,.T.);
#1274 = VERTEX_POINT('',#1275);
#1275 = CARTESIAN_POINT('',(-0.111926036367,7.859849743E-02,
    0.699999999999));
#1276 = VERTEX_POINT('',#1277);
#1277 = CARTESIAN_POINT('',(-0.150967701004,0.135714991357,
    0.699999999999));
#1278 = B_SPLINE_CURVE_WITH_KNOTS('',3,(#1279,#1280,#1281,#1282),
  .UNSPECIFIED.,.F.,.F.,(4,4),(0.,1.),.PIECEWISE_BEZIER_KNOTS.);
#1279 = CARTESIAN_POINT('',(-0.111926036367,7.859849743E-02,
    0.699999999999));
#1280 = CARTESIAN_POINT('',(-0.119878954773,0.100288304988,
    0.699999999999));
#1281 = CARTESIAN_POINT('',(-0.133615843926,0.119809130412,
    0.699999999999));
#1282 = CARTESIAN_POINT('',(-0.150967701004,0.135714991357,
    0.699999999999));
#1283 = ORIENTED_EDGE('',*,*,#1284,.F.);
#1284 = EDGE_CURVE('',#1285,#1274,#1287,.T.);
#1285 = VERTEX_POINT('',#1286);
#1286 = CARTESIAN_POINT('',(-4.0349687972E-02,-1.611363742E-02,
    0.699999999999));
#1287 = B_SPLINE_CURVE_WITH_KNOTS('',3,(#1288,#1289,#1290,#1291),
  .UNSPECIFIED.,.F.,.F.,(4,4),(35.,36.),.PIECEWISE_BEZIER_KNOTS.);
#1288 = CARTESIAN_POINT('',(-4.0349687972E-02,-1.611363742E-02,
    0.699999999999));
#1289 = CARTESIAN_POINT('',(-4.1072670525E-02,2.7265950116E-02,
    0.699999999999));
#1290 = CARTESIAN_POINT('',(-7.071542407E-02,6.558461841E-02,
    0.699999999999));
#1291 = CARTESIAN_POINT('',(-0.111926036367,7.859849743E-02,
    0.699999999999));
#1292 = ORIENTED_EDGE('',*,*,#1293,.F.);
#1293 = EDGE_CURVE('',#1294,#1285,#1296,.T.);
#1294 = VERTEX_POINT('',#1295);
#1295 = CARTESIAN_POINT('',(-6.7100456144E-02,-8.4798028022E-02,
    0.699999999999));
#1296 = B_SPLINE_CURVE_WITH_KNOTS('',3,(#1297,#1298,#1299,#1300),
  .UNSPECIFIED.,.F.,.F.,(4,4),(34.,35.),.PIECEWISE_BEZIER_KNOTS.);
#1297 = CARTESIAN_POINT('',(-6.7100456144E-02,-8.4798028022E-02,
    0.699999999999));
#1298 = CARTESIAN_POINT('',(-4.9748599064E-02,-6.6000205837E-02,
    0.699999999999));
#1299 = CARTESIAN_POINT('',(-4.0349687972E-02,-4.1418412905E-02,
    0.699999999999));
#1300 = CARTESIAN_POINT('',(-4.0349687972E-02,-1.611363742E-02,
    0.699999999999));
#1301 = ORIENTED_EDGE('',*,*,#1302,.F.);
#1302 = EDGE_CURVE('',#1303,#1294,#1305,.T.);
#1303 = VERTEX_POINT('',#1304);
#1304 = CARTESIAN_POINT('',(-0.132892861372,-0.11733273936,
    0.699999999999));
#1305 = B_SPLINE_CURVE_WITH_KNOTS('',3,(#1306,#1307,#1308,#1309),
  .UNSPECIFIED.,.F.,.F.,(4,4),(33.,34.),.PIECEWISE_BEZIER_KNOTS.);
#1306 = CARTESIAN_POINT('',(-0.132892861372,-0.11733273936,
    0.699999999999));
#1307 = CARTESIAN_POINT('',(-0.107588085888,-0.11516376412,
    0.699999999999));
#1308 = CARTESIAN_POINT('',(-8.4452285642E-02,-0.103595850207,
    0.699999999999));
#1309 = CARTESIAN_POINT('',(-6.7100456144E-02,-8.4798028022E-02,
    0.699999999999));
#1310 = ORIENTED_EDGE('',*,*,#1311,.F.);
#1311 = EDGE_CURVE('',#1312,#1303,#1314,.T.);
#1312 = VERTEX_POINT('',#1313);
#1313 = CARTESIAN_POINT('',(-0.175549466356,-0.11733273936,
    0.699999999999));
#1314 = LINE('',#1315,#1316);
#1315 = CARTESIAN_POINT('',(-0.135061836612,-0.11733273936,
    0.699999999999));
#1316 = VECTOR('',#1317,1.);
#1317 = DIRECTION('',(1.,0.,0.));
#1318 = ORIENTED_EDGE('',*,*,#1319,.F.);
#1319 = EDGE_CURVE('',#1320,#1312,#1322,.T.);
#1320 = VERTEX_POINT('',#1321);
#1321 = CARTESIAN_POINT('',(-0.196516291361,-9.4919949248E-02,
    0.699999999999));
#1322 = B_SPLINE_CURVE_WITH_KNOTS('',3,(#1323,#1324,#1325,#1326),
  .UNSPECIFIED.,.F.,.F.,(4,4),(28.,29.),.PIECEWISE_BEZIER_KNOTS.);
#1323 = CARTESIAN_POINT('',(-0.196516291361,-9.4919949248E-02,
    0.699999999999));
#1324 = CARTESIAN_POINT('',(-0.196516291361,-0.106487835581,
    0.699999999999));
#1325 = CARTESIAN_POINT('',(-0.187117380269,-0.116609756807,
    0.699999999999));
#1326 = CARTESIAN_POINT('',(-0.175549466356,-0.11733273936,
    0.699999999999));
#1327 = ORIENTED_EDGE('',*,*,#1328,.F.);
#1328 = EDGE_CURVE('',#1329,#1320,#1331,.T.);
#1329 = VERTEX_POINT('',#1330);
#1330 = CARTESIAN_POINT('',(-0.17410350125,-7.2507159136E-02,
    0.699999999999));
#1331 = B_SPLINE_CURVE_WITH_KNOTS('',3,(#1332,#1333,#1334,#1335),
  .UNSPECIFIED.,.F.,.F.,(4,4),(27.,28.),.PIECEWISE_BEZIER_KNOTS.);
#1332 = CARTESIAN_POINT('',(-0.17410350125,-7.2507159136E-02,
    0.699999999999));
#1333 = CARTESIAN_POINT('',(-0.186394397716,-7.2507159136E-02,
    0.699999999999));
#1334 = CARTESIAN_POINT('',(-0.196516291361,-8.2629080362E-02,
    0.699999999999));
#1335 = CARTESIAN_POINT('',(-0.196516291361,-9.4919949248E-02,
    0.699999999999));
#1336 = ORIENTED_EDGE('',*,*,#1337,.F.);
#1337 = EDGE_CURVE('',#1338,#1329,#1340,.T.);
#1338 = VERTEX_POINT('',#1339);
#1339 = CARTESIAN_POINT('',(-0.16976555077,-7.3230141689E-02,
    0.699999999999));
#1340 = B_SPLINE_CURVE_WITH_KNOTS('',3,(#1341,#1342,#1343,#1344),
  .UNSPECIFIED.,.F.,.F.,(4,4),(26.,27.),.PIECEWISE_BEZIER_KNOTS.);
#1341 = CARTESIAN_POINT('',(-0.16976555077,-7.3230141689E-02,
    0.699999999999));
#1342 = CARTESIAN_POINT('',(-0.171211543456,-7.3230141689E-02,
    0.699999999999));
#1343 = CARTESIAN_POINT('',(-0.172657536143,-7.2507159136E-02,
    0.699999999999));
#1344 = CARTESIAN_POINT('',(-0.17410350125,-7.2507159136E-02,
    0.699999999999));
#1345 = ORIENTED_EDGE('',*,*,#1346,.F.);
#1346 = EDGE_CURVE('',#1347,#1338,#1349,.T.);
#1347 = VERTEX_POINT('',#1348);
#1348 = CARTESIAN_POINT('',(-0.137230839432,-7.3230141689E-02,
    0.699999999999));
#1349 = LINE('',#1350,#1351);
#1350 = CARTESIAN_POINT('',(-0.137230839432,-7.3230141689E-02,
    0.699999999999));
#1351 = VECTOR('',#1352,1.);
#1352 = DIRECTION('',(-1.,0.,0.));
#1353 = ORIENTED_EDGE('',*,*,#1354,.F.);
#1354 = EDGE_CURVE('',#1355,#1347,#1357,.T.);
#1355 = VERTEX_POINT('',#1356);
#1356 = CARTESIAN_POINT('',(-8.5175295775E-02,-1.6836647553E-02,
    0.699999999999));
#1357 = B_SPLINE_CURVE_WITH_KNOTS('',3,(#1358,#1359,#1360,#1361),
  .UNSPECIFIED.,.F.,.F.,(4,4),(24.,25.),.PIECEWISE_BEZIER_KNOTS.);
#1358 = CARTESIAN_POINT('',(-8.5175295775E-02,-1.6836647553E-02,
    0.699999999999));
#1359 = CARTESIAN_POINT('',(-8.5175295775E-02,-4.6479387308E-02,
    0.699999999999));
#1360 = CARTESIAN_POINT('',(-0.107588085888,-7.1061166449E-02,
    0.699999999999));
#1361 = CARTESIAN_POINT('',(-0.137230839432,-7.3230141689E-02,
    0.699999999999));
#1362 = ORIENTED_EDGE('',*,*,#1363,.F.);
#1363 = EDGE_CURVE('',#1364,#1355,#1366,.T.);
#1364 = VERTEX_POINT('',#1365);
#1365 = CARTESIAN_POINT('',(-0.141568789912,3.9556846582E-02,
    0.699999999999));
#1366 = B_SPLINE_CURVE_WITH_KNOTS('',3,(#1367,#1368,#1369,#1370),
  .UNSPECIFIED.,.F.,.F.,(4,4),(23.,24.),.PIECEWISE_BEZIER_KNOTS.);
#1367 = CARTESIAN_POINT('',(-0.141568789912,3.9556846582E-02,
    0.699999999999));
#1368 = CARTESIAN_POINT('',(-0.11048007126,3.9556846582E-02,
    0.699999999999));
#1369 = CARTESIAN_POINT('',(-8.5175295775E-02,1.4252071097E-02,
    0.699999999999));
#1370 = CARTESIAN_POINT('',(-8.5175295775E-02,-1.6836647553E-02,
    0.699999999999));
#1371 = ORIENTED_EDGE('',*,*,#1372,.F.);
#1372 = EDGE_CURVE('',#1373,#1364,#1375,.T.);
#1373 = VERTEX_POINT('',#1374);
#1374 = CARTESIAN_POINT('',(-0.147352733078,3.9556846582E-02,
    0.699999999999));
#1375 = B_SPLINE_CURVE_WITH_KNOTS('',3,(#1376,#1377,#1378,#1379),
  .UNSPECIFIED.,.F.,.F.,(4,4),(22.,23.),.PIECEWISE_BEZIER_KNOTS.);
#1376 = CARTESIAN_POINT('',(-0.147352733078,3.9556846582E-02,
    0.699999999999));
#1377 = CARTESIAN_POINT('',(-0.145183757838,3.9556846582E-02,
    0.699999999999));
#1378 = CARTESIAN_POINT('',(-0.143737765152,3.9556846582E-02,
    0.699999999999));
#1379 = CARTESIAN_POINT('',(-0.141568789912,3.9556846582E-02,
    0.699999999999));
#1380 = ORIENTED_EDGE('',*,*,#1381,.F.);
#1381 = EDGE_CURVE('',#1382,#1373,#1384,.T.);
#1382 = VERTEX_POINT('',#1383);
#1383 = CARTESIAN_POINT('',(-0.248571835018,0.129931044743,
    0.699999999999));
#1384 = B_SPLINE_CURVE_WITH_KNOTS('',3,(#1385,#1386,#1387,#1388),
  .UNSPECIFIED.,.F.,.F.,(4,4),(21.,22.),.PIECEWISE_BEZIER_KNOTS.);
#1385 = CARTESIAN_POINT('',(-0.248571835018,0.129931044743,
    0.699999999999));
#1386 = CARTESIAN_POINT('',(-0.196516291361,0.129931044743,
    0.699999999999));
#1387 = CARTESIAN_POINT('',(-0.153136676244,9.0166397552E-02,
    0.699999999999));
#1388 = CARTESIAN_POINT('',(-0.147352733078,3.9556846582E-02,
    0.699999999999));
#1389 = ORIENTED_EDGE('',*,*,#1390,.F.);
#1390 = EDGE_CURVE('',#1391,#1382,#1393,.T.);
#1391 = VERTEX_POINT('',#1392);
#1392 = CARTESIAN_POINT('',(-0.345452958899,6.0523699167E-02,
    0.699999999999));
#1393 = B_SPLINE_CURVE_WITH_KNOTS('',3,(#1394,#1395,#1396,#1397),
  .UNSPECIFIED.,.F.,.F.,(4,4),(20.,21.),.PIECEWISE_BEZIER_KNOTS.);
#1394 = CARTESIAN_POINT('',(-0.345452958899,6.0523699167E-02,
    0.699999999999));
#1395 = CARTESIAN_POINT('',(-0.331716097326,0.101011301332,
    0.699999999999));
#1396 = CARTESIAN_POINT('',(-0.294120425375,0.129931044743,
    0.699999999999));
#1397 = CARTESIAN_POINT('',(-0.248571835018,0.129931044743,
    0.699999999999));
#1398 = ORIENTED_EDGE('',*,*,#1399,.F.);
#1399 = EDGE_CURVE('',#1400,#1391,#1402,.T.);
#1400 = VERTEX_POINT('',#1401);
#1401 = CARTESIAN_POINT('',(-0.383771613403,7.1368602947E-02,
    0.699999999999));
#1402 = B_SPLINE_CURVE_WITH_KNOTS('',3,(#1403,#1404,#1405,#1406),
  .UNSPECIFIED.,.F.,.F.,(4,4),(19.,20.),.PIECEWISE_BEZIER_KNOTS.);
#1403 = CARTESIAN_POINT('',(-0.383771613403,7.1368602947E-02,
    0.699999999999));
#1404 = CARTESIAN_POINT('',(-0.37003473804,7.1368602947E-02,
    0.699999999999));
#1405 = CARTESIAN_POINT('',(-0.356297862678,6.7030638677E-02,
    0.699999999999));
#1406 = CARTESIAN_POINT('',(-0.345452958899,6.0523699167E-02,
    0.699999999999));
#1407 = ORIENTED_EDGE('',*,*,#1408,.F.);
#1408 = EDGE_CURVE('',#1409,#1400,#1411,.T.);
#1409 = VERTEX_POINT('',#1410);
#1410 = CARTESIAN_POINT('',(-0.456070971932,-9.30755581E-04,
    0.699999999999));
#1411 = B_SPLINE_CURVE_WITH_KNOTS('',3,(#1412,#1413,#1414,#1415),
  .UNSPECIFIED.,.F.,.F.,(4,4),(18.,19.),.PIECEWISE_BEZIER_KNOTS.);
#1412 = CARTESIAN_POINT('',(-0.456070971932,-9.30755581E-04,
    0.699999999999));
#1413 = CARTESIAN_POINT('',(-0.456070971932,3.8833891609E-02,
    0.699999999999));
#1414 = CARTESIAN_POINT('',(-0.423536260594,7.1368602947E-02,
    0.699999999999));
#1415 = CARTESIAN_POINT('',(-0.383771613403,7.1368602947E-02,
    0.699999999999));
#1416 = ORIENTED_EDGE('',*,*,#1417,.F.);
#1417 = EDGE_CURVE('',#1418,#1409,#1420,.T.);
#1418 = VERTEX_POINT('',#1419);
#1419 = CARTESIAN_POINT('',(-0.412691356814,-6.7446170943E-02,
    0.699999999999));
#1420 = B_SPLINE_CURVE_WITH_KNOTS('',3,(#1421,#1422,#1423,#1424),
  .UNSPECIFIED.,.F.,.F.,(4,4),(17.,18.),.PIECEWISE_BEZIER_KNOTS.);
#1421 = CARTESIAN_POINT('',(-0.412691356814,-6.7446170943E-02,
    0.699999999999));
#1422 = CARTESIAN_POINT('',(-0.437996132299,-5.5878270821E-02,
    0.699999999999));
#1423 = CARTESIAN_POINT('',(-0.456070971932,-3.0573495336E-02,
    0.699999999999));
#1424 = CARTESIAN_POINT('',(-0.456070971932,-9.30755581E-04,
    0.699999999999));
#1425 = ORIENTED_EDGE('',*,*,#1426,.F.);
#1426 = EDGE_CURVE('',#1427,#1418,#1429,.T.);
#1427 = VERTEX_POINT('',#1428);
#1428 = CARTESIAN_POINT('',(-0.344729962555,-1.9728591556E-02,
    0.699999999999));
#1429 = B_SPLINE_CURVE_WITH_KNOTS('',3,(#1430,#1431,#1432,#1433),
  .UNSPECIFIED.,.F.,.F.,(4,4),(16.,17.),.PIECEWISE_BEZIER_KNOTS.);
#1430 = CARTESIAN_POINT('',(-0.344729962555,-1.9728591556E-02,
    0.699999999999));
#1431 = CARTESIAN_POINT('',(-0.375818694997,-1.9728591556E-02,
    0.699999999999));
#1432 = CARTESIAN_POINT('',(-0.402569449378,-3.9972406428E-02,
    0.699999999999));
#1433 = CARTESIAN_POINT('',(-0.412691356814,-6.7446170943E-02,
    0.699999999999));
#1434 = ORIENTED_EDGE('',*,*,#1435,.F.);
#1435 = EDGE_CURVE('',#1436,#1427,#1438,.T.);
#1436 = VERTEX_POINT('',#1437);
#1437 = CARTESIAN_POINT('',(-0.290505443659,-4.4310370698E-02,
    0.699999999999));
#1438 = B_SPLINE_CURVE_WITH_KNOTS('',3,(#1439,#1440,#1441,#1442),
  .UNSPECIFIED.,.F.,.F.,(4,4),(15.,16.),.PIECEWISE_BEZIER_KNOTS.);
#1439 = CARTESIAN_POINT('',(-0.290505443659,-4.4310370698E-02,
    0.699999999999));
#1440 = CARTESIAN_POINT('',(-0.303519322678,-2.9127502649E-02,
    0.699999999999));
#1441 = CARTESIAN_POINT('',(-0.323040154997,-1.9728591556E-02,
    0.699999999999));
#1442 = CARTESIAN_POINT('',(-0.344729962555,-1.9728591556E-02,
    0.699999999999));
#1443 = ORIENTED_EDGE('',*,*,#1444,.F.);
#1444 = EDGE_CURVE('',#1445,#1436,#1447,.T.);
#1445 = VERTEX_POINT('',#1446);
#1446 = CARTESIAN_POINT('',(-0.193624305989,6.299180271E-03,
    0.699999999999));
#1447 = LINE('',#1448,#1449);
#1448 = CARTESIAN_POINT('',(-0.193624305989,6.299180271E-03,
    0.699999999999));
#1449 = VECTOR('',#1450,1.);
#1450 = DIRECTION('',(-0.886348842796,-0.463018065387,0.));
#1451 = ORIENTED_EDGE('',*,*,#1452,.F.);
#1452 = EDGE_CURVE('',#1453,#1445,#1455,.T.);
#1453 = VERTEX_POINT('',#1454);
#1454 = CARTESIAN_POINT('',(-0.171211515876,-3.2019488022E-02,
    0.699999999999));
#1455 = LINE('',#1456,#1457);
#1456 = CARTESIAN_POINT('',(-0.171211515876,-3.2019488022E-02,
    0.699999999999));
#1457 = VECTOR('',#1458,1.);
#1458 = DIRECTION('',(-0.504883048649,0.863187758942,0.));
#1459 = ORIENTED_EDGE('',*,*,#1460,.F.);
#1460 = EDGE_CURVE('',#1461,#1453,#1463,.T.);
#1461 = VERTEX_POINT('',#1462);
#1462 = CARTESIAN_POINT('',(-0.272430617817,-8.5521010575E-02,
    0.699999999999));
#1463 = LINE('',#1464,#1465);
#1464 = CARTESIAN_POINT('',(-0.272430617817,-8.5521010575E-02,
    0.699999999999));
#1465 = VECTOR('',#1466,1.);
#1466 = DIRECTION('',(0.884094950248,0.467307306754,0.));
#1467 = ORIENTED_EDGE('',*,*,#1468,.F.);
#1468 = EDGE_CURVE('',#1469,#1461,#1471,.T.);
#1469 = VERTEX_POINT('',#1470);
#1470 = CARTESIAN_POINT('',(-0.272430617817,-9.2750946429E-02,
    0.699999999999));
#1471 = B_SPLINE_CURVE_WITH_KNOTS('',3,(#1472,#1473,#1474,#1475),
  .UNSPECIFIED.,.F.,.F.,(4,4),(11.,12.),.PIECEWISE_BEZIER_KNOTS.);
#1472 = CARTESIAN_POINT('',(-0.272430617817,-9.2750946429E-02,
    0.699999999999));
#1473 = CARTESIAN_POINT('',(-0.272430617817,-9.0581971188E-02,
    0.699999999999));
#1474 = CARTESIAN_POINT('',(-0.272430617817,-8.8412995948E-02,
    0.699999999999));
#1475 = CARTESIAN_POINT('',(-0.272430617817,-8.5521010575E-02,
    0.699999999999));
#1476 = ORIENTED_EDGE('',*,*,#1477,.F.);
#1477 = EDGE_CURVE('',#1478,#1469,#1480,.T.);
#1478 = VERTEX_POINT('',#1479);
#1479 = CARTESIAN_POINT('',(-0.344729976345,-0.165050304957,
    0.699999999999));
#1480 = B_SPLINE_CURVE_WITH_KNOTS('',3,(#1481,#1482,#1483,#1484),
  .UNSPECIFIED.,.F.,.F.,(4,4),(10.,11.),.PIECEWISE_BEZIER_KNOTS.);
#1481 = CARTESIAN_POINT('',(-0.344729976345,-0.165050304957,
    0.699999999999));
#1482 = CARTESIAN_POINT('',(-0.304965329155,-0.165050304957,
    0.699999999999));
#1483 = CARTESIAN_POINT('',(-0.272430617817,-0.132515593619,
    0.699999999999));
#1484 = CARTESIAN_POINT('',(-0.272430617817,-9.2750946429E-02,
    0.699999999999));
#1485 = ORIENTED_EDGE('',*,*,#1486,.F.);
#1486 = EDGE_CURVE('',#1487,#1478,#1489,.T.);
#1487 = VERTEX_POINT('',#1488);
#1488 = CARTESIAN_POINT('',(-0.413414373843,-0.115886746673,
    0.699999999999));
#1489 = B_SPLINE_CURVE_WITH_KNOTS('',3,(#1490,#1491,#1492,#1493),
  .UNSPECIFIED.,.F.,.F.,(4,4),(9.,10.),.PIECEWISE_BEZIER_KNOTS.);
#1490 = CARTESIAN_POINT('',(-0.413414373843,-0.115886746673,
    0.699999999999));
#1491 = CARTESIAN_POINT('',(-0.404015455855,-0.144806490085,
    0.699999999999));
#1492 = CARTESIAN_POINT('',(-0.37654170513,-0.165050304957,
    0.699999999999));
#1493 = CARTESIAN_POINT('',(-0.344729976345,-0.165050304957,
    0.699999999999));
#1494 = ORIENTED_EDGE('',*,*,#1495,.F.);
#1495 = EDGE_CURVE('',#1496,#1487,#1498,.T.);
#1496 = VERTEX_POINT('',#1497);
#1497 = CARTESIAN_POINT('',(-0.471253860665,-8.1183060096E-02,
    0.699999999999));
#1498 = B_SPLINE_CURVE_WITH_KNOTS('',3,(#1499,#1500,#1501,#1502),
  .UNSPECIFIED.,.F.,.F.,(4,4),(8.,9.),.PIECEWISE_BEZIER_KNOTS.);
#1499 = CARTESIAN_POINT('',(-0.471253860665,-8.1183060096E-02,
    0.699999999999));
#1500 = CARTESIAN_POINT('',(-0.455348003168,-9.8534917175E-02,
    0.699999999999));
#1501 = CARTESIAN_POINT('',(-0.43582717085,-0.110102803507,
    0.699999999999));
#1502 = CARTESIAN_POINT('',(-0.413414373843,-0.115886746673,
    0.699999999999));
#1503 = ORIENTED_EDGE('',*,*,#1504,.F.);
#1504 = EDGE_CURVE('',#1505,#1496,#1507,.T.);
#1505 = VERTEX_POINT('',#1506);
#1506 = CARTESIAN_POINT('',(-0.501619589869,-2.376775847E-03,
    0.699999999999));
#1507 = B_SPLINE_CURVE_WITH_KNOTS('',3,(#1508,#1509,#1510,#1511),
  .UNSPECIFIED.,.F.,.F.,(4,4),(7.,8.),.PIECEWISE_BEZIER_KNOTS.);
#1508 = CARTESIAN_POINT('',(-0.501619589869,-2.376775847E-03,
    0.699999999999));
#1509 = CARTESIAN_POINT('',(-0.501619589869,-3.1296519259E-02,
    0.699999999999));
#1510 = CARTESIAN_POINT('',(-0.49077468609,-5.9493280117E-02,
    0.699999999999));
#1511 = CARTESIAN_POINT('',(-0.471253860665,-8.1183060096E-02,
    0.699999999999));
#1512 = ORIENTED_EDGE('',*,*,#1513,.F.);
#1513 = EDGE_CURVE('',#1514,#1505,#1516,.T.);
#1514 = VERTEX_POINT('',#1515);
#1515 = CARTESIAN_POINT('',(-0.467638872054,8.0044483221E-02,
    0.699999999999));
#1516 = B_SPLINE_CURVE_WITH_KNOTS('',3,(#1517,#1518,#1519,#1520),
  .UNSPECIFIED.,.F.,.F.,(4,4),(6.,7.),.PIECEWISE_BEZIER_KNOTS.);
#1517 = CARTESIAN_POINT('',(-0.467638872054,8.0044483221E-02,
    0.699999999999));
#1518 = CARTESIAN_POINT('',(-0.489328698574,5.8354682558E-02,
    0.699999999999));
#1519 = CARTESIAN_POINT('',(-0.501619589869,2.8711942803E-02,
    0.699999999999));
#1520 = CARTESIAN_POINT('',(-0.501619589869,-2.376775847E-03,
    0.699999999999));
#1521 = ORIENTED_EDGE('',*,*,#1522,.F.);
#1522 = EDGE_CURVE('',#1523,#1514,#1525,.T.);
#1523 = VERTEX_POINT('',#1524);
#1524 = CARTESIAN_POINT('',(-0.384494609746,0.114748176694,
    0.699999999999));
#1525 = B_SPLINE_CURVE_WITH_KNOTS('',3,(#1526,#1527,#1528,#1529),
  .UNSPECIFIED.,.F.,.F.,(4,4),(5.,6.),.PIECEWISE_BEZIER_KNOTS.);
#1526 = CARTESIAN_POINT('',(-0.384494609746,0.114748176694,
    0.699999999999));
#1527 = CARTESIAN_POINT('',(-0.415583335293,0.114748176694,
    0.699999999999));
#1528 = CARTESIAN_POINT('',(-0.445226068152,0.102457287124,
    0.699999999999));
#1529 = CARTESIAN_POINT('',(-0.467638872054,8.0044483221E-02,
    0.699999999999));
#1530 = ORIENTED_EDGE('',*,*,#1531,.F.);
#1531 = EDGE_CURVE('',#1532,#1523,#1534,.T.);
#1532 = VERTEX_POINT('',#1533);
#1533 = CARTESIAN_POINT('',(-0.367865762801,0.113302190903,
    0.699999999999));
#1534 = B_SPLINE_CURVE_WITH_KNOTS('',3,(#1535,#1536,#1537,#1538),
  .UNSPECIFIED.,.F.,.F.,(4,4),(4.,5.),.PIECEWISE_BEZIER_KNOTS.);
#1535 = CARTESIAN_POINT('',(-0.367865762801,0.113302190903,
    0.699999999999));
#1536 = CARTESIAN_POINT('',(-0.373649705967,0.114025187246,
    0.699999999999));
#1537 = CARTESIAN_POINT('',(-0.37871066658,0.114748176694,0.699999999999
    ));
#1538 = CARTESIAN_POINT('',(-0.384494609746,0.114748176694,
    0.699999999999));
#1539 = ORIENTED_EDGE('',*,*,#1540,.F.);
#1540 = EDGE_CURVE('',#1541,#1532,#1543,.T.);
#1541 = VERTEX_POINT('',#1542);
#1542 = CARTESIAN_POINT('',(-0.336054047806,0.145113909344,
    0.699999999999));
#1543 = B_SPLINE_CURVE_WITH_KNOTS('',3,(#1544,#1545,#1546,#1547),
  .UNSPECIFIED.,.F.,.F.,(4,4),(3.,4.),.PIECEWISE_BEZIER_KNOTS.);
#1544 = CARTESIAN_POINT('',(-0.336054047806,0.145113909344,
    0.699999999999));
#1545 = CARTESIAN_POINT('',(-0.348344944272,0.136437984252,
    0.699999999999));
#1546 = CARTESIAN_POINT('',(-0.358466851708,0.125593080474,
    0.699999999999));
#1547 = CARTESIAN_POINT('',(-0.367865762801,0.113302190903,
    0.699999999999));
#1548 = ORIENTED_EDGE('',*,*,#1549,.F.);
#1549 = EDGE_CURVE('',#1550,#1541,#1552,.T.);
#1550 = VERTEX_POINT('',#1551);
#1551 = CARTESIAN_POINT('',(-0.249294817572,0.17331065986,0.699999999999
    ));
#1552 = B_SPLINE_CURVE_WITH_KNOTS('',3,(#1553,#1554,#1555,#1556),
  .UNSPECIFIED.,.F.,.F.,(4,4),(2.,3.),.PIECEWISE_BEZIER_KNOTS.);
#1553 = CARTESIAN_POINT('',(-0.249294817572,0.17331065986,0.699999999999
    ));
#1554 = CARTESIAN_POINT('',(-0.281106532566,0.17331065986,0.699999999999
    ));
#1555 = CARTESIAN_POINT('',(-0.310749272321,0.163188749839,
    0.699999999999));
#1556 = CARTESIAN_POINT('',(-0.336054047806,0.145113909344,
    0.699999999999));
#1557 = ORIENTED_EDGE('',*,*,#1558,.F.);
#1558 = EDGE_CURVE('',#1276,#1550,#1559,.T.);
#1559 = B_SPLINE_CURVE_WITH_KNOTS('',3,(#1560,#1561,#1562,#1563),
  .UNSPECIFIED.,.F.,.F.,(4,4),(1.,2.),.PIECEWISE_BEZIER_KNOTS.);
#1560 = CARTESIAN_POINT('',(-0.150967701004,0.135714991357,
    0.699999999999));
#1561 = CARTESIAN_POINT('',(-0.178441451729,0.159573781912,
    0.699999999999));
#1562 = CARTESIAN_POINT('',(-0.213145138307,0.17331065986,0.699999999999
    ));
#1563 = CARTESIAN_POINT('',(-0.249294817572,0.17331065986,0.699999999999
    ));
#1564 = PLANE('',#1565);
#1565 = AXIS2_PLACEMENT_3D('',#1566,#1567,#1568);
#1566 = CARTESIAN_POINT('',(1.325,-0.974999999999,0.699999999999));
#1567 = DIRECTION('',(0.,0.,1.));
#1568 = DIRECTION('',(1.,0.,-0.));
#1569 = ADVANCED_FACE('',(#1570),#1624,.T.);
#1570 = FACE_BOUND('',#1571,.T.);
#1571 = EDGE_LOOP('',(#1572,#1583,#1592,#1600,#1609,#1618));
#1572 = ORIENTED_EDGE('',*,*,#1573,.F.);
#1573 = EDGE_CURVE('',#1574,#1576,#1578,.T.);
#1574 = VERTEX_POINT('',#1575);
#1575 = CARTESIAN_POINT('',(1.479455040525,-1.138611247951,0.41));
#1576 = VERTEX_POINT('',#1577);
#1577 = CARTESIAN_POINT('',(1.435870352045,-1.25,0.41));
#1578 = CIRCLE('',#1579,0.164129647954);
#1579 = AXIS2_PLACEMENT_3D('',#1580,#1581,#1582);
#1580 = CARTESIAN_POINT('',(1.6,-1.249999999999,0.41));
#1581 = DIRECTION('',(0.,0.,1.));
#1582 = DIRECTION('',(1.,0.,-0.));
#1583 = ORIENTED_EDGE('',*,*,#1584,.T.);
#1584 = EDGE_CURVE('',#1574,#1585,#1587,.T.);
#1585 = VERTEX_POINT('',#1586);
#1586 = CARTESIAN_POINT('',(1.325,-1.199999999999,0.41));
#1587 = CIRCLE('',#1588,0.224999999999);
#1588 = AXIS2_PLACEMENT_3D('',#1589,#1590,#1591);
#1589 = CARTESIAN_POINT('',(1.325,-0.974999999999,0.41));
#1590 = DIRECTION('',(0.,0.,-1.));
#1591 = DIRECTION('',(1.,9.637352644315E-16,0.));
#1592 = ORIENTED_EDGE('',*,*,#1593,.T.);
#1593 = EDGE_CURVE('',#1585,#1594,#1596,.T.);
#1594 = VERTEX_POINT('',#1595);
#1595 = CARTESIAN_POINT('',(-1.325,-1.199999999999,0.41));
#1596 = LINE('',#1597,#1598);
#1597 = CARTESIAN_POINT('',(0.,-1.199999999999,0.41));
#1598 = VECTOR('',#1599,1.);
#1599 = DIRECTION('',(-1.,0.,0.));
#1600 = ORIENTED_EDGE('',*,*,#1601,.T.);
#1601 = EDGE_CURVE('',#1594,#1602,#1604,.T.);
#1602 = VERTEX_POINT('',#1603);
#1603 = CARTESIAN_POINT('',(-1.479455040525,-1.138611247951,0.41));
#1604 = CIRCLE('',#1605,0.224999999999);
#1605 = AXIS2_PLACEMENT_3D('',#1606,#1607,#1608);
#1606 = CARTESIAN_POINT('',(-1.325,-0.974999999999,0.41));
#1607 = DIRECTION('',(0.,0.,-1.));
#1608 = DIRECTION('',(1.,0.,0.));
#1609 = ORIENTED_EDGE('',*,*,#1610,.F.);
#1610 = EDGE_CURVE('',#1611,#1602,#1613,.T.);
#1611 = VERTEX_POINT('',#1612);
#1612 = CARTESIAN_POINT('',(-1.435870352045,-1.25,0.41));
#1613 = CIRCLE('',#1614,0.164129647954);
#1614 = AXIS2_PLACEMENT_3D('',#1615,#1616,#1617);
#1615 = CARTESIAN_POINT('',(-1.599999999999,-1.25,0.41));
#1616 = DIRECTION('',(0.,0.,1.));
#1617 = DIRECTION('',(-1.,0.,0.));
#1618 = ORIENTED_EDGE('',*,*,#1619,.T.);
#1619 = EDGE_CURVE('',#1611,#1576,#1620,.T.);
#1620 = LINE('',#1621,#1622);
#1621 = CARTESIAN_POINT('',(-1.599999999999,-1.25,0.41));
#1622 = VECTOR('',#1623,1.);
#1623 = DIRECTION('',(1.,0.,0.));
#1624 = PLANE('',#1625);
#1625 = AXIS2_PLACEMENT_3D('',#1626,#1627,#1628);
#1626 = CARTESIAN_POINT('',(0.,0.,0.41));
#1627 = DIRECTION('',(0.,0.,1.));
#1628 = DIRECTION('',(1.,0.,-0.));
#1629 = ADVANCED_FACE('',(#1630),#1684,.T.);
#1630 = FACE_BOUND('',#1631,.T.);
#1631 = EDGE_LOOP('',(#1632,#1643,#1652,#1660,#1669,#1678));
#1632 = ORIENTED_EDGE('',*,*,#1633,.F.);
#1633 = EDGE_CURVE('',#1634,#1636,#1638,.T.);
#1634 = VERTEX_POINT('',#1635);
#1635 = CARTESIAN_POINT('',(-1.488611247951,-1.129455040525,0.41));
#1636 = VERTEX_POINT('',#1637);
#1637 = CARTESIAN_POINT('',(-1.599999999999,-1.085870352045,0.41));
#1638 = CIRCLE('',#1639,0.164129647954);
#1639 = AXIS2_PLACEMENT_3D('',#1640,#1641,#1642);
#1640 = CARTESIAN_POINT('',(-1.599999999999,-1.25,0.41));
#1641 = DIRECTION('',(0.,0.,1.));
#1642 = DIRECTION('',(-1.,0.,0.));
#1643 = ORIENTED_EDGE('',*,*,#1644,.T.);
#1644 = EDGE_CURVE('',#1634,#1645,#1647,.T.);
#1645 = VERTEX_POINT('',#1646);
#1646 = CARTESIAN_POINT('',(-1.55,-0.974999999999,0.41));
#1647 = CIRCLE('',#1648,0.224999999999);
#1648 = AXIS2_PLACEMENT_3D('',#1649,#1650,#1651);
#1649 = CARTESIAN_POINT('',(-1.325,-0.974999999999,0.41));
#1650 = DIRECTION('',(0.,0.,-1.));
#1651 = DIRECTION('',(1.,0.,0.));
#1652 = ORIENTED_EDGE('',*,*,#1653,.T.);
#1653 = EDGE_CURVE('',#1645,#1654,#1656,.T.);
#1654 = VERTEX_POINT('',#1655);
#1655 = CARTESIAN_POINT('',(-1.55,0.974999999999,0.41));
#1656 = LINE('',#1657,#1658);
#1657 = CARTESIAN_POINT('',(-1.55,0.,0.41));
#1658 = VECTOR('',#1659,1.);
#1659 = DIRECTION('',(0.,1.,0.));
#1660 = ORIENTED_EDGE('',*,*,#1661,.T.);
#1661 = EDGE_CURVE('',#1654,#1662,#1664,.T.);
#1662 = VERTEX_POINT('',#1663);
#1663 = CARTESIAN_POINT('',(-1.488611247951,1.129455040525,0.41));
#1664 = CIRCLE('',#1665,0.224999999999);
#1665 = AXIS2_PLACEMENT_3D('',#1666,#1667,#1668);
#1666 = CARTESIAN_POINT('',(-1.325,0.974999999999,0.41));
#1667 = DIRECTION('',(0.,0.,-1.));
#1668 = DIRECTION('',(1.,0.,0.));
#1669 = ORIENTED_EDGE('',*,*,#1670,.F.);
#1670 = EDGE_CURVE('',#1671,#1662,#1673,.T.);
#1671 = VERTEX_POINT('',#1672);
#1672 = CARTESIAN_POINT('',(-1.6,1.085870352045,0.41));
#1673 = CIRCLE('',#1674,0.164129647954);
#1674 = AXIS2_PLACEMENT_3D('',#1675,#1676,#1677);
#1675 = CARTESIAN_POINT('',(-1.6,1.249999999999,0.41));
#1676 = DIRECTION('',(0.,0.,1.));
#1677 = DIRECTION('',(1.,0.,-0.));
#1678 = ORIENTED_EDGE('',*,*,#1679,.T.);
#1679 = EDGE_CURVE('',#1671,#1636,#1680,.T.);
#1680 = LINE('',#1681,#1682);
#1681 = CARTESIAN_POINT('',(-1.6,1.249999999999,0.41));
#1682 = VECTOR('',#1683,1.);
#1683 = DIRECTION('',(8.673617379884E-17,-1.,0.));
#1684 = PLANE('',#1685);
#1685 = AXIS2_PLACEMENT_3D('',#1686,#1687,#1688);
#1686 = CARTESIAN_POINT('',(0.,0.,0.41));
#1687 = DIRECTION('',(0.,0.,1.));
#1688 = DIRECTION('',(1.,0.,-0.));
#1689 = ADVANCED_FACE('',(#1690),#1744,.T.);
#1690 = FACE_BOUND('',#1691,.T.);
#1691 = EDGE_LOOP('',(#1692,#1703,#1712,#1720,#1729,#1738));
#1692 = ORIENTED_EDGE('',*,*,#1693,.F.);
#1693 = EDGE_CURVE('',#1694,#1696,#1698,.T.);
#1694 = VERTEX_POINT('',#1695);
#1695 = CARTESIAN_POINT('',(-1.479455040525,1.138611247951,0.41));
#1696 = VERTEX_POINT('',#1697);
#1697 = CARTESIAN_POINT('',(-1.435870352045,1.249999999999,0.41));
#1698 = CIRCLE('',#1699,0.164129647954);
#1699 = AXIS2_PLACEMENT_3D('',#1700,#1701,#1702);
#1700 = CARTESIAN_POINT('',(-1.6,1.249999999999,0.41));
#1701 = DIRECTION('',(0.,0.,1.));
#1702 = DIRECTION('',(1.,0.,-0.));
#1703 = ORIENTED_EDGE('',*,*,#1704,.T.);
#1704 = EDGE_CURVE('',#1694,#1705,#1707,.T.);
#1705 = VERTEX_POINT('',#1706);
#1706 = CARTESIAN_POINT('',(-1.325,1.199999999999,0.41));
#1707 = CIRCLE('',#1708,0.224999999999);
#1708 = AXIS2_PLACEMENT_3D('',#1709,#1710,#1711);
#1709 = CARTESIAN_POINT('',(-1.325,0.974999999999,0.41));
#1710 = DIRECTION('',(0.,0.,-1.));
#1711 = DIRECTION('',(1.,0.,0.));
#1712 = ORIENTED_EDGE('',*,*,#1713,.T.);
#1713 = EDGE_CURVE('',#1705,#1714,#1716,.T.);
#1714 = VERTEX_POINT('',#1715);
#1715 = CARTESIAN_POINT('',(1.325,1.199999999999,0.41));
#1716 = LINE('',#1717,#1718);
#1717 = CARTESIAN_POINT('',(0.,1.199999999999,0.41));
#1718 = VECTOR('',#1719,1.);
#1719 = DIRECTION('',(1.,0.,0.));
#1720 = ORIENTED_EDGE('',*,*,#1721,.T.);
#1721 = EDGE_CURVE('',#1714,#1722,#1724,.T.);
#1722 = VERTEX_POINT('',#1723);
#1723 = CARTESIAN_POINT('',(1.479455040525,1.138611247951,0.41));
#1724 = CIRCLE('',#1725,0.224999999999);
#1725 = AXIS2_PLACEMENT_3D('',#1726,#1727,#1728);
#1726 = CARTESIAN_POINT('',(1.325,0.974999999999,0.41));
#1727 = DIRECTION('',(0.,0.,-1.));
#1728 = DIRECTION('',(1.,-2.891205793294E-15,0.));
#1729 = ORIENTED_EDGE('',*,*,#1730,.F.);
#1730 = EDGE_CURVE('',#1731,#1722,#1733,.T.);
#1731 = VERTEX_POINT('',#1732);
#1732 = CARTESIAN_POINT('',(1.435870352045,1.249999999999,0.41));
#1733 = CIRCLE('',#1734,0.164129647954);
#1734 = AXIS2_PLACEMENT_3D('',#1735,#1736,#1737);
#1735 = CARTESIAN_POINT('',(1.599999999999,1.25,0.41));
#1736 = DIRECTION('',(0.,0.,1.));
#1737 = DIRECTION('',(-1.,-2.642306703264E-15,0.));
#1738 = ORIENTED_EDGE('',*,*,#1739,.T.);
#1739 = EDGE_CURVE('',#1731,#1696,#1740,.T.);
#1740 = LINE('',#1741,#1742);
#1741 = CARTESIAN_POINT('',(-1.6,1.249999999999,0.41));
#1742 = VECTOR('',#1743,1.);
#1743 = DIRECTION('',(-1.,0.,0.));
#1744 = PLANE('',#1745);
#1745 = AXIS2_PLACEMENT_3D('',#1746,#1747,#1748);
#1746 = CARTESIAN_POINT('',(0.,0.,0.41));
#1747 = DIRECTION('',(0.,0.,1.));
#1748 = DIRECTION('',(1.,0.,-0.));
#1749 = ADVANCED_FACE('',(#1750),#2128,.F.);
#1750 = FACE_BOUND('',#1751,.T.);
#1751 = EDGE_LOOP('',(#1752,#1762,#1771,#1779,#1788,#1796,#1805,#1813,
    #1821,#1829,#1837,#1846,#1854,#1863,#1871,#1880,#1888,#1897,#1905,
    #1913,#1921,#1929,#1937,#1946,#1954,#1963,#1971,#1980,#1988,#1997,
    #2005,#2013,#2021,#2029,#2038,#2046,#2055,#2063,#2072,#2080,#2089,
    #2097,#2105,#2113,#2121));
#1752 = ORIENTED_EDGE('',*,*,#1753,.F.);
#1753 = EDGE_CURVE('',#1754,#1756,#1758,.T.);
#1754 = VERTEX_POINT('',#1755);
#1755 = CARTESIAN_POINT('',(1.570874886635,1.053016400317,1.E-02));
#1756 = VERTEX_POINT('',#1757);
#1757 = CARTESIAN_POINT('',(1.570874886635,0.962299862153,
    9.999999999E-03));
#1758 = LINE('',#1759,#1760);
#1759 = CARTESIAN_POINT('',(1.570874886635,0.,1.E-02));
#1760 = VECTOR('',#1761,1.);
#1761 = DIRECTION('',(0.,-1.,0.));
#1762 = ORIENTED_EDGE('',*,*,#1763,.F.);
#1763 = EDGE_CURVE('',#1764,#1754,#1766,.T.);
#1764 = VERTEX_POINT('',#1765);
#1765 = CARTESIAN_POINT('',(1.6,1.050874886635,1.E-02));
#1766 = CIRCLE('',#1767,0.199125113364);
#1767 = AXIS2_PLACEMENT_3D('',#1768,#1769,#1770);
#1768 = CARTESIAN_POINT('',(1.599999999999,1.25,1.E-02));
#1769 = DIRECTION('',(0.,0.,-1.));
#1770 = DIRECTION('',(1.,1.088965780523E-15,0.));
#1771 = ORIENTED_EDGE('',*,*,#1772,.F.);
#1772 = EDGE_CURVE('',#1773,#1764,#1775,.T.);
#1773 = VERTEX_POINT('',#1774);
#1774 = CARTESIAN_POINT('',(1.6,-1.050874886635,1.E-02));
#1775 = LINE('',#1776,#1777);
#1776 = CARTESIAN_POINT('',(1.6,1.249999999999,1.E-02));
#1777 = VECTOR('',#1778,1.);
#1778 = DIRECTION('',(-8.673617379884E-17,1.,0.));
#1779 = ORIENTED_EDGE('',*,*,#1780,.F.);
#1780 = EDGE_CURVE('',#1781,#1773,#1783,.T.);
#1781 = VERTEX_POINT('',#1782);
#1782 = CARTESIAN_POINT('',(1.570874886635,-1.053016400317,1.E-02));
#1783 = CIRCLE('',#1784,0.199125113364);
#1784 = AXIS2_PLACEMENT_3D('',#1785,#1786,#1787);
#1785 = CARTESIAN_POINT('',(1.6,-1.249999999999,1.E-02));
#1786 = DIRECTION('',(0.,0.,-1.));
#1787 = DIRECTION('',(1.,7.622760463665E-15,0.));
#1788 = ORIENTED_EDGE('',*,*,#1789,.F.);
#1789 = EDGE_CURVE('',#1790,#1781,#1792,.T.);
#1790 = VERTEX_POINT('',#1791);
#1791 = CARTESIAN_POINT('',(1.570874886635,-0.962299862153,1.E-02));
#1792 = LINE('',#1793,#1794);
#1793 = CARTESIAN_POINT('',(1.570874886635,0.,1.E-02));
#1794 = VECTOR('',#1795,1.);
#1795 = DIRECTION('',(0.,-1.,0.));
#1796 = ORIENTED_EDGE('',*,*,#1797,.F.);
#1797 = EDGE_CURVE('',#1798,#1790,#1800,.T.);
#1798 = VERTEX_POINT('',#1799);
#1799 = CARTESIAN_POINT('',(1.500874886635,-0.97834975898,1.E-02));
#1800 = CIRCLE('',#1801,0.289170609754);
#1801 = AXIS2_PLACEMENT_3D('',#1802,#1803,#1804);
#1802 = CARTESIAN_POINT('',(1.6,-1.249999999999,1.E-02));
#1803 = DIRECTION('',(0.,0.,-1.));
#1804 = DIRECTION('',(1.,8.248572638469E-15,0.));
#1805 = ORIENTED_EDGE('',*,*,#1806,.F.);
#1806 = EDGE_CURVE('',#1807,#1798,#1809,.T.);
#1807 = VERTEX_POINT('',#1808);
#1808 = CARTESIAN_POINT('',(1.500874886635,-0.349125113364,
    9.999999999E-03));
#1809 = LINE('',#1810,#1811);
#1810 = CARTESIAN_POINT('',(1.500874886635,0.,1.E-02));
#1811 = VECTOR('',#1812,1.);
#1812 = DIRECTION('',(0.,-1.,0.));
#1813 = ORIENTED_EDGE('',*,*,#1814,.F.);
#1814 = EDGE_CURVE('',#1815,#1807,#1817,.T.);
#1815 = VERTEX_POINT('',#1816);
#1816 = CARTESIAN_POINT('',(0.599125113364,-0.349125113364,
    9.999999999E-03));
#1817 = LINE('',#1818,#1819);
#1818 = CARTESIAN_POINT('',(-4.205802293103E-17,-0.349125113364,1.E-02)
  );
#1819 = VECTOR('',#1820,1.);
#1820 = DIRECTION('',(1.,-1.204669080539E-16,0.));
#1821 = ORIENTED_EDGE('',*,*,#1822,.F.);
#1822 = EDGE_CURVE('',#1823,#1815,#1825,.T.);
#1823 = VERTEX_POINT('',#1824);
#1824 = CARTESIAN_POINT('',(0.599125113364,-1.150874886635,
    9.999999999E-03));
#1825 = LINE('',#1826,#1827);
#1826 = CARTESIAN_POINT('',(0.599125113364,8.119659368758E-17,1.E-02));
#1827 = VECTOR('',#1828,1.);
#1828 = DIRECTION('',(-1.355252715606E-16,1.,0.));
#1829 = ORIENTED_EDGE('',*,*,#1830,.F.);
#1830 = EDGE_CURVE('',#1831,#1823,#1833,.T.);
#1831 = VERTEX_POINT('',#1832);
#1832 = CARTESIAN_POINT('',(1.32834975898,-1.150874886635,1.E-02));
#1833 = LINE('',#1834,#1835);
#1834 = CARTESIAN_POINT('',(0.,-1.150874886635,1.E-02));
#1835 = VECTOR('',#1836,1.);
#1836 = DIRECTION('',(-1.,0.,0.));
#1837 = ORIENTED_EDGE('',*,*,#1838,.F.);
#1838 = EDGE_CURVE('',#1839,#1831,#1841,.T.);
#1839 = VERTEX_POINT('',#1840);
#1840 = CARTESIAN_POINT('',(1.312299862153,-1.220874886635,1.E-02));
#1841 = CIRCLE('',#1842,0.289170609754);
#1842 = AXIS2_PLACEMENT_3D('',#1843,#1844,#1845);
#1843 = CARTESIAN_POINT('',(1.6,-1.249999999999,1.E-02));
#1844 = DIRECTION('',(0.,0.,-1.));
#1845 = DIRECTION('',(1.,0.,0.));
#1846 = ORIENTED_EDGE('',*,*,#1847,.F.);
#1847 = EDGE_CURVE('',#1848,#1839,#1850,.T.);
#1848 = VERTEX_POINT('',#1849);
#1849 = CARTESIAN_POINT('',(1.403016400317,-1.220874886635,1.E-02));
#1850 = LINE('',#1851,#1852);
#1851 = CARTESIAN_POINT('',(0.,-1.220874886635,1.E-02));
#1852 = VECTOR('',#1853,1.);
#1853 = DIRECTION('',(-1.,0.,0.));
#1854 = ORIENTED_EDGE('',*,*,#1855,.F.);
#1855 = EDGE_CURVE('',#1856,#1848,#1858,.T.);
#1856 = VERTEX_POINT('',#1857);
#1857 = CARTESIAN_POINT('',(1.400874886635,-1.25,1.E-02));
#1858 = CIRCLE('',#1859,0.199125113364);
#1859 = AXIS2_PLACEMENT_3D('',#1860,#1861,#1862);
#1860 = CARTESIAN_POINT('',(1.6,-1.249999999999,1.E-02));
#1861 = DIRECTION('',(0.,0.,-1.));
#1862 = DIRECTION('',(1.,0.,0.));
#1863 = ORIENTED_EDGE('',*,*,#1864,.F.);
#1864 = EDGE_CURVE('',#1865,#1856,#1867,.T.);
#1865 = VERTEX_POINT('',#1866);
#1866 = CARTESIAN_POINT('',(-1.400874886635,-1.25,1.E-02));
#1867 = LINE('',#1868,#1869);
#1868 = CARTESIAN_POINT('',(-1.599999999999,-1.25,1.E-02));
#1869 = VECTOR('',#1870,1.);
#1870 = DIRECTION('',(1.,0.,0.));
#1871 = ORIENTED_EDGE('',*,*,#1872,.F.);
#1872 = EDGE_CURVE('',#1873,#1865,#1875,.T.);
#1873 = VERTEX_POINT('',#1874);
#1874 = CARTESIAN_POINT('',(-1.403016400317,-1.220874886635,
    9.999999999E-03));
#1875 = CIRCLE('',#1876,0.199125113364);
#1876 = AXIS2_PLACEMENT_3D('',#1877,#1878,#1879);
#1877 = CARTESIAN_POINT('',(-1.599999999999,-1.25,1.E-02));
#1878 = DIRECTION('',(0.,0.,-1.));
#1879 = DIRECTION('',(1.,1.524552092733E-14,0.));
#1880 = ORIENTED_EDGE('',*,*,#1881,.F.);
#1881 = EDGE_CURVE('',#1882,#1873,#1884,.T.);
#1882 = VERTEX_POINT('',#1883);
#1883 = CARTESIAN_POINT('',(-1.312299862153,-1.220874886635,
    9.999999999E-03));
#1884 = LINE('',#1885,#1886);
#1885 = CARTESIAN_POINT('',(0.,-1.220874886635,1.E-02));
#1886 = VECTOR('',#1887,1.);
#1887 = DIRECTION('',(-1.,0.,0.));
#1888 = ORIENTED_EDGE('',*,*,#1889,.F.);
#1889 = EDGE_CURVE('',#1890,#1882,#1892,.T.);
#1890 = VERTEX_POINT('',#1891);
#1891 = CARTESIAN_POINT('',(-1.328349758978,-1.150874886635,
    9.999999998E-03));
#1892 = CIRCLE('',#1893,0.289170609754);
#1893 = AXIS2_PLACEMENT_3D('',#1894,#1895,#1896);
#1894 = CARTESIAN_POINT('',(-1.6,-1.249999999999,1.E-02));
#1895 = DIRECTION('',(0.,0.,-1.));
#1896 = DIRECTION('',(1.,5.998961918887E-15,0.));
#1897 = ORIENTED_EDGE('',*,*,#1898,.F.);
#1898 = EDGE_CURVE('',#1899,#1890,#1901,.T.);
#1899 = VERTEX_POINT('',#1900);
#1900 = CARTESIAN_POINT('',(-0.599125113364,-1.150874886635,
    9.999999999E-03));
#1901 = LINE('',#1902,#1903);
#1902 = CARTESIAN_POINT('',(0.,-1.150874886635,1.E-02));
#1903 = VECTOR('',#1904,1.);
#1904 = DIRECTION('',(-1.,0.,0.));
#1905 = ORIENTED_EDGE('',*,*,#1906,.F.);
#1906 = EDGE_CURVE('',#1907,#1899,#1909,.T.);
#1907 = VERTEX_POINT('',#1908);
#1908 = CARTESIAN_POINT('',(-0.599125113364,-0.750641463914,1.E-02));
#1909 = LINE('',#1910,#1911);
#1910 = CARTESIAN_POINT('',(-0.599125113364,8.119659368758E-17,1.E-02));
#1911 = VECTOR('',#1912,1.);
#1912 = DIRECTION('',(-1.355252715606E-16,-1.,0.));
#1913 = ORIENTED_EDGE('',*,*,#1914,.T.);
#1914 = EDGE_CURVE('',#1907,#1915,#1917,.T.);
#1915 = VERTEX_POINT('',#1916);
#1916 = CARTESIAN_POINT('',(-1.003726539453,-0.349125113364,1.E-02));
#1917 = LINE('',#1918,#1919);
#1918 = CARTESIAN_POINT('',(-0.672579429605,-0.677747234959,1.E-02));
#1919 = VECTOR('',#1920,1.);
#1920 = DIRECTION('',(-0.709807735842,0.704395469987,0.));
#1921 = ORIENTED_EDGE('',*,*,#1922,.F.);
#1922 = EDGE_CURVE('',#1923,#1915,#1925,.T.);
#1923 = VERTEX_POINT('',#1924);
#1924 = CARTESIAN_POINT('',(-1.500874886635,-0.349125113364,
    9.999999999E-03));
#1925 = LINE('',#1926,#1927);
#1926 = CARTESIAN_POINT('',(4.205802293103E-17,-0.349125113364,1.E-02));
#1927 = VECTOR('',#1928,1.);
#1928 = DIRECTION('',(1.,1.204669080539E-16,0.));
#1929 = ORIENTED_EDGE('',*,*,#1930,.F.);
#1930 = EDGE_CURVE('',#1931,#1923,#1933,.T.);
#1931 = VERTEX_POINT('',#1932);
#1932 = CARTESIAN_POINT('',(-1.500874886635,-0.978349758978,
    9.999999998E-03));
#1933 = LINE('',#1934,#1935);
#1934 = CARTESIAN_POINT('',(-1.500874886635,0.,1.E-02));
#1935 = VECTOR('',#1936,1.);
#1936 = DIRECTION('',(0.,1.,0.));
#1937 = ORIENTED_EDGE('',*,*,#1938,.F.);
#1938 = EDGE_CURVE('',#1939,#1931,#1941,.T.);
#1939 = VERTEX_POINT('',#1940);
#1940 = CARTESIAN_POINT('',(-1.570874886635,-0.962299862153,
    9.999999999E-03));
#1941 = CIRCLE('',#1942,0.289170609754);
#1942 = AXIS2_PLACEMENT_3D('',#1943,#1944,#1945);
#1943 = CARTESIAN_POINT('',(-1.6,-1.249999999999,1.E-02));
#1944 = DIRECTION('',(0.,0.,-1.));
#1945 = DIRECTION('',(1.,4.499221439165E-15,0.));
#1946 = ORIENTED_EDGE('',*,*,#1947,.F.);
#1947 = EDGE_CURVE('',#1948,#1939,#1950,.T.);
#1948 = VERTEX_POINT('',#1949);
#1949 = CARTESIAN_POINT('',(-1.570874886635,-1.053016400317,1.E-02));
#1950 = LINE('',#1951,#1952);
#1951 = CARTESIAN_POINT('',(-1.570874886635,0.,1.E-02));
#1952 = VECTOR('',#1953,1.);
#1953 = DIRECTION('',(0.,1.,0.));
#1954 = ORIENTED_EDGE('',*,*,#1955,.F.);
#1955 = EDGE_CURVE('',#1956,#1948,#1958,.T.);
#1956 = VERTEX_POINT('',#1957);
#1957 = CARTESIAN_POINT('',(-1.599999999999,-1.050874886635,1.E-02));
#1958 = CIRCLE('',#1959,0.199125113364);
#1959 = AXIS2_PLACEMENT_3D('',#1960,#1961,#1962);
#1960 = CARTESIAN_POINT('',(-1.599999999999,-1.25,1.E-02));
#1961 = DIRECTION('',(0.,0.,-1.));
#1962 = DIRECTION('',(1.,-7.622760463665E-15,0.));
#1963 = ORIENTED_EDGE('',*,*,#1964,.F.);
#1964 = EDGE_CURVE('',#1965,#1956,#1967,.T.);
#1965 = VERTEX_POINT('',#1966);
#1966 = CARTESIAN_POINT('',(-1.6,1.050874886635,1.E-02));
#1967 = LINE('',#1968,#1969);
#1968 = CARTESIAN_POINT('',(-1.6,1.249999999999,1.E-02));
#1969 = VECTOR('',#1970,1.);
#1970 = DIRECTION('',(8.673617379884E-17,-1.,0.));
#1971 = ORIENTED_EDGE('',*,*,#1972,.F.);
#1972 = EDGE_CURVE('',#1973,#1965,#1975,.T.);
#1973 = VERTEX_POINT('',#1974);
#1974 = CARTESIAN_POINT('',(-1.570874886635,1.053016400317,1.E-02));
#1975 = CIRCLE('',#1976,0.199125113364);
#1976 = AXIS2_PLACEMENT_3D('',#1977,#1978,#1979);
#1977 = CARTESIAN_POINT('',(-1.6,1.249999999999,1.E-02));
#1978 = DIRECTION('',(0.,0.,-1.));
#1979 = DIRECTION('',(1.,0.,0.));
#1980 = ORIENTED_EDGE('',*,*,#1981,.F.);
#1981 = EDGE_CURVE('',#1982,#1973,#1984,.T.);
#1982 = VERTEX_POINT('',#1983);
#1983 = CARTESIAN_POINT('',(-1.570874886635,0.962299862153,1.E-02));
#1984 = LINE('',#1985,#1986);
#1985 = CARTESIAN_POINT('',(-1.570874886635,0.,1.E-02));
#1986 = VECTOR('',#1987,1.);
#1987 = DIRECTION('',(0.,1.,0.));
#1988 = ORIENTED_EDGE('',*,*,#1989,.F.);
#1989 = EDGE_CURVE('',#1990,#1982,#1992,.T.);
#1990 = VERTEX_POINT('',#1991);
#1991 = CARTESIAN_POINT('',(-1.500874886635,0.97834975898,1.E-02));
#1992 = CIRCLE('',#1993,0.289170609754);
#1993 = AXIS2_PLACEMENT_3D('',#1994,#1995,#1996);
#1994 = CARTESIAN_POINT('',(-1.6,1.249999999999,1.E-02));
#1995 = DIRECTION('',(0.,0.,-1.));
#1996 = DIRECTION('',(1.,0.,0.));
#1997 = ORIENTED_EDGE('',*,*,#1998,.F.);
#1998 = EDGE_CURVE('',#1999,#1990,#2001,.T.);
#1999 = VERTEX_POINT('',#2000);
#2000 = CARTESIAN_POINT('',(-1.500874886635,0.349125113364,
    9.999999999E-03));
#2001 = LINE('',#2002,#2003);
#2002 = CARTESIAN_POINT('',(-1.500874886635,0.,1.E-02));
#2003 = VECTOR('',#2004,1.);
#2004 = DIRECTION('',(0.,1.,0.));
#2005 = ORIENTED_EDGE('',*,*,#2006,.F.);
#2006 = EDGE_CURVE('',#2007,#1999,#2009,.T.);
#2007 = VERTEX_POINT('',#2008);
#2008 = CARTESIAN_POINT('',(-0.599125113364,0.349125113364,
    9.999999999E-03));
#2009 = LINE('',#2010,#2011);
#2010 = CARTESIAN_POINT('',(4.205802293103E-17,0.349125113364,1.E-02));
#2011 = VECTOR('',#2012,1.);
#2012 = DIRECTION('',(-1.,1.204669080539E-16,0.));
#2013 = ORIENTED_EDGE('',*,*,#2014,.F.);
#2014 = EDGE_CURVE('',#2015,#2007,#2017,.T.);
#2015 = VERTEX_POINT('',#2016);
#2016 = CARTESIAN_POINT('',(-0.599125113364,1.150874886635,
    9.999999999E-03));
#2017 = LINE('',#2018,#2019);
#2018 = CARTESIAN_POINT('',(-0.599125113364,-8.119659368758E-17,1.E-02)
  );
#2019 = VECTOR('',#2020,1.);
#2020 = DIRECTION('',(1.355252715606E-16,-1.,0.));
#2021 = ORIENTED_EDGE('',*,*,#2022,.F.);
#2022 = EDGE_CURVE('',#2023,#2015,#2025,.T.);
#2023 = VERTEX_POINT('',#2024);
#2024 = CARTESIAN_POINT('',(-1.32834975898,1.150874886635,1.E-02));
#2025 = LINE('',#2026,#2027);
#2026 = CARTESIAN_POINT('',(0.,1.150874886635,1.E-02));
#2027 = VECTOR('',#2028,1.);
#2028 = DIRECTION('',(1.,0.,0.));
#2029 = ORIENTED_EDGE('',*,*,#2030,.F.);
#2030 = EDGE_CURVE('',#2031,#2023,#2033,.T.);
#2031 = VERTEX_POINT('',#2032);
#2032 = CARTESIAN_POINT('',(-1.312299862153,1.220874886635,1.E-02));
#2033 = CIRCLE('',#2034,0.289170609754);
#2034 = AXIS2_PLACEMENT_3D('',#2035,#2036,#2037);
#2035 = CARTESIAN_POINT('',(-1.6,1.249999999999,1.E-02));
#2036 = DIRECTION('',(0.,0.,-1.));
#2037 = DIRECTION('',(1.,0.,0.));
#2038 = ORIENTED_EDGE('',*,*,#2039,.F.);
#2039 = EDGE_CURVE('',#2040,#2031,#2042,.T.);
#2040 = VERTEX_POINT('',#2041);
#2041 = CARTESIAN_POINT('',(-1.403016400317,1.220874886635,1.E-02));
#2042 = LINE('',#2043,#2044);
#2043 = CARTESIAN_POINT('',(0.,1.220874886635,1.E-02));
#2044 = VECTOR('',#2045,1.);
#2045 = DIRECTION('',(1.,0.,0.));
#2046 = ORIENTED_EDGE('',*,*,#2047,.F.);
#2047 = EDGE_CURVE('',#2048,#2040,#2050,.T.);
#2048 = VERTEX_POINT('',#2049);
#2049 = CARTESIAN_POINT('',(-1.400874886635,1.249999999999,1.E-02));
#2050 = CIRCLE('',#2051,0.199125113364);
#2051 = AXIS2_PLACEMENT_3D('',#2052,#2053,#2054);
#2052 = CARTESIAN_POINT('',(-1.6,1.249999999999,1.E-02));
#2053 = DIRECTION('',(0.,0.,-1.));
#2054 = DIRECTION('',(1.,0.,0.));
#2055 = ORIENTED_EDGE('',*,*,#2056,.F.);
#2056 = EDGE_CURVE('',#2057,#2048,#2059,.T.);
#2057 = VERTEX_POINT('',#2058);
#2058 = CARTESIAN_POINT('',(1.400874886635,1.249999999999,1.E-02));
#2059 = LINE('',#2060,#2061);
#2060 = CARTESIAN_POINT('',(-1.6,1.249999999999,1.E-02));
#2061 = VECTOR('',#2062,1.);
#2062 = DIRECTION('',(-1.,0.,0.));
#2063 = ORIENTED_EDGE('',*,*,#2064,.F.);
#2064 = EDGE_CURVE('',#2065,#2057,#2067,.T.);
#2065 = VERTEX_POINT('',#2066);
#2066 = CARTESIAN_POINT('',(1.403016400317,1.220874886635,
    9.999999999E-03));
#2067 = CIRCLE('',#2068,0.199125113364);
#2068 = AXIS2_PLACEMENT_3D('',#2069,#2070,#2071);
#2069 = CARTESIAN_POINT('',(1.599999999999,1.25,1.E-02));
#2070 = DIRECTION('',(0.,0.,-1.));
#2071 = DIRECTION('',(1.,0.,0.));
#2072 = ORIENTED_EDGE('',*,*,#2073,.F.);
#2073 = EDGE_CURVE('',#2074,#2065,#2076,.T.);
#2074 = VERTEX_POINT('',#2075);
#2075 = CARTESIAN_POINT('',(1.312299862153,1.220874886635,
    9.999999999E-03));
#2076 = LINE('',#2077,#2078);
#2077 = CARTESIAN_POINT('',(0.,1.220874886635,1.E-02));
#2078 = VECTOR('',#2079,1.);
#2079 = DIRECTION('',(1.,0.,0.));
#2080 = ORIENTED_EDGE('',*,*,#2081,.F.);
#2081 = EDGE_CURVE('',#2082,#2074,#2084,.T.);
#2082 = VERTEX_POINT('',#2083);
#2083 = CARTESIAN_POINT('',(1.328349758978,1.150874886635,
    9.999999998E-03));
#2084 = CIRCLE('',#2085,0.289170609754);
#2085 = AXIS2_PLACEMENT_3D('',#2086,#2087,#2088);
#2086 = CARTESIAN_POINT('',(1.6,1.249999999999,1.E-02));
#2087 = DIRECTION('',(0.,0.,-1.));
#2088 = DIRECTION('',(1.,0.,0.));
#2089 = ORIENTED_EDGE('',*,*,#2090,.F.);
#2090 = EDGE_CURVE('',#2091,#2082,#2093,.T.);
#2091 = VERTEX_POINT('',#2092);
#2092 = CARTESIAN_POINT('',(0.599125113364,1.150874886635,
    9.999999999E-03));
#2093 = LINE('',#2094,#2095);
#2094 = CARTESIAN_POINT('',(0.,1.150874886635,1.E-02));
#2095 = VECTOR('',#2096,1.);
#2096 = DIRECTION('',(1.,0.,0.));
#2097 = ORIENTED_EDGE('',*,*,#2098,.F.);
#2098 = EDGE_CURVE('',#2099,#2091,#2101,.T.);
#2099 = VERTEX_POINT('',#2100);
#2100 = CARTESIAN_POINT('',(0.599125113364,0.349125113364,
    9.999999999E-03));
#2101 = LINE('',#2102,#2103);
#2102 = CARTESIAN_POINT('',(0.599125113364,-8.119659368758E-17,1.E-02));
#2103 = VECTOR('',#2104,1.);
#2104 = DIRECTION('',(1.355252715606E-16,1.,0.));
#2105 = ORIENTED_EDGE('',*,*,#2106,.F.);
#2106 = EDGE_CURVE('',#2107,#2099,#2109,.T.);
#2107 = VERTEX_POINT('',#2108);
#2108 = CARTESIAN_POINT('',(1.500874886635,0.349125113364,
    9.999999999E-03));
#2109 = LINE('',#2110,#2111);
#2110 = CARTESIAN_POINT('',(-4.205802293103E-17,0.349125113364,1.E-02));
#2111 = VECTOR('',#2112,1.);
#2112 = DIRECTION('',(-1.,-1.204669080539E-16,0.));
#2113 = ORIENTED_EDGE('',*,*,#2114,.F.);
#2114 = EDGE_CURVE('',#2115,#2107,#2117,.T.);
#2115 = VERTEX_POINT('',#2116);
#2116 = CARTESIAN_POINT('',(1.500874886635,0.978349758978,
    9.999999998E-03));
#2117 = LINE('',#2118,#2119);
#2118 = CARTESIAN_POINT('',(1.500874886635,0.,1.E-02));
#2119 = VECTOR('',#2120,1.);
#2120 = DIRECTION('',(0.,-1.,0.));
#2121 = ORIENTED_EDGE('',*,*,#2122,.F.);
#2122 = EDGE_CURVE('',#1756,#2115,#2123,.T.);
#2123 = CIRCLE('',#2124,0.289170609754);
#2124 = AXIS2_PLACEMENT_3D('',#2125,#2126,#2127);
#2125 = CARTESIAN_POINT('',(1.6,1.249999999999,1.E-02));
#2126 = DIRECTION('',(0.,0.,-1.));
#2127 = DIRECTION('',(1.,-7.498702398608E-16,0.));
#2128 = PLANE('',#2129);
#2129 = AXIS2_PLACEMENT_3D('',#2130,#2131,#2132);
#2130 = CARTESIAN_POINT('',(0.,0.,1.E-02));
#2131 = DIRECTION('',(0.,0.,1.));
#2132 = DIRECTION('',(1.,0.,-0.));
#2133 = ADVANCED_FACE('',(#2134),#2194,.F.);
#2134 = FACE_BOUND('',#2135,.F.);
#2135 = EDGE_LOOP('',(#2136,#2144,#2153,#2160,#2161,#2167,#2168,#2177,
    #2186,#2193));
#2136 = ORIENTED_EDGE('',*,*,#2137,.F.);
#2137 = EDGE_CURVE('',#2138,#1764,#2140,.T.);
#2138 = VERTEX_POINT('',#2139);
#2139 = CARTESIAN_POINT('',(1.6,1.085870352045,0.41));
#2140 = LINE('',#2141,#2142);
#2141 = CARTESIAN_POINT('',(1.6,1.25,2.286010460552));
#2142 = VECTOR('',#2143,1.);
#2143 = DIRECTION('',(7.559555650533E-18,-8.715574274707E-02,
    -0.996194698092));
#2144 = ORIENTED_EDGE('',*,*,#2145,.F.);
#2145 = EDGE_CURVE('',#2146,#2138,#2148,.T.);
#2146 = VERTEX_POINT('',#2147);
#2147 = CARTESIAN_POINT('',(1.488611247951,1.129455040525,0.41));
#2148 = CIRCLE('',#2149,0.164129647954);
#2149 = AXIS2_PLACEMENT_3D('',#2150,#2151,#2152);
#2150 = CARTESIAN_POINT('',(1.599999999999,1.25,0.41));
#2151 = DIRECTION('',(0.,0.,1.));
#2152 = DIRECTION('',(-1.,1.321153351632E-15,0.));
#2153 = ORIENTED_EDGE('',*,*,#2154,.F.);
#2154 = EDGE_CURVE('',#1722,#2146,#2155,.T.);
#2155 = CIRCLE('',#2156,0.164129647954);
#2156 = AXIS2_PLACEMENT_3D('',#2157,#2158,#2159);
#2157 = CARTESIAN_POINT('',(1.599999999999,1.25,0.41));
#2158 = DIRECTION('',(0.,0.,1.));
#2159 = DIRECTION('',(-1.,-2.642306703264E-15,0.));
#2160 = ORIENTED_EDGE('',*,*,#1730,.F.);
#2161 = ORIENTED_EDGE('',*,*,#2162,.F.);
#2162 = EDGE_CURVE('',#2057,#1731,#2163,.T.);
#2163 = LINE('',#2164,#2165);
#2164 = CARTESIAN_POINT('',(1.599999999999,1.249999999999,2.286010460552
    ));
#2165 = VECTOR('',#2166,1.);
#2166 = DIRECTION('',(8.715574274707E-02,0.,0.996194698092));
#2167 = ORIENTED_EDGE('',*,*,#2064,.F.);
#2168 = ORIENTED_EDGE('',*,*,#2169,.F.);
#2169 = EDGE_CURVE('',#2170,#2065,#2172,.T.);
#2170 = VERTEX_POINT('',#2171);
#2171 = CARTESIAN_POINT('',(1.426287144055,1.246246599057,0.299999999999
    ));
#2172 = B_SPLINE_CURVE_WITH_KNOTS('',3,(#2173,#2174,#2175,#2176),
  .UNSPECIFIED.,.F.,.F.,(4,4),(2.014901297189E-07,2.92237877E-04),
  .PIECEWISE_BEZIER_KNOTS.);
#2173 = CARTESIAN_POINT('',(1.426287144055,1.246246599057,0.299999999999
    ));
#2174 = CARTESIAN_POINT('',(1.418014303021,1.237793076453,0.203375794488
    ));
#2175 = CARTESIAN_POINT('',(1.410317789689,1.229335204053,0.106701870593
    ));
#2176 = CARTESIAN_POINT('',(1.403016400317,1.220874886635,
    9.999999999E-03));
#2177 = ORIENTED_EDGE('',*,*,#2178,.F.);
#2178 = EDGE_CURVE('',#2179,#2170,#2181,.T.);
#2179 = VERTEX_POINT('',#2180);
#2180 = CARTESIAN_POINT('',(1.596246599057,1.076287144055,0.299999999999
    ));
#2181 = CIRCLE('',#2182,0.173753400942);
#2182 = AXIS2_PLACEMENT_3D('',#2183,#2184,#2185);
#2183 = CARTESIAN_POINT('',(1.599999999999,1.25,0.299999999999));
#2184 = DIRECTION('',(0.,0.,-1.));
#2185 = DIRECTION('',(-1.,0.,0.));
#2186 = ORIENTED_EDGE('',*,*,#2187,.F.);
#2187 = EDGE_CURVE('',#1754,#2179,#2188,.T.);
#2188 = B_SPLINE_CURVE_WITH_KNOTS('',3,(#2189,#2190,#2191,#2192),
  .UNSPECIFIED.,.F.,.F.,(4,4),(2.01328820219E-07,2.92237715E-04),
  .PIECEWISE_BEZIER_KNOTS.);
#2189 = CARTESIAN_POINT('',(1.570874886635,1.053016400317,1.E-02));
#2190 = CARTESIAN_POINT('',(1.579335204053,1.060317789689,0.106701870593
    ));
#2191 = CARTESIAN_POINT('',(1.587793076453,1.068014303021,0.203375794488
    ));
#2192 = CARTESIAN_POINT('',(1.596246599057,1.076287144055,0.299999999999
    ));
#2193 = ORIENTED_EDGE('',*,*,#1763,.F.);
#2194 = CONICAL_SURFACE('',#2195,0.2,8.7266462599E-02);
#2195 = AXIS2_PLACEMENT_3D('',#2196,#2197,#2198);
#2196 = CARTESIAN_POINT('',(1.599999999999,1.25,0.));
#2197 = DIRECTION('',(0.,0.,-1.));
#2198 = DIRECTION('',(-1.,0.,0.));
#2199 = ADVANCED_FACE('',(#2200),#2260,.F.);
#2200 = FACE_BOUND('',#2201,.F.);
#2201 = EDGE_LOOP('',(#2202,#2208,#2209,#2218,#2227,#2233,#2234,#2243,
    #2252,#2259));
#2202 = ORIENTED_EDGE('',*,*,#2203,.F.);
#2203 = EDGE_CURVE('',#1576,#1856,#2204,.T.);
#2204 = LINE('',#2205,#2206);
#2205 = CARTESIAN_POINT('',(1.6,-1.25,2.286010460552));
#2206 = VECTOR('',#2207,1.);
#2207 = DIRECTION('',(-8.715574274707E-02,0.,-0.996194698092));
#2208 = ORIENTED_EDGE('',*,*,#1573,.F.);
#2209 = ORIENTED_EDGE('',*,*,#2210,.F.);
#2210 = EDGE_CURVE('',#2211,#1574,#2213,.T.);
#2211 = VERTEX_POINT('',#2212);
#2212 = CARTESIAN_POINT('',(1.488611247951,-1.129455040525,0.41));
#2213 = CIRCLE('',#2214,0.164129647954);
#2214 = AXIS2_PLACEMENT_3D('',#2215,#2216,#2217);
#2215 = CARTESIAN_POINT('',(1.6,-1.249999999999,0.41));
#2216 = DIRECTION('',(0.,0.,1.));
#2217 = DIRECTION('',(1.,0.,-0.));
#2218 = ORIENTED_EDGE('',*,*,#2219,.F.);
#2219 = EDGE_CURVE('',#2220,#2211,#2222,.T.);
#2220 = VERTEX_POINT('',#2221);
#2221 = CARTESIAN_POINT('',(1.6,-1.085870352045,0.41));
#2222 = CIRCLE('',#2223,0.164129647954);
#2223 = AXIS2_PLACEMENT_3D('',#2224,#2225,#2226);
#2224 = CARTESIAN_POINT('',(1.6,-1.249999999999,0.41));
#2225 = DIRECTION('',(0.,0.,1.));
#2226 = DIRECTION('',(1.,0.,-0.));
#2227 = ORIENTED_EDGE('',*,*,#2228,.F.);
#2228 = EDGE_CURVE('',#1773,#2220,#2229,.T.);
#2229 = LINE('',#2230,#2231);
#2230 = CARTESIAN_POINT('',(1.6,-1.249999999999,2.286010460552));
#2231 = VECTOR('',#2232,1.);
#2232 = DIRECTION('',(7.559555650533E-18,-8.715574274707E-02,
    0.996194698092));
#2233 = ORIENTED_EDGE('',*,*,#1780,.F.);
#2234 = ORIENTED_EDGE('',*,*,#2235,.F.);
#2235 = EDGE_CURVE('',#2236,#1781,#2238,.T.);
#2236 = VERTEX_POINT('',#2237);
#2237 = CARTESIAN_POINT('',(1.596246599057,-1.076287144055,
    0.299999999999));
#2238 = B_SPLINE_CURVE_WITH_KNOTS('',3,(#2239,#2240,#2241,#2242),
  .UNSPECIFIED.,.F.,.F.,(4,4),(2.014901297188E-07,2.92237877E-04),
  .PIECEWISE_BEZIER_KNOTS.);
#2239 = CARTESIAN_POINT('',(1.596246599057,-1.076287144055,
    0.299999999999));
#2240 = CARTESIAN_POINT('',(1.587793076453,-1.068014303021,
    0.203375794488));
#2241 = CARTESIAN_POINT('',(1.579335204053,-1.060317789689,
    0.106701870593));
#2242 = CARTESIAN_POINT('',(1.570874886635,-1.053016400317,1.E-02));
#2243 = ORIENTED_EDGE('',*,*,#2244,.T.);
#2244 = EDGE_CURVE('',#2236,#2245,#2247,.T.);
#2245 = VERTEX_POINT('',#2246);
#2246 = CARTESIAN_POINT('',(1.426287144055,-1.246246599057,
    0.299999999999));
#2247 = CIRCLE('',#2248,0.173753400942);
#2248 = AXIS2_PLACEMENT_3D('',#2249,#2250,#2251);
#2249 = CARTESIAN_POINT('',(1.6,-1.249999999999,0.299999999999));
#2250 = DIRECTION('',(0.,0.,1.));
#2251 = DIRECTION('',(1.,0.,-0.));
#2252 = ORIENTED_EDGE('',*,*,#2253,.F.);
#2253 = EDGE_CURVE('',#1848,#2245,#2254,.T.);
#2254 = B_SPLINE_CURVE_WITH_KNOTS('',3,(#2255,#2256,#2257,#2258),
  .UNSPECIFIED.,.F.,.F.,(4,4),(2.01328820219E-07,2.92237715E-04),
  .PIECEWISE_BEZIER_KNOTS.);
#2255 = CARTESIAN_POINT('',(1.403016400317,-1.220874886635,1.E-02));
#2256 = CARTESIAN_POINT('',(1.410317789689,-1.229335204053,
    0.106701870593));
#2257 = CARTESIAN_POINT('',(1.418014303021,-1.237793076453,
    0.203375794488));
#2258 = CARTESIAN_POINT('',(1.426287144055,-1.246246599057,
    0.299999999999));
#2259 = ORIENTED_EDGE('',*,*,#1855,.F.);
#2260 = CONICAL_SURFACE('',#2261,0.2,8.7266462599E-02);
#2261 = AXIS2_PLACEMENT_3D('',#2262,#2263,#2264);
#2262 = CARTESIAN_POINT('',(1.6,-1.249999999999,0.));
#2263 = DIRECTION('',(0.,0.,-1.));
#2264 = DIRECTION('',(1.,0.,0.));
#2265 = ADVANCED_FACE('',(#2266),#2316,.F.);
#2266 = FACE_BOUND('',#2267,.F.);
#2267 = EDGE_LOOP('',(#2268,#2274,#2275,#2282,#2283,#2289,#2290,#2299,
    #2308,#2315));
#2268 = ORIENTED_EDGE('',*,*,#2269,.F.);
#2269 = EDGE_CURVE('',#1636,#1956,#2270,.T.);
#2270 = LINE('',#2271,#2272);
#2271 = CARTESIAN_POINT('',(-1.599999999999,-1.25,2.286010460552));
#2272 = VECTOR('',#2273,1.);
#2273 = DIRECTION('',(-7.559555650533E-18,8.715574274707E-02,
    -0.996194698092));
#2274 = ORIENTED_EDGE('',*,*,#1633,.F.);
#2275 = ORIENTED_EDGE('',*,*,#2276,.F.);
#2276 = EDGE_CURVE('',#1602,#1634,#2277,.T.);
#2277 = CIRCLE('',#2278,0.164129647954);
#2278 = AXIS2_PLACEMENT_3D('',#2279,#2280,#2281);
#2279 = CARTESIAN_POINT('',(-1.599999999999,-1.25,0.41));
#2280 = DIRECTION('',(0.,0.,1.));
#2281 = DIRECTION('',(-1.,0.,0.));
#2282 = ORIENTED_EDGE('',*,*,#1610,.F.);
#2283 = ORIENTED_EDGE('',*,*,#2284,.F.);
#2284 = EDGE_CURVE('',#1865,#1611,#2285,.T.);
#2285 = LINE('',#2286,#2287);
#2286 = CARTESIAN_POINT('',(-1.599999999999,-1.25,2.286010460552));
#2287 = VECTOR('',#2288,1.);
#2288 = DIRECTION('',(-8.715574274707E-02,0.,0.996194698092));
#2289 = ORIENTED_EDGE('',*,*,#1872,.F.);
#2290 = ORIENTED_EDGE('',*,*,#2291,.F.);
#2291 = EDGE_CURVE('',#2292,#1873,#2294,.T.);
#2292 = VERTEX_POINT('',#2293);
#2293 = CARTESIAN_POINT('',(-1.426287144055,-1.246246599057,
    0.299999999999));
#2294 = B_SPLINE_CURVE_WITH_KNOTS('',3,(#2295,#2296,#2297,#2298),
  .UNSPECIFIED.,.F.,.F.,(4,4),(2.014901297188E-07,2.92237877E-04),
  .PIECEWISE_BEZIER_KNOTS.);
#2295 = CARTESIAN_POINT('',(-1.426287144055,-1.246246599057,
    0.299999999999));
#2296 = CARTESIAN_POINT('',(-1.418014303021,-1.237793076453,
    0.203375794488));
#2297 = CARTESIAN_POINT('',(-1.410317789689,-1.229335204053,
    0.106701870593));
#2298 = CARTESIAN_POINT('',(-1.403016400317,-1.220874886635,
    9.999999999E-03));
#2299 = ORIENTED_EDGE('',*,*,#2300,.F.);
#2300 = EDGE_CURVE('',#2301,#2292,#2303,.T.);
#2301 = VERTEX_POINT('',#2302);
#2302 = CARTESIAN_POINT('',(-1.596246599057,-1.076287144055,
    0.299999999999));
#2303 = CIRCLE('',#2304,0.173753400942);
#2304 = AXIS2_PLACEMENT_3D('',#2305,#2306,#2307);
#2305 = CARTESIAN_POINT('',(-1.599999999999,-1.25,0.299999999999));
#2306 = DIRECTION('',(0.,0.,-1.));
#2307 = DIRECTION('',(-1.,0.,0.));
#2308 = ORIENTED_EDGE('',*,*,#2309,.F.);
#2309 = EDGE_CURVE('',#1948,#2301,#2310,.T.);
#2310 = B_SPLINE_CURVE_WITH_KNOTS('',3,(#2311,#2312,#2313,#2314),
  .UNSPECIFIED.,.F.,.F.,(4,4),(2.01328820219E-07,2.92237715E-04),
  .PIECEWISE_BEZIER_KNOTS.);
#2311 = CARTESIAN_POINT('',(-1.570874886635,-1.053016400317,1.E-02));
#2312 = CARTESIAN_POINT('',(-1.579335204053,-1.060317789689,
    0.106701870593));
#2313 = CARTESIAN_POINT('',(-1.587793076453,-1.068014303021,
    0.203375794488));
#2314 = CARTESIAN_POINT('',(-1.596246599057,-1.076287144055,
    0.299999999999));
#2315 = ORIENTED_EDGE('',*,*,#1955,.F.);
#2316 = CONICAL_SURFACE('',#2317,0.2,8.7266462599E-02);
#2317 = AXIS2_PLACEMENT_3D('',#2318,#2319,#2320);
#2318 = CARTESIAN_POINT('',(-1.599999999999,-1.25,0.));
#2319 = DIRECTION('',(0.,0.,-1.));
#2320 = DIRECTION('',(-1.,0.,0.));
#2321 = ADVANCED_FACE('',(#2322),#2372,.F.);
#2322 = FACE_BOUND('',#2323,.F.);
#2323 = EDGE_LOOP('',(#2324,#2333,#2334,#2340,#2341,#2348,#2349,#2355,
    #2356,#2365));
#2324 = ORIENTED_EDGE('',*,*,#2325,.F.);
#2325 = EDGE_CURVE('',#2040,#2326,#2328,.T.);
#2326 = VERTEX_POINT('',#2327);
#2327 = CARTESIAN_POINT('',(-1.426287144055,1.246246599057,
    0.299999999999));
#2328 = B_SPLINE_CURVE_WITH_KNOTS('',3,(#2329,#2330,#2331,#2332),
  .UNSPECIFIED.,.F.,.F.,(4,4),(2.01328820219E-07,2.92237715E-04),
  .PIECEWISE_BEZIER_KNOTS.);
#2329 = CARTESIAN_POINT('',(-1.403016400317,1.220874886635,1.E-02));
#2330 = CARTESIAN_POINT('',(-1.410317789689,1.229335204053,
    0.106701870593));
#2331 = CARTESIAN_POINT('',(-1.418014303021,1.237793076453,
    0.203375794488));
#2332 = CARTESIAN_POINT('',(-1.426287144055,1.246246599057,
    0.299999999999));
#2333 = ORIENTED_EDGE('',*,*,#2047,.F.);
#2334 = ORIENTED_EDGE('',*,*,#2335,.F.);
#2335 = EDGE_CURVE('',#1696,#2048,#2336,.T.);
#2336 = LINE('',#2337,#2338);
#2337 = CARTESIAN_POINT('',(-1.6,1.249999999999,2.286010460552));
#2338 = VECTOR('',#2339,1.);
#2339 = DIRECTION('',(8.715574274707E-02,0.,-0.996194698092));
#2340 = ORIENTED_EDGE('',*,*,#1693,.F.);
#2341 = ORIENTED_EDGE('',*,*,#2342,.F.);
#2342 = EDGE_CURVE('',#1662,#1694,#2343,.T.);
#2343 = CIRCLE('',#2344,0.164129647954);
#2344 = AXIS2_PLACEMENT_3D('',#2345,#2346,#2347);
#2345 = CARTESIAN_POINT('',(-1.6,1.249999999999,0.41));
#2346 = DIRECTION('',(0.,0.,1.));
#2347 = DIRECTION('',(1.,0.,-0.));
#2348 = ORIENTED_EDGE('',*,*,#1670,.F.);
#2349 = ORIENTED_EDGE('',*,*,#2350,.F.);
#2350 = EDGE_CURVE('',#1965,#1671,#2351,.T.);
#2351 = LINE('',#2352,#2353);
#2352 = CARTESIAN_POINT('',(-1.6,1.249999999999,2.286010460552));
#2353 = VECTOR('',#2354,1.);
#2354 = DIRECTION('',(-7.559555650533E-18,8.715574274707E-02,
    0.996194698092));
#2355 = ORIENTED_EDGE('',*,*,#1972,.F.);
#2356 = ORIENTED_EDGE('',*,*,#2357,.F.);
#2357 = EDGE_CURVE('',#2358,#1973,#2360,.T.);
#2358 = VERTEX_POINT('',#2359);
#2359 = CARTESIAN_POINT('',(-1.596246599057,1.076287144055,
    0.299999999999));
#2360 = B_SPLINE_CURVE_WITH_KNOTS('',3,(#2361,#2362,#2363,#2364),
  .UNSPECIFIED.,.F.,.F.,(4,4),(2.014901297188E-07,2.92237877E-04),
  .PIECEWISE_BEZIER_KNOTS.);
#2361 = CARTESIAN_POINT('',(-1.596246599057,1.076287144055,
    0.299999999999));
#2362 = CARTESIAN_POINT('',(-1.587793076453,1.068014303021,
    0.203375794488));
#2363 = CARTESIAN_POINT('',(-1.579335204053,1.060317789689,
    0.106701870593));
#2364 = CARTESIAN_POINT('',(-1.570874886635,1.053016400317,1.E-02));
#2365 = ORIENTED_EDGE('',*,*,#2366,.T.);
#2366 = EDGE_CURVE('',#2358,#2326,#2367,.T.);
#2367 = CIRCLE('',#2368,0.173753400942);
#2368 = AXIS2_PLACEMENT_3D('',#2369,#2370,#2371);
#2369 = CARTESIAN_POINT('',(-1.6,1.249999999999,0.299999999999));
#2370 = DIRECTION('',(0.,0.,1.));
#2371 = DIRECTION('',(1.,0.,-0.));
#2372 = CONICAL_SURFACE('',#2373,0.2,8.7266462599E-02);
#2373 = AXIS2_PLACEMENT_3D('',#2374,#2375,#2376);
#2374 = CARTESIAN_POINT('',(-1.6,1.249999999999,0.));
#2375 = DIRECTION('',(0.,0.,-1.));
#2376 = DIRECTION('',(1.,0.,0.));
#2377 = ADVANCED_FACE('',(#2378),#2389,.F.);
#2378 = FACE_BOUND('',#2379,.T.);
#2379 = EDGE_LOOP('',(#2380,#2381,#2387,#2388));
#2380 = ORIENTED_EDGE('',*,*,#2137,.F.);
#2381 = ORIENTED_EDGE('',*,*,#2382,.F.);
#2382 = EDGE_CURVE('',#2220,#2138,#2383,.T.);
#2383 = LINE('',#2384,#2385);
#2384 = CARTESIAN_POINT('',(1.6,1.249999999999,0.41));
#2385 = VECTOR('',#2386,1.);
#2386 = DIRECTION('',(-8.673617379884E-17,1.,0.));
#2387 = ORIENTED_EDGE('',*,*,#2228,.F.);
#2388 = ORIENTED_EDGE('',*,*,#1772,.T.);
#2389 = PLANE('',#2390);
#2390 = AXIS2_PLACEMENT_3D('',#2391,#2392,#2393);
#2391 = CARTESIAN_POINT('',(1.6,1.249999999999,0.41));
#2392 = DIRECTION('',(-1.,-8.673617379884E-17,0.));
#2393 = DIRECTION('',(8.673617379884E-17,-1.,0.));
#2394 = ADVANCED_FACE('',(#2395),#2401,.F.);
#2395 = FACE_BOUND('',#2396,.T.);
#2396 = EDGE_LOOP('',(#2397,#2398,#2399,#2400));
#2397 = ORIENTED_EDGE('',*,*,#2162,.F.);
#2398 = ORIENTED_EDGE('',*,*,#2056,.T.);
#2399 = ORIENTED_EDGE('',*,*,#2335,.F.);
#2400 = ORIENTED_EDGE('',*,*,#1739,.F.);
#2401 = PLANE('',#2402);
#2402 = AXIS2_PLACEMENT_3D('',#2403,#2404,#2405);
#2403 = CARTESIAN_POINT('',(-1.6,1.249999999999,0.41));
#2404 = DIRECTION('',(0.,-1.,0.));
#2405 = DIRECTION('',(0.,0.,-1.));
#2406 = ADVANCED_FACE('',(#2407),#2413,.F.);
#2407 = FACE_BOUND('',#2408,.T.);
#2408 = EDGE_LOOP('',(#2409,#2410,#2411,#2412));
#2409 = ORIENTED_EDGE('',*,*,#2269,.F.);
#2410 = ORIENTED_EDGE('',*,*,#1679,.F.);
#2411 = ORIENTED_EDGE('',*,*,#2350,.F.);
#2412 = ORIENTED_EDGE('',*,*,#1964,.T.);
#2413 = PLANE('',#2414);
#2414 = AXIS2_PLACEMENT_3D('',#2415,#2416,#2417);
#2415 = CARTESIAN_POINT('',(-1.6,1.249999999999,0.41));
#2416 = DIRECTION('',(1.,8.673617379884E-17,0.));
#2417 = DIRECTION('',(-8.673617379884E-17,1.,0.));
#2418 = ADVANCED_FACE('',(#2419),#2425,.F.);
#2419 = FACE_BOUND('',#2420,.T.);
#2420 = EDGE_LOOP('',(#2421,#2422,#2423,#2424));
#2421 = ORIENTED_EDGE('',*,*,#2203,.F.);
#2422 = ORIENTED_EDGE('',*,*,#1619,.F.);
#2423 = ORIENTED_EDGE('',*,*,#2284,.F.);
#2424 = ORIENTED_EDGE('',*,*,#1864,.T.);
#2425 = PLANE('',#2426);
#2426 = AXIS2_PLACEMENT_3D('',#2427,#2428,#2429);
#2427 = CARTESIAN_POINT('',(-1.599999999999,-1.25,0.41));
#2428 = DIRECTION('',(0.,1.,0.));
#2429 = DIRECTION('',(0.,-0.,1.));
#2430 = ADVANCED_FACE('',(#2431),#2460,.T.);
#2431 = FACE_BOUND('',#2432,.T.);
#2432 = EDGE_LOOP('',(#2433,#2443,#2450,#2451,#2452,#2453));
#2433 = ORIENTED_EDGE('',*,*,#2434,.T.);
#2434 = EDGE_CURVE('',#2435,#2437,#2439,.T.);
#2435 = VERTEX_POINT('',#2436);
#2436 = CARTESIAN_POINT('',(1.55,0.974999999999,0.41));
#2437 = VERTEX_POINT('',#2438);
#2438 = CARTESIAN_POINT('',(1.55,-0.974999999999,0.41));
#2439 = LINE('',#2440,#2441);
#2440 = CARTESIAN_POINT('',(1.55,0.,0.41));
#2441 = VECTOR('',#2442,1.);
#2442 = DIRECTION('',(0.,-1.,0.));
#2443 = ORIENTED_EDGE('',*,*,#2444,.T.);
#2444 = EDGE_CURVE('',#2437,#2211,#2445,.T.);
#2445 = CIRCLE('',#2446,0.224999999999);
#2446 = AXIS2_PLACEMENT_3D('',#2447,#2448,#2449);
#2447 = CARTESIAN_POINT('',(1.325,-0.974999999999,0.41));
#2448 = DIRECTION('',(0.,0.,-1.));
#2449 = DIRECTION('',(1.,0.,0.));
#2450 = ORIENTED_EDGE('',*,*,#2219,.F.);
#2451 = ORIENTED_EDGE('',*,*,#2382,.T.);
#2452 = ORIENTED_EDGE('',*,*,#2145,.F.);
#2453 = ORIENTED_EDGE('',*,*,#2454,.T.);
#2454 = EDGE_CURVE('',#2146,#2435,#2455,.T.);
#2455 = CIRCLE('',#2456,0.224999999999);
#2456 = AXIS2_PLACEMENT_3D('',#2457,#2458,#2459);
#2457 = CARTESIAN_POINT('',(1.325,0.974999999999,0.41));
#2458 = DIRECTION('',(0.,0.,-1.));
#2459 = DIRECTION('',(1.,2.891205793294E-15,0.));
#2460 = PLANE('',#2461);
#2461 = AXIS2_PLACEMENT_3D('',#2462,#2463,#2464);
#2462 = CARTESIAN_POINT('',(0.,0.,0.41));
#2463 = DIRECTION('',(0.,0.,1.));
#2464 = DIRECTION('',(1.,0.,-0.));
#2465 = ADVANCED_FACE('',(#2466),#2494,.T.);
#2466 = FACE_BOUND('',#2467,.T.);
#2467 = EDGE_LOOP('',(#2468,#2477,#2478,#2487));
#2468 = ORIENTED_EDGE('',*,*,#2469,.F.);
#2469 = EDGE_CURVE('',#1990,#2470,#2472,.T.);
#2470 = VERTEX_POINT('',#2471);
#2471 = CARTESIAN_POINT('',(-1.5,0.979603210136,0.));
#2472 = B_SPLINE_CURVE_WITH_KNOTS('',3,(#2473,#2474,#2475,#2476),
  .UNSPECIFIED.,.F.,.F.,(4,4),(2.93100837E-04,3.03216723E-04),
  .PIECEWISE_BEZIER_KNOTS.);
#2473 = CARTESIAN_POINT('',(-1.500874886635,0.97834975898,1.E-02));
#2474 = CARTESIAN_POINT('',(-1.500583247438,0.978766626831,
    6.666548729E-03));
#2475 = CARTESIAN_POINT('',(-1.500291618489,0.979184439586,
    3.333214587E-03));
#2476 = CARTESIAN_POINT('',(-1.5,0.979603210136,0.));
#2477 = ORIENTED_EDGE('',*,*,#1989,.T.);
#2478 = ORIENTED_EDGE('',*,*,#2479,.T.);
#2479 = EDGE_CURVE('',#1982,#2480,#2482,.T.);
#2480 = VERTEX_POINT('',#2481);
#2481 = CARTESIAN_POINT('',(-1.57,0.963269422682,0.));
#2482 = B_SPLINE_CURVE_WITH_KNOTS('',3,(#2483,#2484,#2485,#2486),
  .UNSPECIFIED.,.F.,.F.,(4,4),(2.92340594E-04,3.02425415E-04),
  .PIECEWISE_BEZIER_KNOTS.);
#2483 = CARTESIAN_POINT('',(-1.570874886635,0.962299862153,1.E-02));
#2484 = CARTESIAN_POINT('',(-1.570583253218,0.962622509441,
    6.666614794E-03));
#2485 = CARTESIAN_POINT('',(-1.570291624317,0.962945694485,3.3332812E-03
    ));
#2486 = CARTESIAN_POINT('',(-1.57,0.963269422682,0.));
#2487 = ORIENTED_EDGE('',*,*,#2488,.T.);
#2488 = EDGE_CURVE('',#2480,#2470,#2489,.T.);
#2489 = CIRCLE('',#2490,0.288295723118);
#2490 = AXIS2_PLACEMENT_3D('',#2491,#2492,#2493);
#2491 = CARTESIAN_POINT('',(-1.6,1.249999999999,0.));
#2492 = DIRECTION('',(0.,0.,1.));
#2493 = DIRECTION('',(1.,0.,-0.));
#2494 = CONICAL_SURFACE('',#2495,0.288295723118,8.7266462599E-02);
#2495 = AXIS2_PLACEMENT_3D('',#2496,#2497,#2498);
#2496 = CARTESIAN_POINT('',(-1.6,1.249999999999,0.));
#2497 = DIRECTION('',(0.,0.,1.));
#2498 = DIRECTION('',(1.,0.,-0.));
#2499 = ADVANCED_FACE('',(#2500),#2518,.T.);
#2500 = FACE_BOUND('',#2501,.T.);
#2501 = EDGE_LOOP('',(#2502,#2510,#2511,#2512));
#2502 = ORIENTED_EDGE('',*,*,#2503,.F.);
#2503 = EDGE_CURVE('',#1999,#2504,#2506,.T.);
#2504 = VERTEX_POINT('',#2505);
#2505 = CARTESIAN_POINT('',(-1.5,0.349999999999,0.));
#2506 = LINE('',#2507,#2508);
#2507 = CARTESIAN_POINT('',(-1.493215028338,0.356784971661,
    -7.7552580967E-02));
#2508 = VECTOR('',#2509,1.);
#2509 = DIRECTION('',(8.682659386409E-02,8.682659386409E-02,
    -0.992432509139));
#2510 = ORIENTED_EDGE('',*,*,#1998,.T.);
#2511 = ORIENTED_EDGE('',*,*,#2469,.T.);
#2512 = ORIENTED_EDGE('',*,*,#2513,.T.);
#2513 = EDGE_CURVE('',#2470,#2504,#2514,.T.);
#2514 = LINE('',#2515,#2516);
#2515 = CARTESIAN_POINT('',(-1.5,0.979603210136,0.));
#2516 = VECTOR('',#2517,1.);
#2517 = DIRECTION('',(0.,-1.,0.));
#2518 = PLANE('',#2519);
#2519 = AXIS2_PLACEMENT_3D('',#2520,#2521,#2522);
#2520 = CARTESIAN_POINT('',(-1.5,0.979603210136,0.));
#2521 = DIRECTION('',(-0.996194698092,0.,-8.715574274707E-02));
#2522 = DIRECTION('',(-8.715574274707E-02,0.,0.996194698092));
#2523 = ADVANCED_FACE('',(#2524),#2542,.T.);
#2524 = FACE_BOUND('',#2525,.T.);
#2525 = EDGE_LOOP('',(#2526,#2534,#2535,#2536));
#2526 = ORIENTED_EDGE('',*,*,#2527,.F.);
#2527 = EDGE_CURVE('',#2007,#2528,#2530,.T.);
#2528 = VERTEX_POINT('',#2529);
#2529 = CARTESIAN_POINT('',(-0.599999999999,0.349999999999,0.));
#2530 = LINE('',#2531,#2532);
#2531 = CARTESIAN_POINT('',(-0.606031085921,0.356031085921,
    -6.8935627526E-02));
#2532 = VECTOR('',#2533,1.);
#2533 = DIRECTION('',(-8.682659386409E-02,8.682659386409E-02,
    -0.992432509139));
#2534 = ORIENTED_EDGE('',*,*,#2006,.T.);
#2535 = ORIENTED_EDGE('',*,*,#2503,.T.);
#2536 = ORIENTED_EDGE('',*,*,#2537,.T.);
#2537 = EDGE_CURVE('',#2504,#2528,#2538,.T.);
#2538 = LINE('',#2539,#2540);
#2539 = CARTESIAN_POINT('',(-0.599999999999,0.349999999999,0.));
#2540 = VECTOR('',#2541,1.);
#2541 = DIRECTION('',(1.,-1.204669080539E-16,0.));
#2542 = PLANE('',#2543);
#2543 = AXIS2_PLACEMENT_3D('',#2544,#2545,#2546);
#2544 = CARTESIAN_POINT('',(-0.599999999999,0.349999999999,0.));
#2545 = DIRECTION('',(-1.200084950989E-16,-0.996194698092,
    -8.715574274707E-02));
#2546 = DIRECTION('',(0.,8.715574274707E-02,-0.996194698092));
#2547 = ADVANCED_FACE('',(#2548),#2566,.T.);
#2548 = FACE_BOUND('',#2549,.T.);
#2549 = EDGE_LOOP('',(#2550,#2558,#2559,#2560));
#2550 = ORIENTED_EDGE('',*,*,#2551,.F.);
#2551 = EDGE_CURVE('',#2015,#2552,#2554,.T.);
#2552 = VERTEX_POINT('',#2553);
#2553 = CARTESIAN_POINT('',(-0.599999999999,1.149999999999,0.));
#2554 = LINE('',#2555,#2556);
#2555 = CARTESIAN_POINT('',(-0.605500374561,1.144499625438,
    -6.286956892E-02));
#2556 = VECTOR('',#2557,1.);
#2557 = DIRECTION('',(-8.682659386409E-02,-8.682659386409E-02,
    -0.992432509139));
#2558 = ORIENTED_EDGE('',*,*,#2014,.T.);
#2559 = ORIENTED_EDGE('',*,*,#2527,.T.);
#2560 = ORIENTED_EDGE('',*,*,#2561,.T.);
#2561 = EDGE_CURVE('',#2528,#2552,#2562,.T.);
#2562 = LINE('',#2563,#2564);
#2563 = CARTESIAN_POINT('',(-0.599999999999,1.149999999999,0.));
#2564 = VECTOR('',#2565,1.);
#2565 = DIRECTION('',(-1.355252715606E-16,1.,0.));
#2566 = PLANE('',#2567);
#2567 = AXIS2_PLACEMENT_3D('',#2568,#2569,#2570);
#2568 = CARTESIAN_POINT('',(-0.599999999999,1.149999999999,0.));
#2569 = DIRECTION('',(0.996194698092,1.350095569863E-16,
    -8.715574274707E-02));
#2570 = DIRECTION('',(-8.715574274707E-02,0.,-0.996194698092));
#2571 = ADVANCED_FACE('',(#2572),#2591,.T.);
#2572 = FACE_BOUND('',#2573,.T.);
#2573 = EDGE_LOOP('',(#2574,#2583,#2584,#2585));
#2574 = ORIENTED_EDGE('',*,*,#2575,.F.);
#2575 = EDGE_CURVE('',#2023,#2576,#2578,.T.);
#2576 = VERTEX_POINT('',#2577);
#2577 = CARTESIAN_POINT('',(-1.329603210136,1.149999999999,0.));
#2578 = B_SPLINE_CURVE_WITH_KNOTS('',3,(#2579,#2580,#2581,#2582),
  .UNSPECIFIED.,.F.,.F.,(4,4),(2.93100837E-04,3.03216723E-04),
  .PIECEWISE_BEZIER_KNOTS.);
#2579 = CARTESIAN_POINT('',(-1.32834975898,1.150874886635,1.E-02));
#2580 = CARTESIAN_POINT('',(-1.328766626831,1.150583247438,
    6.666548729E-03));
#2581 = CARTESIAN_POINT('',(-1.329184439586,1.150291618489,
    3.333214587E-03));
#2582 = CARTESIAN_POINT('',(-1.329603210136,1.149999999999,0.));
#2583 = ORIENTED_EDGE('',*,*,#2022,.T.);
#2584 = ORIENTED_EDGE('',*,*,#2551,.T.);
#2585 = ORIENTED_EDGE('',*,*,#2586,.T.);
#2586 = EDGE_CURVE('',#2552,#2576,#2587,.T.);
#2587 = LINE('',#2588,#2589);
#2588 = CARTESIAN_POINT('',(-1.329603210136,1.149999999999,0.));
#2589 = VECTOR('',#2590,1.);
#2590 = DIRECTION('',(-1.,0.,0.));
#2591 = PLANE('',#2592);
#2592 = AXIS2_PLACEMENT_3D('',#2593,#2594,#2595);
#2593 = CARTESIAN_POINT('',(-1.329603210136,1.149999999999,0.));
#2594 = DIRECTION('',(0.,0.996194698092,-8.715574274707E-02));
#2595 = DIRECTION('',(0.,8.715574274707E-02,0.996194698092));
#2596 = ADVANCED_FACE('',(#2597),#2617,.T.);
#2597 = FACE_BOUND('',#2598,.T.);
#2598 = EDGE_LOOP('',(#2599,#2608,#2609,#2610));
#2599 = ORIENTED_EDGE('',*,*,#2600,.F.);
#2600 = EDGE_CURVE('',#2031,#2601,#2603,.T.);
#2601 = VERTEX_POINT('',#2602);
#2602 = CARTESIAN_POINT('',(-1.313269422682,1.219999999999,0.));
#2603 = B_SPLINE_CURVE_WITH_KNOTS('',3,(#2604,#2605,#2606,#2607),
  .UNSPECIFIED.,.F.,.F.,(4,4),(2.92340594E-04,3.02425415E-04),
  .PIECEWISE_BEZIER_KNOTS.);
#2604 = CARTESIAN_POINT('',(-1.312299862153,1.220874886635,1.E-02));
#2605 = CARTESIAN_POINT('',(-1.312622509441,1.220583253218,
    6.666614794E-03));
#2606 = CARTESIAN_POINT('',(-1.312945694485,1.220291624317,3.3332812E-03
    ));
#2607 = CARTESIAN_POINT('',(-1.313269422682,1.219999999999,0.));
#2608 = ORIENTED_EDGE('',*,*,#2030,.T.);
#2609 = ORIENTED_EDGE('',*,*,#2575,.T.);
#2610 = ORIENTED_EDGE('',*,*,#2611,.T.);
#2611 = EDGE_CURVE('',#2576,#2601,#2612,.T.);
#2612 = CIRCLE('',#2613,0.288295723118);
#2613 = AXIS2_PLACEMENT_3D('',#2614,#2615,#2616);
#2614 = CARTESIAN_POINT('',(-1.6,1.249999999999,0.));
#2615 = DIRECTION('',(0.,0.,1.));
#2616 = DIRECTION('',(1.,0.,-0.));
#2617 = CONICAL_SURFACE('',#2618,0.288295723118,8.7266462599E-02);
#2618 = AXIS2_PLACEMENT_3D('',#2619,#2620,#2621);
#2619 = CARTESIAN_POINT('',(-1.6,1.249999999999,0.));
#2620 = DIRECTION('',(0.,0.,1.));
#2621 = DIRECTION('',(1.,0.,-0.));
#2622 = ADVANCED_FACE('',(#2623),#2651,.T.);
#2623 = FACE_BOUND('',#2624,.T.);
#2624 = EDGE_LOOP('',(#2625,#2626,#2627,#2628,#2636,#2645));
#2625 = ORIENTED_EDGE('',*,*,#2479,.F.);
#2626 = ORIENTED_EDGE('',*,*,#1981,.T.);
#2627 = ORIENTED_EDGE('',*,*,#2357,.F.);
#2628 = ORIENTED_EDGE('',*,*,#2629,.F.);
#2629 = EDGE_CURVE('',#2630,#2358,#2632,.T.);
#2630 = VERTEX_POINT('',#2631);
#2631 = CARTESIAN_POINT('',(-1.596246599057,1.087164738449,
    0.299999999999));
#2632 = LINE('',#2633,#2634);
#2633 = CARTESIAN_POINT('',(-1.596246599057,1.063269422682,
    0.299999999999));
#2634 = VECTOR('',#2635,1.);
#2635 = DIRECTION('',(0.,-1.,0.));
#2636 = ORIENTED_EDGE('',*,*,#2637,.T.);
#2637 = EDGE_CURVE('',#2630,#2638,#2640,.T.);
#2638 = VERTEX_POINT('',#2639);
#2639 = CARTESIAN_POINT('',(-1.57,1.063269422682,0.));
#2640 = B_SPLINE_CURVE_WITH_KNOTS('',3,(#2641,#2642,#2643,#2644),
  .UNSPECIFIED.,.F.,.F.,(4,4),(0.,3.02092485E-04),
  .PIECEWISE_BEZIER_KNOTS.);
#2641 = CARTESIAN_POINT('',(-1.596246599057,1.087164738449,
    0.299999999999));
#2642 = CARTESIAN_POINT('',(-1.587501893432,1.078619278082,
    0.200047557334));
#2643 = CARTESIAN_POINT('',(-1.578752258669,1.070727784205,
    0.100038774361));
#2644 = CARTESIAN_POINT('',(-1.57,1.063269422682,0.));
#2645 = ORIENTED_EDGE('',*,*,#2646,.T.);
#2646 = EDGE_CURVE('',#2638,#2480,#2647,.T.);
#2647 = LINE('',#2648,#2649);
#2648 = CARTESIAN_POINT('',(-1.57,1.063269422682,0.));
#2649 = VECTOR('',#2650,1.);
#2650 = DIRECTION('',(0.,-1.,0.));
#2651 = PLANE('',#2652);
#2652 = AXIS2_PLACEMENT_3D('',#2653,#2654,#2655);
#2653 = CARTESIAN_POINT('',(-1.57,1.063269422682,0.));
#2654 = DIRECTION('',(-0.996194698092,0.,-8.715574274707E-02));
#2655 = DIRECTION('',(-8.715574274707E-02,0.,0.996194698092));
#2656 = ADVANCED_FACE('',(#2657),#2685,.T.);
#2657 = FACE_BOUND('',#2658,.T.);
#2658 = EDGE_LOOP('',(#2659,#2660,#2661,#2662,#2670,#2679));
#2659 = ORIENTED_EDGE('',*,*,#2325,.F.);
#2660 = ORIENTED_EDGE('',*,*,#2039,.T.);
#2661 = ORIENTED_EDGE('',*,*,#2600,.T.);
#2662 = ORIENTED_EDGE('',*,*,#2663,.T.);
#2663 = EDGE_CURVE('',#2601,#2664,#2666,.T.);
#2664 = VERTEX_POINT('',#2665);
#2665 = CARTESIAN_POINT('',(-1.413269422682,1.219999999999,0.));
#2666 = LINE('',#2667,#2668);
#2667 = CARTESIAN_POINT('',(-1.313269422682,1.219999999999,0.));
#2668 = VECTOR('',#2669,1.);
#2669 = DIRECTION('',(-1.,0.,0.));
#2670 = ORIENTED_EDGE('',*,*,#2671,.F.);
#2671 = EDGE_CURVE('',#2672,#2664,#2674,.T.);
#2672 = VERTEX_POINT('',#2673);
#2673 = CARTESIAN_POINT('',(-1.437164738449,1.246246599057,
    0.299999999999));
#2674 = B_SPLINE_CURVE_WITH_KNOTS('',3,(#2675,#2676,#2677,#2678),
  .UNSPECIFIED.,.F.,.F.,(4,4),(0.,3.02092485E-04),
  .PIECEWISE_BEZIER_KNOTS.);
#2675 = CARTESIAN_POINT('',(-1.437164738449,1.246246599057,
    0.299999999999));
#2676 = CARTESIAN_POINT('',(-1.428619278082,1.237501893432,
    0.200047557334));
#2677 = CARTESIAN_POINT('',(-1.420727784205,1.228752258669,
    0.100038774361));
#2678 = CARTESIAN_POINT('',(-1.413269422682,1.219999999999,0.));
#2679 = ORIENTED_EDGE('',*,*,#2680,.F.);
#2680 = EDGE_CURVE('',#2326,#2672,#2681,.T.);
#2681 = LINE('',#2682,#2683);
#2682 = CARTESIAN_POINT('',(-1.313269422682,1.246246599057,
    0.299999999999));
#2683 = VECTOR('',#2684,1.);
#2684 = DIRECTION('',(-1.,0.,0.));
#2685 = PLANE('',#2686);
#2686 = AXIS2_PLACEMENT_3D('',#2687,#2688,#2689);
#2687 = CARTESIAN_POINT('',(-1.313269422682,1.219999999999,0.));
#2688 = DIRECTION('',(0.,0.996194698092,-8.715574274707E-02));
#2689 = DIRECTION('',(0.,8.715574274707E-02,0.996194698092));
#2690 = ADVANCED_FACE('',(#2691),#2703,.T.);
#2691 = FACE_BOUND('',#2692,.T.);
#2692 = EDGE_LOOP('',(#2693,#2694,#2695,#2696));
#2693 = ORIENTED_EDGE('',*,*,#2629,.T.);
#2694 = ORIENTED_EDGE('',*,*,#2366,.T.);
#2695 = ORIENTED_EDGE('',*,*,#2680,.T.);
#2696 = ORIENTED_EDGE('',*,*,#2697,.T.);
#2697 = EDGE_CURVE('',#2672,#2630,#2698,.T.);
#2698 = CIRCLE('',#2699,0.162878514306);
#2699 = AXIS2_PLACEMENT_3D('',#2700,#2701,#2702);
#2700 = CARTESIAN_POINT('',(-1.6,1.249999999999,0.299999999999));
#2701 = DIRECTION('',(0.,0.,-1.));
#2702 = DIRECTION('',(1.,0.,0.));
#2703 = PLANE('',#2704);
#2704 = AXIS2_PLACEMENT_3D('',#2705,#2706,#2707);
#2705 = CARTESIAN_POINT('',(-1.6,1.249999999999,0.299999999999));
#2706 = DIRECTION('',(0.,0.,1.));
#2707 = DIRECTION('',(1.,0.,-0.));
#2708 = ADVANCED_FACE('',(#2709),#2721,.F.);
#2709 = FACE_BOUND('',#2710,.F.);
#2710 = EDGE_LOOP('',(#2711,#2712,#2713,#2714));
#2711 = ORIENTED_EDGE('',*,*,#2671,.F.);
#2712 = ORIENTED_EDGE('',*,*,#2697,.T.);
#2713 = ORIENTED_EDGE('',*,*,#2637,.T.);
#2714 = ORIENTED_EDGE('',*,*,#2715,.F.);
#2715 = EDGE_CURVE('',#2664,#2638,#2716,.T.);
#2716 = CIRCLE('',#2717,0.189125113364);
#2717 = AXIS2_PLACEMENT_3D('',#2718,#2719,#2720);
#2718 = CARTESIAN_POINT('',(-1.6,1.249999999999,0.));
#2719 = DIRECTION('',(0.,0.,-1.));
#2720 = DIRECTION('',(1.,0.,0.));
#2721 = CONICAL_SURFACE('',#2722,0.189125113364,8.7266462599E-02);
#2722 = AXIS2_PLACEMENT_3D('',#2723,#2724,#2725);
#2723 = CARTESIAN_POINT('',(-1.6,1.249999999999,0.));
#2724 = DIRECTION('',(0.,0.,-1.));
#2725 = DIRECTION('',(1.,0.,0.));
#2726 = ADVANCED_FACE('',(#2727),#2738,.F.);
#2727 = FACE_BOUND('',#2728,.T.);
#2728 = EDGE_LOOP('',(#2729,#2730,#2731,#2732,#2733,#2734,#2735,#2736,
    #2737));
#2729 = ORIENTED_EDGE('',*,*,#2715,.F.);
#2730 = ORIENTED_EDGE('',*,*,#2663,.F.);
#2731 = ORIENTED_EDGE('',*,*,#2611,.F.);
#2732 = ORIENTED_EDGE('',*,*,#2586,.F.);
#2733 = ORIENTED_EDGE('',*,*,#2561,.F.);
#2734 = ORIENTED_EDGE('',*,*,#2537,.F.);
#2735 = ORIENTED_EDGE('',*,*,#2513,.F.);
#2736 = ORIENTED_EDGE('',*,*,#2488,.F.);
#2737 = ORIENTED_EDGE('',*,*,#2646,.F.);
#2738 = PLANE('',#2739);
#2739 = AXIS2_PLACEMENT_3D('',#2740,#2741,#2742);
#2740 = CARTESIAN_POINT('',(-1.6,1.249999999999,0.));
#2741 = DIRECTION('',(0.,0.,1.));
#2742 = DIRECTION('',(1.,0.,-0.));
#2743 = ADVANCED_FACE('',(#2744),#2772,.T.);
#2744 = FACE_BOUND('',#2745,.T.);
#2745 = EDGE_LOOP('',(#2746,#2755,#2756,#2765));
#2746 = ORIENTED_EDGE('',*,*,#2747,.F.);
#2747 = EDGE_CURVE('',#1890,#2748,#2750,.T.);
#2748 = VERTEX_POINT('',#2749);
#2749 = CARTESIAN_POINT('',(-1.329603210136,-1.149999999999,0.));
#2750 = B_SPLINE_CURVE_WITH_KNOTS('',3,(#2751,#2752,#2753,#2754),
  .UNSPECIFIED.,.F.,.F.,(4,4),(2.93100837E-04,3.03216723E-04),
  .PIECEWISE_BEZIER_KNOTS.);
#2751 = CARTESIAN_POINT('',(-1.328349758978,-1.150874886635,
    9.999999998E-03));
#2752 = CARTESIAN_POINT('',(-1.328766626832,-1.150583247438,
    6.666548728E-03));
#2753 = CARTESIAN_POINT('',(-1.329184439586,-1.150291618489,
    3.333214587E-03));
#2754 = CARTESIAN_POINT('',(-1.329603210136,-1.149999999999,0.));
#2755 = ORIENTED_EDGE('',*,*,#1889,.T.);
#2756 = ORIENTED_EDGE('',*,*,#2757,.T.);
#2757 = EDGE_CURVE('',#1882,#2758,#2760,.T.);
#2758 = VERTEX_POINT('',#2759);
#2759 = CARTESIAN_POINT('',(-1.313269422682,-1.219999999999,0.));
#2760 = B_SPLINE_CURVE_WITH_KNOTS('',3,(#2761,#2762,#2763,#2764),
  .UNSPECIFIED.,.F.,.F.,(4,4),(2.92340594E-04,3.02425415E-04),
  .PIECEWISE_BEZIER_KNOTS.);
#2761 = CARTESIAN_POINT('',(-1.312299862153,-1.220874886635,
    9.999999999E-03));
#2762 = CARTESIAN_POINT('',(-1.312622509441,-1.220583253218,
    6.666614794E-03));
#2763 = CARTESIAN_POINT('',(-1.312945694485,-1.220291624317,
    3.3332812E-03));
#2764 = CARTESIAN_POINT('',(-1.313269422682,-1.219999999999,0.));
#2765 = ORIENTED_EDGE('',*,*,#2766,.T.);
#2766 = EDGE_CURVE('',#2758,#2748,#2767,.T.);
#2767 = CIRCLE('',#2768,0.288295723118);
#2768 = AXIS2_PLACEMENT_3D('',#2769,#2770,#2771);
#2769 = CARTESIAN_POINT('',(-1.6,-1.249999999999,0.));
#2770 = DIRECTION('',(0.,0.,1.));
#2771 = DIRECTION('',(-1.,0.,0.));
#2772 = CONICAL_SURFACE('',#2773,0.288295723118,8.7266462599E-02);
#2773 = AXIS2_PLACEMENT_3D('',#2774,#2775,#2776);
#2774 = CARTESIAN_POINT('',(-1.6,-1.249999999999,0.));
#2775 = DIRECTION('',(0.,0.,1.));
#2776 = DIRECTION('',(-1.,0.,0.));
#2777 = ADVANCED_FACE('',(#2778),#2796,.T.);
#2778 = FACE_BOUND('',#2779,.T.);
#2779 = EDGE_LOOP('',(#2780,#2788,#2789,#2790));
#2780 = ORIENTED_EDGE('',*,*,#2781,.F.);
#2781 = EDGE_CURVE('',#1899,#2782,#2784,.T.);
#2782 = VERTEX_POINT('',#2783);
#2783 = CARTESIAN_POINT('',(-0.599999999999,-1.149999999999,0.));
#2784 = LINE('',#2785,#2786);
#2785 = CARTESIAN_POINT('',(-0.599999999999,-1.149999999999,0.));
#2786 = VECTOR('',#2787,1.);
#2787 = DIRECTION('',(-8.682659386409E-02,8.682659386409E-02,
    -0.992432509139));
#2788 = ORIENTED_EDGE('',*,*,#1898,.T.);
#2789 = ORIENTED_EDGE('',*,*,#2747,.T.);
#2790 = ORIENTED_EDGE('',*,*,#2791,.T.);
#2791 = EDGE_CURVE('',#2748,#2782,#2792,.T.);
#2792 = LINE('',#2793,#2794);
#2793 = CARTESIAN_POINT('',(-1.329603210136,-1.149999999999,0.));
#2794 = VECTOR('',#2795,1.);
#2795 = DIRECTION('',(1.,0.,0.));
#2796 = PLANE('',#2797);
#2797 = AXIS2_PLACEMENT_3D('',#2798,#2799,#2800);
#2798 = CARTESIAN_POINT('',(-1.329603210136,-1.149999999999,0.));
#2799 = DIRECTION('',(0.,-0.996194698092,-8.715574274707E-02));
#2800 = DIRECTION('',(0.,8.715574274707E-02,-0.996194698092));
#2801 = ADVANCED_FACE('',(#2802),#2820,.T.);
#2802 = FACE_BOUND('',#2803,.T.);
#2803 = EDGE_LOOP('',(#2804,#2812,#2818,#2819));
#2804 = ORIENTED_EDGE('',*,*,#2805,.T.);
#2805 = EDGE_CURVE('',#2782,#2806,#2808,.T.);
#2806 = VERTEX_POINT('',#2807);
#2807 = CARTESIAN_POINT('',(-0.599999999999,-0.75151635055,0.));
#2808 = LINE('',#2809,#2810);
#2809 = CARTESIAN_POINT('',(-0.599999999999,-1.149999999999,0.));
#2810 = VECTOR('',#2811,1.);
#2811 = DIRECTION('',(1.355252715606E-16,1.,0.));
#2812 = ORIENTED_EDGE('',*,*,#2813,.T.);
#2813 = EDGE_CURVE('',#2806,#1907,#2814,.T.);
#2814 = LINE('',#2815,#2816);
#2815 = CARTESIAN_POINT('',(-0.60300411141,-0.75452046196,
    -3.4337150542E-02));
#2816 = VECTOR('',#2817,1.);
#2817 = DIRECTION('',(8.682659386409E-02,8.682659386409E-02,
    0.992432509139));
#2818 = ORIENTED_EDGE('',*,*,#1906,.T.);
#2819 = ORIENTED_EDGE('',*,*,#2781,.T.);
#2820 = PLANE('',#2821);
#2821 = AXIS2_PLACEMENT_3D('',#2822,#2823,#2824);
#2822 = CARTESIAN_POINT('',(-0.599999999999,-1.149999999999,0.));
#2823 = DIRECTION('',(0.996194698092,-1.350095569863E-16,
    -8.715574274707E-02));
#2824 = DIRECTION('',(-8.715574274707E-02,0.,-0.996194698092));
#2825 = ADVANCED_FACE('',(#2826),#2851,.T.);
#2826 = FACE_BOUND('',#2827,.T.);
#2827 = EDGE_LOOP('',(#2828,#2829,#2837,#2845));
#2828 = ORIENTED_EDGE('',*,*,#1922,.T.);
#2829 = ORIENTED_EDGE('',*,*,#2830,.T.);
#2830 = EDGE_CURVE('',#1915,#2831,#2833,.T.);
#2831 = VERTEX_POINT('',#2832);
#2832 = CARTESIAN_POINT('',(-1.004601426088,-0.349999999999,0.));
#2833 = LINE('',#2834,#2835);
#2834 = CARTESIAN_POINT('',(-1.001551193632,-0.346949767544,
    3.4864316507E-02));
#2835 = VECTOR('',#2836,1.);
#2836 = DIRECTION('',(-8.682659386409E-02,-8.682659386409E-02,
    -0.992432509139));
#2837 = ORIENTED_EDGE('',*,*,#2838,.T.);
#2838 = EDGE_CURVE('',#2831,#2839,#2841,.T.);
#2839 = VERTEX_POINT('',#2840);
#2840 = CARTESIAN_POINT('',(-1.5,-0.349999999999,0.));
#2841 = LINE('',#2842,#2843);
#2842 = CARTESIAN_POINT('',(-0.599999999999,-0.349999999999,0.));
#2843 = VECTOR('',#2844,1.);
#2844 = DIRECTION('',(-1.,-1.204669080539E-16,0.));
#2845 = ORIENTED_EDGE('',*,*,#2846,.F.);
#2846 = EDGE_CURVE('',#1923,#2839,#2847,.T.);
#2847 = LINE('',#2848,#2849);
#2848 = CARTESIAN_POINT('',(-1.495253511178,-0.354746488821,
    -5.4252615479E-02));
#2849 = VECTOR('',#2850,1.);
#2850 = DIRECTION('',(8.682659386409E-02,-8.682659386409E-02,
    -0.992432509139));
#2851 = PLANE('',#2852);
#2852 = AXIS2_PLACEMENT_3D('',#2853,#2854,#2855);
#2853 = CARTESIAN_POINT('',(-0.599999999999,-0.349999999999,0.));
#2854 = DIRECTION('',(-1.200084950989E-16,0.996194698092,
    -8.715574274707E-02));
#2855 = DIRECTION('',(0.,8.715574274707E-02,0.996194698092));
#2856 = ADVANCED_FACE('',(#2857),#2876,.T.);
#2857 = FACE_BOUND('',#2858,.T.);
#2858 = EDGE_LOOP('',(#2859,#2868,#2869,#2870));
#2859 = ORIENTED_EDGE('',*,*,#2860,.F.);
#2860 = EDGE_CURVE('',#1931,#2861,#2863,.T.);
#2861 = VERTEX_POINT('',#2862);
#2862 = CARTESIAN_POINT('',(-1.5,-0.979603210136,0.));
#2863 = B_SPLINE_CURVE_WITH_KNOTS('',3,(#2864,#2865,#2866,#2867),
  .UNSPECIFIED.,.F.,.F.,(4,4),(2.93100837E-04,3.03216723E-04),
  .PIECEWISE_BEZIER_KNOTS.);
#2864 = CARTESIAN_POINT('',(-1.500874886635,-0.978349758978,
    9.999999998E-03));
#2865 = CARTESIAN_POINT('',(-1.500583247438,-0.978766626832,
    6.666548728E-03));
#2866 = CARTESIAN_POINT('',(-1.500291618489,-0.979184439586,
    3.333214587E-03));
#2867 = CARTESIAN_POINT('',(-1.5,-0.979603210136,0.));
#2868 = ORIENTED_EDGE('',*,*,#1930,.T.);
#2869 = ORIENTED_EDGE('',*,*,#2846,.T.);
#2870 = ORIENTED_EDGE('',*,*,#2871,.T.);
#2871 = EDGE_CURVE('',#2839,#2861,#2872,.T.);
#2872 = LINE('',#2873,#2874);
#2873 = CARTESIAN_POINT('',(-1.5,-0.979603210136,0.));
#2874 = VECTOR('',#2875,1.);
#2875 = DIRECTION('',(0.,-1.,0.));
#2876 = PLANE('',#2877);
#2877 = AXIS2_PLACEMENT_3D('',#2878,#2879,#2880);
#2878 = CARTESIAN_POINT('',(-1.5,-0.979603210136,0.));
#2879 = DIRECTION('',(-0.996194698092,0.,-8.715574274707E-02));
#2880 = DIRECTION('',(-8.715574274707E-02,0.,0.996194698092));
#2881 = ADVANCED_FACE('',(#2882),#2902,.T.);
#2882 = FACE_BOUND('',#2883,.T.);
#2883 = EDGE_LOOP('',(#2884,#2893,#2894,#2895));
#2884 = ORIENTED_EDGE('',*,*,#2885,.F.);
#2885 = EDGE_CURVE('',#1939,#2886,#2888,.T.);
#2886 = VERTEX_POINT('',#2887);
#2887 = CARTESIAN_POINT('',(-1.57,-0.963269422682,0.));
#2888 = B_SPLINE_CURVE_WITH_KNOTS('',3,(#2889,#2890,#2891,#2892),
  .UNSPECIFIED.,.F.,.F.,(4,4),(2.92340594E-04,3.02425415E-04),
  .PIECEWISE_BEZIER_KNOTS.);
#2889 = CARTESIAN_POINT('',(-1.570874886635,-0.962299862153,
    9.999999999E-03));
#2890 = CARTESIAN_POINT('',(-1.570583253218,-0.962622509441,
    6.666614794E-03));
#2891 = CARTESIAN_POINT('',(-1.570291624317,-0.962945694485,
    3.3332812E-03));
#2892 = CARTESIAN_POINT('',(-1.57,-0.963269422682,0.));
#2893 = ORIENTED_EDGE('',*,*,#1938,.T.);
#2894 = ORIENTED_EDGE('',*,*,#2860,.T.);
#2895 = ORIENTED_EDGE('',*,*,#2896,.T.);
#2896 = EDGE_CURVE('',#2861,#2886,#2897,.T.);
#2897 = CIRCLE('',#2898,0.288295723118);
#2898 = AXIS2_PLACEMENT_3D('',#2899,#2900,#2901);
#2899 = CARTESIAN_POINT('',(-1.6,-1.249999999999,0.));
#2900 = DIRECTION('',(0.,0.,1.));
#2901 = DIRECTION('',(-1.,0.,0.));
#2902 = CONICAL_SURFACE('',#2903,0.288295723118,8.7266462599E-02);
#2903 = AXIS2_PLACEMENT_3D('',#2904,#2905,#2906);
#2904 = CARTESIAN_POINT('',(-1.6,-1.249999999999,0.));
#2905 = DIRECTION('',(0.,0.,1.));
#2906 = DIRECTION('',(-1.,0.,0.));
#2907 = ADVANCED_FACE('',(#2908),#2936,.T.);
#2908 = FACE_BOUND('',#2909,.T.);
#2909 = EDGE_LOOP('',(#2910,#2911,#2912,#2913,#2921,#2930));
#2910 = ORIENTED_EDGE('',*,*,#2309,.F.);
#2911 = ORIENTED_EDGE('',*,*,#1947,.T.);
#2912 = ORIENTED_EDGE('',*,*,#2885,.T.);
#2913 = ORIENTED_EDGE('',*,*,#2914,.T.);
#2914 = EDGE_CURVE('',#2886,#2915,#2917,.T.);
#2915 = VERTEX_POINT('',#2916);
#2916 = CARTESIAN_POINT('',(-1.57,-1.063269422682,0.));
#2917 = LINE('',#2918,#2919);
#2918 = CARTESIAN_POINT('',(-1.57,-1.063269422682,0.));
#2919 = VECTOR('',#2920,1.);
#2920 = DIRECTION('',(0.,-1.,0.));
#2921 = ORIENTED_EDGE('',*,*,#2922,.F.);
#2922 = EDGE_CURVE('',#2923,#2915,#2925,.T.);
#2923 = VERTEX_POINT('',#2924);
#2924 = CARTESIAN_POINT('',(-1.596246599057,-1.087164738449,
    0.299999999999));
#2925 = B_SPLINE_CURVE_WITH_KNOTS('',3,(#2926,#2927,#2928,#2929),
  .UNSPECIFIED.,.F.,.F.,(4,4),(0.,3.02092485E-04),
  .PIECEWISE_BEZIER_KNOTS.);
#2926 = CARTESIAN_POINT('',(-1.596246599057,-1.087164738449,
    0.299999999999));
#2927 = CARTESIAN_POINT('',(-1.587501893432,-1.078619278082,
    0.200047557334));
#2928 = CARTESIAN_POINT('',(-1.578752258669,-1.070727784205,
    0.100038774361));
#2929 = CARTESIAN_POINT('',(-1.57,-1.063269422682,0.));
#2930 = ORIENTED_EDGE('',*,*,#2931,.F.);
#2931 = EDGE_CURVE('',#2301,#2923,#2932,.T.);
#2932 = LINE('',#2933,#2934);
#2933 = CARTESIAN_POINT('',(-1.596246599057,-1.249999999999,
    0.299999999999));
#2934 = VECTOR('',#2935,1.);
#2935 = DIRECTION('',(0.,-1.,0.));
#2936 = PLANE('',#2937);
#2937 = AXIS2_PLACEMENT_3D('',#2938,#2939,#2940);
#2938 = CARTESIAN_POINT('',(-1.57,-1.063269422682,0.));
#2939 = DIRECTION('',(-0.996194698092,0.,-8.715574274707E-02));
#2940 = DIRECTION('',(-8.715574274707E-02,0.,0.996194698092));
#2941 = ADVANCED_FACE('',(#2942),#2970,.T.);
#2942 = FACE_BOUND('',#2943,.T.);
#2943 = EDGE_LOOP('',(#2944,#2945,#2946,#2947,#2955,#2964));
#2944 = ORIENTED_EDGE('',*,*,#2757,.F.);
#2945 = ORIENTED_EDGE('',*,*,#1881,.T.);
#2946 = ORIENTED_EDGE('',*,*,#2291,.F.);
#2947 = ORIENTED_EDGE('',*,*,#2948,.F.);
#2948 = EDGE_CURVE('',#2949,#2292,#2951,.T.);
#2949 = VERTEX_POINT('',#2950);
#2950 = CARTESIAN_POINT('',(-1.437164738449,-1.246246599057,
    0.299999999999));
#2951 = LINE('',#2952,#2953);
#2952 = CARTESIAN_POINT('',(-1.6,-1.246246599057,0.299999999999));
#2953 = VECTOR('',#2954,1.);
#2954 = DIRECTION('',(1.,0.,0.));
#2955 = ORIENTED_EDGE('',*,*,#2956,.T.);
#2956 = EDGE_CURVE('',#2949,#2957,#2959,.T.);
#2957 = VERTEX_POINT('',#2958);
#2958 = CARTESIAN_POINT('',(-1.413269422682,-1.219999999999,0.));
#2959 = B_SPLINE_CURVE_WITH_KNOTS('',3,(#2960,#2961,#2962,#2963),
  .UNSPECIFIED.,.F.,.F.,(4,4),(0.,3.02092485E-04),
  .PIECEWISE_BEZIER_KNOTS.);
#2960 = CARTESIAN_POINT('',(-1.437164738449,-1.246246599057,
    0.299999999999));
#2961 = CARTESIAN_POINT('',(-1.428619278082,-1.237501893432,
    0.200047557334));
#2962 = CARTESIAN_POINT('',(-1.420727784205,-1.228752258669,
    0.100038774361));
#2963 = CARTESIAN_POINT('',(-1.413269422682,-1.219999999999,0.));
#2964 = ORIENTED_EDGE('',*,*,#2965,.T.);
#2965 = EDGE_CURVE('',#2957,#2758,#2966,.T.);
#2966 = LINE('',#2967,#2968);
#2967 = CARTESIAN_POINT('',(-1.313269422682,-1.219999999999,0.));
#2968 = VECTOR('',#2969,1.);
#2969 = DIRECTION('',(1.,0.,0.));
#2970 = PLANE('',#2971);
#2971 = AXIS2_PLACEMENT_3D('',#2972,#2973,#2974);
#2972 = CARTESIAN_POINT('',(-1.313269422682,-1.219999999999,0.));
#2973 = DIRECTION('',(0.,-0.996194698092,-8.715574274707E-02));
#2974 = DIRECTION('',(0.,8.715574274707E-02,-0.996194698092));
#2975 = ADVANCED_FACE('',(#2976),#2988,.F.);
#2976 = FACE_BOUND('',#2977,.T.);
#2977 = EDGE_LOOP('',(#2978,#2979,#2980,#2987));
#2978 = ORIENTED_EDGE('',*,*,#2300,.F.);
#2979 = ORIENTED_EDGE('',*,*,#2931,.T.);
#2980 = ORIENTED_EDGE('',*,*,#2981,.T.);
#2981 = EDGE_CURVE('',#2923,#2949,#2982,.T.);
#2982 = CIRCLE('',#2983,0.162878514306);
#2983 = AXIS2_PLACEMENT_3D('',#2984,#2985,#2986);
#2984 = CARTESIAN_POINT('',(-1.6,-1.249999999999,0.299999999999));
#2985 = DIRECTION('',(0.,0.,-1.));
#2986 = DIRECTION('',(-1.,0.,0.));
#2987 = ORIENTED_EDGE('',*,*,#2948,.T.);
#2988 = PLANE('',#2989);
#2989 = AXIS2_PLACEMENT_3D('',#2990,#2991,#2992);
#2990 = CARTESIAN_POINT('',(-1.6,-1.249999999999,0.299999999999));
#2991 = DIRECTION('',(0.,0.,-1.));
#2992 = DIRECTION('',(-1.,0.,0.));
#2993 = ADVANCED_FACE('',(#2994),#3006,.F.);
#2994 = FACE_BOUND('',#2995,.F.);
#2995 = EDGE_LOOP('',(#2996,#2997,#2998,#2999));
#2996 = ORIENTED_EDGE('',*,*,#2922,.F.);
#2997 = ORIENTED_EDGE('',*,*,#2981,.T.);
#2998 = ORIENTED_EDGE('',*,*,#2956,.T.);
#2999 = ORIENTED_EDGE('',*,*,#3000,.F.);
#3000 = EDGE_CURVE('',#2915,#2957,#3001,.T.);
#3001 = CIRCLE('',#3002,0.189125113364);
#3002 = AXIS2_PLACEMENT_3D('',#3003,#3004,#3005);
#3003 = CARTESIAN_POINT('',(-1.6,-1.249999999999,0.));
#3004 = DIRECTION('',(0.,0.,-1.));
#3005 = DIRECTION('',(-1.,0.,0.));
#3006 = CONICAL_SURFACE('',#3007,0.189125113364,8.7266462599E-02);
#3007 = AXIS2_PLACEMENT_3D('',#3008,#3009,#3010);
#3008 = CARTESIAN_POINT('',(-1.6,-1.249999999999,0.));
#3009 = DIRECTION('',(0.,0.,-1.));
#3010 = DIRECTION('',(-1.,0.,0.));
#3011 = ADVANCED_FACE('',(#3012),#3029,.T.);
#3012 = FACE_BOUND('',#3013,.T.);
#3013 = EDGE_LOOP('',(#3014,#3015,#3021,#3022,#3023,#3024,#3025,#3026,
    #3027,#3028));
#3014 = ORIENTED_EDGE('',*,*,#2838,.F.);
#3015 = ORIENTED_EDGE('',*,*,#3016,.T.);
#3016 = EDGE_CURVE('',#2831,#2806,#3017,.T.);
#3017 = LINE('',#3018,#3019);
#3018 = CARTESIAN_POINT('',(-0.854592498082,-0.498865113761,0.));
#3019 = VECTOR('',#3020,1.);
#3020 = DIRECTION('',(0.709807735842,-0.704395469987,0.));
#3021 = ORIENTED_EDGE('',*,*,#2805,.F.);
#3022 = ORIENTED_EDGE('',*,*,#2791,.F.);
#3023 = ORIENTED_EDGE('',*,*,#2766,.F.);
#3024 = ORIENTED_EDGE('',*,*,#2965,.F.);
#3025 = ORIENTED_EDGE('',*,*,#3000,.F.);
#3026 = ORIENTED_EDGE('',*,*,#2914,.F.);
#3027 = ORIENTED_EDGE('',*,*,#2896,.F.);
#3028 = ORIENTED_EDGE('',*,*,#2871,.F.);
#3029 = PLANE('',#3030);
#3030 = AXIS2_PLACEMENT_3D('',#3031,#3032,#3033);
#3031 = CARTESIAN_POINT('',(-1.6,-1.249999999999,0.));
#3032 = DIRECTION('',(0.,0.,-1.));
#3033 = DIRECTION('',(-1.,0.,0.));
#3034 = ADVANCED_FACE('',(#3035),#3063,.T.);
#3035 = FACE_BOUND('',#3036,.T.);
#3036 = EDGE_LOOP('',(#3037,#3046,#3047,#3056));
#3037 = ORIENTED_EDGE('',*,*,#3038,.F.);
#3038 = EDGE_CURVE('',#1798,#3039,#3041,.T.);
#3039 = VERTEX_POINT('',#3040);
#3040 = CARTESIAN_POINT('',(1.5,-0.979603210136,0.));
#3041 = B_SPLINE_CURVE_WITH_KNOTS('',3,(#3042,#3043,#3044,#3045),
  .UNSPECIFIED.,.F.,.F.,(4,4),(2.93100837E-04,3.03216723E-04),
  .PIECEWISE_BEZIER_KNOTS.);
#3042 = CARTESIAN_POINT('',(1.500874886635,-0.97834975898,1.E-02));
#3043 = CARTESIAN_POINT('',(1.500583247438,-0.978766626831,
    6.666548729E-03));
#3044 = CARTESIAN_POINT('',(1.500291618489,-0.979184439586,
    3.333214587E-03));
#3045 = CARTESIAN_POINT('',(1.5,-0.979603210136,0.));
#3046 = ORIENTED_EDGE('',*,*,#1797,.T.);
#3047 = ORIENTED_EDGE('',*,*,#3048,.T.);
#3048 = EDGE_CURVE('',#1790,#3049,#3051,.T.);
#3049 = VERTEX_POINT('',#3050);
#3050 = CARTESIAN_POINT('',(1.57,-0.963269422682,0.));
#3051 = B_SPLINE_CURVE_WITH_KNOTS('',3,(#3052,#3053,#3054,#3055),
  .UNSPECIFIED.,.F.,.F.,(4,4),(2.92340594E-04,3.02425415E-04),
  .PIECEWISE_BEZIER_KNOTS.);
#3052 = CARTESIAN_POINT('',(1.570874886635,-0.962299862153,1.E-02));
#3053 = CARTESIAN_POINT('',(1.570583253218,-0.962622509441,
    6.666614794E-03));
#3054 = CARTESIAN_POINT('',(1.570291624317,-0.962945694485,3.3332812E-03
    ));
#3055 = CARTESIAN_POINT('',(1.57,-0.963269422682,0.));
#3056 = ORIENTED_EDGE('',*,*,#3057,.T.);
#3057 = EDGE_CURVE('',#3049,#3039,#3058,.T.);
#3058 = CIRCLE('',#3059,0.288295723118);
#3059 = AXIS2_PLACEMENT_3D('',#3060,#3061,#3062);
#3060 = CARTESIAN_POINT('',(1.6,-1.249999999999,0.));
#3061 = DIRECTION('',(0.,0.,1.));
#3062 = DIRECTION('',(1.,0.,-0.));
#3063 = CONICAL_SURFACE('',#3064,0.288295723118,8.7266462599E-02);
#3064 = AXIS2_PLACEMENT_3D('',#3065,#3066,#3067);
#3065 = CARTESIAN_POINT('',(1.6,-1.249999999999,0.));
#3066 = DIRECTION('',(0.,0.,1.));
#3067 = DIRECTION('',(1.,0.,-0.));
#3068 = ADVANCED_FACE('',(#3069),#3087,.T.);
#3069 = FACE_BOUND('',#3070,.T.);
#3070 = EDGE_LOOP('',(#3071,#3079,#3080,#3081));
#3071 = ORIENTED_EDGE('',*,*,#3072,.F.);
#3072 = EDGE_CURVE('',#1807,#3073,#3075,.T.);
#3073 = VERTEX_POINT('',#3074);
#3074 = CARTESIAN_POINT('',(1.5,-0.349999999999,0.));
#3075 = LINE('',#3076,#3077);
#3076 = CARTESIAN_POINT('',(1.493215028338,-0.356784971661,
    -7.7552580967E-02));
#3077 = VECTOR('',#3078,1.);
#3078 = DIRECTION('',(-8.682659386409E-02,-8.682659386409E-02,
    -0.992432509139));
#3079 = ORIENTED_EDGE('',*,*,#1806,.T.);
#3080 = ORIENTED_EDGE('',*,*,#3038,.T.);
#3081 = ORIENTED_EDGE('',*,*,#3082,.T.);
#3082 = EDGE_CURVE('',#3039,#3073,#3083,.T.);
#3083 = LINE('',#3084,#3085);
#3084 = CARTESIAN_POINT('',(1.5,-0.979603210136,0.));
#3085 = VECTOR('',#3086,1.);
#3086 = DIRECTION('',(0.,1.,0.));
#3087 = PLANE('',#3088);
#3088 = AXIS2_PLACEMENT_3D('',#3089,#3090,#3091);
#3089 = CARTESIAN_POINT('',(1.5,-0.979603210136,0.));
#3090 = DIRECTION('',(0.996194698092,0.,-8.715574274707E-02));
#3091 = DIRECTION('',(-8.715574274707E-02,0.,-0.996194698092));
#3092 = ADVANCED_FACE('',(#3093),#3111,.T.);
#3093 = FACE_BOUND('',#3094,.T.);
#3094 = EDGE_LOOP('',(#3095,#3103,#3104,#3105));
#3095 = ORIENTED_EDGE('',*,*,#3096,.F.);
#3096 = EDGE_CURVE('',#1815,#3097,#3099,.T.);
#3097 = VERTEX_POINT('',#3098);
#3098 = CARTESIAN_POINT('',(0.599999999999,-0.349999999999,0.));
#3099 = LINE('',#3100,#3101);
#3100 = CARTESIAN_POINT('',(0.606031085921,-0.356031085921,
    -6.8935627526E-02));
#3101 = VECTOR('',#3102,1.);
#3102 = DIRECTION('',(8.682659386409E-02,-8.682659386409E-02,
    -0.992432509139));
#3103 = ORIENTED_EDGE('',*,*,#1814,.T.);
#3104 = ORIENTED_EDGE('',*,*,#3072,.T.);
#3105 = ORIENTED_EDGE('',*,*,#3106,.T.);
#3106 = EDGE_CURVE('',#3073,#3097,#3107,.T.);
#3107 = LINE('',#3108,#3109);
#3108 = CARTESIAN_POINT('',(0.599999999999,-0.349999999999,0.));
#3109 = VECTOR('',#3110,1.);
#3110 = DIRECTION('',(-1.,1.204669080539E-16,0.));
#3111 = PLANE('',#3112);
#3112 = AXIS2_PLACEMENT_3D('',#3113,#3114,#3115);
#3113 = CARTESIAN_POINT('',(0.599999999999,-0.349999999999,0.));
#3114 = DIRECTION('',(1.200084950989E-16,0.996194698092,
    -8.715574274707E-02));
#3115 = DIRECTION('',(0.,8.715574274707E-02,0.996194698092));
#3116 = ADVANCED_FACE('',(#3117),#3135,.T.);
#3117 = FACE_BOUND('',#3118,.T.);
#3118 = EDGE_LOOP('',(#3119,#3127,#3128,#3129));
#3119 = ORIENTED_EDGE('',*,*,#3120,.F.);
#3120 = EDGE_CURVE('',#1823,#3121,#3123,.T.);
#3121 = VERTEX_POINT('',#3122);
#3122 = CARTESIAN_POINT('',(0.599999999999,-1.149999999999,0.));
#3123 = LINE('',#3124,#3125);
#3124 = CARTESIAN_POINT('',(0.605500374561,-1.144499625438,
    -6.286956892E-02));
#3125 = VECTOR('',#3126,1.);
#3126 = DIRECTION('',(8.682659386409E-02,8.682659386409E-02,
    -0.992432509139));
#3127 = ORIENTED_EDGE('',*,*,#1822,.T.);
#3128 = ORIENTED_EDGE('',*,*,#3096,.T.);
#3129 = ORIENTED_EDGE('',*,*,#3130,.T.);
#3130 = EDGE_CURVE('',#3097,#3121,#3131,.T.);
#3131 = LINE('',#3132,#3133);
#3132 = CARTESIAN_POINT('',(0.599999999999,-1.149999999999,0.));
#3133 = VECTOR('',#3134,1.);
#3134 = DIRECTION('',(1.355252715606E-16,-1.,0.));
#3135 = PLANE('',#3136);
#3136 = AXIS2_PLACEMENT_3D('',#3137,#3138,#3139);
#3137 = CARTESIAN_POINT('',(0.599999999999,-1.149999999999,0.));
#3138 = DIRECTION('',(-0.996194698092,-1.350095569863E-16,
    -8.715574274707E-02));
#3139 = DIRECTION('',(-8.715574274707E-02,0.,0.996194698092));
#3140 = ADVANCED_FACE('',(#3141),#3160,.T.);
#3141 = FACE_BOUND('',#3142,.T.);
#3142 = EDGE_LOOP('',(#3143,#3152,#3153,#3154));
#3143 = ORIENTED_EDGE('',*,*,#3144,.F.);
#3144 = EDGE_CURVE('',#1831,#3145,#3147,.T.);
#3145 = VERTEX_POINT('',#3146);
#3146 = CARTESIAN_POINT('',(1.329603210136,-1.149999999999,0.));
#3147 = B_SPLINE_CURVE_WITH_KNOTS('',3,(#3148,#3149,#3150,#3151),
  .UNSPECIFIED.,.F.,.F.,(4,4),(2.93100837E-04,3.03216723E-04),
  .PIECEWISE_BEZIER_KNOTS.);
#3148 = CARTESIAN_POINT('',(1.32834975898,-1.150874886635,1.E-02));
#3149 = CARTESIAN_POINT('',(1.328766626831,-1.150583247438,
    6.666548729E-03));
#3150 = CARTESIAN_POINT('',(1.329184439586,-1.150291618489,
    3.333214587E-03));
#3151 = CARTESIAN_POINT('',(1.329603210136,-1.149999999999,0.));
#3152 = ORIENTED_EDGE('',*,*,#1830,.T.);
#3153 = ORIENTED_EDGE('',*,*,#3120,.T.);
#3154 = ORIENTED_EDGE('',*,*,#3155,.T.);
#3155 = EDGE_CURVE('',#3121,#3145,#3156,.T.);
#3156 = LINE('',#3157,#3158);
#3157 = CARTESIAN_POINT('',(1.329603210136,-1.149999999999,0.));
#3158 = VECTOR('',#3159,1.);
#3159 = DIRECTION('',(1.,0.,0.));
#3160 = PLANE('',#3161);
#3161 = AXIS2_PLACEMENT_3D('',#3162,#3163,#3164);
#3162 = CARTESIAN_POINT('',(1.329603210136,-1.149999999999,0.));
#3163 = DIRECTION('',(0.,-0.996194698092,-8.715574274707E-02));
#3164 = DIRECTION('',(0.,8.715574274707E-02,-0.996194698092));
#3165 = ADVANCED_FACE('',(#3166),#3186,.T.);
#3166 = FACE_BOUND('',#3167,.T.);
#3167 = EDGE_LOOP('',(#3168,#3177,#3178,#3179));
#3168 = ORIENTED_EDGE('',*,*,#3169,.F.);
#3169 = EDGE_CURVE('',#1839,#3170,#3172,.T.);
#3170 = VERTEX_POINT('',#3171);
#3171 = CARTESIAN_POINT('',(1.313269422682,-1.219999999999,0.));
#3172 = B_SPLINE_CURVE_WITH_KNOTS('',3,(#3173,#3174,#3175,#3176),
  .UNSPECIFIED.,.F.,.F.,(4,4),(2.92340594E-04,3.02425415E-04),
  .PIECEWISE_BEZIER_KNOTS.);
#3173 = CARTESIAN_POINT('',(1.312299862153,-1.220874886635,1.E-02));
#3174 = CARTESIAN_POINT('',(1.312622509441,-1.220583253218,
    6.666614794E-03));
#3175 = CARTESIAN_POINT('',(1.312945694485,-1.220291624317,3.3332812E-03
    ));
#3176 = CARTESIAN_POINT('',(1.313269422682,-1.219999999999,0.));
#3177 = ORIENTED_EDGE('',*,*,#1838,.T.);
#3178 = ORIENTED_EDGE('',*,*,#3144,.T.);
#3179 = ORIENTED_EDGE('',*,*,#3180,.T.);
#3180 = EDGE_CURVE('',#3145,#3170,#3181,.T.);
#3181 = CIRCLE('',#3182,0.288295723118);
#3182 = AXIS2_PLACEMENT_3D('',#3183,#3184,#3185);
#3183 = CARTESIAN_POINT('',(1.6,-1.249999999999,0.));
#3184 = DIRECTION('',(0.,0.,1.));
#3185 = DIRECTION('',(1.,0.,-0.));
#3186 = CONICAL_SURFACE('',#3187,0.288295723118,8.7266462599E-02);
#3187 = AXIS2_PLACEMENT_3D('',#3188,#3189,#3190);
#3188 = CARTESIAN_POINT('',(1.6,-1.249999999999,0.));
#3189 = DIRECTION('',(0.,0.,1.));
#3190 = DIRECTION('',(1.,0.,-0.));
#3191 = ADVANCED_FACE('',(#3192),#3220,.T.);
#3192 = FACE_BOUND('',#3193,.T.);
#3193 = EDGE_LOOP('',(#3194,#3195,#3196,#3197,#3205,#3214));
#3194 = ORIENTED_EDGE('',*,*,#2253,.F.);
#3195 = ORIENTED_EDGE('',*,*,#1847,.T.);
#3196 = ORIENTED_EDGE('',*,*,#3169,.T.);
#3197 = ORIENTED_EDGE('',*,*,#3198,.T.);
#3198 = EDGE_CURVE('',#3170,#3199,#3201,.T.);
#3199 = VERTEX_POINT('',#3200);
#3200 = CARTESIAN_POINT('',(1.413269422682,-1.219999999999,0.));
#3201 = LINE('',#3202,#3203);
#3202 = CARTESIAN_POINT('',(1.313269422682,-1.219999999999,0.));
#3203 = VECTOR('',#3204,1.);
#3204 = DIRECTION('',(1.,0.,0.));
#3205 = ORIENTED_EDGE('',*,*,#3206,.F.);
#3206 = EDGE_CURVE('',#3207,#3199,#3209,.T.);
#3207 = VERTEX_POINT('',#3208);
#3208 = CARTESIAN_POINT('',(1.437164738449,-1.246246599057,
    0.299999999999));
#3209 = B_SPLINE_CURVE_WITH_KNOTS('',3,(#3210,#3211,#3212,#3213),
  .UNSPECIFIED.,.F.,.F.,(4,4),(0.,3.02092485E-04),
  .PIECEWISE_BEZIER_KNOTS.);
#3210 = CARTESIAN_POINT('',(1.437164738449,-1.246246599057,
    0.299999999999));
#3211 = CARTESIAN_POINT('',(1.428619278082,-1.237501893432,
    0.200047557334));
#3212 = CARTESIAN_POINT('',(1.420727784205,-1.228752258669,
    0.100038774361));
#3213 = CARTESIAN_POINT('',(1.413269422682,-1.219999999999,0.));
#3214 = ORIENTED_EDGE('',*,*,#3215,.F.);
#3215 = EDGE_CURVE('',#2245,#3207,#3216,.T.);
#3216 = LINE('',#3217,#3218);
#3217 = CARTESIAN_POINT('',(1.313269422682,-1.246246599057,
    0.299999999999));
#3218 = VECTOR('',#3219,1.);
#3219 = DIRECTION('',(1.,0.,0.));
#3220 = PLANE('',#3221);
#3221 = AXIS2_PLACEMENT_3D('',#3222,#3223,#3224);
#3222 = CARTESIAN_POINT('',(1.313269422682,-1.219999999999,0.));
#3223 = DIRECTION('',(0.,-0.996194698092,-8.715574274707E-02));
#3224 = DIRECTION('',(0.,8.715574274707E-02,-0.996194698092));
#3225 = ADVANCED_FACE('',(#3226),#3254,.T.);
#3226 = FACE_BOUND('',#3227,.T.);
#3227 = EDGE_LOOP('',(#3228,#3229,#3230,#3231,#3239,#3248));
#3228 = ORIENTED_EDGE('',*,*,#3048,.F.);
#3229 = ORIENTED_EDGE('',*,*,#1789,.T.);
#3230 = ORIENTED_EDGE('',*,*,#2235,.F.);
#3231 = ORIENTED_EDGE('',*,*,#3232,.F.);
#3232 = EDGE_CURVE('',#3233,#2236,#3235,.T.);
#3233 = VERTEX_POINT('',#3234);
#3234 = CARTESIAN_POINT('',(1.596246599057,-1.087164738449,
    0.299999999999));
#3235 = LINE('',#3236,#3237);
#3236 = CARTESIAN_POINT('',(1.596246599057,-1.063269422682,
    0.299999999999));
#3237 = VECTOR('',#3238,1.);
#3238 = DIRECTION('',(0.,1.,0.));
#3239 = ORIENTED_EDGE('',*,*,#3240,.T.);
#3240 = EDGE_CURVE('',#3233,#3241,#3243,.T.);
#3241 = VERTEX_POINT('',#3242);
#3242 = CARTESIAN_POINT('',(1.57,-1.063269422682,0.));
#3243 = B_SPLINE_CURVE_WITH_KNOTS('',3,(#3244,#3245,#3246,#3247),
  .UNSPECIFIED.,.F.,.F.,(4,4),(0.,3.02092485E-04),
  .PIECEWISE_BEZIER_KNOTS.);
#3244 = CARTESIAN_POINT('',(1.596246599057,-1.087164738449,
    0.299999999999));
#3245 = CARTESIAN_POINT('',(1.587501893432,-1.078619278082,
    0.200047557334));
#3246 = CARTESIAN_POINT('',(1.578752258669,-1.070727784205,
    0.100038774361));
#3247 = CARTESIAN_POINT('',(1.57,-1.063269422682,0.));
#3248 = ORIENTED_EDGE('',*,*,#3249,.T.);
#3249 = EDGE_CURVE('',#3241,#3049,#3250,.T.);
#3250 = LINE('',#3251,#3252);
#3251 = CARTESIAN_POINT('',(1.57,-1.063269422682,0.));
#3252 = VECTOR('',#3253,1.);
#3253 = DIRECTION('',(0.,1.,0.));
#3254 = PLANE('',#3255);
#3255 = AXIS2_PLACEMENT_3D('',#3256,#3257,#3258);
#3256 = CARTESIAN_POINT('',(1.57,-1.063269422682,0.));
#3257 = DIRECTION('',(0.996194698092,0.,-8.715574274707E-02));
#3258 = DIRECTION('',(-8.715574274707E-02,0.,-0.996194698092));
#3259 = ADVANCED_FACE('',(#3260),#3272,.T.);
#3260 = FACE_BOUND('',#3261,.T.);
#3261 = EDGE_LOOP('',(#3262,#3263,#3264,#3265));
#3262 = ORIENTED_EDGE('',*,*,#3232,.T.);
#3263 = ORIENTED_EDGE('',*,*,#2244,.T.);
#3264 = ORIENTED_EDGE('',*,*,#3215,.T.);
#3265 = ORIENTED_EDGE('',*,*,#3266,.T.);
#3266 = EDGE_CURVE('',#3207,#3233,#3267,.T.);
#3267 = CIRCLE('',#3268,0.162878514306);
#3268 = AXIS2_PLACEMENT_3D('',#3269,#3270,#3271);
#3269 = CARTESIAN_POINT('',(1.6,-1.249999999999,0.299999999999));
#3270 = DIRECTION('',(0.,0.,-1.));
#3271 = DIRECTION('',(1.,1.331301647855E-15,0.));
#3272 = PLANE('',#3273);
#3273 = AXIS2_PLACEMENT_3D('',#3274,#3275,#3276);
#3274 = CARTESIAN_POINT('',(1.6,-1.249999999999,0.299999999999));
#3275 = DIRECTION('',(0.,0.,1.));
#3276 = DIRECTION('',(1.,0.,-0.));
#3277 = ADVANCED_FACE('',(#3278),#3290,.F.);
#3278 = FACE_BOUND('',#3279,.F.);
#3279 = EDGE_LOOP('',(#3280,#3281,#3282,#3283));
#3280 = ORIENTED_EDGE('',*,*,#3206,.F.);
#3281 = ORIENTED_EDGE('',*,*,#3266,.T.);
#3282 = ORIENTED_EDGE('',*,*,#3240,.T.);
#3283 = ORIENTED_EDGE('',*,*,#3284,.F.);
#3284 = EDGE_CURVE('',#3199,#3241,#3285,.T.);
#3285 = CIRCLE('',#3286,0.189125113364);
#3286 = AXIS2_PLACEMENT_3D('',#3287,#3288,#3289);
#3287 = CARTESIAN_POINT('',(1.6,-1.249999999999,0.));
#3288 = DIRECTION('',(0.,0.,-1.));
#3289 = DIRECTION('',(1.,0.,0.));
#3290 = CONICAL_SURFACE('',#3291,0.189125113364,8.7266462599E-02);
#3291 = AXIS2_PLACEMENT_3D('',#3292,#3293,#3294);
#3292 = CARTESIAN_POINT('',(1.6,-1.249999999999,0.));
#3293 = DIRECTION('',(0.,0.,-1.));
#3294 = DIRECTION('',(1.,0.,0.));
#3295 = ADVANCED_FACE('',(#3296),#3307,.F.);
#3296 = FACE_BOUND('',#3297,.T.);
#3297 = EDGE_LOOP('',(#3298,#3299,#3300,#3301,#3302,#3303,#3304,#3305,
    #3306));
#3298 = ORIENTED_EDGE('',*,*,#3057,.F.);
#3299 = ORIENTED_EDGE('',*,*,#3249,.F.);
#3300 = ORIENTED_EDGE('',*,*,#3284,.F.);
#3301 = ORIENTED_EDGE('',*,*,#3198,.F.);
#3302 = ORIENTED_EDGE('',*,*,#3180,.F.);
#3303 = ORIENTED_EDGE('',*,*,#3155,.F.);
#3304 = ORIENTED_EDGE('',*,*,#3130,.F.);
#3305 = ORIENTED_EDGE('',*,*,#3106,.F.);
#3306 = ORIENTED_EDGE('',*,*,#3082,.F.);
#3307 = PLANE('',#3308);
#3308 = AXIS2_PLACEMENT_3D('',#3309,#3310,#3311);
#3309 = CARTESIAN_POINT('',(1.6,-1.249999999999,0.));
#3310 = DIRECTION('',(0.,0.,1.));
#3311 = DIRECTION('',(1.,0.,-0.));
#3312 = ADVANCED_FACE('',(#3313),#3341,.T.);
#3313 = FACE_BOUND('',#3314,.T.);
#3314 = EDGE_LOOP('',(#3315,#3324,#3325,#3334));
#3315 = ORIENTED_EDGE('',*,*,#3316,.F.);
#3316 = EDGE_CURVE('',#2082,#3317,#3319,.T.);
#3317 = VERTEX_POINT('',#3318);
#3318 = CARTESIAN_POINT('',(1.329603210136,1.149999999999,0.));
#3319 = B_SPLINE_CURVE_WITH_KNOTS('',3,(#3320,#3321,#3322,#3323),
  .UNSPECIFIED.,.F.,.F.,(4,4),(2.93100837E-04,3.03216723E-04),
  .PIECEWISE_BEZIER_KNOTS.);
#3320 = CARTESIAN_POINT('',(1.328349758978,1.150874886635,
    9.999999998E-03));
#3321 = CARTESIAN_POINT('',(1.328766626832,1.150583247438,
    6.666548728E-03));
#3322 = CARTESIAN_POINT('',(1.329184439586,1.150291618489,
    3.333214587E-03));
#3323 = CARTESIAN_POINT('',(1.329603210136,1.149999999999,0.));
#3324 = ORIENTED_EDGE('',*,*,#2081,.T.);
#3325 = ORIENTED_EDGE('',*,*,#3326,.T.);
#3326 = EDGE_CURVE('',#2074,#3327,#3329,.T.);
#3327 = VERTEX_POINT('',#3328);
#3328 = CARTESIAN_POINT('',(1.313269422682,1.219999999999,0.));
#3329 = B_SPLINE_CURVE_WITH_KNOTS('',3,(#3330,#3331,#3332,#3333),
  .UNSPECIFIED.,.F.,.F.,(4,4),(2.92340594E-04,3.02425415E-04),
  .PIECEWISE_BEZIER_KNOTS.);
#3330 = CARTESIAN_POINT('',(1.312299862153,1.220874886635,
    9.999999999E-03));
#3331 = CARTESIAN_POINT('',(1.312622509441,1.220583253218,
    6.666614794E-03));
#3332 = CARTESIAN_POINT('',(1.312945694485,1.220291624317,3.3332812E-03)
  );
#3333 = CARTESIAN_POINT('',(1.313269422682,1.219999999999,0.));
#3334 = ORIENTED_EDGE('',*,*,#3335,.T.);
#3335 = EDGE_CURVE('',#3327,#3317,#3336,.T.);
#3336 = CIRCLE('',#3337,0.288295723118);
#3337 = AXIS2_PLACEMENT_3D('',#3338,#3339,#3340);
#3338 = CARTESIAN_POINT('',(1.6,1.249999999999,0.));
#3339 = DIRECTION('',(0.,0.,1.));
#3340 = DIRECTION('',(-1.,0.,0.));
#3341 = CONICAL_SURFACE('',#3342,0.288295723118,8.7266462599E-02);
#3342 = AXIS2_PLACEMENT_3D('',#3343,#3344,#3345);
#3343 = CARTESIAN_POINT('',(1.6,1.249999999999,0.));
#3344 = DIRECTION('',(0.,0.,1.));
#3345 = DIRECTION('',(-1.,0.,0.));
#3346 = ADVANCED_FACE('',(#3347),#3365,.T.);
#3347 = FACE_BOUND('',#3348,.T.);
#3348 = EDGE_LOOP('',(#3349,#3357,#3358,#3359));
#3349 = ORIENTED_EDGE('',*,*,#3350,.F.);
#3350 = EDGE_CURVE('',#2091,#3351,#3353,.T.);
#3351 = VERTEX_POINT('',#3352);
#3352 = CARTESIAN_POINT('',(0.599999999999,1.149999999999,0.));
#3353 = LINE('',#3354,#3355);
#3354 = CARTESIAN_POINT('',(0.599999999999,1.149999999999,0.));
#3355 = VECTOR('',#3356,1.);
#3356 = DIRECTION('',(8.682659386409E-02,-8.682659386409E-02,
    -0.992432509139));
#3357 = ORIENTED_EDGE('',*,*,#2090,.T.);
#3358 = ORIENTED_EDGE('',*,*,#3316,.T.);
#3359 = ORIENTED_EDGE('',*,*,#3360,.T.);
#3360 = EDGE_CURVE('',#3317,#3351,#3361,.T.);
#3361 = LINE('',#3362,#3363);
#3362 = CARTESIAN_POINT('',(1.329603210136,1.149999999999,0.));
#3363 = VECTOR('',#3364,1.);
#3364 = DIRECTION('',(-1.,0.,0.));
#3365 = PLANE('',#3366);
#3366 = AXIS2_PLACEMENT_3D('',#3367,#3368,#3369);
#3367 = CARTESIAN_POINT('',(1.329603210136,1.149999999999,0.));
#3368 = DIRECTION('',(0.,0.996194698092,-8.715574274707E-02));
#3369 = DIRECTION('',(0.,8.715574274707E-02,0.996194698092));
#3370 = ADVANCED_FACE('',(#3371),#3389,.T.);
#3371 = FACE_BOUND('',#3372,.T.);
#3372 = EDGE_LOOP('',(#3373,#3381,#3382,#3383));
#3373 = ORIENTED_EDGE('',*,*,#3374,.F.);
#3374 = EDGE_CURVE('',#2099,#3375,#3377,.T.);
#3375 = VERTEX_POINT('',#3376);
#3376 = CARTESIAN_POINT('',(0.599999999999,0.349999999999,0.));
#3377 = LINE('',#3378,#3379);
#3378 = CARTESIAN_POINT('',(0.599999999999,0.349999999999,0.));
#3379 = VECTOR('',#3380,1.);
#3380 = DIRECTION('',(8.682659386409E-02,8.682659386409E-02,
    -0.992432509139));
#3381 = ORIENTED_EDGE('',*,*,#2098,.T.);
#3382 = ORIENTED_EDGE('',*,*,#3350,.T.);
#3383 = ORIENTED_EDGE('',*,*,#3384,.T.);
#3384 = EDGE_CURVE('',#3351,#3375,#3385,.T.);
#3385 = LINE('',#3386,#3387);
#3386 = CARTESIAN_POINT('',(0.599999999999,1.149999999999,0.));
#3387 = VECTOR('',#3388,1.);
#3388 = DIRECTION('',(-1.355252715606E-16,-1.,0.));
#3389 = PLANE('',#3390);
#3390 = AXIS2_PLACEMENT_3D('',#3391,#3392,#3393);
#3391 = CARTESIAN_POINT('',(0.599999999999,1.149999999999,0.));
#3392 = DIRECTION('',(-0.996194698092,1.350095569863E-16,
    -8.715574274707E-02));
#3393 = DIRECTION('',(-8.715574274707E-02,0.,0.996194698092));
#3394 = ADVANCED_FACE('',(#3395),#3413,.T.);
#3395 = FACE_BOUND('',#3396,.T.);
#3396 = EDGE_LOOP('',(#3397,#3405,#3406,#3407));
#3397 = ORIENTED_EDGE('',*,*,#3398,.F.);
#3398 = EDGE_CURVE('',#2107,#3399,#3401,.T.);
#3399 = VERTEX_POINT('',#3400);
#3400 = CARTESIAN_POINT('',(1.5,0.349999999999,0.));
#3401 = LINE('',#3402,#3403);
#3402 = CARTESIAN_POINT('',(1.495253511178,0.354746488821,
    -5.4252615479E-02));
#3403 = VECTOR('',#3404,1.);
#3404 = DIRECTION('',(-8.682659386409E-02,8.682659386409E-02,
    -0.992432509139));
#3405 = ORIENTED_EDGE('',*,*,#2106,.T.);
#3406 = ORIENTED_EDGE('',*,*,#3374,.T.);
#3407 = ORIENTED_EDGE('',*,*,#3408,.T.);
#3408 = EDGE_CURVE('',#3375,#3399,#3409,.T.);
#3409 = LINE('',#3410,#3411);
#3410 = CARTESIAN_POINT('',(0.599999999999,0.349999999999,0.));
#3411 = VECTOR('',#3412,1.);
#3412 = DIRECTION('',(1.,1.204669080539E-16,0.));
#3413 = PLANE('',#3414);
#3414 = AXIS2_PLACEMENT_3D('',#3415,#3416,#3417);
#3415 = CARTESIAN_POINT('',(0.599999999999,0.349999999999,0.));
#3416 = DIRECTION('',(1.200084950989E-16,-0.996194698092,
    -8.715574274707E-02));
#3417 = DIRECTION('',(0.,8.715574274707E-02,-0.996194698092));
#3418 = ADVANCED_FACE('',(#3419),#3438,.T.);
#3419 = FACE_BOUND('',#3420,.T.);
#3420 = EDGE_LOOP('',(#3421,#3430,#3431,#3432));
#3421 = ORIENTED_EDGE('',*,*,#3422,.F.);
#3422 = EDGE_CURVE('',#2115,#3423,#3425,.T.);
#3423 = VERTEX_POINT('',#3424);
#3424 = CARTESIAN_POINT('',(1.5,0.979603210136,0.));
#3425 = B_SPLINE_CURVE_WITH_KNOTS('',3,(#3426,#3427,#3428,#3429),
  .UNSPECIFIED.,.F.,.F.,(4,4),(2.93100837E-04,3.03216723E-04),
  .PIECEWISE_BEZIER_KNOTS.);
#3426 = CARTESIAN_POINT('',(1.500874886635,0.978349758978,
    9.999999998E-03));
#3427 = CARTESIAN_POINT('',(1.500583247438,0.978766626832,
    6.666548728E-03));
#3428 = CARTESIAN_POINT('',(1.500291618489,0.979184439586,
    3.333214587E-03));
#3429 = CARTESIAN_POINT('',(1.5,0.979603210136,0.));
#3430 = ORIENTED_EDGE('',*,*,#2114,.T.);
#3431 = ORIENTED_EDGE('',*,*,#3398,.T.);
#3432 = ORIENTED_EDGE('',*,*,#3433,.T.);
#3433 = EDGE_CURVE('',#3399,#3423,#3434,.T.);
#3434 = LINE('',#3435,#3436);
#3435 = CARTESIAN_POINT('',(1.5,0.979603210136,0.));
#3436 = VECTOR('',#3437,1.);
#3437 = DIRECTION('',(0.,1.,0.));
#3438 = PLANE('',#3439);
#3439 = AXIS2_PLACEMENT_3D('',#3440,#3441,#3442);
#3440 = CARTESIAN_POINT('',(1.5,0.979603210136,0.));
#3441 = DIRECTION('',(0.996194698092,0.,-8.715574274707E-02));
#3442 = DIRECTION('',(-8.715574274707E-02,0.,-0.996194698092));
#3443 = ADVANCED_FACE('',(#3444),#3464,.T.);
#3444 = FACE_BOUND('',#3445,.T.);
#3445 = EDGE_LOOP('',(#3446,#3455,#3456,#3457));
#3446 = ORIENTED_EDGE('',*,*,#3447,.F.);
#3447 = EDGE_CURVE('',#1756,#3448,#3450,.T.);
#3448 = VERTEX_POINT('',#3449);
#3449 = CARTESIAN_POINT('',(1.57,0.963269422682,0.));
#3450 = B_SPLINE_CURVE_WITH_KNOTS('',3,(#3451,#3452,#3453,#3454),
  .UNSPECIFIED.,.F.,.F.,(4,4),(2.92340594E-04,3.02425415E-04),
  .PIECEWISE_BEZIER_KNOTS.);
#3451 = CARTESIAN_POINT('',(1.570874886635,0.962299862153,
    9.999999999E-03));
#3452 = CARTESIAN_POINT('',(1.570583253218,0.962622509441,
    6.666614794E-03));
#3453 = CARTESIAN_POINT('',(1.570291624317,0.962945694485,3.3332812E-03)
  );
#3454 = CARTESIAN_POINT('',(1.57,0.963269422682,0.));
#3455 = ORIENTED_EDGE('',*,*,#2122,.T.);
#3456 = ORIENTED_EDGE('',*,*,#3422,.T.);
#3457 = ORIENTED_EDGE('',*,*,#3458,.T.);
#3458 = EDGE_CURVE('',#3423,#3448,#3459,.T.);
#3459 = CIRCLE('',#3460,0.288295723118);
#3460 = AXIS2_PLACEMENT_3D('',#3461,#3462,#3463);
#3461 = CARTESIAN_POINT('',(1.6,1.249999999999,0.));
#3462 = DIRECTION('',(0.,0.,1.));
#3463 = DIRECTION('',(-1.,0.,0.));
#3464 = CONICAL_SURFACE('',#3465,0.288295723118,8.7266462599E-02);
#3465 = AXIS2_PLACEMENT_3D('',#3466,#3467,#3468);
#3466 = CARTESIAN_POINT('',(1.6,1.249999999999,0.));
#3467 = DIRECTION('',(0.,0.,1.));
#3468 = DIRECTION('',(-1.,0.,0.));
#3469 = ADVANCED_FACE('',(#3470),#3498,.T.);
#3470 = FACE_BOUND('',#3471,.T.);
#3471 = EDGE_LOOP('',(#3472,#3473,#3474,#3475,#3483,#3492));
#3472 = ORIENTED_EDGE('',*,*,#2187,.F.);
#3473 = ORIENTED_EDGE('',*,*,#1753,.T.);
#3474 = ORIENTED_EDGE('',*,*,#3447,.T.);
#3475 = ORIENTED_EDGE('',*,*,#3476,.T.);
#3476 = EDGE_CURVE('',#3448,#3477,#3479,.T.);
#3477 = VERTEX_POINT('',#3478);
#3478 = CARTESIAN_POINT('',(1.57,1.063269422682,0.));
#3479 = LINE('',#3480,#3481);
#3480 = CARTESIAN_POINT('',(1.57,1.063269422682,0.));
#3481 = VECTOR('',#3482,1.);
#3482 = DIRECTION('',(0.,1.,0.));
#3483 = ORIENTED_EDGE('',*,*,#3484,.F.);
#3484 = EDGE_CURVE('',#3485,#3477,#3487,.T.);
#3485 = VERTEX_POINT('',#3486);
#3486 = CARTESIAN_POINT('',(1.596246599057,1.087164738449,0.299999999999
    ));
#3487 = B_SPLINE_CURVE_WITH_KNOTS('',3,(#3488,#3489,#3490,#3491),
  .UNSPECIFIED.,.F.,.F.,(4,4),(0.,3.02092485E-04),
  .PIECEWISE_BEZIER_KNOTS.);
#3488 = CARTESIAN_POINT('',(1.596246599057,1.087164738449,0.299999999999
    ));
#3489 = CARTESIAN_POINT('',(1.587501893432,1.078619278082,0.200047557334
    ));
#3490 = CARTESIAN_POINT('',(1.578752258669,1.070727784205,0.100038774361
    ));
#3491 = CARTESIAN_POINT('',(1.57,1.063269422682,0.));
#3492 = ORIENTED_EDGE('',*,*,#3493,.F.);
#3493 = EDGE_CURVE('',#2179,#3485,#3494,.T.);
#3494 = LINE('',#3495,#3496);
#3495 = CARTESIAN_POINT('',(1.596246599057,1.249999999999,0.299999999999
    ));
#3496 = VECTOR('',#3497,1.);
#3497 = DIRECTION('',(0.,1.,0.));
#3498 = PLANE('',#3499);
#3499 = AXIS2_PLACEMENT_3D('',#3500,#3501,#3502);
#3500 = CARTESIAN_POINT('',(1.57,1.063269422682,0.));
#3501 = DIRECTION('',(0.996194698092,0.,-8.715574274707E-02));
#3502 = DIRECTION('',(-8.715574274707E-02,0.,-0.996194698092));
#3503 = ADVANCED_FACE('',(#3504),#3532,.T.);
#3504 = FACE_BOUND('',#3505,.T.);
#3505 = EDGE_LOOP('',(#3506,#3507,#3508,#3509,#3517,#3526));
#3506 = ORIENTED_EDGE('',*,*,#3326,.F.);
#3507 = ORIENTED_EDGE('',*,*,#2073,.T.);
#3508 = ORIENTED_EDGE('',*,*,#2169,.F.);
#3509 = ORIENTED_EDGE('',*,*,#3510,.F.);
#3510 = EDGE_CURVE('',#3511,#2170,#3513,.T.);
#3511 = VERTEX_POINT('',#3512);
#3512 = CARTESIAN_POINT('',(1.437164738449,1.246246599057,0.299999999999
    ));
#3513 = LINE('',#3514,#3515);
#3514 = CARTESIAN_POINT('',(1.6,1.246246599057,0.299999999999));
#3515 = VECTOR('',#3516,1.);
#3516 = DIRECTION('',(-1.,0.,0.));
#3517 = ORIENTED_EDGE('',*,*,#3518,.T.);
#3518 = EDGE_CURVE('',#3511,#3519,#3521,.T.);
#3519 = VERTEX_POINT('',#3520);
#3520 = CARTESIAN_POINT('',(1.413269422682,1.219999999999,0.));
#3521 = B_SPLINE_CURVE_WITH_KNOTS('',3,(#3522,#3523,#3524,#3525),
  .UNSPECIFIED.,.F.,.F.,(4,4),(0.,3.02092485E-04),
  .PIECEWISE_BEZIER_KNOTS.);
#3522 = CARTESIAN_POINT('',(1.437164738449,1.246246599057,0.299999999999
    ));
#3523 = CARTESIAN_POINT('',(1.428619278082,1.237501893432,0.200047557334
    ));
#3524 = CARTESIAN_POINT('',(1.420727784205,1.228752258669,0.100038774361
    ));
#3525 = CARTESIAN_POINT('',(1.413269422682,1.219999999999,0.));
#3526 = ORIENTED_EDGE('',*,*,#3527,.T.);
#3527 = EDGE_CURVE('',#3519,#3327,#3528,.T.);
#3528 = LINE('',#3529,#3530);
#3529 = CARTESIAN_POINT('',(1.313269422682,1.219999999999,0.));
#3530 = VECTOR('',#3531,1.);
#3531 = DIRECTION('',(-1.,0.,0.));
#3532 = PLANE('',#3533);
#3533 = AXIS2_PLACEMENT_3D('',#3534,#3535,#3536);
#3534 = CARTESIAN_POINT('',(1.313269422682,1.219999999999,0.));
#3535 = DIRECTION('',(0.,0.996194698092,-8.715574274707E-02));
#3536 = DIRECTION('',(0.,8.715574274707E-02,0.996194698092));
#3537 = ADVANCED_FACE('',(#3538),#3550,.F.);
#3538 = FACE_BOUND('',#3539,.T.);
#3539 = EDGE_LOOP('',(#3540,#3541,#3542,#3549));
#3540 = ORIENTED_EDGE('',*,*,#2178,.F.);
#3541 = ORIENTED_EDGE('',*,*,#3493,.T.);
#3542 = ORIENTED_EDGE('',*,*,#3543,.T.);
#3543 = EDGE_CURVE('',#3485,#3511,#3544,.T.);
#3544 = CIRCLE('',#3545,0.162878514306);
#3545 = AXIS2_PLACEMENT_3D('',#3546,#3547,#3548);
#3546 = CARTESIAN_POINT('',(1.6,1.249999999999,0.299999999999));
#3547 = DIRECTION('',(0.,0.,-1.));
#3548 = DIRECTION('',(-1.,0.,0.));
#3549 = ORIENTED_EDGE('',*,*,#3510,.T.);
#3550 = PLANE('',#3551);
#3551 = AXIS2_PLACEMENT_3D('',#3552,#3553,#3554);
#3552 = CARTESIAN_POINT('',(1.6,1.249999999999,0.299999999999));
#3553 = DIRECTION('',(0.,0.,-1.));
#3554 = DIRECTION('',(-1.,0.,0.));
#3555 = ADVANCED_FACE('',(#3556),#3568,.F.);
#3556 = FACE_BOUND('',#3557,.F.);
#3557 = EDGE_LOOP('',(#3558,#3559,#3560,#3561));
#3558 = ORIENTED_EDGE('',*,*,#3484,.F.);
#3559 = ORIENTED_EDGE('',*,*,#3543,.T.);
#3560 = ORIENTED_EDGE('',*,*,#3518,.T.);
#3561 = ORIENTED_EDGE('',*,*,#3562,.F.);
#3562 = EDGE_CURVE('',#3477,#3519,#3563,.T.);
#3563 = CIRCLE('',#3564,0.189125113364);
#3564 = AXIS2_PLACEMENT_3D('',#3565,#3566,#3567);
#3565 = CARTESIAN_POINT('',(1.6,1.249999999999,0.));
#3566 = DIRECTION('',(0.,0.,-1.));
#3567 = DIRECTION('',(-1.,0.,0.));
#3568 = CONICAL_SURFACE('',#3569,0.189125113364,8.7266462599E-02);
#3569 = AXIS2_PLACEMENT_3D('',#3570,#3571,#3572);
#3570 = CARTESIAN_POINT('',(1.6,1.249999999999,0.));
#3571 = DIRECTION('',(0.,0.,-1.));
#3572 = DIRECTION('',(-1.,0.,0.));
#3573 = ADVANCED_FACE('',(#3574),#3585,.T.);
#3574 = FACE_BOUND('',#3575,.T.);
#3575 = EDGE_LOOP('',(#3576,#3577,#3578,#3579,#3580,#3581,#3582,#3583,
    #3584));
#3576 = ORIENTED_EDGE('',*,*,#3335,.F.);
#3577 = ORIENTED_EDGE('',*,*,#3527,.F.);
#3578 = ORIENTED_EDGE('',*,*,#3562,.F.);
#3579 = ORIENTED_EDGE('',*,*,#3476,.F.);
#3580 = ORIENTED_EDGE('',*,*,#3458,.F.);
#3581 = ORIENTED_EDGE('',*,*,#3433,.F.);
#3582 = ORIENTED_EDGE('',*,*,#3408,.F.);
#3583 = ORIENTED_EDGE('',*,*,#3384,.F.);
#3584 = ORIENTED_EDGE('',*,*,#3360,.F.);
#3585 = PLANE('',#3586);
#3586 = AXIS2_PLACEMENT_3D('',#3587,#3588,#3589);
#3587 = CARTESIAN_POINT('',(1.6,1.249999999999,0.));
#3588 = DIRECTION('',(0.,0.,-1.));
#3589 = DIRECTION('',(-1.,0.,0.));
#3590 = ADVANCED_FACE('',(#3591),#3597,.F.);
#3591 = FACE_BOUND('',#3592,.T.);
#3592 = EDGE_LOOP('',(#3593,#3594,#3595,#3596));
#3593 = ORIENTED_EDGE('',*,*,#1914,.F.);
#3594 = ORIENTED_EDGE('',*,*,#2813,.F.);
#3595 = ORIENTED_EDGE('',*,*,#3016,.F.);
#3596 = ORIENTED_EDGE('',*,*,#2830,.F.);
#3597 = PLANE('',#3598);
#3598 = AXIS2_PLACEMENT_3D('',#3599,#3600,#3601);
#3599 = CARTESIAN_POINT('',(-1.001551193632,-0.346949767544,
    3.4864316507E-02));
#3600 = DIRECTION('',(-0.699065040894,-0.704436350069,0.122790460952));
#3601 = DIRECTION('',(-8.682659386416E-02,-8.682659386416E-02,
    -0.992432509139));
#3602 = ADVANCED_FACE('',(#3603),#3657,.T.);
#3603 = FACE_BOUND('',#3604,.T.);
#3604 = EDGE_LOOP('',(#3605,#3615,#3624,#3633,#3642,#3650));
#3605 = ORIENTED_EDGE('',*,*,#3606,.T.);
#3606 = EDGE_CURVE('',#3607,#3609,#3611,.T.);
#3607 = VERTEX_POINT('',#3608);
#3608 = CARTESIAN_POINT('',(1.475,0.974999999999,0.599999999999));
#3609 = VERTEX_POINT('',#3610);
#3610 = CARTESIAN_POINT('',(1.475,0.974999999999,0.485));
#3611 = LINE('',#3612,#3613);
#3612 = CARTESIAN_POINT('',(1.475,0.974999999999,4.910121291817));
#3613 = VECTOR('',#3614,1.);
#3614 = DIRECTION('',(0.,0.,-1.));
#3615 = ORIENTED_EDGE('',*,*,#3616,.T.);
#3616 = EDGE_CURVE('',#3609,#3617,#3619,.T.);
#3617 = VERTEX_POINT('',#3618);
#3618 = CARTESIAN_POINT('',(1.434074165301,1.077970027016,0.485));
#3619 = CIRCLE('',#3620,0.149999999999);
#3620 = AXIS2_PLACEMENT_3D('',#3621,#3622,#3623);
#3621 = CARTESIAN_POINT('',(1.325,0.974999999999,0.485));
#3622 = DIRECTION('',(0.,0.,1.));
#3623 = DIRECTION('',(1.,0.,-0.));
#3624 = ORIENTED_EDGE('',*,*,#3625,.T.);
#3625 = EDGE_CURVE('',#3617,#3626,#3628,.T.);
#3626 = VERTEX_POINT('',#3627);
#3627 = CARTESIAN_POINT('',(1.427970027016,1.084074165301,0.485));
#3628 = B_SPLINE_CURVE_WITH_KNOTS('',3,(#3629,#3630,#3631,#3632),
  .UNSPECIFIED.,.F.,.F.,(4,4),(0.,8.632555148348E-06),
  .PIECEWISE_BEZIER_KNOTS.);
#3629 = CARTESIAN_POINT('',(1.434074165301,1.077970027016,0.485));
#3630 = CARTESIAN_POINT('',(1.43209884433,1.080062446455,0.485));
#3631 = CARTESIAN_POINT('',(1.430062446455,1.08209884433,0.485));
#3632 = CARTESIAN_POINT('',(1.427970027016,1.084074165301,0.485));
#3633 = ORIENTED_EDGE('',*,*,#3634,.T.);
#3634 = EDGE_CURVE('',#3626,#3635,#3637,.T.);
#3635 = VERTEX_POINT('',#3636);
#3636 = CARTESIAN_POINT('',(1.325,1.124999999999,0.485));
#3637 = CIRCLE('',#3638,0.149999999999);
#3638 = AXIS2_PLACEMENT_3D('',#3639,#3640,#3641);
#3639 = CARTESIAN_POINT('',(1.325,0.974999999999,0.485));
#3640 = DIRECTION('',(0.,0.,1.));
#3641 = DIRECTION('',(1.,0.,-0.));
#3642 = ORIENTED_EDGE('',*,*,#3643,.F.);
#3643 = EDGE_CURVE('',#3644,#3635,#3646,.T.);
#3644 = VERTEX_POINT('',#3645);
#3645 = CARTESIAN_POINT('',(1.325,1.124999999999,0.599999999999));
#3646 = LINE('',#3647,#3648);
#3647 = CARTESIAN_POINT('',(1.325,1.124999999999,4.910121291817));
#3648 = VECTOR('',#3649,1.);
#3649 = DIRECTION('',(0.,0.,-1.));
#3650 = ORIENTED_EDGE('',*,*,#3651,.F.);
#3651 = EDGE_CURVE('',#3607,#3644,#3652,.T.);
#3652 = CIRCLE('',#3653,0.149999999999);
#3653 = AXIS2_PLACEMENT_3D('',#3654,#3655,#3656);
#3654 = CARTESIAN_POINT('',(1.325,0.974999999999,0.599999999999));
#3655 = DIRECTION('',(0.,0.,1.));
#3656 = DIRECTION('',(1.,0.,-0.));
#3657 = CYLINDRICAL_SURFACE('',#3658,0.149999999999);
#3658 = AXIS2_PLACEMENT_3D('',#3659,#3660,#3661);
#3659 = CARTESIAN_POINT('',(1.325,0.974999999999,4.910121291817));
#3660 = DIRECTION('',(0.,0.,-1.));
#3661 = DIRECTION('',(-1.,0.,0.));
#3662 = ADVANCED_FACE('',(#3663),#3688,.F.);
#3663 = FACE_BOUND('',#3664,.T.);
#3664 = EDGE_LOOP('',(#3665,#3666,#3674,#3682));
#3665 = ORIENTED_EDGE('',*,*,#3643,.T.);
#3666 = ORIENTED_EDGE('',*,*,#3667,.T.);
#3667 = EDGE_CURVE('',#3635,#3668,#3670,.T.);
#3668 = VERTEX_POINT('',#3669);
#3669 = CARTESIAN_POINT('',(-1.325,1.124999999999,0.485));
#3670 = LINE('',#3671,#3672);
#3671 = CARTESIAN_POINT('',(-1.325,1.124999999999,0.485));
#3672 = VECTOR('',#3673,1.);
#3673 = DIRECTION('',(-1.,0.,0.));
#3674 = ORIENTED_EDGE('',*,*,#3675,.F.);
#3675 = EDGE_CURVE('',#3676,#3668,#3678,.T.);
#3676 = VERTEX_POINT('',#3677);
#3677 = CARTESIAN_POINT('',(-1.325,1.124999999999,0.599999999999));
#3678 = LINE('',#3679,#3680);
#3679 = CARTESIAN_POINT('',(-1.325,1.124999999999,4.910121291817));
#3680 = VECTOR('',#3681,1.);
#3681 = DIRECTION('',(0.,0.,-1.));
#3682 = ORIENTED_EDGE('',*,*,#3683,.F.);
#3683 = EDGE_CURVE('',#3644,#3676,#3684,.T.);
#3684 = LINE('',#3685,#3686);
#3685 = CARTESIAN_POINT('',(-1.325,1.124999999999,0.599999999999));
#3686 = VECTOR('',#3687,1.);
#3687 = DIRECTION('',(-1.,0.,0.));
#3688 = PLANE('',#3689);
#3689 = AXIS2_PLACEMENT_3D('',#3690,#3691,#3692);
#3690 = CARTESIAN_POINT('',(-1.325,1.124999999999,4.910121291817));
#3691 = DIRECTION('',(0.,-1.,0.));
#3692 = DIRECTION('',(0.,0.,-1.));
#3693 = ADVANCED_FACE('',(#3694),#3739,.T.);
#3694 = FACE_BOUND('',#3695,.T.);
#3695 = EDGE_LOOP('',(#3696,#3697,#3706,#3715,#3724,#3732));
#3696 = ORIENTED_EDGE('',*,*,#3675,.T.);
#3697 = ORIENTED_EDGE('',*,*,#3698,.T.);
#3698 = EDGE_CURVE('',#3668,#3699,#3701,.T.);
#3699 = VERTEX_POINT('',#3700);
#3700 = CARTESIAN_POINT('',(-1.427970027016,1.084074165301,0.485));
#3701 = CIRCLE('',#3702,0.149999999999);
#3702 = AXIS2_PLACEMENT_3D('',#3703,#3704,#3705);
#3703 = CARTESIAN_POINT('',(-1.325,0.974999999999,0.485));
#3704 = DIRECTION('',(0.,0.,1.));
#3705 = DIRECTION('',(1.,0.,-0.));
#3706 = ORIENTED_EDGE('',*,*,#3707,.T.);
#3707 = EDGE_CURVE('',#3699,#3708,#3710,.T.);
#3708 = VERTEX_POINT('',#3709);
#3709 = CARTESIAN_POINT('',(-1.434074165301,1.077970027016,0.485));
#3710 = B_SPLINE_CURVE_WITH_KNOTS('',3,(#3711,#3712,#3713,#3714),
  .UNSPECIFIED.,.F.,.F.,(4,4),(0.,8.632555148343E-06),
  .PIECEWISE_BEZIER_KNOTS.);
#3711 = CARTESIAN_POINT('',(-1.427970027016,1.084074165301,0.485));
#3712 = CARTESIAN_POINT('',(-1.430062446455,1.08209884433,0.485));
#3713 = CARTESIAN_POINT('',(-1.43209884433,1.080062446455,0.485));
#3714 = CARTESIAN_POINT('',(-1.434074165301,1.077970027016,0.485));
#3715 = ORIENTED_EDGE('',*,*,#3716,.T.);
#3716 = EDGE_CURVE('',#3708,#3717,#3719,.T.);
#3717 = VERTEX_POINT('',#3718);
#3718 = CARTESIAN_POINT('',(-1.475,0.974999999999,0.485));
#3719 = CIRCLE('',#3720,0.149999999999);
#3720 = AXIS2_PLACEMENT_3D('',#3721,#3722,#3723);
#3721 = CARTESIAN_POINT('',(-1.325,0.974999999999,0.485));
#3722 = DIRECTION('',(0.,0.,1.));
#3723 = DIRECTION('',(1.,0.,-0.));
#3724 = ORIENTED_EDGE('',*,*,#3725,.F.);
#3725 = EDGE_CURVE('',#3726,#3717,#3728,.T.);
#3726 = VERTEX_POINT('',#3727);
#3727 = CARTESIAN_POINT('',(-1.475,0.974999999999,0.599999999999));
#3728 = LINE('',#3729,#3730);
#3729 = CARTESIAN_POINT('',(-1.475,0.974999999999,4.910121291817));
#3730 = VECTOR('',#3731,1.);
#3731 = DIRECTION('',(0.,0.,-1.));
#3732 = ORIENTED_EDGE('',*,*,#3733,.F.);
#3733 = EDGE_CURVE('',#3676,#3726,#3734,.T.);
#3734 = CIRCLE('',#3735,0.149999999999);
#3735 = AXIS2_PLACEMENT_3D('',#3736,#3737,#3738);
#3736 = CARTESIAN_POINT('',(-1.325,0.974999999999,0.599999999999));
#3737 = DIRECTION('',(0.,0.,1.));
#3738 = DIRECTION('',(1.,0.,-0.));
#3739 = CYLINDRICAL_SURFACE('',#3740,0.149999999999);
#3740 = AXIS2_PLACEMENT_3D('',#3741,#3742,#3743);
#3741 = CARTESIAN_POINT('',(-1.325,0.974999999999,4.910121291817));
#3742 = DIRECTION('',(0.,0.,-1.));
#3743 = DIRECTION('',(-1.,0.,0.));
#3744 = ADVANCED_FACE('',(#3745),#3770,.F.);
#3745 = FACE_BOUND('',#3746,.T.);
#3746 = EDGE_LOOP('',(#3747,#3748,#3756,#3764));
#3747 = ORIENTED_EDGE('',*,*,#3725,.T.);
#3748 = ORIENTED_EDGE('',*,*,#3749,.T.);
#3749 = EDGE_CURVE('',#3717,#3750,#3752,.T.);
#3750 = VERTEX_POINT('',#3751);
#3751 = CARTESIAN_POINT('',(-1.474999999999,-0.974999999999,0.485));
#3752 = LINE('',#3753,#3754);
#3753 = CARTESIAN_POINT('',(-1.474999999999,-0.974999999999,0.485));
#3754 = VECTOR('',#3755,1.);
#3755 = DIRECTION('',(0.,-1.,0.));
#3756 = ORIENTED_EDGE('',*,*,#3757,.F.);
#3757 = EDGE_CURVE('',#3758,#3750,#3760,.T.);
#3758 = VERTEX_POINT('',#3759);
#3759 = CARTESIAN_POINT('',(-1.474999999999,-0.974999999999,
    0.599999999999));
#3760 = LINE('',#3761,#3762);
#3761 = CARTESIAN_POINT('',(-1.474999999999,-0.974999999999,
    4.910121291817));
#3762 = VECTOR('',#3763,1.);
#3763 = DIRECTION('',(0.,0.,-1.));
#3764 = ORIENTED_EDGE('',*,*,#3765,.F.);
#3765 = EDGE_CURVE('',#3726,#3758,#3766,.T.);
#3766 = LINE('',#3767,#3768);
#3767 = CARTESIAN_POINT('',(-1.474999999999,-0.974999999999,
    0.599999999999));
#3768 = VECTOR('',#3769,1.);
#3769 = DIRECTION('',(0.,-1.,0.));
#3770 = PLANE('',#3771);
#3771 = AXIS2_PLACEMENT_3D('',#3772,#3773,#3774);
#3772 = CARTESIAN_POINT('',(-1.474999999999,-0.974999999999,
    4.910121291817));
#3773 = DIRECTION('',(1.,0.,0.));
#3774 = DIRECTION('',(0.,0.,-1.));
#3775 = ADVANCED_FACE('',(#3776),#3821,.T.);
#3776 = FACE_BOUND('',#3777,.T.);
#3777 = EDGE_LOOP('',(#3778,#3779,#3788,#3797,#3806,#3814));
#3778 = ORIENTED_EDGE('',*,*,#3757,.T.);
#3779 = ORIENTED_EDGE('',*,*,#3780,.T.);
#3780 = EDGE_CURVE('',#3750,#3781,#3783,.T.);
#3781 = VERTEX_POINT('',#3782);
#3782 = CARTESIAN_POINT('',(-1.434074165301,-1.077970027016,0.485));
#3783 = CIRCLE('',#3784,0.149999999999);
#3784 = AXIS2_PLACEMENT_3D('',#3785,#3786,#3787);
#3785 = CARTESIAN_POINT('',(-1.325,-0.974999999999,0.485));
#3786 = DIRECTION('',(0.,0.,1.));
#3787 = DIRECTION('',(1.,0.,-0.));
#3788 = ORIENTED_EDGE('',*,*,#3789,.T.);
#3789 = EDGE_CURVE('',#3781,#3790,#3792,.T.);
#3790 = VERTEX_POINT('',#3791);
#3791 = CARTESIAN_POINT('',(-1.427970027016,-1.084074165301,0.485));
#3792 = B_SPLINE_CURVE_WITH_KNOTS('',3,(#3793,#3794,#3795,#3796),
  .UNSPECIFIED.,.F.,.F.,(4,4),(0.,8.632555148338E-06),
  .PIECEWISE_BEZIER_KNOTS.);
#3793 = CARTESIAN_POINT('',(-1.434074165301,-1.077970027016,0.485));
#3794 = CARTESIAN_POINT('',(-1.43209884433,-1.080062446455,0.485));
#3795 = CARTESIAN_POINT('',(-1.430062446455,-1.08209884433,0.485));
#3796 = CARTESIAN_POINT('',(-1.427970027016,-1.084074165301,0.485));
#3797 = ORIENTED_EDGE('',*,*,#3798,.T.);
#3798 = EDGE_CURVE('',#3790,#3799,#3801,.T.);
#3799 = VERTEX_POINT('',#3800);
#3800 = CARTESIAN_POINT('',(-1.325,-1.124999999999,0.485));
#3801 = CIRCLE('',#3802,0.149999999999);
#3802 = AXIS2_PLACEMENT_3D('',#3803,#3804,#3805);
#3803 = CARTESIAN_POINT('',(-1.325,-0.974999999999,0.485));
#3804 = DIRECTION('',(0.,0.,1.));
#3805 = DIRECTION('',(1.,0.,-0.));
#3806 = ORIENTED_EDGE('',*,*,#3807,.F.);
#3807 = EDGE_CURVE('',#3808,#3799,#3810,.T.);
#3808 = VERTEX_POINT('',#3809);
#3809 = CARTESIAN_POINT('',(-1.325,-1.124999999999,0.599999999999));
#3810 = LINE('',#3811,#3812);
#3811 = CARTESIAN_POINT('',(-1.325,-1.124999999999,4.910121291817));
#3812 = VECTOR('',#3813,1.);
#3813 = DIRECTION('',(0.,0.,-1.));
#3814 = ORIENTED_EDGE('',*,*,#3815,.F.);
#3815 = EDGE_CURVE('',#3758,#3808,#3816,.T.);
#3816 = CIRCLE('',#3817,0.149999999999);
#3817 = AXIS2_PLACEMENT_3D('',#3818,#3819,#3820);
#3818 = CARTESIAN_POINT('',(-1.325,-0.974999999999,0.599999999999));
#3819 = DIRECTION('',(0.,0.,1.));
#3820 = DIRECTION('',(1.,0.,-0.));
#3821 = CYLINDRICAL_SURFACE('',#3822,0.149999999999);
#3822 = AXIS2_PLACEMENT_3D('',#3823,#3824,#3825);
#3823 = CARTESIAN_POINT('',(-1.325,-0.974999999999,4.910121291817));
#3824 = DIRECTION('',(0.,0.,-1.));
#3825 = DIRECTION('',(-1.,0.,0.));
#3826 = ADVANCED_FACE('',(#3827),#3852,.F.);
#3827 = FACE_BOUND('',#3828,.T.);
#3828 = EDGE_LOOP('',(#3829,#3830,#3838,#3846));
#3829 = ORIENTED_EDGE('',*,*,#3807,.T.);
#3830 = ORIENTED_EDGE('',*,*,#3831,.T.);
#3831 = EDGE_CURVE('',#3799,#3832,#3834,.T.);
#3832 = VERTEX_POINT('',#3833);
#3833 = CARTESIAN_POINT('',(1.325,-1.124999999999,0.485));
#3834 = LINE('',#3835,#3836);
#3835 = CARTESIAN_POINT('',(-1.325,-1.124999999999,0.485));
#3836 = VECTOR('',#3837,1.);
#3837 = DIRECTION('',(1.,0.,0.));
#3838 = ORIENTED_EDGE('',*,*,#3839,.F.);
#3839 = EDGE_CURVE('',#3840,#3832,#3842,.T.);
#3840 = VERTEX_POINT('',#3841);
#3841 = CARTESIAN_POINT('',(1.325,-1.124999999999,0.599999999999));
#3842 = LINE('',#3843,#3844);
#3843 = CARTESIAN_POINT('',(1.325,-1.124999999999,4.910121291817));
#3844 = VECTOR('',#3845,1.);
#3845 = DIRECTION('',(0.,0.,-1.));
#3846 = ORIENTED_EDGE('',*,*,#3847,.F.);
#3847 = EDGE_CURVE('',#3808,#3840,#3848,.T.);
#3848 = LINE('',#3849,#3850);
#3849 = CARTESIAN_POINT('',(-1.325,-1.124999999999,0.599999999999));
#3850 = VECTOR('',#3851,1.);
#3851 = DIRECTION('',(1.,0.,0.));
#3852 = PLANE('',#3853);
#3853 = AXIS2_PLACEMENT_3D('',#3854,#3855,#3856);
#3854 = CARTESIAN_POINT('',(-1.325,-1.124999999999,4.910121291817));
#3855 = DIRECTION('',(0.,1.,0.));
#3856 = DIRECTION('',(0.,-0.,1.));
#3857 = ADVANCED_FACE('',(#3858),#3903,.T.);
#3858 = FACE_BOUND('',#3859,.T.);
#3859 = EDGE_LOOP('',(#3860,#3861,#3870,#3879,#3888,#3896));
#3860 = ORIENTED_EDGE('',*,*,#3839,.T.);
#3861 = ORIENTED_EDGE('',*,*,#3862,.T.);
#3862 = EDGE_CURVE('',#3832,#3863,#3865,.T.);
#3863 = VERTEX_POINT('',#3864);
#3864 = CARTESIAN_POINT('',(1.427970027016,-1.084074165301,0.485));
#3865 = CIRCLE('',#3866,0.149999999999);
#3866 = AXIS2_PLACEMENT_3D('',#3867,#3868,#3869);
#3867 = CARTESIAN_POINT('',(1.325,-0.974999999999,0.485));
#3868 = DIRECTION('',(0.,0.,1.));
#3869 = DIRECTION('',(1.,0.,-0.));
#3870 = ORIENTED_EDGE('',*,*,#3871,.T.);
#3871 = EDGE_CURVE('',#3863,#3872,#3874,.T.);
#3872 = VERTEX_POINT('',#3873);
#3873 = CARTESIAN_POINT('',(1.434074165301,-1.077970027016,0.485));
#3874 = B_SPLINE_CURVE_WITH_KNOTS('',3,(#3875,#3876,#3877,#3878),
  .UNSPECIFIED.,.F.,.F.,(4,4),(0.,8.632555148342E-06),
  .PIECEWISE_BEZIER_KNOTS.);
#3875 = CARTESIAN_POINT('',(1.427970027016,-1.084074165301,0.485));
#3876 = CARTESIAN_POINT('',(1.430062446455,-1.08209884433,0.485));
#3877 = CARTESIAN_POINT('',(1.43209884433,-1.080062446455,0.485));
#3878 = CARTESIAN_POINT('',(1.434074165301,-1.077970027016,0.485));
#3879 = ORIENTED_EDGE('',*,*,#3880,.T.);
#3880 = EDGE_CURVE('',#3872,#3881,#3883,.T.);
#3881 = VERTEX_POINT('',#3882);
#3882 = CARTESIAN_POINT('',(1.475,-0.974999999999,0.485));
#3883 = CIRCLE('',#3884,0.149999999999);
#3884 = AXIS2_PLACEMENT_3D('',#3885,#3886,#3887);
#3885 = CARTESIAN_POINT('',(1.325,-0.974999999999,0.485));
#3886 = DIRECTION('',(0.,0.,1.));
#3887 = DIRECTION('',(1.,0.,-0.));
#3888 = ORIENTED_EDGE('',*,*,#3889,.F.);
#3889 = EDGE_CURVE('',#3890,#3881,#3892,.T.);
#3890 = VERTEX_POINT('',#3891);
#3891 = CARTESIAN_POINT('',(1.475,-0.974999999999,0.599999999999));
#3892 = LINE('',#3893,#3894);
#3893 = CARTESIAN_POINT('',(1.475,-0.974999999999,4.910121291817));
#3894 = VECTOR('',#3895,1.);
#3895 = DIRECTION('',(0.,0.,-1.));
#3896 = ORIENTED_EDGE('',*,*,#3897,.F.);
#3897 = EDGE_CURVE('',#3840,#3890,#3898,.T.);
#3898 = CIRCLE('',#3899,0.149999999999);
#3899 = AXIS2_PLACEMENT_3D('',#3900,#3901,#3902);
#3900 = CARTESIAN_POINT('',(1.325,-0.974999999999,0.599999999999));
#3901 = DIRECTION('',(0.,0.,1.));
#3902 = DIRECTION('',(1.,0.,-0.));
#3903 = CYLINDRICAL_SURFACE('',#3904,0.149999999999);
#3904 = AXIS2_PLACEMENT_3D('',#3905,#3906,#3907);
#3905 = CARTESIAN_POINT('',(1.325,-0.974999999999,4.910121291817));
#3906 = DIRECTION('',(0.,0.,-1.));
#3907 = DIRECTION('',(-1.,0.,0.));
#3908 = ADVANCED_FACE('',(#3909),#3925,.F.);
#3909 = FACE_BOUND('',#3910,.T.);
#3910 = EDGE_LOOP('',(#3911,#3912,#3918,#3919));
#3911 = ORIENTED_EDGE('',*,*,#3889,.T.);
#3912 = ORIENTED_EDGE('',*,*,#3913,.T.);
#3913 = EDGE_CURVE('',#3881,#3609,#3914,.T.);
#3914 = LINE('',#3915,#3916);
#3915 = CARTESIAN_POINT('',(1.475,-0.974999999999,0.485));
#3916 = VECTOR('',#3917,1.);
#3917 = DIRECTION('',(0.,1.,0.));
#3918 = ORIENTED_EDGE('',*,*,#3606,.F.);
#3919 = ORIENTED_EDGE('',*,*,#3920,.F.);
#3920 = EDGE_CURVE('',#3890,#3607,#3921,.T.);
#3921 = LINE('',#3922,#3923);
#3922 = CARTESIAN_POINT('',(1.475,-0.974999999999,0.599999999999));
#3923 = VECTOR('',#3924,1.);
#3924 = DIRECTION('',(0.,1.,0.));
#3925 = PLANE('',#3926);
#3926 = AXIS2_PLACEMENT_3D('',#3927,#3928,#3929);
#3927 = CARTESIAN_POINT('',(1.475,-0.974999999999,4.910121291817));
#3928 = DIRECTION('',(-1.,0.,0.));
#3929 = DIRECTION('',(0.,0.,1.));
#3930 = ADVANCED_FACE('',(#3931,#4001),#4011,.T.);
#3931 = FACE_BOUND('',#3932,.T.);
#3932 = EDGE_LOOP('',(#3933,#3944,#3952,#3961,#3969,#3978,#3986,#3995));
#3933 = ORIENTED_EDGE('',*,*,#3934,.F.);
#3934 = EDGE_CURVE('',#3935,#3937,#3939,.T.);
#3935 = VERTEX_POINT('',#3936);
#3936 = CARTESIAN_POINT('',(1.325,-1.094999999999,0.599999999999));
#3937 = VERTEX_POINT('',#3938);
#3938 = CARTESIAN_POINT('',(1.445,-0.974999999999,0.599999999999));
#3939 = CIRCLE('',#3940,0.119999999999);
#3940 = AXIS2_PLACEMENT_3D('',#3941,#3942,#3943);
#3941 = CARTESIAN_POINT('',(1.325,-0.974999999999,0.599999999999));
#3942 = DIRECTION('',(0.,0.,1.));
#3943 = DIRECTION('',(1.,0.,-0.));
#3944 = ORIENTED_EDGE('',*,*,#3945,.F.);
#3945 = EDGE_CURVE('',#3946,#3935,#3948,.T.);
#3946 = VERTEX_POINT('',#3947);
#3947 = CARTESIAN_POINT('',(-1.325,-1.094999999999,0.599999999999));
#3948 = LINE('',#3949,#3950);
#3949 = CARTESIAN_POINT('',(-1.325,-1.094999999999,0.599999999999));
#3950 = VECTOR('',#3951,1.);
#3951 = DIRECTION('',(1.,-8.18265790555E-17,0.));
#3952 = ORIENTED_EDGE('',*,*,#3953,.F.);
#3953 = EDGE_CURVE('',#3954,#3946,#3956,.T.);
#3954 = VERTEX_POINT('',#3955);
#3955 = CARTESIAN_POINT('',(-1.444999999999,-0.974999999999,
    0.599999999999));
#3956 = CIRCLE('',#3957,0.119999999999);
#3957 = AXIS2_PLACEMENT_3D('',#3958,#3959,#3960);
#3958 = CARTESIAN_POINT('',(-1.325,-0.974999999999,0.599999999999));
#3959 = DIRECTION('',(0.,0.,1.));
#3960 = DIRECTION('',(1.,0.,-0.));
#3961 = ORIENTED_EDGE('',*,*,#3962,.F.);
#3962 = EDGE_CURVE('',#3963,#3954,#3965,.T.);
#3963 = VERTEX_POINT('',#3964);
#3964 = CARTESIAN_POINT('',(-1.445,0.974999999999,0.599999999999));
#3965 = LINE('',#3966,#3967);
#3966 = CARTESIAN_POINT('',(-1.445,0.974999999999,0.599999999999));
#3967 = VECTOR('',#3968,1.);
#3968 = DIRECTION('',(1.11200222819E-16,-1.,0.));
#3969 = ORIENTED_EDGE('',*,*,#3970,.F.);
#3970 = EDGE_CURVE('',#3971,#3963,#3973,.T.);
#3971 = VERTEX_POINT('',#3972);
#3972 = CARTESIAN_POINT('',(-1.325,1.094999999999,0.599999999999));
#3973 = CIRCLE('',#3974,0.119999999999);
#3974 = AXIS2_PLACEMENT_3D('',#3975,#3976,#3977);
#3975 = CARTESIAN_POINT('',(-1.325,0.974999999999,0.599999999999));
#3976 = DIRECTION('',(0.,0.,1.));
#3977 = DIRECTION('',(1.,0.,-0.));
#3978 = ORIENTED_EDGE('',*,*,#3979,.F.);
#3979 = EDGE_CURVE('',#3980,#3971,#3982,.T.);
#3980 = VERTEX_POINT('',#3981);
#3981 = CARTESIAN_POINT('',(1.325,1.094999999999,0.599999999999));
#3982 = LINE('',#3983,#3984);
#3983 = CARTESIAN_POINT('',(1.325,1.094999999999,0.599999999999));
#3984 = VECTOR('',#3985,1.);
#3985 = DIRECTION('',(-1.,-8.18265790555E-17,0.));
#3986 = ORIENTED_EDGE('',*,*,#3987,.F.);
#3987 = EDGE_CURVE('',#3988,#3980,#3990,.T.);
#3988 = VERTEX_POINT('',#3989);
#3989 = CARTESIAN_POINT('',(1.445,0.974999999999,0.599999999999));
#3990 = CIRCLE('',#3991,0.12);
#3991 = AXIS2_PLACEMENT_3D('',#3992,#3993,#3994);
#3992 = CARTESIAN_POINT('',(1.325,0.974999999999,0.599999999999));
#3993 = DIRECTION('',(0.,0.,1.));
#3994 = DIRECTION('',(1.,0.,-0.));
#3995 = ORIENTED_EDGE('',*,*,#3996,.F.);
#3996 = EDGE_CURVE('',#3937,#3988,#3997,.T.);
#3997 = LINE('',#3998,#3999);
#3998 = CARTESIAN_POINT('',(1.445,-0.974999999999,0.599999999999));
#3999 = VECTOR('',#4000,1.);
#4000 = DIRECTION('',(1.11200222819E-16,1.,0.));
#4001 = FACE_BOUND('',#4002,.T.);
#4002 = EDGE_LOOP('',(#4003,#4004,#4005,#4006,#4007,#4008,#4009,#4010));
#4003 = ORIENTED_EDGE('',*,*,#3920,.T.);
#4004 = ORIENTED_EDGE('',*,*,#3651,.T.);
#4005 = ORIENTED_EDGE('',*,*,#3683,.T.);
#4006 = ORIENTED_EDGE('',*,*,#3733,.T.);
#4007 = ORIENTED_EDGE('',*,*,#3765,.T.);
#4008 = ORIENTED_EDGE('',*,*,#3815,.T.);
#4009 = ORIENTED_EDGE('',*,*,#3847,.T.);
#4010 = ORIENTED_EDGE('',*,*,#3897,.T.);
#4011 = PLANE('',#4012);
#4012 = AXIS2_PLACEMENT_3D('',#4013,#4014,#4015);
#4013 = CARTESIAN_POINT('',(-1.6,1.249999999999,0.599999999999));
#4014 = DIRECTION('',(0.,0.,1.));
#4015 = DIRECTION('',(1.,0.,-0.));
#4016 = ADVANCED_FACE('',(#4017),#4035,.F.);
#4017 = FACE_BOUND('',#4018,.F.);
#4018 = EDGE_LOOP('',(#4019,#4020,#4027,#4028));
#4019 = ORIENTED_EDGE('',*,*,#3698,.T.);
#4020 = ORIENTED_EDGE('',*,*,#4021,.T.);
#4021 = EDGE_CURVE('',#3699,#1694,#4022,.T.);
#4022 = CIRCLE('',#4023,7.4999999999E-02);
#4023 = AXIS2_PLACEMENT_3D('',#4024,#4025,#4026);
#4024 = CARTESIAN_POINT('',(-1.479455040525,1.138611247951,0.485));
#4025 = DIRECTION('',(0.727161102008,0.686466846779,0.));
#4026 = DIRECTION('',(-0.686466846779,0.727161102008,0.));
#4027 = ORIENTED_EDGE('',*,*,#1704,.T.);
#4028 = ORIENTED_EDGE('',*,*,#4029,.T.);
#4029 = EDGE_CURVE('',#1705,#3668,#4030,.T.);
#4030 = CIRCLE('',#4031,7.5E-02);
#4031 = AXIS2_PLACEMENT_3D('',#4032,#4033,#4034);
#4032 = CARTESIAN_POINT('',(-1.325,1.199999999999,0.485));
#4033 = DIRECTION('',(-1.,0.,0.));
#4034 = DIRECTION('',(0.,0.,1.));
#4035 = TOROIDAL_SURFACE('',#4036,0.224999999999,7.4999999999E-02);
#4036 = AXIS2_PLACEMENT_3D('',#4037,#4038,#4039);
#4037 = CARTESIAN_POINT('',(-1.325,0.974999999999,0.485));
#4038 = DIRECTION('',(0.,0.,1.));
#4039 = DIRECTION('',(1.,0.,-0.));
#4040 = ADVANCED_FACE('',(#4041),#4053,.F.);
#4041 = FACE_BOUND('',#4042,.F.);
#4042 = EDGE_LOOP('',(#4043,#4044,#4051,#4052));
#4043 = ORIENTED_EDGE('',*,*,#3707,.T.);
#4044 = ORIENTED_EDGE('',*,*,#4045,.T.);
#4045 = EDGE_CURVE('',#3708,#1662,#4046,.T.);
#4046 = CIRCLE('',#4047,7.4999999999E-02);
#4047 = AXIS2_PLACEMENT_3D('',#4048,#4049,#4050);
#4048 = CARTESIAN_POINT('',(-1.488611247951,1.129455040525,0.485));
#4049 = DIRECTION('',(0.686466846779,0.727161102008,-4.613401485202E-16)
  );
#4050 = DIRECTION('',(-0.727161102008,0.686466846779,0.));
#4051 = ORIENTED_EDGE('',*,*,#2342,.T.);
#4052 = ORIENTED_EDGE('',*,*,#4021,.F.);
#4053 = ( BOUNDED_SURFACE() B_SPLINE_SURFACE(3,2,(
    (#4054,#4055,#4056)
    ,(#4057,#4058,#4059)
    ,(#4060,#4061,#4062)
    ,(#4063,#4064,#4065
)),.UNSPECIFIED.,.F.,.F.,.F.) B_SPLINE_SURFACE_WITH_KNOTS((4,4),(3,3),(
    1.6773365E-04,1.80775755E-04),(0.,1.),.PIECEWISE_BEZIER_KNOTS.) 
GEOMETRIC_REPRESENTATION_ITEM() RATIONAL_B_SPLINE_SURFACE((
    (1.,0.707106781186,1.)
    ,(1.,0.708492946938,1.)
    ,(1.,0.708494877559,1.)
,(1.,0.707106781186,1.))) REPRESENTATION_ITEM('') SURFACE() );
#4054 = CARTESIAN_POINT('',(-1.427970027016,1.084074165301,0.485));
#4055 = CARTESIAN_POINT('',(-1.427970027016,1.084074165301,0.41));
#4056 = CARTESIAN_POINT('',(-1.479455040525,1.138611247951,0.41));
#4057 = CARTESIAN_POINT('',(-1.430061857123,1.08209940068,0.48499996353)
  );
#4058 = CARTESIAN_POINT('',(-1.430043294086,1.082116972721,0.41029291803
    ));
#4059 = CARTESIAN_POINT('',(-1.482376726489,1.135449361343,0.41));
#4060 = CARTESIAN_POINT('',(-1.432096653506,1.080064767152,
    0.484999963456));
#4061 = CARTESIAN_POINT('',(-1.432114228806,1.080046196736,
    0.410293318491));
#4062 = CARTESIAN_POINT('',(-1.485444951493,1.132380809042,0.41));
#4063 = CARTESIAN_POINT('',(-1.434074165301,1.077970027016,0.485));
#4064 = CARTESIAN_POINT('',(-1.434074165301,1.077970027016,0.41));
#4065 = CARTESIAN_POINT('',(-1.488611247951,1.129455040525,0.41));
#4066 = ADVANCED_FACE('',(#4067),#4079,.F.);
#4067 = FACE_BOUND('',#4068,.F.);
#4068 = EDGE_LOOP('',(#4069,#4070,#4077,#4078));
#4069 = ORIENTED_EDGE('',*,*,#1713,.T.);
#4070 = ORIENTED_EDGE('',*,*,#4071,.T.);
#4071 = EDGE_CURVE('',#1714,#3635,#4072,.T.);
#4072 = CIRCLE('',#4073,7.5E-02);
#4073 = AXIS2_PLACEMENT_3D('',#4074,#4075,#4076);
#4074 = CARTESIAN_POINT('',(1.325,1.199999999999,0.485));
#4075 = DIRECTION('',(-1.,0.,0.));
#4076 = DIRECTION('',(0.,0.,1.));
#4077 = ORIENTED_EDGE('',*,*,#3667,.T.);
#4078 = ORIENTED_EDGE('',*,*,#4029,.F.);
#4079 = CYLINDRICAL_SURFACE('',#4080,7.4999999999E-02);
#4080 = AXIS2_PLACEMENT_3D('',#4081,#4082,#4083);
#4081 = CARTESIAN_POINT('',(-1.325,1.199999999999,0.485));
#4082 = DIRECTION('',(-1.,0.,0.));
#4083 = DIRECTION('',(0.,0.,1.));
#4084 = ADVANCED_FACE('',(#4085),#4097,.F.);
#4085 = FACE_BOUND('',#4086,.F.);
#4086 = EDGE_LOOP('',(#4087,#4088,#4095,#4096));
#4087 = ORIENTED_EDGE('',*,*,#3716,.T.);
#4088 = ORIENTED_EDGE('',*,*,#4089,.T.);
#4089 = EDGE_CURVE('',#3717,#1654,#4090,.T.);
#4090 = CIRCLE('',#4091,7.4999999999E-02);
#4091 = AXIS2_PLACEMENT_3D('',#4092,#4093,#4094);
#4092 = CARTESIAN_POINT('',(-1.55,0.974999999999,0.485));
#4093 = DIRECTION('',(0.,1.,0.));
#4094 = DIRECTION('',(0.,-0.,1.));
#4095 = ORIENTED_EDGE('',*,*,#1661,.T.);
#4096 = ORIENTED_EDGE('',*,*,#4045,.F.);
#4097 = TOROIDAL_SURFACE('',#4098,0.224999999999,7.4999999999E-02);
#4098 = AXIS2_PLACEMENT_3D('',#4099,#4100,#4101);
#4099 = CARTESIAN_POINT('',(-1.325,0.974999999999,0.485));
#4100 = DIRECTION('',(0.,0.,1.));
#4101 = DIRECTION('',(1.,0.,-0.));
#4102 = ADVANCED_FACE('',(#4103),#4115,.F.);
#4103 = FACE_BOUND('',#4104,.F.);
#4104 = EDGE_LOOP('',(#4105,#4106,#4113,#4114));
#4105 = ORIENTED_EDGE('',*,*,#1721,.T.);
#4106 = ORIENTED_EDGE('',*,*,#4107,.T.);
#4107 = EDGE_CURVE('',#1722,#3626,#4108,.T.);
#4108 = CIRCLE('',#4109,7.4999999999E-02);
#4109 = AXIS2_PLACEMENT_3D('',#4110,#4111,#4112);
#4110 = CARTESIAN_POINT('',(1.479455040525,1.138611247951,0.485));
#4111 = DIRECTION('',(-0.727161102008,0.686466846779,0.));
#4112 = DIRECTION('',(-0.686466846779,-0.727161102008,0.));
#4113 = ORIENTED_EDGE('',*,*,#3634,.T.);
#4114 = ORIENTED_EDGE('',*,*,#4071,.F.);
#4115 = TOROIDAL_SURFACE('',#4116,0.225,7.4999999999E-02);
#4116 = AXIS2_PLACEMENT_3D('',#4117,#4118,#4119);
#4117 = CARTESIAN_POINT('',(1.325,0.974999999999,0.485));
#4118 = DIRECTION('',(0.,0.,1.));
#4119 = DIRECTION('',(1.,0.,-0.));
#4120 = ADVANCED_FACE('',(#4121),#4133,.F.);
#4121 = FACE_BOUND('',#4122,.F.);
#4122 = EDGE_LOOP('',(#4123,#4124,#4131,#4132));
#4123 = ORIENTED_EDGE('',*,*,#3749,.T.);
#4124 = ORIENTED_EDGE('',*,*,#4125,.T.);
#4125 = EDGE_CURVE('',#3750,#1645,#4126,.T.);
#4126 = CIRCLE('',#4127,7.4999999999E-02);
#4127 = AXIS2_PLACEMENT_3D('',#4128,#4129,#4130);
#4128 = CARTESIAN_POINT('',(-1.55,-0.974999999999,0.485));
#4129 = DIRECTION('',(0.,1.,0.));
#4130 = DIRECTION('',(0.,-0.,1.));
#4131 = ORIENTED_EDGE('',*,*,#1653,.T.);
#4132 = ORIENTED_EDGE('',*,*,#4089,.F.);
#4133 = CYLINDRICAL_SURFACE('',#4134,7.4999999999E-02);
#4134 = AXIS2_PLACEMENT_3D('',#4135,#4136,#4137);
#4135 = CARTESIAN_POINT('',(-1.55,-0.974999999999,0.485));
#4136 = DIRECTION('',(0.,-1.,0.));
#4137 = DIRECTION('',(0.,0.,-1.));
#4138 = ADVANCED_FACE('',(#4139),#4151,.F.);
#4139 = FACE_BOUND('',#4140,.F.);
#4140 = EDGE_LOOP('',(#4141,#4142,#4149,#4150));
#4141 = ORIENTED_EDGE('',*,*,#2154,.T.);
#4142 = ORIENTED_EDGE('',*,*,#4143,.T.);
#4143 = EDGE_CURVE('',#2146,#3617,#4144,.T.);
#4144 = CIRCLE('',#4145,7.5E-02);
#4145 = AXIS2_PLACEMENT_3D('',#4146,#4147,#4148);
#4146 = CARTESIAN_POINT('',(1.488611247951,1.129455040525,0.485));
#4147 = DIRECTION('',(-0.686466846779,0.727161102008,-2.159088887917E-14
    ));
#4148 = DIRECTION('',(0.727161102008,0.686466846779,1.577721810442E-30)
  );
#4149 = ORIENTED_EDGE('',*,*,#3625,.T.);
#4150 = ORIENTED_EDGE('',*,*,#4107,.F.);
#4151 = ( BOUNDED_SURFACE() B_SPLINE_SURFACE(3,2,(
    (#4152,#4153,#4154)
    ,(#4155,#4156,#4157)
    ,(#4158,#4159,#4160)
    ,(#4161,#4162,#4163
)),.UNSPECIFIED.,.F.,.F.,.F.) B_SPLINE_SURFACE_WITH_KNOTS((4,4),(3,3),(
    1.6773365E-04,1.80775755E-04),(0.,1.),.PIECEWISE_BEZIER_KNOTS.) 
GEOMETRIC_REPRESENTATION_ITEM() RATIONAL_B_SPLINE_SURFACE((
    (1.,0.707106781186,1.)
    ,(1.,0.708492946938,1.)
    ,(1.,0.708494877559,1.)
,(1.,0.707106781186,1.))) REPRESENTATION_ITEM('') SURFACE() );
#4152 = CARTESIAN_POINT('',(1.434074165301,1.077970027016,0.485));
#4153 = CARTESIAN_POINT('',(1.434074165301,1.077970027016,0.41));
#4154 = CARTESIAN_POINT('',(1.488611247951,1.129455040525,0.41));
#4155 = CARTESIAN_POINT('',(1.43209940068,1.080061857123,0.48499996353)
  );
#4156 = CARTESIAN_POINT('',(1.432116972721,1.080043294086,0.41029291803)
  );
#4157 = CARTESIAN_POINT('',(1.485449361343,1.132376726489,0.41));
#4158 = CARTESIAN_POINT('',(1.430064767152,1.082096653506,0.484999963456
    ));
#4159 = CARTESIAN_POINT('',(1.430046196736,1.082114228806,0.410293318491
    ));
#4160 = CARTESIAN_POINT('',(1.482380809042,1.135444951493,0.41));
#4161 = CARTESIAN_POINT('',(1.427970027016,1.084074165301,0.485));
#4162 = CARTESIAN_POINT('',(1.427970027016,1.084074165301,0.41));
#4163 = CARTESIAN_POINT('',(1.479455040525,1.138611247951,0.41));
#4164 = ADVANCED_FACE('',(#4165),#4177,.F.);
#4165 = FACE_BOUND('',#4166,.F.);
#4166 = EDGE_LOOP('',(#4167,#4168,#4175,#4176));
#4167 = ORIENTED_EDGE('',*,*,#3780,.T.);
#4168 = ORIENTED_EDGE('',*,*,#4169,.T.);
#4169 = EDGE_CURVE('',#3781,#1634,#4170,.T.);
#4170 = CIRCLE('',#4171,7.4999999999E-02);
#4171 = AXIS2_PLACEMENT_3D('',#4172,#4173,#4174);
#4172 = CARTESIAN_POINT('',(-1.488611247951,-1.129455040525,0.485));
#4173 = DIRECTION('',(-0.686466846779,0.727161102008,0.));
#4174 = DIRECTION('',(-0.727161102008,-0.686466846779,0.));
#4175 = ORIENTED_EDGE('',*,*,#1644,.T.);
#4176 = ORIENTED_EDGE('',*,*,#4125,.F.);
#4177 = TOROIDAL_SURFACE('',#4178,0.224999999999,7.4999999999E-02);
#4178 = AXIS2_PLACEMENT_3D('',#4179,#4180,#4181);
#4179 = CARTESIAN_POINT('',(-1.325,-0.974999999999,0.485));
#4180 = DIRECTION('',(0.,0.,1.));
#4181 = DIRECTION('',(1.,0.,-0.));
#4182 = ADVANCED_FACE('',(#4183),#4195,.F.);
#4183 = FACE_BOUND('',#4184,.F.);
#4184 = EDGE_LOOP('',(#4185,#4186,#4193,#4194));
#4185 = ORIENTED_EDGE('',*,*,#2454,.T.);
#4186 = ORIENTED_EDGE('',*,*,#4187,.T.);
#4187 = EDGE_CURVE('',#2435,#3609,#4188,.T.);
#4188 = CIRCLE('',#4189,7.5E-02);
#4189 = AXIS2_PLACEMENT_3D('',#4190,#4191,#4192);
#4190 = CARTESIAN_POINT('',(1.55,0.974999999999,0.485));
#4191 = DIRECTION('',(0.,1.,0.));
#4192 = DIRECTION('',(0.,-0.,1.));
#4193 = ORIENTED_EDGE('',*,*,#3616,.T.);
#4194 = ORIENTED_EDGE('',*,*,#4143,.F.);
#4195 = TOROIDAL_SURFACE('',#4196,0.225,7.4999999999E-02);
#4196 = AXIS2_PLACEMENT_3D('',#4197,#4198,#4199);
#4197 = CARTESIAN_POINT('',(1.325,0.974999999999,0.485));
#4198 = DIRECTION('',(0.,0.,1.));
#4199 = DIRECTION('',(1.,0.,-0.));
#4200 = ADVANCED_FACE('',(#4201),#4213,.F.);
#4201 = FACE_BOUND('',#4202,.F.);
#4202 = EDGE_LOOP('',(#4203,#4204,#4211,#4212));
#4203 = ORIENTED_EDGE('',*,*,#3789,.T.);
#4204 = ORIENTED_EDGE('',*,*,#4205,.T.);
#4205 = EDGE_CURVE('',#3790,#1602,#4206,.T.);
#4206 = CIRCLE('',#4207,7.4999999999E-02);
#4207 = AXIS2_PLACEMENT_3D('',#4208,#4209,#4210);
#4208 = CARTESIAN_POINT('',(-1.479455040525,-1.138611247951,0.485));
#4209 = DIRECTION('',(-0.727161102008,0.686466846779,-4.686936151746E-16
    ));
#4210 = DIRECTION('',(-0.686466846779,-0.727161102008,4.930380657631E-32
    ));
#4211 = ORIENTED_EDGE('',*,*,#2276,.T.);
#4212 = ORIENTED_EDGE('',*,*,#4169,.F.);
#4213 = ( BOUNDED_SURFACE() B_SPLINE_SURFACE(3,2,(
    (#4214,#4215,#4216)
    ,(#4217,#4218,#4219)
    ,(#4220,#4221,#4222)
    ,(#4223,#4224,#4225
)),.UNSPECIFIED.,.F.,.F.,.F.) B_SPLINE_SURFACE_WITH_KNOTS((4,4),(3,3),(
    1.6773365E-04,1.80775755E-04),(0.,1.),.PIECEWISE_BEZIER_KNOTS.) 
GEOMETRIC_REPRESENTATION_ITEM() RATIONAL_B_SPLINE_SURFACE((
    (1.,0.707106781186,1.)
    ,(1.,0.708492946938,1.)
    ,(1.,0.708494877559,1.)
,(1.,0.707106781186,1.))) REPRESENTATION_ITEM('') SURFACE() );
#4214 = CARTESIAN_POINT('',(-1.434074165301,-1.077970027016,0.485));
#4215 = CARTESIAN_POINT('',(-1.434074165301,-1.077970027016,0.41));
#4216 = CARTESIAN_POINT('',(-1.488611247951,-1.129455040525,0.41));
#4217 = CARTESIAN_POINT('',(-1.43209940068,-1.080061857123,0.48499996353
    ));
#4218 = CARTESIAN_POINT('',(-1.432116972721,-1.080043294086,
    0.41029291803));
#4219 = CARTESIAN_POINT('',(-1.485449361343,-1.132376726489,0.41));
#4220 = CARTESIAN_POINT('',(-1.430064767152,-1.082096653506,
    0.484999963456));
#4221 = CARTESIAN_POINT('',(-1.430046196736,-1.082114228806,
    0.410293318491));
#4222 = CARTESIAN_POINT('',(-1.482380809042,-1.135444951493,
    0.409999999999));
#4223 = CARTESIAN_POINT('',(-1.427970027016,-1.084074165301,0.485));
#4224 = CARTESIAN_POINT('',(-1.427970027016,-1.084074165301,
    0.409999999999));
#4225 = CARTESIAN_POINT('',(-1.479455040525,-1.138611247951,
    0.409999999999));
#4226 = ADVANCED_FACE('',(#4227),#4239,.F.);
#4227 = FACE_BOUND('',#4228,.F.);
#4228 = EDGE_LOOP('',(#4229,#4230,#4237,#4238));
#4229 = ORIENTED_EDGE('',*,*,#2434,.T.);
#4230 = ORIENTED_EDGE('',*,*,#4231,.T.);
#4231 = EDGE_CURVE('',#2437,#3881,#4232,.T.);
#4232 = CIRCLE('',#4233,7.5E-02);
#4233 = AXIS2_PLACEMENT_3D('',#4234,#4235,#4236);
#4234 = CARTESIAN_POINT('',(1.55,-0.974999999999,0.485));
#4235 = DIRECTION('',(0.,1.,0.));
#4236 = DIRECTION('',(0.,-0.,1.));
#4237 = ORIENTED_EDGE('',*,*,#3913,.T.);
#4238 = ORIENTED_EDGE('',*,*,#4187,.F.);
#4239 = CYLINDRICAL_SURFACE('',#4240,7.4999999999E-02);
#4240 = AXIS2_PLACEMENT_3D('',#4241,#4242,#4243);
#4241 = CARTESIAN_POINT('',(1.55,-0.974999999999,0.485));
#4242 = DIRECTION('',(0.,1.,0.));
#4243 = DIRECTION('',(0.,-0.,1.));
#4244 = ADVANCED_FACE('',(#4245),#4257,.F.);
#4245 = FACE_BOUND('',#4246,.F.);
#4246 = EDGE_LOOP('',(#4247,#4248,#4255,#4256));
#4247 = ORIENTED_EDGE('',*,*,#3798,.T.);
#4248 = ORIENTED_EDGE('',*,*,#4249,.T.);
#4249 = EDGE_CURVE('',#3799,#1594,#4250,.T.);
#4250 = CIRCLE('',#4251,7.4999999999E-02);
#4251 = AXIS2_PLACEMENT_3D('',#4252,#4253,#4254);
#4252 = CARTESIAN_POINT('',(-1.325,-1.199999999999,0.485));
#4253 = DIRECTION('',(-1.,0.,0.));
#4254 = DIRECTION('',(0.,0.,1.));
#4255 = ORIENTED_EDGE('',*,*,#1601,.T.);
#4256 = ORIENTED_EDGE('',*,*,#4205,.F.);
#4257 = TOROIDAL_SURFACE('',#4258,0.224999999999,7.4999999999E-02);
#4258 = AXIS2_PLACEMENT_3D('',#4259,#4260,#4261);
#4259 = CARTESIAN_POINT('',(-1.325,-0.974999999999,0.485));
#4260 = DIRECTION('',(0.,0.,1.));
#4261 = DIRECTION('',(1.,0.,-0.));
#4262 = ADVANCED_FACE('',(#4263),#4275,.F.);
#4263 = FACE_BOUND('',#4264,.F.);
#4264 = EDGE_LOOP('',(#4265,#4266,#4273,#4274));
#4265 = ORIENTED_EDGE('',*,*,#2444,.T.);
#4266 = ORIENTED_EDGE('',*,*,#4267,.T.);
#4267 = EDGE_CURVE('',#2211,#3872,#4268,.T.);
#4268 = CIRCLE('',#4269,7.4999999999E-02);
#4269 = AXIS2_PLACEMENT_3D('',#4270,#4271,#4272);
#4270 = CARTESIAN_POINT('',(1.488611247951,-1.129455040525,0.485));
#4271 = DIRECTION('',(0.686466846779,0.727161102008,0.));
#4272 = DIRECTION('',(-0.727161102008,0.686466846779,0.));
#4273 = ORIENTED_EDGE('',*,*,#3880,.T.);
#4274 = ORIENTED_EDGE('',*,*,#4231,.F.);
#4275 = TOROIDAL_SURFACE('',#4276,0.225,7.4999999999E-02);
#4276 = AXIS2_PLACEMENT_3D('',#4277,#4278,#4279);
#4277 = CARTESIAN_POINT('',(1.325,-0.974999999999,0.485));
#4278 = DIRECTION('',(0.,0.,1.));
#4279 = DIRECTION('',(1.,0.,-0.));
#4280 = ADVANCED_FACE('',(#4281),#4293,.F.);
#4281 = FACE_BOUND('',#4282,.F.);
#4282 = EDGE_LOOP('',(#4283,#4284,#4291,#4292));
#4283 = ORIENTED_EDGE('',*,*,#3831,.T.);
#4284 = ORIENTED_EDGE('',*,*,#4285,.T.);
#4285 = EDGE_CURVE('',#3832,#1585,#4286,.T.);
#4286 = CIRCLE('',#4287,7.4999999999E-02);
#4287 = AXIS2_PLACEMENT_3D('',#4288,#4289,#4290);
#4288 = CARTESIAN_POINT('',(1.325,-1.199999999999,0.485));
#4289 = DIRECTION('',(-1.,0.,0.));
#4290 = DIRECTION('',(0.,0.,1.));
#4291 = ORIENTED_EDGE('',*,*,#1593,.T.);
#4292 = ORIENTED_EDGE('',*,*,#4249,.F.);
#4293 = CYLINDRICAL_SURFACE('',#4294,7.4999999999E-02);
#4294 = AXIS2_PLACEMENT_3D('',#4295,#4296,#4297);
#4295 = CARTESIAN_POINT('',(-1.325,-1.199999999999,0.485));
#4296 = DIRECTION('',(1.,0.,0.));
#4297 = DIRECTION('',(0.,0.,-1.));
#4298 = ADVANCED_FACE('',(#4299),#4311,.F.);
#4299 = FACE_BOUND('',#4300,.F.);
#4300 = EDGE_LOOP('',(#4301,#4302,#4309,#4310));
#4301 = ORIENTED_EDGE('',*,*,#2210,.T.);
#4302 = ORIENTED_EDGE('',*,*,#4303,.T.);
#4303 = EDGE_CURVE('',#1574,#3863,#4304,.T.);
#4304 = CIRCLE('',#4305,7.4999999999E-02);
#4305 = AXIS2_PLACEMENT_3D('',#4306,#4307,#4308);
#4306 = CARTESIAN_POINT('',(1.479455040525,-1.138611247951,0.485));
#4307 = DIRECTION('',(0.727161102008,0.686466846779,-2.160559581247E-14)
  );
#4308 = DIRECTION('',(0.686466846779,-0.727161102008,-1.577721810442E-30
    ));
#4309 = ORIENTED_EDGE('',*,*,#3871,.T.);
#4310 = ORIENTED_EDGE('',*,*,#4267,.F.);
#4311 = ( BOUNDED_SURFACE() B_SPLINE_SURFACE(3,2,(
    (#4312,#4313,#4314)
    ,(#4315,#4316,#4317)
    ,(#4318,#4319,#4320)
    ,(#4321,#4322,#4323
)),.UNSPECIFIED.,.F.,.F.,.F.) B_SPLINE_SURFACE_WITH_KNOTS((4,4),(3,3),(
    1.6773365E-04,1.80775755E-04),(0.,1.),.PIECEWISE_BEZIER_KNOTS.) 
GEOMETRIC_REPRESENTATION_ITEM() RATIONAL_B_SPLINE_SURFACE((
    (1.,0.707106781186,1.)
    ,(1.,0.708492946938,1.)
    ,(1.,0.708494877559,1.)
,(1.,0.707106781186,1.))) REPRESENTATION_ITEM('') SURFACE() );
#4312 = CARTESIAN_POINT('',(1.427970027016,-1.084074165301,0.485));
#4313 = CARTESIAN_POINT('',(1.427970027016,-1.084074165301,0.41));
#4314 = CARTESIAN_POINT('',(1.479455040525,-1.138611247951,
    0.409999999999));
#4315 = CARTESIAN_POINT('',(1.430061857123,-1.08209940068,0.48499996353)
  );
#4316 = CARTESIAN_POINT('',(1.430043294086,-1.082116972721,0.41029291803
    ));
#4317 = CARTESIAN_POINT('',(1.482376726489,-1.135449361343,
    0.409999999999));
#4318 = CARTESIAN_POINT('',(1.432096653506,-1.080064767152,
    0.484999963456));
#4319 = CARTESIAN_POINT('',(1.432114228806,-1.080046196736,
    0.410293318491));
#4320 = CARTESIAN_POINT('',(1.485444951493,-1.132380809042,0.41));
#4321 = CARTESIAN_POINT('',(1.434074165301,-1.077970027016,0.485));
#4322 = CARTESIAN_POINT('',(1.434074165301,-1.077970027016,0.41));
#4323 = CARTESIAN_POINT('',(1.488611247951,-1.129455040525,0.41));
#4324 = ADVANCED_FACE('',(#4325),#4331,.F.);
#4325 = FACE_BOUND('',#4326,.F.);
#4326 = EDGE_LOOP('',(#4327,#4328,#4329,#4330));
#4327 = ORIENTED_EDGE('',*,*,#3862,.T.);
#4328 = ORIENTED_EDGE('',*,*,#4303,.F.);
#4329 = ORIENTED_EDGE('',*,*,#1584,.T.);
#4330 = ORIENTED_EDGE('',*,*,#4285,.F.);
#4331 = TOROIDAL_SURFACE('',#4332,0.225,7.4999999999E-02);
#4332 = AXIS2_PLACEMENT_3D('',#4333,#4334,#4335);
#4333 = CARTESIAN_POINT('',(1.325,-0.974999999999,0.485));
#4334 = DIRECTION('',(0.,0.,1.));
#4335 = DIRECTION('',(1.,0.,-0.));
#4336 = ADVANCED_FACE('',(#4337),#4363,.T.);
#4337 = FACE_BOUND('',#4338,.T.);
#4338 = EDGE_LOOP('',(#4339,#4347,#4356,#4362));
#4339 = ORIENTED_EDGE('',*,*,#4340,.F.);
#4340 = EDGE_CURVE('',#4341,#3937,#4343,.T.);
#4341 = VERTEX_POINT('',#4342);
#4342 = CARTESIAN_POINT('',(1.445,-0.974999999999,0.65));
#4343 = LINE('',#4344,#4345);
#4344 = CARTESIAN_POINT('',(1.445,-0.974999999999,0.699999999999));
#4345 = VECTOR('',#4346,1.);
#4346 = DIRECTION('',(0.,0.,-1.));
#4347 = ORIENTED_EDGE('',*,*,#4348,.T.);
#4348 = EDGE_CURVE('',#4341,#4349,#4351,.T.);
#4349 = VERTEX_POINT('',#4350);
#4350 = CARTESIAN_POINT('',(1.325,-1.094999999999,0.65));
#4351 = CIRCLE('',#4352,0.119999999999);
#4352 = AXIS2_PLACEMENT_3D('',#4353,#4354,#4355);
#4353 = CARTESIAN_POINT('',(1.325,-0.974999999999,0.65));
#4354 = DIRECTION('',(0.,0.,-1.));
#4355 = DIRECTION('',(1.,0.,0.));
#4356 = ORIENTED_EDGE('',*,*,#4357,.T.);
#4357 = EDGE_CURVE('',#4349,#3935,#4358,.T.);
#4358 = LINE('',#4359,#4360);
#4359 = CARTESIAN_POINT('',(1.325,-1.094999999999,0.699999999999));
#4360 = VECTOR('',#4361,1.);
#4361 = DIRECTION('',(0.,0.,-1.));
#4362 = ORIENTED_EDGE('',*,*,#3934,.T.);
#4363 = CYLINDRICAL_SURFACE('',#4364,0.119999999999);
#4364 = AXIS2_PLACEMENT_3D('',#4365,#4366,#4367);
#4365 = CARTESIAN_POINT('',(1.325,-0.974999999999,0.699999999999));
#4366 = DIRECTION('',(0.,0.,-1.));
#4367 = DIRECTION('',(-1.,0.,0.));
#4368 = ADVANCED_FACE('',(#4369),#4387,.F.);
#4369 = FACE_BOUND('',#4370,.T.);
#4370 = EDGE_LOOP('',(#4371,#4379,#4385,#4386));
#4371 = ORIENTED_EDGE('',*,*,#4372,.F.);
#4372 = EDGE_CURVE('',#4373,#3988,#4375,.T.);
#4373 = VERTEX_POINT('',#4374);
#4374 = CARTESIAN_POINT('',(1.445,0.974999999999,0.65));
#4375 = LINE('',#4376,#4377);
#4376 = CARTESIAN_POINT('',(1.445,0.974999999999,0.699999999999));
#4377 = VECTOR('',#4378,1.);
#4378 = DIRECTION('',(0.,0.,-1.));
#4379 = ORIENTED_EDGE('',*,*,#4380,.T.);
#4380 = EDGE_CURVE('',#4373,#4341,#4381,.T.);
#4381 = LINE('',#4382,#4383);
#4382 = CARTESIAN_POINT('',(1.445,-0.974999999999,0.65));
#4383 = VECTOR('',#4384,1.);
#4384 = DIRECTION('',(-1.11200222819E-16,-1.,0.));
#4385 = ORIENTED_EDGE('',*,*,#4340,.T.);
#4386 = ORIENTED_EDGE('',*,*,#3996,.T.);
#4387 = PLANE('',#4388);
#4388 = AXIS2_PLACEMENT_3D('',#4389,#4390,#4391);
#4389 = CARTESIAN_POINT('',(1.445,-0.974999999999,0.699999999999));
#4390 = DIRECTION('',(-1.,1.11200222819E-16,0.));
#4391 = DIRECTION('',(-1.11200222819E-16,-1.,0.));
#4392 = ADVANCED_FACE('',(#4393),#4412,.T.);
#4393 = FACE_BOUND('',#4394,.T.);
#4394 = EDGE_LOOP('',(#4395,#4403,#4410,#4411));
#4395 = ORIENTED_EDGE('',*,*,#4396,.F.);
#4396 = EDGE_CURVE('',#4397,#3980,#4399,.T.);
#4397 = VERTEX_POINT('',#4398);
#4398 = CARTESIAN_POINT('',(1.325,1.094999999999,0.65));
#4399 = LINE('',#4400,#4401);
#4400 = CARTESIAN_POINT('',(1.325,1.094999999999,0.699999999999));
#4401 = VECTOR('',#4402,1.);
#4402 = DIRECTION('',(0.,0.,-1.));
#4403 = ORIENTED_EDGE('',*,*,#4404,.T.);
#4404 = EDGE_CURVE('',#4397,#4373,#4405,.T.);
#4405 = CIRCLE('',#4406,0.12);
#4406 = AXIS2_PLACEMENT_3D('',#4407,#4408,#4409);
#4407 = CARTESIAN_POINT('',(1.325,0.974999999999,0.65));
#4408 = DIRECTION('',(0.,0.,-1.));
#4409 = DIRECTION('',(1.,-2.710505431213E-15,0.));
#4410 = ORIENTED_EDGE('',*,*,#4372,.T.);
#4411 = ORIENTED_EDGE('',*,*,#3987,.T.);
#4412 = CYLINDRICAL_SURFACE('',#4413,0.12);
#4413 = AXIS2_PLACEMENT_3D('',#4414,#4415,#4416);
#4414 = CARTESIAN_POINT('',(1.325,0.974999999999,0.699999999999));
#4415 = DIRECTION('',(0.,0.,-1.));
#4416 = DIRECTION('',(-1.,0.,0.));
#4417 = ADVANCED_FACE('',(#4418),#4436,.F.);
#4418 = FACE_BOUND('',#4419,.T.);
#4419 = EDGE_LOOP('',(#4420,#4428,#4434,#4435));
#4420 = ORIENTED_EDGE('',*,*,#4421,.F.);
#4421 = EDGE_CURVE('',#4422,#3971,#4424,.T.);
#4422 = VERTEX_POINT('',#4423);
#4423 = CARTESIAN_POINT('',(-1.325,1.094999999999,0.65));
#4424 = LINE('',#4425,#4426);
#4425 = CARTESIAN_POINT('',(-1.325,1.094999999999,0.699999999999));
#4426 = VECTOR('',#4427,1.);
#4427 = DIRECTION('',(0.,0.,-1.));
#4428 = ORIENTED_EDGE('',*,*,#4429,.T.);
#4429 = EDGE_CURVE('',#4422,#4397,#4430,.T.);
#4430 = LINE('',#4431,#4432);
#4431 = CARTESIAN_POINT('',(1.325,1.094999999999,0.65));
#4432 = VECTOR('',#4433,1.);
#4433 = DIRECTION('',(1.,8.18265790555E-17,0.));
#4434 = ORIENTED_EDGE('',*,*,#4396,.T.);
#4435 = ORIENTED_EDGE('',*,*,#3979,.T.);
#4436 = PLANE('',#4437);
#4437 = AXIS2_PLACEMENT_3D('',#4438,#4439,#4440);
#4438 = CARTESIAN_POINT('',(1.325,1.094999999999,0.699999999999));
#4439 = DIRECTION('',(8.18265790555E-17,-1.,0.));
#4440 = DIRECTION('',(1.,8.18265790555E-17,0.));
#4441 = ADVANCED_FACE('',(#4442),#4461,.T.);
#4442 = FACE_BOUND('',#4443,.T.);
#4443 = EDGE_LOOP('',(#4444,#4452,#4459,#4460));
#4444 = ORIENTED_EDGE('',*,*,#4445,.F.);
#4445 = EDGE_CURVE('',#4446,#3963,#4448,.T.);
#4446 = VERTEX_POINT('',#4447);
#4447 = CARTESIAN_POINT('',(-1.445,0.974999999999,0.65));
#4448 = LINE('',#4449,#4450);
#4449 = CARTESIAN_POINT('',(-1.445,0.974999999999,0.699999999999));
#4450 = VECTOR('',#4451,1.);
#4451 = DIRECTION('',(0.,0.,-1.));
#4452 = ORIENTED_EDGE('',*,*,#4453,.T.);
#4453 = EDGE_CURVE('',#4446,#4422,#4454,.T.);
#4454 = CIRCLE('',#4455,0.119999999999);
#4455 = AXIS2_PLACEMENT_3D('',#4456,#4457,#4458);
#4456 = CARTESIAN_POINT('',(-1.325,0.974999999999,0.65));
#4457 = DIRECTION('',(0.,0.,-1.));
#4458 = DIRECTION('',(1.,0.,0.));
#4459 = ORIENTED_EDGE('',*,*,#4421,.T.);
#4460 = ORIENTED_EDGE('',*,*,#3970,.T.);
#4461 = CYLINDRICAL_SURFACE('',#4462,0.119999999999);
#4462 = AXIS2_PLACEMENT_3D('',#4463,#4464,#4465);
#4463 = CARTESIAN_POINT('',(-1.325,0.974999999999,0.699999999999));
#4464 = DIRECTION('',(0.,0.,-1.));
#4465 = DIRECTION('',(-1.,0.,0.));
#4466 = ADVANCED_FACE('',(#4467),#4485,.F.);
#4467 = FACE_BOUND('',#4468,.T.);
#4468 = EDGE_LOOP('',(#4469,#4477,#4483,#4484));
#4469 = ORIENTED_EDGE('',*,*,#4470,.F.);
#4470 = EDGE_CURVE('',#4471,#3954,#4473,.T.);
#4471 = VERTEX_POINT('',#4472);
#4472 = CARTESIAN_POINT('',(-1.444999999999,-0.974999999999,0.65));
#4473 = LINE('',#4474,#4475);
#4474 = CARTESIAN_POINT('',(-1.444999999999,-0.974999999999,
    0.699999999999));
#4475 = VECTOR('',#4476,1.);
#4476 = DIRECTION('',(0.,0.,-1.));
#4477 = ORIENTED_EDGE('',*,*,#4478,.T.);
#4478 = EDGE_CURVE('',#4471,#4446,#4479,.T.);
#4479 = LINE('',#4480,#4481);
#4480 = CARTESIAN_POINT('',(-1.445,0.974999999999,0.65));
#4481 = VECTOR('',#4482,1.);
#4482 = DIRECTION('',(-1.11200222819E-16,1.,0.));
#4483 = ORIENTED_EDGE('',*,*,#4445,.T.);
#4484 = ORIENTED_EDGE('',*,*,#3962,.T.);
#4485 = PLANE('',#4486);
#4486 = AXIS2_PLACEMENT_3D('',#4487,#4488,#4489);
#4487 = CARTESIAN_POINT('',(-1.445,0.974999999999,0.699999999999));
#4488 = DIRECTION('',(1.,1.11200222819E-16,0.));
#4489 = DIRECTION('',(-1.11200222819E-16,1.,0.));
#4490 = ADVANCED_FACE('',(#4491),#4510,.T.);
#4491 = FACE_BOUND('',#4492,.T.);
#4492 = EDGE_LOOP('',(#4493,#4501,#4508,#4509));
#4493 = ORIENTED_EDGE('',*,*,#4494,.F.);
#4494 = EDGE_CURVE('',#4495,#3946,#4497,.T.);
#4495 = VERTEX_POINT('',#4496);
#4496 = CARTESIAN_POINT('',(-1.325,-1.094999999999,0.65));
#4497 = LINE('',#4498,#4499);
#4498 = CARTESIAN_POINT('',(-1.325,-1.094999999999,0.699999999999));
#4499 = VECTOR('',#4500,1.);
#4500 = DIRECTION('',(0.,0.,-1.));
#4501 = ORIENTED_EDGE('',*,*,#4502,.T.);
#4502 = EDGE_CURVE('',#4495,#4471,#4503,.T.);
#4503 = CIRCLE('',#4504,0.119999999999);
#4504 = AXIS2_PLACEMENT_3D('',#4505,#4506,#4507);
#4505 = CARTESIAN_POINT('',(-1.325,-0.974999999999,0.65));
#4506 = DIRECTION('',(0.,0.,-1.));
#4507 = DIRECTION('',(1.,0.,0.));
#4508 = ORIENTED_EDGE('',*,*,#4470,.T.);
#4509 = ORIENTED_EDGE('',*,*,#3953,.T.);
#4510 = CYLINDRICAL_SURFACE('',#4511,0.119999999999);
#4511 = AXIS2_PLACEMENT_3D('',#4512,#4513,#4514);
#4512 = CARTESIAN_POINT('',(-1.325,-0.974999999999,0.699999999999));
#4513 = DIRECTION('',(0.,0.,-1.));
#4514 = DIRECTION('',(-1.,0.,0.));
#4515 = ADVANCED_FACE('',(#4516),#4527,.F.);
#4516 = FACE_BOUND('',#4517,.T.);
#4517 = EDGE_LOOP('',(#4518,#4519,#4525,#4526));
#4518 = ORIENTED_EDGE('',*,*,#4357,.F.);
#4519 = ORIENTED_EDGE('',*,*,#4520,.T.);
#4520 = EDGE_CURVE('',#4349,#4495,#4521,.T.);
#4521 = LINE('',#4522,#4523);
#4522 = CARTESIAN_POINT('',(-1.325,-1.094999999999,0.65));
#4523 = VECTOR('',#4524,1.);
#4524 = DIRECTION('',(-1.,8.18265790555E-17,0.));
#4525 = ORIENTED_EDGE('',*,*,#4494,.T.);
#4526 = ORIENTED_EDGE('',*,*,#3945,.T.);
#4527 = PLANE('',#4528);
#4528 = AXIS2_PLACEMENT_3D('',#4529,#4530,#4531);
#4529 = CARTESIAN_POINT('',(-1.325,-1.094999999999,0.699999999999));
#4530 = DIRECTION('',(8.18265790555E-17,1.,0.));
#4531 = DIRECTION('',(-1.,8.18265790555E-17,0.));
#4532 = ADVANCED_FACE('',(#4533),#4551,.T.);
#4533 = FACE_BOUND('',#4534,.T.);
#4534 = EDGE_LOOP('',(#4535,#4542,#4543,#4550));
#4535 = ORIENTED_EDGE('',*,*,#4536,.F.);
#4536 = EDGE_CURVE('',#4341,#740,#4537,.T.);
#4537 = CIRCLE('',#4538,5.E-02);
#4538 = AXIS2_PLACEMENT_3D('',#4539,#4540,#4541);
#4539 = CARTESIAN_POINT('',(1.395,-0.974999999999,0.65));
#4540 = DIRECTION('',(0.,-1.,0.));
#4541 = DIRECTION('',(0.,0.,-1.));
#4542 = ORIENTED_EDGE('',*,*,#4380,.F.);
#4543 = ORIENTED_EDGE('',*,*,#4544,.F.);
#4544 = EDGE_CURVE('',#749,#4373,#4545,.T.);
#4545 = CIRCLE('',#4546,5.E-02);
#4546 = AXIS2_PLACEMENT_3D('',#4547,#4548,#4549);
#4547 = CARTESIAN_POINT('',(1.395,0.974999999999,0.65));
#4548 = DIRECTION('',(0.,1.,0.));
#4549 = DIRECTION('',(0.,-0.,1.));
#4550 = ORIENTED_EDGE('',*,*,#748,.F.);
#4551 = CYLINDRICAL_SURFACE('',#4552,4.9999999999E-02);
#4552 = AXIS2_PLACEMENT_3D('',#4553,#4554,#4555);
#4553 = CARTESIAN_POINT('',(1.395,-0.974999999999,0.65));
#4554 = DIRECTION('',(-1.11200222819E-16,-1.,0.));
#4555 = DIRECTION('',(1.,-1.11200222819E-16,0.));
#4556 = ADVANCED_FACE('',(#4557),#4569,.T.);
#4557 = FACE_BOUND('',#4558,.T.);
#4558 = EDGE_LOOP('',(#4559,#4560,#4561,#4568));
#4559 = ORIENTED_EDGE('',*,*,#4544,.T.);
#4560 = ORIENTED_EDGE('',*,*,#4404,.F.);
#4561 = ORIENTED_EDGE('',*,*,#4562,.F.);
#4562 = EDGE_CURVE('',#757,#4397,#4563,.T.);
#4563 = CIRCLE('',#4564,5.E-02);
#4564 = AXIS2_PLACEMENT_3D('',#4565,#4566,#4567);
#4565 = CARTESIAN_POINT('',(1.325,1.044999999999,0.65));
#4566 = DIRECTION('',(-1.,0.,0.));
#4567 = DIRECTION('',(0.,0.,1.));
#4568 = ORIENTED_EDGE('',*,*,#756,.F.);
#4569 = TOROIDAL_SURFACE('',#4570,7.E-02,5.E-02);
#4570 = AXIS2_PLACEMENT_3D('',#4571,#4572,#4573);
#4571 = CARTESIAN_POINT('',(1.325,0.974999999999,0.65));
#4572 = DIRECTION('',(0.,0.,1.));
#4573 = DIRECTION('',(1.,0.,-0.));
#4574 = ADVANCED_FACE('',(#4575),#4587,.T.);
#4575 = FACE_BOUND('',#4576,.T.);
#4576 = EDGE_LOOP('',(#4577,#4578,#4579,#4586));
#4577 = ORIENTED_EDGE('',*,*,#4536,.T.);
#4578 = ORIENTED_EDGE('',*,*,#739,.F.);
#4579 = ORIENTED_EDGE('',*,*,#4580,.F.);
#4580 = EDGE_CURVE('',#4349,#732,#4581,.T.);
#4581 = CIRCLE('',#4582,5.E-02);
#4582 = AXIS2_PLACEMENT_3D('',#4583,#4584,#4585);
#4583 = CARTESIAN_POINT('',(1.325,-1.044999999999,0.65));
#4584 = DIRECTION('',(-1.,0.,0.));
#4585 = DIRECTION('',(0.,0.,1.));
#4586 = ORIENTED_EDGE('',*,*,#4348,.F.);
#4587 = TOROIDAL_SURFACE('',#4588,6.9999999999E-02,5.E-02);
#4588 = AXIS2_PLACEMENT_3D('',#4589,#4590,#4591);
#4589 = CARTESIAN_POINT('',(1.325,-0.974999999999,0.65));
#4590 = DIRECTION('',(0.,0.,1.));
#4591 = DIRECTION('',(1.,0.,-0.));
#4592 = ADVANCED_FACE('',(#4593),#4605,.T.);
#4593 = FACE_BOUND('',#4594,.T.);
#4594 = EDGE_LOOP('',(#4595,#4596,#4597,#4604));
#4595 = ORIENTED_EDGE('',*,*,#4562,.T.);
#4596 = ORIENTED_EDGE('',*,*,#4429,.F.);
#4597 = ORIENTED_EDGE('',*,*,#4598,.F.);
#4598 = EDGE_CURVE('',#704,#4422,#4599,.T.);
#4599 = CIRCLE('',#4600,5.E-02);
#4600 = AXIS2_PLACEMENT_3D('',#4601,#4602,#4603);
#4601 = CARTESIAN_POINT('',(-1.325,1.044999999999,0.65));
#4602 = DIRECTION('',(-1.,0.,0.));
#4603 = DIRECTION('',(0.,0.,1.));
#4604 = ORIENTED_EDGE('',*,*,#765,.F.);
#4605 = CYLINDRICAL_SURFACE('',#4606,4.9999999999E-02);
#4606 = AXIS2_PLACEMENT_3D('',#4607,#4608,#4609);
#4607 = CARTESIAN_POINT('',(1.324999999999,1.044999999999,0.65));
#4608 = DIRECTION('',(1.,8.18265790555E-17,0.));
#4609 = DIRECTION('',(-8.18265790555E-17,1.,0.));
#4610 = ADVANCED_FACE('',(#4611),#4623,.T.);
#4611 = FACE_BOUND('',#4612,.T.);
#4612 = EDGE_LOOP('',(#4613,#4614,#4615,#4622));
#4613 = ORIENTED_EDGE('',*,*,#4580,.T.);
#4614 = ORIENTED_EDGE('',*,*,#731,.F.);
#4615 = ORIENTED_EDGE('',*,*,#4616,.F.);
#4616 = EDGE_CURVE('',#4495,#723,#4617,.T.);
#4617 = CIRCLE('',#4618,5.E-02);
#4618 = AXIS2_PLACEMENT_3D('',#4619,#4620,#4621);
#4619 = CARTESIAN_POINT('',(-1.325,-1.044999999999,0.65));
#4620 = DIRECTION('',(-1.,0.,0.));
#4621 = DIRECTION('',(0.,0.,1.));
#4622 = ORIENTED_EDGE('',*,*,#4520,.F.);
#4623 = CYLINDRICAL_SURFACE('',#4624,4.9999999999E-02);
#4624 = AXIS2_PLACEMENT_3D('',#4625,#4626,#4627);
#4625 = CARTESIAN_POINT('',(1.325,-1.044999999999,0.65));
#4626 = DIRECTION('',(-1.,8.18265790555E-17,0.));
#4627 = DIRECTION('',(-8.18265790555E-17,-1.,0.));
#4628 = ADVANCED_FACE('',(#4629),#4641,.T.);
#4629 = FACE_BOUND('',#4630,.T.);
#4630 = EDGE_LOOP('',(#4631,#4632,#4633,#4640));
#4631 = ORIENTED_EDGE('',*,*,#4598,.T.);
#4632 = ORIENTED_EDGE('',*,*,#4453,.F.);
#4633 = ORIENTED_EDGE('',*,*,#4634,.F.);
#4634 = EDGE_CURVE('',#706,#4446,#4635,.T.);
#4635 = CIRCLE('',#4636,5.E-02);
#4636 = AXIS2_PLACEMENT_3D('',#4637,#4638,#4639);
#4637 = CARTESIAN_POINT('',(-1.395,0.974999999999,0.65));
#4638 = DIRECTION('',(0.,-1.,0.));
#4639 = DIRECTION('',(0.,0.,-1.));
#4640 = ORIENTED_EDGE('',*,*,#703,.F.);
#4641 = TOROIDAL_SURFACE('',#4642,6.9999999999E-02,5.E-02);
#4642 = AXIS2_PLACEMENT_3D('',#4643,#4644,#4645);
#4643 = CARTESIAN_POINT('',(-1.325,0.974999999999,0.65));
#4644 = DIRECTION('',(0.,0.,1.));
#4645 = DIRECTION('',(1.,0.,-0.));
#4646 = ADVANCED_FACE('',(#4647),#4659,.T.);
#4647 = FACE_BOUND('',#4648,.T.);
#4648 = EDGE_LOOP('',(#4649,#4650,#4651,#4658));
#4649 = ORIENTED_EDGE('',*,*,#4616,.T.);
#4650 = ORIENTED_EDGE('',*,*,#722,.F.);
#4651 = ORIENTED_EDGE('',*,*,#4652,.F.);
#4652 = EDGE_CURVE('',#4471,#715,#4653,.T.);
#4653 = CIRCLE('',#4654,5.E-02);
#4654 = AXIS2_PLACEMENT_3D('',#4655,#4656,#4657);
#4655 = CARTESIAN_POINT('',(-1.395,-0.974999999999,0.65));
#4656 = DIRECTION('',(0.,1.,0.));
#4657 = DIRECTION('',(0.,-0.,1.));
#4658 = ORIENTED_EDGE('',*,*,#4502,.F.);
#4659 = TOROIDAL_SURFACE('',#4660,6.9999999999E-02,5.E-02);
#4660 = AXIS2_PLACEMENT_3D('',#4661,#4662,#4663);
#4661 = CARTESIAN_POINT('',(-1.325,-0.974999999999,0.65));
#4662 = DIRECTION('',(0.,0.,1.));
#4663 = DIRECTION('',(1.,0.,-0.));
#4664 = ADVANCED_FACE('',(#4665),#4671,.T.);
#4665 = FACE_BOUND('',#4666,.T.);
#4666 = EDGE_LOOP('',(#4667,#4668,#4669,#4670));
#4667 = ORIENTED_EDGE('',*,*,#4634,.T.);
#4668 = ORIENTED_EDGE('',*,*,#4478,.F.);
#4669 = ORIENTED_EDGE('',*,*,#4652,.T.);
#4670 = ORIENTED_EDGE('',*,*,#714,.F.);
#4671 = CYLINDRICAL_SURFACE('',#4672,4.9999999999E-02);
#4672 = AXIS2_PLACEMENT_3D('',#4673,#4674,#4675);
#4673 = CARTESIAN_POINT('',(-1.395,-0.974999999999,0.65));
#4674 = DIRECTION('',(-1.11200222819E-16,1.,0.));
#4675 = DIRECTION('',(-1.,-1.11200222819E-16,-0.));
#4676 = ADVANCED_FACE('',(#4677),#4702,.F.);
#4677 = FACE_BOUND('',#4678,.T.);
#4678 = EDGE_LOOP('',(#4679,#4680,#4688,#4696));
#4679 = ORIENTED_EDGE('',*,*,#783,.T.);
#4680 = ORIENTED_EDGE('',*,*,#4681,.F.);
#4681 = EDGE_CURVE('',#4682,#774,#4684,.T.);
#4682 = VERTEX_POINT('',#4683);
#4683 = CARTESIAN_POINT('',(9.6556591709E-02,5.5931673843E-02,0.701));
#4684 = LINE('',#4685,#4686);
#4685 = CARTESIAN_POINT('',(9.6556591709E-02,5.5931673843E-02,0.701));
#4686 = VECTOR('',#4687,1.);
#4687 = DIRECTION('',(0.,0.,-1.));
#4688 = ORIENTED_EDGE('',*,*,#4689,.F.);
#4689 = EDGE_CURVE('',#4690,#4682,#4692,.T.);
#4690 = VERTEX_POINT('',#4691);
#4691 = CARTESIAN_POINT('',(9.6556591709E-02,4.4338373076E-02,0.701));
#4692 = LINE('',#4693,#4694);
#4693 = CARTESIAN_POINT('',(9.6556591709E-02,5.5931673843E-02,0.701));
#4694 = VECTOR('',#4695,1.);
#4695 = DIRECTION('',(0.,1.,0.));
#4696 = ORIENTED_EDGE('',*,*,#4697,.T.);
#4697 = EDGE_CURVE('',#4690,#784,#4698,.T.);
#4698 = LINE('',#4699,#4700);
#4699 = CARTESIAN_POINT('',(9.6556591709E-02,4.4338373076E-02,0.701));
#4700 = VECTOR('',#4701,1.);
#4701 = DIRECTION('',(0.,0.,-1.));
#4702 = PLANE('',#4703);
#4703 = AXIS2_PLACEMENT_3D('',#4704,#4705,#4706);
#4704 = CARTESIAN_POINT('',(9.6556591709E-02,5.5931673843E-02,0.701));
#4705 = DIRECTION('',(-1.,0.,0.));
#4706 = DIRECTION('',(0.,0.,1.));
#4707 = ADVANCED_FACE('',(#4708),#4726,.F.);
#4708 = FACE_BOUND('',#4709,.T.);
#4709 = EDGE_LOOP('',(#4710,#4711,#4719,#4725));
#4710 = ORIENTED_EDGE('',*,*,#773,.T.);
#4711 = ORIENTED_EDGE('',*,*,#4712,.F.);
#4712 = EDGE_CURVE('',#4713,#776,#4715,.T.);
#4713 = VERTEX_POINT('',#4714);
#4714 = CARTESIAN_POINT('',(5.6058020868E-02,5.5931673843E-02,0.701));
#4715 = LINE('',#4716,#4717);
#4716 = CARTESIAN_POINT('',(5.6058020868E-02,5.5931673843E-02,0.701));
#4717 = VECTOR('',#4718,1.);
#4718 = DIRECTION('',(0.,0.,-1.));
#4719 = ORIENTED_EDGE('',*,*,#4720,.F.);
#4720 = EDGE_CURVE('',#4682,#4713,#4721,.T.);
#4721 = LINE('',#4722,#4723);
#4722 = CARTESIAN_POINT('',(5.6058020868E-02,5.5931673843E-02,0.701));
#4723 = VECTOR('',#4724,1.);
#4724 = DIRECTION('',(-1.,0.,0.));
#4725 = ORIENTED_EDGE('',*,*,#4681,.T.);
#4726 = PLANE('',#4727);
#4727 = AXIS2_PLACEMENT_3D('',#4728,#4729,#4730);
#4728 = CARTESIAN_POINT('',(5.6058020868E-02,5.5931673843E-02,0.701));
#4729 = DIRECTION('',(0.,-1.,0.));
#4730 = DIRECTION('',(0.,0.,-1.));
#4731 = ADVANCED_FACE('',(#4732),#4750,.F.);
#4732 = FACE_BOUND('',#4733,.T.);
#4733 = EDGE_LOOP('',(#4734,#4735,#4743,#4749));
#4734 = ORIENTED_EDGE('',*,*,#815,.T.);
#4735 = ORIENTED_EDGE('',*,*,#4736,.F.);
#4736 = EDGE_CURVE('',#4737,#808,#4739,.T.);
#4737 = VERTEX_POINT('',#4738);
#4738 = CARTESIAN_POINT('',(5.6058020868E-02,0.146026697292,0.701));
#4739 = LINE('',#4740,#4741);
#4740 = CARTESIAN_POINT('',(5.6058020868E-02,0.146026697292,0.701));
#4741 = VECTOR('',#4742,1.);
#4742 = DIRECTION('',(0.,0.,-1.));
#4743 = ORIENTED_EDGE('',*,*,#4744,.F.);
#4744 = EDGE_CURVE('',#4713,#4737,#4745,.T.);
#4745 = LINE('',#4746,#4747);
#4746 = CARTESIAN_POINT('',(5.6058020868E-02,0.146026697292,0.701));
#4747 = VECTOR('',#4748,1.);
#4748 = DIRECTION('',(0.,1.,0.));
#4749 = ORIENTED_EDGE('',*,*,#4712,.T.);
#4750 = PLANE('',#4751);
#4751 = AXIS2_PLACEMENT_3D('',#4752,#4753,#4754);
#4752 = CARTESIAN_POINT('',(5.6058020868E-02,0.146026697292,0.701));
#4753 = DIRECTION('',(-1.,0.,0.));
#4754 = DIRECTION('',(0.,0.,1.));
#4755 = ADVANCED_FACE('',(#4756),#4774,.F.);
#4756 = FACE_BOUND('',#4757,.T.);
#4757 = EDGE_LOOP('',(#4758,#4759,#4767,#4773));
#4758 = ORIENTED_EDGE('',*,*,#807,.T.);
#4759 = ORIENTED_EDGE('',*,*,#4760,.F.);
#4760 = EDGE_CURVE('',#4761,#800,#4763,.T.);
#4761 = VERTEX_POINT('',#4762);
#4762 = CARTESIAN_POINT('',(4.2931077175E-02,0.146026697292,0.701));
#4763 = LINE('',#4764,#4765);
#4764 = CARTESIAN_POINT('',(4.2931077175E-02,0.146026697292,0.701));
#4765 = VECTOR('',#4766,1.);
#4766 = DIRECTION('',(0.,0.,-1.));
#4767 = ORIENTED_EDGE('',*,*,#4768,.F.);
#4768 = EDGE_CURVE('',#4737,#4761,#4769,.T.);
#4769 = LINE('',#4770,#4771);
#4770 = CARTESIAN_POINT('',(4.2931077175E-02,0.146026697292,0.701));
#4771 = VECTOR('',#4772,1.);
#4772 = DIRECTION('',(-1.,0.,0.));
#4773 = ORIENTED_EDGE('',*,*,#4736,.T.);
#4774 = PLANE('',#4775);
#4775 = AXIS2_PLACEMENT_3D('',#4776,#4777,#4778);
#4776 = CARTESIAN_POINT('',(4.2931077175E-02,0.146026697292,0.701));
#4777 = DIRECTION('',(0.,-1.,0.));
#4778 = DIRECTION('',(0.,0.,-1.));
#4779 = ADVANCED_FACE('',(#4780),#4798,.F.);
#4780 = FACE_BOUND('',#4781,.T.);
#4781 = EDGE_LOOP('',(#4782,#4783,#4791,#4797));
#4782 = ORIENTED_EDGE('',*,*,#799,.T.);
#4783 = ORIENTED_EDGE('',*,*,#4784,.F.);
#4784 = EDGE_CURVE('',#4785,#792,#4787,.T.);
#4785 = VERTEX_POINT('',#4786);
#4786 = CARTESIAN_POINT('',(4.2931077175E-02,4.4338373076E-02,0.701));
#4787 = LINE('',#4788,#4789);
#4788 = CARTESIAN_POINT('',(4.2931077175E-02,4.4338373076E-02,0.701));
#4789 = VECTOR('',#4790,1.);
#4790 = DIRECTION('',(0.,0.,-1.));
#4791 = ORIENTED_EDGE('',*,*,#4792,.F.);
#4792 = EDGE_CURVE('',#4761,#4785,#4793,.T.);
#4793 = LINE('',#4794,#4795);
#4794 = CARTESIAN_POINT('',(4.2931077175E-02,4.4338373076E-02,0.701));
#4795 = VECTOR('',#4796,1.);
#4796 = DIRECTION('',(0.,-1.,0.));
#4797 = ORIENTED_EDGE('',*,*,#4760,.T.);
#4798 = PLANE('',#4799);
#4799 = AXIS2_PLACEMENT_3D('',#4800,#4801,#4802);
#4800 = CARTESIAN_POINT('',(4.2931077175E-02,4.4338373076E-02,0.701));
#4801 = DIRECTION('',(1.,0.,0.));
#4802 = DIRECTION('',(0.,0.,-1.));
#4803 = ADVANCED_FACE('',(#4804),#4815,.F.);
#4804 = FACE_BOUND('',#4805,.T.);
#4805 = EDGE_LOOP('',(#4806,#4807,#4808,#4814));
#4806 = ORIENTED_EDGE('',*,*,#791,.T.);
#4807 = ORIENTED_EDGE('',*,*,#4697,.F.);
#4808 = ORIENTED_EDGE('',*,*,#4809,.F.);
#4809 = EDGE_CURVE('',#4785,#4690,#4810,.T.);
#4810 = LINE('',#4811,#4812);
#4811 = CARTESIAN_POINT('',(9.6556591709E-02,4.4338373076E-02,0.701));
#4812 = VECTOR('',#4813,1.);
#4813 = DIRECTION('',(1.,0.,0.));
#4814 = ORIENTED_EDGE('',*,*,#4784,.T.);
#4815 = PLANE('',#4816);
#4816 = AXIS2_PLACEMENT_3D('',#4817,#4818,#4819);
#4817 = CARTESIAN_POINT('',(9.6556591709E-02,4.4338373076E-02,0.701));
#4818 = DIRECTION('',(0.,1.,0.));
#4819 = DIRECTION('',(0.,-0.,1.));
#4820 = ADVANCED_FACE('',(#4821),#4829,.F.);
#4821 = FACE_BOUND('',#4822,.T.);
#4822 = EDGE_LOOP('',(#4823,#4824,#4825,#4826,#4827,#4828));
#4823 = ORIENTED_EDGE('',*,*,#4689,.T.);
#4824 = ORIENTED_EDGE('',*,*,#4720,.T.);
#4825 = ORIENTED_EDGE('',*,*,#4744,.T.);
#4826 = ORIENTED_EDGE('',*,*,#4768,.T.);
#4827 = ORIENTED_EDGE('',*,*,#4792,.T.);
#4828 = ORIENTED_EDGE('',*,*,#4809,.T.);
#4829 = PLANE('',#4830);
#4830 = AXIS2_PLACEMENT_3D('',#4831,#4832,#4833);
#4831 = CARTESIAN_POINT('',(0.,0.,0.701));
#4832 = DIRECTION('',(0.,0.,-1.));
#4833 = DIRECTION('',(-1.,0.,0.));
#4834 = ADVANCED_FACE('',(#4835),#4861,.F.);
#4835 = FACE_BOUND('',#4836,.F.);
#4836 = EDGE_LOOP('',(#4837,#4845,#4854,#4860));
#4837 = ORIENTED_EDGE('',*,*,#4838,.F.);
#4838 = EDGE_CURVE('',#4839,#834,#4841,.T.);
#4839 = VERTEX_POINT('',#4840);
#4840 = CARTESIAN_POINT('',(0.148700451212,4.2622772514E-02,0.701));
#4841 = LINE('',#4842,#4843);
#4842 = CARTESIAN_POINT('',(0.148700451212,4.2622772514E-02,0.701));
#4843 = VECTOR('',#4844,1.);
#4844 = DIRECTION('',(0.,0.,-1.));
#4845 = ORIENTED_EDGE('',*,*,#4846,.T.);
#4846 = EDGE_CURVE('',#4839,#4847,#4849,.T.);
#4847 = VERTEX_POINT('',#4848);
#4848 = CARTESIAN_POINT('',(0.176851896797,4.8549392637E-02,0.701));
#4849 = B_SPLINE_CURVE_WITH_KNOTS('',3,(#4850,#4851,#4852,#4853),
  .UNSPECIFIED.,.F.,.F.,(4,4),(0.,1.),.PIECEWISE_BEZIER_KNOTS.);
#4850 = CARTESIAN_POINT('',(0.148700451212,4.2622772514E-02,0.701));
#4851 = CARTESIAN_POINT('',(0.159981824604,4.2622772514E-02,0.701));
#4852 = CARTESIAN_POINT('',(0.169365639799,4.4598312555E-02,0.701));
#4853 = CARTESIAN_POINT('',(0.176851896797,4.8549392637E-02,0.701));
#4854 = ORIENTED_EDGE('',*,*,#4855,.T.);
#4855 = EDGE_CURVE('',#4847,#824,#4856,.T.);
#4856 = LINE('',#4857,#4858);
#4857 = CARTESIAN_POINT('',(0.176851896797,4.8549392637E-02,0.701));
#4858 = VECTOR('',#4859,1.);
#4859 = DIRECTION('',(0.,0.,-1.));
#4860 = ORIENTED_EDGE('',*,*,#833,.F.);
#4861 = B_SPLINE_SURFACE_WITH_KNOTS('',3,1,(
    (#4862,#4863)
    ,(#4864,#4865)
    ,(#4866,#4867)
    ,(#4868,#4869
    )),.UNSPECIFIED.,.F.,.F.,.F.,(4,4),(2,2),(0.,1.),(0.,1.),
  .PIECEWISE_BEZIER_KNOTS.);
#4862 = CARTESIAN_POINT('',(0.148700451212,4.2622772514E-02,0.701));
#4863 = CARTESIAN_POINT('',(0.148700451212,4.2622772514E-02,
    0.699999999999));
#4864 = CARTESIAN_POINT('',(0.159981824604,4.2622772514E-02,0.701));
#4865 = CARTESIAN_POINT('',(0.159981824604,4.2622772514E-02,
    0.699999999999));
#4866 = CARTESIAN_POINT('',(0.169365639799,4.4598312555E-02,0.701));
#4867 = CARTESIAN_POINT('',(0.169365639799,4.4598312555E-02,
    0.699999999999));
#4868 = CARTESIAN_POINT('',(0.176851896797,4.8549392637E-02,0.701));
#4869 = CARTESIAN_POINT('',(0.176851896797,4.8549392637E-02,
    0.699999999999));
#4870 = ADVANCED_FACE('',(#4871),#4889,.F.);
#4871 = FACE_BOUND('',#4872,.T.);
#4872 = EDGE_LOOP('',(#4873,#4874,#4882,#4888));
#4873 = ORIENTED_EDGE('',*,*,#823,.T.);
#4874 = ORIENTED_EDGE('',*,*,#4875,.F.);
#4875 = EDGE_CURVE('',#4876,#826,#4878,.T.);
#4876 = VERTEX_POINT('',#4877);
#4877 = CARTESIAN_POINT('',(0.176851896797,6.1130463425E-02,0.701));
#4878 = LINE('',#4879,#4880);
#4879 = CARTESIAN_POINT('',(0.176851896797,6.1130463425E-02,0.701));
#4880 = VECTOR('',#4881,1.);
#4881 = DIRECTION('',(0.,0.,-1.));
#4882 = ORIENTED_EDGE('',*,*,#4883,.F.);
#4883 = EDGE_CURVE('',#4847,#4876,#4884,.T.);
#4884 = LINE('',#4885,#4886);
#4885 = CARTESIAN_POINT('',(0.176851896797,6.1130463425E-02,0.701));
#4886 = VECTOR('',#4887,1.);
#4887 = DIRECTION('',(0.,1.,0.));
#4888 = ORIENTED_EDGE('',*,*,#4855,.T.);
#4889 = PLANE('',#4890);
#4890 = AXIS2_PLACEMENT_3D('',#4891,#4892,#4893);
#4891 = CARTESIAN_POINT('',(0.176851896797,6.1130463425E-02,0.701));
#4892 = DIRECTION('',(-1.,0.,0.));
#4893 = DIRECTION('',(0.,0.,1.));
#4894 = ADVANCED_FACE('',(#4895),#4914,.F.);
#4895 = FACE_BOUND('',#4896,.F.);
#4896 = EDGE_LOOP('',(#4897,#4898,#4907,#4913));
#4897 = ORIENTED_EDGE('',*,*,#4875,.F.);
#4898 = ORIENTED_EDGE('',*,*,#4899,.T.);
#4899 = EDGE_CURVE('',#4876,#4900,#4902,.T.);
#4900 = VERTEX_POINT('',#4901);
#4901 = CARTESIAN_POINT('',(0.150598009409,5.4320049073E-02,0.701));
#4902 = B_SPLINE_CURVE_WITH_KNOTS('',3,(#4903,#4904,#4905,#4906),
  .UNSPECIFIED.,.F.,.F.,(4,4),(12.,13.),.PIECEWISE_BEZIER_KNOTS.);
#4903 = CARTESIAN_POINT('',(0.176851896797,6.1130463425E-02,0.701));
#4904 = CARTESIAN_POINT('',(0.169417627695,5.6607516489E-02,0.701));
#4905 = CARTESIAN_POINT('',(0.16065766725,5.4320049073E-02,0.701));
#4906 = CARTESIAN_POINT('',(0.150598009409,5.4320049073E-02,0.701));
#4907 = ORIENTED_EDGE('',*,*,#4908,.T.);
#4908 = EDGE_CURVE('',#4900,#932,#4909,.T.);
#4909 = LINE('',#4910,#4911);
#4910 = CARTESIAN_POINT('',(0.150598009409,5.4320049073E-02,0.701));
#4911 = VECTOR('',#4912,1.);
#4912 = DIRECTION('',(0.,0.,-1.));
#4913 = ORIENTED_EDGE('',*,*,#940,.F.);
#4914 = B_SPLINE_SURFACE_WITH_KNOTS('',3,1,(
    (#4915,#4916)
    ,(#4917,#4918)
    ,(#4919,#4920)
    ,(#4921,#4922
    )),.UNSPECIFIED.,.F.,.F.,.F.,(4,4),(2,2),(12.,13.),(0.,1.),
  .PIECEWISE_BEZIER_KNOTS.);
#4915 = CARTESIAN_POINT('',(0.176851896797,6.1130463425E-02,0.701));
#4916 = CARTESIAN_POINT('',(0.176851896797,6.1130463425E-02,
    0.699999999999));
#4917 = CARTESIAN_POINT('',(0.169417627695,5.6607516489E-02,0.701));
#4918 = CARTESIAN_POINT('',(0.169417627695,5.6607516489E-02,
    0.699999999999));
#4919 = CARTESIAN_POINT('',(0.16065766725,5.4320049073E-02,0.701));
#4920 = CARTESIAN_POINT('',(0.16065766725,5.4320049073E-02,
    0.699999999999));
#4921 = CARTESIAN_POINT('',(0.150598009409,5.4320049073E-02,0.701));
#4922 = CARTESIAN_POINT('',(0.150598009409,5.4320049073E-02,
    0.699999999999));
#4923 = ADVANCED_FACE('',(#4924),#4943,.F.);
#4924 = FACE_BOUND('',#4925,.F.);
#4925 = EDGE_LOOP('',(#4926,#4927,#4936,#4942));
#4926 = ORIENTED_EDGE('',*,*,#4908,.F.);
#4927 = ORIENTED_EDGE('',*,*,#4928,.T.);
#4928 = EDGE_CURVE('',#4900,#4929,#4931,.T.);
#4929 = VERTEX_POINT('',#4930);
#4930 = CARTESIAN_POINT('',(0.124474091762,6.5029555611E-02,0.701));
#4931 = B_SPLINE_CURVE_WITH_KNOTS('',3,(#4932,#4933,#4934,#4935),
  .UNSPECIFIED.,.F.,.F.,(4,4),(11.,12.),.PIECEWISE_BEZIER_KNOTS.);
#4932 = CARTESIAN_POINT('',(0.150598009409,5.4320049073E-02,0.701));
#4933 = CARTESIAN_POINT('',(0.139836514976,5.4320049073E-02,0.701));
#4934 = CARTESIAN_POINT('',(0.131128542426,5.7907213884E-02,0.701));
#4935 = CARTESIAN_POINT('',(0.124474091762,6.5029555611E-02,0.701));
#4936 = ORIENTED_EDGE('',*,*,#4937,.T.);
#4937 = EDGE_CURVE('',#4929,#923,#4938,.T.);
#4938 = LINE('',#4939,#4940);
#4939 = CARTESIAN_POINT('',(0.124474091762,6.5029555611E-02,0.701));
#4940 = VECTOR('',#4941,1.);
#4941 = DIRECTION('',(0.,0.,-1.));
#4942 = ORIENTED_EDGE('',*,*,#931,.F.);
#4943 = B_SPLINE_SURFACE_WITH_KNOTS('',3,1,(
    (#4944,#4945)
    ,(#4946,#4947)
    ,(#4948,#4949)
    ,(#4950,#4951
    )),.UNSPECIFIED.,.F.,.F.,.F.,(4,4),(2,2),(11.,12.),(0.,1.),
  .PIECEWISE_BEZIER_KNOTS.);
#4944 = CARTESIAN_POINT('',(0.150598009409,5.4320049073E-02,0.701));
#4945 = CARTESIAN_POINT('',(0.150598009409,5.4320049073E-02,
    0.699999999999));
#4946 = CARTESIAN_POINT('',(0.139836514976,5.4320049073E-02,0.701));
#4947 = CARTESIAN_POINT('',(0.139836514976,5.4320049073E-02,
    0.699999999999));
#4948 = CARTESIAN_POINT('',(0.131128542426,5.7907213884E-02,0.701));
#4949 = CARTESIAN_POINT('',(0.131128542426,5.7907213884E-02,
    0.699999999999));
#4950 = CARTESIAN_POINT('',(0.124474091762,6.5029555611E-02,0.701));
#4951 = CARTESIAN_POINT('',(0.124474091762,6.5029555611E-02,
    0.699999999999));
#4952 = ADVANCED_FACE('',(#4953),#4972,.F.);
#4953 = FACE_BOUND('',#4954,.F.);
#4954 = EDGE_LOOP('',(#4955,#4956,#4965,#4971));
#4955 = ORIENTED_EDGE('',*,*,#4937,.F.);
#4956 = ORIENTED_EDGE('',*,*,#4957,.T.);
#4957 = EDGE_CURVE('',#4929,#4958,#4960,.T.);
#4958 = VERTEX_POINT('',#4959);
#4959 = CARTESIAN_POINT('',(0.114492415766,9.4038801476E-02,0.701));
#4960 = B_SPLINE_CURVE_WITH_KNOTS('',3,(#4961,#4962,#4963,#4964),
  .UNSPECIFIED.,.F.,.F.,(4,4),(10.,11.),.PIECEWISE_BEZIER_KNOTS.);
#4961 = CARTESIAN_POINT('',(0.124474091762,6.5029555611E-02,0.701));
#4962 = CARTESIAN_POINT('',(0.117819641097,7.2203885234E-02,0.701));
#4963 = CARTESIAN_POINT('',(0.114492415766,8.1873633856E-02,0.701));
#4964 = CARTESIAN_POINT('',(0.114492415766,9.4038801476E-02,0.701));
#4965 = ORIENTED_EDGE('',*,*,#4966,.T.);
#4966 = EDGE_CURVE('',#4958,#914,#4967,.T.);
#4967 = LINE('',#4968,#4969);
#4968 = CARTESIAN_POINT('',(0.114492415766,9.4038801476E-02,0.701));
#4969 = VECTOR('',#4970,1.);
#4970 = DIRECTION('',(0.,0.,-1.));
#4971 = ORIENTED_EDGE('',*,*,#922,.F.);
#4972 = B_SPLINE_SURFACE_WITH_KNOTS('',3,1,(
    (#4973,#4974)
    ,(#4975,#4976)
    ,(#4977,#4978)
    ,(#4979,#4980
    )),.UNSPECIFIED.,.F.,.F.,.F.,(4,4),(2,2),(10.,11.),(0.,1.),
  .PIECEWISE_BEZIER_KNOTS.);
#4973 = CARTESIAN_POINT('',(0.124474091762,6.5029555611E-02,0.701));
#4974 = CARTESIAN_POINT('',(0.124474091762,6.5029555611E-02,
    0.699999999999));
#4975 = CARTESIAN_POINT('',(0.117819641097,7.2203885234E-02,0.701));
#4976 = CARTESIAN_POINT('',(0.117819641097,7.2203885234E-02,
    0.699999999999));
#4977 = CARTESIAN_POINT('',(0.114492415766,8.1873633856E-02,0.701));
#4978 = CARTESIAN_POINT('',(0.114492415766,8.1873633856E-02,
    0.699999999999));
#4979 = CARTESIAN_POINT('',(0.114492415766,9.4038801476E-02,0.701));
#4980 = CARTESIAN_POINT('',(0.114492415766,9.4038801476E-02,
    0.699999999999));
#4981 = ADVANCED_FACE('',(#4982),#5001,.F.);
#4982 = FACE_BOUND('',#4983,.F.);
#4983 = EDGE_LOOP('',(#4984,#4985,#4994,#5000));
#4984 = ORIENTED_EDGE('',*,*,#4966,.F.);
#4985 = ORIENTED_EDGE('',*,*,#4986,.T.);
#4986 = EDGE_CURVE('',#4958,#4987,#4989,.T.);
#4987 = VERTEX_POINT('',#4988);
#4988 = CARTESIAN_POINT('',(0.125175928356,0.124607684216,0.701));
#4989 = B_SPLINE_CURVE_WITH_KNOTS('',3,(#4990,#4991,#4992,#4993),
  .UNSPECIFIED.,.F.,.F.,(4,4),(9.,10.),.PIECEWISE_BEZIER_KNOTS.);
#4990 = CARTESIAN_POINT('',(0.114492415766,9.4038801476E-02,0.701));
#4991 = CARTESIAN_POINT('',(0.114492415766,0.106827823847,0.701));
#4992 = CARTESIAN_POINT('',(0.118053586629,0.117017451427,0.701));
#4993 = CARTESIAN_POINT('',(0.125175928356,0.124607684216,0.701));
#4994 = ORIENTED_EDGE('',*,*,#4995,.T.);
#4995 = EDGE_CURVE('',#4987,#905,#4996,.T.);
#4996 = LINE('',#4997,#4998);
#4997 = CARTESIAN_POINT('',(0.125175928356,0.124607684216,0.701));
#4998 = VECTOR('',#4999,1.);
#4999 = DIRECTION('',(0.,0.,-1.));
#5000 = ORIENTED_EDGE('',*,*,#913,.F.);
#5001 = B_SPLINE_SURFACE_WITH_KNOTS('',3,1,(
    (#5002,#5003)
    ,(#5004,#5005)
    ,(#5006,#5007)
    ,(#5008,#5009
    )),.UNSPECIFIED.,.F.,.F.,.F.,(4,4),(2,2),(9.,10.),(0.,1.),
  .PIECEWISE_BEZIER_KNOTS.);
#5002 = CARTESIAN_POINT('',(0.114492415766,9.4038801476E-02,0.701));
#5003 = CARTESIAN_POINT('',(0.114492415766,9.4038801476E-02,
    0.699999999999));
#5004 = CARTESIAN_POINT('',(0.114492415766,0.106827823847,0.701));
#5005 = CARTESIAN_POINT('',(0.114492415766,0.106827823847,0.699999999999
    ));
#5006 = CARTESIAN_POINT('',(0.118053586629,0.117017451427,0.701));
#5007 = CARTESIAN_POINT('',(0.118053586629,0.117017451427,0.699999999999
    ));
#5008 = CARTESIAN_POINT('',(0.125175928356,0.124607684216,0.701));
#5009 = CARTESIAN_POINT('',(0.125175928356,0.124607684216,0.699999999999
    ));
#5010 = ADVANCED_FACE('',(#5011),#5030,.F.);
#5011 = FACE_BOUND('',#5012,.F.);
#5012 = EDGE_LOOP('',(#5013,#5014,#5023,#5029));
#5013 = ORIENTED_EDGE('',*,*,#4995,.F.);
#5014 = ORIENTED_EDGE('',*,*,#5015,.T.);
#5015 = EDGE_CURVE('',#4987,#5016,#5018,.T.);
#5016 = VERTEX_POINT('',#5017);
#5017 = CARTESIAN_POINT('',(0.152885476825,0.135889057608,0.701));
#5018 = B_SPLINE_CURVE_WITH_KNOTS('',3,(#5019,#5020,#5021,#5022),
  .UNSPECIFIED.,.F.,.F.,(4,4),(8.,9.),.PIECEWISE_BEZIER_KNOTS.);
#5019 = CARTESIAN_POINT('',(0.125175928356,0.124607684216,0.701));
#5020 = CARTESIAN_POINT('',(0.13232426403,0.132145929109,0.701));
#5021 = CARTESIAN_POINT('',(0.141552115538,0.135889057608,0.701));
#5022 = CARTESIAN_POINT('',(0.152885476825,0.135889057608,0.701));
#5023 = ORIENTED_EDGE('',*,*,#5024,.T.);
#5024 = EDGE_CURVE('',#5016,#896,#5025,.T.);
#5025 = LINE('',#5026,#5027);
#5026 = CARTESIAN_POINT('',(0.152885476825,0.135889057608,0.701));
#5027 = VECTOR('',#5028,1.);
#5028 = DIRECTION('',(0.,0.,-1.));
#5029 = ORIENTED_EDGE('',*,*,#904,.F.);
#5030 = B_SPLINE_SURFACE_WITH_KNOTS('',3,1,(
    (#5031,#5032)
    ,(#5033,#5034)
    ,(#5035,#5036)
    ,(#5037,#5038
    )),.UNSPECIFIED.,.F.,.F.,.F.,(4,4),(2,2),(8.,9.),(0.,1.),
  .PIECEWISE_BEZIER_KNOTS.);
#5031 = CARTESIAN_POINT('',(0.125175928356,0.124607684216,0.701));
#5032 = CARTESIAN_POINT('',(0.125175928356,0.124607684216,0.699999999999
    ));
#5033 = CARTESIAN_POINT('',(0.13232426403,0.132145929109,0.701));
#5034 = CARTESIAN_POINT('',(0.13232426403,0.132145929109,0.699999999999)
  );
#5035 = CARTESIAN_POINT('',(0.141552115538,0.135889057608,0.701));
#5036 = CARTESIAN_POINT('',(0.141552115538,0.135889057608,0.699999999999
    ));
#5037 = CARTESIAN_POINT('',(0.152885476825,0.135889057608,0.701));
#5038 = CARTESIAN_POINT('',(0.152885476825,0.135889057608,0.699999999999
    ));
#5039 = ADVANCED_FACE('',(#5040),#5059,.F.);
#5040 = FACE_BOUND('',#5041,.F.);
#5041 = EDGE_LOOP('',(#5042,#5043,#5052,#5058));
#5042 = ORIENTED_EDGE('',*,*,#5024,.F.);
#5043 = ORIENTED_EDGE('',*,*,#5044,.T.);
#5044 = EDGE_CURVE('',#5016,#5045,#5047,.T.);
#5045 = VERTEX_POINT('',#5046);
#5046 = CARTESIAN_POINT('',(0.176851896797,0.129858461694,0.701));
#5047 = B_SPLINE_CURVE_WITH_KNOTS('',3,(#5048,#5049,#5050,#5051),
  .UNSPECIFIED.,.F.,.F.,(4,4),(7.,8.),.PIECEWISE_BEZIER_KNOTS.);
#5048 = CARTESIAN_POINT('',(0.152885476825,0.135889057608,0.701));
#5049 = CARTESIAN_POINT('',(0.161593449374,0.135889057608,0.701));
#5050 = CARTESIAN_POINT('',(0.169573591382,0.133913517567,0.701));
#5051 = CARTESIAN_POINT('',(0.176851896797,0.129858461694,0.701));
#5052 = ORIENTED_EDGE('',*,*,#5053,.T.);
#5053 = EDGE_CURVE('',#5045,#888,#5054,.T.);
#5054 = LINE('',#5055,#5056);
#5055 = CARTESIAN_POINT('',(0.176851896797,0.129858461694,0.701));
#5056 = VECTOR('',#5057,1.);
#5057 = DIRECTION('',(0.,0.,-1.));
#5058 = ORIENTED_EDGE('',*,*,#895,.F.);
#5059 = B_SPLINE_SURFACE_WITH_KNOTS('',3,1,(
    (#5060,#5061)
    ,(#5062,#5063)
    ,(#5064,#5065)
    ,(#5066,#5067
    )),.UNSPECIFIED.,.F.,.F.,.F.,(4,4),(2,2),(7.,8.),(0.,1.),
  .PIECEWISE_BEZIER_KNOTS.);
#5060 = CARTESIAN_POINT('',(0.152885476825,0.135889057608,0.701));
#5061 = CARTESIAN_POINT('',(0.152885476825,0.135889057608,0.699999999999
    ));
#5062 = CARTESIAN_POINT('',(0.161593449374,0.135889057608,0.701));
#5063 = CARTESIAN_POINT('',(0.161593449374,0.135889057608,0.699999999999
    ));
#5064 = CARTESIAN_POINT('',(0.169573591382,0.133913517567,0.701));
#5065 = CARTESIAN_POINT('',(0.169573591382,0.133913517567,0.699999999999
    ));
#5066 = CARTESIAN_POINT('',(0.176851896797,0.129858461694,0.701));
#5067 = CARTESIAN_POINT('',(0.176851896797,0.129858461694,0.699999999999
    ));
#5068 = ADVANCED_FACE('',(#5069),#5087,.F.);
#5069 = FACE_BOUND('',#5070,.T.);
#5070 = EDGE_LOOP('',(#5071,#5072,#5080,#5086));
#5071 = ORIENTED_EDGE('',*,*,#887,.T.);
#5072 = ORIENTED_EDGE('',*,*,#5073,.F.);
#5073 = EDGE_CURVE('',#5074,#879,#5076,.T.);
#5074 = VERTEX_POINT('',#5075);
#5075 = CARTESIAN_POINT('',(0.176851896797,0.143583266189,0.701));
#5076 = LINE('',#5077,#5078);
#5077 = CARTESIAN_POINT('',(0.176851896797,0.143583266189,0.701));
#5078 = VECTOR('',#5079,1.);
#5079 = DIRECTION('',(0.,0.,-1.));
#5080 = ORIENTED_EDGE('',*,*,#5081,.F.);
#5081 = EDGE_CURVE('',#5045,#5074,#5082,.T.);
#5082 = LINE('',#5083,#5084);
#5083 = CARTESIAN_POINT('',(0.176851896797,0.143583266189,0.701));
#5084 = VECTOR('',#5085,1.);
#5085 = DIRECTION('',(0.,1.,0.));
#5086 = ORIENTED_EDGE('',*,*,#5053,.T.);
#5087 = PLANE('',#5088);
#5088 = AXIS2_PLACEMENT_3D('',#5089,#5090,#5091);
#5089 = CARTESIAN_POINT('',(0.176851896797,0.143583266189,0.701));
#5090 = DIRECTION('',(-1.,0.,0.));
#5091 = DIRECTION('',(0.,0.,1.));
#5092 = ADVANCED_FACE('',(#5093),#5112,.F.);
#5093 = FACE_BOUND('',#5094,.F.);
#5094 = EDGE_LOOP('',(#5095,#5096,#5105,#5111));
#5095 = ORIENTED_EDGE('',*,*,#5073,.F.);
#5096 = ORIENTED_EDGE('',*,*,#5097,.T.);
#5097 = EDGE_CURVE('',#5074,#5098,#5100,.T.);
#5098 = VERTEX_POINT('',#5099);
#5099 = CARTESIAN_POINT('',(0.152755507086,0.147742297854,0.701));
#5100 = B_SPLINE_CURVE_WITH_KNOTS('',3,(#5101,#5102,#5103,#5104),
  .UNSPECIFIED.,.F.,.F.,(4,4),(5.,6.),.PIECEWISE_BEZIER_KNOTS.);
#5101 = CARTESIAN_POINT('',(0.176851896797,0.143583266189,0.701));
#5102 = CARTESIAN_POINT('',(0.170509373507,0.146338624667,0.701));
#5103 = CARTESIAN_POINT('',(0.162477243603,0.147742297854,0.701));
#5104 = CARTESIAN_POINT('',(0.152755507086,0.147742297854,0.701));
#5105 = ORIENTED_EDGE('',*,*,#5106,.T.);
#5106 = EDGE_CURVE('',#5098,#870,#5107,.T.);
#5107 = LINE('',#5108,#5109);
#5108 = CARTESIAN_POINT('',(0.152755507086,0.147742297854,0.701));
#5109 = VECTOR('',#5110,1.);
#5110 = DIRECTION('',(0.,0.,-1.));
#5111 = ORIENTED_EDGE('',*,*,#878,.F.);
#5112 = B_SPLINE_SURFACE_WITH_KNOTS('',3,1,(
    (#5113,#5114)
    ,(#5115,#5116)
    ,(#5117,#5118)
    ,(#5119,#5120
    )),.UNSPECIFIED.,.F.,.F.,.F.,(4,4),(2,2),(5.,6.),(0.,1.),
  .PIECEWISE_BEZIER_KNOTS.);
#5113 = CARTESIAN_POINT('',(0.176851896797,0.143583266189,0.701));
#5114 = CARTESIAN_POINT('',(0.176851896797,0.143583266189,0.699999999999
    ));
#5115 = CARTESIAN_POINT('',(0.170509373507,0.146338624667,0.701));
#5116 = CARTESIAN_POINT('',(0.170509373507,0.146338624667,0.699999999999
    ));
#5117 = CARTESIAN_POINT('',(0.162477243603,0.147742297854,0.701));
#5118 = CARTESIAN_POINT('',(0.162477243603,0.147742297854,0.699999999999
    ));
#5119 = CARTESIAN_POINT('',(0.152755507086,0.147742297854,0.701));
#5120 = CARTESIAN_POINT('',(0.152755507086,0.147742297854,0.699999999999
    ));
#5121 = ADVANCED_FACE('',(#5122),#5141,.F.);
#5122 = FACE_BOUND('',#5123,.F.);
#5123 = EDGE_LOOP('',(#5124,#5125,#5134,#5140));
#5124 = ORIENTED_EDGE('',*,*,#5106,.F.);
#5125 = ORIENTED_EDGE('',*,*,#5126,.T.);
#5126 = EDGE_CURVE('',#5098,#5127,#5129,.T.);
#5127 = VERTEX_POINT('',#5128);
#5128 = CARTESIAN_POINT('',(0.115402203942,0.132769783859,0.701));
#5129 = B_SPLINE_CURVE_WITH_KNOTS('',3,(#5130,#5131,#5132,#5133),
  .UNSPECIFIED.,.F.,.F.,(4,4),(4.,5.),.PIECEWISE_BEZIER_KNOTS.);
#5130 = CARTESIAN_POINT('',(0.152755507086,0.147742297854,0.701));
#5131 = CARTESIAN_POINT('',(0.137653023351,0.147742297854,0.701));
#5132 = CARTESIAN_POINT('',(0.125201922304,0.142751459856,0.701));
#5133 = CARTESIAN_POINT('',(0.115402203942,0.132769783859,0.701));
#5134 = ORIENTED_EDGE('',*,*,#5135,.T.);
#5135 = EDGE_CURVE('',#5127,#861,#5136,.T.);
#5136 = LINE('',#5137,#5138);
#5137 = CARTESIAN_POINT('',(0.115402203942,0.132769783859,0.701));
#5138 = VECTOR('',#5139,1.);
#5139 = DIRECTION('',(0.,0.,-1.));
#5140 = ORIENTED_EDGE('',*,*,#869,.F.);
#5141 = B_SPLINE_SURFACE_WITH_KNOTS('',3,1,(
    (#5142,#5143)
    ,(#5144,#5145)
    ,(#5146,#5147)
    ,(#5148,#5149
    )),.UNSPECIFIED.,.F.,.F.,.F.,(4,4),(2,2),(4.,5.),(0.,1.),
  .PIECEWISE_BEZIER_KNOTS.);
#5142 = CARTESIAN_POINT('',(0.152755507086,0.147742297854,0.701));
#5143 = CARTESIAN_POINT('',(0.152755507086,0.147742297854,0.699999999999
    ));
#5144 = CARTESIAN_POINT('',(0.137653023351,0.147742297854,0.701));
#5145 = CARTESIAN_POINT('',(0.137653023351,0.147742297854,0.699999999999
    ));
#5146 = CARTESIAN_POINT('',(0.125201922304,0.142751459856,0.701));
#5147 = CARTESIAN_POINT('',(0.125201922304,0.142751459856,0.699999999999
    ));
#5148 = CARTESIAN_POINT('',(0.115402203942,0.132769783859,0.701));
#5149 = CARTESIAN_POINT('',(0.115402203942,0.132769783859,0.699999999999
    ));
#5150 = ADVANCED_FACE('',(#5151),#5170,.F.);
#5151 = FACE_BOUND('',#5152,.F.);
#5152 = EDGE_LOOP('',(#5153,#5154,#5163,#5169));
#5153 = ORIENTED_EDGE('',*,*,#5135,.F.);
#5154 = ORIENTED_EDGE('',*,*,#5155,.T.);
#5155 = EDGE_CURVE('',#5127,#5156,#5158,.T.);
#5156 = VERTEX_POINT('',#5157);
#5157 = CARTESIAN_POINT('',(0.100715623374,9.3258983039E-02,0.701));
#5158 = B_SPLINE_CURVE_WITH_KNOTS('',3,(#5159,#5160,#5161,#5162),
  .UNSPECIFIED.,.F.,.F.,(4,4),(3.,4.),.PIECEWISE_BEZIER_KNOTS.);
#5159 = CARTESIAN_POINT('',(0.115402203942,0.132769783859,0.701));
#5160 = CARTESIAN_POINT('',(0.105602485581,0.122788107862,0.701));
#5161 = CARTESIAN_POINT('',(0.100715623374,0.109635170221,0.701));
#5162 = CARTESIAN_POINT('',(0.100715623374,9.3258983039E-02,0.701));
#5163 = ORIENTED_EDGE('',*,*,#5164,.T.);
#5164 = EDGE_CURVE('',#5156,#852,#5165,.T.);
#5165 = LINE('',#5166,#5167);
#5166 = CARTESIAN_POINT('',(0.100715623374,9.3258983039E-02,0.701));
#5167 = VECTOR('',#5168,1.);
#5168 = DIRECTION('',(0.,0.,-1.));
#5169 = ORIENTED_EDGE('',*,*,#860,.F.);
#5170 = B_SPLINE_SURFACE_WITH_KNOTS('',3,1,(
    (#5171,#5172)
    ,(#5173,#5174)
    ,(#5175,#5176)
    ,(#5177,#5178
    )),.UNSPECIFIED.,.F.,.F.,.F.,(4,4),(2,2),(3.,4.),(0.,1.),
  .PIECEWISE_BEZIER_KNOTS.);
#5171 = CARTESIAN_POINT('',(0.115402203942,0.132769783859,0.701));
#5172 = CARTESIAN_POINT('',(0.115402203942,0.132769783859,0.699999999999
    ));
#5173 = CARTESIAN_POINT('',(0.105602485581,0.122788107862,0.701));
#5174 = CARTESIAN_POINT('',(0.105602485581,0.122788107862,0.699999999999
    ));
#5175 = CARTESIAN_POINT('',(0.100715623374,0.109635170221,0.701));
#5176 = CARTESIAN_POINT('',(0.100715623374,0.109635170221,0.699999999999
    ));
#5177 = CARTESIAN_POINT('',(0.100715623374,9.3258983039E-02,0.701));
#5178 = CARTESIAN_POINT('',(0.100715623374,9.3258983039E-02,
    0.699999999999));
#5179 = ADVANCED_FACE('',(#5180),#5199,.F.);
#5180 = FACE_BOUND('',#5181,.F.);
#5181 = EDGE_LOOP('',(#5182,#5183,#5192,#5198));
#5182 = ORIENTED_EDGE('',*,*,#5164,.F.);
#5183 = ORIENTED_EDGE('',*,*,#5184,.T.);
#5184 = EDGE_CURVE('',#5156,#5185,#5187,.T.);
#5185 = VERTEX_POINT('',#5186);
#5186 = CARTESIAN_POINT('',(0.113764585224,5.6503540697E-02,0.701));
#5187 = B_SPLINE_CURVE_WITH_KNOTS('',3,(#5188,#5189,#5190,#5191),
  .UNSPECIFIED.,.F.,.F.,(4,4),(2.,3.),.PIECEWISE_BEZIER_KNOTS.);
#5188 = CARTESIAN_POINT('',(0.100715623374,9.3258983039E-02,0.701));
#5189 = CARTESIAN_POINT('',(0.100715623374,7.8026529565E-02,0.701));
#5190 = CARTESIAN_POINT('',(0.105056612675,6.5757386152E-02,0.701));
#5191 = CARTESIAN_POINT('',(0.113764585224,5.6503540697E-02,0.701));
#5192 = ORIENTED_EDGE('',*,*,#5193,.T.);
#5193 = EDGE_CURVE('',#5185,#843,#5194,.T.);
#5194 = LINE('',#5195,#5196);
#5195 = CARTESIAN_POINT('',(0.113764585224,5.6503540697E-02,0.701));
#5196 = VECTOR('',#5197,1.);
#5197 = DIRECTION('',(0.,0.,-1.));
#5198 = ORIENTED_EDGE('',*,*,#851,.F.);
#5199 = B_SPLINE_SURFACE_WITH_KNOTS('',3,1,(
    (#5200,#5201)
    ,(#5202,#5203)
    ,(#5204,#5205)
    ,(#5206,#5207
    )),.UNSPECIFIED.,.F.,.F.,.F.,(4,4),(2,2),(2.,3.),(0.,1.),
  .PIECEWISE_BEZIER_KNOTS.);
#5200 = CARTESIAN_POINT('',(0.100715623374,9.3258983039E-02,0.701));
#5201 = CARTESIAN_POINT('',(0.100715623374,9.3258983039E-02,
    0.699999999999));
#5202 = CARTESIAN_POINT('',(0.100715623374,7.8026529565E-02,0.701));
#5203 = CARTESIAN_POINT('',(0.100715623374,7.8026529565E-02,
    0.699999999999));
#5204 = CARTESIAN_POINT('',(0.105056612675,6.5757386152E-02,0.701));
#5205 = CARTESIAN_POINT('',(0.105056612675,6.5757386152E-02,
    0.699999999999));
#5206 = CARTESIAN_POINT('',(0.113764585224,5.6503540697E-02,0.701));
#5207 = CARTESIAN_POINT('',(0.113764585224,5.6503540697E-02,
    0.699999999999));
#5208 = ADVANCED_FACE('',(#5209),#5221,.F.);
#5209 = FACE_BOUND('',#5210,.F.);
#5210 = EDGE_LOOP('',(#5211,#5212,#5219,#5220));
#5211 = ORIENTED_EDGE('',*,*,#5193,.F.);
#5212 = ORIENTED_EDGE('',*,*,#5213,.T.);
#5213 = EDGE_CURVE('',#5185,#4839,#5214,.T.);
#5214 = B_SPLINE_CURVE_WITH_KNOTS('',3,(#5215,#5216,#5217,#5218),
  .UNSPECIFIED.,.F.,.F.,(4,4),(1.,2.),.PIECEWISE_BEZIER_KNOTS.);
#5215 = CARTESIAN_POINT('',(0.113764585224,5.6503540697E-02,0.701));
#5216 = CARTESIAN_POINT('',(0.122472557773,4.7249695242E-02,0.701));
#5217 = CARTESIAN_POINT('',(0.134117846436,4.2622772514E-02,0.701));
#5218 = CARTESIAN_POINT('',(0.148700451212,4.2622772514E-02,0.701));
#5219 = ORIENTED_EDGE('',*,*,#4838,.T.);
#5220 = ORIENTED_EDGE('',*,*,#842,.F.);
#5221 = B_SPLINE_SURFACE_WITH_KNOTS('',3,1,(
    (#5222,#5223)
    ,(#5224,#5225)
    ,(#5226,#5227)
    ,(#5228,#5229
    )),.UNSPECIFIED.,.F.,.F.,.F.,(4,4),(2,2),(1.,2.),(0.,1.),
  .PIECEWISE_BEZIER_KNOTS.);
#5222 = CARTESIAN_POINT('',(0.113764585224,5.6503540697E-02,0.701));
#5223 = CARTESIAN_POINT('',(0.113764585224,5.6503540697E-02,
    0.699999999999));
#5224 = CARTESIAN_POINT('',(0.122472557773,4.7249695242E-02,0.701));
#5225 = CARTESIAN_POINT('',(0.122472557773,4.7249695242E-02,
    0.699999999999));
#5226 = CARTESIAN_POINT('',(0.134117846436,4.2622772514E-02,0.701));
#5227 = CARTESIAN_POINT('',(0.134117846436,4.2622772514E-02,
    0.699999999999));
#5228 = CARTESIAN_POINT('',(0.148700451212,4.2622772514E-02,0.701));
#5229 = CARTESIAN_POINT('',(0.148700451212,4.2622772514E-02,
    0.699999999999));
#5230 = ADVANCED_FACE('',(#5231),#5247,.T.);
#5231 = FACE_BOUND('',#5232,.T.);
#5232 = EDGE_LOOP('',(#5233,#5234,#5235,#5236,#5237,#5238,#5239,#5240,
    #5241,#5242,#5243,#5244,#5245,#5246));
#5233 = ORIENTED_EDGE('',*,*,#4846,.T.);
#5234 = ORIENTED_EDGE('',*,*,#4883,.T.);
#5235 = ORIENTED_EDGE('',*,*,#4899,.T.);
#5236 = ORIENTED_EDGE('',*,*,#4928,.T.);
#5237 = ORIENTED_EDGE('',*,*,#4957,.T.);
#5238 = ORIENTED_EDGE('',*,*,#4986,.T.);
#5239 = ORIENTED_EDGE('',*,*,#5015,.T.);
#5240 = ORIENTED_EDGE('',*,*,#5044,.T.);
#5241 = ORIENTED_EDGE('',*,*,#5081,.T.);
#5242 = ORIENTED_EDGE('',*,*,#5097,.T.);
#5243 = ORIENTED_EDGE('',*,*,#5126,.T.);
#5244 = ORIENTED_EDGE('',*,*,#5155,.T.);
#5245 = ORIENTED_EDGE('',*,*,#5184,.T.);
#5246 = ORIENTED_EDGE('',*,*,#5213,.T.);
#5247 = PLANE('',#5248);
#5248 = AXIS2_PLACEMENT_3D('',#5249,#5250,#5251);
#5249 = CARTESIAN_POINT('',(0.164199342652,4.4104427545E-02,0.701));
#5250 = DIRECTION('',(0.,0.,1.));
#5251 = DIRECTION('',(1.,0.,-0.));
#5252 = ADVANCED_FACE('',(#5253),#5278,.F.);
#5253 = FACE_BOUND('',#5254,.T.);
#5254 = EDGE_LOOP('',(#5255,#5256,#5264,#5272));
#5255 = ORIENTED_EDGE('',*,*,#959,.T.);
#5256 = ORIENTED_EDGE('',*,*,#5257,.F.);
#5257 = EDGE_CURVE('',#5258,#950,#5260,.T.);
#5258 = VERTEX_POINT('',#5259);
#5259 = CARTESIAN_POINT('',(0.251896424407,5.5931673843E-02,0.701));
#5260 = LINE('',#5261,#5262);
#5261 = CARTESIAN_POINT('',(0.251896424407,5.5931673843E-02,0.701));
#5262 = VECTOR('',#5263,1.);
#5263 = DIRECTION('',(0.,0.,-1.));
#5264 = ORIENTED_EDGE('',*,*,#5265,.F.);
#5265 = EDGE_CURVE('',#5266,#5258,#5268,.T.);
#5266 = VERTEX_POINT('',#5267);
#5267 = CARTESIAN_POINT('',(0.251896424407,4.4338373076E-02,0.701));
#5268 = LINE('',#5269,#5270);
#5269 = CARTESIAN_POINT('',(0.251896424407,5.5931673843E-02,0.701));
#5270 = VECTOR('',#5271,1.);
#5271 = DIRECTION('',(0.,1.,0.));
#5272 = ORIENTED_EDGE('',*,*,#5273,.T.);
#5273 = EDGE_CURVE('',#5266,#960,#5274,.T.);
#5274 = LINE('',#5275,#5276);
#5275 = CARTESIAN_POINT('',(0.251896424407,4.4338373076E-02,0.701));
#5276 = VECTOR('',#5277,1.);
#5277 = DIRECTION('',(0.,0.,-1.));
#5278 = PLANE('',#5279);
#5279 = AXIS2_PLACEMENT_3D('',#5280,#5281,#5282);
#5280 = CARTESIAN_POINT('',(0.251896424407,5.5931673843E-02,0.701));
#5281 = DIRECTION('',(-1.,0.,0.));
#5282 = DIRECTION('',(0.,0.,1.));
#5283 = ADVANCED_FACE('',(#5284),#5302,.F.);
#5284 = FACE_BOUND('',#5285,.T.);
#5285 = EDGE_LOOP('',(#5286,#5287,#5295,#5301));
#5286 = ORIENTED_EDGE('',*,*,#949,.T.);
#5287 = ORIENTED_EDGE('',*,*,#5288,.F.);
#5288 = EDGE_CURVE('',#5289,#952,#5291,.T.);
#5289 = VERTEX_POINT('',#5290);
#5290 = CARTESIAN_POINT('',(0.210332101702,5.5931673843E-02,0.701));
#5291 = LINE('',#5292,#5293);
#5292 = CARTESIAN_POINT('',(0.210332101702,5.5931673843E-02,0.701));
#5293 = VECTOR('',#5294,1.);
#5294 = DIRECTION('',(0.,0.,-1.));
#5295 = ORIENTED_EDGE('',*,*,#5296,.F.);
#5296 = EDGE_CURVE('',#5258,#5289,#5297,.T.);
#5297 = LINE('',#5298,#5299);
#5298 = CARTESIAN_POINT('',(0.210332101702,5.5931673843E-02,0.701));
#5299 = VECTOR('',#5300,1.);
#5300 = DIRECTION('',(-1.,0.,0.));
#5301 = ORIENTED_EDGE('',*,*,#5257,.T.);
#5302 = PLANE('',#5303);
#5303 = AXIS2_PLACEMENT_3D('',#5304,#5305,#5306);
#5304 = CARTESIAN_POINT('',(0.210332101702,5.5931673843E-02,0.701));
#5305 = DIRECTION('',(0.,-1.,0.));
#5306 = DIRECTION('',(0.,0.,-1.));
#5307 = ADVANCED_FACE('',(#5308),#5326,.F.);
#5308 = FACE_BOUND('',#5309,.T.);
#5309 = EDGE_LOOP('',(#5310,#5311,#5319,#5325));
#5310 = ORIENTED_EDGE('',*,*,#1039,.T.);
#5311 = ORIENTED_EDGE('',*,*,#5312,.F.);
#5312 = EDGE_CURVE('',#5313,#1032,#5315,.T.);
#5313 = VERTEX_POINT('',#5314);
#5314 = CARTESIAN_POINT('',(0.210332101702,9.013970929E-02,0.701));
#5315 = LINE('',#5316,#5317);
#5316 = CARTESIAN_POINT('',(0.210332101702,9.013970929E-02,0.701));
#5317 = VECTOR('',#5318,1.);
#5318 = DIRECTION('',(0.,0.,-1.));
#5319 = ORIENTED_EDGE('',*,*,#5320,.F.);
#5320 = EDGE_CURVE('',#5289,#5313,#5321,.T.);
#5321 = LINE('',#5322,#5323);
#5322 = CARTESIAN_POINT('',(0.210332101702,9.013970929E-02,0.701));
#5323 = VECTOR('',#5324,1.);
#5324 = DIRECTION('',(0.,1.,0.));
#5325 = ORIENTED_EDGE('',*,*,#5288,.T.);
#5326 = PLANE('',#5327);
#5327 = AXIS2_PLACEMENT_3D('',#5328,#5329,#5330);
#5328 = CARTESIAN_POINT('',(0.210332101702,9.013970929E-02,0.701));
#5329 = DIRECTION('',(-1.,0.,0.));
#5330 = DIRECTION('',(0.,0.,1.));
#5331 = ADVANCED_FACE('',(#5332),#5350,.F.);
#5332 = FACE_BOUND('',#5333,.T.);
#5333 = EDGE_LOOP('',(#5334,#5335,#5343,#5349));
#5334 = ORIENTED_EDGE('',*,*,#1031,.T.);
#5335 = ORIENTED_EDGE('',*,*,#5336,.F.);
#5336 = EDGE_CURVE('',#5337,#1024,#5339,.T.);
#5337 = VERTEX_POINT('',#5338);
#5338 = CARTESIAN_POINT('',(0.246697634825,9.013970929E-02,0.701));
#5339 = LINE('',#5340,#5341);
#5340 = CARTESIAN_POINT('',(0.246697634825,9.013970929E-02,0.701));
#5341 = VECTOR('',#5342,1.);
#5342 = DIRECTION('',(0.,0.,-1.));
#5343 = ORIENTED_EDGE('',*,*,#5344,.F.);
#5344 = EDGE_CURVE('',#5313,#5337,#5345,.T.);
#5345 = LINE('',#5346,#5347);
#5346 = CARTESIAN_POINT('',(0.246697634825,9.013970929E-02,0.701));
#5347 = VECTOR('',#5348,1.);
#5348 = DIRECTION('',(1.,0.,0.));
#5349 = ORIENTED_EDGE('',*,*,#5312,.T.);
#5350 = PLANE('',#5351);
#5351 = AXIS2_PLACEMENT_3D('',#5352,#5353,#5354);
#5352 = CARTESIAN_POINT('',(0.246697634825,9.013970929E-02,0.701));
#5353 = DIRECTION('',(0.,1.,0.));
#5354 = DIRECTION('',(0.,-0.,1.));
#5355 = ADVANCED_FACE('',(#5356),#5374,.F.);
#5356 = FACE_BOUND('',#5357,.T.);
#5357 = EDGE_LOOP('',(#5358,#5359,#5367,#5373));
#5358 = ORIENTED_EDGE('',*,*,#1023,.T.);
#5359 = ORIENTED_EDGE('',*,*,#5360,.F.);
#5360 = EDGE_CURVE('',#5361,#1016,#5363,.T.);
#5361 = VERTEX_POINT('',#5362);
#5362 = CARTESIAN_POINT('',(0.246697634825,0.101784997953,0.701));
#5363 = LINE('',#5364,#5365);
#5364 = CARTESIAN_POINT('',(0.246697634825,0.101784997953,0.701));
#5365 = VECTOR('',#5366,1.);
#5366 = DIRECTION('',(0.,0.,-1.));
#5367 = ORIENTED_EDGE('',*,*,#5368,.F.);
#5368 = EDGE_CURVE('',#5337,#5361,#5369,.T.);
#5369 = LINE('',#5370,#5371);
#5370 = CARTESIAN_POINT('',(0.246697634825,0.101784997953,0.701));
#5371 = VECTOR('',#5372,1.);
#5372 = DIRECTION('',(0.,1.,0.));
#5373 = ORIENTED_EDGE('',*,*,#5336,.T.);
#5374 = PLANE('',#5375);
#5375 = AXIS2_PLACEMENT_3D('',#5376,#5377,#5378);
#5376 = CARTESIAN_POINT('',(0.246697634825,0.101784997953,0.701));
#5377 = DIRECTION('',(-1.,0.,0.));
#5378 = DIRECTION('',(0.,0.,1.));
#5379 = ADVANCED_FACE('',(#5380),#5398,.F.);
#5380 = FACE_BOUND('',#5381,.T.);
#5381 = EDGE_LOOP('',(#5382,#5383,#5391,#5397));
#5382 = ORIENTED_EDGE('',*,*,#1015,.T.);
#5383 = ORIENTED_EDGE('',*,*,#5384,.F.);
#5384 = EDGE_CURVE('',#5385,#1008,#5387,.T.);
#5385 = VERTEX_POINT('',#5386);
#5386 = CARTESIAN_POINT('',(0.210332101702,0.101784997953,0.701));
#5387 = LINE('',#5388,#5389);
#5388 = CARTESIAN_POINT('',(0.210332101702,0.101784997953,0.701));
#5389 = VECTOR('',#5390,1.);
#5390 = DIRECTION('',(0.,0.,-1.));
#5391 = ORIENTED_EDGE('',*,*,#5392,.F.);
#5392 = EDGE_CURVE('',#5361,#5385,#5393,.T.);
#5393 = LINE('',#5394,#5395);
#5394 = CARTESIAN_POINT('',(0.210332101702,0.101784997953,0.701));
#5395 = VECTOR('',#5396,1.);
#5396 = DIRECTION('',(-1.,0.,0.));
#5397 = ORIENTED_EDGE('',*,*,#5360,.T.);
#5398 = PLANE('',#5399);
#5399 = AXIS2_PLACEMENT_3D('',#5400,#5401,#5402);
#5400 = CARTESIAN_POINT('',(0.210332101702,0.101784997953,0.701));
#5401 = DIRECTION('',(0.,-1.,0.));
#5402 = DIRECTION('',(0.,0.,-1.));
#5403 = ADVANCED_FACE('',(#5404),#5422,.F.);
#5404 = FACE_BOUND('',#5405,.T.);
#5405 = EDGE_LOOP('',(#5406,#5407,#5415,#5421));
#5406 = ORIENTED_EDGE('',*,*,#1007,.T.);
#5407 = ORIENTED_EDGE('',*,*,#5408,.F.);
#5408 = EDGE_CURVE('',#5409,#1000,#5411,.T.);
#5409 = VERTEX_POINT('',#5410);
#5410 = CARTESIAN_POINT('',(0.210332101702,0.134329420734,0.701));
#5411 = LINE('',#5412,#5413);
#5412 = CARTESIAN_POINT('',(0.210332101702,0.134329420734,0.701));
#5413 = VECTOR('',#5414,1.);
#5414 = DIRECTION('',(0.,0.,-1.));
#5415 = ORIENTED_EDGE('',*,*,#5416,.F.);
#5416 = EDGE_CURVE('',#5385,#5409,#5417,.T.);
#5417 = LINE('',#5418,#5419);
#5418 = CARTESIAN_POINT('',(0.210332101702,0.134329420734,0.701));
#5419 = VECTOR('',#5420,1.);
#5420 = DIRECTION('',(0.,1.,0.));
#5421 = ORIENTED_EDGE('',*,*,#5384,.T.);
#5422 = PLANE('',#5423);
#5423 = AXIS2_PLACEMENT_3D('',#5424,#5425,#5426);
#5424 = CARTESIAN_POINT('',(0.210332101702,0.134329420734,0.701));
#5425 = DIRECTION('',(-1.,0.,0.));
#5426 = DIRECTION('',(0.,0.,1.));
#5427 = ADVANCED_FACE('',(#5428),#5446,.F.);
#5428 = FACE_BOUND('',#5429,.T.);
#5429 = EDGE_LOOP('',(#5430,#5431,#5439,#5445));
#5430 = ORIENTED_EDGE('',*,*,#999,.T.);
#5431 = ORIENTED_EDGE('',*,*,#5432,.F.);
#5432 = EDGE_CURVE('',#5433,#992,#5435,.T.);
#5433 = VERTEX_POINT('',#5434);
#5434 = CARTESIAN_POINT('',(0.249582963043,0.134329420734,0.701));
#5435 = LINE('',#5436,#5437);
#5436 = CARTESIAN_POINT('',(0.249582963043,0.134329420734,0.701));
#5437 = VECTOR('',#5438,1.);
#5438 = DIRECTION('',(0.,0.,-1.));
#5439 = ORIENTED_EDGE('',*,*,#5440,.F.);
#5440 = EDGE_CURVE('',#5409,#5433,#5441,.T.);
#5441 = LINE('',#5442,#5443);
#5442 = CARTESIAN_POINT('',(0.249582963043,0.134329420734,0.701));
#5443 = VECTOR('',#5444,1.);
#5444 = DIRECTION('',(1.,0.,0.));
#5445 = ORIENTED_EDGE('',*,*,#5408,.T.);
#5446 = PLANE('',#5447);
#5447 = AXIS2_PLACEMENT_3D('',#5448,#5449,#5450);
#5448 = CARTESIAN_POINT('',(0.249582963043,0.134329420734,0.701));
#5449 = DIRECTION('',(0.,1.,0.));
#5450 = DIRECTION('',(0.,-0.,1.));
#5451 = ADVANCED_FACE('',(#5452),#5470,.F.);
#5452 = FACE_BOUND('',#5453,.T.);
#5453 = EDGE_LOOP('',(#5454,#5455,#5463,#5469));
#5454 = ORIENTED_EDGE('',*,*,#991,.T.);
#5455 = ORIENTED_EDGE('',*,*,#5456,.F.);
#5456 = EDGE_CURVE('',#5457,#984,#5459,.T.);
#5457 = VERTEX_POINT('',#5458);
#5458 = CARTESIAN_POINT('',(0.249582963043,0.146026697292,0.701));
#5459 = LINE('',#5460,#5461);
#5460 = CARTESIAN_POINT('',(0.249582963043,0.146026697292,0.701));
#5461 = VECTOR('',#5462,1.);
#5462 = DIRECTION('',(0.,0.,-1.));
#5463 = ORIENTED_EDGE('',*,*,#5464,.F.);
#5464 = EDGE_CURVE('',#5433,#5457,#5465,.T.);
#5465 = LINE('',#5466,#5467);
#5466 = CARTESIAN_POINT('',(0.249582963043,0.146026697292,0.701));
#5467 = VECTOR('',#5468,1.);
#5468 = DIRECTION('',(0.,1.,0.));
#5469 = ORIENTED_EDGE('',*,*,#5432,.T.);
#5470 = PLANE('',#5471);
#5471 = AXIS2_PLACEMENT_3D('',#5472,#5473,#5474);
#5472 = CARTESIAN_POINT('',(0.249582963043,0.146026697292,0.701));
#5473 = DIRECTION('',(-1.,0.,0.));
#5474 = DIRECTION('',(0.,0.,1.));
#5475 = ADVANCED_FACE('',(#5476),#5494,.F.);
#5476 = FACE_BOUND('',#5477,.T.);
#5477 = EDGE_LOOP('',(#5478,#5479,#5487,#5493));
#5478 = ORIENTED_EDGE('',*,*,#983,.T.);
#5479 = ORIENTED_EDGE('',*,*,#5480,.F.);
#5480 = EDGE_CURVE('',#5481,#976,#5483,.T.);
#5481 = VERTEX_POINT('',#5482);
#5482 = CARTESIAN_POINT('',(0.197205158009,0.146026697292,0.701));
#5483 = LINE('',#5484,#5485);
#5484 = CARTESIAN_POINT('',(0.197205158009,0.146026697292,0.701));
#5485 = VECTOR('',#5486,1.);
#5486 = DIRECTION('',(0.,0.,-1.));
#5487 = ORIENTED_EDGE('',*,*,#5488,.F.);
#5488 = EDGE_CURVE('',#5457,#5481,#5489,.T.);
#5489 = LINE('',#5490,#5491);
#5490 = CARTESIAN_POINT('',(0.197205158009,0.146026697292,0.701));
#5491 = VECTOR('',#5492,1.);
#5492 = DIRECTION('',(-1.,0.,0.));
#5493 = ORIENTED_EDGE('',*,*,#5456,.T.);
#5494 = PLANE('',#5495);
#5495 = AXIS2_PLACEMENT_3D('',#5496,#5497,#5498);
#5496 = CARTESIAN_POINT('',(0.197205158009,0.146026697292,0.701));
#5497 = DIRECTION('',(0.,-1.,0.));
#5498 = DIRECTION('',(0.,0.,-1.));
#5499 = ADVANCED_FACE('',(#5500),#5518,.F.);
#5500 = FACE_BOUND('',#5501,.T.);
#5501 = EDGE_LOOP('',(#5502,#5503,#5511,#5517));
#5502 = ORIENTED_EDGE('',*,*,#975,.T.);
#5503 = ORIENTED_EDGE('',*,*,#5504,.F.);
#5504 = EDGE_CURVE('',#5505,#968,#5507,.T.);
#5505 = VERTEX_POINT('',#5506);
#5506 = CARTESIAN_POINT('',(0.197205158009,4.4338373076E-02,0.701));
#5507 = LINE('',#5508,#5509);
#5508 = CARTESIAN_POINT('',(0.197205158009,4.4338373076E-02,0.701));
#5509 = VECTOR('',#5510,1.);
#5510 = DIRECTION('',(0.,0.,-1.));
#5511 = ORIENTED_EDGE('',*,*,#5512,.F.);
#5512 = EDGE_CURVE('',#5481,#5505,#5513,.T.);
#5513 = LINE('',#5514,#5515);
#5514 = CARTESIAN_POINT('',(0.197205158009,4.4338373076E-02,0.701));
#5515 = VECTOR('',#5516,1.);
#5516 = DIRECTION('',(0.,-1.,0.));
#5517 = ORIENTED_EDGE('',*,*,#5480,.T.);
#5518 = PLANE('',#5519);
#5519 = AXIS2_PLACEMENT_3D('',#5520,#5521,#5522);
#5520 = CARTESIAN_POINT('',(0.197205158009,4.4338373076E-02,0.701));
#5521 = DIRECTION('',(1.,0.,0.));
#5522 = DIRECTION('',(0.,0.,-1.));
#5523 = ADVANCED_FACE('',(#5524),#5535,.F.);
#5524 = FACE_BOUND('',#5525,.T.);
#5525 = EDGE_LOOP('',(#5526,#5527,#5528,#5534));
#5526 = ORIENTED_EDGE('',*,*,#967,.T.);
#5527 = ORIENTED_EDGE('',*,*,#5273,.F.);
#5528 = ORIENTED_EDGE('',*,*,#5529,.F.);
#5529 = EDGE_CURVE('',#5505,#5266,#5530,.T.);
#5530 = LINE('',#5531,#5532);
#5531 = CARTESIAN_POINT('',(0.251896424407,4.4338373076E-02,0.701));
#5532 = VECTOR('',#5533,1.);
#5533 = DIRECTION('',(1.,0.,0.));
#5534 = ORIENTED_EDGE('',*,*,#5504,.T.);
#5535 = PLANE('',#5536);
#5536 = AXIS2_PLACEMENT_3D('',#5537,#5538,#5539);
#5537 = CARTESIAN_POINT('',(0.251896424407,4.4338373076E-02,0.701));
#5538 = DIRECTION('',(0.,1.,0.));
#5539 = DIRECTION('',(0.,-0.,1.));
#5540 = ADVANCED_FACE('',(#5541),#5555,.F.);
#5541 = FACE_BOUND('',#5542,.T.);
#5542 = EDGE_LOOP('',(#5543,#5544,#5545,#5546,#5547,#5548,#5549,#5550,
    #5551,#5552,#5553,#5554));
#5543 = ORIENTED_EDGE('',*,*,#5265,.T.);
#5544 = ORIENTED_EDGE('',*,*,#5296,.T.);
#5545 = ORIENTED_EDGE('',*,*,#5320,.T.);
#5546 = ORIENTED_EDGE('',*,*,#5344,.T.);
#5547 = ORIENTED_EDGE('',*,*,#5368,.T.);
#5548 = ORIENTED_EDGE('',*,*,#5392,.T.);
#5549 = ORIENTED_EDGE('',*,*,#5416,.T.);
#5550 = ORIENTED_EDGE('',*,*,#5440,.T.);
#5551 = ORIENTED_EDGE('',*,*,#5464,.T.);
#5552 = ORIENTED_EDGE('',*,*,#5488,.T.);
#5553 = ORIENTED_EDGE('',*,*,#5512,.T.);
#5554 = ORIENTED_EDGE('',*,*,#5529,.T.);
#5555 = PLANE('',#5556);
#5556 = AXIS2_PLACEMENT_3D('',#5557,#5558,#5559);
#5557 = CARTESIAN_POINT('',(0.,0.,0.701));
#5558 = DIRECTION('',(0.,0.,-1.));
#5559 = DIRECTION('',(-1.,0.,0.));
#5560 = ADVANCED_FACE('',(#5561,#5623),#5685,.T.);
#5561 = FACE_BOUND('',#5562,.T.);
#5562 = EDGE_LOOP('',(#5563,#5573,#5582,#5591,#5600,#5609,#5617));
#5563 = ORIENTED_EDGE('',*,*,#5564,.T.);
#5564 = EDGE_CURVE('',#5565,#5567,#5569,.T.);
#5565 = VERTEX_POINT('',#5566);
#5566 = CARTESIAN_POINT('',(0.271105951911,4.4338373076E-02,0.701));
#5567 = VERTEX_POINT('',#5568);
#5568 = CARTESIAN_POINT('',(0.29907543986,4.4338373076E-02,0.701));
#5569 = LINE('',#5570,#5571);
#5570 = CARTESIAN_POINT('',(0.29907543986,4.4338373076E-02,0.701));
#5571 = VECTOR('',#5572,1.);
#5572 = DIRECTION('',(1.,0.,0.));
#5573 = ORIENTED_EDGE('',*,*,#5574,.T.);
#5574 = EDGE_CURVE('',#5567,#5575,#5577,.T.);
#5575 = VERTEX_POINT('',#5576);
#5576 = CARTESIAN_POINT('',(0.338560246732,5.858305653E-02,0.701));
#5577 = B_SPLINE_CURVE_WITH_KNOTS('',3,(#5578,#5579,#5580,#5581),
  .UNSPECIFIED.,.F.,.F.,(4,4),(5.,6.),.PIECEWISE_BEZIER_KNOTS.);
#5578 = CARTESIAN_POINT('',(0.29907543986,4.4338373076E-02,0.701));
#5579 = CARTESIAN_POINT('',(0.315165693614,4.4338373076E-02,0.701));
#5580 = CARTESIAN_POINT('',(0.328344625204,4.9069271596E-02,0.701));
#5581 = CARTESIAN_POINT('',(0.338560246732,5.858305653E-02,0.701));
#5582 = ORIENTED_EDGE('',*,*,#5583,.T.);
#5583 = EDGE_CURVE('',#5575,#5584,#5586,.T.);
#5584 = VERTEX_POINT('',#5585);
#5585 = CARTESIAN_POINT('',(0.353896675997,9.648223258E-02,0.701));
#5586 = B_SPLINE_CURVE_WITH_KNOTS('',3,(#5587,#5588,#5589,#5590),
  .UNSPECIFIED.,.F.,.F.,(4,4),(4.,5.),.PIECEWISE_BEZIER_KNOTS.);
#5587 = CARTESIAN_POINT('',(0.338560246732,5.858305653E-02,0.701));
#5588 = CARTESIAN_POINT('',(0.34877586826,6.8096841464E-02,0.701));
#5589 = CARTESIAN_POINT('',(0.353896675997,8.0729900148E-02,0.701));
#5590 = CARTESIAN_POINT('',(0.353896675997,9.648223258E-02,0.701));
#5591 = ORIENTED_EDGE('',*,*,#5592,.T.);
#5592 = EDGE_CURVE('',#5584,#5593,#5595,.T.);
#5593 = VERTEX_POINT('',#5594);
#5594 = CARTESIAN_POINT('',(0.338560246732,0.132561832276,0.701));
#5595 = B_SPLINE_CURVE_WITH_KNOTS('',3,(#5596,#5597,#5598,#5599),
  .UNSPECIFIED.,.F.,.F.,(4,4),(3.,4.),.PIECEWISE_BEZIER_KNOTS.);
#5596 = CARTESIAN_POINT('',(0.353896675997,9.648223258E-02,0.701));
#5597 = CARTESIAN_POINT('',(0.353896675997,0.111558722366,0.701));
#5598 = CARTESIAN_POINT('',(0.34877586826,0.123567926299,0.701));
#5599 = CARTESIAN_POINT('',(0.338560246732,0.132561832276,0.701));
#5600 = ORIENTED_EDGE('',*,*,#5601,.T.);
#5601 = EDGE_CURVE('',#5593,#5602,#5604,.T.);
#5602 = VERTEX_POINT('',#5603);
#5603 = CARTESIAN_POINT('',(0.300115197776,0.146026697292,0.701));
#5604 = B_SPLINE_CURVE_WITH_KNOTS('',3,(#5605,#5606,#5607,#5608),
  .UNSPECIFIED.,.F.,.F.,(4,4),(2.,3.),.PIECEWISE_BEZIER_KNOTS.);
#5605 = CARTESIAN_POINT('',(0.338560246732,0.132561832276,0.701));
#5606 = CARTESIAN_POINT('',(0.328344625204,0.141555738252,0.701));
#5607 = CARTESIAN_POINT('',(0.315529608885,0.146026697292,0.701));
#5608 = CARTESIAN_POINT('',(0.300115197776,0.146026697292,0.701));
#5609 = ORIENTED_EDGE('',*,*,#5610,.T.);
#5610 = EDGE_CURVE('',#5602,#5611,#5613,.T.);
#5611 = VERTEX_POINT('',#5612);
#5612 = CARTESIAN_POINT('',(0.271105951911,0.146026697292,0.701));
#5613 = LINE('',#5614,#5615);
#5614 = CARTESIAN_POINT('',(0.271105951911,0.146026697292,0.701));
#5615 = VECTOR('',#5616,1.);
#5616 = DIRECTION('',(-1.,0.,0.));
#5617 = ORIENTED_EDGE('',*,*,#5618,.T.);
#5618 = EDGE_CURVE('',#5611,#5565,#5619,.T.);
#5619 = LINE('',#5620,#5621);
#5620 = CARTESIAN_POINT('',(0.271105951911,4.4338373076E-02,0.701));
#5621 = VECTOR('',#5622,1.);
#5622 = DIRECTION('',(0.,-1.,0.));
#5623 = FACE_BOUND('',#5624,.T.);
#5624 = EDGE_LOOP('',(#5625,#5635,#5643,#5652,#5661,#5670,#5679));
#5625 = ORIENTED_EDGE('',*,*,#5626,.F.);
#5626 = EDGE_CURVE('',#5627,#5629,#5631,.T.);
#5627 = VERTEX_POINT('',#5628);
#5628 = CARTESIAN_POINT('',(0.284232895605,0.134329420734,0.701));
#5629 = VERTEX_POINT('',#5630);
#5630 = CARTESIAN_POINT('',(0.284232895605,5.5931673843E-02,0.701));
#5631 = LINE('',#5632,#5633);
#5632 = CARTESIAN_POINT('',(0.284232895605,0.134329420734,0.701));
#5633 = VECTOR('',#5634,1.);
#5634 = DIRECTION('',(0.,-1.,0.));
#5635 = ORIENTED_EDGE('',*,*,#5636,.F.);
#5636 = EDGE_CURVE('',#5637,#5627,#5639,.T.);
#5637 = VERTEX_POINT('',#5638);
#5638 = CARTESIAN_POINT('',(0.299595318817,0.134329420734,0.701));
#5639 = LINE('',#5640,#5641);
#5640 = CARTESIAN_POINT('',(0.299595318817,0.134329420734,0.701));
#5641 = VECTOR('',#5642,1.);
#5642 = DIRECTION('',(-1.,0.,0.));
#5643 = ORIENTED_EDGE('',*,*,#5644,.F.);
#5644 = EDGE_CURVE('',#5645,#5637,#5647,.T.);
#5645 = VERTEX_POINT('',#5646);
#5646 = CARTESIAN_POINT('',(0.328942486006,0.124763647903,0.701));
#5647 = B_SPLINE_CURVE_WITH_KNOTS('',3,(#5648,#5649,#5650,#5651),
  .UNSPECIFIED.,.F.,.F.,(4,4),(5.,6.),.PIECEWISE_BEZIER_KNOTS.);
#5648 = CARTESIAN_POINT('',(0.328942486006,0.124763647903,0.701));
#5649 = CARTESIAN_POINT('',(0.321508216904,0.131158159089,0.701));
#5650 = CARTESIAN_POINT('',(0.311708498542,0.134329420734,0.701));
#5651 = CARTESIAN_POINT('',(0.299595318817,0.134329420734,0.701));
#5652 = ORIENTED_EDGE('',*,*,#5653,.F.);
#5653 = EDGE_CURVE('',#5654,#5645,#5656,.T.);
#5654 = VERTEX_POINT('',#5655);
#5655 = CARTESIAN_POINT('',(0.340093889659,9.6118317309E-02,0.701));
#5656 = B_SPLINE_CURVE_WITH_KNOTS('',3,(#5657,#5658,#5659,#5660),
  .UNSPECIFIED.,.F.,.F.,(4,4),(4.,5.),.PIECEWISE_BEZIER_KNOTS.);
#5657 = CARTESIAN_POINT('',(0.340093889659,9.6118317309E-02,0.701));
#5658 = CARTESIAN_POINT('',(0.340093889659,0.108803363888,0.701));
#5659 = CARTESIAN_POINT('',(0.336376755107,0.118369136718,0.701));
#5660 = CARTESIAN_POINT('',(0.328942486006,0.124763647903,0.701));
#5661 = ORIENTED_EDGE('',*,*,#5662,.F.);
#5662 = EDGE_CURVE('',#5663,#5654,#5665,.T.);
#5663 = VERTEX_POINT('',#5664);
#5664 = CARTESIAN_POINT('',(0.329228419433,6.6537204589E-02,0.701));
#5665 = B_SPLINE_CURVE_WITH_KNOTS('',3,(#5666,#5667,#5668,#5669),
  .UNSPECIFIED.,.F.,.F.,(4,4),(3.,4.),.PIECEWISE_BEZIER_KNOTS.);
#5666 = CARTESIAN_POINT('',(0.329228419433,6.6537204589E-02,0.701));
#5667 = CARTESIAN_POINT('',(0.3364807309,7.3555570525E-02,0.701));
#5668 = CARTESIAN_POINT('',(0.340093889659,8.343327073E-02,0.701));
#5669 = CARTESIAN_POINT('',(0.340093889659,9.6118317309E-02,0.701));
#5670 = ORIENTED_EDGE('',*,*,#5671,.F.);
#5671 = EDGE_CURVE('',#5672,#5663,#5674,.T.);
#5672 = VERTEX_POINT('',#5673);
#5673 = CARTESIAN_POINT('',(0.298997458016,5.5931673843E-02,0.701));
#5674 = B_SPLINE_CURVE_WITH_KNOTS('',3,(#5675,#5676,#5677,#5678),
  .UNSPECIFIED.,.F.,.F.,(4,4),(2.,3.),.PIECEWISE_BEZIER_KNOTS.);
#5675 = CARTESIAN_POINT('',(0.298997458016,5.5931673843E-02,0.701));
#5676 = CARTESIAN_POINT('',(0.311916450126,5.5931673843E-02,0.701));
#5677 = CARTESIAN_POINT('',(0.322002101915,5.9466850759E-02,0.701));
#5678 = CARTESIAN_POINT('',(0.329228419433,6.6537204589E-02,0.701));
#5679 = ORIENTED_EDGE('',*,*,#5680,.F.);
#5680 = EDGE_CURVE('',#5629,#5672,#5681,.T.);
#5681 = LINE('',#5682,#5683);
#5682 = CARTESIAN_POINT('',(0.284232895605,5.5931673843E-02,0.701));
#5683 = VECTOR('',#5684,1.);
#5684 = DIRECTION('',(1.,0.,0.));
#5685 = PLANE('',#5686);
#5686 = AXIS2_PLACEMENT_3D('',#5687,#5688,#5689);
#5687 = CARTESIAN_POINT('',(0.321287268347,0.142666979525,0.701));
#5688 = DIRECTION('',(0.,0.,1.));
#5689 = DIRECTION('',(1.,0.,-0.));
#5690 = ADVANCED_FACE('',(#5691),#5707,.F.);
#5691 = FACE_BOUND('',#5692,.T.);
#5692 = EDGE_LOOP('',(#5693,#5694,#5700,#5701));
#5693 = ORIENTED_EDGE('',*,*,#652,.T.);
#5694 = ORIENTED_EDGE('',*,*,#5695,.F.);
#5695 = EDGE_CURVE('',#5567,#642,#5696,.T.);
#5696 = LINE('',#5697,#5698);
#5697 = CARTESIAN_POINT('',(0.29907543986,4.4338373076E-02,0.701));
#5698 = VECTOR('',#5699,1.);
#5699 = DIRECTION('',(0.,0.,-1.));
#5700 = ORIENTED_EDGE('',*,*,#5564,.F.);
#5701 = ORIENTED_EDGE('',*,*,#5702,.T.);
#5702 = EDGE_CURVE('',#5565,#653,#5703,.T.);
#5703 = LINE('',#5704,#5705);
#5704 = CARTESIAN_POINT('',(0.271105951911,4.4338373076E-02,0.701));
#5705 = VECTOR('',#5706,1.);
#5706 = DIRECTION('',(0.,0.,-1.));
#5707 = PLANE('',#5708);
#5708 = AXIS2_PLACEMENT_3D('',#5709,#5710,#5711);
#5709 = CARTESIAN_POINT('',(0.29907543986,4.4338373076E-02,0.701));
#5710 = DIRECTION('',(0.,1.,0.));
#5711 = DIRECTION('',(0.,-0.,1.));
#5712 = ADVANCED_FACE('',(#5713),#5724,.F.);
#5713 = FACE_BOUND('',#5714,.F.);
#5714 = EDGE_LOOP('',(#5715,#5716,#5717,#5723));
#5715 = ORIENTED_EDGE('',*,*,#5695,.F.);
#5716 = ORIENTED_EDGE('',*,*,#5574,.T.);
#5717 = ORIENTED_EDGE('',*,*,#5718,.T.);
#5718 = EDGE_CURVE('',#5575,#644,#5719,.T.);
#5719 = LINE('',#5720,#5721);
#5720 = CARTESIAN_POINT('',(0.338560246732,5.858305653E-02,0.701));
#5721 = VECTOR('',#5722,1.);
#5722 = DIRECTION('',(0.,0.,-1.));
#5723 = ORIENTED_EDGE('',*,*,#641,.F.);
#5724 = B_SPLINE_SURFACE_WITH_KNOTS('',3,1,(
    (#5725,#5726)
    ,(#5727,#5728)
    ,(#5729,#5730)
    ,(#5731,#5732
    )),.UNSPECIFIED.,.F.,.F.,.F.,(4,4),(2,2),(5.,6.),(0.,1.),
  .PIECEWISE_BEZIER_KNOTS.);
#5725 = CARTESIAN_POINT('',(0.29907543986,4.4338373076E-02,0.701));
#5726 = CARTESIAN_POINT('',(0.29907543986,4.4338373076E-02,
    0.699999999999));
#5727 = CARTESIAN_POINT('',(0.315165693614,4.4338373076E-02,0.701));
#5728 = CARTESIAN_POINT('',(0.315165693614,4.4338373076E-02,
    0.699999999999));
#5729 = CARTESIAN_POINT('',(0.328344625204,4.9069271596E-02,0.701));
#5730 = CARTESIAN_POINT('',(0.328344625204,4.9069271596E-02,
    0.699999999999));
#5731 = CARTESIAN_POINT('',(0.338560246732,5.858305653E-02,0.701));
#5732 = CARTESIAN_POINT('',(0.338560246732,5.858305653E-02,
    0.699999999999));
#5733 = ADVANCED_FACE('',(#5734),#5745,.F.);
#5734 = FACE_BOUND('',#5735,.F.);
#5735 = EDGE_LOOP('',(#5736,#5737,#5738,#5744));
#5736 = ORIENTED_EDGE('',*,*,#5718,.F.);
#5737 = ORIENTED_EDGE('',*,*,#5583,.T.);
#5738 = ORIENTED_EDGE('',*,*,#5739,.T.);
#5739 = EDGE_CURVE('',#5584,#686,#5740,.T.);
#5740 = LINE('',#5741,#5742);
#5741 = CARTESIAN_POINT('',(0.353896675997,9.648223258E-02,0.701));
#5742 = VECTOR('',#5743,1.);
#5743 = DIRECTION('',(0.,0.,-1.));
#5744 = ORIENTED_EDGE('',*,*,#694,.F.);
#5745 = B_SPLINE_SURFACE_WITH_KNOTS('',3,1,(
    (#5746,#5747)
    ,(#5748,#5749)
    ,(#5750,#5751)
    ,(#5752,#5753
    )),.UNSPECIFIED.,.F.,.F.,.F.,(4,4),(2,2),(4.,5.),(0.,1.),
  .PIECEWISE_BEZIER_KNOTS.);
#5746 = CARTESIAN_POINT('',(0.338560246732,5.858305653E-02,0.701));
#5747 = CARTESIAN_POINT('',(0.338560246732,5.858305653E-02,
    0.699999999999));
#5748 = CARTESIAN_POINT('',(0.34877586826,6.8096841464E-02,0.701));
#5749 = CARTESIAN_POINT('',(0.34877586826,6.8096841464E-02,
    0.699999999999));
#5750 = CARTESIAN_POINT('',(0.353896675997,8.0729900148E-02,0.701));
#5751 = CARTESIAN_POINT('',(0.353896675997,8.0729900148E-02,
    0.699999999999));
#5752 = CARTESIAN_POINT('',(0.353896675997,9.648223258E-02,0.701));
#5753 = CARTESIAN_POINT('',(0.353896675997,9.648223258E-02,
    0.699999999999));
#5754 = ADVANCED_FACE('',(#5755),#5766,.F.);
#5755 = FACE_BOUND('',#5756,.F.);
#5756 = EDGE_LOOP('',(#5757,#5758,#5759,#5765));
#5757 = ORIENTED_EDGE('',*,*,#5739,.F.);
#5758 = ORIENTED_EDGE('',*,*,#5592,.T.);
#5759 = ORIENTED_EDGE('',*,*,#5760,.T.);
#5760 = EDGE_CURVE('',#5593,#677,#5761,.T.);
#5761 = LINE('',#5762,#5763);
#5762 = CARTESIAN_POINT('',(0.338560246732,0.132561832276,0.701));
#5763 = VECTOR('',#5764,1.);
#5764 = DIRECTION('',(0.,0.,-1.));
#5765 = ORIENTED_EDGE('',*,*,#685,.F.);
#5766 = B_SPLINE_SURFACE_WITH_KNOTS('',3,1,(
    (#5767,#5768)
    ,(#5769,#5770)
    ,(#5771,#5772)
    ,(#5773,#5774
    )),.UNSPECIFIED.,.F.,.F.,.F.,(4,4),(2,2),(3.,4.),(0.,1.),
  .PIECEWISE_BEZIER_KNOTS.);
#5767 = CARTESIAN_POINT('',(0.353896675997,9.648223258E-02,0.701));
#5768 = CARTESIAN_POINT('',(0.353896675997,9.648223258E-02,
    0.699999999999));
#5769 = CARTESIAN_POINT('',(0.353896675997,0.111558722366,0.701));
#5770 = CARTESIAN_POINT('',(0.353896675997,0.111558722366,0.699999999999
    ));
#5771 = CARTESIAN_POINT('',(0.34877586826,0.123567926299,0.701));
#5772 = CARTESIAN_POINT('',(0.34877586826,0.123567926299,0.699999999999)
  );
#5773 = CARTESIAN_POINT('',(0.338560246732,0.132561832276,0.701));
#5774 = CARTESIAN_POINT('',(0.338560246732,0.132561832276,0.699999999999
    ));
#5775 = ADVANCED_FACE('',(#5776),#5787,.F.);
#5776 = FACE_BOUND('',#5777,.F.);
#5777 = EDGE_LOOP('',(#5778,#5779,#5780,#5786));
#5778 = ORIENTED_EDGE('',*,*,#5760,.F.);
#5779 = ORIENTED_EDGE('',*,*,#5601,.T.);
#5780 = ORIENTED_EDGE('',*,*,#5781,.T.);
#5781 = EDGE_CURVE('',#5602,#669,#5782,.T.);
#5782 = LINE('',#5783,#5784);
#5783 = CARTESIAN_POINT('',(0.300115197776,0.146026697292,0.701));
#5784 = VECTOR('',#5785,1.);
#5785 = DIRECTION('',(0.,0.,-1.));
#5786 = ORIENTED_EDGE('',*,*,#676,.F.);
#5787 = B_SPLINE_SURFACE_WITH_KNOTS('',3,1,(
    (#5788,#5789)
    ,(#5790,#5791)
    ,(#5792,#5793)
    ,(#5794,#5795
    )),.UNSPECIFIED.,.F.,.F.,.F.,(4,4),(2,2),(2.,3.),(0.,1.),
  .PIECEWISE_BEZIER_KNOTS.);
#5788 = CARTESIAN_POINT('',(0.338560246732,0.132561832276,0.701));
#5789 = CARTESIAN_POINT('',(0.338560246732,0.132561832276,0.699999999999
    ));
#5790 = CARTESIAN_POINT('',(0.328344625204,0.141555738252,0.701));
#5791 = CARTESIAN_POINT('',(0.328344625204,0.141555738252,0.699999999999
    ));
#5792 = CARTESIAN_POINT('',(0.315529608885,0.146026697292,0.701));
#5793 = CARTESIAN_POINT('',(0.315529608885,0.146026697292,0.699999999999
    ));
#5794 = CARTESIAN_POINT('',(0.300115197776,0.146026697292,0.701));
#5795 = CARTESIAN_POINT('',(0.300115197776,0.146026697292,0.699999999999
    ));
#5796 = ADVANCED_FACE('',(#5797),#5808,.F.);
#5797 = FACE_BOUND('',#5798,.T.);
#5798 = EDGE_LOOP('',(#5799,#5800,#5806,#5807));
#5799 = ORIENTED_EDGE('',*,*,#668,.T.);
#5800 = ORIENTED_EDGE('',*,*,#5801,.F.);
#5801 = EDGE_CURVE('',#5611,#661,#5802,.T.);
#5802 = LINE('',#5803,#5804);
#5803 = CARTESIAN_POINT('',(0.271105951911,0.146026697292,0.701));
#5804 = VECTOR('',#5805,1.);
#5805 = DIRECTION('',(0.,0.,-1.));
#5806 = ORIENTED_EDGE('',*,*,#5610,.F.);
#5807 = ORIENTED_EDGE('',*,*,#5781,.T.);
#5808 = PLANE('',#5809);
#5809 = AXIS2_PLACEMENT_3D('',#5810,#5811,#5812);
#5810 = CARTESIAN_POINT('',(0.271105951911,0.146026697292,0.701));
#5811 = DIRECTION('',(0.,-1.,0.));
#5812 = DIRECTION('',(0.,0.,-1.));
#5813 = ADVANCED_FACE('',(#5814),#5820,.F.);
#5814 = FACE_BOUND('',#5815,.T.);
#5815 = EDGE_LOOP('',(#5816,#5817,#5818,#5819));
#5816 = ORIENTED_EDGE('',*,*,#660,.T.);
#5817 = ORIENTED_EDGE('',*,*,#5702,.F.);
#5818 = ORIENTED_EDGE('',*,*,#5618,.F.);
#5819 = ORIENTED_EDGE('',*,*,#5801,.T.);
#5820 = PLANE('',#5821);
#5821 = AXIS2_PLACEMENT_3D('',#5822,#5823,#5824);
#5822 = CARTESIAN_POINT('',(0.271105951911,4.4338373076E-02,0.701));
#5823 = DIRECTION('',(1.,0.,0.));
#5824 = DIRECTION('',(0.,0.,-1.));
#5825 = ADVANCED_FACE('',(#5826),#5851,.T.);
#5826 = FACE_BOUND('',#5827,.T.);
#5827 = EDGE_LOOP('',(#5828,#5838,#5844,#5845));
#5828 = ORIENTED_EDGE('',*,*,#5829,.F.);
#5829 = EDGE_CURVE('',#5830,#5832,#5834,.T.);
#5830 = VERTEX_POINT('',#5831);
#5831 = CARTESIAN_POINT('',(0.299595318817,0.134329420734,0.699999999999
    ));
#5832 = VERTEX_POINT('',#5833);
#5833 = CARTESIAN_POINT('',(0.284232895605,0.134329420734,0.699999999999
    ));
#5834 = LINE('',#5835,#5836);
#5835 = CARTESIAN_POINT('',(0.299595318817,0.134329420734,0.699999999999
    ));
#5836 = VECTOR('',#5837,1.);
#5837 = DIRECTION('',(-1.,0.,0.));
#5838 = ORIENTED_EDGE('',*,*,#5839,.F.);
#5839 = EDGE_CURVE('',#5637,#5830,#5840,.T.);
#5840 = LINE('',#5841,#5842);
#5841 = CARTESIAN_POINT('',(0.299595318817,0.134329420734,0.701));
#5842 = VECTOR('',#5843,1.);
#5843 = DIRECTION('',(0.,0.,-1.));
#5844 = ORIENTED_EDGE('',*,*,#5636,.T.);
#5845 = ORIENTED_EDGE('',*,*,#5846,.T.);
#5846 = EDGE_CURVE('',#5627,#5832,#5847,.T.);
#5847 = LINE('',#5848,#5849);
#5848 = CARTESIAN_POINT('',(0.284232895605,0.134329420734,0.701));
#5849 = VECTOR('',#5850,1.);
#5850 = DIRECTION('',(0.,0.,-1.));
#5851 = PLANE('',#5852);
#5852 = AXIS2_PLACEMENT_3D('',#5853,#5854,#5855);
#5853 = CARTESIAN_POINT('',(0.299595318817,0.134329420734,0.701));
#5854 = DIRECTION('',(0.,-1.,0.));
#5855 = DIRECTION('',(0.,0.,-1.));
#5856 = ADVANCED_FACE('',(#5857),#5875,.T.);
#5857 = FACE_BOUND('',#5858,.T.);
#5858 = EDGE_LOOP('',(#5859,#5867,#5868,#5869));
#5859 = ORIENTED_EDGE('',*,*,#5860,.F.);
#5860 = EDGE_CURVE('',#5832,#5861,#5863,.T.);
#5861 = VERTEX_POINT('',#5862);
#5862 = CARTESIAN_POINT('',(0.284232895605,5.5931673843E-02,
    0.699999999999));
#5863 = LINE('',#5864,#5865);
#5864 = CARTESIAN_POINT('',(0.284232895605,0.134329420734,0.699999999999
    ));
#5865 = VECTOR('',#5866,1.);
#5866 = DIRECTION('',(0.,-1.,0.));
#5867 = ORIENTED_EDGE('',*,*,#5846,.F.);
#5868 = ORIENTED_EDGE('',*,*,#5626,.T.);
#5869 = ORIENTED_EDGE('',*,*,#5870,.T.);
#5870 = EDGE_CURVE('',#5629,#5861,#5871,.T.);
#5871 = LINE('',#5872,#5873);
#5872 = CARTESIAN_POINT('',(0.284232895605,5.5931673843E-02,0.701));
#5873 = VECTOR('',#5874,1.);
#5874 = DIRECTION('',(0.,0.,-1.));
#5875 = PLANE('',#5876);
#5876 = AXIS2_PLACEMENT_3D('',#5877,#5878,#5879);
#5877 = CARTESIAN_POINT('',(0.284232895605,0.134329420734,0.701));
#5878 = DIRECTION('',(1.,0.,0.));
#5879 = DIRECTION('',(0.,0.,-1.));
#5880 = ADVANCED_FACE('',(#5881),#5899,.T.);
#5881 = FACE_BOUND('',#5882,.T.);
#5882 = EDGE_LOOP('',(#5883,#5891,#5892,#5893));
#5883 = ORIENTED_EDGE('',*,*,#5884,.F.);
#5884 = EDGE_CURVE('',#5861,#5885,#5887,.T.);
#5885 = VERTEX_POINT('',#5886);
#5886 = CARTESIAN_POINT('',(0.298997458016,5.5931673843E-02,
    0.699999999999));
#5887 = LINE('',#5888,#5889);
#5888 = CARTESIAN_POINT('',(0.284232895605,5.5931673843E-02,
    0.699999999999));
#5889 = VECTOR('',#5890,1.);
#5890 = DIRECTION('',(1.,0.,0.));
#5891 = ORIENTED_EDGE('',*,*,#5870,.F.);
#5892 = ORIENTED_EDGE('',*,*,#5680,.T.);
#5893 = ORIENTED_EDGE('',*,*,#5894,.T.);
#5894 = EDGE_CURVE('',#5672,#5885,#5895,.T.);
#5895 = LINE('',#5896,#5897);
#5896 = CARTESIAN_POINT('',(0.298997458016,5.5931673843E-02,0.701));
#5897 = VECTOR('',#5898,1.);
#5898 = DIRECTION('',(0.,0.,-1.));
#5899 = PLANE('',#5900);
#5900 = AXIS2_PLACEMENT_3D('',#5901,#5902,#5903);
#5901 = CARTESIAN_POINT('',(0.284232895605,5.5931673843E-02,0.701));
#5902 = DIRECTION('',(0.,1.,0.));
#5903 = DIRECTION('',(0.,-0.,1.));
#5904 = ADVANCED_FACE('',(#5905),#5924,.T.);
#5905 = FACE_BOUND('',#5906,.T.);
#5906 = EDGE_LOOP('',(#5907,#5916,#5917,#5918));
#5907 = ORIENTED_EDGE('',*,*,#5908,.F.);
#5908 = EDGE_CURVE('',#5885,#5909,#5911,.T.);
#5909 = VERTEX_POINT('',#5910);
#5910 = CARTESIAN_POINT('',(0.329228419433,6.6537204589E-02,
    0.699999999999));
#5911 = B_SPLINE_CURVE_WITH_KNOTS('',3,(#5912,#5913,#5914,#5915),
  .UNSPECIFIED.,.F.,.F.,(4,4),(2.,3.),.PIECEWISE_BEZIER_KNOTS.);
#5912 = CARTESIAN_POINT('',(0.298997458016,5.5931673843E-02,
    0.699999999999));
#5913 = CARTESIAN_POINT('',(0.311916450126,5.5931673843E-02,
    0.699999999999));
#5914 = CARTESIAN_POINT('',(0.322002101915,5.9466850759E-02,
    0.699999999999));
#5915 = CARTESIAN_POINT('',(0.329228419433,6.6537204589E-02,
    0.699999999999));
#5916 = ORIENTED_EDGE('',*,*,#5894,.F.);
#5917 = ORIENTED_EDGE('',*,*,#5671,.T.);
#5918 = ORIENTED_EDGE('',*,*,#5919,.T.);
#5919 = EDGE_CURVE('',#5663,#5909,#5920,.T.);
#5920 = LINE('',#5921,#5922);
#5921 = CARTESIAN_POINT('',(0.329228419433,6.6537204589E-02,0.701));
#5922 = VECTOR('',#5923,1.);
#5923 = DIRECTION('',(0.,0.,-1.));
#5924 = B_SPLINE_SURFACE_WITH_KNOTS('',3,1,(
    (#5925,#5926)
    ,(#5927,#5928)
    ,(#5929,#5930)
    ,(#5931,#5932
    )),.UNSPECIFIED.,.F.,.F.,.F.,(4,4),(2,2),(2.,3.),(0.,1.),
  .PIECEWISE_BEZIER_KNOTS.);
#5925 = CARTESIAN_POINT('',(0.298997458016,5.5931673843E-02,0.701));
#5926 = CARTESIAN_POINT('',(0.298997458016,5.5931673843E-02,
    0.699999999999));
#5927 = CARTESIAN_POINT('',(0.311916450126,5.5931673843E-02,0.701));
#5928 = CARTESIAN_POINT('',(0.311916450126,5.5931673843E-02,
    0.699999999999));
#5929 = CARTESIAN_POINT('',(0.322002101915,5.9466850759E-02,0.701));
#5930 = CARTESIAN_POINT('',(0.322002101915,5.9466850759E-02,
    0.699999999999));
#5931 = CARTESIAN_POINT('',(0.329228419433,6.6537204589E-02,0.701));
#5932 = CARTESIAN_POINT('',(0.329228419433,6.6537204589E-02,
    0.699999999999));
#5933 = ADVANCED_FACE('',(#5934),#5953,.T.);
#5934 = FACE_BOUND('',#5935,.T.);
#5935 = EDGE_LOOP('',(#5936,#5945,#5946,#5947));
#5936 = ORIENTED_EDGE('',*,*,#5937,.F.);
#5937 = EDGE_CURVE('',#5909,#5938,#5940,.T.);
#5938 = VERTEX_POINT('',#5939);
#5939 = CARTESIAN_POINT('',(0.340093889659,9.6118317309E-02,
    0.699999999999));
#5940 = B_SPLINE_CURVE_WITH_KNOTS('',3,(#5941,#5942,#5943,#5944),
  .UNSPECIFIED.,.F.,.F.,(4,4),(3.,4.),.PIECEWISE_BEZIER_KNOTS.);
#5941 = CARTESIAN_POINT('',(0.329228419433,6.6537204589E-02,
    0.699999999999));
#5942 = CARTESIAN_POINT('',(0.3364807309,7.3555570525E-02,0.699999999999
    ));
#5943 = CARTESIAN_POINT('',(0.340093889659,8.343327073E-02,
    0.699999999999));
#5944 = CARTESIAN_POINT('',(0.340093889659,9.6118317309E-02,
    0.699999999999));
#5945 = ORIENTED_EDGE('',*,*,#5919,.F.);
#5946 = ORIENTED_EDGE('',*,*,#5662,.T.);
#5947 = ORIENTED_EDGE('',*,*,#5948,.T.);
#5948 = EDGE_CURVE('',#5654,#5938,#5949,.T.);
#5949 = LINE('',#5950,#5951);
#5950 = CARTESIAN_POINT('',(0.340093889659,9.6118317309E-02,0.701));
#5951 = VECTOR('',#5952,1.);
#5952 = DIRECTION('',(0.,0.,-1.));
#5953 = B_SPLINE_SURFACE_WITH_KNOTS('',3,1,(
    (#5954,#5955)
    ,(#5956,#5957)
    ,(#5958,#5959)
    ,(#5960,#5961
    )),.UNSPECIFIED.,.F.,.F.,.F.,(4,4),(2,2),(3.,4.),(0.,1.),
  .PIECEWISE_BEZIER_KNOTS.);
#5954 = CARTESIAN_POINT('',(0.329228419433,6.6537204589E-02,0.701));
#5955 = CARTESIAN_POINT('',(0.329228419433,6.6537204589E-02,
    0.699999999999));
#5956 = CARTESIAN_POINT('',(0.3364807309,7.3555570525E-02,0.701));
#5957 = CARTESIAN_POINT('',(0.3364807309,7.3555570525E-02,0.699999999999
    ));
#5958 = CARTESIAN_POINT('',(0.340093889659,8.343327073E-02,0.701));
#5959 = CARTESIAN_POINT('',(0.340093889659,8.343327073E-02,
    0.699999999999));
#5960 = CARTESIAN_POINT('',(0.340093889659,9.6118317309E-02,0.701));
#5961 = CARTESIAN_POINT('',(0.340093889659,9.6118317309E-02,
    0.699999999999));
#5962 = ADVANCED_FACE('',(#5963),#5982,.T.);
#5963 = FACE_BOUND('',#5964,.T.);
#5964 = EDGE_LOOP('',(#5965,#5974,#5975,#5976));
#5965 = ORIENTED_EDGE('',*,*,#5966,.F.);
#5966 = EDGE_CURVE('',#5938,#5967,#5969,.T.);
#5967 = VERTEX_POINT('',#5968);
#5968 = CARTESIAN_POINT('',(0.328942486006,0.124763647903,0.699999999999
    ));
#5969 = B_SPLINE_CURVE_WITH_KNOTS('',3,(#5970,#5971,#5972,#5973),
  .UNSPECIFIED.,.F.,.F.,(4,4),(4.,5.),.PIECEWISE_BEZIER_KNOTS.);
#5970 = CARTESIAN_POINT('',(0.340093889659,9.6118317309E-02,
    0.699999999999));
#5971 = CARTESIAN_POINT('',(0.340093889659,0.108803363888,0.699999999999
    ));
#5972 = CARTESIAN_POINT('',(0.336376755107,0.118369136718,0.699999999999
    ));
#5973 = CARTESIAN_POINT('',(0.328942486006,0.124763647903,0.699999999999
    ));
#5974 = ORIENTED_EDGE('',*,*,#5948,.F.);
#5975 = ORIENTED_EDGE('',*,*,#5653,.T.);
#5976 = ORIENTED_EDGE('',*,*,#5977,.T.);
#5977 = EDGE_CURVE('',#5645,#5967,#5978,.T.);
#5978 = LINE('',#5979,#5980);
#5979 = CARTESIAN_POINT('',(0.328942486006,0.124763647903,0.701));
#5980 = VECTOR('',#5981,1.);
#5981 = DIRECTION('',(0.,0.,-1.));
#5982 = B_SPLINE_SURFACE_WITH_KNOTS('',3,1,(
    (#5983,#5984)
    ,(#5985,#5986)
    ,(#5987,#5988)
    ,(#5989,#5990
    )),.UNSPECIFIED.,.F.,.F.,.F.,(4,4),(2,2),(4.,5.),(0.,1.),
  .PIECEWISE_BEZIER_KNOTS.);
#5983 = CARTESIAN_POINT('',(0.340093889659,9.6118317309E-02,0.701));
#5984 = CARTESIAN_POINT('',(0.340093889659,9.6118317309E-02,
    0.699999999999));
#5985 = CARTESIAN_POINT('',(0.340093889659,0.108803363888,0.701));
#5986 = CARTESIAN_POINT('',(0.340093889659,0.108803363888,0.699999999999
    ));
#5987 = CARTESIAN_POINT('',(0.336376755107,0.118369136718,0.701));
#5988 = CARTESIAN_POINT('',(0.336376755107,0.118369136718,0.699999999999
    ));
#5989 = CARTESIAN_POINT('',(0.328942486006,0.124763647903,0.701));
#5990 = CARTESIAN_POINT('',(0.328942486006,0.124763647903,0.699999999999
    ));
#5991 = ADVANCED_FACE('',(#5992),#6004,.T.);
#5992 = FACE_BOUND('',#5993,.T.);
#5993 = EDGE_LOOP('',(#5994,#6001,#6002,#6003));
#5994 = ORIENTED_EDGE('',*,*,#5995,.F.);
#5995 = EDGE_CURVE('',#5967,#5830,#5996,.T.);
#5996 = B_SPLINE_CURVE_WITH_KNOTS('',3,(#5997,#5998,#5999,#6000),
  .UNSPECIFIED.,.F.,.F.,(4,4),(5.,6.),.PIECEWISE_BEZIER_KNOTS.);
#5997 = CARTESIAN_POINT('',(0.328942486006,0.124763647903,0.699999999999
    ));
#5998 = CARTESIAN_POINT('',(0.321508216904,0.131158159089,0.699999999999
    ));
#5999 = CARTESIAN_POINT('',(0.311708498542,0.134329420734,0.699999999999
    ));
#6000 = CARTESIAN_POINT('',(0.299595318817,0.134329420734,0.699999999999
    ));
#6001 = ORIENTED_EDGE('',*,*,#5977,.F.);
#6002 = ORIENTED_EDGE('',*,*,#5644,.T.);
#6003 = ORIENTED_EDGE('',*,*,#5839,.T.);
#6004 = B_SPLINE_SURFACE_WITH_KNOTS('',3,1,(
    (#6005,#6006)
    ,(#6007,#6008)
    ,(#6009,#6010)
    ,(#6011,#6012
    )),.UNSPECIFIED.,.F.,.F.,.F.,(4,4),(2,2),(5.,6.),(0.,1.),
  .PIECEWISE_BEZIER_KNOTS.);
#6005 = CARTESIAN_POINT('',(0.328942486006,0.124763647903,0.701));
#6006 = CARTESIAN_POINT('',(0.328942486006,0.124763647903,0.699999999999
    ));
#6007 = CARTESIAN_POINT('',(0.321508216904,0.131158159089,0.701));
#6008 = CARTESIAN_POINT('',(0.321508216904,0.131158159089,0.699999999999
    ));
#6009 = CARTESIAN_POINT('',(0.311708498542,0.134329420734,0.701));
#6010 = CARTESIAN_POINT('',(0.311708498542,0.134329420734,0.699999999999
    ));
#6011 = CARTESIAN_POINT('',(0.299595318817,0.134329420734,0.701));
#6012 = CARTESIAN_POINT('',(0.299595318817,0.134329420734,0.699999999999
    ));
#6013 = ADVANCED_FACE('',(#6014),#6023,.T.);
#6014 = FACE_BOUND('',#6015,.T.);
#6015 = EDGE_LOOP('',(#6016,#6017,#6018,#6019,#6020,#6021,#6022));
#6016 = ORIENTED_EDGE('',*,*,#5829,.T.);
#6017 = ORIENTED_EDGE('',*,*,#5860,.T.);
#6018 = ORIENTED_EDGE('',*,*,#5884,.T.);
#6019 = ORIENTED_EDGE('',*,*,#5908,.T.);
#6020 = ORIENTED_EDGE('',*,*,#5937,.T.);
#6021 = ORIENTED_EDGE('',*,*,#5966,.T.);
#6022 = ORIENTED_EDGE('',*,*,#5995,.T.);
#6023 = PLANE('',#6024);
#6024 = AXIS2_PLACEMENT_3D('',#6025,#6026,#6027);
#6025 = CARTESIAN_POINT('',(1.325,-0.974999999999,0.699999999999));
#6026 = DIRECTION('',(0.,0.,1.));
#6027 = DIRECTION('',(1.,0.,-0.));
#6028 = ADVANCED_FACE('',(#6029,#6095),#6147,.F.);
#6029 = FACE_BOUND('',#6030,.T.);
#6030 = EDGE_LOOP('',(#6031,#6041,#6049,#6057,#6065,#6073,#6081,#6089));
#6031 = ORIENTED_EDGE('',*,*,#6032,.T.);
#6032 = EDGE_CURVE('',#6033,#6035,#6037,.T.);
#6033 = VERTEX_POINT('',#6034);
#6034 = CARTESIAN_POINT('',(0.45103605933,4.4338373076E-02,0.701));
#6035 = VERTEX_POINT('',#6036);
#6036 = CARTESIAN_POINT('',(0.412305076947,0.146026697292,0.701));
#6037 = LINE('',#6038,#6039);
#6038 = CARTESIAN_POINT('',(0.412305076947,0.146026697292,0.701));
#6039 = VECTOR('',#6040,1.);
#6040 = DIRECTION('',(-0.355935724369,0.934510438742,0.));
#6041 = ORIENTED_EDGE('',*,*,#6042,.T.);
#6042 = EDGE_CURVE('',#6035,#6043,#6045,.T.);
#6043 = VERTEX_POINT('',#6044);
#6044 = CARTESIAN_POINT('',(0.398268345076,0.146026697292,0.701));
#6045 = LINE('',#6046,#6047);
#6046 = CARTESIAN_POINT('',(0.398268345076,0.146026697292,0.701));
#6047 = VECTOR('',#6048,1.);
#6048 = DIRECTION('',(-1.,0.,0.));
#6049 = ORIENTED_EDGE('',*,*,#6050,.T.);
#6050 = EDGE_CURVE('',#6043,#6051,#6053,.T.);
#6051 = VERTEX_POINT('',#6052);
#6052 = CARTESIAN_POINT('',(0.359537362694,4.4338373076E-02,0.701));
#6053 = LINE('',#6054,#6055);
#6054 = CARTESIAN_POINT('',(0.359537362694,4.4338373076E-02,0.701));
#6055 = VECTOR('',#6056,1.);
#6056 = DIRECTION('',(-0.355935724364,-0.934510438744,0.));
#6057 = ORIENTED_EDGE('',*,*,#6058,.T.);
#6058 = EDGE_CURVE('',#6051,#6059,#6061,.T.);
#6059 = VERTEX_POINT('',#6060);
#6060 = CARTESIAN_POINT('',(0.374041985626,4.4338373076E-02,0.701));
#6061 = LINE('',#6062,#6063);
#6062 = CARTESIAN_POINT('',(0.374041985626,4.4338373076E-02,0.701));
#6063 = VECTOR('',#6064,1.);
#6064 = DIRECTION('',(1.,0.,0.));
#6065 = ORIENTED_EDGE('',*,*,#6066,.T.);
#6066 = EDGE_CURVE('',#6059,#6067,#6069,.T.);
#6067 = VERTEX_POINT('',#6068);
#6068 = CARTESIAN_POINT('',(0.383815710039,7.2151897338E-02,0.701));
#6069 = LINE('',#6070,#6071);
#6070 = CARTESIAN_POINT('',(0.383815710039,7.2151897338E-02,0.701));
#6071 = VECTOR('',#6072,1.);
#6072 = DIRECTION('',(0.33152841835,0.943445233083,0.));
#6073 = ORIENTED_EDGE('',*,*,#6074,.T.);
#6074 = EDGE_CURVE('',#6067,#6075,#6077,.T.);
#6075 = VERTEX_POINT('',#6076);
#6076 = CARTESIAN_POINT('',(0.426159851182,7.2151897338E-02,0.701));
#6077 = LINE('',#6078,#6079);
#6078 = CARTESIAN_POINT('',(0.426159851182,7.2151897338E-02,0.701));
#6079 = VECTOR('',#6080,1.);
#6080 = DIRECTION('',(1.,0.,0.));
#6081 = ORIENTED_EDGE('',*,*,#6082,.T.);
#6082 = EDGE_CURVE('',#6075,#6083,#6085,.T.);
#6083 = VERTEX_POINT('',#6084);
#6084 = CARTESIAN_POINT('',(0.436531436397,4.4338373076E-02,0.701));
#6085 = LINE('',#6086,#6087);
#6086 = CARTESIAN_POINT('',(0.436531436397,4.4338373076E-02,0.701));
#6087 = VECTOR('',#6088,1.);
#6088 = DIRECTION('',(0.349395479469,-0.936975345954,0.));
#6089 = ORIENTED_EDGE('',*,*,#6090,.T.);
#6090 = EDGE_CURVE('',#6083,#6033,#6091,.T.);
#6091 = LINE('',#6092,#6093);
#6092 = CARTESIAN_POINT('',(0.45103605933,4.4338373076E-02,0.701));
#6093 = VECTOR('',#6094,1.);
#6094 = DIRECTION('',(1.,0.,0.));
#6095 = FACE_BOUND('',#6096,.T.);
#6096 = EDGE_LOOP('',(#6097,#6107,#6115,#6124,#6132,#6141));
#6097 = ORIENTED_EDGE('',*,*,#6098,.F.);
#6098 = EDGE_CURVE('',#6099,#6101,#6103,.T.);
#6099 = VERTEX_POINT('',#6100);
#6100 = CARTESIAN_POINT('',(0.387974741705,8.3641222313E-02,0.701));
#6101 = VERTEX_POINT('',#6102);
#6102 = CARTESIAN_POINT('',(0.422104795308,8.3641222313E-02,0.701));
#6103 = LINE('',#6104,#6105);
#6104 = CARTESIAN_POINT('',(0.387974741705,8.3641222313E-02,0.701));
#6105 = VECTOR('',#6106,1.);
#6106 = DIRECTION('',(1.,0.,0.));
#6107 = ORIENTED_EDGE('',*,*,#6108,.F.);
#6108 = EDGE_CURVE('',#6109,#6099,#6111,.T.);
#6109 = VERTEX_POINT('',#6110);
#6110 = CARTESIAN_POINT('',(0.403181201231,0.125907381611,0.701));
#6111 = LINE('',#6112,#6113);
#6112 = CARTESIAN_POINT('',(0.403181201231,0.125907381611,0.701));
#6113 = VECTOR('',#6114,1.);
#6114 = DIRECTION('',(-0.338535034314,-0.940953787676,0.));
#6115 = ORIENTED_EDGE('',*,*,#6116,.F.);
#6116 = EDGE_CURVE('',#6117,#6109,#6119,.T.);
#6117 = VERTEX_POINT('',#6118);
#6118 = CARTESIAN_POINT('',(0.404844813897,0.133029723338,0.701));
#6119 = B_SPLINE_CURVE_WITH_KNOTS('',3,(#6120,#6121,#6122,#6123),
  .UNSPECIFIED.,.F.,.F.,(4,4),(3.,4.),.PIECEWISE_BEZIER_KNOTS.);
#6120 = CARTESIAN_POINT('',(0.404844813897,0.133029723338,0.701));
#6121 = CARTESIAN_POINT('',(0.404350928887,0.129962437485,0.701));
#6122 = CARTESIAN_POINT('',(0.403805055981,0.127570994278,0.701));
#6123 = CARTESIAN_POINT('',(0.403181201231,0.125907381611,0.701));
#6124 = ORIENTED_EDGE('',*,*,#6125,.F.);
#6125 = EDGE_CURVE('',#6126,#6117,#6128,.T.);
#6126 = VERTEX_POINT('',#6127);
#6127 = CARTESIAN_POINT('',(0.405156741272,0.133029723338,0.701));
#6128 = LINE('',#6129,#6130);
#6129 = CARTESIAN_POINT('',(0.405156741272,0.133029723338,0.701));
#6130 = VECTOR('',#6131,1.);
#6131 = DIRECTION('',(-1.,0.,0.));
#6132 = ORIENTED_EDGE('',*,*,#6133,.F.);
#6133 = EDGE_CURVE('',#6134,#6126,#6136,.T.);
#6134 = VERTEX_POINT('',#6135);
#6135 = CARTESIAN_POINT('',(0.406742372094,0.125907381611,0.701));
#6136 = B_SPLINE_CURVE_WITH_KNOTS('',3,(#6137,#6138,#6139,#6140),
  .UNSPECIFIED.,.F.,.F.,(4,4),(1.,2.),.PIECEWISE_BEZIER_KNOTS.);
#6137 = CARTESIAN_POINT('',(0.406742372094,0.125907381611,0.701));
#6138 = CARTESIAN_POINT('',(0.406248487084,0.127311054798,0.701));
#6139 = CARTESIAN_POINT('',(0.405728608126,0.12965051011,0.701));
#6140 = CARTESIAN_POINT('',(0.405156741272,0.133029723338,0.701));
#6141 = ORIENTED_EDGE('',*,*,#6142,.F.);
#6142 = EDGE_CURVE('',#6101,#6134,#6143,.T.);
#6143 = LINE('',#6144,#6145);
#6144 = CARTESIAN_POINT('',(0.422104795308,8.3641222313E-02,0.701));
#6145 = VECTOR('',#6146,1.);
#6146 = DIRECTION('',(-0.341603830681,0.939844041777,0.));
#6147 = PLANE('',#6148);
#6148 = AXIS2_PLACEMENT_3D('',#6149,#6150,#6151);
#6149 = CARTESIAN_POINT('',(0.,0.,0.701));
#6150 = DIRECTION('',(0.,0.,-1.));
#6151 = DIRECTION('',(-1.,0.,0.));
#6152 = ADVANCED_FACE('',(#6153),#6169,.F.);
#6153 = FACE_BOUND('',#6154,.T.);
#6154 = EDGE_LOOP('',(#6155,#6156,#6162,#6163));
#6155 = ORIENTED_EDGE('',*,*,#1057,.T.);
#6156 = ORIENTED_EDGE('',*,*,#6157,.F.);
#6157 = EDGE_CURVE('',#6035,#1048,#6158,.T.);
#6158 = LINE('',#6159,#6160);
#6159 = CARTESIAN_POINT('',(0.412305076947,0.146026697292,0.701));
#6160 = VECTOR('',#6161,1.);
#6161 = DIRECTION('',(0.,0.,-1.));
#6162 = ORIENTED_EDGE('',*,*,#6032,.F.);
#6163 = ORIENTED_EDGE('',*,*,#6164,.T.);
#6164 = EDGE_CURVE('',#6033,#1058,#6165,.T.);
#6165 = LINE('',#6166,#6167);
#6166 = CARTESIAN_POINT('',(0.45103605933,4.4338373076E-02,0.701));
#6167 = VECTOR('',#6168,1.);
#6168 = DIRECTION('',(0.,0.,-1.));
#6169 = PLANE('',#6170);
#6170 = AXIS2_PLACEMENT_3D('',#6171,#6172,#6173);
#6171 = CARTESIAN_POINT('',(0.412305076947,0.146026697292,0.701));
#6172 = DIRECTION('',(-0.934510438742,-0.355935724369,0.));
#6173 = DIRECTION('',(0.355935724369,-0.934510438742,0.));
#6174 = ADVANCED_FACE('',(#6175),#6186,.F.);
#6175 = FACE_BOUND('',#6176,.T.);
#6176 = EDGE_LOOP('',(#6177,#6178,#6184,#6185));
#6177 = ORIENTED_EDGE('',*,*,#1047,.T.);
#6178 = ORIENTED_EDGE('',*,*,#6179,.F.);
#6179 = EDGE_CURVE('',#6043,#1050,#6180,.T.);
#6180 = LINE('',#6181,#6182);
#6181 = CARTESIAN_POINT('',(0.398268345076,0.146026697292,0.701));
#6182 = VECTOR('',#6183,1.);
#6183 = DIRECTION('',(0.,0.,-1.));
#6184 = ORIENTED_EDGE('',*,*,#6042,.F.);
#6185 = ORIENTED_EDGE('',*,*,#6157,.T.);
#6186 = PLANE('',#6187);
#6187 = AXIS2_PLACEMENT_3D('',#6188,#6189,#6190);
#6188 = CARTESIAN_POINT('',(0.398268345076,0.146026697292,0.701));
#6189 = DIRECTION('',(0.,-1.,0.));
#6190 = DIRECTION('',(0.,0.,-1.));
#6191 = ADVANCED_FACE('',(#6192),#6203,.F.);
#6192 = FACE_BOUND('',#6193,.T.);
#6193 = EDGE_LOOP('',(#6194,#6195,#6201,#6202));
#6194 = ORIENTED_EDGE('',*,*,#1105,.T.);
#6195 = ORIENTED_EDGE('',*,*,#6196,.F.);
#6196 = EDGE_CURVE('',#6051,#1098,#6197,.T.);
#6197 = LINE('',#6198,#6199);
#6198 = CARTESIAN_POINT('',(0.359537362694,4.4338373076E-02,0.701));
#6199 = VECTOR('',#6200,1.);
#6200 = DIRECTION('',(0.,0.,-1.));
#6201 = ORIENTED_EDGE('',*,*,#6050,.F.);
#6202 = ORIENTED_EDGE('',*,*,#6179,.T.);
#6203 = PLANE('',#6204);
#6204 = AXIS2_PLACEMENT_3D('',#6205,#6206,#6207);
#6205 = CARTESIAN_POINT('',(0.359537362694,4.4338373076E-02,0.701));
#6206 = DIRECTION('',(0.934510438744,-0.355935724364,0.));
#6207 = DIRECTION('',(0.355935724364,0.934510438744,0.));
#6208 = ADVANCED_FACE('',(#6209),#6220,.F.);
#6209 = FACE_BOUND('',#6210,.T.);
#6210 = EDGE_LOOP('',(#6211,#6212,#6218,#6219));
#6211 = ORIENTED_EDGE('',*,*,#1097,.T.);
#6212 = ORIENTED_EDGE('',*,*,#6213,.F.);
#6213 = EDGE_CURVE('',#6059,#1090,#6214,.T.);
#6214 = LINE('',#6215,#6216);
#6215 = CARTESIAN_POINT('',(0.374041985626,4.4338373076E-02,0.701));
#6216 = VECTOR('',#6217,1.);
#6217 = DIRECTION('',(0.,0.,-1.));
#6218 = ORIENTED_EDGE('',*,*,#6058,.F.);
#6219 = ORIENTED_EDGE('',*,*,#6196,.T.);
#6220 = PLANE('',#6221);
#6221 = AXIS2_PLACEMENT_3D('',#6222,#6223,#6224);
#6222 = CARTESIAN_POINT('',(0.374041985626,4.4338373076E-02,0.701));
#6223 = DIRECTION('',(0.,1.,0.));
#6224 = DIRECTION('',(0.,-0.,1.));
#6225 = ADVANCED_FACE('',(#6226),#6237,.F.);
#6226 = FACE_BOUND('',#6227,.T.);
#6227 = EDGE_LOOP('',(#6228,#6229,#6235,#6236));
#6228 = ORIENTED_EDGE('',*,*,#1089,.T.);
#6229 = ORIENTED_EDGE('',*,*,#6230,.F.);
#6230 = EDGE_CURVE('',#6067,#1082,#6231,.T.);
#6231 = LINE('',#6232,#6233);
#6232 = CARTESIAN_POINT('',(0.383815710039,7.2151897338E-02,0.701));
#6233 = VECTOR('',#6234,1.);
#6234 = DIRECTION('',(0.,0.,-1.));
#6235 = ORIENTED_EDGE('',*,*,#6066,.F.);
#6236 = ORIENTED_EDGE('',*,*,#6213,.T.);
#6237 = PLANE('',#6238);
#6238 = AXIS2_PLACEMENT_3D('',#6239,#6240,#6241);
#6239 = CARTESIAN_POINT('',(0.383815710039,7.2151897338E-02,0.701));
#6240 = DIRECTION('',(-0.943445233083,0.33152841835,0.));
#6241 = DIRECTION('',(-0.33152841835,-0.943445233083,0.));
#6242 = ADVANCED_FACE('',(#6243),#6254,.F.);
#6243 = FACE_BOUND('',#6244,.T.);
#6244 = EDGE_LOOP('',(#6245,#6246,#6252,#6253));
#6245 = ORIENTED_EDGE('',*,*,#1081,.T.);
#6246 = ORIENTED_EDGE('',*,*,#6247,.F.);
#6247 = EDGE_CURVE('',#6075,#1074,#6248,.T.);
#6248 = LINE('',#6249,#6250);
#6249 = CARTESIAN_POINT('',(0.426159851182,7.2151897338E-02,0.701));
#6250 = VECTOR('',#6251,1.);
#6251 = DIRECTION('',(0.,0.,-1.));
#6252 = ORIENTED_EDGE('',*,*,#6074,.F.);
#6253 = ORIENTED_EDGE('',*,*,#6230,.T.);
#6254 = PLANE('',#6255);
#6255 = AXIS2_PLACEMENT_3D('',#6256,#6257,#6258);
#6256 = CARTESIAN_POINT('',(0.426159851182,7.2151897338E-02,0.701));
#6257 = DIRECTION('',(0.,1.,0.));
#6258 = DIRECTION('',(0.,-0.,1.));
#6259 = ADVANCED_FACE('',(#6260),#6271,.F.);
#6260 = FACE_BOUND('',#6261,.T.);
#6261 = EDGE_LOOP('',(#6262,#6263,#6269,#6270));
#6262 = ORIENTED_EDGE('',*,*,#1073,.T.);
#6263 = ORIENTED_EDGE('',*,*,#6264,.F.);
#6264 = EDGE_CURVE('',#6083,#1066,#6265,.T.);
#6265 = LINE('',#6266,#6267);
#6266 = CARTESIAN_POINT('',(0.436531436397,4.4338373076E-02,0.701));
#6267 = VECTOR('',#6268,1.);
#6268 = DIRECTION('',(0.,0.,-1.));
#6269 = ORIENTED_EDGE('',*,*,#6082,.F.);
#6270 = ORIENTED_EDGE('',*,*,#6247,.T.);
#6271 = PLANE('',#6272);
#6272 = AXIS2_PLACEMENT_3D('',#6273,#6274,#6275);
#6273 = CARTESIAN_POINT('',(0.436531436397,4.4338373076E-02,0.701));
#6274 = DIRECTION('',(0.936975345954,0.349395479469,0.));
#6275 = DIRECTION('',(-0.349395479469,0.936975345954,0.));
#6276 = ADVANCED_FACE('',(#6277),#6283,.F.);
#6277 = FACE_BOUND('',#6278,.T.);
#6278 = EDGE_LOOP('',(#6279,#6280,#6281,#6282));
#6279 = ORIENTED_EDGE('',*,*,#1065,.T.);
#6280 = ORIENTED_EDGE('',*,*,#6164,.F.);
#6281 = ORIENTED_EDGE('',*,*,#6090,.F.);
#6282 = ORIENTED_EDGE('',*,*,#6264,.T.);
#6283 = PLANE('',#6284);
#6284 = AXIS2_PLACEMENT_3D('',#6285,#6286,#6287);
#6285 = CARTESIAN_POINT('',(0.45103605933,4.4338373076E-02,0.701));
#6286 = DIRECTION('',(0.,1.,0.));
#6287 = DIRECTION('',(0.,-0.,1.));
#6288 = ADVANCED_FACE('',(#6289),#6314,.T.);
#6289 = FACE_BOUND('',#6290,.T.);
#6290 = EDGE_LOOP('',(#6291,#6301,#6307,#6308));
#6291 = ORIENTED_EDGE('',*,*,#6292,.F.);
#6292 = EDGE_CURVE('',#6293,#6295,#6297,.T.);
#6293 = VERTEX_POINT('',#6294);
#6294 = CARTESIAN_POINT('',(0.387974741705,8.3641222313E-02,
    0.699999999999));
#6295 = VERTEX_POINT('',#6296);
#6296 = CARTESIAN_POINT('',(0.422104795308,8.3641222313E-02,
    0.699999999999));
#6297 = LINE('',#6298,#6299);
#6298 = CARTESIAN_POINT('',(0.387974741705,8.3641222313E-02,
    0.699999999999));
#6299 = VECTOR('',#6300,1.);
#6300 = DIRECTION('',(1.,0.,0.));
#6301 = ORIENTED_EDGE('',*,*,#6302,.F.);
#6302 = EDGE_CURVE('',#6099,#6293,#6303,.T.);
#6303 = LINE('',#6304,#6305);
#6304 = CARTESIAN_POINT('',(0.387974741705,8.3641222313E-02,0.701));
#6305 = VECTOR('',#6306,1.);
#6306 = DIRECTION('',(0.,0.,-1.));
#6307 = ORIENTED_EDGE('',*,*,#6098,.T.);
#6308 = ORIENTED_EDGE('',*,*,#6309,.T.);
#6309 = EDGE_CURVE('',#6101,#6295,#6310,.T.);
#6310 = LINE('',#6311,#6312);
#6311 = CARTESIAN_POINT('',(0.422104795308,8.3641222313E-02,0.701));
#6312 = VECTOR('',#6313,1.);
#6313 = DIRECTION('',(0.,0.,-1.));
#6314 = PLANE('',#6315);
#6315 = AXIS2_PLACEMENT_3D('',#6316,#6317,#6318);
#6316 = CARTESIAN_POINT('',(0.387974741705,8.3641222313E-02,0.701));
#6317 = DIRECTION('',(0.,1.,0.));
#6318 = DIRECTION('',(0.,-0.,1.));
#6319 = ADVANCED_FACE('',(#6320),#6338,.T.);
#6320 = FACE_BOUND('',#6321,.T.);
#6321 = EDGE_LOOP('',(#6322,#6330,#6331,#6332));
#6322 = ORIENTED_EDGE('',*,*,#6323,.F.);
#6323 = EDGE_CURVE('',#6295,#6324,#6326,.T.);
#6324 = VERTEX_POINT('',#6325);
#6325 = CARTESIAN_POINT('',(0.406742372094,0.125907381611,0.699999999999
    ));
#6326 = LINE('',#6327,#6328);
#6327 = CARTESIAN_POINT('',(0.422104795308,8.3641222313E-02,
    0.699999999999));
#6328 = VECTOR('',#6329,1.);
#6329 = DIRECTION('',(-0.341603830681,0.939844041777,0.));
#6330 = ORIENTED_EDGE('',*,*,#6309,.F.);
#6331 = ORIENTED_EDGE('',*,*,#6142,.T.);
#6332 = ORIENTED_EDGE('',*,*,#6333,.T.);
#6333 = EDGE_CURVE('',#6134,#6324,#6334,.T.);
#6334 = LINE('',#6335,#6336);
#6335 = CARTESIAN_POINT('',(0.406742372094,0.125907381611,0.701));
#6336 = VECTOR('',#6337,1.);
#6337 = DIRECTION('',(0.,0.,-1.));
#6338 = PLANE('',#6339);
#6339 = AXIS2_PLACEMENT_3D('',#6340,#6341,#6342);
#6340 = CARTESIAN_POINT('',(0.422104795308,8.3641222313E-02,0.701));
#6341 = DIRECTION('',(-0.939844041777,-0.341603830681,0.));
#6342 = DIRECTION('',(0.341603830681,-0.939844041777,0.));
#6343 = ADVANCED_FACE('',(#6344),#6363,.T.);
#6344 = FACE_BOUND('',#6345,.T.);
#6345 = EDGE_LOOP('',(#6346,#6355,#6356,#6357));
#6346 = ORIENTED_EDGE('',*,*,#6347,.F.);
#6347 = EDGE_CURVE('',#6324,#6348,#6350,.T.);
#6348 = VERTEX_POINT('',#6349);
#6349 = CARTESIAN_POINT('',(0.405156741272,0.133029723338,0.699999999999
    ));
#6350 = B_SPLINE_CURVE_WITH_KNOTS('',3,(#6351,#6352,#6353,#6354),
  .UNSPECIFIED.,.F.,.F.,(4,4),(1.,2.),.PIECEWISE_BEZIER_KNOTS.);
#6351 = CARTESIAN_POINT('',(0.406742372094,0.125907381611,0.699999999999
    ));
#6352 = CARTESIAN_POINT('',(0.406248487084,0.127311054798,0.699999999999
    ));
#6353 = CARTESIAN_POINT('',(0.405728608126,0.12965051011,0.699999999999)
  );
#6354 = CARTESIAN_POINT('',(0.405156741272,0.133029723338,0.699999999999
    ));
#6355 = ORIENTED_EDGE('',*,*,#6333,.F.);
#6356 = ORIENTED_EDGE('',*,*,#6133,.T.);
#6357 = ORIENTED_EDGE('',*,*,#6358,.T.);
#6358 = EDGE_CURVE('',#6126,#6348,#6359,.T.);
#6359 = LINE('',#6360,#6361);
#6360 = CARTESIAN_POINT('',(0.405156741272,0.133029723338,0.701));
#6361 = VECTOR('',#6362,1.);
#6362 = DIRECTION('',(0.,0.,-1.));
#6363 = B_SPLINE_SURFACE_WITH_KNOTS('',3,1,(
    (#6364,#6365)
    ,(#6366,#6367)
    ,(#6368,#6369)
    ,(#6370,#6371
    )),.UNSPECIFIED.,.F.,.F.,.F.,(4,4),(2,2),(1.,2.),(0.,1.),
  .PIECEWISE_BEZIER_KNOTS.);
#6364 = CARTESIAN_POINT('',(0.406742372094,0.125907381611,0.701));
#6365 = CARTESIAN_POINT('',(0.406742372094,0.125907381611,0.699999999999
    ));
#6366 = CARTESIAN_POINT('',(0.406248487084,0.127311054798,0.701));
#6367 = CARTESIAN_POINT('',(0.406248487084,0.127311054798,0.699999999999
    ));
#6368 = CARTESIAN_POINT('',(0.405728608126,0.12965051011,0.701));
#6369 = CARTESIAN_POINT('',(0.405728608126,0.12965051011,0.699999999999)
  );
#6370 = CARTESIAN_POINT('',(0.405156741272,0.133029723338,0.701));
#6371 = CARTESIAN_POINT('',(0.405156741272,0.133029723338,0.699999999999
    ));
#6372 = ADVANCED_FACE('',(#6373),#6391,.T.);
#6373 = FACE_BOUND('',#6374,.T.);
#6374 = EDGE_LOOP('',(#6375,#6383,#6384,#6385));
#6375 = ORIENTED_EDGE('',*,*,#6376,.F.);
#6376 = EDGE_CURVE('',#6348,#6377,#6379,.T.);
#6377 = VERTEX_POINT('',#6378);
#6378 = CARTESIAN_POINT('',(0.404844813897,0.133029723338,0.699999999999
    ));
#6379 = LINE('',#6380,#6381);
#6380 = CARTESIAN_POINT('',(0.405156741272,0.133029723338,0.699999999999
    ));
#6381 = VECTOR('',#6382,1.);
#6382 = DIRECTION('',(-1.,0.,0.));
#6383 = ORIENTED_EDGE('',*,*,#6358,.F.);
#6384 = ORIENTED_EDGE('',*,*,#6125,.T.);
#6385 = ORIENTED_EDGE('',*,*,#6386,.T.);
#6386 = EDGE_CURVE('',#6117,#6377,#6387,.T.);
#6387 = LINE('',#6388,#6389);
#6388 = CARTESIAN_POINT('',(0.404844813897,0.133029723338,0.701));
#6389 = VECTOR('',#6390,1.);
#6390 = DIRECTION('',(0.,0.,-1.));
#6391 = PLANE('',#6392);
#6392 = AXIS2_PLACEMENT_3D('',#6393,#6394,#6395);
#6393 = CARTESIAN_POINT('',(0.405156741272,0.133029723338,0.701));
#6394 = DIRECTION('',(0.,-1.,0.));
#6395 = DIRECTION('',(0.,0.,-1.));
#6396 = ADVANCED_FACE('',(#6397),#6416,.T.);
#6397 = FACE_BOUND('',#6398,.T.);
#6398 = EDGE_LOOP('',(#6399,#6408,#6409,#6410));
#6399 = ORIENTED_EDGE('',*,*,#6400,.F.);
#6400 = EDGE_CURVE('',#6377,#6401,#6403,.T.);
#6401 = VERTEX_POINT('',#6402);
#6402 = CARTESIAN_POINT('',(0.403181201231,0.125907381611,0.699999999999
    ));
#6403 = B_SPLINE_CURVE_WITH_KNOTS('',3,(#6404,#6405,#6406,#6407),
  .UNSPECIFIED.,.F.,.F.,(4,4),(3.,4.),.PIECEWISE_BEZIER_KNOTS.);
#6404 = CARTESIAN_POINT('',(0.404844813897,0.133029723338,0.699999999999
    ));
#6405 = CARTESIAN_POINT('',(0.404350928887,0.129962437485,0.699999999999
    ));
#6406 = CARTESIAN_POINT('',(0.403805055981,0.127570994278,0.699999999999
    ));
#6407 = CARTESIAN_POINT('',(0.403181201231,0.125907381611,0.699999999999
    ));
#6408 = ORIENTED_EDGE('',*,*,#6386,.F.);
#6409 = ORIENTED_EDGE('',*,*,#6116,.T.);
#6410 = ORIENTED_EDGE('',*,*,#6411,.T.);
#6411 = EDGE_CURVE('',#6109,#6401,#6412,.T.);
#6412 = LINE('',#6413,#6414);
#6413 = CARTESIAN_POINT('',(0.403181201231,0.125907381611,0.701));
#6414 = VECTOR('',#6415,1.);
#6415 = DIRECTION('',(0.,0.,-1.));
#6416 = B_SPLINE_SURFACE_WITH_KNOTS('',3,1,(
    (#6417,#6418)
    ,(#6419,#6420)
    ,(#6421,#6422)
    ,(#6423,#6424
    )),.UNSPECIFIED.,.F.,.F.,.F.,(4,4),(2,2),(3.,4.),(0.,1.),
  .PIECEWISE_BEZIER_KNOTS.);
#6417 = CARTESIAN_POINT('',(0.404844813897,0.133029723338,0.701));
#6418 = CARTESIAN_POINT('',(0.404844813897,0.133029723338,0.699999999999
    ));
#6419 = CARTESIAN_POINT('',(0.404350928887,0.129962437485,0.701));
#6420 = CARTESIAN_POINT('',(0.404350928887,0.129962437485,0.699999999999
    ));
#6421 = CARTESIAN_POINT('',(0.403805055981,0.127570994278,0.701));
#6422 = CARTESIAN_POINT('',(0.403805055981,0.127570994278,0.699999999999
    ));
#6423 = CARTESIAN_POINT('',(0.403181201231,0.125907381611,0.701));
#6424 = CARTESIAN_POINT('',(0.403181201231,0.125907381611,0.699999999999
    ));
#6425 = ADVANCED_FACE('',(#6426),#6437,.T.);
#6426 = FACE_BOUND('',#6427,.T.);
#6427 = EDGE_LOOP('',(#6428,#6434,#6435,#6436));
#6428 = ORIENTED_EDGE('',*,*,#6429,.F.);
#6429 = EDGE_CURVE('',#6401,#6293,#6430,.T.);
#6430 = LINE('',#6431,#6432);
#6431 = CARTESIAN_POINT('',(0.403181201231,0.125907381611,0.699999999999
    ));
#6432 = VECTOR('',#6433,1.);
#6433 = DIRECTION('',(-0.338535034314,-0.940953787676,0.));
#6434 = ORIENTED_EDGE('',*,*,#6411,.F.);
#6435 = ORIENTED_EDGE('',*,*,#6108,.T.);
#6436 = ORIENTED_EDGE('',*,*,#6302,.T.);
#6437 = PLANE('',#6438);
#6438 = AXIS2_PLACEMENT_3D('',#6439,#6440,#6441);
#6439 = CARTESIAN_POINT('',(0.403181201231,0.125907381611,0.701));
#6440 = DIRECTION('',(0.940953787676,-0.338535034314,0.));
#6441 = DIRECTION('',(0.338535034314,0.940953787676,0.));
#6442 = ADVANCED_FACE('',(#6443),#6451,.T.);
#6443 = FACE_BOUND('',#6444,.T.);
#6444 = EDGE_LOOP('',(#6445,#6446,#6447,#6448,#6449,#6450));
#6445 = ORIENTED_EDGE('',*,*,#6292,.T.);
#6446 = ORIENTED_EDGE('',*,*,#6323,.T.);
#6447 = ORIENTED_EDGE('',*,*,#6347,.T.);
#6448 = ORIENTED_EDGE('',*,*,#6376,.T.);
#6449 = ORIENTED_EDGE('',*,*,#6400,.T.);
#6450 = ORIENTED_EDGE('',*,*,#6429,.T.);
#6451 = PLANE('',#6452);
#6452 = AXIS2_PLACEMENT_3D('',#6453,#6454,#6455);
#6453 = CARTESIAN_POINT('',(1.325,-0.974999999999,0.699999999999));
#6454 = DIRECTION('',(0.,0.,1.));
#6455 = DIRECTION('',(1.,0.,-0.));
#6456 = ADVANCED_FACE('',(#6457),#6482,.F.);
#6457 = FACE_BOUND('',#6458,.T.);
#6458 = EDGE_LOOP('',(#6459,#6460,#6468,#6476));
#6459 = ORIENTED_EDGE('',*,*,#1123,.T.);
#6460 = ORIENTED_EDGE('',*,*,#6461,.F.);
#6461 = EDGE_CURVE('',#6462,#1114,#6464,.T.);
#6462 = VERTEX_POINT('',#6463);
#6463 = CARTESIAN_POINT('',(9.7622343573E-02,-0.105386766872,0.701));
#6464 = LINE('',#6465,#6466);
#6465 = CARTESIAN_POINT('',(9.7622343573E-02,-0.105386766872,0.701));
#6466 = VECTOR('',#6467,1.);
#6467 = DIRECTION('',(0.,0.,-1.));
#6468 = ORIENTED_EDGE('',*,*,#6469,.F.);
#6469 = EDGE_CURVE('',#6470,#6462,#6472,.T.);
#6470 = VERTEX_POINT('',#6471);
#6471 = CARTESIAN_POINT('',(9.7622343573E-02,-0.116980067639,0.701));
#6472 = LINE('',#6473,#6474);
#6473 = CARTESIAN_POINT('',(9.7622343573E-02,-0.105386766872,0.701));
#6474 = VECTOR('',#6475,1.);
#6475 = DIRECTION('',(0.,1.,0.));
#6476 = ORIENTED_EDGE('',*,*,#6477,.T.);
#6477 = EDGE_CURVE('',#6470,#1124,#6478,.T.);
#6478 = LINE('',#6479,#6480);
#6479 = CARTESIAN_POINT('',(9.7622343573E-02,-0.116980067639,0.701));
#6480 = VECTOR('',#6481,1.);
#6481 = DIRECTION('',(0.,0.,-1.));
#6482 = PLANE('',#6483);
#6483 = AXIS2_PLACEMENT_3D('',#6484,#6485,#6486);
#6484 = CARTESIAN_POINT('',(9.7622343573E-02,-0.105386766872,0.701));
#6485 = DIRECTION('',(-1.,0.,0.));
#6486 = DIRECTION('',(0.,0.,1.));
#6487 = ADVANCED_FACE('',(#6488),#6506,.F.);
#6488 = FACE_BOUND('',#6489,.T.);
#6489 = EDGE_LOOP('',(#6490,#6491,#6499,#6505));
#6490 = ORIENTED_EDGE('',*,*,#1113,.T.);
#6491 = ORIENTED_EDGE('',*,*,#6492,.F.);
#6492 = EDGE_CURVE('',#6493,#1116,#6495,.T.);
#6493 = VERTEX_POINT('',#6494);
#6494 = CARTESIAN_POINT('',(5.6058020868E-02,-0.105386766872,0.701));
#6495 = LINE('',#6496,#6497);
#6496 = CARTESIAN_POINT('',(5.6058020868E-02,-0.105386766872,0.701));
#6497 = VECTOR('',#6498,1.);
#6498 = DIRECTION('',(0.,0.,-1.));
#6499 = ORIENTED_EDGE('',*,*,#6500,.F.);
#6500 = EDGE_CURVE('',#6462,#6493,#6501,.T.);
#6501 = LINE('',#6502,#6503);
#6502 = CARTESIAN_POINT('',(5.6058020868E-02,-0.105386766872,0.701));
#6503 = VECTOR('',#6504,1.);
#6504 = DIRECTION('',(-1.,0.,0.));
#6505 = ORIENTED_EDGE('',*,*,#6461,.T.);
#6506 = PLANE('',#6507);
#6507 = AXIS2_PLACEMENT_3D('',#6508,#6509,#6510);
#6508 = CARTESIAN_POINT('',(5.6058020868E-02,-0.105386766872,0.701));
#6509 = DIRECTION('',(0.,-1.,0.));
#6510 = DIRECTION('',(0.,0.,-1.));
#6511 = ADVANCED_FACE('',(#6512),#6530,.F.);
#6512 = FACE_BOUND('',#6513,.T.);
#6513 = EDGE_LOOP('',(#6514,#6515,#6523,#6529));
#6514 = ORIENTED_EDGE('',*,*,#1203,.T.);
#6515 = ORIENTED_EDGE('',*,*,#6516,.F.);
#6516 = EDGE_CURVE('',#6517,#1196,#6519,.T.);
#6517 = VERTEX_POINT('',#6518);
#6518 = CARTESIAN_POINT('',(5.6058020868E-02,-7.1178731426E-02,0.701));
#6519 = LINE('',#6520,#6521);
#6520 = CARTESIAN_POINT('',(5.6058020868E-02,-7.1178731426E-02,0.701));
#6521 = VECTOR('',#6522,1.);
#6522 = DIRECTION('',(0.,0.,-1.));
#6523 = ORIENTED_EDGE('',*,*,#6524,.F.);
#6524 = EDGE_CURVE('',#6493,#6517,#6525,.T.);
#6525 = LINE('',#6526,#6527);
#6526 = CARTESIAN_POINT('',(5.6058020868E-02,-7.1178731426E-02,0.701));
#6527 = VECTOR('',#6528,1.);
#6528 = DIRECTION('',(0.,1.,0.));
#6529 = ORIENTED_EDGE('',*,*,#6492,.T.);
#6530 = PLANE('',#6531);
#6531 = AXIS2_PLACEMENT_3D('',#6532,#6533,#6534);
#6532 = CARTESIAN_POINT('',(5.6058020868E-02,-7.1178731426E-02,0.701));
#6533 = DIRECTION('',(-1.,0.,0.));
#6534 = DIRECTION('',(0.,0.,1.));
#6535 = ADVANCED_FACE('',(#6536),#6554,.F.);
#6536 = FACE_BOUND('',#6537,.T.);
#6537 = EDGE_LOOP('',(#6538,#6539,#6547,#6553));
#6538 = ORIENTED_EDGE('',*,*,#1195,.T.);
#6539 = ORIENTED_EDGE('',*,*,#6540,.F.);
#6540 = EDGE_CURVE('',#6541,#1188,#6543,.T.);
#6541 = VERTEX_POINT('',#6542);
#6542 = CARTESIAN_POINT('',(9.2423553992E-02,-7.1178731426E-02,0.701));
#6543 = LINE('',#6544,#6545);
#6544 = CARTESIAN_POINT('',(9.2423553992E-02,-7.1178731426E-02,0.701));
#6545 = VECTOR('',#6546,1.);
#6546 = DIRECTION('',(0.,0.,-1.));
#6547 = ORIENTED_EDGE('',*,*,#6548,.F.);
#6548 = EDGE_CURVE('',#6517,#6541,#6549,.T.);
#6549 = LINE('',#6550,#6551);
#6550 = CARTESIAN_POINT('',(9.2423553992E-02,-7.1178731426E-02,0.701));
#6551 = VECTOR('',#6552,1.);
#6552 = DIRECTION('',(1.,0.,0.));
#6553 = ORIENTED_EDGE('',*,*,#6516,.T.);
#6554 = PLANE('',#6555);
#6555 = AXIS2_PLACEMENT_3D('',#6556,#6557,#6558);
#6556 = CARTESIAN_POINT('',(9.2423553992E-02,-7.1178731426E-02,0.701));
#6557 = DIRECTION('',(0.,1.,0.));
#6558 = DIRECTION('',(0.,-0.,1.));
#6559 = ADVANCED_FACE('',(#6560),#6578,.F.);
#6560 = FACE_BOUND('',#6561,.T.);
#6561 = EDGE_LOOP('',(#6562,#6563,#6571,#6577));
#6562 = ORIENTED_EDGE('',*,*,#1187,.T.);
#6563 = ORIENTED_EDGE('',*,*,#6564,.F.);
#6564 = EDGE_CURVE('',#6565,#1180,#6567,.T.);
#6565 = VERTEX_POINT('',#6566);
#6566 = CARTESIAN_POINT('',(9.2423553992E-02,-5.9533442763E-02,0.701));
#6567 = LINE('',#6568,#6569);
#6568 = CARTESIAN_POINT('',(9.2423553992E-02,-5.9533442763E-02,0.701));
#6569 = VECTOR('',#6570,1.);
#6570 = DIRECTION('',(0.,0.,-1.));
#6571 = ORIENTED_EDGE('',*,*,#6572,.F.);
#6572 = EDGE_CURVE('',#6541,#6565,#6573,.T.);
#6573 = LINE('',#6574,#6575);
#6574 = CARTESIAN_POINT('',(9.2423553992E-02,-5.9533442763E-02,0.701));
#6575 = VECTOR('',#6576,1.);
#6576 = DIRECTION('',(0.,1.,0.));
#6577 = ORIENTED_EDGE('',*,*,#6540,.T.);
#6578 = PLANE('',#6579);
#6579 = AXIS2_PLACEMENT_3D('',#6580,#6581,#6582);
#6580 = CARTESIAN_POINT('',(9.2423553992E-02,-5.9533442763E-02,0.701));
#6581 = DIRECTION('',(-1.,0.,0.));
#6582 = DIRECTION('',(0.,0.,1.));
#6583 = ADVANCED_FACE('',(#6584),#6602,.F.);
#6584 = FACE_BOUND('',#6585,.T.);
#6585 = EDGE_LOOP('',(#6586,#6587,#6595,#6601));
#6586 = ORIENTED_EDGE('',*,*,#1179,.T.);
#6587 = ORIENTED_EDGE('',*,*,#6588,.F.);
#6588 = EDGE_CURVE('',#6589,#1172,#6591,.T.);
#6589 = VERTEX_POINT('',#6590);
#6590 = CARTESIAN_POINT('',(5.6058020868E-02,-5.9533442763E-02,0.701));
#6591 = LINE('',#6592,#6593);
#6592 = CARTESIAN_POINT('',(5.6058020868E-02,-5.9533442763E-02,0.701));
#6593 = VECTOR('',#6594,1.);
#6594 = DIRECTION('',(0.,0.,-1.));
#6595 = ORIENTED_EDGE('',*,*,#6596,.F.);
#6596 = EDGE_CURVE('',#6565,#6589,#6597,.T.);
#6597 = LINE('',#6598,#6599);
#6598 = CARTESIAN_POINT('',(5.6058020868E-02,-5.9533442763E-02,0.701));
#6599 = VECTOR('',#6600,1.);
#6600 = DIRECTION('',(-1.,0.,0.));
#6601 = ORIENTED_EDGE('',*,*,#6564,.T.);
#6602 = PLANE('',#6603);
#6603 = AXIS2_PLACEMENT_3D('',#6604,#6605,#6606);
#6604 = CARTESIAN_POINT('',(5.6058020868E-02,-5.9533442763E-02,0.701));
#6605 = DIRECTION('',(0.,-1.,0.));
#6606 = DIRECTION('',(0.,0.,-1.));
#6607 = ADVANCED_FACE('',(#6608),#6626,.F.);
#6608 = FACE_BOUND('',#6609,.T.);
#6609 = EDGE_LOOP('',(#6610,#6611,#6619,#6625));
#6610 = ORIENTED_EDGE('',*,*,#1171,.T.);
#6611 = ORIENTED_EDGE('',*,*,#6612,.F.);
#6612 = EDGE_CURVE('',#6613,#1164,#6615,.T.);
#6613 = VERTEX_POINT('',#6614);
#6614 = CARTESIAN_POINT('',(5.6058020868E-02,-2.6989019982E-02,0.701));
#6615 = LINE('',#6616,#6617);
#6616 = CARTESIAN_POINT('',(5.6058020868E-02,-2.6989019982E-02,0.701));
#6617 = VECTOR('',#6618,1.);
#6618 = DIRECTION('',(0.,0.,-1.));
#6619 = ORIENTED_EDGE('',*,*,#6620,.F.);
#6620 = EDGE_CURVE('',#6589,#6613,#6621,.T.);
#6621 = LINE('',#6622,#6623);
#6622 = CARTESIAN_POINT('',(5.6058020868E-02,-2.6989019982E-02,0.701));
#6623 = VECTOR('',#6624,1.);
#6624 = DIRECTION('',(0.,1.,0.));
#6625 = ORIENTED_EDGE('',*,*,#6588,.T.);
#6626 = PLANE('',#6627);
#6627 = AXIS2_PLACEMENT_3D('',#6628,#6629,#6630);
#6628 = CARTESIAN_POINT('',(5.6058020868E-02,-2.6989019982E-02,0.701));
#6629 = DIRECTION('',(-1.,0.,0.));
#6630 = DIRECTION('',(0.,0.,1.));
#6631 = ADVANCED_FACE('',(#6632),#6650,.F.);
#6632 = FACE_BOUND('',#6633,.T.);
#6633 = EDGE_LOOP('',(#6634,#6635,#6643,#6649));
#6634 = ORIENTED_EDGE('',*,*,#1163,.T.);
#6635 = ORIENTED_EDGE('',*,*,#6636,.F.);
#6636 = EDGE_CURVE('',#6637,#1156,#6639,.T.);
#6637 = VERTEX_POINT('',#6638);
#6638 = CARTESIAN_POINT('',(9.5308882209E-02,-2.6989019982E-02,0.701));
#6639 = LINE('',#6640,#6641);
#6640 = CARTESIAN_POINT('',(9.5308882209E-02,-2.6989019982E-02,0.701));
#6641 = VECTOR('',#6642,1.);
#6642 = DIRECTION('',(0.,0.,-1.));
#6643 = ORIENTED_EDGE('',*,*,#6644,.F.);
#6644 = EDGE_CURVE('',#6613,#6637,#6645,.T.);
#6645 = LINE('',#6646,#6647);
#6646 = CARTESIAN_POINT('',(9.5308882209E-02,-2.6989019982E-02,0.701));
#6647 = VECTOR('',#6648,1.);
#6648 = DIRECTION('',(1.,0.,0.));
#6649 = ORIENTED_EDGE('',*,*,#6612,.T.);
#6650 = PLANE('',#6651);
#6651 = AXIS2_PLACEMENT_3D('',#6652,#6653,#6654);
#6652 = CARTESIAN_POINT('',(9.5308882209E-02,-2.6989019982E-02,0.701));
#6653 = DIRECTION('',(0.,1.,0.));
#6654 = DIRECTION('',(0.,-0.,1.));
#6655 = ADVANCED_FACE('',(#6656),#6674,.F.);
#6656 = FACE_BOUND('',#6657,.T.);
#6657 = EDGE_LOOP('',(#6658,#6659,#6667,#6673));
#6658 = ORIENTED_EDGE('',*,*,#1155,.T.);
#6659 = ORIENTED_EDGE('',*,*,#6660,.F.);
#6660 = EDGE_CURVE('',#6661,#1148,#6663,.T.);
#6661 = VERTEX_POINT('',#6662);
#6662 = CARTESIAN_POINT('',(9.5308882209E-02,-1.5291743423E-02,0.701));
#6663 = LINE('',#6664,#6665);
#6664 = CARTESIAN_POINT('',(9.5308882209E-02,-1.5291743423E-02,0.701));
#6665 = VECTOR('',#6666,1.);
#6666 = DIRECTION('',(0.,0.,-1.));
#6667 = ORIENTED_EDGE('',*,*,#6668,.F.);
#6668 = EDGE_CURVE('',#6637,#6661,#6669,.T.);
#6669 = LINE('',#6670,#6671);
#6670 = CARTESIAN_POINT('',(9.5308882209E-02,-1.5291743423E-02,0.701));
#6671 = VECTOR('',#6672,1.);
#6672 = DIRECTION('',(0.,1.,0.));
#6673 = ORIENTED_EDGE('',*,*,#6636,.T.);
#6674 = PLANE('',#6675);
#6675 = AXIS2_PLACEMENT_3D('',#6676,#6677,#6678);
#6676 = CARTESIAN_POINT('',(9.5308882209E-02,-1.5291743423E-02,0.701));
#6677 = DIRECTION('',(-1.,0.,0.));
#6678 = DIRECTION('',(0.,0.,1.));
#6679 = ADVANCED_FACE('',(#6680),#6698,.F.);
#6680 = FACE_BOUND('',#6681,.T.);
#6681 = EDGE_LOOP('',(#6682,#6683,#6691,#6697));
#6682 = ORIENTED_EDGE('',*,*,#1147,.T.);
#6683 = ORIENTED_EDGE('',*,*,#6684,.F.);
#6684 = EDGE_CURVE('',#6685,#1140,#6687,.T.);
#6685 = VERTEX_POINT('',#6686);
#6686 = CARTESIAN_POINT('',(4.2931077175E-02,-1.5291743423E-02,0.701));
#6687 = LINE('',#6688,#6689);
#6688 = CARTESIAN_POINT('',(4.2931077175E-02,-1.5291743423E-02,0.701));
#6689 = VECTOR('',#6690,1.);
#6690 = DIRECTION('',(0.,0.,-1.));
#6691 = ORIENTED_EDGE('',*,*,#6692,.F.);
#6692 = EDGE_CURVE('',#6661,#6685,#6693,.T.);
#6693 = LINE('',#6694,#6695);
#6694 = CARTESIAN_POINT('',(4.2931077175E-02,-1.5291743423E-02,0.701));
#6695 = VECTOR('',#6696,1.);
#6696 = DIRECTION('',(-1.,0.,0.));
#6697 = ORIENTED_EDGE('',*,*,#6660,.T.);
#6698 = PLANE('',#6699);
#6699 = AXIS2_PLACEMENT_3D('',#6700,#6701,#6702);
#6700 = CARTESIAN_POINT('',(4.2931077175E-02,-1.5291743423E-02,0.701));
#6701 = DIRECTION('',(0.,-1.,0.));
#6702 = DIRECTION('',(0.,0.,-1.));
#6703 = ADVANCED_FACE('',(#6704),#6722,.F.);
#6704 = FACE_BOUND('',#6705,.T.);
#6705 = EDGE_LOOP('',(#6706,#6707,#6715,#6721));
#6706 = ORIENTED_EDGE('',*,*,#1139,.T.);
#6707 = ORIENTED_EDGE('',*,*,#6708,.F.);
#6708 = EDGE_CURVE('',#6709,#1132,#6711,.T.);
#6709 = VERTEX_POINT('',#6710);
#6710 = CARTESIAN_POINT('',(4.2931077175E-02,-0.116980067639,0.701));
#6711 = LINE('',#6712,#6713);
#6712 = CARTESIAN_POINT('',(4.2931077175E-02,-0.116980067639,0.701));
#6713 = VECTOR('',#6714,1.);
#6714 = DIRECTION('',(0.,0.,-1.));
#6715 = ORIENTED_EDGE('',*,*,#6716,.F.);
#6716 = EDGE_CURVE('',#6685,#6709,#6717,.T.);
#6717 = LINE('',#6718,#6719);
#6718 = CARTESIAN_POINT('',(4.2931077175E-02,-0.116980067639,0.701));
#6719 = VECTOR('',#6720,1.);
#6720 = DIRECTION('',(0.,-1.,0.));
#6721 = ORIENTED_EDGE('',*,*,#6684,.T.);
#6722 = PLANE('',#6723);
#6723 = AXIS2_PLACEMENT_3D('',#6724,#6725,#6726);
#6724 = CARTESIAN_POINT('',(4.2931077175E-02,-0.116980067639,0.701));
#6725 = DIRECTION('',(1.,0.,0.));
#6726 = DIRECTION('',(0.,0.,-1.));
#6727 = ADVANCED_FACE('',(#6728),#6739,.F.);
#6728 = FACE_BOUND('',#6729,.T.);
#6729 = EDGE_LOOP('',(#6730,#6731,#6732,#6738));
#6730 = ORIENTED_EDGE('',*,*,#1131,.T.);
#6731 = ORIENTED_EDGE('',*,*,#6477,.F.);
#6732 = ORIENTED_EDGE('',*,*,#6733,.F.);
#6733 = EDGE_CURVE('',#6709,#6470,#6734,.T.);
#6734 = LINE('',#6735,#6736);
#6735 = CARTESIAN_POINT('',(9.7622343573E-02,-0.116980067639,0.701));
#6736 = VECTOR('',#6737,1.);
#6737 = DIRECTION('',(1.,0.,0.));
#6738 = ORIENTED_EDGE('',*,*,#6708,.T.);
#6739 = PLANE('',#6740);
#6740 = AXIS2_PLACEMENT_3D('',#6741,#6742,#6743);
#6741 = CARTESIAN_POINT('',(9.7622343573E-02,-0.116980067639,0.701));
#6742 = DIRECTION('',(0.,1.,0.));
#6743 = DIRECTION('',(0.,-0.,1.));
#6744 = ADVANCED_FACE('',(#6745),#6759,.F.);
#6745 = FACE_BOUND('',#6746,.T.);
#6746 = EDGE_LOOP('',(#6747,#6748,#6749,#6750,#6751,#6752,#6753,#6754,
    #6755,#6756,#6757,#6758));
#6747 = ORIENTED_EDGE('',*,*,#6469,.T.);
#6748 = ORIENTED_EDGE('',*,*,#6500,.T.);
#6749 = ORIENTED_EDGE('',*,*,#6524,.T.);
#6750 = ORIENTED_EDGE('',*,*,#6548,.T.);
#6751 = ORIENTED_EDGE('',*,*,#6572,.T.);
#6752 = ORIENTED_EDGE('',*,*,#6596,.T.);
#6753 = ORIENTED_EDGE('',*,*,#6620,.T.);
#6754 = ORIENTED_EDGE('',*,*,#6644,.T.);
#6755 = ORIENTED_EDGE('',*,*,#6668,.T.);
#6756 = ORIENTED_EDGE('',*,*,#6692,.T.);
#6757 = ORIENTED_EDGE('',*,*,#6716,.T.);
#6758 = ORIENTED_EDGE('',*,*,#6733,.T.);
#6759 = PLANE('',#6760);
#6760 = AXIS2_PLACEMENT_3D('',#6761,#6762,#6763);
#6761 = CARTESIAN_POINT('',(0.,0.,0.701));
#6762 = DIRECTION('',(0.,0.,-1.));
#6763 = DIRECTION('',(-1.,0.,0.));
#6764 = ADVANCED_FACE('',(#6765,#6887),#6959,.T.);
#6765 = FACE_BOUND('',#6766,.T.);
#6766 = EDGE_LOOP('',(#6767,#6778,#6786,#6795,#6804,#6812,#6821,#6830,
    #6839,#6848,#6856,#6864,#6872,#6880));
#6767 = ORIENTED_EDGE('',*,*,#6768,.T.);
#6768 = EDGE_CURVE('',#6769,#6771,#6773,.T.);
#6769 = VERTEX_POINT('',#6770);
#6770 = CARTESIAN_POINT('',(0.141916030808,-4.2689364518E-02,0.701));
#6771 = VERTEX_POINT('',#6772);
#6772 = CARTESIAN_POINT('',(0.116909852921,-4.9447790974E-02,0.701));
#6773 = B_SPLINE_CURVE_WITH_KNOTS('',3,(#6774,#6775,#6776,#6777),
  .UNSPECIFIED.,.F.,.F.,(4,4),(0.,1.),.PIECEWISE_BEZIER_KNOTS.);
#6774 = CARTESIAN_POINT('',(0.141916030808,-4.2689364518E-02,0.701));
#6775 = CARTESIAN_POINT('',(0.13245423377,-4.2689364518E-02,0.701));
#6776 = CARTESIAN_POINT('',(0.124110176491,-4.4924844039E-02,0.701));
#6777 = CARTESIAN_POINT('',(0.116909852921,-4.9447790974E-02,0.701));
#6778 = ORIENTED_EDGE('',*,*,#6779,.T.);
#6779 = EDGE_CURVE('',#6771,#6780,#6782,.T.);
#6780 = VERTEX_POINT('',#6781);
#6781 = CARTESIAN_POINT('',(0.116909852921,-6.1820910179E-02,0.701));
#6782 = LINE('',#6783,#6784);
#6783 = CARTESIAN_POINT('',(0.116909852921,-6.1820910179E-02,0.701));
#6784 = VECTOR('',#6785,1.);
#6785 = DIRECTION('',(0.,-1.,0.));
#6786 = ORIENTED_EDGE('',*,*,#6787,.T.);
#6787 = EDGE_CURVE('',#6780,#6788,#6790,.T.);
#6788 = VERTEX_POINT('',#6789);
#6789 = CARTESIAN_POINT('',(0.140720309205,-5.3034955786E-02,0.701));
#6790 = B_SPLINE_CURVE_WITH_KNOTS('',3,(#6791,#6792,#6793,#6794),
  .UNSPECIFIED.,.F.,.F.,(4,4),(12.,13.),.PIECEWISE_BEZIER_KNOTS.);
#6791 = CARTESIAN_POINT('',(0.116909852921,-6.1820910179E-02,0.701));
#6792 = CARTESIAN_POINT('',(0.124084182543,-5.5998265847E-02,0.701));
#6793 = CARTESIAN_POINT('',(0.132012336655,-5.3034955786E-02,0.701));
#6794 = CARTESIAN_POINT('',(0.140720309205,-5.3034955786E-02,0.701));
#6795 = ORIENTED_EDGE('',*,*,#6796,.T.);
#6796 = EDGE_CURVE('',#6788,#6797,#6799,.T.);
#6797 = VERTEX_POINT('',#6798);
#6798 = CARTESIAN_POINT('',(0.15543288372,-7.0814816155E-02,0.701));
#6799 = B_SPLINE_CURVE_WITH_KNOTS('',3,(#6800,#6801,#6802,#6803),
  .UNSPECIFIED.,.F.,.F.,(4,4),(11.,12.),.PIECEWISE_BEZIER_KNOTS.);
#6800 = CARTESIAN_POINT('',(0.140720309205,-5.3034955786E-02,0.701));
#6801 = CARTESIAN_POINT('',(0.150520027566,-5.3034955786E-02,0.701));
#6802 = CARTESIAN_POINT('',(0.15543288372,-5.8961575909E-02,0.701));
#6803 = CARTESIAN_POINT('',(0.15543288372,-7.0814816155E-02,0.701));
#6804 = ORIENTED_EDGE('',*,*,#6805,.T.);
#6805 = EDGE_CURVE('',#6797,#6806,#6808,.T.);
#6806 = VERTEX_POINT('',#6807);
#6807 = CARTESIAN_POINT('',(0.133909894852,-7.3830114112E-02,0.701));
#6808 = LINE('',#6809,#6810);
#6809 = CARTESIAN_POINT('',(0.133909894852,-7.3830114112E-02,0.701));
#6810 = VECTOR('',#6811,1.);
#6811 = DIRECTION('',(-0.990328603988,-0.138741688482,0.));
#6812 = ORIENTED_EDGE('',*,*,#6813,.T.);
#6813 = EDGE_CURVE('',#6806,#6814,#6816,.T.);
#6814 = VERTEX_POINT('',#6815);
#6815 = CARTESIAN_POINT('',(0.109813505142,-9.7536594604E-02,0.701));
#6816 = B_SPLINE_CURVE_WITH_KNOTS('',3,(#6817,#6818,#6819,#6820),
  .UNSPECIFIED.,.F.,.F.,(4,4),(9.,10.),.PIECEWISE_BEZIER_KNOTS.);
#6817 = CARTESIAN_POINT('',(0.133909894852,-7.3830114112E-02,0.701));
#6818 = CARTESIAN_POINT('',(0.117845635046,-7.6065593632E-02,0.701));
#6819 = CARTESIAN_POINT('',(0.109813505142,-8.3967753796E-02,0.701));
#6820 = CARTESIAN_POINT('',(0.109813505142,-9.7536594604E-02,0.701));
#6821 = ORIENTED_EDGE('',*,*,#6822,.T.);
#6822 = EDGE_CURVE('',#6814,#6823,#6825,.T.);
#6823 = VERTEX_POINT('',#6824);
#6824 = CARTESIAN_POINT('',(0.11605205264,-0.112976999662,0.701));
#6825 = B_SPLINE_CURVE_WITH_KNOTS('',3,(#6826,#6827,#6828,#6829),
  .UNSPECIFIED.,.F.,.F.,(4,4),(8.,9.),.PIECEWISE_BEZIER_KNOTS.);
#6826 = CARTESIAN_POINT('',(0.109813505142,-9.7536594604E-02,0.701));
#6827 = CARTESIAN_POINT('',(0.109813505142,-0.104035081581,0.701));
#6828 = CARTESIAN_POINT('',(0.111893020975,-0.109181883267,0.701));
#6829 = CARTESIAN_POINT('',(0.11605205264,-0.112976999662,0.701));
#6830 = ORIENTED_EDGE('',*,*,#6831,.T.);
#6831 = EDGE_CURVE('',#6823,#6832,#6834,.T.);
#6832 = VERTEX_POINT('',#6833);
#6833 = CARTESIAN_POINT('',(0.132844142988,-0.118695668201,0.701));
#6834 = B_SPLINE_CURVE_WITH_KNOTS('',3,(#6835,#6836,#6837,#6838),
  .UNSPECIFIED.,.F.,.F.,(4,4),(7.,8.),.PIECEWISE_BEZIER_KNOTS.);
#6835 = CARTESIAN_POINT('',(0.11605205264,-0.112976999662,0.701));
#6836 = CARTESIAN_POINT('',(0.120211084305,-0.116772116056,0.701));
#6837 = CARTESIAN_POINT('',(0.125799783105,-0.118695668201,0.701));
#6838 = CARTESIAN_POINT('',(0.132844142988,-0.118695668201,0.701));
#6839 = ORIENTED_EDGE('',*,*,#6840,.T.);
#6840 = EDGE_CURVE('',#6832,#6841,#6843,.T.);
#6841 = VERTEX_POINT('',#6842);
#6842 = CARTESIAN_POINT('',(0.155094962398,-0.105750682143,0.701));
#6843 = B_SPLINE_CURVE_WITH_KNOTS('',3,(#6844,#6845,#6846,#6847),
  .UNSPECIFIED.,.F.,.F.,(4,4),(6.,7.),.PIECEWISE_BEZIER_KNOTS.);
#6844 = CARTESIAN_POINT('',(0.132844142988,-0.118695668201,0.701));
#6845 = CARTESIAN_POINT('',(0.14264386135,-0.118695668201,0.701));
#6846 = CARTESIAN_POINT('',(0.150078130451,-0.114380672848,0.701));
#6847 = CARTESIAN_POINT('',(0.155094962398,-0.105750682143,0.701));
#6848 = ORIENTED_EDGE('',*,*,#6849,.T.);
#6849 = EDGE_CURVE('',#6841,#6850,#6852,.T.);
#6850 = VERTEX_POINT('',#6851);
#6851 = CARTESIAN_POINT('',(0.15543288372,-0.105750682143,0.701));
#6852 = LINE('',#6853,#6854);
#6853 = CARTESIAN_POINT('',(0.15543288372,-0.105750682143,0.701));
#6854 = VECTOR('',#6855,1.);
#6855 = DIRECTION('',(1.,0.,0.));
#6856 = ORIENTED_EDGE('',*,*,#6857,.T.);
#6857 = EDGE_CURVE('',#6850,#6858,#6860,.T.);
#6858 = VERTEX_POINT('',#6859);
#6859 = CARTESIAN_POINT('',(0.15543288372,-0.116980067639,0.701));
#6860 = LINE('',#6861,#6862);
#6861 = CARTESIAN_POINT('',(0.15543288372,-0.116980067639,0.701));
#6862 = VECTOR('',#6863,1.);
#6863 = DIRECTION('',(0.,-1.,0.));
#6864 = ORIENTED_EDGE('',*,*,#6865,.T.);
#6865 = EDGE_CURVE('',#6858,#6866,#6868,.T.);
#6866 = VERTEX_POINT('',#6867);
#6867 = CARTESIAN_POINT('',(0.168169918195,-0.116980067639,0.701));
#6868 = LINE('',#6869,#6870);
#6869 = CARTESIAN_POINT('',(0.168169918195,-0.116980067639,0.701));
#6870 = VECTOR('',#6871,1.);
#6871 = DIRECTION('',(1.,0.,0.));
#6872 = ORIENTED_EDGE('',*,*,#6873,.T.);
#6873 = EDGE_CURVE('',#6866,#6874,#6876,.T.);
#6874 = VERTEX_POINT('',#6875);
#6875 = CARTESIAN_POINT('',(0.168169918195,-7.0242949301E-02,0.701));
#6876 = LINE('',#6877,#6878);
#6877 = CARTESIAN_POINT('',(0.168169918195,-7.0242949301E-02,0.701));
#6878 = VECTOR('',#6879,1.);
#6879 = DIRECTION('',(0.,1.,0.));
#6880 = ORIENTED_EDGE('',*,*,#6881,.T.);
#6881 = EDGE_CURVE('',#6874,#6769,#6882,.T.);
#6882 = B_SPLINE_CURVE_WITH_KNOTS('',3,(#6883,#6884,#6885,#6886),
  .UNSPECIFIED.,.F.,.F.,(4,4),(1.,2.),.PIECEWISE_BEZIER_KNOTS.);
#6883 = CARTESIAN_POINT('',(0.168169918195,-7.0242949301E-02,0.701));
#6884 = CARTESIAN_POINT('',(0.168169918195,-5.1839234182E-02,0.701));
#6885 = CARTESIAN_POINT('',(0.15940995775,-4.2689364518E-02,0.701));
#6886 = CARTESIAN_POINT('',(0.141916030808,-4.2689364518E-02,0.701));
#6887 = FACE_BOUND('',#6888,.T.);
#6888 = EDGE_LOOP('',(#6889,#6900,#6909,#6917,#6925,#6934,#6943,#6952));
#6889 = ORIENTED_EDGE('',*,*,#6890,.F.);
#6890 = EDGE_CURVE('',#6891,#6893,#6895,.T.);
#6891 = VERTEX_POINT('',#6892);
#6892 = CARTESIAN_POINT('',(0.12611171048,-8.7294979129E-02,0.701));
#6893 = VERTEX_POINT('',#6894);
#6894 = CARTESIAN_POINT('',(0.122732497252,-9.6496836688E-02,0.701));
#6895 = B_SPLINE_CURVE_WITH_KNOTS('',3,(#6896,#6897,#6898,#6899),
  .UNSPECIFIED.,.F.,.F.,(4,4),(1.,2.),.PIECEWISE_BEZIER_KNOTS.);
#6896 = CARTESIAN_POINT('',(0.12611171048,-8.7294979129E-02,0.701));
#6897 = CARTESIAN_POINT('',(0.12387623096,-8.9478470753E-02,0.701));
#6898 = CARTESIAN_POINT('',(0.122732497252,-9.2545756606E-02,0.701));
#6899 = CARTESIAN_POINT('',(0.122732497252,-9.6496836688E-02,0.701));
#6900 = ORIENTED_EDGE('',*,*,#6901,.F.);
#6901 = EDGE_CURVE('',#6902,#6891,#6904,.T.);
#6902 = VERTEX_POINT('',#6903);
#6903 = CARTESIAN_POINT('',(0.138432841788,-8.2824020088E-02,0.701));
#6904 = B_SPLINE_CURVE_WITH_KNOTS('',3,(#6905,#6906,#6907,#6908),
  .UNSPECIFIED.,.F.,.F.,(4,4),(0.,1.),.PIECEWISE_BEZIER_KNOTS.);
#6905 = CARTESIAN_POINT('',(0.138432841788,-8.2824020088E-02,0.701));
#6906 = CARTESIAN_POINT('',(0.132480227718,-8.3655826422E-02,0.701));
#6907 = CARTESIAN_POINT('',(0.128373183948,-8.5111487504E-02,0.701));
#6908 = CARTESIAN_POINT('',(0.12611171048,-8.7294979129E-02,0.701));
#6909 = ORIENTED_EDGE('',*,*,#6910,.F.);
#6910 = EDGE_CURVE('',#6911,#6902,#6913,.T.);
#6911 = VERTEX_POINT('',#6912);
#6912 = CARTESIAN_POINT('',(0.15543288372,-8.0536552672E-02,0.701));
#6913 = LINE('',#6914,#6915);
#6914 = CARTESIAN_POINT('',(0.15543288372,-8.0536552672E-02,0.701));
#6915 = VECTOR('',#6916,1.);
#6916 = DIRECTION('',(-0.9910683663,-0.133354764893,0.));
#6917 = ORIENTED_EDGE('',*,*,#6918,.F.);
#6918 = EDGE_CURVE('',#6919,#6911,#6921,.T.);
#6919 = VERTEX_POINT('',#6920);
#6920 = CARTESIAN_POINT('',(0.15543288372,-8.7502930712E-02,0.701));
#6921 = LINE('',#6922,#6923);
#6922 = CARTESIAN_POINT('',(0.15543288372,-8.7502930712E-02,0.701));
#6923 = VECTOR('',#6924,1.);
#6924 = DIRECTION('',(0.,1.,0.));
#6925 = ORIENTED_EDGE('',*,*,#6926,.F.);
#6926 = EDGE_CURVE('',#6927,#6919,#6929,.T.);
#6927 = VERTEX_POINT('',#6928);
#6928 = CARTESIAN_POINT('',(0.14997415466,-0.102319481019,0.701));
#6929 = B_SPLINE_CURVE_WITH_KNOTS('',3,(#6930,#6931,#6932,#6933),
  .UNSPECIFIED.,.F.,.F.,(4,4),(5.,6.),.PIECEWISE_BEZIER_KNOTS.);
#6930 = CARTESIAN_POINT('',(0.14997415466,-0.102319481019,0.701));
#6931 = CARTESIAN_POINT('',(0.153613307367,-9.8420388833E-02,0.701));
#6932 = CARTESIAN_POINT('',(0.15543288372,-9.3481538731E-02,0.701));
#6933 = CARTESIAN_POINT('',(0.15543288372,-8.7502930712E-02,0.701));
#6934 = ORIENTED_EDGE('',*,*,#6935,.F.);
#6935 = EDGE_CURVE('',#6936,#6927,#6938,.T.);
#6936 = VERTEX_POINT('',#6937);
#6937 = CARTESIAN_POINT('',(0.136145374373,-0.108246101142,0.701));
#6938 = B_SPLINE_CURVE_WITH_KNOTS('',3,(#6939,#6940,#6941,#6942),
  .UNSPECIFIED.,.F.,.F.,(4,4),(4.,5.),.PIECEWISE_BEZIER_KNOTS.);
#6939 = CARTESIAN_POINT('',(0.136145374373,-0.108246101142,0.701));
#6940 = CARTESIAN_POINT('',(0.141734073173,-0.108246101142,0.701));
#6941 = CARTESIAN_POINT('',(0.1463609959,-0.106270561101,0.701));
#6942 = CARTESIAN_POINT('',(0.14997415466,-0.102319481019,0.701));
#6943 = ORIENTED_EDGE('',*,*,#6944,.F.);
#6944 = EDGE_CURVE('',#6945,#6936,#6947,.T.);
#6945 = VERTEX_POINT('',#6946);
#6946 = CARTESIAN_POINT('',(0.126423637855,-0.104970863706,0.701));
#6947 = B_SPLINE_CURVE_WITH_KNOTS('',3,(#6948,#6949,#6950,#6951),
  .UNSPECIFIED.,.F.,.F.,(4,4),(3.,4.),.PIECEWISE_BEZIER_KNOTS.);
#6948 = CARTESIAN_POINT('',(0.126423637855,-0.104970863706,0.701));
#6949 = CARTESIAN_POINT('',(0.128867068959,-0.10715435533,0.701));
#6950 = CARTESIAN_POINT('',(0.132116312447,-0.108246101142,0.701));
#6951 = CARTESIAN_POINT('',(0.136145374373,-0.108246101142,0.701));
#6952 = ORIENTED_EDGE('',*,*,#6953,.F.);
#6953 = EDGE_CURVE('',#6893,#6945,#6954,.T.);
#6954 = B_SPLINE_CURVE_WITH_KNOTS('',3,(#6955,#6956,#6957,#6958),
  .UNSPECIFIED.,.F.,.F.,(4,4),(2.,3.),.PIECEWISE_BEZIER_KNOTS.);
#6955 = CARTESIAN_POINT('',(0.122732497252,-9.6496836688E-02,0.701));
#6956 = CARTESIAN_POINT('',(0.122732497252,-9.9980025707E-02,0.701));
#6957 = CARTESIAN_POINT('',(0.123954212804,-0.102787372082,0.701));
#6958 = CARTESIAN_POINT('',(0.126423637855,-0.104970863706,0.701));
#6959 = PLANE('',#6960);
#6960 = AXIS2_PLACEMENT_3D('',#6961,#6962,#6963);
#6961 = CARTESIAN_POINT('',(0.128564889314,-4.4372472645E-02,0.701));
#6962 = DIRECTION('',(0.,0.,1.));
#6963 = DIRECTION('',(1.,0.,-0.));
#6964 = ADVANCED_FACE('',(#6965),#6981,.F.);
#6965 = FACE_BOUND('',#6966,.F.);
#6966 = EDGE_LOOP('',(#6967,#6973,#6974,#6980));
#6967 = ORIENTED_EDGE('',*,*,#6968,.F.);
#6968 = EDGE_CURVE('',#6769,#530,#6969,.T.);
#6969 = LINE('',#6970,#6971);
#6970 = CARTESIAN_POINT('',(0.141916030808,-4.2689364518E-02,0.701));
#6971 = VECTOR('',#6972,1.);
#6972 = DIRECTION('',(0.,0.,-1.));
#6973 = ORIENTED_EDGE('',*,*,#6768,.T.);
#6974 = ORIENTED_EDGE('',*,*,#6975,.T.);
#6975 = EDGE_CURVE('',#6771,#520,#6976,.T.);
#6976 = LINE('',#6977,#6978);
#6977 = CARTESIAN_POINT('',(0.116909852921,-4.9447790974E-02,0.701));
#6978 = VECTOR('',#6979,1.);
#6979 = DIRECTION('',(0.,0.,-1.));
#6980 = ORIENTED_EDGE('',*,*,#529,.F.);
#6981 = B_SPLINE_SURFACE_WITH_KNOTS('',3,1,(
    (#6982,#6983)
    ,(#6984,#6985)
    ,(#6986,#6987)
    ,(#6988,#6989
    )),.UNSPECIFIED.,.F.,.F.,.F.,(4,4),(2,2),(0.,1.),(0.,1.),
  .PIECEWISE_BEZIER_KNOTS.);
#6982 = CARTESIAN_POINT('',(0.141916030808,-4.2689364518E-02,0.701));
#6983 = CARTESIAN_POINT('',(0.141916030808,-4.2689364518E-02,
    0.699999999999));
#6984 = CARTESIAN_POINT('',(0.13245423377,-4.2689364518E-02,0.701));
#6985 = CARTESIAN_POINT('',(0.13245423377,-4.2689364518E-02,
    0.699999999999));
#6986 = CARTESIAN_POINT('',(0.124110176491,-4.4924844039E-02,0.701));
#6987 = CARTESIAN_POINT('',(0.124110176491,-4.4924844039E-02,
    0.699999999999));
#6988 = CARTESIAN_POINT('',(0.116909852921,-4.9447790974E-02,0.701));
#6989 = CARTESIAN_POINT('',(0.116909852921,-4.9447790974E-02,
    0.699999999999));
#6990 = ADVANCED_FACE('',(#6991),#7002,.F.);
#6991 = FACE_BOUND('',#6992,.T.);
#6992 = EDGE_LOOP('',(#6993,#6994,#7000,#7001));
#6993 = ORIENTED_EDGE('',*,*,#519,.T.);
#6994 = ORIENTED_EDGE('',*,*,#6995,.F.);
#6995 = EDGE_CURVE('',#6780,#522,#6996,.T.);
#6996 = LINE('',#6997,#6998);
#6997 = CARTESIAN_POINT('',(0.116909852921,-6.1820910179E-02,0.701));
#6998 = VECTOR('',#6999,1.);
#6999 = DIRECTION('',(0.,0.,-1.));
#7000 = ORIENTED_EDGE('',*,*,#6779,.F.);
#7001 = ORIENTED_EDGE('',*,*,#6975,.T.);
#7002 = PLANE('',#7003);
#7003 = AXIS2_PLACEMENT_3D('',#7004,#7005,#7006);
#7004 = CARTESIAN_POINT('',(0.116909852921,-6.1820910179E-02,0.701));
#7005 = DIRECTION('',(1.,0.,0.));
#7006 = DIRECTION('',(0.,0.,-1.));
#7007 = ADVANCED_FACE('',(#7008),#7019,.F.);
#7008 = FACE_BOUND('',#7009,.F.);
#7009 = EDGE_LOOP('',(#7010,#7011,#7012,#7018));
#7010 = ORIENTED_EDGE('',*,*,#6995,.F.);
#7011 = ORIENTED_EDGE('',*,*,#6787,.T.);
#7012 = ORIENTED_EDGE('',*,*,#7013,.T.);
#7013 = EDGE_CURVE('',#6788,#624,#7014,.T.);
#7014 = LINE('',#7015,#7016);
#7015 = CARTESIAN_POINT('',(0.140720309205,-5.3034955786E-02,0.701));
#7016 = VECTOR('',#7017,1.);
#7017 = DIRECTION('',(0.,0.,-1.));
#7018 = ORIENTED_EDGE('',*,*,#632,.F.);
#7019 = B_SPLINE_SURFACE_WITH_KNOTS('',3,1,(
    (#7020,#7021)
    ,(#7022,#7023)
    ,(#7024,#7025)
    ,(#7026,#7027
    )),.UNSPECIFIED.,.F.,.F.,.F.,(4,4),(2,2),(12.,13.),(0.,1.),
  .PIECEWISE_BEZIER_KNOTS.);
#7020 = CARTESIAN_POINT('',(0.116909852921,-6.1820910179E-02,0.701));
#7021 = CARTESIAN_POINT('',(0.116909852921,-6.1820910179E-02,
    0.699999999999));
#7022 = CARTESIAN_POINT('',(0.124084182543,-5.5998265847E-02,0.701));
#7023 = CARTESIAN_POINT('',(0.124084182543,-5.5998265847E-02,
    0.699999999999));
#7024 = CARTESIAN_POINT('',(0.132012336655,-5.3034955786E-02,0.701));
#7025 = CARTESIAN_POINT('',(0.132012336655,-5.3034955786E-02,
    0.699999999999));
#7026 = CARTESIAN_POINT('',(0.140720309205,-5.3034955786E-02,0.701));
#7027 = CARTESIAN_POINT('',(0.140720309205,-5.3034955786E-02,
    0.699999999999));
#7028 = ADVANCED_FACE('',(#7029),#7040,.F.);
#7029 = FACE_BOUND('',#7030,.F.);
#7030 = EDGE_LOOP('',(#7031,#7032,#7033,#7039));
#7031 = ORIENTED_EDGE('',*,*,#7013,.F.);
#7032 = ORIENTED_EDGE('',*,*,#6796,.T.);
#7033 = ORIENTED_EDGE('',*,*,#7034,.T.);
#7034 = EDGE_CURVE('',#6797,#616,#7035,.T.);
#7035 = LINE('',#7036,#7037);
#7036 = CARTESIAN_POINT('',(0.15543288372,-7.0814816155E-02,0.701));
#7037 = VECTOR('',#7038,1.);
#7038 = DIRECTION('',(0.,0.,-1.));
#7039 = ORIENTED_EDGE('',*,*,#623,.F.);
#7040 = B_SPLINE_SURFACE_WITH_KNOTS('',3,1,(
    (#7041,#7042)
    ,(#7043,#7044)
    ,(#7045,#7046)
    ,(#7047,#7048
    )),.UNSPECIFIED.,.F.,.F.,.F.,(4,4),(2,2),(11.,12.),(0.,1.),
  .PIECEWISE_BEZIER_KNOTS.);
#7041 = CARTESIAN_POINT('',(0.140720309205,-5.3034955786E-02,0.701));
#7042 = CARTESIAN_POINT('',(0.140720309205,-5.3034955786E-02,
    0.699999999999));
#7043 = CARTESIAN_POINT('',(0.150520027566,-5.3034955786E-02,0.701));
#7044 = CARTESIAN_POINT('',(0.150520027566,-5.3034955786E-02,
    0.699999999999));
#7045 = CARTESIAN_POINT('',(0.15543288372,-5.8961575909E-02,0.701));
#7046 = CARTESIAN_POINT('',(0.15543288372,-5.8961575909E-02,
    0.699999999999));
#7047 = CARTESIAN_POINT('',(0.15543288372,-7.0814816155E-02,0.701));
#7048 = CARTESIAN_POINT('',(0.15543288372,-7.0814816155E-02,
    0.699999999999));
#7049 = ADVANCED_FACE('',(#7050),#7061,.F.);
#7050 = FACE_BOUND('',#7051,.T.);
#7051 = EDGE_LOOP('',(#7052,#7053,#7059,#7060));
#7052 = ORIENTED_EDGE('',*,*,#615,.T.);
#7053 = ORIENTED_EDGE('',*,*,#7054,.F.);
#7054 = EDGE_CURVE('',#6806,#607,#7055,.T.);
#7055 = LINE('',#7056,#7057);
#7056 = CARTESIAN_POINT('',(0.133909894852,-7.3830114112E-02,0.701));
#7057 = VECTOR('',#7058,1.);
#7058 = DIRECTION('',(0.,0.,-1.));
#7059 = ORIENTED_EDGE('',*,*,#6805,.F.);
#7060 = ORIENTED_EDGE('',*,*,#7034,.T.);
#7061 = PLANE('',#7062);
#7062 = AXIS2_PLACEMENT_3D('',#7063,#7064,#7065);
#7063 = CARTESIAN_POINT('',(0.133909894852,-7.3830114112E-02,0.701));
#7064 = DIRECTION('',(0.138741688482,-0.990328603988,0.));
#7065 = DIRECTION('',(0.990328603988,0.138741688482,0.));
#7066 = ADVANCED_FACE('',(#7067),#7078,.F.);
#7067 = FACE_BOUND('',#7068,.F.);
#7068 = EDGE_LOOP('',(#7069,#7070,#7071,#7077));
#7069 = ORIENTED_EDGE('',*,*,#7054,.F.);
#7070 = ORIENTED_EDGE('',*,*,#6813,.T.);
#7071 = ORIENTED_EDGE('',*,*,#7072,.T.);
#7072 = EDGE_CURVE('',#6814,#598,#7073,.T.);
#7073 = LINE('',#7074,#7075);
#7074 = CARTESIAN_POINT('',(0.109813505142,-9.7536594604E-02,0.701));
#7075 = VECTOR('',#7076,1.);
#7076 = DIRECTION('',(0.,0.,-1.));
#7077 = ORIENTED_EDGE('',*,*,#606,.F.);
#7078 = B_SPLINE_SURFACE_WITH_KNOTS('',3,1,(
    (#7079,#7080)
    ,(#7081,#7082)
    ,(#7083,#7084)
    ,(#7085,#7086
    )),.UNSPECIFIED.,.F.,.F.,.F.,(4,4),(2,2),(9.,10.),(0.,1.),
  .PIECEWISE_BEZIER_KNOTS.);
#7079 = CARTESIAN_POINT('',(0.133909894852,-7.3830114112E-02,0.701));
#7080 = CARTESIAN_POINT('',(0.133909894852,-7.3830114112E-02,
    0.699999999999));
#7081 = CARTESIAN_POINT('',(0.117845635046,-7.6065593632E-02,0.701));
#7082 = CARTESIAN_POINT('',(0.117845635046,-7.6065593632E-02,
    0.699999999999));
#7083 = CARTESIAN_POINT('',(0.109813505142,-8.3967753796E-02,0.701));
#7084 = CARTESIAN_POINT('',(0.109813505142,-8.3967753796E-02,
    0.699999999999));
#7085 = CARTESIAN_POINT('',(0.109813505142,-9.7536594604E-02,0.701));
#7086 = CARTESIAN_POINT('',(0.109813505142,-9.7536594604E-02,
    0.699999999999));
#7087 = ADVANCED_FACE('',(#7088),#7099,.F.);
#7088 = FACE_BOUND('',#7089,.F.);
#7089 = EDGE_LOOP('',(#7090,#7091,#7092,#7098));
#7090 = ORIENTED_EDGE('',*,*,#7072,.F.);
#7091 = ORIENTED_EDGE('',*,*,#6822,.T.);
#7092 = ORIENTED_EDGE('',*,*,#7093,.T.);
#7093 = EDGE_CURVE('',#6823,#589,#7094,.T.);
#7094 = LINE('',#7095,#7096);
#7095 = CARTESIAN_POINT('',(0.11605205264,-0.112976999662,0.701));
#7096 = VECTOR('',#7097,1.);
#7097 = DIRECTION('',(0.,0.,-1.));
#7098 = ORIENTED_EDGE('',*,*,#597,.F.);
#7099 = B_SPLINE_SURFACE_WITH_KNOTS('',3,1,(
    (#7100,#7101)
    ,(#7102,#7103)
    ,(#7104,#7105)
    ,(#7106,#7107
    )),.UNSPECIFIED.,.F.,.F.,.F.,(4,4),(2,2),(8.,9.),(0.,1.),
  .PIECEWISE_BEZIER_KNOTS.);
#7100 = CARTESIAN_POINT('',(0.109813505142,-9.7536594604E-02,0.701));
#7101 = CARTESIAN_POINT('',(0.109813505142,-9.7536594604E-02,
    0.699999999999));
#7102 = CARTESIAN_POINT('',(0.109813505142,-0.104035081581,0.701));
#7103 = CARTESIAN_POINT('',(0.109813505142,-0.104035081581,
    0.699999999999));
#7104 = CARTESIAN_POINT('',(0.111893020975,-0.109181883267,0.701));
#7105 = CARTESIAN_POINT('',(0.111893020975,-0.109181883267,
    0.699999999999));
#7106 = CARTESIAN_POINT('',(0.11605205264,-0.112976999662,0.701));
#7107 = CARTESIAN_POINT('',(0.11605205264,-0.112976999662,0.699999999999
    ));
#7108 = ADVANCED_FACE('',(#7109),#7120,.F.);
#7109 = FACE_BOUND('',#7110,.F.);
#7110 = EDGE_LOOP('',(#7111,#7112,#7113,#7119));
#7111 = ORIENTED_EDGE('',*,*,#7093,.F.);
#7112 = ORIENTED_EDGE('',*,*,#6831,.T.);
#7113 = ORIENTED_EDGE('',*,*,#7114,.T.);
#7114 = EDGE_CURVE('',#6832,#580,#7115,.T.);
#7115 = LINE('',#7116,#7117);
#7116 = CARTESIAN_POINT('',(0.132844142988,-0.118695668201,0.701));
#7117 = VECTOR('',#7118,1.);
#7118 = DIRECTION('',(0.,0.,-1.));
#7119 = ORIENTED_EDGE('',*,*,#588,.F.);
#7120 = B_SPLINE_SURFACE_WITH_KNOTS('',3,1,(
    (#7121,#7122)
    ,(#7123,#7124)
    ,(#7125,#7126)
    ,(#7127,#7128
    )),.UNSPECIFIED.,.F.,.F.,.F.,(4,4),(2,2),(7.,8.),(0.,1.),
  .PIECEWISE_BEZIER_KNOTS.);
#7121 = CARTESIAN_POINT('',(0.11605205264,-0.112976999662,0.701));
#7122 = CARTESIAN_POINT('',(0.11605205264,-0.112976999662,0.699999999999
    ));
#7123 = CARTESIAN_POINT('',(0.120211084305,-0.116772116056,0.701));
#7124 = CARTESIAN_POINT('',(0.120211084305,-0.116772116056,
    0.699999999999));
#7125 = CARTESIAN_POINT('',(0.125799783105,-0.118695668201,0.701));
#7126 = CARTESIAN_POINT('',(0.125799783105,-0.118695668201,
    0.699999999999));
#7127 = CARTESIAN_POINT('',(0.132844142988,-0.118695668201,0.701));
#7128 = CARTESIAN_POINT('',(0.132844142988,-0.118695668201,
    0.699999999999));
#7129 = ADVANCED_FACE('',(#7130),#7141,.F.);
#7130 = FACE_BOUND('',#7131,.F.);
#7131 = EDGE_LOOP('',(#7132,#7133,#7134,#7140));
#7132 = ORIENTED_EDGE('',*,*,#7114,.F.);
#7133 = ORIENTED_EDGE('',*,*,#6840,.T.);
#7134 = ORIENTED_EDGE('',*,*,#7135,.T.);
#7135 = EDGE_CURVE('',#6841,#572,#7136,.T.);
#7136 = LINE('',#7137,#7138);
#7137 = CARTESIAN_POINT('',(0.155094962398,-0.105750682143,0.701));
#7138 = VECTOR('',#7139,1.);
#7139 = DIRECTION('',(0.,0.,-1.));
#7140 = ORIENTED_EDGE('',*,*,#579,.F.);
#7141 = B_SPLINE_SURFACE_WITH_KNOTS('',3,1,(
    (#7142,#7143)
    ,(#7144,#7145)
    ,(#7146,#7147)
    ,(#7148,#7149
    )),.UNSPECIFIED.,.F.,.F.,.F.,(4,4),(2,2),(6.,7.),(0.,1.),
  .PIECEWISE_BEZIER_KNOTS.);
#7142 = CARTESIAN_POINT('',(0.132844142988,-0.118695668201,0.701));
#7143 = CARTESIAN_POINT('',(0.132844142988,-0.118695668201,
    0.699999999999));
#7144 = CARTESIAN_POINT('',(0.14264386135,-0.118695668201,0.701));
#7145 = CARTESIAN_POINT('',(0.14264386135,-0.118695668201,0.699999999999
    ));
#7146 = CARTESIAN_POINT('',(0.150078130451,-0.114380672848,0.701));
#7147 = CARTESIAN_POINT('',(0.150078130451,-0.114380672848,
    0.699999999999));
#7148 = CARTESIAN_POINT('',(0.155094962398,-0.105750682143,0.701));
#7149 = CARTESIAN_POINT('',(0.155094962398,-0.105750682143,
    0.699999999999));
#7150 = ADVANCED_FACE('',(#7151),#7162,.F.);
#7151 = FACE_BOUND('',#7152,.T.);
#7152 = EDGE_LOOP('',(#7153,#7154,#7160,#7161));
#7153 = ORIENTED_EDGE('',*,*,#571,.T.);
#7154 = ORIENTED_EDGE('',*,*,#7155,.F.);
#7155 = EDGE_CURVE('',#6850,#564,#7156,.T.);
#7156 = LINE('',#7157,#7158);
#7157 = CARTESIAN_POINT('',(0.15543288372,-0.105750682143,0.701));
#7158 = VECTOR('',#7159,1.);
#7159 = DIRECTION('',(0.,0.,-1.));
#7160 = ORIENTED_EDGE('',*,*,#6849,.F.);
#7161 = ORIENTED_EDGE('',*,*,#7135,.T.);
#7162 = PLANE('',#7163);
#7163 = AXIS2_PLACEMENT_3D('',#7164,#7165,#7166);
#7164 = CARTESIAN_POINT('',(0.15543288372,-0.105750682143,0.701));
#7165 = DIRECTION('',(0.,1.,0.));
#7166 = DIRECTION('',(0.,-0.,1.));
#7167 = ADVANCED_FACE('',(#7168),#7179,.F.);
#7168 = FACE_BOUND('',#7169,.T.);
#7169 = EDGE_LOOP('',(#7170,#7171,#7177,#7178));
#7170 = ORIENTED_EDGE('',*,*,#563,.T.);
#7171 = ORIENTED_EDGE('',*,*,#7172,.F.);
#7172 = EDGE_CURVE('',#6858,#556,#7173,.T.);
#7173 = LINE('',#7174,#7175);
#7174 = CARTESIAN_POINT('',(0.15543288372,-0.116980067639,0.701));
#7175 = VECTOR('',#7176,1.);
#7176 = DIRECTION('',(0.,0.,-1.));
#7177 = ORIENTED_EDGE('',*,*,#6857,.F.);
#7178 = ORIENTED_EDGE('',*,*,#7155,.T.);
#7179 = PLANE('',#7180);
#7180 = AXIS2_PLACEMENT_3D('',#7181,#7182,#7183);
#7181 = CARTESIAN_POINT('',(0.15543288372,-0.116980067639,0.701));
#7182 = DIRECTION('',(1.,0.,0.));
#7183 = DIRECTION('',(0.,0.,-1.));
#7184 = ADVANCED_FACE('',(#7185),#7196,.F.);
#7185 = FACE_BOUND('',#7186,.T.);
#7186 = EDGE_LOOP('',(#7187,#7188,#7194,#7195));
#7187 = ORIENTED_EDGE('',*,*,#555,.T.);
#7188 = ORIENTED_EDGE('',*,*,#7189,.F.);
#7189 = EDGE_CURVE('',#6866,#548,#7190,.T.);
#7190 = LINE('',#7191,#7192);
#7191 = CARTESIAN_POINT('',(0.168169918195,-0.116980067639,0.701));
#7192 = VECTOR('',#7193,1.);
#7193 = DIRECTION('',(0.,0.,-1.));
#7194 = ORIENTED_EDGE('',*,*,#6865,.F.);
#7195 = ORIENTED_EDGE('',*,*,#7172,.T.);
#7196 = PLANE('',#7197);
#7197 = AXIS2_PLACEMENT_3D('',#7198,#7199,#7200);
#7198 = CARTESIAN_POINT('',(0.168169918195,-0.116980067639,0.701));
#7199 = DIRECTION('',(0.,1.,0.));
#7200 = DIRECTION('',(0.,-0.,1.));
#7201 = ADVANCED_FACE('',(#7202),#7213,.F.);
#7202 = FACE_BOUND('',#7203,.T.);
#7203 = EDGE_LOOP('',(#7204,#7205,#7211,#7212));
#7204 = ORIENTED_EDGE('',*,*,#547,.T.);
#7205 = ORIENTED_EDGE('',*,*,#7206,.F.);
#7206 = EDGE_CURVE('',#6874,#539,#7207,.T.);
#7207 = LINE('',#7208,#7209);
#7208 = CARTESIAN_POINT('',(0.168169918195,-7.0242949301E-02,0.701));
#7209 = VECTOR('',#7210,1.);
#7210 = DIRECTION('',(0.,0.,-1.));
#7211 = ORIENTED_EDGE('',*,*,#6873,.F.);
#7212 = ORIENTED_EDGE('',*,*,#7189,.T.);
#7213 = PLANE('',#7214);
#7214 = AXIS2_PLACEMENT_3D('',#7215,#7216,#7217);
#7215 = CARTESIAN_POINT('',(0.168169918195,-7.0242949301E-02,0.701));
#7216 = DIRECTION('',(-1.,0.,0.));
#7217 = DIRECTION('',(0.,0.,1.));
#7218 = ADVANCED_FACE('',(#7219),#7225,.F.);
#7219 = FACE_BOUND('',#7220,.F.);
#7220 = EDGE_LOOP('',(#7221,#7222,#7223,#7224));
#7221 = ORIENTED_EDGE('',*,*,#7206,.F.);
#7222 = ORIENTED_EDGE('',*,*,#6881,.T.);
#7223 = ORIENTED_EDGE('',*,*,#6968,.T.);
#7224 = ORIENTED_EDGE('',*,*,#538,.F.);
#7225 = B_SPLINE_SURFACE_WITH_KNOTS('',3,1,(
    (#7226,#7227)
    ,(#7228,#7229)
    ,(#7230,#7231)
    ,(#7232,#7233
    )),.UNSPECIFIED.,.F.,.F.,.F.,(4,4),(2,2),(1.,2.),(0.,1.),
  .PIECEWISE_BEZIER_KNOTS.);
#7226 = CARTESIAN_POINT('',(0.168169918195,-7.0242949301E-02,0.701));
#7227 = CARTESIAN_POINT('',(0.168169918195,-7.0242949301E-02,
    0.699999999999));
#7228 = CARTESIAN_POINT('',(0.168169918195,-5.1839234182E-02,0.701));
#7229 = CARTESIAN_POINT('',(0.168169918195,-5.1839234182E-02,
    0.699999999999));
#7230 = CARTESIAN_POINT('',(0.15940995775,-4.2689364518E-02,0.701));
#7231 = CARTESIAN_POINT('',(0.15940995775,-4.2689364518E-02,
    0.699999999999));
#7232 = CARTESIAN_POINT('',(0.141916030808,-4.2689364518E-02,0.701));
#7233 = CARTESIAN_POINT('',(0.141916030808,-4.2689364518E-02,
    0.699999999999));
#7234 = ADVANCED_FACE('',(#7235),#7261,.T.);
#7235 = FACE_BOUND('',#7236,.T.);
#7236 = EDGE_LOOP('',(#7237,#7248,#7254,#7255));
#7237 = ORIENTED_EDGE('',*,*,#7238,.F.);
#7238 = EDGE_CURVE('',#7239,#7241,#7243,.T.);
#7239 = VERTEX_POINT('',#7240);
#7240 = CARTESIAN_POINT('',(0.138432841788,-8.2824020088E-02,
    0.699999999999));
#7241 = VERTEX_POINT('',#7242);
#7242 = CARTESIAN_POINT('',(0.12611171048,-8.7294979129E-02,
    0.699999999999));
#7243 = B_SPLINE_CURVE_WITH_KNOTS('',3,(#7244,#7245,#7246,#7247),
  .UNSPECIFIED.,.F.,.F.,(4,4),(0.,1.),.PIECEWISE_BEZIER_KNOTS.);
#7244 = CARTESIAN_POINT('',(0.138432841788,-8.2824020088E-02,
    0.699999999999));
#7245 = CARTESIAN_POINT('',(0.132480227718,-8.3655826422E-02,
    0.699999999999));
#7246 = CARTESIAN_POINT('',(0.128373183948,-8.5111487504E-02,
    0.699999999999));
#7247 = CARTESIAN_POINT('',(0.12611171048,-8.7294979129E-02,
    0.699999999999));
#7248 = ORIENTED_EDGE('',*,*,#7249,.F.);
#7249 = EDGE_CURVE('',#6902,#7239,#7250,.T.);
#7250 = LINE('',#7251,#7252);
#7251 = CARTESIAN_POINT('',(0.138432841788,-8.2824020088E-02,0.701));
#7252 = VECTOR('',#7253,1.);
#7253 = DIRECTION('',(0.,0.,-1.));
#7254 = ORIENTED_EDGE('',*,*,#6901,.T.);
#7255 = ORIENTED_EDGE('',*,*,#7256,.T.);
#7256 = EDGE_CURVE('',#6891,#7241,#7257,.T.);
#7257 = LINE('',#7258,#7259);
#7258 = CARTESIAN_POINT('',(0.12611171048,-8.7294979129E-02,0.701));
#7259 = VECTOR('',#7260,1.);
#7260 = DIRECTION('',(0.,0.,-1.));
#7261 = B_SPLINE_SURFACE_WITH_KNOTS('',3,1,(
    (#7262,#7263)
    ,(#7264,#7265)
    ,(#7266,#7267)
    ,(#7268,#7269
    )),.UNSPECIFIED.,.F.,.F.,.F.,(4,4),(2,2),(0.,1.),(0.,1.),
  .PIECEWISE_BEZIER_KNOTS.);
#7262 = CARTESIAN_POINT('',(0.138432841788,-8.2824020088E-02,0.701));
#7263 = CARTESIAN_POINT('',(0.138432841788,-8.2824020088E-02,
    0.699999999999));
#7264 = CARTESIAN_POINT('',(0.132480227718,-8.3655826422E-02,0.701));
#7265 = CARTESIAN_POINT('',(0.132480227718,-8.3655826422E-02,
    0.699999999999));
#7266 = CARTESIAN_POINT('',(0.128373183948,-8.5111487504E-02,0.701));
#7267 = CARTESIAN_POINT('',(0.128373183948,-8.5111487504E-02,
    0.699999999999));
#7268 = CARTESIAN_POINT('',(0.12611171048,-8.7294979129E-02,0.701));
#7269 = CARTESIAN_POINT('',(0.12611171048,-8.7294979129E-02,
    0.699999999999));
#7270 = ADVANCED_FACE('',(#7271),#7290,.T.);
#7271 = FACE_BOUND('',#7272,.T.);
#7272 = EDGE_LOOP('',(#7273,#7282,#7283,#7284));
#7273 = ORIENTED_EDGE('',*,*,#7274,.F.);
#7274 = EDGE_CURVE('',#7241,#7275,#7277,.T.);
#7275 = VERTEX_POINT('',#7276);
#7276 = CARTESIAN_POINT('',(0.122732497252,-9.6496836688E-02,
    0.699999999999));
#7277 = B_SPLINE_CURVE_WITH_KNOTS('',3,(#7278,#7279,#7280,#7281),
  .UNSPECIFIED.,.F.,.F.,(4,4),(1.,2.),.PIECEWISE_BEZIER_KNOTS.);
#7278 = CARTESIAN_POINT('',(0.12611171048,-8.7294979129E-02,
    0.699999999999));
#7279 = CARTESIAN_POINT('',(0.12387623096,-8.9478470753E-02,
    0.699999999999));
#7280 = CARTESIAN_POINT('',(0.122732497252,-9.2545756606E-02,
    0.699999999999));
#7281 = CARTESIAN_POINT('',(0.122732497252,-9.6496836688E-02,
    0.699999999999));
#7282 = ORIENTED_EDGE('',*,*,#7256,.F.);
#7283 = ORIENTED_EDGE('',*,*,#6890,.T.);
#7284 = ORIENTED_EDGE('',*,*,#7285,.T.);
#7285 = EDGE_CURVE('',#6893,#7275,#7286,.T.);
#7286 = LINE('',#7287,#7288);
#7287 = CARTESIAN_POINT('',(0.122732497252,-9.6496836688E-02,0.701));
#7288 = VECTOR('',#7289,1.);
#7289 = DIRECTION('',(0.,0.,-1.));
#7290 = B_SPLINE_SURFACE_WITH_KNOTS('',3,1,(
    (#7291,#7292)
    ,(#7293,#7294)
    ,(#7295,#7296)
    ,(#7297,#7298
    )),.UNSPECIFIED.,.F.,.F.,.F.,(4,4),(2,2),(1.,2.),(0.,1.),
  .PIECEWISE_BEZIER_KNOTS.);
#7291 = CARTESIAN_POINT('',(0.12611171048,-8.7294979129E-02,0.701));
#7292 = CARTESIAN_POINT('',(0.12611171048,-8.7294979129E-02,
    0.699999999999));
#7293 = CARTESIAN_POINT('',(0.12387623096,-8.9478470753E-02,0.701));
#7294 = CARTESIAN_POINT('',(0.12387623096,-8.9478470753E-02,
    0.699999999999));
#7295 = CARTESIAN_POINT('',(0.122732497252,-9.2545756606E-02,0.701));
#7296 = CARTESIAN_POINT('',(0.122732497252,-9.2545756606E-02,
    0.699999999999));
#7297 = CARTESIAN_POINT('',(0.122732497252,-9.6496836688E-02,0.701));
#7298 = CARTESIAN_POINT('',(0.122732497252,-9.6496836688E-02,
    0.699999999999));
#7299 = ADVANCED_FACE('',(#7300),#7319,.T.);
#7300 = FACE_BOUND('',#7301,.T.);
#7301 = EDGE_LOOP('',(#7302,#7311,#7312,#7313));
#7302 = ORIENTED_EDGE('',*,*,#7303,.F.);
#7303 = EDGE_CURVE('',#7275,#7304,#7306,.T.);
#7304 = VERTEX_POINT('',#7305);
#7305 = CARTESIAN_POINT('',(0.126423637855,-0.104970863706,
    0.699999999999));
#7306 = B_SPLINE_CURVE_WITH_KNOTS('',3,(#7307,#7308,#7309,#7310),
  .UNSPECIFIED.,.F.,.F.,(4,4),(2.,3.),.PIECEWISE_BEZIER_KNOTS.);
#7307 = CARTESIAN_POINT('',(0.122732497252,-9.6496836688E-02,
    0.699999999999));
#7308 = CARTESIAN_POINT('',(0.122732497252,-9.9980025707E-02,
    0.699999999999));
#7309 = CARTESIAN_POINT('',(0.123954212804,-0.102787372082,
    0.699999999999));
#7310 = CARTESIAN_POINT('',(0.126423637855,-0.104970863706,
    0.699999999999));
#7311 = ORIENTED_EDGE('',*,*,#7285,.F.);
#7312 = ORIENTED_EDGE('',*,*,#6953,.T.);
#7313 = ORIENTED_EDGE('',*,*,#7314,.T.);
#7314 = EDGE_CURVE('',#6945,#7304,#7315,.T.);
#7315 = LINE('',#7316,#7317);
#7316 = CARTESIAN_POINT('',(0.126423637855,-0.104970863706,0.701));
#7317 = VECTOR('',#7318,1.);
#7318 = DIRECTION('',(0.,0.,-1.));
#7319 = B_SPLINE_SURFACE_WITH_KNOTS('',3,1,(
    (#7320,#7321)
    ,(#7322,#7323)
    ,(#7324,#7325)
    ,(#7326,#7327
    )),.UNSPECIFIED.,.F.,.F.,.F.,(4,4),(2,2),(2.,3.),(0.,1.),
  .PIECEWISE_BEZIER_KNOTS.);
#7320 = CARTESIAN_POINT('',(0.122732497252,-9.6496836688E-02,0.701));
#7321 = CARTESIAN_POINT('',(0.122732497252,-9.6496836688E-02,
    0.699999999999));
#7322 = CARTESIAN_POINT('',(0.122732497252,-9.9980025707E-02,0.701));
#7323 = CARTESIAN_POINT('',(0.122732497252,-9.9980025707E-02,
    0.699999999999));
#7324 = CARTESIAN_POINT('',(0.123954212804,-0.102787372082,0.701));
#7325 = CARTESIAN_POINT('',(0.123954212804,-0.102787372082,
    0.699999999999));
#7326 = CARTESIAN_POINT('',(0.126423637855,-0.104970863706,0.701));
#7327 = CARTESIAN_POINT('',(0.126423637855,-0.104970863706,
    0.699999999999));
#7328 = ADVANCED_FACE('',(#7329),#7348,.T.);
#7329 = FACE_BOUND('',#7330,.T.);
#7330 = EDGE_LOOP('',(#7331,#7340,#7341,#7342));
#7331 = ORIENTED_EDGE('',*,*,#7332,.F.);
#7332 = EDGE_CURVE('',#7304,#7333,#7335,.T.);
#7333 = VERTEX_POINT('',#7334);
#7334 = CARTESIAN_POINT('',(0.136145374373,-0.108246101142,
    0.699999999999));
#7335 = B_SPLINE_CURVE_WITH_KNOTS('',3,(#7336,#7337,#7338,#7339),
  .UNSPECIFIED.,.F.,.F.,(4,4),(3.,4.),.PIECEWISE_BEZIER_KNOTS.);
#7336 = CARTESIAN_POINT('',(0.126423637855,-0.104970863706,
    0.699999999999));
#7337 = CARTESIAN_POINT('',(0.128867068959,-0.10715435533,0.699999999999
    ));
#7338 = CARTESIAN_POINT('',(0.132116312447,-0.108246101142,
    0.699999999999));
#7339 = CARTESIAN_POINT('',(0.136145374373,-0.108246101142,
    0.699999999999));
#7340 = ORIENTED_EDGE('',*,*,#7314,.F.);
#7341 = ORIENTED_EDGE('',*,*,#6944,.T.);
#7342 = ORIENTED_EDGE('',*,*,#7343,.T.);
#7343 = EDGE_CURVE('',#6936,#7333,#7344,.T.);
#7344 = LINE('',#7345,#7346);
#7345 = CARTESIAN_POINT('',(0.136145374373,-0.108246101142,0.701));
#7346 = VECTOR('',#7347,1.);
#7347 = DIRECTION('',(0.,0.,-1.));
#7348 = B_SPLINE_SURFACE_WITH_KNOTS('',3,1,(
    (#7349,#7350)
    ,(#7351,#7352)
    ,(#7353,#7354)
    ,(#7355,#7356
    )),.UNSPECIFIED.,.F.,.F.,.F.,(4,4),(2,2),(3.,4.),(0.,1.),
  .PIECEWISE_BEZIER_KNOTS.);
#7349 = CARTESIAN_POINT('',(0.126423637855,-0.104970863706,0.701));
#7350 = CARTESIAN_POINT('',(0.126423637855,-0.104970863706,
    0.699999999999));
#7351 = CARTESIAN_POINT('',(0.128867068959,-0.10715435533,0.701));
#7352 = CARTESIAN_POINT('',(0.128867068959,-0.10715435533,0.699999999999
    ));
#7353 = CARTESIAN_POINT('',(0.132116312447,-0.108246101142,0.701));
#7354 = CARTESIAN_POINT('',(0.132116312447,-0.108246101142,
    0.699999999999));
#7355 = CARTESIAN_POINT('',(0.136145374373,-0.108246101142,0.701));
#7356 = CARTESIAN_POINT('',(0.136145374373,-0.108246101142,
    0.699999999999));
#7357 = ADVANCED_FACE('',(#7358),#7377,.T.);
#7358 = FACE_BOUND('',#7359,.T.);
#7359 = EDGE_LOOP('',(#7360,#7369,#7370,#7371));
#7360 = ORIENTED_EDGE('',*,*,#7361,.F.);
#7361 = EDGE_CURVE('',#7333,#7362,#7364,.T.);
#7362 = VERTEX_POINT('',#7363);
#7363 = CARTESIAN_POINT('',(0.14997415466,-0.102319481019,0.699999999999
    ));
#7364 = B_SPLINE_CURVE_WITH_KNOTS('',3,(#7365,#7366,#7367,#7368),
  .UNSPECIFIED.,.F.,.F.,(4,4),(4.,5.),.PIECEWISE_BEZIER_KNOTS.);
#7365 = CARTESIAN_POINT('',(0.136145374373,-0.108246101142,
    0.699999999999));
#7366 = CARTESIAN_POINT('',(0.141734073173,-0.108246101142,
    0.699999999999));
#7367 = CARTESIAN_POINT('',(0.1463609959,-0.106270561101,0.699999999999)
  );
#7368 = CARTESIAN_POINT('',(0.14997415466,-0.102319481019,0.699999999999
    ));
#7369 = ORIENTED_EDGE('',*,*,#7343,.F.);
#7370 = ORIENTED_EDGE('',*,*,#6935,.T.);
#7371 = ORIENTED_EDGE('',*,*,#7372,.T.);
#7372 = EDGE_CURVE('',#6927,#7362,#7373,.T.);
#7373 = LINE('',#7374,#7375);
#7374 = CARTESIAN_POINT('',(0.14997415466,-0.102319481019,0.701));
#7375 = VECTOR('',#7376,1.);
#7376 = DIRECTION('',(0.,0.,-1.));
#7377 = B_SPLINE_SURFACE_WITH_KNOTS('',3,1,(
    (#7378,#7379)
    ,(#7380,#7381)
    ,(#7382,#7383)
    ,(#7384,#7385
    )),.UNSPECIFIED.,.F.,.F.,.F.,(4,4),(2,2),(4.,5.),(0.,1.),
  .PIECEWISE_BEZIER_KNOTS.);
#7378 = CARTESIAN_POINT('',(0.136145374373,-0.108246101142,0.701));
#7379 = CARTESIAN_POINT('',(0.136145374373,-0.108246101142,
    0.699999999999));
#7380 = CARTESIAN_POINT('',(0.141734073173,-0.108246101142,0.701));
#7381 = CARTESIAN_POINT('',(0.141734073173,-0.108246101142,
    0.699999999999));
#7382 = CARTESIAN_POINT('',(0.1463609959,-0.106270561101,0.701));
#7383 = CARTESIAN_POINT('',(0.1463609959,-0.106270561101,0.699999999999)
  );
#7384 = CARTESIAN_POINT('',(0.14997415466,-0.102319481019,0.701));
#7385 = CARTESIAN_POINT('',(0.14997415466,-0.102319481019,0.699999999999
    ));
#7386 = ADVANCED_FACE('',(#7387),#7406,.T.);
#7387 = FACE_BOUND('',#7388,.T.);
#7388 = EDGE_LOOP('',(#7389,#7398,#7399,#7400));
#7389 = ORIENTED_EDGE('',*,*,#7390,.F.);
#7390 = EDGE_CURVE('',#7362,#7391,#7393,.T.);
#7391 = VERTEX_POINT('',#7392);
#7392 = CARTESIAN_POINT('',(0.15543288372,-8.7502930712E-02,
    0.699999999999));
#7393 = B_SPLINE_CURVE_WITH_KNOTS('',3,(#7394,#7395,#7396,#7397),
  .UNSPECIFIED.,.F.,.F.,(4,4),(5.,6.),.PIECEWISE_BEZIER_KNOTS.);
#7394 = CARTESIAN_POINT('',(0.14997415466,-0.102319481019,0.699999999999
    ));
#7395 = CARTESIAN_POINT('',(0.153613307367,-9.8420388833E-02,
    0.699999999999));
#7396 = CARTESIAN_POINT('',(0.15543288372,-9.3481538731E-02,
    0.699999999999));
#7397 = CARTESIAN_POINT('',(0.15543288372,-8.7502930712E-02,
    0.699999999999));
#7398 = ORIENTED_EDGE('',*,*,#7372,.F.);
#7399 = ORIENTED_EDGE('',*,*,#6926,.T.);
#7400 = ORIENTED_EDGE('',*,*,#7401,.T.);
#7401 = EDGE_CURVE('',#6919,#7391,#7402,.T.);
#7402 = LINE('',#7403,#7404);
#7403 = CARTESIAN_POINT('',(0.15543288372,-8.7502930712E-02,0.701));
#7404 = VECTOR('',#7405,1.);
#7405 = DIRECTION('',(0.,0.,-1.));
#7406 = B_SPLINE_SURFACE_WITH_KNOTS('',3,1,(
    (#7407,#7408)
    ,(#7409,#7410)
    ,(#7411,#7412)
    ,(#7413,#7414
    )),.UNSPECIFIED.,.F.,.F.,.F.,(4,4),(2,2),(5.,6.),(0.,1.),
  .PIECEWISE_BEZIER_KNOTS.);
#7407 = CARTESIAN_POINT('',(0.14997415466,-0.102319481019,0.701));
#7408 = CARTESIAN_POINT('',(0.14997415466,-0.102319481019,0.699999999999
    ));
#7409 = CARTESIAN_POINT('',(0.153613307367,-9.8420388833E-02,0.701));
#7410 = CARTESIAN_POINT('',(0.153613307367,-9.8420388833E-02,
    0.699999999999));
#7411 = CARTESIAN_POINT('',(0.15543288372,-9.3481538731E-02,0.701));
#7412 = CARTESIAN_POINT('',(0.15543288372,-9.3481538731E-02,
    0.699999999999));
#7413 = CARTESIAN_POINT('',(0.15543288372,-8.7502930712E-02,0.701));
#7414 = CARTESIAN_POINT('',(0.15543288372,-8.7502930712E-02,
    0.699999999999));
#7415 = ADVANCED_FACE('',(#7416),#7434,.T.);
#7416 = FACE_BOUND('',#7417,.T.);
#7417 = EDGE_LOOP('',(#7418,#7426,#7427,#7428));
#7418 = ORIENTED_EDGE('',*,*,#7419,.F.);
#7419 = EDGE_CURVE('',#7391,#7420,#7422,.T.);
#7420 = VERTEX_POINT('',#7421);
#7421 = CARTESIAN_POINT('',(0.15543288372,-8.0536552672E-02,
    0.699999999999));
#7422 = LINE('',#7423,#7424);
#7423 = CARTESIAN_POINT('',(0.15543288372,-8.7502930712E-02,
    0.699999999999));
#7424 = VECTOR('',#7425,1.);
#7425 = DIRECTION('',(0.,1.,0.));
#7426 = ORIENTED_EDGE('',*,*,#7401,.F.);
#7427 = ORIENTED_EDGE('',*,*,#6918,.T.);
#7428 = ORIENTED_EDGE('',*,*,#7429,.T.);
#7429 = EDGE_CURVE('',#6911,#7420,#7430,.T.);
#7430 = LINE('',#7431,#7432);
#7431 = CARTESIAN_POINT('',(0.15543288372,-8.0536552672E-02,0.701));
#7432 = VECTOR('',#7433,1.);
#7433 = DIRECTION('',(0.,0.,-1.));
#7434 = PLANE('',#7435);
#7435 = AXIS2_PLACEMENT_3D('',#7436,#7437,#7438);
#7436 = CARTESIAN_POINT('',(0.15543288372,-8.7502930712E-02,0.701));
#7437 = DIRECTION('',(-1.,0.,0.));
#7438 = DIRECTION('',(0.,0.,1.));
#7439 = ADVANCED_FACE('',(#7440),#7451,.T.);
#7440 = FACE_BOUND('',#7441,.T.);
#7441 = EDGE_LOOP('',(#7442,#7448,#7449,#7450));
#7442 = ORIENTED_EDGE('',*,*,#7443,.F.);
#7443 = EDGE_CURVE('',#7420,#7239,#7444,.T.);
#7444 = LINE('',#7445,#7446);
#7445 = CARTESIAN_POINT('',(0.15543288372,-8.0536552672E-02,
    0.699999999999));
#7446 = VECTOR('',#7447,1.);
#7447 = DIRECTION('',(-0.9910683663,-0.133354764893,0.));
#7448 = ORIENTED_EDGE('',*,*,#7429,.F.);
#7449 = ORIENTED_EDGE('',*,*,#6910,.T.);
#7450 = ORIENTED_EDGE('',*,*,#7249,.T.);
#7451 = PLANE('',#7452);
#7452 = AXIS2_PLACEMENT_3D('',#7453,#7454,#7455);
#7453 = CARTESIAN_POINT('',(0.15543288372,-8.0536552672E-02,0.701));
#7454 = DIRECTION('',(0.133354764893,-0.9910683663,0.));
#7455 = DIRECTION('',(0.9910683663,0.133354764893,0.));
#7456 = ADVANCED_FACE('',(#7457),#7467,.T.);
#7457 = FACE_BOUND('',#7458,.T.);
#7458 = EDGE_LOOP('',(#7459,#7460,#7461,#7462,#7463,#7464,#7465,#7466));
#7459 = ORIENTED_EDGE('',*,*,#7238,.T.);
#7460 = ORIENTED_EDGE('',*,*,#7274,.T.);
#7461 = ORIENTED_EDGE('',*,*,#7303,.T.);
#7462 = ORIENTED_EDGE('',*,*,#7332,.T.);
#7463 = ORIENTED_EDGE('',*,*,#7361,.T.);
#7464 = ORIENTED_EDGE('',*,*,#7390,.T.);
#7465 = ORIENTED_EDGE('',*,*,#7419,.T.);
#7466 = ORIENTED_EDGE('',*,*,#7443,.T.);
#7467 = PLANE('',#7468);
#7468 = AXIS2_PLACEMENT_3D('',#7469,#7470,#7471);
#7469 = CARTESIAN_POINT('',(1.325,-0.974999999999,0.699999999999));
#7470 = DIRECTION('',(0.,0.,1.));
#7471 = DIRECTION('',(1.,0.,-0.));
#7472 = ADVANCED_FACE('',(#7473),#7499,.F.);
#7473 = FACE_BOUND('',#7474,.F.);
#7474 = EDGE_LOOP('',(#7475,#7483,#7492,#7498));
#7475 = ORIENTED_EDGE('',*,*,#7476,.F.);
#7476 = EDGE_CURVE('',#7477,#341,#7479,.T.);
#7477 = VERTEX_POINT('',#7478);
#7478 = CARTESIAN_POINT('',(0.20638102162,-0.108298089038,0.701));
#7479 = LINE('',#7480,#7481);
#7480 = CARTESIAN_POINT('',(0.20638102162,-0.108298089038,0.701));
#7481 = VECTOR('',#7482,1.);
#7482 = DIRECTION('',(0.,0.,-1.));
#7483 = ORIENTED_EDGE('',*,*,#7484,.T.);
#7484 = EDGE_CURVE('',#7477,#7485,#7487,.T.);
#7485 = VERTEX_POINT('',#7486);
#7486 = CARTESIAN_POINT('',(0.185429899606,-0.101279723103,0.701));
#7487 = B_SPLINE_CURVE_WITH_KNOTS('',3,(#7488,#7489,#7490,#7491),
  .UNSPECIFIED.,.F.,.F.,(4,4),(0.,1.),.PIECEWISE_BEZIER_KNOTS.);
#7488 = CARTESIAN_POINT('',(0.20638102162,-0.108298089038,0.701));
#7489 = CARTESIAN_POINT('',(0.198894764622,-0.108298089038,0.701));
#7490 = CARTESIAN_POINT('',(0.191928386583,-0.105958633726,0.701));
#7491 = CARTESIAN_POINT('',(0.185429899606,-0.101279723103,0.701));
#7492 = ORIENTED_EDGE('',*,*,#7493,.T.);
#7493 = EDGE_CURVE('',#7485,#331,#7494,.T.);
#7494 = LINE('',#7495,#7496);
#7495 = CARTESIAN_POINT('',(0.185429899606,-0.101279723103,0.701));
#7496 = VECTOR('',#7497,1.);
#7497 = DIRECTION('',(0.,0.,-1.));
#7498 = ORIENTED_EDGE('',*,*,#340,.F.);
#7499 = B_SPLINE_SURFACE_WITH_KNOTS('',3,1,(
    (#7500,#7501)
    ,(#7502,#7503)
    ,(#7504,#7505)
    ,(#7506,#7507
    )),.UNSPECIFIED.,.F.,.F.,.F.,(4,4),(2,2),(0.,1.),(0.,1.),
  .PIECEWISE_BEZIER_KNOTS.);
#7500 = CARTESIAN_POINT('',(0.20638102162,-0.108298089038,0.701));
#7501 = CARTESIAN_POINT('',(0.20638102162,-0.108298089038,0.699999999999
    ));
#7502 = CARTESIAN_POINT('',(0.198894764622,-0.108298089038,0.701));
#7503 = CARTESIAN_POINT('',(0.198894764622,-0.108298089038,
    0.699999999999));
#7504 = CARTESIAN_POINT('',(0.191928386583,-0.105958633726,0.701));
#7505 = CARTESIAN_POINT('',(0.191928386583,-0.105958633726,
    0.699999999999));
#7506 = CARTESIAN_POINT('',(0.185429899606,-0.101279723103,0.701));
#7507 = CARTESIAN_POINT('',(0.185429899606,-0.101279723103,
    0.699999999999));
#7508 = ADVANCED_FACE('',(#7509),#7527,.F.);
#7509 = FACE_BOUND('',#7510,.T.);
#7510 = EDGE_LOOP('',(#7511,#7512,#7520,#7526));
#7511 = ORIENTED_EDGE('',*,*,#330,.T.);
#7512 = ORIENTED_EDGE('',*,*,#7513,.F.);
#7513 = EDGE_CURVE('',#7514,#333,#7516,.T.);
#7514 = VERTEX_POINT('',#7515);
#7515 = CARTESIAN_POINT('',(0.185429899606,-0.114432660744,0.701));
#7516 = LINE('',#7517,#7518);
#7517 = CARTESIAN_POINT('',(0.185429899606,-0.114432660744,0.701));
#7518 = VECTOR('',#7519,1.);
#7519 = DIRECTION('',(0.,0.,-1.));
#7520 = ORIENTED_EDGE('',*,*,#7521,.F.);
#7521 = EDGE_CURVE('',#7485,#7514,#7522,.T.);
#7522 = LINE('',#7523,#7524);
#7523 = CARTESIAN_POINT('',(0.185429899606,-0.114432660744,0.701));
#7524 = VECTOR('',#7525,1.);
#7525 = DIRECTION('',(0.,-1.,0.));
#7526 = ORIENTED_EDGE('',*,*,#7493,.T.);
#7527 = PLANE('',#7528);
#7528 = AXIS2_PLACEMENT_3D('',#7529,#7530,#7531);
#7529 = CARTESIAN_POINT('',(0.185429899606,-0.114432660744,0.701));
#7530 = DIRECTION('',(1.,0.,0.));
#7531 = DIRECTION('',(0.,0.,-1.));
#7532 = ADVANCED_FACE('',(#7533),#7552,.F.);
#7533 = FACE_BOUND('',#7534,.F.);
#7534 = EDGE_LOOP('',(#7535,#7536,#7545,#7551));
#7535 = ORIENTED_EDGE('',*,*,#7513,.F.);
#7536 = ORIENTED_EDGE('',*,*,#7537,.T.);
#7537 = EDGE_CURVE('',#7514,#7538,#7540,.T.);
#7538 = VERTEX_POINT('',#7539);
#7539 = CARTESIAN_POINT('',(0.20513331212,-0.118695668201,0.701));
#7540 = B_SPLINE_CURVE_WITH_KNOTS('',3,(#7541,#7542,#7543,#7544),
  .UNSPECIFIED.,.F.,.F.,(4,4),(19.,20.),.PIECEWISE_BEZIER_KNOTS.);
#7541 = CARTESIAN_POINT('',(0.185429899606,-0.114432660744,0.701));
#7542 = CARTESIAN_POINT('',(0.191044592354,-0.117240007119,0.701));
#7543 = CARTESIAN_POINT('',(0.197595067227,-0.118695668201,0.701));
#7544 = CARTESIAN_POINT('',(0.20513331212,-0.118695668201,0.701));
#7545 = ORIENTED_EDGE('',*,*,#7546,.T.);
#7546 = EDGE_CURVE('',#7538,#502,#7547,.T.);
#7547 = LINE('',#7548,#7549);
#7548 = CARTESIAN_POINT('',(0.20513331212,-0.118695668201,0.701));
#7549 = VECTOR('',#7550,1.);
#7550 = DIRECTION('',(0.,0.,-1.));
#7551 = ORIENTED_EDGE('',*,*,#510,.F.);
#7552 = B_SPLINE_SURFACE_WITH_KNOTS('',3,1,(
    (#7553,#7554)
    ,(#7555,#7556)
    ,(#7557,#7558)
    ,(#7559,#7560
    )),.UNSPECIFIED.,.F.,.F.,.F.,(4,4),(2,2),(19.,20.),(0.,1.),
  .PIECEWISE_BEZIER_KNOTS.);
#7553 = CARTESIAN_POINT('',(0.185429899606,-0.114432660744,0.701));
#7554 = CARTESIAN_POINT('',(0.185429899606,-0.114432660744,
    0.699999999999));
#7555 = CARTESIAN_POINT('',(0.191044592354,-0.117240007119,0.701));
#7556 = CARTESIAN_POINT('',(0.191044592354,-0.117240007119,
    0.699999999999));
#7557 = CARTESIAN_POINT('',(0.197595067227,-0.118695668201,0.701));
#7558 = CARTESIAN_POINT('',(0.197595067227,-0.118695668201,
    0.699999999999));
#7559 = CARTESIAN_POINT('',(0.20513331212,-0.118695668201,0.701));
#7560 = CARTESIAN_POINT('',(0.20513331212,-0.118695668201,0.699999999999
    ));
#7561 = ADVANCED_FACE('',(#7562),#7581,.F.);
#7562 = FACE_BOUND('',#7563,.F.);
#7563 = EDGE_LOOP('',(#7564,#7565,#7574,#7580));
#7564 = ORIENTED_EDGE('',*,*,#7546,.F.);
#7565 = ORIENTED_EDGE('',*,*,#7566,.T.);
#7566 = EDGE_CURVE('',#7538,#7567,#7569,.T.);
#7567 = VERTEX_POINT('',#7568);
#7568 = CARTESIAN_POINT('',(0.226292385717,-0.112925011766,0.701));
#7569 = B_SPLINE_CURVE_WITH_KNOTS('',3,(#7570,#7571,#7572,#7573),
  .UNSPECIFIED.,.F.,.F.,(4,4),(18.,19.),.PIECEWISE_BEZIER_KNOTS.);
#7570 = CARTESIAN_POINT('',(0.20513331212,-0.118695668201,0.701));
#7571 = CARTESIAN_POINT('',(0.213789296774,-0.118695668201,0.701));
#7572 = CARTESIAN_POINT('',(0.220859650604,-0.116772116056,0.701));
#7573 = CARTESIAN_POINT('',(0.226292385717,-0.112925011766,0.701));
#7574 = ORIENTED_EDGE('',*,*,#7575,.T.);
#7575 = EDGE_CURVE('',#7567,#493,#7576,.T.);
#7576 = LINE('',#7577,#7578);
#7577 = CARTESIAN_POINT('',(0.226292385717,-0.112925011766,0.701));
#7578 = VECTOR('',#7579,1.);
#7579 = DIRECTION('',(0.,0.,-1.));
#7580 = ORIENTED_EDGE('',*,*,#501,.F.);
#7581 = B_SPLINE_SURFACE_WITH_KNOTS('',3,1,(
    (#7582,#7583)
    ,(#7584,#7585)
    ,(#7586,#7587)
    ,(#7588,#7589
    )),.UNSPECIFIED.,.F.,.F.,.F.,(4,4),(2,2),(18.,19.),(0.,1.),
  .PIECEWISE_BEZIER_KNOTS.);
#7582 = CARTESIAN_POINT('',(0.20513331212,-0.118695668201,0.701));
#7583 = CARTESIAN_POINT('',(0.20513331212,-0.118695668201,0.699999999999
    ));
#7584 = CARTESIAN_POINT('',(0.213789296774,-0.118695668201,0.701));
#7585 = CARTESIAN_POINT('',(0.213789296774,-0.118695668201,
    0.699999999999));
#7586 = CARTESIAN_POINT('',(0.220859650604,-0.116772116056,0.701));
#7587 = CARTESIAN_POINT('',(0.220859650604,-0.116772116056,
    0.699999999999));
#7588 = CARTESIAN_POINT('',(0.226292385717,-0.112925011766,0.701));
#7589 = CARTESIAN_POINT('',(0.226292385717,-0.112925011766,
    0.699999999999));
#7590 = ADVANCED_FACE('',(#7591),#7610,.F.);
#7591 = FACE_BOUND('',#7592,.F.);
#7592 = EDGE_LOOP('',(#7593,#7594,#7603,#7609));
#7593 = ORIENTED_EDGE('',*,*,#7575,.F.);
#7594 = ORIENTED_EDGE('',*,*,#7595,.T.);
#7595 = EDGE_CURVE('',#7567,#7596,#7598,.T.);
#7596 = VERTEX_POINT('',#7597);
#7597 = CARTESIAN_POINT('',(0.234480479308,-9.7224667229E-02,0.701));
#7598 = B_SPLINE_CURVE_WITH_KNOTS('',3,(#7599,#7600,#7601,#7602),
  .UNSPECIFIED.,.F.,.F.,(4,4),(17.,18.),.PIECEWISE_BEZIER_KNOTS.);
#7599 = CARTESIAN_POINT('',(0.226292385717,-0.112925011766,0.701));
#7600 = CARTESIAN_POINT('',(0.231751114778,-0.109129895371,0.701));
#7601 = CARTESIAN_POINT('',(0.234480479308,-0.103879117894,0.701));
#7602 = CARTESIAN_POINT('',(0.234480479308,-9.7224667229E-02,0.701));
#7603 = ORIENTED_EDGE('',*,*,#7604,.T.);
#7604 = EDGE_CURVE('',#7596,#484,#7605,.T.);
#7605 = LINE('',#7606,#7607);
#7606 = CARTESIAN_POINT('',(0.234480479308,-9.7224667229E-02,0.701));
#7607 = VECTOR('',#7608,1.);
#7608 = DIRECTION('',(0.,0.,-1.));
#7609 = ORIENTED_EDGE('',*,*,#492,.F.);
#7610 = B_SPLINE_SURFACE_WITH_KNOTS('',3,1,(
    (#7611,#7612)
    ,(#7613,#7614)
    ,(#7615,#7616)
    ,(#7617,#7618
    )),.UNSPECIFIED.,.F.,.F.,.F.,(4,4),(2,2),(17.,18.),(0.,1.),
  .PIECEWISE_BEZIER_KNOTS.);
#7611 = CARTESIAN_POINT('',(0.226292385717,-0.112925011766,0.701));
#7612 = CARTESIAN_POINT('',(0.226292385717,-0.112925011766,
    0.699999999999));
#7613 = CARTESIAN_POINT('',(0.231751114778,-0.109129895371,0.701));
#7614 = CARTESIAN_POINT('',(0.231751114778,-0.109129895371,
    0.699999999999));
#7615 = CARTESIAN_POINT('',(0.234480479308,-0.103879117894,0.701));
#7616 = CARTESIAN_POINT('',(0.234480479308,-0.103879117894,
    0.699999999999));
#7617 = CARTESIAN_POINT('',(0.234480479308,-9.7224667229E-02,0.701));
#7618 = CARTESIAN_POINT('',(0.234480479308,-9.7224667229E-02,
    0.699999999999));
#7619 = ADVANCED_FACE('',(#7620),#7639,.F.);
#7620 = FACE_BOUND('',#7621,.F.);
#7621 = EDGE_LOOP('',(#7622,#7623,#7632,#7638));
#7622 = ORIENTED_EDGE('',*,*,#7604,.F.);
#7623 = ORIENTED_EDGE('',*,*,#7624,.T.);
#7624 = EDGE_CURVE('',#7596,#7625,#7627,.T.);
#7625 = VERTEX_POINT('',#7626);
#7626 = CARTESIAN_POINT('',(0.230217471851,-8.5215463296E-02,0.701));
#7627 = B_SPLINE_CURVE_WITH_KNOTS('',3,(#7628,#7629,#7630,#7631),
  .UNSPECIFIED.,.F.,.F.,(4,4),(16.,17.),.PIECEWISE_BEZIER_KNOTS.);
#7628 = CARTESIAN_POINT('',(0.234480479308,-9.7224667229E-02,0.701));
#7629 = CARTESIAN_POINT('',(0.234480479308,-9.2441780814E-02,0.701));
#7630 = CARTESIAN_POINT('',(0.233050812173,-8.8438712836E-02,0.701));
#7631 = CARTESIAN_POINT('',(0.230217471851,-8.5215463296E-02,0.701));
#7632 = ORIENTED_EDGE('',*,*,#7633,.T.);
#7633 = EDGE_CURVE('',#7625,#475,#7634,.T.);
#7634 = LINE('',#7635,#7636);
#7635 = CARTESIAN_POINT('',(0.230217471851,-8.5215463296E-02,0.701));
#7636 = VECTOR('',#7637,1.);
#7637 = DIRECTION('',(0.,0.,-1.));
#7638 = ORIENTED_EDGE('',*,*,#483,.F.);
#7639 = B_SPLINE_SURFACE_WITH_KNOTS('',3,1,(
    (#7640,#7641)
    ,(#7642,#7643)
    ,(#7644,#7645)
    ,(#7646,#7647
    )),.UNSPECIFIED.,.F.,.F.,.F.,(4,4),(2,2),(16.,17.),(0.,1.),
  .PIECEWISE_BEZIER_KNOTS.);
#7640 = CARTESIAN_POINT('',(0.234480479308,-9.7224667229E-02,0.701));
#7641 = CARTESIAN_POINT('',(0.234480479308,-9.7224667229E-02,
    0.699999999999));
#7642 = CARTESIAN_POINT('',(0.234480479308,-9.2441780814E-02,0.701));
#7643 = CARTESIAN_POINT('',(0.234480479308,-9.2441780814E-02,
    0.699999999999));
#7644 = CARTESIAN_POINT('',(0.233050812173,-8.8438712836E-02,0.701));
#7645 = CARTESIAN_POINT('',(0.233050812173,-8.8438712836E-02,
    0.699999999999));
#7646 = CARTESIAN_POINT('',(0.230217471851,-8.5215463296E-02,0.701));
#7647 = CARTESIAN_POINT('',(0.230217471851,-8.5215463296E-02,
    0.699999999999));
#7648 = ADVANCED_FACE('',(#7649),#7668,.F.);
#7649 = FACE_BOUND('',#7650,.F.);
#7650 = EDGE_LOOP('',(#7651,#7652,#7661,#7667));
#7651 = ORIENTED_EDGE('',*,*,#7633,.F.);
#7652 = ORIENTED_EDGE('',*,*,#7653,.T.);
#7653 = EDGE_CURVE('',#7625,#7654,#7656,.T.);
#7654 = VERTEX_POINT('',#7655);
#7655 = CARTESIAN_POINT('',(0.213789296774,-7.5805654153E-02,0.701));
#7656 = B_SPLINE_CURVE_WITH_KNOTS('',3,(#7657,#7658,#7659,#7660),
  .UNSPECIFIED.,.F.,.F.,(4,4),(15.,16.),.PIECEWISE_BEZIER_KNOTS.);
#7657 = CARTESIAN_POINT('',(0.230217471851,-8.5215463296E-02,0.701));
#7658 = CARTESIAN_POINT('',(0.227358137582,-8.1992213755E-02,0.701));
#7659 = CARTESIAN_POINT('',(0.221899408521,-7.8820952111E-02,0.701));
#7660 = CARTESIAN_POINT('',(0.213789296774,-7.5805654153E-02,0.701));
#7661 = ORIENTED_EDGE('',*,*,#7662,.T.);
#7662 = EDGE_CURVE('',#7654,#466,#7663,.T.);
#7663 = LINE('',#7664,#7665);
#7664 = CARTESIAN_POINT('',(0.213789296774,-7.5805654153E-02,0.701));
#7665 = VECTOR('',#7666,1.);
#7666 = DIRECTION('',(0.,0.,-1.));
#7667 = ORIENTED_EDGE('',*,*,#474,.F.);
#7668 = B_SPLINE_SURFACE_WITH_KNOTS('',3,1,(
    (#7669,#7670)
    ,(#7671,#7672)
    ,(#7673,#7674)
    ,(#7675,#7676
    )),.UNSPECIFIED.,.F.,.F.,.F.,(4,4),(2,2),(15.,16.),(0.,1.),
  .PIECEWISE_BEZIER_KNOTS.);
#7669 = CARTESIAN_POINT('',(0.230217471851,-8.5215463296E-02,0.701));
#7670 = CARTESIAN_POINT('',(0.230217471851,-8.5215463296E-02,
    0.699999999999));
#7671 = CARTESIAN_POINT('',(0.227358137582,-8.1992213755E-02,0.701));
#7672 = CARTESIAN_POINT('',(0.227358137582,-8.1992213755E-02,
    0.699999999999));
#7673 = CARTESIAN_POINT('',(0.221899408521,-7.8820952111E-02,0.701));
#7674 = CARTESIAN_POINT('',(0.221899408521,-7.8820952111E-02,
    0.699999999999));
#7675 = CARTESIAN_POINT('',(0.213789296774,-7.5805654153E-02,0.701));
#7676 = CARTESIAN_POINT('',(0.213789296774,-7.5805654153E-02,
    0.699999999999));
#7677 = ADVANCED_FACE('',(#7678),#7697,.F.);
#7678 = FACE_BOUND('',#7679,.F.);
#7679 = EDGE_LOOP('',(#7680,#7681,#7690,#7696));
#7680 = ORIENTED_EDGE('',*,*,#7662,.F.);
#7681 = ORIENTED_EDGE('',*,*,#7682,.T.);
#7682 = EDGE_CURVE('',#7654,#7683,#7685,.T.);
#7683 = VERTEX_POINT('',#7684);
#7684 = CARTESIAN_POINT('',(0.201416177569,-6.9567106655E-02,0.701));
#7685 = B_SPLINE_CURVE_WITH_KNOTS('',3,(#7686,#7687,#7688,#7689),
  .UNSPECIFIED.,.F.,.F.,(4,4),(14.,15.),.PIECEWISE_BEZIER_KNOTS.);
#7686 = CARTESIAN_POINT('',(0.213789296774,-7.5805654153E-02,0.701));
#7687 = CARTESIAN_POINT('',(0.207394785588,-7.3310235154E-02,0.701));
#7688 = CARTESIAN_POINT('',(0.203287741819,-7.1230719321E-02,0.701));
#7689 = CARTESIAN_POINT('',(0.201416177569,-6.9567106655E-02,0.701));
#7690 = ORIENTED_EDGE('',*,*,#7691,.T.);
#7691 = EDGE_CURVE('',#7683,#457,#7692,.T.);
#7692 = LINE('',#7693,#7694);
#7693 = CARTESIAN_POINT('',(0.201416177569,-6.9567106655E-02,0.701));
#7694 = VECTOR('',#7695,1.);
#7695 = DIRECTION('',(0.,0.,-1.));
#7696 = ORIENTED_EDGE('',*,*,#465,.F.);
#7697 = B_SPLINE_SURFACE_WITH_KNOTS('',3,1,(
    (#7698,#7699)
    ,(#7700,#7701)
    ,(#7702,#7703)
    ,(#7704,#7705
    )),.UNSPECIFIED.,.F.,.F.,.F.,(4,4),(2,2),(14.,15.),(0.,1.),
  .PIECEWISE_BEZIER_KNOTS.);
#7698 = CARTESIAN_POINT('',(0.213789296774,-7.5805654153E-02,0.701));
#7699 = CARTESIAN_POINT('',(0.213789296774,-7.5805654153E-02,
    0.699999999999));
#7700 = CARTESIAN_POINT('',(0.207394785588,-7.3310235154E-02,0.701));
#7701 = CARTESIAN_POINT('',(0.207394785588,-7.3310235154E-02,
    0.699999999999));
#7702 = CARTESIAN_POINT('',(0.203287741819,-7.1230719321E-02,0.701));
#7703 = CARTESIAN_POINT('',(0.203287741819,-7.1230719321E-02,
    0.699999999999));
#7704 = CARTESIAN_POINT('',(0.201416177569,-6.9567106655E-02,0.701));
#7705 = CARTESIAN_POINT('',(0.201416177569,-6.9567106655E-02,
    0.699999999999));
#7706 = ADVANCED_FACE('',(#7707),#7726,.F.);
#7707 = FACE_BOUND('',#7708,.F.);
#7708 = EDGE_LOOP('',(#7709,#7710,#7719,#7725));
#7709 = ORIENTED_EDGE('',*,*,#7691,.F.);
#7710 = ORIENTED_EDGE('',*,*,#7711,.T.);
#7711 = EDGE_CURVE('',#7683,#7712,#7714,.T.);
#7712 = VERTEX_POINT('',#7713);
#7713 = CARTESIAN_POINT('',(0.198634825143,-6.2808680199E-02,0.701));
#7714 = B_SPLINE_CURVE_WITH_KNOTS('',3,(#7715,#7716,#7717,#7718),
  .UNSPECIFIED.,.F.,.F.,(4,4),(13.,14.),.PIECEWISE_BEZIER_KNOTS.);
#7715 = CARTESIAN_POINT('',(0.201416177569,-6.9567106655E-02,0.701));
#7716 = CARTESIAN_POINT('',(0.199570607268,-6.7955481885E-02,0.701));
#7717 = CARTESIAN_POINT('',(0.198634825143,-6.5720002365E-02,0.701));
#7718 = CARTESIAN_POINT('',(0.198634825143,-6.2808680199E-02,0.701));
#7719 = ORIENTED_EDGE('',*,*,#7720,.T.);
#7720 = EDGE_CURVE('',#7712,#448,#7721,.T.);
#7721 = LINE('',#7722,#7723);
#7722 = CARTESIAN_POINT('',(0.198634825143,-6.2808680199E-02,0.701));
#7723 = VECTOR('',#7724,1.);
#7724 = DIRECTION('',(0.,0.,-1.));
#7725 = ORIENTED_EDGE('',*,*,#456,.F.);
#7726 = B_SPLINE_SURFACE_WITH_KNOTS('',3,1,(
    (#7727,#7728)
    ,(#7729,#7730)
    ,(#7731,#7732)
    ,(#7733,#7734
    )),.UNSPECIFIED.,.F.,.F.,.F.,(4,4),(2,2),(13.,14.),(0.,1.),
  .PIECEWISE_BEZIER_KNOTS.);
#7727 = CARTESIAN_POINT('',(0.201416177569,-6.9567106655E-02,0.701));
#7728 = CARTESIAN_POINT('',(0.201416177569,-6.9567106655E-02,
    0.699999999999));
#7729 = CARTESIAN_POINT('',(0.199570607268,-6.7955481885E-02,0.701));
#7730 = CARTESIAN_POINT('',(0.199570607268,-6.7955481885E-02,
    0.699999999999));
#7731 = CARTESIAN_POINT('',(0.198634825143,-6.5720002365E-02,0.701));
#7732 = CARTESIAN_POINT('',(0.198634825143,-6.5720002365E-02,
    0.699999999999));
#7733 = CARTESIAN_POINT('',(0.198634825143,-6.2808680199E-02,0.701));
#7734 = CARTESIAN_POINT('',(0.198634825143,-6.2808680199E-02,
    0.699999999999));
#7735 = ADVANCED_FACE('',(#7736),#7755,.F.);
#7736 = FACE_BOUND('',#7737,.F.);
#7737 = EDGE_LOOP('',(#7738,#7739,#7748,#7754));
#7738 = ORIENTED_EDGE('',*,*,#7720,.F.);
#7739 = ORIENTED_EDGE('',*,*,#7740,.T.);
#7740 = EDGE_CURVE('',#7712,#7741,#7743,.T.);
#7741 = VERTEX_POINT('',#7742);
#7742 = CARTESIAN_POINT('',(0.202507923382,-5.5738326369E-02,0.701));
#7743 = B_SPLINE_CURVE_WITH_KNOTS('',3,(#7744,#7745,#7746,#7747),
  .UNSPECIFIED.,.F.,.F.,(4,4),(12.,13.),.PIECEWISE_BEZIER_KNOTS.);
#7744 = CARTESIAN_POINT('',(0.198634825143,-6.2808680199E-02,0.701));
#7745 = CARTESIAN_POINT('',(0.198634825143,-5.9897358034E-02,0.701));
#7746 = CARTESIAN_POINT('',(0.199934522539,-5.7505914826E-02,0.701));
#7747 = CARTESIAN_POINT('',(0.202507923382,-5.5738326369E-02,0.701));
#7748 = ORIENTED_EDGE('',*,*,#7749,.T.);
#7749 = EDGE_CURVE('',#7741,#439,#7750,.T.);
#7750 = LINE('',#7751,#7752);
#7751 = CARTESIAN_POINT('',(0.202507923382,-5.5738326369E-02,0.701));
#7752 = VECTOR('',#7753,1.);
#7753 = DIRECTION('',(0.,0.,-1.));
#7754 = ORIENTED_EDGE('',*,*,#447,.F.);
#7755 = B_SPLINE_SURFACE_WITH_KNOTS('',3,1,(
    (#7756,#7757)
    ,(#7758,#7759)
    ,(#7760,#7761)
    ,(#7762,#7763
    )),.UNSPECIFIED.,.F.,.F.,.F.,(4,4),(2,2),(12.,13.),(0.,1.),
  .PIECEWISE_BEZIER_KNOTS.);
#7756 = CARTESIAN_POINT('',(0.198634825143,-6.2808680199E-02,0.701));
#7757 = CARTESIAN_POINT('',(0.198634825143,-6.2808680199E-02,
    0.699999999999));
#7758 = CARTESIAN_POINT('',(0.198634825143,-5.9897358034E-02,0.701));
#7759 = CARTESIAN_POINT('',(0.198634825143,-5.9897358034E-02,
    0.699999999999));
#7760 = CARTESIAN_POINT('',(0.199934522539,-5.7505914826E-02,0.701));
#7761 = CARTESIAN_POINT('',(0.199934522539,-5.7505914826E-02,
    0.699999999999));
#7762 = CARTESIAN_POINT('',(0.202507923382,-5.5738326369E-02,0.701));
#7763 = CARTESIAN_POINT('',(0.202507923382,-5.5738326369E-02,
    0.699999999999));
#7764 = ADVANCED_FACE('',(#7765),#7784,.F.);
#7765 = FACE_BOUND('',#7766,.F.);
#7766 = EDGE_LOOP('',(#7767,#7768,#7777,#7783));
#7767 = ORIENTED_EDGE('',*,*,#7749,.F.);
#7768 = ORIENTED_EDGE('',*,*,#7769,.T.);
#7769 = EDGE_CURVE('',#7741,#7770,#7772,.T.);
#7770 = VERTEX_POINT('',#7771);
#7771 = CARTESIAN_POINT('',(0.212541587274,-5.3034955786E-02,0.701));
#7772 = B_SPLINE_CURVE_WITH_KNOTS('',3,(#7773,#7774,#7775,#7776),
  .UNSPECIFIED.,.F.,.F.,(4,4),(11.,12.),.PIECEWISE_BEZIER_KNOTS.);
#7773 = CARTESIAN_POINT('',(0.202507923382,-5.5738326369E-02,0.701));
#7774 = CARTESIAN_POINT('',(0.205081324224,-5.3918750015E-02,0.701));
#7775 = CARTESIAN_POINT('',(0.208434543505,-5.3034955786E-02,0.701));
#7776 = CARTESIAN_POINT('',(0.212541587274,-5.3034955786E-02,0.701));
#7777 = ORIENTED_EDGE('',*,*,#7778,.T.);
#7778 = EDGE_CURVE('',#7770,#430,#7779,.T.);
#7779 = LINE('',#7780,#7781);
#7780 = CARTESIAN_POINT('',(0.212541587274,-5.3034955786E-02,0.701));
#7781 = VECTOR('',#7782,1.);
#7782 = DIRECTION('',(0.,0.,-1.));
#7783 = ORIENTED_EDGE('',*,*,#438,.F.);
#7784 = B_SPLINE_SURFACE_WITH_KNOTS('',3,1,(
    (#7785,#7786)
    ,(#7787,#7788)
    ,(#7789,#7790)
    ,(#7791,#7792
    )),.UNSPECIFIED.,.F.,.F.,.F.,(4,4),(2,2),(11.,12.),(0.,1.),
  .PIECEWISE_BEZIER_KNOTS.);
#7785 = CARTESIAN_POINT('',(0.202507923382,-5.5738326369E-02,0.701));
#7786 = CARTESIAN_POINT('',(0.202507923382,-5.5738326369E-02,
    0.699999999999));
#7787 = CARTESIAN_POINT('',(0.205081324224,-5.3918750015E-02,0.701));
#7788 = CARTESIAN_POINT('',(0.205081324224,-5.3918750015E-02,
    0.699999999999));
#7789 = CARTESIAN_POINT('',(0.208434543505,-5.3034955786E-02,0.701));
#7790 = CARTESIAN_POINT('',(0.208434543505,-5.3034955786E-02,
    0.699999999999));
#7791 = CARTESIAN_POINT('',(0.212541587274,-5.3034955786E-02,0.701));
#7792 = CARTESIAN_POINT('',(0.212541587274,-5.3034955786E-02,
    0.699999999999));
#7793 = ADVANCED_FACE('',(#7794),#7813,.F.);
#7794 = FACE_BOUND('',#7795,.F.);
#7795 = EDGE_LOOP('',(#7796,#7797,#7806,#7812));
#7796 = ORIENTED_EDGE('',*,*,#7778,.F.);
#7797 = ORIENTED_EDGE('',*,*,#7798,.T.);
#7798 = EDGE_CURVE('',#7770,#7799,#7801,.T.);
#7799 = VERTEX_POINT('',#7800);
#7800 = CARTESIAN_POINT('',(0.230997290289,-5.8285733263E-02,0.701));
#7801 = B_SPLINE_CURVE_WITH_KNOTS('',3,(#7802,#7803,#7804,#7805),
  .UNSPECIFIED.,.F.,.F.,(4,4),(10.,11.),.PIECEWISE_BEZIER_KNOTS.);
#7802 = CARTESIAN_POINT('',(0.212541587274,-5.3034955786E-02,0.701));
#7803 = CARTESIAN_POINT('',(0.21942998347,-5.3034955786E-02,0.701));
#7804 = CARTESIAN_POINT('',(0.225564555176,-5.4802544243E-02,0.701));
#7805 = CARTESIAN_POINT('',(0.230997290289,-5.8285733263E-02,0.701));
#7806 = ORIENTED_EDGE('',*,*,#7807,.T.);
#7807 = EDGE_CURVE('',#7799,#422,#7808,.T.);
#7808 = LINE('',#7809,#7810);
#7809 = CARTESIAN_POINT('',(0.230997290289,-5.8285733263E-02,0.701));
#7810 = VECTOR('',#7811,1.);
#7811 = DIRECTION('',(0.,0.,-1.));
#7812 = ORIENTED_EDGE('',*,*,#429,.F.);
#7813 = B_SPLINE_SURFACE_WITH_KNOTS('',3,1,(
    (#7814,#7815)
    ,(#7816,#7817)
    ,(#7818,#7819)
    ,(#7820,#7821
    )),.UNSPECIFIED.,.F.,.F.,.F.,(4,4),(2,2),(10.,11.),(0.,1.),
  .PIECEWISE_BEZIER_KNOTS.);
#7814 = CARTESIAN_POINT('',(0.212541587274,-5.3034955786E-02,0.701));
#7815 = CARTESIAN_POINT('',(0.212541587274,-5.3034955786E-02,
    0.699999999999));
#7816 = CARTESIAN_POINT('',(0.21942998347,-5.3034955786E-02,0.701));
#7817 = CARTESIAN_POINT('',(0.21942998347,-5.3034955786E-02,
    0.699999999999));
#7818 = CARTESIAN_POINT('',(0.225564555176,-5.4802544243E-02,0.701));
#7819 = CARTESIAN_POINT('',(0.225564555176,-5.4802544243E-02,
    0.699999999999));
#7820 = CARTESIAN_POINT('',(0.230997290289,-5.8285733263E-02,0.701));
#7821 = CARTESIAN_POINT('',(0.230997290289,-5.8285733263E-02,
    0.699999999999));
#7822 = ADVANCED_FACE('',(#7823),#7841,.F.);
#7823 = FACE_BOUND('',#7824,.T.);
#7824 = EDGE_LOOP('',(#7825,#7826,#7834,#7840));
#7825 = ORIENTED_EDGE('',*,*,#421,.T.);
#7826 = ORIENTED_EDGE('',*,*,#7827,.F.);
#7827 = EDGE_CURVE('',#7828,#413,#7830,.T.);
#7828 = VERTEX_POINT('',#7829);
#7829 = CARTESIAN_POINT('',(0.230997290289,-4.5912614059E-02,0.701));
#7830 = LINE('',#7831,#7832);
#7831 = CARTESIAN_POINT('',(0.230997290289,-4.5912614059E-02,0.701));
#7832 = VECTOR('',#7833,1.);
#7833 = DIRECTION('',(0.,0.,-1.));
#7834 = ORIENTED_EDGE('',*,*,#7835,.F.);
#7835 = EDGE_CURVE('',#7799,#7828,#7836,.T.);
#7836 = LINE('',#7837,#7838);
#7837 = CARTESIAN_POINT('',(0.230997290289,-4.5912614059E-02,0.701));
#7838 = VECTOR('',#7839,1.);
#7839 = DIRECTION('',(0.,1.,0.));
#7840 = ORIENTED_EDGE('',*,*,#7807,.T.);
#7841 = PLANE('',#7842);
#7842 = AXIS2_PLACEMENT_3D('',#7843,#7844,#7845);
#7843 = CARTESIAN_POINT('',(0.230997290289,-4.5912614059E-02,0.701));
#7844 = DIRECTION('',(-1.,0.,0.));
#7845 = DIRECTION('',(0.,0.,1.));
#7846 = ADVANCED_FACE('',(#7847),#7866,.F.);
#7847 = FACE_BOUND('',#7848,.F.);
#7848 = EDGE_LOOP('',(#7849,#7850,#7859,#7865));
#7849 = ORIENTED_EDGE('',*,*,#7827,.F.);
#7850 = ORIENTED_EDGE('',*,*,#7851,.T.);
#7851 = EDGE_CURVE('',#7828,#7852,#7854,.T.);
#7852 = VERTEX_POINT('',#7853);
#7853 = CARTESIAN_POINT('',(0.213789296774,-4.2689364518E-02,0.701));
#7854 = B_SPLINE_CURVE_WITH_KNOTS('',3,(#7855,#7856,#7857,#7858),
  .UNSPECIFIED.,.F.,.F.,(4,4),(8.,9.),.PIECEWISE_BEZIER_KNOTS.);
#7855 = CARTESIAN_POINT('',(0.230997290289,-4.5912614059E-02,0.701));
#7856 = CARTESIAN_POINT('',(0.225694524915,-4.3729122435E-02,0.701));
#7857 = CARTESIAN_POINT('',(0.219975856376,-4.2689364518E-02,0.701));
#7858 = CARTESIAN_POINT('',(0.213789296774,-4.2689364518E-02,0.701));
#7859 = ORIENTED_EDGE('',*,*,#7860,.T.);
#7860 = EDGE_CURVE('',#7852,#404,#7861,.T.);
#7861 = LINE('',#7862,#7863);
#7862 = CARTESIAN_POINT('',(0.213789296774,-4.2689364518E-02,0.701));
#7863 = VECTOR('',#7864,1.);
#7864 = DIRECTION('',(0.,0.,-1.));
#7865 = ORIENTED_EDGE('',*,*,#412,.F.);
#7866 = B_SPLINE_SURFACE_WITH_KNOTS('',3,1,(
    (#7867,#7868)
    ,(#7869,#7870)
    ,(#7871,#7872)
    ,(#7873,#7874
    )),.UNSPECIFIED.,.F.,.F.,.F.,(4,4),(2,2),(8.,9.),(0.,1.),
  .PIECEWISE_BEZIER_KNOTS.);
#7867 = CARTESIAN_POINT('',(0.230997290289,-4.5912614059E-02,0.701));
#7868 = CARTESIAN_POINT('',(0.230997290289,-4.5912614059E-02,
    0.699999999999));
#7869 = CARTESIAN_POINT('',(0.225694524915,-4.3729122435E-02,0.701));
#7870 = CARTESIAN_POINT('',(0.225694524915,-4.3729122435E-02,
    0.699999999999));
#7871 = CARTESIAN_POINT('',(0.219975856376,-4.2689364518E-02,0.701));
#7872 = CARTESIAN_POINT('',(0.219975856376,-4.2689364518E-02,
    0.699999999999));
#7873 = CARTESIAN_POINT('',(0.213789296774,-4.2689364518E-02,0.701));
#7874 = CARTESIAN_POINT('',(0.213789296774,-4.2689364518E-02,
    0.699999999999));
#7875 = ADVANCED_FACE('',(#7876),#7895,.F.);
#7876 = FACE_BOUND('',#7877,.F.);
#7877 = EDGE_LOOP('',(#7878,#7879,#7888,#7894));
#7878 = ORIENTED_EDGE('',*,*,#7860,.F.);
#7879 = ORIENTED_EDGE('',*,*,#7880,.T.);
#7880 = EDGE_CURVE('',#7852,#7881,#7883,.T.);
#7881 = VERTEX_POINT('',#7882);
#7882 = CARTESIAN_POINT('',(0.193669981093,-4.8460020954E-02,0.701));
#7883 = B_SPLINE_CURVE_WITH_KNOTS('',3,(#7884,#7885,#7886,#7887),
  .UNSPECIFIED.,.F.,.F.,(4,4),(7.,8.),.PIECEWISE_BEZIER_KNOTS.);
#7884 = CARTESIAN_POINT('',(0.213789296774,-4.2689364518E-02,0.701));
#7885 = CARTESIAN_POINT('',(0.205835148714,-4.2689364518E-02,0.701));
#7886 = CARTESIAN_POINT('',(0.199128710154,-4.4612916663E-02,0.701));
#7887 = CARTESIAN_POINT('',(0.193669981093,-4.8460020954E-02,0.701));
#7888 = ORIENTED_EDGE('',*,*,#7889,.T.);
#7889 = EDGE_CURVE('',#7881,#395,#7890,.T.);
#7890 = LINE('',#7891,#7892);
#7891 = CARTESIAN_POINT('',(0.193669981093,-4.8460020954E-02,0.701));
#7892 = VECTOR('',#7893,1.);
#7893 = DIRECTION('',(0.,0.,-1.));
#7894 = ORIENTED_EDGE('',*,*,#403,.F.);
#7895 = B_SPLINE_SURFACE_WITH_KNOTS('',3,1,(
    (#7896,#7897)
    ,(#7898,#7899)
    ,(#7900,#7901)
    ,(#7902,#7903
    )),.UNSPECIFIED.,.F.,.F.,.F.,(4,4),(2,2),(7.,8.),(0.,1.),
  .PIECEWISE_BEZIER_KNOTS.);
#7896 = CARTESIAN_POINT('',(0.213789296774,-4.2689364518E-02,0.701));
#7897 = CARTESIAN_POINT('',(0.213789296774,-4.2689364518E-02,
    0.699999999999));
#7898 = CARTESIAN_POINT('',(0.205835148714,-4.2689364518E-02,0.701));
#7899 = CARTESIAN_POINT('',(0.205835148714,-4.2689364518E-02,
    0.699999999999));
#7900 = CARTESIAN_POINT('',(0.199128710154,-4.4612916663E-02,0.701));
#7901 = CARTESIAN_POINT('',(0.199128710154,-4.4612916663E-02,
    0.699999999999));
#7902 = CARTESIAN_POINT('',(0.193669981093,-4.8460020954E-02,0.701));
#7903 = CARTESIAN_POINT('',(0.193669981093,-4.8460020954E-02,
    0.699999999999));
#7904 = ADVANCED_FACE('',(#7905),#7924,.F.);
#7905 = FACE_BOUND('',#7906,.F.);
#7906 = EDGE_LOOP('',(#7907,#7908,#7917,#7923));
#7907 = ORIENTED_EDGE('',*,*,#7889,.F.);
#7908 = ORIENTED_EDGE('',*,*,#7909,.T.);
#7909 = EDGE_CURVE('',#7881,#7910,#7912,.T.);
#7910 = VERTEX_POINT('',#7911);
#7911 = CARTESIAN_POINT('',(0.18550788145,-6.3952413907E-02,0.701));
#7912 = B_SPLINE_CURVE_WITH_KNOTS('',3,(#7913,#7914,#7915,#7916),
  .UNSPECIFIED.,.F.,.F.,(4,4),(6.,7.),.PIECEWISE_BEZIER_KNOTS.);
#7913 = CARTESIAN_POINT('',(0.193669981093,-4.8460020954E-02,0.701));
#7914 = CARTESIAN_POINT('',(0.18823724598,-5.235911314E-02,0.701));
#7915 = CARTESIAN_POINT('',(0.18550788145,-5.7505914826E-02,0.701));
#7916 = CARTESIAN_POINT('',(0.18550788145,-6.3952413907E-02,0.701));
#7917 = ORIENTED_EDGE('',*,*,#7918,.T.);
#7918 = EDGE_CURVE('',#7910,#386,#7919,.T.);
#7919 = LINE('',#7920,#7921);
#7920 = CARTESIAN_POINT('',(0.18550788145,-6.3952413907E-02,0.701));
#7921 = VECTOR('',#7922,1.);
#7922 = DIRECTION('',(0.,0.,-1.));
#7923 = ORIENTED_EDGE('',*,*,#394,.F.);
#7924 = B_SPLINE_SURFACE_WITH_KNOTS('',3,1,(
    (#7925,#7926)
    ,(#7927,#7928)
    ,(#7929,#7930)
    ,(#7931,#7932
    )),.UNSPECIFIED.,.F.,.F.,.F.,(4,4),(2,2),(6.,7.),(0.,1.),
  .PIECEWISE_BEZIER_KNOTS.);
#7925 = CARTESIAN_POINT('',(0.193669981093,-4.8460020954E-02,0.701));
#7926 = CARTESIAN_POINT('',(0.193669981093,-4.8460020954E-02,
    0.699999999999));
#7927 = CARTESIAN_POINT('',(0.18823724598,-5.235911314E-02,0.701));
#7928 = CARTESIAN_POINT('',(0.18823724598,-5.235911314E-02,
    0.699999999999));
#7929 = CARTESIAN_POINT('',(0.18550788145,-5.7505914826E-02,0.701));
#7930 = CARTESIAN_POINT('',(0.18550788145,-5.7505914826E-02,
    0.699999999999));
#7931 = CARTESIAN_POINT('',(0.18550788145,-6.3952413907E-02,0.701));
#7932 = CARTESIAN_POINT('',(0.18550788145,-6.3952413907E-02,
    0.699999999999));
#7933 = ADVANCED_FACE('',(#7934),#7953,.F.);
#7934 = FACE_BOUND('',#7935,.F.);
#7935 = EDGE_LOOP('',(#7936,#7937,#7946,#7952));
#7936 = ORIENTED_EDGE('',*,*,#7918,.F.);
#7937 = ORIENTED_EDGE('',*,*,#7938,.T.);
#7938 = EDGE_CURVE('',#7910,#7939,#7941,.T.);
#7939 = VERTEX_POINT('',#7940);
#7940 = CARTESIAN_POINT('',(0.189121040209,-7.5441738882E-02,0.701));
#7941 = B_SPLINE_CURVE_WITH_KNOTS('',3,(#7942,#7943,#7944,#7945),
  .UNSPECIFIED.,.F.,.F.,(4,4),(5.,6.),.PIECEWISE_BEZIER_KNOTS.);
#7942 = CARTESIAN_POINT('',(0.18550788145,-6.3952413907E-02,0.701));
#7943 = CARTESIAN_POINT('',(0.18550788145,-6.8423372948E-02,0.701));
#7944 = CARTESIAN_POINT('',(0.186703603054,-7.2270477238E-02,0.701));
#7945 = CARTESIAN_POINT('',(0.189121040209,-7.5441738882E-02,0.701));
#7946 = ORIENTED_EDGE('',*,*,#7947,.T.);
#7947 = EDGE_CURVE('',#7939,#377,#7948,.T.);
#7948 = LINE('',#7949,#7950);
#7949 = CARTESIAN_POINT('',(0.189121040209,-7.5441738882E-02,0.701));
#7950 = VECTOR('',#7951,1.);
#7951 = DIRECTION('',(0.,0.,-1.));
#7952 = ORIENTED_EDGE('',*,*,#385,.F.);
#7953 = B_SPLINE_SURFACE_WITH_KNOTS('',3,1,(
    (#7954,#7955)
    ,(#7956,#7957)
    ,(#7958,#7959)
    ,(#7960,#7961
    )),.UNSPECIFIED.,.F.,.F.,.F.,(4,4),(2,2),(5.,6.),(0.,1.),
  .PIECEWISE_BEZIER_KNOTS.);
#7954 = CARTESIAN_POINT('',(0.18550788145,-6.3952413907E-02,0.701));
#7955 = CARTESIAN_POINT('',(0.18550788145,-6.3952413907E-02,
    0.699999999999));
#7956 = CARTESIAN_POINT('',(0.18550788145,-6.8423372948E-02,0.701));
#7957 = CARTESIAN_POINT('',(0.18550788145,-6.8423372948E-02,
    0.699999999999));
#7958 = CARTESIAN_POINT('',(0.186703603054,-7.2270477238E-02,0.701));
#7959 = CARTESIAN_POINT('',(0.186703603054,-7.2270477238E-02,
    0.699999999999));
#7960 = CARTESIAN_POINT('',(0.189121040209,-7.5441738882E-02,0.701));
#7961 = CARTESIAN_POINT('',(0.189121040209,-7.5441738882E-02,
    0.699999999999));
#7962 = ADVANCED_FACE('',(#7963),#7982,.F.);
#7963 = FACE_BOUND('',#7964,.F.);
#7964 = EDGE_LOOP('',(#7965,#7966,#7975,#7981));
#7965 = ORIENTED_EDGE('',*,*,#7947,.F.);
#7966 = ORIENTED_EDGE('',*,*,#7967,.T.);
#7967 = EDGE_CURVE('',#7939,#7968,#7970,.T.);
#7968 = VERTEX_POINT('',#7969);
#7969 = CARTESIAN_POINT('',(0.204795390798,-8.5059499608E-02,0.701));
#7970 = B_SPLINE_CURVE_WITH_KNOTS('',3,(#7971,#7972,#7973,#7974),
  .UNSPECIFIED.,.F.,.F.,(4,4),(4.,5.),.PIECEWISE_BEZIER_KNOTS.);
#7971 = CARTESIAN_POINT('',(0.189121040209,-7.5441738882E-02,0.701));
#7972 = CARTESIAN_POINT('',(0.191512483417,-7.8613000527E-02,0.701));
#7973 = CARTESIAN_POINT('',(0.196763260894,-8.1836250068E-02,0.701));
#7974 = CARTESIAN_POINT('',(0.204795390798,-8.5059499608E-02,0.701));
#7975 = ORIENTED_EDGE('',*,*,#7976,.T.);
#7976 = EDGE_CURVE('',#7968,#368,#7977,.T.);
#7977 = LINE('',#7978,#7979);
#7978 = CARTESIAN_POINT('',(0.204795390798,-8.5059499608E-02,0.701));
#7979 = VECTOR('',#7980,1.);
#7980 = DIRECTION('',(0.,0.,-1.));
#7981 = ORIENTED_EDGE('',*,*,#376,.F.);
#7982 = B_SPLINE_SURFACE_WITH_KNOTS('',3,1,(
    (#7983,#7984)
    ,(#7985,#7986)
    ,(#7987,#7988)
    ,(#7989,#7990
    )),.UNSPECIFIED.,.F.,.F.,.F.,(4,4),(2,2),(4.,5.),(0.,1.),
  .PIECEWISE_BEZIER_KNOTS.);
#7983 = CARTESIAN_POINT('',(0.189121040209,-7.5441738882E-02,0.701));
#7984 = CARTESIAN_POINT('',(0.189121040209,-7.5441738882E-02,
    0.699999999999));
#7985 = CARTESIAN_POINT('',(0.191512483417,-7.8613000527E-02,0.701));
#7986 = CARTESIAN_POINT('',(0.191512483417,-7.8613000527E-02,
    0.699999999999));
#7987 = CARTESIAN_POINT('',(0.196763260894,-8.1836250068E-02,0.701));
#7988 = CARTESIAN_POINT('',(0.196763260894,-8.1836250068E-02,
    0.699999999999));
#7989 = CARTESIAN_POINT('',(0.204795390798,-8.5059499608E-02,0.701));
#7990 = CARTESIAN_POINT('',(0.204795390798,-8.5059499608E-02,
    0.699999999999));
#7991 = ADVANCED_FACE('',(#7992),#8011,.F.);
#7992 = FACE_BOUND('',#7993,.F.);
#7993 = EDGE_LOOP('',(#7994,#7995,#8004,#8010));
#7994 = ORIENTED_EDGE('',*,*,#7976,.F.);
#7995 = ORIENTED_EDGE('',*,*,#7996,.T.);
#7996 = EDGE_CURVE('',#7968,#7997,#7999,.T.);
#7997 = VERTEX_POINT('',#7998);
#7998 = CARTESIAN_POINT('',(0.218130286074,-9.1557986586E-02,0.701));
#7999 = B_SPLINE_CURVE_WITH_KNOTS('',3,(#8000,#8001,#8002,#8003),
  .UNSPECIFIED.,.F.,.F.,(4,4),(3.,4.),.PIECEWISE_BEZIER_KNOTS.);
#8000 = CARTESIAN_POINT('',(0.204795390798,-8.5059499608E-02,0.701));
#8001 = CARTESIAN_POINT('',(0.211501829358,-8.7554918608E-02,0.701));
#8002 = CARTESIAN_POINT('',(0.21594679445,-8.9738410232E-02,0.701));
#8003 = CARTESIAN_POINT('',(0.218130286074,-9.1557986586E-02,0.701));
#8004 = ORIENTED_EDGE('',*,*,#8005,.T.);
#8005 = EDGE_CURVE('',#7997,#359,#8006,.T.);
#8006 = LINE('',#8007,#8008);
#8007 = CARTESIAN_POINT('',(0.218130286074,-9.1557986586E-02,0.701));
#8008 = VECTOR('',#8009,1.);
#8009 = DIRECTION('',(0.,0.,-1.));
#8010 = ORIENTED_EDGE('',*,*,#367,.F.);
#8011 = B_SPLINE_SURFACE_WITH_KNOTS('',3,1,(
    (#8012,#8013)
    ,(#8014,#8015)
    ,(#8016,#8017)
    ,(#8018,#8019
    )),.UNSPECIFIED.,.F.,.F.,.F.,(4,4),(2,2),(3.,4.),(0.,1.),
  .PIECEWISE_BEZIER_KNOTS.);
#8012 = CARTESIAN_POINT('',(0.204795390798,-8.5059499608E-02,0.701));
#8013 = CARTESIAN_POINT('',(0.204795390798,-8.5059499608E-02,
    0.699999999999));
#8014 = CARTESIAN_POINT('',(0.211501829358,-8.7554918608E-02,0.701));
#8015 = CARTESIAN_POINT('',(0.211501829358,-8.7554918608E-02,
    0.699999999999));
#8016 = CARTESIAN_POINT('',(0.21594679445,-8.9738410232E-02,0.701));
#8017 = CARTESIAN_POINT('',(0.21594679445,-8.9738410232E-02,
    0.699999999999));
#8018 = CARTESIAN_POINT('',(0.218130286074,-9.1557986586E-02,0.701));
#8019 = CARTESIAN_POINT('',(0.218130286074,-9.1557986586E-02,
    0.699999999999));
#8020 = ADVANCED_FACE('',(#8021),#8040,.F.);
#8021 = FACE_BOUND('',#8022,.F.);
#8022 = EDGE_LOOP('',(#8023,#8024,#8033,#8039));
#8023 = ORIENTED_EDGE('',*,*,#8005,.F.);
#8024 = ORIENTED_EDGE('',*,*,#8025,.T.);
#8025 = EDGE_CURVE('',#7997,#8026,#8028,.T.);
#8026 = VERTEX_POINT('',#8027);
#8027 = CARTESIAN_POINT('',(0.221405523511,-9.8472376729E-02,0.701));
#8028 = B_SPLINE_CURVE_WITH_KNOTS('',3,(#8029,#8030,#8031,#8032),
  .UNSPECIFIED.,.F.,.F.,(4,4),(2.,3.),.PIECEWISE_BEZIER_KNOTS.);
#8029 = CARTESIAN_POINT('',(0.218130286074,-9.1557986586E-02,0.701));
#8030 = CARTESIAN_POINT('',(0.220313777699,-9.3377562939E-02,0.701));
#8031 = CARTESIAN_POINT('',(0.221405523511,-9.5665030355E-02,0.701));
#8032 = CARTESIAN_POINT('',(0.221405523511,-9.8472376729E-02,0.701));
#8033 = ORIENTED_EDGE('',*,*,#8034,.T.);
#8034 = EDGE_CURVE('',#8026,#350,#8035,.T.);
#8035 = LINE('',#8036,#8037);
#8036 = CARTESIAN_POINT('',(0.221405523511,-9.8472376729E-02,0.701));
#8037 = VECTOR('',#8038,1.);
#8038 = DIRECTION('',(0.,0.,-1.));
#8039 = ORIENTED_EDGE('',*,*,#358,.F.);
#8040 = B_SPLINE_SURFACE_WITH_KNOTS('',3,1,(
    (#8041,#8042)
    ,(#8043,#8044)
    ,(#8045,#8046)
    ,(#8047,#8048
    )),.UNSPECIFIED.,.F.,.F.,.F.,(4,4),(2,2),(2.,3.),(0.,1.),
  .PIECEWISE_BEZIER_KNOTS.);
#8041 = CARTESIAN_POINT('',(0.218130286074,-9.1557986586E-02,0.701));
#8042 = CARTESIAN_POINT('',(0.218130286074,-9.1557986586E-02,
    0.699999999999));
#8043 = CARTESIAN_POINT('',(0.220313777699,-9.3377562939E-02,0.701));
#8044 = CARTESIAN_POINT('',(0.220313777699,-9.3377562939E-02,
    0.699999999999));
#8045 = CARTESIAN_POINT('',(0.221405523511,-9.5665030355E-02,0.701));
#8046 = CARTESIAN_POINT('',(0.221405523511,-9.5665030355E-02,
    0.699999999999));
#8047 = CARTESIAN_POINT('',(0.221405523511,-9.8472376729E-02,0.701));
#8048 = CARTESIAN_POINT('',(0.221405523511,-9.8472376729E-02,
    0.699999999999));
#8049 = ADVANCED_FACE('',(#8050),#8062,.F.);
#8050 = FACE_BOUND('',#8051,.F.);
#8051 = EDGE_LOOP('',(#8052,#8053,#8060,#8061));
#8052 = ORIENTED_EDGE('',*,*,#8034,.F.);
#8053 = ORIENTED_EDGE('',*,*,#8054,.T.);
#8054 = EDGE_CURVE('',#8026,#7477,#8055,.T.);
#8055 = B_SPLINE_CURVE_WITH_KNOTS('',3,(#8056,#8057,#8058,#8059),
  .UNSPECIFIED.,.F.,.F.,(4,4),(1.,2.),.PIECEWISE_BEZIER_KNOTS.);
#8056 = CARTESIAN_POINT('',(0.221405523511,-9.8472376729E-02,0.701));
#8057 = CARTESIAN_POINT('',(0.221405523511,-0.105022851602,0.701));
#8058 = CARTESIAN_POINT('',(0.216388691565,-0.108298089038,0.701));
#8059 = CARTESIAN_POINT('',(0.20638102162,-0.108298089038,0.701));
#8060 = ORIENTED_EDGE('',*,*,#7476,.T.);
#8061 = ORIENTED_EDGE('',*,*,#349,.F.);
#8062 = B_SPLINE_SURFACE_WITH_KNOTS('',3,1,(
    (#8063,#8064)
    ,(#8065,#8066)
    ,(#8067,#8068)
    ,(#8069,#8070
    )),.UNSPECIFIED.,.F.,.F.,.F.,(4,4),(2,2),(1.,2.),(0.,1.),
  .PIECEWISE_BEZIER_KNOTS.);
#8063 = CARTESIAN_POINT('',(0.221405523511,-9.8472376729E-02,0.701));
#8064 = CARTESIAN_POINT('',(0.221405523511,-9.8472376729E-02,
    0.699999999999));
#8065 = CARTESIAN_POINT('',(0.221405523511,-0.105022851602,0.701));
#8066 = CARTESIAN_POINT('',(0.221405523511,-0.105022851602,
    0.699999999999));
#8067 = CARTESIAN_POINT('',(0.216388691565,-0.108298089038,0.701));
#8068 = CARTESIAN_POINT('',(0.216388691565,-0.108298089038,
    0.699999999999));
#8069 = CARTESIAN_POINT('',(0.20638102162,-0.108298089038,0.701));
#8070 = CARTESIAN_POINT('',(0.20638102162,-0.108298089038,0.699999999999
    ));
#8071 = ADVANCED_FACE('',(#8072),#8095,.F.);
#8072 = FACE_BOUND('',#8073,.T.);
#8073 = EDGE_LOOP('',(#8074,#8075,#8076,#8077,#8078,#8079,#8080,#8081,
    #8082,#8083,#8084,#8085,#8086,#8087,#8088,#8089,#8090,#8091,#8092,
    #8093,#8094));
#8074 = ORIENTED_EDGE('',*,*,#7484,.T.);
#8075 = ORIENTED_EDGE('',*,*,#7521,.T.);
#8076 = ORIENTED_EDGE('',*,*,#7537,.T.);
#8077 = ORIENTED_EDGE('',*,*,#7566,.T.);
#8078 = ORIENTED_EDGE('',*,*,#7595,.T.);
#8079 = ORIENTED_EDGE('',*,*,#7624,.T.);
#8080 = ORIENTED_EDGE('',*,*,#7653,.T.);
#8081 = ORIENTED_EDGE('',*,*,#7682,.T.);
#8082 = ORIENTED_EDGE('',*,*,#7711,.T.);
#8083 = ORIENTED_EDGE('',*,*,#7740,.T.);
#8084 = ORIENTED_EDGE('',*,*,#7769,.T.);
#8085 = ORIENTED_EDGE('',*,*,#7798,.T.);
#8086 = ORIENTED_EDGE('',*,*,#7835,.T.);
#8087 = ORIENTED_EDGE('',*,*,#7851,.T.);
#8088 = ORIENTED_EDGE('',*,*,#7880,.T.);
#8089 = ORIENTED_EDGE('',*,*,#7909,.T.);
#8090 = ORIENTED_EDGE('',*,*,#7938,.T.);
#8091 = ORIENTED_EDGE('',*,*,#7967,.T.);
#8092 = ORIENTED_EDGE('',*,*,#7996,.T.);
#8093 = ORIENTED_EDGE('',*,*,#8025,.T.);
#8094 = ORIENTED_EDGE('',*,*,#8054,.T.);
#8095 = PLANE('',#8096);
#8096 = AXIS2_PLACEMENT_3D('',#8097,#8098,#8099);
#8097 = CARTESIAN_POINT('',(0.195535046855,-0.106543497554,0.701));
#8098 = DIRECTION('',(0.,0.,-1.));
#8099 = DIRECTION('',(-1.,0.,0.));
#8100 = ADVANCED_FACE('',(#8101),#8126,.F.);
#8101 = FACE_BOUND('',#8102,.T.);
#8102 = EDGE_LOOP('',(#8103,#8104,#8112,#8120));
#8103 = ORIENTED_EDGE('',*,*,#213,.T.);
#8104 = ORIENTED_EDGE('',*,*,#8105,.F.);
#8105 = EDGE_CURVE('',#8106,#204,#8108,.T.);
#8106 = VERTEX_POINT('',#8107);
#8107 = CARTESIAN_POINT('',(0.297619778777,-4.4352977185E-02,0.701));
#8108 = LINE('',#8109,#8110);
#8109 = CARTESIAN_POINT('',(0.297619778777,-4.4352977185E-02,0.701));
#8110 = VECTOR('',#8111,1.);
#8111 = DIRECTION('',(0.,0.,-1.));
#8112 = ORIENTED_EDGE('',*,*,#8113,.F.);
#8113 = EDGE_CURVE('',#8114,#8106,#8116,.T.);
#8114 = VERTEX_POINT('',#8115);
#8115 = CARTESIAN_POINT('',(0.310824704314,-4.4352977185E-02,0.701));
#8116 = LINE('',#8117,#8118);
#8117 = CARTESIAN_POINT('',(0.297619778777,-4.4352977185E-02,0.701));
#8118 = VECTOR('',#8119,1.);
#8119 = DIRECTION('',(-1.,0.,0.));
#8120 = ORIENTED_EDGE('',*,*,#8121,.T.);
#8121 = EDGE_CURVE('',#8114,#214,#8122,.T.);
#8122 = LINE('',#8123,#8124);
#8123 = CARTESIAN_POINT('',(0.310824704314,-4.4352977185E-02,0.701));
#8124 = VECTOR('',#8125,1.);
#8125 = DIRECTION('',(0.,0.,-1.));
#8126 = PLANE('',#8127);
#8127 = AXIS2_PLACEMENT_3D('',#8128,#8129,#8130);
#8128 = CARTESIAN_POINT('',(0.297619778777,-4.4352977185E-02,0.701));
#8129 = DIRECTION('',(0.,-1.,0.));
#8130 = DIRECTION('',(0.,0.,-1.));
#8131 = ADVANCED_FACE('',(#8132),#8150,.F.);
#8132 = FACE_BOUND('',#8133,.T.);
#8133 = EDGE_LOOP('',(#8134,#8135,#8143,#8149));
#8134 = ORIENTED_EDGE('',*,*,#203,.T.);
#8135 = ORIENTED_EDGE('',*,*,#8136,.F.);
#8136 = EDGE_CURVE('',#8137,#206,#8139,.T.);
#8137 = VERTEX_POINT('',#8138);
#8138 = CARTESIAN_POINT('',(0.277786396523,-9.9044243583E-02,0.701));
#8139 = LINE('',#8140,#8141);
#8140 = CARTESIAN_POINT('',(0.277786396523,-9.9044243583E-02,0.701));
#8141 = VECTOR('',#8142,1.);
#8142 = DIRECTION('',(0.,0.,-1.));
#8143 = ORIENTED_EDGE('',*,*,#8144,.F.);
#8144 = EDGE_CURVE('',#8106,#8137,#8145,.T.);
#8145 = LINE('',#8146,#8147);
#8146 = CARTESIAN_POINT('',(0.277786396523,-9.9044243583E-02,0.701));
#8147 = VECTOR('',#8148,1.);
#8148 = DIRECTION('',(-0.340917796218,-0.9400931104,0.));
#8149 = ORIENTED_EDGE('',*,*,#8105,.T.);
#8150 = PLANE('',#8151);
#8151 = AXIS2_PLACEMENT_3D('',#8152,#8153,#8154);
#8152 = CARTESIAN_POINT('',(0.277786396523,-9.9044243583E-02,0.701));
#8153 = DIRECTION('',(0.9400931104,-0.340917796218,0.));
#8154 = DIRECTION('',(0.340917796218,0.9400931104,0.));
#8155 = ADVANCED_FACE('',(#8156),#8175,.F.);
#8156 = FACE_BOUND('',#8157,.F.);
#8157 = EDGE_LOOP('',(#8158,#8159,#8168,#8174));
#8158 = ORIENTED_EDGE('',*,*,#8136,.F.);
#8159 = ORIENTED_EDGE('',*,*,#8160,.T.);
#8160 = EDGE_CURVE('',#8137,#8161,#8163,.T.);
#8161 = VERTEX_POINT('',#8162);
#8162 = CARTESIAN_POINT('',(0.276226759648,-0.10491887581,0.701));
#8163 = B_SPLINE_CURVE_WITH_KNOTS('',3,(#8164,#8165,#8166,#8167),
  .UNSPECIFIED.,.F.,.F.,(4,4),(12.,13.),.PIECEWISE_BEZIER_KNOTS.);
#8164 = CARTESIAN_POINT('',(0.277786396523,-9.9044243583E-02,0.701));
#8165 = CARTESIAN_POINT('',(0.277006578086,-0.101591650478,0.701));
#8166 = CARTESIAN_POINT('',(0.276486699127,-0.103567190519,0.701));
#8167 = CARTESIAN_POINT('',(0.276226759648,-0.10491887581,0.701));
#8168 = ORIENTED_EDGE('',*,*,#8169,.T.);
#8169 = EDGE_CURVE('',#8161,#314,#8170,.T.);
#8170 = LINE('',#8171,#8172);
#8171 = CARTESIAN_POINT('',(0.276226759648,-0.10491887581,0.701));
#8172 = VECTOR('',#8173,1.);
#8173 = DIRECTION('',(0.,0.,-1.));
#8174 = ORIENTED_EDGE('',*,*,#321,.F.);
#8175 = B_SPLINE_SURFACE_WITH_KNOTS('',3,1,(
    (#8176,#8177)
    ,(#8178,#8179)
    ,(#8180,#8181)
    ,(#8182,#8183
    )),.UNSPECIFIED.,.F.,.F.,.F.,(4,4),(2,2),(12.,13.),(0.,1.),
  .PIECEWISE_BEZIER_KNOTS.);
#8176 = CARTESIAN_POINT('',(0.277786396523,-9.9044243583E-02,0.701));
#8177 = CARTESIAN_POINT('',(0.277786396523,-9.9044243583E-02,
    0.699999999999));
#8178 = CARTESIAN_POINT('',(0.277006578086,-0.101591650478,0.701));
#8179 = CARTESIAN_POINT('',(0.277006578086,-0.101591650478,
    0.699999999999));
#8180 = CARTESIAN_POINT('',(0.276486699127,-0.103567190519,0.701));
#8181 = CARTESIAN_POINT('',(0.276486699127,-0.103567190519,
    0.699999999999));
#8182 = CARTESIAN_POINT('',(0.276226759648,-0.10491887581,0.701));
#8183 = CARTESIAN_POINT('',(0.276226759648,-0.10491887581,0.699999999999
    ));
#8184 = ADVANCED_FACE('',(#8185),#8203,.F.);
#8185 = FACE_BOUND('',#8186,.T.);
#8186 = EDGE_LOOP('',(#8187,#8188,#8196,#8202));
#8187 = ORIENTED_EDGE('',*,*,#313,.T.);
#8188 = ORIENTED_EDGE('',*,*,#8189,.F.);
#8189 = EDGE_CURVE('',#8190,#306,#8192,.T.);
#8190 = VERTEX_POINT('',#8191);
#8191 = CARTESIAN_POINT('',(0.275888838326,-0.10491887581,0.701));
#8192 = LINE('',#8193,#8194);
#8193 = CARTESIAN_POINT('',(0.275888838326,-0.10491887581,0.701));
#8194 = VECTOR('',#8195,1.);
#8195 = DIRECTION('',(0.,0.,-1.));
#8196 = ORIENTED_EDGE('',*,*,#8197,.F.);
#8197 = EDGE_CURVE('',#8161,#8190,#8198,.T.);
#8198 = LINE('',#8199,#8200);
#8199 = CARTESIAN_POINT('',(0.275888838326,-0.10491887581,0.701));
#8200 = VECTOR('',#8201,1.);
#8201 = DIRECTION('',(-1.,0.,0.));
#8202 = ORIENTED_EDGE('',*,*,#8169,.T.);
#8203 = PLANE('',#8204);
#8204 = AXIS2_PLACEMENT_3D('',#8205,#8206,#8207);
#8205 = CARTESIAN_POINT('',(0.275888838326,-0.10491887581,0.701));
#8206 = DIRECTION('',(0.,-1.,0.));
#8207 = DIRECTION('',(0.,0.,-1.));
#8208 = ADVANCED_FACE('',(#8209),#8227,.F.);
#8209 = FACE_BOUND('',#8210,.T.);
#8210 = EDGE_LOOP('',(#8211,#8212,#8220,#8226));
#8211 = ORIENTED_EDGE('',*,*,#305,.T.);
#8212 = ORIENTED_EDGE('',*,*,#8213,.F.);
#8213 = EDGE_CURVE('',#8214,#298,#8216,.T.);
#8214 = VERTEX_POINT('',#8215);
#8215 = CARTESIAN_POINT('',(0.274329201451,-9.8940267791E-02,0.701));
#8216 = LINE('',#8217,#8218);
#8217 = CARTESIAN_POINT('',(0.274329201451,-9.8940267791E-02,0.701));
#8218 = VECTOR('',#8219,1.);
#8219 = DIRECTION('',(0.,0.,-1.));
#8220 = ORIENTED_EDGE('',*,*,#8221,.F.);
#8221 = EDGE_CURVE('',#8190,#8214,#8222,.T.);
#8222 = LINE('',#8223,#8224);
#8223 = CARTESIAN_POINT('',(0.274329201451,-9.8940267791E-02,0.701));
#8224 = VECTOR('',#8225,1.);
#8225 = DIRECTION('',(-0.252421897187,0.967617272386,0.));
#8226 = ORIENTED_EDGE('',*,*,#8189,.T.);
#8227 = PLANE('',#8228);
#8228 = AXIS2_PLACEMENT_3D('',#8229,#8230,#8231);
#8229 = CARTESIAN_POINT('',(0.274329201451,-9.8940267791E-02,0.701));
#8230 = DIRECTION('',(-0.967617272386,-0.252421897187,0.));
#8231 = DIRECTION('',(0.252421897187,-0.967617272386,0.));
#8232 = ADVANCED_FACE('',(#8233),#8251,.F.);
#8233 = FACE_BOUND('',#8234,.T.);
#8234 = EDGE_LOOP('',(#8235,#8236,#8244,#8250));
#8235 = ORIENTED_EDGE('',*,*,#297,.T.);
#8236 = ORIENTED_EDGE('',*,*,#8237,.F.);
#8237 = EDGE_CURVE('',#8238,#290,#8240,.T.);
#8238 = VERTEX_POINT('',#8239);
#8239 = CARTESIAN_POINT('',(0.255353619479,-4.4352977185E-02,0.701));
#8240 = LINE('',#8241,#8242);
#8241 = CARTESIAN_POINT('',(0.255353619479,-4.4352977185E-02,0.701));
#8242 = VECTOR('',#8243,1.);
#8243 = DIRECTION('',(0.,0.,-1.));
#8244 = ORIENTED_EDGE('',*,*,#8245,.F.);
#8245 = EDGE_CURVE('',#8214,#8238,#8246,.T.);
#8246 = LINE('',#8247,#8248);
#8247 = CARTESIAN_POINT('',(0.255353619479,-4.4352977185E-02,0.701));
#8248 = VECTOR('',#8249,1.);
#8249 = DIRECTION('',(-0.328346164812,0.94455746043,0.));
#8250 = ORIENTED_EDGE('',*,*,#8213,.T.);
#8251 = PLANE('',#8252);
#8252 = AXIS2_PLACEMENT_3D('',#8253,#8254,#8255);
#8253 = CARTESIAN_POINT('',(0.255353619479,-4.4352977185E-02,0.701));
#8254 = DIRECTION('',(-0.94455746043,-0.328346164812,0.));
#8255 = DIRECTION('',(0.328346164812,-0.94455746043,0.));
#8256 = ADVANCED_FACE('',(#8257),#8275,.F.);
#8257 = FACE_BOUND('',#8258,.T.);
#8258 = EDGE_LOOP('',(#8259,#8260,#8268,#8274));
#8259 = ORIENTED_EDGE('',*,*,#289,.T.);
#8260 = ORIENTED_EDGE('',*,*,#8261,.F.);
#8261 = EDGE_CURVE('',#8262,#282,#8264,.T.);
#8262 = VERTEX_POINT('',#8263);
#8263 = CARTESIAN_POINT('',(0.241108936025,-4.4352977185E-02,0.701));
#8264 = LINE('',#8265,#8266);
#8265 = CARTESIAN_POINT('',(0.241108936025,-4.4352977185E-02,0.701));
#8266 = VECTOR('',#8267,1.);
#8267 = DIRECTION('',(0.,0.,-1.));
#8268 = ORIENTED_EDGE('',*,*,#8269,.F.);
#8269 = EDGE_CURVE('',#8238,#8262,#8270,.T.);
#8270 = LINE('',#8271,#8272);
#8271 = CARTESIAN_POINT('',(0.241108936025,-4.4352977185E-02,0.701));
#8272 = VECTOR('',#8273,1.);
#8273 = DIRECTION('',(-1.,0.,0.));
#8274 = ORIENTED_EDGE('',*,*,#8237,.T.);
#8275 = PLANE('',#8276);
#8276 = AXIS2_PLACEMENT_3D('',#8277,#8278,#8279);
#8277 = CARTESIAN_POINT('',(0.241108936025,-4.4352977185E-02,0.701));
#8278 = DIRECTION('',(0.,-1.,0.));
#8279 = DIRECTION('',(0.,0.,-1.));
#8280 = ADVANCED_FACE('',(#8281),#8299,.F.);
#8281 = FACE_BOUND('',#8282,.T.);
#8282 = EDGE_LOOP('',(#8283,#8284,#8292,#8298));
#8283 = ORIENTED_EDGE('',*,*,#281,.T.);
#8284 = ORIENTED_EDGE('',*,*,#8285,.F.);
#8285 = EDGE_CURVE('',#8286,#274,#8288,.T.);
#8286 = VERTEX_POINT('',#8287);
#8287 = CARTESIAN_POINT('',(0.269598302932,-0.116824103952,0.701));
#8288 = LINE('',#8289,#8290);
#8289 = CARTESIAN_POINT('',(0.269598302932,-0.116824103952,0.701));
#8290 = VECTOR('',#8291,1.);
#8291 = DIRECTION('',(0.,0.,-1.));
#8292 = ORIENTED_EDGE('',*,*,#8293,.F.);
#8293 = EDGE_CURVE('',#8262,#8286,#8294,.T.);
#8294 = LINE('',#8295,#8296);
#8295 = CARTESIAN_POINT('',(0.269598302932,-0.116824103952,0.701));
#8296 = VECTOR('',#8297,1.);
#8297 = DIRECTION('',(0.365858921669,-0.930670322636,0.));
#8298 = ORIENTED_EDGE('',*,*,#8261,.T.);
#8299 = PLANE('',#8300);
#8300 = AXIS2_PLACEMENT_3D('',#8301,#8302,#8303);
#8301 = CARTESIAN_POINT('',(0.269598302932,-0.116824103952,0.701));
#8302 = DIRECTION('',(0.930670322636,0.365858921669,0.));
#8303 = DIRECTION('',(-0.365858921669,0.930670322636,0.));
#8304 = ADVANCED_FACE('',(#8305),#8323,.F.);
#8305 = FACE_BOUND('',#8306,.T.);
#8306 = EDGE_LOOP('',(#8307,#8308,#8316,#8322));
#8307 = ORIENTED_EDGE('',*,*,#273,.T.);
#8308 = ORIENTED_EDGE('',*,*,#8309,.F.);
#8309 = EDGE_CURVE('',#8310,#265,#8312,.T.);
#8310 = VERTEX_POINT('',#8311);
#8311 = CARTESIAN_POINT('',(0.264009604132,-0.130029029489,0.701));
#8312 = LINE('',#8313,#8314);
#8313 = CARTESIAN_POINT('',(0.264009604132,-0.130029029489,0.701));
#8314 = VECTOR('',#8315,1.);
#8315 = DIRECTION('',(0.,0.,-1.));
#8316 = ORIENTED_EDGE('',*,*,#8317,.F.);
#8317 = EDGE_CURVE('',#8286,#8310,#8318,.T.);
#8318 = LINE('',#8319,#8320);
#8319 = CARTESIAN_POINT('',(0.264009604132,-0.130029029489,0.701));
#8320 = VECTOR('',#8321,1.);
#8321 = DIRECTION('',(-0.389758265065,-0.920917203017,0.));
#8322 = ORIENTED_EDGE('',*,*,#8285,.T.);
#8323 = PLANE('',#8324);
#8324 = AXIS2_PLACEMENT_3D('',#8325,#8326,#8327);
#8325 = CARTESIAN_POINT('',(0.264009604132,-0.130029029489,0.701));
#8326 = DIRECTION('',(0.920917203017,-0.389758265065,0.));
#8327 = DIRECTION('',(0.389758265065,0.920917203017,0.));
#8328 = ADVANCED_FACE('',(#8329),#8348,.F.);
#8329 = FACE_BOUND('',#8330,.F.);
#8330 = EDGE_LOOP('',(#8331,#8332,#8341,#8347));
#8331 = ORIENTED_EDGE('',*,*,#8309,.F.);
#8332 = ORIENTED_EDGE('',*,*,#8333,.T.);
#8333 = EDGE_CURVE('',#8310,#8334,#8336,.T.);
#8334 = VERTEX_POINT('',#8335);
#8335 = CARTESIAN_POINT('',(0.250960642282,-0.140270644965,0.701));
#8336 = B_SPLINE_CURVE_WITH_KNOTS('',3,(#8337,#8338,#8339,#8340),
  .UNSPECIFIED.,.F.,.F.,(4,4),(5.,6.),.PIECEWISE_BEZIER_KNOTS.);
#8337 = CARTESIAN_POINT('',(0.264009604132,-0.130029029489,0.701));
#8338 = CARTESIAN_POINT('',(0.261124275914,-0.136891431737,0.701));
#8339 = CARTESIAN_POINT('',(0.256783286614,-0.140270644965,0.701));
#8340 = CARTESIAN_POINT('',(0.250960642282,-0.140270644965,0.701));
#8341 = ORIENTED_EDGE('',*,*,#8342,.T.);
#8342 = EDGE_CURVE('',#8334,#256,#8343,.T.);
#8343 = LINE('',#8344,#8345);
#8344 = CARTESIAN_POINT('',(0.250960642282,-0.140270644965,0.701));
#8345 = VECTOR('',#8346,1.);
#8346 = DIRECTION('',(0.,0.,-1.));
#8347 = ORIENTED_EDGE('',*,*,#264,.F.);
#8348 = B_SPLINE_SURFACE_WITH_KNOTS('',3,1,(
    (#8349,#8350)
    ,(#8351,#8352)
    ,(#8353,#8354)
    ,(#8355,#8356
    )),.UNSPECIFIED.,.F.,.F.,.F.,(4,4),(2,2),(5.,6.),(0.,1.),
  .PIECEWISE_BEZIER_KNOTS.);
#8349 = CARTESIAN_POINT('',(0.264009604132,-0.130029029489,0.701));
#8350 = CARTESIAN_POINT('',(0.264009604132,-0.130029029489,
    0.699999999999));
#8351 = CARTESIAN_POINT('',(0.261124275914,-0.136891431737,0.701));
#8352 = CARTESIAN_POINT('',(0.261124275914,-0.136891431737,
    0.699999999999));
#8353 = CARTESIAN_POINT('',(0.256783286614,-0.140270644965,0.701));
#8354 = CARTESIAN_POINT('',(0.256783286614,-0.140270644965,
    0.699999999999));
#8355 = CARTESIAN_POINT('',(0.250960642282,-0.140270644965,0.701));
#8356 = CARTESIAN_POINT('',(0.250960642282,-0.140270644965,
    0.699999999999));
#8357 = ADVANCED_FACE('',(#8358),#8377,.F.);
#8358 = FACE_BOUND('',#8359,.F.);
#8359 = EDGE_LOOP('',(#8360,#8361,#8370,#8376));
#8360 = ORIENTED_EDGE('',*,*,#8342,.F.);
#8361 = ORIENTED_EDGE('',*,*,#8362,.T.);
#8362 = EDGE_CURVE('',#8334,#8363,#8365,.T.);
#8363 = VERTEX_POINT('',#8364);
#8364 = CARTESIAN_POINT('',(0.243734324764,-0.138814983882,0.701));
#8365 = B_SPLINE_CURVE_WITH_KNOTS('',3,(#8366,#8367,#8368,#8369),
  .UNSPECIFIED.,.F.,.F.,(4,4),(4.,5.),.PIECEWISE_BEZIER_KNOTS.);
#8366 = CARTESIAN_POINT('',(0.250960642282,-0.140270644965,0.701));
#8367 = CARTESIAN_POINT('',(0.24862118697,-0.140270644965,0.701));
#8368 = CARTESIAN_POINT('',(0.246229743763,-0.139802753903,0.701));
#8369 = CARTESIAN_POINT('',(0.243734324764,-0.138814983882,0.701));
#8370 = ORIENTED_EDGE('',*,*,#8371,.T.);
#8371 = EDGE_CURVE('',#8363,#248,#8372,.T.);
#8372 = LINE('',#8373,#8374);
#8373 = CARTESIAN_POINT('',(0.243734324764,-0.138814983882,0.701));
#8374 = VECTOR('',#8375,1.);
#8375 = DIRECTION('',(0.,0.,-1.));
#8376 = ORIENTED_EDGE('',*,*,#255,.F.);
#8377 = B_SPLINE_SURFACE_WITH_KNOTS('',3,1,(
    (#8378,#8379)
    ,(#8380,#8381)
    ,(#8382,#8383)
    ,(#8384,#8385
    )),.UNSPECIFIED.,.F.,.F.,.F.,(4,4),(2,2),(4.,5.),(0.,1.),
  .PIECEWISE_BEZIER_KNOTS.);
#8378 = CARTESIAN_POINT('',(0.250960642282,-0.140270644965,0.701));
#8379 = CARTESIAN_POINT('',(0.250960642282,-0.140270644965,
    0.699999999999));
#8380 = CARTESIAN_POINT('',(0.24862118697,-0.140270644965,0.701));
#8381 = CARTESIAN_POINT('',(0.24862118697,-0.140270644965,0.699999999999
    ));
#8382 = CARTESIAN_POINT('',(0.246229743763,-0.139802753903,0.701));
#8383 = CARTESIAN_POINT('',(0.246229743763,-0.139802753903,
    0.699999999999));
#8384 = CARTESIAN_POINT('',(0.243734324764,-0.138814983882,0.701));
#8385 = CARTESIAN_POINT('',(0.243734324764,-0.138814983882,
    0.699999999999));
#8386 = ADVANCED_FACE('',(#8387),#8405,.F.);
#8387 = FACE_BOUND('',#8388,.T.);
#8388 = EDGE_LOOP('',(#8389,#8390,#8398,#8404));
#8389 = ORIENTED_EDGE('',*,*,#247,.T.);
#8390 = ORIENTED_EDGE('',*,*,#8391,.F.);
#8391 = EDGE_CURVE('',#8392,#239,#8394,.T.);
#8392 = VERTEX_POINT('',#8393);
#8393 = CARTESIAN_POINT('',(0.243734324764,-0.15014834517,0.701));
#8394 = LINE('',#8395,#8396);
#8395 = CARTESIAN_POINT('',(0.243734324764,-0.15014834517,0.701));
#8396 = VECTOR('',#8397,1.);
#8397 = DIRECTION('',(0.,0.,-1.));
#8398 = ORIENTED_EDGE('',*,*,#8399,.F.);
#8399 = EDGE_CURVE('',#8363,#8392,#8400,.T.);
#8400 = LINE('',#8401,#8402);
#8401 = CARTESIAN_POINT('',(0.243734324764,-0.15014834517,0.701));
#8402 = VECTOR('',#8403,1.);
#8403 = DIRECTION('',(0.,-1.,0.));
#8404 = ORIENTED_EDGE('',*,*,#8371,.T.);
#8405 = PLANE('',#8406);
#8406 = AXIS2_PLACEMENT_3D('',#8407,#8408,#8409);
#8407 = CARTESIAN_POINT('',(0.243734324764,-0.15014834517,0.701));
#8408 = DIRECTION('',(1.,0.,0.));
#8409 = DIRECTION('',(0.,0.,-1.));
#8410 = ADVANCED_FACE('',(#8411),#8430,.F.);
#8411 = FACE_BOUND('',#8412,.F.);
#8412 = EDGE_LOOP('',(#8413,#8414,#8423,#8429));
#8413 = ORIENTED_EDGE('',*,*,#8391,.F.);
#8414 = ORIENTED_EDGE('',*,*,#8415,.T.);
#8415 = EDGE_CURVE('',#8392,#8416,#8418,.T.);
#8416 = VERTEX_POINT('',#8417);
#8417 = CARTESIAN_POINT('',(0.251948412303,-0.151188103086,0.701));
#8418 = B_SPLINE_CURVE_WITH_KNOTS('',3,(#8419,#8420,#8421,#8422),
  .UNSPECIFIED.,.F.,.F.,(4,4),(2.,3.),.PIECEWISE_BEZIER_KNOTS.);
#8419 = CARTESIAN_POINT('',(0.243734324764,-0.15014834517,0.701));
#8420 = CARTESIAN_POINT('',(0.245995798232,-0.150824187815,0.701));
#8421 = CARTESIAN_POINT('',(0.24875115671,-0.151188103086,0.701));
#8422 = CARTESIAN_POINT('',(0.251948412303,-0.151188103086,0.701));
#8423 = ORIENTED_EDGE('',*,*,#8424,.T.);
#8424 = EDGE_CURVE('',#8416,#230,#8425,.T.);
#8425 = LINE('',#8426,#8427);
#8426 = CARTESIAN_POINT('',(0.251948412303,-0.151188103086,0.701));
#8427 = VECTOR('',#8428,1.);
#8428 = DIRECTION('',(0.,0.,-1.));
#8429 = ORIENTED_EDGE('',*,*,#238,.F.);
#8430 = B_SPLINE_SURFACE_WITH_KNOTS('',3,1,(
    (#8431,#8432)
    ,(#8433,#8434)
    ,(#8435,#8436)
    ,(#8437,#8438
    )),.UNSPECIFIED.,.F.,.F.,.F.,(4,4),(2,2),(2.,3.),(0.,1.),
  .PIECEWISE_BEZIER_KNOTS.);
#8431 = CARTESIAN_POINT('',(0.243734324764,-0.15014834517,0.701));
#8432 = CARTESIAN_POINT('',(0.243734324764,-0.15014834517,0.699999999999
    ));
#8433 = CARTESIAN_POINT('',(0.245995798232,-0.150824187815,0.701));
#8434 = CARTESIAN_POINT('',(0.245995798232,-0.150824187815,
    0.699999999999));
#8435 = CARTESIAN_POINT('',(0.24875115671,-0.151188103086,0.701));
#8436 = CARTESIAN_POINT('',(0.24875115671,-0.151188103086,0.699999999999
    ));
#8437 = CARTESIAN_POINT('',(0.251948412303,-0.151188103086,0.701));
#8438 = CARTESIAN_POINT('',(0.251948412303,-0.151188103086,
    0.699999999999));
#8439 = ADVANCED_FACE('',(#8440),#8459,.F.);
#8440 = FACE_BOUND('',#8441,.F.);
#8441 = EDGE_LOOP('',(#8442,#8443,#8452,#8458));
#8442 = ORIENTED_EDGE('',*,*,#8424,.F.);
#8443 = ORIENTED_EDGE('',*,*,#8444,.T.);
#8444 = EDGE_CURVE('',#8416,#8445,#8447,.T.);
#8445 = VERTEX_POINT('',#8446);
#8446 = CARTESIAN_POINT('',(0.277864378367,-0.127949513656,0.701));
#8447 = B_SPLINE_CURVE_WITH_KNOTS('',3,(#8448,#8449,#8450,#8451),
  .UNSPECIFIED.,.F.,.F.,(4,4),(1.,2.),.PIECEWISE_BEZIER_KNOTS.);
#8448 = CARTESIAN_POINT('',(0.251948412303,-0.151188103086,0.701));
#8449 = CARTESIAN_POINT('',(0.263099815955,-0.151188103086,0.701));
#8450 = CARTESIAN_POINT('',(0.271729806661,-0.14344190661,0.701));
#8451 = CARTESIAN_POINT('',(0.277864378367,-0.127949513656,0.701));
#8452 = ORIENTED_EDGE('',*,*,#8453,.T.);
#8453 = EDGE_CURVE('',#8445,#222,#8454,.T.);
#8454 = LINE('',#8455,#8456);
#8455 = CARTESIAN_POINT('',(0.277864378367,-0.127949513656,0.701));
#8456 = VECTOR('',#8457,1.);
#8457 = DIRECTION('',(0.,0.,-1.));
#8458 = ORIENTED_EDGE('',*,*,#229,.F.);
#8459 = B_SPLINE_SURFACE_WITH_KNOTS('',3,1,(
    (#8460,#8461)
    ,(#8462,#8463)
    ,(#8464,#8465)
    ,(#8466,#8467
    )),.UNSPECIFIED.,.F.,.F.,.F.,(4,4),(2,2),(1.,2.),(0.,1.),
  .PIECEWISE_BEZIER_KNOTS.);
#8460 = CARTESIAN_POINT('',(0.251948412303,-0.151188103086,0.701));
#8461 = CARTESIAN_POINT('',(0.251948412303,-0.151188103086,
    0.699999999999));
#8462 = CARTESIAN_POINT('',(0.263099815955,-0.151188103086,0.701));
#8463 = CARTESIAN_POINT('',(0.263099815955,-0.151188103086,
    0.699999999999));
#8464 = CARTESIAN_POINT('',(0.271729806661,-0.14344190661,0.701));
#8465 = CARTESIAN_POINT('',(0.271729806661,-0.14344190661,0.699999999999
    ));
#8466 = CARTESIAN_POINT('',(0.277864378367,-0.127949513656,0.701));
#8467 = CARTESIAN_POINT('',(0.277864378367,-0.127949513656,
    0.699999999999));
#8468 = ADVANCED_FACE('',(#8469),#8480,.F.);
#8469 = FACE_BOUND('',#8470,.T.);
#8470 = EDGE_LOOP('',(#8471,#8472,#8473,#8479));
#8471 = ORIENTED_EDGE('',*,*,#221,.T.);
#8472 = ORIENTED_EDGE('',*,*,#8121,.F.);
#8473 = ORIENTED_EDGE('',*,*,#8474,.F.);
#8474 = EDGE_CURVE('',#8445,#8114,#8475,.T.);
#8475 = LINE('',#8476,#8477);
#8476 = CARTESIAN_POINT('',(0.310824704314,-4.4352977185E-02,0.701));
#8477 = VECTOR('',#8478,1.);
#8478 = DIRECTION('',(0.36679767895,0.930300737781,0.));
#8479 = ORIENTED_EDGE('',*,*,#8453,.T.);
#8480 = PLANE('',#8481);
#8481 = AXIS2_PLACEMENT_3D('',#8482,#8483,#8484);
#8482 = CARTESIAN_POINT('',(0.310824704314,-4.4352977185E-02,0.701));
#8483 = DIRECTION('',(-0.930300737781,0.36679767895,0.));
#8484 = DIRECTION('',(-0.36679767895,-0.930300737781,0.));
#8485 = ADVANCED_FACE('',(#8486),#8503,.T.);
#8486 = FACE_BOUND('',#8487,.T.);
#8487 = EDGE_LOOP('',(#8488,#8489,#8490,#8491,#8492,#8493,#8494,#8495,
    #8496,#8497,#8498,#8499,#8500,#8501,#8502));
#8488 = ORIENTED_EDGE('',*,*,#8113,.T.);
#8489 = ORIENTED_EDGE('',*,*,#8144,.T.);
#8490 = ORIENTED_EDGE('',*,*,#8160,.T.);
#8491 = ORIENTED_EDGE('',*,*,#8197,.T.);
#8492 = ORIENTED_EDGE('',*,*,#8221,.T.);
#8493 = ORIENTED_EDGE('',*,*,#8245,.T.);
#8494 = ORIENTED_EDGE('',*,*,#8269,.T.);
#8495 = ORIENTED_EDGE('',*,*,#8293,.T.);
#8496 = ORIENTED_EDGE('',*,*,#8317,.T.);
#8497 = ORIENTED_EDGE('',*,*,#8333,.T.);
#8498 = ORIENTED_EDGE('',*,*,#8362,.T.);
#8499 = ORIENTED_EDGE('',*,*,#8399,.T.);
#8500 = ORIENTED_EDGE('',*,*,#8415,.T.);
#8501 = ORIENTED_EDGE('',*,*,#8444,.T.);
#8502 = ORIENTED_EDGE('',*,*,#8474,.T.);
#8503 = PLANE('',#8504);
#8504 = AXIS2_PLACEMENT_3D('',#8505,#8506,#8507);
#8505 = CARTESIAN_POINT('',(0.266787707314,-0.145378455729,0.701));
#8506 = DIRECTION('',(0.,0.,1.));
#8507 = DIRECTION('',(1.,0.,-0.));
#8508 = ADVANCED_FACE('',(#8509),#8534,.F.);
#8509 = FACE_BOUND('',#8510,.T.);
#8510 = EDGE_LOOP('',(#8511,#8512,#8520,#8528));
#8511 = ORIENTED_EDGE('',*,*,#115,.T.);
#8512 = ORIENTED_EDGE('',*,*,#8513,.F.);
#8513 = EDGE_CURVE('',#8514,#106,#8516,.T.);
#8514 = VERTEX_POINT('',#8515);
#8515 = CARTESIAN_POINT('',(0.379240775208,-0.105386766872,0.701));
#8516 = LINE('',#8517,#8518);
#8517 = CARTESIAN_POINT('',(0.379240775208,-0.105386766872,0.701));
#8518 = VECTOR('',#8519,1.);
#8519 = DIRECTION('',(0.,0.,-1.));
#8520 = ORIENTED_EDGE('',*,*,#8521,.F.);
#8521 = EDGE_CURVE('',#8522,#8514,#8524,.T.);
#8522 = VERTEX_POINT('',#8523);
#8523 = CARTESIAN_POINT('',(0.379240775208,-0.116980067639,0.701));
#8524 = LINE('',#8525,#8526);
#8525 = CARTESIAN_POINT('',(0.379240775208,-0.105386766872,0.701));
#8526 = VECTOR('',#8527,1.);
#8527 = DIRECTION('',(0.,1.,0.));
#8528 = ORIENTED_EDGE('',*,*,#8529,.T.);
#8529 = EDGE_CURVE('',#8522,#116,#8530,.T.);
#8530 = LINE('',#8531,#8532);
#8531 = CARTESIAN_POINT('',(0.379240775208,-0.116980067639,0.701));
#8532 = VECTOR('',#8533,1.);
#8533 = DIRECTION('',(0.,0.,-1.));
#8534 = PLANE('',#8535);
#8535 = AXIS2_PLACEMENT_3D('',#8536,#8537,#8538);
#8536 = CARTESIAN_POINT('',(0.379240775208,-0.105386766872,0.701));
#8537 = DIRECTION('',(-1.,0.,0.));
#8538 = DIRECTION('',(0.,0.,1.));
#8539 = ADVANCED_FACE('',(#8540),#8558,.F.);
#8540 = FACE_BOUND('',#8541,.T.);
#8541 = EDGE_LOOP('',(#8542,#8543,#8551,#8557));
#8542 = ORIENTED_EDGE('',*,*,#105,.T.);
#8543 = ORIENTED_EDGE('',*,*,#8544,.F.);
#8544 = EDGE_CURVE('',#8545,#108,#8547,.T.);
#8545 = VERTEX_POINT('',#8546);
#8546 = CARTESIAN_POINT('',(0.337676452503,-0.105386766872,0.701));
#8547 = LINE('',#8548,#8549);
#8548 = CARTESIAN_POINT('',(0.337676452503,-0.105386766872,0.701));
#8549 = VECTOR('',#8550,1.);
#8550 = DIRECTION('',(0.,0.,-1.));
#8551 = ORIENTED_EDGE('',*,*,#8552,.F.);
#8552 = EDGE_CURVE('',#8514,#8545,#8553,.T.);
#8553 = LINE('',#8554,#8555);
#8554 = CARTESIAN_POINT('',(0.337676452503,-0.105386766872,0.701));
#8555 = VECTOR('',#8556,1.);
#8556 = DIRECTION('',(-1.,0.,0.));
#8557 = ORIENTED_EDGE('',*,*,#8513,.T.);
#8558 = PLANE('',#8559);
#8559 = AXIS2_PLACEMENT_3D('',#8560,#8561,#8562);
#8560 = CARTESIAN_POINT('',(0.337676452503,-0.105386766872,0.701));
#8561 = DIRECTION('',(0.,-1.,0.));
#8562 = DIRECTION('',(0.,0.,-1.));
#8563 = ADVANCED_FACE('',(#8564),#8582,.F.);
#8564 = FACE_BOUND('',#8565,.T.);
#8565 = EDGE_LOOP('',(#8566,#8567,#8575,#8581));
#8566 = ORIENTED_EDGE('',*,*,#195,.T.);
#8567 = ORIENTED_EDGE('',*,*,#8568,.F.);
#8568 = EDGE_CURVE('',#8569,#188,#8571,.T.);
#8569 = VERTEX_POINT('',#8570);
#8570 = CARTESIAN_POINT('',(0.337676452503,-7.1178731426E-02,0.701));
#8571 = LINE('',#8572,#8573);
#8572 = CARTESIAN_POINT('',(0.337676452503,-7.1178731426E-02,0.701));
#8573 = VECTOR('',#8574,1.);
#8574 = DIRECTION('',(0.,0.,-1.));
#8575 = ORIENTED_EDGE('',*,*,#8576,.F.);
#8576 = EDGE_CURVE('',#8545,#8569,#8577,.T.);
#8577 = LINE('',#8578,#8579);
#8578 = CARTESIAN_POINT('',(0.337676452503,-7.1178731426E-02,0.701));
#8579 = VECTOR('',#8580,1.);
#8580 = DIRECTION('',(0.,1.,0.));
#8581 = ORIENTED_EDGE('',*,*,#8544,.T.);
#8582 = PLANE('',#8583);
#8583 = AXIS2_PLACEMENT_3D('',#8584,#8585,#8586);
#8584 = CARTESIAN_POINT('',(0.337676452503,-7.1178731426E-02,0.701));
#8585 = DIRECTION('',(-1.,0.,0.));
#8586 = DIRECTION('',(0.,0.,1.));
#8587 = ADVANCED_FACE('',(#8588),#8606,.F.);
#8588 = FACE_BOUND('',#8589,.T.);
#8589 = EDGE_LOOP('',(#8590,#8591,#8599,#8605));
#8590 = ORIENTED_EDGE('',*,*,#187,.T.);
#8591 = ORIENTED_EDGE('',*,*,#8592,.F.);
#8592 = EDGE_CURVE('',#8593,#180,#8595,.T.);
#8593 = VERTEX_POINT('',#8594);
#8594 = CARTESIAN_POINT('',(0.374041985626,-7.1178731426E-02,0.701));
#8595 = LINE('',#8596,#8597);
#8596 = CARTESIAN_POINT('',(0.374041985626,-7.1178731426E-02,0.701));
#8597 = VECTOR('',#8598,1.);
#8598 = DIRECTION('',(0.,0.,-1.));
#8599 = ORIENTED_EDGE('',*,*,#8600,.F.);
#8600 = EDGE_CURVE('',#8569,#8593,#8601,.T.);
#8601 = LINE('',#8602,#8603);
#8602 = CARTESIAN_POINT('',(0.374041985626,-7.1178731426E-02,0.701));
#8603 = VECTOR('',#8604,1.);
#8604 = DIRECTION('',(1.,0.,0.));
#8605 = ORIENTED_EDGE('',*,*,#8568,.T.);
#8606 = PLANE('',#8607);
#8607 = AXIS2_PLACEMENT_3D('',#8608,#8609,#8610);
#8608 = CARTESIAN_POINT('',(0.374041985626,-7.1178731426E-02,0.701));
#8609 = DIRECTION('',(0.,1.,0.));
#8610 = DIRECTION('',(0.,-0.,1.));
#8611 = ADVANCED_FACE('',(#8612),#8630,.F.);
#8612 = FACE_BOUND('',#8613,.T.);
#8613 = EDGE_LOOP('',(#8614,#8615,#8623,#8629));
#8614 = ORIENTED_EDGE('',*,*,#179,.T.);
#8615 = ORIENTED_EDGE('',*,*,#8616,.F.);
#8616 = EDGE_CURVE('',#8617,#172,#8619,.T.);
#8617 = VERTEX_POINT('',#8618);
#8618 = CARTESIAN_POINT('',(0.374041985626,-5.9533442763E-02,0.701));
#8619 = LINE('',#8620,#8621);
#8620 = CARTESIAN_POINT('',(0.374041985626,-5.9533442763E-02,0.701));
#8621 = VECTOR('',#8622,1.);
#8622 = DIRECTION('',(0.,0.,-1.));
#8623 = ORIENTED_EDGE('',*,*,#8624,.F.);
#8624 = EDGE_CURVE('',#8593,#8617,#8625,.T.);
#8625 = LINE('',#8626,#8627);
#8626 = CARTESIAN_POINT('',(0.374041985626,-5.9533442763E-02,0.701));
#8627 = VECTOR('',#8628,1.);
#8628 = DIRECTION('',(0.,1.,0.));
#8629 = ORIENTED_EDGE('',*,*,#8592,.T.);
#8630 = PLANE('',#8631);
#8631 = AXIS2_PLACEMENT_3D('',#8632,#8633,#8634);
#8632 = CARTESIAN_POINT('',(0.374041985626,-5.9533442763E-02,0.701));
#8633 = DIRECTION('',(-1.,0.,0.));
#8634 = DIRECTION('',(0.,0.,1.));
#8635 = ADVANCED_FACE('',(#8636),#8654,.F.);
#8636 = FACE_BOUND('',#8637,.T.);
#8637 = EDGE_LOOP('',(#8638,#8639,#8647,#8653));
#8638 = ORIENTED_EDGE('',*,*,#171,.T.);
#8639 = ORIENTED_EDGE('',*,*,#8640,.F.);
#8640 = EDGE_CURVE('',#8641,#164,#8643,.T.);
#8641 = VERTEX_POINT('',#8642);
#8642 = CARTESIAN_POINT('',(0.337676452503,-5.9533442763E-02,0.701));
#8643 = LINE('',#8644,#8645);
#8644 = CARTESIAN_POINT('',(0.337676452503,-5.9533442763E-02,0.701));
#8645 = VECTOR('',#8646,1.);
#8646 = DIRECTION('',(0.,0.,-1.));
#8647 = ORIENTED_EDGE('',*,*,#8648,.F.);
#8648 = EDGE_CURVE('',#8617,#8641,#8649,.T.);
#8649 = LINE('',#8650,#8651);
#8650 = CARTESIAN_POINT('',(0.337676452503,-5.9533442763E-02,0.701));
#8651 = VECTOR('',#8652,1.);
#8652 = DIRECTION('',(-1.,0.,0.));
#8653 = ORIENTED_EDGE('',*,*,#8616,.T.);
#8654 = PLANE('',#8655);
#8655 = AXIS2_PLACEMENT_3D('',#8656,#8657,#8658);
#8656 = CARTESIAN_POINT('',(0.337676452503,-5.9533442763E-02,0.701));
#8657 = DIRECTION('',(0.,-1.,0.));
#8658 = DIRECTION('',(0.,0.,-1.));
#8659 = ADVANCED_FACE('',(#8660),#8678,.F.);
#8660 = FACE_BOUND('',#8661,.T.);
#8661 = EDGE_LOOP('',(#8662,#8663,#8671,#8677));
#8662 = ORIENTED_EDGE('',*,*,#163,.T.);
#8663 = ORIENTED_EDGE('',*,*,#8664,.F.);
#8664 = EDGE_CURVE('',#8665,#156,#8667,.T.);
#8665 = VERTEX_POINT('',#8666);
#8666 = CARTESIAN_POINT('',(0.337676452503,-2.6989019982E-02,0.701));
#8667 = LINE('',#8668,#8669);
#8668 = CARTESIAN_POINT('',(0.337676452503,-2.6989019982E-02,0.701));
#8669 = VECTOR('',#8670,1.);
#8670 = DIRECTION('',(0.,0.,-1.));
#8671 = ORIENTED_EDGE('',*,*,#8672,.F.);
#8672 = EDGE_CURVE('',#8641,#8665,#8673,.T.);
#8673 = LINE('',#8674,#8675);
#8674 = CARTESIAN_POINT('',(0.337676452503,-2.6989019982E-02,0.701));
#8675 = VECTOR('',#8676,1.);
#8676 = DIRECTION('',(0.,1.,0.));
#8677 = ORIENTED_EDGE('',*,*,#8640,.T.);
#8678 = PLANE('',#8679);
#8679 = AXIS2_PLACEMENT_3D('',#8680,#8681,#8682);
#8680 = CARTESIAN_POINT('',(0.337676452503,-2.6989019982E-02,0.701));
#8681 = DIRECTION('',(-1.,0.,0.));
#8682 = DIRECTION('',(0.,0.,1.));
#8683 = ADVANCED_FACE('',(#8684),#8702,.F.);
#8684 = FACE_BOUND('',#8685,.T.);
#8685 = EDGE_LOOP('',(#8686,#8687,#8695,#8701));
#8686 = ORIENTED_EDGE('',*,*,#155,.T.);
#8687 = ORIENTED_EDGE('',*,*,#8688,.F.);
#8688 = EDGE_CURVE('',#8689,#148,#8691,.T.);
#8689 = VERTEX_POINT('',#8690);
#8690 = CARTESIAN_POINT('',(0.376927313844,-2.6989019982E-02,0.701));
#8691 = LINE('',#8692,#8693);
#8692 = CARTESIAN_POINT('',(0.376927313844,-2.6989019982E-02,0.701));
#8693 = VECTOR('',#8694,1.);
#8694 = DIRECTION('',(0.,0.,-1.));
#8695 = ORIENTED_EDGE('',*,*,#8696,.F.);
#8696 = EDGE_CURVE('',#8665,#8689,#8697,.T.);
#8697 = LINE('',#8698,#8699);
#8698 = CARTESIAN_POINT('',(0.376927313844,-2.6989019982E-02,0.701));
#8699 = VECTOR('',#8700,1.);
#8700 = DIRECTION('',(1.,0.,0.));
#8701 = ORIENTED_EDGE('',*,*,#8664,.T.);
#8702 = PLANE('',#8703);
#8703 = AXIS2_PLACEMENT_3D('',#8704,#8705,#8706);
#8704 = CARTESIAN_POINT('',(0.376927313844,-2.6989019982E-02,0.701));
#8705 = DIRECTION('',(0.,1.,0.));
#8706 = DIRECTION('',(0.,-0.,1.));
#8707 = ADVANCED_FACE('',(#8708),#8726,.F.);
#8708 = FACE_BOUND('',#8709,.T.);
#8709 = EDGE_LOOP('',(#8710,#8711,#8719,#8725));
#8710 = ORIENTED_EDGE('',*,*,#147,.T.);
#8711 = ORIENTED_EDGE('',*,*,#8712,.F.);
#8712 = EDGE_CURVE('',#8713,#140,#8715,.T.);
#8713 = VERTEX_POINT('',#8714);
#8714 = CARTESIAN_POINT('',(0.376927313844,-1.5291743423E-02,0.701));
#8715 = LINE('',#8716,#8717);
#8716 = CARTESIAN_POINT('',(0.376927313844,-1.5291743423E-02,0.701));
#8717 = VECTOR('',#8718,1.);
#8718 = DIRECTION('',(0.,0.,-1.));
#8719 = ORIENTED_EDGE('',*,*,#8720,.F.);
#8720 = EDGE_CURVE('',#8689,#8713,#8721,.T.);
#8721 = LINE('',#8722,#8723);
#8722 = CARTESIAN_POINT('',(0.376927313844,-1.5291743423E-02,0.701));
#8723 = VECTOR('',#8724,1.);
#8724 = DIRECTION('',(0.,1.,0.));
#8725 = ORIENTED_EDGE('',*,*,#8688,.T.);
#8726 = PLANE('',#8727);
#8727 = AXIS2_PLACEMENT_3D('',#8728,#8729,#8730);
#8728 = CARTESIAN_POINT('',(0.376927313844,-1.5291743423E-02,0.701));
#8729 = DIRECTION('',(-1.,0.,0.));
#8730 = DIRECTION('',(0.,0.,1.));
#8731 = ADVANCED_FACE('',(#8732),#8750,.F.);
#8732 = FACE_BOUND('',#8733,.T.);
#8733 = EDGE_LOOP('',(#8734,#8735,#8743,#8749));
#8734 = ORIENTED_EDGE('',*,*,#139,.T.);
#8735 = ORIENTED_EDGE('',*,*,#8736,.F.);
#8736 = EDGE_CURVE('',#8737,#132,#8739,.T.);
#8737 = VERTEX_POINT('',#8738);
#8738 = CARTESIAN_POINT('',(0.32454950881,-1.5291743423E-02,0.701));
#8739 = LINE('',#8740,#8741);
#8740 = CARTESIAN_POINT('',(0.32454950881,-1.5291743423E-02,0.701));
#8741 = VECTOR('',#8742,1.);
#8742 = DIRECTION('',(0.,0.,-1.));
#8743 = ORIENTED_EDGE('',*,*,#8744,.F.);
#8744 = EDGE_CURVE('',#8713,#8737,#8745,.T.);
#8745 = LINE('',#8746,#8747);
#8746 = CARTESIAN_POINT('',(0.32454950881,-1.5291743423E-02,0.701));
#8747 = VECTOR('',#8748,1.);
#8748 = DIRECTION('',(-1.,0.,0.));
#8749 = ORIENTED_EDGE('',*,*,#8712,.T.);
#8750 = PLANE('',#8751);
#8751 = AXIS2_PLACEMENT_3D('',#8752,#8753,#8754);
#8752 = CARTESIAN_POINT('',(0.32454950881,-1.5291743423E-02,0.701));
#8753 = DIRECTION('',(0.,-1.,0.));
#8754 = DIRECTION('',(0.,0.,-1.));
#8755 = ADVANCED_FACE('',(#8756),#8774,.F.);
#8756 = FACE_BOUND('',#8757,.T.);
#8757 = EDGE_LOOP('',(#8758,#8759,#8767,#8773));
#8758 = ORIENTED_EDGE('',*,*,#131,.T.);
#8759 = ORIENTED_EDGE('',*,*,#8760,.F.);
#8760 = EDGE_CURVE('',#8761,#124,#8763,.T.);
#8761 = VERTEX_POINT('',#8762);
#8762 = CARTESIAN_POINT('',(0.32454950881,-0.116980067639,0.701));
#8763 = LINE('',#8764,#8765);
#8764 = CARTESIAN_POINT('',(0.32454950881,-0.116980067639,0.701));
#8765 = VECTOR('',#8766,1.);
#8766 = DIRECTION('',(0.,0.,-1.));
#8767 = ORIENTED_EDGE('',*,*,#8768,.F.);
#8768 = EDGE_CURVE('',#8737,#8761,#8769,.T.);
#8769 = LINE('',#8770,#8771);
#8770 = CARTESIAN_POINT('',(0.32454950881,-0.116980067639,0.701));
#8771 = VECTOR('',#8772,1.);
#8772 = DIRECTION('',(0.,-1.,0.));
#8773 = ORIENTED_EDGE('',*,*,#8736,.T.);
#8774 = PLANE('',#8775);
#8775 = AXIS2_PLACEMENT_3D('',#8776,#8777,#8778);
#8776 = CARTESIAN_POINT('',(0.32454950881,-0.116980067639,0.701));
#8777 = DIRECTION('',(1.,0.,0.));
#8778 = DIRECTION('',(0.,0.,-1.));
#8779 = ADVANCED_FACE('',(#8780),#8791,.F.);
#8780 = FACE_BOUND('',#8781,.T.);
#8781 = EDGE_LOOP('',(#8782,#8783,#8784,#8790));
#8782 = ORIENTED_EDGE('',*,*,#123,.T.);
#8783 = ORIENTED_EDGE('',*,*,#8529,.F.);
#8784 = ORIENTED_EDGE('',*,*,#8785,.F.);
#8785 = EDGE_CURVE('',#8761,#8522,#8786,.T.);
#8786 = LINE('',#8787,#8788);
#8787 = CARTESIAN_POINT('',(0.379240775208,-0.116980067639,0.701));
#8788 = VECTOR('',#8789,1.);
#8789 = DIRECTION('',(1.,0.,0.));
#8790 = ORIENTED_EDGE('',*,*,#8760,.T.);
#8791 = PLANE('',#8792);
#8792 = AXIS2_PLACEMENT_3D('',#8793,#8794,#8795);
#8793 = CARTESIAN_POINT('',(0.379240775208,-0.116980067639,0.701));
#8794 = DIRECTION('',(0.,1.,0.));
#8795 = DIRECTION('',(0.,-0.,1.));
#8796 = ADVANCED_FACE('',(#8797),#8811,.F.);
#8797 = FACE_BOUND('',#8798,.T.);
#8798 = EDGE_LOOP('',(#8799,#8800,#8801,#8802,#8803,#8804,#8805,#8806,
    #8807,#8808,#8809,#8810));
#8799 = ORIENTED_EDGE('',*,*,#8521,.T.);
#8800 = ORIENTED_EDGE('',*,*,#8552,.T.);
#8801 = ORIENTED_EDGE('',*,*,#8576,.T.);
#8802 = ORIENTED_EDGE('',*,*,#8600,.T.);
#8803 = ORIENTED_EDGE('',*,*,#8624,.T.);
#8804 = ORIENTED_EDGE('',*,*,#8648,.T.);
#8805 = ORIENTED_EDGE('',*,*,#8672,.T.);
#8806 = ORIENTED_EDGE('',*,*,#8696,.T.);
#8807 = ORIENTED_EDGE('',*,*,#8720,.T.);
#8808 = ORIENTED_EDGE('',*,*,#8744,.T.);
#8809 = ORIENTED_EDGE('',*,*,#8768,.T.);
#8810 = ORIENTED_EDGE('',*,*,#8785,.T.);
#8811 = PLANE('',#8812);
#8812 = AXIS2_PLACEMENT_3D('',#8813,#8814,#8815);
#8813 = CARTESIAN_POINT('',(0.,0.,0.701));
#8814 = DIRECTION('',(0.,0.,-1.));
#8815 = DIRECTION('',(-1.,0.,0.));
#8816 = ADVANCED_FACE('',(#8817,#8879),#8941,.T.);
#8817 = FACE_BOUND('',#8818,.T.);
#8818 = EDGE_LOOP('',(#8819,#8829,#8838,#8847,#8856,#8865,#8873));
#8819 = ORIENTED_EDGE('',*,*,#8820,.T.);
#8820 = EDGE_CURVE('',#8821,#8823,#8825,.T.);
#8821 = VERTEX_POINT('',#8822);
#8822 = CARTESIAN_POINT('',(0.398450302712,-0.116980067639,0.701));
#8823 = VERTEX_POINT('',#8824);
#8824 = CARTESIAN_POINT('',(0.426419790661,-0.116980067639,0.701));
#8825 = LINE('',#8826,#8827);
#8826 = CARTESIAN_POINT('',(0.426419790661,-0.116980067639,0.701));
#8827 = VECTOR('',#8828,1.);
#8828 = DIRECTION('',(1.,0.,0.));
#8829 = ORIENTED_EDGE('',*,*,#8830,.T.);
#8830 = EDGE_CURVE('',#8823,#8831,#8833,.T.);
#8831 = VERTEX_POINT('',#8832);
#8832 = CARTESIAN_POINT('',(0.465904597533,-0.102735384186,0.701));
#8833 = B_SPLINE_CURVE_WITH_KNOTS('',3,(#8834,#8835,#8836,#8837),
  .UNSPECIFIED.,.F.,.F.,(4,4),(5.,6.),.PIECEWISE_BEZIER_KNOTS.);
#8834 = CARTESIAN_POINT('',(0.426419790661,-0.116980067639,0.701));
#8835 = CARTESIAN_POINT('',(0.442510044416,-0.116980067639,0.701));
#8836 = CARTESIAN_POINT('',(0.455688976005,-0.11224916912,0.701));
#8837 = CARTESIAN_POINT('',(0.465904597533,-0.102735384186,0.701));
#8838 = ORIENTED_EDGE('',*,*,#8839,.T.);
#8839 = EDGE_CURVE('',#8831,#8840,#8842,.T.);
#8840 = VERTEX_POINT('',#8841);
#8841 = CARTESIAN_POINT('',(0.481241026799,-6.4836208136E-02,0.701));
#8842 = B_SPLINE_CURVE_WITH_KNOTS('',3,(#8843,#8844,#8845,#8846),
  .UNSPECIFIED.,.F.,.F.,(4,4),(4.,5.),.PIECEWISE_BEZIER_KNOTS.);
#8843 = CARTESIAN_POINT('',(0.465904597533,-0.102735384186,0.701));
#8844 = CARTESIAN_POINT('',(0.476120219061,-9.3221599251E-02,0.701));
#8845 = CARTESIAN_POINT('',(0.481241026799,-8.0588540569E-02,0.701));
#8846 = CARTESIAN_POINT('',(0.481241026799,-6.4836208136E-02,0.701));
#8847 = ORIENTED_EDGE('',*,*,#8848,.T.);
#8848 = EDGE_CURVE('',#8840,#8849,#8851,.T.);
#8849 = VERTEX_POINT('',#8850);
#8850 = CARTESIAN_POINT('',(0.465904597533,-2.875660844E-02,0.701));
#8851 = B_SPLINE_CURVE_WITH_KNOTS('',3,(#8852,#8853,#8854,#8855),
  .UNSPECIFIED.,.F.,.F.,(4,4),(3.,4.),.PIECEWISE_BEZIER_KNOTS.);
#8852 = CARTESIAN_POINT('',(0.481241026799,-6.4836208136E-02,0.701));
#8853 = CARTESIAN_POINT('',(0.481241026799,-4.975971835E-02,0.701));
#8854 = CARTESIAN_POINT('',(0.476120219061,-3.7750514416E-02,0.701));
#8855 = CARTESIAN_POINT('',(0.465904597533,-2.875660844E-02,0.701));
#8856 = ORIENTED_EDGE('',*,*,#8857,.T.);
#8857 = EDGE_CURVE('',#8849,#8858,#8860,.T.);
#8858 = VERTEX_POINT('',#8859);
#8859 = CARTESIAN_POINT('',(0.427459548577,-1.5291743423E-02,0.701));
#8860 = B_SPLINE_CURVE_WITH_KNOTS('',3,(#8861,#8862,#8863,#8864),
  .UNSPECIFIED.,.F.,.F.,(4,4),(2.,3.),.PIECEWISE_BEZIER_KNOTS.);
#8861 = CARTESIAN_POINT('',(0.465904597533,-2.875660844E-02,0.701));
#8862 = CARTESIAN_POINT('',(0.455688976005,-1.9762702464E-02,0.701));
#8863 = CARTESIAN_POINT('',(0.442873959686,-1.5291743423E-02,0.701));
#8864 = CARTESIAN_POINT('',(0.427459548577,-1.5291743423E-02,0.701));
#8865 = ORIENTED_EDGE('',*,*,#8866,.T.);
#8866 = EDGE_CURVE('',#8858,#8867,#8869,.T.);
#8867 = VERTEX_POINT('',#8868);
#8868 = CARTESIAN_POINT('',(0.398450302712,-1.5291743423E-02,0.701));
#8869 = LINE('',#8870,#8871);
#8870 = CARTESIAN_POINT('',(0.398450302712,-1.5291743423E-02,0.701));
#8871 = VECTOR('',#8872,1.);
#8872 = DIRECTION('',(-1.,0.,0.));
#8873 = ORIENTED_EDGE('',*,*,#8874,.T.);
#8874 = EDGE_CURVE('',#8867,#8821,#8875,.T.);
#8875 = LINE('',#8876,#8877);
#8876 = CARTESIAN_POINT('',(0.398450302712,-0.116980067639,0.701));
#8877 = VECTOR('',#8878,1.);
#8878 = DIRECTION('',(0.,-1.,0.));
#8879 = FACE_BOUND('',#8880,.T.);
#8880 = EDGE_LOOP('',(#8881,#8891,#8899,#8908,#8917,#8926,#8935));
#8881 = ORIENTED_EDGE('',*,*,#8882,.F.);
#8882 = EDGE_CURVE('',#8883,#8885,#8887,.T.);
#8883 = VERTEX_POINT('',#8884);
#8884 = CARTESIAN_POINT('',(0.411577246405,-2.6989019982E-02,0.701));
#8885 = VERTEX_POINT('',#8886);
#8886 = CARTESIAN_POINT('',(0.411577246405,-0.105386766872,0.701));
#8887 = LINE('',#8888,#8889);
#8888 = CARTESIAN_POINT('',(0.411577246405,-2.6989019982E-02,0.701));
#8889 = VECTOR('',#8890,1.);
#8890 = DIRECTION('',(0.,-1.,0.));
#8891 = ORIENTED_EDGE('',*,*,#8892,.F.);
#8892 = EDGE_CURVE('',#8893,#8883,#8895,.T.);
#8893 = VERTEX_POINT('',#8894);
#8894 = CARTESIAN_POINT('',(0.426939669619,-2.6989019982E-02,0.701));
#8895 = LINE('',#8896,#8897);
#8896 = CARTESIAN_POINT('',(0.426939669619,-2.6989019982E-02,0.701));
#8897 = VECTOR('',#8898,1.);
#8898 = DIRECTION('',(-1.,0.,0.));
#8899 = ORIENTED_EDGE('',*,*,#8900,.F.);
#8900 = EDGE_CURVE('',#8901,#8893,#8903,.T.);
#8901 = VERTEX_POINT('',#8902);
#8902 = CARTESIAN_POINT('',(0.456286836807,-3.6554792812E-02,0.701));
#8903 = B_SPLINE_CURVE_WITH_KNOTS('',3,(#8904,#8905,#8906,#8907),
  .UNSPECIFIED.,.F.,.F.,(4,4),(5.,6.),.PIECEWISE_BEZIER_KNOTS.);
#8904 = CARTESIAN_POINT('',(0.456286836807,-3.6554792812E-02,0.701));
#8905 = CARTESIAN_POINT('',(0.448852567705,-3.0160281627E-02,0.701));
#8906 = CARTESIAN_POINT('',(0.439052849344,-2.6989019982E-02,0.701));
#8907 = CARTESIAN_POINT('',(0.426939669619,-2.6989019982E-02,0.701));
#8908 = ORIENTED_EDGE('',*,*,#8909,.F.);
#8909 = EDGE_CURVE('',#8910,#8901,#8912,.T.);
#8910 = VERTEX_POINT('',#8911);
#8911 = CARTESIAN_POINT('',(0.467438240459,-6.5200123407E-02,0.701));
#8912 = B_SPLINE_CURVE_WITH_KNOTS('',3,(#8913,#8914,#8915,#8916),
  .UNSPECIFIED.,.F.,.F.,(4,4),(4.,5.),.PIECEWISE_BEZIER_KNOTS.);
#8913 = CARTESIAN_POINT('',(0.467438240459,-6.5200123407E-02,0.701));
#8914 = CARTESIAN_POINT('',(0.467438240459,-5.2515076827E-02,0.701));
#8915 = CARTESIAN_POINT('',(0.463721105908,-4.2949303998E-02,0.701));
#8916 = CARTESIAN_POINT('',(0.456286836807,-3.6554792812E-02,0.701));
#8917 = ORIENTED_EDGE('',*,*,#8918,.F.);
#8918 = EDGE_CURVE('',#8919,#8910,#8921,.T.);
#8919 = VERTEX_POINT('',#8920);
#8920 = CARTESIAN_POINT('',(0.456572770234,-9.4781236126E-02,0.701));
#8921 = B_SPLINE_CURVE_WITH_KNOTS('',3,(#8922,#8923,#8924,#8925),
  .UNSPECIFIED.,.F.,.F.,(4,4),(3.,4.),.PIECEWISE_BEZIER_KNOTS.);
#8922 = CARTESIAN_POINT('',(0.456572770234,-9.4781236126E-02,0.701));
#8923 = CARTESIAN_POINT('',(0.4638250817,-8.7762870191E-02,0.701));
#8924 = CARTESIAN_POINT('',(0.467438240459,-7.7885169986E-02,0.701));
#8925 = CARTESIAN_POINT('',(0.467438240459,-6.5200123407E-02,0.701));
#8926 = ORIENTED_EDGE('',*,*,#8927,.F.);
#8927 = EDGE_CURVE('',#8928,#8919,#8930,.T.);
#8928 = VERTEX_POINT('',#8929);
#8929 = CARTESIAN_POINT('',(0.426341808817,-0.105386766872,0.701));
#8930 = B_SPLINE_CURVE_WITH_KNOTS('',3,(#8931,#8932,#8933,#8934),
  .UNSPECIFIED.,.F.,.F.,(4,4),(2.,3.),.PIECEWISE_BEZIER_KNOTS.);
#8931 = CARTESIAN_POINT('',(0.426341808817,-0.105386766872,0.701));
#8932 = CARTESIAN_POINT('',(0.439260800927,-0.105386766872,0.701));
#8933 = CARTESIAN_POINT('',(0.449346452715,-0.101851589957,0.701));
#8934 = CARTESIAN_POINT('',(0.456572770234,-9.4781236126E-02,0.701));
#8935 = ORIENTED_EDGE('',*,*,#8936,.F.);
#8936 = EDGE_CURVE('',#8885,#8928,#8937,.T.);
#8937 = LINE('',#8938,#8939);
#8938 = CARTESIAN_POINT('',(0.411577246405,-0.105386766872,0.701));
#8939 = VECTOR('',#8940,1.);
#8940 = DIRECTION('',(1.,0.,0.));
#8941 = PLANE('',#8942);
#8942 = AXIS2_PLACEMENT_3D('',#8943,#8944,#8945);
#8943 = CARTESIAN_POINT('',(0.448631619148,-1.8651461191E-02,0.701));
#8944 = DIRECTION('',(0.,0.,1.));
#8945 = DIRECTION('',(1.,0.,-0.));
#8946 = ADVANCED_FACE('',(#8947),#8963,.F.);
#8947 = FACE_BOUND('',#8948,.T.);
#8948 = EDGE_LOOP('',(#8949,#8950,#8956,#8957));
#8949 = ORIENTED_EDGE('',*,*,#1222,.T.);
#8950 = ORIENTED_EDGE('',*,*,#8951,.F.);
#8951 = EDGE_CURVE('',#8823,#1212,#8952,.T.);
#8952 = LINE('',#8953,#8954);
#8953 = CARTESIAN_POINT('',(0.426419790661,-0.116980067639,0.701));
#8954 = VECTOR('',#8955,1.);
#8955 = DIRECTION('',(0.,0.,-1.));
#8956 = ORIENTED_EDGE('',*,*,#8820,.F.);
#8957 = ORIENTED_EDGE('',*,*,#8958,.T.);
#8958 = EDGE_CURVE('',#8821,#1223,#8959,.T.);
#8959 = LINE('',#8960,#8961);
#8960 = CARTESIAN_POINT('',(0.398450302712,-0.116980067639,0.701));
#8961 = VECTOR('',#8962,1.);
#8962 = DIRECTION('',(0.,0.,-1.));
#8963 = PLANE('',#8964);
#8964 = AXIS2_PLACEMENT_3D('',#8965,#8966,#8967);
#8965 = CARTESIAN_POINT('',(0.426419790661,-0.116980067639,0.701));
#8966 = DIRECTION('',(0.,1.,0.));
#8967 = DIRECTION('',(0.,-0.,1.));
#8968 = ADVANCED_FACE('',(#8969),#8980,.F.);
#8969 = FACE_BOUND('',#8970,.F.);
#8970 = EDGE_LOOP('',(#8971,#8972,#8973,#8979));
#8971 = ORIENTED_EDGE('',*,*,#8951,.F.);
#8972 = ORIENTED_EDGE('',*,*,#8830,.T.);
#8973 = ORIENTED_EDGE('',*,*,#8974,.T.);
#8974 = EDGE_CURVE('',#8831,#1214,#8975,.T.);
#8975 = LINE('',#8976,#8977);
#8976 = CARTESIAN_POINT('',(0.465904597533,-0.102735384186,0.701));
#8977 = VECTOR('',#8978,1.);
#8978 = DIRECTION('',(0.,0.,-1.));
#8979 = ORIENTED_EDGE('',*,*,#1211,.F.);
#8980 = B_SPLINE_SURFACE_WITH_KNOTS('',3,1,(
    (#8981,#8982)
    ,(#8983,#8984)
    ,(#8985,#8986)
    ,(#8987,#8988
    )),.UNSPECIFIED.,.F.,.F.,.F.,(4,4),(2,2),(5.,6.),(0.,1.),
  .PIECEWISE_BEZIER_KNOTS.);
#8981 = CARTESIAN_POINT('',(0.426419790661,-0.116980067639,0.701));
#8982 = CARTESIAN_POINT('',(0.426419790661,-0.116980067639,
    0.699999999999));
#8983 = CARTESIAN_POINT('',(0.442510044416,-0.116980067639,0.701));
#8984 = CARTESIAN_POINT('',(0.442510044416,-0.116980067639,
    0.699999999999));
#8985 = CARTESIAN_POINT('',(0.455688976005,-0.11224916912,0.701));
#8986 = CARTESIAN_POINT('',(0.455688976005,-0.11224916912,0.699999999999
    ));
#8987 = CARTESIAN_POINT('',(0.465904597533,-0.102735384186,0.701));
#8988 = CARTESIAN_POINT('',(0.465904597533,-0.102735384186,
    0.699999999999));
#8989 = ADVANCED_FACE('',(#8990),#9001,.F.);
#8990 = FACE_BOUND('',#8991,.F.);
#8991 = EDGE_LOOP('',(#8992,#8993,#8994,#9000));
#8992 = ORIENTED_EDGE('',*,*,#8974,.F.);
#8993 = ORIENTED_EDGE('',*,*,#8839,.T.);
#8994 = ORIENTED_EDGE('',*,*,#8995,.T.);
#8995 = EDGE_CURVE('',#8840,#1256,#8996,.T.);
#8996 = LINE('',#8997,#8998);
#8997 = CARTESIAN_POINT('',(0.481241026799,-6.4836208136E-02,0.701));
#8998 = VECTOR('',#8999,1.);
#8999 = DIRECTION('',(0.,0.,-1.));
#9000 = ORIENTED_EDGE('',*,*,#1264,.F.);
#9001 = B_SPLINE_SURFACE_WITH_KNOTS('',3,1,(
    (#9002,#9003)
    ,(#9004,#9005)
    ,(#9006,#9007)
    ,(#9008,#9009
    )),.UNSPECIFIED.,.F.,.F.,.F.,(4,4),(2,2),(4.,5.),(0.,1.),
  .PIECEWISE_BEZIER_KNOTS.);
#9002 = CARTESIAN_POINT('',(0.465904597533,-0.102735384186,0.701));
#9003 = CARTESIAN_POINT('',(0.465904597533,-0.102735384186,
    0.699999999999));
#9004 = CARTESIAN_POINT('',(0.476120219061,-9.3221599251E-02,0.701));
#9005 = CARTESIAN_POINT('',(0.476120219061,-9.3221599251E-02,
    0.699999999999));
#9006 = CARTESIAN_POINT('',(0.481241026799,-8.0588540569E-02,0.701));
#9007 = CARTESIAN_POINT('',(0.481241026799,-8.0588540569E-02,
    0.699999999999));
#9008 = CARTESIAN_POINT('',(0.481241026799,-6.4836208136E-02,0.701));
#9009 = CARTESIAN_POINT('',(0.481241026799,-6.4836208136E-02,
    0.699999999999));
#9010 = ADVANCED_FACE('',(#9011),#9022,.F.);
#9011 = FACE_BOUND('',#9012,.F.);
#9012 = EDGE_LOOP('',(#9013,#9014,#9015,#9021));
#9013 = ORIENTED_EDGE('',*,*,#8995,.F.);
#9014 = ORIENTED_EDGE('',*,*,#8848,.T.);
#9015 = ORIENTED_EDGE('',*,*,#9016,.T.);
#9016 = EDGE_CURVE('',#8849,#1247,#9017,.T.);
#9017 = LINE('',#9018,#9019);
#9018 = CARTESIAN_POINT('',(0.465904597533,-2.875660844E-02,0.701));
#9019 = VECTOR('',#9020,1.);
#9020 = DIRECTION('',(0.,0.,-1.));
#9021 = ORIENTED_EDGE('',*,*,#1255,.F.);
#9022 = B_SPLINE_SURFACE_WITH_KNOTS('',3,1,(
    (#9023,#9024)
    ,(#9025,#9026)
    ,(#9027,#9028)
    ,(#9029,#9030
    )),.UNSPECIFIED.,.F.,.F.,.F.,(4,4),(2,2),(3.,4.),(0.,1.),
  .PIECEWISE_BEZIER_KNOTS.);
#9023 = CARTESIAN_POINT('',(0.481241026799,-6.4836208136E-02,0.701));
#9024 = CARTESIAN_POINT('',(0.481241026799,-6.4836208136E-02,
    0.699999999999));
#9025 = CARTESIAN_POINT('',(0.481241026799,-4.975971835E-02,0.701));
#9026 = CARTESIAN_POINT('',(0.481241026799,-4.975971835E-02,
    0.699999999999));
#9027 = CARTESIAN_POINT('',(0.476120219061,-3.7750514416E-02,0.701));
#9028 = CARTESIAN_POINT('',(0.476120219061,-3.7750514416E-02,
    0.699999999999));
#9029 = CARTESIAN_POINT('',(0.465904597533,-2.875660844E-02,0.701));
#9030 = CARTESIAN_POINT('',(0.465904597533,-2.875660844E-02,
    0.699999999999));
#9031 = ADVANCED_FACE('',(#9032),#9043,.F.);
#9032 = FACE_BOUND('',#9033,.F.);
#9033 = EDGE_LOOP('',(#9034,#9035,#9036,#9042));
#9034 = ORIENTED_EDGE('',*,*,#9016,.F.);
#9035 = ORIENTED_EDGE('',*,*,#8857,.T.);
#9036 = ORIENTED_EDGE('',*,*,#9037,.T.);
#9037 = EDGE_CURVE('',#8858,#1239,#9038,.T.);
#9038 = LINE('',#9039,#9040);
#9039 = CARTESIAN_POINT('',(0.427459548577,-1.5291743423E-02,0.701));
#9040 = VECTOR('',#9041,1.);
#9041 = DIRECTION('',(0.,0.,-1.));
#9042 = ORIENTED_EDGE('',*,*,#1246,.F.);
#9043 = B_SPLINE_SURFACE_WITH_KNOTS('',3,1,(
    (#9044,#9045)
    ,(#9046,#9047)
    ,(#9048,#9049)
    ,(#9050,#9051
    )),.UNSPECIFIED.,.F.,.F.,.F.,(4,4),(2,2),(2.,3.),(0.,1.),
  .PIECEWISE_BEZIER_KNOTS.);
#9044 = CARTESIAN_POINT('',(0.465904597533,-2.875660844E-02,0.701));
#9045 = CARTESIAN_POINT('',(0.465904597533,-2.875660844E-02,
    0.699999999999));
#9046 = CARTESIAN_POINT('',(0.455688976005,-1.9762702464E-02,0.701));
#9047 = CARTESIAN_POINT('',(0.455688976005,-1.9762702464E-02,
    0.699999999999));
#9048 = CARTESIAN_POINT('',(0.442873959686,-1.5291743423E-02,0.701));
#9049 = CARTESIAN_POINT('',(0.442873959686,-1.5291743423E-02,
    0.699999999999));
#9050 = CARTESIAN_POINT('',(0.427459548577,-1.5291743423E-02,0.701));
#9051 = CARTESIAN_POINT('',(0.427459548577,-1.5291743423E-02,
    0.699999999999));
#9052 = ADVANCED_FACE('',(#9053),#9064,.F.);
#9053 = FACE_BOUND('',#9054,.T.);
#9054 = EDGE_LOOP('',(#9055,#9056,#9062,#9063));
#9055 = ORIENTED_EDGE('',*,*,#1238,.T.);
#9056 = ORIENTED_EDGE('',*,*,#9057,.F.);
#9057 = EDGE_CURVE('',#8867,#1231,#9058,.T.);
#9058 = LINE('',#9059,#9060);
#9059 = CARTESIAN_POINT('',(0.398450302712,-1.5291743423E-02,0.701));
#9060 = VECTOR('',#9061,1.);
#9061 = DIRECTION('',(0.,0.,-1.));
#9062 = ORIENTED_EDGE('',*,*,#8866,.F.);
#9063 = ORIENTED_EDGE('',*,*,#9037,.T.);
#9064 = PLANE('',#9065);
#9065 = AXIS2_PLACEMENT_3D('',#9066,#9067,#9068);
#9066 = CARTESIAN_POINT('',(0.398450302712,-1.5291743423E-02,0.701));
#9067 = DIRECTION('',(0.,-1.,0.));
#9068 = DIRECTION('',(0.,0.,-1.));
#9069 = ADVANCED_FACE('',(#9070),#9076,.F.);
#9070 = FACE_BOUND('',#9071,.T.);
#9071 = EDGE_LOOP('',(#9072,#9073,#9074,#9075));
#9072 = ORIENTED_EDGE('',*,*,#1230,.T.);
#9073 = ORIENTED_EDGE('',*,*,#8958,.F.);
#9074 = ORIENTED_EDGE('',*,*,#8874,.F.);
#9075 = ORIENTED_EDGE('',*,*,#9057,.T.);
#9076 = PLANE('',#9077);
#9077 = AXIS2_PLACEMENT_3D('',#9078,#9079,#9080);
#9078 = CARTESIAN_POINT('',(0.398450302712,-0.116980067639,0.701));
#9079 = DIRECTION('',(1.,0.,0.));
#9080 = DIRECTION('',(0.,0.,-1.));
#9081 = ADVANCED_FACE('',(#9082),#9107,.T.);
#9082 = FACE_BOUND('',#9083,.T.);
#9083 = EDGE_LOOP('',(#9084,#9094,#9100,#9101));
#9084 = ORIENTED_EDGE('',*,*,#9085,.F.);
#9085 = EDGE_CURVE('',#9086,#9088,#9090,.T.);
#9086 = VERTEX_POINT('',#9087);
#9087 = CARTESIAN_POINT('',(0.426939669619,-2.6989019982E-02,
    0.699999999999));
#9088 = VERTEX_POINT('',#9089);
#9089 = CARTESIAN_POINT('',(0.411577246405,-2.6989019982E-02,
    0.699999999999));
#9090 = LINE('',#9091,#9092);
#9091 = CARTESIAN_POINT('',(0.426939669619,-2.6989019982E-02,
    0.699999999999));
#9092 = VECTOR('',#9093,1.);
#9093 = DIRECTION('',(-1.,0.,0.));
#9094 = ORIENTED_EDGE('',*,*,#9095,.F.);
#9095 = EDGE_CURVE('',#8893,#9086,#9096,.T.);
#9096 = LINE('',#9097,#9098);
#9097 = CARTESIAN_POINT('',(0.426939669619,-2.6989019982E-02,0.701));
#9098 = VECTOR('',#9099,1.);
#9099 = DIRECTION('',(0.,0.,-1.));
#9100 = ORIENTED_EDGE('',*,*,#8892,.T.);
#9101 = ORIENTED_EDGE('',*,*,#9102,.T.);
#9102 = EDGE_CURVE('',#8883,#9088,#9103,.T.);
#9103 = LINE('',#9104,#9105);
#9104 = CARTESIAN_POINT('',(0.411577246405,-2.6989019982E-02,0.701));
#9105 = VECTOR('',#9106,1.);
#9106 = DIRECTION('',(0.,0.,-1.));
#9107 = PLANE('',#9108);
#9108 = AXIS2_PLACEMENT_3D('',#9109,#9110,#9111);
#9109 = CARTESIAN_POINT('',(0.426939669619,-2.6989019982E-02,0.701));
#9110 = DIRECTION('',(0.,-1.,0.));
#9111 = DIRECTION('',(0.,0.,-1.));
#9112 = ADVANCED_FACE('',(#9113),#9131,.T.);
#9113 = FACE_BOUND('',#9114,.T.);
#9114 = EDGE_LOOP('',(#9115,#9123,#9124,#9125));
#9115 = ORIENTED_EDGE('',*,*,#9116,.F.);
#9116 = EDGE_CURVE('',#9088,#9117,#9119,.T.);
#9117 = VERTEX_POINT('',#9118);
#9118 = CARTESIAN_POINT('',(0.411577246405,-0.105386766872,
    0.699999999999));
#9119 = LINE('',#9120,#9121);
#9120 = CARTESIAN_POINT('',(0.411577246405,-2.6989019982E-02,
    0.699999999999));
#9121 = VECTOR('',#9122,1.);
#9122 = DIRECTION('',(0.,-1.,0.));
#9123 = ORIENTED_EDGE('',*,*,#9102,.F.);
#9124 = ORIENTED_EDGE('',*,*,#8882,.T.);
#9125 = ORIENTED_EDGE('',*,*,#9126,.T.);
#9126 = EDGE_CURVE('',#8885,#9117,#9127,.T.);
#9127 = LINE('',#9128,#9129);
#9128 = CARTESIAN_POINT('',(0.411577246405,-0.105386766872,0.701));
#9129 = VECTOR('',#9130,1.);
#9130 = DIRECTION('',(0.,0.,-1.));
#9131 = PLANE('',#9132);
#9132 = AXIS2_PLACEMENT_3D('',#9133,#9134,#9135);
#9133 = CARTESIAN_POINT('',(0.411577246405,-2.6989019982E-02,0.701));
#9134 = DIRECTION('',(1.,0.,0.));
#9135 = DIRECTION('',(0.,0.,-1.));
#9136 = ADVANCED_FACE('',(#9137),#9155,.T.);
#9137 = FACE_BOUND('',#9138,.T.);
#9138 = EDGE_LOOP('',(#9139,#9147,#9148,#9149));
#9139 = ORIENTED_EDGE('',*,*,#9140,.F.);
#9140 = EDGE_CURVE('',#9117,#9141,#9143,.T.);
#9141 = VERTEX_POINT('',#9142);
#9142 = CARTESIAN_POINT('',(0.426341808817,-0.105386766872,
    0.699999999999));
#9143 = LINE('',#9144,#9145);
#9144 = CARTESIAN_POINT('',(0.411577246405,-0.105386766872,
    0.699999999999));
#9145 = VECTOR('',#9146,1.);
#9146 = DIRECTION('',(1.,0.,0.));
#9147 = ORIENTED_EDGE('',*,*,#9126,.F.);
#9148 = ORIENTED_EDGE('',*,*,#8936,.T.);
#9149 = ORIENTED_EDGE('',*,*,#9150,.T.);
#9150 = EDGE_CURVE('',#8928,#9141,#9151,.T.);
#9151 = LINE('',#9152,#9153);
#9152 = CARTESIAN_POINT('',(0.426341808817,-0.105386766872,0.701));
#9153 = VECTOR('',#9154,1.);
#9154 = DIRECTION('',(0.,0.,-1.));
#9155 = PLANE('',#9156);
#9156 = AXIS2_PLACEMENT_3D('',#9157,#9158,#9159);
#9157 = CARTESIAN_POINT('',(0.411577246405,-0.105386766872,0.701));
#9158 = DIRECTION('',(0.,1.,0.));
#9159 = DIRECTION('',(0.,-0.,1.));
#9160 = ADVANCED_FACE('',(#9161),#9180,.T.);
#9161 = FACE_BOUND('',#9162,.T.);
#9162 = EDGE_LOOP('',(#9163,#9172,#9173,#9174));
#9163 = ORIENTED_EDGE('',*,*,#9164,.F.);
#9164 = EDGE_CURVE('',#9141,#9165,#9167,.T.);
#9165 = VERTEX_POINT('',#9166);
#9166 = CARTESIAN_POINT('',(0.456572770234,-9.4781236126E-02,
    0.699999999999));
#9167 = B_SPLINE_CURVE_WITH_KNOTS('',3,(#9168,#9169,#9170,#9171),
  .UNSPECIFIED.,.F.,.F.,(4,4),(2.,3.),.PIECEWISE_BEZIER_KNOTS.);
#9168 = CARTESIAN_POINT('',(0.426341808817,-0.105386766872,
    0.699999999999));
#9169 = CARTESIAN_POINT('',(0.439260800927,-0.105386766872,
    0.699999999999));
#9170 = CARTESIAN_POINT('',(0.449346452715,-0.101851589957,
    0.699999999999));
#9171 = CARTESIAN_POINT('',(0.456572770234,-9.4781236126E-02,
    0.699999999999));
#9172 = ORIENTED_EDGE('',*,*,#9150,.F.);
#9173 = ORIENTED_EDGE('',*,*,#8927,.T.);
#9174 = ORIENTED_EDGE('',*,*,#9175,.T.);
#9175 = EDGE_CURVE('',#8919,#9165,#9176,.T.);
#9176 = LINE('',#9177,#9178);
#9177 = CARTESIAN_POINT('',(0.456572770234,-9.4781236126E-02,0.701));
#9178 = VECTOR('',#9179,1.);
#9179 = DIRECTION('',(0.,0.,-1.));
#9180 = B_SPLINE_SURFACE_WITH_KNOTS('',3,1,(
    (#9181,#9182)
    ,(#9183,#9184)
    ,(#9185,#9186)
    ,(#9187,#9188
    )),.UNSPECIFIED.,.F.,.F.,.F.,(4,4),(2,2),(2.,3.),(0.,1.),
  .PIECEWISE_BEZIER_KNOTS.);
#9181 = CARTESIAN_POINT('',(0.426341808817,-0.105386766872,0.701));
#9182 = CARTESIAN_POINT('',(0.426341808817,-0.105386766872,
    0.699999999999));
#9183 = CARTESIAN_POINT('',(0.439260800927,-0.105386766872,0.701));
#9184 = CARTESIAN_POINT('',(0.439260800927,-0.105386766872,
    0.699999999999));
#9185 = CARTESIAN_POINT('',(0.449346452715,-0.101851589957,0.701));
#9186 = CARTESIAN_POINT('',(0.449346452715,-0.101851589957,
    0.699999999999));
#9187 = CARTESIAN_POINT('',(0.456572770234,-9.4781236126E-02,0.701));
#9188 = CARTESIAN_POINT('',(0.456572770234,-9.4781236126E-02,
    0.699999999999));
#9189 = ADVANCED_FACE('',(#9190),#9209,.T.);
#9190 = FACE_BOUND('',#9191,.T.);
#9191 = EDGE_LOOP('',(#9192,#9201,#9202,#9203));
#9192 = ORIENTED_EDGE('',*,*,#9193,.F.);
#9193 = EDGE_CURVE('',#9165,#9194,#9196,.T.);
#9194 = VERTEX_POINT('',#9195);
#9195 = CARTESIAN_POINT('',(0.467438240459,-6.5200123407E-02,
    0.699999999999));
#9196 = B_SPLINE_CURVE_WITH_KNOTS('',3,(#9197,#9198,#9199,#9200),
  .UNSPECIFIED.,.F.,.F.,(4,4),(3.,4.),.PIECEWISE_BEZIER_KNOTS.);
#9197 = CARTESIAN_POINT('',(0.456572770234,-9.4781236126E-02,
    0.699999999999));
#9198 = CARTESIAN_POINT('',(0.4638250817,-8.7762870191E-02,
    0.699999999999));
#9199 = CARTESIAN_POINT('',(0.467438240459,-7.7885169986E-02,
    0.699999999999));
#9200 = CARTESIAN_POINT('',(0.467438240459,-6.5200123407E-02,
    0.699999999999));
#9201 = ORIENTED_EDGE('',*,*,#9175,.F.);
#9202 = ORIENTED_EDGE('',*,*,#8918,.T.);
#9203 = ORIENTED_EDGE('',*,*,#9204,.T.);
#9204 = EDGE_CURVE('',#8910,#9194,#9205,.T.);
#9205 = LINE('',#9206,#9207);
#9206 = CARTESIAN_POINT('',(0.467438240459,-6.5200123407E-02,0.701));
#9207 = VECTOR('',#9208,1.);
#9208 = DIRECTION('',(0.,0.,-1.));
#9209 = B_SPLINE_SURFACE_WITH_KNOTS('',3,1,(
    (#9210,#9211)
    ,(#9212,#9213)
    ,(#9214,#9215)
    ,(#9216,#9217
    )),.UNSPECIFIED.,.F.,.F.,.F.,(4,4),(2,2),(3.,4.),(0.,1.),
  .PIECEWISE_BEZIER_KNOTS.);
#9210 = CARTESIAN_POINT('',(0.456572770234,-9.4781236126E-02,0.701));
#9211 = CARTESIAN_POINT('',(0.456572770234,-9.4781236126E-02,
    0.699999999999));
#9212 = CARTESIAN_POINT('',(0.4638250817,-8.7762870191E-02,0.701));
#9213 = CARTESIAN_POINT('',(0.4638250817,-8.7762870191E-02,
    0.699999999999));
#9214 = CARTESIAN_POINT('',(0.467438240459,-7.7885169986E-02,0.701));
#9215 = CARTESIAN_POINT('',(0.467438240459,-7.7885169986E-02,
    0.699999999999));
#9216 = CARTESIAN_POINT('',(0.467438240459,-6.5200123407E-02,0.701));
#9217 = CARTESIAN_POINT('',(0.467438240459,-6.5200123407E-02,
    0.699999999999));
#9218 = ADVANCED_FACE('',(#9219),#9238,.T.);
#9219 = FACE_BOUND('',#9220,.T.);
#9220 = EDGE_LOOP('',(#9221,#9230,#9231,#9232));
#9221 = ORIENTED_EDGE('',*,*,#9222,.F.);
#9222 = EDGE_CURVE('',#9194,#9223,#9225,.T.);
#9223 = VERTEX_POINT('',#9224);
#9224 = CARTESIAN_POINT('',(0.456286836807,-3.6554792812E-02,
    0.699999999999));
#9225 = B_SPLINE_CURVE_WITH_KNOTS('',3,(#9226,#9227,#9228,#9229),
  .UNSPECIFIED.,.F.,.F.,(4,4),(4.,5.),.PIECEWISE_BEZIER_KNOTS.);
#9226 = CARTESIAN_POINT('',(0.467438240459,-6.5200123407E-02,
    0.699999999999));
#9227 = CARTESIAN_POINT('',(0.467438240459,-5.2515076827E-02,
    0.699999999999));
#9228 = CARTESIAN_POINT('',(0.463721105908,-4.2949303998E-02,
    0.699999999999));
#9229 = CARTESIAN_POINT('',(0.456286836807,-3.6554792812E-02,
    0.699999999999));
#9230 = ORIENTED_EDGE('',*,*,#9204,.F.);
#9231 = ORIENTED_EDGE('',*,*,#8909,.T.);
#9232 = ORIENTED_EDGE('',*,*,#9233,.T.);
#9233 = EDGE_CURVE('',#8901,#9223,#9234,.T.);
#9234 = LINE('',#9235,#9236);
#9235 = CARTESIAN_POINT('',(0.456286836807,-3.6554792812E-02,0.701));
#9236 = VECTOR('',#9237,1.);
#9237 = DIRECTION('',(0.,0.,-1.));
#9238 = B_SPLINE_SURFACE_WITH_KNOTS('',3,1,(
    (#9239,#9240)
    ,(#9241,#9242)
    ,(#9243,#9244)
    ,(#9245,#9246
    )),.UNSPECIFIED.,.F.,.F.,.F.,(4,4),(2,2),(4.,5.),(0.,1.),
  .PIECEWISE_BEZIER_KNOTS.);
#9239 = CARTESIAN_POINT('',(0.467438240459,-6.5200123407E-02,0.701));
#9240 = CARTESIAN_POINT('',(0.467438240459,-6.5200123407E-02,
    0.699999999999));
#9241 = CARTESIAN_POINT('',(0.467438240459,-5.2515076827E-02,0.701));
#9242 = CARTESIAN_POINT('',(0.467438240459,-5.2515076827E-02,
    0.699999999999));
#9243 = CARTESIAN_POINT('',(0.463721105908,-4.2949303998E-02,0.701));
#9244 = CARTESIAN_POINT('',(0.463721105908,-4.2949303998E-02,
    0.699999999999));
#9245 = CARTESIAN_POINT('',(0.456286836807,-3.6554792812E-02,0.701));
#9246 = CARTESIAN_POINT('',(0.456286836807,-3.6554792812E-02,
    0.699999999999));
#9247 = ADVANCED_FACE('',(#9248),#9260,.T.);
#9248 = FACE_BOUND('',#9249,.T.);
#9249 = EDGE_LOOP('',(#9250,#9257,#9258,#9259));
#9250 = ORIENTED_EDGE('',*,*,#9251,.F.);
#9251 = EDGE_CURVE('',#9223,#9086,#9252,.T.);
#9252 = B_SPLINE_CURVE_WITH_KNOTS('',3,(#9253,#9254,#9255,#9256),
  .UNSPECIFIED.,.F.,.F.,(4,4),(5.,6.),.PIECEWISE_BEZIER_KNOTS.);
#9253 = CARTESIAN_POINT('',(0.456286836807,-3.6554792812E-02,
    0.699999999999));
#9254 = CARTESIAN_POINT('',(0.448852567705,-3.0160281627E-02,
    0.699999999999));
#9255 = CARTESIAN_POINT('',(0.439052849344,-2.6989019982E-02,
    0.699999999999));
#9256 = CARTESIAN_POINT('',(0.426939669619,-2.6989019982E-02,
    0.699999999999));
#9257 = ORIENTED_EDGE('',*,*,#9233,.F.);
#9258 = ORIENTED_EDGE('',*,*,#8900,.T.);
#9259 = ORIENTED_EDGE('',*,*,#9095,.T.);
#9260 = B_SPLINE_SURFACE_WITH_KNOTS('',3,1,(
    (#9261,#9262)
    ,(#9263,#9264)
    ,(#9265,#9266)
    ,(#9267,#9268
    )),.UNSPECIFIED.,.F.,.F.,.F.,(4,4),(2,2),(5.,6.),(0.,1.),
  .PIECEWISE_BEZIER_KNOTS.);
#9261 = CARTESIAN_POINT('',(0.456286836807,-3.6554792812E-02,0.701));
#9262 = CARTESIAN_POINT('',(0.456286836807,-3.6554792812E-02,
    0.699999999999));
#9263 = CARTESIAN_POINT('',(0.448852567705,-3.0160281627E-02,0.701));
#9264 = CARTESIAN_POINT('',(0.448852567705,-3.0160281627E-02,
    0.699999999999));
#9265 = CARTESIAN_POINT('',(0.439052849344,-2.6989019982E-02,0.701));
#9266 = CARTESIAN_POINT('',(0.439052849344,-2.6989019982E-02,
    0.699999999999));
#9267 = CARTESIAN_POINT('',(0.426939669619,-2.6989019982E-02,0.701));
#9268 = CARTESIAN_POINT('',(0.426939669619,-2.6989019982E-02,
    0.699999999999));
#9269 = ADVANCED_FACE('',(#9270),#9279,.T.);
#9270 = FACE_BOUND('',#9271,.T.);
#9271 = EDGE_LOOP('',(#9272,#9273,#9274,#9275,#9276,#9277,#9278));
#9272 = ORIENTED_EDGE('',*,*,#9085,.T.);
#9273 = ORIENTED_EDGE('',*,*,#9116,.T.);
#9274 = ORIENTED_EDGE('',*,*,#9140,.T.);
#9275 = ORIENTED_EDGE('',*,*,#9164,.T.);
#9276 = ORIENTED_EDGE('',*,*,#9193,.T.);
#9277 = ORIENTED_EDGE('',*,*,#9222,.T.);
#9278 = ORIENTED_EDGE('',*,*,#9251,.T.);
#9279 = PLANE('',#9280);
#9280 = AXIS2_PLACEMENT_3D('',#9281,#9282,#9283);
#9281 = CARTESIAN_POINT('',(1.325,-0.974999999999,0.699999999999));
#9282 = DIRECTION('',(0.,0.,1.));
#9283 = DIRECTION('',(1.,0.,-0.));
#9284 = ADVANCED_FACE('',(#9285,#9351),#9403,.F.);
#9285 = FACE_BOUND('',#9286,.T.);
#9286 = EDGE_LOOP('',(#9287,#9297,#9305,#9313,#9321,#9329,#9337,#9345));
#9287 = ORIENTED_EDGE('',*,*,#9288,.T.);
#9288 = EDGE_CURVE('',#9289,#9291,#9293,.T.);
#9289 = VERTEX_POINT('',#9290);
#9290 = CARTESIAN_POINT('',(0.57838041013,-0.116980067639,0.701));
#9291 = VERTEX_POINT('',#9292);
#9292 = CARTESIAN_POINT('',(0.539649427748,-1.5291743423E-02,0.701));
#9293 = LINE('',#9294,#9295);
#9294 = CARTESIAN_POINT('',(0.539649427748,-1.5291743423E-02,0.701));
#9295 = VECTOR('',#9296,1.);
#9296 = DIRECTION('',(-0.355935724364,0.934510438744,0.));
#9297 = ORIENTED_EDGE('',*,*,#9298,.T.);
#9298 = EDGE_CURVE('',#9291,#9299,#9301,.T.);
#9299 = VERTEX_POINT('',#9300);
#9300 = CARTESIAN_POINT('',(0.525612695877,-1.5291743423E-02,0.701));
#9301 = LINE('',#9302,#9303);
#9302 = CARTESIAN_POINT('',(0.525612695877,-1.5291743423E-02,0.701));
#9303 = VECTOR('',#9304,1.);
#9304 = DIRECTION('',(-1.,0.,0.));
#9305 = ORIENTED_EDGE('',*,*,#9306,.T.);
#9306 = EDGE_CURVE('',#9299,#9307,#9309,.T.);
#9307 = VERTEX_POINT('',#9308);
#9308 = CARTESIAN_POINT('',(0.486881713494,-0.116980067639,0.701));
#9309 = LINE('',#9310,#9311);
#9310 = CARTESIAN_POINT('',(0.486881713494,-0.116980067639,0.701));
#9311 = VECTOR('',#9312,1.);
#9312 = DIRECTION('',(-0.355935724369,-0.934510438742,0.));
#9313 = ORIENTED_EDGE('',*,*,#9314,.T.);
#9314 = EDGE_CURVE('',#9307,#9315,#9317,.T.);
#9315 = VERTEX_POINT('',#9316);
#9316 = CARTESIAN_POINT('',(0.501386336427,-0.116980067639,0.701));
#9317 = LINE('',#9318,#9319);
#9318 = CARTESIAN_POINT('',(0.501386336427,-0.116980067639,0.701));
#9319 = VECTOR('',#9320,1.);
#9320 = DIRECTION('',(1.,0.,0.));
#9321 = ORIENTED_EDGE('',*,*,#9322,.T.);
#9322 = EDGE_CURVE('',#9315,#9323,#9325,.T.);
#9323 = VERTEX_POINT('',#9324);
#9324 = CARTESIAN_POINT('',(0.51116006084,-8.9166543378E-02,0.701));
#9325 = LINE('',#9326,#9327);
#9326 = CARTESIAN_POINT('',(0.51116006084,-8.9166543378E-02,0.701));
#9327 = VECTOR('',#9328,1.);
#9328 = DIRECTION('',(0.331528418357,0.94344523308,0.));
#9329 = ORIENTED_EDGE('',*,*,#9330,.T.);
#9330 = EDGE_CURVE('',#9323,#9331,#9333,.T.);
#9331 = VERTEX_POINT('',#9332);
#9332 = CARTESIAN_POINT('',(0.553504201982,-8.9166543378E-02,0.701));
#9333 = LINE('',#9334,#9335);
#9334 = CARTESIAN_POINT('',(0.553504201982,-8.9166543378E-02,0.701));
#9335 = VECTOR('',#9336,1.);
#9336 = DIRECTION('',(1.,0.,0.));
#9337 = ORIENTED_EDGE('',*,*,#9338,.T.);
#9338 = EDGE_CURVE('',#9331,#9339,#9341,.T.);
#9339 = VERTEX_POINT('',#9340);
#9340 = CARTESIAN_POINT('',(0.563875787198,-0.116980067639,0.701));
#9341 = LINE('',#9342,#9343);
#9342 = CARTESIAN_POINT('',(0.563875787198,-0.116980067639,0.701));
#9343 = VECTOR('',#9344,1.);
#9344 = DIRECTION('',(0.349395479497,-0.936975345944,0.));
#9345 = ORIENTED_EDGE('',*,*,#9346,.T.);
#9346 = EDGE_CURVE('',#9339,#9289,#9347,.T.);
#9347 = LINE('',#9348,#9349);
#9348 = CARTESIAN_POINT('',(0.57838041013,-0.116980067639,0.701));
#9349 = VECTOR('',#9350,1.);
#9350 = DIRECTION('',(1.,0.,0.));
#9351 = FACE_BOUND('',#9352,.T.);
#9352 = EDGE_LOOP('',(#9353,#9363,#9371,#9380,#9388,#9397));
#9353 = ORIENTED_EDGE('',*,*,#9354,.F.);
#9354 = EDGE_CURVE('',#9355,#9357,#9359,.T.);
#9355 = VERTEX_POINT('',#9356);
#9356 = CARTESIAN_POINT('',(0.515319092506,-7.7677218403E-02,0.701));
#9357 = VERTEX_POINT('',#9358);
#9358 = CARTESIAN_POINT('',(0.549449146109,-7.7677218403E-02,0.701));
#9359 = LINE('',#9360,#9361);
#9360 = CARTESIAN_POINT('',(0.515319092506,-7.7677218403E-02,0.701));
#9361 = VECTOR('',#9362,1.);
#9362 = DIRECTION('',(1.,0.,0.));
#9363 = ORIENTED_EDGE('',*,*,#9364,.F.);
#9364 = EDGE_CURVE('',#9365,#9355,#9367,.T.);
#9365 = VERTEX_POINT('',#9366);
#9366 = CARTESIAN_POINT('',(0.530525552031,-3.5411059104E-02,0.701));
#9367 = LINE('',#9368,#9369);
#9368 = CARTESIAN_POINT('',(0.530525552031,-3.5411059104E-02,0.701));
#9369 = VECTOR('',#9370,1.);
#9370 = DIRECTION('',(-0.338535034295,-0.940953787683,0.));
#9371 = ORIENTED_EDGE('',*,*,#9372,.F.);
#9372 = EDGE_CURVE('',#9373,#9365,#9375,.T.);
#9373 = VERTEX_POINT('',#9374);
#9374 = CARTESIAN_POINT('',(0.532189164698,-2.8288717378E-02,0.701));
#9375 = B_SPLINE_CURVE_WITH_KNOTS('',3,(#9376,#9377,#9378,#9379),
  .UNSPECIFIED.,.F.,.F.,(4,4),(3.,4.),.PIECEWISE_BEZIER_KNOTS.);
#9376 = CARTESIAN_POINT('',(0.532189164698,-2.8288717378E-02,0.701));
#9377 = CARTESIAN_POINT('',(0.531695279687,-3.1356003231E-02,0.701));
#9378 = CARTESIAN_POINT('',(0.531149406782,-3.3747446439E-02,0.701));
#9379 = CARTESIAN_POINT('',(0.530525552031,-3.5411059104E-02,0.701));
#9380 = ORIENTED_EDGE('',*,*,#9381,.F.);
#9381 = EDGE_CURVE('',#9382,#9373,#9384,.T.);
#9382 = VERTEX_POINT('',#9383);
#9383 = CARTESIAN_POINT('',(0.532501092073,-2.8288717378E-02,0.701));
#9384 = LINE('',#9385,#9386);
#9385 = CARTESIAN_POINT('',(0.532501092073,-2.8288717378E-02,0.701));
#9386 = VECTOR('',#9387,1.);
#9387 = DIRECTION('',(-1.,0.,0.));
#9388 = ORIENTED_EDGE('',*,*,#9389,.F.);
#9389 = EDGE_CURVE('',#9390,#9382,#9392,.T.);
#9390 = VERTEX_POINT('',#9391);
#9391 = CARTESIAN_POINT('',(0.534086722895,-3.5411059104E-02,0.701));
#9392 = B_SPLINE_CURVE_WITH_KNOTS('',3,(#9393,#9394,#9395,#9396),
  .UNSPECIFIED.,.F.,.F.,(4,4),(1.,2.),.PIECEWISE_BEZIER_KNOTS.);
#9393 = CARTESIAN_POINT('',(0.534086722895,-3.5411059104E-02,0.701));
#9394 = CARTESIAN_POINT('',(0.533592837885,-3.4007385917E-02,0.701));
#9395 = CARTESIAN_POINT('',(0.533072958926,-3.1667930605E-02,0.701));
#9396 = CARTESIAN_POINT('',(0.532501092073,-2.8288717378E-02,0.701));
#9397 = ORIENTED_EDGE('',*,*,#9398,.F.);
#9398 = EDGE_CURVE('',#9357,#9390,#9399,.T.);
#9399 = LINE('',#9400,#9401);
#9400 = CARTESIAN_POINT('',(0.549449146109,-7.7677218403E-02,0.701));
#9401 = VECTOR('',#9402,1.);
#9402 = DIRECTION('',(-0.34160383069,0.939844041774,0.));
#9403 = PLANE('',#9404);
#9404 = AXIS2_PLACEMENT_3D('',#9405,#9406,#9407);
#9405 = CARTESIAN_POINT('',(0.,0.,0.701));
#9406 = DIRECTION('',(0.,0.,-1.));
#9407 = DIRECTION('',(-1.,0.,0.));
#9408 = ADVANCED_FACE('',(#9409),#9425,.F.);
#9409 = FACE_BOUND('',#9410,.T.);
#9410 = EDGE_LOOP('',(#9411,#9412,#9418,#9419));
#9411 = ORIENTED_EDGE('',*,*,#49,.T.);
#9412 = ORIENTED_EDGE('',*,*,#9413,.F.);
#9413 = EDGE_CURVE('',#9291,#40,#9414,.T.);
#9414 = LINE('',#9415,#9416);
#9415 = CARTESIAN_POINT('',(0.539649427748,-1.5291743423E-02,0.701));
#9416 = VECTOR('',#9417,1.);
#9417 = DIRECTION('',(0.,0.,-1.));
#9418 = ORIENTED_EDGE('',*,*,#9288,.F.);
#9419 = ORIENTED_EDGE('',*,*,#9420,.T.);
#9420 = EDGE_CURVE('',#9289,#50,#9421,.T.);
#9421 = LINE('',#9422,#9423);
#9422 = CARTESIAN_POINT('',(0.57838041013,-0.116980067639,0.701));
#9423 = VECTOR('',#9424,1.);
#9424 = DIRECTION('',(0.,0.,-1.));
#9425 = PLANE('',#9426);
#9426 = AXIS2_PLACEMENT_3D('',#9427,#9428,#9429);
#9427 = CARTESIAN_POINT('',(0.539649427748,-1.5291743423E-02,0.701));
#9428 = DIRECTION('',(-0.934510438744,-0.355935724364,0.));
#9429 = DIRECTION('',(0.355935724364,-0.934510438744,0.));
#9430 = ADVANCED_FACE('',(#9431),#9442,.F.);
#9431 = FACE_BOUND('',#9432,.T.);
#9432 = EDGE_LOOP('',(#9433,#9434,#9440,#9441));
#9433 = ORIENTED_EDGE('',*,*,#39,.T.);
#9434 = ORIENTED_EDGE('',*,*,#9435,.F.);
#9435 = EDGE_CURVE('',#9299,#42,#9436,.T.);
#9436 = LINE('',#9437,#9438);
#9437 = CARTESIAN_POINT('',(0.525612695877,-1.5291743423E-02,0.701));
#9438 = VECTOR('',#9439,1.);
#9439 = DIRECTION('',(0.,0.,-1.));
#9440 = ORIENTED_EDGE('',*,*,#9298,.F.);
#9441 = ORIENTED_EDGE('',*,*,#9413,.T.);
#9442 = PLANE('',#9443);
#9443 = AXIS2_PLACEMENT_3D('',#9444,#9445,#9446);
#9444 = CARTESIAN_POINT('',(0.525612695877,-1.5291743423E-02,0.701));
#9445 = DIRECTION('',(0.,-1.,0.));
#9446 = DIRECTION('',(0.,0.,-1.));
#9447 = ADVANCED_FACE('',(#9448),#9459,.F.);
#9448 = FACE_BOUND('',#9449,.T.);
#9449 = EDGE_LOOP('',(#9450,#9451,#9457,#9458));
#9450 = ORIENTED_EDGE('',*,*,#97,.T.);
#9451 = ORIENTED_EDGE('',*,*,#9452,.F.);
#9452 = EDGE_CURVE('',#9307,#90,#9453,.T.);
#9453 = LINE('',#9454,#9455);
#9454 = CARTESIAN_POINT('',(0.486881713494,-0.116980067639,0.701));
#9455 = VECTOR('',#9456,1.);
#9456 = DIRECTION('',(0.,0.,-1.));
#9457 = ORIENTED_EDGE('',*,*,#9306,.F.);
#9458 = ORIENTED_EDGE('',*,*,#9435,.T.);
#9459 = PLANE('',#9460);
#9460 = AXIS2_PLACEMENT_3D('',#9461,#9462,#9463);
#9461 = CARTESIAN_POINT('',(0.486881713494,-0.116980067639,0.701));
#9462 = DIRECTION('',(0.934510438742,-0.355935724369,0.));
#9463 = DIRECTION('',(0.355935724369,0.934510438742,0.));
#9464 = ADVANCED_FACE('',(#9465),#9476,.F.);
#9465 = FACE_BOUND('',#9466,.T.);
#9466 = EDGE_LOOP('',(#9467,#9468,#9474,#9475));
#9467 = ORIENTED_EDGE('',*,*,#89,.T.);
#9468 = ORIENTED_EDGE('',*,*,#9469,.F.);
#9469 = EDGE_CURVE('',#9315,#82,#9470,.T.);
#9470 = LINE('',#9471,#9472);
#9471 = CARTESIAN_POINT('',(0.501386336427,-0.116980067639,0.701));
#9472 = VECTOR('',#9473,1.);
#9473 = DIRECTION('',(0.,0.,-1.));
#9474 = ORIENTED_EDGE('',*,*,#9314,.F.);
#9475 = ORIENTED_EDGE('',*,*,#9452,.T.);
#9476 = PLANE('',#9477);
#9477 = AXIS2_PLACEMENT_3D('',#9478,#9479,#9480);
#9478 = CARTESIAN_POINT('',(0.501386336427,-0.116980067639,0.701));
#9479 = DIRECTION('',(0.,1.,0.));
#9480 = DIRECTION('',(0.,-0.,1.));
#9481 = ADVANCED_FACE('',(#9482),#9493,.F.);
#9482 = FACE_BOUND('',#9483,.T.);
#9483 = EDGE_LOOP('',(#9484,#9485,#9491,#9492));
#9484 = ORIENTED_EDGE('',*,*,#81,.T.);
#9485 = ORIENTED_EDGE('',*,*,#9486,.F.);
#9486 = EDGE_CURVE('',#9323,#74,#9487,.T.);
#9487 = LINE('',#9488,#9489);
#9488 = CARTESIAN_POINT('',(0.51116006084,-8.9166543378E-02,0.701));
#9489 = VECTOR('',#9490,1.);
#9490 = DIRECTION('',(0.,0.,-1.));
#9491 = ORIENTED_EDGE('',*,*,#9322,.F.);
#9492 = ORIENTED_EDGE('',*,*,#9469,.T.);
#9493 = PLANE('',#9494);
#9494 = AXIS2_PLACEMENT_3D('',#9495,#9496,#9497);
#9495 = CARTESIAN_POINT('',(0.51116006084,-8.9166543378E-02,0.701));
#9496 = DIRECTION('',(-0.94344523308,0.331528418357,0.));
#9497 = DIRECTION('',(-0.331528418357,-0.94344523308,0.));
#9498 = ADVANCED_FACE('',(#9499),#9510,.F.);
#9499 = FACE_BOUND('',#9500,.T.);
#9500 = EDGE_LOOP('',(#9501,#9502,#9508,#9509));
#9501 = ORIENTED_EDGE('',*,*,#73,.T.);
#9502 = ORIENTED_EDGE('',*,*,#9503,.F.);
#9503 = EDGE_CURVE('',#9331,#66,#9504,.T.);
#9504 = LINE('',#9505,#9506);
#9505 = CARTESIAN_POINT('',(0.553504201982,-8.9166543378E-02,0.701));
#9506 = VECTOR('',#9507,1.);
#9507 = DIRECTION('',(0.,0.,-1.));
#9508 = ORIENTED_EDGE('',*,*,#9330,.F.);
#9509 = ORIENTED_EDGE('',*,*,#9486,.T.);
#9510 = PLANE('',#9511);
#9511 = AXIS2_PLACEMENT_3D('',#9512,#9513,#9514);
#9512 = CARTESIAN_POINT('',(0.553504201982,-8.9166543378E-02,0.701));
#9513 = DIRECTION('',(0.,1.,0.));
#9514 = DIRECTION('',(0.,-0.,1.));
#9515 = ADVANCED_FACE('',(#9516),#9527,.F.);
#9516 = FACE_BOUND('',#9517,.T.);
#9517 = EDGE_LOOP('',(#9518,#9519,#9525,#9526));
#9518 = ORIENTED_EDGE('',*,*,#65,.T.);
#9519 = ORIENTED_EDGE('',*,*,#9520,.F.);
#9520 = EDGE_CURVE('',#9339,#58,#9521,.T.);
#9521 = LINE('',#9522,#9523);
#9522 = CARTESIAN_POINT('',(0.563875787198,-0.116980067639,0.701));
#9523 = VECTOR('',#9524,1.);
#9524 = DIRECTION('',(0.,0.,-1.));
#9525 = ORIENTED_EDGE('',*,*,#9338,.F.);
#9526 = ORIENTED_EDGE('',*,*,#9503,.T.);
#9527 = PLANE('',#9528);
#9528 = AXIS2_PLACEMENT_3D('',#9529,#9530,#9531);
#9529 = CARTESIAN_POINT('',(0.563875787198,-0.116980067639,0.701));
#9530 = DIRECTION('',(0.936975345944,0.349395479497,0.));
#9531 = DIRECTION('',(-0.349395479497,0.936975345944,0.));
#9532 = ADVANCED_FACE('',(#9533),#9539,.F.);
#9533 = FACE_BOUND('',#9534,.T.);
#9534 = EDGE_LOOP('',(#9535,#9536,#9537,#9538));
#9535 = ORIENTED_EDGE('',*,*,#57,.T.);
#9536 = ORIENTED_EDGE('',*,*,#9420,.F.);
#9537 = ORIENTED_EDGE('',*,*,#9346,.F.);
#9538 = ORIENTED_EDGE('',*,*,#9520,.T.);
#9539 = PLANE('',#9540);
#9540 = AXIS2_PLACEMENT_3D('',#9541,#9542,#9543);
#9541 = CARTESIAN_POINT('',(0.57838041013,-0.116980067639,0.701));
#9542 = DIRECTION('',(0.,1.,0.));
#9543 = DIRECTION('',(0.,-0.,1.));
#9544 = ADVANCED_FACE('',(#9545),#9570,.T.);
#9545 = FACE_BOUND('',#9546,.T.);
#9546 = EDGE_LOOP('',(#9547,#9557,#9563,#9564));
#9547 = ORIENTED_EDGE('',*,*,#9548,.F.);
#9548 = EDGE_CURVE('',#9549,#9551,#9553,.T.);
#9549 = VERTEX_POINT('',#9550);
#9550 = CARTESIAN_POINT('',(0.515319092506,-7.7677218403E-02,
    0.699999999999));
#9551 = VERTEX_POINT('',#9552);
#9552 = CARTESIAN_POINT('',(0.549449146109,-7.7677218403E-02,
    0.699999999999));
#9553 = LINE('',#9554,#9555);
#9554 = CARTESIAN_POINT('',(0.515319092506,-7.7677218403E-02,
    0.699999999999));
#9555 = VECTOR('',#9556,1.);
#9556 = DIRECTION('',(1.,0.,0.));
#9557 = ORIENTED_EDGE('',*,*,#9558,.F.);
#9558 = EDGE_CURVE('',#9355,#9549,#9559,.T.);
#9559 = LINE('',#9560,#9561);
#9560 = CARTESIAN_POINT('',(0.515319092506,-7.7677218403E-02,0.701));
#9561 = VECTOR('',#9562,1.);
#9562 = DIRECTION('',(0.,0.,-1.));
#9563 = ORIENTED_EDGE('',*,*,#9354,.T.);
#9564 = ORIENTED_EDGE('',*,*,#9565,.T.);
#9565 = EDGE_CURVE('',#9357,#9551,#9566,.T.);
#9566 = LINE('',#9567,#9568);
#9567 = CARTESIAN_POINT('',(0.549449146109,-7.7677218403E-02,0.701));
#9568 = VECTOR('',#9569,1.);
#9569 = DIRECTION('',(0.,0.,-1.));
#9570 = PLANE('',#9571);
#9571 = AXIS2_PLACEMENT_3D('',#9572,#9573,#9574);
#9572 = CARTESIAN_POINT('',(0.515319092506,-7.7677218403E-02,0.701));
#9573 = DIRECTION('',(0.,1.,0.));
#9574 = DIRECTION('',(0.,-0.,1.));
#9575 = ADVANCED_FACE('',(#9576),#9594,.T.);
#9576 = FACE_BOUND('',#9577,.T.);
#9577 = EDGE_LOOP('',(#9578,#9586,#9587,#9588));
#9578 = ORIENTED_EDGE('',*,*,#9579,.F.);
#9579 = EDGE_CURVE('',#9551,#9580,#9582,.T.);
#9580 = VERTEX_POINT('',#9581);
#9581 = CARTESIAN_POINT('',(0.534086722895,-3.5411059104E-02,
    0.699999999999));
#9582 = LINE('',#9583,#9584);
#9583 = CARTESIAN_POINT('',(0.549449146109,-7.7677218403E-02,
    0.699999999999));
#9584 = VECTOR('',#9585,1.);
#9585 = DIRECTION('',(-0.34160383069,0.939844041774,0.));
#9586 = ORIENTED_EDGE('',*,*,#9565,.F.);
#9587 = ORIENTED_EDGE('',*,*,#9398,.T.);
#9588 = ORIENTED_EDGE('',*,*,#9589,.T.);
#9589 = EDGE_CURVE('',#9390,#9580,#9590,.T.);
#9590 = LINE('',#9591,#9592);
#9591 = CARTESIAN_POINT('',(0.534086722895,-3.5411059104E-02,0.701));
#9592 = VECTOR('',#9593,1.);
#9593 = DIRECTION('',(0.,0.,-1.));
#9594 = PLANE('',#9595);
#9595 = AXIS2_PLACEMENT_3D('',#9596,#9597,#9598);
#9596 = CARTESIAN_POINT('',(0.549449146109,-7.7677218403E-02,0.701));
#9597 = DIRECTION('',(-0.939844041774,-0.34160383069,0.));
#9598 = DIRECTION('',(0.34160383069,-0.939844041774,0.));
#9599 = ADVANCED_FACE('',(#9600),#9619,.T.);
#9600 = FACE_BOUND('',#9601,.T.);
#9601 = EDGE_LOOP('',(#9602,#9611,#9612,#9613));
#9602 = ORIENTED_EDGE('',*,*,#9603,.F.);
#9603 = EDGE_CURVE('',#9580,#9604,#9606,.T.);
#9604 = VERTEX_POINT('',#9605);
#9605 = CARTESIAN_POINT('',(0.532501092073,-2.8288717378E-02,
    0.699999999999));
#9606 = B_SPLINE_CURVE_WITH_KNOTS('',3,(#9607,#9608,#9609,#9610),
  .UNSPECIFIED.,.F.,.F.,(4,4),(1.,2.),.PIECEWISE_BEZIER_KNOTS.);
#9607 = CARTESIAN_POINT('',(0.534086722895,-3.5411059104E-02,
    0.699999999999));
#9608 = CARTESIAN_POINT('',(0.533592837885,-3.4007385917E-02,
    0.699999999999));
#9609 = CARTESIAN_POINT('',(0.533072958926,-3.1667930605E-02,
    0.699999999999));
#9610 = CARTESIAN_POINT('',(0.532501092073,-2.8288717378E-02,
    0.699999999999));
#9611 = ORIENTED_EDGE('',*,*,#9589,.F.);
#9612 = ORIENTED_EDGE('',*,*,#9389,.T.);
#9613 = ORIENTED_EDGE('',*,*,#9614,.T.);
#9614 = EDGE_CURVE('',#9382,#9604,#9615,.T.);
#9615 = LINE('',#9616,#9617);
#9616 = CARTESIAN_POINT('',(0.532501092073,-2.8288717378E-02,0.701));
#9617 = VECTOR('',#9618,1.);
#9618 = DIRECTION('',(0.,0.,-1.));
#9619 = B_SPLINE_SURFACE_WITH_KNOTS('',3,1,(
    (#9620,#9621)
    ,(#9622,#9623)
    ,(#9624,#9625)
    ,(#9626,#9627
    )),.UNSPECIFIED.,.F.,.F.,.F.,(4,4),(2,2),(1.,2.),(0.,1.),
  .PIECEWISE_BEZIER_KNOTS.);
#9620 = CARTESIAN_POINT('',(0.534086722895,-3.5411059104E-02,0.701));
#9621 = CARTESIAN_POINT('',(0.534086722895,-3.5411059104E-02,
    0.699999999999));
#9622 = CARTESIAN_POINT('',(0.533592837885,-3.4007385917E-02,0.701));
#9623 = CARTESIAN_POINT('',(0.533592837885,-3.4007385917E-02,
    0.699999999999));
#9624 = CARTESIAN_POINT('',(0.533072958926,-3.1667930605E-02,0.701));
#9625 = CARTESIAN_POINT('',(0.533072958926,-3.1667930605E-02,
    0.699999999999));
#9626 = CARTESIAN_POINT('',(0.532501092073,-2.8288717378E-02,0.701));
#9627 = CARTESIAN_POINT('',(0.532501092073,-2.8288717378E-02,
    0.699999999999));
#9628 = ADVANCED_FACE('',(#9629),#9647,.T.);
#9629 = FACE_BOUND('',#9630,.T.);
#9630 = EDGE_LOOP('',(#9631,#9639,#9640,#9641));
#9631 = ORIENTED_EDGE('',*,*,#9632,.F.);
#9632 = EDGE_CURVE('',#9604,#9633,#9635,.T.);
#9633 = VERTEX_POINT('',#9634);
#9634 = CARTESIAN_POINT('',(0.532189164698,-2.8288717378E-02,
    0.699999999999));
#9635 = LINE('',#9636,#9637);
#9636 = CARTESIAN_POINT('',(0.532501092073,-2.8288717378E-02,
    0.699999999999));
#9637 = VECTOR('',#9638,1.);
#9638 = DIRECTION('',(-1.,0.,0.));
#9639 = ORIENTED_EDGE('',*,*,#9614,.F.);
#9640 = ORIENTED_EDGE('',*,*,#9381,.T.);
#9641 = ORIENTED_EDGE('',*,*,#9642,.T.);
#9642 = EDGE_CURVE('',#9373,#9633,#9643,.T.);
#9643 = LINE('',#9644,#9645);
#9644 = CARTESIAN_POINT('',(0.532189164698,-2.8288717378E-02,0.701));
#9645 = VECTOR('',#9646,1.);
#9646 = DIRECTION('',(0.,0.,-1.));
#9647 = PLANE('',#9648);
#9648 = AXIS2_PLACEMENT_3D('',#9649,#9650,#9651);
#9649 = CARTESIAN_POINT('',(0.532501092073,-2.8288717378E-02,0.701));
#9650 = DIRECTION('',(0.,-1.,0.));
#9651 = DIRECTION('',(0.,0.,-1.));
#9652 = ADVANCED_FACE('',(#9653),#9672,.T.);
#9653 = FACE_BOUND('',#9654,.T.);
#9654 = EDGE_LOOP('',(#9655,#9664,#9665,#9666));
#9655 = ORIENTED_EDGE('',*,*,#9656,.F.);
#9656 = EDGE_CURVE('',#9633,#9657,#9659,.T.);
#9657 = VERTEX_POINT('',#9658);
#9658 = CARTESIAN_POINT('',(0.530525552031,-3.5411059104E-02,
    0.699999999999));
#9659 = B_SPLINE_CURVE_WITH_KNOTS('',3,(#9660,#9661,#9662,#9663),
  .UNSPECIFIED.,.F.,.F.,(4,4),(3.,4.),.PIECEWISE_BEZIER_KNOTS.);
#9660 = CARTESIAN_POINT('',(0.532189164698,-2.8288717378E-02,
    0.699999999999));
#9661 = CARTESIAN_POINT('',(0.531695279687,-3.1356003231E-02,
    0.699999999999));
#9662 = CARTESIAN_POINT('',(0.531149406782,-3.3747446439E-02,
    0.699999999999));
#9663 = CARTESIAN_POINT('',(0.530525552031,-3.5411059104E-02,
    0.699999999999));
#9664 = ORIENTED_EDGE('',*,*,#9642,.F.);
#9665 = ORIENTED_EDGE('',*,*,#9372,.T.);
#9666 = ORIENTED_EDGE('',*,*,#9667,.T.);
#9667 = EDGE_CURVE('',#9365,#9657,#9668,.T.);
#9668 = LINE('',#9669,#9670);
#9669 = CARTESIAN_POINT('',(0.530525552031,-3.5411059104E-02,0.701));
#9670 = VECTOR('',#9671,1.);
#9671 = DIRECTION('',(0.,0.,-1.));
#9672 = B_SPLINE_SURFACE_WITH_KNOTS('',3,1,(
    (#9673,#9674)
    ,(#9675,#9676)
    ,(#9677,#9678)
    ,(#9679,#9680
    )),.UNSPECIFIED.,.F.,.F.,.F.,(4,4),(2,2),(3.,4.),(0.,1.),
  .PIECEWISE_BEZIER_KNOTS.);
#9673 = CARTESIAN_POINT('',(0.532189164698,-2.8288717378E-02,0.701));
#9674 = CARTESIAN_POINT('',(0.532189164698,-2.8288717378E-02,
    0.699999999999));
#9675 = CARTESIAN_POINT('',(0.531695279687,-3.1356003231E-02,0.701));
#9676 = CARTESIAN_POINT('',(0.531695279687,-3.1356003231E-02,
    0.699999999999));
#9677 = CARTESIAN_POINT('',(0.531149406782,-3.3747446439E-02,0.701));
#9678 = CARTESIAN_POINT('',(0.531149406782,-3.3747446439E-02,
    0.699999999999));
#9679 = CARTESIAN_POINT('',(0.530525552031,-3.5411059104E-02,0.701));
#9680 = CARTESIAN_POINT('',(0.530525552031,-3.5411059104E-02,
    0.699999999999));
#9681 = ADVANCED_FACE('',(#9682),#9693,.T.);
#9682 = FACE_BOUND('',#9683,.T.);
#9683 = EDGE_LOOP('',(#9684,#9690,#9691,#9692));
#9684 = ORIENTED_EDGE('',*,*,#9685,.F.);
#9685 = EDGE_CURVE('',#9657,#9549,#9686,.T.);
#9686 = LINE('',#9687,#9688);
#9687 = CARTESIAN_POINT('',(0.530525552031,-3.5411059104E-02,
    0.699999999999));
#9688 = VECTOR('',#9689,1.);
#9689 = DIRECTION('',(-0.338535034295,-0.940953787683,0.));
#9690 = ORIENTED_EDGE('',*,*,#9667,.F.);
#9691 = ORIENTED_EDGE('',*,*,#9364,.T.);
#9692 = ORIENTED_EDGE('',*,*,#9558,.T.);
#9693 = PLANE('',#9694);
#9694 = AXIS2_PLACEMENT_3D('',#9695,#9696,#9697);
#9695 = CARTESIAN_POINT('',(0.530525552031,-3.5411059104E-02,0.701));
#9696 = DIRECTION('',(0.940953787683,-0.338535034295,0.));
#9697 = DIRECTION('',(0.338535034295,0.940953787683,0.));
#9698 = ADVANCED_FACE('',(#9699),#9707,.T.);
#9699 = FACE_BOUND('',#9700,.T.);
#9700 = EDGE_LOOP('',(#9701,#9702,#9703,#9704,#9705,#9706));
#9701 = ORIENTED_EDGE('',*,*,#9548,.T.);
#9702 = ORIENTED_EDGE('',*,*,#9579,.T.);
#9703 = ORIENTED_EDGE('',*,*,#9603,.T.);
#9704 = ORIENTED_EDGE('',*,*,#9632,.T.);
#9705 = ORIENTED_EDGE('',*,*,#9656,.T.);
#9706 = ORIENTED_EDGE('',*,*,#9685,.T.);
#9707 = PLANE('',#9708);
#9708 = AXIS2_PLACEMENT_3D('',#9709,#9710,#9711);
#9709 = CARTESIAN_POINT('',(1.325,-0.974999999999,0.699999999999));
#9710 = DIRECTION('',(0.,0.,1.));
#9711 = DIRECTION('',(1.,0.,-0.));
#9712 = ADVANCED_FACE('',(#9713,#10007),#10032,.F.);
#9713 = FACE_BOUND('',#9714,.T.);
#9714 = EDGE_LOOP('',(#9715,#9726,#9735,#9744,#9753,#9762,#9771,#9780,
    #9789,#9798,#9807,#9816,#9825,#9834,#9842,#9850,#9858,#9867,#9876,
    #9885,#9894,#9903,#9912,#9921,#9930,#9939,#9948,#9956,#9965,#9974,
    #9983,#9991,#10000));
#9715 = ORIENTED_EDGE('',*,*,#9716,.T.);
#9716 = EDGE_CURVE('',#9717,#9719,#9721,.T.);
#9717 = VERTEX_POINT('',#9718);
#9718 = CARTESIAN_POINT('',(-4.0349687972E-02,-1.611363742E-02,0.701));
#9719 = VERTEX_POINT('',#9720);
#9720 = CARTESIAN_POINT('',(-0.111926036367,7.859849743E-02,0.701));
#9721 = B_SPLINE_CURVE_WITH_KNOTS('',3,(#9722,#9723,#9724,#9725),
  .UNSPECIFIED.,.F.,.F.,(4,4),(35.,36.),.PIECEWISE_BEZIER_KNOTS.);
#9722 = CARTESIAN_POINT('',(-4.0349687972E-02,-1.611363742E-02,0.701));
#9723 = CARTESIAN_POINT('',(-4.1072670525E-02,2.7265950116E-02,0.701));
#9724 = CARTESIAN_POINT('',(-7.071542407E-02,6.558461841E-02,0.701));
#9725 = CARTESIAN_POINT('',(-0.111926036367,7.859849743E-02,0.701));
#9726 = ORIENTED_EDGE('',*,*,#9727,.T.);
#9727 = EDGE_CURVE('',#9719,#9728,#9730,.T.);
#9728 = VERTEX_POINT('',#9729);
#9729 = CARTESIAN_POINT('',(-0.150967701004,0.135714991357,0.701));
#9730 = B_SPLINE_CURVE_WITH_KNOTS('',3,(#9731,#9732,#9733,#9734),
  .UNSPECIFIED.,.F.,.F.,(4,4),(0.,1.),.PIECEWISE_BEZIER_KNOTS.);
#9731 = CARTESIAN_POINT('',(-0.111926036367,7.859849743E-02,0.701));
#9732 = CARTESIAN_POINT('',(-0.119878954773,0.100288304988,0.701));
#9733 = CARTESIAN_POINT('',(-0.133615843926,0.119809130412,0.701));
#9734 = CARTESIAN_POINT('',(-0.150967701004,0.135714991357,0.701));
#9735 = ORIENTED_EDGE('',*,*,#9736,.T.);
#9736 = EDGE_CURVE('',#9728,#9737,#9739,.T.);
#9737 = VERTEX_POINT('',#9738);
#9738 = CARTESIAN_POINT('',(-0.249294817572,0.17331065986,0.701));
#9739 = B_SPLINE_CURVE_WITH_KNOTS('',3,(#9740,#9741,#9742,#9743),
  .UNSPECIFIED.,.F.,.F.,(4,4),(1.,2.),.PIECEWISE_BEZIER_KNOTS.);
#9740 = CARTESIAN_POINT('',(-0.150967701004,0.135714991357,0.701));
#9741 = CARTESIAN_POINT('',(-0.178441451729,0.159573781912,0.701));
#9742 = CARTESIAN_POINT('',(-0.213145138307,0.17331065986,0.701));
#9743 = CARTESIAN_POINT('',(-0.249294817572,0.17331065986,0.701));
#9744 = ORIENTED_EDGE('',*,*,#9745,.T.);
#9745 = EDGE_CURVE('',#9737,#9746,#9748,.T.);
#9746 = VERTEX_POINT('',#9747);
#9747 = CARTESIAN_POINT('',(-0.336054047806,0.145113909344,0.701));
#9748 = B_SPLINE_CURVE_WITH_KNOTS('',3,(#9749,#9750,#9751,#9752),
  .UNSPECIFIED.,.F.,.F.,(4,4),(2.,3.),.PIECEWISE_BEZIER_KNOTS.);
#9749 = CARTESIAN_POINT('',(-0.249294817572,0.17331065986,0.701));
#9750 = CARTESIAN_POINT('',(-0.281106532566,0.17331065986,0.701));
#9751 = CARTESIAN_POINT('',(-0.310749272321,0.163188749839,0.701));
#9752 = CARTESIAN_POINT('',(-0.336054047806,0.145113909344,0.701));
#9753 = ORIENTED_EDGE('',*,*,#9754,.T.);
#9754 = EDGE_CURVE('',#9746,#9755,#9757,.T.);
#9755 = VERTEX_POINT('',#9756);
#9756 = CARTESIAN_POINT('',(-0.367865762801,0.113302190903,0.701));
#9757 = B_SPLINE_CURVE_WITH_KNOTS('',3,(#9758,#9759,#9760,#9761),
  .UNSPECIFIED.,.F.,.F.,(4,4),(3.,4.),.PIECEWISE_BEZIER_KNOTS.);
#9758 = CARTESIAN_POINT('',(-0.336054047806,0.145113909344,0.701));
#9759 = CARTESIAN_POINT('',(-0.348344944272,0.136437984252,0.701));
#9760 = CARTESIAN_POINT('',(-0.358466851708,0.125593080474,0.701));
#9761 = CARTESIAN_POINT('',(-0.367865762801,0.113302190903,0.701));
#9762 = ORIENTED_EDGE('',*,*,#9763,.T.);
#9763 = EDGE_CURVE('',#9755,#9764,#9766,.T.);
#9764 = VERTEX_POINT('',#9765);
#9765 = CARTESIAN_POINT('',(-0.384494609746,0.114748176694,0.701));
#9766 = B_SPLINE_CURVE_WITH_KNOTS('',3,(#9767,#9768,#9769,#9770),
  .UNSPECIFIED.,.F.,.F.,(4,4),(4.,5.),.PIECEWISE_BEZIER_KNOTS.);
#9767 = CARTESIAN_POINT('',(-0.367865762801,0.113302190903,0.701));
#9768 = CARTESIAN_POINT('',(-0.373649705967,0.114025187246,0.701));
#9769 = CARTESIAN_POINT('',(-0.37871066658,0.114748176694,0.701));
#9770 = CARTESIAN_POINT('',(-0.384494609746,0.114748176694,0.701));
#9771 = ORIENTED_EDGE('',*,*,#9772,.T.);
#9772 = EDGE_CURVE('',#9764,#9773,#9775,.T.);
#9773 = VERTEX_POINT('',#9774);
#9774 = CARTESIAN_POINT('',(-0.467638872054,8.0044483221E-02,0.701));
#9775 = B_SPLINE_CURVE_WITH_KNOTS('',3,(#9776,#9777,#9778,#9779),
  .UNSPECIFIED.,.F.,.F.,(4,4),(5.,6.),.PIECEWISE_BEZIER_KNOTS.);
#9776 = CARTESIAN_POINT('',(-0.384494609746,0.114748176694,0.701));
#9777 = CARTESIAN_POINT('',(-0.415583335293,0.114748176694,0.701));
#9778 = CARTESIAN_POINT('',(-0.445226068152,0.102457287124,0.701));
#9779 = CARTESIAN_POINT('',(-0.467638872054,8.0044483221E-02,0.701));
#9780 = ORIENTED_EDGE('',*,*,#9781,.T.);
#9781 = EDGE_CURVE('',#9773,#9782,#9784,.T.);
#9782 = VERTEX_POINT('',#9783);
#9783 = CARTESIAN_POINT('',(-0.501619589869,-2.376775847E-03,0.701));
#9784 = B_SPLINE_CURVE_WITH_KNOTS('',3,(#9785,#9786,#9787,#9788),
  .UNSPECIFIED.,.F.,.F.,(4,4),(6.,7.),.PIECEWISE_BEZIER_KNOTS.);
#9785 = CARTESIAN_POINT('',(-0.467638872054,8.0044483221E-02,0.701));
#9786 = CARTESIAN_POINT('',(-0.489328698574,5.8354682558E-02,0.701));
#9787 = CARTESIAN_POINT('',(-0.501619589869,2.8711942803E-02,0.701));
#9788 = CARTESIAN_POINT('',(-0.501619589869,-2.376775847E-03,0.701));
#9789 = ORIENTED_EDGE('',*,*,#9790,.T.);
#9790 = EDGE_CURVE('',#9782,#9791,#9793,.T.);
#9791 = VERTEX_POINT('',#9792);
#9792 = CARTESIAN_POINT('',(-0.471253860665,-8.1183060096E-02,0.701));
#9793 = B_SPLINE_CURVE_WITH_KNOTS('',3,(#9794,#9795,#9796,#9797),
  .UNSPECIFIED.,.F.,.F.,(4,4),(7.,8.),.PIECEWISE_BEZIER_KNOTS.);
#9794 = CARTESIAN_POINT('',(-0.501619589869,-2.376775847E-03,0.701));
#9795 = CARTESIAN_POINT('',(-0.501619589869,-3.1296519259E-02,0.701));
#9796 = CARTESIAN_POINT('',(-0.49077468609,-5.9493280117E-02,0.701));
#9797 = CARTESIAN_POINT('',(-0.471253860665,-8.1183060096E-02,0.701));
#9798 = ORIENTED_EDGE('',*,*,#9799,.T.);
#9799 = EDGE_CURVE('',#9791,#9800,#9802,.T.);
#9800 = VERTEX_POINT('',#9801);
#9801 = CARTESIAN_POINT('',(-0.413414373843,-0.115886746673,0.701));
#9802 = B_SPLINE_CURVE_WITH_KNOTS('',3,(#9803,#9804,#9805,#9806),
  .UNSPECIFIED.,.F.,.F.,(4,4),(8.,9.),.PIECEWISE_BEZIER_KNOTS.);
#9803 = CARTESIAN_POINT('',(-0.471253860665,-8.1183060096E-02,0.701));
#9804 = CARTESIAN_POINT('',(-0.455348003168,-9.8534917175E-02,0.701));
#9805 = CARTESIAN_POINT('',(-0.43582717085,-0.110102803507,0.701));
#9806 = CARTESIAN_POINT('',(-0.413414373843,-0.115886746673,0.701));
#9807 = ORIENTED_EDGE('',*,*,#9808,.T.);
#9808 = EDGE_CURVE('',#9800,#9809,#9811,.T.);
#9809 = VERTEX_POINT('',#9810);
#9810 = CARTESIAN_POINT('',(-0.344729976345,-0.165050304957,0.701));
#9811 = B_SPLINE_CURVE_WITH_KNOTS('',3,(#9812,#9813,#9814,#9815),
  .UNSPECIFIED.,.F.,.F.,(4,4),(9.,10.),.PIECEWISE_BEZIER_KNOTS.);
#9812 = CARTESIAN_POINT('',(-0.413414373843,-0.115886746673,0.701));
#9813 = CARTESIAN_POINT('',(-0.404015455855,-0.144806490085,0.701));
#9814 = CARTESIAN_POINT('',(-0.37654170513,-0.165050304957,0.701));
#9815 = CARTESIAN_POINT('',(-0.344729976345,-0.165050304957,0.701));
#9816 = ORIENTED_EDGE('',*,*,#9817,.T.);
#9817 = EDGE_CURVE('',#9809,#9818,#9820,.T.);
#9818 = VERTEX_POINT('',#9819);
#9819 = CARTESIAN_POINT('',(-0.272430617817,-9.2750946429E-02,0.701));
#9820 = B_SPLINE_CURVE_WITH_KNOTS('',3,(#9821,#9822,#9823,#9824),
  .UNSPECIFIED.,.F.,.F.,(4,4),(10.,11.),.PIECEWISE_BEZIER_KNOTS.);
#9821 = CARTESIAN_POINT('',(-0.344729976345,-0.165050304957,0.701));
#9822 = CARTESIAN_POINT('',(-0.304965329155,-0.165050304957,0.701));
#9823 = CARTESIAN_POINT('',(-0.272430617817,-0.132515593619,0.701));
#9824 = CARTESIAN_POINT('',(-0.272430617817,-9.2750946429E-02,0.701));
#9825 = ORIENTED_EDGE('',*,*,#9826,.T.);
#9826 = EDGE_CURVE('',#9818,#9827,#9829,.T.);
#9827 = VERTEX_POINT('',#9828);
#9828 = CARTESIAN_POINT('',(-0.272430617817,-8.5521010575E-02,0.701));
#9829 = B_SPLINE_CURVE_WITH_KNOTS('',3,(#9830,#9831,#9832,#9833),
  .UNSPECIFIED.,.F.,.F.,(4,4),(11.,12.),.PIECEWISE_BEZIER_KNOTS.);
#9830 = CARTESIAN_POINT('',(-0.272430617817,-9.2750946429E-02,0.701));
#9831 = CARTESIAN_POINT('',(-0.272430617817,-9.0581971188E-02,0.701));
#9832 = CARTESIAN_POINT('',(-0.272430617817,-8.8412995948E-02,0.701));
#9833 = CARTESIAN_POINT('',(-0.272430617817,-8.5521010575E-02,0.701));
#9834 = ORIENTED_EDGE('',*,*,#9835,.T.);
#9835 = EDGE_CURVE('',#9827,#9836,#9838,.T.);
#9836 = VERTEX_POINT('',#9837);
#9837 = CARTESIAN_POINT('',(-0.171211515876,-3.2019488022E-02,0.701));
#9838 = LINE('',#9839,#9840);
#9839 = CARTESIAN_POINT('',(-0.272430617817,-8.5521010575E-02,0.701));
#9840 = VECTOR('',#9841,1.);
#9841 = DIRECTION('',(0.884094950248,0.467307306754,0.));
#9842 = ORIENTED_EDGE('',*,*,#9843,.T.);
#9843 = EDGE_CURVE('',#9836,#9844,#9846,.T.);
#9844 = VERTEX_POINT('',#9845);
#9845 = CARTESIAN_POINT('',(-0.193624305989,6.299180271E-03,0.701));
#9846 = LINE('',#9847,#9848);
#9847 = CARTESIAN_POINT('',(-0.171211515876,-3.2019488022E-02,0.701));
#9848 = VECTOR('',#9849,1.);
#9849 = DIRECTION('',(-0.504883048649,0.863187758942,0.));
#9850 = ORIENTED_EDGE('',*,*,#9851,.T.);
#9851 = EDGE_CURVE('',#9844,#9852,#9854,.T.);
#9852 = VERTEX_POINT('',#9853);
#9853 = CARTESIAN_POINT('',(-0.290505443659,-4.4310370698E-02,0.701));
#9854 = LINE('',#9855,#9856);
#9855 = CARTESIAN_POINT('',(-0.193624305989,6.299180271E-03,0.701));
#9856 = VECTOR('',#9857,1.);
#9857 = DIRECTION('',(-0.886348842796,-0.463018065387,0.));
#9858 = ORIENTED_EDGE('',*,*,#9859,.T.);
#9859 = EDGE_CURVE('',#9852,#9860,#9862,.T.);
#9860 = VERTEX_POINT('',#9861);
#9861 = CARTESIAN_POINT('',(-0.344729962555,-1.9728591556E-02,0.701));
#9862 = B_SPLINE_CURVE_WITH_KNOTS('',3,(#9863,#9864,#9865,#9866),
  .UNSPECIFIED.,.F.,.F.,(4,4),(15.,16.),.PIECEWISE_BEZIER_KNOTS.);
#9863 = CARTESIAN_POINT('',(-0.290505443659,-4.4310370698E-02,0.701));
#9864 = CARTESIAN_POINT('',(-0.303519322678,-2.9127502649E-02,0.701));
#9865 = CARTESIAN_POINT('',(-0.323040154997,-1.9728591556E-02,0.701));
#9866 = CARTESIAN_POINT('',(-0.344729962555,-1.9728591556E-02,0.701));
#9867 = ORIENTED_EDGE('',*,*,#9868,.T.);
#9868 = EDGE_CURVE('',#9860,#9869,#9871,.T.);
#9869 = VERTEX_POINT('',#9870);
#9870 = CARTESIAN_POINT('',(-0.412691356814,-6.7446170943E-02,0.701));
#9871 = B_SPLINE_CURVE_WITH_KNOTS('',3,(#9872,#9873,#9874,#9875),
  .UNSPECIFIED.,.F.,.F.,(4,4),(16.,17.),.PIECEWISE_BEZIER_KNOTS.);
#9872 = CARTESIAN_POINT('',(-0.344729962555,-1.9728591556E-02,0.701));
#9873 = CARTESIAN_POINT('',(-0.375818694997,-1.9728591556E-02,0.701));
#9874 = CARTESIAN_POINT('',(-0.402569449378,-3.9972406428E-02,0.701));
#9875 = CARTESIAN_POINT('',(-0.412691356814,-6.7446170943E-02,0.701));
#9876 = ORIENTED_EDGE('',*,*,#9877,.T.);
#9877 = EDGE_CURVE('',#9869,#9878,#9880,.T.);
#9878 = VERTEX_POINT('',#9879);
#9879 = CARTESIAN_POINT('',(-0.456070971932,-9.30755581E-04,0.701));
#9880 = B_SPLINE_CURVE_WITH_KNOTS('',3,(#9881,#9882,#9883,#9884),
  .UNSPECIFIED.,.F.,.F.,(4,4),(17.,18.),.PIECEWISE_BEZIER_KNOTS.);
#9881 = CARTESIAN_POINT('',(-0.412691356814,-6.7446170943E-02,0.701));
#9882 = CARTESIAN_POINT('',(-0.437996132299,-5.5878270821E-02,0.701));
#9883 = CARTESIAN_POINT('',(-0.456070971932,-3.0573495336E-02,0.701));
#9884 = CARTESIAN_POINT('',(-0.456070971932,-9.30755581E-04,0.701));
#9885 = ORIENTED_EDGE('',*,*,#9886,.T.);
#9886 = EDGE_CURVE('',#9878,#9887,#9889,.T.);
#9887 = VERTEX_POINT('',#9888);
#9888 = CARTESIAN_POINT('',(-0.383771613403,7.1368602947E-02,0.701));
#9889 = B_SPLINE_CURVE_WITH_KNOTS('',3,(#9890,#9891,#9892,#9893),
  .UNSPECIFIED.,.F.,.F.,(4,4),(18.,19.),.PIECEWISE_BEZIER_KNOTS.);
#9890 = CARTESIAN_POINT('',(-0.456070971932,-9.30755581E-04,0.701));
#9891 = CARTESIAN_POINT('',(-0.456070971932,3.8833891609E-02,0.701));
#9892 = CARTESIAN_POINT('',(-0.423536260594,7.1368602947E-02,0.701));
#9893 = CARTESIAN_POINT('',(-0.383771613403,7.1368602947E-02,0.701));
#9894 = ORIENTED_EDGE('',*,*,#9895,.T.);
#9895 = EDGE_CURVE('',#9887,#9896,#9898,.T.);
#9896 = VERTEX_POINT('',#9897);
#9897 = CARTESIAN_POINT('',(-0.345452958899,6.0523699167E-02,0.701));
#9898 = B_SPLINE_CURVE_WITH_KNOTS('',3,(#9899,#9900,#9901,#9902),
  .UNSPECIFIED.,.F.,.F.,(4,4),(19.,20.),.PIECEWISE_BEZIER_KNOTS.);
#9899 = CARTESIAN_POINT('',(-0.383771613403,7.1368602947E-02,0.701));
#9900 = CARTESIAN_POINT('',(-0.37003473804,7.1368602947E-02,0.701));
#9901 = CARTESIAN_POINT('',(-0.356297862678,6.7030638677E-02,0.701));
#9902 = CARTESIAN_POINT('',(-0.345452958899,6.0523699167E-02,0.701));
#9903 = ORIENTED_EDGE('',*,*,#9904,.T.);
#9904 = EDGE_CURVE('',#9896,#9905,#9907,.T.);
#9905 = VERTEX_POINT('',#9906);
#9906 = CARTESIAN_POINT('',(-0.248571835018,0.129931044743,0.701));
#9907 = B_SPLINE_CURVE_WITH_KNOTS('',3,(#9908,#9909,#9910,#9911),
  .UNSPECIFIED.,.F.,.F.,(4,4),(20.,21.),.PIECEWISE_BEZIER_KNOTS.);
#9908 = CARTESIAN_POINT('',(-0.345452958899,6.0523699167E-02,0.701));
#9909 = CARTESIAN_POINT('',(-0.331716097326,0.101011301332,0.701));
#9910 = CARTESIAN_POINT('',(-0.294120425375,0.129931044743,0.701));
#9911 = CARTESIAN_POINT('',(-0.248571835018,0.129931044743,0.701));
#9912 = ORIENTED_EDGE('',*,*,#9913,.T.);
#9913 = EDGE_CURVE('',#9905,#9914,#9916,.T.);
#9914 = VERTEX_POINT('',#9915);
#9915 = CARTESIAN_POINT('',(-0.147352733078,3.9556846582E-02,0.701));
#9916 = B_SPLINE_CURVE_WITH_KNOTS('',3,(#9917,#9918,#9919,#9920),
  .UNSPECIFIED.,.F.,.F.,(4,4),(21.,22.),.PIECEWISE_BEZIER_KNOTS.);
#9917 = CARTESIAN_POINT('',(-0.248571835018,0.129931044743,0.701));
#9918 = CARTESIAN_POINT('',(-0.196516291361,0.129931044743,0.701));
#9919 = CARTESIAN_POINT('',(-0.153136676244,9.0166397552E-02,0.701));
#9920 = CARTESIAN_POINT('',(-0.147352733078,3.9556846582E-02,0.701));
#9921 = ORIENTED_EDGE('',*,*,#9922,.T.);
#9922 = EDGE_CURVE('',#9914,#9923,#9925,.T.);
#9923 = VERTEX_POINT('',#9924);
#9924 = CARTESIAN_POINT('',(-0.141568789912,3.9556846582E-02,0.701));
#9925 = B_SPLINE_CURVE_WITH_KNOTS('',3,(#9926,#9927,#9928,#9929),
  .UNSPECIFIED.,.F.,.F.,(4,4),(22.,23.),.PIECEWISE_BEZIER_KNOTS.);
#9926 = CARTESIAN_POINT('',(-0.147352733078,3.9556846582E-02,0.701));
#9927 = CARTESIAN_POINT('',(-0.145183757838,3.9556846582E-02,0.701));
#9928 = CARTESIAN_POINT('',(-0.143737765152,3.9556846582E-02,0.701));
#9929 = CARTESIAN_POINT('',(-0.141568789912,3.9556846582E-02,0.701));
#9930 = ORIENTED_EDGE('',*,*,#9931,.T.);
#9931 = EDGE_CURVE('',#9923,#9932,#9934,.T.);
#9932 = VERTEX_POINT('',#9933);
#9933 = CARTESIAN_POINT('',(-8.5175295775E-02,-1.6836647553E-02,0.701));
#9934 = B_SPLINE_CURVE_WITH_KNOTS('',3,(#9935,#9936,#9937,#9938),
  .UNSPECIFIED.,.F.,.F.,(4,4),(23.,24.),.PIECEWISE_BEZIER_KNOTS.);
#9935 = CARTESIAN_POINT('',(-0.141568789912,3.9556846582E-02,0.701));
#9936 = CARTESIAN_POINT('',(-0.11048007126,3.9556846582E-02,0.701));
#9937 = CARTESIAN_POINT('',(-8.5175295775E-02,1.4252071097E-02,0.701));
#9938 = CARTESIAN_POINT('',(-8.5175295775E-02,-1.6836647553E-02,0.701));
#9939 = ORIENTED_EDGE('',*,*,#9940,.T.);
#9940 = EDGE_CURVE('',#9932,#9941,#9943,.T.);
#9941 = VERTEX_POINT('',#9942);
#9942 = CARTESIAN_POINT('',(-0.137230839432,-7.3230141689E-02,0.701));
#9943 = B_SPLINE_CURVE_WITH_KNOTS('',3,(#9944,#9945,#9946,#9947),
  .UNSPECIFIED.,.F.,.F.,(4,4),(24.,25.),.PIECEWISE_BEZIER_KNOTS.);
#9944 = CARTESIAN_POINT('',(-8.5175295775E-02,-1.6836647553E-02,0.701));
#9945 = CARTESIAN_POINT('',(-8.5175295775E-02,-4.6479387308E-02,0.701));
#9946 = CARTESIAN_POINT('',(-0.107588085888,-7.1061166449E-02,0.701));
#9947 = CARTESIAN_POINT('',(-0.137230839432,-7.3230141689E-02,0.701));
#9948 = ORIENTED_EDGE('',*,*,#9949,.T.);
#9949 = EDGE_CURVE('',#9941,#9950,#9952,.T.);
#9950 = VERTEX_POINT('',#9951);
#9951 = CARTESIAN_POINT('',(-0.16976555077,-7.3230141689E-02,0.701));
#9952 = LINE('',#9953,#9954);
#9953 = CARTESIAN_POINT('',(-0.137230839432,-7.3230141689E-02,0.701));
#9954 = VECTOR('',#9955,1.);
#9955 = DIRECTION('',(-1.,0.,0.));
#9956 = ORIENTED_EDGE('',*,*,#9957,.T.);
#9957 = EDGE_CURVE('',#9950,#9958,#9960,.T.);
#9958 = VERTEX_POINT('',#9959);
#9959 = CARTESIAN_POINT('',(-0.17410350125,-7.2507159136E-02,0.701));
#9960 = B_SPLINE_CURVE_WITH_KNOTS('',3,(#9961,#9962,#9963,#9964),
  .UNSPECIFIED.,.F.,.F.,(4,4),(26.,27.),.PIECEWISE_BEZIER_KNOTS.);
#9961 = CARTESIAN_POINT('',(-0.16976555077,-7.3230141689E-02,0.701));
#9962 = CARTESIAN_POINT('',(-0.171211543456,-7.3230141689E-02,0.701));
#9963 = CARTESIAN_POINT('',(-0.172657536143,-7.2507159136E-02,0.701));
#9964 = CARTESIAN_POINT('',(-0.17410350125,-7.2507159136E-02,0.701));
#9965 = ORIENTED_EDGE('',*,*,#9966,.T.);
#9966 = EDGE_CURVE('',#9958,#9967,#9969,.T.);
#9967 = VERTEX_POINT('',#9968);
#9968 = CARTESIAN_POINT('',(-0.196516291361,-9.4919949248E-02,0.701));
#9969 = B_SPLINE_CURVE_WITH_KNOTS('',3,(#9970,#9971,#9972,#9973),
  .UNSPECIFIED.,.F.,.F.,(4,4),(27.,28.),.PIECEWISE_BEZIER_KNOTS.);
#9970 = CARTESIAN_POINT('',(-0.17410350125,-7.2507159136E-02,0.701));
#9971 = CARTESIAN_POINT('',(-0.186394397716,-7.2507159136E-02,0.701));
#9972 = CARTESIAN_POINT('',(-0.196516291361,-8.2629080362E-02,0.701));
#9973 = CARTESIAN_POINT('',(-0.196516291361,-9.4919949248E-02,0.701));
#9974 = ORIENTED_EDGE('',*,*,#9975,.T.);
#9975 = EDGE_CURVE('',#9967,#9976,#9978,.T.);
#9976 = VERTEX_POINT('',#9977);
#9977 = CARTESIAN_POINT('',(-0.175549466356,-0.11733273936,0.701));
#9978 = B_SPLINE_CURVE_WITH_KNOTS('',3,(#9979,#9980,#9981,#9982),
  .UNSPECIFIED.,.F.,.F.,(4,4),(28.,29.),.PIECEWISE_BEZIER_KNOTS.);
#9979 = CARTESIAN_POINT('',(-0.196516291361,-9.4919949248E-02,0.701));
#9980 = CARTESIAN_POINT('',(-0.196516291361,-0.106487835581,0.701));
#9981 = CARTESIAN_POINT('',(-0.187117380269,-0.116609756807,0.701));
#9982 = CARTESIAN_POINT('',(-0.175549466356,-0.11733273936,0.701));
#9983 = ORIENTED_EDGE('',*,*,#9984,.T.);
#9984 = EDGE_CURVE('',#9976,#9985,#9987,.T.);
#9985 = VERTEX_POINT('',#9986);
#9986 = CARTESIAN_POINT('',(-0.132892861372,-0.11733273936,0.701));
#9987 = LINE('',#9988,#9989);
#9988 = CARTESIAN_POINT('',(-0.175549466356,-0.11733273936,0.701));
#9989 = VECTOR('',#9990,1.);
#9990 = DIRECTION('',(1.,0.,0.));
#9991 = ORIENTED_EDGE('',*,*,#9992,.T.);
#9992 = EDGE_CURVE('',#9985,#9993,#9995,.T.);
#9993 = VERTEX_POINT('',#9994);
#9994 = CARTESIAN_POINT('',(-6.7100456144E-02,-8.4798028022E-02,0.701));
#9995 = B_SPLINE_CURVE_WITH_KNOTS('',3,(#9996,#9997,#9998,#9999),
  .UNSPECIFIED.,.F.,.F.,(4,4),(33.,34.),.PIECEWISE_BEZIER_KNOTS.);
#9996 = CARTESIAN_POINT('',(-0.132892861372,-0.11733273936,0.701));
#9997 = CARTESIAN_POINT('',(-0.107588085888,-0.11516376412,0.701));
#9998 = CARTESIAN_POINT('',(-8.4452285642E-02,-0.103595850207,0.701));
#9999 = CARTESIAN_POINT('',(-6.7100456144E-02,-8.4798028022E-02,0.701));
#10000 = ORIENTED_EDGE('',*,*,#10001,.T.);
#10001 = EDGE_CURVE('',#9993,#9717,#10002,.T.);
#10002 = B_SPLINE_CURVE_WITH_KNOTS('',3,(#10003,#10004,#10005,#10006),
  .UNSPECIFIED.,.F.,.F.,(4,4),(34.,35.),.PIECEWISE_BEZIER_KNOTS.);
#10003 = CARTESIAN_POINT('',(-6.7100456144E-02,-8.4798028022E-02,0.701)
  );
#10004 = CARTESIAN_POINT('',(-4.9748599064E-02,-6.6000205837E-02,0.701)
  );
#10005 = CARTESIAN_POINT('',(-4.0349687972E-02,-4.1418412905E-02,0.701)
  );
#10006 = CARTESIAN_POINT('',(-4.0349687972E-02,-1.611363742E-02,0.701));
#10007 = FACE_BOUND('',#10008,.T.);
#10008 = EDGE_LOOP('',(#10009,#10023));
#10009 = ORIENTED_EDGE('',*,*,#10010,.F.);
#10010 = EDGE_CURVE('',#10011,#10013,#10015,.T.);
#10011 = VERTEX_POINT('',#10012);
#10012 = CARTESIAN_POINT('',(-0.345452972689,-0.121670745,0.701));
#10013 = VERTEX_POINT('',#10014);
#10014 = CARTESIAN_POINT('',(-0.345452972689,-6.5277223284E-02,0.701));
#10015 = B_SPLINE_CURVE_WITH_KNOTS('',3,(#10016,#10017,#10018,#10019,
    #10020,#10021,#10022),.UNSPECIFIED.,.F.,.F.,(4,3,4),(0.,1.,2.),
  .PIECEWISE_BEZIER_KNOTS.);
#10016 = CARTESIAN_POINT('',(-0.345452972689,-0.121670745,0.701));
#10017 = CARTESIAN_POINT('',(-0.329547122087,-0.121670745,0.701));
#10018 = CARTESIAN_POINT('',(-0.317256225621,-0.108656838401,0.701));
#10019 = CARTESIAN_POINT('',(-0.317256225621,-9.3473984142E-02,0.701));
#10020 = CARTESIAN_POINT('',(-0.317256225621,-7.7568119749E-02,0.701));
#10021 = CARTESIAN_POINT('',(-0.33027010464,-6.5277223284E-02,0.701));
#10022 = CARTESIAN_POINT('',(-0.345452972689,-6.5277223284E-02,0.701));
#10023 = ORIENTED_EDGE('',*,*,#10024,.F.);
#10024 = EDGE_CURVE('',#10013,#10011,#10025,.T.);
#10025 = B_SPLINE_CURVE_WITH_KNOTS('',3,(#10026,#10027,#10028,#10029,
    #10030,#10031),.UNSPECIFIED.,.F.,.F.,(4,2,4),(2.,3.,4.),
  .UNSPECIFIED.);
#10026 = CARTESIAN_POINT('',(-0.345452972689,-6.5277223284E-02,0.701));
#10027 = CARTESIAN_POINT('',(-0.360635840738,-6.5277223284E-02,0.701));
#10028 = CARTESIAN_POINT('',(-0.373649719757,-7.7568119749E-02,0.701));
#10029 = CARTESIAN_POINT('',(-0.373649719757,-0.109379848534,0.701));
#10030 = CARTESIAN_POINT('',(-0.360635840738,-0.121670745,0.701));
#10031 = CARTESIAN_POINT('',(-0.345452972689,-0.121670745,0.701));
#10032 = PLANE('',#10033);
#10033 = AXIS2_PLACEMENT_3D('',#10034,#10035,#10036);
#10034 = CARTESIAN_POINT('',(-6.0955001015E-02,4.2629570699E-02,0.701));
#10035 = DIRECTION('',(0.,0.,-1.));
#10036 = DIRECTION('',(-1.,0.,0.));
#10037 = ADVANCED_FACE('',(#10038),#10054,.F.);
#10038 = FACE_BOUND('',#10039,.F.);
#10039 = EDGE_LOOP('',(#10040,#10046,#10047,#10053));
#10040 = ORIENTED_EDGE('',*,*,#10041,.F.);
#10041 = EDGE_CURVE('',#9717,#1285,#10042,.T.);
#10042 = LINE('',#10043,#10044);
#10043 = CARTESIAN_POINT('',(-4.0349687972E-02,-1.611363742E-02,0.701));
#10044 = VECTOR('',#10045,1.);
#10045 = DIRECTION('',(0.,0.,-1.));
#10046 = ORIENTED_EDGE('',*,*,#9716,.T.);
#10047 = ORIENTED_EDGE('',*,*,#10048,.T.);
#10048 = EDGE_CURVE('',#9719,#1274,#10049,.T.);
#10049 = LINE('',#10050,#10051);
#10050 = CARTESIAN_POINT('',(-0.111926036367,7.859849743E-02,0.701));
#10051 = VECTOR('',#10052,1.);
#10052 = DIRECTION('',(0.,0.,-1.));
#10053 = ORIENTED_EDGE('',*,*,#1284,.F.);
#10054 = B_SPLINE_SURFACE_WITH_KNOTS('',3,1,(
    (#10055,#10056)
    ,(#10057,#10058)
    ,(#10059,#10060)
    ,(#10061,#10062
    )),.UNSPECIFIED.,.F.,.F.,.F.,(4,4),(2,2),(35.,36.),(0.,1.),
  .PIECEWISE_BEZIER_KNOTS.);
#10055 = CARTESIAN_POINT('',(-4.0349687972E-02,-1.611363742E-02,0.701));
#10056 = CARTESIAN_POINT('',(-4.0349687972E-02,-1.611363742E-02,
    0.699999999999));
#10057 = CARTESIAN_POINT('',(-4.1072670525E-02,2.7265950116E-02,0.701));
#10058 = CARTESIAN_POINT('',(-4.1072670525E-02,2.7265950116E-02,
    0.699999999999));
#10059 = CARTESIAN_POINT('',(-7.071542407E-02,6.558461841E-02,0.701));
#10060 = CARTESIAN_POINT('',(-7.071542407E-02,6.558461841E-02,
    0.699999999999));
#10061 = CARTESIAN_POINT('',(-0.111926036367,7.859849743E-02,0.701));
#10062 = CARTESIAN_POINT('',(-0.111926036367,7.859849743E-02,
    0.699999999999));
#10063 = ADVANCED_FACE('',(#10064),#10075,.F.);
#10064 = FACE_BOUND('',#10065,.F.);
#10065 = EDGE_LOOP('',(#10066,#10067,#10068,#10074));
#10066 = ORIENTED_EDGE('',*,*,#10048,.F.);
#10067 = ORIENTED_EDGE('',*,*,#9727,.T.);
#10068 = ORIENTED_EDGE('',*,*,#10069,.T.);
#10069 = EDGE_CURVE('',#9728,#1276,#10070,.T.);
#10070 = LINE('',#10071,#10072);
#10071 = CARTESIAN_POINT('',(-0.150967701004,0.135714991357,0.701));
#10072 = VECTOR('',#10073,1.);
#10073 = DIRECTION('',(0.,0.,-1.));
#10074 = ORIENTED_EDGE('',*,*,#1273,.F.);
#10075 = B_SPLINE_SURFACE_WITH_KNOTS('',3,1,(
    (#10076,#10077)
    ,(#10078,#10079)
    ,(#10080,#10081)
    ,(#10082,#10083
    )),.UNSPECIFIED.,.F.,.F.,.F.,(4,4),(2,2),(0.,1.),(0.,1.),
  .PIECEWISE_BEZIER_KNOTS.);
#10076 = CARTESIAN_POINT('',(-0.111926036367,7.859849743E-02,0.701));
#10077 = CARTESIAN_POINT('',(-0.111926036367,7.859849743E-02,
    0.699999999999));
#10078 = CARTESIAN_POINT('',(-0.119878954773,0.100288304988,0.701));
#10079 = CARTESIAN_POINT('',(-0.119878954773,0.100288304988,
    0.699999999999));
#10080 = CARTESIAN_POINT('',(-0.133615843926,0.119809130412,0.701));
#10081 = CARTESIAN_POINT('',(-0.133615843926,0.119809130412,
    0.699999999999));
#10082 = CARTESIAN_POINT('',(-0.150967701004,0.135714991357,0.701));
#10083 = CARTESIAN_POINT('',(-0.150967701004,0.135714991357,
    0.699999999999));
#10084 = ADVANCED_FACE('',(#10085),#10096,.F.);
#10085 = FACE_BOUND('',#10086,.F.);
#10086 = EDGE_LOOP('',(#10087,#10088,#10089,#10095));
#10087 = ORIENTED_EDGE('',*,*,#10069,.F.);
#10088 = ORIENTED_EDGE('',*,*,#9736,.T.);
#10089 = ORIENTED_EDGE('',*,*,#10090,.T.);
#10090 = EDGE_CURVE('',#9737,#1550,#10091,.T.);
#10091 = LINE('',#10092,#10093);
#10092 = CARTESIAN_POINT('',(-0.249294817572,0.17331065986,0.701));
#10093 = VECTOR('',#10094,1.);
#10094 = DIRECTION('',(0.,0.,-1.));
#10095 = ORIENTED_EDGE('',*,*,#1558,.F.);
#10096 = B_SPLINE_SURFACE_WITH_KNOTS('',3,1,(
    (#10097,#10098)
    ,(#10099,#10100)
    ,(#10101,#10102)
    ,(#10103,#10104
    )),.UNSPECIFIED.,.F.,.F.,.F.,(4,4),(2,2),(1.,2.),(0.,1.),
  .PIECEWISE_BEZIER_KNOTS.);
#10097 = CARTESIAN_POINT('',(-0.150967701004,0.135714991357,0.701));
#10098 = CARTESIAN_POINT('',(-0.150967701004,0.135714991357,
    0.699999999999));
#10099 = CARTESIAN_POINT('',(-0.178441451729,0.159573781912,0.701));
#10100 = CARTESIAN_POINT('',(-0.178441451729,0.159573781912,
    0.699999999999));
#10101 = CARTESIAN_POINT('',(-0.213145138307,0.17331065986,0.701));
#10102 = CARTESIAN_POINT('',(-0.213145138307,0.17331065986,
    0.699999999999));
#10103 = CARTESIAN_POINT('',(-0.249294817572,0.17331065986,0.701));
#10104 = CARTESIAN_POINT('',(-0.249294817572,0.17331065986,
    0.699999999999));
#10105 = ADVANCED_FACE('',(#10106),#10117,.F.);
#10106 = FACE_BOUND('',#10107,.F.);
#10107 = EDGE_LOOP('',(#10108,#10109,#10110,#10116));
#10108 = ORIENTED_EDGE('',*,*,#10090,.F.);
#10109 = ORIENTED_EDGE('',*,*,#9745,.T.);
#10110 = ORIENTED_EDGE('',*,*,#10111,.T.);
#10111 = EDGE_CURVE('',#9746,#1541,#10112,.T.);
#10112 = LINE('',#10113,#10114);
#10113 = CARTESIAN_POINT('',(-0.336054047806,0.145113909344,0.701));
#10114 = VECTOR('',#10115,1.);
#10115 = DIRECTION('',(0.,0.,-1.));
#10116 = ORIENTED_EDGE('',*,*,#1549,.F.);
#10117 = B_SPLINE_SURFACE_WITH_KNOTS('',3,1,(
    (#10118,#10119)
    ,(#10120,#10121)
    ,(#10122,#10123)
    ,(#10124,#10125
    )),.UNSPECIFIED.,.F.,.F.,.F.,(4,4),(2,2),(2.,3.),(0.,1.),
  .PIECEWISE_BEZIER_KNOTS.);
#10118 = CARTESIAN_POINT('',(-0.249294817572,0.17331065986,0.701));
#10119 = CARTESIAN_POINT('',(-0.249294817572,0.17331065986,
    0.699999999999));
#10120 = CARTESIAN_POINT('',(-0.281106532566,0.17331065986,0.701));
#10121 = CARTESIAN_POINT('',(-0.281106532566,0.17331065986,
    0.699999999999));
#10122 = CARTESIAN_POINT('',(-0.310749272321,0.163188749839,0.701));
#10123 = CARTESIAN_POINT('',(-0.310749272321,0.163188749839,
    0.699999999999));
#10124 = CARTESIAN_POINT('',(-0.336054047806,0.145113909344,0.701));
#10125 = CARTESIAN_POINT('',(-0.336054047806,0.145113909344,
    0.699999999999));
#10126 = ADVANCED_FACE('',(#10127),#10138,.F.);
#10127 = FACE_BOUND('',#10128,.F.);
#10128 = EDGE_LOOP('',(#10129,#10130,#10131,#10137));
#10129 = ORIENTED_EDGE('',*,*,#10111,.F.);
#10130 = ORIENTED_EDGE('',*,*,#9754,.T.);
#10131 = ORIENTED_EDGE('',*,*,#10132,.T.);
#10132 = EDGE_CURVE('',#9755,#1532,#10133,.T.);
#10133 = LINE('',#10134,#10135);
#10134 = CARTESIAN_POINT('',(-0.367865762801,0.113302190903,0.701));
#10135 = VECTOR('',#10136,1.);
#10136 = DIRECTION('',(0.,0.,-1.));
#10137 = ORIENTED_EDGE('',*,*,#1540,.F.);
#10138 = B_SPLINE_SURFACE_WITH_KNOTS('',3,1,(
    (#10139,#10140)
    ,(#10141,#10142)
    ,(#10143,#10144)
    ,(#10145,#10146
    )),.UNSPECIFIED.,.F.,.F.,.F.,(4,4),(2,2),(3.,4.),(0.,1.),
  .PIECEWISE_BEZIER_KNOTS.);
#10139 = CARTESIAN_POINT('',(-0.336054047806,0.145113909344,0.701));
#10140 = CARTESIAN_POINT('',(-0.336054047806,0.145113909344,
    0.699999999999));
#10141 = CARTESIAN_POINT('',(-0.348344944272,0.136437984252,0.701));
#10142 = CARTESIAN_POINT('',(-0.348344944272,0.136437984252,
    0.699999999999));
#10143 = CARTESIAN_POINT('',(-0.358466851708,0.125593080474,0.701));
#10144 = CARTESIAN_POINT('',(-0.358466851708,0.125593080474,
    0.699999999999));
#10145 = CARTESIAN_POINT('',(-0.367865762801,0.113302190903,0.701));
#10146 = CARTESIAN_POINT('',(-0.367865762801,0.113302190903,
    0.699999999999));
#10147 = ADVANCED_FACE('',(#10148),#10159,.F.);
#10148 = FACE_BOUND('',#10149,.F.);
#10149 = EDGE_LOOP('',(#10150,#10151,#10152,#10158));
#10150 = ORIENTED_EDGE('',*,*,#10132,.F.);
#10151 = ORIENTED_EDGE('',*,*,#9763,.T.);
#10152 = ORIENTED_EDGE('',*,*,#10153,.T.);
#10153 = EDGE_CURVE('',#9764,#1523,#10154,.T.);
#10154 = LINE('',#10155,#10156);
#10155 = CARTESIAN_POINT('',(-0.384494609746,0.114748176694,0.701));
#10156 = VECTOR('',#10157,1.);
#10157 = DIRECTION('',(0.,0.,-1.));
#10158 = ORIENTED_EDGE('',*,*,#1531,.F.);
#10159 = B_SPLINE_SURFACE_WITH_KNOTS('',3,1,(
    (#10160,#10161)
    ,(#10162,#10163)
    ,(#10164,#10165)
    ,(#10166,#10167
    )),.UNSPECIFIED.,.F.,.F.,.F.,(4,4),(2,2),(4.,5.),(0.,1.),
  .PIECEWISE_BEZIER_KNOTS.);
#10160 = CARTESIAN_POINT('',(-0.367865762801,0.113302190903,0.701));
#10161 = CARTESIAN_POINT('',(-0.367865762801,0.113302190903,
    0.699999999999));
#10162 = CARTESIAN_POINT('',(-0.373649705967,0.114025187246,0.701));
#10163 = CARTESIAN_POINT('',(-0.373649705967,0.114025187246,
    0.699999999999));
#10164 = CARTESIAN_POINT('',(-0.37871066658,0.114748176694,0.701));
#10165 = CARTESIAN_POINT('',(-0.37871066658,0.114748176694,
    0.699999999999));
#10166 = CARTESIAN_POINT('',(-0.384494609746,0.114748176694,0.701));
#10167 = CARTESIAN_POINT('',(-0.384494609746,0.114748176694,
    0.699999999999));
#10168 = ADVANCED_FACE('',(#10169),#10180,.F.);
#10169 = FACE_BOUND('',#10170,.F.);
#10170 = EDGE_LOOP('',(#10171,#10172,#10173,#10179));
#10171 = ORIENTED_EDGE('',*,*,#10153,.F.);
#10172 = ORIENTED_EDGE('',*,*,#9772,.T.);
#10173 = ORIENTED_EDGE('',*,*,#10174,.T.);
#10174 = EDGE_CURVE('',#9773,#1514,#10175,.T.);
#10175 = LINE('',#10176,#10177);
#10176 = CARTESIAN_POINT('',(-0.467638872054,8.0044483221E-02,0.701));
#10177 = VECTOR('',#10178,1.);
#10178 = DIRECTION('',(0.,0.,-1.));
#10179 = ORIENTED_EDGE('',*,*,#1522,.F.);
#10180 = B_SPLINE_SURFACE_WITH_KNOTS('',3,1,(
    (#10181,#10182)
    ,(#10183,#10184)
    ,(#10185,#10186)
    ,(#10187,#10188
    )),.UNSPECIFIED.,.F.,.F.,.F.,(4,4),(2,2),(5.,6.),(0.,1.),
  .PIECEWISE_BEZIER_KNOTS.);
#10181 = CARTESIAN_POINT('',(-0.384494609746,0.114748176694,0.701));
#10182 = CARTESIAN_POINT('',(-0.384494609746,0.114748176694,
    0.699999999999));
#10183 = CARTESIAN_POINT('',(-0.415583335293,0.114748176694,0.701));
#10184 = CARTESIAN_POINT('',(-0.415583335293,0.114748176694,
    0.699999999999));
#10185 = CARTESIAN_POINT('',(-0.445226068152,0.102457287124,0.701));
#10186 = CARTESIAN_POINT('',(-0.445226068152,0.102457287124,
    0.699999999999));
#10187 = CARTESIAN_POINT('',(-0.467638872054,8.0044483221E-02,0.701));
#10188 = CARTESIAN_POINT('',(-0.467638872054,8.0044483221E-02,
    0.699999999999));
#10189 = ADVANCED_FACE('',(#10190),#10201,.F.);
#10190 = FACE_BOUND('',#10191,.F.);
#10191 = EDGE_LOOP('',(#10192,#10193,#10194,#10200));
#10192 = ORIENTED_EDGE('',*,*,#10174,.F.);
#10193 = ORIENTED_EDGE('',*,*,#9781,.T.);
#10194 = ORIENTED_EDGE('',*,*,#10195,.T.);
#10195 = EDGE_CURVE('',#9782,#1505,#10196,.T.);
#10196 = LINE('',#10197,#10198);
#10197 = CARTESIAN_POINT('',(-0.501619589869,-2.376775847E-03,0.701));
#10198 = VECTOR('',#10199,1.);
#10199 = DIRECTION('',(0.,0.,-1.));
#10200 = ORIENTED_EDGE('',*,*,#1513,.F.);
#10201 = B_SPLINE_SURFACE_WITH_KNOTS('',3,1,(
    (#10202,#10203)
    ,(#10204,#10205)
    ,(#10206,#10207)
    ,(#10208,#10209
    )),.UNSPECIFIED.,.F.,.F.,.F.,(4,4),(2,2),(6.,7.),(0.,1.),
  .PIECEWISE_BEZIER_KNOTS.);
#10202 = CARTESIAN_POINT('',(-0.467638872054,8.0044483221E-02,0.701));
#10203 = CARTESIAN_POINT('',(-0.467638872054,8.0044483221E-02,
    0.699999999999));
#10204 = CARTESIAN_POINT('',(-0.489328698574,5.8354682558E-02,0.701));
#10205 = CARTESIAN_POINT('',(-0.489328698574,5.8354682558E-02,
    0.699999999999));
#10206 = CARTESIAN_POINT('',(-0.501619589869,2.8711942803E-02,0.701));
#10207 = CARTESIAN_POINT('',(-0.501619589869,2.8711942803E-02,
    0.699999999999));
#10208 = CARTESIAN_POINT('',(-0.501619589869,-2.376775847E-03,0.701));
#10209 = CARTESIAN_POINT('',(-0.501619589869,-2.376775847E-03,
    0.699999999999));
#10210 = ADVANCED_FACE('',(#10211),#10222,.F.);
#10211 = FACE_BOUND('',#10212,.F.);
#10212 = EDGE_LOOP('',(#10213,#10214,#10215,#10221));
#10213 = ORIENTED_EDGE('',*,*,#10195,.F.);
#10214 = ORIENTED_EDGE('',*,*,#9790,.T.);
#10215 = ORIENTED_EDGE('',*,*,#10216,.T.);
#10216 = EDGE_CURVE('',#9791,#1496,#10217,.T.);
#10217 = LINE('',#10218,#10219);
#10218 = CARTESIAN_POINT('',(-0.471253860665,-8.1183060096E-02,0.701));
#10219 = VECTOR('',#10220,1.);
#10220 = DIRECTION('',(0.,0.,-1.));
#10221 = ORIENTED_EDGE('',*,*,#1504,.F.);
#10222 = B_SPLINE_SURFACE_WITH_KNOTS('',3,1,(
    (#10223,#10224)
    ,(#10225,#10226)
    ,(#10227,#10228)
    ,(#10229,#10230
    )),.UNSPECIFIED.,.F.,.F.,.F.,(4,4),(2,2),(7.,8.),(0.,1.),
  .PIECEWISE_BEZIER_KNOTS.);
#10223 = CARTESIAN_POINT('',(-0.501619589869,-2.376775847E-03,0.701));
#10224 = CARTESIAN_POINT('',(-0.501619589869,-2.376775847E-03,
    0.699999999999));
#10225 = CARTESIAN_POINT('',(-0.501619589869,-3.1296519259E-02,0.701));
#10226 = CARTESIAN_POINT('',(-0.501619589869,-3.1296519259E-02,
    0.699999999999));
#10227 = CARTESIAN_POINT('',(-0.49077468609,-5.9493280117E-02,0.701));
#10228 = CARTESIAN_POINT('',(-0.49077468609,-5.9493280117E-02,
    0.699999999999));
#10229 = CARTESIAN_POINT('',(-0.471253860665,-8.1183060096E-02,0.701));
#10230 = CARTESIAN_POINT('',(-0.471253860665,-8.1183060096E-02,
    0.699999999999));
#10231 = ADVANCED_FACE('',(#10232),#10243,.F.);
#10232 = FACE_BOUND('',#10233,.F.);
#10233 = EDGE_LOOP('',(#10234,#10235,#10236,#10242));
#10234 = ORIENTED_EDGE('',*,*,#10216,.F.);
#10235 = ORIENTED_EDGE('',*,*,#9799,.T.);
#10236 = ORIENTED_EDGE('',*,*,#10237,.T.);
#10237 = EDGE_CURVE('',#9800,#1487,#10238,.T.);
#10238 = LINE('',#10239,#10240);
#10239 = CARTESIAN_POINT('',(-0.413414373843,-0.115886746673,0.701));
#10240 = VECTOR('',#10241,1.);
#10241 = DIRECTION('',(0.,0.,-1.));
#10242 = ORIENTED_EDGE('',*,*,#1495,.F.);
#10243 = B_SPLINE_SURFACE_WITH_KNOTS('',3,1,(
    (#10244,#10245)
    ,(#10246,#10247)
    ,(#10248,#10249)
    ,(#10250,#10251
    )),.UNSPECIFIED.,.F.,.F.,.F.,(4,4),(2,2),(8.,9.),(0.,1.),
  .PIECEWISE_BEZIER_KNOTS.);
#10244 = CARTESIAN_POINT('',(-0.471253860665,-8.1183060096E-02,0.701));
#10245 = CARTESIAN_POINT('',(-0.471253860665,-8.1183060096E-02,
    0.699999999999));
#10246 = CARTESIAN_POINT('',(-0.455348003168,-9.8534917175E-02,0.701));
#10247 = CARTESIAN_POINT('',(-0.455348003168,-9.8534917175E-02,
    0.699999999999));
#10248 = CARTESIAN_POINT('',(-0.43582717085,-0.110102803507,0.701));
#10249 = CARTESIAN_POINT('',(-0.43582717085,-0.110102803507,
    0.699999999999));
#10250 = CARTESIAN_POINT('',(-0.413414373843,-0.115886746673,0.701));
#10251 = CARTESIAN_POINT('',(-0.413414373843,-0.115886746673,
    0.699999999999));
#10252 = ADVANCED_FACE('',(#10253),#10264,.F.);
#10253 = FACE_BOUND('',#10254,.F.);
#10254 = EDGE_LOOP('',(#10255,#10256,#10257,#10263));
#10255 = ORIENTED_EDGE('',*,*,#10237,.F.);
#10256 = ORIENTED_EDGE('',*,*,#9808,.T.);
#10257 = ORIENTED_EDGE('',*,*,#10258,.T.);
#10258 = EDGE_CURVE('',#9809,#1478,#10259,.T.);
#10259 = LINE('',#10260,#10261);
#10260 = CARTESIAN_POINT('',(-0.344729976345,-0.165050304957,0.701));
#10261 = VECTOR('',#10262,1.);
#10262 = DIRECTION('',(0.,0.,-1.));
#10263 = ORIENTED_EDGE('',*,*,#1486,.F.);
#10264 = B_SPLINE_SURFACE_WITH_KNOTS('',3,1,(
    (#10265,#10266)
    ,(#10267,#10268)
    ,(#10269,#10270)
    ,(#10271,#10272
    )),.UNSPECIFIED.,.F.,.F.,.F.,(4,4),(2,2),(9.,10.),(0.,1.),
  .PIECEWISE_BEZIER_KNOTS.);
#10265 = CARTESIAN_POINT('',(-0.413414373843,-0.115886746673,0.701));
#10266 = CARTESIAN_POINT('',(-0.413414373843,-0.115886746673,
    0.699999999999));
#10267 = CARTESIAN_POINT('',(-0.404015455855,-0.144806490085,0.701));
#10268 = CARTESIAN_POINT('',(-0.404015455855,-0.144806490085,
    0.699999999999));
#10269 = CARTESIAN_POINT('',(-0.37654170513,-0.165050304957,0.701));
#10270 = CARTESIAN_POINT('',(-0.37654170513,-0.165050304957,
    0.699999999999));
#10271 = CARTESIAN_POINT('',(-0.344729976345,-0.165050304957,0.701));
#10272 = CARTESIAN_POINT('',(-0.344729976345,-0.165050304957,
    0.699999999999));
#10273 = ADVANCED_FACE('',(#10274),#10285,.F.);
#10274 = FACE_BOUND('',#10275,.F.);
#10275 = EDGE_LOOP('',(#10276,#10277,#10278,#10284));
#10276 = ORIENTED_EDGE('',*,*,#10258,.F.);
#10277 = ORIENTED_EDGE('',*,*,#9817,.T.);
#10278 = ORIENTED_EDGE('',*,*,#10279,.T.);
#10279 = EDGE_CURVE('',#9818,#1469,#10280,.T.);
#10280 = LINE('',#10281,#10282);
#10281 = CARTESIAN_POINT('',(-0.272430617817,-9.2750946429E-02,0.701));
#10282 = VECTOR('',#10283,1.);
#10283 = DIRECTION('',(0.,0.,-1.));
#10284 = ORIENTED_EDGE('',*,*,#1477,.F.);
#10285 = B_SPLINE_SURFACE_WITH_KNOTS('',3,1,(
    (#10286,#10287)
    ,(#10288,#10289)
    ,(#10290,#10291)
    ,(#10292,#10293
    )),.UNSPECIFIED.,.F.,.F.,.F.,(4,4),(2,2),(10.,11.),(0.,1.),
  .PIECEWISE_BEZIER_KNOTS.);
#10286 = CARTESIAN_POINT('',(-0.344729976345,-0.165050304957,0.701));
#10287 = CARTESIAN_POINT('',(-0.344729976345,-0.165050304957,
    0.699999999999));
#10288 = CARTESIAN_POINT('',(-0.304965329155,-0.165050304957,0.701));
#10289 = CARTESIAN_POINT('',(-0.304965329155,-0.165050304957,
    0.699999999999));
#10290 = CARTESIAN_POINT('',(-0.272430617817,-0.132515593619,0.701));
#10291 = CARTESIAN_POINT('',(-0.272430617817,-0.132515593619,
    0.699999999999));
#10292 = CARTESIAN_POINT('',(-0.272430617817,-9.2750946429E-02,0.701));
#10293 = CARTESIAN_POINT('',(-0.272430617817,-9.2750946429E-02,
    0.699999999999));
#10294 = ADVANCED_FACE('',(#10295),#10306,.F.);
#10295 = FACE_BOUND('',#10296,.T.);
#10296 = EDGE_LOOP('',(#10297,#10298,#10304,#10305));
#10297 = ORIENTED_EDGE('',*,*,#1468,.T.);
#10298 = ORIENTED_EDGE('',*,*,#10299,.F.);
#10299 = EDGE_CURVE('',#9827,#1461,#10300,.T.);
#10300 = LINE('',#10301,#10302);
#10301 = CARTESIAN_POINT('',(-0.272430617817,-8.5521010575E-02,0.701));
#10302 = VECTOR('',#10303,1.);
#10303 = DIRECTION('',(0.,0.,-1.));
#10304 = ORIENTED_EDGE('',*,*,#9826,.F.);
#10305 = ORIENTED_EDGE('',*,*,#10279,.T.);
#10306 = PLANE('',#10307);
#10307 = AXIS2_PLACEMENT_3D('',#10308,#10309,#10310);
#10308 = CARTESIAN_POINT('',(-0.272430617817,-9.2750946429E-02,0.701));
#10309 = DIRECTION('',(-1.,0.,0.));
#10310 = DIRECTION('',(0.,0.,1.));
#10311 = ADVANCED_FACE('',(#10312),#10323,.F.);
#10312 = FACE_BOUND('',#10313,.T.);
#10313 = EDGE_LOOP('',(#10314,#10315,#10321,#10322));
#10314 = ORIENTED_EDGE('',*,*,#1460,.T.);
#10315 = ORIENTED_EDGE('',*,*,#10316,.F.);
#10316 = EDGE_CURVE('',#9836,#1453,#10317,.T.);
#10317 = LINE('',#10318,#10319);
#10318 = CARTESIAN_POINT('',(-0.171211515876,-3.2019488022E-02,0.701));
#10319 = VECTOR('',#10320,1.);
#10320 = DIRECTION('',(0.,0.,-1.));
#10321 = ORIENTED_EDGE('',*,*,#9835,.F.);
#10322 = ORIENTED_EDGE('',*,*,#10299,.T.);
#10323 = PLANE('',#10324);
#10324 = AXIS2_PLACEMENT_3D('',#10325,#10326,#10327);
#10325 = CARTESIAN_POINT('',(-0.272430617817,-8.5521010575E-02,0.701));
#10326 = DIRECTION('',(-0.467307306754,0.884094950248,0.));
#10327 = DIRECTION('',(-0.884094950248,-0.467307306754,0.));
#10328 = ADVANCED_FACE('',(#10329),#10340,.F.);
#10329 = FACE_BOUND('',#10330,.T.);
#10330 = EDGE_LOOP('',(#10331,#10332,#10338,#10339));
#10331 = ORIENTED_EDGE('',*,*,#1452,.T.);
#10332 = ORIENTED_EDGE('',*,*,#10333,.F.);
#10333 = EDGE_CURVE('',#9844,#1445,#10334,.T.);
#10334 = LINE('',#10335,#10336);
#10335 = CARTESIAN_POINT('',(-0.193624305989,6.299180271E-03,0.701));
#10336 = VECTOR('',#10337,1.);
#10337 = DIRECTION('',(0.,0.,-1.));
#10338 = ORIENTED_EDGE('',*,*,#9843,.F.);
#10339 = ORIENTED_EDGE('',*,*,#10316,.T.);
#10340 = PLANE('',#10341);
#10341 = AXIS2_PLACEMENT_3D('',#10342,#10343,#10344);
#10342 = CARTESIAN_POINT('',(-0.171211515876,-3.2019488022E-02,0.701));
#10343 = DIRECTION('',(-0.863187758942,-0.504883048649,0.));
#10344 = DIRECTION('',(0.504883048649,-0.863187758942,0.));
#10345 = ADVANCED_FACE('',(#10346),#10357,.F.);
#10346 = FACE_BOUND('',#10347,.T.);
#10347 = EDGE_LOOP('',(#10348,#10349,#10355,#10356));
#10348 = ORIENTED_EDGE('',*,*,#1444,.T.);
#10349 = ORIENTED_EDGE('',*,*,#10350,.F.);
#10350 = EDGE_CURVE('',#9852,#1436,#10351,.T.);
#10351 = LINE('',#10352,#10353);
#10352 = CARTESIAN_POINT('',(-0.290505443659,-4.4310370698E-02,0.701));
#10353 = VECTOR('',#10354,1.);
#10354 = DIRECTION('',(0.,0.,-1.));
#10355 = ORIENTED_EDGE('',*,*,#9851,.F.);
#10356 = ORIENTED_EDGE('',*,*,#10333,.T.);
#10357 = PLANE('',#10358);
#10358 = AXIS2_PLACEMENT_3D('',#10359,#10360,#10361);
#10359 = CARTESIAN_POINT('',(-0.193624305989,6.299180271E-03,0.701));
#10360 = DIRECTION('',(0.463018065387,-0.886348842796,0.));
#10361 = DIRECTION('',(0.886348842796,0.463018065387,0.));
#10362 = ADVANCED_FACE('',(#10363),#10374,.F.);
#10363 = FACE_BOUND('',#10364,.F.);
#10364 = EDGE_LOOP('',(#10365,#10366,#10367,#10373));
#10365 = ORIENTED_EDGE('',*,*,#10350,.F.);
#10366 = ORIENTED_EDGE('',*,*,#9859,.T.);
#10367 = ORIENTED_EDGE('',*,*,#10368,.T.);
#10368 = EDGE_CURVE('',#9860,#1427,#10369,.T.);
#10369 = LINE('',#10370,#10371);
#10370 = CARTESIAN_POINT('',(-0.344729962555,-1.9728591556E-02,0.701));
#10371 = VECTOR('',#10372,1.);
#10372 = DIRECTION('',(0.,0.,-1.));
#10373 = ORIENTED_EDGE('',*,*,#1435,.F.);
#10374 = B_SPLINE_SURFACE_WITH_KNOTS('',3,1,(
    (#10375,#10376)
    ,(#10377,#10378)
    ,(#10379,#10380)
    ,(#10381,#10382
    )),.UNSPECIFIED.,.F.,.F.,.F.,(4,4),(2,2),(15.,16.),(0.,1.),
  .PIECEWISE_BEZIER_KNOTS.);
#10375 = CARTESIAN_POINT('',(-0.290505443659,-4.4310370698E-02,0.701));
#10376 = CARTESIAN_POINT('',(-0.290505443659,-4.4310370698E-02,
    0.699999999999));
#10377 = CARTESIAN_POINT('',(-0.303519322678,-2.9127502649E-02,0.701));
#10378 = CARTESIAN_POINT('',(-0.303519322678,-2.9127502649E-02,
    0.699999999999));
#10379 = CARTESIAN_POINT('',(-0.323040154997,-1.9728591556E-02,0.701));
#10380 = CARTESIAN_POINT('',(-0.323040154997,-1.9728591556E-02,
    0.699999999999));
#10381 = CARTESIAN_POINT('',(-0.344729962555,-1.9728591556E-02,0.701));
#10382 = CARTESIAN_POINT('',(-0.344729962555,-1.9728591556E-02,
    0.699999999999));
#10383 = ADVANCED_FACE('',(#10384),#10395,.F.);
#10384 = FACE_BOUND('',#10385,.F.);
#10385 = EDGE_LOOP('',(#10386,#10387,#10388,#10394));
#10386 = ORIENTED_EDGE('',*,*,#10368,.F.);
#10387 = ORIENTED_EDGE('',*,*,#9868,.T.);
#10388 = ORIENTED_EDGE('',*,*,#10389,.T.);
#10389 = EDGE_CURVE('',#9869,#1418,#10390,.T.);
#10390 = LINE('',#10391,#10392);
#10391 = CARTESIAN_POINT('',(-0.412691356814,-6.7446170943E-02,0.701));
#10392 = VECTOR('',#10393,1.);
#10393 = DIRECTION('',(0.,0.,-1.));
#10394 = ORIENTED_EDGE('',*,*,#1426,.F.);
#10395 = B_SPLINE_SURFACE_WITH_KNOTS('',3,1,(
    (#10396,#10397)
    ,(#10398,#10399)
    ,(#10400,#10401)
    ,(#10402,#10403
    )),.UNSPECIFIED.,.F.,.F.,.F.,(4,4),(2,2),(16.,17.),(0.,1.),
  .PIECEWISE_BEZIER_KNOTS.);
#10396 = CARTESIAN_POINT('',(-0.344729962555,-1.9728591556E-02,0.701));
#10397 = CARTESIAN_POINT('',(-0.344729962555,-1.9728591556E-02,
    0.699999999999));
#10398 = CARTESIAN_POINT('',(-0.375818694997,-1.9728591556E-02,0.701));
#10399 = CARTESIAN_POINT('',(-0.375818694997,-1.9728591556E-02,
    0.699999999999));
#10400 = CARTESIAN_POINT('',(-0.402569449378,-3.9972406428E-02,0.701));
#10401 = CARTESIAN_POINT('',(-0.402569449378,-3.9972406428E-02,
    0.699999999999));
#10402 = CARTESIAN_POINT('',(-0.412691356814,-6.7446170943E-02,0.701));
#10403 = CARTESIAN_POINT('',(-0.412691356814,-6.7446170943E-02,
    0.699999999999));
#10404 = ADVANCED_FACE('',(#10405),#10416,.F.);
#10405 = FACE_BOUND('',#10406,.F.);
#10406 = EDGE_LOOP('',(#10407,#10408,#10409,#10415));
#10407 = ORIENTED_EDGE('',*,*,#10389,.F.);
#10408 = ORIENTED_EDGE('',*,*,#9877,.T.);
#10409 = ORIENTED_EDGE('',*,*,#10410,.T.);
#10410 = EDGE_CURVE('',#9878,#1409,#10411,.T.);
#10411 = LINE('',#10412,#10413);
#10412 = CARTESIAN_POINT('',(-0.456070971932,-9.30755581E-04,0.701));
#10413 = VECTOR('',#10414,1.);
#10414 = DIRECTION('',(0.,0.,-1.));
#10415 = ORIENTED_EDGE('',*,*,#1417,.F.);
#10416 = B_SPLINE_SURFACE_WITH_KNOTS('',3,1,(
    (#10417,#10418)
    ,(#10419,#10420)
    ,(#10421,#10422)
    ,(#10423,#10424
    )),.UNSPECIFIED.,.F.,.F.,.F.,(4,4),(2,2),(17.,18.),(0.,1.),
  .PIECEWISE_BEZIER_KNOTS.);
#10417 = CARTESIAN_POINT('',(-0.412691356814,-6.7446170943E-02,0.701));
#10418 = CARTESIAN_POINT('',(-0.412691356814,-6.7446170943E-02,
    0.699999999999));
#10419 = CARTESIAN_POINT('',(-0.437996132299,-5.5878270821E-02,0.701));
#10420 = CARTESIAN_POINT('',(-0.437996132299,-5.5878270821E-02,
    0.699999999999));
#10421 = CARTESIAN_POINT('',(-0.456070971932,-3.0573495336E-02,0.701));
#10422 = CARTESIAN_POINT('',(-0.456070971932,-3.0573495336E-02,
    0.699999999999));
#10423 = CARTESIAN_POINT('',(-0.456070971932,-9.30755581E-04,0.701));
#10424 = CARTESIAN_POINT('',(-0.456070971932,-9.30755581E-04,
    0.699999999999));
#10425 = ADVANCED_FACE('',(#10426),#10437,.F.);
#10426 = FACE_BOUND('',#10427,.F.);
#10427 = EDGE_LOOP('',(#10428,#10429,#10430,#10436));
#10428 = ORIENTED_EDGE('',*,*,#10410,.F.);
#10429 = ORIENTED_EDGE('',*,*,#9886,.T.);
#10430 = ORIENTED_EDGE('',*,*,#10431,.T.);
#10431 = EDGE_CURVE('',#9887,#1400,#10432,.T.);
#10432 = LINE('',#10433,#10434);
#10433 = CARTESIAN_POINT('',(-0.383771613403,7.1368602947E-02,0.701));
#10434 = VECTOR('',#10435,1.);
#10435 = DIRECTION('',(0.,0.,-1.));
#10436 = ORIENTED_EDGE('',*,*,#1408,.F.);
#10437 = B_SPLINE_SURFACE_WITH_KNOTS('',3,1,(
    (#10438,#10439)
    ,(#10440,#10441)
    ,(#10442,#10443)
    ,(#10444,#10445
    )),.UNSPECIFIED.,.F.,.F.,.F.,(4,4),(2,2),(18.,19.),(0.,1.),
  .PIECEWISE_BEZIER_KNOTS.);
#10438 = CARTESIAN_POINT('',(-0.456070971932,-9.30755581E-04,0.701));
#10439 = CARTESIAN_POINT('',(-0.456070971932,-9.30755581E-04,
    0.699999999999));
#10440 = CARTESIAN_POINT('',(-0.456070971932,3.8833891609E-02,0.701));
#10441 = CARTESIAN_POINT('',(-0.456070971932,3.8833891609E-02,
    0.699999999999));
#10442 = CARTESIAN_POINT('',(-0.423536260594,7.1368602947E-02,0.701));
#10443 = CARTESIAN_POINT('',(-0.423536260594,7.1368602947E-02,
    0.699999999999));
#10444 = CARTESIAN_POINT('',(-0.383771613403,7.1368602947E-02,0.701));
#10445 = CARTESIAN_POINT('',(-0.383771613403,7.1368602947E-02,
    0.699999999999));
#10446 = ADVANCED_FACE('',(#10447),#10458,.F.);
#10447 = FACE_BOUND('',#10448,.F.);
#10448 = EDGE_LOOP('',(#10449,#10450,#10451,#10457));
#10449 = ORIENTED_EDGE('',*,*,#10431,.F.);
#10450 = ORIENTED_EDGE('',*,*,#9895,.T.);
#10451 = ORIENTED_EDGE('',*,*,#10452,.T.);
#10452 = EDGE_CURVE('',#9896,#1391,#10453,.T.);
#10453 = LINE('',#10454,#10455);
#10454 = CARTESIAN_POINT('',(-0.345452958899,6.0523699167E-02,0.701));
#10455 = VECTOR('',#10456,1.);
#10456 = DIRECTION('',(0.,0.,-1.));
#10457 = ORIENTED_EDGE('',*,*,#1399,.F.);
#10458 = B_SPLINE_SURFACE_WITH_KNOTS('',3,1,(
    (#10459,#10460)
    ,(#10461,#10462)
    ,(#10463,#10464)
    ,(#10465,#10466
    )),.UNSPECIFIED.,.F.,.F.,.F.,(4,4),(2,2),(19.,20.),(0.,1.),
  .PIECEWISE_BEZIER_KNOTS.);
#10459 = CARTESIAN_POINT('',(-0.383771613403,7.1368602947E-02,0.701));
#10460 = CARTESIAN_POINT('',(-0.383771613403,7.1368602947E-02,
    0.699999999999));
#10461 = CARTESIAN_POINT('',(-0.37003473804,7.1368602947E-02,0.701));
#10462 = CARTESIAN_POINT('',(-0.37003473804,7.1368602947E-02,
    0.699999999999));
#10463 = CARTESIAN_POINT('',(-0.356297862678,6.7030638677E-02,0.701));
#10464 = CARTESIAN_POINT('',(-0.356297862678,6.7030638677E-02,
    0.699999999999));
#10465 = CARTESIAN_POINT('',(-0.345452958899,6.0523699167E-02,0.701));
#10466 = CARTESIAN_POINT('',(-0.345452958899,6.0523699167E-02,
    0.699999999999));
#10467 = ADVANCED_FACE('',(#10468),#10479,.F.);
#10468 = FACE_BOUND('',#10469,.F.);
#10469 = EDGE_LOOP('',(#10470,#10471,#10472,#10478));
#10470 = ORIENTED_EDGE('',*,*,#10452,.F.);
#10471 = ORIENTED_EDGE('',*,*,#9904,.T.);
#10472 = ORIENTED_EDGE('',*,*,#10473,.T.);
#10473 = EDGE_CURVE('',#9905,#1382,#10474,.T.);
#10474 = LINE('',#10475,#10476);
#10475 = CARTESIAN_POINT('',(-0.248571835018,0.129931044743,0.701));
#10476 = VECTOR('',#10477,1.);
#10477 = DIRECTION('',(0.,0.,-1.));
#10478 = ORIENTED_EDGE('',*,*,#1390,.F.);
#10479 = B_SPLINE_SURFACE_WITH_KNOTS('',3,1,(
    (#10480,#10481)
    ,(#10482,#10483)
    ,(#10484,#10485)
    ,(#10486,#10487
    )),.UNSPECIFIED.,.F.,.F.,.F.,(4,4),(2,2),(20.,21.),(0.,1.),
  .PIECEWISE_BEZIER_KNOTS.);
#10480 = CARTESIAN_POINT('',(-0.345452958899,6.0523699167E-02,0.701));
#10481 = CARTESIAN_POINT('',(-0.345452958899,6.0523699167E-02,
    0.699999999999));
#10482 = CARTESIAN_POINT('',(-0.331716097326,0.101011301332,0.701));
#10483 = CARTESIAN_POINT('',(-0.331716097326,0.101011301332,
    0.699999999999));
#10484 = CARTESIAN_POINT('',(-0.294120425375,0.129931044743,0.701));
#10485 = CARTESIAN_POINT('',(-0.294120425375,0.129931044743,
    0.699999999999));
#10486 = CARTESIAN_POINT('',(-0.248571835018,0.129931044743,0.701));
#10487 = CARTESIAN_POINT('',(-0.248571835018,0.129931044743,
    0.699999999999));
#10488 = ADVANCED_FACE('',(#10489),#10500,.F.);
#10489 = FACE_BOUND('',#10490,.F.);
#10490 = EDGE_LOOP('',(#10491,#10492,#10493,#10499));
#10491 = ORIENTED_EDGE('',*,*,#10473,.F.);
#10492 = ORIENTED_EDGE('',*,*,#9913,.T.);
#10493 = ORIENTED_EDGE('',*,*,#10494,.T.);
#10494 = EDGE_CURVE('',#9914,#1373,#10495,.T.);
#10495 = LINE('',#10496,#10497);
#10496 = CARTESIAN_POINT('',(-0.147352733078,3.9556846582E-02,0.701));
#10497 = VECTOR('',#10498,1.);
#10498 = DIRECTION('',(0.,0.,-1.));
#10499 = ORIENTED_EDGE('',*,*,#1381,.F.);
#10500 = B_SPLINE_SURFACE_WITH_KNOTS('',3,1,(
    (#10501,#10502)
    ,(#10503,#10504)
    ,(#10505,#10506)
    ,(#10507,#10508
    )),.UNSPECIFIED.,.F.,.F.,.F.,(4,4),(2,2),(21.,22.),(0.,1.),
  .PIECEWISE_BEZIER_KNOTS.);
#10501 = CARTESIAN_POINT('',(-0.248571835018,0.129931044743,0.701));
#10502 = CARTESIAN_POINT('',(-0.248571835018,0.129931044743,
    0.699999999999));
#10503 = CARTESIAN_POINT('',(-0.196516291361,0.129931044743,0.701));
#10504 = CARTESIAN_POINT('',(-0.196516291361,0.129931044743,
    0.699999999999));
#10505 = CARTESIAN_POINT('',(-0.153136676244,9.0166397552E-02,0.701));
#10506 = CARTESIAN_POINT('',(-0.153136676244,9.0166397552E-02,
    0.699999999999));
#10507 = CARTESIAN_POINT('',(-0.147352733078,3.9556846582E-02,0.701));
#10508 = CARTESIAN_POINT('',(-0.147352733078,3.9556846582E-02,
    0.699999999999));
#10509 = ADVANCED_FACE('',(#10510),#10521,.F.);
#10510 = FACE_BOUND('',#10511,.T.);
#10511 = EDGE_LOOP('',(#10512,#10513,#10519,#10520));
#10512 = ORIENTED_EDGE('',*,*,#1372,.T.);
#10513 = ORIENTED_EDGE('',*,*,#10514,.F.);
#10514 = EDGE_CURVE('',#9923,#1364,#10515,.T.);
#10515 = LINE('',#10516,#10517);
#10516 = CARTESIAN_POINT('',(-0.141568789912,3.9556846582E-02,0.701));
#10517 = VECTOR('',#10518,1.);
#10518 = DIRECTION('',(0.,0.,-1.));
#10519 = ORIENTED_EDGE('',*,*,#9922,.F.);
#10520 = ORIENTED_EDGE('',*,*,#10494,.T.);
#10521 = PLANE('',#10522);
#10522 = AXIS2_PLACEMENT_3D('',#10523,#10524,#10525);
#10523 = CARTESIAN_POINT('',(-0.147352733078,3.9556846582E-02,0.701));
#10524 = DIRECTION('',(0.,1.,0.));
#10525 = DIRECTION('',(0.,-0.,1.));
#10526 = ADVANCED_FACE('',(#10527),#10538,.F.);
#10527 = FACE_BOUND('',#10528,.F.);
#10528 = EDGE_LOOP('',(#10529,#10530,#10531,#10537));
#10529 = ORIENTED_EDGE('',*,*,#10514,.F.);
#10530 = ORIENTED_EDGE('',*,*,#9931,.T.);
#10531 = ORIENTED_EDGE('',*,*,#10532,.T.);
#10532 = EDGE_CURVE('',#9932,#1355,#10533,.T.);
#10533 = LINE('',#10534,#10535);
#10534 = CARTESIAN_POINT('',(-8.5175295775E-02,-1.6836647553E-02,0.701)
  );
#10535 = VECTOR('',#10536,1.);
#10536 = DIRECTION('',(0.,0.,-1.));
#10537 = ORIENTED_EDGE('',*,*,#1363,.F.);
#10538 = B_SPLINE_SURFACE_WITH_KNOTS('',3,1,(
    (#10539,#10540)
    ,(#10541,#10542)
    ,(#10543,#10544)
    ,(#10545,#10546
    )),.UNSPECIFIED.,.F.,.F.,.F.,(4,4),(2,2),(23.,24.),(0.,1.),
  .PIECEWISE_BEZIER_KNOTS.);
#10539 = CARTESIAN_POINT('',(-0.141568789912,3.9556846582E-02,0.701));
#10540 = CARTESIAN_POINT('',(-0.141568789912,3.9556846582E-02,
    0.699999999999));
#10541 = CARTESIAN_POINT('',(-0.11048007126,3.9556846582E-02,0.701));
#10542 = CARTESIAN_POINT('',(-0.11048007126,3.9556846582E-02,
    0.699999999999));
#10543 = CARTESIAN_POINT('',(-8.5175295775E-02,1.4252071097E-02,0.701));
#10544 = CARTESIAN_POINT('',(-8.5175295775E-02,1.4252071097E-02,
    0.699999999999));
#10545 = CARTESIAN_POINT('',(-8.5175295775E-02,-1.6836647553E-02,0.701)
  );
#10546 = CARTESIAN_POINT('',(-8.5175295775E-02,-1.6836647553E-02,
    0.699999999999));
#10547 = ADVANCED_FACE('',(#10548),#10559,.F.);
#10548 = FACE_BOUND('',#10549,.F.);
#10549 = EDGE_LOOP('',(#10550,#10551,#10552,#10558));
#10550 = ORIENTED_EDGE('',*,*,#10532,.F.);
#10551 = ORIENTED_EDGE('',*,*,#9940,.T.);
#10552 = ORIENTED_EDGE('',*,*,#10553,.T.);
#10553 = EDGE_CURVE('',#9941,#1347,#10554,.T.);
#10554 = LINE('',#10555,#10556);
#10555 = CARTESIAN_POINT('',(-0.137230839432,-7.3230141689E-02,0.701));
#10556 = VECTOR('',#10557,1.);
#10557 = DIRECTION('',(0.,0.,-1.));
#10558 = ORIENTED_EDGE('',*,*,#1354,.F.);
#10559 = B_SPLINE_SURFACE_WITH_KNOTS('',3,1,(
    (#10560,#10561)
    ,(#10562,#10563)
    ,(#10564,#10565)
    ,(#10566,#10567
    )),.UNSPECIFIED.,.F.,.F.,.F.,(4,4),(2,2),(24.,25.),(0.,1.),
  .PIECEWISE_BEZIER_KNOTS.);
#10560 = CARTESIAN_POINT('',(-8.5175295775E-02,-1.6836647553E-02,0.701)
  );
#10561 = CARTESIAN_POINT('',(-8.5175295775E-02,-1.6836647553E-02,
    0.699999999999));
#10562 = CARTESIAN_POINT('',(-8.5175295775E-02,-4.6479387308E-02,0.701)
  );
#10563 = CARTESIAN_POINT('',(-8.5175295775E-02,-4.6479387308E-02,
    0.699999999999));
#10564 = CARTESIAN_POINT('',(-0.107588085888,-7.1061166449E-02,0.701));
#10565 = CARTESIAN_POINT('',(-0.107588085888,-7.1061166449E-02,
    0.699999999999));
#10566 = CARTESIAN_POINT('',(-0.137230839432,-7.3230141689E-02,0.701));
#10567 = CARTESIAN_POINT('',(-0.137230839432,-7.3230141689E-02,
    0.699999999999));
#10568 = ADVANCED_FACE('',(#10569),#10580,.F.);
#10569 = FACE_BOUND('',#10570,.T.);
#10570 = EDGE_LOOP('',(#10571,#10572,#10578,#10579));
#10571 = ORIENTED_EDGE('',*,*,#1346,.T.);
#10572 = ORIENTED_EDGE('',*,*,#10573,.F.);
#10573 = EDGE_CURVE('',#9950,#1338,#10574,.T.);
#10574 = LINE('',#10575,#10576);
#10575 = CARTESIAN_POINT('',(-0.16976555077,-7.3230141689E-02,0.701));
#10576 = VECTOR('',#10577,1.);
#10577 = DIRECTION('',(0.,0.,-1.));
#10578 = ORIENTED_EDGE('',*,*,#9949,.F.);
#10579 = ORIENTED_EDGE('',*,*,#10553,.T.);
#10580 = PLANE('',#10581);
#10581 = AXIS2_PLACEMENT_3D('',#10582,#10583,#10584);
#10582 = CARTESIAN_POINT('',(-0.137230839432,-7.3230141689E-02,0.701));
#10583 = DIRECTION('',(0.,-1.,0.));
#10584 = DIRECTION('',(0.,0.,-1.));
#10585 = ADVANCED_FACE('',(#10586),#10597,.F.);
#10586 = FACE_BOUND('',#10587,.F.);
#10587 = EDGE_LOOP('',(#10588,#10589,#10590,#10596));
#10588 = ORIENTED_EDGE('',*,*,#10573,.F.);
#10589 = ORIENTED_EDGE('',*,*,#9957,.T.);
#10590 = ORIENTED_EDGE('',*,*,#10591,.T.);
#10591 = EDGE_CURVE('',#9958,#1329,#10592,.T.);
#10592 = LINE('',#10593,#10594);
#10593 = CARTESIAN_POINT('',(-0.17410350125,-7.2507159136E-02,0.701));
#10594 = VECTOR('',#10595,1.);
#10595 = DIRECTION('',(0.,0.,-1.));
#10596 = ORIENTED_EDGE('',*,*,#1337,.F.);
#10597 = B_SPLINE_SURFACE_WITH_KNOTS('',3,1,(
    (#10598,#10599)
    ,(#10600,#10601)
    ,(#10602,#10603)
    ,(#10604,#10605
    )),.UNSPECIFIED.,.F.,.F.,.F.,(4,4),(2,2),(26.,27.),(0.,1.),
  .PIECEWISE_BEZIER_KNOTS.);
#10598 = CARTESIAN_POINT('',(-0.16976555077,-7.3230141689E-02,0.701));
#10599 = CARTESIAN_POINT('',(-0.16976555077,-7.3230141689E-02,
    0.699999999999));
#10600 = CARTESIAN_POINT('',(-0.171211543456,-7.3230141689E-02,0.701));
#10601 = CARTESIAN_POINT('',(-0.171211543456,-7.3230141689E-02,
    0.699999999999));
#10602 = CARTESIAN_POINT('',(-0.172657536143,-7.2507159136E-02,0.701));
#10603 = CARTESIAN_POINT('',(-0.172657536143,-7.2507159136E-02,
    0.699999999999));
#10604 = CARTESIAN_POINT('',(-0.17410350125,-7.2507159136E-02,0.701));
#10605 = CARTESIAN_POINT('',(-0.17410350125,-7.2507159136E-02,
    0.699999999999));
#10606 = ADVANCED_FACE('',(#10607),#10618,.F.);
#10607 = FACE_BOUND('',#10608,.F.);
#10608 = EDGE_LOOP('',(#10609,#10610,#10611,#10617));
#10609 = ORIENTED_EDGE('',*,*,#10591,.F.);
#10610 = ORIENTED_EDGE('',*,*,#9966,.T.);
#10611 = ORIENTED_EDGE('',*,*,#10612,.T.);
#10612 = EDGE_CURVE('',#9967,#1320,#10613,.T.);
#10613 = LINE('',#10614,#10615);
#10614 = CARTESIAN_POINT('',(-0.196516291361,-9.4919949248E-02,0.701));
#10615 = VECTOR('',#10616,1.);
#10616 = DIRECTION('',(0.,0.,-1.));
#10617 = ORIENTED_EDGE('',*,*,#1328,.F.);
#10618 = B_SPLINE_SURFACE_WITH_KNOTS('',3,1,(
    (#10619,#10620)
    ,(#10621,#10622)
    ,(#10623,#10624)
    ,(#10625,#10626
    )),.UNSPECIFIED.,.F.,.F.,.F.,(4,4),(2,2),(27.,28.),(0.,1.),
  .PIECEWISE_BEZIER_KNOTS.);
#10619 = CARTESIAN_POINT('',(-0.17410350125,-7.2507159136E-02,0.701));
#10620 = CARTESIAN_POINT('',(-0.17410350125,-7.2507159136E-02,
    0.699999999999));
#10621 = CARTESIAN_POINT('',(-0.186394397716,-7.2507159136E-02,0.701));
#10622 = CARTESIAN_POINT('',(-0.186394397716,-7.2507159136E-02,
    0.699999999999));
#10623 = CARTESIAN_POINT('',(-0.196516291361,-8.2629080362E-02,0.701));
#10624 = CARTESIAN_POINT('',(-0.196516291361,-8.2629080362E-02,
    0.699999999999));
#10625 = CARTESIAN_POINT('',(-0.196516291361,-9.4919949248E-02,0.701));
#10626 = CARTESIAN_POINT('',(-0.196516291361,-9.4919949248E-02,
    0.699999999999));
#10627 = ADVANCED_FACE('',(#10628),#10639,.F.);
#10628 = FACE_BOUND('',#10629,.F.);
#10629 = EDGE_LOOP('',(#10630,#10631,#10632,#10638));
#10630 = ORIENTED_EDGE('',*,*,#10612,.F.);
#10631 = ORIENTED_EDGE('',*,*,#9975,.T.);
#10632 = ORIENTED_EDGE('',*,*,#10633,.T.);
#10633 = EDGE_CURVE('',#9976,#1312,#10634,.T.);
#10634 = LINE('',#10635,#10636);
#10635 = CARTESIAN_POINT('',(-0.175549466356,-0.11733273936,0.701));
#10636 = VECTOR('',#10637,1.);
#10637 = DIRECTION('',(0.,0.,-1.));
#10638 = ORIENTED_EDGE('',*,*,#1319,.F.);
#10639 = B_SPLINE_SURFACE_WITH_KNOTS('',3,1,(
    (#10640,#10641)
    ,(#10642,#10643)
    ,(#10644,#10645)
    ,(#10646,#10647
    )),.UNSPECIFIED.,.F.,.F.,.F.,(4,4),(2,2),(28.,29.),(0.,1.),
  .PIECEWISE_BEZIER_KNOTS.);
#10640 = CARTESIAN_POINT('',(-0.196516291361,-9.4919949248E-02,0.701));
#10641 = CARTESIAN_POINT('',(-0.196516291361,-9.4919949248E-02,
    0.699999999999));
#10642 = CARTESIAN_POINT('',(-0.196516291361,-0.106487835581,0.701));
#10643 = CARTESIAN_POINT('',(-0.196516291361,-0.106487835581,
    0.699999999999));
#10644 = CARTESIAN_POINT('',(-0.187117380269,-0.116609756807,0.701));
#10645 = CARTESIAN_POINT('',(-0.187117380269,-0.116609756807,
    0.699999999999));
#10646 = CARTESIAN_POINT('',(-0.175549466356,-0.11733273936,0.701));
#10647 = CARTESIAN_POINT('',(-0.175549466356,-0.11733273936,
    0.699999999999));
#10648 = ADVANCED_FACE('',(#10649),#10660,.F.);
#10649 = FACE_BOUND('',#10650,.T.);
#10650 = EDGE_LOOP('',(#10651,#10652,#10658,#10659));
#10651 = ORIENTED_EDGE('',*,*,#1311,.T.);
#10652 = ORIENTED_EDGE('',*,*,#10653,.F.);
#10653 = EDGE_CURVE('',#9985,#1303,#10654,.T.);
#10654 = LINE('',#10655,#10656);
#10655 = CARTESIAN_POINT('',(-0.132892861372,-0.11733273936,0.701));
#10656 = VECTOR('',#10657,1.);
#10657 = DIRECTION('',(0.,0.,-1.));
#10658 = ORIENTED_EDGE('',*,*,#9984,.F.);
#10659 = ORIENTED_EDGE('',*,*,#10633,.T.);
#10660 = PLANE('',#10661);
#10661 = AXIS2_PLACEMENT_3D('',#10662,#10663,#10664);
#10662 = CARTESIAN_POINT('',(-0.135061836612,-0.11733273936,0.701));
#10663 = DIRECTION('',(0.,1.,0.));
#10664 = DIRECTION('',(0.,-0.,1.));
#10665 = ADVANCED_FACE('',(#10666),#10677,.F.);
#10666 = FACE_BOUND('',#10667,.F.);
#10667 = EDGE_LOOP('',(#10668,#10669,#10670,#10676));
#10668 = ORIENTED_EDGE('',*,*,#10653,.F.);
#10669 = ORIENTED_EDGE('',*,*,#9992,.T.);
#10670 = ORIENTED_EDGE('',*,*,#10671,.T.);
#10671 = EDGE_CURVE('',#9993,#1294,#10672,.T.);
#10672 = LINE('',#10673,#10674);
#10673 = CARTESIAN_POINT('',(-6.7100456144E-02,-8.4798028022E-02,0.701)
  );
#10674 = VECTOR('',#10675,1.);
#10675 = DIRECTION('',(0.,0.,-1.));
#10676 = ORIENTED_EDGE('',*,*,#1302,.F.);
#10677 = B_SPLINE_SURFACE_WITH_KNOTS('',3,1,(
    (#10678,#10679)
    ,(#10680,#10681)
    ,(#10682,#10683)
    ,(#10684,#10685
    )),.UNSPECIFIED.,.F.,.F.,.F.,(4,4),(2,2),(33.,34.),(0.,1.),
  .PIECEWISE_BEZIER_KNOTS.);
#10678 = CARTESIAN_POINT('',(-0.132892861372,-0.11733273936,0.701));
#10679 = CARTESIAN_POINT('',(-0.132892861372,-0.11733273936,
    0.699999999999));
#10680 = CARTESIAN_POINT('',(-0.107588085888,-0.11516376412,0.701));
#10681 = CARTESIAN_POINT('',(-0.107588085888,-0.11516376412,
    0.699999999999));
#10682 = CARTESIAN_POINT('',(-8.4452285642E-02,-0.103595850207,0.701));
#10683 = CARTESIAN_POINT('',(-8.4452285642E-02,-0.103595850207,
    0.699999999999));
#10684 = CARTESIAN_POINT('',(-6.7100456144E-02,-8.4798028022E-02,0.701)
  );
#10685 = CARTESIAN_POINT('',(-6.7100456144E-02,-8.4798028022E-02,
    0.699999999999));
#10686 = ADVANCED_FACE('',(#10687),#10693,.F.);
#10687 = FACE_BOUND('',#10688,.F.);
#10688 = EDGE_LOOP('',(#10689,#10690,#10691,#10692));
#10689 = ORIENTED_EDGE('',*,*,#10671,.F.);
#10690 = ORIENTED_EDGE('',*,*,#10001,.T.);
#10691 = ORIENTED_EDGE('',*,*,#10041,.T.);
#10692 = ORIENTED_EDGE('',*,*,#1293,.F.);
#10693 = B_SPLINE_SURFACE_WITH_KNOTS('',3,1,(
    (#10694,#10695)
    ,(#10696,#10697)
    ,(#10698,#10699)
    ,(#10700,#10701
    )),.UNSPECIFIED.,.F.,.F.,.F.,(4,4),(2,2),(34.,35.),(0.,1.),
  .PIECEWISE_BEZIER_KNOTS.);
#10694 = CARTESIAN_POINT('',(-6.7100456144E-02,-8.4798028022E-02,0.701)
  );
#10695 = CARTESIAN_POINT('',(-6.7100456144E-02,-8.4798028022E-02,
    0.699999999999));
#10696 = CARTESIAN_POINT('',(-4.9748599064E-02,-6.6000205837E-02,0.701)
  );
#10697 = CARTESIAN_POINT('',(-4.9748599064E-02,-6.6000205837E-02,
    0.699999999999));
#10698 = CARTESIAN_POINT('',(-4.0349687972E-02,-4.1418412905E-02,0.701)
  );
#10699 = CARTESIAN_POINT('',(-4.0349687972E-02,-4.1418412905E-02,
    0.699999999999));
#10700 = CARTESIAN_POINT('',(-4.0349687972E-02,-1.611363742E-02,0.701));
#10701 = CARTESIAN_POINT('',(-4.0349687972E-02,-1.611363742E-02,
    0.699999999999));
#10702 = ADVANCED_FACE('',(#10703),#10732,.T.);
#10703 = FACE_BOUND('',#10704,.T.);
#10704 = EDGE_LOOP('',(#10705,#10719,#10725,#10726));
#10705 = ORIENTED_EDGE('',*,*,#10706,.F.);
#10706 = EDGE_CURVE('',#10707,#10709,#10711,.T.);
#10707 = VERTEX_POINT('',#10708);
#10708 = CARTESIAN_POINT('',(-0.345452972689,-0.121670745,0.699999999999
    ));
#10709 = VERTEX_POINT('',#10710);
#10710 = CARTESIAN_POINT('',(-0.345452972689,-6.5277223284E-02,
    0.699999999999));
#10711 = B_SPLINE_CURVE_WITH_KNOTS('',3,(#10712,#10713,#10714,#10715,
    #10716,#10717,#10718),.UNSPECIFIED.,.F.,.F.,(4,3,4),(0.,1.,2.),
  .PIECEWISE_BEZIER_KNOTS.);
#10712 = CARTESIAN_POINT('',(-0.345452972689,-0.121670745,0.699999999999
    ));
#10713 = CARTESIAN_POINT('',(-0.329547122087,-0.121670745,0.699999999999
    ));
#10714 = CARTESIAN_POINT('',(-0.317256225621,-0.108656838401,
    0.699999999999));
#10715 = CARTESIAN_POINT('',(-0.317256225621,-9.3473984142E-02,
    0.699999999999));
#10716 = CARTESIAN_POINT('',(-0.317256225621,-7.7568119749E-02,
    0.699999999999));
#10717 = CARTESIAN_POINT('',(-0.33027010464,-6.5277223284E-02,
    0.699999999999));
#10718 = CARTESIAN_POINT('',(-0.345452972689,-6.5277223284E-02,
    0.699999999999));
#10719 = ORIENTED_EDGE('',*,*,#10720,.F.);
#10720 = EDGE_CURVE('',#10011,#10707,#10721,.T.);
#10721 = LINE('',#10722,#10723);
#10722 = CARTESIAN_POINT('',(-0.345452972689,-0.121670745,0.701));
#10723 = VECTOR('',#10724,1.);
#10724 = DIRECTION('',(0.,0.,-1.));
#10725 = ORIENTED_EDGE('',*,*,#10010,.T.);
#10726 = ORIENTED_EDGE('',*,*,#10727,.T.);
#10727 = EDGE_CURVE('',#10013,#10709,#10728,.T.);
#10728 = LINE('',#10729,#10730);
#10729 = CARTESIAN_POINT('',(-0.345452972689,-6.5277223284E-02,0.701));
#10730 = VECTOR('',#10731,1.);
#10731 = DIRECTION('',(0.,0.,-1.));
#10732 = B_SPLINE_SURFACE_WITH_KNOTS('',3,1,(
    (#10733,#10734)
    ,(#10735,#10736)
    ,(#10737,#10738)
    ,(#10739,#10740)
    ,(#10741,#10742)
    ,(#10743,#10744)
    ,(#10745,#10746
  )),.UNSPECIFIED.,.F.,.F.,.F.,(4,3,4),(2,2),(0.,1.,2.),(0.,1.),
  .PIECEWISE_BEZIER_KNOTS.);
#10733 = CARTESIAN_POINT('',(-0.345452972689,-0.121670745,0.701));
#10734 = CARTESIAN_POINT('',(-0.345452972689,-0.121670745,0.699999999999
    ));
#10735 = CARTESIAN_POINT('',(-0.329547122087,-0.121670745,0.701));
#10736 = CARTESIAN_POINT('',(-0.329547122087,-0.121670745,0.699999999999
    ));
#10737 = CARTESIAN_POINT('',(-0.317256225621,-0.108656838401,0.701));
#10738 = CARTESIAN_POINT('',(-0.317256225621,-0.108656838401,
    0.699999999999));
#10739 = CARTESIAN_POINT('',(-0.317256225621,-9.3473984142E-02,0.701));
#10740 = CARTESIAN_POINT('',(-0.317256225621,-9.3473984142E-02,
    0.699999999999));
#10741 = CARTESIAN_POINT('',(-0.317256225621,-7.7568119749E-02,0.701));
#10742 = CARTESIAN_POINT('',(-0.317256225621,-7.7568119749E-02,
    0.699999999999));
#10743 = CARTESIAN_POINT('',(-0.33027010464,-6.5277223284E-02,0.701));
#10744 = CARTESIAN_POINT('',(-0.33027010464,-6.5277223284E-02,
    0.699999999999));
#10745 = CARTESIAN_POINT('',(-0.345452972689,-6.5277223284E-02,0.701));
#10746 = CARTESIAN_POINT('',(-0.345452972689,-6.5277223284E-02,
    0.699999999999));
#10747 = ADVANCED_FACE('',(#10748),#10762,.T.);
#10748 = FACE_BOUND('',#10749,.T.);
#10749 = EDGE_LOOP('',(#10750,#10759,#10760,#10761));
#10750 = ORIENTED_EDGE('',*,*,#10751,.F.);
#10751 = EDGE_CURVE('',#10709,#10707,#10752,.T.);
#10752 = B_SPLINE_CURVE_WITH_KNOTS('',3,(#10753,#10754,#10755,#10756,
    #10757,#10758),.UNSPECIFIED.,.F.,.F.,(4,2,4),(2.,3.,4.),
  .UNSPECIFIED.);
#10753 = CARTESIAN_POINT('',(-0.345452972689,-6.5277223284E-02,
    0.699999999999));
#10754 = CARTESIAN_POINT('',(-0.360635840738,-6.5277223284E-02,
    0.699999999999));
#10755 = CARTESIAN_POINT('',(-0.373649719757,-7.7568119749E-02,
    0.699999999999));
#10756 = CARTESIAN_POINT('',(-0.373649719757,-0.109379848534,
    0.699999999999));
#10757 = CARTESIAN_POINT('',(-0.360635840738,-0.121670745,0.699999999999
    ));
#10758 = CARTESIAN_POINT('',(-0.345452972689,-0.121670745,0.699999999999
    ));
#10759 = ORIENTED_EDGE('',*,*,#10727,.F.);
#10760 = ORIENTED_EDGE('',*,*,#10024,.T.);
#10761 = ORIENTED_EDGE('',*,*,#10720,.T.);
#10762 = B_SPLINE_SURFACE_WITH_KNOTS('',3,1,(
    (#10763,#10764)
    ,(#10765,#10766)
    ,(#10767,#10768)
    ,(#10769,#10770)
    ,(#10771,#10772)
    ,(#10773,#10774
  )),.UNSPECIFIED.,.F.,.F.,.F.,(4,2,4),(2,2),(2.,3.,4.),(0.,1.),
  .UNSPECIFIED.);
#10763 = CARTESIAN_POINT('',(-0.345452972689,-6.5277223284E-02,0.701));
#10764 = CARTESIAN_POINT('',(-0.345452972689,-6.5277223284E-02,
    0.699999999999));
#10765 = CARTESIAN_POINT('',(-0.360635840738,-6.5277223284E-02,0.701));
#10766 = CARTESIAN_POINT('',(-0.360635840738,-6.5277223284E-02,
    0.699999999999));
#10767 = CARTESIAN_POINT('',(-0.373649719757,-7.7568119749E-02,0.701));
#10768 = CARTESIAN_POINT('',(-0.373649719757,-7.7568119749E-02,
    0.699999999999));
#10769 = CARTESIAN_POINT('',(-0.373649719757,-0.109379848534,0.701));
#10770 = CARTESIAN_POINT('',(-0.373649719757,-0.109379848534,
    0.699999999999));
#10771 = CARTESIAN_POINT('',(-0.360635840738,-0.121670745,0.701));
#10772 = CARTESIAN_POINT('',(-0.360635840738,-0.121670745,0.699999999999
    ));
#10773 = CARTESIAN_POINT('',(-0.345452972689,-0.121670745,0.701));
#10774 = CARTESIAN_POINT('',(-0.345452972689,-0.121670745,0.699999999999
    ));
#10775 = ADVANCED_FACE('',(#10776),#10780,.T.);
#10776 = FACE_BOUND('',#10777,.T.);
#10777 = EDGE_LOOP('',(#10778,#10779));
#10778 = ORIENTED_EDGE('',*,*,#10706,.T.);
#10779 = ORIENTED_EDGE('',*,*,#10751,.T.);
#10780 = PLANE('',#10781);
#10781 = AXIS2_PLACEMENT_3D('',#10782,#10783,#10784);
#10782 = CARTESIAN_POINT('',(1.325,-0.974999999999,0.699999999999));
#10783 = DIRECTION('',(0.,0.,1.));
#10784 = DIRECTION('',(1.,0.,-0.));
#10785 = ( GEOMETRIC_REPRESENTATION_CONTEXT(3) 
GLOBAL_UNCERTAINTY_ASSIGNED_CONTEXT((#10789)) 
GLOBAL_UNIT_ASSIGNED_CONTEXT((#10786,#10787,#10788)) 
REPRESENTATION_CONTEXT('Context #1',
  '3D Context with UNIT and UNCERTAINTY') );
#10786 = ( LENGTH_UNIT() NAMED_UNIT(*) SI_UNIT(.MILLI.,.METRE.) );
#10787 = ( NAMED_UNIT(*) PLANE_ANGLE_UNIT() SI_UNIT($,.RADIAN.) );
#10788 = ( NAMED_UNIT(*) SI_UNIT($,.STERADIAN.) SOLID_ANGLE_UNIT() );
#10789 = UNCERTAINTY_MEASURE_WITH_UNIT(LENGTH_MEASURE(2.E-07),#10786,
  'distance_accuracy_value','confusion accuracy');
#10790 = CONTEXT_DEPENDENT_SHAPE_REPRESENTATION(#10791,#10793);
#10791 = ( REPRESENTATION_RELATIONSHIP('','',#32,#10) 
REPRESENTATION_RELATIONSHIP_WITH_TRANSFORMATION(#10792) 
SHAPE_REPRESENTATION_RELATIONSHIP() );
#10792 = ITEM_DEFINED_TRANSFORMATION('','',#11,#15);
#10793 = PRODUCT_DEFINITION_SHAPE('Placement','Placement of an item',
  #10794);
#10794 = NEXT_ASSEMBLY_USAGE_OCCURRENCE('119',
  'CRYSTAL-SMD_4P-L3.2-W2.5-BL~CRYSTAL-SMD_4P-L3.2-W2.5-BL~JnwN','',#5,
  #27,$);
#10795 = PRODUCT_RELATED_PRODUCT_CATEGORY('part',$,(#29));
#10796 = MECHANICAL_DESIGN_GEOMETRIC_PRESENTATION_REPRESENTATION('',(
    #10797,#10808,#10816,#10823,#10830,#10837,#10844,#10851,#10858,
    #10865,#10872,#10879,#10886,#10893,#10900,#10908,#10915,#10922,
    #10929,#10936,#10943,#10950,#10957,#10964,#10971,#10978,#10985,
    #10992,#10999,#11006,#11013,#11020,#11027,#11034,#11041,#11048,
    #11055,#11062,#11069,#11076,#11083,#11090,#11097,#11104,#11111,
    #11118,#11125,#11132,#11139,#11146,#11153,#11160,#11167,#11174,
    #11181,#11188,#11195,#11202,#11209,#11216,#11223,#11230,#11237,
    #11244,#11251,#11258,#11265,#11272,#11279,#11286,#11293,#11300,
    #11307,#11314,#11321,#11328,#11335,#11342,#11349,#11356,#11363,
    #11370,#11377,#11384,#11391,#11399,#11406,#11413,#11420,#11427,
    #11434,#11441,#11448,#11455,#11462,#11469,#11476,#11483,#11490,
    #11497,#11504,#11511,#11518,#11525,#11532,#11539,#11546,#11553,
    #11560,#11567,#11574,#11581,#11588,#11595,#11602,#11609,#11616,
    #11623,#11630,#11637,#11644,#11651,#11658,#11665,#11672,#11679,
    #11686,#11693,#11700,#11707,#11714,#11721,#11728,#11735,#11742,
    #11749,#11756,#11763,#11770,#11777,#11784,#11791,#11798,#11805,
    #11812,#11819,#11826,#11833,#11840,#11847,#11854,#11861,#11868,
    #11875,#11882,#11889,#11896,#11903,#11910,#11917,#11924,#11931,
    #11938,#11945,#11952,#11959,#11966,#11973,#11980,#11987,#11994,
    #12001,#12008,#12015,#12022,#12029,#12036,#12043,#12050,#12057,
    #12064,#12071,#12078,#12085,#12092,#12099,#12106,#12113,#12120,
    #12127,#12134,#12141,#12148,#12155,#12162,#12169,#12176,#12183,
    #12190,#12197,#12204,#12211,#12218,#12225,#12232,#12239,#12246,
    #12253,#12260,#12267,#12274,#12281,#12288,#12295,#12302,#12309,
    #12316,#12323,#12330,#12337,#12344,#12351,#12358,#12365,#12372,
    #12379,#12386,#12393,#12400,#12407,#12414,#12421,#12428,#12435,
    #12442,#12449,#12456,#12463,#12470,#12477,#12484,#12491,#12498,
    #12505,#12512,#12519,#12526,#12533,#12540,#12547,#12554,#12561,
    #12568,#12575,#12582,#12589,#12596,#12603,#12610,#12617,#12624,
    #12631,#12638,#12645,#12652,#12659,#12666,#12673,#12680,#12687,
    #12694,#12701,#12708,#12715,#12722,#12729,#12736,#12743,#12750,
    #12757,#12764,#12771,#12778,#12785,#12792,#12799,#12806,#12813,
    #12820,#12827,#12834,#12841,#12848,#12855,#12862,#12869,#12876,
    #12883,#12890,#12897,#12904,#12911),#10785);
#10797 = STYLED_ITEM('color',(#10798),#33);
#10798 = PRESENTATION_STYLE_ASSIGNMENT((#10799,#10805));
#10799 = SURFACE_STYLE_USAGE(.BOTH.,#10800);
#10800 = SURFACE_SIDE_STYLE('',(#10801));
#10801 = SURFACE_STYLE_FILL_AREA(#10802);
#10802 = FILL_AREA_STYLE('',(#10803));
#10803 = FILL_AREA_STYLE_COLOUR('',#10804);
#10804 = COLOUR_RGB('',0.850980411111,0.850980411111,0.850980411111);
#10805 = CURVE_STYLE('',#10806,POSITIVE_LENGTH_MEASURE(0.1),#10807);
#10806 = DRAUGHTING_PRE_DEFINED_CURVE_FONT('continuous');
#10807 = COLOUR_RGB('',9.803921802644E-02,9.803921802644E-02,
  9.803921802644E-02);
#10808 = OVER_RIDING_STYLED_ITEM('overriding color',(#10809),#1569,
  #10797);
#10809 = PRESENTATION_STYLE_ASSIGNMENT((#10810));
#10810 = SURFACE_STYLE_USAGE(.BOTH.,#10811);
#10811 = SURFACE_SIDE_STYLE('',(#10812));
#10812 = SURFACE_STYLE_FILL_AREA(#10813);
#10813 = FILL_AREA_STYLE('',(#10814));
#10814 = FILL_AREA_STYLE_COLOUR('',#10815);
#10815 = COLOUR_RGB('',0.509803943113,0.486274506065,0.588235317929);
#10816 = OVER_RIDING_STYLED_ITEM('overriding color',(#10817),#1629,
  #10797);
#10817 = PRESENTATION_STYLE_ASSIGNMENT((#10818));
#10818 = SURFACE_STYLE_USAGE(.BOTH.,#10819);
#10819 = SURFACE_SIDE_STYLE('',(#10820));
#10820 = SURFACE_STYLE_FILL_AREA(#10821);
#10821 = FILL_AREA_STYLE('',(#10822));
#10822 = FILL_AREA_STYLE_COLOUR('',#10815);
#10823 = OVER_RIDING_STYLED_ITEM('overriding color',(#10824),#1689,
  #10797);
#10824 = PRESENTATION_STYLE_ASSIGNMENT((#10825));
#10825 = SURFACE_STYLE_USAGE(.BOTH.,#10826);
#10826 = SURFACE_SIDE_STYLE('',(#10827));
#10827 = SURFACE_STYLE_FILL_AREA(#10828);
#10828 = FILL_AREA_STYLE('',(#10829));
#10829 = FILL_AREA_STYLE_COLOUR('',#10815);
#10830 = OVER_RIDING_STYLED_ITEM('overriding color',(#10831),#1749,
  #10797);
#10831 = PRESENTATION_STYLE_ASSIGNMENT((#10832));
#10832 = SURFACE_STYLE_USAGE(.BOTH.,#10833);
#10833 = SURFACE_SIDE_STYLE('',(#10834));
#10834 = SURFACE_STYLE_FILL_AREA(#10835);
#10835 = FILL_AREA_STYLE('',(#10836));
#10836 = FILL_AREA_STYLE_COLOUR('',#10815);
#10837 = OVER_RIDING_STYLED_ITEM('overriding color',(#10838),#2133,
  #10797);
#10838 = PRESENTATION_STYLE_ASSIGNMENT((#10839));
#10839 = SURFACE_STYLE_USAGE(.BOTH.,#10840);
#10840 = SURFACE_SIDE_STYLE('',(#10841));
#10841 = SURFACE_STYLE_FILL_AREA(#10842);
#10842 = FILL_AREA_STYLE('',(#10843));
#10843 = FILL_AREA_STYLE_COLOUR('',#10815);
#10844 = OVER_RIDING_STYLED_ITEM('overriding color',(#10845),#2199,
  #10797);
#10845 = PRESENTATION_STYLE_ASSIGNMENT((#10846));
#10846 = SURFACE_STYLE_USAGE(.BOTH.,#10847);
#10847 = SURFACE_SIDE_STYLE('',(#10848));
#10848 = SURFACE_STYLE_FILL_AREA(#10849);
#10849 = FILL_AREA_STYLE('',(#10850));
#10850 = FILL_AREA_STYLE_COLOUR('',#10815);
#10851 = OVER_RIDING_STYLED_ITEM('overriding color',(#10852),#2265,
  #10797);
#10852 = PRESENTATION_STYLE_ASSIGNMENT((#10853));
#10853 = SURFACE_STYLE_USAGE(.BOTH.,#10854);
#10854 = SURFACE_SIDE_STYLE('',(#10855));
#10855 = SURFACE_STYLE_FILL_AREA(#10856);
#10856 = FILL_AREA_STYLE('',(#10857));
#10857 = FILL_AREA_STYLE_COLOUR('',#10815);
#10858 = OVER_RIDING_STYLED_ITEM('overriding color',(#10859),#2321,
  #10797);
#10859 = PRESENTATION_STYLE_ASSIGNMENT((#10860));
#10860 = SURFACE_STYLE_USAGE(.BOTH.,#10861);
#10861 = SURFACE_SIDE_STYLE('',(#10862));
#10862 = SURFACE_STYLE_FILL_AREA(#10863);
#10863 = FILL_AREA_STYLE('',(#10864));
#10864 = FILL_AREA_STYLE_COLOUR('',#10815);
#10865 = OVER_RIDING_STYLED_ITEM('overriding color',(#10866),#2377,
  #10797);
#10866 = PRESENTATION_STYLE_ASSIGNMENT((#10867));
#10867 = SURFACE_STYLE_USAGE(.BOTH.,#10868);
#10868 = SURFACE_SIDE_STYLE('',(#10869));
#10869 = SURFACE_STYLE_FILL_AREA(#10870);
#10870 = FILL_AREA_STYLE('',(#10871));
#10871 = FILL_AREA_STYLE_COLOUR('',#10815);
#10872 = OVER_RIDING_STYLED_ITEM('overriding color',(#10873),#2394,
  #10797);
#10873 = PRESENTATION_STYLE_ASSIGNMENT((#10874));
#10874 = SURFACE_STYLE_USAGE(.BOTH.,#10875);
#10875 = SURFACE_SIDE_STYLE('',(#10876));
#10876 = SURFACE_STYLE_FILL_AREA(#10877);
#10877 = FILL_AREA_STYLE('',(#10878));
#10878 = FILL_AREA_STYLE_COLOUR('',#10815);
#10879 = OVER_RIDING_STYLED_ITEM('overriding color',(#10880),#2406,
  #10797);
#10880 = PRESENTATION_STYLE_ASSIGNMENT((#10881));
#10881 = SURFACE_STYLE_USAGE(.BOTH.,#10882);
#10882 = SURFACE_SIDE_STYLE('',(#10883));
#10883 = SURFACE_STYLE_FILL_AREA(#10884);
#10884 = FILL_AREA_STYLE('',(#10885));
#10885 = FILL_AREA_STYLE_COLOUR('',#10815);
#10886 = OVER_RIDING_STYLED_ITEM('overriding color',(#10887),#2418,
  #10797);
#10887 = PRESENTATION_STYLE_ASSIGNMENT((#10888));
#10888 = SURFACE_STYLE_USAGE(.BOTH.,#10889);
#10889 = SURFACE_SIDE_STYLE('',(#10890));
#10890 = SURFACE_STYLE_FILL_AREA(#10891);
#10891 = FILL_AREA_STYLE('',(#10892));
#10892 = FILL_AREA_STYLE_COLOUR('',#10815);
#10893 = OVER_RIDING_STYLED_ITEM('overriding color',(#10894),#2430,
  #10797);
#10894 = PRESENTATION_STYLE_ASSIGNMENT((#10895));
#10895 = SURFACE_STYLE_USAGE(.BOTH.,#10896);
#10896 = SURFACE_SIDE_STYLE('',(#10897));
#10897 = SURFACE_STYLE_FILL_AREA(#10898);
#10898 = FILL_AREA_STYLE('',(#10899));
#10899 = FILL_AREA_STYLE_COLOUR('',#10815);
#10900 = OVER_RIDING_STYLED_ITEM('overriding color',(#10901),#2465,
  #10797);
#10901 = PRESENTATION_STYLE_ASSIGNMENT((#10902));
#10902 = SURFACE_STYLE_USAGE(.BOTH.,#10903);
#10903 = SURFACE_SIDE_STYLE('',(#10904));
#10904 = SURFACE_STYLE_FILL_AREA(#10905);
#10905 = FILL_AREA_STYLE('',(#10906));
#10906 = FILL_AREA_STYLE_COLOUR('',#10907);
#10907 = COLOUR_RGB('',0.968627457133,0.878431390252,0.600000020288);
#10908 = OVER_RIDING_STYLED_ITEM('overriding color',(#10909),#2499,
  #10797);
#10909 = PRESENTATION_STYLE_ASSIGNMENT((#10910));
#10910 = SURFACE_STYLE_USAGE(.BOTH.,#10911);
#10911 = SURFACE_SIDE_STYLE('',(#10912));
#10912 = SURFACE_STYLE_FILL_AREA(#10913);
#10913 = FILL_AREA_STYLE('',(#10914));
#10914 = FILL_AREA_STYLE_COLOUR('',#10907);
#10915 = OVER_RIDING_STYLED_ITEM('overriding color',(#10916),#2523,
  #10797);
#10916 = PRESENTATION_STYLE_ASSIGNMENT((#10917));
#10917 = SURFACE_STYLE_USAGE(.BOTH.,#10918);
#10918 = SURFACE_SIDE_STYLE('',(#10919));
#10919 = SURFACE_STYLE_FILL_AREA(#10920);
#10920 = FILL_AREA_STYLE('',(#10921));
#10921 = FILL_AREA_STYLE_COLOUR('',#10907);
#10922 = OVER_RIDING_STYLED_ITEM('overriding color',(#10923),#2547,
  #10797);
#10923 = PRESENTATION_STYLE_ASSIGNMENT((#10924));
#10924 = SURFACE_STYLE_USAGE(.BOTH.,#10925);
#10925 = SURFACE_SIDE_STYLE('',(#10926));
#10926 = SURFACE_STYLE_FILL_AREA(#10927);
#10927 = FILL_AREA_STYLE('',(#10928));
#10928 = FILL_AREA_STYLE_COLOUR('',#10907);
#10929 = OVER_RIDING_STYLED_ITEM('overriding color',(#10930),#2571,
  #10797);
#10930 = PRESENTATION_STYLE_ASSIGNMENT((#10931));
#10931 = SURFACE_STYLE_USAGE(.BOTH.,#10932);
#10932 = SURFACE_SIDE_STYLE('',(#10933));
#10933 = SURFACE_STYLE_FILL_AREA(#10934);
#10934 = FILL_AREA_STYLE('',(#10935));
#10935 = FILL_AREA_STYLE_COLOUR('',#10907);
#10936 = OVER_RIDING_STYLED_ITEM('overriding color',(#10937),#2596,
  #10797);
#10937 = PRESENTATION_STYLE_ASSIGNMENT((#10938));
#10938 = SURFACE_STYLE_USAGE(.BOTH.,#10939);
#10939 = SURFACE_SIDE_STYLE('',(#10940));
#10940 = SURFACE_STYLE_FILL_AREA(#10941);
#10941 = FILL_AREA_STYLE('',(#10942));
#10942 = FILL_AREA_STYLE_COLOUR('',#10907);
#10943 = OVER_RIDING_STYLED_ITEM('overriding color',(#10944),#2622,
  #10797);
#10944 = PRESENTATION_STYLE_ASSIGNMENT((#10945));
#10945 = SURFACE_STYLE_USAGE(.BOTH.,#10946);
#10946 = SURFACE_SIDE_STYLE('',(#10947));
#10947 = SURFACE_STYLE_FILL_AREA(#10948);
#10948 = FILL_AREA_STYLE('',(#10949));
#10949 = FILL_AREA_STYLE_COLOUR('',#10907);
#10950 = OVER_RIDING_STYLED_ITEM('overriding color',(#10951),#2656,
  #10797);
#10951 = PRESENTATION_STYLE_ASSIGNMENT((#10952));
#10952 = SURFACE_STYLE_USAGE(.BOTH.,#10953);
#10953 = SURFACE_SIDE_STYLE('',(#10954));
#10954 = SURFACE_STYLE_FILL_AREA(#10955);
#10955 = FILL_AREA_STYLE('',(#10956));
#10956 = FILL_AREA_STYLE_COLOUR('',#10907);
#10957 = OVER_RIDING_STYLED_ITEM('overriding color',(#10958),#2690,
  #10797);
#10958 = PRESENTATION_STYLE_ASSIGNMENT((#10959));
#10959 = SURFACE_STYLE_USAGE(.BOTH.,#10960);
#10960 = SURFACE_SIDE_STYLE('',(#10961));
#10961 = SURFACE_STYLE_FILL_AREA(#10962);
#10962 = FILL_AREA_STYLE('',(#10963));
#10963 = FILL_AREA_STYLE_COLOUR('',#10907);
#10964 = OVER_RIDING_STYLED_ITEM('overriding color',(#10965),#2708,
  #10797);
#10965 = PRESENTATION_STYLE_ASSIGNMENT((#10966));
#10966 = SURFACE_STYLE_USAGE(.BOTH.,#10967);
#10967 = SURFACE_SIDE_STYLE('',(#10968));
#10968 = SURFACE_STYLE_FILL_AREA(#10969);
#10969 = FILL_AREA_STYLE('',(#10970));
#10970 = FILL_AREA_STYLE_COLOUR('',#10907);
#10971 = OVER_RIDING_STYLED_ITEM('overriding color',(#10972),#2726,
  #10797);
#10972 = PRESENTATION_STYLE_ASSIGNMENT((#10973));
#10973 = SURFACE_STYLE_USAGE(.BOTH.,#10974);
#10974 = SURFACE_SIDE_STYLE('',(#10975));
#10975 = SURFACE_STYLE_FILL_AREA(#10976);
#10976 = FILL_AREA_STYLE('',(#10977));
#10977 = FILL_AREA_STYLE_COLOUR('',#10907);
#10978 = OVER_RIDING_STYLED_ITEM('overriding color',(#10979),#2743,
  #10797);
#10979 = PRESENTATION_STYLE_ASSIGNMENT((#10980));
#10980 = SURFACE_STYLE_USAGE(.BOTH.,#10981);
#10981 = SURFACE_SIDE_STYLE('',(#10982));
#10982 = SURFACE_STYLE_FILL_AREA(#10983);
#10983 = FILL_AREA_STYLE('',(#10984));
#10984 = FILL_AREA_STYLE_COLOUR('',#10907);
#10985 = OVER_RIDING_STYLED_ITEM('overriding color',(#10986),#2777,
  #10797);
#10986 = PRESENTATION_STYLE_ASSIGNMENT((#10987));
#10987 = SURFACE_STYLE_USAGE(.BOTH.,#10988);
#10988 = SURFACE_SIDE_STYLE('',(#10989));
#10989 = SURFACE_STYLE_FILL_AREA(#10990);
#10990 = FILL_AREA_STYLE('',(#10991));
#10991 = FILL_AREA_STYLE_COLOUR('',#10907);
#10992 = OVER_RIDING_STYLED_ITEM('overriding color',(#10993),#2801,
  #10797);
#10993 = PRESENTATION_STYLE_ASSIGNMENT((#10994));
#10994 = SURFACE_STYLE_USAGE(.BOTH.,#10995);
#10995 = SURFACE_SIDE_STYLE('',(#10996));
#10996 = SURFACE_STYLE_FILL_AREA(#10997);
#10997 = FILL_AREA_STYLE('',(#10998));
#10998 = FILL_AREA_STYLE_COLOUR('',#10907);
#10999 = OVER_RIDING_STYLED_ITEM('overriding color',(#11000),#2825,
  #10797);
#11000 = PRESENTATION_STYLE_ASSIGNMENT((#11001));
#11001 = SURFACE_STYLE_USAGE(.BOTH.,#11002);
#11002 = SURFACE_SIDE_STYLE('',(#11003));
#11003 = SURFACE_STYLE_FILL_AREA(#11004);
#11004 = FILL_AREA_STYLE('',(#11005));
#11005 = FILL_AREA_STYLE_COLOUR('',#10907);
#11006 = OVER_RIDING_STYLED_ITEM('overriding color',(#11007),#2856,
  #10797);
#11007 = PRESENTATION_STYLE_ASSIGNMENT((#11008));
#11008 = SURFACE_STYLE_USAGE(.BOTH.,#11009);
#11009 = SURFACE_SIDE_STYLE('',(#11010));
#11010 = SURFACE_STYLE_FILL_AREA(#11011);
#11011 = FILL_AREA_STYLE('',(#11012));
#11012 = FILL_AREA_STYLE_COLOUR('',#10907);
#11013 = OVER_RIDING_STYLED_ITEM('overriding color',(#11014),#2881,
  #10797);
#11014 = PRESENTATION_STYLE_ASSIGNMENT((#11015));
#11015 = SURFACE_STYLE_USAGE(.BOTH.,#11016);
#11016 = SURFACE_SIDE_STYLE('',(#11017));
#11017 = SURFACE_STYLE_FILL_AREA(#11018);
#11018 = FILL_AREA_STYLE('',(#11019));
#11019 = FILL_AREA_STYLE_COLOUR('',#10907);
#11020 = OVER_RIDING_STYLED_ITEM('overriding color',(#11021),#2907,
  #10797);
#11021 = PRESENTATION_STYLE_ASSIGNMENT((#11022));
#11022 = SURFACE_STYLE_USAGE(.BOTH.,#11023);
#11023 = SURFACE_SIDE_STYLE('',(#11024));
#11024 = SURFACE_STYLE_FILL_AREA(#11025);
#11025 = FILL_AREA_STYLE('',(#11026));
#11026 = FILL_AREA_STYLE_COLOUR('',#10907);
#11027 = OVER_RIDING_STYLED_ITEM('overriding color',(#11028),#2941,
  #10797);
#11028 = PRESENTATION_STYLE_ASSIGNMENT((#11029));
#11029 = SURFACE_STYLE_USAGE(.BOTH.,#11030);
#11030 = SURFACE_SIDE_STYLE('',(#11031));
#11031 = SURFACE_STYLE_FILL_AREA(#11032);
#11032 = FILL_AREA_STYLE('',(#11033));
#11033 = FILL_AREA_STYLE_COLOUR('',#10907);
#11034 = OVER_RIDING_STYLED_ITEM('overriding color',(#11035),#2975,
  #10797);
#11035 = PRESENTATION_STYLE_ASSIGNMENT((#11036));
#11036 = SURFACE_STYLE_USAGE(.BOTH.,#11037);
#11037 = SURFACE_SIDE_STYLE('',(#11038));
#11038 = SURFACE_STYLE_FILL_AREA(#11039);
#11039 = FILL_AREA_STYLE('',(#11040));
#11040 = FILL_AREA_STYLE_COLOUR('',#10907);
#11041 = OVER_RIDING_STYLED_ITEM('overriding color',(#11042),#2993,
  #10797);
#11042 = PRESENTATION_STYLE_ASSIGNMENT((#11043));
#11043 = SURFACE_STYLE_USAGE(.BOTH.,#11044);
#11044 = SURFACE_SIDE_STYLE('',(#11045));
#11045 = SURFACE_STYLE_FILL_AREA(#11046);
#11046 = FILL_AREA_STYLE('',(#11047));
#11047 = FILL_AREA_STYLE_COLOUR('',#10907);
#11048 = OVER_RIDING_STYLED_ITEM('overriding color',(#11049),#3011,
  #10797);
#11049 = PRESENTATION_STYLE_ASSIGNMENT((#11050));
#11050 = SURFACE_STYLE_USAGE(.BOTH.,#11051);
#11051 = SURFACE_SIDE_STYLE('',(#11052));
#11052 = SURFACE_STYLE_FILL_AREA(#11053);
#11053 = FILL_AREA_STYLE('',(#11054));
#11054 = FILL_AREA_STYLE_COLOUR('',#10907);
#11055 = OVER_RIDING_STYLED_ITEM('overriding color',(#11056),#3034,
  #10797);
#11056 = PRESENTATION_STYLE_ASSIGNMENT((#11057));
#11057 = SURFACE_STYLE_USAGE(.BOTH.,#11058);
#11058 = SURFACE_SIDE_STYLE('',(#11059));
#11059 = SURFACE_STYLE_FILL_AREA(#11060);
#11060 = FILL_AREA_STYLE('',(#11061));
#11061 = FILL_AREA_STYLE_COLOUR('',#10907);
#11062 = OVER_RIDING_STYLED_ITEM('overriding color',(#11063),#3068,
  #10797);
#11063 = PRESENTATION_STYLE_ASSIGNMENT((#11064));
#11064 = SURFACE_STYLE_USAGE(.BOTH.,#11065);
#11065 = SURFACE_SIDE_STYLE('',(#11066));
#11066 = SURFACE_STYLE_FILL_AREA(#11067);
#11067 = FILL_AREA_STYLE('',(#11068));
#11068 = FILL_AREA_STYLE_COLOUR('',#10907);
#11069 = OVER_RIDING_STYLED_ITEM('overriding color',(#11070),#3092,
  #10797);
#11070 = PRESENTATION_STYLE_ASSIGNMENT((#11071));
#11071 = SURFACE_STYLE_USAGE(.BOTH.,#11072);
#11072 = SURFACE_SIDE_STYLE('',(#11073));
#11073 = SURFACE_STYLE_FILL_AREA(#11074);
#11074 = FILL_AREA_STYLE('',(#11075));
#11075 = FILL_AREA_STYLE_COLOUR('',#10907);
#11076 = OVER_RIDING_STYLED_ITEM('overriding color',(#11077),#3116,
  #10797);
#11077 = PRESENTATION_STYLE_ASSIGNMENT((#11078));
#11078 = SURFACE_STYLE_USAGE(.BOTH.,#11079);
#11079 = SURFACE_SIDE_STYLE('',(#11080));
#11080 = SURFACE_STYLE_FILL_AREA(#11081);
#11081 = FILL_AREA_STYLE('',(#11082));
#11082 = FILL_AREA_STYLE_COLOUR('',#10907);
#11083 = OVER_RIDING_STYLED_ITEM('overriding color',(#11084),#3140,
  #10797);
#11084 = PRESENTATION_STYLE_ASSIGNMENT((#11085));
#11085 = SURFACE_STYLE_USAGE(.BOTH.,#11086);
#11086 = SURFACE_SIDE_STYLE('',(#11087));
#11087 = SURFACE_STYLE_FILL_AREA(#11088);
#11088 = FILL_AREA_STYLE('',(#11089));
#11089 = FILL_AREA_STYLE_COLOUR('',#10907);
#11090 = OVER_RIDING_STYLED_ITEM('overriding color',(#11091),#3165,
  #10797);
#11091 = PRESENTATION_STYLE_ASSIGNMENT((#11092));
#11092 = SURFACE_STYLE_USAGE(.BOTH.,#11093);
#11093 = SURFACE_SIDE_STYLE('',(#11094));
#11094 = SURFACE_STYLE_FILL_AREA(#11095);
#11095 = FILL_AREA_STYLE('',(#11096));
#11096 = FILL_AREA_STYLE_COLOUR('',#10907);
#11097 = OVER_RIDING_STYLED_ITEM('overriding color',(#11098),#3191,
  #10797);
#11098 = PRESENTATION_STYLE_ASSIGNMENT((#11099));
#11099 = SURFACE_STYLE_USAGE(.BOTH.,#11100);
#11100 = SURFACE_SIDE_STYLE('',(#11101));
#11101 = SURFACE_STYLE_FILL_AREA(#11102);
#11102 = FILL_AREA_STYLE('',(#11103));
#11103 = FILL_AREA_STYLE_COLOUR('',#10907);
#11104 = OVER_RIDING_STYLED_ITEM('overriding color',(#11105),#3225,
  #10797);
#11105 = PRESENTATION_STYLE_ASSIGNMENT((#11106));
#11106 = SURFACE_STYLE_USAGE(.BOTH.,#11107);
#11107 = SURFACE_SIDE_STYLE('',(#11108));
#11108 = SURFACE_STYLE_FILL_AREA(#11109);
#11109 = FILL_AREA_STYLE('',(#11110));
#11110 = FILL_AREA_STYLE_COLOUR('',#10907);
#11111 = OVER_RIDING_STYLED_ITEM('overriding color',(#11112),#3259,
  #10797);
#11112 = PRESENTATION_STYLE_ASSIGNMENT((#11113));
#11113 = SURFACE_STYLE_USAGE(.BOTH.,#11114);
#11114 = SURFACE_SIDE_STYLE('',(#11115));
#11115 = SURFACE_STYLE_FILL_AREA(#11116);
#11116 = FILL_AREA_STYLE('',(#11117));
#11117 = FILL_AREA_STYLE_COLOUR('',#10907);
#11118 = OVER_RIDING_STYLED_ITEM('overriding color',(#11119),#3277,
  #10797);
#11119 = PRESENTATION_STYLE_ASSIGNMENT((#11120));
#11120 = SURFACE_STYLE_USAGE(.BOTH.,#11121);
#11121 = SURFACE_SIDE_STYLE('',(#11122));
#11122 = SURFACE_STYLE_FILL_AREA(#11123);
#11123 = FILL_AREA_STYLE('',(#11124));
#11124 = FILL_AREA_STYLE_COLOUR('',#10907);
#11125 = OVER_RIDING_STYLED_ITEM('overriding color',(#11126),#3295,
  #10797);
#11126 = PRESENTATION_STYLE_ASSIGNMENT((#11127));
#11127 = SURFACE_STYLE_USAGE(.BOTH.,#11128);
#11128 = SURFACE_SIDE_STYLE('',(#11129));
#11129 = SURFACE_STYLE_FILL_AREA(#11130);
#11130 = FILL_AREA_STYLE('',(#11131));
#11131 = FILL_AREA_STYLE_COLOUR('',#10907);
#11132 = OVER_RIDING_STYLED_ITEM('overriding color',(#11133),#3312,
  #10797);
#11133 = PRESENTATION_STYLE_ASSIGNMENT((#11134));
#11134 = SURFACE_STYLE_USAGE(.BOTH.,#11135);
#11135 = SURFACE_SIDE_STYLE('',(#11136));
#11136 = SURFACE_STYLE_FILL_AREA(#11137);
#11137 = FILL_AREA_STYLE('',(#11138));
#11138 = FILL_AREA_STYLE_COLOUR('',#10907);
#11139 = OVER_RIDING_STYLED_ITEM('overriding color',(#11140),#3346,
  #10797);
#11140 = PRESENTATION_STYLE_ASSIGNMENT((#11141));
#11141 = SURFACE_STYLE_USAGE(.BOTH.,#11142);
#11142 = SURFACE_SIDE_STYLE('',(#11143));
#11143 = SURFACE_STYLE_FILL_AREA(#11144);
#11144 = FILL_AREA_STYLE('',(#11145));
#11145 = FILL_AREA_STYLE_COLOUR('',#10907);
#11146 = OVER_RIDING_STYLED_ITEM('overriding color',(#11147),#3370,
  #10797);
#11147 = PRESENTATION_STYLE_ASSIGNMENT((#11148));
#11148 = SURFACE_STYLE_USAGE(.BOTH.,#11149);
#11149 = SURFACE_SIDE_STYLE('',(#11150));
#11150 = SURFACE_STYLE_FILL_AREA(#11151);
#11151 = FILL_AREA_STYLE('',(#11152));
#11152 = FILL_AREA_STYLE_COLOUR('',#10907);
#11153 = OVER_RIDING_STYLED_ITEM('overriding color',(#11154),#3394,
  #10797);
#11154 = PRESENTATION_STYLE_ASSIGNMENT((#11155));
#11155 = SURFACE_STYLE_USAGE(.BOTH.,#11156);
#11156 = SURFACE_SIDE_STYLE('',(#11157));
#11157 = SURFACE_STYLE_FILL_AREA(#11158);
#11158 = FILL_AREA_STYLE('',(#11159));
#11159 = FILL_AREA_STYLE_COLOUR('',#10907);
#11160 = OVER_RIDING_STYLED_ITEM('overriding color',(#11161),#3418,
  #10797);
#11161 = PRESENTATION_STYLE_ASSIGNMENT((#11162));
#11162 = SURFACE_STYLE_USAGE(.BOTH.,#11163);
#11163 = SURFACE_SIDE_STYLE('',(#11164));
#11164 = SURFACE_STYLE_FILL_AREA(#11165);
#11165 = FILL_AREA_STYLE('',(#11166));
#11166 = FILL_AREA_STYLE_COLOUR('',#10907);
#11167 = OVER_RIDING_STYLED_ITEM('overriding color',(#11168),#3443,
  #10797);
#11168 = PRESENTATION_STYLE_ASSIGNMENT((#11169));
#11169 = SURFACE_STYLE_USAGE(.BOTH.,#11170);
#11170 = SURFACE_SIDE_STYLE('',(#11171));
#11171 = SURFACE_STYLE_FILL_AREA(#11172);
#11172 = FILL_AREA_STYLE('',(#11173));
#11173 = FILL_AREA_STYLE_COLOUR('',#10907);
#11174 = OVER_RIDING_STYLED_ITEM('overriding color',(#11175),#3469,
  #10797);
#11175 = PRESENTATION_STYLE_ASSIGNMENT((#11176));
#11176 = SURFACE_STYLE_USAGE(.BOTH.,#11177);
#11177 = SURFACE_SIDE_STYLE('',(#11178));
#11178 = SURFACE_STYLE_FILL_AREA(#11179);
#11179 = FILL_AREA_STYLE('',(#11180));
#11180 = FILL_AREA_STYLE_COLOUR('',#10907);
#11181 = OVER_RIDING_STYLED_ITEM('overriding color',(#11182),#3503,
  #10797);
#11182 = PRESENTATION_STYLE_ASSIGNMENT((#11183));
#11183 = SURFACE_STYLE_USAGE(.BOTH.,#11184);
#11184 = SURFACE_SIDE_STYLE('',(#11185));
#11185 = SURFACE_STYLE_FILL_AREA(#11186);
#11186 = FILL_AREA_STYLE('',(#11187));
#11187 = FILL_AREA_STYLE_COLOUR('',#10907);
#11188 = OVER_RIDING_STYLED_ITEM('overriding color',(#11189),#3537,
  #10797);
#11189 = PRESENTATION_STYLE_ASSIGNMENT((#11190));
#11190 = SURFACE_STYLE_USAGE(.BOTH.,#11191);
#11191 = SURFACE_SIDE_STYLE('',(#11192));
#11192 = SURFACE_STYLE_FILL_AREA(#11193);
#11193 = FILL_AREA_STYLE('',(#11194));
#11194 = FILL_AREA_STYLE_COLOUR('',#10907);
#11195 = OVER_RIDING_STYLED_ITEM('overriding color',(#11196),#3555,
  #10797);
#11196 = PRESENTATION_STYLE_ASSIGNMENT((#11197));
#11197 = SURFACE_STYLE_USAGE(.BOTH.,#11198);
#11198 = SURFACE_SIDE_STYLE('',(#11199));
#11199 = SURFACE_STYLE_FILL_AREA(#11200);
#11200 = FILL_AREA_STYLE('',(#11201));
#11201 = FILL_AREA_STYLE_COLOUR('',#10907);
#11202 = OVER_RIDING_STYLED_ITEM('overriding color',(#11203),#3573,
  #10797);
#11203 = PRESENTATION_STYLE_ASSIGNMENT((#11204));
#11204 = SURFACE_STYLE_USAGE(.BOTH.,#11205);
#11205 = SURFACE_SIDE_STYLE('',(#11206));
#11206 = SURFACE_STYLE_FILL_AREA(#11207);
#11207 = FILL_AREA_STYLE('',(#11208));
#11208 = FILL_AREA_STYLE_COLOUR('',#10907);
#11209 = OVER_RIDING_STYLED_ITEM('overriding color',(#11210),#3590,
  #10797);
#11210 = PRESENTATION_STYLE_ASSIGNMENT((#11211));
#11211 = SURFACE_STYLE_USAGE(.BOTH.,#11212);
#11212 = SURFACE_SIDE_STYLE('',(#11213));
#11213 = SURFACE_STYLE_FILL_AREA(#11214);
#11214 = FILL_AREA_STYLE('',(#11215));
#11215 = FILL_AREA_STYLE_COLOUR('',#10907);
#11216 = OVER_RIDING_STYLED_ITEM('overriding color',(#11217),#3602,
  #10797);
#11217 = PRESENTATION_STYLE_ASSIGNMENT((#11218));
#11218 = SURFACE_STYLE_USAGE(.BOTH.,#11219);
#11219 = SURFACE_SIDE_STYLE('',(#11220));
#11220 = SURFACE_STYLE_FILL_AREA(#11221);
#11221 = FILL_AREA_STYLE('',(#11222));
#11222 = FILL_AREA_STYLE_COLOUR('',#10907);
#11223 = OVER_RIDING_STYLED_ITEM('overriding color',(#11224),#3662,
  #10797);
#11224 = PRESENTATION_STYLE_ASSIGNMENT((#11225));
#11225 = SURFACE_STYLE_USAGE(.BOTH.,#11226);
#11226 = SURFACE_SIDE_STYLE('',(#11227));
#11227 = SURFACE_STYLE_FILL_AREA(#11228);
#11228 = FILL_AREA_STYLE('',(#11229));
#11229 = FILL_AREA_STYLE_COLOUR('',#10907);
#11230 = OVER_RIDING_STYLED_ITEM('overriding color',(#11231),#3693,
  #10797);
#11231 = PRESENTATION_STYLE_ASSIGNMENT((#11232));
#11232 = SURFACE_STYLE_USAGE(.BOTH.,#11233);
#11233 = SURFACE_SIDE_STYLE('',(#11234));
#11234 = SURFACE_STYLE_FILL_AREA(#11235);
#11235 = FILL_AREA_STYLE('',(#11236));
#11236 = FILL_AREA_STYLE_COLOUR('',#10907);
#11237 = OVER_RIDING_STYLED_ITEM('overriding color',(#11238),#3744,
  #10797);
#11238 = PRESENTATION_STYLE_ASSIGNMENT((#11239));
#11239 = SURFACE_STYLE_USAGE(.BOTH.,#11240);
#11240 = SURFACE_SIDE_STYLE('',(#11241));
#11241 = SURFACE_STYLE_FILL_AREA(#11242);
#11242 = FILL_AREA_STYLE('',(#11243));
#11243 = FILL_AREA_STYLE_COLOUR('',#10907);
#11244 = OVER_RIDING_STYLED_ITEM('overriding color',(#11245),#3775,
  #10797);
#11245 = PRESENTATION_STYLE_ASSIGNMENT((#11246));
#11246 = SURFACE_STYLE_USAGE(.BOTH.,#11247);
#11247 = SURFACE_SIDE_STYLE('',(#11248));
#11248 = SURFACE_STYLE_FILL_AREA(#11249);
#11249 = FILL_AREA_STYLE('',(#11250));
#11250 = FILL_AREA_STYLE_COLOUR('',#10907);
#11251 = OVER_RIDING_STYLED_ITEM('overriding color',(#11252),#3826,
  #10797);
#11252 = PRESENTATION_STYLE_ASSIGNMENT((#11253));
#11253 = SURFACE_STYLE_USAGE(.BOTH.,#11254);
#11254 = SURFACE_SIDE_STYLE('',(#11255));
#11255 = SURFACE_STYLE_FILL_AREA(#11256);
#11256 = FILL_AREA_STYLE('',(#11257));
#11257 = FILL_AREA_STYLE_COLOUR('',#10907);
#11258 = OVER_RIDING_STYLED_ITEM('overriding color',(#11259),#3857,
  #10797);
#11259 = PRESENTATION_STYLE_ASSIGNMENT((#11260));
#11260 = SURFACE_STYLE_USAGE(.BOTH.,#11261);
#11261 = SURFACE_SIDE_STYLE('',(#11262));
#11262 = SURFACE_STYLE_FILL_AREA(#11263);
#11263 = FILL_AREA_STYLE('',(#11264));
#11264 = FILL_AREA_STYLE_COLOUR('',#10907);
#11265 = OVER_RIDING_STYLED_ITEM('overriding color',(#11266),#3908,
  #10797);
#11266 = PRESENTATION_STYLE_ASSIGNMENT((#11267));
#11267 = SURFACE_STYLE_USAGE(.BOTH.,#11268);
#11268 = SURFACE_SIDE_STYLE('',(#11269));
#11269 = SURFACE_STYLE_FILL_AREA(#11270);
#11270 = FILL_AREA_STYLE('',(#11271));
#11271 = FILL_AREA_STYLE_COLOUR('',#10907);
#11272 = OVER_RIDING_STYLED_ITEM('overriding color',(#11273),#3930,
  #10797);
#11273 = PRESENTATION_STYLE_ASSIGNMENT((#11274));
#11274 = SURFACE_STYLE_USAGE(.BOTH.,#11275);
#11275 = SURFACE_SIDE_STYLE('',(#11276));
#11276 = SURFACE_STYLE_FILL_AREA(#11277);
#11277 = FILL_AREA_STYLE('',(#11278));
#11278 = FILL_AREA_STYLE_COLOUR('',#10907);
#11279 = OVER_RIDING_STYLED_ITEM('overriding color',(#11280),#4016,
  #10797);
#11280 = PRESENTATION_STYLE_ASSIGNMENT((#11281));
#11281 = SURFACE_STYLE_USAGE(.BOTH.,#11282);
#11282 = SURFACE_SIDE_STYLE('',(#11283));
#11283 = SURFACE_STYLE_FILL_AREA(#11284);
#11284 = FILL_AREA_STYLE('',(#11285));
#11285 = FILL_AREA_STYLE_COLOUR('',#10907);
#11286 = OVER_RIDING_STYLED_ITEM('overriding color',(#11287),#4040,
  #10797);
#11287 = PRESENTATION_STYLE_ASSIGNMENT((#11288));
#11288 = SURFACE_STYLE_USAGE(.BOTH.,#11289);
#11289 = SURFACE_SIDE_STYLE('',(#11290));
#11290 = SURFACE_STYLE_FILL_AREA(#11291);
#11291 = FILL_AREA_STYLE('',(#11292));
#11292 = FILL_AREA_STYLE_COLOUR('',#10907);
#11293 = OVER_RIDING_STYLED_ITEM('overriding color',(#11294),#4066,
  #10797);
#11294 = PRESENTATION_STYLE_ASSIGNMENT((#11295));
#11295 = SURFACE_STYLE_USAGE(.BOTH.,#11296);
#11296 = SURFACE_SIDE_STYLE('',(#11297));
#11297 = SURFACE_STYLE_FILL_AREA(#11298);
#11298 = FILL_AREA_STYLE('',(#11299));
#11299 = FILL_AREA_STYLE_COLOUR('',#10907);
#11300 = OVER_RIDING_STYLED_ITEM('overriding color',(#11301),#4084,
  #10797);
#11301 = PRESENTATION_STYLE_ASSIGNMENT((#11302));
#11302 = SURFACE_STYLE_USAGE(.BOTH.,#11303);
#11303 = SURFACE_SIDE_STYLE('',(#11304));
#11304 = SURFACE_STYLE_FILL_AREA(#11305);
#11305 = FILL_AREA_STYLE('',(#11306));
#11306 = FILL_AREA_STYLE_COLOUR('',#10907);
#11307 = OVER_RIDING_STYLED_ITEM('overriding color',(#11308),#4102,
  #10797);
#11308 = PRESENTATION_STYLE_ASSIGNMENT((#11309));
#11309 = SURFACE_STYLE_USAGE(.BOTH.,#11310);
#11310 = SURFACE_SIDE_STYLE('',(#11311));
#11311 = SURFACE_STYLE_FILL_AREA(#11312);
#11312 = FILL_AREA_STYLE('',(#11313));
#11313 = FILL_AREA_STYLE_COLOUR('',#10907);
#11314 = OVER_RIDING_STYLED_ITEM('overriding color',(#11315),#4120,
  #10797);
#11315 = PRESENTATION_STYLE_ASSIGNMENT((#11316));
#11316 = SURFACE_STYLE_USAGE(.BOTH.,#11317);
#11317 = SURFACE_SIDE_STYLE('',(#11318));
#11318 = SURFACE_STYLE_FILL_AREA(#11319);
#11319 = FILL_AREA_STYLE('',(#11320));
#11320 = FILL_AREA_STYLE_COLOUR('',#10907);
#11321 = OVER_RIDING_STYLED_ITEM('overriding color',(#11322),#4138,
  #10797);
#11322 = PRESENTATION_STYLE_ASSIGNMENT((#11323));
#11323 = SURFACE_STYLE_USAGE(.BOTH.,#11324);
#11324 = SURFACE_SIDE_STYLE('',(#11325));
#11325 = SURFACE_STYLE_FILL_AREA(#11326);
#11326 = FILL_AREA_STYLE('',(#11327));
#11327 = FILL_AREA_STYLE_COLOUR('',#10907);
#11328 = OVER_RIDING_STYLED_ITEM('overriding color',(#11329),#4164,
  #10797);
#11329 = PRESENTATION_STYLE_ASSIGNMENT((#11330));
#11330 = SURFACE_STYLE_USAGE(.BOTH.,#11331);
#11331 = SURFACE_SIDE_STYLE('',(#11332));
#11332 = SURFACE_STYLE_FILL_AREA(#11333);
#11333 = FILL_AREA_STYLE('',(#11334));
#11334 = FILL_AREA_STYLE_COLOUR('',#10907);
#11335 = OVER_RIDING_STYLED_ITEM('overriding color',(#11336),#4182,
  #10797);
#11336 = PRESENTATION_STYLE_ASSIGNMENT((#11337));
#11337 = SURFACE_STYLE_USAGE(.BOTH.,#11338);
#11338 = SURFACE_SIDE_STYLE('',(#11339));
#11339 = SURFACE_STYLE_FILL_AREA(#11340);
#11340 = FILL_AREA_STYLE('',(#11341));
#11341 = FILL_AREA_STYLE_COLOUR('',#10907);
#11342 = OVER_RIDING_STYLED_ITEM('overriding color',(#11343),#4200,
  #10797);
#11343 = PRESENTATION_STYLE_ASSIGNMENT((#11344));
#11344 = SURFACE_STYLE_USAGE(.BOTH.,#11345);
#11345 = SURFACE_SIDE_STYLE('',(#11346));
#11346 = SURFACE_STYLE_FILL_AREA(#11347);
#11347 = FILL_AREA_STYLE('',(#11348));
#11348 = FILL_AREA_STYLE_COLOUR('',#10907);
#11349 = OVER_RIDING_STYLED_ITEM('overriding color',(#11350),#4226,
  #10797);
#11350 = PRESENTATION_STYLE_ASSIGNMENT((#11351));
#11351 = SURFACE_STYLE_USAGE(.BOTH.,#11352);
#11352 = SURFACE_SIDE_STYLE('',(#11353));
#11353 = SURFACE_STYLE_FILL_AREA(#11354);
#11354 = FILL_AREA_STYLE('',(#11355));
#11355 = FILL_AREA_STYLE_COLOUR('',#10907);
#11356 = OVER_RIDING_STYLED_ITEM('overriding color',(#11357),#4244,
  #10797);
#11357 = PRESENTATION_STYLE_ASSIGNMENT((#11358));
#11358 = SURFACE_STYLE_USAGE(.BOTH.,#11359);
#11359 = SURFACE_SIDE_STYLE('',(#11360));
#11360 = SURFACE_STYLE_FILL_AREA(#11361);
#11361 = FILL_AREA_STYLE('',(#11362));
#11362 = FILL_AREA_STYLE_COLOUR('',#10907);
#11363 = OVER_RIDING_STYLED_ITEM('overriding color',(#11364),#4262,
  #10797);
#11364 = PRESENTATION_STYLE_ASSIGNMENT((#11365));
#11365 = SURFACE_STYLE_USAGE(.BOTH.,#11366);
#11366 = SURFACE_SIDE_STYLE('',(#11367));
#11367 = SURFACE_STYLE_FILL_AREA(#11368);
#11368 = FILL_AREA_STYLE('',(#11369));
#11369 = FILL_AREA_STYLE_COLOUR('',#10907);
#11370 = OVER_RIDING_STYLED_ITEM('overriding color',(#11371),#4280,
  #10797);
#11371 = PRESENTATION_STYLE_ASSIGNMENT((#11372));
#11372 = SURFACE_STYLE_USAGE(.BOTH.,#11373);
#11373 = SURFACE_SIDE_STYLE('',(#11374));
#11374 = SURFACE_STYLE_FILL_AREA(#11375);
#11375 = FILL_AREA_STYLE('',(#11376));
#11376 = FILL_AREA_STYLE_COLOUR('',#10907);
#11377 = OVER_RIDING_STYLED_ITEM('overriding color',(#11378),#4298,
  #10797);
#11378 = PRESENTATION_STYLE_ASSIGNMENT((#11379));
#11379 = SURFACE_STYLE_USAGE(.BOTH.,#11380);
#11380 = SURFACE_SIDE_STYLE('',(#11381));
#11381 = SURFACE_STYLE_FILL_AREA(#11382);
#11382 = FILL_AREA_STYLE('',(#11383));
#11383 = FILL_AREA_STYLE_COLOUR('',#10907);
#11384 = OVER_RIDING_STYLED_ITEM('overriding color',(#11385),#4324,
  #10797);
#11385 = PRESENTATION_STYLE_ASSIGNMENT((#11386));
#11386 = SURFACE_STYLE_USAGE(.BOTH.,#11387);
#11387 = SURFACE_SIDE_STYLE('',(#11388));
#11388 = SURFACE_STYLE_FILL_AREA(#11389);
#11389 = FILL_AREA_STYLE('',(#11390));
#11390 = FILL_AREA_STYLE_COLOUR('',#10907);
#11391 = OVER_RIDING_STYLED_ITEM('overriding color',(#11392),#4676,
  #10797);
#11392 = PRESENTATION_STYLE_ASSIGNMENT((#11393));
#11393 = SURFACE_STYLE_USAGE(.BOTH.,#11394);
#11394 = SURFACE_SIDE_STYLE('',(#11395));
#11395 = SURFACE_STYLE_FILL_AREA(#11396);
#11396 = FILL_AREA_STYLE('',(#11397));
#11397 = FILL_AREA_STYLE_COLOUR('',#11398);
#11398 = DRAUGHTING_PRE_DEFINED_COLOUR('black');
#11399 = OVER_RIDING_STYLED_ITEM('overriding color',(#11400),#4707,
  #10797);
#11400 = PRESENTATION_STYLE_ASSIGNMENT((#11401));
#11401 = SURFACE_STYLE_USAGE(.BOTH.,#11402);
#11402 = SURFACE_SIDE_STYLE('',(#11403));
#11403 = SURFACE_STYLE_FILL_AREA(#11404);
#11404 = FILL_AREA_STYLE('',(#11405));
#11405 = FILL_AREA_STYLE_COLOUR('',#11398);
#11406 = OVER_RIDING_STYLED_ITEM('overriding color',(#11407),#4731,
  #10797);
#11407 = PRESENTATION_STYLE_ASSIGNMENT((#11408));
#11408 = SURFACE_STYLE_USAGE(.BOTH.,#11409);
#11409 = SURFACE_SIDE_STYLE('',(#11410));
#11410 = SURFACE_STYLE_FILL_AREA(#11411);
#11411 = FILL_AREA_STYLE('',(#11412));
#11412 = FILL_AREA_STYLE_COLOUR('',#11398);
#11413 = OVER_RIDING_STYLED_ITEM('overriding color',(#11414),#4755,
  #10797);
#11414 = PRESENTATION_STYLE_ASSIGNMENT((#11415));
#11415 = SURFACE_STYLE_USAGE(.BOTH.,#11416);
#11416 = SURFACE_SIDE_STYLE('',(#11417));
#11417 = SURFACE_STYLE_FILL_AREA(#11418);
#11418 = FILL_AREA_STYLE('',(#11419));
#11419 = FILL_AREA_STYLE_COLOUR('',#11398);
#11420 = OVER_RIDING_STYLED_ITEM('overriding color',(#11421),#4779,
  #10797);
#11421 = PRESENTATION_STYLE_ASSIGNMENT((#11422));
#11422 = SURFACE_STYLE_USAGE(.BOTH.,#11423);
#11423 = SURFACE_SIDE_STYLE('',(#11424));
#11424 = SURFACE_STYLE_FILL_AREA(#11425);
#11425 = FILL_AREA_STYLE('',(#11426));
#11426 = FILL_AREA_STYLE_COLOUR('',#11398);
#11427 = OVER_RIDING_STYLED_ITEM('overriding color',(#11428),#4803,
  #10797);
#11428 = PRESENTATION_STYLE_ASSIGNMENT((#11429));
#11429 = SURFACE_STYLE_USAGE(.BOTH.,#11430);
#11430 = SURFACE_SIDE_STYLE('',(#11431));
#11431 = SURFACE_STYLE_FILL_AREA(#11432);
#11432 = FILL_AREA_STYLE('',(#11433));
#11433 = FILL_AREA_STYLE_COLOUR('',#11398);
#11434 = OVER_RIDING_STYLED_ITEM('overriding color',(#11435),#4820,
  #10797);
#11435 = PRESENTATION_STYLE_ASSIGNMENT((#11436));
#11436 = SURFACE_STYLE_USAGE(.BOTH.,#11437);
#11437 = SURFACE_SIDE_STYLE('',(#11438));
#11438 = SURFACE_STYLE_FILL_AREA(#11439);
#11439 = FILL_AREA_STYLE('',(#11440));
#11440 = FILL_AREA_STYLE_COLOUR('',#11398);
#11441 = OVER_RIDING_STYLED_ITEM('overriding color',(#11442),#4834,
  #10797);
#11442 = PRESENTATION_STYLE_ASSIGNMENT((#11443));
#11443 = SURFACE_STYLE_USAGE(.BOTH.,#11444);
#11444 = SURFACE_SIDE_STYLE('',(#11445));
#11445 = SURFACE_STYLE_FILL_AREA(#11446);
#11446 = FILL_AREA_STYLE('',(#11447));
#11447 = FILL_AREA_STYLE_COLOUR('',#11398);
#11448 = OVER_RIDING_STYLED_ITEM('overriding color',(#11449),#4870,
  #10797);
#11449 = PRESENTATION_STYLE_ASSIGNMENT((#11450));
#11450 = SURFACE_STYLE_USAGE(.BOTH.,#11451);
#11451 = SURFACE_SIDE_STYLE('',(#11452));
#11452 = SURFACE_STYLE_FILL_AREA(#11453);
#11453 = FILL_AREA_STYLE('',(#11454));
#11454 = FILL_AREA_STYLE_COLOUR('',#11398);
#11455 = OVER_RIDING_STYLED_ITEM('overriding color',(#11456),#4894,
  #10797);
#11456 = PRESENTATION_STYLE_ASSIGNMENT((#11457));
#11457 = SURFACE_STYLE_USAGE(.BOTH.,#11458);
#11458 = SURFACE_SIDE_STYLE('',(#11459));
#11459 = SURFACE_STYLE_FILL_AREA(#11460);
#11460 = FILL_AREA_STYLE('',(#11461));
#11461 = FILL_AREA_STYLE_COLOUR('',#11398);
#11462 = OVER_RIDING_STYLED_ITEM('overriding color',(#11463),#4923,
  #10797);
#11463 = PRESENTATION_STYLE_ASSIGNMENT((#11464));
#11464 = SURFACE_STYLE_USAGE(.BOTH.,#11465);
#11465 = SURFACE_SIDE_STYLE('',(#11466));
#11466 = SURFACE_STYLE_FILL_AREA(#11467);
#11467 = FILL_AREA_STYLE('',(#11468));
#11468 = FILL_AREA_STYLE_COLOUR('',#11398);
#11469 = OVER_RIDING_STYLED_ITEM('overriding color',(#11470),#4952,
  #10797);
#11470 = PRESENTATION_STYLE_ASSIGNMENT((#11471));
#11471 = SURFACE_STYLE_USAGE(.BOTH.,#11472);
#11472 = SURFACE_SIDE_STYLE('',(#11473));
#11473 = SURFACE_STYLE_FILL_AREA(#11474);
#11474 = FILL_AREA_STYLE('',(#11475));
#11475 = FILL_AREA_STYLE_COLOUR('',#11398);
#11476 = OVER_RIDING_STYLED_ITEM('overriding color',(#11477),#4981,
  #10797);
#11477 = PRESENTATION_STYLE_ASSIGNMENT((#11478));
#11478 = SURFACE_STYLE_USAGE(.BOTH.,#11479);
#11479 = SURFACE_SIDE_STYLE('',(#11480));
#11480 = SURFACE_STYLE_FILL_AREA(#11481);
#11481 = FILL_AREA_STYLE('',(#11482));
#11482 = FILL_AREA_STYLE_COLOUR('',#11398);
#11483 = OVER_RIDING_STYLED_ITEM('overriding color',(#11484),#5010,
  #10797);
#11484 = PRESENTATION_STYLE_ASSIGNMENT((#11485));
#11485 = SURFACE_STYLE_USAGE(.BOTH.,#11486);
#11486 = SURFACE_SIDE_STYLE('',(#11487));
#11487 = SURFACE_STYLE_FILL_AREA(#11488);
#11488 = FILL_AREA_STYLE('',(#11489));
#11489 = FILL_AREA_STYLE_COLOUR('',#11398);
#11490 = OVER_RIDING_STYLED_ITEM('overriding color',(#11491),#5039,
  #10797);
#11491 = PRESENTATION_STYLE_ASSIGNMENT((#11492));
#11492 = SURFACE_STYLE_USAGE(.BOTH.,#11493);
#11493 = SURFACE_SIDE_STYLE('',(#11494));
#11494 = SURFACE_STYLE_FILL_AREA(#11495);
#11495 = FILL_AREA_STYLE('',(#11496));
#11496 = FILL_AREA_STYLE_COLOUR('',#11398);
#11497 = OVER_RIDING_STYLED_ITEM('overriding color',(#11498),#5068,
  #10797);
#11498 = PRESENTATION_STYLE_ASSIGNMENT((#11499));
#11499 = SURFACE_STYLE_USAGE(.BOTH.,#11500);
#11500 = SURFACE_SIDE_STYLE('',(#11501));
#11501 = SURFACE_STYLE_FILL_AREA(#11502);
#11502 = FILL_AREA_STYLE('',(#11503));
#11503 = FILL_AREA_STYLE_COLOUR('',#11398);
#11504 = OVER_RIDING_STYLED_ITEM('overriding color',(#11505),#5092,
  #10797);
#11505 = PRESENTATION_STYLE_ASSIGNMENT((#11506));
#11506 = SURFACE_STYLE_USAGE(.BOTH.,#11507);
#11507 = SURFACE_SIDE_STYLE('',(#11508));
#11508 = SURFACE_STYLE_FILL_AREA(#11509);
#11509 = FILL_AREA_STYLE('',(#11510));
#11510 = FILL_AREA_STYLE_COLOUR('',#11398);
#11511 = OVER_RIDING_STYLED_ITEM('overriding color',(#11512),#5121,
  #10797);
#11512 = PRESENTATION_STYLE_ASSIGNMENT((#11513));
#11513 = SURFACE_STYLE_USAGE(.BOTH.,#11514);
#11514 = SURFACE_SIDE_STYLE('',(#11515));
#11515 = SURFACE_STYLE_FILL_AREA(#11516);
#11516 = FILL_AREA_STYLE('',(#11517));
#11517 = FILL_AREA_STYLE_COLOUR('',#11398);
#11518 = OVER_RIDING_STYLED_ITEM('overriding color',(#11519),#5150,
  #10797);
#11519 = PRESENTATION_STYLE_ASSIGNMENT((#11520));
#11520 = SURFACE_STYLE_USAGE(.BOTH.,#11521);
#11521 = SURFACE_SIDE_STYLE('',(#11522));
#11522 = SURFACE_STYLE_FILL_AREA(#11523);
#11523 = FILL_AREA_STYLE('',(#11524));
#11524 = FILL_AREA_STYLE_COLOUR('',#11398);
#11525 = OVER_RIDING_STYLED_ITEM('overriding color',(#11526),#5179,
  #10797);
#11526 = PRESENTATION_STYLE_ASSIGNMENT((#11527));
#11527 = SURFACE_STYLE_USAGE(.BOTH.,#11528);
#11528 = SURFACE_SIDE_STYLE('',(#11529));
#11529 = SURFACE_STYLE_FILL_AREA(#11530);
#11530 = FILL_AREA_STYLE('',(#11531));
#11531 = FILL_AREA_STYLE_COLOUR('',#11398);
#11532 = OVER_RIDING_STYLED_ITEM('overriding color',(#11533),#5208,
  #10797);
#11533 = PRESENTATION_STYLE_ASSIGNMENT((#11534));
#11534 = SURFACE_STYLE_USAGE(.BOTH.,#11535);
#11535 = SURFACE_SIDE_STYLE('',(#11536));
#11536 = SURFACE_STYLE_FILL_AREA(#11537);
#11537 = FILL_AREA_STYLE('',(#11538));
#11538 = FILL_AREA_STYLE_COLOUR('',#11398);
#11539 = OVER_RIDING_STYLED_ITEM('overriding color',(#11540),#5230,
  #10797);
#11540 = PRESENTATION_STYLE_ASSIGNMENT((#11541));
#11541 = SURFACE_STYLE_USAGE(.BOTH.,#11542);
#11542 = SURFACE_SIDE_STYLE('',(#11543));
#11543 = SURFACE_STYLE_FILL_AREA(#11544);
#11544 = FILL_AREA_STYLE('',(#11545));
#11545 = FILL_AREA_STYLE_COLOUR('',#11398);
#11546 = OVER_RIDING_STYLED_ITEM('overriding color',(#11547),#5252,
  #10797);
#11547 = PRESENTATION_STYLE_ASSIGNMENT((#11548));
#11548 = SURFACE_STYLE_USAGE(.BOTH.,#11549);
#11549 = SURFACE_SIDE_STYLE('',(#11550));
#11550 = SURFACE_STYLE_FILL_AREA(#11551);
#11551 = FILL_AREA_STYLE('',(#11552));
#11552 = FILL_AREA_STYLE_COLOUR('',#11398);
#11553 = OVER_RIDING_STYLED_ITEM('overriding color',(#11554),#5283,
  #10797);
#11554 = PRESENTATION_STYLE_ASSIGNMENT((#11555));
#11555 = SURFACE_STYLE_USAGE(.BOTH.,#11556);
#11556 = SURFACE_SIDE_STYLE('',(#11557));
#11557 = SURFACE_STYLE_FILL_AREA(#11558);
#11558 = FILL_AREA_STYLE('',(#11559));
#11559 = FILL_AREA_STYLE_COLOUR('',#11398);
#11560 = OVER_RIDING_STYLED_ITEM('overriding color',(#11561),#5307,
  #10797);
#11561 = PRESENTATION_STYLE_ASSIGNMENT((#11562));
#11562 = SURFACE_STYLE_USAGE(.BOTH.,#11563);
#11563 = SURFACE_SIDE_STYLE('',(#11564));
#11564 = SURFACE_STYLE_FILL_AREA(#11565);
#11565 = FILL_AREA_STYLE('',(#11566));
#11566 = FILL_AREA_STYLE_COLOUR('',#11398);
#11567 = OVER_RIDING_STYLED_ITEM('overriding color',(#11568),#5331,
  #10797);
#11568 = PRESENTATION_STYLE_ASSIGNMENT((#11569));
#11569 = SURFACE_STYLE_USAGE(.BOTH.,#11570);
#11570 = SURFACE_SIDE_STYLE('',(#11571));
#11571 = SURFACE_STYLE_FILL_AREA(#11572);
#11572 = FILL_AREA_STYLE('',(#11573));
#11573 = FILL_AREA_STYLE_COLOUR('',#11398);
#11574 = OVER_RIDING_STYLED_ITEM('overriding color',(#11575),#5355,
  #10797);
#11575 = PRESENTATION_STYLE_ASSIGNMENT((#11576));
#11576 = SURFACE_STYLE_USAGE(.BOTH.,#11577);
#11577 = SURFACE_SIDE_STYLE('',(#11578));
#11578 = SURFACE_STYLE_FILL_AREA(#11579);
#11579 = FILL_AREA_STYLE('',(#11580));
#11580 = FILL_AREA_STYLE_COLOUR('',#11398);
#11581 = OVER_RIDING_STYLED_ITEM('overriding color',(#11582),#5379,
  #10797);
#11582 = PRESENTATION_STYLE_ASSIGNMENT((#11583));
#11583 = SURFACE_STYLE_USAGE(.BOTH.,#11584);
#11584 = SURFACE_SIDE_STYLE('',(#11585));
#11585 = SURFACE_STYLE_FILL_AREA(#11586);
#11586 = FILL_AREA_STYLE('',(#11587));
#11587 = FILL_AREA_STYLE_COLOUR('',#11398);
#11588 = OVER_RIDING_STYLED_ITEM('overriding color',(#11589),#5403,
  #10797);
#11589 = PRESENTATION_STYLE_ASSIGNMENT((#11590));
#11590 = SURFACE_STYLE_USAGE(.BOTH.,#11591);
#11591 = SURFACE_SIDE_STYLE('',(#11592));
#11592 = SURFACE_STYLE_FILL_AREA(#11593);
#11593 = FILL_AREA_STYLE('',(#11594));
#11594 = FILL_AREA_STYLE_COLOUR('',#11398);
#11595 = OVER_RIDING_STYLED_ITEM('overriding color',(#11596),#5427,
  #10797);
#11596 = PRESENTATION_STYLE_ASSIGNMENT((#11597));
#11597 = SURFACE_STYLE_USAGE(.BOTH.,#11598);
#11598 = SURFACE_SIDE_STYLE('',(#11599));
#11599 = SURFACE_STYLE_FILL_AREA(#11600);
#11600 = FILL_AREA_STYLE('',(#11601));
#11601 = FILL_AREA_STYLE_COLOUR('',#11398);
#11602 = OVER_RIDING_STYLED_ITEM('overriding color',(#11603),#5451,
  #10797);
#11603 = PRESENTATION_STYLE_ASSIGNMENT((#11604));
#11604 = SURFACE_STYLE_USAGE(.BOTH.,#11605);
#11605 = SURFACE_SIDE_STYLE('',(#11606));
#11606 = SURFACE_STYLE_FILL_AREA(#11607);
#11607 = FILL_AREA_STYLE('',(#11608));
#11608 = FILL_AREA_STYLE_COLOUR('',#11398);
#11609 = OVER_RIDING_STYLED_ITEM('overriding color',(#11610),#5475,
  #10797);
#11610 = PRESENTATION_STYLE_ASSIGNMENT((#11611));
#11611 = SURFACE_STYLE_USAGE(.BOTH.,#11612);
#11612 = SURFACE_SIDE_STYLE('',(#11613));
#11613 = SURFACE_STYLE_FILL_AREA(#11614);
#11614 = FILL_AREA_STYLE('',(#11615));
#11615 = FILL_AREA_STYLE_COLOUR('',#11398);
#11616 = OVER_RIDING_STYLED_ITEM('overriding color',(#11617),#5499,
  #10797);
#11617 = PRESENTATION_STYLE_ASSIGNMENT((#11618));
#11618 = SURFACE_STYLE_USAGE(.BOTH.,#11619);
#11619 = SURFACE_SIDE_STYLE('',(#11620));
#11620 = SURFACE_STYLE_FILL_AREA(#11621);
#11621 = FILL_AREA_STYLE('',(#11622));
#11622 = FILL_AREA_STYLE_COLOUR('',#11398);
#11623 = OVER_RIDING_STYLED_ITEM('overriding color',(#11624),#5523,
  #10797);
#11624 = PRESENTATION_STYLE_ASSIGNMENT((#11625));
#11625 = SURFACE_STYLE_USAGE(.BOTH.,#11626);
#11626 = SURFACE_SIDE_STYLE('',(#11627));
#11627 = SURFACE_STYLE_FILL_AREA(#11628);
#11628 = FILL_AREA_STYLE('',(#11629));
#11629 = FILL_AREA_STYLE_COLOUR('',#11398);
#11630 = OVER_RIDING_STYLED_ITEM('overriding color',(#11631),#5540,
  #10797);
#11631 = PRESENTATION_STYLE_ASSIGNMENT((#11632));
#11632 = SURFACE_STYLE_USAGE(.BOTH.,#11633);
#11633 = SURFACE_SIDE_STYLE('',(#11634));
#11634 = SURFACE_STYLE_FILL_AREA(#11635);
#11635 = FILL_AREA_STYLE('',(#11636));
#11636 = FILL_AREA_STYLE_COLOUR('',#11398);
#11637 = OVER_RIDING_STYLED_ITEM('overriding color',(#11638),#5560,
  #10797);
#11638 = PRESENTATION_STYLE_ASSIGNMENT((#11639));
#11639 = SURFACE_STYLE_USAGE(.BOTH.,#11640);
#11640 = SURFACE_SIDE_STYLE('',(#11641));
#11641 = SURFACE_STYLE_FILL_AREA(#11642);
#11642 = FILL_AREA_STYLE('',(#11643));
#11643 = FILL_AREA_STYLE_COLOUR('',#11398);
#11644 = OVER_RIDING_STYLED_ITEM('overriding color',(#11645),#5690,
  #10797);
#11645 = PRESENTATION_STYLE_ASSIGNMENT((#11646));
#11646 = SURFACE_STYLE_USAGE(.BOTH.,#11647);
#11647 = SURFACE_SIDE_STYLE('',(#11648));
#11648 = SURFACE_STYLE_FILL_AREA(#11649);
#11649 = FILL_AREA_STYLE('',(#11650));
#11650 = FILL_AREA_STYLE_COLOUR('',#11398);
#11651 = OVER_RIDING_STYLED_ITEM('overriding color',(#11652),#5712,
  #10797);
#11652 = PRESENTATION_STYLE_ASSIGNMENT((#11653));
#11653 = SURFACE_STYLE_USAGE(.BOTH.,#11654);
#11654 = SURFACE_SIDE_STYLE('',(#11655));
#11655 = SURFACE_STYLE_FILL_AREA(#11656);
#11656 = FILL_AREA_STYLE('',(#11657));
#11657 = FILL_AREA_STYLE_COLOUR('',#11398);
#11658 = OVER_RIDING_STYLED_ITEM('overriding color',(#11659),#5733,
  #10797);
#11659 = PRESENTATION_STYLE_ASSIGNMENT((#11660));
#11660 = SURFACE_STYLE_USAGE(.BOTH.,#11661);
#11661 = SURFACE_SIDE_STYLE('',(#11662));
#11662 = SURFACE_STYLE_FILL_AREA(#11663);
#11663 = FILL_AREA_STYLE('',(#11664));
#11664 = FILL_AREA_STYLE_COLOUR('',#11398);
#11665 = OVER_RIDING_STYLED_ITEM('overriding color',(#11666),#5754,
  #10797);
#11666 = PRESENTATION_STYLE_ASSIGNMENT((#11667));
#11667 = SURFACE_STYLE_USAGE(.BOTH.,#11668);
#11668 = SURFACE_SIDE_STYLE('',(#11669));
#11669 = SURFACE_STYLE_FILL_AREA(#11670);
#11670 = FILL_AREA_STYLE('',(#11671));
#11671 = FILL_AREA_STYLE_COLOUR('',#11398);
#11672 = OVER_RIDING_STYLED_ITEM('overriding color',(#11673),#5775,
  #10797);
#11673 = PRESENTATION_STYLE_ASSIGNMENT((#11674));
#11674 = SURFACE_STYLE_USAGE(.BOTH.,#11675);
#11675 = SURFACE_SIDE_STYLE('',(#11676));
#11676 = SURFACE_STYLE_FILL_AREA(#11677);
#11677 = FILL_AREA_STYLE('',(#11678));
#11678 = FILL_AREA_STYLE_COLOUR('',#11398);
#11679 = OVER_RIDING_STYLED_ITEM('overriding color',(#11680),#5796,
  #10797);
#11680 = PRESENTATION_STYLE_ASSIGNMENT((#11681));
#11681 = SURFACE_STYLE_USAGE(.BOTH.,#11682);
#11682 = SURFACE_SIDE_STYLE('',(#11683));
#11683 = SURFACE_STYLE_FILL_AREA(#11684);
#11684 = FILL_AREA_STYLE('',(#11685));
#11685 = FILL_AREA_STYLE_COLOUR('',#11398);
#11686 = OVER_RIDING_STYLED_ITEM('overriding color',(#11687),#5813,
  #10797);
#11687 = PRESENTATION_STYLE_ASSIGNMENT((#11688));
#11688 = SURFACE_STYLE_USAGE(.BOTH.,#11689);
#11689 = SURFACE_SIDE_STYLE('',(#11690));
#11690 = SURFACE_STYLE_FILL_AREA(#11691);
#11691 = FILL_AREA_STYLE('',(#11692));
#11692 = FILL_AREA_STYLE_COLOUR('',#11398);
#11693 = OVER_RIDING_STYLED_ITEM('overriding color',(#11694),#5825,
  #10797);
#11694 = PRESENTATION_STYLE_ASSIGNMENT((#11695));
#11695 = SURFACE_STYLE_USAGE(.BOTH.,#11696);
#11696 = SURFACE_SIDE_STYLE('',(#11697));
#11697 = SURFACE_STYLE_FILL_AREA(#11698);
#11698 = FILL_AREA_STYLE('',(#11699));
#11699 = FILL_AREA_STYLE_COLOUR('',#11398);
#11700 = OVER_RIDING_STYLED_ITEM('overriding color',(#11701),#5856,
  #10797);
#11701 = PRESENTATION_STYLE_ASSIGNMENT((#11702));
#11702 = SURFACE_STYLE_USAGE(.BOTH.,#11703);
#11703 = SURFACE_SIDE_STYLE('',(#11704));
#11704 = SURFACE_STYLE_FILL_AREA(#11705);
#11705 = FILL_AREA_STYLE('',(#11706));
#11706 = FILL_AREA_STYLE_COLOUR('',#11398);
#11707 = OVER_RIDING_STYLED_ITEM('overriding color',(#11708),#5880,
  #10797);
#11708 = PRESENTATION_STYLE_ASSIGNMENT((#11709));
#11709 = SURFACE_STYLE_USAGE(.BOTH.,#11710);
#11710 = SURFACE_SIDE_STYLE('',(#11711));
#11711 = SURFACE_STYLE_FILL_AREA(#11712);
#11712 = FILL_AREA_STYLE('',(#11713));
#11713 = FILL_AREA_STYLE_COLOUR('',#11398);
#11714 = OVER_RIDING_STYLED_ITEM('overriding color',(#11715),#5904,
  #10797);
#11715 = PRESENTATION_STYLE_ASSIGNMENT((#11716));
#11716 = SURFACE_STYLE_USAGE(.BOTH.,#11717);
#11717 = SURFACE_SIDE_STYLE('',(#11718));
#11718 = SURFACE_STYLE_FILL_AREA(#11719);
#11719 = FILL_AREA_STYLE('',(#11720));
#11720 = FILL_AREA_STYLE_COLOUR('',#11398);
#11721 = OVER_RIDING_STYLED_ITEM('overriding color',(#11722),#5933,
  #10797);
#11722 = PRESENTATION_STYLE_ASSIGNMENT((#11723));
#11723 = SURFACE_STYLE_USAGE(.BOTH.,#11724);
#11724 = SURFACE_SIDE_STYLE('',(#11725));
#11725 = SURFACE_STYLE_FILL_AREA(#11726);
#11726 = FILL_AREA_STYLE('',(#11727));
#11727 = FILL_AREA_STYLE_COLOUR('',#11398);
#11728 = OVER_RIDING_STYLED_ITEM('overriding color',(#11729),#5962,
  #10797);
#11729 = PRESENTATION_STYLE_ASSIGNMENT((#11730));
#11730 = SURFACE_STYLE_USAGE(.BOTH.,#11731);
#11731 = SURFACE_SIDE_STYLE('',(#11732));
#11732 = SURFACE_STYLE_FILL_AREA(#11733);
#11733 = FILL_AREA_STYLE('',(#11734));
#11734 = FILL_AREA_STYLE_COLOUR('',#11398);
#11735 = OVER_RIDING_STYLED_ITEM('overriding color',(#11736),#5991,
  #10797);
#11736 = PRESENTATION_STYLE_ASSIGNMENT((#11737));
#11737 = SURFACE_STYLE_USAGE(.BOTH.,#11738);
#11738 = SURFACE_SIDE_STYLE('',(#11739));
#11739 = SURFACE_STYLE_FILL_AREA(#11740);
#11740 = FILL_AREA_STYLE('',(#11741));
#11741 = FILL_AREA_STYLE_COLOUR('',#11398);
#11742 = OVER_RIDING_STYLED_ITEM('overriding color',(#11743),#6028,
  #10797);
#11743 = PRESENTATION_STYLE_ASSIGNMENT((#11744));
#11744 = SURFACE_STYLE_USAGE(.BOTH.,#11745);
#11745 = SURFACE_SIDE_STYLE('',(#11746));
#11746 = SURFACE_STYLE_FILL_AREA(#11747);
#11747 = FILL_AREA_STYLE('',(#11748));
#11748 = FILL_AREA_STYLE_COLOUR('',#11398);
#11749 = OVER_RIDING_STYLED_ITEM('overriding color',(#11750),#6152,
  #10797);
#11750 = PRESENTATION_STYLE_ASSIGNMENT((#11751));
#11751 = SURFACE_STYLE_USAGE(.BOTH.,#11752);
#11752 = SURFACE_SIDE_STYLE('',(#11753));
#11753 = SURFACE_STYLE_FILL_AREA(#11754);
#11754 = FILL_AREA_STYLE('',(#11755));
#11755 = FILL_AREA_STYLE_COLOUR('',#11398);
#11756 = OVER_RIDING_STYLED_ITEM('overriding color',(#11757),#6174,
  #10797);
#11757 = PRESENTATION_STYLE_ASSIGNMENT((#11758));
#11758 = SURFACE_STYLE_USAGE(.BOTH.,#11759);
#11759 = SURFACE_SIDE_STYLE('',(#11760));
#11760 = SURFACE_STYLE_FILL_AREA(#11761);
#11761 = FILL_AREA_STYLE('',(#11762));
#11762 = FILL_AREA_STYLE_COLOUR('',#11398);
#11763 = OVER_RIDING_STYLED_ITEM('overriding color',(#11764),#6191,
  #10797);
#11764 = PRESENTATION_STYLE_ASSIGNMENT((#11765));
#11765 = SURFACE_STYLE_USAGE(.BOTH.,#11766);
#11766 = SURFACE_SIDE_STYLE('',(#11767));
#11767 = SURFACE_STYLE_FILL_AREA(#11768);
#11768 = FILL_AREA_STYLE('',(#11769));
#11769 = FILL_AREA_STYLE_COLOUR('',#11398);
#11770 = OVER_RIDING_STYLED_ITEM('overriding color',(#11771),#6208,
  #10797);
#11771 = PRESENTATION_STYLE_ASSIGNMENT((#11772));
#11772 = SURFACE_STYLE_USAGE(.BOTH.,#11773);
#11773 = SURFACE_SIDE_STYLE('',(#11774));
#11774 = SURFACE_STYLE_FILL_AREA(#11775);
#11775 = FILL_AREA_STYLE('',(#11776));
#11776 = FILL_AREA_STYLE_COLOUR('',#11398);
#11777 = OVER_RIDING_STYLED_ITEM('overriding color',(#11778),#6225,
  #10797);
#11778 = PRESENTATION_STYLE_ASSIGNMENT((#11779));
#11779 = SURFACE_STYLE_USAGE(.BOTH.,#11780);
#11780 = SURFACE_SIDE_STYLE('',(#11781));
#11781 = SURFACE_STYLE_FILL_AREA(#11782);
#11782 = FILL_AREA_STYLE('',(#11783));
#11783 = FILL_AREA_STYLE_COLOUR('',#11398);
#11784 = OVER_RIDING_STYLED_ITEM('overriding color',(#11785),#6242,
  #10797);
#11785 = PRESENTATION_STYLE_ASSIGNMENT((#11786));
#11786 = SURFACE_STYLE_USAGE(.BOTH.,#11787);
#11787 = SURFACE_SIDE_STYLE('',(#11788));
#11788 = SURFACE_STYLE_FILL_AREA(#11789);
#11789 = FILL_AREA_STYLE('',(#11790));
#11790 = FILL_AREA_STYLE_COLOUR('',#11398);
#11791 = OVER_RIDING_STYLED_ITEM('overriding color',(#11792),#6259,
  #10797);
#11792 = PRESENTATION_STYLE_ASSIGNMENT((#11793));
#11793 = SURFACE_STYLE_USAGE(.BOTH.,#11794);
#11794 = SURFACE_SIDE_STYLE('',(#11795));
#11795 = SURFACE_STYLE_FILL_AREA(#11796);
#11796 = FILL_AREA_STYLE('',(#11797));
#11797 = FILL_AREA_STYLE_COLOUR('',#11398);
#11798 = OVER_RIDING_STYLED_ITEM('overriding color',(#11799),#6276,
  #10797);
#11799 = PRESENTATION_STYLE_ASSIGNMENT((#11800));
#11800 = SURFACE_STYLE_USAGE(.BOTH.,#11801);
#11801 = SURFACE_SIDE_STYLE('',(#11802));
#11802 = SURFACE_STYLE_FILL_AREA(#11803);
#11803 = FILL_AREA_STYLE('',(#11804));
#11804 = FILL_AREA_STYLE_COLOUR('',#11398);
#11805 = OVER_RIDING_STYLED_ITEM('overriding color',(#11806),#6288,
  #10797);
#11806 = PRESENTATION_STYLE_ASSIGNMENT((#11807));
#11807 = SURFACE_STYLE_USAGE(.BOTH.,#11808);
#11808 = SURFACE_SIDE_STYLE('',(#11809));
#11809 = SURFACE_STYLE_FILL_AREA(#11810);
#11810 = FILL_AREA_STYLE('',(#11811));
#11811 = FILL_AREA_STYLE_COLOUR('',#11398);
#11812 = OVER_RIDING_STYLED_ITEM('overriding color',(#11813),#6319,
  #10797);
#11813 = PRESENTATION_STYLE_ASSIGNMENT((#11814));
#11814 = SURFACE_STYLE_USAGE(.BOTH.,#11815);
#11815 = SURFACE_SIDE_STYLE('',(#11816));
#11816 = SURFACE_STYLE_FILL_AREA(#11817);
#11817 = FILL_AREA_STYLE('',(#11818));
#11818 = FILL_AREA_STYLE_COLOUR('',#11398);
#11819 = OVER_RIDING_STYLED_ITEM('overriding color',(#11820),#6343,
  #10797);
#11820 = PRESENTATION_STYLE_ASSIGNMENT((#11821));
#11821 = SURFACE_STYLE_USAGE(.BOTH.,#11822);
#11822 = SURFACE_SIDE_STYLE('',(#11823));
#11823 = SURFACE_STYLE_FILL_AREA(#11824);
#11824 = FILL_AREA_STYLE('',(#11825));
#11825 = FILL_AREA_STYLE_COLOUR('',#11398);
#11826 = OVER_RIDING_STYLED_ITEM('overriding color',(#11827),#6372,
  #10797);
#11827 = PRESENTATION_STYLE_ASSIGNMENT((#11828));
#11828 = SURFACE_STYLE_USAGE(.BOTH.,#11829);
#11829 = SURFACE_SIDE_STYLE('',(#11830));
#11830 = SURFACE_STYLE_FILL_AREA(#11831);
#11831 = FILL_AREA_STYLE('',(#11832));
#11832 = FILL_AREA_STYLE_COLOUR('',#11398);
#11833 = OVER_RIDING_STYLED_ITEM('overriding color',(#11834),#6396,
  #10797);
#11834 = PRESENTATION_STYLE_ASSIGNMENT((#11835));
#11835 = SURFACE_STYLE_USAGE(.BOTH.,#11836);
#11836 = SURFACE_SIDE_STYLE('',(#11837));
#11837 = SURFACE_STYLE_FILL_AREA(#11838);
#11838 = FILL_AREA_STYLE('',(#11839));
#11839 = FILL_AREA_STYLE_COLOUR('',#11398);
#11840 = OVER_RIDING_STYLED_ITEM('overriding color',(#11841),#6425,
  #10797);
#11841 = PRESENTATION_STYLE_ASSIGNMENT((#11842));
#11842 = SURFACE_STYLE_USAGE(.BOTH.,#11843);
#11843 = SURFACE_SIDE_STYLE('',(#11844));
#11844 = SURFACE_STYLE_FILL_AREA(#11845);
#11845 = FILL_AREA_STYLE('',(#11846));
#11846 = FILL_AREA_STYLE_COLOUR('',#11398);
#11847 = OVER_RIDING_STYLED_ITEM('overriding color',(#11848),#6456,
  #10797);
#11848 = PRESENTATION_STYLE_ASSIGNMENT((#11849));
#11849 = SURFACE_STYLE_USAGE(.BOTH.,#11850);
#11850 = SURFACE_SIDE_STYLE('',(#11851));
#11851 = SURFACE_STYLE_FILL_AREA(#11852);
#11852 = FILL_AREA_STYLE('',(#11853));
#11853 = FILL_AREA_STYLE_COLOUR('',#11398);
#11854 = OVER_RIDING_STYLED_ITEM('overriding color',(#11855),#6487,
  #10797);
#11855 = PRESENTATION_STYLE_ASSIGNMENT((#11856));
#11856 = SURFACE_STYLE_USAGE(.BOTH.,#11857);
#11857 = SURFACE_SIDE_STYLE('',(#11858));
#11858 = SURFACE_STYLE_FILL_AREA(#11859);
#11859 = FILL_AREA_STYLE('',(#11860));
#11860 = FILL_AREA_STYLE_COLOUR('',#11398);
#11861 = OVER_RIDING_STYLED_ITEM('overriding color',(#11862),#6511,
  #10797);
#11862 = PRESENTATION_STYLE_ASSIGNMENT((#11863));
#11863 = SURFACE_STYLE_USAGE(.BOTH.,#11864);
#11864 = SURFACE_SIDE_STYLE('',(#11865));
#11865 = SURFACE_STYLE_FILL_AREA(#11866);
#11866 = FILL_AREA_STYLE('',(#11867));
#11867 = FILL_AREA_STYLE_COLOUR('',#11398);
#11868 = OVER_RIDING_STYLED_ITEM('overriding color',(#11869),#6535,
  #10797);
#11869 = PRESENTATION_STYLE_ASSIGNMENT((#11870));
#11870 = SURFACE_STYLE_USAGE(.BOTH.,#11871);
#11871 = SURFACE_SIDE_STYLE('',(#11872));
#11872 = SURFACE_STYLE_FILL_AREA(#11873);
#11873 = FILL_AREA_STYLE('',(#11874));
#11874 = FILL_AREA_STYLE_COLOUR('',#11398);
#11875 = OVER_RIDING_STYLED_ITEM('overriding color',(#11876),#6559,
  #10797);
#11876 = PRESENTATION_STYLE_ASSIGNMENT((#11877));
#11877 = SURFACE_STYLE_USAGE(.BOTH.,#11878);
#11878 = SURFACE_SIDE_STYLE('',(#11879));
#11879 = SURFACE_STYLE_FILL_AREA(#11880);
#11880 = FILL_AREA_STYLE('',(#11881));
#11881 = FILL_AREA_STYLE_COLOUR('',#11398);
#11882 = OVER_RIDING_STYLED_ITEM('overriding color',(#11883),#6583,
  #10797);
#11883 = PRESENTATION_STYLE_ASSIGNMENT((#11884));
#11884 = SURFACE_STYLE_USAGE(.BOTH.,#11885);
#11885 = SURFACE_SIDE_STYLE('',(#11886));
#11886 = SURFACE_STYLE_FILL_AREA(#11887);
#11887 = FILL_AREA_STYLE('',(#11888));
#11888 = FILL_AREA_STYLE_COLOUR('',#11398);
#11889 = OVER_RIDING_STYLED_ITEM('overriding color',(#11890),#6607,
  #10797);
#11890 = PRESENTATION_STYLE_ASSIGNMENT((#11891));
#11891 = SURFACE_STYLE_USAGE(.BOTH.,#11892);
#11892 = SURFACE_SIDE_STYLE('',(#11893));
#11893 = SURFACE_STYLE_FILL_AREA(#11894);
#11894 = FILL_AREA_STYLE('',(#11895));
#11895 = FILL_AREA_STYLE_COLOUR('',#11398);
#11896 = OVER_RIDING_STYLED_ITEM('overriding color',(#11897),#6631,
  #10797);
#11897 = PRESENTATION_STYLE_ASSIGNMENT((#11898));
#11898 = SURFACE_STYLE_USAGE(.BOTH.,#11899);
#11899 = SURFACE_SIDE_STYLE('',(#11900));
#11900 = SURFACE_STYLE_FILL_AREA(#11901);
#11901 = FILL_AREA_STYLE('',(#11902));
#11902 = FILL_AREA_STYLE_COLOUR('',#11398);
#11903 = OVER_RIDING_STYLED_ITEM('overriding color',(#11904),#6655,
  #10797);
#11904 = PRESENTATION_STYLE_ASSIGNMENT((#11905));
#11905 = SURFACE_STYLE_USAGE(.BOTH.,#11906);
#11906 = SURFACE_SIDE_STYLE('',(#11907));
#11907 = SURFACE_STYLE_FILL_AREA(#11908);
#11908 = FILL_AREA_STYLE('',(#11909));
#11909 = FILL_AREA_STYLE_COLOUR('',#11398);
#11910 = OVER_RIDING_STYLED_ITEM('overriding color',(#11911),#6679,
  #10797);
#11911 = PRESENTATION_STYLE_ASSIGNMENT((#11912));
#11912 = SURFACE_STYLE_USAGE(.BOTH.,#11913);
#11913 = SURFACE_SIDE_STYLE('',(#11914));
#11914 = SURFACE_STYLE_FILL_AREA(#11915);
#11915 = FILL_AREA_STYLE('',(#11916));
#11916 = FILL_AREA_STYLE_COLOUR('',#11398);
#11917 = OVER_RIDING_STYLED_ITEM('overriding color',(#11918),#6703,
  #10797);
#11918 = PRESENTATION_STYLE_ASSIGNMENT((#11919));
#11919 = SURFACE_STYLE_USAGE(.BOTH.,#11920);
#11920 = SURFACE_SIDE_STYLE('',(#11921));
#11921 = SURFACE_STYLE_FILL_AREA(#11922);
#11922 = FILL_AREA_STYLE('',(#11923));
#11923 = FILL_AREA_STYLE_COLOUR('',#11398);
#11924 = OVER_RIDING_STYLED_ITEM('overriding color',(#11925),#6727,
  #10797);
#11925 = PRESENTATION_STYLE_ASSIGNMENT((#11926));
#11926 = SURFACE_STYLE_USAGE(.BOTH.,#11927);
#11927 = SURFACE_SIDE_STYLE('',(#11928));
#11928 = SURFACE_STYLE_FILL_AREA(#11929);
#11929 = FILL_AREA_STYLE('',(#11930));
#11930 = FILL_AREA_STYLE_COLOUR('',#11398);
#11931 = OVER_RIDING_STYLED_ITEM('overriding color',(#11932),#6744,
  #10797);
#11932 = PRESENTATION_STYLE_ASSIGNMENT((#11933));
#11933 = SURFACE_STYLE_USAGE(.BOTH.,#11934);
#11934 = SURFACE_SIDE_STYLE('',(#11935));
#11935 = SURFACE_STYLE_FILL_AREA(#11936);
#11936 = FILL_AREA_STYLE('',(#11937));
#11937 = FILL_AREA_STYLE_COLOUR('',#11398);
#11938 = OVER_RIDING_STYLED_ITEM('overriding color',(#11939),#6764,
  #10797);
#11939 = PRESENTATION_STYLE_ASSIGNMENT((#11940));
#11940 = SURFACE_STYLE_USAGE(.BOTH.,#11941);
#11941 = SURFACE_SIDE_STYLE('',(#11942));
#11942 = SURFACE_STYLE_FILL_AREA(#11943);
#11943 = FILL_AREA_STYLE('',(#11944));
#11944 = FILL_AREA_STYLE_COLOUR('',#11398);
#11945 = OVER_RIDING_STYLED_ITEM('overriding color',(#11946),#6964,
  #10797);
#11946 = PRESENTATION_STYLE_ASSIGNMENT((#11947));
#11947 = SURFACE_STYLE_USAGE(.BOTH.,#11948);
#11948 = SURFACE_SIDE_STYLE('',(#11949));
#11949 = SURFACE_STYLE_FILL_AREA(#11950);
#11950 = FILL_AREA_STYLE('',(#11951));
#11951 = FILL_AREA_STYLE_COLOUR('',#11398);
#11952 = OVER_RIDING_STYLED_ITEM('overriding color',(#11953),#6990,
  #10797);
#11953 = PRESENTATION_STYLE_ASSIGNMENT((#11954));
#11954 = SURFACE_STYLE_USAGE(.BOTH.,#11955);
#11955 = SURFACE_SIDE_STYLE('',(#11956));
#11956 = SURFACE_STYLE_FILL_AREA(#11957);
#11957 = FILL_AREA_STYLE('',(#11958));
#11958 = FILL_AREA_STYLE_COLOUR('',#11398);
#11959 = OVER_RIDING_STYLED_ITEM('overriding color',(#11960),#7007,
  #10797);
#11960 = PRESENTATION_STYLE_ASSIGNMENT((#11961));
#11961 = SURFACE_STYLE_USAGE(.BOTH.,#11962);
#11962 = SURFACE_SIDE_STYLE('',(#11963));
#11963 = SURFACE_STYLE_FILL_AREA(#11964);
#11964 = FILL_AREA_STYLE('',(#11965));
#11965 = FILL_AREA_STYLE_COLOUR('',#11398);
#11966 = OVER_RIDING_STYLED_ITEM('overriding color',(#11967),#7028,
  #10797);
#11967 = PRESENTATION_STYLE_ASSIGNMENT((#11968));
#11968 = SURFACE_STYLE_USAGE(.BOTH.,#11969);
#11969 = SURFACE_SIDE_STYLE('',(#11970));
#11970 = SURFACE_STYLE_FILL_AREA(#11971);
#11971 = FILL_AREA_STYLE('',(#11972));
#11972 = FILL_AREA_STYLE_COLOUR('',#11398);
#11973 = OVER_RIDING_STYLED_ITEM('overriding color',(#11974),#7049,
  #10797);
#11974 = PRESENTATION_STYLE_ASSIGNMENT((#11975));
#11975 = SURFACE_STYLE_USAGE(.BOTH.,#11976);
#11976 = SURFACE_SIDE_STYLE('',(#11977));
#11977 = SURFACE_STYLE_FILL_AREA(#11978);
#11978 = FILL_AREA_STYLE('',(#11979));
#11979 = FILL_AREA_STYLE_COLOUR('',#11398);
#11980 = OVER_RIDING_STYLED_ITEM('overriding color',(#11981),#7066,
  #10797);
#11981 = PRESENTATION_STYLE_ASSIGNMENT((#11982));
#11982 = SURFACE_STYLE_USAGE(.BOTH.,#11983);
#11983 = SURFACE_SIDE_STYLE('',(#11984));
#11984 = SURFACE_STYLE_FILL_AREA(#11985);
#11985 = FILL_AREA_STYLE('',(#11986));
#11986 = FILL_AREA_STYLE_COLOUR('',#11398);
#11987 = OVER_RIDING_STYLED_ITEM('overriding color',(#11988),#7087,
  #10797);
#11988 = PRESENTATION_STYLE_ASSIGNMENT((#11989));
#11989 = SURFACE_STYLE_USAGE(.BOTH.,#11990);
#11990 = SURFACE_SIDE_STYLE('',(#11991));
#11991 = SURFACE_STYLE_FILL_AREA(#11992);
#11992 = FILL_AREA_STYLE('',(#11993));
#11993 = FILL_AREA_STYLE_COLOUR('',#11398);
#11994 = OVER_RIDING_STYLED_ITEM('overriding color',(#11995),#7108,
  #10797);
#11995 = PRESENTATION_STYLE_ASSIGNMENT((#11996));
#11996 = SURFACE_STYLE_USAGE(.BOTH.,#11997);
#11997 = SURFACE_SIDE_STYLE('',(#11998));
#11998 = SURFACE_STYLE_FILL_AREA(#11999);
#11999 = FILL_AREA_STYLE('',(#12000));
#12000 = FILL_AREA_STYLE_COLOUR('',#11398);
#12001 = OVER_RIDING_STYLED_ITEM('overriding color',(#12002),#7129,
  #10797);
#12002 = PRESENTATION_STYLE_ASSIGNMENT((#12003));
#12003 = SURFACE_STYLE_USAGE(.BOTH.,#12004);
#12004 = SURFACE_SIDE_STYLE('',(#12005));
#12005 = SURFACE_STYLE_FILL_AREA(#12006);
#12006 = FILL_AREA_STYLE('',(#12007));
#12007 = FILL_AREA_STYLE_COLOUR('',#11398);
#12008 = OVER_RIDING_STYLED_ITEM('overriding color',(#12009),#7150,
  #10797);
#12009 = PRESENTATION_STYLE_ASSIGNMENT((#12010));
#12010 = SURFACE_STYLE_USAGE(.BOTH.,#12011);
#12011 = SURFACE_SIDE_STYLE('',(#12012));
#12012 = SURFACE_STYLE_FILL_AREA(#12013);
#12013 = FILL_AREA_STYLE('',(#12014));
#12014 = FILL_AREA_STYLE_COLOUR('',#11398);
#12015 = OVER_RIDING_STYLED_ITEM('overriding color',(#12016),#7167,
  #10797);
#12016 = PRESENTATION_STYLE_ASSIGNMENT((#12017));
#12017 = SURFACE_STYLE_USAGE(.BOTH.,#12018);
#12018 = SURFACE_SIDE_STYLE('',(#12019));
#12019 = SURFACE_STYLE_FILL_AREA(#12020);
#12020 = FILL_AREA_STYLE('',(#12021));
#12021 = FILL_AREA_STYLE_COLOUR('',#11398);
#12022 = OVER_RIDING_STYLED_ITEM('overriding color',(#12023),#7184,
  #10797);
#12023 = PRESENTATION_STYLE_ASSIGNMENT((#12024));
#12024 = SURFACE_STYLE_USAGE(.BOTH.,#12025);
#12025 = SURFACE_SIDE_STYLE('',(#12026));
#12026 = SURFACE_STYLE_FILL_AREA(#12027);
#12027 = FILL_AREA_STYLE('',(#12028));
#12028 = FILL_AREA_STYLE_COLOUR('',#11398);
#12029 = OVER_RIDING_STYLED_ITEM('overriding color',(#12030),#7201,
  #10797);
#12030 = PRESENTATION_STYLE_ASSIGNMENT((#12031));
#12031 = SURFACE_STYLE_USAGE(.BOTH.,#12032);
#12032 = SURFACE_SIDE_STYLE('',(#12033));
#12033 = SURFACE_STYLE_FILL_AREA(#12034);
#12034 = FILL_AREA_STYLE('',(#12035));
#12035 = FILL_AREA_STYLE_COLOUR('',#11398);
#12036 = OVER_RIDING_STYLED_ITEM('overriding color',(#12037),#7218,
  #10797);
#12037 = PRESENTATION_STYLE_ASSIGNMENT((#12038));
#12038 = SURFACE_STYLE_USAGE(.BOTH.,#12039);
#12039 = SURFACE_SIDE_STYLE('',(#12040));
#12040 = SURFACE_STYLE_FILL_AREA(#12041);
#12041 = FILL_AREA_STYLE('',(#12042));
#12042 = FILL_AREA_STYLE_COLOUR('',#11398);
#12043 = OVER_RIDING_STYLED_ITEM('overriding color',(#12044),#7234,
  #10797);
#12044 = PRESENTATION_STYLE_ASSIGNMENT((#12045));
#12045 = SURFACE_STYLE_USAGE(.BOTH.,#12046);
#12046 = SURFACE_SIDE_STYLE('',(#12047));
#12047 = SURFACE_STYLE_FILL_AREA(#12048);
#12048 = FILL_AREA_STYLE('',(#12049));
#12049 = FILL_AREA_STYLE_COLOUR('',#11398);
#12050 = OVER_RIDING_STYLED_ITEM('overriding color',(#12051),#7270,
  #10797);
#12051 = PRESENTATION_STYLE_ASSIGNMENT((#12052));
#12052 = SURFACE_STYLE_USAGE(.BOTH.,#12053);
#12053 = SURFACE_SIDE_STYLE('',(#12054));
#12054 = SURFACE_STYLE_FILL_AREA(#12055);
#12055 = FILL_AREA_STYLE('',(#12056));
#12056 = FILL_AREA_STYLE_COLOUR('',#11398);
#12057 = OVER_RIDING_STYLED_ITEM('overriding color',(#12058),#7299,
  #10797);
#12058 = PRESENTATION_STYLE_ASSIGNMENT((#12059));
#12059 = SURFACE_STYLE_USAGE(.BOTH.,#12060);
#12060 = SURFACE_SIDE_STYLE('',(#12061));
#12061 = SURFACE_STYLE_FILL_AREA(#12062);
#12062 = FILL_AREA_STYLE('',(#12063));
#12063 = FILL_AREA_STYLE_COLOUR('',#11398);
#12064 = OVER_RIDING_STYLED_ITEM('overriding color',(#12065),#7328,
  #10797);
#12065 = PRESENTATION_STYLE_ASSIGNMENT((#12066));
#12066 = SURFACE_STYLE_USAGE(.BOTH.,#12067);
#12067 = SURFACE_SIDE_STYLE('',(#12068));
#12068 = SURFACE_STYLE_FILL_AREA(#12069);
#12069 = FILL_AREA_STYLE('',(#12070));
#12070 = FILL_AREA_STYLE_COLOUR('',#11398);
#12071 = OVER_RIDING_STYLED_ITEM('overriding color',(#12072),#7357,
  #10797);
#12072 = PRESENTATION_STYLE_ASSIGNMENT((#12073));
#12073 = SURFACE_STYLE_USAGE(.BOTH.,#12074);
#12074 = SURFACE_SIDE_STYLE('',(#12075));
#12075 = SURFACE_STYLE_FILL_AREA(#12076);
#12076 = FILL_AREA_STYLE('',(#12077));
#12077 = FILL_AREA_STYLE_COLOUR('',#11398);
#12078 = OVER_RIDING_STYLED_ITEM('overriding color',(#12079),#7386,
  #10797);
#12079 = PRESENTATION_STYLE_ASSIGNMENT((#12080));
#12080 = SURFACE_STYLE_USAGE(.BOTH.,#12081);
#12081 = SURFACE_SIDE_STYLE('',(#12082));
#12082 = SURFACE_STYLE_FILL_AREA(#12083);
#12083 = FILL_AREA_STYLE('',(#12084));
#12084 = FILL_AREA_STYLE_COLOUR('',#11398);
#12085 = OVER_RIDING_STYLED_ITEM('overriding color',(#12086),#7415,
  #10797);
#12086 = PRESENTATION_STYLE_ASSIGNMENT((#12087));
#12087 = SURFACE_STYLE_USAGE(.BOTH.,#12088);
#12088 = SURFACE_SIDE_STYLE('',(#12089));
#12089 = SURFACE_STYLE_FILL_AREA(#12090);
#12090 = FILL_AREA_STYLE('',(#12091));
#12091 = FILL_AREA_STYLE_COLOUR('',#11398);
#12092 = OVER_RIDING_STYLED_ITEM('overriding color',(#12093),#7439,
  #10797);
#12093 = PRESENTATION_STYLE_ASSIGNMENT((#12094));
#12094 = SURFACE_STYLE_USAGE(.BOTH.,#12095);
#12095 = SURFACE_SIDE_STYLE('',(#12096));
#12096 = SURFACE_STYLE_FILL_AREA(#12097);
#12097 = FILL_AREA_STYLE('',(#12098));
#12098 = FILL_AREA_STYLE_COLOUR('',#11398);
#12099 = OVER_RIDING_STYLED_ITEM('overriding color',(#12100),#7472,
  #10797);
#12100 = PRESENTATION_STYLE_ASSIGNMENT((#12101));
#12101 = SURFACE_STYLE_USAGE(.BOTH.,#12102);
#12102 = SURFACE_SIDE_STYLE('',(#12103));
#12103 = SURFACE_STYLE_FILL_AREA(#12104);
#12104 = FILL_AREA_STYLE('',(#12105));
#12105 = FILL_AREA_STYLE_COLOUR('',#11398);
#12106 = OVER_RIDING_STYLED_ITEM('overriding color',(#12107),#7508,
  #10797);
#12107 = PRESENTATION_STYLE_ASSIGNMENT((#12108));
#12108 = SURFACE_STYLE_USAGE(.BOTH.,#12109);
#12109 = SURFACE_SIDE_STYLE('',(#12110));
#12110 = SURFACE_STYLE_FILL_AREA(#12111);
#12111 = FILL_AREA_STYLE('',(#12112));
#12112 = FILL_AREA_STYLE_COLOUR('',#11398);
#12113 = OVER_RIDING_STYLED_ITEM('overriding color',(#12114),#7532,
  #10797);
#12114 = PRESENTATION_STYLE_ASSIGNMENT((#12115));
#12115 = SURFACE_STYLE_USAGE(.BOTH.,#12116);
#12116 = SURFACE_SIDE_STYLE('',(#12117));
#12117 = SURFACE_STYLE_FILL_AREA(#12118);
#12118 = FILL_AREA_STYLE('',(#12119));
#12119 = FILL_AREA_STYLE_COLOUR('',#11398);
#12120 = OVER_RIDING_STYLED_ITEM('overriding color',(#12121),#7561,
  #10797);
#12121 = PRESENTATION_STYLE_ASSIGNMENT((#12122));
#12122 = SURFACE_STYLE_USAGE(.BOTH.,#12123);
#12123 = SURFACE_SIDE_STYLE('',(#12124));
#12124 = SURFACE_STYLE_FILL_AREA(#12125);
#12125 = FILL_AREA_STYLE('',(#12126));
#12126 = FILL_AREA_STYLE_COLOUR('',#11398);
#12127 = OVER_RIDING_STYLED_ITEM('overriding color',(#12128),#7590,
  #10797);
#12128 = PRESENTATION_STYLE_ASSIGNMENT((#12129));
#12129 = SURFACE_STYLE_USAGE(.BOTH.,#12130);
#12130 = SURFACE_SIDE_STYLE('',(#12131));
#12131 = SURFACE_STYLE_FILL_AREA(#12132);
#12132 = FILL_AREA_STYLE('',(#12133));
#12133 = FILL_AREA_STYLE_COLOUR('',#11398);
#12134 = OVER_RIDING_STYLED_ITEM('overriding color',(#12135),#7619,
  #10797);
#12135 = PRESENTATION_STYLE_ASSIGNMENT((#12136));
#12136 = SURFACE_STYLE_USAGE(.BOTH.,#12137);
#12137 = SURFACE_SIDE_STYLE('',(#12138));
#12138 = SURFACE_STYLE_FILL_AREA(#12139);
#12139 = FILL_AREA_STYLE('',(#12140));
#12140 = FILL_AREA_STYLE_COLOUR('',#11398);
#12141 = OVER_RIDING_STYLED_ITEM('overriding color',(#12142),#7648,
  #10797);
#12142 = PRESENTATION_STYLE_ASSIGNMENT((#12143));
#12143 = SURFACE_STYLE_USAGE(.BOTH.,#12144);
#12144 = SURFACE_SIDE_STYLE('',(#12145));
#12145 = SURFACE_STYLE_FILL_AREA(#12146);
#12146 = FILL_AREA_STYLE('',(#12147));
#12147 = FILL_AREA_STYLE_COLOUR('',#11398);
#12148 = OVER_RIDING_STYLED_ITEM('overriding color',(#12149),#7677,
  #10797);
#12149 = PRESENTATION_STYLE_ASSIGNMENT((#12150));
#12150 = SURFACE_STYLE_USAGE(.BOTH.,#12151);
#12151 = SURFACE_SIDE_STYLE('',(#12152));
#12152 = SURFACE_STYLE_FILL_AREA(#12153);
#12153 = FILL_AREA_STYLE('',(#12154));
#12154 = FILL_AREA_STYLE_COLOUR('',#11398);
#12155 = OVER_RIDING_STYLED_ITEM('overriding color',(#12156),#7706,
  #10797);
#12156 = PRESENTATION_STYLE_ASSIGNMENT((#12157));
#12157 = SURFACE_STYLE_USAGE(.BOTH.,#12158);
#12158 = SURFACE_SIDE_STYLE('',(#12159));
#12159 = SURFACE_STYLE_FILL_AREA(#12160);
#12160 = FILL_AREA_STYLE('',(#12161));
#12161 = FILL_AREA_STYLE_COLOUR('',#11398);
#12162 = OVER_RIDING_STYLED_ITEM('overriding color',(#12163),#7735,
  #10797);
#12163 = PRESENTATION_STYLE_ASSIGNMENT((#12164));
#12164 = SURFACE_STYLE_USAGE(.BOTH.,#12165);
#12165 = SURFACE_SIDE_STYLE('',(#12166));
#12166 = SURFACE_STYLE_FILL_AREA(#12167);
#12167 = FILL_AREA_STYLE('',(#12168));
#12168 = FILL_AREA_STYLE_COLOUR('',#11398);
#12169 = OVER_RIDING_STYLED_ITEM('overriding color',(#12170),#7764,
  #10797);
#12170 = PRESENTATION_STYLE_ASSIGNMENT((#12171));
#12171 = SURFACE_STYLE_USAGE(.BOTH.,#12172);
#12172 = SURFACE_SIDE_STYLE('',(#12173));
#12173 = SURFACE_STYLE_FILL_AREA(#12174);
#12174 = FILL_AREA_STYLE('',(#12175));
#12175 = FILL_AREA_STYLE_COLOUR('',#11398);
#12176 = OVER_RIDING_STYLED_ITEM('overriding color',(#12177),#7793,
  #10797);
#12177 = PRESENTATION_STYLE_ASSIGNMENT((#12178));
#12178 = SURFACE_STYLE_USAGE(.BOTH.,#12179);
#12179 = SURFACE_SIDE_STYLE('',(#12180));
#12180 = SURFACE_STYLE_FILL_AREA(#12181);
#12181 = FILL_AREA_STYLE('',(#12182));
#12182 = FILL_AREA_STYLE_COLOUR('',#11398);
#12183 = OVER_RIDING_STYLED_ITEM('overriding color',(#12184),#7822,
  #10797);
#12184 = PRESENTATION_STYLE_ASSIGNMENT((#12185));
#12185 = SURFACE_STYLE_USAGE(.BOTH.,#12186);
#12186 = SURFACE_SIDE_STYLE('',(#12187));
#12187 = SURFACE_STYLE_FILL_AREA(#12188);
#12188 = FILL_AREA_STYLE('',(#12189));
#12189 = FILL_AREA_STYLE_COLOUR('',#11398);
#12190 = OVER_RIDING_STYLED_ITEM('overriding color',(#12191),#7846,
  #10797);
#12191 = PRESENTATION_STYLE_ASSIGNMENT((#12192));
#12192 = SURFACE_STYLE_USAGE(.BOTH.,#12193);
#12193 = SURFACE_SIDE_STYLE('',(#12194));
#12194 = SURFACE_STYLE_FILL_AREA(#12195);
#12195 = FILL_AREA_STYLE('',(#12196));
#12196 = FILL_AREA_STYLE_COLOUR('',#11398);
#12197 = OVER_RIDING_STYLED_ITEM('overriding color',(#12198),#7875,
  #10797);
#12198 = PRESENTATION_STYLE_ASSIGNMENT((#12199));
#12199 = SURFACE_STYLE_USAGE(.BOTH.,#12200);
#12200 = SURFACE_SIDE_STYLE('',(#12201));
#12201 = SURFACE_STYLE_FILL_AREA(#12202);
#12202 = FILL_AREA_STYLE('',(#12203));
#12203 = FILL_AREA_STYLE_COLOUR('',#11398);
#12204 = OVER_RIDING_STYLED_ITEM('overriding color',(#12205),#7904,
  #10797);
#12205 = PRESENTATION_STYLE_ASSIGNMENT((#12206));
#12206 = SURFACE_STYLE_USAGE(.BOTH.,#12207);
#12207 = SURFACE_SIDE_STYLE('',(#12208));
#12208 = SURFACE_STYLE_FILL_AREA(#12209);
#12209 = FILL_AREA_STYLE('',(#12210));
#12210 = FILL_AREA_STYLE_COLOUR('',#11398);
#12211 = OVER_RIDING_STYLED_ITEM('overriding color',(#12212),#7933,
  #10797);
#12212 = PRESENTATION_STYLE_ASSIGNMENT((#12213));
#12213 = SURFACE_STYLE_USAGE(.BOTH.,#12214);
#12214 = SURFACE_SIDE_STYLE('',(#12215));
#12215 = SURFACE_STYLE_FILL_AREA(#12216);
#12216 = FILL_AREA_STYLE('',(#12217));
#12217 = FILL_AREA_STYLE_COLOUR('',#11398);
#12218 = OVER_RIDING_STYLED_ITEM('overriding color',(#12219),#7962,
  #10797);
#12219 = PRESENTATION_STYLE_ASSIGNMENT((#12220));
#12220 = SURFACE_STYLE_USAGE(.BOTH.,#12221);
#12221 = SURFACE_SIDE_STYLE('',(#12222));
#12222 = SURFACE_STYLE_FILL_AREA(#12223);
#12223 = FILL_AREA_STYLE('',(#12224));
#12224 = FILL_AREA_STYLE_COLOUR('',#11398);
#12225 = OVER_RIDING_STYLED_ITEM('overriding color',(#12226),#7991,
  #10797);
#12226 = PRESENTATION_STYLE_ASSIGNMENT((#12227));
#12227 = SURFACE_STYLE_USAGE(.BOTH.,#12228);
#12228 = SURFACE_SIDE_STYLE('',(#12229));
#12229 = SURFACE_STYLE_FILL_AREA(#12230);
#12230 = FILL_AREA_STYLE('',(#12231));
#12231 = FILL_AREA_STYLE_COLOUR('',#11398);
#12232 = OVER_RIDING_STYLED_ITEM('overriding color',(#12233),#8020,
  #10797);
#12233 = PRESENTATION_STYLE_ASSIGNMENT((#12234));
#12234 = SURFACE_STYLE_USAGE(.BOTH.,#12235);
#12235 = SURFACE_SIDE_STYLE('',(#12236));
#12236 = SURFACE_STYLE_FILL_AREA(#12237);
#12237 = FILL_AREA_STYLE('',(#12238));
#12238 = FILL_AREA_STYLE_COLOUR('',#11398);
#12239 = OVER_RIDING_STYLED_ITEM('overriding color',(#12240),#8049,
  #10797);
#12240 = PRESENTATION_STYLE_ASSIGNMENT((#12241));
#12241 = SURFACE_STYLE_USAGE(.BOTH.,#12242);
#12242 = SURFACE_SIDE_STYLE('',(#12243));
#12243 = SURFACE_STYLE_FILL_AREA(#12244);
#12244 = FILL_AREA_STYLE('',(#12245));
#12245 = FILL_AREA_STYLE_COLOUR('',#11398);
#12246 = OVER_RIDING_STYLED_ITEM('overriding color',(#12247),#8071,
  #10797);
#12247 = PRESENTATION_STYLE_ASSIGNMENT((#12248));
#12248 = SURFACE_STYLE_USAGE(.BOTH.,#12249);
#12249 = SURFACE_SIDE_STYLE('',(#12250));
#12250 = SURFACE_STYLE_FILL_AREA(#12251);
#12251 = FILL_AREA_STYLE('',(#12252));
#12252 = FILL_AREA_STYLE_COLOUR('',#11398);
#12253 = OVER_RIDING_STYLED_ITEM('overriding color',(#12254),#8100,
  #10797);
#12254 = PRESENTATION_STYLE_ASSIGNMENT((#12255));
#12255 = SURFACE_STYLE_USAGE(.BOTH.,#12256);
#12256 = SURFACE_SIDE_STYLE('',(#12257));
#12257 = SURFACE_STYLE_FILL_AREA(#12258);
#12258 = FILL_AREA_STYLE('',(#12259));
#12259 = FILL_AREA_STYLE_COLOUR('',#11398);
#12260 = OVER_RIDING_STYLED_ITEM('overriding color',(#12261),#8131,
  #10797);
#12261 = PRESENTATION_STYLE_ASSIGNMENT((#12262));
#12262 = SURFACE_STYLE_USAGE(.BOTH.,#12263);
#12263 = SURFACE_SIDE_STYLE('',(#12264));
#12264 = SURFACE_STYLE_FILL_AREA(#12265);
#12265 = FILL_AREA_STYLE('',(#12266));
#12266 = FILL_AREA_STYLE_COLOUR('',#11398);
#12267 = OVER_RIDING_STYLED_ITEM('overriding color',(#12268),#8155,
  #10797);
#12268 = PRESENTATION_STYLE_ASSIGNMENT((#12269));
#12269 = SURFACE_STYLE_USAGE(.BOTH.,#12270);
#12270 = SURFACE_SIDE_STYLE('',(#12271));
#12271 = SURFACE_STYLE_FILL_AREA(#12272);
#12272 = FILL_AREA_STYLE('',(#12273));
#12273 = FILL_AREA_STYLE_COLOUR('',#11398);
#12274 = OVER_RIDING_STYLED_ITEM('overriding color',(#12275),#8184,
  #10797);
#12275 = PRESENTATION_STYLE_ASSIGNMENT((#12276));
#12276 = SURFACE_STYLE_USAGE(.BOTH.,#12277);
#12277 = SURFACE_SIDE_STYLE('',(#12278));
#12278 = SURFACE_STYLE_FILL_AREA(#12279);
#12279 = FILL_AREA_STYLE('',(#12280));
#12280 = FILL_AREA_STYLE_COLOUR('',#11398);
#12281 = OVER_RIDING_STYLED_ITEM('overriding color',(#12282),#8208,
  #10797);
#12282 = PRESENTATION_STYLE_ASSIGNMENT((#12283));
#12283 = SURFACE_STYLE_USAGE(.BOTH.,#12284);
#12284 = SURFACE_SIDE_STYLE('',(#12285));
#12285 = SURFACE_STYLE_FILL_AREA(#12286);
#12286 = FILL_AREA_STYLE('',(#12287));
#12287 = FILL_AREA_STYLE_COLOUR('',#11398);
#12288 = OVER_RIDING_STYLED_ITEM('overriding color',(#12289),#8232,
  #10797);
#12289 = PRESENTATION_STYLE_ASSIGNMENT((#12290));
#12290 = SURFACE_STYLE_USAGE(.BOTH.,#12291);
#12291 = SURFACE_SIDE_STYLE('',(#12292));
#12292 = SURFACE_STYLE_FILL_AREA(#12293);
#12293 = FILL_AREA_STYLE('',(#12294));
#12294 = FILL_AREA_STYLE_COLOUR('',#11398);
#12295 = OVER_RIDING_STYLED_ITEM('overriding color',(#12296),#8256,
  #10797);
#12296 = PRESENTATION_STYLE_ASSIGNMENT((#12297));
#12297 = SURFACE_STYLE_USAGE(.BOTH.,#12298);
#12298 = SURFACE_SIDE_STYLE('',(#12299));
#12299 = SURFACE_STYLE_FILL_AREA(#12300);
#12300 = FILL_AREA_STYLE('',(#12301));
#12301 = FILL_AREA_STYLE_COLOUR('',#11398);
#12302 = OVER_RIDING_STYLED_ITEM('overriding color',(#12303),#8280,
  #10797);
#12303 = PRESENTATION_STYLE_ASSIGNMENT((#12304));
#12304 = SURFACE_STYLE_USAGE(.BOTH.,#12305);
#12305 = SURFACE_SIDE_STYLE('',(#12306));
#12306 = SURFACE_STYLE_FILL_AREA(#12307);
#12307 = FILL_AREA_STYLE('',(#12308));
#12308 = FILL_AREA_STYLE_COLOUR('',#11398);
#12309 = OVER_RIDING_STYLED_ITEM('overriding color',(#12310),#8304,
  #10797);
#12310 = PRESENTATION_STYLE_ASSIGNMENT((#12311));
#12311 = SURFACE_STYLE_USAGE(.BOTH.,#12312);
#12312 = SURFACE_SIDE_STYLE('',(#12313));
#12313 = SURFACE_STYLE_FILL_AREA(#12314);
#12314 = FILL_AREA_STYLE('',(#12315));
#12315 = FILL_AREA_STYLE_COLOUR('',#11398);
#12316 = OVER_RIDING_STYLED_ITEM('overriding color',(#12317),#8328,
  #10797);
#12317 = PRESENTATION_STYLE_ASSIGNMENT((#12318));
#12318 = SURFACE_STYLE_USAGE(.BOTH.,#12319);
#12319 = SURFACE_SIDE_STYLE('',(#12320));
#12320 = SURFACE_STYLE_FILL_AREA(#12321);
#12321 = FILL_AREA_STYLE('',(#12322));
#12322 = FILL_AREA_STYLE_COLOUR('',#11398);
#12323 = OVER_RIDING_STYLED_ITEM('overriding color',(#12324),#8357,
  #10797);
#12324 = PRESENTATION_STYLE_ASSIGNMENT((#12325));
#12325 = SURFACE_STYLE_USAGE(.BOTH.,#12326);
#12326 = SURFACE_SIDE_STYLE('',(#12327));
#12327 = SURFACE_STYLE_FILL_AREA(#12328);
#12328 = FILL_AREA_STYLE('',(#12329));
#12329 = FILL_AREA_STYLE_COLOUR('',#11398);
#12330 = OVER_RIDING_STYLED_ITEM('overriding color',(#12331),#8386,
  #10797);
#12331 = PRESENTATION_STYLE_ASSIGNMENT((#12332));
#12332 = SURFACE_STYLE_USAGE(.BOTH.,#12333);
#12333 = SURFACE_SIDE_STYLE('',(#12334));
#12334 = SURFACE_STYLE_FILL_AREA(#12335);
#12335 = FILL_AREA_STYLE('',(#12336));
#12336 = FILL_AREA_STYLE_COLOUR('',#11398);
#12337 = OVER_RIDING_STYLED_ITEM('overriding color',(#12338),#8410,
  #10797);
#12338 = PRESENTATION_STYLE_ASSIGNMENT((#12339));
#12339 = SURFACE_STYLE_USAGE(.BOTH.,#12340);
#12340 = SURFACE_SIDE_STYLE('',(#12341));
#12341 = SURFACE_STYLE_FILL_AREA(#12342);
#12342 = FILL_AREA_STYLE('',(#12343));
#12343 = FILL_AREA_STYLE_COLOUR('',#11398);
#12344 = OVER_RIDING_STYLED_ITEM('overriding color',(#12345),#8439,
  #10797);
#12345 = PRESENTATION_STYLE_ASSIGNMENT((#12346));
#12346 = SURFACE_STYLE_USAGE(.BOTH.,#12347);
#12347 = SURFACE_SIDE_STYLE('',(#12348));
#12348 = SURFACE_STYLE_FILL_AREA(#12349);
#12349 = FILL_AREA_STYLE('',(#12350));
#12350 = FILL_AREA_STYLE_COLOUR('',#11398);
#12351 = OVER_RIDING_STYLED_ITEM('overriding color',(#12352),#8468,
  #10797);
#12352 = PRESENTATION_STYLE_ASSIGNMENT((#12353));
#12353 = SURFACE_STYLE_USAGE(.BOTH.,#12354);
#12354 = SURFACE_SIDE_STYLE('',(#12355));
#12355 = SURFACE_STYLE_FILL_AREA(#12356);
#12356 = FILL_AREA_STYLE('',(#12357));
#12357 = FILL_AREA_STYLE_COLOUR('',#11398);
#12358 = OVER_RIDING_STYLED_ITEM('overriding color',(#12359),#8485,
  #10797);
#12359 = PRESENTATION_STYLE_ASSIGNMENT((#12360));
#12360 = SURFACE_STYLE_USAGE(.BOTH.,#12361);
#12361 = SURFACE_SIDE_STYLE('',(#12362));
#12362 = SURFACE_STYLE_FILL_AREA(#12363);
#12363 = FILL_AREA_STYLE('',(#12364));
#12364 = FILL_AREA_STYLE_COLOUR('',#11398);
#12365 = OVER_RIDING_STYLED_ITEM('overriding color',(#12366),#8508,
  #10797);
#12366 = PRESENTATION_STYLE_ASSIGNMENT((#12367));
#12367 = SURFACE_STYLE_USAGE(.BOTH.,#12368);
#12368 = SURFACE_SIDE_STYLE('',(#12369));
#12369 = SURFACE_STYLE_FILL_AREA(#12370);
#12370 = FILL_AREA_STYLE('',(#12371));
#12371 = FILL_AREA_STYLE_COLOUR('',#11398);
#12372 = OVER_RIDING_STYLED_ITEM('overriding color',(#12373),#8539,
  #10797);
#12373 = PRESENTATION_STYLE_ASSIGNMENT((#12374));
#12374 = SURFACE_STYLE_USAGE(.BOTH.,#12375);
#12375 = SURFACE_SIDE_STYLE('',(#12376));
#12376 = SURFACE_STYLE_FILL_AREA(#12377);
#12377 = FILL_AREA_STYLE('',(#12378));
#12378 = FILL_AREA_STYLE_COLOUR('',#11398);
#12379 = OVER_RIDING_STYLED_ITEM('overriding color',(#12380),#8563,
  #10797);
#12380 = PRESENTATION_STYLE_ASSIGNMENT((#12381));
#12381 = SURFACE_STYLE_USAGE(.BOTH.,#12382);
#12382 = SURFACE_SIDE_STYLE('',(#12383));
#12383 = SURFACE_STYLE_FILL_AREA(#12384);
#12384 = FILL_AREA_STYLE('',(#12385));
#12385 = FILL_AREA_STYLE_COLOUR('',#11398);
#12386 = OVER_RIDING_STYLED_ITEM('overriding color',(#12387),#8587,
  #10797);
#12387 = PRESENTATION_STYLE_ASSIGNMENT((#12388));
#12388 = SURFACE_STYLE_USAGE(.BOTH.,#12389);
#12389 = SURFACE_SIDE_STYLE('',(#12390));
#12390 = SURFACE_STYLE_FILL_AREA(#12391);
#12391 = FILL_AREA_STYLE('',(#12392));
#12392 = FILL_AREA_STYLE_COLOUR('',#11398);
#12393 = OVER_RIDING_STYLED_ITEM('overriding color',(#12394),#8611,
  #10797);
#12394 = PRESENTATION_STYLE_ASSIGNMENT((#12395));
#12395 = SURFACE_STYLE_USAGE(.BOTH.,#12396);
#12396 = SURFACE_SIDE_STYLE('',(#12397));
#12397 = SURFACE_STYLE_FILL_AREA(#12398);
#12398 = FILL_AREA_STYLE('',(#12399));
#12399 = FILL_AREA_STYLE_COLOUR('',#11398);
#12400 = OVER_RIDING_STYLED_ITEM('overriding color',(#12401),#8635,
  #10797);
#12401 = PRESENTATION_STYLE_ASSIGNMENT((#12402));
#12402 = SURFACE_STYLE_USAGE(.BOTH.,#12403);
#12403 = SURFACE_SIDE_STYLE('',(#12404));
#12404 = SURFACE_STYLE_FILL_AREA(#12405);
#12405 = FILL_AREA_STYLE('',(#12406));
#12406 = FILL_AREA_STYLE_COLOUR('',#11398);
#12407 = OVER_RIDING_STYLED_ITEM('overriding color',(#12408),#8659,
  #10797);
#12408 = PRESENTATION_STYLE_ASSIGNMENT((#12409));
#12409 = SURFACE_STYLE_USAGE(.BOTH.,#12410);
#12410 = SURFACE_SIDE_STYLE('',(#12411));
#12411 = SURFACE_STYLE_FILL_AREA(#12412);
#12412 = FILL_AREA_STYLE('',(#12413));
#12413 = FILL_AREA_STYLE_COLOUR('',#11398);
#12414 = OVER_RIDING_STYLED_ITEM('overriding color',(#12415),#8683,
  #10797);
#12415 = PRESENTATION_STYLE_ASSIGNMENT((#12416));
#12416 = SURFACE_STYLE_USAGE(.BOTH.,#12417);
#12417 = SURFACE_SIDE_STYLE('',(#12418));
#12418 = SURFACE_STYLE_FILL_AREA(#12419);
#12419 = FILL_AREA_STYLE('',(#12420));
#12420 = FILL_AREA_STYLE_COLOUR('',#11398);
#12421 = OVER_RIDING_STYLED_ITEM('overriding color',(#12422),#8707,
  #10797);
#12422 = PRESENTATION_STYLE_ASSIGNMENT((#12423));
#12423 = SURFACE_STYLE_USAGE(.BOTH.,#12424);
#12424 = SURFACE_SIDE_STYLE('',(#12425));
#12425 = SURFACE_STYLE_FILL_AREA(#12426);
#12426 = FILL_AREA_STYLE('',(#12427));
#12427 = FILL_AREA_STYLE_COLOUR('',#11398);
#12428 = OVER_RIDING_STYLED_ITEM('overriding color',(#12429),#8731,
  #10797);
#12429 = PRESENTATION_STYLE_ASSIGNMENT((#12430));
#12430 = SURFACE_STYLE_USAGE(.BOTH.,#12431);
#12431 = SURFACE_SIDE_STYLE('',(#12432));
#12432 = SURFACE_STYLE_FILL_AREA(#12433);
#12433 = FILL_AREA_STYLE('',(#12434));
#12434 = FILL_AREA_STYLE_COLOUR('',#11398);
#12435 = OVER_RIDING_STYLED_ITEM('overriding color',(#12436),#8755,
  #10797);
#12436 = PRESENTATION_STYLE_ASSIGNMENT((#12437));
#12437 = SURFACE_STYLE_USAGE(.BOTH.,#12438);
#12438 = SURFACE_SIDE_STYLE('',(#12439));
#12439 = SURFACE_STYLE_FILL_AREA(#12440);
#12440 = FILL_AREA_STYLE('',(#12441));
#12441 = FILL_AREA_STYLE_COLOUR('',#11398);
#12442 = OVER_RIDING_STYLED_ITEM('overriding color',(#12443),#8779,
  #10797);
#12443 = PRESENTATION_STYLE_ASSIGNMENT((#12444));
#12444 = SURFACE_STYLE_USAGE(.BOTH.,#12445);
#12445 = SURFACE_SIDE_STYLE('',(#12446));
#12446 = SURFACE_STYLE_FILL_AREA(#12447);
#12447 = FILL_AREA_STYLE('',(#12448));
#12448 = FILL_AREA_STYLE_COLOUR('',#11398);
#12449 = OVER_RIDING_STYLED_ITEM('overriding color',(#12450),#8796,
  #10797);
#12450 = PRESENTATION_STYLE_ASSIGNMENT((#12451));
#12451 = SURFACE_STYLE_USAGE(.BOTH.,#12452);
#12452 = SURFACE_SIDE_STYLE('',(#12453));
#12453 = SURFACE_STYLE_FILL_AREA(#12454);
#12454 = FILL_AREA_STYLE('',(#12455));
#12455 = FILL_AREA_STYLE_COLOUR('',#11398);
#12456 = OVER_RIDING_STYLED_ITEM('overriding color',(#12457),#8816,
  #10797);
#12457 = PRESENTATION_STYLE_ASSIGNMENT((#12458));
#12458 = SURFACE_STYLE_USAGE(.BOTH.,#12459);
#12459 = SURFACE_SIDE_STYLE('',(#12460));
#12460 = SURFACE_STYLE_FILL_AREA(#12461);
#12461 = FILL_AREA_STYLE('',(#12462));
#12462 = FILL_AREA_STYLE_COLOUR('',#11398);
#12463 = OVER_RIDING_STYLED_ITEM('overriding color',(#12464),#8946,
  #10797);
#12464 = PRESENTATION_STYLE_ASSIGNMENT((#12465));
#12465 = SURFACE_STYLE_USAGE(.BOTH.,#12466);
#12466 = SURFACE_SIDE_STYLE('',(#12467));
#12467 = SURFACE_STYLE_FILL_AREA(#12468);
#12468 = FILL_AREA_STYLE('',(#12469));
#12469 = FILL_AREA_STYLE_COLOUR('',#11398);
#12470 = OVER_RIDING_STYLED_ITEM('overriding color',(#12471),#8968,
  #10797);
#12471 = PRESENTATION_STYLE_ASSIGNMENT((#12472));
#12472 = SURFACE_STYLE_USAGE(.BOTH.,#12473);
#12473 = SURFACE_SIDE_STYLE('',(#12474));
#12474 = SURFACE_STYLE_FILL_AREA(#12475);
#12475 = FILL_AREA_STYLE('',(#12476));
#12476 = FILL_AREA_STYLE_COLOUR('',#11398);
#12477 = OVER_RIDING_STYLED_ITEM('overriding color',(#12478),#8989,
  #10797);
#12478 = PRESENTATION_STYLE_ASSIGNMENT((#12479));
#12479 = SURFACE_STYLE_USAGE(.BOTH.,#12480);
#12480 = SURFACE_SIDE_STYLE('',(#12481));
#12481 = SURFACE_STYLE_FILL_AREA(#12482);
#12482 = FILL_AREA_STYLE('',(#12483));
#12483 = FILL_AREA_STYLE_COLOUR('',#11398);
#12484 = OVER_RIDING_STYLED_ITEM('overriding color',(#12485),#9010,
  #10797);
#12485 = PRESENTATION_STYLE_ASSIGNMENT((#12486));
#12486 = SURFACE_STYLE_USAGE(.BOTH.,#12487);
#12487 = SURFACE_SIDE_STYLE('',(#12488));
#12488 = SURFACE_STYLE_FILL_AREA(#12489);
#12489 = FILL_AREA_STYLE('',(#12490));
#12490 = FILL_AREA_STYLE_COLOUR('',#11398);
#12491 = OVER_RIDING_STYLED_ITEM('overriding color',(#12492),#9031,
  #10797);
#12492 = PRESENTATION_STYLE_ASSIGNMENT((#12493));
#12493 = SURFACE_STYLE_USAGE(.BOTH.,#12494);
#12494 = SURFACE_SIDE_STYLE('',(#12495));
#12495 = SURFACE_STYLE_FILL_AREA(#12496);
#12496 = FILL_AREA_STYLE('',(#12497));
#12497 = FILL_AREA_STYLE_COLOUR('',#11398);
#12498 = OVER_RIDING_STYLED_ITEM('overriding color',(#12499),#9052,
  #10797);
#12499 = PRESENTATION_STYLE_ASSIGNMENT((#12500));
#12500 = SURFACE_STYLE_USAGE(.BOTH.,#12501);
#12501 = SURFACE_SIDE_STYLE('',(#12502));
#12502 = SURFACE_STYLE_FILL_AREA(#12503);
#12503 = FILL_AREA_STYLE('',(#12504));
#12504 = FILL_AREA_STYLE_COLOUR('',#11398);
#12505 = OVER_RIDING_STYLED_ITEM('overriding color',(#12506),#9069,
  #10797);
#12506 = PRESENTATION_STYLE_ASSIGNMENT((#12507));
#12507 = SURFACE_STYLE_USAGE(.BOTH.,#12508);
#12508 = SURFACE_SIDE_STYLE('',(#12509));
#12509 = SURFACE_STYLE_FILL_AREA(#12510);
#12510 = FILL_AREA_STYLE('',(#12511));
#12511 = FILL_AREA_STYLE_COLOUR('',#11398);
#12512 = OVER_RIDING_STYLED_ITEM('overriding color',(#12513),#9081,
  #10797);
#12513 = PRESENTATION_STYLE_ASSIGNMENT((#12514));
#12514 = SURFACE_STYLE_USAGE(.BOTH.,#12515);
#12515 = SURFACE_SIDE_STYLE('',(#12516));
#12516 = SURFACE_STYLE_FILL_AREA(#12517);
#12517 = FILL_AREA_STYLE('',(#12518));
#12518 = FILL_AREA_STYLE_COLOUR('',#11398);
#12519 = OVER_RIDING_STYLED_ITEM('overriding color',(#12520),#9112,
  #10797);
#12520 = PRESENTATION_STYLE_ASSIGNMENT((#12521));
#12521 = SURFACE_STYLE_USAGE(.BOTH.,#12522);
#12522 = SURFACE_SIDE_STYLE('',(#12523));
#12523 = SURFACE_STYLE_FILL_AREA(#12524);
#12524 = FILL_AREA_STYLE('',(#12525));
#12525 = FILL_AREA_STYLE_COLOUR('',#11398);
#12526 = OVER_RIDING_STYLED_ITEM('overriding color',(#12527),#9136,
  #10797);
#12527 = PRESENTATION_STYLE_ASSIGNMENT((#12528));
#12528 = SURFACE_STYLE_USAGE(.BOTH.,#12529);
#12529 = SURFACE_SIDE_STYLE('',(#12530));
#12530 = SURFACE_STYLE_FILL_AREA(#12531);
#12531 = FILL_AREA_STYLE('',(#12532));
#12532 = FILL_AREA_STYLE_COLOUR('',#11398);
#12533 = OVER_RIDING_STYLED_ITEM('overriding color',(#12534),#9160,
  #10797);
#12534 = PRESENTATION_STYLE_ASSIGNMENT((#12535));
#12535 = SURFACE_STYLE_USAGE(.BOTH.,#12536);
#12536 = SURFACE_SIDE_STYLE('',(#12537));
#12537 = SURFACE_STYLE_FILL_AREA(#12538);
#12538 = FILL_AREA_STYLE('',(#12539));
#12539 = FILL_AREA_STYLE_COLOUR('',#11398);
#12540 = OVER_RIDING_STYLED_ITEM('overriding color',(#12541),#9189,
  #10797);
#12541 = PRESENTATION_STYLE_ASSIGNMENT((#12542));
#12542 = SURFACE_STYLE_USAGE(.BOTH.,#12543);
#12543 = SURFACE_SIDE_STYLE('',(#12544));
#12544 = SURFACE_STYLE_FILL_AREA(#12545);
#12545 = FILL_AREA_STYLE('',(#12546));
#12546 = FILL_AREA_STYLE_COLOUR('',#11398);
#12547 = OVER_RIDING_STYLED_ITEM('overriding color',(#12548),#9218,
  #10797);
#12548 = PRESENTATION_STYLE_ASSIGNMENT((#12549));
#12549 = SURFACE_STYLE_USAGE(.BOTH.,#12550);
#12550 = SURFACE_SIDE_STYLE('',(#12551));
#12551 = SURFACE_STYLE_FILL_AREA(#12552);
#12552 = FILL_AREA_STYLE('',(#12553));
#12553 = FILL_AREA_STYLE_COLOUR('',#11398);
#12554 = OVER_RIDING_STYLED_ITEM('overriding color',(#12555),#9247,
  #10797);
#12555 = PRESENTATION_STYLE_ASSIGNMENT((#12556));
#12556 = SURFACE_STYLE_USAGE(.BOTH.,#12557);
#12557 = SURFACE_SIDE_STYLE('',(#12558));
#12558 = SURFACE_STYLE_FILL_AREA(#12559);
#12559 = FILL_AREA_STYLE('',(#12560));
#12560 = FILL_AREA_STYLE_COLOUR('',#11398);
#12561 = OVER_RIDING_STYLED_ITEM('overriding color',(#12562),#9284,
  #10797);
#12562 = PRESENTATION_STYLE_ASSIGNMENT((#12563));
#12563 = SURFACE_STYLE_USAGE(.BOTH.,#12564);
#12564 = SURFACE_SIDE_STYLE('',(#12565));
#12565 = SURFACE_STYLE_FILL_AREA(#12566);
#12566 = FILL_AREA_STYLE('',(#12567));
#12567 = FILL_AREA_STYLE_COLOUR('',#11398);
#12568 = OVER_RIDING_STYLED_ITEM('overriding color',(#12569),#9408,
  #10797);
#12569 = PRESENTATION_STYLE_ASSIGNMENT((#12570));
#12570 = SURFACE_STYLE_USAGE(.BOTH.,#12571);
#12571 = SURFACE_SIDE_STYLE('',(#12572));
#12572 = SURFACE_STYLE_FILL_AREA(#12573);
#12573 = FILL_AREA_STYLE('',(#12574));
#12574 = FILL_AREA_STYLE_COLOUR('',#11398);
#12575 = OVER_RIDING_STYLED_ITEM('overriding color',(#12576),#9430,
  #10797);
#12576 = PRESENTATION_STYLE_ASSIGNMENT((#12577));
#12577 = SURFACE_STYLE_USAGE(.BOTH.,#12578);
#12578 = SURFACE_SIDE_STYLE('',(#12579));
#12579 = SURFACE_STYLE_FILL_AREA(#12580);
#12580 = FILL_AREA_STYLE('',(#12581));
#12581 = FILL_AREA_STYLE_COLOUR('',#11398);
#12582 = OVER_RIDING_STYLED_ITEM('overriding color',(#12583),#9447,
  #10797);
#12583 = PRESENTATION_STYLE_ASSIGNMENT((#12584));
#12584 = SURFACE_STYLE_USAGE(.BOTH.,#12585);
#12585 = SURFACE_SIDE_STYLE('',(#12586));
#12586 = SURFACE_STYLE_FILL_AREA(#12587);
#12587 = FILL_AREA_STYLE('',(#12588));
#12588 = FILL_AREA_STYLE_COLOUR('',#11398);
#12589 = OVER_RIDING_STYLED_ITEM('overriding color',(#12590),#9464,
  #10797);
#12590 = PRESENTATION_STYLE_ASSIGNMENT((#12591));
#12591 = SURFACE_STYLE_USAGE(.BOTH.,#12592);
#12592 = SURFACE_SIDE_STYLE('',(#12593));
#12593 = SURFACE_STYLE_FILL_AREA(#12594);
#12594 = FILL_AREA_STYLE('',(#12595));
#12595 = FILL_AREA_STYLE_COLOUR('',#11398);
#12596 = OVER_RIDING_STYLED_ITEM('overriding color',(#12597),#9481,
  #10797);
#12597 = PRESENTATION_STYLE_ASSIGNMENT((#12598));
#12598 = SURFACE_STYLE_USAGE(.BOTH.,#12599);
#12599 = SURFACE_SIDE_STYLE('',(#12600));
#12600 = SURFACE_STYLE_FILL_AREA(#12601);
#12601 = FILL_AREA_STYLE('',(#12602));
#12602 = FILL_AREA_STYLE_COLOUR('',#11398);
#12603 = OVER_RIDING_STYLED_ITEM('overriding color',(#12604),#9498,
  #10797);
#12604 = PRESENTATION_STYLE_ASSIGNMENT((#12605));
#12605 = SURFACE_STYLE_USAGE(.BOTH.,#12606);
#12606 = SURFACE_SIDE_STYLE('',(#12607));
#12607 = SURFACE_STYLE_FILL_AREA(#12608);
#12608 = FILL_AREA_STYLE('',(#12609));
#12609 = FILL_AREA_STYLE_COLOUR('',#11398);
#12610 = OVER_RIDING_STYLED_ITEM('overriding color',(#12611),#9515,
  #10797);
#12611 = PRESENTATION_STYLE_ASSIGNMENT((#12612));
#12612 = SURFACE_STYLE_USAGE(.BOTH.,#12613);
#12613 = SURFACE_SIDE_STYLE('',(#12614));
#12614 = SURFACE_STYLE_FILL_AREA(#12615);
#12615 = FILL_AREA_STYLE('',(#12616));
#12616 = FILL_AREA_STYLE_COLOUR('',#11398);
#12617 = OVER_RIDING_STYLED_ITEM('overriding color',(#12618),#9532,
  #10797);
#12618 = PRESENTATION_STYLE_ASSIGNMENT((#12619));
#12619 = SURFACE_STYLE_USAGE(.BOTH.,#12620);
#12620 = SURFACE_SIDE_STYLE('',(#12621));
#12621 = SURFACE_STYLE_FILL_AREA(#12622);
#12622 = FILL_AREA_STYLE('',(#12623));
#12623 = FILL_AREA_STYLE_COLOUR('',#11398);
#12624 = OVER_RIDING_STYLED_ITEM('overriding color',(#12625),#9544,
  #10797);
#12625 = PRESENTATION_STYLE_ASSIGNMENT((#12626));
#12626 = SURFACE_STYLE_USAGE(.BOTH.,#12627);
#12627 = SURFACE_SIDE_STYLE('',(#12628));
#12628 = SURFACE_STYLE_FILL_AREA(#12629);
#12629 = FILL_AREA_STYLE('',(#12630));
#12630 = FILL_AREA_STYLE_COLOUR('',#11398);
#12631 = OVER_RIDING_STYLED_ITEM('overriding color',(#12632),#9575,
  #10797);
#12632 = PRESENTATION_STYLE_ASSIGNMENT((#12633));
#12633 = SURFACE_STYLE_USAGE(.BOTH.,#12634);
#12634 = SURFACE_SIDE_STYLE('',(#12635));
#12635 = SURFACE_STYLE_FILL_AREA(#12636);
#12636 = FILL_AREA_STYLE('',(#12637));
#12637 = FILL_AREA_STYLE_COLOUR('',#11398);
#12638 = OVER_RIDING_STYLED_ITEM('overriding color',(#12639),#9599,
  #10797);
#12639 = PRESENTATION_STYLE_ASSIGNMENT((#12640));
#12640 = SURFACE_STYLE_USAGE(.BOTH.,#12641);
#12641 = SURFACE_SIDE_STYLE('',(#12642));
#12642 = SURFACE_STYLE_FILL_AREA(#12643);
#12643 = FILL_AREA_STYLE('',(#12644));
#12644 = FILL_AREA_STYLE_COLOUR('',#11398);
#12645 = OVER_RIDING_STYLED_ITEM('overriding color',(#12646),#9628,
  #10797);
#12646 = PRESENTATION_STYLE_ASSIGNMENT((#12647));
#12647 = SURFACE_STYLE_USAGE(.BOTH.,#12648);
#12648 = SURFACE_SIDE_STYLE('',(#12649));
#12649 = SURFACE_STYLE_FILL_AREA(#12650);
#12650 = FILL_AREA_STYLE('',(#12651));
#12651 = FILL_AREA_STYLE_COLOUR('',#11398);
#12652 = OVER_RIDING_STYLED_ITEM('overriding color',(#12653),#9652,
  #10797);
#12653 = PRESENTATION_STYLE_ASSIGNMENT((#12654));
#12654 = SURFACE_STYLE_USAGE(.BOTH.,#12655);
#12655 = SURFACE_SIDE_STYLE('',(#12656));
#12656 = SURFACE_STYLE_FILL_AREA(#12657);
#12657 = FILL_AREA_STYLE('',(#12658));
#12658 = FILL_AREA_STYLE_COLOUR('',#11398);
#12659 = OVER_RIDING_STYLED_ITEM('overriding color',(#12660),#9681,
  #10797);
#12660 = PRESENTATION_STYLE_ASSIGNMENT((#12661));
#12661 = SURFACE_STYLE_USAGE(.BOTH.,#12662);
#12662 = SURFACE_SIDE_STYLE('',(#12663));
#12663 = SURFACE_STYLE_FILL_AREA(#12664);
#12664 = FILL_AREA_STYLE('',(#12665));
#12665 = FILL_AREA_STYLE_COLOUR('',#11398);
#12666 = OVER_RIDING_STYLED_ITEM('overriding color',(#12667),#9712,
  #10797);
#12667 = PRESENTATION_STYLE_ASSIGNMENT((#12668));
#12668 = SURFACE_STYLE_USAGE(.BOTH.,#12669);
#12669 = SURFACE_SIDE_STYLE('',(#12670));
#12670 = SURFACE_STYLE_FILL_AREA(#12671);
#12671 = FILL_AREA_STYLE('',(#12672));
#12672 = FILL_AREA_STYLE_COLOUR('',#11398);
#12673 = OVER_RIDING_STYLED_ITEM('overriding color',(#12674),#10037,
  #10797);
#12674 = PRESENTATION_STYLE_ASSIGNMENT((#12675));
#12675 = SURFACE_STYLE_USAGE(.BOTH.,#12676);
#12676 = SURFACE_SIDE_STYLE('',(#12677));
#12677 = SURFACE_STYLE_FILL_AREA(#12678);
#12678 = FILL_AREA_STYLE('',(#12679));
#12679 = FILL_AREA_STYLE_COLOUR('',#11398);
#12680 = OVER_RIDING_STYLED_ITEM('overriding color',(#12681),#10063,
  #10797);
#12681 = PRESENTATION_STYLE_ASSIGNMENT((#12682));
#12682 = SURFACE_STYLE_USAGE(.BOTH.,#12683);
#12683 = SURFACE_SIDE_STYLE('',(#12684));
#12684 = SURFACE_STYLE_FILL_AREA(#12685);
#12685 = FILL_AREA_STYLE('',(#12686));
#12686 = FILL_AREA_STYLE_COLOUR('',#11398);
#12687 = OVER_RIDING_STYLED_ITEM('overriding color',(#12688),#10084,
  #10797);
#12688 = PRESENTATION_STYLE_ASSIGNMENT((#12689));
#12689 = SURFACE_STYLE_USAGE(.BOTH.,#12690);
#12690 = SURFACE_SIDE_STYLE('',(#12691));
#12691 = SURFACE_STYLE_FILL_AREA(#12692);
#12692 = FILL_AREA_STYLE('',(#12693));
#12693 = FILL_AREA_STYLE_COLOUR('',#11398);
#12694 = OVER_RIDING_STYLED_ITEM('overriding color',(#12695),#10105,
  #10797);
#12695 = PRESENTATION_STYLE_ASSIGNMENT((#12696));
#12696 = SURFACE_STYLE_USAGE(.BOTH.,#12697);
#12697 = SURFACE_SIDE_STYLE('',(#12698));
#12698 = SURFACE_STYLE_FILL_AREA(#12699);
#12699 = FILL_AREA_STYLE('',(#12700));
#12700 = FILL_AREA_STYLE_COLOUR('',#11398);
#12701 = OVER_RIDING_STYLED_ITEM('overriding color',(#12702),#10126,
  #10797);
#12702 = PRESENTATION_STYLE_ASSIGNMENT((#12703));
#12703 = SURFACE_STYLE_USAGE(.BOTH.,#12704);
#12704 = SURFACE_SIDE_STYLE('',(#12705));
#12705 = SURFACE_STYLE_FILL_AREA(#12706);
#12706 = FILL_AREA_STYLE('',(#12707));
#12707 = FILL_AREA_STYLE_COLOUR('',#11398);
#12708 = OVER_RIDING_STYLED_ITEM('overriding color',(#12709),#10147,
  #10797);
#12709 = PRESENTATION_STYLE_ASSIGNMENT((#12710));
#12710 = SURFACE_STYLE_USAGE(.BOTH.,#12711);
#12711 = SURFACE_SIDE_STYLE('',(#12712));
#12712 = SURFACE_STYLE_FILL_AREA(#12713);
#12713 = FILL_AREA_STYLE('',(#12714));
#12714 = FILL_AREA_STYLE_COLOUR('',#11398);
#12715 = OVER_RIDING_STYLED_ITEM('overriding color',(#12716),#10168,
  #10797);
#12716 = PRESENTATION_STYLE_ASSIGNMENT((#12717));
#12717 = SURFACE_STYLE_USAGE(.BOTH.,#12718);
#12718 = SURFACE_SIDE_STYLE('',(#12719));
#12719 = SURFACE_STYLE_FILL_AREA(#12720);
#12720 = FILL_AREA_STYLE('',(#12721));
#12721 = FILL_AREA_STYLE_COLOUR('',#11398);
#12722 = OVER_RIDING_STYLED_ITEM('overriding color',(#12723),#10189,
  #10797);
#12723 = PRESENTATION_STYLE_ASSIGNMENT((#12724));
#12724 = SURFACE_STYLE_USAGE(.BOTH.,#12725);
#12725 = SURFACE_SIDE_STYLE('',(#12726));
#12726 = SURFACE_STYLE_FILL_AREA(#12727);
#12727 = FILL_AREA_STYLE('',(#12728));
#12728 = FILL_AREA_STYLE_COLOUR('',#11398);
#12729 = OVER_RIDING_STYLED_ITEM('overriding color',(#12730),#10210,
  #10797);
#12730 = PRESENTATION_STYLE_ASSIGNMENT((#12731));
#12731 = SURFACE_STYLE_USAGE(.BOTH.,#12732);
#12732 = SURFACE_SIDE_STYLE('',(#12733));
#12733 = SURFACE_STYLE_FILL_AREA(#12734);
#12734 = FILL_AREA_STYLE('',(#12735));
#12735 = FILL_AREA_STYLE_COLOUR('',#11398);
#12736 = OVER_RIDING_STYLED_ITEM('overriding color',(#12737),#10231,
  #10797);
#12737 = PRESENTATION_STYLE_ASSIGNMENT((#12738));
#12738 = SURFACE_STYLE_USAGE(.BOTH.,#12739);
#12739 = SURFACE_SIDE_STYLE('',(#12740));
#12740 = SURFACE_STYLE_FILL_AREA(#12741);
#12741 = FILL_AREA_STYLE('',(#12742));
#12742 = FILL_AREA_STYLE_COLOUR('',#11398);
#12743 = OVER_RIDING_STYLED_ITEM('overriding color',(#12744),#10252,
  #10797);
#12744 = PRESENTATION_STYLE_ASSIGNMENT((#12745));
#12745 = SURFACE_STYLE_USAGE(.BOTH.,#12746);
#12746 = SURFACE_SIDE_STYLE('',(#12747));
#12747 = SURFACE_STYLE_FILL_AREA(#12748);
#12748 = FILL_AREA_STYLE('',(#12749));
#12749 = FILL_AREA_STYLE_COLOUR('',#11398);
#12750 = OVER_RIDING_STYLED_ITEM('overriding color',(#12751),#10273,
  #10797);
#12751 = PRESENTATION_STYLE_ASSIGNMENT((#12752));
#12752 = SURFACE_STYLE_USAGE(.BOTH.,#12753);
#12753 = SURFACE_SIDE_STYLE('',(#12754));
#12754 = SURFACE_STYLE_FILL_AREA(#12755);
#12755 = FILL_AREA_STYLE('',(#12756));
#12756 = FILL_AREA_STYLE_COLOUR('',#11398);
#12757 = OVER_RIDING_STYLED_ITEM('overriding color',(#12758),#10294,
  #10797);
#12758 = PRESENTATION_STYLE_ASSIGNMENT((#12759));
#12759 = SURFACE_STYLE_USAGE(.BOTH.,#12760);
#12760 = SURFACE_SIDE_STYLE('',(#12761));
#12761 = SURFACE_STYLE_FILL_AREA(#12762);
#12762 = FILL_AREA_STYLE('',(#12763));
#12763 = FILL_AREA_STYLE_COLOUR('',#11398);
#12764 = OVER_RIDING_STYLED_ITEM('overriding color',(#12765),#10311,
  #10797);
#12765 = PRESENTATION_STYLE_ASSIGNMENT((#12766));
#12766 = SURFACE_STYLE_USAGE(.BOTH.,#12767);
#12767 = SURFACE_SIDE_STYLE('',(#12768));
#12768 = SURFACE_STYLE_FILL_AREA(#12769);
#12769 = FILL_AREA_STYLE('',(#12770));
#12770 = FILL_AREA_STYLE_COLOUR('',#11398);
#12771 = OVER_RIDING_STYLED_ITEM('overriding color',(#12772),#10328,
  #10797);
#12772 = PRESENTATION_STYLE_ASSIGNMENT((#12773));
#12773 = SURFACE_STYLE_USAGE(.BOTH.,#12774);
#12774 = SURFACE_SIDE_STYLE('',(#12775));
#12775 = SURFACE_STYLE_FILL_AREA(#12776);
#12776 = FILL_AREA_STYLE('',(#12777));
#12777 = FILL_AREA_STYLE_COLOUR('',#11398);
#12778 = OVER_RIDING_STYLED_ITEM('overriding color',(#12779),#10345,
  #10797);
#12779 = PRESENTATION_STYLE_ASSIGNMENT((#12780));
#12780 = SURFACE_STYLE_USAGE(.BOTH.,#12781);
#12781 = SURFACE_SIDE_STYLE('',(#12782));
#12782 = SURFACE_STYLE_FILL_AREA(#12783);
#12783 = FILL_AREA_STYLE('',(#12784));
#12784 = FILL_AREA_STYLE_COLOUR('',#11398);
#12785 = OVER_RIDING_STYLED_ITEM('overriding color',(#12786),#10362,
  #10797);
#12786 = PRESENTATION_STYLE_ASSIGNMENT((#12787));
#12787 = SURFACE_STYLE_USAGE(.BOTH.,#12788);
#12788 = SURFACE_SIDE_STYLE('',(#12789));
#12789 = SURFACE_STYLE_FILL_AREA(#12790);
#12790 = FILL_AREA_STYLE('',(#12791));
#12791 = FILL_AREA_STYLE_COLOUR('',#11398);
#12792 = OVER_RIDING_STYLED_ITEM('overriding color',(#12793),#10383,
  #10797);
#12793 = PRESENTATION_STYLE_ASSIGNMENT((#12794));
#12794 = SURFACE_STYLE_USAGE(.BOTH.,#12795);
#12795 = SURFACE_SIDE_STYLE('',(#12796));
#12796 = SURFACE_STYLE_FILL_AREA(#12797);
#12797 = FILL_AREA_STYLE('',(#12798));
#12798 = FILL_AREA_STYLE_COLOUR('',#11398);
#12799 = OVER_RIDING_STYLED_ITEM('overriding color',(#12800),#10404,
  #10797);
#12800 = PRESENTATION_STYLE_ASSIGNMENT((#12801));
#12801 = SURFACE_STYLE_USAGE(.BOTH.,#12802);
#12802 = SURFACE_SIDE_STYLE('',(#12803));
#12803 = SURFACE_STYLE_FILL_AREA(#12804);
#12804 = FILL_AREA_STYLE('',(#12805));
#12805 = FILL_AREA_STYLE_COLOUR('',#11398);
#12806 = OVER_RIDING_STYLED_ITEM('overriding color',(#12807),#10425,
  #10797);
#12807 = PRESENTATION_STYLE_ASSIGNMENT((#12808));
#12808 = SURFACE_STYLE_USAGE(.BOTH.,#12809);
#12809 = SURFACE_SIDE_STYLE('',(#12810));
#12810 = SURFACE_STYLE_FILL_AREA(#12811);
#12811 = FILL_AREA_STYLE('',(#12812));
#12812 = FILL_AREA_STYLE_COLOUR('',#11398);
#12813 = OVER_RIDING_STYLED_ITEM('overriding color',(#12814),#10446,
  #10797);
#12814 = PRESENTATION_STYLE_ASSIGNMENT((#12815));
#12815 = SURFACE_STYLE_USAGE(.BOTH.,#12816);
#12816 = SURFACE_SIDE_STYLE('',(#12817));
#12817 = SURFACE_STYLE_FILL_AREA(#12818);
#12818 = FILL_AREA_STYLE('',(#12819));
#12819 = FILL_AREA_STYLE_COLOUR('',#11398);
#12820 = OVER_RIDING_STYLED_ITEM('overriding color',(#12821),#10467,
  #10797);
#12821 = PRESENTATION_STYLE_ASSIGNMENT((#12822));
#12822 = SURFACE_STYLE_USAGE(.BOTH.,#12823);
#12823 = SURFACE_SIDE_STYLE('',(#12824));
#12824 = SURFACE_STYLE_FILL_AREA(#12825);
#12825 = FILL_AREA_STYLE('',(#12826));
#12826 = FILL_AREA_STYLE_COLOUR('',#11398);
#12827 = OVER_RIDING_STYLED_ITEM('overriding color',(#12828),#10488,
  #10797);
#12828 = PRESENTATION_STYLE_ASSIGNMENT((#12829));
#12829 = SURFACE_STYLE_USAGE(.BOTH.,#12830);
#12830 = SURFACE_SIDE_STYLE('',(#12831));
#12831 = SURFACE_STYLE_FILL_AREA(#12832);
#12832 = FILL_AREA_STYLE('',(#12833));
#12833 = FILL_AREA_STYLE_COLOUR('',#11398);
#12834 = OVER_RIDING_STYLED_ITEM('overriding color',(#12835),#10509,
  #10797);
#12835 = PRESENTATION_STYLE_ASSIGNMENT((#12836));
#12836 = SURFACE_STYLE_USAGE(.BOTH.,#12837);
#12837 = SURFACE_SIDE_STYLE('',(#12838));
#12838 = SURFACE_STYLE_FILL_AREA(#12839);
#12839 = FILL_AREA_STYLE('',(#12840));
#12840 = FILL_AREA_STYLE_COLOUR('',#11398);
#12841 = OVER_RIDING_STYLED_ITEM('overriding color',(#12842),#10526,
  #10797);
#12842 = PRESENTATION_STYLE_ASSIGNMENT((#12843));
#12843 = SURFACE_STYLE_USAGE(.BOTH.,#12844);
#12844 = SURFACE_SIDE_STYLE('',(#12845));
#12845 = SURFACE_STYLE_FILL_AREA(#12846);
#12846 = FILL_AREA_STYLE('',(#12847));
#12847 = FILL_AREA_STYLE_COLOUR('',#11398);
#12848 = OVER_RIDING_STYLED_ITEM('overriding color',(#12849),#10547,
  #10797);
#12849 = PRESENTATION_STYLE_ASSIGNMENT((#12850));
#12850 = SURFACE_STYLE_USAGE(.BOTH.,#12851);
#12851 = SURFACE_SIDE_STYLE('',(#12852));
#12852 = SURFACE_STYLE_FILL_AREA(#12853);
#12853 = FILL_AREA_STYLE('',(#12854));
#12854 = FILL_AREA_STYLE_COLOUR('',#11398);
#12855 = OVER_RIDING_STYLED_ITEM('overriding color',(#12856),#10568,
  #10797);
#12856 = PRESENTATION_STYLE_ASSIGNMENT((#12857));
#12857 = SURFACE_STYLE_USAGE(.BOTH.,#12858);
#12858 = SURFACE_SIDE_STYLE('',(#12859));
#12859 = SURFACE_STYLE_FILL_AREA(#12860);
#12860 = FILL_AREA_STYLE('',(#12861));
#12861 = FILL_AREA_STYLE_COLOUR('',#11398);
#12862 = OVER_RIDING_STYLED_ITEM('overriding color',(#12863),#10585,
  #10797);
#12863 = PRESENTATION_STYLE_ASSIGNMENT((#12864));
#12864 = SURFACE_STYLE_USAGE(.BOTH.,#12865);
#12865 = SURFACE_SIDE_STYLE('',(#12866));
#12866 = SURFACE_STYLE_FILL_AREA(#12867);
#12867 = FILL_AREA_STYLE('',(#12868));
#12868 = FILL_AREA_STYLE_COLOUR('',#11398);
#12869 = OVER_RIDING_STYLED_ITEM('overriding color',(#12870),#10606,
  #10797);
#12870 = PRESENTATION_STYLE_ASSIGNMENT((#12871));
#12871 = SURFACE_STYLE_USAGE(.BOTH.,#12872);
#12872 = SURFACE_SIDE_STYLE('',(#12873));
#12873 = SURFACE_STYLE_FILL_AREA(#12874);
#12874 = FILL_AREA_STYLE('',(#12875));
#12875 = FILL_AREA_STYLE_COLOUR('',#11398);
#12876 = OVER_RIDING_STYLED_ITEM('overriding color',(#12877),#10627,
  #10797);
#12877 = PRESENTATION_STYLE_ASSIGNMENT((#12878));
#12878 = SURFACE_STYLE_USAGE(.BOTH.,#12879);
#12879 = SURFACE_SIDE_STYLE('',(#12880));
#12880 = SURFACE_STYLE_FILL_AREA(#12881);
#12881 = FILL_AREA_STYLE('',(#12882));
#12882 = FILL_AREA_STYLE_COLOUR('',#11398);
#12883 = OVER_RIDING_STYLED_ITEM('overriding color',(#12884),#10648,
  #10797);
#12884 = PRESENTATION_STYLE_ASSIGNMENT((#12885));
#12885 = SURFACE_STYLE_USAGE(.BOTH.,#12886);
#12886 = SURFACE_SIDE_STYLE('',(#12887));
#12887 = SURFACE_STYLE_FILL_AREA(#12888);
#12888 = FILL_AREA_STYLE('',(#12889));
#12889 = FILL_AREA_STYLE_COLOUR('',#11398);
#12890 = OVER_RIDING_STYLED_ITEM('overriding color',(#12891),#10665,
  #10797);
#12891 = PRESENTATION_STYLE_ASSIGNMENT((#12892));
#12892 = SURFACE_STYLE_USAGE(.BOTH.,#12893);
#12893 = SURFACE_SIDE_STYLE('',(#12894));
#12894 = SURFACE_STYLE_FILL_AREA(#12895);
#12895 = FILL_AREA_STYLE('',(#12896));
#12896 = FILL_AREA_STYLE_COLOUR('',#11398);
#12897 = OVER_RIDING_STYLED_ITEM('overriding color',(#12898),#10686,
  #10797);
#12898 = PRESENTATION_STYLE_ASSIGNMENT((#12899));
#12899 = SURFACE_STYLE_USAGE(.BOTH.,#12900);
#12900 = SURFACE_SIDE_STYLE('',(#12901));
#12901 = SURFACE_STYLE_FILL_AREA(#12902);
#12902 = FILL_AREA_STYLE('',(#12903));
#12903 = FILL_AREA_STYLE_COLOUR('',#11398);
#12904 = OVER_RIDING_STYLED_ITEM('overriding color',(#12905),#10702,
  #10797);
#12905 = PRESENTATION_STYLE_ASSIGNMENT((#12906));
#12906 = SURFACE_STYLE_USAGE(.BOTH.,#12907);
#12907 = SURFACE_SIDE_STYLE('',(#12908));
#12908 = SURFACE_STYLE_FILL_AREA(#12909);
#12909 = FILL_AREA_STYLE('',(#12910));
#12910 = FILL_AREA_STYLE_COLOUR('',#11398);
#12911 = OVER_RIDING_STYLED_ITEM('overriding color',(#12912),#10747,
  #10797);
#12912 = PRESENTATION_STYLE_ASSIGNMENT((#12913));
#12913 = SURFACE_STYLE_USAGE(.BOTH.,#12914);
#12914 = SURFACE_SIDE_STYLE('',(#12915));
#12915 = SURFACE_STYLE_FILL_AREA(#12916);
#12916 = FILL_AREA_STYLE('',(#12917));
#12917 = FILL_AREA_STYLE_COLOUR('',#11398);
ENDSEC;
END-ISO-10303-21;
