ISO-10303-21;
HEADER;
FILE_DESCRIPTION(('FreeCAD Model'),'2;1');
FILE_NAME('Open CASCADE Shape Model','2026-07-20T16:12:52',('Author'),(
    ''),'Open CASCADE STEP processor 7.8','FreeCAD','Unknown');
FILE_SCHEMA(('AUTOMOTIVE_DESIGN { 1 0 10303 214 1 1 1 1 }'));
ENDSEC;
DATA;
#1 = APPLICATION_PROTOCOL_DEFINITION('international standard',
  'automotive_design',2000,#2);
#2 = APPLICATION_CONTEXT(
  'core data for automotive mechanical design processes');
#3 = SHAPE_DEFINITION_REPRESENTATION(#4,#10);
#4 = PRODUCT_DEFINITION_SHAPE('','',#5);
#5 = PRODUCT_DEFINITION('design','',#6,#9);
#6 = PRODUCT_DEFINITION_FORMATION('','',#7);
#7 = PRODUCT(
  'D1~SOD-323_L1.8-W1.3-LS2.5-RD~SOD-323_L1.8-W1.3-LS2.5-RD~qtEW',
  'D1~SOD-323_L1.8-W1.3-LS2.5-RD~SOD-323_L1.8-W1.3-LS2.5-RD~qtEW','',(#8
    ));
#8 = PRODUCT_CONTEXT('',#2,'mechanical');
#9 = PRODUCT_DEFINITION_CONTEXT('part definition',#2,'design');
#10 = SHAPE_REPRESENTATION('',(#11,#15),#19);
#11 = AXIS2_PLACEMENT_3D('',#12,#13,#14);
#12 = CARTESIAN_POINT('',(0.,0.,0.));
#13 = DIRECTION('',(0.,0.,1.));
#14 = DIRECTION('',(1.,0.,-0.));
#15 = AXIS2_PLACEMENT_3D('',#16,#17,#18);
#16 = CARTESIAN_POINT('',(0.,0.,0.));
#17 = DIRECTION('',(0.,0.,1.));
#18 = DIRECTION('',(1.,0.,0.));
#19 = ( GEOMETRIC_REPRESENTATION_CONTEXT(3) 
GLOBAL_UNCERTAINTY_ASSIGNED_CONTEXT((#23)) GLOBAL_UNIT_ASSIGNED_CONTEXT(
(#20,#21,#22)) REPRESENTATION_CONTEXT('Context #1',
  '3D Context with UNIT and UNCERTAINTY') );
#20 = ( LENGTH_UNIT() NAMED_UNIT(*) SI_UNIT(.MILLI.,.METRE.) );
#21 = ( NAMED_UNIT(*) PLANE_ANGLE_UNIT() SI_UNIT($,.RADIAN.) );
#22 = ( NAMED_UNIT(*) SI_UNIT($,.STERADIAN.) SOLID_ANGLE_UNIT() );
#23 = UNCERTAINTY_MEASURE_WITH_UNIT(LENGTH_MEASURE(1.E-07),#20,
  'distance_accuracy_value','confusion accuracy');
#24 = PRODUCT_RELATED_PRODUCT_CATEGORY('part',$,(#7));
#25 = SHAPE_DEFINITION_REPRESENTATION(#26,#32);
#26 = PRODUCT_DEFINITION_SHAPE('','',#27);
#27 = PRODUCT_DEFINITION('design','',#28,#31);
#28 = PRODUCT_DEFINITION_FORMATION('','',#29);
#29 = PRODUCT(
  'SOD-323_L1.8-W1.3-LS2.5-RD~SOD-323_L1.8-W1.3-LS2.5-RD~2uwR',
  'SOD-323_L1.8-W1.3-LS2.5-RD~SOD-323_L1.8-W1.3-LS2.5-RD~2uwR','',(#30)
  );
#30 = PRODUCT_CONTEXT('',#2,'mechanical');
#31 = PRODUCT_DEFINITION_CONTEXT('part definition',#2,'design');
#32 = ADVANCED_BREP_SHAPE_REPRESENTATION('',(#11,#33),#9424);
#33 = MANIFOLD_SOLID_BREP('',#34);
#34 = CLOSED_SHELL('',(#35,#1533,#1573,#1613,#1653,#1693,#1765,#1837,
    #1868,#1922,#1976,#2007,#2056,#2079,#2102,#2120,#2138,#2156,#2174,
    #2223,#2240,#2258,#2282,#2300,#2317,#2335,#2352,#2369,#2387,#2405,
    #2423,#2441,#2459,#2476,#2493,#2505,#2547,#2578,#2611,#2642,#2673,
    #2704,#2737,#2768,#2801,#2832,#2863,#2875,#2887,#2918,#2949,#3035,
    #3121,#3143,#3160,#3177,#3194,#3211,#3223,#3240,#3257,#3269,#3286,
    #3303,#3315,#3346,#3370,#3394,#3418,#3442,#3459,#3473,#3509,#3533,
    #3562,#3591,#3620,#3649,#3678,#3707,#3731,#3760,#3789,#3818,#3847,
    #3869,#3891,#3922,#3946,#3970,#3994,#4018,#4042,#4066,#4090,#4114,
    #4138,#4162,#4179,#4199,#4329,#4351,#4372,#4393,#4414,#4435,#4452,
    #4464,#4495,#4519,#4543,#4572,#4601,#4630,#4652,#4667,#4791,#4813,
    #4830,#4847,#4864,#4881,#4898,#4915,#4927,#4958,#4982,#5011,#5035,
    #5064,#5081,#5095,#5126,#5150,#5174,#5198,#5222,#5246,#5270,#5294,
    #5318,#5342,#5366,#5383,#5403,#5603,#5629,#5646,#5667,#5688,#5705,
    #5726,#5747,#5768,#5789,#5806,#5823,#5840,#5857,#5873,#5909,#5938,
    #5967,#5996,#6025,#6054,#6078,#6095,#6111,#6147,#6171,#6200,#6229,
    #6258,#6287,#6316,#6345,#6374,#6403,#6432,#6461,#6485,#6514,#6543,
    #6572,#6601,#6630,#6659,#6688,#6710,#6739,#6770,#6794,#6823,#6847,
    #6871,#6895,#6919,#6943,#6967,#6996,#7025,#7049,#7078,#7107,#7124,
    #7147,#7178,#7202,#7226,#7250,#7274,#7298,#7322,#7346,#7370,#7394,
    #7418,#7435,#7455,#7585,#7607,#7628,#7649,#7670,#7691,#7708,#7720,
    #7751,#7775,#7799,#7828,#7857,#7886,#7908,#7923,#8047,#8069,#8086,
    #8103,#8120,#8137,#8154,#8171,#8183,#8214,#8238,#8267,#8291,#8320,
    #8337,#8351,#8676,#8702,#8723,#8744,#8765,#8786,#8807,#8828,#8849,
    #8870,#8891,#8912,#8933,#8950,#8967,#8984,#9001,#9022,#9043,#9064,
    #9085,#9106,#9127,#9148,#9165,#9186,#9207,#9224,#9245,#9266,#9287,
    #9304,#9325,#9341,#9386,#9414));
#35 = ADVANCED_FACE('',(#36,#102,#200,#327,#516,#638,#700,#734,#784,#910
    ,#1008,#1074,#1172,#1234),#1528,.T.);
#36 = FACE_BOUND('',#37,.T.);
#37 = EDGE_LOOP('',(#38,#48,#56,#64,#72,#80,#88,#96));
#38 = ORIENTED_EDGE('',*,*,#39,.F.);
#39 = EDGE_CURVE('',#40,#42,#44,.T.);
#40 = VERTEX_POINT('',#41);
#41 = CARTESIAN_POINT('',(-0.298483098139,0.625188454371,0.701543320531)
  );
#42 = VERTEX_POINT('',#43);
#43 = CARTESIAN_POINT('',(-0.290061270829,0.625180141477,0.701602469842)
  );
#44 = LINE('',#45,#46);
#45 = CARTESIAN_POINT('',(-0.290061270829,0.625180141477,0.701602469842)
  );
#46 = VECTOR('',#47,1.);
#47 = DIRECTION('',(0.999974850186,-9.870404750007E-04,
    7.023157916005E-03));
#48 = ORIENTED_EDGE('',*,*,#49,.F.);
#49 = EDGE_CURVE('',#50,#40,#52,.T.);
#50 = VERTEX_POINT('',#51);
#51 = CARTESIAN_POINT('',(-0.321288388073,0.63370254589,0.640962411519)
  );
#52 = LINE('',#53,#54);
#53 = CARTESIAN_POINT('',(-0.298483098139,0.625188454371,0.701543320531)
  );
#54 = VECTOR('',#55,1.);
#55 = DIRECTION('',(0.349299057795,-0.130406767653,0.927892366158));
#56 = ORIENTED_EDGE('',*,*,#57,.F.);
#57 = EDGE_CURVE('',#58,#50,#60,.T.);
#58 = VERTEX_POINT('',#59);
#59 = CARTESIAN_POINT('',(-0.312585833187,0.6336939559,0.641023532474));
#60 = LINE('',#61,#62);
#61 = CARTESIAN_POINT('',(-0.321288388073,0.63370254589,0.640962411519)
  );
#62 = VECTOR('',#63,1.);
#63 = DIRECTION('',(-0.999974850186,9.870404750007E-04,
    -7.023157916005E-03));
#64 = ORIENTED_EDGE('',*,*,#65,.F.);
#65 = EDGE_CURVE('',#66,#58,#68,.T.);
#66 = VERTEX_POINT('',#67);
#67 = CARTESIAN_POINT('',(-0.306481393651,0.631365335355,0.657592528597)
  );
#68 = LINE('',#69,#70);
#69 = CARTESIAN_POINT('',(-0.312585833187,0.6336939559,0.641023532474));
#70 = VECTOR('',#71,1.);
#71 = DIRECTION('',(-0.342741495853,0.130743352318,-0.930287290489));
#72 = ORIENTED_EDGE('',*,*,#73,.F.);
#73 = EDGE_CURVE('',#74,#66,#76,.T.);
#74 = VERTEX_POINT('',#75);
#75 = CARTESIAN_POINT('',(-0.281075547934,0.631340258126,0.657770962351)
  );
#76 = LINE('',#77,#78);
#77 = CARTESIAN_POINT('',(-0.306481393651,0.631365335355,0.657592528597)
  );
#78 = VECTOR('',#79,1.);
#79 = DIRECTION('',(-0.999974850186,9.870404750007E-04,
    -7.023157916005E-03));
#80 = ORIENTED_EDGE('',*,*,#81,.F.);
#81 = EDGE_CURVE('',#82,#74,#84,.T.);
#82 = VERTEX_POINT('',#83);
#83 = CARTESIAN_POINT('',(-0.275093105683,0.63365694813,0.641286856442)
  );
#84 = LINE('',#85,#86);
#85 = CARTESIAN_POINT('',(-0.281075547934,0.631340258126,0.657770962351)
  );
#86 = VECTOR('',#87,1.);
#87 = DIRECTION('',(-0.338211162486,-0.13097166448,0.931911815932));
#88 = ORIENTED_EDGE('',*,*,#89,.F.);
#89 = EDGE_CURVE('',#90,#82,#92,.T.);
#90 = VERTEX_POINT('',#91);
#91 = CARTESIAN_POINT('',(-0.266390550797,0.63364835814,0.641347977397)
  );
#92 = LINE('',#93,#94);
#93 = CARTESIAN_POINT('',(-0.275093105683,0.63365694813,0.641286856442)
  );
#94 = VECTOR('',#95,1.);
#95 = DIRECTION('',(-0.999974850186,9.870404750007E-04,
    -7.023157916005E-03));
#96 = ORIENTED_EDGE('',*,*,#97,.F.);
#97 = EDGE_CURVE('',#42,#90,#98,.T.);
#98 = LINE('',#99,#100);
#99 = CARTESIAN_POINT('',(-0.266390550797,0.63364835814,0.641347977397)
  );
#100 = VECTOR('',#101,1.);
#101 = DIRECTION('',(0.362554487503,0.129704121719,-0.922892780555));
#102 = FACE_BOUND('',#103,.T.);
#103 = EDGE_LOOP('',(#104,#114,#122,#130,#138,#146,#154,#162,#170,#178,
    #186,#194));
#104 = ORIENTED_EDGE('',*,*,#105,.F.);
#105 = EDGE_CURVE('',#106,#108,#110,.T.);
#106 = VERTEX_POINT('',#107);
#107 = CARTESIAN_POINT('',(-0.20185694517,0.632616549539,0.648689677079)
  );
#108 = VERTEX_POINT('',#109);
#109 = CARTESIAN_POINT('',(-0.176918978748,0.632591934137,0.64886482476)
  );
#110 = LINE('',#111,#112);
#111 = CARTESIAN_POINT('',(-0.176918978748,0.632591934137,0.64886482476)
  );
#112 = VECTOR('',#113,1.);
#113 = DIRECTION('',(0.999974850186,-9.870404750007E-04,
    7.023157916005E-03));
#114 = ORIENTED_EDGE('',*,*,#115,.F.);
#115 = EDGE_CURVE('',#116,#106,#118,.T.);
#116 = VERTEX_POINT('',#117);
#117 = CARTESIAN_POINT('',(-0.201807612115,0.633584610562,0.641801564981
    ));
#118 = LINE('',#119,#120);
#119 = CARTESIAN_POINT('',(-0.20185694517,0.632616549539,0.648689677079)
  );
#120 = VECTOR('',#121,1.);
#121 = DIRECTION('',(-7.092178509004E-03,-0.139169600782,0.990243163684)
  );
#122 = ORIENTED_EDGE('',*,*,#123,.F.);
#123 = EDGE_CURVE('',#124,#116,#126,.T.);
#124 = VERTEX_POINT('',#125);
#125 = CARTESIAN_POINT('',(-0.168993677561,0.633552221066,0.642032028222
    ));
#126 = LINE('',#127,#128);
#127 = CARTESIAN_POINT('',(-0.201807612115,0.633584610562,0.641801564981
    ));
#128 = VECTOR('',#129,1.);
#129 = DIRECTION('',(-0.999974850186,9.870404750007E-04,
    -7.023157916005E-03));
#130 = ORIENTED_EDGE('',*,*,#131,.F.);
#131 = EDGE_CURVE('',#132,#124,#134,.T.);
#132 = VERTEX_POINT('',#133);
#133 = CARTESIAN_POINT('',(-0.16942639261,0.625061066975,0.70244972895)
  );
#134 = LINE('',#135,#136);
#135 = CARTESIAN_POINT('',(-0.168993677561,0.633552221066,0.642032028222
    ));
#136 = VECTOR('',#137,1.);
#137 = DIRECTION('',(7.092178509004E-03,0.139169600782,-0.990243163684)
  );
#138 = ORIENTED_EDGE('',*,*,#139,.F.);
#139 = EDGE_CURVE('',#140,#132,#142,.T.);
#140 = VERTEX_POINT('',#141);
#141 = CARTESIAN_POINT('',(-0.200852285255,0.625092086383,0.702229014393
    ));
#142 = LINE('',#143,#144);
#143 = CARTESIAN_POINT('',(-0.16942639261,0.625061066975,0.70244972895)
  );
#144 = VECTOR('',#145,1.);
#145 = DIRECTION('',(0.999974850186,-9.870404750007E-04,
    7.023157916005E-03));
#146 = ORIENTED_EDGE('',*,*,#147,.F.);
#147 = EDGE_CURVE('',#148,#140,#150,.T.);
#148 = VERTEX_POINT('',#149);
#149 = CARTESIAN_POINT('',(-0.200802509751,0.626068829569,0.695279125505
    ));
#150 = LINE('',#151,#152);
#151 = CARTESIAN_POINT('',(-0.200852285255,0.625092086383,0.702229014393
    ));
#152 = VECTOR('',#153,1.);
#153 = DIRECTION('',(-7.092178509004E-03,-0.139169600782,0.990243163684)
  );
#154 = ORIENTED_EDGE('',*,*,#155,.F.);
#155 = EDGE_CURVE('',#156,#148,#158,.T.);
#156 = VERTEX_POINT('',#157);
#157 = CARTESIAN_POINT('',(-0.177252585238,0.626045584255,0.695444524504
    ));
#158 = LINE('',#159,#160);
#159 = CARTESIAN_POINT('',(-0.200802509751,0.626068829569,0.695279125505
    ));
#160 = VECTOR('',#161,1.);
#161 = DIRECTION('',(-0.999974850186,9.870404750007E-04,
    -7.023157916005E-03));
#162 = ORIENTED_EDGE('',*,*,#163,.F.);
#163 = EDGE_CURVE('',#164,#156,#166,.T.);
#164 = VERTEX_POINT('',#165);
#165 = CARTESIAN_POINT('',(-0.177114098724,0.628763100851,0.676108389199
    ));
#166 = LINE('',#167,#168);
#167 = CARTESIAN_POINT('',(-0.177252585238,0.626045584255,0.695444524504
    ));
#168 = VECTOR('',#169,1.);
#169 = DIRECTION('',(-7.092178509004E-03,-0.139169600782,0.990243163684)
  );
#170 = ORIENTED_EDGE('',*,*,#171,.F.);
#171 = EDGE_CURVE('',#172,#164,#174,.T.);
#172 = VERTEX_POINT('',#173);
#173 = CARTESIAN_POINT('',(-0.198932869846,0.628784637403,0.67595514867)
  );
#174 = LINE('',#175,#176);
#175 = CARTESIAN_POINT('',(-0.177114098724,0.628763100851,0.676108389199
    ));
#176 = VECTOR('',#177,1.);
#177 = DIRECTION('',(0.999974850186,-9.870404750007E-04,
    7.023157916005E-03));
#178 = ORIENTED_EDGE('',*,*,#179,.F.);
#179 = EDGE_CURVE('',#180,#172,#182,.T.);
#180 = VERTEX_POINT('',#181);
#181 = CARTESIAN_POINT('',(-0.198883315566,0.629757039507,0.669036148177
    ));
#182 = LINE('',#183,#184);
#183 = CARTESIAN_POINT('',(-0.198932869846,0.628784637403,0.67595514867)
  );
#184 = VECTOR('',#185,1.);
#185 = DIRECTION('',(-7.092178509004E-03,-0.139169600782,0.990243163684)
  );
#186 = ORIENTED_EDGE('',*,*,#187,.F.);
#187 = EDGE_CURVE('',#188,#180,#190,.T.);
#188 = VERTEX_POINT('',#189);
#189 = CARTESIAN_POINT('',(-0.177064544444,0.629735502955,0.669189388707
    ));
#190 = LINE('',#191,#192);
#191 = CARTESIAN_POINT('',(-0.198883315566,0.629757039507,0.669036148177
    ));
#192 = VECTOR('',#193,1.);
#193 = DIRECTION('',(-0.999974850186,9.870404750007E-04,
    -7.023157916005E-03));
#194 = ORIENTED_EDGE('',*,*,#195,.F.);
#195 = EDGE_CURVE('',#108,#188,#196,.T.);
#196 = LINE('',#197,#198);
#197 = CARTESIAN_POINT('',(-0.177064544444,0.629735502955,0.669189388707
    ));
#198 = VECTOR('',#199,1.);
#199 = DIRECTION('',(-7.092178509004E-03,-0.139169600782,0.990243163684)
  );
#200 = FACE_BOUND('',#201,.T.);
#201 = EDGE_LOOP('',(#202,#212,#220,#228,#237,#246,#254,#263,#272,#280,
    #288,#296,#304,#312,#320));
#202 = ORIENTED_EDGE('',*,*,#203,.F.);
#203 = EDGE_CURVE('',#204,#206,#208,.T.);
#204 = VERTEX_POINT('',#205);
#205 = CARTESIAN_POINT('',(-0.153145296482,0.627471782715,0.685296595162
    ));
#206 = VERTEX_POINT('',#207);
#207 = CARTESIAN_POINT('',(-0.141012838279,0.632026853931,0.652885579349
    ));
#208 = LINE('',#209,#210);
#209 = CARTESIAN_POINT('',(-0.141012838279,0.632026853931,0.652885579349
    ));
#210 = VECTOR('',#211,1.);
#211 = DIRECTION('',(0.347576530354,0.130495883208,-0.92852645628));
#212 = ORIENTED_EDGE('',*,*,#213,.F.);
#213 = EDGE_CURVE('',#214,#204,#216,.T.);
#214 = VERTEX_POINT('',#215);
#215 = CARTESIAN_POINT('',(-0.161068052543,0.627479602993,0.685240950996
    ));
#216 = LINE('',#217,#218);
#217 = CARTESIAN_POINT('',(-0.153145296482,0.627471782715,0.685296595162
    ));
#218 = VECTOR('',#219,1.);
#219 = DIRECTION('',(0.999974850186,-9.870404750007E-04,
    7.023157916005E-03));
#220 = ORIENTED_EDGE('',*,*,#221,.F.);
#221 = EDGE_CURVE('',#222,#214,#224,.T.);
#222 = VERTEX_POINT('',#223);
#223 = CARTESIAN_POINT('',(-0.140936625407,0.634440541052,0.635711303091
    ));
#224 = LINE('',#225,#226);
#225 = CARTESIAN_POINT('',(-0.161068052543,0.627479602993,0.685240950996
    ));
#226 = VECTOR('',#227,1.);
#227 = DIRECTION('',(-0.373386312957,-0.129107538129,0.918647867735));
#228 = ORIENTED_EDGE('',*,*,#229,.F.);
#229 = EDGE_CURVE('',#230,#222,#232,.T.);
#230 = VERTEX_POINT('',#231);
#231 = CARTESIAN_POINT('',(-0.125288549503,0.636365656116,0.622013397654
    ));
#232 = B_SPLINE_CURVE_WITH_KNOTS('',3,(#233,#234,#235,#236),
  .UNSPECIFIED.,.F.,.F.,(4,4),(1.,2.),.PIECEWISE_BEZIER_KNOTS.);
#233 = CARTESIAN_POINT('',(-0.125288549503,0.636365656116,0.622013397654
    ));
#234 = CARTESIAN_POINT('',(-0.131979223421,0.636372260248,0.621966406813
    ));
#235 = CARTESIAN_POINT('',(-0.137190050063,0.635730550095,0.626532411804
    ));
#236 = CARTESIAN_POINT('',(-0.140936625407,0.634440541052,0.635711303091
    ));
#237 = ORIENTED_EDGE('',*,*,#238,.F.);
#238 = EDGE_CURVE('',#239,#230,#241,.T.);
#239 = VERTEX_POINT('',#240);
#240 = CARTESIAN_POINT('',(-0.120364645418,0.636273969917,0.622665778856
    ));
#241 = B_SPLINE_CURVE_WITH_KNOTS('',3,(#242,#243,#244,#245),
  .UNSPECIFIED.,.F.,.F.,(4,4),(2.,3.),.PIECEWISE_BEZIER_KNOTS.);
#242 = CARTESIAN_POINT('',(-0.120364645418,0.636273969917,0.622665778856
    ));
#243 = CARTESIAN_POINT('',(-0.121718619456,0.636331743267,0.622254700109
    ));
#244 = CARTESIAN_POINT('',(-0.123370244393,0.636363762623,0.622026870553
    ));
#245 = CARTESIAN_POINT('',(-0.125288549503,0.636365656116,0.622013397654
    ));
#246 = ORIENTED_EDGE('',*,*,#247,.F.);
#247 = EDGE_CURVE('',#248,#239,#250,.T.);
#248 = VERTEX_POINT('',#249);
#249 = CARTESIAN_POINT('',(-0.120412872351,0.635327614298,0.629399448978
    ));
#250 = LINE('',#251,#252);
#251 = CARTESIAN_POINT('',(-0.120364645418,0.636273969917,0.622665778856
    ));
#252 = VECTOR('',#253,1.);
#253 = DIRECTION('',(7.092178509004E-03,0.139169600782,-0.990243163684)
  );
#254 = ORIENTED_EDGE('',*,*,#255,.F.);
#255 = EDGE_CURVE('',#256,#248,#258,.T.);
#256 = VERTEX_POINT('',#257);
#257 = CARTESIAN_POINT('',(-0.124742359533,0.635453444161,0.628504122975
    ));
#258 = B_SPLINE_CURVE_WITH_KNOTS('',3,(#259,#260,#261,#262),
  .UNSPECIFIED.,.F.,.F.,(4,4),(4.,5.),.PIECEWISE_BEZIER_KNOTS.);
#259 = CARTESIAN_POINT('',(-0.124742359533,0.635453444161,0.628504122975
    ));
#260 = CARTESIAN_POINT('',(-0.123338721648,0.635452058679,0.628513981193
    ));
#261 = CARTESIAN_POINT('',(-0.12190588283,0.635411572681,0.628802054039)
  );
#262 = CARTESIAN_POINT('',(-0.120412872351,0.635327614298,0.629399448978
    ));
#263 = ORIENTED_EDGE('',*,*,#264,.F.);
#264 = EDGE_CURVE('',#265,#256,#267,.T.);
#265 = VERTEX_POINT('',#266);
#266 = CARTESIAN_POINT('',(-0.132615120954,0.634605979151,0.634534149849
    ));
#267 = B_SPLINE_CURVE_WITH_KNOTS('',3,(#268,#269,#270,#271),
  .UNSPECIFIED.,.F.,.F.,(4,4),(5.,6.),.PIECEWISE_BEZIER_KNOTS.);
#268 = CARTESIAN_POINT('',(-0.132615120954,0.634605979151,0.634534149849
    ));
#269 = CARTESIAN_POINT('',(-0.130854765934,0.635177293058,0.630469040171
    ));
#270 = CARTESIAN_POINT('',(-0.128235858269,0.635456892473,0.628479586965
    ));
#271 = CARTESIAN_POINT('',(-0.124742359533,0.635453444161,0.628504122975
    ));
#272 = ORIENTED_EDGE('',*,*,#273,.F.);
#273 = EDGE_CURVE('',#274,#265,#276,.T.);
#274 = VERTEX_POINT('',#275);
#275 = CARTESIAN_POINT('',(-0.136024446915,0.633506654385,0.642356252005
    ));
#276 = LINE('',#277,#278);
#277 = CARTESIAN_POINT('',(-0.132615120954,0.634605979151,0.634534149849
    ));
#278 = VECTOR('',#279,1.);
#279 = DIRECTION('',(0.396279771914,0.127778972314,-0.909194630762));
#280 = ORIENTED_EDGE('',*,*,#281,.F.);
#281 = EDGE_CURVE('',#282,#274,#284,.T.);
#282 = VERTEX_POINT('',#283);
#283 = CARTESIAN_POINT('',(-0.119239643573,0.627438315622,0.685534725906
    ));
#284 = LINE('',#285,#286);
#285 = CARTESIAN_POINT('',(-0.136024446915,0.633506654385,0.642356252005
    ));
#286 = VECTOR('',#287,1.);
#287 = DIRECTION('',(-0.359249240323,0.129882134825,-0.924159409615));
#288 = ORIENTED_EDGE('',*,*,#289,.F.);
#289 = EDGE_CURVE('',#290,#282,#292,.T.);
#290 = VERTEX_POINT('',#291);
#291 = CARTESIAN_POINT('',(-0.127786238695,0.627446751669,0.685474700309
    ));
#292 = LINE('',#293,#294);
#293 = CARTESIAN_POINT('',(-0.119239643573,0.627438315622,0.685534725906
    ));
#294 = VECTOR('',#295,1.);
#295 = DIRECTION('',(0.999974850186,-9.870404750007E-04,
    7.023157916005E-03));
#296 = ORIENTED_EDGE('',*,*,#297,.F.);
#297 = EDGE_CURVE('',#298,#290,#300,.T.);
#298 = VERTEX_POINT('',#299);
#299 = CARTESIAN_POINT('',(-0.138939015853,0.632016124335,0.652961924395
    ));
#300 = LINE('',#301,#302);
#301 = CARTESIAN_POINT('',(-0.127786238695,0.627446751669,0.685474700309
    ));
#302 = VECTOR('',#303,1.);
#303 = DIRECTION('',(0.321638936845,-0.131777775638,0.937647594863));
#304 = ORIENTED_EDGE('',*,*,#305,.F.);
#305 = EDGE_CURVE('',#306,#298,#308,.T.);
#306 = VERTEX_POINT('',#307);
#307 = CARTESIAN_POINT('',(-0.13984933363,0.632516272284,0.649403186818)
  );
#308 = LINE('',#309,#310);
#309 = CARTESIAN_POINT('',(-0.138939015853,0.632016124335,0.652961924395
    ));
#310 = VECTOR('',#311,1.);
#311 = DIRECTION('',(0.245553034398,-0.134912060137,0.959949187888));
#312 = ORIENTED_EDGE('',*,*,#313,.F.);
#313 = EDGE_CURVE('',#314,#306,#316,.T.);
#314 = VERTEX_POINT('',#315);
#315 = CARTESIAN_POINT('',(-0.140052081324,0.63251647241,0.649401762853)
  );
#316 = LINE('',#317,#318);
#317 = CARTESIAN_POINT('',(-0.13984933363,0.632516272284,0.649403186818)
  );
#318 = VECTOR('',#319,1.);
#319 = DIRECTION('',(0.999974850186,-9.870404750007E-04,
    7.023157916005E-03));
#320 = ORIENTED_EDGE('',*,*,#321,.F.);
#321 = EDGE_CURVE('',#206,#314,#322,.T.);
#322 = B_SPLINE_CURVE_WITH_KNOTS('',3,(#323,#324,#325,#326),
  .UNSPECIFIED.,.F.,.F.,(4,4),(12.,13.),.PIECEWISE_BEZIER_KNOTS.);
#323 = CARTESIAN_POINT('',(-0.141012838279,0.632026853931,0.652885579349
    ));
#324 = CARTESIAN_POINT('',(-0.140534118985,0.632239105064,0.651375334064
    ));
#325 = CARTESIAN_POINT('',(-0.140213792925,0.632403758251,0.650203765767
    ));
#326 = CARTESIAN_POINT('',(-0.140052081324,0.63251647241,0.649401762853)
  );
#327 = FACE_BOUND('',#328,.T.);
#328 = EDGE_LOOP('',(#329,#339,#348,#357,#366,#375,#384,#393,#402,#411,
    #420,#428,#437,#446,#455,#464,#473,#482,#491,#500,#509));
#329 = ORIENTED_EDGE('',*,*,#330,.F.);
#330 = EDGE_CURVE('',#331,#333,#335,.T.);
#331 = VERTEX_POINT('',#332);
#332 = CARTESIAN_POINT('',(-8.5590821126E-02,0.632158824646,
    0.651946558919));
#333 = VERTEX_POINT('',#334);
#334 = CARTESIAN_POINT('',(-8.5534851337E-02,0.633257118095,
    0.64413179497));
#335 = LINE('',#336,#337);
#336 = CARTESIAN_POINT('',(-8.5534851337E-02,0.633257118095,
    0.64413179497));
#337 = VECTOR('',#338,1.);
#338 = DIRECTION('',(7.092178509004E-03,0.139169600782,-0.990243163684)
  );
#339 = ORIENTED_EDGE('',*,*,#340,.F.);
#340 = EDGE_CURVE('',#341,#331,#343,.T.);
#341 = VERTEX_POINT('',#342);
#342 = CARTESIAN_POINT('',(-9.8131312882E-02,0.632757278321,
    0.647688339764));
#343 = B_SPLINE_CURVE_WITH_KNOTS('',3,(#344,#345,#346,#347),
  .UNSPECIFIED.,.F.,.F.,(4,4),(0.,1.),.PIECEWISE_BEZIER_KNOTS.);
#344 = CARTESIAN_POINT('',(-9.8131312882E-02,0.632757278321,
    0.647688339764));
#345 = CARTESIAN_POINT('',(-9.363967165E-02,0.632752844778,
    0.647719886063));
#346 = CARTESIAN_POINT('',(-8.9469905049E-02,0.632553370482,
    0.649139219424));
#347 = CARTESIAN_POINT('',(-8.5590821126E-02,0.632158824646,
    0.651946558919));
#348 = ORIENTED_EDGE('',*,*,#349,.F.);
#349 = EDGE_CURVE('',#350,#341,#352,.T.);
#350 = VERTEX_POINT('',#351);
#351 = CARTESIAN_POINT('',(-0.107187598721,0.63194571192,0.65346293476)
  );
#352 = B_SPLINE_CURVE_WITH_KNOTS('',3,(#353,#354,#355,#356),
  .UNSPECIFIED.,.F.,.F.,(4,4),(1.,2.),.PIECEWISE_BEZIER_KNOTS.);
#353 = CARTESIAN_POINT('',(-0.107187598721,0.63194571192,0.65346293476)
  );
#354 = CARTESIAN_POINT('',(-0.107159724439,0.632492688104,0.649570996982
    ));
#355 = CARTESIAN_POINT('',(-0.104135763834,0.632763205106,0.647646168496
    ));
#356 = CARTESIAN_POINT('',(-9.8131312882E-02,0.632757278321,
    0.647688339764));
#357 = ORIENTED_EDGE('',*,*,#358,.F.);
#358 = EDGE_CURVE('',#359,#350,#361,.T.);
#359 = VERTEX_POINT('',#360);
#360 = CARTESIAN_POINT('',(-0.105251928536,0.631366408495,0.657584892808
    ));
#361 = B_SPLINE_CURVE_WITH_KNOTS('',3,(#362,#363,#364,#365),
  .UNSPECIFIED.,.F.,.F.,(4,4),(2.,3.),.PIECEWISE_BEZIER_KNOTS.);
#362 = CARTESIAN_POINT('',(-0.105251928536,0.631366408495,0.657584892808
    ));
#363 = CARTESIAN_POINT('',(-0.106554247706,0.631519639441,0.656494597977
    ));
#364 = CARTESIAN_POINT('',(-0.107199544842,0.631711293556,0.655130908093
    ));
#365 = CARTESIAN_POINT('',(-0.107187598721,0.63194571192,0.65346293476)
  );
#366 = ORIENTED_EDGE('',*,*,#367,.F.);
#367 = EDGE_CURVE('',#368,#359,#370,.T.);
#368 = VERTEX_POINT('',#369);
#369 = CARTESIAN_POINT('',(-9.727884565E-02,0.630815876144,
    0.661502134035));
#370 = B_SPLINE_CURVE_WITH_KNOTS('',3,(#371,#372,#373,#374),
  .UNSPECIFIED.,.F.,.F.,(4,4),(3.,4.),.PIECEWISE_BEZIER_KNOTS.);
#371 = CARTESIAN_POINT('',(-9.727884565E-02,0.630815876144,
    0.661502134035));
#372 = CARTESIAN_POINT('',(-0.101291988813,0.631028219739,0.659991230846
    ));
#373 = CARTESIAN_POINT('',(-0.103949609366,0.63121317755,0.658675187638)
  );
#374 = CARTESIAN_POINT('',(-0.105251928536,0.631366408495,0.657584892808
    ));
#375 = ORIENTED_EDGE('',*,*,#376,.F.);
#376 = EDGE_CURVE('',#377,#368,#379,.T.);
#377 = VERTEX_POINT('',#378);
#378 = CARTESIAN_POINT('',(-8.7915398347E-02,0.63000349346,
    0.667282537184));
#379 = B_SPLINE_CURVE_WITH_KNOTS('',3,(#380,#381,#382,#383),
  .UNSPECIFIED.,.F.,.F.,(4,4),(4.,5.),.PIECEWISE_BEZIER_KNOTS.);
#380 = CARTESIAN_POINT('',(-8.7915398347E-02,0.63000349346,
    0.667282537184));
#381 = CARTESIAN_POINT('',(-8.9336733492E-02,0.630269715661,
    0.665388267796));
#382 = CARTESIAN_POINT('',(-9.2473404828E-02,0.63054197231,
    0.663451061078));
#383 = CARTESIAN_POINT('',(-9.727884565E-02,0.630815876144,
    0.661502134035));
#384 = ORIENTED_EDGE('',*,*,#385,.F.);
#385 = EDGE_CURVE('',#386,#377,#388,.T.);
#386 = VERTEX_POINT('',#387);
#387 = CARTESIAN_POINT('',(-8.5796448219E-02,0.629041974798,
    0.674124097962));
#388 = B_SPLINE_CURVE_WITH_KNOTS('',3,(#389,#390,#391,#392),
  .UNSPECIFIED.,.F.,.F.,(4,4),(5.,6.),.PIECEWISE_BEZIER_KNOTS.);
#389 = CARTESIAN_POINT('',(-8.5796448219E-02,0.629041974798,
    0.674124097962));
#390 = CARTESIAN_POINT('',(-8.5777422916E-02,0.629415307748,
    0.671467695987));
#391 = CARTESIAN_POINT('',(-8.6478467224E-02,0.629737255865,
    0.669176916108));
#392 = CARTESIAN_POINT('',(-8.7915398347E-02,0.63000349346,
    0.667282537184));
#393 = ORIENTED_EDGE('',*,*,#394,.F.);
#394 = EDGE_CURVE('',#395,#386,#397,.T.);
#395 = VERTEX_POINT('',#396);
#396 = CARTESIAN_POINT('',(-9.075950973E-02,0.627753166506,
    0.683294445459));
#397 = B_SPLINE_CURVE_WITH_KNOTS('',3,(#398,#399,#400,#401),
  .UNSPECIFIED.,.F.,.F.,(4,4),(6.,7.),.PIECEWISE_BEZIER_KNOTS.);
#398 = CARTESIAN_POINT('',(-9.075950973E-02,0.627753166506,
    0.683294445459));
#399 = CARTESIAN_POINT('',(-8.7483358807E-02,0.62807553017,
    0.681000708804));
#400 = CARTESIAN_POINT('',(-8.5823880053E-02,0.628503680776,
    0.677954258949));
#401 = CARTESIAN_POINT('',(-8.5796448219E-02,0.629041974798,
    0.674124097962));
#402 = ORIENTED_EDGE('',*,*,#403,.F.);
#403 = EDGE_CURVE('',#404,#395,#406,.T.);
#404 = VERTEX_POINT('',#405);
#405 = CARTESIAN_POINT('',(-0.102855351455,0.627283221682,0.686638276632
    ));
#406 = B_SPLINE_CURVE_WITH_KNOTS('',3,(#407,#408,#409,#410),
  .UNSPECIFIED.,.F.,.F.,(4,4),(7.,8.),.PIECEWISE_BEZIER_KNOTS.);
#407 = CARTESIAN_POINT('',(-0.102855351455,0.627283221682,0.686638276632
    ));
#408 = CARTESIAN_POINT('',(-9.8082982647E-02,0.627278511042,
    0.686671794575));
#409 = CARTESIAN_POINT('',(-9.4051035405E-02,0.627435159317,
    0.685557184184));
#410 = CARTESIAN_POINT('',(-9.075950973E-02,0.627753166506,
    0.683294445459));
#411 = ORIENTED_EDGE('',*,*,#412,.F.);
#412 = EDGE_CURVE('',#413,#404,#415,.T.);
#413 = VERTEX_POINT('',#414);
#414 = CARTESIAN_POINT('',(-0.113166171981,0.627562559684,0.684650683465
    ));
#415 = B_SPLINE_CURVE_WITH_KNOTS('',3,(#416,#417,#418,#419),
  .UNSPECIFIED.,.F.,.F.,(4,4),(8.,9.),.PIECEWISE_BEZIER_KNOTS.);
#416 = CARTESIAN_POINT('',(-0.113166171981,0.627562559684,0.684650683465
    ));
#417 = CARTESIAN_POINT('',(-0.109993884203,0.627377093863,0.685970341353
    ));
#418 = CARTESIAN_POINT('',(-0.106567193862,0.627286885513,0.686612207121
    ));
#419 = CARTESIAN_POINT('',(-0.102855351455,0.627283221682,0.686638276632
    ));
#420 = ORIENTED_EDGE('',*,*,#421,.F.);
#421 = EDGE_CURVE('',#422,#413,#424,.T.);
#422 = VERTEX_POINT('',#423);
#423 = CARTESIAN_POINT('',(-0.113113520559,0.62859573692,0.677299245442)
  );
#424 = LINE('',#425,#426);
#425 = CARTESIAN_POINT('',(-0.113166171981,0.627562559684,0.684650683465
    ));
#426 = VECTOR('',#427,1.);
#427 = DIRECTION('',(-7.092178509004E-03,-0.139169600782,0.990243163684)
  );
#428 = ORIENTED_EDGE('',*,*,#429,.F.);
#429 = EDGE_CURVE('',#430,#422,#432,.T.);
#430 = VERTEX_POINT('',#431);
#431 = CARTESIAN_POINT('',(-0.102062720916,0.628146357842,0.680496743733
    ));
#432 = B_SPLINE_CURVE_WITH_KNOTS('',3,(#433,#434,#435,#436),
  .UNSPECIFIED.,.F.,.F.,(4,4),(10.,11.),.PIECEWISE_BEZIER_KNOTS.);
#433 = CARTESIAN_POINT('',(-0.102062720916,0.628146357842,0.680496743733
    ));
#434 = CARTESIAN_POINT('',(-0.106195654688,0.628150437317,0.680467716756
    ));
#435 = CARTESIAN_POINT('',(-0.10986878351,0.628301667108,0.679391660885)
  );
#436 = CARTESIAN_POINT('',(-0.113113520559,0.62859573692,0.677299245442)
  );
#437 = ORIENTED_EDGE('',*,*,#438,.F.);
#438 = EDGE_CURVE('',#439,#430,#441,.T.);
#439 = VERTEX_POINT('',#440);
#440 = CARTESIAN_POINT('',(-9.6031170315E-02,0.628366151865,
    0.678932827993));
#441 = B_SPLINE_CURVE_WITH_KNOTS('',3,(#442,#443,#444,#445),
  .UNSPECIFIED.,.F.,.F.,(4,4),(11.,12.),.PIECEWISE_BEZIER_KNOTS.);
#442 = CARTESIAN_POINT('',(-9.6031170315E-02,0.628366151865,
    0.678932827993));
#443 = CARTESIAN_POINT('',(-9.7582914844E-02,0.628215738067,
    0.68000307778));
#444 = CARTESIAN_POINT('',(-9.9598556629E-02,0.628143925551,
    0.680514050383));
#445 = CARTESIAN_POINT('',(-0.102062720916,0.628146357842,0.680496743733
    ));
#446 = ORIENTED_EDGE('',*,*,#447,.F.);
#447 = EDGE_CURVE('',#448,#439,#450,.T.);
#448 = VERTEX_POINT('',#449);
#449 = CARTESIAN_POINT('',(-9.367728329E-02,0.628954245114,
    0.674748327094));
#450 = B_SPLINE_CURVE_WITH_KNOTS('',3,(#451,#452,#453,#454),
  .UNSPECIFIED.,.F.,.F.,(4,4),(12.,13.),.PIECEWISE_BEZIER_KNOTS.);
#451 = CARTESIAN_POINT('',(-9.367728329E-02,0.628954245114,
    0.674748327094));
#452 = CARTESIAN_POINT('',(-9.3689671859E-02,0.628711144588,
    0.676478077217));
#453 = CARTESIAN_POINT('',(-9.447964701E-02,0.628512224583,
    0.677893466601));
#454 = CARTESIAN_POINT('',(-9.6031170315E-02,0.628366151865,
    0.678932827993));
#455 = ORIENTED_EDGE('',*,*,#456,.F.);
#456 = EDGE_CURVE('',#457,#448,#459,.T.);
#457 = VERTEX_POINT('',#458);
#458 = CARTESIAN_POINT('',(-9.5317293595E-02,0.629520232806,
    0.670721115411));
#459 = B_SPLINE_CURVE_WITH_KNOTS('',3,(#460,#461,#462,#463),
  .UNSPECIFIED.,.F.,.F.,(4,4),(13.,14.),.PIECEWISE_BEZIER_KNOTS.);
#460 = CARTESIAN_POINT('',(-9.5317293595E-02,0.629520232806,
    0.670721115411));
#461 = CARTESIAN_POINT('',(-9.4216837222E-02,0.629384566309,
    0.671686432696));
#462 = CARTESIAN_POINT('',(-9.366489472E-02,0.62919734564,0.673018576971
    ));
#463 = CARTESIAN_POINT('',(-9.367728329E-02,0.628954245114,
    0.674748327094));
#464 = ORIENTED_EDGE('',*,*,#465,.F.);
#465 = EDGE_CURVE('',#466,#457,#468,.T.);
#466 = VERTEX_POINT('',#467);
#467 = CARTESIAN_POINT('',(-0.102714431473,0.630048490166,0.666962368981
    ));
#468 = B_SPLINE_CURVE_WITH_KNOTS('',3,(#469,#470,#471,#472),
  .UNSPECIFIED.,.F.,.F.,(4,4),(14.,15.),.PIECEWISE_BEZIER_KNOTS.);
#469 = CARTESIAN_POINT('',(-0.102714431473,0.630048490166,0.666962368981
    ));
#470 = CARTESIAN_POINT('',(-9.8888440028E-02,0.629836331302,
    0.668471957741));
#471 = CARTESIAN_POINT('',(-9.643312472E-02,0.629660255778,
    0.669724800194));
#472 = CARTESIAN_POINT('',(-9.5317293595E-02,0.629520232806,
    0.670721115411));
#473 = ORIENTED_EDGE('',*,*,#474,.F.);
#474 = EDGE_CURVE('',#475,#466,#477,.T.);
#475 = VERTEX_POINT('',#476);
#476 = CARTESIAN_POINT('',(-0.112531046993,0.63084395496,0.661302342876)
  );
#477 = B_SPLINE_CURVE_WITH_KNOTS('',3,(#478,#479,#480,#481),
  .UNSPECIFIED.,.F.,.F.,(4,4),(15.,16.),.PIECEWISE_BEZIER_KNOTS.);
#478 = CARTESIAN_POINT('',(-0.112531046993,0.63084395496,0.661302342876)
  );
#479 = CARTESIAN_POINT('',(-0.110829205494,0.630573114582,0.663229472303
    ));
#480 = CARTESIAN_POINT('',(-0.107567545122,0.630305075859,0.665136666911
    ));
#481 = CARTESIAN_POINT('',(-0.102714431473,0.630048490166,0.666962368981
    ));
#482 = ORIENTED_EDGE('',*,*,#483,.F.);
#483 = EDGE_CURVE('',#484,#475,#486,.T.);
#484 = VERTEX_POINT('',#485);
#485 = CARTESIAN_POINT('',(-0.115037684287,0.631849269287,0.654149159753
    ));
#486 = B_SPLINE_CURVE_WITH_KNOTS('',3,(#487,#488,#489,#490),
  .UNSPECIFIED.,.F.,.F.,(4,4),(16.,17.),.PIECEWISE_BEZIER_KNOTS.);
#487 = CARTESIAN_POINT('',(-0.115037684287,0.631849269287,0.654149159753
    ));
#488 = CARTESIAN_POINT('',(-0.115058036938,0.631449889851,0.656990892098
    ));
#489 = CARTESIAN_POINT('',(-0.114217292514,0.631114779944,0.659375322985
    ));
#490 = CARTESIAN_POINT('',(-0.112531046993,0.63084395496,0.661302342876)
  );
#491 = ORIENTED_EDGE('',*,*,#492,.F.);
#492 = EDGE_CURVE('',#493,#484,#495,.T.);
#493 = VERTEX_POINT('',#494);
#494 = CARTESIAN_POINT('',(-0.110058141903,0.633155426507,0.644855368211
    ));
#495 = B_SPLINE_CURVE_WITH_KNOTS('',3,(#496,#497,#498,#499),
  .UNSPECIFIED.,.F.,.F.,(4,4),(17.,18.),.PIECEWISE_BEZIER_KNOTS.);
#496 = CARTESIAN_POINT('',(-0.110058141903,0.633155426507,0.644855368211
    ));
#497 = CARTESIAN_POINT('',(-0.113349446353,0.632841760399,0.647087218541
    ));
#498 = CARTESIAN_POINT('',(-0.115009367556,0.632404927632,0.650195445186
    ));
#499 = CARTESIAN_POINT('',(-0.115037684287,0.631849269287,0.654149159753
    ));
#500 = ORIENTED_EDGE('',*,*,#501,.F.);
#501 = EDGE_CURVE('',#502,#493,#504,.T.);
#502 = VERTEX_POINT('',#503);
#503 = CARTESIAN_POINT('',(-9.7338461117E-02,0.633624755562,
    0.641515918469));
#504 = B_SPLINE_CURVE_WITH_KNOTS('',3,(#505,#506,#507,#508),
  .UNSPECIFIED.,.F.,.F.,(4,4),(18.,19.),.PIECEWISE_BEZIER_KNOTS.);
#505 = CARTESIAN_POINT('',(-9.7338461117E-02,0.633624755562,
    0.641515918469));
#506 = CARTESIAN_POINT('',(-0.102531921291,0.633629881846,0.641479443061
    ));
#507 = CARTESIAN_POINT('',(-0.106782212204,0.633473449091,0.642592519951
    ));
#508 = CARTESIAN_POINT('',(-0.110058141903,0.633155426507,0.644855368211
    ));
#509 = ORIENTED_EDGE('',*,*,#510,.F.);
#510 = EDGE_CURVE('',#333,#502,#511,.T.);
#511 = B_SPLINE_CURVE_WITH_KNOTS('',3,(#512,#513,#514,#515),
  .UNSPECIFIED.,.F.,.F.,(4,4),(19.,20.),.PIECEWISE_BEZIER_KNOTS.);
#512 = CARTESIAN_POINT('',(-8.5534851337E-02,0.633257118095,
    0.64413179497));
#513 = CARTESIAN_POINT('',(-8.889163614E-02,0.633494861617,
    0.642440161913));
#514 = CARTESIAN_POINT('',(-9.2815627933E-02,0.63362029123,0.64154768384
    ));
#515 = CARTESIAN_POINT('',(-9.7338461117E-02,0.633624755562,
    0.641515918469));
#516 = FACE_BOUND('',#517,.T.);
#517 = EDGE_LOOP('',(#518,#528,#537,#546,#554,#562,#570,#578,#587,#596,
    #605,#614,#622,#631));
#518 = ORIENTED_EDGE('',*,*,#519,.F.);
#519 = EDGE_CURVE('',#520,#522,#524,.T.);
#520 = VERTEX_POINT('',#521);
#521 = CARTESIAN_POINT('',(-4.4700387864E-02,0.627790187829,
    0.683031025055));
#522 = VERTEX_POINT('',#523);
#523 = CARTESIAN_POINT('',(-4.4647736441E-02,0.628823365065,
    0.675679587031));
#524 = LINE('',#525,#526);
#525 = CARTESIAN_POINT('',(-4.4647736441E-02,0.628823365065,
    0.675679587031));
#526 = VECTOR('',#527,1.);
#527 = DIRECTION('',(7.092178509004E-03,0.139169600782,-0.990243163684)
  );
#528 = ORIENTED_EDGE('',*,*,#529,.F.);
#529 = EDGE_CURVE('',#530,#520,#532,.T.);
#530 = VERTEX_POINT('',#531);
#531 = CARTESIAN_POINT('',(-5.9732476436E-02,0.627240656588,
    0.68694114301));
#532 = B_SPLINE_CURVE_WITH_KNOTS('',3,(#533,#534,#535,#536),
  .UNSPECIFIED.,.F.,.F.,(4,4),(0.,1.),.PIECEWISE_BEZIER_KNOTS.);
#533 = CARTESIAN_POINT('',(-5.9732476436E-02,0.627240656588,
    0.68694114301));
#534 = CARTESIAN_POINT('',(-5.405554099E-02,0.627235053082,
    0.686981014027));
#535 = CARTESIAN_POINT('',(-4.9039719882E-02,0.627416778004,
    0.685687974019));
#536 = CARTESIAN_POINT('',(-4.4700387864E-02,0.627790187829,
    0.683031025055));
#537 = ORIENTED_EDGE('',*,*,#538,.F.);
#538 = EDGE_CURVE('',#539,#530,#541,.T.);
#539 = VERTEX_POINT('',#540);
#540 = CARTESIAN_POINT('',(-7.5367163735E-02,0.629556977614,
    0.670459662512));
#541 = B_SPLINE_CURVE_WITH_KNOTS('',3,(#542,#543,#544,#545),
  .UNSPECIFIED.,.F.,.F.,(4,4),(1.,2.),.PIECEWISE_BEZIER_KNOTS.);
#542 = CARTESIAN_POINT('',(-7.5367163735E-02,0.629556977614,
    0.670459662512));
#543 = CARTESIAN_POINT('',(-7.5445477194E-02,0.628020235003,
    0.681394154362));
#544 = CARTESIAN_POINT('',(-7.022856862E-02,0.627251016916,
    0.686867425443));
#545 = CARTESIAN_POINT('',(-5.9732476436E-02,0.627240656588,
    0.68694114301));
#546 = ORIENTED_EDGE('',*,*,#547,.F.);
#547 = EDGE_CURVE('',#548,#539,#550,.T.);
#548 = VERTEX_POINT('',#549);
#549 = CARTESIAN_POINT('',(-7.5168282943E-02,0.633459609275,
    0.642690995358));
#550 = LINE('',#551,#552);
#551 = CARTESIAN_POINT('',(-7.5367163735E-02,0.629556977614,
    0.670459662512));
#552 = VECTOR('',#553,1.);
#553 = DIRECTION('',(-7.092178509004E-03,-0.139169600782,0.990243163684)
  );
#554 = ORIENTED_EDGE('',*,*,#555,.F.);
#555 = EDGE_CURVE('',#556,#548,#558,.T.);
#556 = VERTEX_POINT('',#557);
#557 = CARTESIAN_POINT('',(-6.7526254458E-02,0.633452066094,
    0.64274466788));
#558 = LINE('',#559,#560);
#559 = CARTESIAN_POINT('',(-7.5168282943E-02,0.633459609275,
    0.642690995358));
#560 = VECTOR('',#561,1.);
#561 = DIRECTION('',(-0.999974850186,9.870404750007E-04,
    -7.023157916005E-03));
#562 = ORIENTED_EDGE('',*,*,#563,.F.);
#563 = EDGE_CURVE('',#564,#556,#566,.T.);
#564 = VERTEX_POINT('',#565);
#565 = CARTESIAN_POINT('',(-6.7574038942E-02,0.632514392636,
    0.649416561212));
#566 = LINE('',#567,#568);
#567 = CARTESIAN_POINT('',(-6.7526254458E-02,0.633452066094,
    0.64274466788));
#568 = VECTOR('',#569,1.);
#569 = DIRECTION('',(7.092178509004E-03,0.139169600782,-0.990243163684)
  );
#570 = ORIENTED_EDGE('',*,*,#571,.F.);
#571 = EDGE_CURVE('',#572,#564,#574,.T.);
#572 = VERTEX_POINT('',#573);
#573 = CARTESIAN_POINT('',(-6.7371291248E-02,0.632514192511,
    0.649417985177));
#574 = LINE('',#575,#576);
#575 = CARTESIAN_POINT('',(-6.7574038942E-02,0.632514392636,
    0.649416561212));
#576 = VECTOR('',#577,1.);
#577 = DIRECTION('',(-0.999974850186,9.870404750007E-04,
    -7.023157916005E-03));
#578 = ORIENTED_EDGE('',*,*,#579,.F.);
#579 = EDGE_CURVE('',#580,#572,#582,.T.);
#580 = VERTEX_POINT('',#581);
#581 = CARTESIAN_POINT('',(-5.3966050474E-02,0.63358194416,
    0.641820537419));
#582 = B_SPLINE_CURVE_WITH_KNOTS('',3,(#583,#584,#585,#586),
  .UNSPECIFIED.,.F.,.F.,(4,4),(6.,7.),.PIECEWISE_BEZIER_KNOTS.);
#583 = CARTESIAN_POINT('',(-5.3966050474E-02,0.63358194416,
    0.641820537419));
#584 = CARTESIAN_POINT('',(-5.9845733614E-02,0.633587747791,
    0.641779242438));
#585 = CARTESIAN_POINT('',(-6.4324544523E-02,0.633231840838,0.644311652)
  );
#586 = CARTESIAN_POINT('',(-6.7371291248E-02,0.632514192511,
    0.649417985177));
#587 = ORIENTED_EDGE('',*,*,#588,.F.);
#588 = EDGE_CURVE('',#589,#580,#591,.T.);
#589 = VERTEX_POINT('',#590);
#590 = CARTESIAN_POINT('',(-4.3915384346E-02,0.633094480586,
    0.645289020977));
#591 = B_SPLINE_CURVE_WITH_KNOTS('',3,(#592,#593,#594,#595),
  .UNSPECIFIED.,.F.,.F.,(4,4),(7.,8.),.PIECEWISE_BEZIER_KNOTS.);
#592 = CARTESIAN_POINT('',(-4.3915384346E-02,0.633094480586,
    0.645289020977));
#593 = CARTESIAN_POINT('',(-4.63945912E-02,0.633413842566,0.643016642416
    ));
#594 = CARTESIAN_POINT('',(-4.9739540842E-02,0.633577772319,
    0.641850221611));
#595 = CARTESIAN_POINT('',(-5.3966050474E-02,0.63358194416,
    0.641820537419));
#596 = ORIENTED_EDGE('',*,*,#597,.F.);
#597 = EDGE_CURVE('',#598,#589,#600,.T.);
#598 = VERTEX_POINT('',#599);
#599 = CARTESIAN_POINT('',(-4.0238053652E-02,0.631801484962,
    0.654489162891));
#600 = B_SPLINE_CURVE_WITH_KNOTS('',3,(#601,#602,#603,#604),
  .UNSPECIFIED.,.F.,.F.,(4,4),(8.,9.),.PIECEWISE_BEZIER_KNOTS.);
#601 = CARTESIAN_POINT('',(-4.0238053652E-02,0.631801484962,
    0.654489162891));
#602 = CARTESIAN_POINT('',(-4.0210400594E-02,0.632344120065,
    0.650628113509));
#603 = CARTESIAN_POINT('',(-4.1436177492E-02,0.632775118606,
    0.647561399537));
#604 = CARTESIAN_POINT('',(-4.3915384346E-02,0.633094480586,
    0.645289020977));
#605 = ORIENTED_EDGE('',*,*,#606,.F.);
#606 = EDGE_CURVE('',#607,#598,#609,.T.);
#607 = VERTEX_POINT('',#608);
#608 = CARTESIAN_POINT('',(-5.4796402221E-02,0.629836222573,
    0.668472731386));
#609 = B_SPLINE_CURVE_WITH_KNOTS('',3,(#610,#611,#612,#613),
  .UNSPECIFIED.,.F.,.F.,(4,4),(9.,10.),.PIECEWISE_BEZIER_KNOTS.);
#610 = CARTESIAN_POINT('',(-5.4796402221E-02,0.629836222573,
    0.668472731386));
#611 = CARTESIAN_POINT('',(-4.5148576093E-02,0.630013375404,
    0.667212223499));
#612 = CARTESIAN_POINT('',(-4.0295793236E-02,0.630668462867,0.662551034)
  );
#613 = CARTESIAN_POINT('',(-4.0238053652E-02,0.631801484962,
    0.654489162891));
#614 = ORIENTED_EDGE('',*,*,#615,.F.);
#615 = EDGE_CURVE('',#616,#607,#618,.T.);
#616 = VERTEX_POINT('',#617);
#617 = CARTESIAN_POINT('',(-6.7722701781E-02,0.629597186322,
    0.67017356269));
#618 = LINE('',#619,#620);
#619 = CARTESIAN_POINT('',(-5.4796402221E-02,0.629836222573,
    0.668472731386));
#620 = VECTOR('',#621,1.);
#621 = DIRECTION('',(0.991287678229,1.833113098101E-02,-0.130432774362)
  );
#622 = ORIENTED_EDGE('',*,*,#623,.F.);
#623 = EDGE_CURVE('',#624,#616,#626,.T.);
#624 = VERTEX_POINT('',#625);
#625 = CARTESIAN_POINT('',(-5.8971037849E-02,0.628103823537,
    0.680799391039));
#626 = B_SPLINE_CURVE_WITH_KNOTS('',3,(#627,#628,#629,#630),
  .UNSPECIFIED.,.F.,.F.,(4,4),(11.,12.),.PIECEWISE_BEZIER_KNOTS.);
#627 = CARTESIAN_POINT('',(-5.8971037849E-02,0.628103823537,
    0.680799391039));
#628 = CARTESIAN_POINT('',(-6.4850720989E-02,0.628109627168,
    0.680758096057));
#629 = CARTESIAN_POINT('',(-6.7773140958E-02,0.628607419895,
    0.677216116762));
#630 = CARTESIAN_POINT('',(-6.7722701781E-02,0.629597186322,
    0.67017356269));
#631 = ORIENTED_EDGE('',*,*,#632,.F.);
#632 = EDGE_CURVE('',#522,#624,#633,.T.);
#633 = B_SPLINE_CURVE_WITH_KNOTS('',3,(#634,#635,#636,#637),
  .UNSPECIFIED.,.F.,.F.,(4,4),(12.,13.),.PIECEWISE_BEZIER_KNOTS.);
#634 = CARTESIAN_POINT('',(-4.4647736441E-02,0.628823365065,
    0.675679587031));
#635 = CARTESIAN_POINT('',(-4.8977003095E-02,0.628341412825,
    0.679108855408));
#636 = CARTESIAN_POINT('',(-5.3746385722E-02,0.628098666464,
    0.680836085519));
#637 = CARTESIAN_POINT('',(-5.8971037849E-02,0.628103823537,
    0.680799391039));
#638 = FACE_BOUND('',#639,.T.);
#639 = EDGE_LOOP('',(#640,#651,#659,#667,#675,#684,#693));
#640 = ORIENTED_EDGE('',*,*,#641,.F.);
#641 = EDGE_CURVE('',#642,#644,#646,.T.);
#642 = VERTEX_POINT('',#643);
#643 = CARTESIAN_POINT('',(-0.154396080099,0.620066760908,0.737986063125
    ));
#644 = VERTEX_POINT('',#645);
#645 = CARTESIAN_POINT('',(-0.178146983904,0.618900688624,0.746283098549
    ));
#646 = B_SPLINE_CURVE_WITH_KNOTS('',3,(#647,#648,#649,#650),
  .UNSPECIFIED.,.F.,.F.,(4,4),(5.,6.),.PIECEWISE_BEZIER_KNOTS.);
#647 = CARTESIAN_POINT('',(-0.154396080099,0.620066760908,0.737986063125
    ));
#648 = CARTESIAN_POINT('',(-0.164049989552,0.620076289947,0.737918260489
    ));
#649 = CARTESIAN_POINT('',(-0.171977281063,0.619689056475,0.740673569808
    ));
#650 = CARTESIAN_POINT('',(-0.178146983904,0.618900688624,0.746283098549
    ));
#651 = ORIENTED_EDGE('',*,*,#652,.F.);
#652 = EDGE_CURVE('',#653,#642,#655,.T.);
#653 = VERTEX_POINT('',#654);
#654 = CARTESIAN_POINT('',(-0.137614809386,0.620050196698,0.738103923603
    ));
#655 = LINE('',#656,#657);
#656 = CARTESIAN_POINT('',(-0.154396080099,0.620066760908,0.737986063125
    ));
#657 = VECTOR('',#658,1.);
#658 = DIRECTION('',(-0.999974850186,9.870404750007E-04,
    -7.023157916005E-03));
#659 = ORIENTED_EDGE('',*,*,#660,.F.);
#660 = EDGE_CURVE('',#661,#653,#663,.T.);
#661 = VERTEX_POINT('',#662);
#662 = CARTESIAN_POINT('',(-0.138047524435,0.611559042607,0.798521624332
    ));
#663 = LINE('',#664,#665);
#664 = CARTESIAN_POINT('',(-0.137614809386,0.620050196698,0.738103923603
    ));
#665 = VECTOR('',#666,1.);
#666 = DIRECTION('',(7.092178509004E-03,0.139169600782,-0.990243163684)
  );
#667 = ORIENTED_EDGE('',*,*,#668,.F.);
#668 = EDGE_CURVE('',#669,#661,#671,.T.);
#669 = VERTEX_POINT('',#670);
#670 = CARTESIAN_POINT('',(-0.155452634208,0.611576222587,0.798399382423
    ));
#671 = LINE('',#672,#673);
#672 = CARTESIAN_POINT('',(-0.138047524435,0.611559042607,0.798521624332
    ));
#673 = VECTOR('',#674,1.);
#674 = DIRECTION('',(0.999974850186,-9.870404750007E-04,
    7.023157916005E-03));
#675 = ORIENTED_EDGE('',*,*,#676,.F.);
#676 = EDGE_CURVE('',#677,#669,#679,.T.);
#677 = VERTEX_POINT('',#678);
#678 = CARTESIAN_POINT('',(-0.178461786314,0.612723330612,0.790237284713
    ));
#679 = B_SPLINE_CURVE_WITH_KNOTS('',3,(#680,#681,#682,#683),
  .UNSPECIFIED.,.F.,.F.,(4,4),(2.,3.),.PIECEWISE_BEZIER_KNOTS.);
#680 = CARTESIAN_POINT('',(-0.178461786314,0.612723330612,0.790237284713
    ));
#681 = CARTESIAN_POINT('',(-0.172370839382,0.61196627369,0.795624024612)
  );
#682 = CARTESIAN_POINT('',(-0.164701048271,0.611585351375,0.798334427717
    ));
#683 = CARTESIAN_POINT('',(-0.155452634208,0.611576222587,0.798399382423
    ));
#684 = ORIENTED_EDGE('',*,*,#685,.F.);
#685 = EDGE_CURVE('',#686,#677,#688,.T.);
#686 = VERTEX_POINT('',#687);
#687 = CARTESIAN_POINT('',(-0.187509882671,0.615745123309,0.768736112446
    ));
#688 = B_SPLINE_CURVE_WITH_KNOTS('',3,(#689,#690,#691,#692),
  .UNSPECIFIED.,.F.,.F.,(4,4),(3.,4.),.PIECEWISE_BEZIER_KNOTS.);
#689 = CARTESIAN_POINT('',(-0.187509882671,0.615745123309,0.768736112446
    ));
#690 = CARTESIAN_POINT('',(-0.187574037765,0.61448620987,0.777693747012)
  );
#691 = CARTESIAN_POINT('',(-0.184552733246,0.613480387533,0.784850544815
    ));
#692 = CARTESIAN_POINT('',(-0.178461786314,0.612723330612,0.790237284713
    ));
#693 = ORIENTED_EDGE('',*,*,#694,.F.);
#694 = EDGE_CURVE('',#644,#686,#695,.T.);
#695 = B_SPLINE_CURVE_WITH_KNOTS('',3,(#696,#697,#698,#699),
  .UNSPECIFIED.,.F.,.F.,(4,4),(4.,5.),.PIECEWISE_BEZIER_KNOTS.);
#696 = CARTESIAN_POINT('',(-0.178146983904,0.618900688624,0.746283098549
    ));
#697 = CARTESIAN_POINT('',(-0.184316686744,0.618112320772,0.751892627291
    ));
#698 = CARTESIAN_POINT('',(-0.187442851659,0.617060470799,0.759376928744
    ));
#699 = CARTESIAN_POINT('',(-0.187509882671,0.615745123309,0.768736112446
    ));
#700 = FACE_BOUND('',#701,.T.);
#701 = EDGE_LOOP('',(#702,#712,#720,#728));
#702 = ORIENTED_EDGE('',*,*,#703,.F.);
#703 = EDGE_CURVE('',#704,#706,#708,.T.);
#704 = VERTEX_POINT('',#705);
#705 = CARTESIAN_POINT('',(-0.800486596562,0.65,0.524999999999));
#706 = VERTEX_POINT('',#707);
#707 = CARTESIAN_POINT('',(0.800486596562,0.65,0.524999999999));
#708 = LINE('',#709,#710);
#709 = CARTESIAN_POINT('',(0.85,0.65,0.524999999999));
#710 = VECTOR('',#711,1.);
#711 = DIRECTION('',(1.,1.913297951445E-16,0.));
#712 = ORIENTED_EDGE('',*,*,#713,.T.);
#713 = EDGE_CURVE('',#704,#714,#716,.T.);
#714 = VERTEX_POINT('',#715);
#715 = CARTESIAN_POINT('',(-0.74680580836,0.596319211797,0.906958655048)
  );
#716 = LINE('',#717,#718);
#717 = CARTESIAN_POINT('',(-0.726681536652,0.57619494009,1.050150288642)
  );
#718 = VECTOR('',#719,1.);
#719 = DIRECTION('',(0.137844537491,-0.137844537491,0.980814848464));
#720 = ORIENTED_EDGE('',*,*,#721,.T.);
#721 = EDGE_CURVE('',#714,#722,#724,.T.);
#722 = VERTEX_POINT('',#723);
#723 = CARTESIAN_POINT('',(0.74680580836,0.596319211797,0.906958655048)
  );
#724 = LINE('',#725,#726);
#725 = CARTESIAN_POINT('',(-1.140936326339E-16,0.596319211797,
    0.906958655048));
#726 = VECTOR('',#727,1.);
#727 = DIRECTION('',(1.,1.913297951445E-16,-6.095074637663E-33));
#728 = ORIENTED_EDGE('',*,*,#729,.T.);
#729 = EDGE_CURVE('',#722,#706,#730,.T.);
#730 = LINE('',#731,#732);
#731 = CARTESIAN_POINT('',(0.726681536652,0.57619494009,1.050150288642)
  );
#732 = VECTOR('',#733,1.);
#733 = DIRECTION('',(0.137844537491,0.137844537491,-0.980814848464));
#734 = FACE_BOUND('',#735,.T.);
#735 = EDGE_LOOP('',(#736,#746,#754,#762,#770,#778));
#736 = ORIENTED_EDGE('',*,*,#737,.F.);
#737 = EDGE_CURVE('',#738,#740,#742,.T.);
#738 = VERTEX_POINT('',#739);
#739 = CARTESIAN_POINT('',(-3.2937160251E-02,0.618978763304,
    0.745727568333));
#740 = VERTEX_POINT('',#741);
#741 = CARTESIAN_POINT('',(-8.638628865E-03,0.618954779067,
    0.745898225048));
#742 = LINE('',#743,#744);
#743 = CARTESIAN_POINT('',(-8.638628865E-03,0.618954779067,
    0.745898225048));
#744 = VECTOR('',#745,1.);
#745 = DIRECTION('',(0.999974850186,-9.870404750007E-04,
    7.023157916005E-03));
#746 = ORIENTED_EDGE('',*,*,#747,.F.);
#747 = EDGE_CURVE('',#748,#738,#750,.T.);
#748 = VERTEX_POINT('',#749);
#749 = CARTESIAN_POINT('',(-3.2887827195E-02,0.619946824328,
    0.738839456235));
#750 = LINE('',#751,#752);
#751 = CARTESIAN_POINT('',(-3.2937160251E-02,0.618978763304,
    0.745727568333));
#752 = VECTOR('',#753,1.);
#753 = DIRECTION('',(-7.092178509004E-03,-0.139169600782,0.990243163684)
  );
#754 = ORIENTED_EDGE('',*,*,#755,.F.);
#755 = EDGE_CURVE('',#756,#748,#758,.T.);
#756 = VERTEX_POINT('',#757);
#757 = CARTESIAN_POINT('',(-7.13327678E-04,0.619915065996,0.73906542851)
  );
#758 = LINE('',#759,#760);
#759 = CARTESIAN_POINT('',(-3.2887827195E-02,0.619946824328,
    0.738839456235));
#760 = VECTOR('',#761,1.);
#761 = DIRECTION('',(-0.999974850186,9.870404750007E-04,
    -7.023157916005E-03));
#762 = ORIENTED_EDGE('',*,*,#763,.F.);
#763 = EDGE_CURVE('',#764,#756,#766,.T.);
#764 = VERTEX_POINT('',#765);
#765 = CARTESIAN_POINT('',(-1.146042726E-03,0.611423911905,
    0.799483129238));
#766 = LINE('',#767,#768);
#767 = CARTESIAN_POINT('',(-7.13327678E-04,0.619915065996,0.73906542851)
  );
#768 = VECTOR('',#769,1.);
#769 = DIRECTION('',(7.092178509004E-03,0.139169600782,-0.990243163684)
  );
#770 = ORIENTED_EDGE('',*,*,#771,.F.);
#771 = EDGE_CURVE('',#772,#764,#774,.T.);
#772 = VERTEX_POINT('',#773);
#773 = CARTESIAN_POINT('',(-9.022010858E-03,0.611431685999,
    0.799427813679));
#774 = LINE('',#775,#776);
#775 = CARTESIAN_POINT('',(-1.146042726E-03,0.611423911905,
    0.799483129238));
#776 = VECTOR('',#777,1.);
#777 = DIRECTION('',(0.999974850186,-9.870404750007E-04,
    7.023157916005E-03));
#778 = ORIENTED_EDGE('',*,*,#779,.F.);
#779 = EDGE_CURVE('',#740,#772,#780,.T.);
#780 = LINE('',#781,#782);
#781 = CARTESIAN_POINT('',(-9.022010858E-03,0.611431685999,
    0.799427813679));
#782 = VECTOR('',#783,1.);
#783 = DIRECTION('',(-7.092178509004E-03,-0.139169600782,0.990243163684)
  );
#784 = FACE_BOUND('',#785,.T.);
#785 = EDGE_LOOP('',(#786,#796,#805,#814,#823,#832,#841,#850,#858,#867,
    #876,#885,#894,#903));
#786 = ORIENTED_EDGE('',*,*,#787,.F.);
#787 = EDGE_CURVE('',#788,#790,#792,.T.);
#788 = VERTEX_POINT('',#789);
#789 = CARTESIAN_POINT('',(-8.1081717782E-02,0.619642749611,
    0.74100306027));
#790 = VERTEX_POINT('',#791);
#791 = CARTESIAN_POINT('',(-8.1135254102E-02,0.618592208051,
    0.748478051874));
#792 = LINE('',#793,#794);
#793 = CARTESIAN_POINT('',(-8.1135254102E-02,0.618592208051,
    0.748478051874));
#794 = VECTOR('',#795,1.);
#795 = DIRECTION('',(-7.092178509004E-03,-0.139169600782,0.990243163684)
  );
#796 = ORIENTED_EDGE('',*,*,#797,.F.);
#797 = EDGE_CURVE('',#798,#788,#800,.T.);
#798 = VERTEX_POINT('',#799);
#799 = CARTESIAN_POINT('',(-6.4166055645E-02,0.620120960855,
    0.737600410463));
#800 = B_SPLINE_CURVE_WITH_KNOTS('',3,(#801,#802,#803,#804),
  .UNSPECIFIED.,.F.,.F.,(4,4),(0.,1.),.PIECEWISE_BEZIER_KNOTS.);
#801 = CARTESIAN_POINT('',(-6.4166055645E-02,0.620120960855,
    0.737600410463));
#802 = CARTESIAN_POINT('',(-7.0934709446E-02,0.620127641958,
    0.737552871943));
#803 = CARTESIAN_POINT('',(-7.6573263491E-02,0.61996823821,
    0.738687088545));
#804 = CARTESIAN_POINT('',(-8.1081717782E-02,0.619642749611,
    0.74100306027));
#805 = ORIENTED_EDGE('',*,*,#806,.F.);
#806 = EDGE_CURVE('',#807,#798,#809,.T.);
#807 = VERTEX_POINT('',#808);
#808 = CARTESIAN_POINT('',(-4.3264130162E-02,0.618941202407,
    0.745994828005));
#809 = B_SPLINE_CURVE_WITH_KNOTS('',3,(#810,#811,#812,#813),
  .UNSPECIFIED.,.F.,.F.,(4,4),(1.,2.),.PIECEWISE_BEZIER_KNOTS.);
#810 = CARTESIAN_POINT('',(-4.3264130162E-02,0.618941202407,
    0.745994828005));
#811 = CARTESIAN_POINT('',(-4.8449404335E-02,0.619719071866,
    0.740459999205));
#812 = CARTESIAN_POINT('',(-5.5416712829E-02,0.620112324682,
    0.737661860024));
#813 = CARTESIAN_POINT('',(-6.4166055645E-02,0.620120960855,
    0.737600410463));
#814 = ORIENTED_EDGE('',*,*,#815,.F.);
#815 = EDGE_CURVE('',#816,#807,#818,.T.);
#816 = VERTEX_POINT('',#817);
#817 = CARTESIAN_POINT('',(-3.5591355654E-02,0.615864330352,
    0.767887910261));
#818 = B_SPLINE_CURVE_WITH_KNOTS('',3,(#819,#820,#821,#822),
  .UNSPECIFIED.,.F.,.F.,(4,4),(2.,3.),.PIECEWISE_BEZIER_KNOTS.);
#819 = CARTESIAN_POINT('',(-3.5591355654E-02,0.615864330352,
    0.767887910261));
#820 = CARTESIAN_POINT('',(-3.5526536887E-02,0.617136267034,
    0.75883761051));
#821 = CARTESIAN_POINT('',(-3.8078855989E-02,0.618163332947,
    0.751529656805));
#822 = CARTESIAN_POINT('',(-4.3264130162E-02,0.618941202407,
    0.745994828005));
#823 = ORIENTED_EDGE('',*,*,#824,.F.);
#824 = EDGE_CURVE('',#825,#816,#827,.T.);
#825 = VERTEX_POINT('',#826);
#826 = CARTESIAN_POINT('',(-4.4571212968E-02,0.612573806676,
    0.791301202798));
#827 = B_SPLINE_CURVE_WITH_KNOTS('',3,(#828,#829,#830,#831),
  .UNSPECIFIED.,.F.,.F.,(4,4),(3.,4.),.PIECEWISE_BEZIER_KNOTS.);
#828 = CARTESIAN_POINT('',(-4.4571212968E-02,0.612573806676,
    0.791301202798));
#829 = CARTESIAN_POINT('',(-3.8649054731E-02,0.613401490563,
    0.78541192593));
#830 = CARTESIAN_POINT('',(-3.566104136E-02,0.614496889893,
    0.777617754703));
#831 = CARTESIAN_POINT('',(-3.5591355654E-02,0.615864330352,
    0.767887910261));
#832 = ORIENTED_EDGE('',*,*,#833,.F.);
#833 = EDGE_CURVE('',#834,#825,#836,.T.);
#834 = VERTEX_POINT('',#835);
#835 = CARTESIAN_POINT('',(-6.7046343842E-02,0.611345696932,
    0.800039657687));
#836 = B_SPLINE_CURVE_WITH_KNOTS('',3,(#837,#838,#839,#840),
  .UNSPECIFIED.,.F.,.F.,(4,4),(4.,5.),.PIECEWISE_BEZIER_KNOTS.);
#837 = CARTESIAN_POINT('',(-6.7046343842E-02,0.611345696932,
    0.800039657687));
#838 = CARTESIAN_POINT('',(-5.7985081496E-02,0.611336752874,
    0.800103297963));
#839 = CARTESIAN_POINT('',(-5.0493371205E-02,0.611746122789,
    0.797190479668));
#840 = CARTESIAN_POINT('',(-4.4571212968E-02,0.612573806676,
    0.791301202798));
#841 = ORIENTED_EDGE('',*,*,#842,.F.);
#842 = EDGE_CURVE('',#843,#834,#845,.T.);
#843 = VERTEX_POINT('',#844);
#844 = CARTESIAN_POINT('',(-8.14861161E-02,0.611707253865,0.797467046432
    ));
#845 = B_SPLINE_CURVE_WITH_KNOTS('',3,(#846,#847,#848,#849),
  .UNSPECIFIED.,.F.,.F.,(4,4),(5.,6.),.PIECEWISE_BEZIER_KNOTS.);
#846 = CARTESIAN_POINT('',(-8.14861161E-02,0.611707253865,0.797467046432
    ));
#847 = CARTESIAN_POINT('',(-7.769242273E-02,0.611473420385,
    0.799130858096));
#848 = CARTESIAN_POINT('',(-7.2879239053E-02,0.61135145438,
    0.799998691312));
#849 = CARTESIAN_POINT('',(-6.7046343842E-02,0.611345696932,
    0.800039657687));
#850 = ORIENTED_EDGE('',*,*,#851,.F.);
#851 = EDGE_CURVE('',#852,#843,#854,.T.);
#852 = VERTEX_POINT('',#853);
#853 = CARTESIAN_POINT('',(-8.1427712842E-02,0.612853299202,
    0.789312510137));
#854 = LINE('',#855,#856);
#855 = CARTESIAN_POINT('',(-8.14861161E-02,0.611707253865,0.797467046432
    ));
#856 = VECTOR('',#857,1.);
#857 = DIRECTION('',(-7.092178509004E-03,-0.139169600782,0.990243163684)
  );
#858 = ORIENTED_EDGE('',*,*,#859,.F.);
#859 = EDGE_CURVE('',#860,#852,#862,.T.);
#860 = VERTEX_POINT('',#861);
#861 = CARTESIAN_POINT('',(-6.7073884547E-02,0.612335540331,
    0.792996555935));
#862 = B_SPLINE_CURVE_WITH_KNOTS('',3,(#863,#864,#865,#866),
  .UNSPECIFIED.,.F.,.F.,(4,4),(7.,8.),.PIECEWISE_BEZIER_KNOTS.);
#863 = CARTESIAN_POINT('',(-6.7073884547E-02,0.612335540331,
    0.792996555935));
#864 = CARTESIAN_POINT('',(-7.2298536674E-02,0.612340697404,
    0.792959861455));
#865 = CARTESIAN_POINT('',(-7.707809493E-02,0.612510384509,
    0.791752474965));
#866 = CARTESIAN_POINT('',(-8.1427712842E-02,0.612853299202,
    0.789312510137));
#867 = ORIENTED_EDGE('',*,*,#868,.F.);
#868 = EDGE_CURVE('',#869,#860,#871,.T.);
#869 = VERTEX_POINT('',#870);
#870 = CARTESIAN_POINT('',(-5.0400567891E-02,0.613261144602,
    0.786410539329));
#871 = B_SPLINE_CURVE_WITH_KNOTS('',3,(#872,#873,#874,#875),
  .UNSPECIFIED.,.F.,.F.,(4,4),(8.,9.),.PIECEWISE_BEZIER_KNOTS.);
#872 = CARTESIAN_POINT('',(-5.0400567891E-02,0.613261144602,
    0.786410539329));
#873 = CARTESIAN_POINT('',(-5.4721538975E-02,0.612635921301,
    0.790859234278));
#874 = CARTESIAN_POINT('',(-6.0274038794E-02,0.612328828439,
    0.793044313526));
#875 = CARTESIAN_POINT('',(-6.7073884547E-02,0.612335540331,
    0.792996555935));
#876 = ORIENTED_EDGE('',*,*,#877,.F.);
#877 = EDGE_CURVE('',#878,#869,#880,.T.);
#878 = VERTEX_POINT('',#879);
#879 = CARTESIAN_POINT('',(-4.3860541566E-02,0.615807373091,
    0.768293182234));
#880 = B_SPLINE_CURVE_WITH_KNOTS('',3,(#881,#882,#883,#884),
  .UNSPECIFIED.,.F.,.F.,(4,4),(9.,10.),.PIECEWISE_BEZIER_KNOTS.);
#881 = CARTESIAN_POINT('',(-4.3860541566E-02,0.615807373091,
    0.768293182234));
#882 = CARTESIAN_POINT('',(-4.3914962784E-02,0.614739467208,
    0.775891727418));
#883 = CARTESIAN_POINT('',(-4.6094971558E-02,0.613890724379,
    0.781930846449));
#884 = CARTESIAN_POINT('',(-5.0400567891E-02,0.613261144602,
    0.786410539329));
#885 = ORIENTED_EDGE('',*,*,#886,.F.);
#886 = EDGE_CURVE('',#887,#878,#889,.T.);
#887 = VERTEX_POINT('',#888);
#888 = CARTESIAN_POINT('',(-4.9725953291E-02,0.618235607581,
    0.751015396061));
#889 = B_SPLINE_CURVE_WITH_KNOTS('',3,(#890,#891,#892,#893),
  .UNSPECIFIED.,.F.,.F.,(4,4),(10.,11.),.PIECEWISE_BEZIER_KNOTS.);
#890 = CARTESIAN_POINT('',(-4.9725953291E-02,0.618235607581,
    0.751015396061));
#891 = CARTESIAN_POINT('',(-4.5763912283E-02,0.6176325975,0.755306035733
    ));
#892 = CARTESIAN_POINT('',(-4.3808775042E-02,0.616823186004,
    0.761065297791));
#893 = CARTESIAN_POINT('',(-4.3860541566E-02,0.615807373091,
    0.768293182234));
#894 = ORIENTED_EDGE('',*,*,#895,.F.);
#895 = EDGE_CURVE('',#896,#887,#898,.T.);
#896 = VERTEX_POINT('',#897);
#897 = CARTESIAN_POINT('',(-6.5354337433E-02,0.61914534145,0.74454230324
    ));
#898 = B_SPLINE_CURVE_WITH_KNOTS('',3,(#899,#900,#901,#902),
  .UNSPECIFIED.,.F.,.F.,(4,4),(11.,12.),.PIECEWISE_BEZIER_KNOTS.);
#899 = CARTESIAN_POINT('',(-6.5354337433E-02,0.61914534145,0.74454230324
    ));
#900 = CARTESIAN_POINT('',(-5.8897603163E-02,0.619138968231,
    0.744587651045));
#901 = CARTESIAN_POINT('',(-5.3688215524E-02,0.618834276582,
    0.746755644783));
#902 = CARTESIAN_POINT('',(-4.9725953291E-02,0.618235607581,
    0.751015396061));
#903 = ORIENTED_EDGE('',*,*,#904,.F.);
#904 = EDGE_CURVE('',#790,#896,#905,.T.);
#905 = B_SPLINE_CURVE_WITH_KNOTS('',3,(#906,#907,#908,#909),
  .UNSPECIFIED.,.F.,.F.,(4,4),(12.,13.),.PIECEWISE_BEZIER_KNOTS.);
#906 = CARTESIAN_POINT('',(-8.1135254102E-02,0.618592208051,
    0.748478051874));
#907 = CARTESIAN_POINT('',(-7.6655558295E-02,0.618965479328,
    0.745822088732));
#908 = CARTESIAN_POINT('',(-7.1389980339E-02,0.619151299023,0.7444999129
    ));
#909 = CARTESIAN_POINT('',(-6.5354337433E-02,0.61914534145,0.74454230324
    ));
#910 = FACE_BOUND('',#911,.T.);
#911 = EDGE_LOOP('',(#912,#922,#930,#938,#946,#954,#962,#970,#978,#986,
    #994,#1002));
#912 = ORIENTED_EDGE('',*,*,#913,.F.);
#913 = EDGE_CURVE('',#914,#916,#918,.T.);
#914 = VERTEX_POINT('',#915);
#915 = CARTESIAN_POINT('',(-0.126138715808,0.619070759326,0.745072982627
    ));
#916 = VERTEX_POINT('',#917);
#917 = CARTESIAN_POINT('',(-0.101200749387,0.619046143924,0.745248130309
    ));
#918 = LINE('',#919,#920);
#919 = CARTESIAN_POINT('',(-0.101200749387,0.619046143924,0.745248130309
    ));
#920 = VECTOR('',#921,1.);
#921 = DIRECTION('',(0.999974850186,-9.870404750007E-04,
    7.023157916005E-03));
#922 = ORIENTED_EDGE('',*,*,#923,.F.);
#923 = EDGE_CURVE('',#924,#914,#926,.T.);
#924 = VERTEX_POINT('',#925);
#925 = CARTESIAN_POINT('',(-0.126089382753,0.620038820349,0.73818487053)
  );
#926 = LINE('',#927,#928);
#927 = CARTESIAN_POINT('',(-0.126138715808,0.619070759326,0.745072982627
    ));
#928 = VECTOR('',#929,1.);
#929 = DIRECTION('',(-7.092178509004E-03,-0.139169600782,0.990243163684)
  );
#930 = ORIENTED_EDGE('',*,*,#931,.F.);
#931 = EDGE_CURVE('',#932,#924,#934,.T.);
#932 = VERTEX_POINT('',#933);
#933 = CARTESIAN_POINT('',(-9.3275448199E-02,0.620006430853,
    0.73841533377));
#934 = LINE('',#935,#936);
#935 = CARTESIAN_POINT('',(-0.126089382753,0.620038820349,0.73818487053)
  );
#936 = VECTOR('',#937,1.);
#937 = DIRECTION('',(-0.999974850186,9.870404750007E-04,
    -7.023157916005E-03));
#938 = ORIENTED_EDGE('',*,*,#939,.F.);
#939 = EDGE_CURVE('',#940,#932,#942,.T.);
#940 = VERTEX_POINT('',#941);
#941 = CARTESIAN_POINT('',(-9.3708163248E-02,0.611515276762,
    0.798833034499));
#942 = LINE('',#943,#944);
#943 = CARTESIAN_POINT('',(-9.3275448199E-02,0.620006430853,
    0.73841533377));
#944 = VECTOR('',#945,1.);
#945 = DIRECTION('',(7.092178509004E-03,0.139169600782,-0.990243163684)
  );
#946 = ORIENTED_EDGE('',*,*,#947,.F.);
#947 = EDGE_CURVE('',#948,#940,#950,.T.);
#948 = VERTEX_POINT('',#949);
#949 = CARTESIAN_POINT('',(-0.125134055893,0.61154629617,0.798612319941)
  );
#950 = LINE('',#951,#952);
#951 = CARTESIAN_POINT('',(-9.3708163248E-02,0.611515276762,
    0.798833034499));
#952 = VECTOR('',#953,1.);
#953 = DIRECTION('',(0.999974850186,-9.870404750007E-04,
    7.023157916005E-03));
#954 = ORIENTED_EDGE('',*,*,#955,.F.);
#955 = EDGE_CURVE('',#956,#948,#958,.T.);
#956 = VERTEX_POINT('',#957);
#957 = CARTESIAN_POINT('',(-0.125084280389,0.612523039355,0.791662431054
    ));
#958 = LINE('',#959,#960);
#959 = CARTESIAN_POINT('',(-0.125134055893,0.61154629617,0.798612319941)
  );
#960 = VECTOR('',#961,1.);
#961 = DIRECTION('',(-7.092178509004E-03,-0.139169600782,0.990243163684)
  );
#962 = ORIENTED_EDGE('',*,*,#963,.F.);
#963 = EDGE_CURVE('',#964,#956,#966,.T.);
#964 = VERTEX_POINT('',#965);
#965 = CARTESIAN_POINT('',(-0.101534355876,0.612499794042,0.791827830052
    ));
#966 = LINE('',#967,#968);
#967 = CARTESIAN_POINT('',(-0.125084280389,0.612523039355,0.791662431054
    ));
#968 = VECTOR('',#969,1.);
#969 = DIRECTION('',(-0.999974850186,9.870404750007E-04,
    -7.023157916005E-03));
#970 = ORIENTED_EDGE('',*,*,#971,.F.);
#971 = EDGE_CURVE('',#972,#964,#974,.T.);
#972 = VERTEX_POINT('',#973);
#973 = CARTESIAN_POINT('',(-0.101395869362,0.615217310638,0.772491694747
    ));
#974 = LINE('',#975,#976);
#975 = CARTESIAN_POINT('',(-0.101534355876,0.612499794042,0.791827830052
    ));
#976 = VECTOR('',#977,1.);
#977 = DIRECTION('',(-7.092178509004E-03,-0.139169600782,0.990243163684)
  );
#978 = ORIENTED_EDGE('',*,*,#979,.F.);
#979 = EDGE_CURVE('',#980,#972,#982,.T.);
#980 = VERTEX_POINT('',#981);
#981 = CARTESIAN_POINT('',(-0.123214640484,0.61523884719,0.772338454218)
  );
#982 = LINE('',#983,#984);
#983 = CARTESIAN_POINT('',(-0.101395869362,0.615217310638,0.772491694747
    ));
#984 = VECTOR('',#985,1.);
#985 = DIRECTION('',(0.999974850186,-9.870404750007E-04,
    7.023157916005E-03));
#986 = ORIENTED_EDGE('',*,*,#987,.F.);
#987 = EDGE_CURVE('',#988,#980,#990,.T.);
#988 = VERTEX_POINT('',#989);
#989 = CARTESIAN_POINT('',(-0.123165086205,0.616211249294,0.765419453726
    ));
#990 = LINE('',#991,#992);
#991 = CARTESIAN_POINT('',(-0.123214640484,0.61523884719,0.772338454218)
  );
#992 = VECTOR('',#993,1.);
#993 = DIRECTION('',(-7.092178509004E-03,-0.139169600782,0.990243163684)
  );
#994 = ORIENTED_EDGE('',*,*,#995,.F.);
#995 = EDGE_CURVE('',#996,#988,#998,.T.);
#996 = VERTEX_POINT('',#997);
#997 = CARTESIAN_POINT('',(-0.101346315083,0.616189712742,0.765572694255
    ));
#998 = LINE('',#999,#1000);
#999 = CARTESIAN_POINT('',(-0.123165086205,0.616211249294,0.765419453726
    ));
#1000 = VECTOR('',#1001,1.);
#1001 = DIRECTION('',(-0.999974850186,9.870404750007E-04,
    -7.023157916005E-03));
#1002 = ORIENTED_EDGE('',*,*,#1003,.F.);
#1003 = EDGE_CURVE('',#916,#996,#1004,.T.);
#1004 = LINE('',#1005,#1006);
#1005 = CARTESIAN_POINT('',(-0.101346315083,0.616189712742,
    0.765572694255));
#1006 = VECTOR('',#1007,1.);
#1007 = DIRECTION('',(-7.092178509004E-03,-0.139169600782,0.990243163684
    ));
#1008 = FACE_BOUND('',#1009,.T.);
#1009 = EDGE_LOOP('',(#1010,#1020,#1028,#1036,#1044,#1052,#1060,#1068));
#1010 = ORIENTED_EDGE('',*,*,#1011,.F.);
#1011 = EDGE_CURVE('',#1012,#1014,#1016,.T.);
#1012 = VERTEX_POINT('',#1013);
#1013 = CARTESIAN_POINT('',(-0.222764868777,0.611642664158,0.79792662608
    ));
#1014 = VERTEX_POINT('',#1015);
#1015 = CARTESIAN_POINT('',(-0.214343041468,0.611634351264,
    0.797985775391));
#1016 = LINE('',#1017,#1018);
#1017 = CARTESIAN_POINT('',(-0.214343041468,0.611634351264,
    0.797985775391));
#1018 = VECTOR('',#1019,1.);
#1019 = DIRECTION('',(0.999974850186,-9.870404750007E-04,
    7.023157916005E-03));
#1020 = ORIENTED_EDGE('',*,*,#1021,.F.);
#1021 = EDGE_CURVE('',#1022,#1012,#1024,.T.);
#1022 = VERTEX_POINT('',#1023);
#1023 = CARTESIAN_POINT('',(-0.245570158712,0.620156755677,
    0.737345717068));
#1024 = LINE('',#1025,#1026);
#1025 = CARTESIAN_POINT('',(-0.222764868777,0.611642664158,0.79792662608
    ));
#1026 = VECTOR('',#1027,1.);
#1027 = DIRECTION('',(0.349299057801,-0.130406767653,0.927892366155));
#1028 = ORIENTED_EDGE('',*,*,#1029,.F.);
#1029 = EDGE_CURVE('',#1030,#1022,#1032,.T.);
#1030 = VERTEX_POINT('',#1031);
#1031 = CARTESIAN_POINT('',(-0.236867603826,0.620148165687,
    0.737406838022));
#1032 = LINE('',#1033,#1034);
#1033 = CARTESIAN_POINT('',(-0.245570158712,0.620156755677,
    0.737345717068));
#1034 = VECTOR('',#1035,1.);
#1035 = DIRECTION('',(-0.999974850186,9.870404750007E-04,
    -7.023157916005E-03));
#1036 = ORIENTED_EDGE('',*,*,#1037,.F.);
#1037 = EDGE_CURVE('',#1038,#1030,#1040,.T.);
#1038 = VERTEX_POINT('',#1039);
#1039 = CARTESIAN_POINT('',(-0.23076316429,0.617819545142,0.753975834146
    ));
#1040 = LINE('',#1041,#1042);
#1041 = CARTESIAN_POINT('',(-0.236867603826,0.620148165687,
    0.737406838022));
#1042 = VECTOR('',#1043,1.);
#1043 = DIRECTION('',(-0.342741495824,0.130743352319,-0.930287290499));
#1044 = ORIENTED_EDGE('',*,*,#1045,.F.);
#1045 = EDGE_CURVE('',#1046,#1038,#1048,.T.);
#1046 = VERTEX_POINT('',#1047);
#1047 = CARTESIAN_POINT('',(-0.205357318573,0.617794467913,0.7541542679)
  );
#1048 = LINE('',#1049,#1050);
#1049 = CARTESIAN_POINT('',(-0.23076316429,0.617819545142,0.753975834146
    ));
#1050 = VECTOR('',#1051,1.);
#1051 = DIRECTION('',(-0.999974850186,9.870404750007E-04,
    -7.023157916005E-03));
#1052 = ORIENTED_EDGE('',*,*,#1053,.F.);
#1053 = EDGE_CURVE('',#1054,#1046,#1056,.T.);
#1054 = VERTEX_POINT('',#1055);
#1055 = CARTESIAN_POINT('',(-0.199374876322,0.620111157917,
    0.737670161991));
#1056 = LINE('',#1057,#1058);
#1057 = CARTESIAN_POINT('',(-0.205357318573,0.617794467913,0.7541542679)
  );
#1058 = VECTOR('',#1059,1.);
#1059 = DIRECTION('',(-0.338211162479,-0.13097166448,0.931911815934));
#1060 = ORIENTED_EDGE('',*,*,#1061,.F.);
#1061 = EDGE_CURVE('',#1062,#1054,#1064,.T.);
#1062 = VERTEX_POINT('',#1063);
#1063 = CARTESIAN_POINT('',(-0.190672321436,0.620102567927,
    0.737731282945));
#1064 = LINE('',#1065,#1066);
#1065 = CARTESIAN_POINT('',(-0.199374876322,0.620111157917,
    0.737670161991));
#1066 = VECTOR('',#1067,1.);
#1067 = DIRECTION('',(-0.999974850186,9.870404750007E-04,
    -7.023157916005E-03));
#1068 = ORIENTED_EDGE('',*,*,#1069,.F.);
#1069 = EDGE_CURVE('',#1014,#1062,#1070,.T.);
#1070 = LINE('',#1071,#1072);
#1071 = CARTESIAN_POINT('',(-0.190672321436,0.620102567927,
    0.737731282945));
#1072 = VECTOR('',#1073,1.);
#1073 = DIRECTION('',(0.362554487497,0.12970412172,-0.922892780557));
#1074 = FACE_BOUND('',#1075,.T.);
#1075 = EDGE_LOOP('',(#1076,#1086,#1094,#1102,#1110,#1118,#1126,#1134,
    #1142,#1150,#1158,#1166));
#1076 = ORIENTED_EDGE('',*,*,#1077,.F.);
#1077 = EDGE_CURVE('',#1078,#1080,#1082,.T.);
#1078 = VERTEX_POINT('',#1079);
#1079 = CARTESIAN_POINT('',(-3.289013578E-02,0.632449768264,
    0.649876387509));
#1080 = VERTEX_POINT('',#1081);
#1081 = CARTESIAN_POINT('',(-7.952169358E-03,0.632425152863,
    0.650051535191));
#1082 = LINE('',#1083,#1084);
#1083 = CARTESIAN_POINT('',(-7.952169358E-03,0.632425152863,
    0.650051535191));
#1084 = VECTOR('',#1085,1.);
#1085 = DIRECTION('',(0.999974850186,-9.870404750007E-04,
    7.023157916005E-03));
#1086 = ORIENTED_EDGE('',*,*,#1087,.F.);
#1087 = EDGE_CURVE('',#1088,#1078,#1090,.T.);
#1088 = VERTEX_POINT('',#1089);
#1089 = CARTESIAN_POINT('',(-3.2840802725E-02,0.633417829288,
    0.642988275412));
#1090 = LINE('',#1091,#1092);
#1091 = CARTESIAN_POINT('',(-3.289013578E-02,0.632449768264,
    0.649876387509));
#1092 = VECTOR('',#1093,1.);
#1093 = DIRECTION('',(-7.092178509004E-03,-0.139169600782,0.990243163684
    ));
#1094 = ORIENTED_EDGE('',*,*,#1095,.F.);
#1095 = EDGE_CURVE('',#1096,#1088,#1098,.T.);
#1096 = VERTEX_POINT('',#1097);
#1097 = CARTESIAN_POINT('',(-2.686817125919E-05,0.633385439792,
    0.643218738652));
#1098 = LINE('',#1099,#1100);
#1099 = CARTESIAN_POINT('',(-3.2840802725E-02,0.633417829288,
    0.642988275412));
#1100 = VECTOR('',#1101,1.);
#1101 = DIRECTION('',(-0.999974850186,9.870404750007E-04,
    -7.023157916005E-03));
#1102 = ORIENTED_EDGE('',*,*,#1103,.F.);
#1103 = EDGE_CURVE('',#1104,#1096,#1106,.T.);
#1104 = VERTEX_POINT('',#1105);
#1105 = CARTESIAN_POINT('',(-4.59583219E-04,0.624894285701,
    0.703636439381));
#1106 = LINE('',#1107,#1108);
#1107 = CARTESIAN_POINT('',(-2.686817125919E-05,0.633385439792,
    0.643218738652));
#1108 = VECTOR('',#1109,1.);
#1109 = DIRECTION('',(7.092178509004E-03,0.139169600782,-0.990243163684)
  );
#1110 = ORIENTED_EDGE('',*,*,#1111,.F.);
#1111 = EDGE_CURVE('',#1112,#1104,#1114,.T.);
#1112 = VERTEX_POINT('',#1113);
#1113 = CARTESIAN_POINT('',(-3.1885475865E-02,0.624925305109,
    0.703415724823));
#1114 = LINE('',#1115,#1116);
#1115 = CARTESIAN_POINT('',(-4.59583219E-04,0.624894285701,
    0.703636439381));
#1116 = VECTOR('',#1117,1.);
#1117 = DIRECTION('',(0.999974850186,-9.870404750007E-04,
    7.023157916005E-03));
#1118 = ORIENTED_EDGE('',*,*,#1119,.F.);
#1119 = EDGE_CURVE('',#1120,#1112,#1122,.T.);
#1120 = VERTEX_POINT('',#1121);
#1121 = CARTESIAN_POINT('',(-3.1835700361E-02,0.625902048294,
    0.696465835936));
#1122 = LINE('',#1123,#1124);
#1123 = CARTESIAN_POINT('',(-3.1885475865E-02,0.624925305109,
    0.703415724823));
#1124 = VECTOR('',#1125,1.);
#1125 = DIRECTION('',(-7.092178509004E-03,-0.139169600782,0.990243163684
    ));
#1126 = ORIENTED_EDGE('',*,*,#1127,.F.);
#1127 = EDGE_CURVE('',#1128,#1120,#1130,.T.);
#1128 = VERTEX_POINT('',#1129);
#1129 = CARTESIAN_POINT('',(-8.285775847E-03,0.625878802981,
    0.696631234934));
#1130 = LINE('',#1131,#1132);
#1131 = CARTESIAN_POINT('',(-3.1835700361E-02,0.625902048294,
    0.696465835936));
#1132 = VECTOR('',#1133,1.);
#1133 = DIRECTION('',(-0.999974850186,9.870404750007E-04,
    -7.023157916005E-03));
#1134 = ORIENTED_EDGE('',*,*,#1135,.F.);
#1135 = EDGE_CURVE('',#1136,#1128,#1138,.T.);
#1136 = VERTEX_POINT('',#1137);
#1137 = CARTESIAN_POINT('',(-8.147289334E-03,0.628596319576,
    0.677295099629));
#1138 = LINE('',#1139,#1140);
#1139 = CARTESIAN_POINT('',(-8.285775847E-03,0.625878802981,
    0.696631234934));
#1140 = VECTOR('',#1141,1.);
#1141 = DIRECTION('',(-7.092178509004E-03,-0.139169600782,0.990243163684
    ));
#1142 = ORIENTED_EDGE('',*,*,#1143,.F.);
#1143 = EDGE_CURVE('',#1144,#1136,#1146,.T.);
#1144 = VERTEX_POINT('',#1145);
#1145 = CARTESIAN_POINT('',(-2.9966060456E-02,0.628617856128,
    0.6771418591));
#1146 = LINE('',#1147,#1148);
#1147 = CARTESIAN_POINT('',(-8.147289334E-03,0.628596319576,
    0.677295099629));
#1148 = VECTOR('',#1149,1.);
#1149 = DIRECTION('',(0.999974850186,-9.870404750007E-04,
    7.023157916005E-03));
#1150 = ORIENTED_EDGE('',*,*,#1151,.F.);
#1151 = EDGE_CURVE('',#1152,#1144,#1154,.T.);
#1152 = VERTEX_POINT('',#1153);
#1153 = CARTESIAN_POINT('',(-2.9916506176E-02,0.629590258233,
    0.670222858608));
#1154 = LINE('',#1155,#1156);
#1155 = CARTESIAN_POINT('',(-2.9966060456E-02,0.628617856128,
    0.6771418591));
#1156 = VECTOR('',#1157,1.);
#1157 = DIRECTION('',(-7.092178509004E-03,-0.139169600782,0.990243163684
    ));
#1158 = ORIENTED_EDGE('',*,*,#1159,.F.);
#1159 = EDGE_CURVE('',#1160,#1152,#1162,.T.);
#1160 = VERTEX_POINT('',#1161);
#1161 = CARTESIAN_POINT('',(-8.097735054E-03,0.629568721681,
    0.670376099137));
#1162 = LINE('',#1163,#1164);
#1163 = CARTESIAN_POINT('',(-2.9916506176E-02,0.629590258233,
    0.670222858608));
#1164 = VECTOR('',#1165,1.);
#1165 = DIRECTION('',(-0.999974850186,9.870404750007E-04,
    -7.023157916005E-03));
#1166 = ORIENTED_EDGE('',*,*,#1167,.F.);
#1167 = EDGE_CURVE('',#1080,#1160,#1168,.T.);
#1168 = LINE('',#1169,#1170);
#1169 = CARTESIAN_POINT('',(-8.097735054E-03,0.629568721681,
    0.670376099137));
#1170 = VECTOR('',#1171,1.);
#1171 = DIRECTION('',(-7.092178509004E-03,-0.139169600782,0.990243163684
    ));
#1172 = FACE_BOUND('',#1173,.T.);
#1173 = EDGE_LOOP('',(#1174,#1185,#1193,#1201,#1209,#1218,#1227));
#1174 = ORIENTED_EDGE('',*,*,#1175,.F.);
#1175 = EDGE_CURVE('',#1176,#1178,#1180,.T.);
#1176 = VERTEX_POINT('',#1177);
#1177 = CARTESIAN_POINT('',(-0.230114309461,0.633612551121,
    0.641602757576));
#1178 = VERTEX_POINT('',#1179);
#1179 = CARTESIAN_POINT('',(-0.253865213265,0.632446478837,
    0.649899793001));
#1180 = B_SPLINE_CURVE_WITH_KNOTS('',3,(#1181,#1182,#1183,#1184),
  .UNSPECIFIED.,.F.,.F.,(4,4),(5.,6.),.PIECEWISE_BEZIER_KNOTS.);
#1181 = CARTESIAN_POINT('',(-0.230114309461,0.633612551121,
    0.641602757576));
#1182 = CARTESIAN_POINT('',(-0.239768218913,0.63362208016,0.64153495494)
  );
#1183 = CARTESIAN_POINT('',(-0.247695510424,0.633234846689,
    0.644290264259));
#1184 = CARTESIAN_POINT('',(-0.253865213265,0.632446478837,
    0.649899793001));
#1185 = ORIENTED_EDGE('',*,*,#1186,.F.);
#1186 = EDGE_CURVE('',#1187,#1176,#1189,.T.);
#1187 = VERTEX_POINT('',#1188);
#1188 = CARTESIAN_POINT('',(-0.213333038748,0.633595986911,
    0.641720618054));
#1189 = LINE('',#1190,#1191);
#1190 = CARTESIAN_POINT('',(-0.230114309461,0.633612551121,
    0.641602757576));
#1191 = VECTOR('',#1192,1.);
#1192 = DIRECTION('',(-0.999974850186,9.870404750007E-04,
    -7.023157916005E-03));
#1193 = ORIENTED_EDGE('',*,*,#1194,.F.);
#1194 = EDGE_CURVE('',#1195,#1187,#1197,.T.);
#1195 = VERTEX_POINT('',#1196);
#1196 = CARTESIAN_POINT('',(-0.213765753796,0.62510483282,0.702138318783
    ));
#1197 = LINE('',#1198,#1199);
#1198 = CARTESIAN_POINT('',(-0.213333038748,0.633595986911,
    0.641720618054));
#1199 = VECTOR('',#1200,1.);
#1200 = DIRECTION('',(7.092178509004E-03,0.139169600782,-0.990243163684)
  );
#1201 = ORIENTED_EDGE('',*,*,#1202,.F.);
#1202 = EDGE_CURVE('',#1203,#1195,#1205,.T.);
#1203 = VERTEX_POINT('',#1204);
#1204 = CARTESIAN_POINT('',(-0.231170863569,0.6251220128,0.702016076874)
  );
#1205 = LINE('',#1206,#1207);
#1206 = CARTESIAN_POINT('',(-0.213765753796,0.62510483282,0.702138318783
    ));
#1207 = VECTOR('',#1208,1.);
#1208 = DIRECTION('',(0.999974850186,-9.870404750007E-04,
    7.023157916005E-03));
#1209 = ORIENTED_EDGE('',*,*,#1210,.F.);
#1210 = EDGE_CURVE('',#1211,#1203,#1213,.T.);
#1211 = VERTEX_POINT('',#1212);
#1212 = CARTESIAN_POINT('',(-0.254180015675,0.626269120825,
    0.693853979165));
#1213 = B_SPLINE_CURVE_WITH_KNOTS('',3,(#1214,#1215,#1216,#1217),
  .UNSPECIFIED.,.F.,.F.,(4,4),(2.,3.),.PIECEWISE_BEZIER_KNOTS.);
#1214 = CARTESIAN_POINT('',(-0.254180015675,0.626269120825,
    0.693853979165));
#1215 = CARTESIAN_POINT('',(-0.248089068743,0.625512063903,
    0.699240719063));
#1216 = CARTESIAN_POINT('',(-0.240419277633,0.625131141588,
    0.701951122168));
#1217 = CARTESIAN_POINT('',(-0.231170863569,0.6251220128,0.702016076874)
  );
#1218 = ORIENTED_EDGE('',*,*,#1219,.F.);
#1219 = EDGE_CURVE('',#1220,#1211,#1222,.T.);
#1220 = VERTEX_POINT('',#1221);
#1221 = CARTESIAN_POINT('',(-0.263228112033,0.629290913522,
    0.672352806897));
#1222 = B_SPLINE_CURVE_WITH_KNOTS('',3,(#1223,#1224,#1225,#1226),
  .UNSPECIFIED.,.F.,.F.,(4,4),(3.,4.),.PIECEWISE_BEZIER_KNOTS.);
#1223 = CARTESIAN_POINT('',(-0.263228112033,0.629290913522,
    0.672352806897));
#1224 = CARTESIAN_POINT('',(-0.263292267127,0.628032000083,
    0.681310441463));
#1225 = CARTESIAN_POINT('',(-0.260270962607,0.627026177746,
    0.688467239266));
#1226 = CARTESIAN_POINT('',(-0.254180015675,0.626269120825,
    0.693853979165));
#1227 = ORIENTED_EDGE('',*,*,#1228,.F.);
#1228 = EDGE_CURVE('',#1178,#1220,#1229,.T.);
#1229 = B_SPLINE_CURVE_WITH_KNOTS('',3,(#1230,#1231,#1232,#1233),
  .UNSPECIFIED.,.F.,.F.,(4,4),(4.,5.),.PIECEWISE_BEZIER_KNOTS.);
#1230 = CARTESIAN_POINT('',(-0.253865213265,0.632446478837,
    0.649899793001));
#1231 = CARTESIAN_POINT('',(-0.260034916106,0.631658110985,
    0.655509321742));
#1232 = CARTESIAN_POINT('',(-0.263161081021,0.630606261012,
    0.662993623195));
#1233 = CARTESIAN_POINT('',(-0.263228112033,0.629290913522,
    0.672352806897));
#1234 = FACE_BOUND('',#1235,.T.);
#1235 = EDGE_LOOP('',(#1236,#1247,#1256,#1265,#1274,#1282,#1291,#1300,
    #1309,#1317,#1326,#1335,#1344,#1353,#1362,#1371,#1380,#1389,#1398,
    #1407,#1415,#1423,#1431,#1440,#1449,#1458,#1467,#1476,#1485,#1494,
    #1503,#1512,#1521));
#1236 = ORIENTED_EDGE('',*,*,#1237,.F.);
#1237 = EDGE_CURVE('',#1238,#1240,#1242,.T.);
#1238 = VERTEX_POINT('',#1239);
#1239 = CARTESIAN_POINT('',(9.205281632E-02,0.616962575155,
    0.760073492444));
#1240 = VERTEX_POINT('',#1241);
#1241 = CARTESIAN_POINT('',(0.115234177745,0.612170125938,0.794173540496
    ));
#1242 = B_SPLINE_CURVE_WITH_KNOTS('',3,(#1243,#1244,#1245,#1246),
  .UNSPECIFIED.,.F.,.F.,(4,4),(0.,1.),.PIECEWISE_BEZIER_KNOTS.);
#1243 = CARTESIAN_POINT('',(9.205281632E-02,0.616962575155,
    0.760073492444));
#1244 = CARTESIAN_POINT('',(9.6732150562E-02,0.615146728128,
    0.772993915399));
#1245 = CARTESIAN_POINT('',(0.104891009659,0.61350856952,0.784650019559)
  );
#1246 = CARTESIAN_POINT('',(0.115234177745,0.612170125938,0.794173540496
    ));
#1247 = ORIENTED_EDGE('',*,*,#1248,.F.);
#1248 = EDGE_CURVE('',#1249,#1238,#1251,.T.);
#1249 = VERTEX_POINT('',#1250);
#1250 = CARTESIAN_POINT('',(4.9511116582E-02,0.624913594405,
    0.703499050813));
#1251 = B_SPLINE_CURVE_WITH_KNOTS('',3,(#1252,#1253,#1254,#1255),
  .UNSPECIFIED.,.F.,.F.,(4,4),(35.,36.),.PIECEWISE_BEZIER_KNOTS.);
#1252 = CARTESIAN_POINT('',(4.9511116582E-02,0.624913594405,
    0.703499050813));
#1253 = CARTESIAN_POINT('',(4.9760301737E-02,0.621290894309,
    0.729275901387));
#1254 = CARTESIAN_POINT('',(6.7382448857E-02,0.618073662889,
    0.752167692422));
#1255 = CARTESIAN_POINT('',(9.205281632E-02,0.616962575155,
    0.760073492444));
#1256 = ORIENTED_EDGE('',*,*,#1257,.F.);
#1257 = EDGE_CURVE('',#1258,#1249,#1260,.T.);
#1258 = VERTEX_POINT('',#1259);
#1259 = CARTESIAN_POINT('',(6.5853446994E-02,0.630633019482,
    0.662803226787));
#1260 = B_SPLINE_CURVE_WITH_KNOTS('',3,(#1261,#1262,#1263,#1264),
  .UNSPECIFIED.,.F.,.F.,(4,4),(34.,35.),.PIECEWISE_BEZIER_KNOTS.);
#1261 = CARTESIAN_POINT('',(6.5853446994E-02,0.630633019482,
    0.662803226787));
#1262 = CARTESIAN_POINT('',(5.5362604078E-02,0.629073644428,
    0.673898756835));
#1263 = CARTESIAN_POINT('',(4.9618796173E-02,0.627026587706,
    0.688464322254));
#1264 = CARTESIAN_POINT('',(4.9511116582E-02,0.624913594405,
    0.703499050813));
#1265 = ORIENTED_EDGE('',*,*,#1266,.F.);
#1266 = EDGE_CURVE('',#1267,#1258,#1269,.T.);
#1267 = VERTEX_POINT('',#1268);
#1268 = CARTESIAN_POINT('',(0.10546634252,0.633310761295,0.643750103767)
  );
#1269 = B_SPLINE_CURVE_WITH_KNOTS('',3,(#1270,#1271,#1272,#1273),
  .UNSPECIFIED.,.F.,.F.,(4,4),(33.,34.),.PIECEWISE_BEZIER_KNOTS.);
#1270 = CARTESIAN_POINT('',(0.10546634252,0.633310761295,0.643750103767)
  );
#1271 = CARTESIAN_POINT('',(9.027462942E-02,0.633144634147,
    0.644932159849));
#1272 = CARTESIAN_POINT('',(7.6344273363E-02,0.632192394553,
    0.651707696624));
#1273 = CARTESIAN_POINT('',(6.5853446994E-02,0.630633019482,
    0.662803226787));
#1274 = ORIENTED_EDGE('',*,*,#1275,.F.);
#1275 = EDGE_CURVE('',#1276,#1267,#1278,.T.);
#1276 = VERTEX_POINT('',#1277);
#1277 = CARTESIAN_POINT('',(0.131059661827,0.633285499018,0.643929854211
    ));
#1278 = LINE('',#1279,#1280);
#1279 = CARTESIAN_POINT('',(0.106767694934,0.633309476775,0.643759243601
    ));
#1280 = VECTOR('',#1281,1.);
#1281 = DIRECTION('',(-0.999974850186,9.870404750007E-04,
    -7.023157916005E-03));
#1282 = ORIENTED_EDGE('',*,*,#1283,.F.);
#1283 = EDGE_CURVE('',#1284,#1276,#1286,.T.);
#1284 = VERTEX_POINT('',#1285);
#1285 = CARTESIAN_POINT('',(0.143544067138,0.631401574523,0.657334673518
    ));
#1286 = B_SPLINE_CURVE_WITH_KNOTS('',3,(#1287,#1288,#1289,#1290),
  .UNSPECIFIED.,.F.,.F.,(4,4),(28.,29.),.PIECEWISE_BEZIER_KNOTS.);
#1287 = CARTESIAN_POINT('',(0.143544067138,0.631401574523,0.657334673518
    ));
#1288 = CARTESIAN_POINT('',(0.143593292047,0.632367513397,0.650461661302
    ));
#1289 = CARTESIAN_POINT('',(0.137997159103,0.633218277902,0.644408157301
    ));
#1290 = CARTESIAN_POINT('',(0.131059661827,0.633285499018,0.643929854211
    ));
#1291 = ORIENTED_EDGE('',*,*,#1292,.F.);
#1292 = EDGE_CURVE('',#1293,#1284,#1295,.T.);
#1293 = VERTEX_POINT('',#1294);
#1294 = CARTESIAN_POINT('',(0.130001357972,0.62954334049,0.670556695691)
  );
#1295 = B_SPLINE_CURVE_WITH_KNOTS('',3,(#1296,#1297,#1298,#1299),
  .UNSPECIFIED.,.F.,.F.,(4,4),(27.,28.),.PIECEWISE_BEZIER_KNOTS.);
#1296 = CARTESIAN_POINT('',(0.130001357972,0.62954334049,0.670556695691)
  );
#1297 = CARTESIAN_POINT('',(0.137375710384,0.629536061523,0.670608488235
    ));
#1298 = CARTESIAN_POINT('',(0.143491765716,0.630375265334,0.664637242852
    ));
#1299 = CARTESIAN_POINT('',(0.143544067138,0.631401574523,0.657334673518
    ));
#1300 = ORIENTED_EDGE('',*,*,#1301,.F.);
#1301 = EDGE_CURVE('',#1302,#1293,#1304,.T.);
#1302 = VERTEX_POINT('',#1303);
#1303 = CARTESIAN_POINT('',(0.127401729656,0.629606279846,0.670108858906
    ));
#1304 = B_SPLINE_CURVE_WITH_KNOTS('',3,(#1305,#1306,#1307,#1308),
  .UNSPECIFIED.,.F.,.F.,(4,4),(26.,27.),.PIECEWISE_BEZIER_KNOTS.);
#1305 = CARTESIAN_POINT('',(0.127401729656,0.629606279846,0.670108858906
    ));
#1306 = CARTESIAN_POINT('',(0.128269303449,0.629605423494,0.670114952167
    ));
#1307 = CARTESIAN_POINT('',(0.129133800728,0.629544196826,0.670550602547
    ));
#1308 = CARTESIAN_POINT('',(0.130001357972,0.62954334049,0.670556695691)
  );
#1309 = ORIENTED_EDGE('',*,*,#1310,.F.);
#1310 = EDGE_CURVE('',#1311,#1302,#1313,.T.);
#1311 = VERTEX_POINT('',#1312);
#1312 = CARTESIAN_POINT('',(0.107881393799,0.629625547692,0.669971761057
    ));
#1313 = LINE('',#1314,#1315);
#1314 = CARTESIAN_POINT('',(0.107881393799,0.629625547692,0.669971761057
    ));
#1315 = VECTOR('',#1316,1.);
#1316 = DIRECTION('',(0.999974850186,-9.870404750007E-04,
    7.023157916005E-03));
#1317 = ORIENTED_EDGE('',*,*,#1318,.F.);
#1318 = EDGE_CURVE('',#1319,#1311,#1321,.T.);
#1319 = VERTEX_POINT('',#1320);
#1320 = CARTESIAN_POINT('',(7.6408881481E-02,0.62494742021,
    0.703258367702));
#1321 = B_SPLINE_CURVE_WITH_KNOTS('',3,(#1322,#1323,#1324,#1325),
  .UNSPECIFIED.,.F.,.F.,(4,4),(24.,25.),.PIECEWISE_BEZIER_KNOTS.);
#1322 = CARTESIAN_POINT('',(7.6408881481E-02,0.62494742021,
    0.703258367702));
#1323 = CARTESIAN_POINT('',(7.6535020442E-02,0.627422641165,
    0.685646255464));
#1324 = CARTESIAN_POINT('',(9.0086959322E-02,0.6294619896,0.671135537356
    ));
#1325 = CARTESIAN_POINT('',(0.107881393799,0.629625547692,0.669971761057
    ));
#1326 = ORIENTED_EDGE('',*,*,#1327,.F.);
#1327 = EDGE_CURVE('',#1328,#1319,#1330,.T.);
#1328 = VERTEX_POINT('',#1329);
#1329 = CARTESIAN_POINT('',(0.110004155355,0.620205066574,0.737001967177
    ));
#1330 = B_SPLINE_CURVE_WITH_KNOTS('',3,(#1331,#1332,#1333,#1334),
  .UNSPECIFIED.,.F.,.F.,(4,4),(23.,24.),.PIECEWISE_BEZIER_KNOTS.);
#1331 = CARTESIAN_POINT('',(0.110004155355,0.620205066574,0.737001967177
    ));
#1332 = CARTESIAN_POINT('',(9.1351393289E-02,0.620223478068,
    0.736870962589));
#1333 = CARTESIAN_POINT('',(7.6276589436E-02,0.622351457472,
    0.721729602369));
#1334 = CARTESIAN_POINT('',(7.6408881481E-02,0.62494742021,
    0.703258367702));
#1335 = ORIENTED_EDGE('',*,*,#1336,.F.);
#1336 = EDGE_CURVE('',#1337,#1328,#1339,.T.);
#1337 = VERTEX_POINT('',#1338);
#1338 = CARTESIAN_POINT('',(0.113474433976,0.620201641182,0.737026340105
    ));
#1339 = B_SPLINE_CURVE_WITH_KNOTS('',3,(#1340,#1341,#1342,#1343),
  .UNSPECIFIED.,.F.,.F.,(4,4),(22.,23.),.PIECEWISE_BEZIER_KNOTS.);
#1340 = CARTESIAN_POINT('',(0.113474433976,0.620201641182,0.737026340105
    ));
#1341 = CARTESIAN_POINT('',(0.112173081561,0.620202925702,0.737017200272
    ));
#1342 = CARTESIAN_POINT('',(0.111305507769,0.620203782054,0.737011107011
    ));
#1343 = CARTESIAN_POINT('',(0.110004155355,0.620205066574,0.737001967177
    ));
#1344 = ORIENTED_EDGE('',*,*,#1345,.F.);
#1345 = EDGE_CURVE('',#1346,#1337,#1348,.T.);
#1346 = VERTEX_POINT('',#1347);
#1347 = CARTESIAN_POINT('',(0.173819797787,0.612595292124,0.791148325888
    ));
#1348 = B_SPLINE_CURVE_WITH_KNOTS('',3,(#1349,#1350,#1351,#1352),
  .UNSPECIFIED.,.F.,.F.,(4,4),(21.,22.),.PIECEWISE_BEZIER_KNOTS.);
#1349 = CARTESIAN_POINT('',(0.173819797787,0.612595292124,0.791148325888
    ));
#1350 = CARTESIAN_POINT('',(0.142587257105,0.612626120682,0.790928969306
    ));
#1351 = CARTESIAN_POINT('',(0.116729353415,0.615972229188,0.767120170152
    ));
#1352 = CARTESIAN_POINT('',(0.113474433976,0.620201641182,0.737026340105
    ));
#1353 = ORIENTED_EDGE('',*,*,#1354,.F.);
#1354 = EDGE_CURVE('',#1355,#1346,#1357,.T.);
#1355 = VERTEX_POINT('',#1356);
#1356 = CARTESIAN_POINT('',(0.232242359761,0.618333552315,0.750318483068
    ));
#1357 = B_SPLINE_CURVE_WITH_KNOTS('',3,(#1358,#1359,#1360,#1361),
  .UNSPECIFIED.,.F.,.F.,(4,4),(20.,21.),.PIECEWISE_BEZIER_KNOTS.);
#1358 = CARTESIAN_POINT('',(0.232242359761,0.618333552315,0.750318483068
    ));
#1359 = CARTESIAN_POINT('',(0.223828162924,0.61496090156,0.774316140134)
  );
#1360 = CARTESIAN_POINT('',(0.201148264678,0.612568317143,0.791340262854
    ));
#1361 = CARTESIAN_POINT('',(0.173819797787,0.612595292124,0.791148325888
    ));
#1362 = ORIENTED_EDGE('',*,*,#1363,.F.);
#1363 = EDGE_CURVE('',#1364,#1355,#1366,.T.);
#1364 = VERTEX_POINT('',#1365);
#1365 = CARTESIAN_POINT('',(0.255186825843,0.61740529052,0.756923408942)
  );
#1366 = B_SPLINE_CURVE_WITH_KNOTS('',3,(#1367,#1368,#1369,#1370),
  .UNSPECIFIED.,.F.,.F.,(4,4),(19.,20.),.PIECEWISE_BEZIER_KNOTS.);
#1367 = CARTESIAN_POINT('',(0.255186825843,0.61740529052,0.756923408942)
  );
#1368 = CARTESIAN_POINT('',(0.246944907913,0.617413425831,0.756865523195
    ));
#1369 = CARTESIAN_POINT('',(0.238721449354,0.617783788795,0.754230253771
    ));
#1370 = CARTESIAN_POINT('',(0.232242359761,0.618333552315,0.750318483068
    ));
#1371 = ORIENTED_EDGE('',*,*,#1372,.F.);
#1372 = EDGE_CURVE('',#1373,#1364,#1375,.T.);
#1373 = VERTEX_POINT('',#1374);
#1374 = CARTESIAN_POINT('',(0.298873005945,0.623399596802,0.714271703517
    ));
#1375 = B_SPLINE_CURVE_WITH_KNOTS('',3,(#1376,#1377,#1378,#1379),
  .UNSPECIFIED.,.F.,.F.,(4,4),(18.,19.),.PIECEWISE_BEZIER_KNOTS.);
#1376 = CARTESIAN_POINT('',(0.298873005945,0.623399596802,0.714271703517
    ));
#1377 = CARTESIAN_POINT('',(0.298703795159,0.620079178757,0.737897705539
    ));
#1378 = CARTESIAN_POINT('',(0.279045014113,0.61738174093,0.75709097298)
  );
#1379 = CARTESIAN_POINT('',(0.255186825843,0.61740529052,0.756923408942)
  );
#1380 = ORIENTED_EDGE('',*,*,#1381,.F.);
#1381 = EDGE_CURVE('',#1382,#1373,#1384,.T.);
#1382 = VERTEX_POINT('',#1383);
#1383 = CARTESIAN_POINT('',(0.273128934988,0.628979441544,0.674569045179
    ));
#1384 = B_SPLINE_CURVE_WITH_KNOTS('',3,(#1385,#1386,#1387,#1388),
  .UNSPECIFIED.,.F.,.F.,(4,4),(17.,18.),.PIECEWISE_BEZIER_KNOTS.);
#1385 = CARTESIAN_POINT('',(0.273128934988,0.628979441544,0.674569045179
    ));
#1386 = CARTESIAN_POINT('',(0.288262193465,0.627998515417,0.681548697248
    ));
#1387 = CARTESIAN_POINT('',(0.298999144906,0.625874817756,0.696659591279
    ));
#1388 = CARTESIAN_POINT('',(0.298873005945,0.623399596802,0.714271703517
    ));
#1389 = ORIENTED_EDGE('',*,*,#1390,.F.);
#1390 = EDGE_CURVE('',#1391,#1382,#1393,.T.);
#1391 = VERTEX_POINT('',#1392);
#1392 = CARTESIAN_POINT('',(0.232150071008,0.625035188048,0.702633867082
    ));
#1393 = B_SPLINE_CURVE_WITH_KNOTS('',3,(#1394,#1395,#1396,#1397),
  .UNSPECIFIED.,.F.,.F.,(4,4),(16.,17.),.PIECEWISE_BEZIER_KNOTS.);
#1394 = CARTESIAN_POINT('',(0.232150071008,0.625035188048,0.702633867082
    ));
#1395 = CARTESIAN_POINT('',(0.250802841347,0.625016776546,0.702764871728
    ));
#1396 = CARTESIAN_POINT('',(0.266939033959,0.62669132828,0.690849817022)
  );
#1397 = CARTESIAN_POINT('',(0.273128934988,0.628979441544,0.674569045179
    ));
#1398 = ORIENTED_EDGE('',*,*,#1399,.F.);
#1399 = EDGE_CURVE('',#1400,#1391,#1402,.T.);
#1400 = VERTEX_POINT('',#1401);
#1401 = CARTESIAN_POINT('',(0.199720780931,0.627119922959,0.687800207419
    ));
#1402 = B_SPLINE_CURVE_WITH_KNOTS('',3,(#1403,#1404,#1405,#1406),
  .UNSPECIFIED.,.F.,.F.,(4,4),(15.,16.),.PIECEWISE_BEZIER_KNOTS.);
#1403 = CARTESIAN_POINT('',(0.199720780931,0.627119922959,0.687800207419
    ));
#1404 = CARTESIAN_POINT('',(0.207464304199,0.625844419613,0.696875885309
    ));
#1405 = CARTESIAN_POINT('',(0.219136513769,0.625048033279,0.702542468516
    ));
#1406 = CARTESIAN_POINT('',(0.232150071008,0.625035188048,0.702633867082
    ));
#1407 = ORIENTED_EDGE('',*,*,#1408,.F.);
#1408 = EDGE_CURVE('',#1409,#1400,#1411,.T.);
#1409 = VERTEX_POINT('',#1410);
#1410 = CARTESIAN_POINT('',(0.141378201073,0.622951311719,0.71746141762)
  );
#1411 = LINE('',#1412,#1413);
#1412 = CARTESIAN_POINT('',(0.141378201073,0.622951311719,0.71746141762)
  );
#1413 = VECTOR('',#1414,1.);
#1414 = DIRECTION('',(0.88961035806,6.356317713102E-02,-0.452275506019)
  );
#1415 = ORIENTED_EDGE('',*,*,#1416,.F.);
#1416 = EDGE_CURVE('',#1417,#1409,#1419,.T.);
#1417 = VERTEX_POINT('',#1418);
#1418 = CARTESIAN_POINT('',(0.128093922914,0.626164261379,0.69460009289)
  );
#1419 = LINE('',#1420,#1421);
#1420 = CARTESIAN_POINT('',(0.128093922914,0.626164261379,0.69460009289)
  );
#1421 = VECTOR('',#1422,1.);
#1422 = DIRECTION('',(0.498748469261,-0.120627835816,0.858311650647));
#1423 = ORIENTED_EDGE('',*,*,#1424,.F.);
#1424 = EDGE_CURVE('',#1425,#1417,#1427,.T.);
#1425 = VERTEX_POINT('',#1426);
#1426 = CARTESIAN_POINT('',(0.189051522102,0.63057178829,0.663238909359)
  );
#1427 = LINE('',#1428,#1429);
#1428 = CARTESIAN_POINT('',(0.189051522102,0.63057178829,0.663238909359)
  );
#1429 = VECTOR('',#1430,1.);
#1430 = DIRECTION('',(-0.887386942263,-6.416233382305E-02,0.456538727404
    ));
#1431 = ORIENTED_EDGE('',*,*,#1432,.F.);
#1432 = EDGE_CURVE('',#1433,#1425,#1435,.T.);
#1433 = VERTEX_POINT('',#1434);
#1434 = CARTESIAN_POINT('',(0.189082287699,0.631175500662,0.658943272628
    ));
#1435 = B_SPLINE_CURVE_WITH_KNOTS('',3,(#1436,#1437,#1438,#1439),
  .UNSPECIFIED.,.F.,.F.,(4,4),(11.,12.),.PIECEWISE_BEZIER_KNOTS.);
#1436 = CARTESIAN_POINT('',(0.189082287699,0.631175500662,0.658943272628
    ));
#1437 = CARTESIAN_POINT('',(0.189073058043,0.630994387411,0.66023196037)
  );
#1438 = CARTESIAN_POINT('',(0.189063828388,0.63081327416,0.661520648112)
  );
#1439 = CARTESIAN_POINT('',(0.189051522102,0.63057178829,0.663238909359)
  );
#1440 = ORIENTED_EDGE('',*,*,#1441,.F.);
#1441 = EDGE_CURVE('',#1442,#1433,#1444,.T.);
#1442 = VERTEX_POINT('',#1443);
#1443 = CARTESIAN_POINT('',(0.232768467801,0.637169806944,0.616291567202
    ));
#1444 = B_SPLINE_CURVE_WITH_KNOTS('',3,(#1445,#1446,#1447,#1448),
  .UNSPECIFIED.,.F.,.F.,(4,4),(10.,11.),.PIECEWISE_BEZIER_KNOTS.);
#1445 = CARTESIAN_POINT('',(0.232768467801,0.637169806944,0.616291567202
    ));
#1446 = CARTESIAN_POINT('',(0.208910279531,0.637193356533,0.616124003164
    ));
#1447 = CARTESIAN_POINT('',(0.189251498485,0.634495918706,0.635317270605
    ));
#1448 = CARTESIAN_POINT('',(0.189082287699,0.631175500662,0.658943272628
    ));
#1449 = ORIENTED_EDGE('',*,*,#1450,.F.);
#1450 = EDGE_CURVE('',#1451,#1442,#1453,.T.);
#1451 = VERTEX_POINT('',#1452);
#1452 = CARTESIAN_POINT('',(0.273768863821,0.633023886708,0.64579132252)
  );
#1453 = B_SPLINE_CURVE_WITH_KNOTS('',3,(#1454,#1455,#1456,#1457),
  .UNSPECIFIED.,.F.,.F.,(4,4),(9.,10.),.PIECEWISE_BEZIER_KNOTS.);
#1454 = CARTESIAN_POINT('',(0.273768863821,0.633023886708,0.64579132252)
  );
#1455 = CARTESIAN_POINT('',(0.268252717247,0.635444302462,0.628569169543
    ));
#1456 = CARTESIAN_POINT('',(0.251855025037,0.637150967265,0.616425618479
    ));
#1457 = CARTESIAN_POINT('',(0.232768467801,0.637169806944,0.616291567202
    ));
#1458 = ORIENTED_EDGE('',*,*,#1459,.F.);
#1459 = EDGE_CURVE('',#1460,#1451,#1462,.T.);
#1460 = VERTEX_POINT('',#1461);
#1461 = CARTESIAN_POINT('',(0.308324008279,0.630091813835,0.666654105062
    ));
#1462 = B_SPLINE_CURVE_WITH_KNOTS('',3,(#1463,#1464,#1465,#1466),
  .UNSPECIFIED.,.F.,.F.,(4,4),(8.,9.),.PIECEWISE_BEZIER_KNOTS.);
#1463 = CARTESIAN_POINT('',(0.308324008279,0.630091813835,0.666654105062
    ));
#1464 = CARTESIAN_POINT('',(0.298854571279,0.631550144284,0.656277544743
    ));
#1465 = CARTESIAN_POINT('',(0.287191591364,0.632527643868,0.649322273795
    ));
#1466 = CARTESIAN_POINT('',(0.273768863821,0.633023886708,0.64579132252)
  );
#1467 = ORIENTED_EDGE('',*,*,#1468,.F.);
#1468 = EDGE_CURVE('',#1469,#1460,#1471,.T.);
#1469 = VERTEX_POINT('',#1470);
#1470 = CARTESIAN_POINT('',(0.326207642644,0.623493367042,0.713604493589
    ));
#1471 = B_SPLINE_CURVE_WITH_KNOTS('',3,(#1472,#1473,#1474,#1475),
  .UNSPECIFIED.,.F.,.F.,(4,4),(7.,8.),.PIECEWISE_BEZIER_KNOTS.);
#1472 = CARTESIAN_POINT('',(0.326207642644,0.623493367042,0.713604493589
    ));
#1473 = CARTESIAN_POINT('',(0.326330705034,0.625908216529,0.696421946663
    ));
#1474 = CARTESIAN_POINT('',(0.319943912292,0.628269118316,0.679623257573
    ));
#1475 = CARTESIAN_POINT('',(0.308324008279,0.630091813835,0.666654105062
    ));
#1476 = ORIENTED_EDGE('',*,*,#1477,.F.);
#1477 = EDGE_CURVE('',#1478,#1469,#1480,.T.);
#1478 = VERTEX_POINT('',#1479);
#1479 = CARTESIAN_POINT('',(0.305468996951,0.616631171016,0.762431555422
    ));
#1480 = B_SPLINE_CURVE_WITH_KNOTS('',3,(#1481,#1482,#1483,#1484),
  .UNSPECIFIED.,.F.,.F.,(4,4),(6.,7.),.PIECEWISE_BEZIER_KNOTS.);
#1481 = CARTESIAN_POINT('',(0.305468996951,0.616631171016,0.762431555422
    ));
#1482 = CARTESIAN_POINT('',(0.318574862329,0.618429462313,0.74963604797)
  );
#1483 = CARTESIAN_POINT('',(0.326075350599,0.620897404304,0.732075728256
    ));
#1484 = CARTESIAN_POINT('',(0.326207642644,0.623493367042,0.713604493589
    ));
#1485 = ORIENTED_EDGE('',*,*,#1486,.F.);
#1486 = EDGE_CURVE('',#1487,#1478,#1489,.T.);
#1487 = VERTEX_POINT('',#1488);
#1488 = CARTESIAN_POINT('',(0.255436019331,0.613782591567,0.782700251381
    ));
#1489 = B_SPLINE_CURVE_WITH_KNOTS('',3,(#1490,#1491,#1492,#1493),
  .UNSPECIFIED.,.F.,.F.,(4,4),(5.,6.),.PIECEWISE_BEZIER_KNOTS.);
#1490 = CARTESIAN_POINT('',(0.255436019331,0.613782591567,0.782700251381
    ));
#1491 = CARTESIAN_POINT('',(0.274088785533,0.613764180069,0.782831255998
    ));
#1492 = CARTESIAN_POINT('',(0.291926279453,0.61477293584,0.775653585731)
  );
#1493 = CARTESIAN_POINT('',(0.305468996951,0.616631171016,0.762431555422
    ));
#1494 = ORIENTED_EDGE('',*,*,#1495,.F.);
#1495 = EDGE_CURVE('',#1496,#1487,#1498,.T.);
#1496 = VERTEX_POINT('',#1497);
#1497 = CARTESIAN_POINT('',(0.245465115204,0.613913181934,0.781771052643
    ));
#1498 = B_SPLINE_CURVE_WITH_KNOTS('',3,(#1499,#1500,#1501,#1502),
  .UNSPECIFIED.,.F.,.F.,(4,4),(4.,5.),.PIECEWISE_BEZIER_KNOTS.);
#1499 = CARTESIAN_POINT('',(0.245465115204,0.613913181934,0.781771052643
    ));
#1500 = CARTESIAN_POINT('',(0.248932317254,0.613849385074,0.782224990883
    ));
#1501 = CARTESIAN_POINT('',(0.25196574071,0.613786016959,0.782675878453)
  );
#1502 = CARTESIAN_POINT('',(0.255436019331,0.613782591567,0.782700251381
    ));
#1503 = ORIENTED_EDGE('',*,*,#1504,.F.);
#1504 = EDGE_CURVE('',#1505,#1496,#1507,.T.);
#1505 = VERTEX_POINT('',#1506);
#1506 = CARTESIAN_POINT('',(0.226243197611,0.61127568711,0.800537803451)
  );
#1507 = B_SPLINE_CURVE_WITH_KNOTS('',3,(#1508,#1509,#1510,#1511),
  .UNSPECIFIED.,.F.,.F.,(4,4),(3.,4.),.PIECEWISE_BEZIER_KNOTS.);
#1508 = CARTESIAN_POINT('',(0.226243197611,0.61127568711,0.800537803451)
  );
#1509 = CARTESIAN_POINT('',(0.233654468748,0.611992863162,0.795434830689
    ));
#1510 = CARTESIAN_POINT('',(0.239773608868,0.61289243728,0.789034028245)
  );
#1511 = CARTESIAN_POINT('',(0.245465115204,0.613913181934,0.781771052643
    ));
#1512 = ORIENTED_EDGE('',*,*,#1513,.F.);
#1513 = EDGE_CURVE('',#1514,#1505,#1516,.T.);
#1514 = VERTEX_POINT('',#1515);
#1515 = CARTESIAN_POINT('',(0.174068982825,0.608972589726,0.816925192849
    ));
#1516 = B_SPLINE_CURVE_WITH_KNOTS('',3,(#1517,#1518,#1519,#1520),
  .UNSPECIFIED.,.F.,.F.,(4,4),(2.,3.),.PIECEWISE_BEZIER_KNOTS.);
#1517 = CARTESIAN_POINT('',(0.174068982825,0.608972589726,0.816925192849
    ));
#1518 = CARTESIAN_POINT('',(0.193155531786,0.608953750056,0.817059244067
    ));
#1519 = CARTESIAN_POINT('',(0.210983800169,0.609781392211,0.811170264131
    ));
#1520 = CARTESIAN_POINT('',(0.226243197611,0.61127568711,0.800537803451)
  );
#1521 = ORIENTED_EDGE('',*,*,#1522,.F.);
#1522 = EDGE_CURVE('',#1240,#1514,#1523,.T.);
#1523 = B_SPLINE_CURVE_WITH_KNOTS('',3,(#1524,#1525,#1526,#1527),
  .UNSPECIFIED.,.F.,.F.,(4,4),(1.,2.),.PIECEWISE_BEZIER_KNOTS.);
#1524 = CARTESIAN_POINT('',(0.115234177745,0.612170125938,0.794173540496
    ));
#1525 = CARTESIAN_POINT('',(0.131616487123,0.610161604302,0.808464914535
    ));
#1526 = CARTESIAN_POINT('',(0.152379720761,0.608993998444,0.816772861905
    ));
#1527 = CARTESIAN_POINT('',(0.174068982825,0.608972589726,0.816925192849
    ));
#1528 = PLANE('',#1529);
#1529 = AXIS2_PLACEMENT_3D('',#1530,#1531,#1532);
#1530 = CARTESIAN_POINT('',(-1.129362659708E-16,0.590270145251,
    0.949999999999));
#1531 = DIRECTION('',(-1.894677867305E-16,0.990268068742,0.13917310096)
  );
#1532 = DIRECTION('',(1.,1.913297951445E-16,6.240013019815E-30));
#1533 = ADVANCED_FACE('',(#1534),#1568,.T.);
#1534 = FACE_BOUND('',#1535,.T.);
#1535 = EDGE_LOOP('',(#1536,#1546,#1554,#1562));
#1536 = ORIENTED_EDGE('',*,*,#1537,.F.);
#1537 = EDGE_CURVE('',#1538,#1540,#1542,.T.);
#1538 = VERTEX_POINT('',#1539);
#1539 = CARTESIAN_POINT('',(-0.652968065905,0.54680580836,0.949999999999
    ));
#1540 = VERTEX_POINT('',#1541);
#1541 = CARTESIAN_POINT('',(-0.652968065905,-0.54680580836,
    0.949999999999));
#1542 = LINE('',#1543,#1544);
#1543 = CARTESIAN_POINT('',(-0.652968065905,0.65,0.949999999999));
#1544 = VECTOR('',#1545,1.);
#1545 = DIRECTION('',(0.,-1.,0.));
#1546 = ORIENTED_EDGE('',*,*,#1547,.T.);
#1547 = EDGE_CURVE('',#1538,#1548,#1550,.T.);
#1548 = VERTEX_POINT('',#1549);
#1549 = CARTESIAN_POINT('',(-0.74680580836,0.54680580836,0.949999999999)
  );
#1550 = LINE('',#1551,#1552);
#1551 = CARTESIAN_POINT('',(-1.046202432974E-16,0.54680580836,
    0.949999999999));
#1552 = VECTOR('',#1553,1.);
#1553 = DIRECTION('',(-1.,-1.913297951445E-16,0.));
#1554 = ORIENTED_EDGE('',*,*,#1555,.T.);
#1555 = EDGE_CURVE('',#1548,#1556,#1558,.T.);
#1556 = VERTEX_POINT('',#1557);
#1557 = CARTESIAN_POINT('',(-0.74680580836,-0.54680580836,0.949999999999
    ));
#1558 = LINE('',#1559,#1560);
#1559 = CARTESIAN_POINT('',(-0.74680580836,0.,0.949999999999));
#1560 = VECTOR('',#1561,1.);
#1561 = DIRECTION('',(0.,-1.,0.));
#1562 = ORIENTED_EDGE('',*,*,#1563,.T.);
#1563 = EDGE_CURVE('',#1556,#1540,#1564,.T.);
#1564 = LINE('',#1565,#1566);
#1565 = CARTESIAN_POINT('',(0.,-0.54680580836,0.949999999999));
#1566 = VECTOR('',#1567,1.);
#1567 = DIRECTION('',(1.,0.,0.));
#1568 = PLANE('',#1569);
#1569 = AXIS2_PLACEMENT_3D('',#1570,#1571,#1572);
#1570 = CARTESIAN_POINT('',(0.,0.,0.949999999999));
#1571 = DIRECTION('',(0.,0.,1.));
#1572 = DIRECTION('',(1.,0.,-0.));
#1573 = ADVANCED_FACE('',(#1574),#1608,.T.);
#1574 = FACE_BOUND('',#1575,.T.);
#1575 = EDGE_LOOP('',(#1576,#1586,#1594,#1602));
#1576 = ORIENTED_EDGE('',*,*,#1577,.F.);
#1577 = EDGE_CURVE('',#1578,#1580,#1582,.T.);
#1578 = VERTEX_POINT('',#1579);
#1579 = CARTESIAN_POINT('',(-0.559255056446,-0.54680580836,
    0.949999999999));
#1580 = VERTEX_POINT('',#1581);
#1581 = CARTESIAN_POINT('',(-0.559255056446,0.54680580836,0.949999999999
    ));
#1582 = LINE('',#1583,#1584);
#1583 = CARTESIAN_POINT('',(-0.559255056446,0.65,0.949999999999));
#1584 = VECTOR('',#1585,1.);
#1585 = DIRECTION('',(0.,1.,0.));
#1586 = ORIENTED_EDGE('',*,*,#1587,.T.);
#1587 = EDGE_CURVE('',#1578,#1588,#1590,.T.);
#1588 = VERTEX_POINT('',#1589);
#1589 = CARTESIAN_POINT('',(0.74680580836,-0.54680580836,0.949999999999)
  );
#1590 = LINE('',#1591,#1592);
#1591 = CARTESIAN_POINT('',(0.,-0.54680580836,0.949999999999));
#1592 = VECTOR('',#1593,1.);
#1593 = DIRECTION('',(1.,0.,0.));
#1594 = ORIENTED_EDGE('',*,*,#1595,.T.);
#1595 = EDGE_CURVE('',#1588,#1596,#1598,.T.);
#1596 = VERTEX_POINT('',#1597);
#1597 = CARTESIAN_POINT('',(0.74680580836,0.54680580836,0.949999999999)
  );
#1598 = LINE('',#1599,#1600);
#1599 = CARTESIAN_POINT('',(0.74680580836,-6.228372921918E-17,
    0.949999999999));
#1600 = VECTOR('',#1601,1.);
#1601 = DIRECTION('',(8.340016711426E-17,1.,0.));
#1602 = ORIENTED_EDGE('',*,*,#1603,.T.);
#1603 = EDGE_CURVE('',#1596,#1580,#1604,.T.);
#1604 = LINE('',#1605,#1606);
#1605 = CARTESIAN_POINT('',(-1.046202432974E-16,0.54680580836,
    0.949999999999));
#1606 = VECTOR('',#1607,1.);
#1607 = DIRECTION('',(-1.,-1.913297951445E-16,0.));
#1608 = PLANE('',#1609);
#1609 = AXIS2_PLACEMENT_3D('',#1610,#1611,#1612);
#1610 = CARTESIAN_POINT('',(0.,0.,0.949999999999));
#1611 = DIRECTION('',(0.,0.,1.));
#1612 = DIRECTION('',(1.,0.,-0.));
#1613 = ADVANCED_FACE('',(#1614),#1648,.F.);
#1614 = FACE_BOUND('',#1615,.T.);
#1615 = EDGE_LOOP('',(#1616,#1626,#1634,#1642));
#1616 = ORIENTED_EDGE('',*,*,#1617,.T.);
#1617 = EDGE_CURVE('',#1618,#1620,#1622,.T.);
#1618 = VERTEX_POINT('',#1619);
#1619 = CARTESIAN_POINT('',(0.74680580836,0.54680580836,0.1));
#1620 = VERTEX_POINT('',#1621);
#1621 = CARTESIAN_POINT('',(0.74680580836,-0.54680580836,0.1));
#1622 = LINE('',#1623,#1624);
#1623 = CARTESIAN_POINT('',(0.74680580836,-0.590270145251,0.1));
#1624 = VECTOR('',#1625,1.);
#1625 = DIRECTION('',(-8.340016711426E-17,-1.,0.));
#1626 = ORIENTED_EDGE('',*,*,#1627,.T.);
#1627 = EDGE_CURVE('',#1620,#1628,#1630,.T.);
#1628 = VERTEX_POINT('',#1629);
#1629 = CARTESIAN_POINT('',(-0.74680580836,-0.54680580836,0.1));
#1630 = LINE('',#1631,#1632);
#1631 = CARTESIAN_POINT('',(-0.790270145251,-0.54680580836,0.1));
#1632 = VECTOR('',#1633,1.);
#1633 = DIRECTION('',(-1.,0.,0.));
#1634 = ORIENTED_EDGE('',*,*,#1635,.T.);
#1635 = EDGE_CURVE('',#1628,#1636,#1638,.T.);
#1636 = VERTEX_POINT('',#1637);
#1637 = CARTESIAN_POINT('',(-0.74680580836,0.54680580836,0.1));
#1638 = LINE('',#1639,#1640);
#1639 = CARTESIAN_POINT('',(-0.74680580836,0.590270145251,0.1));
#1640 = VECTOR('',#1641,1.);
#1641 = DIRECTION('',(0.,1.,0.));
#1642 = ORIENTED_EDGE('',*,*,#1643,.T.);
#1643 = EDGE_CURVE('',#1636,#1618,#1644,.T.);
#1644 = LINE('',#1645,#1646);
#1645 = CARTESIAN_POINT('',(0.790270145251,0.54680580836,0.1));
#1646 = VECTOR('',#1647,1.);
#1647 = DIRECTION('',(1.,1.913297951445E-16,0.));
#1648 = PLANE('',#1649);
#1649 = AXIS2_PLACEMENT_3D('',#1650,#1651,#1652);
#1650 = CARTESIAN_POINT('',(0.,0.,0.1));
#1651 = DIRECTION('',(0.,0.,1.));
#1652 = DIRECTION('',(1.,0.,-0.));
#1653 = ADVANCED_FACE('',(#1654),#1688,.T.);
#1654 = FACE_BOUND('',#1655,.T.);
#1655 = EDGE_LOOP('',(#1656,#1666,#1674,#1682));
#1656 = ORIENTED_EDGE('',*,*,#1657,.F.);
#1657 = EDGE_CURVE('',#1658,#1660,#1662,.T.);
#1658 = VERTEX_POINT('',#1659);
#1659 = CARTESIAN_POINT('',(0.800486596562,-0.65,0.524999999999));
#1660 = VERTEX_POINT('',#1661);
#1661 = CARTESIAN_POINT('',(-0.800486596562,-0.65,0.524999999999));
#1662 = LINE('',#1663,#1664);
#1663 = CARTESIAN_POINT('',(-0.849999999999,-0.65,0.524999999999));
#1664 = VECTOR('',#1665,1.);
#1665 = DIRECTION('',(-1.,0.,0.));
#1666 = ORIENTED_EDGE('',*,*,#1667,.T.);
#1667 = EDGE_CURVE('',#1658,#1668,#1670,.T.);
#1668 = VERTEX_POINT('',#1669);
#1669 = CARTESIAN_POINT('',(0.74680580836,-0.596319211797,0.906958655048
    ));
#1670 = LINE('',#1671,#1672);
#1671 = CARTESIAN_POINT('',(0.726681536652,-0.57619494009,1.050150288642
    ));
#1672 = VECTOR('',#1673,1.);
#1673 = DIRECTION('',(-0.137844537491,0.137844537491,0.980814848464));
#1674 = ORIENTED_EDGE('',*,*,#1675,.T.);
#1675 = EDGE_CURVE('',#1668,#1676,#1678,.T.);
#1676 = VERTEX_POINT('',#1677);
#1677 = CARTESIAN_POINT('',(-0.74680580836,-0.596319211797,
    0.906958655048));
#1678 = LINE('',#1679,#1680);
#1679 = CARTESIAN_POINT('',(0.,-0.596319211797,0.906958655048));
#1680 = VECTOR('',#1681,1.);
#1681 = DIRECTION('',(-1.,0.,0.));
#1682 = ORIENTED_EDGE('',*,*,#1683,.T.);
#1683 = EDGE_CURVE('',#1676,#1660,#1684,.T.);
#1684 = LINE('',#1685,#1686);
#1685 = CARTESIAN_POINT('',(-0.726681536652,-0.57619494009,
    1.050150288642));
#1686 = VECTOR('',#1687,1.);
#1687 = DIRECTION('',(-0.137844537491,-0.137844537491,-0.980814848464));
#1688 = PLANE('',#1689);
#1689 = AXIS2_PLACEMENT_3D('',#1690,#1691,#1692);
#1690 = CARTESIAN_POINT('',(0.,-0.590270145251,0.949999999999));
#1691 = DIRECTION('',(0.,-0.990268068742,0.13917310096));
#1692 = DIRECTION('',(-1.,0.,0.));
#1693 = ADVANCED_FACE('',(#1694),#1760,.T.);
#1694 = FACE_BOUND('',#1695,.T.);
#1695 = EDGE_LOOP('',(#1696,#1706,#1714,#1722,#1730,#1738,#1746,#1754));
#1696 = ORIENTED_EDGE('',*,*,#1697,.F.);
#1697 = EDGE_CURVE('',#1698,#1700,#1702,.T.);
#1698 = VERTEX_POINT('',#1699);
#1699 = CARTESIAN_POINT('',(0.849999999999,0.149999999999,0.524999999999
    ));
#1700 = VERTEX_POINT('',#1701);
#1701 = CARTESIAN_POINT('',(0.842972958264,0.149999999999,0.574999999999
    ));
#1702 = LINE('',#1703,#1704);
#1703 = CARTESIAN_POINT('',(0.790270145251,0.149999999999,0.949999999999
    ));
#1704 = VECTOR('',#1705,1.);
#1705 = DIRECTION('',(-0.13917310096,0.,0.990268068742));
#1706 = ORIENTED_EDGE('',*,*,#1707,.F.);
#1707 = EDGE_CURVE('',#1708,#1698,#1710,.T.);
#1708 = VERTEX_POINT('',#1709);
#1709 = CARTESIAN_POINT('',(0.85,0.600486596562,0.524999999999));
#1710 = LINE('',#1711,#1712);
#1711 = CARTESIAN_POINT('',(0.849999999999,-0.65,0.524999999999));
#1712 = VECTOR('',#1713,1.);
#1713 = DIRECTION('',(-8.340016711426E-17,-1.,0.));
#1714 = ORIENTED_EDGE('',*,*,#1715,.T.);
#1715 = EDGE_CURVE('',#1708,#1716,#1718,.T.);
#1716 = VERTEX_POINT('',#1717);
#1717 = CARTESIAN_POINT('',(0.796319211797,0.54680580836,0.906958655048)
  );
#1718 = LINE('',#1719,#1720);
#1719 = CARTESIAN_POINT('',(0.779995163393,0.530481759956,1.023110294811
    ));
#1720 = VECTOR('',#1721,1.);
#1721 = DIRECTION('',(-0.137844537491,-0.137844537491,0.980814848464));
#1722 = ORIENTED_EDGE('',*,*,#1723,.T.);
#1723 = EDGE_CURVE('',#1716,#1724,#1726,.T.);
#1724 = VERTEX_POINT('',#1725);
#1725 = CARTESIAN_POINT('',(0.796319211797,-0.54680580836,0.906958655048
    ));
#1726 = LINE('',#1727,#1728);
#1727 = CARTESIAN_POINT('',(0.796319211797,-6.641315534023E-17,
    0.906958655048));
#1728 = VECTOR('',#1729,1.);
#1729 = DIRECTION('',(-8.340016711426E-17,-1.,1.584279285591E-33));
#1730 = ORIENTED_EDGE('',*,*,#1731,.T.);
#1731 = EDGE_CURVE('',#1724,#1732,#1734,.T.);
#1732 = VERTEX_POINT('',#1733);
#1733 = CARTESIAN_POINT('',(0.849999999999,-0.600486596562,
    0.524999999999));
#1734 = LINE('',#1735,#1736);
#1735 = CARTESIAN_POINT('',(0.779995163393,-0.530481759956,
    1.023110294811));
#1736 = VECTOR('',#1737,1.);
#1737 = DIRECTION('',(0.137844537491,-0.137844537491,-0.980814848464));
#1738 = ORIENTED_EDGE('',*,*,#1739,.F.);
#1739 = EDGE_CURVE('',#1740,#1732,#1742,.T.);
#1740 = VERTEX_POINT('',#1741);
#1741 = CARTESIAN_POINT('',(0.849999999999,-0.149999999999,
    0.524999999999));
#1742 = LINE('',#1743,#1744);
#1743 = CARTESIAN_POINT('',(0.849999999999,-0.65,0.524999999999));
#1744 = VECTOR('',#1745,1.);
#1745 = DIRECTION('',(-8.340016711426E-17,-1.,0.));
#1746 = ORIENTED_EDGE('',*,*,#1747,.T.);
#1747 = EDGE_CURVE('',#1740,#1748,#1750,.T.);
#1748 = VERTEX_POINT('',#1749);
#1749 = CARTESIAN_POINT('',(0.842972958264,-0.149999999999,
    0.574999999999));
#1750 = LINE('',#1751,#1752);
#1751 = CARTESIAN_POINT('',(0.790270145251,-0.149999999999,
    0.949999999999));
#1752 = VECTOR('',#1753,1.);
#1753 = DIRECTION('',(-0.13917310096,0.,0.990268068742));
#1754 = ORIENTED_EDGE('',*,*,#1755,.T.);
#1755 = EDGE_CURVE('',#1748,#1700,#1756,.T.);
#1756 = LINE('',#1757,#1758);
#1757 = CARTESIAN_POINT('',(0.842972958264,-7.03040855921E-17,
    0.574999999999));
#1758 = VECTOR('',#1759,1.);
#1759 = DIRECTION('',(8.340016711426E-17,1.,-9.731106087045E-33));
#1760 = PLANE('',#1761);
#1761 = AXIS2_PLACEMENT_3D('',#1762,#1763,#1764);
#1762 = CARTESIAN_POINT('',(0.790270145251,-6.590866217939E-17,
    0.949999999999));
#1763 = DIRECTION('',(0.990268068742,-8.258852242102E-17,0.13917310096)
  );
#1764 = DIRECTION('',(-8.340016711431E-17,-1.,-7.666741922617E-30));
#1765 = ADVANCED_FACE('',(#1766),#1832,.T.);
#1766 = FACE_BOUND('',#1767,.T.);
#1767 = EDGE_LOOP('',(#1768,#1778,#1786,#1794,#1802,#1810,#1818,#1826));
#1768 = ORIENTED_EDGE('',*,*,#1769,.F.);
#1769 = EDGE_CURVE('',#1770,#1772,#1774,.T.);
#1770 = VERTEX_POINT('',#1771);
#1771 = CARTESIAN_POINT('',(-0.842972958264,0.149999999999,
    0.574999999999));
#1772 = VERTEX_POINT('',#1773);
#1773 = CARTESIAN_POINT('',(-0.849999999999,0.149999999999,
    0.524999999999));
#1774 = LINE('',#1775,#1776);
#1775 = CARTESIAN_POINT('',(-0.790270145251,0.149999999999,
    0.949999999999));
#1776 = VECTOR('',#1777,1.);
#1777 = DIRECTION('',(-0.13917310096,0.,-0.990268068742));
#1778 = ORIENTED_EDGE('',*,*,#1779,.T.);
#1779 = EDGE_CURVE('',#1770,#1780,#1782,.T.);
#1780 = VERTEX_POINT('',#1781);
#1781 = CARTESIAN_POINT('',(-0.842972958264,-0.149999999999,
    0.574999999999));
#1782 = LINE('',#1783,#1784);
#1783 = CARTESIAN_POINT('',(-0.842972958264,0.,0.574999999999));
#1784 = VECTOR('',#1785,1.);
#1785 = DIRECTION('',(0.,-1.,0.));
#1786 = ORIENTED_EDGE('',*,*,#1787,.T.);
#1787 = EDGE_CURVE('',#1780,#1788,#1790,.T.);
#1788 = VERTEX_POINT('',#1789);
#1789 = CARTESIAN_POINT('',(-0.849999999999,-0.149999999999,
    0.524999999999));
#1790 = LINE('',#1791,#1792);
#1791 = CARTESIAN_POINT('',(-0.790270145251,-0.149999999999,
    0.949999999999));
#1792 = VECTOR('',#1793,1.);
#1793 = DIRECTION('',(-0.13917310096,0.,-0.990268068742));
#1794 = ORIENTED_EDGE('',*,*,#1795,.F.);
#1795 = EDGE_CURVE('',#1796,#1788,#1798,.T.);
#1796 = VERTEX_POINT('',#1797);
#1797 = CARTESIAN_POINT('',(-0.849999999999,-0.600486596562,
    0.524999999999));
#1798 = LINE('',#1799,#1800);
#1799 = CARTESIAN_POINT('',(-0.849999999999,0.65,0.524999999999));
#1800 = VECTOR('',#1801,1.);
#1801 = DIRECTION('',(0.,1.,0.));
#1802 = ORIENTED_EDGE('',*,*,#1803,.T.);
#1803 = EDGE_CURVE('',#1796,#1804,#1806,.T.);
#1804 = VERTEX_POINT('',#1805);
#1805 = CARTESIAN_POINT('',(-0.796319211797,-0.54680580836,
    0.906958655048));
#1806 = LINE('',#1807,#1808);
#1807 = CARTESIAN_POINT('',(-0.779995163393,-0.530481759956,
    1.023110294811));
#1808 = VECTOR('',#1809,1.);
#1809 = DIRECTION('',(0.137844537491,0.137844537491,0.980814848464));
#1810 = ORIENTED_EDGE('',*,*,#1811,.T.);
#1811 = EDGE_CURVE('',#1804,#1812,#1814,.T.);
#1812 = VERTEX_POINT('',#1813);
#1813 = CARTESIAN_POINT('',(-0.796319211797,0.54680580836,0.906958655048
    ));
#1814 = LINE('',#1815,#1816);
#1815 = CARTESIAN_POINT('',(-0.796319211797,0.,0.906958655048));
#1816 = VECTOR('',#1817,1.);
#1817 = DIRECTION('',(0.,1.,0.));
#1818 = ORIENTED_EDGE('',*,*,#1819,.T.);
#1819 = EDGE_CURVE('',#1812,#1820,#1822,.T.);
#1820 = VERTEX_POINT('',#1821);
#1821 = CARTESIAN_POINT('',(-0.849999999999,0.600486596562,
    0.524999999999));
#1822 = LINE('',#1823,#1824);
#1823 = CARTESIAN_POINT('',(-0.779995163393,0.530481759956,
    1.023110294811));
#1824 = VECTOR('',#1825,1.);
#1825 = DIRECTION('',(-0.137844537491,0.137844537491,-0.980814848464));
#1826 = ORIENTED_EDGE('',*,*,#1827,.F.);
#1827 = EDGE_CURVE('',#1772,#1820,#1828,.T.);
#1828 = LINE('',#1829,#1830);
#1829 = CARTESIAN_POINT('',(-0.849999999999,0.65,0.524999999999));
#1830 = VECTOR('',#1831,1.);
#1831 = DIRECTION('',(0.,1.,0.));
#1832 = PLANE('',#1833);
#1833 = AXIS2_PLACEMENT_3D('',#1834,#1835,#1836);
#1834 = CARTESIAN_POINT('',(-0.790270145251,0.,0.949999999999));
#1835 = DIRECTION('',(-0.990268068742,0.,0.13917310096));
#1836 = DIRECTION('',(0.,1.,0.));
#1837 = ADVANCED_FACE('',(#1838),#1863,.F.);
#1838 = FACE_BOUND('',#1839,.T.);
#1839 = EDGE_LOOP('',(#1840,#1850,#1856,#1857));
#1840 = ORIENTED_EDGE('',*,*,#1841,.T.);
#1841 = EDGE_CURVE('',#1842,#1844,#1846,.T.);
#1842 = VERTEX_POINT('',#1843);
#1843 = CARTESIAN_POINT('',(-0.74680580836,-0.596319211797,
    0.143041344951));
#1844 = VERTEX_POINT('',#1845);
#1845 = CARTESIAN_POINT('',(0.74680580836,-0.596319211797,0.143041344951
    ));
#1846 = LINE('',#1847,#1848);
#1847 = CARTESIAN_POINT('',(0.790270145251,-0.596319211797,
    0.143041344951));
#1848 = VECTOR('',#1849,1.);
#1849 = DIRECTION('',(1.,0.,0.));
#1850 = ORIENTED_EDGE('',*,*,#1851,.T.);
#1851 = EDGE_CURVE('',#1844,#1658,#1852,.T.);
#1852 = LINE('',#1853,#1854);
#1853 = CARTESIAN_POINT('',(0.769125508433,-0.61863891187,0.301854263059
    ));
#1854 = VECTOR('',#1855,1.);
#1855 = DIRECTION('',(0.137844537491,-0.137844537491,0.980814848464));
#1856 = ORIENTED_EDGE('',*,*,#1657,.T.);
#1857 = ORIENTED_EDGE('',*,*,#1858,.T.);
#1858 = EDGE_CURVE('',#1660,#1842,#1859,.T.);
#1859 = LINE('',#1860,#1861);
#1860 = CARTESIAN_POINT('',(-0.80142740651,-0.650940809947,
    0.531694210617));
#1861 = VECTOR('',#1862,1.);
#1862 = DIRECTION('',(0.137844537491,0.137844537491,-0.980814848464));
#1863 = PLANE('',#1864);
#1864 = AXIS2_PLACEMENT_3D('',#1865,#1866,#1867);
#1865 = CARTESIAN_POINT('',(-0.849999999999,-0.65,0.525));
#1866 = DIRECTION('',(0.,0.990268068742,0.13917310096));
#1867 = DIRECTION('',(1.,0.,-0.));
#1868 = ADVANCED_FACE('',(#1869),#1917,.F.);
#1869 = FACE_BOUND('',#1870,.T.);
#1870 = EDGE_LOOP('',(#1871,#1879,#1887,#1893,#1894,#1902,#1910,#1916));
#1871 = ORIENTED_EDGE('',*,*,#1872,.F.);
#1872 = EDGE_CURVE('',#1873,#1698,#1875,.T.);
#1873 = VERTEX_POINT('',#1874);
#1874 = CARTESIAN_POINT('',(0.842972958264,0.149999999999,0.474999999999
    ));
#1875 = LINE('',#1876,#1877);
#1876 = CARTESIAN_POINT('',(0.85,0.149999999999,0.525));
#1877 = VECTOR('',#1878,1.);
#1878 = DIRECTION('',(0.13917310096,0.,0.990268068742));
#1879 = ORIENTED_EDGE('',*,*,#1880,.F.);
#1880 = EDGE_CURVE('',#1881,#1873,#1883,.T.);
#1881 = VERTEX_POINT('',#1882);
#1882 = CARTESIAN_POINT('',(0.842972958264,-0.149999999999,
    0.474999999999));
#1883 = LINE('',#1884,#1885);
#1884 = CARTESIAN_POINT('',(0.842972958264,0.65,0.474999999999));
#1885 = VECTOR('',#1886,1.);
#1886 = DIRECTION('',(8.340016711426E-17,1.,-9.731106087045E-33));
#1887 = ORIENTED_EDGE('',*,*,#1888,.T.);
#1888 = EDGE_CURVE('',#1881,#1740,#1889,.T.);
#1889 = LINE('',#1890,#1891);
#1890 = CARTESIAN_POINT('',(0.849999999999,-0.149999999999,0.525));
#1891 = VECTOR('',#1892,1.);
#1892 = DIRECTION('',(0.13917310096,0.,0.990268068742));
#1893 = ORIENTED_EDGE('',*,*,#1739,.T.);
#1894 = ORIENTED_EDGE('',*,*,#1895,.T.);
#1895 = EDGE_CURVE('',#1732,#1896,#1898,.T.);
#1896 = VERTEX_POINT('',#1897);
#1897 = CARTESIAN_POINT('',(0.796319211797,-0.54680580836,0.143041344951
    ));
#1898 = LINE('',#1899,#1900);
#1899 = CARTESIAN_POINT('',(0.826239358476,-0.576725955039,0.35593425072
    ));
#1900 = VECTOR('',#1901,1.);
#1901 = DIRECTION('',(-0.137844537491,0.137844537491,-0.980814848464));
#1902 = ORIENTED_EDGE('',*,*,#1903,.T.);
#1903 = EDGE_CURVE('',#1896,#1904,#1906,.T.);
#1904 = VERTEX_POINT('',#1905);
#1905 = CARTESIAN_POINT('',(0.796319211797,0.54680580836,0.143041344951)
  );
#1906 = LINE('',#1907,#1908);
#1907 = CARTESIAN_POINT('',(0.796319211797,0.590270145251,0.143041344951
    ));
#1908 = VECTOR('',#1909,1.);
#1909 = DIRECTION('',(8.340016711426E-17,1.,1.496197066422E-33));
#1910 = ORIENTED_EDGE('',*,*,#1911,.T.);
#1911 = EDGE_CURVE('',#1904,#1708,#1912,.T.);
#1912 = LINE('',#1913,#1914);
#1913 = CARTESIAN_POINT('',(0.850940809947,0.60142740651,0.531694210617)
  );
#1914 = VECTOR('',#1915,1.);
#1915 = DIRECTION('',(0.137844537491,0.137844537491,0.980814848464));
#1916 = ORIENTED_EDGE('',*,*,#1707,.T.);
#1917 = PLANE('',#1918);
#1918 = AXIS2_PLACEMENT_3D('',#1919,#1920,#1921);
#1919 = CARTESIAN_POINT('',(0.85,0.65,0.525));
#1920 = DIRECTION('',(-0.990268068742,8.258852242102E-17,0.13917310096)
  );
#1921 = DIRECTION('',(8.340016711431E-17,1.,-7.666741922617E-30));
#1922 = ADVANCED_FACE('',(#1923),#1971,.F.);
#1923 = FACE_BOUND('',#1924,.T.);
#1924 = EDGE_LOOP('',(#1925,#1933,#1934,#1942,#1950,#1956,#1957,#1965));
#1925 = ORIENTED_EDGE('',*,*,#1926,.F.);
#1926 = EDGE_CURVE('',#1772,#1927,#1929,.T.);
#1927 = VERTEX_POINT('',#1928);
#1928 = CARTESIAN_POINT('',(-0.842972958264,0.149999999999,
    0.474999999999));
#1929 = LINE('',#1930,#1931);
#1930 = CARTESIAN_POINT('',(-0.849999999999,0.149999999999,0.525));
#1931 = VECTOR('',#1932,1.);
#1932 = DIRECTION('',(0.13917310096,0.,-0.990268068742));
#1933 = ORIENTED_EDGE('',*,*,#1827,.T.);
#1934 = ORIENTED_EDGE('',*,*,#1935,.T.);
#1935 = EDGE_CURVE('',#1820,#1936,#1938,.T.);
#1936 = VERTEX_POINT('',#1937);
#1937 = CARTESIAN_POINT('',(-0.796319211797,0.54680580836,0.143041344951
    ));
#1938 = LINE('',#1939,#1940);
#1939 = CARTESIAN_POINT('',(-0.850940809947,0.60142740651,0.531694210617
    ));
#1940 = VECTOR('',#1941,1.);
#1941 = DIRECTION('',(0.137844537491,-0.137844537491,-0.980814848464));
#1942 = ORIENTED_EDGE('',*,*,#1943,.T.);
#1943 = EDGE_CURVE('',#1936,#1944,#1946,.T.);
#1944 = VERTEX_POINT('',#1945);
#1945 = CARTESIAN_POINT('',(-0.796319211797,-0.54680580836,
    0.143041344951));
#1946 = LINE('',#1947,#1948);
#1947 = CARTESIAN_POINT('',(-0.796319211797,-0.590270145251,
    0.143041344951));
#1948 = VECTOR('',#1949,1.);
#1949 = DIRECTION('',(0.,-1.,0.));
#1950 = ORIENTED_EDGE('',*,*,#1951,.T.);
#1951 = EDGE_CURVE('',#1944,#1796,#1952,.T.);
#1952 = LINE('',#1953,#1954);
#1953 = CARTESIAN_POINT('',(-0.826239358476,-0.576725955039,
    0.35593425072));
#1954 = VECTOR('',#1955,1.);
#1955 = DIRECTION('',(-0.137844537491,-0.137844537491,0.980814848464));
#1956 = ORIENTED_EDGE('',*,*,#1795,.T.);
#1957 = ORIENTED_EDGE('',*,*,#1958,.T.);
#1958 = EDGE_CURVE('',#1788,#1959,#1961,.T.);
#1959 = VERTEX_POINT('',#1960);
#1960 = CARTESIAN_POINT('',(-0.842972958264,-0.149999999999,
    0.474999999999));
#1961 = LINE('',#1962,#1963);
#1962 = CARTESIAN_POINT('',(-0.849999999999,-0.149999999999,0.525));
#1963 = VECTOR('',#1964,1.);
#1964 = DIRECTION('',(0.13917310096,0.,-0.990268068742));
#1965 = ORIENTED_EDGE('',*,*,#1966,.F.);
#1966 = EDGE_CURVE('',#1927,#1959,#1967,.T.);
#1967 = LINE('',#1968,#1969);
#1968 = CARTESIAN_POINT('',(-0.842972958264,0.65,0.474999999999));
#1969 = VECTOR('',#1970,1.);
#1970 = DIRECTION('',(0.,-1.,0.));
#1971 = PLANE('',#1972);
#1972 = AXIS2_PLACEMENT_3D('',#1973,#1974,#1975);
#1973 = CARTESIAN_POINT('',(-0.849999999999,0.65,0.525));
#1974 = DIRECTION('',(0.990268068742,0.,0.13917310096));
#1975 = DIRECTION('',(0.,-1.,0.));
#1976 = ADVANCED_FACE('',(#1977),#2002,.F.);
#1977 = FACE_BOUND('',#1978,.T.);
#1978 = EDGE_LOOP('',(#1979,#1980,#1988,#1996));
#1979 = ORIENTED_EDGE('',*,*,#703,.T.);
#1980 = ORIENTED_EDGE('',*,*,#1981,.T.);
#1981 = EDGE_CURVE('',#706,#1982,#1984,.T.);
#1982 = VERTEX_POINT('',#1983);
#1983 = CARTESIAN_POINT('',(0.74680580836,0.596319211797,0.143041344951)
  );
#1984 = LINE('',#1985,#1986);
#1985 = CARTESIAN_POINT('',(0.769125508433,0.61863891187,0.301854263059)
  );
#1986 = VECTOR('',#1987,1.);
#1987 = DIRECTION('',(-0.137844537491,-0.137844537491,-0.980814848464));
#1988 = ORIENTED_EDGE('',*,*,#1989,.T.);
#1989 = EDGE_CURVE('',#1982,#1990,#1992,.T.);
#1990 = VERTEX_POINT('',#1991);
#1991 = CARTESIAN_POINT('',(-0.74680580836,0.596319211797,0.143041344951
    ));
#1992 = LINE('',#1993,#1994);
#1993 = CARTESIAN_POINT('',(-0.790270145251,0.596319211797,
    0.143041344951));
#1994 = VECTOR('',#1995,1.);
#1995 = DIRECTION('',(-1.,-1.913297951445E-16,4.384876923353E-34));
#1996 = ORIENTED_EDGE('',*,*,#1997,.T.);
#1997 = EDGE_CURVE('',#1990,#704,#1998,.T.);
#1998 = LINE('',#1999,#2000);
#1999 = CARTESIAN_POINT('',(-0.80142740651,0.650940809947,0.531694210617
    ));
#2000 = VECTOR('',#2001,1.);
#2001 = DIRECTION('',(-0.137844537491,0.137844537491,0.980814848464));
#2002 = PLANE('',#2003);
#2003 = AXIS2_PLACEMENT_3D('',#2004,#2005,#2006);
#2004 = CARTESIAN_POINT('',(-0.849999999999,0.65,0.525));
#2005 = DIRECTION('',(1.894677867305E-16,-0.990268068742,0.13917310096)
  );
#2006 = DIRECTION('',(-1.,-1.913297951445E-16,6.240013019815E-30));
#2007 = ADVANCED_FACE('',(#2008),#2051,.T.);
#2008 = FACE_BOUND('',#2009,.T.);
#2009 = EDGE_LOOP('',(#2010,#2019,#2027,#2034,#2035,#2042,#2043,#2050));
#2010 = ORIENTED_EDGE('',*,*,#2011,.F.);
#2011 = EDGE_CURVE('',#2012,#1538,#2014,.T.);
#2012 = VERTEX_POINT('',#2013);
#2013 = CARTESIAN_POINT('',(-0.652968065905,0.549966504486,0.9499));
#2014 = CIRCLE('',#2015,5.E-02);
#2015 = AXIS2_PLACEMENT_3D('',#2016,#2017,#2018);
#2016 = CARTESIAN_POINT('',(-0.652968065905,0.54680580836,0.9));
#2017 = DIRECTION('',(1.,0.,0.));
#2018 = DIRECTION('',(-0.,2.385244779468E-14,1.));
#2019 = ORIENTED_EDGE('',*,*,#2020,.T.);
#2020 = EDGE_CURVE('',#2012,#2021,#2023,.T.);
#2021 = VERTEX_POINT('',#2022);
#2022 = CARTESIAN_POINT('',(-0.559255056446,0.549966504486,0.9499));
#2023 = LINE('',#2024,#2025);
#2024 = CARTESIAN_POINT('',(-1.052249786397E-16,0.549966504486,0.9499));
#2025 = VECTOR('',#2026,1.);
#2026 = DIRECTION('',(1.,1.913297951445E-16,0.));
#2027 = ORIENTED_EDGE('',*,*,#2028,.F.);
#2028 = EDGE_CURVE('',#1580,#2021,#2029,.T.);
#2029 = CIRCLE('',#2030,5.E-02);
#2030 = AXIS2_PLACEMENT_3D('',#2031,#2032,#2033);
#2031 = CARTESIAN_POINT('',(-0.559255056446,0.54680580836,0.9));
#2032 = DIRECTION('',(-1.,0.,0.));
#2033 = DIRECTION('',(0.,0.,-1.));
#2034 = ORIENTED_EDGE('',*,*,#1603,.F.);
#2035 = ORIENTED_EDGE('',*,*,#2036,.F.);
#2036 = EDGE_CURVE('',#722,#1596,#2037,.T.);
#2037 = CIRCLE('',#2038,5.E-02);
#2038 = AXIS2_PLACEMENT_3D('',#2039,#2040,#2041);
#2039 = CARTESIAN_POINT('',(0.74680580836,0.54680580836,0.9));
#2040 = DIRECTION('',(1.,3.047493566145E-16,-2.168404344971E-15));
#2041 = DIRECTION('',(-2.168404344971E-15,0.,-1.));
#2042 = ORIENTED_EDGE('',*,*,#721,.F.);
#2043 = ORIENTED_EDGE('',*,*,#2044,.F.);
#2044 = EDGE_CURVE('',#1548,#714,#2045,.T.);
#2045 = CIRCLE('',#2046,5.E-02);
#2046 = AXIS2_PLACEMENT_3D('',#2047,#2048,#2049);
#2047 = CARTESIAN_POINT('',(-0.74680580836,0.54680580836,0.9));
#2048 = DIRECTION('',(-1.,0.,0.));
#2049 = DIRECTION('',(0.,0.,1.));
#2050 = ORIENTED_EDGE('',*,*,#1547,.F.);
#2051 = CYLINDRICAL_SURFACE('',#2052,5.E-02);
#2052 = AXIS2_PLACEMENT_3D('',#2053,#2054,#2055);
#2053 = CARTESIAN_POINT('',(-1.046202432974E-16,0.54680580836,0.9));
#2054 = DIRECTION('',(-1.,-1.913297951445E-16,0.));
#2055 = DIRECTION('',(1.913297951445E-16,-1.,0.));
#2056 = ADVANCED_FACE('',(#2057),#2074,.T.);
#2057 = FACE_BOUND('',#2058,.T.);
#2058 = EDGE_LOOP('',(#2059,#2066,#2067));
#2059 = ORIENTED_EDGE('',*,*,#2060,.F.);
#2060 = EDGE_CURVE('',#722,#1716,#2061,.T.);
#2061 = CIRCLE('',#2062,4.9999999999E-02);
#2062 = AXIS2_PLACEMENT_3D('',#2063,#2064,#2065);
#2063 = CARTESIAN_POINT('',(0.74680580836,0.54680580836,0.9));
#2064 = DIRECTION('',(0.137844537491,0.137844537491,-0.980814848464));
#2065 = DIRECTION('',(-6.8816480292E-14,-0.990268068742,-0.13917310096)
  );
#2066 = ORIENTED_EDGE('',*,*,#2036,.T.);
#2067 = ORIENTED_EDGE('',*,*,#2068,.F.);
#2068 = EDGE_CURVE('',#1716,#1596,#2069,.T.);
#2069 = CIRCLE('',#2070,5.E-02);
#2070 = AXIS2_PLACEMENT_3D('',#2071,#2072,#2073);
#2071 = CARTESIAN_POINT('',(0.74680580836,0.54680580836,0.9));
#2072 = DIRECTION('',(-2.18971449592E-15,-1.,0.));
#2073 = DIRECTION('',(-1.,2.18971449592E-15,0.));
#2074 = SPHERICAL_SURFACE('',#2075,5.E-02);
#2075 = AXIS2_PLACEMENT_3D('',#2076,#2077,#2078);
#2076 = CARTESIAN_POINT('',(0.74680580836,0.54680580836,0.9));
#2077 = DIRECTION('',(1.,0.,0.));
#2078 = DIRECTION('',(0.,-1.,2.168404344971E-15));
#2079 = ADVANCED_FACE('',(#2080),#2097,.T.);
#2080 = FACE_BOUND('',#2081,.T.);
#2081 = EDGE_LOOP('',(#2082,#2089,#2090));
#2082 = ORIENTED_EDGE('',*,*,#2083,.F.);
#2083 = EDGE_CURVE('',#1548,#1812,#2084,.T.);
#2084 = CIRCLE('',#2085,5.E-02);
#2085 = AXIS2_PLACEMENT_3D('',#2086,#2087,#2088);
#2086 = CARTESIAN_POINT('',(-0.74680580836,0.54680580836,0.9));
#2087 = DIRECTION('',(3.047493566145E-16,-1.,2.168404344971E-15));
#2088 = DIRECTION('',(-2.168404344971E-15,2.168404344971E-15,1.));
#2089 = ORIENTED_EDGE('',*,*,#2044,.T.);
#2090 = ORIENTED_EDGE('',*,*,#2091,.F.);
#2091 = EDGE_CURVE('',#1812,#714,#2092,.T.);
#2092 = CIRCLE('',#2093,4.9999999999E-02);
#2093 = AXIS2_PLACEMENT_3D('',#2094,#2095,#2096);
#2094 = CARTESIAN_POINT('',(-0.74680580836,0.54680580836,0.9));
#2095 = DIRECTION('',(-0.137844537491,0.137844537491,-0.980814848464));
#2096 = DIRECTION('',(0.990268068742,-6.8816480292E-14,-0.13917310096));
#2097 = SPHERICAL_SURFACE('',#2098,5.E-02);
#2098 = AXIS2_PLACEMENT_3D('',#2099,#2100,#2101);
#2099 = CARTESIAN_POINT('',(-0.74680580836,0.54680580836,0.9));
#2100 = DIRECTION('',(4.701977403289E-30,1.,-2.168404344971E-15));
#2101 = DIRECTION('',(1.,1.12103877146E-43,2.168404344971E-15));
#2102 = ADVANCED_FACE('',(#2103),#2115,.T.);
#2103 = FACE_BOUND('',#2104,.T.);
#2104 = EDGE_LOOP('',(#2105,#2106,#2107,#2114));
#2105 = ORIENTED_EDGE('',*,*,#2068,.T.);
#2106 = ORIENTED_EDGE('',*,*,#1595,.F.);
#2107 = ORIENTED_EDGE('',*,*,#2108,.F.);
#2108 = EDGE_CURVE('',#1724,#1588,#2109,.T.);
#2109 = CIRCLE('',#2110,5.E-02);
#2110 = AXIS2_PLACEMENT_3D('',#2111,#2112,#2113);
#2111 = CARTESIAN_POINT('',(0.74680580836,-0.54680580836,0.9));
#2112 = DIRECTION('',(0.,-1.,0.));
#2113 = DIRECTION('',(0.,0.,-1.));
#2114 = ORIENTED_EDGE('',*,*,#1723,.F.);
#2115 = CYLINDRICAL_SURFACE('',#2116,5.E-02);
#2116 = AXIS2_PLACEMENT_3D('',#2117,#2118,#2119);
#2117 = CARTESIAN_POINT('',(0.74680580836,-6.228372921918E-17,0.9));
#2118 = DIRECTION('',(8.340016711426E-17,1.,0.));
#2119 = DIRECTION('',(-1.,8.340016711426E-17,0.));
#2120 = ADVANCED_FACE('',(#2121),#2133,.T.);
#2121 = FACE_BOUND('',#2122,.T.);
#2122 = EDGE_LOOP('',(#2123,#2124,#2125,#2132));
#2123 = ORIENTED_EDGE('',*,*,#2060,.T.);
#2124 = ORIENTED_EDGE('',*,*,#1715,.F.);
#2125 = ORIENTED_EDGE('',*,*,#2126,.F.);
#2126 = EDGE_CURVE('',#706,#1708,#2127,.T.);
#2127 = ( BOUNDED_CURVE() B_SPLINE_CURVE(3,(#2128,#2129,#2130,#2131),
.UNSPECIFIED.,.F.,.F.) B_SPLINE_CURVE_WITH_KNOTS((4,4),(5.50747232545,
7.058898288908),.PIECEWISE_BEZIER_KNOTS.) CURVE() 
GEOMETRIC_REPRESENTATION_ITEM() RATIONAL_B_SPLINE_CURVE((1.,
0.809281311823,0.809281311823,1.)) REPRESENTATION_ITEM('') );
#2128 = CARTESIAN_POINT('',(0.800486596562,0.65,0.524999999999));
#2129 = CARTESIAN_POINT('',(0.829606018857,0.649999999999,0.524999999999
    ));
#2130 = CARTESIAN_POINT('',(0.849999999999,0.629606018857,0.524999999999
    ));
#2131 = CARTESIAN_POINT('',(0.85,0.600486596562,0.524999999999));
#2132 = ORIENTED_EDGE('',*,*,#729,.F.);
#2133 = CYLINDRICAL_SURFACE('',#2134,4.9999999999E-02);
#2134 = AXIS2_PLACEMENT_3D('',#2135,#2136,#2137);
#2135 = CARTESIAN_POINT('',(0.726681536652,0.526681536652,1.043191633594
    ));
#2136 = DIRECTION('',(0.137844537491,0.137844537491,-0.980814848464));
#2137 = DIRECTION('',(6.8816480292E-14,0.990268068742,0.13917310096));
#2138 = ADVANCED_FACE('',(#2139),#2151,.T.);
#2139 = FACE_BOUND('',#2140,.T.);
#2140 = EDGE_LOOP('',(#2141,#2142,#2143,#2150));
#2141 = ORIENTED_EDGE('',*,*,#2091,.T.);
#2142 = ORIENTED_EDGE('',*,*,#713,.F.);
#2143 = ORIENTED_EDGE('',*,*,#2144,.F.);
#2144 = EDGE_CURVE('',#1820,#704,#2145,.T.);
#2145 = ( BOUNDED_CURVE() B_SPLINE_CURVE(3,(#2146,#2147,#2148,#2149),
.UNSPECIFIED.,.F.,.F.) B_SPLINE_CURVE_WITH_KNOTS((4,4),(2.36587967186,
3.917305635318),.PIECEWISE_BEZIER_KNOTS.) CURVE() 
GEOMETRIC_REPRESENTATION_ITEM() RATIONAL_B_SPLINE_CURVE((1.,
0.809281311823,0.809281311823,1.)) REPRESENTATION_ITEM('') );
#2146 = CARTESIAN_POINT('',(-0.849999999999,0.600486596562,
    0.524999999999));
#2147 = CARTESIAN_POINT('',(-0.849999999999,0.629606018857,
    0.524999999999));
#2148 = CARTESIAN_POINT('',(-0.829606018857,0.649999999999,
    0.524999999999));
#2149 = CARTESIAN_POINT('',(-0.800486596562,0.65,0.524999999999));
#2150 = ORIENTED_EDGE('',*,*,#1819,.F.);
#2151 = CYLINDRICAL_SURFACE('',#2152,5.E-02);
#2152 = AXIS2_PLACEMENT_3D('',#2153,#2154,#2155);
#2153 = CARTESIAN_POINT('',(-0.726681536652,0.526681536652,
    1.043191633594));
#2154 = DIRECTION('',(0.137844537491,-0.137844537491,0.980814848464));
#2155 = DIRECTION('',(6.8816480292E-14,-0.990268068742,-0.13917310096));
#2156 = ADVANCED_FACE('',(#2157),#2169,.T.);
#2157 = FACE_BOUND('',#2158,.T.);
#2158 = EDGE_LOOP('',(#2159,#2160,#2161,#2168));
#2159 = ORIENTED_EDGE('',*,*,#2083,.T.);
#2160 = ORIENTED_EDGE('',*,*,#1811,.F.);
#2161 = ORIENTED_EDGE('',*,*,#2162,.F.);
#2162 = EDGE_CURVE('',#1556,#1804,#2163,.T.);
#2163 = CIRCLE('',#2164,5.E-02);
#2164 = AXIS2_PLACEMENT_3D('',#2165,#2166,#2167);
#2165 = CARTESIAN_POINT('',(-0.74680580836,-0.54680580836,0.9));
#2166 = DIRECTION('',(0.,-1.,0.));
#2167 = DIRECTION('',(0.,0.,-1.));
#2168 = ORIENTED_EDGE('',*,*,#1555,.F.);
#2169 = CYLINDRICAL_SURFACE('',#2170,5.E-02);
#2170 = AXIS2_PLACEMENT_3D('',#2171,#2172,#2173);
#2171 = CARTESIAN_POINT('',(-0.74680580836,0.,0.9));
#2172 = DIRECTION('',(0.,-1.,0.));
#2173 = DIRECTION('',(0.,0.,-1.));
#2174 = ADVANCED_FACE('',(#2175),#2218,.T.);
#2175 = FACE_BOUND('',#2176,.T.);
#2176 = EDGE_LOOP('',(#2177,#2186,#2187,#2194,#2195,#2202,#2203,#2212));
#2177 = ORIENTED_EDGE('',*,*,#2178,.F.);
#2178 = EDGE_CURVE('',#1540,#2179,#2181,.T.);
#2179 = VERTEX_POINT('',#2180);
#2180 = CARTESIAN_POINT('',(-0.652968065905,-0.549966504486,0.9499));
#2181 = CIRCLE('',#2182,5.E-02);
#2182 = AXIS2_PLACEMENT_3D('',#2183,#2184,#2185);
#2183 = CARTESIAN_POINT('',(-0.652968065905,-0.54680580836,0.9));
#2184 = DIRECTION('',(1.,0.,-0.));
#2185 = DIRECTION('',(0.,0.,1.));
#2186 = ORIENTED_EDGE('',*,*,#1563,.F.);
#2187 = ORIENTED_EDGE('',*,*,#2188,.F.);
#2188 = EDGE_CURVE('',#1676,#1556,#2189,.T.);
#2189 = CIRCLE('',#2190,5.E-02);
#2190 = AXIS2_PLACEMENT_3D('',#2191,#2192,#2193);
#2191 = CARTESIAN_POINT('',(-0.74680580836,-0.54680580836,0.9));
#2192 = DIRECTION('',(-1.,0.,0.));
#2193 = DIRECTION('',(0.,0.,1.));
#2194 = ORIENTED_EDGE('',*,*,#1675,.F.);
#2195 = ORIENTED_EDGE('',*,*,#2196,.F.);
#2196 = EDGE_CURVE('',#1588,#1668,#2197,.T.);
#2197 = CIRCLE('',#2198,5.E-02);
#2198 = AXIS2_PLACEMENT_3D('',#2199,#2200,#2201);
#2199 = CARTESIAN_POINT('',(0.74680580836,-0.54680580836,0.9));
#2200 = DIRECTION('',(1.,0.,0.));
#2201 = DIRECTION('',(0.,0.,-1.));
#2202 = ORIENTED_EDGE('',*,*,#1587,.F.);
#2203 = ORIENTED_EDGE('',*,*,#2204,.F.);
#2204 = EDGE_CURVE('',#2205,#1578,#2207,.T.);
#2205 = VERTEX_POINT('',#2206);
#2206 = CARTESIAN_POINT('',(-0.559255056446,-0.549966504486,0.9499));
#2207 = CIRCLE('',#2208,5.E-02);
#2208 = AXIS2_PLACEMENT_3D('',#2209,#2210,#2211);
#2209 = CARTESIAN_POINT('',(-0.559255056446,-0.54680580836,0.9));
#2210 = DIRECTION('',(-1.,0.,0.));
#2211 = DIRECTION('',(0.,0.,-1.));
#2212 = ORIENTED_EDGE('',*,*,#2213,.T.);
#2213 = EDGE_CURVE('',#2205,#2179,#2214,.T.);
#2214 = LINE('',#2215,#2216);
#2215 = CARTESIAN_POINT('',(0.,-0.549966504486,0.9499));
#2216 = VECTOR('',#2217,1.);
#2217 = DIRECTION('',(-1.,0.,0.));
#2218 = CYLINDRICAL_SURFACE('',#2219,5.E-02);
#2219 = AXIS2_PLACEMENT_3D('',#2220,#2221,#2222);
#2220 = CARTESIAN_POINT('',(0.,-0.54680580836,0.9));
#2221 = DIRECTION('',(1.,0.,0.));
#2222 = DIRECTION('',(0.,0.,-1.));
#2223 = ADVANCED_FACE('',(#2224),#2235,.T.);
#2224 = FACE_BOUND('',#2225,.T.);
#2225 = EDGE_LOOP('',(#2226,#2227,#2228));
#2226 = ORIENTED_EDGE('',*,*,#2108,.T.);
#2227 = ORIENTED_EDGE('',*,*,#2196,.T.);
#2228 = ORIENTED_EDGE('',*,*,#2229,.F.);
#2229 = EDGE_CURVE('',#1724,#1668,#2230,.T.);
#2230 = CIRCLE('',#2231,4.9999999999E-02);
#2231 = AXIS2_PLACEMENT_3D('',#2232,#2233,#2234);
#2232 = CARTESIAN_POINT('',(0.74680580836,-0.54680580836,0.9));
#2233 = DIRECTION('',(0.137844537491,-0.137844537491,-0.980814848464));
#2234 = DIRECTION('',(6.668277041655E-14,-0.990268068742,0.13917310096)
  );
#2235 = SPHERICAL_SURFACE('',#2236,5.E-02);
#2236 = AXIS2_PLACEMENT_3D('',#2237,#2238,#2239);
#2237 = CARTESIAN_POINT('',(0.74680580836,-0.54680580836,0.9));
#2238 = DIRECTION('',(1.,0.,0.));
#2239 = DIRECTION('',(0.,-1.,-2.168404344971E-15));
#2240 = ADVANCED_FACE('',(#2241),#2253,.T.);
#2241 = FACE_BOUND('',#2242,.T.);
#2242 = EDGE_LOOP('',(#2243,#2244,#2245,#2252));
#2243 = ORIENTED_EDGE('',*,*,#2126,.T.);
#2244 = ORIENTED_EDGE('',*,*,#1911,.F.);
#2245 = ORIENTED_EDGE('',*,*,#2246,.F.);
#2246 = EDGE_CURVE('',#1982,#1904,#2247,.T.);
#2247 = CIRCLE('',#2248,4.9999999999E-02);
#2248 = AXIS2_PLACEMENT_3D('',#2249,#2250,#2251);
#2249 = CARTESIAN_POINT('',(0.74680580836,0.54680580836,0.15));
#2250 = DIRECTION('',(-0.137844537491,-0.137844537491,-0.980814848464));
#2251 = DIRECTION('',(-0.990268068742,-6.8816480292E-14,0.13917310096));
#2252 = ORIENTED_EDGE('',*,*,#1981,.F.);
#2253 = CYLINDRICAL_SURFACE('',#2254,4.9999999999E-02);
#2254 = AXIS2_PLACEMENT_3D('',#2255,#2256,#2257);
#2255 = CARTESIAN_POINT('',(0.769125508433,0.569125508433,0.308812918107
    ));
#2256 = DIRECTION('',(-0.137844537491,-0.137844537491,-0.980814848464));
#2257 = DIRECTION('',(6.8816480292E-14,0.990268068742,-0.13917310096));
#2258 = ADVANCED_FACE('',(#2259),#2277,.T.);
#2259 = FACE_BOUND('',#2260,.T.);
#2260 = EDGE_LOOP('',(#2261,#2268,#2269,#2276));
#2261 = ORIENTED_EDGE('',*,*,#2262,.F.);
#2262 = EDGE_CURVE('',#1990,#1636,#2263,.T.);
#2263 = CIRCLE('',#2264,4.9999999999E-02);
#2264 = AXIS2_PLACEMENT_3D('',#2265,#2266,#2267);
#2265 = CARTESIAN_POINT('',(-0.74680580836,0.54680580836,0.15));
#2266 = DIRECTION('',(-1.,-3.047493566145E-16,-2.168404344971E-15));
#2267 = DIRECTION('',(-2.168404344971E-15,0.,1.));
#2268 = ORIENTED_EDGE('',*,*,#1989,.F.);
#2269 = ORIENTED_EDGE('',*,*,#2270,.F.);
#2270 = EDGE_CURVE('',#1618,#1982,#2271,.T.);
#2271 = CIRCLE('',#2272,4.9999999999E-02);
#2272 = AXIS2_PLACEMENT_3D('',#2273,#2274,#2275);
#2273 = CARTESIAN_POINT('',(0.74680580836,0.54680580836,0.15));
#2274 = DIRECTION('',(1.,0.,0.));
#2275 = DIRECTION('',(0.,0.,-1.));
#2276 = ORIENTED_EDGE('',*,*,#1643,.F.);
#2277 = CYLINDRICAL_SURFACE('',#2278,5.E-02);
#2278 = AXIS2_PLACEMENT_3D('',#2279,#2280,#2281);
#2279 = CARTESIAN_POINT('',(-1.046202432974E-16,0.54680580836,0.15));
#2280 = DIRECTION('',(1.,1.913297951445E-16,0.));
#2281 = DIRECTION('',(-1.913297951445E-16,1.,0.));
#2282 = ADVANCED_FACE('',(#2283),#2295,.T.);
#2283 = FACE_BOUND('',#2284,.T.);
#2284 = EDGE_LOOP('',(#2285,#2286,#2287,#2294));
#2285 = ORIENTED_EDGE('',*,*,#2144,.T.);
#2286 = ORIENTED_EDGE('',*,*,#1997,.F.);
#2287 = ORIENTED_EDGE('',*,*,#2288,.F.);
#2288 = EDGE_CURVE('',#1936,#1990,#2289,.T.);
#2289 = CIRCLE('',#2290,4.9999999999E-02);
#2290 = AXIS2_PLACEMENT_3D('',#2291,#2292,#2293);
#2291 = CARTESIAN_POINT('',(-0.74680580836,0.54680580836,0.15));
#2292 = DIRECTION('',(0.137844537491,-0.137844537491,-0.980814848464));
#2293 = DIRECTION('',(-0.990268068742,6.8816480292E-14,-0.13917310096));
#2294 = ORIENTED_EDGE('',*,*,#1935,.F.);
#2295 = CYLINDRICAL_SURFACE('',#2296,4.9999999999E-02);
#2296 = AXIS2_PLACEMENT_3D('',#2297,#2298,#2299);
#2297 = CARTESIAN_POINT('',(-0.80142740651,0.60142740651,0.538652865665)
  );
#2298 = DIRECTION('',(-0.137844537491,0.137844537491,0.980814848464));
#2299 = DIRECTION('',(6.8816480292E-14,-0.990268068742,0.13917310096));
#2300 = ADVANCED_FACE('',(#2301),#2312,.T.);
#2301 = FACE_BOUND('',#2302,.T.);
#2302 = EDGE_LOOP('',(#2303,#2304,#2305));
#2303 = ORIENTED_EDGE('',*,*,#2188,.T.);
#2304 = ORIENTED_EDGE('',*,*,#2162,.T.);
#2305 = ORIENTED_EDGE('',*,*,#2306,.F.);
#2306 = EDGE_CURVE('',#1676,#1804,#2307,.T.);
#2307 = CIRCLE('',#2308,4.9999999999E-02);
#2308 = AXIS2_PLACEMENT_3D('',#2309,#2310,#2311);
#2309 = CARTESIAN_POINT('',(-0.74680580836,-0.54680580836,0.9));
#2310 = DIRECTION('',(-0.137844537491,-0.137844537491,-0.980814848464));
#2311 = DIRECTION('',(0.990268068742,6.8816480292E-14,-0.13917310096));
#2312 = SPHERICAL_SURFACE('',#2313,5.E-02);
#2313 = AXIS2_PLACEMENT_3D('',#2314,#2315,#2316);
#2314 = CARTESIAN_POINT('',(-0.74680580836,-0.54680580836,0.9));
#2315 = DIRECTION('',(-4.701977403289E-30,1.,2.168404344971E-15));
#2316 = DIRECTION('',(1.,-1.12103877146E-43,2.168404344971E-15));
#2317 = ADVANCED_FACE('',(#2318),#2330,.T.);
#2318 = FACE_BOUND('',#2319,.T.);
#2319 = EDGE_LOOP('',(#2320,#2321,#2322,#2329));
#2320 = ORIENTED_EDGE('',*,*,#2229,.T.);
#2321 = ORIENTED_EDGE('',*,*,#1667,.F.);
#2322 = ORIENTED_EDGE('',*,*,#2323,.F.);
#2323 = EDGE_CURVE('',#1732,#1658,#2324,.T.);
#2324 = ( BOUNDED_CURVE() B_SPLINE_CURVE(3,(#2325,#2326,#2327,#2328),
.UNSPECIFIED.,.F.,.F.) B_SPLINE_CURVE_WITH_KNOTS((4,4),(5.50747232545,
7.058898288908),.PIECEWISE_BEZIER_KNOTS.) CURVE() 
GEOMETRIC_REPRESENTATION_ITEM() RATIONAL_B_SPLINE_CURVE((1.,
0.809281311823,0.809281311823,1.)) REPRESENTATION_ITEM('') );
#2325 = CARTESIAN_POINT('',(0.849999999999,-0.600486596562,
    0.524999999999));
#2326 = CARTESIAN_POINT('',(0.849999999999,-0.629606018857,0.525));
#2327 = CARTESIAN_POINT('',(0.829606018857,-0.649999999999,0.525));
#2328 = CARTESIAN_POINT('',(0.800486596562,-0.65,0.524999999999));
#2329 = ORIENTED_EDGE('',*,*,#1731,.F.);
#2330 = CYLINDRICAL_SURFACE('',#2331,4.9999999999E-02);
#2331 = AXIS2_PLACEMENT_3D('',#2332,#2333,#2334);
#2332 = CARTESIAN_POINT('',(0.730481759956,-0.530481759956,
    1.016151639763));
#2333 = DIRECTION('',(0.137844537491,-0.137844537491,-0.980814848464));
#2334 = DIRECTION('',(-0.990268068742,6.8816480292E-14,-0.13917310096));
#2335 = ADVANCED_FACE('',(#2336),#2347,.T.);
#2336 = FACE_BOUND('',#2337,.T.);
#2337 = EDGE_LOOP('',(#2338,#2339,#2340));
#2338 = ORIENTED_EDGE('',*,*,#2270,.T.);
#2339 = ORIENTED_EDGE('',*,*,#2246,.T.);
#2340 = ORIENTED_EDGE('',*,*,#2341,.F.);
#2341 = EDGE_CURVE('',#1618,#1904,#2342,.T.);
#2342 = CIRCLE('',#2343,4.9999999999E-02);
#2343 = AXIS2_PLACEMENT_3D('',#2344,#2345,#2346);
#2344 = CARTESIAN_POINT('',(0.74680580836,0.54680580836,0.15));
#2345 = DIRECTION('',(0.,-1.,0.));
#2346 = DIRECTION('',(0.,0.,1.));
#2347 = SPHERICAL_SURFACE('',#2348,5.E-02);
#2348 = AXIS2_PLACEMENT_3D('',#2349,#2350,#2351);
#2349 = CARTESIAN_POINT('',(0.74680580836,0.54680580836,0.15));
#2350 = DIRECTION('',(0.,1.,0.));
#2351 = DIRECTION('',(-1.,0.,-4.336808689942E-15));
#2352 = ADVANCED_FACE('',(#2353),#2364,.T.);
#2353 = FACE_BOUND('',#2354,.T.);
#2354 = EDGE_LOOP('',(#2355,#2356,#2357));
#2355 = ORIENTED_EDGE('',*,*,#2288,.T.);
#2356 = ORIENTED_EDGE('',*,*,#2262,.T.);
#2357 = ORIENTED_EDGE('',*,*,#2358,.F.);
#2358 = EDGE_CURVE('',#1936,#1636,#2359,.T.);
#2359 = CIRCLE('',#2360,5.E-02);
#2360 = AXIS2_PLACEMENT_3D('',#2361,#2362,#2363);
#2361 = CARTESIAN_POINT('',(-0.74680580836,0.54680580836,0.15));
#2362 = DIRECTION('',(-2.18971449592E-15,-1.,0.));
#2363 = DIRECTION('',(-1.,2.18971449592E-15,0.));
#2364 = SPHERICAL_SURFACE('',#2365,5.E-02);
#2365 = AXIS2_PLACEMENT_3D('',#2366,#2367,#2368);
#2366 = CARTESIAN_POINT('',(-0.74680580836,0.54680580836,0.15));
#2367 = DIRECTION('',(0.,1.,0.));
#2368 = DIRECTION('',(-1.,0.,0.));
#2369 = ADVANCED_FACE('',(#2370),#2382,.T.);
#2370 = FACE_BOUND('',#2371,.T.);
#2371 = EDGE_LOOP('',(#2372,#2373,#2374,#2381));
#2372 = ORIENTED_EDGE('',*,*,#2306,.T.);
#2373 = ORIENTED_EDGE('',*,*,#1803,.F.);
#2374 = ORIENTED_EDGE('',*,*,#2375,.F.);
#2375 = EDGE_CURVE('',#1660,#1796,#2376,.T.);
#2376 = ( BOUNDED_CURVE() B_SPLINE_CURVE(3,(#2377,#2378,#2379,#2380),
.UNSPECIFIED.,.F.,.F.) B_SPLINE_CURVE_WITH_KNOTS((4,4),(2.36587967186,
3.917305635318),.PIECEWISE_BEZIER_KNOTS.) CURVE() 
GEOMETRIC_REPRESENTATION_ITEM() RATIONAL_B_SPLINE_CURVE((1.,
0.809281311823,0.809281311823,1.)) REPRESENTATION_ITEM('') );
#2377 = CARTESIAN_POINT('',(-0.800486596562,-0.65,0.524999999999));
#2378 = CARTESIAN_POINT('',(-0.829606018857,-0.649999999999,0.525));
#2379 = CARTESIAN_POINT('',(-0.849999999999,-0.629606018857,0.525));
#2380 = CARTESIAN_POINT('',(-0.849999999999,-0.600486596562,
    0.524999999999));
#2381 = ORIENTED_EDGE('',*,*,#1683,.F.);
#2382 = CYLINDRICAL_SURFACE('',#2383,4.9999999999E-02);
#2383 = AXIS2_PLACEMENT_3D('',#2384,#2385,#2386);
#2384 = CARTESIAN_POINT('',(-0.730481759956,-0.530481759956,
    1.016151639763));
#2385 = DIRECTION('',(0.137844537491,0.137844537491,0.980814848464));
#2386 = DIRECTION('',(0.990268068742,6.8816480292E-14,-0.13917310096));
#2387 = ADVANCED_FACE('',(#2388),#2400,.T.);
#2388 = FACE_BOUND('',#2389,.T.);
#2389 = EDGE_LOOP('',(#2390,#2391,#2392,#2399));
#2390 = ORIENTED_EDGE('',*,*,#2323,.T.);
#2391 = ORIENTED_EDGE('',*,*,#1851,.F.);
#2392 = ORIENTED_EDGE('',*,*,#2393,.F.);
#2393 = EDGE_CURVE('',#1896,#1844,#2394,.T.);
#2394 = CIRCLE('',#2395,4.9999999999E-02);
#2395 = AXIS2_PLACEMENT_3D('',#2396,#2397,#2398);
#2396 = CARTESIAN_POINT('',(0.74680580836,-0.54680580836,0.15));
#2397 = DIRECTION('',(-0.137844537491,0.137844537491,-0.980814848464));
#2398 = DIRECTION('',(-0.990268068742,6.8816480292E-14,0.13917310096));
#2399 = ORIENTED_EDGE('',*,*,#1895,.F.);
#2400 = CYLINDRICAL_SURFACE('',#2401,4.9999999999E-02);
#2401 = AXIS2_PLACEMENT_3D('',#2402,#2403,#2404);
#2402 = CARTESIAN_POINT('',(0.776725955039,-0.576725955039,
    0.362892905768));
#2403 = DIRECTION('',(-0.137844537491,0.137844537491,-0.980814848464));
#2404 = DIRECTION('',(-0.990268068742,6.8816480292E-14,0.13917310096));
#2405 = ADVANCED_FACE('',(#2406),#2418,.T.);
#2406 = FACE_BOUND('',#2407,.T.);
#2407 = EDGE_LOOP('',(#2408,#2409,#2410,#2417));
#2408 = ORIENTED_EDGE('',*,*,#2341,.T.);
#2409 = ORIENTED_EDGE('',*,*,#1903,.F.);
#2410 = ORIENTED_EDGE('',*,*,#2411,.F.);
#2411 = EDGE_CURVE('',#1620,#1896,#2412,.T.);
#2412 = CIRCLE('',#2413,5.E-02);
#2413 = AXIS2_PLACEMENT_3D('',#2414,#2415,#2416);
#2414 = CARTESIAN_POINT('',(0.74680580836,-0.54680580836,0.15));
#2415 = DIRECTION('',(4.379428991841E-15,-1.,0.));
#2416 = DIRECTION('',(1.,4.379428991841E-15,0.));
#2417 = ORIENTED_EDGE('',*,*,#1617,.F.);
#2418 = CYLINDRICAL_SURFACE('',#2419,5.E-02);
#2419 = AXIS2_PLACEMENT_3D('',#2420,#2421,#2422);
#2420 = CARTESIAN_POINT('',(0.74680580836,-6.228372921918E-17,0.15));
#2421 = DIRECTION('',(-8.340016711426E-17,-1.,0.));
#2422 = DIRECTION('',(1.,-8.340016711426E-17,0.));
#2423 = ADVANCED_FACE('',(#2424),#2436,.T.);
#2424 = FACE_BOUND('',#2425,.T.);
#2425 = EDGE_LOOP('',(#2426,#2427,#2428,#2435));
#2426 = ORIENTED_EDGE('',*,*,#2358,.T.);
#2427 = ORIENTED_EDGE('',*,*,#1635,.F.);
#2428 = ORIENTED_EDGE('',*,*,#2429,.F.);
#2429 = EDGE_CURVE('',#1944,#1628,#2430,.T.);
#2430 = CIRCLE('',#2431,4.9999999999E-02);
#2431 = AXIS2_PLACEMENT_3D('',#2432,#2433,#2434);
#2432 = CARTESIAN_POINT('',(-0.74680580836,-0.54680580836,0.15));
#2433 = DIRECTION('',(-6.09498713229E-16,-1.,4.336808689942E-15));
#2434 = DIRECTION('',(0.,-4.336808689942E-15,-1.));
#2435 = ORIENTED_EDGE('',*,*,#1943,.F.);
#2436 = CYLINDRICAL_SURFACE('',#2437,4.9999999999E-02);
#2437 = AXIS2_PLACEMENT_3D('',#2438,#2439,#2440);
#2438 = CARTESIAN_POINT('',(-0.74680580836,0.,0.15));
#2439 = DIRECTION('',(0.,1.,0.));
#2440 = DIRECTION('',(0.,-0.,1.));
#2441 = ADVANCED_FACE('',(#2442),#2454,.T.);
#2442 = FACE_BOUND('',#2443,.T.);
#2443 = EDGE_LOOP('',(#2444,#2445,#2446,#2453));
#2444 = ORIENTED_EDGE('',*,*,#2375,.T.);
#2445 = ORIENTED_EDGE('',*,*,#1951,.F.);
#2446 = ORIENTED_EDGE('',*,*,#2447,.F.);
#2447 = EDGE_CURVE('',#1842,#1944,#2448,.T.);
#2448 = CIRCLE('',#2449,4.9999999999E-02);
#2449 = AXIS2_PLACEMENT_3D('',#2450,#2451,#2452);
#2450 = CARTESIAN_POINT('',(-0.74680580836,-0.54680580836,0.15));
#2451 = DIRECTION('',(0.137844537491,0.137844537491,-0.980814848464));
#2452 = DIRECTION('',(-0.990268068742,-6.8816480292E-14,-0.13917310096)
  );
#2453 = ORIENTED_EDGE('',*,*,#1858,.F.);
#2454 = CYLINDRICAL_SURFACE('',#2455,4.9999999999E-02);
#2455 = AXIS2_PLACEMENT_3D('',#2456,#2457,#2458);
#2456 = CARTESIAN_POINT('',(-0.776725955039,-0.576725955039,
    0.362892905768));
#2457 = DIRECTION('',(-0.137844537491,-0.137844537491,0.980814848464));
#2458 = DIRECTION('',(0.990268068742,6.8816480292E-14,0.13917310096));
#2459 = ADVANCED_FACE('',(#2460),#2471,.T.);
#2460 = FACE_BOUND('',#2461,.T.);
#2461 = EDGE_LOOP('',(#2462,#2463,#2464));
#2462 = ORIENTED_EDGE('',*,*,#2411,.T.);
#2463 = ORIENTED_EDGE('',*,*,#2393,.T.);
#2464 = ORIENTED_EDGE('',*,*,#2465,.F.);
#2465 = EDGE_CURVE('',#1620,#1844,#2466,.T.);
#2466 = CIRCLE('',#2467,4.9999999999E-02);
#2467 = AXIS2_PLACEMENT_3D('',#2468,#2469,#2470);
#2468 = CARTESIAN_POINT('',(0.74680580836,-0.54680580836,0.15));
#2469 = DIRECTION('',(-1.,6.09498713229E-16,-4.336808689942E-15));
#2470 = DIRECTION('',(4.336808689942E-15,-2.168404344971E-15,-1.));
#2471 = SPHERICAL_SURFACE('',#2472,5.E-02);
#2472 = AXIS2_PLACEMENT_3D('',#2473,#2474,#2475);
#2473 = CARTESIAN_POINT('',(0.74680580836,-0.54680580836,0.15));
#2474 = DIRECTION('',(9.403954806578E-30,1.,-2.168404344971E-15));
#2475 = DIRECTION('',(-1.,-2.24207754292E-43,-4.336808689942E-15));
#2476 = ADVANCED_FACE('',(#2477),#2488,.T.);
#2477 = FACE_BOUND('',#2478,.T.);
#2478 = EDGE_LOOP('',(#2479,#2480,#2481));
#2479 = ORIENTED_EDGE('',*,*,#2447,.T.);
#2480 = ORIENTED_EDGE('',*,*,#2429,.T.);
#2481 = ORIENTED_EDGE('',*,*,#2482,.F.);
#2482 = EDGE_CURVE('',#1842,#1628,#2483,.T.);
#2483 = CIRCLE('',#2484,5.E-02);
#2484 = AXIS2_PLACEMENT_3D('',#2485,#2486,#2487);
#2485 = CARTESIAN_POINT('',(-0.74680580836,-0.54680580836,0.15));
#2486 = DIRECTION('',(1.,-2.18971449592E-15,0.));
#2487 = DIRECTION('',(-2.18971449592E-15,-1.,1.084202172485E-15));
#2488 = SPHERICAL_SURFACE('',#2489,5.E-02);
#2489 = AXIS2_PLACEMENT_3D('',#2490,#2491,#2492);
#2490 = CARTESIAN_POINT('',(-0.74680580836,-0.54680580836,0.15));
#2491 = DIRECTION('',(1.,0.,0.));
#2492 = DIRECTION('',(0.,1.,-2.168404344971E-15));
#2493 = ADVANCED_FACE('',(#2494),#2500,.T.);
#2494 = FACE_BOUND('',#2495,.T.);
#2495 = EDGE_LOOP('',(#2496,#2497,#2498,#2499));
#2496 = ORIENTED_EDGE('',*,*,#2465,.T.);
#2497 = ORIENTED_EDGE('',*,*,#1841,.F.);
#2498 = ORIENTED_EDGE('',*,*,#2482,.T.);
#2499 = ORIENTED_EDGE('',*,*,#1627,.F.);
#2500 = CYLINDRICAL_SURFACE('',#2501,4.9999999999E-02);
#2501 = AXIS2_PLACEMENT_3D('',#2502,#2503,#2504);
#2502 = CARTESIAN_POINT('',(0.,-0.54680580836,0.15));
#2503 = DIRECTION('',(-1.,0.,0.));
#2504 = DIRECTION('',(0.,0.,1.));
#2505 = ADVANCED_FACE('',(#2506),#2542,.F.);
#2506 = FACE_BOUND('',#2507,.F.);
#2507 = EDGE_LOOP('',(#2508,#2518,#2527,#2535));
#2508 = ORIENTED_EDGE('',*,*,#2509,.F.);
#2509 = EDGE_CURVE('',#2510,#2512,#2514,.T.);
#2510 = VERTEX_POINT('',#2511);
#2511 = CARTESIAN_POINT('',(-0.929212378964,0.149999999999,
    0.474999999999));
#2512 = VERTEX_POINT('',#2513);
#2513 = CARTESIAN_POINT('',(-0.929212378964,-0.149999999999,
    0.474999999999));
#2514 = LINE('',#2515,#2516);
#2515 = CARTESIAN_POINT('',(-0.929212378964,0.149999999999,
    0.474999999999));
#2516 = VECTOR('',#2517,1.);
#2517 = DIRECTION('',(0.,-1.,0.));
#2518 = ORIENTED_EDGE('',*,*,#2519,.F.);
#2519 = EDGE_CURVE('',#2520,#2510,#2522,.T.);
#2520 = VERTEX_POINT('',#2521);
#2521 = CARTESIAN_POINT('',(-0.978452766614,0.149999999999,
    0.433682408883));
#2522 = CIRCLE('',#2523,4.9999999999E-02);
#2523 = AXIS2_PLACEMENT_3D('',#2524,#2525,#2526);
#2524 = CARTESIAN_POINT('',(-0.929212378964,0.149999999999,
    0.424999999999));
#2525 = DIRECTION('',(-0.,1.,0.));
#2526 = DIRECTION('',(1.,0.,0.));
#2527 = ORIENTED_EDGE('',*,*,#2528,.T.);
#2528 = EDGE_CURVE('',#2520,#2529,#2531,.T.);
#2529 = VERTEX_POINT('',#2530);
#2530 = CARTESIAN_POINT('',(-0.978452766614,-0.149999999999,
    0.433682408883));
#2531 = LINE('',#2532,#2533);
#2532 = CARTESIAN_POINT('',(-0.978452766614,0.149999999999,
    0.433682408883));
#2533 = VECTOR('',#2534,1.);
#2534 = DIRECTION('',(0.,-1.,0.));
#2535 = ORIENTED_EDGE('',*,*,#2536,.T.);
#2536 = EDGE_CURVE('',#2529,#2512,#2537,.T.);
#2537 = CIRCLE('',#2538,4.9999999999E-02);
#2538 = AXIS2_PLACEMENT_3D('',#2539,#2540,#2541);
#2539 = CARTESIAN_POINT('',(-0.929212378964,-0.149999999999,
    0.424999999999));
#2540 = DIRECTION('',(-0.,1.,0.));
#2541 = DIRECTION('',(1.,0.,0.));
#2542 = CYLINDRICAL_SURFACE('',#2543,4.9999999999E-02);
#2543 = AXIS2_PLACEMENT_3D('',#2544,#2545,#2546);
#2544 = CARTESIAN_POINT('',(-0.929212378964,0.149999999999,
    0.424999999999));
#2545 = DIRECTION('',(0.,-1.,0.));
#2546 = DIRECTION('',(0.,0.,-1.));
#2547 = ADVANCED_FACE('',(#2548),#2573,.T.);
#2548 = FACE_BOUND('',#2549,.T.);
#2549 = EDGE_LOOP('',(#2550,#2558,#2566,#2572));
#2550 = ORIENTED_EDGE('',*,*,#2551,.F.);
#2551 = EDGE_CURVE('',#2552,#2529,#2554,.T.);
#2552 = VERTEX_POINT('',#2553);
#2553 = CARTESIAN_POINT('',(-1.033066458084,-0.149999999999,
    0.123952773349));
#2554 = LINE('',#2555,#2556);
#2555 = CARTESIAN_POINT('',(-0.978452766614,-0.149999999999,
    0.433682408883));
#2556 = VECTOR('',#2557,1.);
#2557 = DIRECTION('',(0.173648177666,0.,0.984807753012));
#2558 = ORIENTED_EDGE('',*,*,#2559,.F.);
#2559 = EDGE_CURVE('',#2560,#2552,#2562,.T.);
#2560 = VERTEX_POINT('',#2561);
#2561 = CARTESIAN_POINT('',(-1.033066458084,0.149999999999,
    0.123952773349));
#2562 = LINE('',#2563,#2564);
#2563 = CARTESIAN_POINT('',(-1.033066458084,0.149999999999,
    0.123952773349));
#2564 = VECTOR('',#2565,1.);
#2565 = DIRECTION('',(0.,-1.,0.));
#2566 = ORIENTED_EDGE('',*,*,#2567,.T.);
#2567 = EDGE_CURVE('',#2560,#2520,#2568,.T.);
#2568 = LINE('',#2569,#2570);
#2569 = CARTESIAN_POINT('',(-0.978452766614,0.149999999999,
    0.433682408883));
#2570 = VECTOR('',#2571,1.);
#2571 = DIRECTION('',(0.173648177666,0.,0.984807753012));
#2572 = ORIENTED_EDGE('',*,*,#2528,.T.);
#2573 = PLANE('',#2574);
#2574 = AXIS2_PLACEMENT_3D('',#2575,#2576,#2577);
#2575 = CARTESIAN_POINT('',(-0.978452766614,0.149999999999,
    0.433682408883));
#2576 = DIRECTION('',(0.984807753012,0.,-0.173648177666));
#2577 = DIRECTION('',(-0.173648177666,0.,-0.984807753012));
#2578 = ADVANCED_FACE('',(#2579),#2606,.T.);
#2579 = FACE_BOUND('',#2580,.T.);
#2580 = EDGE_LOOP('',(#2581,#2590,#2598,#2605));
#2581 = ORIENTED_EDGE('',*,*,#2582,.F.);
#2582 = EDGE_CURVE('',#2583,#2552,#2585,.T.);
#2583 = VERTEX_POINT('',#2584);
#2584 = CARTESIAN_POINT('',(-1.180787621035,-0.149999999999,
    1.084202172485E-16));
#2585 = CIRCLE('',#2586,0.15);
#2586 = AXIS2_PLACEMENT_3D('',#2587,#2588,#2589);
#2587 = CARTESIAN_POINT('',(-1.180787621035,-0.149999999999,0.15));
#2588 = DIRECTION('',(0.,-1.,0.));
#2589 = DIRECTION('',(1.,0.,9.035018104045E-16));
#2590 = ORIENTED_EDGE('',*,*,#2591,.F.);
#2591 = EDGE_CURVE('',#2592,#2583,#2594,.T.);
#2592 = VERTEX_POINT('',#2593);
#2593 = CARTESIAN_POINT('',(-1.180787621035,0.149999999999,
    1.084202172485E-16));
#2594 = LINE('',#2595,#2596);
#2595 = CARTESIAN_POINT('',(-1.180787621035,0.149999999999,
    1.084202172485E-16));
#2596 = VECTOR('',#2597,1.);
#2597 = DIRECTION('',(0.,-1.,0.));
#2598 = ORIENTED_EDGE('',*,*,#2599,.T.);
#2599 = EDGE_CURVE('',#2592,#2560,#2600,.T.);
#2600 = CIRCLE('',#2601,0.15);
#2601 = AXIS2_PLACEMENT_3D('',#2602,#2603,#2604);
#2602 = CARTESIAN_POINT('',(-1.180787621035,0.149999999999,0.15));
#2603 = DIRECTION('',(0.,-1.,0.));
#2604 = DIRECTION('',(1.,0.,9.035018104045E-16));
#2605 = ORIENTED_EDGE('',*,*,#2559,.T.);
#2606 = CYLINDRICAL_SURFACE('',#2607,0.15);
#2607 = AXIS2_PLACEMENT_3D('',#2608,#2609,#2610);
#2608 = CARTESIAN_POINT('',(-1.180787621035,0.149999999999,0.15));
#2609 = DIRECTION('',(0.,-1.,0.));
#2610 = DIRECTION('',(0.,0.,-1.));
#2611 = ADVANCED_FACE('',(#2612),#2637,.T.);
#2612 = FACE_BOUND('',#2613,.T.);
#2613 = EDGE_LOOP('',(#2614,#2622,#2630,#2636));
#2614 = ORIENTED_EDGE('',*,*,#2615,.F.);
#2615 = EDGE_CURVE('',#2616,#2583,#2618,.T.);
#2616 = VERTEX_POINT('',#2617);
#2617 = CARTESIAN_POINT('',(-1.324999999999,-0.149999999999,
    1.558540622947E-16));
#2618 = LINE('',#2619,#2620);
#2619 = CARTESIAN_POINT('',(-1.180787621035,-0.149999999999,
    1.558540622947E-16));
#2620 = VECTOR('',#2621,1.);
#2621 = DIRECTION('',(1.,0.,0.));
#2622 = ORIENTED_EDGE('',*,*,#2623,.F.);
#2623 = EDGE_CURVE('',#2624,#2616,#2626,.T.);
#2624 = VERTEX_POINT('',#2625);
#2625 = CARTESIAN_POINT('',(-1.324999999999,0.149999999999,
    1.558540622947E-16));
#2626 = LINE('',#2627,#2628);
#2627 = CARTESIAN_POINT('',(-1.324999999999,0.149999999999,
    1.558540622947E-16));
#2628 = VECTOR('',#2629,1.);
#2629 = DIRECTION('',(0.,-1.,0.));
#2630 = ORIENTED_EDGE('',*,*,#2631,.T.);
#2631 = EDGE_CURVE('',#2624,#2592,#2632,.T.);
#2632 = LINE('',#2633,#2634);
#2633 = CARTESIAN_POINT('',(-1.180787621035,0.149999999999,
    1.558540622947E-16));
#2634 = VECTOR('',#2635,1.);
#2635 = DIRECTION('',(1.,0.,0.));
#2636 = ORIENTED_EDGE('',*,*,#2591,.T.);
#2637 = PLANE('',#2638);
#2638 = AXIS2_PLACEMENT_3D('',#2639,#2640,#2641);
#2639 = CARTESIAN_POINT('',(-1.180787621035,0.149999999999,
    1.558540622947E-16));
#2640 = DIRECTION('',(0.,0.,-1.));
#2641 = DIRECTION('',(-1.,0.,0.));
#2642 = ADVANCED_FACE('',(#2643),#2668,.T.);
#2643 = FACE_BOUND('',#2644,.T.);
#2644 = EDGE_LOOP('',(#2645,#2653,#2661,#2667));
#2645 = ORIENTED_EDGE('',*,*,#2646,.F.);
#2646 = EDGE_CURVE('',#2647,#2616,#2649,.T.);
#2647 = VERTEX_POINT('',#2648);
#2648 = CARTESIAN_POINT('',(-1.324999999999,-0.149999999999,0.1));
#2649 = LINE('',#2650,#2651);
#2650 = CARTESIAN_POINT('',(-1.324999999999,-0.149999999999,0.1));
#2651 = VECTOR('',#2652,1.);
#2652 = DIRECTION('',(0.,0.,-1.));
#2653 = ORIENTED_EDGE('',*,*,#2654,.F.);
#2654 = EDGE_CURVE('',#2655,#2647,#2657,.T.);
#2655 = VERTEX_POINT('',#2656);
#2656 = CARTESIAN_POINT('',(-1.324999999999,0.149999999999,0.1));
#2657 = LINE('',#2658,#2659);
#2658 = CARTESIAN_POINT('',(-1.324999999999,0.149999999999,0.1));
#2659 = VECTOR('',#2660,1.);
#2660 = DIRECTION('',(0.,-1.,0.));
#2661 = ORIENTED_EDGE('',*,*,#2662,.T.);
#2662 = EDGE_CURVE('',#2655,#2624,#2663,.T.);
#2663 = LINE('',#2664,#2665);
#2664 = CARTESIAN_POINT('',(-1.324999999999,0.149999999999,0.1));
#2665 = VECTOR('',#2666,1.);
#2666 = DIRECTION('',(0.,0.,-1.));
#2667 = ORIENTED_EDGE('',*,*,#2623,.T.);
#2668 = PLANE('',#2669);
#2669 = AXIS2_PLACEMENT_3D('',#2670,#2671,#2672);
#2670 = CARTESIAN_POINT('',(-1.324999999999,0.149999999999,0.1));
#2671 = DIRECTION('',(-1.,0.,0.));
#2672 = DIRECTION('',(0.,0.,1.));
#2673 = ADVANCED_FACE('',(#2674),#2699,.F.);
#2674 = FACE_BOUND('',#2675,.T.);
#2675 = EDGE_LOOP('',(#2676,#2684,#2692,#2698));
#2676 = ORIENTED_EDGE('',*,*,#2677,.T.);
#2677 = EDGE_CURVE('',#2647,#2678,#2680,.T.);
#2678 = VERTEX_POINT('',#2679);
#2679 = CARTESIAN_POINT('',(-1.180787621035,-0.149999999999,0.1));
#2680 = LINE('',#2681,#2682);
#2681 = CARTESIAN_POINT('',(-1.180787621035,-0.149999999999,0.1));
#2682 = VECTOR('',#2683,1.);
#2683 = DIRECTION('',(1.,0.,0.));
#2684 = ORIENTED_EDGE('',*,*,#2685,.F.);
#2685 = EDGE_CURVE('',#2686,#2678,#2688,.T.);
#2686 = VERTEX_POINT('',#2687);
#2687 = CARTESIAN_POINT('',(-1.180787621035,0.149999999999,0.1));
#2688 = LINE('',#2689,#2690);
#2689 = CARTESIAN_POINT('',(-1.180787621035,0.149999999999,0.1));
#2690 = VECTOR('',#2691,1.);
#2691 = DIRECTION('',(0.,-1.,0.));
#2692 = ORIENTED_EDGE('',*,*,#2693,.F.);
#2693 = EDGE_CURVE('',#2655,#2686,#2694,.T.);
#2694 = LINE('',#2695,#2696);
#2695 = CARTESIAN_POINT('',(-1.180787621035,0.149999999999,0.1));
#2696 = VECTOR('',#2697,1.);
#2697 = DIRECTION('',(1.,0.,0.));
#2698 = ORIENTED_EDGE('',*,*,#2654,.T.);
#2699 = PLANE('',#2700);
#2700 = AXIS2_PLACEMENT_3D('',#2701,#2702,#2703);
#2701 = CARTESIAN_POINT('',(-1.180787621035,0.149999999999,0.1));
#2702 = DIRECTION('',(0.,0.,-1.));
#2703 = DIRECTION('',(-1.,0.,0.));
#2704 = ADVANCED_FACE('',(#2705),#2732,.F.);
#2705 = FACE_BOUND('',#2706,.F.);
#2706 = EDGE_LOOP('',(#2707,#2708,#2717,#2725));
#2707 = ORIENTED_EDGE('',*,*,#2685,.F.);
#2708 = ORIENTED_EDGE('',*,*,#2709,.T.);
#2709 = EDGE_CURVE('',#2686,#2710,#2712,.T.);
#2710 = VERTEX_POINT('',#2711);
#2711 = CARTESIAN_POINT('',(-1.131547233385,0.149999999999,
    0.141317591116));
#2712 = CIRCLE('',#2713,5.E-02);
#2713 = AXIS2_PLACEMENT_3D('',#2714,#2715,#2716);
#2714 = CARTESIAN_POINT('',(-1.180787621035,0.149999999999,0.15));
#2715 = DIRECTION('',(0.,-1.,0.));
#2716 = DIRECTION('',(1.,0.,0.));
#2717 = ORIENTED_EDGE('',*,*,#2718,.T.);
#2718 = EDGE_CURVE('',#2710,#2719,#2721,.T.);
#2719 = VERTEX_POINT('',#2720);
#2720 = CARTESIAN_POINT('',(-1.131547233385,-0.149999999999,
    0.141317591116));
#2721 = LINE('',#2722,#2723);
#2722 = CARTESIAN_POINT('',(-1.131547233385,0.149999999999,
    0.141317591116));
#2723 = VECTOR('',#2724,1.);
#2724 = DIRECTION('',(0.,-1.,0.));
#2725 = ORIENTED_EDGE('',*,*,#2726,.F.);
#2726 = EDGE_CURVE('',#2678,#2719,#2727,.T.);
#2727 = CIRCLE('',#2728,5.E-02);
#2728 = AXIS2_PLACEMENT_3D('',#2729,#2730,#2731);
#2729 = CARTESIAN_POINT('',(-1.180787621035,-0.149999999999,0.15));
#2730 = DIRECTION('',(0.,-1.,0.));
#2731 = DIRECTION('',(1.,0.,0.));
#2732 = CYLINDRICAL_SURFACE('',#2733,5.E-02);
#2733 = AXIS2_PLACEMENT_3D('',#2734,#2735,#2736);
#2734 = CARTESIAN_POINT('',(-1.180787621035,0.149999999999,0.15));
#2735 = DIRECTION('',(0.,-1.,0.));
#2736 = DIRECTION('',(0.,0.,-1.));
#2737 = ADVANCED_FACE('',(#2738),#2763,.F.);
#2738 = FACE_BOUND('',#2739,.T.);
#2739 = EDGE_LOOP('',(#2740,#2748,#2756,#2762));
#2740 = ORIENTED_EDGE('',*,*,#2741,.T.);
#2741 = EDGE_CURVE('',#2719,#2742,#2744,.T.);
#2742 = VERTEX_POINT('',#2743);
#2743 = CARTESIAN_POINT('',(-1.076933541915,-0.149999999999,
    0.45104722665));
#2744 = LINE('',#2745,#2746);
#2745 = CARTESIAN_POINT('',(-1.076933541915,-0.149999999999,
    0.45104722665));
#2746 = VECTOR('',#2747,1.);
#2747 = DIRECTION('',(0.173648177666,0.,0.984807753012));
#2748 = ORIENTED_EDGE('',*,*,#2749,.F.);
#2749 = EDGE_CURVE('',#2750,#2742,#2752,.T.);
#2750 = VERTEX_POINT('',#2751);
#2751 = CARTESIAN_POINT('',(-1.076933541915,0.149999999999,0.45104722665
    ));
#2752 = LINE('',#2753,#2754);
#2753 = CARTESIAN_POINT('',(-1.076933541915,0.149999999999,0.45104722665
    ));
#2754 = VECTOR('',#2755,1.);
#2755 = DIRECTION('',(0.,-1.,0.));
#2756 = ORIENTED_EDGE('',*,*,#2757,.F.);
#2757 = EDGE_CURVE('',#2710,#2750,#2758,.T.);
#2758 = LINE('',#2759,#2760);
#2759 = CARTESIAN_POINT('',(-1.076933541915,0.149999999999,0.45104722665
    ));
#2760 = VECTOR('',#2761,1.);
#2761 = DIRECTION('',(0.173648177666,0.,0.984807753012));
#2762 = ORIENTED_EDGE('',*,*,#2718,.T.);
#2763 = PLANE('',#2764);
#2764 = AXIS2_PLACEMENT_3D('',#2765,#2766,#2767);
#2765 = CARTESIAN_POINT('',(-1.076933541915,0.149999999999,0.45104722665
    ));
#2766 = DIRECTION('',(0.984807753012,0.,-0.173648177666));
#2767 = DIRECTION('',(-0.173648177666,0.,-0.984807753012));
#2768 = ADVANCED_FACE('',(#2769),#2796,.T.);
#2769 = FACE_BOUND('',#2770,.T.);
#2770 = EDGE_LOOP('',(#2771,#2780,#2788,#2795));
#2771 = ORIENTED_EDGE('',*,*,#2772,.T.);
#2772 = EDGE_CURVE('',#2742,#2773,#2775,.T.);
#2773 = VERTEX_POINT('',#2774);
#2774 = CARTESIAN_POINT('',(-0.929212378964,-0.149999999999,
    0.574999999999));
#2775 = CIRCLE('',#2776,0.149999999999);
#2776 = AXIS2_PLACEMENT_3D('',#2777,#2778,#2779);
#2777 = CARTESIAN_POINT('',(-0.929212378964,-0.149999999999,
    0.424999999999));
#2778 = DIRECTION('',(-0.,1.,0.));
#2779 = DIRECTION('',(1.,0.,0.));
#2780 = ORIENTED_EDGE('',*,*,#2781,.F.);
#2781 = EDGE_CURVE('',#2782,#2773,#2784,.T.);
#2782 = VERTEX_POINT('',#2783);
#2783 = CARTESIAN_POINT('',(-0.929212378964,0.149999999999,
    0.574999999999));
#2784 = LINE('',#2785,#2786);
#2785 = CARTESIAN_POINT('',(-0.929212378964,0.149999999999,
    0.574999999999));
#2786 = VECTOR('',#2787,1.);
#2787 = DIRECTION('',(0.,-1.,0.));
#2788 = ORIENTED_EDGE('',*,*,#2789,.F.);
#2789 = EDGE_CURVE('',#2750,#2782,#2790,.T.);
#2790 = CIRCLE('',#2791,0.149999999999);
#2791 = AXIS2_PLACEMENT_3D('',#2792,#2793,#2794);
#2792 = CARTESIAN_POINT('',(-0.929212378964,0.149999999999,
    0.424999999999));
#2793 = DIRECTION('',(-0.,1.,0.));
#2794 = DIRECTION('',(1.,0.,0.));
#2795 = ORIENTED_EDGE('',*,*,#2749,.T.);
#2796 = CYLINDRICAL_SURFACE('',#2797,0.149999999999);
#2797 = AXIS2_PLACEMENT_3D('',#2798,#2799,#2800);
#2798 = CARTESIAN_POINT('',(-0.929212378964,0.149999999999,
    0.424999999999));
#2799 = DIRECTION('',(0.,-1.,0.));
#2800 = DIRECTION('',(0.,0.,-1.));
#2801 = ADVANCED_FACE('',(#2802),#2827,.F.);
#2802 = FACE_BOUND('',#2803,.T.);
#2803 = EDGE_LOOP('',(#2804,#2805,#2811,#2812,#2813,#2814,#2815,#2816,
    #2817,#2818,#2819,#2820,#2826));
#2804 = ORIENTED_EDGE('',*,*,#1787,.F.);
#2805 = ORIENTED_EDGE('',*,*,#2806,.F.);
#2806 = EDGE_CURVE('',#2773,#1780,#2807,.T.);
#2807 = LINE('',#2808,#2809);
#2808 = CARTESIAN_POINT('',(0.929212378964,-0.149999999999,
    0.574999999999));
#2809 = VECTOR('',#2810,1.);
#2810 = DIRECTION('',(1.,0.,-1.166796953021E-16));
#2811 = ORIENTED_EDGE('',*,*,#2772,.F.);
#2812 = ORIENTED_EDGE('',*,*,#2741,.F.);
#2813 = ORIENTED_EDGE('',*,*,#2726,.F.);
#2814 = ORIENTED_EDGE('',*,*,#2677,.F.);
#2815 = ORIENTED_EDGE('',*,*,#2646,.T.);
#2816 = ORIENTED_EDGE('',*,*,#2615,.T.);
#2817 = ORIENTED_EDGE('',*,*,#2582,.T.);
#2818 = ORIENTED_EDGE('',*,*,#2551,.T.);
#2819 = ORIENTED_EDGE('',*,*,#2536,.T.);
#2820 = ORIENTED_EDGE('',*,*,#2821,.T.);
#2821 = EDGE_CURVE('',#2512,#1959,#2822,.T.);
#2822 = LINE('',#2823,#2824);
#2823 = CARTESIAN_POINT('',(0.929212378964,-0.149999999999,
    0.474999999999));
#2824 = VECTOR('',#2825,1.);
#2825 = DIRECTION('',(1.,0.,-1.166796953021E-16));
#2826 = ORIENTED_EDGE('',*,*,#1958,.F.);
#2827 = PLANE('',#2828);
#2828 = AXIS2_PLACEMENT_3D('',#2829,#2830,#2831);
#2829 = CARTESIAN_POINT('',(1.180787621035,-0.149999999999,
    0.149999999999));
#2830 = DIRECTION('',(0.,1.,0.));
#2831 = DIRECTION('',(1.,0.,0.));
#2832 = ADVANCED_FACE('',(#2833),#2858,.T.);
#2833 = FACE_BOUND('',#2834,.T.);
#2834 = EDGE_LOOP('',(#2835,#2841,#2842,#2843,#2849,#2850,#2851,#2852,
    #2853,#2854,#2855,#2856,#2857));
#2835 = ORIENTED_EDGE('',*,*,#2836,.T.);
#2836 = EDGE_CURVE('',#2782,#1770,#2837,.T.);
#2837 = LINE('',#2838,#2839);
#2838 = CARTESIAN_POINT('',(0.929212378964,0.149999999999,0.574999999999
    ));
#2839 = VECTOR('',#2840,1.);
#2840 = DIRECTION('',(1.,0.,-1.166796953021E-16));
#2841 = ORIENTED_EDGE('',*,*,#1769,.T.);
#2842 = ORIENTED_EDGE('',*,*,#1926,.T.);
#2843 = ORIENTED_EDGE('',*,*,#2844,.F.);
#2844 = EDGE_CURVE('',#2510,#1927,#2845,.T.);
#2845 = LINE('',#2846,#2847);
#2846 = CARTESIAN_POINT('',(0.929212378964,0.149999999999,0.474999999999
    ));
#2847 = VECTOR('',#2848,1.);
#2848 = DIRECTION('',(1.,0.,-1.166796953021E-16));
#2849 = ORIENTED_EDGE('',*,*,#2519,.F.);
#2850 = ORIENTED_EDGE('',*,*,#2567,.F.);
#2851 = ORIENTED_EDGE('',*,*,#2599,.F.);
#2852 = ORIENTED_EDGE('',*,*,#2631,.F.);
#2853 = ORIENTED_EDGE('',*,*,#2662,.F.);
#2854 = ORIENTED_EDGE('',*,*,#2693,.T.);
#2855 = ORIENTED_EDGE('',*,*,#2709,.T.);
#2856 = ORIENTED_EDGE('',*,*,#2757,.T.);
#2857 = ORIENTED_EDGE('',*,*,#2789,.T.);
#2858 = PLANE('',#2859);
#2859 = AXIS2_PLACEMENT_3D('',#2860,#2861,#2862);
#2860 = CARTESIAN_POINT('',(1.180787621035,0.149999999999,0.149999999999
    ));
#2861 = DIRECTION('',(0.,1.,0.));
#2862 = DIRECTION('',(1.,0.,0.));
#2863 = ADVANCED_FACE('',(#2864),#2870,.T.);
#2864 = FACE_BOUND('',#2865,.T.);
#2865 = EDGE_LOOP('',(#2866,#2867,#2868,#2869));
#2866 = ORIENTED_EDGE('',*,*,#2844,.T.);
#2867 = ORIENTED_EDGE('',*,*,#1966,.T.);
#2868 = ORIENTED_EDGE('',*,*,#2821,.F.);
#2869 = ORIENTED_EDGE('',*,*,#2509,.F.);
#2870 = PLANE('',#2871);
#2871 = AXIS2_PLACEMENT_3D('',#2872,#2873,#2874);
#2872 = CARTESIAN_POINT('',(0.929212378964,0.149999999999,0.474999999999
    ));
#2873 = DIRECTION('',(-1.166796953021E-16,0.,-1.));
#2874 = DIRECTION('',(-1.,0.,1.166796953021E-16));
#2875 = ADVANCED_FACE('',(#2876),#2882,.F.);
#2876 = FACE_BOUND('',#2877,.T.);
#2877 = EDGE_LOOP('',(#2878,#2879,#2880,#2881));
#2878 = ORIENTED_EDGE('',*,*,#1779,.F.);
#2879 = ORIENTED_EDGE('',*,*,#2836,.F.);
#2880 = ORIENTED_EDGE('',*,*,#2781,.T.);
#2881 = ORIENTED_EDGE('',*,*,#2806,.T.);
#2882 = PLANE('',#2883);
#2883 = AXIS2_PLACEMENT_3D('',#2884,#2885,#2886);
#2884 = CARTESIAN_POINT('',(0.929212378964,0.149999999999,0.574999999999
    ));
#2885 = DIRECTION('',(-1.166796953021E-16,0.,-1.));
#2886 = DIRECTION('',(-1.,0.,1.166796953021E-16));
#2887 = ADVANCED_FACE('',(#2888),#2913,.F.);
#2888 = FACE_BOUND('',#2889,.T.);
#2889 = EDGE_LOOP('',(#2890,#2891,#2899,#2907));
#2890 = ORIENTED_EDGE('',*,*,#1755,.F.);
#2891 = ORIENTED_EDGE('',*,*,#2892,.T.);
#2892 = EDGE_CURVE('',#1748,#2893,#2895,.T.);
#2893 = VERTEX_POINT('',#2894);
#2894 = CARTESIAN_POINT('',(0.929212378964,-0.149999999999,
    0.574999999999));
#2895 = LINE('',#2896,#2897);
#2896 = CARTESIAN_POINT('',(0.929212378964,-0.149999999999,
    0.574999999999));
#2897 = VECTOR('',#2898,1.);
#2898 = DIRECTION('',(1.,0.,-1.166796953021E-16));
#2899 = ORIENTED_EDGE('',*,*,#2900,.F.);
#2900 = EDGE_CURVE('',#2901,#2893,#2903,.T.);
#2901 = VERTEX_POINT('',#2902);
#2902 = CARTESIAN_POINT('',(0.929212378964,0.149999999999,0.574999999999
    ));
#2903 = LINE('',#2904,#2905);
#2904 = CARTESIAN_POINT('',(0.929212378964,0.149999999999,0.574999999999
    ));
#2905 = VECTOR('',#2906,1.);
#2906 = DIRECTION('',(0.,-1.,0.));
#2907 = ORIENTED_EDGE('',*,*,#2908,.F.);
#2908 = EDGE_CURVE('',#1700,#2901,#2909,.T.);
#2909 = LINE('',#2910,#2911);
#2910 = CARTESIAN_POINT('',(0.929212378964,0.149999999999,0.574999999999
    ));
#2911 = VECTOR('',#2912,1.);
#2912 = DIRECTION('',(1.,0.,-1.166796953021E-16));
#2913 = PLANE('',#2914);
#2914 = AXIS2_PLACEMENT_3D('',#2915,#2916,#2917);
#2915 = CARTESIAN_POINT('',(0.929212378964,0.149999999999,0.574999999999
    ));
#2916 = DIRECTION('',(-1.166796953021E-16,0.,-1.));
#2917 = DIRECTION('',(-1.,0.,1.166796953021E-16));
#2918 = ADVANCED_FACE('',(#2919),#2944,.T.);
#2919 = FACE_BOUND('',#2920,.T.);
#2920 = EDGE_LOOP('',(#2921,#2929,#2930,#2938));
#2921 = ORIENTED_EDGE('',*,*,#2922,.F.);
#2922 = EDGE_CURVE('',#1881,#2923,#2925,.T.);
#2923 = VERTEX_POINT('',#2924);
#2924 = CARTESIAN_POINT('',(0.929212378964,-0.149999999999,
    0.474999999999));
#2925 = LINE('',#2926,#2927);
#2926 = CARTESIAN_POINT('',(0.929212378964,-0.149999999999,
    0.474999999999));
#2927 = VECTOR('',#2928,1.);
#2928 = DIRECTION('',(1.,0.,-1.166796953021E-16));
#2929 = ORIENTED_EDGE('',*,*,#1880,.T.);
#2930 = ORIENTED_EDGE('',*,*,#2931,.T.);
#2931 = EDGE_CURVE('',#1873,#2932,#2934,.T.);
#2932 = VERTEX_POINT('',#2933);
#2933 = CARTESIAN_POINT('',(0.929212378964,0.149999999999,0.474999999999
    ));
#2934 = LINE('',#2935,#2936);
#2935 = CARTESIAN_POINT('',(0.929212378964,0.149999999999,0.474999999999
    ));
#2936 = VECTOR('',#2937,1.);
#2937 = DIRECTION('',(1.,0.,-1.166796953021E-16));
#2938 = ORIENTED_EDGE('',*,*,#2939,.T.);
#2939 = EDGE_CURVE('',#2932,#2923,#2940,.T.);
#2940 = LINE('',#2941,#2942);
#2941 = CARTESIAN_POINT('',(0.929212378964,0.149999999999,0.474999999999
    ));
#2942 = VECTOR('',#2943,1.);
#2943 = DIRECTION('',(0.,-1.,0.));
#2944 = PLANE('',#2945);
#2945 = AXIS2_PLACEMENT_3D('',#2946,#2947,#2948);
#2946 = CARTESIAN_POINT('',(0.929212378964,0.149999999999,0.474999999999
    ));
#2947 = DIRECTION('',(-1.166796953021E-16,0.,-1.));
#2948 = DIRECTION('',(-1.,0.,1.166796953021E-16));
#2949 = ADVANCED_FACE('',(#2950),#3030,.T.);
#2950 = FACE_BOUND('',#2951,.T.);
#2951 = EDGE_LOOP('',(#2952,#2953,#2954,#2955,#2964,#2972,#2981,#2989,
    #2997,#3005,#3014,#3022,#3029));
#2952 = ORIENTED_EDGE('',*,*,#1872,.T.);
#2953 = ORIENTED_EDGE('',*,*,#1697,.T.);
#2954 = ORIENTED_EDGE('',*,*,#2908,.T.);
#2955 = ORIENTED_EDGE('',*,*,#2956,.T.);
#2956 = EDGE_CURVE('',#2901,#2957,#2959,.T.);
#2957 = VERTEX_POINT('',#2958);
#2958 = CARTESIAN_POINT('',(1.076933541915,0.149999999999,0.45104722665)
  );
#2959 = CIRCLE('',#2960,0.149999999999);
#2960 = AXIS2_PLACEMENT_3D('',#2961,#2962,#2963);
#2961 = CARTESIAN_POINT('',(0.929212378964,0.149999999999,0.424999999999
    ));
#2962 = DIRECTION('',(-0.,1.,0.));
#2963 = DIRECTION('',(1.,0.,0.));
#2964 = ORIENTED_EDGE('',*,*,#2965,.T.);
#2965 = EDGE_CURVE('',#2957,#2966,#2968,.T.);
#2966 = VERTEX_POINT('',#2967);
#2967 = CARTESIAN_POINT('',(1.131547233385,0.149999999999,0.141317591116
    ));
#2968 = LINE('',#2969,#2970);
#2969 = CARTESIAN_POINT('',(1.076933541915,0.149999999999,0.45104722665)
  );
#2970 = VECTOR('',#2971,1.);
#2971 = DIRECTION('',(0.173648177666,0.,-0.984807753012));
#2972 = ORIENTED_EDGE('',*,*,#2973,.T.);
#2973 = EDGE_CURVE('',#2966,#2974,#2976,.T.);
#2974 = VERTEX_POINT('',#2975);
#2975 = CARTESIAN_POINT('',(1.180787621035,0.149999999999,
    9.9999999999E-02));
#2976 = CIRCLE('',#2977,5.E-02);
#2977 = AXIS2_PLACEMENT_3D('',#2978,#2979,#2980);
#2978 = CARTESIAN_POINT('',(1.180787621035,0.149999999999,0.149999999999
    ));
#2979 = DIRECTION('',(0.,-1.,0.));
#2980 = DIRECTION('',(1.,0.,0.));
#2981 = ORIENTED_EDGE('',*,*,#2982,.T.);
#2982 = EDGE_CURVE('',#2974,#2983,#2985,.T.);
#2983 = VERTEX_POINT('',#2984);
#2984 = CARTESIAN_POINT('',(1.324999999999,0.149999999999,
    9.9999999999E-02));
#2985 = LINE('',#2986,#2987);
#2986 = CARTESIAN_POINT('',(1.180787621035,0.149999999999,
    9.9999999999E-02));
#2987 = VECTOR('',#2988,1.);
#2988 = DIRECTION('',(1.,0.,-2.349404269839E-16));
#2989 = ORIENTED_EDGE('',*,*,#2990,.F.);
#2990 = EDGE_CURVE('',#2991,#2983,#2993,.T.);
#2991 = VERTEX_POINT('',#2992);
#2992 = CARTESIAN_POINT('',(1.324999999999,0.149999999999,
    -1.694065894508E-16));
#2993 = LINE('',#2994,#2995);
#2994 = CARTESIAN_POINT('',(1.324999999999,0.149999999999,
    -1.694065894508E-16));
#2995 = VECTOR('',#2996,1.);
#2996 = DIRECTION('',(0.,0.,1.));
#2997 = ORIENTED_EDGE('',*,*,#2998,.F.);
#2998 = EDGE_CURVE('',#2999,#2991,#3001,.T.);
#2999 = VERTEX_POINT('',#3000);
#3000 = CARTESIAN_POINT('',(1.180787621035,0.149999999999,
    -1.355252715606E-16));
#3001 = LINE('',#3002,#3003);
#3002 = CARTESIAN_POINT('',(1.180787621035,0.149999999999,
    -1.355252715606E-16));
#3003 = VECTOR('',#3004,1.);
#3004 = DIRECTION('',(1.,0.,-2.349404269839E-16));
#3005 = ORIENTED_EDGE('',*,*,#3006,.F.);
#3006 = EDGE_CURVE('',#3007,#2999,#3009,.T.);
#3007 = VERTEX_POINT('',#3008);
#3008 = CARTESIAN_POINT('',(1.033066458084,0.149999999999,0.123952773349
    ));
#3009 = CIRCLE('',#3010,0.15);
#3010 = AXIS2_PLACEMENT_3D('',#3011,#3012,#3013);
#3011 = CARTESIAN_POINT('',(1.180787621035,0.149999999999,0.149999999999
    ));
#3012 = DIRECTION('',(0.,-1.,0.));
#3013 = DIRECTION('',(1.,0.,1.807003620809E-15));
#3014 = ORIENTED_EDGE('',*,*,#3015,.F.);
#3015 = EDGE_CURVE('',#3016,#3007,#3018,.T.);
#3016 = VERTEX_POINT('',#3017);
#3017 = CARTESIAN_POINT('',(0.978452766614,0.149999999999,0.433682408883
    ));
#3018 = LINE('',#3019,#3020);
#3019 = CARTESIAN_POINT('',(0.978452766614,0.149999999999,0.433682408883
    ));
#3020 = VECTOR('',#3021,1.);
#3021 = DIRECTION('',(0.173648177666,0.,-0.984807753012));
#3022 = ORIENTED_EDGE('',*,*,#3023,.F.);
#3023 = EDGE_CURVE('',#2932,#3016,#3024,.T.);
#3024 = CIRCLE('',#3025,4.9999999999E-02);
#3025 = AXIS2_PLACEMENT_3D('',#3026,#3027,#3028);
#3026 = CARTESIAN_POINT('',(0.929212378964,0.149999999999,0.424999999999
    ));
#3027 = DIRECTION('',(-0.,1.,0.));
#3028 = DIRECTION('',(1.,0.,0.));
#3029 = ORIENTED_EDGE('',*,*,#2931,.F.);
#3030 = PLANE('',#3031);
#3031 = AXIS2_PLACEMENT_3D('',#3032,#3033,#3034);
#3032 = CARTESIAN_POINT('',(1.180787621035,0.149999999999,0.149999999999
    ));
#3033 = DIRECTION('',(0.,1.,0.));
#3034 = DIRECTION('',(1.,0.,0.));
#3035 = ADVANCED_FACE('',(#3036),#3116,.F.);
#3036 = FACE_BOUND('',#3037,.T.);
#3037 = EDGE_LOOP('',(#3038,#3039,#3040,#3041,#3050,#3058,#3067,#3075,
    #3083,#3091,#3100,#3108,#3115));
#3038 = ORIENTED_EDGE('',*,*,#1747,.F.);
#3039 = ORIENTED_EDGE('',*,*,#1888,.F.);
#3040 = ORIENTED_EDGE('',*,*,#2922,.T.);
#3041 = ORIENTED_EDGE('',*,*,#3042,.T.);
#3042 = EDGE_CURVE('',#2923,#3043,#3045,.T.);
#3043 = VERTEX_POINT('',#3044);
#3044 = CARTESIAN_POINT('',(0.978452766614,-0.149999999999,
    0.433682408883));
#3045 = CIRCLE('',#3046,4.9999999999E-02);
#3046 = AXIS2_PLACEMENT_3D('',#3047,#3048,#3049);
#3047 = CARTESIAN_POINT('',(0.929212378964,-0.149999999999,
    0.424999999999));
#3048 = DIRECTION('',(-0.,1.,0.));
#3049 = DIRECTION('',(1.,0.,0.));
#3050 = ORIENTED_EDGE('',*,*,#3051,.T.);
#3051 = EDGE_CURVE('',#3043,#3052,#3054,.T.);
#3052 = VERTEX_POINT('',#3053);
#3053 = CARTESIAN_POINT('',(1.033066458084,-0.149999999999,
    0.123952773349));
#3054 = LINE('',#3055,#3056);
#3055 = CARTESIAN_POINT('',(0.978452766614,-0.149999999999,
    0.433682408883));
#3056 = VECTOR('',#3057,1.);
#3057 = DIRECTION('',(0.173648177666,0.,-0.984807753012));
#3058 = ORIENTED_EDGE('',*,*,#3059,.T.);
#3059 = EDGE_CURVE('',#3052,#3060,#3062,.T.);
#3060 = VERTEX_POINT('',#3061);
#3061 = CARTESIAN_POINT('',(1.180787621035,-0.149999999999,
    -1.355252715606E-16));
#3062 = CIRCLE('',#3063,0.15);
#3063 = AXIS2_PLACEMENT_3D('',#3064,#3065,#3066);
#3064 = CARTESIAN_POINT('',(1.180787621035,-0.149999999999,
    0.149999999999));
#3065 = DIRECTION('',(0.,-1.,0.));
#3066 = DIRECTION('',(1.,0.,1.807003620809E-15));
#3067 = ORIENTED_EDGE('',*,*,#3068,.T.);
#3068 = EDGE_CURVE('',#3060,#3069,#3071,.T.);
#3069 = VERTEX_POINT('',#3070);
#3070 = CARTESIAN_POINT('',(1.324999999999,-0.149999999999,
    -1.694065894508E-16));
#3071 = LINE('',#3072,#3073);
#3072 = CARTESIAN_POINT('',(1.180787621035,-0.149999999999,
    -1.355252715606E-16));
#3073 = VECTOR('',#3074,1.);
#3074 = DIRECTION('',(1.,0.,-2.349404269839E-16));
#3075 = ORIENTED_EDGE('',*,*,#3076,.T.);
#3076 = EDGE_CURVE('',#3069,#3077,#3079,.T.);
#3077 = VERTEX_POINT('',#3078);
#3078 = CARTESIAN_POINT('',(1.324999999999,-0.149999999999,
    9.9999999999E-02));
#3079 = LINE('',#3080,#3081);
#3080 = CARTESIAN_POINT('',(1.324999999999,-0.149999999999,
    -1.694065894508E-16));
#3081 = VECTOR('',#3082,1.);
#3082 = DIRECTION('',(0.,0.,1.));
#3083 = ORIENTED_EDGE('',*,*,#3084,.F.);
#3084 = EDGE_CURVE('',#3085,#3077,#3087,.T.);
#3085 = VERTEX_POINT('',#3086);
#3086 = CARTESIAN_POINT('',(1.180787621035,-0.149999999999,
    9.9999999999E-02));
#3087 = LINE('',#3088,#3089);
#3088 = CARTESIAN_POINT('',(1.180787621035,-0.149999999999,
    9.9999999999E-02));
#3089 = VECTOR('',#3090,1.);
#3090 = DIRECTION('',(1.,0.,-2.349404269839E-16));
#3091 = ORIENTED_EDGE('',*,*,#3092,.F.);
#3092 = EDGE_CURVE('',#3093,#3085,#3095,.T.);
#3093 = VERTEX_POINT('',#3094);
#3094 = CARTESIAN_POINT('',(1.131547233385,-0.149999999999,
    0.141317591116));
#3095 = CIRCLE('',#3096,5.E-02);
#3096 = AXIS2_PLACEMENT_3D('',#3097,#3098,#3099);
#3097 = CARTESIAN_POINT('',(1.180787621035,-0.149999999999,
    0.149999999999));
#3098 = DIRECTION('',(0.,-1.,0.));
#3099 = DIRECTION('',(1.,0.,0.));
#3100 = ORIENTED_EDGE('',*,*,#3101,.F.);
#3101 = EDGE_CURVE('',#3102,#3093,#3104,.T.);
#3102 = VERTEX_POINT('',#3103);
#3103 = CARTESIAN_POINT('',(1.076933541915,-0.149999999999,0.45104722665
    ));
#3104 = LINE('',#3105,#3106);
#3105 = CARTESIAN_POINT('',(1.076933541915,-0.149999999999,0.45104722665
    ));
#3106 = VECTOR('',#3107,1.);
#3107 = DIRECTION('',(0.173648177666,0.,-0.984807753012));
#3108 = ORIENTED_EDGE('',*,*,#3109,.F.);
#3109 = EDGE_CURVE('',#2893,#3102,#3110,.T.);
#3110 = CIRCLE('',#3111,0.149999999999);
#3111 = AXIS2_PLACEMENT_3D('',#3112,#3113,#3114);
#3112 = CARTESIAN_POINT('',(0.929212378964,-0.149999999999,
    0.424999999999));
#3113 = DIRECTION('',(-0.,1.,0.));
#3114 = DIRECTION('',(1.,0.,0.));
#3115 = ORIENTED_EDGE('',*,*,#2892,.F.);
#3116 = PLANE('',#3117);
#3117 = AXIS2_PLACEMENT_3D('',#3118,#3119,#3120);
#3118 = CARTESIAN_POINT('',(1.180787621035,-0.149999999999,
    0.149999999999));
#3119 = DIRECTION('',(0.,1.,0.));
#3120 = DIRECTION('',(1.,0.,0.));
#3121 = ADVANCED_FACE('',(#3122),#3138,.F.);
#3122 = FACE_BOUND('',#3123,.T.);
#3123 = EDGE_LOOP('',(#3124,#3125,#3131,#3132));
#3124 = ORIENTED_EDGE('',*,*,#3084,.T.);
#3125 = ORIENTED_EDGE('',*,*,#3126,.F.);
#3126 = EDGE_CURVE('',#2983,#3077,#3127,.T.);
#3127 = LINE('',#3128,#3129);
#3128 = CARTESIAN_POINT('',(1.324999999999,0.149999999999,
    9.9999999999E-02));
#3129 = VECTOR('',#3130,1.);
#3130 = DIRECTION('',(0.,-1.,0.));
#3131 = ORIENTED_EDGE('',*,*,#2982,.F.);
#3132 = ORIENTED_EDGE('',*,*,#3133,.T.);
#3133 = EDGE_CURVE('',#2974,#3085,#3134,.T.);
#3134 = LINE('',#3135,#3136);
#3135 = CARTESIAN_POINT('',(1.180787621035,0.149999999999,
    9.9999999999E-02));
#3136 = VECTOR('',#3137,1.);
#3137 = DIRECTION('',(0.,-1.,0.));
#3138 = PLANE('',#3139);
#3139 = AXIS2_PLACEMENT_3D('',#3140,#3141,#3142);
#3140 = CARTESIAN_POINT('',(1.180787621035,0.149999999999,
    9.9999999999E-02));
#3141 = DIRECTION('',(-2.349404269839E-16,0.,-1.));
#3142 = DIRECTION('',(-1.,0.,2.349404269839E-16));
#3143 = ADVANCED_FACE('',(#3144),#3155,.T.);
#3144 = FACE_BOUND('',#3145,.T.);
#3145 = EDGE_LOOP('',(#3146,#3147,#3153,#3154));
#3146 = ORIENTED_EDGE('',*,*,#3076,.F.);
#3147 = ORIENTED_EDGE('',*,*,#3148,.F.);
#3148 = EDGE_CURVE('',#2991,#3069,#3149,.T.);
#3149 = LINE('',#3150,#3151);
#3150 = CARTESIAN_POINT('',(1.324999999999,0.149999999999,
    -1.694065894508E-16));
#3151 = VECTOR('',#3152,1.);
#3152 = DIRECTION('',(0.,-1.,0.));
#3153 = ORIENTED_EDGE('',*,*,#2990,.T.);
#3154 = ORIENTED_EDGE('',*,*,#3126,.T.);
#3155 = PLANE('',#3156);
#3156 = AXIS2_PLACEMENT_3D('',#3157,#3158,#3159);
#3157 = CARTESIAN_POINT('',(1.324999999999,0.149999999999,
    -1.694065894508E-16));
#3158 = DIRECTION('',(1.,0.,0.));
#3159 = DIRECTION('',(0.,0.,-1.));
#3160 = ADVANCED_FACE('',(#3161),#3172,.T.);
#3161 = FACE_BOUND('',#3162,.T.);
#3162 = EDGE_LOOP('',(#3163,#3164,#3170,#3171));
#3163 = ORIENTED_EDGE('',*,*,#3068,.F.);
#3164 = ORIENTED_EDGE('',*,*,#3165,.F.);
#3165 = EDGE_CURVE('',#2999,#3060,#3166,.T.);
#3166 = LINE('',#3167,#3168);
#3167 = CARTESIAN_POINT('',(1.180787621035,0.149999999999,
    -1.355252715606E-16));
#3168 = VECTOR('',#3169,1.);
#3169 = DIRECTION('',(0.,-1.,0.));
#3170 = ORIENTED_EDGE('',*,*,#2998,.T.);
#3171 = ORIENTED_EDGE('',*,*,#3148,.T.);
#3172 = PLANE('',#3173);
#3173 = AXIS2_PLACEMENT_3D('',#3174,#3175,#3176);
#3174 = CARTESIAN_POINT('',(1.180787621035,0.149999999999,
    -1.355252715606E-16));
#3175 = DIRECTION('',(-2.349404269839E-16,0.,-1.));
#3176 = DIRECTION('',(-1.,0.,2.349404269839E-16));
#3177 = ADVANCED_FACE('',(#3178),#3189,.T.);
#3178 = FACE_BOUND('',#3179,.T.);
#3179 = EDGE_LOOP('',(#3180,#3181,#3187,#3188));
#3180 = ORIENTED_EDGE('',*,*,#3059,.F.);
#3181 = ORIENTED_EDGE('',*,*,#3182,.F.);
#3182 = EDGE_CURVE('',#3007,#3052,#3183,.T.);
#3183 = LINE('',#3184,#3185);
#3184 = CARTESIAN_POINT('',(1.033066458084,0.149999999999,0.123952773349
    ));
#3185 = VECTOR('',#3186,1.);
#3186 = DIRECTION('',(0.,-1.,0.));
#3187 = ORIENTED_EDGE('',*,*,#3006,.T.);
#3188 = ORIENTED_EDGE('',*,*,#3165,.T.);
#3189 = CYLINDRICAL_SURFACE('',#3190,0.15);
#3190 = AXIS2_PLACEMENT_3D('',#3191,#3192,#3193);
#3191 = CARTESIAN_POINT('',(1.180787621035,0.149999999999,0.149999999999
    ));
#3192 = DIRECTION('',(0.,-1.,0.));
#3193 = DIRECTION('',(0.,0.,-1.));
#3194 = ADVANCED_FACE('',(#3195),#3206,.T.);
#3195 = FACE_BOUND('',#3196,.T.);
#3196 = EDGE_LOOP('',(#3197,#3198,#3204,#3205));
#3197 = ORIENTED_EDGE('',*,*,#3051,.F.);
#3198 = ORIENTED_EDGE('',*,*,#3199,.F.);
#3199 = EDGE_CURVE('',#3016,#3043,#3200,.T.);
#3200 = LINE('',#3201,#3202);
#3201 = CARTESIAN_POINT('',(0.978452766614,0.149999999999,0.433682408883
    ));
#3202 = VECTOR('',#3203,1.);
#3203 = DIRECTION('',(0.,-1.,0.));
#3204 = ORIENTED_EDGE('',*,*,#3015,.T.);
#3205 = ORIENTED_EDGE('',*,*,#3182,.T.);
#3206 = PLANE('',#3207);
#3207 = AXIS2_PLACEMENT_3D('',#3208,#3209,#3210);
#3208 = CARTESIAN_POINT('',(0.978452766614,0.149999999999,0.433682408883
    ));
#3209 = DIRECTION('',(-0.984807753012,0.,-0.173648177666));
#3210 = DIRECTION('',(-0.173648177666,0.,0.984807753012));
#3211 = ADVANCED_FACE('',(#3212),#3218,.F.);
#3212 = FACE_BOUND('',#3213,.F.);
#3213 = EDGE_LOOP('',(#3214,#3215,#3216,#3217));
#3214 = ORIENTED_EDGE('',*,*,#3199,.F.);
#3215 = ORIENTED_EDGE('',*,*,#3023,.F.);
#3216 = ORIENTED_EDGE('',*,*,#2939,.T.);
#3217 = ORIENTED_EDGE('',*,*,#3042,.T.);
#3218 = CYLINDRICAL_SURFACE('',#3219,4.9999999999E-02);
#3219 = AXIS2_PLACEMENT_3D('',#3220,#3221,#3222);
#3220 = CARTESIAN_POINT('',(0.929212378964,0.149999999999,0.424999999999
    ));
#3221 = DIRECTION('',(0.,-1.,0.));
#3222 = DIRECTION('',(0.,0.,-1.));
#3223 = ADVANCED_FACE('',(#3224),#3235,.T.);
#3224 = FACE_BOUND('',#3225,.T.);
#3225 = EDGE_LOOP('',(#3226,#3227,#3233,#3234));
#3226 = ORIENTED_EDGE('',*,*,#3109,.T.);
#3227 = ORIENTED_EDGE('',*,*,#3228,.F.);
#3228 = EDGE_CURVE('',#2957,#3102,#3229,.T.);
#3229 = LINE('',#3230,#3231);
#3230 = CARTESIAN_POINT('',(1.076933541915,0.149999999999,0.45104722665)
  );
#3231 = VECTOR('',#3232,1.);
#3232 = DIRECTION('',(0.,-1.,0.));
#3233 = ORIENTED_EDGE('',*,*,#2956,.F.);
#3234 = ORIENTED_EDGE('',*,*,#2900,.T.);
#3235 = CYLINDRICAL_SURFACE('',#3236,0.149999999999);
#3236 = AXIS2_PLACEMENT_3D('',#3237,#3238,#3239);
#3237 = CARTESIAN_POINT('',(0.929212378964,0.149999999999,0.424999999999
    ));
#3238 = DIRECTION('',(0.,-1.,0.));
#3239 = DIRECTION('',(0.,0.,-1.));
#3240 = ADVANCED_FACE('',(#3241),#3252,.F.);
#3241 = FACE_BOUND('',#3242,.T.);
#3242 = EDGE_LOOP('',(#3243,#3244,#3250,#3251));
#3243 = ORIENTED_EDGE('',*,*,#3101,.T.);
#3244 = ORIENTED_EDGE('',*,*,#3245,.F.);
#3245 = EDGE_CURVE('',#2966,#3093,#3246,.T.);
#3246 = LINE('',#3247,#3248);
#3247 = CARTESIAN_POINT('',(1.131547233385,0.149999999999,0.141317591116
    ));
#3248 = VECTOR('',#3249,1.);
#3249 = DIRECTION('',(0.,-1.,0.));
#3250 = ORIENTED_EDGE('',*,*,#2965,.F.);
#3251 = ORIENTED_EDGE('',*,*,#3228,.T.);
#3252 = PLANE('',#3253);
#3253 = AXIS2_PLACEMENT_3D('',#3254,#3255,#3256);
#3254 = CARTESIAN_POINT('',(1.076933541915,0.149999999999,0.45104722665)
  );
#3255 = DIRECTION('',(-0.984807753012,0.,-0.173648177666));
#3256 = DIRECTION('',(-0.173648177666,0.,0.984807753012));
#3257 = ADVANCED_FACE('',(#3258),#3264,.F.);
#3258 = FACE_BOUND('',#3259,.F.);
#3259 = EDGE_LOOP('',(#3260,#3261,#3262,#3263));
#3260 = ORIENTED_EDGE('',*,*,#3245,.F.);
#3261 = ORIENTED_EDGE('',*,*,#2973,.T.);
#3262 = ORIENTED_EDGE('',*,*,#3133,.T.);
#3263 = ORIENTED_EDGE('',*,*,#3092,.F.);
#3264 = CYLINDRICAL_SURFACE('',#3265,5.E-02);
#3265 = AXIS2_PLACEMENT_3D('',#3266,#3267,#3268);
#3266 = CARTESIAN_POINT('',(1.180787621035,0.149999999999,0.149999999999
    ));
#3267 = DIRECTION('',(0.,-1.,0.));
#3268 = DIRECTION('',(0.,0.,-1.));
#3269 = ADVANCED_FACE('',(#3270),#3281,.F.);
#3270 = FACE_BOUND('',#3271,.T.);
#3271 = EDGE_LOOP('',(#3272,#3273,#3274,#3275));
#3272 = ORIENTED_EDGE('',*,*,#2011,.T.);
#3273 = ORIENTED_EDGE('',*,*,#1537,.T.);
#3274 = ORIENTED_EDGE('',*,*,#2178,.T.);
#3275 = ORIENTED_EDGE('',*,*,#3276,.F.);
#3276 = EDGE_CURVE('',#2012,#2179,#3277,.T.);
#3277 = LINE('',#3278,#3279);
#3278 = CARTESIAN_POINT('',(-0.652968065905,0.65,0.9499));
#3279 = VECTOR('',#3280,1.);
#3280 = DIRECTION('',(0.,-1.,0.));
#3281 = PLANE('',#3282);
#3282 = AXIS2_PLACEMENT_3D('',#3283,#3284,#3285);
#3283 = CARTESIAN_POINT('',(-0.652968065905,0.65,0.9499));
#3284 = DIRECTION('',(-1.,0.,0.));
#3285 = DIRECTION('',(0.,0.,1.));
#3286 = ADVANCED_FACE('',(#3287),#3298,.F.);
#3287 = FACE_BOUND('',#3288,.T.);
#3288 = EDGE_LOOP('',(#3289,#3290,#3296,#3297));
#3289 = ORIENTED_EDGE('',*,*,#2028,.T.);
#3290 = ORIENTED_EDGE('',*,*,#3291,.F.);
#3291 = EDGE_CURVE('',#2205,#2021,#3292,.T.);
#3292 = LINE('',#3293,#3294);
#3293 = CARTESIAN_POINT('',(-0.559255056446,0.65,0.9499));
#3294 = VECTOR('',#3295,1.);
#3295 = DIRECTION('',(0.,1.,0.));
#3296 = ORIENTED_EDGE('',*,*,#2204,.T.);
#3297 = ORIENTED_EDGE('',*,*,#1577,.T.);
#3298 = PLANE('',#3299);
#3299 = AXIS2_PLACEMENT_3D('',#3300,#3301,#3302);
#3300 = CARTESIAN_POINT('',(-0.559255056446,0.65,0.9499));
#3301 = DIRECTION('',(1.,0.,0.));
#3302 = DIRECTION('',(0.,0.,-1.));
#3303 = ADVANCED_FACE('',(#3304),#3310,.T.);
#3304 = FACE_BOUND('',#3305,.T.);
#3305 = EDGE_LOOP('',(#3306,#3307,#3308,#3309));
#3306 = ORIENTED_EDGE('',*,*,#3276,.T.);
#3307 = ORIENTED_EDGE('',*,*,#2213,.F.);
#3308 = ORIENTED_EDGE('',*,*,#3291,.T.);
#3309 = ORIENTED_EDGE('',*,*,#2020,.F.);
#3310 = PLANE('',#3311);
#3311 = AXIS2_PLACEMENT_3D('',#3312,#3313,#3314);
#3312 = CARTESIAN_POINT('',(0.,0.,0.9499));
#3313 = DIRECTION('',(0.,0.,1.));
#3314 = DIRECTION('',(1.,0.,-0.));
#3315 = ADVANCED_FACE('',(#3316),#3341,.F.);
#3316 = FACE_BOUND('',#3317,.T.);
#3317 = EDGE_LOOP('',(#3318,#3319,#3327,#3335));
#3318 = ORIENTED_EDGE('',*,*,#747,.T.);
#3319 = ORIENTED_EDGE('',*,*,#3320,.F.);
#3320 = EDGE_CURVE('',#3321,#738,#3323,.T.);
#3321 = VERTEX_POINT('',#3322);
#3322 = CARTESIAN_POINT('',(-3.2937160251E-02,0.619077790111,
    0.745741485643));
#3323 = LINE('',#3324,#3325);
#3324 = CARTESIAN_POINT('',(-3.2937160251E-02,0.619077790111,
    0.745741485643));
#3325 = VECTOR('',#3326,1.);
#3326 = DIRECTION('',(1.894677867305E-16,-0.990268068742,-0.13917310096)
  );
#3327 = ORIENTED_EDGE('',*,*,#3328,.F.);
#3328 = EDGE_CURVE('',#3329,#3321,#3331,.T.);
#3329 = VERTEX_POINT('',#3330);
#3330 = CARTESIAN_POINT('',(-3.2887827195E-02,0.620045851135,
    0.738853373546));
#3331 = LINE('',#3332,#3333);
#3332 = CARTESIAN_POINT('',(-3.2937160251E-02,0.619077790111,
    0.745741485643));
#3333 = VECTOR('',#3334,1.);
#3334 = DIRECTION('',(-7.092178509004E-03,-0.139169600782,0.990243163684
    ));
#3335 = ORIENTED_EDGE('',*,*,#3336,.T.);
#3336 = EDGE_CURVE('',#3329,#748,#3337,.T.);
#3337 = LINE('',#3338,#3339);
#3338 = CARTESIAN_POINT('',(-3.2887827195E-02,0.620045851135,
    0.738853373546));
#3339 = VECTOR('',#3340,1.);
#3340 = DIRECTION('',(1.894677867305E-16,-0.990268068742,-0.13917310096)
  );
#3341 = PLANE('',#3342);
#3342 = AXIS2_PLACEMENT_3D('',#3343,#3344,#3345);
#3343 = CARTESIAN_POINT('',(-3.2937160251E-02,0.619077790111,
    0.745741485643));
#3344 = DIRECTION('',(0.999974850186,-9.870404750007E-04,
    7.023157916005E-03));
#3345 = DIRECTION('',(7.02316133716E-03,-1.555177902147E-16,
    -0.999975337298));
#3346 = ADVANCED_FACE('',(#3347),#3365,.F.);
#3347 = FACE_BOUND('',#3348,.T.);
#3348 = EDGE_LOOP('',(#3349,#3350,#3358,#3364));
#3349 = ORIENTED_EDGE('',*,*,#737,.T.);
#3350 = ORIENTED_EDGE('',*,*,#3351,.F.);
#3351 = EDGE_CURVE('',#3352,#740,#3354,.T.);
#3352 = VERTEX_POINT('',#3353);
#3353 = CARTESIAN_POINT('',(-8.638628865E-03,0.619053805874,
    0.745912142358));
#3354 = LINE('',#3355,#3356);
#3355 = CARTESIAN_POINT('',(-8.638628865E-03,0.619053805874,
    0.745912142358));
#3356 = VECTOR('',#3357,1.);
#3357 = DIRECTION('',(1.894677867305E-16,-0.990268068742,-0.13917310096)
  );
#3358 = ORIENTED_EDGE('',*,*,#3359,.F.);
#3359 = EDGE_CURVE('',#3321,#3352,#3360,.T.);
#3360 = LINE('',#3361,#3362);
#3361 = CARTESIAN_POINT('',(-8.638628865E-03,0.619053805874,
    0.745912142358));
#3362 = VECTOR('',#3363,1.);
#3363 = DIRECTION('',(0.999974850186,-9.870404750007E-04,
    7.023157916005E-03));
#3364 = ORIENTED_EDGE('',*,*,#3320,.T.);
#3365 = PLANE('',#3366);
#3366 = AXIS2_PLACEMENT_3D('',#3367,#3368,#3369);
#3367 = CARTESIAN_POINT('',(-8.638628865E-03,0.619053805874,
    0.745912142358));
#3368 = DIRECTION('',(7.092178509004E-03,0.139169600782,-0.990243163684)
  );
#3369 = DIRECTION('',(2.53096155145E-15,0.990268068742,0.13917310096));
#3370 = ADVANCED_FACE('',(#3371),#3389,.F.);
#3371 = FACE_BOUND('',#3372,.T.);
#3372 = EDGE_LOOP('',(#3373,#3374,#3382,#3388));
#3373 = ORIENTED_EDGE('',*,*,#779,.T.);
#3374 = ORIENTED_EDGE('',*,*,#3375,.F.);
#3375 = EDGE_CURVE('',#3376,#772,#3378,.T.);
#3376 = VERTEX_POINT('',#3377);
#3377 = CARTESIAN_POINT('',(-9.022010858E-03,0.611530712806,
    0.799441730989));
#3378 = LINE('',#3379,#3380);
#3379 = CARTESIAN_POINT('',(-9.022010858E-03,0.611530712806,
    0.799441730989));
#3380 = VECTOR('',#3381,1.);
#3381 = DIRECTION('',(1.894677867305E-16,-0.990268068742,-0.13917310096)
  );
#3382 = ORIENTED_EDGE('',*,*,#3383,.F.);
#3383 = EDGE_CURVE('',#3352,#3376,#3384,.T.);
#3384 = LINE('',#3385,#3386);
#3385 = CARTESIAN_POINT('',(-9.022010858E-03,0.611530712806,
    0.799441730989));
#3386 = VECTOR('',#3387,1.);
#3387 = DIRECTION('',(-7.092178509004E-03,-0.139169600782,0.990243163684
    ));
#3388 = ORIENTED_EDGE('',*,*,#3351,.T.);
#3389 = PLANE('',#3390);
#3390 = AXIS2_PLACEMENT_3D('',#3391,#3392,#3393);
#3391 = CARTESIAN_POINT('',(-9.022010858E-03,0.611530712806,
    0.799441730989));
#3392 = DIRECTION('',(0.999974850186,-9.870404750007E-04,
    7.023157916005E-03));
#3393 = DIRECTION('',(7.02316133716E-03,-1.555177902147E-16,
    -0.999975337298));
#3394 = ADVANCED_FACE('',(#3395),#3413,.F.);
#3395 = FACE_BOUND('',#3396,.T.);
#3396 = EDGE_LOOP('',(#3397,#3398,#3406,#3412));
#3397 = ORIENTED_EDGE('',*,*,#771,.T.);
#3398 = ORIENTED_EDGE('',*,*,#3399,.F.);
#3399 = EDGE_CURVE('',#3400,#764,#3402,.T.);
#3400 = VERTEX_POINT('',#3401);
#3401 = CARTESIAN_POINT('',(-1.146042726E-03,0.611522938711,
    0.799497046548));
#3402 = LINE('',#3403,#3404);
#3403 = CARTESIAN_POINT('',(-1.146042726E-03,0.611522938711,
    0.799497046548));
#3404 = VECTOR('',#3405,1.);
#3405 = DIRECTION('',(1.894677867305E-16,-0.990268068742,-0.13917310096)
  );
#3406 = ORIENTED_EDGE('',*,*,#3407,.F.);
#3407 = EDGE_CURVE('',#3376,#3400,#3408,.T.);
#3408 = LINE('',#3409,#3410);
#3409 = CARTESIAN_POINT('',(-1.146042726E-03,0.611522938711,
    0.799497046548));
#3410 = VECTOR('',#3411,1.);
#3411 = DIRECTION('',(0.999974850186,-9.870404750007E-04,
    7.023157916005E-03));
#3412 = ORIENTED_EDGE('',*,*,#3375,.T.);
#3413 = PLANE('',#3414);
#3414 = AXIS2_PLACEMENT_3D('',#3415,#3416,#3417);
#3415 = CARTESIAN_POINT('',(-1.146042726E-03,0.611522938711,
    0.799497046548));
#3416 = DIRECTION('',(7.092178509004E-03,0.139169600782,-0.990243163684)
  );
#3417 = DIRECTION('',(2.53096155145E-15,0.990268068742,0.13917310096));
#3418 = ADVANCED_FACE('',(#3419),#3437,.F.);
#3419 = FACE_BOUND('',#3420,.T.);
#3420 = EDGE_LOOP('',(#3421,#3422,#3430,#3436));
#3421 = ORIENTED_EDGE('',*,*,#763,.T.);
#3422 = ORIENTED_EDGE('',*,*,#3423,.F.);
#3423 = EDGE_CURVE('',#3424,#756,#3426,.T.);
#3424 = VERTEX_POINT('',#3425);
#3425 = CARTESIAN_POINT('',(-7.13327678E-04,0.620014092803,0.73907934582
    ));
#3426 = LINE('',#3427,#3428);
#3427 = CARTESIAN_POINT('',(-7.13327678E-04,0.620014092803,0.73907934582
    ));
#3428 = VECTOR('',#3429,1.);
#3429 = DIRECTION('',(1.894677867305E-16,-0.990268068742,-0.13917310096)
  );
#3430 = ORIENTED_EDGE('',*,*,#3431,.F.);
#3431 = EDGE_CURVE('',#3400,#3424,#3432,.T.);
#3432 = LINE('',#3433,#3434);
#3433 = CARTESIAN_POINT('',(-7.13327678E-04,0.620014092803,0.73907934582
    ));
#3434 = VECTOR('',#3435,1.);
#3435 = DIRECTION('',(7.092178509004E-03,0.139169600782,-0.990243163684)
  );
#3436 = ORIENTED_EDGE('',*,*,#3399,.T.);
#3437 = PLANE('',#3438);
#3438 = AXIS2_PLACEMENT_3D('',#3439,#3440,#3441);
#3439 = CARTESIAN_POINT('',(-7.13327678E-04,0.620014092803,0.73907934582
    ));
#3440 = DIRECTION('',(-0.999974850186,9.870404750007E-04,
    -7.023157916005E-03));
#3441 = DIRECTION('',(-7.02316133716E-03,1.555177902147E-16,
    0.999975337298));
#3442 = ADVANCED_FACE('',(#3443),#3454,.F.);
#3443 = FACE_BOUND('',#3444,.T.);
#3444 = EDGE_LOOP('',(#3445,#3446,#3447,#3453));
#3445 = ORIENTED_EDGE('',*,*,#755,.T.);
#3446 = ORIENTED_EDGE('',*,*,#3336,.F.);
#3447 = ORIENTED_EDGE('',*,*,#3448,.F.);
#3448 = EDGE_CURVE('',#3424,#3329,#3449,.T.);
#3449 = LINE('',#3450,#3451);
#3450 = CARTESIAN_POINT('',(-3.2887827195E-02,0.620045851135,
    0.738853373546));
#3451 = VECTOR('',#3452,1.);
#3452 = DIRECTION('',(-0.999974850186,9.870404750007E-04,
    -7.023157916005E-03));
#3453 = ORIENTED_EDGE('',*,*,#3423,.T.);
#3454 = PLANE('',#3455);
#3455 = AXIS2_PLACEMENT_3D('',#3456,#3457,#3458);
#3456 = CARTESIAN_POINT('',(-3.2887827195E-02,0.620045851135,
    0.738853373546));
#3457 = DIRECTION('',(-7.092178509004E-03,-0.139169600782,0.990243163684
    ));
#3458 = DIRECTION('',(-2.53096155145E-15,-0.990268068742,-0.13917310096)
  );
#3459 = ADVANCED_FACE('',(#3460),#3468,.F.);
#3460 = FACE_BOUND('',#3461,.T.);
#3461 = EDGE_LOOP('',(#3462,#3463,#3464,#3465,#3466,#3467));
#3462 = ORIENTED_EDGE('',*,*,#3328,.T.);
#3463 = ORIENTED_EDGE('',*,*,#3359,.T.);
#3464 = ORIENTED_EDGE('',*,*,#3383,.T.);
#3465 = ORIENTED_EDGE('',*,*,#3407,.T.);
#3466 = ORIENTED_EDGE('',*,*,#3431,.T.);
#3467 = ORIENTED_EDGE('',*,*,#3448,.T.);
#3468 = PLANE('',#3469);
#3469 = AXIS2_PLACEMENT_3D('',#3470,#3471,#3472);
#3470 = CARTESIAN_POINT('',(-1.491567792457E-15,0.709863883888,
    9.9764862766E-02));
#3471 = DIRECTION('',(2.081017649869E-15,-0.990268068742,-0.13917310096)
  );
#3472 = DIRECTION('',(0.,0.13917310096,-0.990268068742));
#3473 = ADVANCED_FACE('',(#3474),#3500,.F.);
#3474 = FACE_BOUND('',#3475,.F.);
#3475 = EDGE_LOOP('',(#3476,#3484,#3493,#3499));
#3476 = ORIENTED_EDGE('',*,*,#3477,.F.);
#3477 = EDGE_CURVE('',#3478,#798,#3480,.T.);
#3478 = VERTEX_POINT('',#3479);
#3479 = CARTESIAN_POINT('',(-6.4166055645E-02,0.620219987662,
    0.737614327773));
#3480 = LINE('',#3481,#3482);
#3481 = CARTESIAN_POINT('',(-6.4166055645E-02,0.620219987662,
    0.737614327773));
#3482 = VECTOR('',#3483,1.);
#3483 = DIRECTION('',(1.894677867305E-16,-0.990268068742,-0.13917310096)
  );
#3484 = ORIENTED_EDGE('',*,*,#3485,.T.);
#3485 = EDGE_CURVE('',#3478,#3486,#3488,.T.);
#3486 = VERTEX_POINT('',#3487);
#3487 = CARTESIAN_POINT('',(-8.1081717782E-02,0.619741776418,
    0.741016977581));
#3488 = B_SPLINE_CURVE_WITH_KNOTS('',3,(#3489,#3490,#3491,#3492),
  .UNSPECIFIED.,.F.,.F.,(4,4),(0.,1.),.PIECEWISE_BEZIER_KNOTS.);
#3489 = CARTESIAN_POINT('',(-6.4166055645E-02,0.620219987662,
    0.737614327773));
#3490 = CARTESIAN_POINT('',(-7.0934709446E-02,0.620226668765,
    0.737566789253));
#3491 = CARTESIAN_POINT('',(-7.6573263491E-02,0.620067265017,
    0.738701005855));
#3492 = CARTESIAN_POINT('',(-8.1081717782E-02,0.619741776418,
    0.741016977581));
#3493 = ORIENTED_EDGE('',*,*,#3494,.T.);
#3494 = EDGE_CURVE('',#3486,#788,#3495,.T.);
#3495 = LINE('',#3496,#3497);
#3496 = CARTESIAN_POINT('',(-8.1081717782E-02,0.619741776418,
    0.741016977581));
#3497 = VECTOR('',#3498,1.);
#3498 = DIRECTION('',(1.894677867305E-16,-0.990268068742,-0.13917310096)
  );
#3499 = ORIENTED_EDGE('',*,*,#797,.F.);
#3500 = B_SPLINE_SURFACE_WITH_KNOTS('',3,1,(
    (#3501,#3502)
    ,(#3503,#3504)
    ,(#3505,#3506)
    ,(#3507,#3508
    )),.UNSPECIFIED.,.F.,.F.,.F.,(4,4),(2,2),(0.,1.),(0.,1.),
  .PIECEWISE_BEZIER_KNOTS.);
#3501 = CARTESIAN_POINT('',(-6.4166055645E-02,0.620219987662,
    0.737614327773));
#3502 = CARTESIAN_POINT('',(-6.4166055645E-02,0.620120960855,
    0.737600410463));
#3503 = CARTESIAN_POINT('',(-7.0934709446E-02,0.620226668765,
    0.737566789253));
#3504 = CARTESIAN_POINT('',(-7.0934709446E-02,0.620127641958,
    0.737552871943));
#3505 = CARTESIAN_POINT('',(-7.6573263491E-02,0.620067265017,
    0.738701005855));
#3506 = CARTESIAN_POINT('',(-7.6573263491E-02,0.61996823821,
    0.738687088545));
#3507 = CARTESIAN_POINT('',(-8.1081717782E-02,0.619741776418,
    0.741016977581));
#3508 = CARTESIAN_POINT('',(-8.1081717782E-02,0.619642749611,
    0.74100306027));
#3509 = ADVANCED_FACE('',(#3510),#3528,.F.);
#3510 = FACE_BOUND('',#3511,.T.);
#3511 = EDGE_LOOP('',(#3512,#3513,#3521,#3527));
#3512 = ORIENTED_EDGE('',*,*,#787,.T.);
#3513 = ORIENTED_EDGE('',*,*,#3514,.F.);
#3514 = EDGE_CURVE('',#3515,#790,#3517,.T.);
#3515 = VERTEX_POINT('',#3516);
#3516 = CARTESIAN_POINT('',(-8.1135254102E-02,0.618691234858,
    0.748491969184));
#3517 = LINE('',#3518,#3519);
#3518 = CARTESIAN_POINT('',(-8.1135254102E-02,0.618691234858,
    0.748491969184));
#3519 = VECTOR('',#3520,1.);
#3520 = DIRECTION('',(1.894677867305E-16,-0.990268068742,-0.13917310096)
  );
#3521 = ORIENTED_EDGE('',*,*,#3522,.F.);
#3522 = EDGE_CURVE('',#3486,#3515,#3523,.T.);
#3523 = LINE('',#3524,#3525);
#3524 = CARTESIAN_POINT('',(-8.1135254102E-02,0.618691234858,
    0.748491969184));
#3525 = VECTOR('',#3526,1.);
#3526 = DIRECTION('',(-7.092178509004E-03,-0.139169600782,0.990243163684
    ));
#3527 = ORIENTED_EDGE('',*,*,#3494,.T.);
#3528 = PLANE('',#3529);
#3529 = AXIS2_PLACEMENT_3D('',#3530,#3531,#3532);
#3530 = CARTESIAN_POINT('',(-8.1135254102E-02,0.618691234858,
    0.748491969184));
#3531 = DIRECTION('',(0.999974850186,-9.870404750007E-04,
    7.023157916005E-03));
#3532 = DIRECTION('',(7.02316133716E-03,-1.555177902147E-16,
    -0.999975337298));
#3533 = ADVANCED_FACE('',(#3534),#3553,.F.);
#3534 = FACE_BOUND('',#3535,.F.);
#3535 = EDGE_LOOP('',(#3536,#3537,#3546,#3552));
#3536 = ORIENTED_EDGE('',*,*,#3514,.F.);
#3537 = ORIENTED_EDGE('',*,*,#3538,.T.);
#3538 = EDGE_CURVE('',#3515,#3539,#3541,.T.);
#3539 = VERTEX_POINT('',#3540);
#3540 = CARTESIAN_POINT('',(-6.5354337433E-02,0.619244368257,
    0.74455622055));
#3541 = B_SPLINE_CURVE_WITH_KNOTS('',3,(#3542,#3543,#3544,#3545),
  .UNSPECIFIED.,.F.,.F.,(4,4),(12.,13.),.PIECEWISE_BEZIER_KNOTS.);
#3542 = CARTESIAN_POINT('',(-8.1135254102E-02,0.618691234858,
    0.748491969184));
#3543 = CARTESIAN_POINT('',(-7.6655558295E-02,0.619064506135,
    0.745836006042));
#3544 = CARTESIAN_POINT('',(-7.1389980339E-02,0.61925032583,
    0.74451383021));
#3545 = CARTESIAN_POINT('',(-6.5354337433E-02,0.619244368257,
    0.74455622055));
#3546 = ORIENTED_EDGE('',*,*,#3547,.T.);
#3547 = EDGE_CURVE('',#3539,#896,#3548,.T.);
#3548 = LINE('',#3549,#3550);
#3549 = CARTESIAN_POINT('',(-6.5354337433E-02,0.619244368257,
    0.74455622055));
#3550 = VECTOR('',#3551,1.);
#3551 = DIRECTION('',(1.894677867305E-16,-0.990268068742,-0.13917310096)
  );
#3552 = ORIENTED_EDGE('',*,*,#904,.F.);
#3553 = B_SPLINE_SURFACE_WITH_KNOTS('',3,1,(
    (#3554,#3555)
    ,(#3556,#3557)
    ,(#3558,#3559)
    ,(#3560,#3561
    )),.UNSPECIFIED.,.F.,.F.,.F.,(4,4),(2,2),(12.,13.),(0.,1.),
  .PIECEWISE_BEZIER_KNOTS.);
#3554 = CARTESIAN_POINT('',(-8.1135254102E-02,0.618691234858,
    0.748491969184));
#3555 = CARTESIAN_POINT('',(-8.1135254102E-02,0.618592208051,
    0.748478051874));
#3556 = CARTESIAN_POINT('',(-7.6655558295E-02,0.619064506135,
    0.745836006042));
#3557 = CARTESIAN_POINT('',(-7.6655558295E-02,0.618965479328,
    0.745822088732));
#3558 = CARTESIAN_POINT('',(-7.1389980339E-02,0.61925032583,
    0.74451383021));
#3559 = CARTESIAN_POINT('',(-7.1389980339E-02,0.619151299023,
    0.7444999129));
#3560 = CARTESIAN_POINT('',(-6.5354337433E-02,0.619244368257,
    0.74455622055));
#3561 = CARTESIAN_POINT('',(-6.5354337433E-02,0.61914534145,
    0.74454230324));
#3562 = ADVANCED_FACE('',(#3563),#3582,.F.);
#3563 = FACE_BOUND('',#3564,.F.);
#3564 = EDGE_LOOP('',(#3565,#3566,#3575,#3581));
#3565 = ORIENTED_EDGE('',*,*,#3547,.F.);
#3566 = ORIENTED_EDGE('',*,*,#3567,.T.);
#3567 = EDGE_CURVE('',#3539,#3568,#3570,.T.);
#3568 = VERTEX_POINT('',#3569);
#3569 = CARTESIAN_POINT('',(-4.9725953291E-02,0.618334634388,
    0.751029313371));
#3570 = B_SPLINE_CURVE_WITH_KNOTS('',3,(#3571,#3572,#3573,#3574),
  .UNSPECIFIED.,.F.,.F.,(4,4),(11.,12.),.PIECEWISE_BEZIER_KNOTS.);
#3571 = CARTESIAN_POINT('',(-6.5354337433E-02,0.619244368257,
    0.74455622055));
#3572 = CARTESIAN_POINT('',(-5.8897603163E-02,0.619237995038,
    0.744601568355));
#3573 = CARTESIAN_POINT('',(-5.3688215524E-02,0.618933303389,
    0.746769562093));
#3574 = CARTESIAN_POINT('',(-4.9725953291E-02,0.618334634388,
    0.751029313371));
#3575 = ORIENTED_EDGE('',*,*,#3576,.T.);
#3576 = EDGE_CURVE('',#3568,#887,#3577,.T.);
#3577 = LINE('',#3578,#3579);
#3578 = CARTESIAN_POINT('',(-4.9725953291E-02,0.618334634388,
    0.751029313371));
#3579 = VECTOR('',#3580,1.);
#3580 = DIRECTION('',(1.894677867305E-16,-0.990268068742,-0.13917310096)
  );
#3581 = ORIENTED_EDGE('',*,*,#895,.F.);
#3582 = B_SPLINE_SURFACE_WITH_KNOTS('',3,1,(
    (#3583,#3584)
    ,(#3585,#3586)
    ,(#3587,#3588)
    ,(#3589,#3590
    )),.UNSPECIFIED.,.F.,.F.,.F.,(4,4),(2,2),(11.,12.),(0.,1.),
  .PIECEWISE_BEZIER_KNOTS.);
#3583 = CARTESIAN_POINT('',(-6.5354337433E-02,0.619244368257,
    0.74455622055));
#3584 = CARTESIAN_POINT('',(-6.5354337433E-02,0.61914534145,
    0.74454230324));
#3585 = CARTESIAN_POINT('',(-5.8897603163E-02,0.619237995038,
    0.744601568355));
#3586 = CARTESIAN_POINT('',(-5.8897603163E-02,0.619138968231,
    0.744587651045));
#3587 = CARTESIAN_POINT('',(-5.3688215524E-02,0.618933303389,
    0.746769562093));
#3588 = CARTESIAN_POINT('',(-5.3688215524E-02,0.618834276582,
    0.746755644783));
#3589 = CARTESIAN_POINT('',(-4.9725953291E-02,0.618334634388,
    0.751029313371));
#3590 = CARTESIAN_POINT('',(-4.9725953291E-02,0.618235607581,
    0.751015396061));
#3591 = ADVANCED_FACE('',(#3592),#3611,.F.);
#3592 = FACE_BOUND('',#3593,.F.);
#3593 = EDGE_LOOP('',(#3594,#3595,#3604,#3610));
#3594 = ORIENTED_EDGE('',*,*,#3576,.F.);
#3595 = ORIENTED_EDGE('',*,*,#3596,.T.);
#3596 = EDGE_CURVE('',#3568,#3597,#3599,.T.);
#3597 = VERTEX_POINT('',#3598);
#3598 = CARTESIAN_POINT('',(-4.3860541566E-02,0.615906399898,
    0.768307099544));
#3599 = B_SPLINE_CURVE_WITH_KNOTS('',3,(#3600,#3601,#3602,#3603),
  .UNSPECIFIED.,.F.,.F.,(4,4),(10.,11.),.PIECEWISE_BEZIER_KNOTS.);
#3600 = CARTESIAN_POINT('',(-4.9725953291E-02,0.618334634388,
    0.751029313371));
#3601 = CARTESIAN_POINT('',(-4.5763912283E-02,0.617731624307,
    0.755319953043));
#3602 = CARTESIAN_POINT('',(-4.3808775042E-02,0.616922212811,
    0.761079215101));
#3603 = CARTESIAN_POINT('',(-4.3860541566E-02,0.615906399898,
    0.768307099544));
#3604 = ORIENTED_EDGE('',*,*,#3605,.T.);
#3605 = EDGE_CURVE('',#3597,#878,#3606,.T.);
#3606 = LINE('',#3607,#3608);
#3607 = CARTESIAN_POINT('',(-4.3860541566E-02,0.615906399898,
    0.768307099544));
#3608 = VECTOR('',#3609,1.);
#3609 = DIRECTION('',(1.894677867305E-16,-0.990268068742,-0.13917310096)
  );
#3610 = ORIENTED_EDGE('',*,*,#886,.F.);
#3611 = B_SPLINE_SURFACE_WITH_KNOTS('',3,1,(
    (#3612,#3613)
    ,(#3614,#3615)
    ,(#3616,#3617)
    ,(#3618,#3619
    )),.UNSPECIFIED.,.F.,.F.,.F.,(4,4),(2,2),(10.,11.),(0.,1.),
  .PIECEWISE_BEZIER_KNOTS.);
#3612 = CARTESIAN_POINT('',(-4.9725953291E-02,0.618334634388,
    0.751029313371));
#3613 = CARTESIAN_POINT('',(-4.9725953291E-02,0.618235607581,
    0.751015396061));
#3614 = CARTESIAN_POINT('',(-4.5763912283E-02,0.617731624307,
    0.755319953043));
#3615 = CARTESIAN_POINT('',(-4.5763912283E-02,0.6176325975,
    0.755306035733));
#3616 = CARTESIAN_POINT('',(-4.3808775042E-02,0.616922212811,
    0.761079215101));
#3617 = CARTESIAN_POINT('',(-4.3808775042E-02,0.616823186004,
    0.761065297791));
#3618 = CARTESIAN_POINT('',(-4.3860541566E-02,0.615906399898,
    0.768307099544));
#3619 = CARTESIAN_POINT('',(-4.3860541566E-02,0.615807373091,
    0.768293182234));
#3620 = ADVANCED_FACE('',(#3621),#3640,.F.);
#3621 = FACE_BOUND('',#3622,.F.);
#3622 = EDGE_LOOP('',(#3623,#3624,#3633,#3639));
#3623 = ORIENTED_EDGE('',*,*,#3605,.F.);
#3624 = ORIENTED_EDGE('',*,*,#3625,.T.);
#3625 = EDGE_CURVE('',#3597,#3626,#3628,.T.);
#3626 = VERTEX_POINT('',#3627);
#3627 = CARTESIAN_POINT('',(-5.0400567891E-02,0.613360171409,
    0.786424456639));
#3628 = B_SPLINE_CURVE_WITH_KNOTS('',3,(#3629,#3630,#3631,#3632),
  .UNSPECIFIED.,.F.,.F.,(4,4),(9.,10.),.PIECEWISE_BEZIER_KNOTS.);
#3629 = CARTESIAN_POINT('',(-4.3860541566E-02,0.615906399898,
    0.768307099544));
#3630 = CARTESIAN_POINT('',(-4.3914962784E-02,0.614838494015,
    0.775905644728));
#3631 = CARTESIAN_POINT('',(-4.6094971558E-02,0.613989751186,
    0.781944763759));
#3632 = CARTESIAN_POINT('',(-5.0400567891E-02,0.613360171409,
    0.786424456639));
#3633 = ORIENTED_EDGE('',*,*,#3634,.T.);
#3634 = EDGE_CURVE('',#3626,#869,#3635,.T.);
#3635 = LINE('',#3636,#3637);
#3636 = CARTESIAN_POINT('',(-5.0400567891E-02,0.613360171409,
    0.786424456639));
#3637 = VECTOR('',#3638,1.);
#3638 = DIRECTION('',(1.894677867305E-16,-0.990268068742,-0.13917310096)
  );
#3639 = ORIENTED_EDGE('',*,*,#877,.F.);
#3640 = B_SPLINE_SURFACE_WITH_KNOTS('',3,1,(
    (#3641,#3642)
    ,(#3643,#3644)
    ,(#3645,#3646)
    ,(#3647,#3648
    )),.UNSPECIFIED.,.F.,.F.,.F.,(4,4),(2,2),(9.,10.),(0.,1.),
  .PIECEWISE_BEZIER_KNOTS.);
#3641 = CARTESIAN_POINT('',(-4.3860541566E-02,0.615906399898,
    0.768307099544));
#3642 = CARTESIAN_POINT('',(-4.3860541566E-02,0.615807373091,
    0.768293182234));
#3643 = CARTESIAN_POINT('',(-4.3914962784E-02,0.614838494015,
    0.775905644728));
#3644 = CARTESIAN_POINT('',(-4.3914962784E-02,0.614739467208,
    0.775891727418));
#3645 = CARTESIAN_POINT('',(-4.6094971558E-02,0.613989751186,
    0.781944763759));
#3646 = CARTESIAN_POINT('',(-4.6094971558E-02,0.613890724379,
    0.781930846449));
#3647 = CARTESIAN_POINT('',(-5.0400567891E-02,0.613360171409,
    0.786424456639));
#3648 = CARTESIAN_POINT('',(-5.0400567891E-02,0.613261144602,
    0.786410539329));
#3649 = ADVANCED_FACE('',(#3650),#3669,.F.);
#3650 = FACE_BOUND('',#3651,.F.);
#3651 = EDGE_LOOP('',(#3652,#3653,#3662,#3668));
#3652 = ORIENTED_EDGE('',*,*,#3634,.F.);
#3653 = ORIENTED_EDGE('',*,*,#3654,.T.);
#3654 = EDGE_CURVE('',#3626,#3655,#3657,.T.);
#3655 = VERTEX_POINT('',#3656);
#3656 = CARTESIAN_POINT('',(-6.7073884547E-02,0.612434567138,
    0.793010473245));
#3657 = B_SPLINE_CURVE_WITH_KNOTS('',3,(#3658,#3659,#3660,#3661),
  .UNSPECIFIED.,.F.,.F.,(4,4),(8.,9.),.PIECEWISE_BEZIER_KNOTS.);
#3658 = CARTESIAN_POINT('',(-5.0400567891E-02,0.613360171409,
    0.786424456639));
#3659 = CARTESIAN_POINT('',(-5.4721538975E-02,0.612734948108,
    0.790873151588));
#3660 = CARTESIAN_POINT('',(-6.0274038794E-02,0.612427855246,
    0.793058230837));
#3661 = CARTESIAN_POINT('',(-6.7073884547E-02,0.612434567138,
    0.793010473245));
#3662 = ORIENTED_EDGE('',*,*,#3663,.T.);
#3663 = EDGE_CURVE('',#3655,#860,#3664,.T.);
#3664 = LINE('',#3665,#3666);
#3665 = CARTESIAN_POINT('',(-6.7073884547E-02,0.612434567138,
    0.793010473245));
#3666 = VECTOR('',#3667,1.);
#3667 = DIRECTION('',(1.894677867305E-16,-0.990268068742,-0.13917310096)
  );
#3668 = ORIENTED_EDGE('',*,*,#868,.F.);
#3669 = B_SPLINE_SURFACE_WITH_KNOTS('',3,1,(
    (#3670,#3671)
    ,(#3672,#3673)
    ,(#3674,#3675)
    ,(#3676,#3677
    )),.UNSPECIFIED.,.F.,.F.,.F.,(4,4),(2,2),(8.,9.),(0.,1.),
  .PIECEWISE_BEZIER_KNOTS.);
#3670 = CARTESIAN_POINT('',(-5.0400567891E-02,0.613360171409,
    0.786424456639));
#3671 = CARTESIAN_POINT('',(-5.0400567891E-02,0.613261144602,
    0.786410539329));
#3672 = CARTESIAN_POINT('',(-5.4721538975E-02,0.612734948108,
    0.790873151588));
#3673 = CARTESIAN_POINT('',(-5.4721538975E-02,0.612635921301,
    0.790859234278));
#3674 = CARTESIAN_POINT('',(-6.0274038794E-02,0.612427855246,
    0.793058230837));
#3675 = CARTESIAN_POINT('',(-6.0274038794E-02,0.612328828439,
    0.793044313526));
#3676 = CARTESIAN_POINT('',(-6.7073884547E-02,0.612434567138,
    0.793010473245));
#3677 = CARTESIAN_POINT('',(-6.7073884547E-02,0.612335540331,
    0.792996555935));
#3678 = ADVANCED_FACE('',(#3679),#3698,.F.);
#3679 = FACE_BOUND('',#3680,.F.);
#3680 = EDGE_LOOP('',(#3681,#3682,#3691,#3697));
#3681 = ORIENTED_EDGE('',*,*,#3663,.F.);
#3682 = ORIENTED_EDGE('',*,*,#3683,.T.);
#3683 = EDGE_CURVE('',#3655,#3684,#3686,.T.);
#3684 = VERTEX_POINT('',#3685);
#3685 = CARTESIAN_POINT('',(-8.1427712842E-02,0.612952326009,
    0.789326427448));
#3686 = B_SPLINE_CURVE_WITH_KNOTS('',3,(#3687,#3688,#3689,#3690),
  .UNSPECIFIED.,.F.,.F.,(4,4),(7.,8.),.PIECEWISE_BEZIER_KNOTS.);
#3687 = CARTESIAN_POINT('',(-6.7073884547E-02,0.612434567138,
    0.793010473245));
#3688 = CARTESIAN_POINT('',(-7.2298536674E-02,0.612439724211,
    0.792973778765));
#3689 = CARTESIAN_POINT('',(-7.707809493E-02,0.612609411316,
    0.791766392275));
#3690 = CARTESIAN_POINT('',(-8.1427712842E-02,0.612952326009,
    0.789326427448));
#3691 = ORIENTED_EDGE('',*,*,#3692,.T.);
#3692 = EDGE_CURVE('',#3684,#852,#3693,.T.);
#3693 = LINE('',#3694,#3695);
#3694 = CARTESIAN_POINT('',(-8.1427712842E-02,0.612952326009,
    0.789326427448));
#3695 = VECTOR('',#3696,1.);
#3696 = DIRECTION('',(1.894677867305E-16,-0.990268068742,-0.13917310096)
  );
#3697 = ORIENTED_EDGE('',*,*,#859,.F.);
#3698 = B_SPLINE_SURFACE_WITH_KNOTS('',3,1,(
    (#3699,#3700)
    ,(#3701,#3702)
    ,(#3703,#3704)
    ,(#3705,#3706
    )),.UNSPECIFIED.,.F.,.F.,.F.,(4,4),(2,2),(7.,8.),(0.,1.),
  .PIECEWISE_BEZIER_KNOTS.);
#3699 = CARTESIAN_POINT('',(-6.7073884547E-02,0.612434567138,
    0.793010473245));
#3700 = CARTESIAN_POINT('',(-6.7073884547E-02,0.612335540331,
    0.792996555935));
#3701 = CARTESIAN_POINT('',(-7.2298536674E-02,0.612439724211,
    0.792973778765));
#3702 = CARTESIAN_POINT('',(-7.2298536674E-02,0.612340697404,
    0.792959861455));
#3703 = CARTESIAN_POINT('',(-7.707809493E-02,0.612609411316,
    0.791766392275));
#3704 = CARTESIAN_POINT('',(-7.707809493E-02,0.612510384509,
    0.791752474965));
#3705 = CARTESIAN_POINT('',(-8.1427712842E-02,0.612952326009,
    0.789326427448));
#3706 = CARTESIAN_POINT('',(-8.1427712842E-02,0.612853299202,
    0.789312510137));
#3707 = ADVANCED_FACE('',(#3708),#3726,.F.);
#3708 = FACE_BOUND('',#3709,.T.);
#3709 = EDGE_LOOP('',(#3710,#3711,#3719,#3725));
#3710 = ORIENTED_EDGE('',*,*,#851,.T.);
#3711 = ORIENTED_EDGE('',*,*,#3712,.F.);
#3712 = EDGE_CURVE('',#3713,#843,#3715,.T.);
#3713 = VERTEX_POINT('',#3714);
#3714 = CARTESIAN_POINT('',(-8.14861161E-02,0.611806280672,
    0.797480963742));
#3715 = LINE('',#3716,#3717);
#3716 = CARTESIAN_POINT('',(-8.14861161E-02,0.611806280672,
    0.797480963742));
#3717 = VECTOR('',#3718,1.);
#3718 = DIRECTION('',(1.894677867305E-16,-0.990268068742,-0.13917310096)
  );
#3719 = ORIENTED_EDGE('',*,*,#3720,.F.);
#3720 = EDGE_CURVE('',#3684,#3713,#3721,.T.);
#3721 = LINE('',#3722,#3723);
#3722 = CARTESIAN_POINT('',(-8.14861161E-02,0.611806280672,
    0.797480963742));
#3723 = VECTOR('',#3724,1.);
#3724 = DIRECTION('',(-7.092178509004E-03,-0.139169600782,0.990243163684
    ));
#3725 = ORIENTED_EDGE('',*,*,#3692,.T.);
#3726 = PLANE('',#3727);
#3727 = AXIS2_PLACEMENT_3D('',#3728,#3729,#3730);
#3728 = CARTESIAN_POINT('',(-8.14861161E-02,0.611806280672,
    0.797480963742));
#3729 = DIRECTION('',(0.999974850186,-9.870404750007E-04,
    7.023157916005E-03));
#3730 = DIRECTION('',(7.02316133716E-03,-1.555177902147E-16,
    -0.999975337298));
#3731 = ADVANCED_FACE('',(#3732),#3751,.F.);
#3732 = FACE_BOUND('',#3733,.F.);
#3733 = EDGE_LOOP('',(#3734,#3735,#3744,#3750));
#3734 = ORIENTED_EDGE('',*,*,#3712,.F.);
#3735 = ORIENTED_EDGE('',*,*,#3736,.T.);
#3736 = EDGE_CURVE('',#3713,#3737,#3739,.T.);
#3737 = VERTEX_POINT('',#3738);
#3738 = CARTESIAN_POINT('',(-6.7046343842E-02,0.611444723739,
    0.800053574997));
#3739 = B_SPLINE_CURVE_WITH_KNOTS('',3,(#3740,#3741,#3742,#3743),
  .UNSPECIFIED.,.F.,.F.,(4,4),(5.,6.),.PIECEWISE_BEZIER_KNOTS.);
#3740 = CARTESIAN_POINT('',(-8.14861161E-02,0.611806280672,
    0.797480963742));
#3741 = CARTESIAN_POINT('',(-7.769242273E-02,0.611572447192,
    0.799144775406));
#3742 = CARTESIAN_POINT('',(-7.2879239053E-02,0.611450481187,
    0.800012608622));
#3743 = CARTESIAN_POINT('',(-6.7046343842E-02,0.611444723739,
    0.800053574997));
#3744 = ORIENTED_EDGE('',*,*,#3745,.T.);
#3745 = EDGE_CURVE('',#3737,#834,#3746,.T.);
#3746 = LINE('',#3747,#3748);
#3747 = CARTESIAN_POINT('',(-6.7046343842E-02,0.611444723739,
    0.800053574997));
#3748 = VECTOR('',#3749,1.);
#3749 = DIRECTION('',(1.894677867305E-16,-0.990268068742,-0.13917310096)
  );
#3750 = ORIENTED_EDGE('',*,*,#842,.F.);
#3751 = B_SPLINE_SURFACE_WITH_KNOTS('',3,1,(
    (#3752,#3753)
    ,(#3754,#3755)
    ,(#3756,#3757)
    ,(#3758,#3759
    )),.UNSPECIFIED.,.F.,.F.,.F.,(4,4),(2,2),(5.,6.),(0.,1.),
  .PIECEWISE_BEZIER_KNOTS.);
#3752 = CARTESIAN_POINT('',(-8.14861161E-02,0.611806280672,
    0.797480963742));
#3753 = CARTESIAN_POINT('',(-8.14861161E-02,0.611707253865,
    0.797467046432));
#3754 = CARTESIAN_POINT('',(-7.769242273E-02,0.611572447192,
    0.799144775406));
#3755 = CARTESIAN_POINT('',(-7.769242273E-02,0.611473420385,
    0.799130858096));
#3756 = CARTESIAN_POINT('',(-7.2879239053E-02,0.611450481187,
    0.800012608622));
#3757 = CARTESIAN_POINT('',(-7.2879239053E-02,0.61135145438,
    0.799998691312));
#3758 = CARTESIAN_POINT('',(-6.7046343842E-02,0.611444723739,
    0.800053574997));
#3759 = CARTESIAN_POINT('',(-6.7046343842E-02,0.611345696932,
    0.800039657687));
#3760 = ADVANCED_FACE('',(#3761),#3780,.F.);
#3761 = FACE_BOUND('',#3762,.F.);
#3762 = EDGE_LOOP('',(#3763,#3764,#3773,#3779));
#3763 = ORIENTED_EDGE('',*,*,#3745,.F.);
#3764 = ORIENTED_EDGE('',*,*,#3765,.T.);
#3765 = EDGE_CURVE('',#3737,#3766,#3768,.T.);
#3766 = VERTEX_POINT('',#3767);
#3767 = CARTESIAN_POINT('',(-4.4571212968E-02,0.612672833483,
    0.791315120108));
#3768 = B_SPLINE_CURVE_WITH_KNOTS('',3,(#3769,#3770,#3771,#3772),
  .UNSPECIFIED.,.F.,.F.,(4,4),(4.,5.),.PIECEWISE_BEZIER_KNOTS.);
#3769 = CARTESIAN_POINT('',(-6.7046343842E-02,0.611444723739,
    0.800053574997));
#3770 = CARTESIAN_POINT('',(-5.7985081496E-02,0.611435779681,
    0.800117215274));
#3771 = CARTESIAN_POINT('',(-5.0493371205E-02,0.611845149596,
    0.797204396978));
#3772 = CARTESIAN_POINT('',(-4.4571212968E-02,0.612672833483,
    0.791315120108));
#3773 = ORIENTED_EDGE('',*,*,#3774,.T.);
#3774 = EDGE_CURVE('',#3766,#825,#3775,.T.);
#3775 = LINE('',#3776,#3777);
#3776 = CARTESIAN_POINT('',(-4.4571212968E-02,0.612672833483,
    0.791315120108));
#3777 = VECTOR('',#3778,1.);
#3778 = DIRECTION('',(1.894677867305E-16,-0.990268068742,-0.13917310096)
  );
#3779 = ORIENTED_EDGE('',*,*,#833,.F.);
#3780 = B_SPLINE_SURFACE_WITH_KNOTS('',3,1,(
    (#3781,#3782)
    ,(#3783,#3784)
    ,(#3785,#3786)
    ,(#3787,#3788
    )),.UNSPECIFIED.,.F.,.F.,.F.,(4,4),(2,2),(4.,5.),(0.,1.),
  .PIECEWISE_BEZIER_KNOTS.);
#3781 = CARTESIAN_POINT('',(-6.7046343842E-02,0.611444723739,
    0.800053574997));
#3782 = CARTESIAN_POINT('',(-6.7046343842E-02,0.611345696932,
    0.800039657687));
#3783 = CARTESIAN_POINT('',(-5.7985081496E-02,0.611435779681,
    0.800117215274));
#3784 = CARTESIAN_POINT('',(-5.7985081496E-02,0.611336752874,
    0.800103297963));
#3785 = CARTESIAN_POINT('',(-5.0493371205E-02,0.611845149596,
    0.797204396978));
#3786 = CARTESIAN_POINT('',(-5.0493371205E-02,0.611746122789,
    0.797190479668));
#3787 = CARTESIAN_POINT('',(-4.4571212968E-02,0.612672833483,
    0.791315120108));
#3788 = CARTESIAN_POINT('',(-4.4571212968E-02,0.612573806676,
    0.791301202798));
#3789 = ADVANCED_FACE('',(#3790),#3809,.F.);
#3790 = FACE_BOUND('',#3791,.F.);
#3791 = EDGE_LOOP('',(#3792,#3793,#3802,#3808));
#3792 = ORIENTED_EDGE('',*,*,#3774,.F.);
#3793 = ORIENTED_EDGE('',*,*,#3794,.T.);
#3794 = EDGE_CURVE('',#3766,#3795,#3797,.T.);
#3795 = VERTEX_POINT('',#3796);
#3796 = CARTESIAN_POINT('',(-3.5591355654E-02,0.615963357159,
    0.767901827571));
#3797 = B_SPLINE_CURVE_WITH_KNOTS('',3,(#3798,#3799,#3800,#3801),
  .UNSPECIFIED.,.F.,.F.,(4,4),(3.,4.),.PIECEWISE_BEZIER_KNOTS.);
#3798 = CARTESIAN_POINT('',(-4.4571212968E-02,0.612672833483,
    0.791315120108));
#3799 = CARTESIAN_POINT('',(-3.8649054731E-02,0.61350051737,
    0.78542584324));
#3800 = CARTESIAN_POINT('',(-3.566104136E-02,0.6145959167,0.777631672013
    ));
#3801 = CARTESIAN_POINT('',(-3.5591355654E-02,0.615963357159,
    0.767901827571));
#3802 = ORIENTED_EDGE('',*,*,#3803,.T.);
#3803 = EDGE_CURVE('',#3795,#816,#3804,.T.);
#3804 = LINE('',#3805,#3806);
#3805 = CARTESIAN_POINT('',(-3.5591355654E-02,0.615963357159,
    0.767901827571));
#3806 = VECTOR('',#3807,1.);
#3807 = DIRECTION('',(1.894677867305E-16,-0.990268068742,-0.13917310096)
  );
#3808 = ORIENTED_EDGE('',*,*,#824,.F.);
#3809 = B_SPLINE_SURFACE_WITH_KNOTS('',3,1,(
    (#3810,#3811)
    ,(#3812,#3813)
    ,(#3814,#3815)
    ,(#3816,#3817
    )),.UNSPECIFIED.,.F.,.F.,.F.,(4,4),(2,2),(3.,4.),(0.,1.),
  .PIECEWISE_BEZIER_KNOTS.);
#3810 = CARTESIAN_POINT('',(-4.4571212968E-02,0.612672833483,
    0.791315120108));
#3811 = CARTESIAN_POINT('',(-4.4571212968E-02,0.612573806676,
    0.791301202798));
#3812 = CARTESIAN_POINT('',(-3.8649054731E-02,0.61350051737,
    0.78542584324));
#3813 = CARTESIAN_POINT('',(-3.8649054731E-02,0.613401490563,
    0.78541192593));
#3814 = CARTESIAN_POINT('',(-3.566104136E-02,0.6145959167,0.777631672013
    ));
#3815 = CARTESIAN_POINT('',(-3.566104136E-02,0.614496889893,
    0.777617754703));
#3816 = CARTESIAN_POINT('',(-3.5591355654E-02,0.615963357159,
    0.767901827571));
#3817 = CARTESIAN_POINT('',(-3.5591355654E-02,0.615864330352,
    0.767887910261));
#3818 = ADVANCED_FACE('',(#3819),#3838,.F.);
#3819 = FACE_BOUND('',#3820,.F.);
#3820 = EDGE_LOOP('',(#3821,#3822,#3831,#3837));
#3821 = ORIENTED_EDGE('',*,*,#3803,.F.);
#3822 = ORIENTED_EDGE('',*,*,#3823,.T.);
#3823 = EDGE_CURVE('',#3795,#3824,#3826,.T.);
#3824 = VERTEX_POINT('',#3825);
#3825 = CARTESIAN_POINT('',(-4.3264130162E-02,0.619040229214,
    0.746008745315));
#3826 = B_SPLINE_CURVE_WITH_KNOTS('',3,(#3827,#3828,#3829,#3830),
  .UNSPECIFIED.,.F.,.F.,(4,4),(2.,3.),.PIECEWISE_BEZIER_KNOTS.);
#3827 = CARTESIAN_POINT('',(-3.5591355654E-02,0.615963357159,
    0.767901827571));
#3828 = CARTESIAN_POINT('',(-3.5526536887E-02,0.61723529384,
    0.75885152782));
#3829 = CARTESIAN_POINT('',(-3.8078855989E-02,0.618262359754,
    0.751543574115));
#3830 = CARTESIAN_POINT('',(-4.3264130162E-02,0.619040229214,
    0.746008745315));
#3831 = ORIENTED_EDGE('',*,*,#3832,.T.);
#3832 = EDGE_CURVE('',#3824,#807,#3833,.T.);
#3833 = LINE('',#3834,#3835);
#3834 = CARTESIAN_POINT('',(-4.3264130162E-02,0.619040229214,
    0.746008745315));
#3835 = VECTOR('',#3836,1.);
#3836 = DIRECTION('',(1.894677867305E-16,-0.990268068742,-0.13917310096)
  );
#3837 = ORIENTED_EDGE('',*,*,#815,.F.);
#3838 = B_SPLINE_SURFACE_WITH_KNOTS('',3,1,(
    (#3839,#3840)
    ,(#3841,#3842)
    ,(#3843,#3844)
    ,(#3845,#3846
    )),.UNSPECIFIED.,.F.,.F.,.F.,(4,4),(2,2),(2.,3.),(0.,1.),
  .PIECEWISE_BEZIER_KNOTS.);
#3839 = CARTESIAN_POINT('',(-3.5591355654E-02,0.615963357159,
    0.767901827571));
#3840 = CARTESIAN_POINT('',(-3.5591355654E-02,0.615864330352,
    0.767887910261));
#3841 = CARTESIAN_POINT('',(-3.5526536887E-02,0.61723529384,
    0.75885152782));
#3842 = CARTESIAN_POINT('',(-3.5526536887E-02,0.617136267034,
    0.75883761051));
#3843 = CARTESIAN_POINT('',(-3.8078855989E-02,0.618262359754,
    0.751543574115));
#3844 = CARTESIAN_POINT('',(-3.8078855989E-02,0.618163332947,
    0.751529656805));
#3845 = CARTESIAN_POINT('',(-4.3264130162E-02,0.619040229214,
    0.746008745315));
#3846 = CARTESIAN_POINT('',(-4.3264130162E-02,0.618941202407,
    0.745994828005));
#3847 = ADVANCED_FACE('',(#3848),#3860,.F.);
#3848 = FACE_BOUND('',#3849,.F.);
#3849 = EDGE_LOOP('',(#3850,#3851,#3858,#3859));
#3850 = ORIENTED_EDGE('',*,*,#3832,.F.);
#3851 = ORIENTED_EDGE('',*,*,#3852,.T.);
#3852 = EDGE_CURVE('',#3824,#3478,#3853,.T.);
#3853 = B_SPLINE_CURVE_WITH_KNOTS('',3,(#3854,#3855,#3856,#3857),
  .UNSPECIFIED.,.F.,.F.,(4,4),(1.,2.),.PIECEWISE_BEZIER_KNOTS.);
#3854 = CARTESIAN_POINT('',(-4.3264130162E-02,0.619040229214,
    0.746008745315));
#3855 = CARTESIAN_POINT('',(-4.8449404335E-02,0.619818098673,
    0.740473916515));
#3856 = CARTESIAN_POINT('',(-5.5416712829E-02,0.620211351489,
    0.737675777335));
#3857 = CARTESIAN_POINT('',(-6.4166055645E-02,0.620219987662,
    0.737614327773));
#3858 = ORIENTED_EDGE('',*,*,#3477,.T.);
#3859 = ORIENTED_EDGE('',*,*,#806,.F.);
#3860 = B_SPLINE_SURFACE_WITH_KNOTS('',3,1,(
    (#3861,#3862)
    ,(#3863,#3864)
    ,(#3865,#3866)
    ,(#3867,#3868
    )),.UNSPECIFIED.,.F.,.F.,.F.,(4,4),(2,2),(1.,2.),(0.,1.),
  .PIECEWISE_BEZIER_KNOTS.);
#3861 = CARTESIAN_POINT('',(-4.3264130162E-02,0.619040229214,
    0.746008745315));
#3862 = CARTESIAN_POINT('',(-4.3264130162E-02,0.618941202407,
    0.745994828005));
#3863 = CARTESIAN_POINT('',(-4.8449404335E-02,0.619818098673,
    0.740473916515));
#3864 = CARTESIAN_POINT('',(-4.8449404335E-02,0.619719071866,
    0.740459999205));
#3865 = CARTESIAN_POINT('',(-5.5416712829E-02,0.620211351489,
    0.737675777335));
#3866 = CARTESIAN_POINT('',(-5.5416712829E-02,0.620112324682,
    0.737661860024));
#3867 = CARTESIAN_POINT('',(-6.4166055645E-02,0.620219987662,
    0.737614327773));
#3868 = CARTESIAN_POINT('',(-6.4166055645E-02,0.620120960855,
    0.737600410463));
#3869 = ADVANCED_FACE('',(#3870),#3886,.T.);
#3870 = FACE_BOUND('',#3871,.T.);
#3871 = EDGE_LOOP('',(#3872,#3873,#3874,#3875,#3876,#3877,#3878,#3879,
    #3880,#3881,#3882,#3883,#3884,#3885));
#3872 = ORIENTED_EDGE('',*,*,#3485,.T.);
#3873 = ORIENTED_EDGE('',*,*,#3522,.T.);
#3874 = ORIENTED_EDGE('',*,*,#3538,.T.);
#3875 = ORIENTED_EDGE('',*,*,#3567,.T.);
#3876 = ORIENTED_EDGE('',*,*,#3596,.T.);
#3877 = ORIENTED_EDGE('',*,*,#3625,.T.);
#3878 = ORIENTED_EDGE('',*,*,#3654,.T.);
#3879 = ORIENTED_EDGE('',*,*,#3683,.T.);
#3880 = ORIENTED_EDGE('',*,*,#3720,.T.);
#3881 = ORIENTED_EDGE('',*,*,#3736,.T.);
#3882 = ORIENTED_EDGE('',*,*,#3765,.T.);
#3883 = ORIENTED_EDGE('',*,*,#3794,.T.);
#3884 = ORIENTED_EDGE('',*,*,#3823,.T.);
#3885 = ORIENTED_EDGE('',*,*,#3852,.T.);
#3886 = PLANE('',#3887);
#3887 = AXIS2_PLACEMENT_3D('',#3888,#3889,#3890);
#3888 = CARTESIAN_POINT('',(-7.347146153E-02,0.620105445678,
    0.738429336335));
#3889 = DIRECTION('',(-4.175637487336E-14,0.990268068742,0.139173100959)
  );
#3890 = DIRECTION('',(-1.577721810442E-30,-0.139173100959,0.990268068742
    ));
#3891 = ADVANCED_FACE('',(#3892),#3917,.F.);
#3892 = FACE_BOUND('',#3893,.T.);
#3893 = EDGE_LOOP('',(#3894,#3895,#3903,#3911));
#3894 = ORIENTED_EDGE('',*,*,#923,.T.);
#3895 = ORIENTED_EDGE('',*,*,#3896,.F.);
#3896 = EDGE_CURVE('',#3897,#914,#3899,.T.);
#3897 = VERTEX_POINT('',#3898);
#3898 = CARTESIAN_POINT('',(-0.126138715808,0.619169786132,
    0.745086899937));
#3899 = LINE('',#3900,#3901);
#3900 = CARTESIAN_POINT('',(-0.126138715808,0.619169786132,
    0.745086899937));
#3901 = VECTOR('',#3902,1.);
#3902 = DIRECTION('',(1.894677867305E-16,-0.990268068742,-0.13917310096)
  );
#3903 = ORIENTED_EDGE('',*,*,#3904,.F.);
#3904 = EDGE_CURVE('',#3905,#3897,#3907,.T.);
#3905 = VERTEX_POINT('',#3906);
#3906 = CARTESIAN_POINT('',(-0.126089382753,0.620137847156,0.73819878784
    ));
#3907 = LINE('',#3908,#3909);
#3908 = CARTESIAN_POINT('',(-0.126138715808,0.619169786132,
    0.745086899937));
#3909 = VECTOR('',#3910,1.);
#3910 = DIRECTION('',(-7.092178509004E-03,-0.139169600782,0.990243163684
    ));
#3911 = ORIENTED_EDGE('',*,*,#3912,.T.);
#3912 = EDGE_CURVE('',#3905,#924,#3913,.T.);
#3913 = LINE('',#3914,#3915);
#3914 = CARTESIAN_POINT('',(-0.126089382753,0.620137847156,0.73819878784
    ));
#3915 = VECTOR('',#3916,1.);
#3916 = DIRECTION('',(1.894677867305E-16,-0.990268068742,-0.13917310096)
  );
#3917 = PLANE('',#3918);
#3918 = AXIS2_PLACEMENT_3D('',#3919,#3920,#3921);
#3919 = CARTESIAN_POINT('',(-0.126138715808,0.619169786132,
    0.745086899937));
#3920 = DIRECTION('',(0.999974850186,-9.870404750007E-04,
    7.023157916005E-03));
#3921 = DIRECTION('',(7.02316133716E-03,-1.555177902147E-16,
    -0.999975337298));
#3922 = ADVANCED_FACE('',(#3923),#3941,.F.);
#3923 = FACE_BOUND('',#3924,.T.);
#3924 = EDGE_LOOP('',(#3925,#3926,#3934,#3940));
#3925 = ORIENTED_EDGE('',*,*,#913,.T.);
#3926 = ORIENTED_EDGE('',*,*,#3927,.F.);
#3927 = EDGE_CURVE('',#3928,#916,#3930,.T.);
#3928 = VERTEX_POINT('',#3929);
#3929 = CARTESIAN_POINT('',(-0.101200749387,0.619145170731,
    0.745262047619));
#3930 = LINE('',#3931,#3932);
#3931 = CARTESIAN_POINT('',(-0.101200749387,0.619145170731,
    0.745262047619));
#3932 = VECTOR('',#3933,1.);
#3933 = DIRECTION('',(1.894677867305E-16,-0.990268068742,-0.13917310096)
  );
#3934 = ORIENTED_EDGE('',*,*,#3935,.F.);
#3935 = EDGE_CURVE('',#3897,#3928,#3936,.T.);
#3936 = LINE('',#3937,#3938);
#3937 = CARTESIAN_POINT('',(-0.101200749387,0.619145170731,
    0.745262047619));
#3938 = VECTOR('',#3939,1.);
#3939 = DIRECTION('',(0.999974850186,-9.870404750007E-04,
    7.023157916005E-03));
#3940 = ORIENTED_EDGE('',*,*,#3896,.T.);
#3941 = PLANE('',#3942);
#3942 = AXIS2_PLACEMENT_3D('',#3943,#3944,#3945);
#3943 = CARTESIAN_POINT('',(-0.101200749387,0.619145170731,
    0.745262047619));
#3944 = DIRECTION('',(7.092178509004E-03,0.139169600782,-0.990243163684)
  );
#3945 = DIRECTION('',(2.53096155145E-15,0.990268068742,0.13917310096));
#3946 = ADVANCED_FACE('',(#3947),#3965,.F.);
#3947 = FACE_BOUND('',#3948,.T.);
#3948 = EDGE_LOOP('',(#3949,#3950,#3958,#3964));
#3949 = ORIENTED_EDGE('',*,*,#1003,.T.);
#3950 = ORIENTED_EDGE('',*,*,#3951,.F.);
#3951 = EDGE_CURVE('',#3952,#996,#3954,.T.);
#3952 = VERTEX_POINT('',#3953);
#3953 = CARTESIAN_POINT('',(-0.101346315083,0.616288739549,
    0.765586611565));
#3954 = LINE('',#3955,#3956);
#3955 = CARTESIAN_POINT('',(-0.101346315083,0.616288739549,
    0.765586611565));
#3956 = VECTOR('',#3957,1.);
#3957 = DIRECTION('',(1.894677867305E-16,-0.990268068742,-0.13917310096)
  );
#3958 = ORIENTED_EDGE('',*,*,#3959,.F.);
#3959 = EDGE_CURVE('',#3928,#3952,#3960,.T.);
#3960 = LINE('',#3961,#3962);
#3961 = CARTESIAN_POINT('',(-0.101346315083,0.616288739549,
    0.765586611565));
#3962 = VECTOR('',#3963,1.);
#3963 = DIRECTION('',(-7.092178509004E-03,-0.139169600782,0.990243163684
    ));
#3964 = ORIENTED_EDGE('',*,*,#3927,.T.);
#3965 = PLANE('',#3966);
#3966 = AXIS2_PLACEMENT_3D('',#3967,#3968,#3969);
#3967 = CARTESIAN_POINT('',(-0.101346315083,0.616288739549,
    0.765586611565));
#3968 = DIRECTION('',(0.999974850186,-9.870404750007E-04,
    7.023157916005E-03));
#3969 = DIRECTION('',(7.02316133716E-03,-1.555177902147E-16,
    -0.999975337298));
#3970 = ADVANCED_FACE('',(#3971),#3989,.F.);
#3971 = FACE_BOUND('',#3972,.T.);
#3972 = EDGE_LOOP('',(#3973,#3974,#3982,#3988));
#3973 = ORIENTED_EDGE('',*,*,#995,.T.);
#3974 = ORIENTED_EDGE('',*,*,#3975,.F.);
#3975 = EDGE_CURVE('',#3976,#988,#3978,.T.);
#3976 = VERTEX_POINT('',#3977);
#3977 = CARTESIAN_POINT('',(-0.123165086205,0.616310276101,
    0.765433371036));
#3978 = LINE('',#3979,#3980);
#3979 = CARTESIAN_POINT('',(-0.123165086205,0.616310276101,
    0.765433371036));
#3980 = VECTOR('',#3981,1.);
#3981 = DIRECTION('',(1.894677867305E-16,-0.990268068742,-0.13917310096)
  );
#3982 = ORIENTED_EDGE('',*,*,#3983,.F.);
#3983 = EDGE_CURVE('',#3952,#3976,#3984,.T.);
#3984 = LINE('',#3985,#3986);
#3985 = CARTESIAN_POINT('',(-0.123165086205,0.616310276101,
    0.765433371036));
#3986 = VECTOR('',#3987,1.);
#3987 = DIRECTION('',(-0.999974850186,9.870404750007E-04,
    -7.023157916005E-03));
#3988 = ORIENTED_EDGE('',*,*,#3951,.T.);
#3989 = PLANE('',#3990);
#3990 = AXIS2_PLACEMENT_3D('',#3991,#3992,#3993);
#3991 = CARTESIAN_POINT('',(-0.123165086205,0.616310276101,
    0.765433371036));
#3992 = DIRECTION('',(-7.092178509004E-03,-0.139169600782,0.990243163684
    ));
#3993 = DIRECTION('',(-2.53096155145E-15,-0.990268068742,-0.13917310096)
  );
#3994 = ADVANCED_FACE('',(#3995),#4013,.F.);
#3995 = FACE_BOUND('',#3996,.T.);
#3996 = EDGE_LOOP('',(#3997,#3998,#4006,#4012));
#3997 = ORIENTED_EDGE('',*,*,#987,.T.);
#3998 = ORIENTED_EDGE('',*,*,#3999,.F.);
#3999 = EDGE_CURVE('',#4000,#980,#4002,.T.);
#4000 = VERTEX_POINT('',#4001);
#4001 = CARTESIAN_POINT('',(-0.123214640484,0.615337873996,
    0.772352371528));
#4002 = LINE('',#4003,#4004);
#4003 = CARTESIAN_POINT('',(-0.123214640484,0.615337873996,
    0.772352371528));
#4004 = VECTOR('',#4005,1.);
#4005 = DIRECTION('',(1.894677867305E-16,-0.990268068742,-0.13917310096)
  );
#4006 = ORIENTED_EDGE('',*,*,#4007,.F.);
#4007 = EDGE_CURVE('',#3976,#4000,#4008,.T.);
#4008 = LINE('',#4009,#4010);
#4009 = CARTESIAN_POINT('',(-0.123214640484,0.615337873996,
    0.772352371528));
#4010 = VECTOR('',#4011,1.);
#4011 = DIRECTION('',(-7.092178509004E-03,-0.139169600782,0.990243163684
    ));
#4012 = ORIENTED_EDGE('',*,*,#3975,.T.);
#4013 = PLANE('',#4014);
#4014 = AXIS2_PLACEMENT_3D('',#4015,#4016,#4017);
#4015 = CARTESIAN_POINT('',(-0.123214640484,0.615337873996,
    0.772352371528));
#4016 = DIRECTION('',(0.999974850186,-9.870404750007E-04,
    7.023157916005E-03));
#4017 = DIRECTION('',(7.02316133716E-03,-1.555177902147E-16,
    -0.999975337298));
#4018 = ADVANCED_FACE('',(#4019),#4037,.F.);
#4019 = FACE_BOUND('',#4020,.T.);
#4020 = EDGE_LOOP('',(#4021,#4022,#4030,#4036));
#4021 = ORIENTED_EDGE('',*,*,#979,.T.);
#4022 = ORIENTED_EDGE('',*,*,#4023,.F.);
#4023 = EDGE_CURVE('',#4024,#972,#4026,.T.);
#4024 = VERTEX_POINT('',#4025);
#4025 = CARTESIAN_POINT('',(-0.101395869362,0.615316337445,
    0.772505612058));
#4026 = LINE('',#4027,#4028);
#4027 = CARTESIAN_POINT('',(-0.101395869362,0.615316337445,
    0.772505612058));
#4028 = VECTOR('',#4029,1.);
#4029 = DIRECTION('',(1.894677867305E-16,-0.990268068742,-0.13917310096)
  );
#4030 = ORIENTED_EDGE('',*,*,#4031,.F.);
#4031 = EDGE_CURVE('',#4000,#4024,#4032,.T.);
#4032 = LINE('',#4033,#4034);
#4033 = CARTESIAN_POINT('',(-0.101395869362,0.615316337445,
    0.772505612058));
#4034 = VECTOR('',#4035,1.);
#4035 = DIRECTION('',(0.999974850186,-9.870404750007E-04,
    7.023157916005E-03));
#4036 = ORIENTED_EDGE('',*,*,#3999,.T.);
#4037 = PLANE('',#4038);
#4038 = AXIS2_PLACEMENT_3D('',#4039,#4040,#4041);
#4039 = CARTESIAN_POINT('',(-0.101395869362,0.615316337445,
    0.772505612058));
#4040 = DIRECTION('',(7.092178509004E-03,0.139169600782,-0.990243163684)
  );
#4041 = DIRECTION('',(2.53096155145E-15,0.990268068742,0.13917310096));
#4042 = ADVANCED_FACE('',(#4043),#4061,.F.);
#4043 = FACE_BOUND('',#4044,.T.);
#4044 = EDGE_LOOP('',(#4045,#4046,#4054,#4060));
#4045 = ORIENTED_EDGE('',*,*,#971,.T.);
#4046 = ORIENTED_EDGE('',*,*,#4047,.F.);
#4047 = EDGE_CURVE('',#4048,#964,#4050,.T.);
#4048 = VERTEX_POINT('',#4049);
#4049 = CARTESIAN_POINT('',(-0.101534355876,0.612598820849,
    0.791841747363));
#4050 = LINE('',#4051,#4052);
#4051 = CARTESIAN_POINT('',(-0.101534355876,0.612598820849,
    0.791841747363));
#4052 = VECTOR('',#4053,1.);
#4053 = DIRECTION('',(1.894677867305E-16,-0.990268068742,-0.13917310096)
  );
#4054 = ORIENTED_EDGE('',*,*,#4055,.F.);
#4055 = EDGE_CURVE('',#4024,#4048,#4056,.T.);
#4056 = LINE('',#4057,#4058);
#4057 = CARTESIAN_POINT('',(-0.101534355876,0.612598820849,
    0.791841747363));
#4058 = VECTOR('',#4059,1.);
#4059 = DIRECTION('',(-7.092178509004E-03,-0.139169600782,0.990243163684
    ));
#4060 = ORIENTED_EDGE('',*,*,#4023,.T.);
#4061 = PLANE('',#4062);
#4062 = AXIS2_PLACEMENT_3D('',#4063,#4064,#4065);
#4063 = CARTESIAN_POINT('',(-0.101534355876,0.612598820849,
    0.791841747363));
#4064 = DIRECTION('',(0.999974850186,-9.870404750007E-04,
    7.023157916005E-03));
#4065 = DIRECTION('',(7.02316133716E-03,-1.555177902147E-16,
    -0.999975337298));
#4066 = ADVANCED_FACE('',(#4067),#4085,.F.);
#4067 = FACE_BOUND('',#4068,.T.);
#4068 = EDGE_LOOP('',(#4069,#4070,#4078,#4084));
#4069 = ORIENTED_EDGE('',*,*,#963,.T.);
#4070 = ORIENTED_EDGE('',*,*,#4071,.F.);
#4071 = EDGE_CURVE('',#4072,#956,#4074,.T.);
#4072 = VERTEX_POINT('',#4073);
#4073 = CARTESIAN_POINT('',(-0.125084280389,0.612622066162,
    0.791676348364));
#4074 = LINE('',#4075,#4076);
#4075 = CARTESIAN_POINT('',(-0.125084280389,0.612622066162,
    0.791676348364));
#4076 = VECTOR('',#4077,1.);
#4077 = DIRECTION('',(1.894677867305E-16,-0.990268068742,-0.13917310096)
  );
#4078 = ORIENTED_EDGE('',*,*,#4079,.F.);
#4079 = EDGE_CURVE('',#4048,#4072,#4080,.T.);
#4080 = LINE('',#4081,#4082);
#4081 = CARTESIAN_POINT('',(-0.125084280389,0.612622066162,
    0.791676348364));
#4082 = VECTOR('',#4083,1.);
#4083 = DIRECTION('',(-0.999974850186,9.870404750007E-04,
    -7.023157916005E-03));
#4084 = ORIENTED_EDGE('',*,*,#4047,.T.);
#4085 = PLANE('',#4086);
#4086 = AXIS2_PLACEMENT_3D('',#4087,#4088,#4089);
#4087 = CARTESIAN_POINT('',(-0.125084280389,0.612622066162,
    0.791676348364));
#4088 = DIRECTION('',(-7.092178509004E-03,-0.139169600782,0.990243163684
    ));
#4089 = DIRECTION('',(-2.53096155145E-15,-0.990268068742,-0.13917310096)
  );
#4090 = ADVANCED_FACE('',(#4091),#4109,.F.);
#4091 = FACE_BOUND('',#4092,.T.);
#4092 = EDGE_LOOP('',(#4093,#4094,#4102,#4108));
#4093 = ORIENTED_EDGE('',*,*,#955,.T.);
#4094 = ORIENTED_EDGE('',*,*,#4095,.F.);
#4095 = EDGE_CURVE('',#4096,#948,#4098,.T.);
#4096 = VERTEX_POINT('',#4097);
#4097 = CARTESIAN_POINT('',(-0.125134055893,0.611645322977,
    0.798626237251));
#4098 = LINE('',#4099,#4100);
#4099 = CARTESIAN_POINT('',(-0.125134055893,0.611645322977,
    0.798626237251));
#4100 = VECTOR('',#4101,1.);
#4101 = DIRECTION('',(1.894677867305E-16,-0.990268068742,-0.13917310096)
  );
#4102 = ORIENTED_EDGE('',*,*,#4103,.F.);
#4103 = EDGE_CURVE('',#4072,#4096,#4104,.T.);
#4104 = LINE('',#4105,#4106);
#4105 = CARTESIAN_POINT('',(-0.125134055893,0.611645322977,
    0.798626237251));
#4106 = VECTOR('',#4107,1.);
#4107 = DIRECTION('',(-7.092178509004E-03,-0.139169600782,0.990243163684
    ));
#4108 = ORIENTED_EDGE('',*,*,#4071,.T.);
#4109 = PLANE('',#4110);
#4110 = AXIS2_PLACEMENT_3D('',#4111,#4112,#4113);
#4111 = CARTESIAN_POINT('',(-0.125134055893,0.611645322977,
    0.798626237251));
#4112 = DIRECTION('',(0.999974850186,-9.870404750007E-04,
    7.023157916005E-03));
#4113 = DIRECTION('',(7.02316133716E-03,-1.555177902147E-16,
    -0.999975337298));
#4114 = ADVANCED_FACE('',(#4115),#4133,.F.);
#4115 = FACE_BOUND('',#4116,.T.);
#4116 = EDGE_LOOP('',(#4117,#4118,#4126,#4132));
#4117 = ORIENTED_EDGE('',*,*,#947,.T.);
#4118 = ORIENTED_EDGE('',*,*,#4119,.F.);
#4119 = EDGE_CURVE('',#4120,#940,#4122,.T.);
#4120 = VERTEX_POINT('',#4121);
#4121 = CARTESIAN_POINT('',(-9.3708163248E-02,0.611614303569,
    0.798846951809));
#4122 = LINE('',#4123,#4124);
#4123 = CARTESIAN_POINT('',(-9.3708163248E-02,0.611614303569,
    0.798846951809));
#4124 = VECTOR('',#4125,1.);
#4125 = DIRECTION('',(1.894677867305E-16,-0.990268068742,-0.13917310096)
  );
#4126 = ORIENTED_EDGE('',*,*,#4127,.F.);
#4127 = EDGE_CURVE('',#4096,#4120,#4128,.T.);
#4128 = LINE('',#4129,#4130);
#4129 = CARTESIAN_POINT('',(-9.3708163248E-02,0.611614303569,
    0.798846951809));
#4130 = VECTOR('',#4131,1.);
#4131 = DIRECTION('',(0.999974850186,-9.870404750007E-04,
    7.023157916005E-03));
#4132 = ORIENTED_EDGE('',*,*,#4095,.T.);
#4133 = PLANE('',#4134);
#4134 = AXIS2_PLACEMENT_3D('',#4135,#4136,#4137);
#4135 = CARTESIAN_POINT('',(-9.3708163248E-02,0.611614303569,
    0.798846951809));
#4136 = DIRECTION('',(7.092178509004E-03,0.139169600782,-0.990243163684)
  );
#4137 = DIRECTION('',(2.53096155145E-15,0.990268068742,0.13917310096));
#4138 = ADVANCED_FACE('',(#4139),#4157,.F.);
#4139 = FACE_BOUND('',#4140,.T.);
#4140 = EDGE_LOOP('',(#4141,#4142,#4150,#4156));
#4141 = ORIENTED_EDGE('',*,*,#939,.T.);
#4142 = ORIENTED_EDGE('',*,*,#4143,.F.);
#4143 = EDGE_CURVE('',#4144,#932,#4146,.T.);
#4144 = VERTEX_POINT('',#4145);
#4145 = CARTESIAN_POINT('',(-9.3275448199E-02,0.62010545766,
    0.73842925108));
#4146 = LINE('',#4147,#4148);
#4147 = CARTESIAN_POINT('',(-9.3275448199E-02,0.62010545766,
    0.73842925108));
#4148 = VECTOR('',#4149,1.);
#4149 = DIRECTION('',(1.894677867305E-16,-0.990268068742,-0.13917310096)
  );
#4150 = ORIENTED_EDGE('',*,*,#4151,.F.);
#4151 = EDGE_CURVE('',#4120,#4144,#4152,.T.);
#4152 = LINE('',#4153,#4154);
#4153 = CARTESIAN_POINT('',(-9.3275448199E-02,0.62010545766,
    0.73842925108));
#4154 = VECTOR('',#4155,1.);
#4155 = DIRECTION('',(7.092178509004E-03,0.139169600782,-0.990243163684)
  );
#4156 = ORIENTED_EDGE('',*,*,#4119,.T.);
#4157 = PLANE('',#4158);
#4158 = AXIS2_PLACEMENT_3D('',#4159,#4160,#4161);
#4159 = CARTESIAN_POINT('',(-9.3275448199E-02,0.62010545766,
    0.73842925108));
#4160 = DIRECTION('',(-0.999974850186,9.870404750007E-04,
    -7.023157916005E-03));
#4161 = DIRECTION('',(-7.02316133716E-03,1.555177902147E-16,
    0.999975337298));
#4162 = ADVANCED_FACE('',(#4163),#4174,.F.);
#4163 = FACE_BOUND('',#4164,.T.);
#4164 = EDGE_LOOP('',(#4165,#4166,#4167,#4173));
#4165 = ORIENTED_EDGE('',*,*,#931,.T.);
#4166 = ORIENTED_EDGE('',*,*,#3912,.F.);
#4167 = ORIENTED_EDGE('',*,*,#4168,.F.);
#4168 = EDGE_CURVE('',#4144,#3905,#4169,.T.);
#4169 = LINE('',#4170,#4171);
#4170 = CARTESIAN_POINT('',(-0.126089382753,0.620137847156,0.73819878784
    ));
#4171 = VECTOR('',#4172,1.);
#4172 = DIRECTION('',(-0.999974850186,9.870404750007E-04,
    -7.023157916005E-03));
#4173 = ORIENTED_EDGE('',*,*,#4143,.T.);
#4174 = PLANE('',#4175);
#4175 = AXIS2_PLACEMENT_3D('',#4176,#4177,#4178);
#4176 = CARTESIAN_POINT('',(-0.126089382753,0.620137847156,0.73819878784
    ));
#4177 = DIRECTION('',(-7.092178509004E-03,-0.139169600782,0.990243163684
    ));
#4178 = DIRECTION('',(-2.53096155145E-15,-0.990268068742,-0.13917310096)
  );
#4179 = ADVANCED_FACE('',(#4180),#4194,.F.);
#4180 = FACE_BOUND('',#4181,.T.);
#4181 = EDGE_LOOP('',(#4182,#4183,#4184,#4185,#4186,#4187,#4188,#4189,
    #4190,#4191,#4192,#4193));
#4182 = ORIENTED_EDGE('',*,*,#3904,.T.);
#4183 = ORIENTED_EDGE('',*,*,#3935,.T.);
#4184 = ORIENTED_EDGE('',*,*,#3959,.T.);
#4185 = ORIENTED_EDGE('',*,*,#3983,.T.);
#4186 = ORIENTED_EDGE('',*,*,#4007,.T.);
#4187 = ORIENTED_EDGE('',*,*,#4031,.T.);
#4188 = ORIENTED_EDGE('',*,*,#4055,.T.);
#4189 = ORIENTED_EDGE('',*,*,#4079,.T.);
#4190 = ORIENTED_EDGE('',*,*,#4103,.T.);
#4191 = ORIENTED_EDGE('',*,*,#4127,.T.);
#4192 = ORIENTED_EDGE('',*,*,#4151,.T.);
#4193 = ORIENTED_EDGE('',*,*,#4168,.T.);
#4194 = PLANE('',#4195);
#4195 = AXIS2_PLACEMENT_3D('',#4196,#4197,#4198);
#4196 = CARTESIAN_POINT('',(6.106042139385E-17,0.709863883888,
    9.9764862766E-02));
#4197 = DIRECTION('',(-8.521829075741E-17,-0.990268068742,-0.13917310096
    ));
#4198 = DIRECTION('',(-3.08148791102E-33,0.13917310096,-0.990268068742)
  );
#4199 = ADVANCED_FACE('',(#4200,#4262),#4324,.T.);
#4200 = FACE_BOUND('',#4201,.T.);
#4201 = EDGE_LOOP('',(#4202,#4212,#4221,#4230,#4239,#4248,#4256));
#4202 = ORIENTED_EDGE('',*,*,#4203,.T.);
#4203 = EDGE_CURVE('',#4204,#4206,#4208,.T.);
#4204 = VERTEX_POINT('',#4205);
#4205 = CARTESIAN_POINT('',(-0.137614809386,0.620149223505,
    0.738117840913));
#4206 = VERTEX_POINT('',#4207);
#4207 = CARTESIAN_POINT('',(-0.154396080099,0.620165787715,
    0.737999980435));
#4208 = LINE('',#4209,#4210);
#4209 = CARTESIAN_POINT('',(-0.154396080099,0.620165787715,
    0.737999980435));
#4210 = VECTOR('',#4211,1.);
#4211 = DIRECTION('',(-0.999974850186,9.870404750007E-04,
    -7.023157916005E-03));
#4212 = ORIENTED_EDGE('',*,*,#4213,.T.);
#4213 = EDGE_CURVE('',#4206,#4214,#4216,.T.);
#4214 = VERTEX_POINT('',#4215);
#4215 = CARTESIAN_POINT('',(-0.178146983904,0.618999715431,
    0.746297015859));
#4216 = B_SPLINE_CURVE_WITH_KNOTS('',3,(#4217,#4218,#4219,#4220),
  .UNSPECIFIED.,.F.,.F.,(4,4),(5.,6.),.PIECEWISE_BEZIER_KNOTS.);
#4217 = CARTESIAN_POINT('',(-0.154396080099,0.620165787715,
    0.737999980435));
#4218 = CARTESIAN_POINT('',(-0.164049989552,0.620175316754,
    0.737932177799));
#4219 = CARTESIAN_POINT('',(-0.171977281063,0.619788083282,
    0.740687487118));
#4220 = CARTESIAN_POINT('',(-0.178146983904,0.618999715431,
    0.746297015859));
#4221 = ORIENTED_EDGE('',*,*,#4222,.T.);
#4222 = EDGE_CURVE('',#4214,#4223,#4225,.T.);
#4223 = VERTEX_POINT('',#4224);
#4224 = CARTESIAN_POINT('',(-0.187509882671,0.615844150116,
    0.768750029756));
#4225 = B_SPLINE_CURVE_WITH_KNOTS('',3,(#4226,#4227,#4228,#4229),
  .UNSPECIFIED.,.F.,.F.,(4,4),(4.,5.),.PIECEWISE_BEZIER_KNOTS.);
#4226 = CARTESIAN_POINT('',(-0.178146983904,0.618999715431,
    0.746297015859));
#4227 = CARTESIAN_POINT('',(-0.184316686744,0.618211347579,
    0.751906544601));
#4228 = CARTESIAN_POINT('',(-0.187442851659,0.617159497606,
    0.759390846054));
#4229 = CARTESIAN_POINT('',(-0.187509882671,0.615844150116,
    0.768750029756));
#4230 = ORIENTED_EDGE('',*,*,#4231,.T.);
#4231 = EDGE_CURVE('',#4223,#4232,#4234,.T.);
#4232 = VERTEX_POINT('',#4233);
#4233 = CARTESIAN_POINT('',(-0.178461786314,0.612822357418,
    0.790251202024));
#4234 = B_SPLINE_CURVE_WITH_KNOTS('',3,(#4235,#4236,#4237,#4238),
  .UNSPECIFIED.,.F.,.F.,(4,4),(3.,4.),.PIECEWISE_BEZIER_KNOTS.);
#4235 = CARTESIAN_POINT('',(-0.187509882671,0.615844150116,
    0.768750029756));
#4236 = CARTESIAN_POINT('',(-0.187574037765,0.614585236677,
    0.777707664322));
#4237 = CARTESIAN_POINT('',(-0.184552733246,0.61357941434,0.784864462125
    ));
#4238 = CARTESIAN_POINT('',(-0.178461786314,0.612822357418,
    0.790251202024));
#4239 = ORIENTED_EDGE('',*,*,#4240,.T.);
#4240 = EDGE_CURVE('',#4232,#4241,#4243,.T.);
#4241 = VERTEX_POINT('',#4242);
#4242 = CARTESIAN_POINT('',(-0.155452634208,0.611675249394,
    0.798413299733));
#4243 = B_SPLINE_CURVE_WITH_KNOTS('',3,(#4244,#4245,#4246,#4247),
  .UNSPECIFIED.,.F.,.F.,(4,4),(2.,3.),.PIECEWISE_BEZIER_KNOTS.);
#4244 = CARTESIAN_POINT('',(-0.178461786314,0.612822357418,
    0.790251202024));
#4245 = CARTESIAN_POINT('',(-0.172370839382,0.612065300497,
    0.795637941922));
#4246 = CARTESIAN_POINT('',(-0.164701048271,0.611684378182,
    0.798348345027));
#4247 = CARTESIAN_POINT('',(-0.155452634208,0.611675249394,
    0.798413299733));
#4248 = ORIENTED_EDGE('',*,*,#4249,.T.);
#4249 = EDGE_CURVE('',#4241,#4250,#4252,.T.);
#4250 = VERTEX_POINT('',#4251);
#4251 = CARTESIAN_POINT('',(-0.138047524435,0.611658069414,
    0.798535541642));
#4252 = LINE('',#4253,#4254);
#4253 = CARTESIAN_POINT('',(-0.138047524435,0.611658069414,
    0.798535541642));
#4254 = VECTOR('',#4255,1.);
#4255 = DIRECTION('',(0.999974850186,-9.870404750007E-04,
    7.023157916005E-03));
#4256 = ORIENTED_EDGE('',*,*,#4257,.T.);
#4257 = EDGE_CURVE('',#4250,#4204,#4258,.T.);
#4258 = LINE('',#4259,#4260);
#4259 = CARTESIAN_POINT('',(-0.137614809386,0.620149223505,
    0.738117840913));
#4260 = VECTOR('',#4261,1.);
#4261 = DIRECTION('',(7.092178509004E-03,0.139169600782,-0.990243163684)
  );
#4262 = FACE_BOUND('',#4263,.T.);
#4263 = EDGE_LOOP('',(#4264,#4274,#4282,#4291,#4300,#4309,#4318));
#4264 = ORIENTED_EDGE('',*,*,#4265,.F.);
#4265 = EDGE_CURVE('',#4266,#4268,#4270,.T.);
#4266 = VERTEX_POINT('',#4267);
#4267 = CARTESIAN_POINT('',(-0.145873717063,0.612642586694,
    0.791530337195));
#4268 = VERTEX_POINT('',#4269);
#4269 = CARTESIAN_POINT('',(-0.145540110573,0.619188936576,
    0.744950637451));
#4270 = LINE('',#4271,#4272);
#4271 = CARTESIAN_POINT('',(-0.145873717063,0.612642586694,
    0.791530337195));
#4272 = VECTOR('',#4273,1.);
#4273 = DIRECTION('',(7.092178509004E-03,0.139169600782,-0.990243163684)
  );
#4274 = ORIENTED_EDGE('',*,*,#4275,.F.);
#4275 = EDGE_CURVE('',#4276,#4266,#4278,.T.);
#4276 = VERTEX_POINT('',#4277);
#4277 = CARTESIAN_POINT('',(-0.155090939173,0.612651684694,
    0.791465601561));
#4278 = LINE('',#4279,#4280);
#4279 = CARTESIAN_POINT('',(-0.155090939173,0.612651684694,
    0.791465601561));
#4280 = VECTOR('',#4281,1.);
#4281 = DIRECTION('',(0.999974850186,-9.870404750007E-04,
    7.023157916005E-03));
#4282 = ORIENTED_EDGE('',*,*,#4283,.F.);
#4283 = EDGE_CURVE('',#4284,#4276,#4286,.T.);
#4284 = VERTEX_POINT('',#4285);
#4285 = CARTESIAN_POINT('',(-0.17265809134,0.613467823671,0.785658470997
    ));
#4286 = B_SPLINE_CURVE_WITH_KNOTS('',3,(#4287,#4288,#4289,#4290),
  .UNSPECIFIED.,.F.,.F.,(4,4),(5.,6.),.PIECEWISE_BEZIER_KNOTS.);
#4287 = CARTESIAN_POINT('',(-0.17265809134,0.613467823671,0.785658470997
    ));
#4288 = CARTESIAN_POINT('',(-0.16822485267,0.612929467975,0.789489070816
    ));
#4289 = CARTESIAN_POINT('',(-0.162358664222,0.612658858413,
    0.791414557896));
#4290 = CARTESIAN_POINT('',(-0.155090939173,0.612651684694,
    0.791465601561));
#4291 = ORIENTED_EDGE('',*,*,#4292,.F.);
#4292 = EDGE_CURVE('',#4293,#4284,#4295,.T.);
#4293 = VERTEX_POINT('',#4294);
#4294 = CARTESIAN_POINT('',(-0.179226870579,0.615866363337,0.76859197448
    ));
#4295 = B_SPLINE_CURVE_WITH_KNOTS('',3,(#4296,#4297,#4298,#4299),
  .UNSPECIFIED.,.F.,.F.,(4,4),(4.,5.),.PIECEWISE_BEZIER_KNOTS.);
#4296 = CARTESIAN_POINT('',(-0.179226870579,0.615866363337,0.76859197448
    ));
#4297 = CARTESIAN_POINT('',(-0.179280849348,0.614807139616,
    0.776128742873));
#4298 = CARTESIAN_POINT('',(-0.177091330009,0.614006179367,
    0.781827871177));
#4299 = CARTESIAN_POINT('',(-0.17265809134,0.613467823671,0.785658470997
    ));
#4300 = ORIENTED_EDGE('',*,*,#4301,.F.);
#4301 = EDGE_CURVE('',#4302,#4293,#4304,.T.);
#4302 = VERTEX_POINT('',#4303);
#4303 = CARTESIAN_POINT('',(-0.172581875683,0.61833000353,0.751062263641
    ));
#4304 = B_SPLINE_CURVE_WITH_KNOTS('',3,(#4305,#4306,#4307,#4308),
  .UNSPECIFIED.,.F.,.F.,(4,4),(3.,4.),.PIECEWISE_BEZIER_KNOTS.);
#4305 = CARTESIAN_POINT('',(-0.172581875683,0.61833000353,0.751062263641
    ));
#4306 = CARTESIAN_POINT('',(-0.176963018429,0.617748252614,
    0.755201636496));
#4307 = CARTESIAN_POINT('',(-0.17917289181,0.616925587058,0.761055206086
    ));
#4308 = CARTESIAN_POINT('',(-0.179226870579,0.615866363337,0.76859197448
    ));
#4309 = ORIENTED_EDGE('',*,*,#4310,.F.);
#4310 = EDGE_CURVE('',#4311,#4302,#4313,.T.);
#4311 = VERTEX_POINT('',#4312);
#4312 = CARTESIAN_POINT('',(-0.154398625225,0.619197680508,
    0.744888421139));
#4313 = B_SPLINE_CURVE_WITH_KNOTS('',3,(#4314,#4315,#4316,#4317),
  .UNSPECIFIED.,.F.,.F.,(4,4),(2.,3.),.PIECEWISE_BEZIER_KNOTS.);
#4314 = CARTESIAN_POINT('',(-0.154398625225,0.619197680508,
    0.744888421139));
#4315 = CARTESIAN_POINT('',(-0.162149825545,0.619205331449,
    0.744833981866));
#4316 = CARTESIAN_POINT('',(-0.16821610769,0.618916110921,0.746891892855
    ));
#4317 = CARTESIAN_POINT('',(-0.172581875683,0.61833000353,0.751062263641
    ));
#4318 = ORIENTED_EDGE('',*,*,#4319,.F.);
#4319 = EDGE_CURVE('',#4268,#4311,#4320,.T.);
#4320 = LINE('',#4321,#4322);
#4321 = CARTESIAN_POINT('',(-0.145540110573,0.619188936576,
    0.744950637451));
#4322 = VECTOR('',#4323,1.);
#4323 = DIRECTION('',(-0.999974850186,9.870404750007E-04,
    -7.023157916005E-03));
#4324 = PLANE('',#4325);
#4325 = AXIS2_PLACEMENT_3D('',#4326,#4327,#4328);
#4326 = CARTESIAN_POINT('',(-0.168141260435,0.611968330356,
    0.796327920325));
#4327 = DIRECTION('',(-2.467904526918E-15,0.990268068742,0.13917310096)
  );
#4328 = DIRECTION('',(-9.860761315263E-32,-0.13917310096,0.990268068742)
  );
#4329 = ADVANCED_FACE('',(#4330),#4346,.F.);
#4330 = FACE_BOUND('',#4331,.T.);
#4331 = EDGE_LOOP('',(#4332,#4333,#4339,#4340));
#4332 = ORIENTED_EDGE('',*,*,#652,.T.);
#4333 = ORIENTED_EDGE('',*,*,#4334,.F.);
#4334 = EDGE_CURVE('',#4206,#642,#4335,.T.);
#4335 = LINE('',#4336,#4337);
#4336 = CARTESIAN_POINT('',(-0.154396080099,0.620165787715,
    0.737999980435));
#4337 = VECTOR('',#4338,1.);
#4338 = DIRECTION('',(1.894677867305E-16,-0.990268068742,-0.13917310096)
  );
#4339 = ORIENTED_EDGE('',*,*,#4203,.F.);
#4340 = ORIENTED_EDGE('',*,*,#4341,.T.);
#4341 = EDGE_CURVE('',#4204,#653,#4342,.T.);
#4342 = LINE('',#4343,#4344);
#4343 = CARTESIAN_POINT('',(-0.137614809386,0.620149223505,
    0.738117840913));
#4344 = VECTOR('',#4345,1.);
#4345 = DIRECTION('',(1.894677867305E-16,-0.990268068742,-0.13917310096)
  );
#4346 = PLANE('',#4347);
#4347 = AXIS2_PLACEMENT_3D('',#4348,#4349,#4350);
#4348 = CARTESIAN_POINT('',(-0.154396080099,0.620165787715,
    0.737999980435));
#4349 = DIRECTION('',(-7.092178509004E-03,-0.139169600782,0.990243163684
    ));
#4350 = DIRECTION('',(-2.53096155145E-15,-0.990268068742,-0.13917310096)
  );
#4351 = ADVANCED_FACE('',(#4352),#4363,.F.);
#4352 = FACE_BOUND('',#4353,.F.);
#4353 = EDGE_LOOP('',(#4354,#4355,#4356,#4362));
#4354 = ORIENTED_EDGE('',*,*,#4334,.F.);
#4355 = ORIENTED_EDGE('',*,*,#4213,.T.);
#4356 = ORIENTED_EDGE('',*,*,#4357,.T.);
#4357 = EDGE_CURVE('',#4214,#644,#4358,.T.);
#4358 = LINE('',#4359,#4360);
#4359 = CARTESIAN_POINT('',(-0.178146983904,0.618999715431,
    0.746297015859));
#4360 = VECTOR('',#4361,1.);
#4361 = DIRECTION('',(1.894677867305E-16,-0.990268068742,-0.13917310096)
  );
#4362 = ORIENTED_EDGE('',*,*,#641,.F.);
#4363 = B_SPLINE_SURFACE_WITH_KNOTS('',3,1,(
    (#4364,#4365)
    ,(#4366,#4367)
    ,(#4368,#4369)
    ,(#4370,#4371
    )),.UNSPECIFIED.,.F.,.F.,.F.,(4,4),(2,2),(5.,6.),(0.,1.),
  .PIECEWISE_BEZIER_KNOTS.);
#4364 = CARTESIAN_POINT('',(-0.154396080099,0.620165787715,
    0.737999980435));
#4365 = CARTESIAN_POINT('',(-0.154396080099,0.620066760908,
    0.737986063125));
#4366 = CARTESIAN_POINT('',(-0.164049989552,0.620175316754,
    0.737932177799));
#4367 = CARTESIAN_POINT('',(-0.164049989552,0.620076289947,
    0.737918260489));
#4368 = CARTESIAN_POINT('',(-0.171977281063,0.619788083282,
    0.740687487118));
#4369 = CARTESIAN_POINT('',(-0.171977281063,0.619689056475,
    0.740673569808));
#4370 = CARTESIAN_POINT('',(-0.178146983904,0.618999715431,
    0.746297015859));
#4371 = CARTESIAN_POINT('',(-0.178146983904,0.618900688624,
    0.746283098549));
#4372 = ADVANCED_FACE('',(#4373),#4384,.F.);
#4373 = FACE_BOUND('',#4374,.F.);
#4374 = EDGE_LOOP('',(#4375,#4376,#4377,#4383));
#4375 = ORIENTED_EDGE('',*,*,#4357,.F.);
#4376 = ORIENTED_EDGE('',*,*,#4222,.T.);
#4377 = ORIENTED_EDGE('',*,*,#4378,.T.);
#4378 = EDGE_CURVE('',#4223,#686,#4379,.T.);
#4379 = LINE('',#4380,#4381);
#4380 = CARTESIAN_POINT('',(-0.187509882671,0.615844150116,
    0.768750029756));
#4381 = VECTOR('',#4382,1.);
#4382 = DIRECTION('',(1.894677867305E-16,-0.990268068742,-0.13917310096)
  );
#4383 = ORIENTED_EDGE('',*,*,#694,.F.);
#4384 = B_SPLINE_SURFACE_WITH_KNOTS('',3,1,(
    (#4385,#4386)
    ,(#4387,#4388)
    ,(#4389,#4390)
    ,(#4391,#4392
    )),.UNSPECIFIED.,.F.,.F.,.F.,(4,4),(2,2),(4.,5.),(0.,1.),
  .PIECEWISE_BEZIER_KNOTS.);
#4385 = CARTESIAN_POINT('',(-0.178146983904,0.618999715431,
    0.746297015859));
#4386 = CARTESIAN_POINT('',(-0.178146983904,0.618900688624,
    0.746283098549));
#4387 = CARTESIAN_POINT('',(-0.184316686744,0.618211347579,
    0.751906544601));
#4388 = CARTESIAN_POINT('',(-0.184316686744,0.618112320772,
    0.751892627291));
#4389 = CARTESIAN_POINT('',(-0.187442851659,0.617159497606,
    0.759390846054));
#4390 = CARTESIAN_POINT('',(-0.187442851659,0.617060470799,
    0.759376928744));
#4391 = CARTESIAN_POINT('',(-0.187509882671,0.615844150116,
    0.768750029756));
#4392 = CARTESIAN_POINT('',(-0.187509882671,0.615745123309,
    0.768736112446));
#4393 = ADVANCED_FACE('',(#4394),#4405,.F.);
#4394 = FACE_BOUND('',#4395,.F.);
#4395 = EDGE_LOOP('',(#4396,#4397,#4398,#4404));
#4396 = ORIENTED_EDGE('',*,*,#4378,.F.);
#4397 = ORIENTED_EDGE('',*,*,#4231,.T.);
#4398 = ORIENTED_EDGE('',*,*,#4399,.T.);
#4399 = EDGE_CURVE('',#4232,#677,#4400,.T.);
#4400 = LINE('',#4401,#4402);
#4401 = CARTESIAN_POINT('',(-0.178461786314,0.612822357418,
    0.790251202024));
#4402 = VECTOR('',#4403,1.);
#4403 = DIRECTION('',(1.894677867305E-16,-0.990268068742,-0.13917310096)
  );
#4404 = ORIENTED_EDGE('',*,*,#685,.F.);
#4405 = B_SPLINE_SURFACE_WITH_KNOTS('',3,1,(
    (#4406,#4407)
    ,(#4408,#4409)
    ,(#4410,#4411)
    ,(#4412,#4413
    )),.UNSPECIFIED.,.F.,.F.,.F.,(4,4),(2,2),(3.,4.),(0.,1.),
  .PIECEWISE_BEZIER_KNOTS.);
#4406 = CARTESIAN_POINT('',(-0.187509882671,0.615844150116,
    0.768750029756));
#4407 = CARTESIAN_POINT('',(-0.187509882671,0.615745123309,
    0.768736112446));
#4408 = CARTESIAN_POINT('',(-0.187574037765,0.614585236677,
    0.777707664322));
#4409 = CARTESIAN_POINT('',(-0.187574037765,0.61448620987,0.777693747012
    ));
#4410 = CARTESIAN_POINT('',(-0.184552733246,0.61357941434,0.784864462125
    ));
#4411 = CARTESIAN_POINT('',(-0.184552733246,0.613480387533,
    0.784850544815));
#4412 = CARTESIAN_POINT('',(-0.178461786314,0.612822357418,
    0.790251202024));
#4413 = CARTESIAN_POINT('',(-0.178461786314,0.612723330612,
    0.790237284713));
#4414 = ADVANCED_FACE('',(#4415),#4426,.F.);
#4415 = FACE_BOUND('',#4416,.F.);
#4416 = EDGE_LOOP('',(#4417,#4418,#4419,#4425));
#4417 = ORIENTED_EDGE('',*,*,#4399,.F.);
#4418 = ORIENTED_EDGE('',*,*,#4240,.T.);
#4419 = ORIENTED_EDGE('',*,*,#4420,.T.);
#4420 = EDGE_CURVE('',#4241,#669,#4421,.T.);
#4421 = LINE('',#4422,#4423);
#4422 = CARTESIAN_POINT('',(-0.155452634208,0.611675249394,
    0.798413299733));
#4423 = VECTOR('',#4424,1.);
#4424 = DIRECTION('',(1.894677867305E-16,-0.990268068742,-0.13917310096)
  );
#4425 = ORIENTED_EDGE('',*,*,#676,.F.);
#4426 = B_SPLINE_SURFACE_WITH_KNOTS('',3,1,(
    (#4427,#4428)
    ,(#4429,#4430)
    ,(#4431,#4432)
    ,(#4433,#4434
    )),.UNSPECIFIED.,.F.,.F.,.F.,(4,4),(2,2),(2.,3.),(0.,1.),
  .PIECEWISE_BEZIER_KNOTS.);
#4427 = CARTESIAN_POINT('',(-0.178461786314,0.612822357418,
    0.790251202024));
#4428 = CARTESIAN_POINT('',(-0.178461786314,0.612723330612,
    0.790237284713));
#4429 = CARTESIAN_POINT('',(-0.172370839382,0.612065300497,
    0.795637941922));
#4430 = CARTESIAN_POINT('',(-0.172370839382,0.61196627369,0.795624024612
    ));
#4431 = CARTESIAN_POINT('',(-0.164701048271,0.611684378182,
    0.798348345027));
#4432 = CARTESIAN_POINT('',(-0.164701048271,0.611585351375,
    0.798334427717));
#4433 = CARTESIAN_POINT('',(-0.155452634208,0.611675249394,
    0.798413299733));
#4434 = CARTESIAN_POINT('',(-0.155452634208,0.611576222587,
    0.798399382423));
#4435 = ADVANCED_FACE('',(#4436),#4447,.F.);
#4436 = FACE_BOUND('',#4437,.T.);
#4437 = EDGE_LOOP('',(#4438,#4439,#4445,#4446));
#4438 = ORIENTED_EDGE('',*,*,#668,.T.);
#4439 = ORIENTED_EDGE('',*,*,#4440,.F.);
#4440 = EDGE_CURVE('',#4250,#661,#4441,.T.);
#4441 = LINE('',#4442,#4443);
#4442 = CARTESIAN_POINT('',(-0.138047524435,0.611658069414,
    0.798535541642));
#4443 = VECTOR('',#4444,1.);
#4444 = DIRECTION('',(1.894677867305E-16,-0.990268068742,-0.13917310096)
  );
#4445 = ORIENTED_EDGE('',*,*,#4249,.F.);
#4446 = ORIENTED_EDGE('',*,*,#4420,.T.);
#4447 = PLANE('',#4448);
#4448 = AXIS2_PLACEMENT_3D('',#4449,#4450,#4451);
#4449 = CARTESIAN_POINT('',(-0.138047524435,0.611658069414,
    0.798535541642));
#4450 = DIRECTION('',(7.092178509004E-03,0.139169600782,-0.990243163684)
  );
#4451 = DIRECTION('',(2.53096155145E-15,0.990268068742,0.13917310096));
#4452 = ADVANCED_FACE('',(#4453),#4459,.F.);
#4453 = FACE_BOUND('',#4454,.T.);
#4454 = EDGE_LOOP('',(#4455,#4456,#4457,#4458));
#4455 = ORIENTED_EDGE('',*,*,#660,.T.);
#4456 = ORIENTED_EDGE('',*,*,#4341,.F.);
#4457 = ORIENTED_EDGE('',*,*,#4257,.F.);
#4458 = ORIENTED_EDGE('',*,*,#4440,.T.);
#4459 = PLANE('',#4460);
#4460 = AXIS2_PLACEMENT_3D('',#4461,#4462,#4463);
#4461 = CARTESIAN_POINT('',(-0.137614809386,0.620149223505,
    0.738117840913));
#4462 = DIRECTION('',(-0.999974850186,9.870404750007E-04,
    -7.023157916005E-03));
#4463 = DIRECTION('',(-7.02316133716E-03,1.555177902147E-16,
    0.999975337298));
#4464 = ADVANCED_FACE('',(#4465),#4490,.T.);
#4465 = FACE_BOUND('',#4466,.T.);
#4466 = EDGE_LOOP('',(#4467,#4477,#4483,#4484));
#4467 = ORIENTED_EDGE('',*,*,#4468,.F.);
#4468 = EDGE_CURVE('',#4469,#4471,#4473,.T.);
#4469 = VERTEX_POINT('',#4470);
#4470 = CARTESIAN_POINT('',(-0.155090939173,0.612552657887,0.79145168425
    ));
#4471 = VERTEX_POINT('',#4472);
#4472 = CARTESIAN_POINT('',(-0.145873717063,0.612543559887,
    0.791516419885));
#4473 = LINE('',#4474,#4475);
#4474 = CARTESIAN_POINT('',(-0.155090939173,0.612552657887,0.79145168425
    ));
#4475 = VECTOR('',#4476,1.);
#4476 = DIRECTION('',(0.999974850186,-9.870404750007E-04,
    7.023157916005E-03));
#4477 = ORIENTED_EDGE('',*,*,#4478,.F.);
#4478 = EDGE_CURVE('',#4276,#4469,#4479,.T.);
#4479 = LINE('',#4480,#4481);
#4480 = CARTESIAN_POINT('',(-0.155090939173,0.612651684694,
    0.791465601561));
#4481 = VECTOR('',#4482,1.);
#4482 = DIRECTION('',(1.894677867305E-16,-0.990268068742,-0.13917310096)
  );
#4483 = ORIENTED_EDGE('',*,*,#4275,.T.);
#4484 = ORIENTED_EDGE('',*,*,#4485,.T.);
#4485 = EDGE_CURVE('',#4266,#4471,#4486,.T.);
#4486 = LINE('',#4487,#4488);
#4487 = CARTESIAN_POINT('',(-0.145873717063,0.612642586694,
    0.791530337195));
#4488 = VECTOR('',#4489,1.);
#4489 = DIRECTION('',(1.894677867305E-16,-0.990268068742,-0.13917310096)
  );
#4490 = PLANE('',#4491);
#4491 = AXIS2_PLACEMENT_3D('',#4492,#4493,#4494);
#4492 = CARTESIAN_POINT('',(-0.155090939173,0.612651684694,
    0.791465601561));
#4493 = DIRECTION('',(7.092178509004E-03,0.139169600782,-0.990243163684)
  );
#4494 = DIRECTION('',(2.53096155145E-15,0.990268068742,0.13917310096));
#4495 = ADVANCED_FACE('',(#4496),#4514,.T.);
#4496 = FACE_BOUND('',#4497,.T.);
#4497 = EDGE_LOOP('',(#4498,#4506,#4507,#4508));
#4498 = ORIENTED_EDGE('',*,*,#4499,.F.);
#4499 = EDGE_CURVE('',#4471,#4500,#4502,.T.);
#4500 = VERTEX_POINT('',#4501);
#4501 = CARTESIAN_POINT('',(-0.145540110573,0.619089909769,
    0.744936720141));
#4502 = LINE('',#4503,#4504);
#4503 = CARTESIAN_POINT('',(-0.145873717063,0.612543559887,
    0.791516419885));
#4504 = VECTOR('',#4505,1.);
#4505 = DIRECTION('',(7.092178509004E-03,0.139169600782,-0.990243163684)
  );
#4506 = ORIENTED_EDGE('',*,*,#4485,.F.);
#4507 = ORIENTED_EDGE('',*,*,#4265,.T.);
#4508 = ORIENTED_EDGE('',*,*,#4509,.T.);
#4509 = EDGE_CURVE('',#4268,#4500,#4510,.T.);
#4510 = LINE('',#4511,#4512);
#4511 = CARTESIAN_POINT('',(-0.145540110573,0.619188936576,
    0.744950637451));
#4512 = VECTOR('',#4513,1.);
#4513 = DIRECTION('',(1.894677867305E-16,-0.990268068742,-0.13917310096)
  );
#4514 = PLANE('',#4515);
#4515 = AXIS2_PLACEMENT_3D('',#4516,#4517,#4518);
#4516 = CARTESIAN_POINT('',(-0.145873717063,0.612642586694,
    0.791530337195));
#4517 = DIRECTION('',(-0.999974850186,9.870404750007E-04,
    -7.023157916005E-03));
#4518 = DIRECTION('',(-7.02316133716E-03,1.555177902147E-16,
    0.999975337298));
#4519 = ADVANCED_FACE('',(#4520),#4538,.T.);
#4520 = FACE_BOUND('',#4521,.T.);
#4521 = EDGE_LOOP('',(#4522,#4530,#4531,#4532));
#4522 = ORIENTED_EDGE('',*,*,#4523,.F.);
#4523 = EDGE_CURVE('',#4500,#4524,#4526,.T.);
#4524 = VERTEX_POINT('',#4525);
#4525 = CARTESIAN_POINT('',(-0.154398625225,0.619098653702,
    0.744874503829));
#4526 = LINE('',#4527,#4528);
#4527 = CARTESIAN_POINT('',(-0.145540110573,0.619089909769,
    0.744936720141));
#4528 = VECTOR('',#4529,1.);
#4529 = DIRECTION('',(-0.999974850186,9.870404750007E-04,
    -7.023157916005E-03));
#4530 = ORIENTED_EDGE('',*,*,#4509,.F.);
#4531 = ORIENTED_EDGE('',*,*,#4319,.T.);
#4532 = ORIENTED_EDGE('',*,*,#4533,.T.);
#4533 = EDGE_CURVE('',#4311,#4524,#4534,.T.);
#4534 = LINE('',#4535,#4536);
#4535 = CARTESIAN_POINT('',(-0.154398625225,0.619197680508,
    0.744888421139));
#4536 = VECTOR('',#4537,1.);
#4537 = DIRECTION('',(1.894677867305E-16,-0.990268068742,-0.13917310096)
  );
#4538 = PLANE('',#4539);
#4539 = AXIS2_PLACEMENT_3D('',#4540,#4541,#4542);
#4540 = CARTESIAN_POINT('',(-0.145540110573,0.619188936576,
    0.744950637451));
#4541 = DIRECTION('',(-7.092178509004E-03,-0.139169600782,0.990243163684
    ));
#4542 = DIRECTION('',(-2.53096155145E-15,-0.990268068742,-0.13917310096)
  );
#4543 = ADVANCED_FACE('',(#4544),#4563,.T.);
#4544 = FACE_BOUND('',#4545,.T.);
#4545 = EDGE_LOOP('',(#4546,#4555,#4556,#4557));
#4546 = ORIENTED_EDGE('',*,*,#4547,.F.);
#4547 = EDGE_CURVE('',#4524,#4548,#4550,.T.);
#4548 = VERTEX_POINT('',#4549);
#4549 = CARTESIAN_POINT('',(-0.172581875683,0.618230976723,
    0.751048346331));
#4550 = B_SPLINE_CURVE_WITH_KNOTS('',3,(#4551,#4552,#4553,#4554),
  .UNSPECIFIED.,.F.,.F.,(4,4),(2.,3.),.PIECEWISE_BEZIER_KNOTS.);
#4551 = CARTESIAN_POINT('',(-0.154398625225,0.619098653702,
    0.744874503829));
#4552 = CARTESIAN_POINT('',(-0.162149825545,0.619106304642,
    0.744820064556));
#4553 = CARTESIAN_POINT('',(-0.16821610769,0.618817084114,0.746877975545
    ));
#4554 = CARTESIAN_POINT('',(-0.172581875683,0.618230976723,
    0.751048346331));
#4555 = ORIENTED_EDGE('',*,*,#4533,.F.);
#4556 = ORIENTED_EDGE('',*,*,#4310,.T.);
#4557 = ORIENTED_EDGE('',*,*,#4558,.T.);
#4558 = EDGE_CURVE('',#4302,#4548,#4559,.T.);
#4559 = LINE('',#4560,#4561);
#4560 = CARTESIAN_POINT('',(-0.172581875683,0.61833000353,0.751062263641
    ));
#4561 = VECTOR('',#4562,1.);
#4562 = DIRECTION('',(1.894677867305E-16,-0.990268068742,-0.13917310096)
  );
#4563 = B_SPLINE_SURFACE_WITH_KNOTS('',3,1,(
    (#4564,#4565)
    ,(#4566,#4567)
    ,(#4568,#4569)
    ,(#4570,#4571
    )),.UNSPECIFIED.,.F.,.F.,.F.,(4,4),(2,2),(2.,3.),(0.,1.),
  .PIECEWISE_BEZIER_KNOTS.);
#4564 = CARTESIAN_POINT('',(-0.154398625225,0.619197680508,
    0.744888421139));
#4565 = CARTESIAN_POINT('',(-0.154398625225,0.619098653702,
    0.744874503829));
#4566 = CARTESIAN_POINT('',(-0.162149825545,0.619205331449,
    0.744833981866));
#4567 = CARTESIAN_POINT('',(-0.162149825545,0.619106304642,
    0.744820064556));
#4568 = CARTESIAN_POINT('',(-0.16821610769,0.618916110921,0.746891892855
    ));
#4569 = CARTESIAN_POINT('',(-0.16821610769,0.618817084114,0.746877975545
    ));
#4570 = CARTESIAN_POINT('',(-0.172581875683,0.61833000353,0.751062263641
    ));
#4571 = CARTESIAN_POINT('',(-0.172581875683,0.618230976723,
    0.751048346331));
#4572 = ADVANCED_FACE('',(#4573),#4592,.T.);
#4573 = FACE_BOUND('',#4574,.T.);
#4574 = EDGE_LOOP('',(#4575,#4584,#4585,#4586));
#4575 = ORIENTED_EDGE('',*,*,#4576,.F.);
#4576 = EDGE_CURVE('',#4548,#4577,#4579,.T.);
#4577 = VERTEX_POINT('',#4578);
#4578 = CARTESIAN_POINT('',(-0.179226870579,0.61576733653,0.76857805717)
  );
#4579 = B_SPLINE_CURVE_WITH_KNOTS('',3,(#4580,#4581,#4582,#4583),
  .UNSPECIFIED.,.F.,.F.,(4,4),(3.,4.),.PIECEWISE_BEZIER_KNOTS.);
#4580 = CARTESIAN_POINT('',(-0.172581875683,0.618230976723,
    0.751048346331));
#4581 = CARTESIAN_POINT('',(-0.176963018429,0.617649225807,
    0.755187719186));
#4582 = CARTESIAN_POINT('',(-0.17917289181,0.616826560251,0.761041288776
    ));
#4583 = CARTESIAN_POINT('',(-0.179226870579,0.61576733653,0.76857805717)
  );
#4584 = ORIENTED_EDGE('',*,*,#4558,.F.);
#4585 = ORIENTED_EDGE('',*,*,#4301,.T.);
#4586 = ORIENTED_EDGE('',*,*,#4587,.T.);
#4587 = EDGE_CURVE('',#4293,#4577,#4588,.T.);
#4588 = LINE('',#4589,#4590);
#4589 = CARTESIAN_POINT('',(-0.179226870579,0.615866363337,0.76859197448
    ));
#4590 = VECTOR('',#4591,1.);
#4591 = DIRECTION('',(1.894677867305E-16,-0.990268068742,-0.13917310096)
  );
#4592 = B_SPLINE_SURFACE_WITH_KNOTS('',3,1,(
    (#4593,#4594)
    ,(#4595,#4596)
    ,(#4597,#4598)
    ,(#4599,#4600
    )),.UNSPECIFIED.,.F.,.F.,.F.,(4,4),(2,2),(3.,4.),(0.,1.),
  .PIECEWISE_BEZIER_KNOTS.);
#4593 = CARTESIAN_POINT('',(-0.172581875683,0.61833000353,0.751062263641
    ));
#4594 = CARTESIAN_POINT('',(-0.172581875683,0.618230976723,
    0.751048346331));
#4595 = CARTESIAN_POINT('',(-0.176963018429,0.617748252614,
    0.755201636496));
#4596 = CARTESIAN_POINT('',(-0.176963018429,0.617649225807,
    0.755187719186));
#4597 = CARTESIAN_POINT('',(-0.17917289181,0.616925587058,0.761055206086
    ));
#4598 = CARTESIAN_POINT('',(-0.17917289181,0.616826560251,0.761041288776
    ));
#4599 = CARTESIAN_POINT('',(-0.179226870579,0.615866363337,0.76859197448
    ));
#4600 = CARTESIAN_POINT('',(-0.179226870579,0.61576733653,0.76857805717)
  );
#4601 = ADVANCED_FACE('',(#4602),#4621,.T.);
#4602 = FACE_BOUND('',#4603,.T.);
#4603 = EDGE_LOOP('',(#4604,#4613,#4614,#4615));
#4604 = ORIENTED_EDGE('',*,*,#4605,.F.);
#4605 = EDGE_CURVE('',#4577,#4606,#4608,.T.);
#4606 = VERTEX_POINT('',#4607);
#4607 = CARTESIAN_POINT('',(-0.17265809134,0.613368796864,0.785644553686
    ));
#4608 = B_SPLINE_CURVE_WITH_KNOTS('',3,(#4609,#4610,#4611,#4612),
  .UNSPECIFIED.,.F.,.F.,(4,4),(4.,5.),.PIECEWISE_BEZIER_KNOTS.);
#4609 = CARTESIAN_POINT('',(-0.179226870579,0.61576733653,0.76857805717)
  );
#4610 = CARTESIAN_POINT('',(-0.179280849348,0.614708112809,
    0.776114825563));
#4611 = CARTESIAN_POINT('',(-0.177091330009,0.61390715256,0.781813953867
    ));
#4612 = CARTESIAN_POINT('',(-0.17265809134,0.613368796864,0.785644553686
    ));
#4613 = ORIENTED_EDGE('',*,*,#4587,.F.);
#4614 = ORIENTED_EDGE('',*,*,#4292,.T.);
#4615 = ORIENTED_EDGE('',*,*,#4616,.T.);
#4616 = EDGE_CURVE('',#4284,#4606,#4617,.T.);
#4617 = LINE('',#4618,#4619);
#4618 = CARTESIAN_POINT('',(-0.17265809134,0.613467823671,0.785658470997
    ));
#4619 = VECTOR('',#4620,1.);
#4620 = DIRECTION('',(1.894677867305E-16,-0.990268068742,-0.13917310096)
  );
#4621 = B_SPLINE_SURFACE_WITH_KNOTS('',3,1,(
    (#4622,#4623)
    ,(#4624,#4625)
    ,(#4626,#4627)
    ,(#4628,#4629
    )),.UNSPECIFIED.,.F.,.F.,.F.,(4,4),(2,2),(4.,5.),(0.,1.),
  .PIECEWISE_BEZIER_KNOTS.);
#4622 = CARTESIAN_POINT('',(-0.179226870579,0.615866363337,0.76859197448
    ));
#4623 = CARTESIAN_POINT('',(-0.179226870579,0.61576733653,0.76857805717)
  );
#4624 = CARTESIAN_POINT('',(-0.179280849348,0.614807139616,
    0.776128742873));
#4625 = CARTESIAN_POINT('',(-0.179280849348,0.614708112809,
    0.776114825563));
#4626 = CARTESIAN_POINT('',(-0.177091330009,0.614006179367,
    0.781827871177));
#4627 = CARTESIAN_POINT('',(-0.177091330009,0.61390715256,0.781813953867
    ));
#4628 = CARTESIAN_POINT('',(-0.17265809134,0.613467823671,0.785658470997
    ));
#4629 = CARTESIAN_POINT('',(-0.17265809134,0.613368796864,0.785644553686
    ));
#4630 = ADVANCED_FACE('',(#4631),#4643,.T.);
#4631 = FACE_BOUND('',#4632,.T.);
#4632 = EDGE_LOOP('',(#4633,#4640,#4641,#4642));
#4633 = ORIENTED_EDGE('',*,*,#4634,.F.);
#4634 = EDGE_CURVE('',#4606,#4469,#4635,.T.);
#4635 = B_SPLINE_CURVE_WITH_KNOTS('',3,(#4636,#4637,#4638,#4639),
  .UNSPECIFIED.,.F.,.F.,(4,4),(5.,6.),.PIECEWISE_BEZIER_KNOTS.);
#4636 = CARTESIAN_POINT('',(-0.17265809134,0.613368796864,0.785644553686
    ));
#4637 = CARTESIAN_POINT('',(-0.16822485267,0.612830441168,0.789475153506
    ));
#4638 = CARTESIAN_POINT('',(-0.162358664222,0.612559831606,
    0.791400640586));
#4639 = CARTESIAN_POINT('',(-0.155090939173,0.612552657887,0.79145168425
    ));
#4640 = ORIENTED_EDGE('',*,*,#4616,.F.);
#4641 = ORIENTED_EDGE('',*,*,#4283,.T.);
#4642 = ORIENTED_EDGE('',*,*,#4478,.T.);
#4643 = B_SPLINE_SURFACE_WITH_KNOTS('',3,1,(
    (#4644,#4645)
    ,(#4646,#4647)
    ,(#4648,#4649)
    ,(#4650,#4651
    )),.UNSPECIFIED.,.F.,.F.,.F.,(4,4),(2,2),(5.,6.),(0.,1.),
  .PIECEWISE_BEZIER_KNOTS.);
#4644 = CARTESIAN_POINT('',(-0.17265809134,0.613467823671,0.785658470997
    ));
#4645 = CARTESIAN_POINT('',(-0.17265809134,0.613368796864,0.785644553686
    ));
#4646 = CARTESIAN_POINT('',(-0.16822485267,0.612929467975,0.789489070816
    ));
#4647 = CARTESIAN_POINT('',(-0.16822485267,0.612830441168,0.789475153506
    ));
#4648 = CARTESIAN_POINT('',(-0.162358664222,0.612658858413,
    0.791414557896));
#4649 = CARTESIAN_POINT('',(-0.162358664222,0.612559831606,
    0.791400640586));
#4650 = CARTESIAN_POINT('',(-0.155090939173,0.612651684694,
    0.791465601561));
#4651 = CARTESIAN_POINT('',(-0.155090939173,0.612552657887,0.79145168425
    ));
#4652 = ADVANCED_FACE('',(#4653),#4662,.T.);
#4653 = FACE_BOUND('',#4654,.T.);
#4654 = EDGE_LOOP('',(#4655,#4656,#4657,#4658,#4659,#4660,#4661));
#4655 = ORIENTED_EDGE('',*,*,#4468,.T.);
#4656 = ORIENTED_EDGE('',*,*,#4499,.T.);
#4657 = ORIENTED_EDGE('',*,*,#4523,.T.);
#4658 = ORIENTED_EDGE('',*,*,#4547,.T.);
#4659 = ORIENTED_EDGE('',*,*,#4576,.T.);
#4660 = ORIENTED_EDGE('',*,*,#4605,.T.);
#4661 = ORIENTED_EDGE('',*,*,#4634,.T.);
#4662 = PLANE('',#4663);
#4663 = AXIS2_PLACEMENT_3D('',#4664,#4665,#4666);
#4664 = CARTESIAN_POINT('',(-1.129362659708E-16,0.590270145251,
    0.949999999999));
#4665 = DIRECTION('',(-1.894677867305E-16,0.990268068742,0.13917310096)
  );
#4666 = DIRECTION('',(1.,1.913297951445E-16,6.240013019815E-30));
#4667 = ADVANCED_FACE('',(#4668,#4734),#4786,.F.);
#4668 = FACE_BOUND('',#4669,.T.);
#4669 = EDGE_LOOP('',(#4670,#4680,#4688,#4696,#4704,#4712,#4720,#4728));
#4670 = ORIENTED_EDGE('',*,*,#4671,.T.);
#4671 = EDGE_CURVE('',#4672,#4674,#4676,.T.);
#4672 = VERTEX_POINT('',#4673);
#4673 = CARTESIAN_POINT('',(-0.245570158712,0.620255782484,
    0.737359634378));
#4674 = VERTEX_POINT('',#4675);
#4675 = CARTESIAN_POINT('',(-0.222764868777,0.611741690965,0.79794054339
    ));
#4676 = LINE('',#4677,#4678);
#4677 = CARTESIAN_POINT('',(-0.222764868777,0.611741690965,0.79794054339
    ));
#4678 = VECTOR('',#4679,1.);
#4679 = DIRECTION('',(0.349299057801,-0.130406767653,0.927892366155));
#4680 = ORIENTED_EDGE('',*,*,#4681,.T.);
#4681 = EDGE_CURVE('',#4674,#4682,#4684,.T.);
#4682 = VERTEX_POINT('',#4683);
#4683 = CARTESIAN_POINT('',(-0.214343041468,0.611733378071,
    0.797999692701));
#4684 = LINE('',#4685,#4686);
#4685 = CARTESIAN_POINT('',(-0.214343041468,0.611733378071,
    0.797999692701));
#4686 = VECTOR('',#4687,1.);
#4687 = DIRECTION('',(0.999974850186,-9.870404750007E-04,
    7.023157916005E-03));
#4688 = ORIENTED_EDGE('',*,*,#4689,.T.);
#4689 = EDGE_CURVE('',#4682,#4690,#4692,.T.);
#4690 = VERTEX_POINT('',#4691);
#4691 = CARTESIAN_POINT('',(-0.190672321436,0.620201594734,
    0.737745200255));
#4692 = LINE('',#4693,#4694);
#4693 = CARTESIAN_POINT('',(-0.190672321436,0.620201594734,
    0.737745200255));
#4694 = VECTOR('',#4695,1.);
#4695 = DIRECTION('',(0.362554487497,0.12970412172,-0.922892780557));
#4696 = ORIENTED_EDGE('',*,*,#4697,.T.);
#4697 = EDGE_CURVE('',#4690,#4698,#4700,.T.);
#4698 = VERTEX_POINT('',#4699);
#4699 = CARTESIAN_POINT('',(-0.199374876322,0.620210184724,
    0.737684079301));
#4700 = LINE('',#4701,#4702);
#4701 = CARTESIAN_POINT('',(-0.199374876322,0.620210184724,
    0.737684079301));
#4702 = VECTOR('',#4703,1.);
#4703 = DIRECTION('',(-0.999974850186,9.870404750007E-04,
    -7.023157916005E-03));
#4704 = ORIENTED_EDGE('',*,*,#4705,.T.);
#4705 = EDGE_CURVE('',#4698,#4706,#4708,.T.);
#4706 = VERTEX_POINT('',#4707);
#4707 = CARTESIAN_POINT('',(-0.205357318573,0.61789349472,0.75416818521)
  );
#4708 = LINE('',#4709,#4710);
#4709 = CARTESIAN_POINT('',(-0.205357318573,0.61789349472,0.75416818521)
  );
#4710 = VECTOR('',#4711,1.);
#4711 = DIRECTION('',(-0.338211162479,-0.13097166448,0.931911815934));
#4712 = ORIENTED_EDGE('',*,*,#4713,.T.);
#4713 = EDGE_CURVE('',#4706,#4714,#4716,.T.);
#4714 = VERTEX_POINT('',#4715);
#4715 = CARTESIAN_POINT('',(-0.23076316429,0.617918571949,0.753989751456
    ));
#4716 = LINE('',#4717,#4718);
#4717 = CARTESIAN_POINT('',(-0.23076316429,0.617918571949,0.753989751456
    ));
#4718 = VECTOR('',#4719,1.);
#4719 = DIRECTION('',(-0.999974850186,9.870404750007E-04,
    -7.023157916005E-03));
#4720 = ORIENTED_EDGE('',*,*,#4721,.T.);
#4721 = EDGE_CURVE('',#4714,#4722,#4724,.T.);
#4722 = VERTEX_POINT('',#4723);
#4723 = CARTESIAN_POINT('',(-0.236867603826,0.620247192494,
    0.737420755332));
#4724 = LINE('',#4725,#4726);
#4725 = CARTESIAN_POINT('',(-0.236867603826,0.620247192494,
    0.737420755332));
#4726 = VECTOR('',#4727,1.);
#4727 = DIRECTION('',(-0.342741495824,0.130743352319,-0.930287290499));
#4728 = ORIENTED_EDGE('',*,*,#4729,.T.);
#4729 = EDGE_CURVE('',#4722,#4672,#4730,.T.);
#4730 = LINE('',#4731,#4732);
#4731 = CARTESIAN_POINT('',(-0.245570158712,0.620255782484,
    0.737359634378));
#4732 = VECTOR('',#4733,1.);
#4733 = DIRECTION('',(-0.999974850186,9.870404750007E-04,
    -7.023157916005E-03));
#4734 = FACE_BOUND('',#4735,.T.);
#4735 = EDGE_LOOP('',(#4736,#4746,#4754,#4763,#4771,#4780));
#4736 = ORIENTED_EDGE('',*,*,#4737,.F.);
#4737 = EDGE_CURVE('',#4738,#4740,#4742,.T.);
#4738 = VERTEX_POINT('',#4739);
#4739 = CARTESIAN_POINT('',(-0.207901565419,0.616936578938,
    0.760976994795));
#4740 = VERTEX_POINT('',#4741);
#4741 = CARTESIAN_POINT('',(-0.228379082562,0.616956791584,
    0.760833174342));
#4742 = LINE('',#4743,#4744);
#4743 = CARTESIAN_POINT('',(-0.207901565419,0.616936578938,
    0.760976994795));
#4744 = VECTOR('',#4745,1.);
#4745 = DIRECTION('',(-0.999974850186,9.870404750007E-04,
    -7.023157916005E-03));
#4746 = ORIENTED_EDGE('',*,*,#4747,.F.);
#4747 = EDGE_CURVE('',#4748,#4738,#4750,.T.);
#4748 = VERTEX_POINT('',#4749);
#4749 = CARTESIAN_POINT('',(-0.217205067159,0.613416285863,
    0.786025181555));
#4750 = LINE('',#4751,#4752);
#4751 = CARTESIAN_POINT('',(-0.217205067159,0.613416285863,
    0.786025181555));
#4752 = VECTOR('',#4753,1.);
#4753 = DIRECTION('',(0.345199932452,0.130618015204,-0.929395470582));
#4754 = ORIENTED_EDGE('',*,*,#4755,.F.);
#4755 = EDGE_CURVE('',#4756,#4748,#4758,.T.);
#4756 = VERTEX_POINT('',#4757);
#4757 = CARTESIAN_POINT('',(-0.218233517406,0.612822543021,0.79024988139
    ));
#4758 = B_SPLINE_CURVE_WITH_KNOTS('',3,(#4759,#4760,#4761,#4762),
  .UNSPECIFIED.,.F.,.F.,(4,4),(3.,4.),.PIECEWISE_BEZIER_KNOTS.);
#4759 = CARTESIAN_POINT('',(-0.218233517406,0.612822543021,0.79024988139
    ));
#4760 = CARTESIAN_POINT('',(-0.217924141609,0.613078374299,
    0.788429547261));
#4761 = CARTESIAN_POINT('',(-0.217586449778,0.613277740738,
    0.787010981339));
#4762 = CARTESIAN_POINT('',(-0.217205067159,0.613416285863,
    0.786025181555));
#4763 = ORIENTED_EDGE('',*,*,#4764,.F.);
#4764 = EDGE_CURVE('',#4765,#4756,#4767,.T.);
#4765 = VERTEX_POINT('',#4766);
#4766 = CARTESIAN_POINT('',(-0.218420669124,0.612822727752,0.79024856696
    ));
#4767 = LINE('',#4768,#4769);
#4768 = CARTESIAN_POINT('',(-0.218420669124,0.612822727752,0.79024856696
    ));
#4769 = VECTOR('',#4770,1.);
#4770 = DIRECTION('',(0.999974850186,-9.870404750007E-04,
    7.023157916005E-03));
#4771 = ORIENTED_EDGE('',*,*,#4772,.F.);
#4772 = EDGE_CURVE('',#4773,#4765,#4775,.T.);
#4773 = VERTEX_POINT('',#4774);
#4774 = CARTESIAN_POINT('',(-0.219341715939,0.613418394874,
    0.786010175156));
#4775 = B_SPLINE_CURVE_WITH_KNOTS('',3,(#4776,#4777,#4778,#4779),
  .UNSPECIFIED.,.F.,.F.,(4,4),(1.,2.),.PIECEWISE_BEZIER_KNOTS.);
#4776 = CARTESIAN_POINT('',(-0.219341715939,0.613418394874,
    0.786010175156));
#4777 = CARTESIAN_POINT('',(-0.219051365446,0.613300893201,
    0.786846243002));
#4778 = CARTESIAN_POINT('',(-0.218749401017,0.613105236679,
    0.788238411495));
#4779 = CARTESIAN_POINT('',(-0.218420669124,0.612822727752,0.79024856696
    ));
#4780 = ORIENTED_EDGE('',*,*,#4781,.F.);
#4781 = EDGE_CURVE('',#4740,#4773,#4782,.T.);
#4782 = LINE('',#4783,#4784);
#4783 = CARTESIAN_POINT('',(-0.228379082562,0.616956791584,
    0.760833174342));
#4784 = VECTOR('',#4785,1.);
#4785 = DIRECTION('',(0.334929697692,-0.131134896899,0.933073274946));
#4786 = PLANE('',#4787);
#4787 = AXIS2_PLACEMENT_3D('',#4788,#4789,#4790);
#4788 = CARTESIAN_POINT('',(-2.241542365696E-15,0.709863883888,
    9.9764862766E-02));
#4789 = DIRECTION('',(3.127386549142E-15,-0.990268068742,-0.13917310096)
  );
#4790 = DIRECTION('',(9.860761315263E-32,0.13917310096,-0.990268068742)
  );
#4791 = ADVANCED_FACE('',(#4792),#4808,.F.);
#4792 = FACE_BOUND('',#4793,.T.);
#4793 = EDGE_LOOP('',(#4794,#4795,#4801,#4802));
#4794 = ORIENTED_EDGE('',*,*,#1021,.T.);
#4795 = ORIENTED_EDGE('',*,*,#4796,.F.);
#4796 = EDGE_CURVE('',#4674,#1012,#4797,.T.);
#4797 = LINE('',#4798,#4799);
#4798 = CARTESIAN_POINT('',(-0.222764868777,0.611741690965,0.79794054339
    ));
#4799 = VECTOR('',#4800,1.);
#4800 = DIRECTION('',(1.894677867305E-16,-0.990268068742,-0.13917310096)
  );
#4801 = ORIENTED_EDGE('',*,*,#4671,.F.);
#4802 = ORIENTED_EDGE('',*,*,#4803,.T.);
#4803 = EDGE_CURVE('',#4672,#1022,#4804,.T.);
#4804 = LINE('',#4805,#4806);
#4805 = CARTESIAN_POINT('',(-0.245570158712,0.620255782484,
    0.737359634378));
#4806 = VECTOR('',#4807,1.);
#4807 = DIRECTION('',(1.894677867305E-16,-0.990268068742,-0.13917310096)
  );
#4808 = PLANE('',#4809);
#4809 = AXIS2_PLACEMENT_3D('',#4810,#4811,#4812);
#4810 = CARTESIAN_POINT('',(-0.222764868777,0.611741690965,0.79794054339
    ));
#4811 = DIRECTION('',(0.937011295673,4.861303303601E-02,-0.345899703382)
  );
#4812 = DIRECTION('',(-0.346309148991,2.988234659718E-14,-0.938120447131
    ));
#4813 = ADVANCED_FACE('',(#4814),#4825,.F.);
#4814 = FACE_BOUND('',#4815,.T.);
#4815 = EDGE_LOOP('',(#4816,#4817,#4823,#4824));
#4816 = ORIENTED_EDGE('',*,*,#1011,.T.);
#4817 = ORIENTED_EDGE('',*,*,#4818,.F.);
#4818 = EDGE_CURVE('',#4682,#1014,#4819,.T.);
#4819 = LINE('',#4820,#4821);
#4820 = CARTESIAN_POINT('',(-0.214343041468,0.611733378071,
    0.797999692701));
#4821 = VECTOR('',#4822,1.);
#4822 = DIRECTION('',(1.894677867305E-16,-0.990268068742,-0.13917310096)
  );
#4823 = ORIENTED_EDGE('',*,*,#4681,.F.);
#4824 = ORIENTED_EDGE('',*,*,#4796,.T.);
#4825 = PLANE('',#4826);
#4826 = AXIS2_PLACEMENT_3D('',#4827,#4828,#4829);
#4827 = CARTESIAN_POINT('',(-0.214343041468,0.611733378071,
    0.797999692701));
#4828 = DIRECTION('',(7.092178509004E-03,0.139169600782,-0.990243163684)
  );
#4829 = DIRECTION('',(2.53096155145E-15,0.990268068742,0.13917310096));
#4830 = ADVANCED_FACE('',(#4831),#4842,.F.);
#4831 = FACE_BOUND('',#4832,.T.);
#4832 = EDGE_LOOP('',(#4833,#4834,#4840,#4841));
#4833 = ORIENTED_EDGE('',*,*,#1069,.T.);
#4834 = ORIENTED_EDGE('',*,*,#4835,.F.);
#4835 = EDGE_CURVE('',#4690,#1062,#4836,.T.);
#4836 = LINE('',#4837,#4838);
#4837 = CARTESIAN_POINT('',(-0.190672321436,0.620201594734,
    0.737745200255));
#4838 = VECTOR('',#4839,1.);
#4839 = DIRECTION('',(1.894677867305E-16,-0.990268068742,-0.13917310096)
  );
#4840 = ORIENTED_EDGE('',*,*,#4689,.F.);
#4841 = ORIENTED_EDGE('',*,*,#4818,.T.);
#4842 = PLANE('',#4843);
#4843 = AXIS2_PLACEMENT_3D('',#4844,#4845,#4846);
#4844 = CARTESIAN_POINT('',(-0.190672321436,0.620201594734,
    0.737745200255));
#4845 = DIRECTION('',(-0.931962576285,5.045783229203E-02,-0.359026132148
    ));
#4846 = DIRECTION('',(-0.359484045698,3.2855662635E-15,0.933151231521));
#4847 = ADVANCED_FACE('',(#4848),#4859,.F.);
#4848 = FACE_BOUND('',#4849,.T.);
#4849 = EDGE_LOOP('',(#4850,#4851,#4857,#4858));
#4850 = ORIENTED_EDGE('',*,*,#1061,.T.);
#4851 = ORIENTED_EDGE('',*,*,#4852,.F.);
#4852 = EDGE_CURVE('',#4698,#1054,#4853,.T.);
#4853 = LINE('',#4854,#4855);
#4854 = CARTESIAN_POINT('',(-0.199374876322,0.620210184724,
    0.737684079301));
#4855 = VECTOR('',#4856,1.);
#4856 = DIRECTION('',(1.894677867305E-16,-0.990268068742,-0.13917310096)
  );
#4857 = ORIENTED_EDGE('',*,*,#4697,.F.);
#4858 = ORIENTED_EDGE('',*,*,#4835,.T.);
#4859 = PLANE('',#4860);
#4860 = AXIS2_PLACEMENT_3D('',#4861,#4862,#4863);
#4861 = CARTESIAN_POINT('',(-0.199374876322,0.620210184724,
    0.737684079301));
#4862 = DIRECTION('',(-7.092178509004E-03,-0.139169600782,0.990243163684
    ));
#4863 = DIRECTION('',(-2.53096155145E-15,-0.990268068742,-0.13917310096)
  );
#4864 = ADVANCED_FACE('',(#4865),#4876,.F.);
#4865 = FACE_BOUND('',#4866,.T.);
#4866 = EDGE_LOOP('',(#4867,#4868,#4874,#4875));
#4867 = ORIENTED_EDGE('',*,*,#1053,.T.);
#4868 = ORIENTED_EDGE('',*,*,#4869,.F.);
#4869 = EDGE_CURVE('',#4706,#1046,#4870,.T.);
#4870 = LINE('',#4871,#4872);
#4871 = CARTESIAN_POINT('',(-0.205357318573,0.61789349472,0.75416818521)
  );
#4872 = VECTOR('',#4873,1.);
#4873 = DIRECTION('',(1.894677867305E-16,-0.990268068742,-0.13917310096)
  );
#4874 = ORIENTED_EDGE('',*,*,#4705,.F.);
#4875 = ORIENTED_EDGE('',*,*,#4852,.T.);
#4876 = PLANE('',#4877);
#4877 = AXIS2_PLACEMENT_3D('',#4878,#4879,#4880);
#4878 = CARTESIAN_POINT('',(-0.205357318573,0.61789349472,0.75416818521)
  );
#4879 = DIRECTION('',(0.941070246886,-4.706989626101E-02,0.334919714695)
  );
#4880 = DIRECTION('',(0.335291352248,-3.00107161344E-15,-0.942114488323)
  );
#4881 = ADVANCED_FACE('',(#4882),#4893,.F.);
#4882 = FACE_BOUND('',#4883,.T.);
#4883 = EDGE_LOOP('',(#4884,#4885,#4891,#4892));
#4884 = ORIENTED_EDGE('',*,*,#1045,.T.);
#4885 = ORIENTED_EDGE('',*,*,#4886,.F.);
#4886 = EDGE_CURVE('',#4714,#1038,#4887,.T.);
#4887 = LINE('',#4888,#4889);
#4888 = CARTESIAN_POINT('',(-0.23076316429,0.617918571949,0.753989751456
    ));
#4889 = VECTOR('',#4890,1.);
#4890 = DIRECTION('',(1.894677867305E-16,-0.990268068742,-0.13917310096)
  );
#4891 = ORIENTED_EDGE('',*,*,#4713,.F.);
#4892 = ORIENTED_EDGE('',*,*,#4869,.T.);
#4893 = PLANE('',#4894);
#4894 = AXIS2_PLACEMENT_3D('',#4895,#4896,#4897);
#4895 = CARTESIAN_POINT('',(-0.23076316429,0.617918571949,0.753989751456
    ));
#4896 = DIRECTION('',(-7.092178509004E-03,-0.139169600782,0.990243163684
    ));
#4897 = DIRECTION('',(-2.53096155145E-15,-0.990268068742,-0.13917310096)
  );
#4898 = ADVANCED_FACE('',(#4899),#4910,.F.);
#4899 = FACE_BOUND('',#4900,.T.);
#4900 = EDGE_LOOP('',(#4901,#4902,#4908,#4909));
#4901 = ORIENTED_EDGE('',*,*,#1037,.T.);
#4902 = ORIENTED_EDGE('',*,*,#4903,.F.);
#4903 = EDGE_CURVE('',#4722,#1030,#4904,.T.);
#4904 = LINE('',#4905,#4906);
#4905 = CARTESIAN_POINT('',(-0.236867603826,0.620247192494,
    0.737420755332));
#4906 = VECTOR('',#4907,1.);
#4907 = DIRECTION('',(1.894677867305E-16,-0.990268068742,-0.13917310096)
  );
#4908 = ORIENTED_EDGE('',*,*,#4721,.F.);
#4909 = ORIENTED_EDGE('',*,*,#4886,.T.);
#4910 = PLANE('',#4911);
#4911 = AXIS2_PLACEMENT_3D('',#4912,#4913,#4914);
#4912 = CARTESIAN_POINT('',(-0.236867603826,0.620247192494,
    0.737420755332));
#4913 = DIRECTION('',(-0.93942975631,-4.770039680103E-02,0.339405959148)
  );
#4914 = DIRECTION('',(0.339792749246,2.528706410931E-14,0.940500338947)
  );
#4915 = ADVANCED_FACE('',(#4916),#4922,.F.);
#4916 = FACE_BOUND('',#4917,.T.);
#4917 = EDGE_LOOP('',(#4918,#4919,#4920,#4921));
#4918 = ORIENTED_EDGE('',*,*,#1029,.T.);
#4919 = ORIENTED_EDGE('',*,*,#4803,.F.);
#4920 = ORIENTED_EDGE('',*,*,#4729,.F.);
#4921 = ORIENTED_EDGE('',*,*,#4903,.T.);
#4922 = PLANE('',#4923);
#4923 = AXIS2_PLACEMENT_3D('',#4924,#4925,#4926);
#4924 = CARTESIAN_POINT('',(-0.245570158712,0.620255782484,
    0.737359634378));
#4925 = DIRECTION('',(-7.092178509004E-03,-0.139169600782,0.990243163684
    ));
#4926 = DIRECTION('',(-2.53096155145E-15,-0.990268068742,-0.13917310096)
  );
#4927 = ADVANCED_FACE('',(#4928),#4953,.T.);
#4928 = FACE_BOUND('',#4929,.T.);
#4929 = EDGE_LOOP('',(#4930,#4940,#4946,#4947));
#4930 = ORIENTED_EDGE('',*,*,#4931,.F.);
#4931 = EDGE_CURVE('',#4932,#4934,#4936,.T.);
#4932 = VERTEX_POINT('',#4933);
#4933 = CARTESIAN_POINT('',(-0.207901565419,0.616837552131,
    0.760963077485));
#4934 = VERTEX_POINT('',#4935);
#4935 = CARTESIAN_POINT('',(-0.228379082562,0.616857764777,
    0.760819257032));
#4936 = LINE('',#4937,#4938);
#4937 = CARTESIAN_POINT('',(-0.207901565419,0.616837552131,
    0.760963077485));
#4938 = VECTOR('',#4939,1.);
#4939 = DIRECTION('',(-0.999974850186,9.870404750007E-04,
    -7.023157916005E-03));
#4940 = ORIENTED_EDGE('',*,*,#4941,.F.);
#4941 = EDGE_CURVE('',#4738,#4932,#4942,.T.);
#4942 = LINE('',#4943,#4944);
#4943 = CARTESIAN_POINT('',(-0.207901565419,0.616936578938,
    0.760976994795));
#4944 = VECTOR('',#4945,1.);
#4945 = DIRECTION('',(1.894677867305E-16,-0.990268068742,-0.13917310096)
  );
#4946 = ORIENTED_EDGE('',*,*,#4737,.T.);
#4947 = ORIENTED_EDGE('',*,*,#4948,.T.);
#4948 = EDGE_CURVE('',#4740,#4934,#4949,.T.);
#4949 = LINE('',#4950,#4951);
#4950 = CARTESIAN_POINT('',(-0.228379082562,0.616956791584,
    0.760833174342));
#4951 = VECTOR('',#4952,1.);
#4952 = DIRECTION('',(1.894677867305E-16,-0.990268068742,-0.13917310096)
  );
#4953 = PLANE('',#4954);
#4954 = AXIS2_PLACEMENT_3D('',#4955,#4956,#4957);
#4955 = CARTESIAN_POINT('',(-0.207901565419,0.616936578938,
    0.760976994795));
#4956 = DIRECTION('',(-7.092178509004E-03,-0.139169600782,0.990243163684
    ));
#4957 = DIRECTION('',(-2.53096155145E-15,-0.990268068742,-0.13917310096)
  );
#4958 = ADVANCED_FACE('',(#4959),#4977,.T.);
#4959 = FACE_BOUND('',#4960,.T.);
#4960 = EDGE_LOOP('',(#4961,#4969,#4970,#4971));
#4961 = ORIENTED_EDGE('',*,*,#4962,.F.);
#4962 = EDGE_CURVE('',#4934,#4963,#4965,.T.);
#4963 = VERTEX_POINT('',#4964);
#4964 = CARTESIAN_POINT('',(-0.219341715939,0.613319368068,
    0.785996257846));
#4965 = LINE('',#4966,#4967);
#4966 = CARTESIAN_POINT('',(-0.228379082562,0.616857764777,
    0.760819257032));
#4967 = VECTOR('',#4968,1.);
#4968 = DIRECTION('',(0.334929697692,-0.131134896899,0.933073274946));
#4969 = ORIENTED_EDGE('',*,*,#4948,.F.);
#4970 = ORIENTED_EDGE('',*,*,#4781,.T.);
#4971 = ORIENTED_EDGE('',*,*,#4972,.T.);
#4972 = EDGE_CURVE('',#4773,#4963,#4973,.T.);
#4973 = LINE('',#4974,#4975);
#4974 = CARTESIAN_POINT('',(-0.219341715939,0.613418394874,
    0.786010175156));
#4975 = VECTOR('',#4976,1.);
#4976 = DIRECTION('',(1.894677867305E-16,-0.990268068742,-0.13917310096)
  );
#4977 = PLANE('',#4978);
#4978 = AXIS2_PLACEMENT_3D('',#4979,#4980,#4981);
#4979 = CARTESIAN_POINT('',(-0.228379082562,0.616956791584,
    0.760833174342));
#4980 = DIRECTION('',(0.942243120221,4.661320463104E-02,-0.331670184898)
  );
#4981 = DIRECTION('',(-0.332031098117,-4.485994908876E-15,
    -0.943268439991));
#4982 = ADVANCED_FACE('',(#4983),#5002,.T.);
#4983 = FACE_BOUND('',#4984,.T.);
#4984 = EDGE_LOOP('',(#4985,#4994,#4995,#4996));
#4985 = ORIENTED_EDGE('',*,*,#4986,.F.);
#4986 = EDGE_CURVE('',#4963,#4987,#4989,.T.);
#4987 = VERTEX_POINT('',#4988);
#4988 = CARTESIAN_POINT('',(-0.218420669124,0.612723700946,0.79023464965
    ));
#4989 = B_SPLINE_CURVE_WITH_KNOTS('',3,(#4990,#4991,#4992,#4993),
  .UNSPECIFIED.,.F.,.F.,(4,4),(1.,2.),.PIECEWISE_BEZIER_KNOTS.);
#4990 = CARTESIAN_POINT('',(-0.219341715939,0.613319368068,
    0.785996257846));
#4991 = CARTESIAN_POINT('',(-0.219051365446,0.613201866395,
    0.786832325692));
#4992 = CARTESIAN_POINT('',(-0.218749401017,0.613006209873,
    0.788224494185));
#4993 = CARTESIAN_POINT('',(-0.218420669124,0.612723700946,0.79023464965
    ));
#4994 = ORIENTED_EDGE('',*,*,#4972,.F.);
#4995 = ORIENTED_EDGE('',*,*,#4772,.T.);
#4996 = ORIENTED_EDGE('',*,*,#4997,.T.);
#4997 = EDGE_CURVE('',#4765,#4987,#4998,.T.);
#4998 = LINE('',#4999,#5000);
#4999 = CARTESIAN_POINT('',(-0.218420669124,0.612822727752,0.79024856696
    ));
#5000 = VECTOR('',#5001,1.);
#5001 = DIRECTION('',(1.894677867305E-16,-0.990268068742,-0.13917310096)
  );
#5002 = B_SPLINE_SURFACE_WITH_KNOTS('',3,1,(
    (#5003,#5004)
    ,(#5005,#5006)
    ,(#5007,#5008)
    ,(#5009,#5010
    )),.UNSPECIFIED.,.F.,.F.,.F.,(4,4),(2,2),(1.,2.),(0.,1.),
  .PIECEWISE_BEZIER_KNOTS.);
#5003 = CARTESIAN_POINT('',(-0.219341715939,0.613418394874,
    0.786010175156));
#5004 = CARTESIAN_POINT('',(-0.219341715939,0.613319368068,
    0.785996257846));
#5005 = CARTESIAN_POINT('',(-0.219051365446,0.613300893201,
    0.786846243002));
#5006 = CARTESIAN_POINT('',(-0.219051365446,0.613201866395,
    0.786832325692));
#5007 = CARTESIAN_POINT('',(-0.218749401017,0.613105236679,
    0.788238411495));
#5008 = CARTESIAN_POINT('',(-0.218749401017,0.613006209873,
    0.788224494185));
#5009 = CARTESIAN_POINT('',(-0.218420669124,0.612822727752,0.79024856696
    ));
#5010 = CARTESIAN_POINT('',(-0.218420669124,0.612723700946,0.79023464965
    ));
#5011 = ADVANCED_FACE('',(#5012),#5030,.T.);
#5012 = FACE_BOUND('',#5013,.T.);
#5013 = EDGE_LOOP('',(#5014,#5022,#5023,#5024));
#5014 = ORIENTED_EDGE('',*,*,#5015,.F.);
#5015 = EDGE_CURVE('',#4987,#5016,#5018,.T.);
#5016 = VERTEX_POINT('',#5017);
#5017 = CARTESIAN_POINT('',(-0.218233517406,0.612723516215,
    0.790235964079));
#5018 = LINE('',#5019,#5020);
#5019 = CARTESIAN_POINT('',(-0.218420669124,0.612723700946,0.79023464965
    ));
#5020 = VECTOR('',#5021,1.);
#5021 = DIRECTION('',(0.999974850186,-9.870404750007E-04,
    7.023157916005E-03));
#5022 = ORIENTED_EDGE('',*,*,#4997,.F.);
#5023 = ORIENTED_EDGE('',*,*,#4764,.T.);
#5024 = ORIENTED_EDGE('',*,*,#5025,.T.);
#5025 = EDGE_CURVE('',#4756,#5016,#5026,.T.);
#5026 = LINE('',#5027,#5028);
#5027 = CARTESIAN_POINT('',(-0.218233517406,0.612822543021,0.79024988139
    ));
#5028 = VECTOR('',#5029,1.);
#5029 = DIRECTION('',(1.894677867305E-16,-0.990268068742,-0.13917310096)
  );
#5030 = PLANE('',#5031);
#5031 = AXIS2_PLACEMENT_3D('',#5032,#5033,#5034);
#5032 = CARTESIAN_POINT('',(-0.218420669124,0.612822727752,0.79024856696
    ));
#5033 = DIRECTION('',(7.092178509004E-03,0.139169600782,-0.990243163684)
  );
#5034 = DIRECTION('',(2.53096155145E-15,0.990268068742,0.13917310096));
#5035 = ADVANCED_FACE('',(#5036),#5055,.T.);
#5036 = FACE_BOUND('',#5037,.T.);
#5037 = EDGE_LOOP('',(#5038,#5047,#5048,#5049));
#5038 = ORIENTED_EDGE('',*,*,#5039,.F.);
#5039 = EDGE_CURVE('',#5016,#5040,#5042,.T.);
#5040 = VERTEX_POINT('',#5041);
#5041 = CARTESIAN_POINT('',(-0.217205067159,0.613317259056,
    0.786011264245));
#5042 = B_SPLINE_CURVE_WITH_KNOTS('',3,(#5043,#5044,#5045,#5046),
  .UNSPECIFIED.,.F.,.F.,(4,4),(3.,4.),.PIECEWISE_BEZIER_KNOTS.);
#5043 = CARTESIAN_POINT('',(-0.218233517406,0.612723516215,
    0.790235964079));
#5044 = CARTESIAN_POINT('',(-0.217924141609,0.612979347493,
    0.788415629951));
#5045 = CARTESIAN_POINT('',(-0.217586449778,0.613178713931,
    0.786997064029));
#5046 = CARTESIAN_POINT('',(-0.217205067159,0.613317259056,
    0.786011264245));
#5047 = ORIENTED_EDGE('',*,*,#5025,.F.);
#5048 = ORIENTED_EDGE('',*,*,#4755,.T.);
#5049 = ORIENTED_EDGE('',*,*,#5050,.T.);
#5050 = EDGE_CURVE('',#4748,#5040,#5051,.T.);
#5051 = LINE('',#5052,#5053);
#5052 = CARTESIAN_POINT('',(-0.217205067159,0.613416285863,
    0.786025181555));
#5053 = VECTOR('',#5054,1.);
#5054 = DIRECTION('',(1.894677867305E-16,-0.990268068742,-0.13917310096)
  );
#5055 = B_SPLINE_SURFACE_WITH_KNOTS('',3,1,(
    (#5056,#5057)
    ,(#5058,#5059)
    ,(#5060,#5061)
    ,(#5062,#5063
    )),.UNSPECIFIED.,.F.,.F.,.F.,(4,4),(2,2),(3.,4.),(0.,1.),
  .PIECEWISE_BEZIER_KNOTS.);
#5056 = CARTESIAN_POINT('',(-0.218233517406,0.612822543021,0.79024988139
    ));
#5057 = CARTESIAN_POINT('',(-0.218233517406,0.612723516215,
    0.790235964079));
#5058 = CARTESIAN_POINT('',(-0.217924141609,0.613078374299,
    0.788429547261));
#5059 = CARTESIAN_POINT('',(-0.217924141609,0.612979347493,
    0.788415629951));
#5060 = CARTESIAN_POINT('',(-0.217586449778,0.613277740738,
    0.787010981339));
#5061 = CARTESIAN_POINT('',(-0.217586449778,0.613178713931,
    0.786997064029));
#5062 = CARTESIAN_POINT('',(-0.217205067159,0.613416285863,
    0.786025181555));
#5063 = CARTESIAN_POINT('',(-0.217205067159,0.613317259056,
    0.786011264245));
#5064 = ADVANCED_FACE('',(#5065),#5076,.T.);
#5065 = FACE_BOUND('',#5066,.T.);
#5066 = EDGE_LOOP('',(#5067,#5073,#5074,#5075));
#5067 = ORIENTED_EDGE('',*,*,#5068,.F.);
#5068 = EDGE_CURVE('',#5040,#4932,#5069,.T.);
#5069 = LINE('',#5070,#5071);
#5070 = CARTESIAN_POINT('',(-0.217205067159,0.613317259056,
    0.786011264245));
#5071 = VECTOR('',#5072,1.);
#5072 = DIRECTION('',(0.345199932452,0.130618015204,-0.929395470582));
#5073 = ORIENTED_EDGE('',*,*,#5050,.F.);
#5074 = ORIENTED_EDGE('',*,*,#4747,.T.);
#5075 = ORIENTED_EDGE('',*,*,#4941,.T.);
#5076 = PLANE('',#5077);
#5077 = AXIS2_PLACEMENT_3D('',#5078,#5079,#5080);
#5078 = CARTESIAN_POINT('',(-0.217205067159,0.613416285863,
    0.786025181555));
#5079 = DIRECTION('',(-0.938529171968,4.804254505005E-02,-0.341840470439
    ));
#5080 = DIRECTION('',(-0.342235653283,2.092076512028E-15,0.939614153587)
  );
#5081 = ADVANCED_FACE('',(#5082),#5090,.T.);
#5082 = FACE_BOUND('',#5083,.T.);
#5083 = EDGE_LOOP('',(#5084,#5085,#5086,#5087,#5088,#5089));
#5084 = ORIENTED_EDGE('',*,*,#4931,.T.);
#5085 = ORIENTED_EDGE('',*,*,#4962,.T.);
#5086 = ORIENTED_EDGE('',*,*,#4986,.T.);
#5087 = ORIENTED_EDGE('',*,*,#5015,.T.);
#5088 = ORIENTED_EDGE('',*,*,#5039,.T.);
#5089 = ORIENTED_EDGE('',*,*,#5068,.T.);
#5090 = PLANE('',#5091);
#5091 = AXIS2_PLACEMENT_3D('',#5092,#5093,#5094);
#5092 = CARTESIAN_POINT('',(-1.129362659708E-16,0.590270145251,
    0.949999999999));
#5093 = DIRECTION('',(-1.894677867305E-16,0.990268068742,0.13917310096)
  );
#5094 = DIRECTION('',(1.,1.913297951445E-16,6.240013019815E-30));
#5095 = ADVANCED_FACE('',(#5096),#5121,.F.);
#5096 = FACE_BOUND('',#5097,.T.);
#5097 = EDGE_LOOP('',(#5098,#5099,#5107,#5115));
#5098 = ORIENTED_EDGE('',*,*,#1087,.T.);
#5099 = ORIENTED_EDGE('',*,*,#5100,.F.);
#5100 = EDGE_CURVE('',#5101,#1078,#5103,.T.);
#5101 = VERTEX_POINT('',#5102);
#5102 = CARTESIAN_POINT('',(-3.289013578E-02,0.632548795071,
    0.649890304819));
#5103 = LINE('',#5104,#5105);
#5104 = CARTESIAN_POINT('',(-3.289013578E-02,0.632548795071,
    0.649890304819));
#5105 = VECTOR('',#5106,1.);
#5106 = DIRECTION('',(1.894677867305E-16,-0.990268068742,-0.13917310096)
  );
#5107 = ORIENTED_EDGE('',*,*,#5108,.F.);
#5108 = EDGE_CURVE('',#5109,#5101,#5111,.T.);
#5109 = VERTEX_POINT('',#5110);
#5110 = CARTESIAN_POINT('',(-3.2840802725E-02,0.633516856095,
    0.643002192722));
#5111 = LINE('',#5112,#5113);
#5112 = CARTESIAN_POINT('',(-3.289013578E-02,0.632548795071,
    0.649890304819));
#5113 = VECTOR('',#5114,1.);
#5114 = DIRECTION('',(-7.092178509004E-03,-0.139169600782,0.990243163684
    ));
#5115 = ORIENTED_EDGE('',*,*,#5116,.T.);
#5116 = EDGE_CURVE('',#5109,#1088,#5117,.T.);
#5117 = LINE('',#5118,#5119);
#5118 = CARTESIAN_POINT('',(-3.2840802725E-02,0.633516856095,
    0.643002192722));
#5119 = VECTOR('',#5120,1.);
#5120 = DIRECTION('',(1.894677867305E-16,-0.990268068742,-0.13917310096)
  );
#5121 = PLANE('',#5122);
#5122 = AXIS2_PLACEMENT_3D('',#5123,#5124,#5125);
#5123 = CARTESIAN_POINT('',(-3.289013578E-02,0.632548795071,
    0.649890304819));
#5124 = DIRECTION('',(0.999974850186,-9.870404750007E-04,
    7.023157916005E-03));
#5125 = DIRECTION('',(7.02316133716E-03,-1.555177902147E-16,
    -0.999975337298));
#5126 = ADVANCED_FACE('',(#5127),#5145,.F.);
#5127 = FACE_BOUND('',#5128,.T.);
#5128 = EDGE_LOOP('',(#5129,#5130,#5138,#5144));
#5129 = ORIENTED_EDGE('',*,*,#1077,.T.);
#5130 = ORIENTED_EDGE('',*,*,#5131,.F.);
#5131 = EDGE_CURVE('',#5132,#1080,#5134,.T.);
#5132 = VERTEX_POINT('',#5133);
#5133 = CARTESIAN_POINT('',(-7.952169358E-03,0.63252417967,
    0.650065452501));
#5134 = LINE('',#5135,#5136);
#5135 = CARTESIAN_POINT('',(-7.952169358E-03,0.63252417967,
    0.650065452501));
#5136 = VECTOR('',#5137,1.);
#5137 = DIRECTION('',(1.894677867305E-16,-0.990268068742,-0.13917310096)
  );
#5138 = ORIENTED_EDGE('',*,*,#5139,.F.);
#5139 = EDGE_CURVE('',#5101,#5132,#5140,.T.);
#5140 = LINE('',#5141,#5142);
#5141 = CARTESIAN_POINT('',(-7.952169358E-03,0.63252417967,
    0.650065452501));
#5142 = VECTOR('',#5143,1.);
#5143 = DIRECTION('',(0.999974850186,-9.870404750007E-04,
    7.023157916005E-03));
#5144 = ORIENTED_EDGE('',*,*,#5100,.T.);
#5145 = PLANE('',#5146);
#5146 = AXIS2_PLACEMENT_3D('',#5147,#5148,#5149);
#5147 = CARTESIAN_POINT('',(-7.952169358E-03,0.63252417967,
    0.650065452501));
#5148 = DIRECTION('',(7.092178509004E-03,0.139169600782,-0.990243163684)
  );
#5149 = DIRECTION('',(2.53096155145E-15,0.990268068742,0.13917310096));
#5150 = ADVANCED_FACE('',(#5151),#5169,.F.);
#5151 = FACE_BOUND('',#5152,.T.);
#5152 = EDGE_LOOP('',(#5153,#5154,#5162,#5168));
#5153 = ORIENTED_EDGE('',*,*,#1167,.T.);
#5154 = ORIENTED_EDGE('',*,*,#5155,.F.);
#5155 = EDGE_CURVE('',#5156,#1160,#5158,.T.);
#5156 = VERTEX_POINT('',#5157);
#5157 = CARTESIAN_POINT('',(-8.097735054E-03,0.629667748488,
    0.670390016447));
#5158 = LINE('',#5159,#5160);
#5159 = CARTESIAN_POINT('',(-8.097735054E-03,0.629667748488,
    0.670390016447));
#5160 = VECTOR('',#5161,1.);
#5161 = DIRECTION('',(1.894677867305E-16,-0.990268068742,-0.13917310096)
  );
#5162 = ORIENTED_EDGE('',*,*,#5163,.F.);
#5163 = EDGE_CURVE('',#5132,#5156,#5164,.T.);
#5164 = LINE('',#5165,#5166);
#5165 = CARTESIAN_POINT('',(-8.097735054E-03,0.629667748488,
    0.670390016447));
#5166 = VECTOR('',#5167,1.);
#5167 = DIRECTION('',(-7.092178509004E-03,-0.139169600782,0.990243163684
    ));
#5168 = ORIENTED_EDGE('',*,*,#5131,.T.);
#5169 = PLANE('',#5170);
#5170 = AXIS2_PLACEMENT_3D('',#5171,#5172,#5173);
#5171 = CARTESIAN_POINT('',(-8.097735054E-03,0.629667748488,
    0.670390016447));
#5172 = DIRECTION('',(0.999974850186,-9.870404750007E-04,
    7.023157916005E-03));
#5173 = DIRECTION('',(7.02316133716E-03,-1.555177902147E-16,
    -0.999975337298));
#5174 = ADVANCED_FACE('',(#5175),#5193,.F.);
#5175 = FACE_BOUND('',#5176,.T.);
#5176 = EDGE_LOOP('',(#5177,#5178,#5186,#5192));
#5177 = ORIENTED_EDGE('',*,*,#1159,.T.);
#5178 = ORIENTED_EDGE('',*,*,#5179,.F.);
#5179 = EDGE_CURVE('',#5180,#1152,#5182,.T.);
#5180 = VERTEX_POINT('',#5181);
#5181 = CARTESIAN_POINT('',(-2.9916506176E-02,0.62968928504,
    0.670236775918));
#5182 = LINE('',#5183,#5184);
#5183 = CARTESIAN_POINT('',(-2.9916506176E-02,0.62968928504,
    0.670236775918));
#5184 = VECTOR('',#5185,1.);
#5185 = DIRECTION('',(1.894677867305E-16,-0.990268068742,-0.13917310096)
  );
#5186 = ORIENTED_EDGE('',*,*,#5187,.F.);
#5187 = EDGE_CURVE('',#5156,#5180,#5188,.T.);
#5188 = LINE('',#5189,#5190);
#5189 = CARTESIAN_POINT('',(-2.9916506176E-02,0.62968928504,
    0.670236775918));
#5190 = VECTOR('',#5191,1.);
#5191 = DIRECTION('',(-0.999974850186,9.870404750007E-04,
    -7.023157916005E-03));
#5192 = ORIENTED_EDGE('',*,*,#5155,.T.);
#5193 = PLANE('',#5194);
#5194 = AXIS2_PLACEMENT_3D('',#5195,#5196,#5197);
#5195 = CARTESIAN_POINT('',(-2.9916506176E-02,0.62968928504,
    0.670236775918));
#5196 = DIRECTION('',(-7.092178509004E-03,-0.139169600782,0.990243163684
    ));
#5197 = DIRECTION('',(-2.53096155145E-15,-0.990268068742,-0.13917310096)
  );
#5198 = ADVANCED_FACE('',(#5199),#5217,.F.);
#5199 = FACE_BOUND('',#5200,.T.);
#5200 = EDGE_LOOP('',(#5201,#5202,#5210,#5216));
#5201 = ORIENTED_EDGE('',*,*,#1151,.T.);
#5202 = ORIENTED_EDGE('',*,*,#5203,.F.);
#5203 = EDGE_CURVE('',#5204,#1144,#5206,.T.);
#5204 = VERTEX_POINT('',#5205);
#5205 = CARTESIAN_POINT('',(-2.9966060456E-02,0.628716882935,
    0.67715577641));
#5206 = LINE('',#5207,#5208);
#5207 = CARTESIAN_POINT('',(-2.9966060456E-02,0.628716882935,
    0.67715577641));
#5208 = VECTOR('',#5209,1.);
#5209 = DIRECTION('',(1.894677867305E-16,-0.990268068742,-0.13917310096)
  );
#5210 = ORIENTED_EDGE('',*,*,#5211,.F.);
#5211 = EDGE_CURVE('',#5180,#5204,#5212,.T.);
#5212 = LINE('',#5213,#5214);
#5213 = CARTESIAN_POINT('',(-2.9966060456E-02,0.628716882935,
    0.67715577641));
#5214 = VECTOR('',#5215,1.);
#5215 = DIRECTION('',(-7.092178509004E-03,-0.139169600782,0.990243163684
    ));
#5216 = ORIENTED_EDGE('',*,*,#5179,.T.);
#5217 = PLANE('',#5218);
#5218 = AXIS2_PLACEMENT_3D('',#5219,#5220,#5221);
#5219 = CARTESIAN_POINT('',(-2.9966060456E-02,0.628716882935,
    0.67715577641));
#5220 = DIRECTION('',(0.999974850186,-9.870404750007E-04,
    7.023157916005E-03));
#5221 = DIRECTION('',(7.02316133716E-03,-1.555177902147E-16,
    -0.999975337298));
#5222 = ADVANCED_FACE('',(#5223),#5241,.F.);
#5223 = FACE_BOUND('',#5224,.T.);
#5224 = EDGE_LOOP('',(#5225,#5226,#5234,#5240));
#5225 = ORIENTED_EDGE('',*,*,#1143,.T.);
#5226 = ORIENTED_EDGE('',*,*,#5227,.F.);
#5227 = EDGE_CURVE('',#5228,#1136,#5230,.T.);
#5228 = VERTEX_POINT('',#5229);
#5229 = CARTESIAN_POINT('',(-8.147289334E-03,0.628695346383,
    0.677309016939));
#5230 = LINE('',#5231,#5232);
#5231 = CARTESIAN_POINT('',(-8.147289334E-03,0.628695346383,
    0.677309016939));
#5232 = VECTOR('',#5233,1.);
#5233 = DIRECTION('',(1.894677867305E-16,-0.990268068742,-0.13917310096)
  );
#5234 = ORIENTED_EDGE('',*,*,#5235,.F.);
#5235 = EDGE_CURVE('',#5204,#5228,#5236,.T.);
#5236 = LINE('',#5237,#5238);
#5237 = CARTESIAN_POINT('',(-8.147289334E-03,0.628695346383,
    0.677309016939));
#5238 = VECTOR('',#5239,1.);
#5239 = DIRECTION('',(0.999974850186,-9.870404750007E-04,
    7.023157916005E-03));
#5240 = ORIENTED_EDGE('',*,*,#5203,.T.);
#5241 = PLANE('',#5242);
#5242 = AXIS2_PLACEMENT_3D('',#5243,#5244,#5245);
#5243 = CARTESIAN_POINT('',(-8.147289334E-03,0.628695346383,
    0.677309016939));
#5244 = DIRECTION('',(7.092178509004E-03,0.139169600782,-0.990243163684)
  );
#5245 = DIRECTION('',(2.53096155145E-15,0.990268068742,0.13917310096));
#5246 = ADVANCED_FACE('',(#5247),#5265,.F.);
#5247 = FACE_BOUND('',#5248,.T.);
#5248 = EDGE_LOOP('',(#5249,#5250,#5258,#5264));
#5249 = ORIENTED_EDGE('',*,*,#1135,.T.);
#5250 = ORIENTED_EDGE('',*,*,#5251,.F.);
#5251 = EDGE_CURVE('',#5252,#1128,#5254,.T.);
#5252 = VERTEX_POINT('',#5253);
#5253 = CARTESIAN_POINT('',(-8.285775847E-03,0.625977829788,
    0.696645152244));
#5254 = LINE('',#5255,#5256);
#5255 = CARTESIAN_POINT('',(-8.285775847E-03,0.625977829788,
    0.696645152244));
#5256 = VECTOR('',#5257,1.);
#5257 = DIRECTION('',(1.894677867305E-16,-0.990268068742,-0.13917310096)
  );
#5258 = ORIENTED_EDGE('',*,*,#5259,.F.);
#5259 = EDGE_CURVE('',#5228,#5252,#5260,.T.);
#5260 = LINE('',#5261,#5262);
#5261 = CARTESIAN_POINT('',(-8.285775847E-03,0.625977829788,
    0.696645152244));
#5262 = VECTOR('',#5263,1.);
#5263 = DIRECTION('',(-7.092178509004E-03,-0.139169600782,0.990243163684
    ));
#5264 = ORIENTED_EDGE('',*,*,#5227,.T.);
#5265 = PLANE('',#5266);
#5266 = AXIS2_PLACEMENT_3D('',#5267,#5268,#5269);
#5267 = CARTESIAN_POINT('',(-8.285775847E-03,0.625977829788,
    0.696645152244));
#5268 = DIRECTION('',(0.999974850186,-9.870404750007E-04,
    7.023157916005E-03));
#5269 = DIRECTION('',(7.02316133716E-03,-1.555177902147E-16,
    -0.999975337298));
#5270 = ADVANCED_FACE('',(#5271),#5289,.F.);
#5271 = FACE_BOUND('',#5272,.T.);
#5272 = EDGE_LOOP('',(#5273,#5274,#5282,#5288));
#5273 = ORIENTED_EDGE('',*,*,#1127,.T.);
#5274 = ORIENTED_EDGE('',*,*,#5275,.F.);
#5275 = EDGE_CURVE('',#5276,#1120,#5278,.T.);
#5276 = VERTEX_POINT('',#5277);
#5277 = CARTESIAN_POINT('',(-3.1835700361E-02,0.626001075101,
    0.696479753246));
#5278 = LINE('',#5279,#5280);
#5279 = CARTESIAN_POINT('',(-3.1835700361E-02,0.626001075101,
    0.696479753246));
#5280 = VECTOR('',#5281,1.);
#5281 = DIRECTION('',(1.894677867305E-16,-0.990268068742,-0.13917310096)
  );
#5282 = ORIENTED_EDGE('',*,*,#5283,.F.);
#5283 = EDGE_CURVE('',#5252,#5276,#5284,.T.);
#5284 = LINE('',#5285,#5286);
#5285 = CARTESIAN_POINT('',(-3.1835700361E-02,0.626001075101,
    0.696479753246));
#5286 = VECTOR('',#5287,1.);
#5287 = DIRECTION('',(-0.999974850186,9.870404750007E-04,
    -7.023157916005E-03));
#5288 = ORIENTED_EDGE('',*,*,#5251,.T.);
#5289 = PLANE('',#5290);
#5290 = AXIS2_PLACEMENT_3D('',#5291,#5292,#5293);
#5291 = CARTESIAN_POINT('',(-3.1835700361E-02,0.626001075101,
    0.696479753246));
#5292 = DIRECTION('',(-7.092178509004E-03,-0.139169600782,0.990243163684
    ));
#5293 = DIRECTION('',(-2.53096155145E-15,-0.990268068742,-0.13917310096)
  );
#5294 = ADVANCED_FACE('',(#5295),#5313,.F.);
#5295 = FACE_BOUND('',#5296,.T.);
#5296 = EDGE_LOOP('',(#5297,#5298,#5306,#5312));
#5297 = ORIENTED_EDGE('',*,*,#1119,.T.);
#5298 = ORIENTED_EDGE('',*,*,#5299,.F.);
#5299 = EDGE_CURVE('',#5300,#1112,#5302,.T.);
#5300 = VERTEX_POINT('',#5301);
#5301 = CARTESIAN_POINT('',(-3.1885475865E-02,0.625024331916,
    0.703429642133));
#5302 = LINE('',#5303,#5304);
#5303 = CARTESIAN_POINT('',(-3.1885475865E-02,0.625024331916,
    0.703429642133));
#5304 = VECTOR('',#5305,1.);
#5305 = DIRECTION('',(1.894677867305E-16,-0.990268068742,-0.13917310096)
  );
#5306 = ORIENTED_EDGE('',*,*,#5307,.F.);
#5307 = EDGE_CURVE('',#5276,#5300,#5308,.T.);
#5308 = LINE('',#5309,#5310);
#5309 = CARTESIAN_POINT('',(-3.1885475865E-02,0.625024331916,
    0.703429642133));
#5310 = VECTOR('',#5311,1.);
#5311 = DIRECTION('',(-7.092178509004E-03,-0.139169600782,0.990243163684
    ));
#5312 = ORIENTED_EDGE('',*,*,#5275,.T.);
#5313 = PLANE('',#5314);
#5314 = AXIS2_PLACEMENT_3D('',#5315,#5316,#5317);
#5315 = CARTESIAN_POINT('',(-3.1885475865E-02,0.625024331916,
    0.703429642133));
#5316 = DIRECTION('',(0.999974850186,-9.870404750007E-04,
    7.023157916005E-03));
#5317 = DIRECTION('',(7.02316133716E-03,-1.555177902147E-16,
    -0.999975337298));
#5318 = ADVANCED_FACE('',(#5319),#5337,.F.);
#5319 = FACE_BOUND('',#5320,.T.);
#5320 = EDGE_LOOP('',(#5321,#5322,#5330,#5336));
#5321 = ORIENTED_EDGE('',*,*,#1111,.T.);
#5322 = ORIENTED_EDGE('',*,*,#5323,.F.);
#5323 = EDGE_CURVE('',#5324,#1104,#5326,.T.);
#5324 = VERTEX_POINT('',#5325);
#5325 = CARTESIAN_POINT('',(-4.59583219E-04,0.624993312507,
    0.703650356691));
#5326 = LINE('',#5327,#5328);
#5327 = CARTESIAN_POINT('',(-4.59583219E-04,0.624993312507,
    0.703650356691));
#5328 = VECTOR('',#5329,1.);
#5329 = DIRECTION('',(1.894677867305E-16,-0.990268068742,-0.13917310096)
  );
#5330 = ORIENTED_EDGE('',*,*,#5331,.F.);
#5331 = EDGE_CURVE('',#5300,#5324,#5332,.T.);
#5332 = LINE('',#5333,#5334);
#5333 = CARTESIAN_POINT('',(-4.59583219E-04,0.624993312507,
    0.703650356691));
#5334 = VECTOR('',#5335,1.);
#5335 = DIRECTION('',(0.999974850186,-9.870404750007E-04,
    7.023157916005E-03));
#5336 = ORIENTED_EDGE('',*,*,#5299,.T.);
#5337 = PLANE('',#5338);
#5338 = AXIS2_PLACEMENT_3D('',#5339,#5340,#5341);
#5339 = CARTESIAN_POINT('',(-4.59583219E-04,0.624993312507,
    0.703650356691));
#5340 = DIRECTION('',(7.092178509004E-03,0.139169600782,-0.990243163684)
  );
#5341 = DIRECTION('',(2.53096155145E-15,0.990268068742,0.13917310096));
#5342 = ADVANCED_FACE('',(#5343),#5361,.F.);
#5343 = FACE_BOUND('',#5344,.T.);
#5344 = EDGE_LOOP('',(#5345,#5346,#5354,#5360));
#5345 = ORIENTED_EDGE('',*,*,#1103,.T.);
#5346 = ORIENTED_EDGE('',*,*,#5347,.F.);
#5347 = EDGE_CURVE('',#5348,#1096,#5350,.T.);
#5348 = VERTEX_POINT('',#5349);
#5349 = CARTESIAN_POINT('',(-2.686817125919E-05,0.633484466599,
    0.643232655962));
#5350 = LINE('',#5351,#5352);
#5351 = CARTESIAN_POINT('',(-2.686817125919E-05,0.633484466599,
    0.643232655962));
#5352 = VECTOR('',#5353,1.);
#5353 = DIRECTION('',(1.894677867305E-16,-0.990268068742,-0.13917310096)
  );
#5354 = ORIENTED_EDGE('',*,*,#5355,.F.);
#5355 = EDGE_CURVE('',#5324,#5348,#5356,.T.);
#5356 = LINE('',#5357,#5358);
#5357 = CARTESIAN_POINT('',(-2.686817125919E-05,0.633484466599,
    0.643232655962));
#5358 = VECTOR('',#5359,1.);
#5359 = DIRECTION('',(7.092178509004E-03,0.139169600782,-0.990243163684)
  );
#5360 = ORIENTED_EDGE('',*,*,#5323,.T.);
#5361 = PLANE('',#5362);
#5362 = AXIS2_PLACEMENT_3D('',#5363,#5364,#5365);
#5363 = CARTESIAN_POINT('',(-2.686817125919E-05,0.633484466599,
    0.643232655962));
#5364 = DIRECTION('',(-0.999974850186,9.870404750007E-04,
    -7.023157916005E-03));
#5365 = DIRECTION('',(-7.02316133716E-03,1.555177902147E-16,
    0.999975337298));
#5366 = ADVANCED_FACE('',(#5367),#5378,.F.);
#5367 = FACE_BOUND('',#5368,.T.);
#5368 = EDGE_LOOP('',(#5369,#5370,#5371,#5377));
#5369 = ORIENTED_EDGE('',*,*,#1095,.T.);
#5370 = ORIENTED_EDGE('',*,*,#5116,.F.);
#5371 = ORIENTED_EDGE('',*,*,#5372,.F.);
#5372 = EDGE_CURVE('',#5348,#5109,#5373,.T.);
#5373 = LINE('',#5374,#5375);
#5374 = CARTESIAN_POINT('',(-3.2840802725E-02,0.633516856095,
    0.643002192722));
#5375 = VECTOR('',#5376,1.);
#5376 = DIRECTION('',(-0.999974850186,9.870404750007E-04,
    -7.023157916005E-03));
#5377 = ORIENTED_EDGE('',*,*,#5347,.T.);
#5378 = PLANE('',#5379);
#5379 = AXIS2_PLACEMENT_3D('',#5380,#5381,#5382);
#5380 = CARTESIAN_POINT('',(-3.2840802725E-02,0.633516856095,
    0.643002192722));
#5381 = DIRECTION('',(-7.092178509004E-03,-0.139169600782,0.990243163684
    ));
#5382 = DIRECTION('',(-2.53096155145E-15,-0.990268068742,-0.13917310096)
  );
#5383 = ADVANCED_FACE('',(#5384),#5398,.F.);
#5384 = FACE_BOUND('',#5385,.T.);
#5385 = EDGE_LOOP('',(#5386,#5387,#5388,#5389,#5390,#5391,#5392,#5393,
    #5394,#5395,#5396,#5397));
#5386 = ORIENTED_EDGE('',*,*,#5108,.T.);
#5387 = ORIENTED_EDGE('',*,*,#5139,.T.);
#5388 = ORIENTED_EDGE('',*,*,#5163,.T.);
#5389 = ORIENTED_EDGE('',*,*,#5187,.T.);
#5390 = ORIENTED_EDGE('',*,*,#5211,.T.);
#5391 = ORIENTED_EDGE('',*,*,#5235,.T.);
#5392 = ORIENTED_EDGE('',*,*,#5259,.T.);
#5393 = ORIENTED_EDGE('',*,*,#5283,.T.);
#5394 = ORIENTED_EDGE('',*,*,#5307,.T.);
#5395 = ORIENTED_EDGE('',*,*,#5331,.T.);
#5396 = ORIENTED_EDGE('',*,*,#5355,.T.);
#5397 = ORIENTED_EDGE('',*,*,#5372,.T.);
#5398 = PLANE('',#5399);
#5399 = AXIS2_PLACEMENT_3D('',#5400,#5401,#5402);
#5400 = CARTESIAN_POINT('',(1.016245819359E-16,0.709863883888,
    9.9764862766E-02));
#5401 = DIRECTION('',(-1.418136441612E-16,-0.990268068742,-0.13917310096
    ));
#5402 = DIRECTION('',(0.,0.13917310096,-0.990268068742));
#5403 = ADVANCED_FACE('',(#5404,#5526),#5598,.T.);
#5404 = FACE_BOUND('',#5405,.T.);
#5405 = EDGE_LOOP('',(#5406,#5417,#5425,#5434,#5443,#5451,#5460,#5469,
    #5478,#5487,#5495,#5503,#5511,#5519));
#5406 = ORIENTED_EDGE('',*,*,#5407,.T.);
#5407 = EDGE_CURVE('',#5408,#5410,#5412,.T.);
#5408 = VERTEX_POINT('',#5409);
#5409 = CARTESIAN_POINT('',(-5.9732476436E-02,0.627339683395,
    0.68695506032));
#5410 = VERTEX_POINT('',#5411);
#5411 = CARTESIAN_POINT('',(-4.4700387864E-02,0.627889214636,
    0.683044942365));
#5412 = B_SPLINE_CURVE_WITH_KNOTS('',3,(#5413,#5414,#5415,#5416),
  .UNSPECIFIED.,.F.,.F.,(4,4),(0.,1.),.PIECEWISE_BEZIER_KNOTS.);
#5413 = CARTESIAN_POINT('',(-5.9732476436E-02,0.627339683395,
    0.68695506032));
#5414 = CARTESIAN_POINT('',(-5.405554099E-02,0.627334079889,
    0.686994931337));
#5415 = CARTESIAN_POINT('',(-4.9039719882E-02,0.627515804811,
    0.685701891329));
#5416 = CARTESIAN_POINT('',(-4.4700387864E-02,0.627889214636,
    0.683044942365));
#5417 = ORIENTED_EDGE('',*,*,#5418,.T.);
#5418 = EDGE_CURVE('',#5410,#5419,#5421,.T.);
#5419 = VERTEX_POINT('',#5420);
#5420 = CARTESIAN_POINT('',(-4.4647736441E-02,0.628922391872,
    0.675693504341));
#5421 = LINE('',#5422,#5423);
#5422 = CARTESIAN_POINT('',(-4.4647736441E-02,0.628922391872,
    0.675693504341));
#5423 = VECTOR('',#5424,1.);
#5424 = DIRECTION('',(7.092178509004E-03,0.139169600782,-0.990243163684)
  );
#5425 = ORIENTED_EDGE('',*,*,#5426,.T.);
#5426 = EDGE_CURVE('',#5419,#5427,#5429,.T.);
#5427 = VERTEX_POINT('',#5428);
#5428 = CARTESIAN_POINT('',(-5.8971037849E-02,0.628202850344,
    0.680813308349));
#5429 = B_SPLINE_CURVE_WITH_KNOTS('',3,(#5430,#5431,#5432,#5433),
  .UNSPECIFIED.,.F.,.F.,(4,4),(12.,13.),.PIECEWISE_BEZIER_KNOTS.);
#5430 = CARTESIAN_POINT('',(-4.4647736441E-02,0.628922391872,
    0.675693504341));
#5431 = CARTESIAN_POINT('',(-4.8977003095E-02,0.628440439632,
    0.679122772718));
#5432 = CARTESIAN_POINT('',(-5.3746385722E-02,0.628197693271,
    0.680850002829));
#5433 = CARTESIAN_POINT('',(-5.8971037849E-02,0.628202850344,
    0.680813308349));
#5434 = ORIENTED_EDGE('',*,*,#5435,.T.);
#5435 = EDGE_CURVE('',#5427,#5436,#5438,.T.);
#5436 = VERTEX_POINT('',#5437);
#5437 = CARTESIAN_POINT('',(-6.7722701781E-02,0.629696213129,0.67018748)
  );
#5438 = B_SPLINE_CURVE_WITH_KNOTS('',3,(#5439,#5440,#5441,#5442),
  .UNSPECIFIED.,.F.,.F.,(4,4),(11.,12.),.PIECEWISE_BEZIER_KNOTS.);
#5439 = CARTESIAN_POINT('',(-5.8971037849E-02,0.628202850344,
    0.680813308349));
#5440 = CARTESIAN_POINT('',(-6.4850720989E-02,0.628208653975,
    0.680772013367));
#5441 = CARTESIAN_POINT('',(-6.7773140958E-02,0.628706446701,
    0.677230034072));
#5442 = CARTESIAN_POINT('',(-6.7722701781E-02,0.629696213129,0.67018748)
  );
#5443 = ORIENTED_EDGE('',*,*,#5444,.T.);
#5444 = EDGE_CURVE('',#5436,#5445,#5447,.T.);
#5445 = VERTEX_POINT('',#5446);
#5446 = CARTESIAN_POINT('',(-5.4796402221E-02,0.62993524938,
    0.668486648696));
#5447 = LINE('',#5448,#5449);
#5448 = CARTESIAN_POINT('',(-5.4796402221E-02,0.62993524938,
    0.668486648696));
#5449 = VECTOR('',#5450,1.);
#5450 = DIRECTION('',(0.991287678229,1.833113098101E-02,-0.130432774362)
  );
#5451 = ORIENTED_EDGE('',*,*,#5452,.T.);
#5452 = EDGE_CURVE('',#5445,#5453,#5455,.T.);
#5453 = VERTEX_POINT('',#5454);
#5454 = CARTESIAN_POINT('',(-4.0238053652E-02,0.631900511769,
    0.654503080201));
#5455 = B_SPLINE_CURVE_WITH_KNOTS('',3,(#5456,#5457,#5458,#5459),
  .UNSPECIFIED.,.F.,.F.,(4,4),(9.,10.),.PIECEWISE_BEZIER_KNOTS.);
#5456 = CARTESIAN_POINT('',(-5.4796402221E-02,0.62993524938,
    0.668486648696));
#5457 = CARTESIAN_POINT('',(-4.5148576093E-02,0.630112402211,
    0.667226140809));
#5458 = CARTESIAN_POINT('',(-4.0295793236E-02,0.630767489674,
    0.66256495131));
#5459 = CARTESIAN_POINT('',(-4.0238053652E-02,0.631900511769,
    0.654503080201));
#5460 = ORIENTED_EDGE('',*,*,#5461,.T.);
#5461 = EDGE_CURVE('',#5453,#5462,#5464,.T.);
#5462 = VERTEX_POINT('',#5463);
#5463 = CARTESIAN_POINT('',(-4.3915384346E-02,0.633193507393,
    0.645302938287));
#5464 = B_SPLINE_CURVE_WITH_KNOTS('',3,(#5465,#5466,#5467,#5468),
  .UNSPECIFIED.,.F.,.F.,(4,4),(8.,9.),.PIECEWISE_BEZIER_KNOTS.);
#5465 = CARTESIAN_POINT('',(-4.0238053652E-02,0.631900511769,
    0.654503080201));
#5466 = CARTESIAN_POINT('',(-4.0210400594E-02,0.632443146872,
    0.650642030819));
#5467 = CARTESIAN_POINT('',(-4.1436177492E-02,0.632874145413,
    0.647575316847));
#5468 = CARTESIAN_POINT('',(-4.3915384346E-02,0.633193507393,
    0.645302938287));
#5469 = ORIENTED_EDGE('',*,*,#5470,.T.);
#5470 = EDGE_CURVE('',#5462,#5471,#5473,.T.);
#5471 = VERTEX_POINT('',#5472);
#5472 = CARTESIAN_POINT('',(-5.3966050474E-02,0.633680970967,
    0.64183445473));
#5473 = B_SPLINE_CURVE_WITH_KNOTS('',3,(#5474,#5475,#5476,#5477),
  .UNSPECIFIED.,.F.,.F.,(4,4),(7.,8.),.PIECEWISE_BEZIER_KNOTS.);
#5474 = CARTESIAN_POINT('',(-4.3915384346E-02,0.633193507393,
    0.645302938287));
#5475 = CARTESIAN_POINT('',(-4.63945912E-02,0.633512869372,
    0.643030559726));
#5476 = CARTESIAN_POINT('',(-4.9739540842E-02,0.633676799126,
    0.641864138921));
#5477 = CARTESIAN_POINT('',(-5.3966050474E-02,0.633680970967,
    0.64183445473));
#5478 = ORIENTED_EDGE('',*,*,#5479,.T.);
#5479 = EDGE_CURVE('',#5471,#5480,#5482,.T.);
#5480 = VERTEX_POINT('',#5481);
#5481 = CARTESIAN_POINT('',(-6.7371291248E-02,0.632613219318,
    0.649431902487));
#5482 = B_SPLINE_CURVE_WITH_KNOTS('',3,(#5483,#5484,#5485,#5486),
  .UNSPECIFIED.,.F.,.F.,(4,4),(6.,7.),.PIECEWISE_BEZIER_KNOTS.);
#5483 = CARTESIAN_POINT('',(-5.3966050474E-02,0.633680970967,
    0.64183445473));
#5484 = CARTESIAN_POINT('',(-5.9845733614E-02,0.633686774598,
    0.641793159748));
#5485 = CARTESIAN_POINT('',(-6.4324544523E-02,0.633330867645,
    0.64432556931));
#5486 = CARTESIAN_POINT('',(-6.7371291248E-02,0.632613219318,
    0.649431902487));
#5487 = ORIENTED_EDGE('',*,*,#5488,.T.);
#5488 = EDGE_CURVE('',#5480,#5489,#5491,.T.);
#5489 = VERTEX_POINT('',#5490);
#5490 = CARTESIAN_POINT('',(-6.7574038942E-02,0.632613419443,
    0.649430478522));
#5491 = LINE('',#5492,#5493);
#5492 = CARTESIAN_POINT('',(-6.7574038942E-02,0.632613419443,
    0.649430478522));
#5493 = VECTOR('',#5494,1.);
#5494 = DIRECTION('',(-0.999974850186,9.870404750007E-04,
    -7.023157916005E-03));
#5495 = ORIENTED_EDGE('',*,*,#5496,.T.);
#5496 = EDGE_CURVE('',#5489,#5497,#5499,.T.);
#5497 = VERTEX_POINT('',#5498);
#5498 = CARTESIAN_POINT('',(-6.7526254458E-02,0.633551092901,
    0.64275858519));
#5499 = LINE('',#5500,#5501);
#5500 = CARTESIAN_POINT('',(-6.7526254458E-02,0.633551092901,
    0.64275858519));
#5501 = VECTOR('',#5502,1.);
#5502 = DIRECTION('',(7.092178509004E-03,0.139169600782,-0.990243163684)
  );
#5503 = ORIENTED_EDGE('',*,*,#5504,.T.);
#5504 = EDGE_CURVE('',#5497,#5505,#5507,.T.);
#5505 = VERTEX_POINT('',#5506);
#5506 = CARTESIAN_POINT('',(-7.5168282943E-02,0.633558636082,
    0.642704912668));
#5507 = LINE('',#5508,#5509);
#5508 = CARTESIAN_POINT('',(-7.5168282943E-02,0.633558636082,
    0.642704912668));
#5509 = VECTOR('',#5510,1.);
#5510 = DIRECTION('',(-0.999974850186,9.870404750007E-04,
    -7.023157916005E-03));
#5511 = ORIENTED_EDGE('',*,*,#5512,.T.);
#5512 = EDGE_CURVE('',#5505,#5513,#5515,.T.);
#5513 = VERTEX_POINT('',#5514);
#5514 = CARTESIAN_POINT('',(-7.5367163735E-02,0.629656004421,
    0.670473579822));
#5515 = LINE('',#5516,#5517);
#5516 = CARTESIAN_POINT('',(-7.5367163735E-02,0.629656004421,
    0.670473579822));
#5517 = VECTOR('',#5518,1.);
#5518 = DIRECTION('',(-7.092178509004E-03,-0.139169600782,0.990243163684
    ));
#5519 = ORIENTED_EDGE('',*,*,#5520,.T.);
#5520 = EDGE_CURVE('',#5513,#5408,#5521,.T.);
#5521 = B_SPLINE_CURVE_WITH_KNOTS('',3,(#5522,#5523,#5524,#5525),
  .UNSPECIFIED.,.F.,.F.,(4,4),(1.,2.),.PIECEWISE_BEZIER_KNOTS.);
#5522 = CARTESIAN_POINT('',(-7.5367163735E-02,0.629656004421,
    0.670473579822));
#5523 = CARTESIAN_POINT('',(-7.5445477194E-02,0.62811926181,
    0.681408071672));
#5524 = CARTESIAN_POINT('',(-7.022856862E-02,0.627350043723,
    0.686881342753));
#5525 = CARTESIAN_POINT('',(-5.9732476436E-02,0.627339683395,
    0.68695506032));
#5526 = FACE_BOUND('',#5527,.T.);
#5527 = EDGE_LOOP('',(#5528,#5539,#5548,#5556,#5564,#5573,#5582,#5591));
#5528 = ORIENTED_EDGE('',*,*,#5529,.F.);
#5529 = EDGE_CURVE('',#5530,#5532,#5534,.T.);
#5530 = VERTEX_POINT('',#5531);
#5531 = CARTESIAN_POINT('',(-5.0060312136E-02,0.631054971039,
    0.660519415105));
#5532 = VERTEX_POINT('',#5533);
#5533 = CARTESIAN_POINT('',(-4.7993678461E-02,0.631821341093,
    0.655066408829));
#5534 = B_SPLINE_CURVE_WITH_KNOTS('',3,(#5535,#5536,#5537,#5538),
  .UNSPECIFIED.,.F.,.F.,(4,4),(1.,2.),.PIECEWISE_BEZIER_KNOTS.);
#5535 = CARTESIAN_POINT('',(-5.0060312136E-02,0.631054971039,
    0.660519415105));
#5536 = CARTESIAN_POINT('',(-4.8709766729E-02,0.631235972529,
    0.659231522588));
#5537 = CARTESIAN_POINT('',(-4.801049152E-02,0.63149141895,
    0.657413926853));
#5538 = CARTESIAN_POINT('',(-4.7993678461E-02,0.631821341093,
    0.655066408829));
#5539 = ORIENTED_EDGE('',*,*,#5540,.F.);
#5540 = EDGE_CURVE('',#5541,#5530,#5543,.T.);
#5541 = VERTEX_POINT('',#5542);
#5542 = CARTESIAN_POINT('',(-5.74718303E-02,0.630688934962,
    0.663123897129));
#5543 = B_SPLINE_CURVE_WITH_KNOTS('',3,(#5544,#5545,#5546,#5547),
  .UNSPECIFIED.,.F.,.F.,(4,4),(0.,1.),.PIECEWISE_BEZIER_KNOTS.);
#5544 = CARTESIAN_POINT('',(-5.74718303E-02,0.630688934962,
    0.663123897129));
#5545 = CARTESIAN_POINT('',(-5.389681209E-02,0.630754866972,
    0.662654766497));
#5546 = CARTESIAN_POINT('',(-5.1426453518E-02,0.630873984944,
    0.661807198086));
#5547 = CARTESIAN_POINT('',(-5.0060312136E-02,0.631054971039,
    0.660519415105));
#5548 = ORIENTED_EDGE('',*,*,#5549,.F.);
#5549 = EDGE_CURVE('',#5550,#5541,#5552,.T.);
#5550 = VERTEX_POINT('',#5551);
#5551 = CARTESIAN_POINT('',(-6.7681332807E-02,0.630507995243,
    0.664411350124));
#5552 = LINE('',#5553,#5554);
#5553 = CARTESIAN_POINT('',(-6.7681332807E-02,0.630507995243,
    0.664411350124));
#5554 = VECTOR('',#5555,1.);
#5555 = DIRECTION('',(0.991989216912,1.758070480001E-02,-0.125093214638)
  );
#5556 = ORIENTED_EDGE('',*,*,#5557,.F.);
#5557 = EDGE_CURVE('',#5558,#5550,#5560,.T.);
#5558 = VERTEX_POINT('',#5559);
#5559 = CARTESIAN_POINT('',(-6.7651688729E-02,0.631089700074,
    0.660272305187));
#5560 = LINE('',#5561,#5562);
#5561 = CARTESIAN_POINT('',(-6.7651688729E-02,0.631089700074,
    0.660272305187));
#5562 = VECTOR('',#5563,1.);
#5563 = DIRECTION('',(-7.092178509004E-03,-0.139169600782,0.990243163684
    ));
#5564 = ORIENTED_EDGE('',*,*,#5565,.F.);
#5565 = EDGE_CURVE('',#5566,#5558,#5568,.T.);
#5566 = VERTEX_POINT('',#5567);
#5567 = CARTESIAN_POINT('',(-6.4313484692E-02,0.632323675316,
    0.651492115106));
#5568 = B_SPLINE_CURVE_WITH_KNOTS('',3,(#5569,#5570,#5571,#5572),
  .UNSPECIFIED.,.F.,.F.,(4,4),(5.,6.),.PIECEWISE_BEZIER_KNOTS.);
#5569 = CARTESIAN_POINT('',(-6.4313484692E-02,0.632323675316,
    0.651492115106));
#5570 = CARTESIAN_POINT('',(-6.6513513237E-02,0.632000249449,
    0.653793409728));
#5571 = CARTESIAN_POINT('',(-6.7626247915E-02,0.631588924368,
    0.656720139755));
#5572 = CARTESIAN_POINT('',(-6.7651688729E-02,0.631089700074,
    0.660272305187));
#5573 = ORIENTED_EDGE('',*,*,#5574,.F.);
#5574 = EDGE_CURVE('',#5575,#5566,#5577,.T.);
#5575 = VERTEX_POINT('',#5576);
#5576 = CARTESIAN_POINT('',(-5.5991205606E-02,0.632810368791,
    0.648029111094));
#5577 = B_SPLINE_CURVE_WITH_KNOTS('',3,(#5578,#5579,#5580,#5581),
  .UNSPECIFIED.,.F.,.F.,(4,4),(4.,5.),.PIECEWISE_BEZIER_KNOTS.);
#5578 = CARTESIAN_POINT('',(-5.5991205606E-02,0.632810368791,
    0.648029111094));
#5579 = CARTESIAN_POINT('',(-5.9344340553E-02,0.632813678554,
    0.648005560905));
#5580 = CARTESIAN_POINT('',(-6.2128830899E-02,0.632651457659,
    0.649159822552));
#5581 = CARTESIAN_POINT('',(-6.4313484692E-02,0.632323675316,
    0.651492115106));
#5582 = ORIENTED_EDGE('',*,*,#5583,.F.);
#5583 = EDGE_CURVE('',#5584,#5575,#5586,.T.);
#5584 = VERTEX_POINT('',#5585);
#5585 = CARTESIAN_POINT('',(-5.0172247536E-02,0.632531123251,
    0.650016046357));
#5586 = B_SPLINE_CURVE_WITH_KNOTS('',3,(#5587,#5588,#5589,#5590),
  .UNSPECIFIED.,.F.,.F.,(4,4),(3.,4.),.PIECEWISE_BEZIER_KNOTS.);
#5587 = CARTESIAN_POINT('',(-5.0172247536E-02,0.632531123251,
    0.650016046357));
#5588 = CARTESIAN_POINT('',(-5.16289779E-02,0.632714895704,
    0.648708437403));
#5589 = CARTESIAN_POINT('',(-5.3573829248E-02,0.632807982683,
    0.648046089137));
#5590 = CARTESIAN_POINT('',(-5.5991205606E-02,0.632810368791,
    0.648029111094));
#5591 = ORIENTED_EDGE('',*,*,#5592,.F.);
#5592 = EDGE_CURVE('',#5532,#5584,#5593,.T.);
#5593 = B_SPLINE_CURVE_WITH_KNOTS('',3,(#5594,#5595,#5596,#5597),
  .UNSPECIFIED.,.F.,.F.,(4,4),(2.,3.),.PIECEWISE_BEZIER_KNOTS.);
#5594 = CARTESIAN_POINT('',(-4.7993678461E-02,0.631821341093,
    0.655066408829));
#5595 = CARTESIAN_POINT('',(-4.7978856422E-02,0.632112193508,
    0.65299688636));
#5596 = CARTESIAN_POINT('',(-4.8699921196E-02,0.632347335402,
    0.651323764847));
#5597 = CARTESIAN_POINT('',(-5.0172247536E-02,0.632531123251,
    0.650016046357));
#5598 = PLANE('',#5599);
#5599 = AXIS2_PLACEMENT_3D('',#5600,#5601,#5602);
#5600 = CARTESIAN_POINT('',(-5.1714830865E-02,0.627472319016,
    0.686011308835));
#5601 = DIRECTION('',(2.540848559111E-14,0.990268068742,0.13917310096));
#5602 = DIRECTION('',(-7.88860905221E-31,-0.13917310096,0.990268068742)
  );
#5603 = ADVANCED_FACE('',(#5604),#5620,.F.);
#5604 = FACE_BOUND('',#5605,.F.);
#5605 = EDGE_LOOP('',(#5606,#5612,#5613,#5619));
#5606 = ORIENTED_EDGE('',*,*,#5607,.F.);
#5607 = EDGE_CURVE('',#5408,#530,#5608,.T.);
#5608 = LINE('',#5609,#5610);
#5609 = CARTESIAN_POINT('',(-5.9732476436E-02,0.627339683395,
    0.68695506032));
#5610 = VECTOR('',#5611,1.);
#5611 = DIRECTION('',(1.894677867305E-16,-0.990268068742,-0.13917310096)
  );
#5612 = ORIENTED_EDGE('',*,*,#5407,.T.);
#5613 = ORIENTED_EDGE('',*,*,#5614,.T.);
#5614 = EDGE_CURVE('',#5410,#520,#5615,.T.);
#5615 = LINE('',#5616,#5617);
#5616 = CARTESIAN_POINT('',(-4.4700387864E-02,0.627889214636,
    0.683044942365));
#5617 = VECTOR('',#5618,1.);
#5618 = DIRECTION('',(1.894677867305E-16,-0.990268068742,-0.13917310096)
  );
#5619 = ORIENTED_EDGE('',*,*,#529,.F.);
#5620 = B_SPLINE_SURFACE_WITH_KNOTS('',3,1,(
    (#5621,#5622)
    ,(#5623,#5624)
    ,(#5625,#5626)
    ,(#5627,#5628
    )),.UNSPECIFIED.,.F.,.F.,.F.,(4,4),(2,2),(0.,1.),(0.,1.),
  .PIECEWISE_BEZIER_KNOTS.);
#5621 = CARTESIAN_POINT('',(-5.9732476436E-02,0.627339683395,
    0.68695506032));
#5622 = CARTESIAN_POINT('',(-5.9732476436E-02,0.627240656588,
    0.68694114301));
#5623 = CARTESIAN_POINT('',(-5.405554099E-02,0.627334079889,
    0.686994931337));
#5624 = CARTESIAN_POINT('',(-5.405554099E-02,0.627235053082,
    0.686981014027));
#5625 = CARTESIAN_POINT('',(-4.9039719882E-02,0.627515804811,
    0.685701891329));
#5626 = CARTESIAN_POINT('',(-4.9039719882E-02,0.627416778004,
    0.685687974019));
#5627 = CARTESIAN_POINT('',(-4.4700387864E-02,0.627889214636,
    0.683044942365));
#5628 = CARTESIAN_POINT('',(-4.4700387864E-02,0.627790187829,
    0.683031025055));
#5629 = ADVANCED_FACE('',(#5630),#5641,.F.);
#5630 = FACE_BOUND('',#5631,.T.);
#5631 = EDGE_LOOP('',(#5632,#5633,#5639,#5640));
#5632 = ORIENTED_EDGE('',*,*,#519,.T.);
#5633 = ORIENTED_EDGE('',*,*,#5634,.F.);
#5634 = EDGE_CURVE('',#5419,#522,#5635,.T.);
#5635 = LINE('',#5636,#5637);
#5636 = CARTESIAN_POINT('',(-4.4647736441E-02,0.628922391872,
    0.675693504341));
#5637 = VECTOR('',#5638,1.);
#5638 = DIRECTION('',(1.894677867305E-16,-0.990268068742,-0.13917310096)
  );
#5639 = ORIENTED_EDGE('',*,*,#5418,.F.);
#5640 = ORIENTED_EDGE('',*,*,#5614,.T.);
#5641 = PLANE('',#5642);
#5642 = AXIS2_PLACEMENT_3D('',#5643,#5644,#5645);
#5643 = CARTESIAN_POINT('',(-4.4647736441E-02,0.628922391872,
    0.675693504341));
#5644 = DIRECTION('',(-0.999974850186,9.870404750007E-04,
    -7.023157916005E-03));
#5645 = DIRECTION('',(-7.02316133716E-03,1.555177902147E-16,
    0.999975337298));
#5646 = ADVANCED_FACE('',(#5647),#5658,.F.);
#5647 = FACE_BOUND('',#5648,.F.);
#5648 = EDGE_LOOP('',(#5649,#5650,#5651,#5657));
#5649 = ORIENTED_EDGE('',*,*,#5634,.F.);
#5650 = ORIENTED_EDGE('',*,*,#5426,.T.);
#5651 = ORIENTED_EDGE('',*,*,#5652,.T.);
#5652 = EDGE_CURVE('',#5427,#624,#5653,.T.);
#5653 = LINE('',#5654,#5655);
#5654 = CARTESIAN_POINT('',(-5.8971037849E-02,0.628202850344,
    0.680813308349));
#5655 = VECTOR('',#5656,1.);
#5656 = DIRECTION('',(1.894677867305E-16,-0.990268068742,-0.13917310096)
  );
#5657 = ORIENTED_EDGE('',*,*,#632,.F.);
#5658 = B_SPLINE_SURFACE_WITH_KNOTS('',3,1,(
    (#5659,#5660)
    ,(#5661,#5662)
    ,(#5663,#5664)
    ,(#5665,#5666
    )),.UNSPECIFIED.,.F.,.F.,.F.,(4,4),(2,2),(12.,13.),(0.,1.),
  .PIECEWISE_BEZIER_KNOTS.);
#5659 = CARTESIAN_POINT('',(-4.4647736441E-02,0.628922391872,
    0.675693504341));
#5660 = CARTESIAN_POINT('',(-4.4647736441E-02,0.628823365065,
    0.675679587031));
#5661 = CARTESIAN_POINT('',(-4.8977003095E-02,0.628440439632,
    0.679122772718));
#5662 = CARTESIAN_POINT('',(-4.8977003095E-02,0.628341412825,
    0.679108855408));
#5663 = CARTESIAN_POINT('',(-5.3746385722E-02,0.628197693271,
    0.680850002829));
#5664 = CARTESIAN_POINT('',(-5.3746385722E-02,0.628098666464,
    0.680836085519));
#5665 = CARTESIAN_POINT('',(-5.8971037849E-02,0.628202850344,
    0.680813308349));
#5666 = CARTESIAN_POINT('',(-5.8971037849E-02,0.628103823537,
    0.680799391039));
#5667 = ADVANCED_FACE('',(#5668),#5679,.F.);
#5668 = FACE_BOUND('',#5669,.F.);
#5669 = EDGE_LOOP('',(#5670,#5671,#5672,#5678));
#5670 = ORIENTED_EDGE('',*,*,#5652,.F.);
#5671 = ORIENTED_EDGE('',*,*,#5435,.T.);
#5672 = ORIENTED_EDGE('',*,*,#5673,.T.);
#5673 = EDGE_CURVE('',#5436,#616,#5674,.T.);
#5674 = LINE('',#5675,#5676);
#5675 = CARTESIAN_POINT('',(-6.7722701781E-02,0.629696213129,0.67018748)
  );
#5676 = VECTOR('',#5677,1.);
#5677 = DIRECTION('',(1.894677867305E-16,-0.990268068742,-0.13917310096)
  );
#5678 = ORIENTED_EDGE('',*,*,#623,.F.);
#5679 = B_SPLINE_SURFACE_WITH_KNOTS('',3,1,(
    (#5680,#5681)
    ,(#5682,#5683)
    ,(#5684,#5685)
    ,(#5686,#5687
    )),.UNSPECIFIED.,.F.,.F.,.F.,(4,4),(2,2),(11.,12.),(0.,1.),
  .PIECEWISE_BEZIER_KNOTS.);
#5680 = CARTESIAN_POINT('',(-5.8971037849E-02,0.628202850344,
    0.680813308349));
#5681 = CARTESIAN_POINT('',(-5.8971037849E-02,0.628103823537,
    0.680799391039));
#5682 = CARTESIAN_POINT('',(-6.4850720989E-02,0.628208653975,
    0.680772013367));
#5683 = CARTESIAN_POINT('',(-6.4850720989E-02,0.628109627168,
    0.680758096057));
#5684 = CARTESIAN_POINT('',(-6.7773140958E-02,0.628706446701,
    0.677230034072));
#5685 = CARTESIAN_POINT('',(-6.7773140958E-02,0.628607419895,
    0.677216116762));
#5686 = CARTESIAN_POINT('',(-6.7722701781E-02,0.629696213129,0.67018748)
  );
#5687 = CARTESIAN_POINT('',(-6.7722701781E-02,0.629597186322,
    0.67017356269));
#5688 = ADVANCED_FACE('',(#5689),#5700,.F.);
#5689 = FACE_BOUND('',#5690,.T.);
#5690 = EDGE_LOOP('',(#5691,#5692,#5698,#5699));
#5691 = ORIENTED_EDGE('',*,*,#615,.T.);
#5692 = ORIENTED_EDGE('',*,*,#5693,.F.);
#5693 = EDGE_CURVE('',#5445,#607,#5694,.T.);
#5694 = LINE('',#5695,#5696);
#5695 = CARTESIAN_POINT('',(-5.4796402221E-02,0.62993524938,
    0.668486648696));
#5696 = VECTOR('',#5697,1.);
#5697 = DIRECTION('',(1.894677867305E-16,-0.990268068742,-0.13917310096)
  );
#5698 = ORIENTED_EDGE('',*,*,#5444,.F.);
#5699 = ORIENTED_EDGE('',*,*,#5673,.T.);
#5700 = PLANE('',#5701);
#5701 = AXIS2_PLACEMENT_3D('',#5702,#5703,#5704);
#5702 = CARTESIAN_POINT('',(-5.4796402221E-02,0.62993524938,
    0.668486648696));
#5703 = DIRECTION('',(-0.131714611911,0.137960580122,-0.981640534687));
#5704 = DIRECTION('',(-8.184078414963E-14,0.990268068742,0.139173100959)
  );
#5705 = ADVANCED_FACE('',(#5706),#5717,.F.);
#5706 = FACE_BOUND('',#5707,.F.);
#5707 = EDGE_LOOP('',(#5708,#5709,#5710,#5716));
#5708 = ORIENTED_EDGE('',*,*,#5693,.F.);
#5709 = ORIENTED_EDGE('',*,*,#5452,.T.);
#5710 = ORIENTED_EDGE('',*,*,#5711,.T.);
#5711 = EDGE_CURVE('',#5453,#598,#5712,.T.);
#5712 = LINE('',#5713,#5714);
#5713 = CARTESIAN_POINT('',(-4.0238053652E-02,0.631900511769,
    0.654503080201));
#5714 = VECTOR('',#5715,1.);
#5715 = DIRECTION('',(1.894677867305E-16,-0.990268068742,-0.13917310096)
  );
#5716 = ORIENTED_EDGE('',*,*,#606,.F.);
#5717 = B_SPLINE_SURFACE_WITH_KNOTS('',3,1,(
    (#5718,#5719)
    ,(#5720,#5721)
    ,(#5722,#5723)
    ,(#5724,#5725
    )),.UNSPECIFIED.,.F.,.F.,.F.,(4,4),(2,2),(9.,10.),(0.,1.),
  .PIECEWISE_BEZIER_KNOTS.);
#5718 = CARTESIAN_POINT('',(-5.4796402221E-02,0.62993524938,
    0.668486648696));
#5719 = CARTESIAN_POINT('',(-5.4796402221E-02,0.629836222573,
    0.668472731386));
#5720 = CARTESIAN_POINT('',(-4.5148576093E-02,0.630112402211,
    0.667226140809));
#5721 = CARTESIAN_POINT('',(-4.5148576093E-02,0.630013375404,
    0.667212223499));
#5722 = CARTESIAN_POINT('',(-4.0295793236E-02,0.630767489674,
    0.66256495131));
#5723 = CARTESIAN_POINT('',(-4.0295793236E-02,0.630668462867,0.662551034
    ));
#5724 = CARTESIAN_POINT('',(-4.0238053652E-02,0.631900511769,
    0.654503080201));
#5725 = CARTESIAN_POINT('',(-4.0238053652E-02,0.631801484962,
    0.654489162891));
#5726 = ADVANCED_FACE('',(#5727),#5738,.F.);
#5727 = FACE_BOUND('',#5728,.F.);
#5728 = EDGE_LOOP('',(#5729,#5730,#5731,#5737));
#5729 = ORIENTED_EDGE('',*,*,#5711,.F.);
#5730 = ORIENTED_EDGE('',*,*,#5461,.T.);
#5731 = ORIENTED_EDGE('',*,*,#5732,.T.);
#5732 = EDGE_CURVE('',#5462,#589,#5733,.T.);
#5733 = LINE('',#5734,#5735);
#5734 = CARTESIAN_POINT('',(-4.3915384346E-02,0.633193507393,
    0.645302938287));
#5735 = VECTOR('',#5736,1.);
#5736 = DIRECTION('',(1.894677867305E-16,-0.990268068742,-0.13917310096)
  );
#5737 = ORIENTED_EDGE('',*,*,#597,.F.);
#5738 = B_SPLINE_SURFACE_WITH_KNOTS('',3,1,(
    (#5739,#5740)
    ,(#5741,#5742)
    ,(#5743,#5744)
    ,(#5745,#5746
    )),.UNSPECIFIED.,.F.,.F.,.F.,(4,4),(2,2),(8.,9.),(0.,1.),
  .PIECEWISE_BEZIER_KNOTS.);
#5739 = CARTESIAN_POINT('',(-4.0238053652E-02,0.631900511769,
    0.654503080201));
#5740 = CARTESIAN_POINT('',(-4.0238053652E-02,0.631801484962,
    0.654489162891));
#5741 = CARTESIAN_POINT('',(-4.0210400594E-02,0.632443146872,
    0.650642030819));
#5742 = CARTESIAN_POINT('',(-4.0210400594E-02,0.632344120065,
    0.650628113509));
#5743 = CARTESIAN_POINT('',(-4.1436177492E-02,0.632874145413,
    0.647575316847));
#5744 = CARTESIAN_POINT('',(-4.1436177492E-02,0.632775118606,
    0.647561399537));
#5745 = CARTESIAN_POINT('',(-4.3915384346E-02,0.633193507393,
    0.645302938287));
#5746 = CARTESIAN_POINT('',(-4.3915384346E-02,0.633094480586,
    0.645289020977));
#5747 = ADVANCED_FACE('',(#5748),#5759,.F.);
#5748 = FACE_BOUND('',#5749,.F.);
#5749 = EDGE_LOOP('',(#5750,#5751,#5752,#5758));
#5750 = ORIENTED_EDGE('',*,*,#5732,.F.);
#5751 = ORIENTED_EDGE('',*,*,#5470,.T.);
#5752 = ORIENTED_EDGE('',*,*,#5753,.T.);
#5753 = EDGE_CURVE('',#5471,#580,#5754,.T.);
#5754 = LINE('',#5755,#5756);
#5755 = CARTESIAN_POINT('',(-5.3966050474E-02,0.633680970967,
    0.64183445473));
#5756 = VECTOR('',#5757,1.);
#5757 = DIRECTION('',(1.894677867305E-16,-0.990268068742,-0.13917310096)
  );
#5758 = ORIENTED_EDGE('',*,*,#588,.F.);
#5759 = B_SPLINE_SURFACE_WITH_KNOTS('',3,1,(
    (#5760,#5761)
    ,(#5762,#5763)
    ,(#5764,#5765)
    ,(#5766,#5767
    )),.UNSPECIFIED.,.F.,.F.,.F.,(4,4),(2,2),(7.,8.),(0.,1.),
  .PIECEWISE_BEZIER_KNOTS.);
#5760 = CARTESIAN_POINT('',(-4.3915384346E-02,0.633193507393,
    0.645302938287));
#5761 = CARTESIAN_POINT('',(-4.3915384346E-02,0.633094480586,
    0.645289020977));
#5762 = CARTESIAN_POINT('',(-4.63945912E-02,0.633512869372,
    0.643030559726));
#5763 = CARTESIAN_POINT('',(-4.63945912E-02,0.633413842566,
    0.643016642416));
#5764 = CARTESIAN_POINT('',(-4.9739540842E-02,0.633676799126,
    0.641864138921));
#5765 = CARTESIAN_POINT('',(-4.9739540842E-02,0.633577772319,
    0.641850221611));
#5766 = CARTESIAN_POINT('',(-5.3966050474E-02,0.633680970967,
    0.64183445473));
#5767 = CARTESIAN_POINT('',(-5.3966050474E-02,0.63358194416,
    0.641820537419));
#5768 = ADVANCED_FACE('',(#5769),#5780,.F.);
#5769 = FACE_BOUND('',#5770,.F.);
#5770 = EDGE_LOOP('',(#5771,#5772,#5773,#5779));
#5771 = ORIENTED_EDGE('',*,*,#5753,.F.);
#5772 = ORIENTED_EDGE('',*,*,#5479,.T.);
#5773 = ORIENTED_EDGE('',*,*,#5774,.T.);
#5774 = EDGE_CURVE('',#5480,#572,#5775,.T.);
#5775 = LINE('',#5776,#5777);
#5776 = CARTESIAN_POINT('',(-6.7371291248E-02,0.632613219318,
    0.649431902487));
#5777 = VECTOR('',#5778,1.);
#5778 = DIRECTION('',(1.894677867305E-16,-0.990268068742,-0.13917310096)
  );
#5779 = ORIENTED_EDGE('',*,*,#579,.F.);
#5780 = B_SPLINE_SURFACE_WITH_KNOTS('',3,1,(
    (#5781,#5782)
    ,(#5783,#5784)
    ,(#5785,#5786)
    ,(#5787,#5788
    )),.UNSPECIFIED.,.F.,.F.,.F.,(4,4),(2,2),(6.,7.),(0.,1.),
  .PIECEWISE_BEZIER_KNOTS.);
#5781 = CARTESIAN_POINT('',(-5.3966050474E-02,0.633680970967,
    0.64183445473));
#5782 = CARTESIAN_POINT('',(-5.3966050474E-02,0.63358194416,
    0.641820537419));
#5783 = CARTESIAN_POINT('',(-5.9845733614E-02,0.633686774598,
    0.641793159748));
#5784 = CARTESIAN_POINT('',(-5.9845733614E-02,0.633587747791,
    0.641779242438));
#5785 = CARTESIAN_POINT('',(-6.4324544523E-02,0.633330867645,
    0.64432556931));
#5786 = CARTESIAN_POINT('',(-6.4324544523E-02,0.633231840838,0.644311652
    ));
#5787 = CARTESIAN_POINT('',(-6.7371291248E-02,0.632613219318,
    0.649431902487));
#5788 = CARTESIAN_POINT('',(-6.7371291248E-02,0.632514192511,
    0.649417985177));
#5789 = ADVANCED_FACE('',(#5790),#5801,.F.);
#5790 = FACE_BOUND('',#5791,.T.);
#5791 = EDGE_LOOP('',(#5792,#5793,#5799,#5800));
#5792 = ORIENTED_EDGE('',*,*,#571,.T.);
#5793 = ORIENTED_EDGE('',*,*,#5794,.F.);
#5794 = EDGE_CURVE('',#5489,#564,#5795,.T.);
#5795 = LINE('',#5796,#5797);
#5796 = CARTESIAN_POINT('',(-6.7574038942E-02,0.632613419443,
    0.649430478522));
#5797 = VECTOR('',#5798,1.);
#5798 = DIRECTION('',(1.894677867305E-16,-0.990268068742,-0.13917310096)
  );
#5799 = ORIENTED_EDGE('',*,*,#5488,.F.);
#5800 = ORIENTED_EDGE('',*,*,#5774,.T.);
#5801 = PLANE('',#5802);
#5802 = AXIS2_PLACEMENT_3D('',#5803,#5804,#5805);
#5803 = CARTESIAN_POINT('',(-6.7574038942E-02,0.632613419443,
    0.649430478522));
#5804 = DIRECTION('',(-7.092178510004E-03,-0.139169600782,0.990243163684
    ));
#5805 = DIRECTION('',(-2.530744711016E-15,-0.990268068742,-0.13917310096
    ));
#5806 = ADVANCED_FACE('',(#5807),#5818,.F.);
#5807 = FACE_BOUND('',#5808,.T.);
#5808 = EDGE_LOOP('',(#5809,#5810,#5816,#5817));
#5809 = ORIENTED_EDGE('',*,*,#563,.T.);
#5810 = ORIENTED_EDGE('',*,*,#5811,.F.);
#5811 = EDGE_CURVE('',#5497,#556,#5812,.T.);
#5812 = LINE('',#5813,#5814);
#5813 = CARTESIAN_POINT('',(-6.7526254458E-02,0.633551092901,
    0.64275858519));
#5814 = VECTOR('',#5815,1.);
#5815 = DIRECTION('',(1.894677867305E-16,-0.990268068742,-0.13917310096)
  );
#5816 = ORIENTED_EDGE('',*,*,#5496,.F.);
#5817 = ORIENTED_EDGE('',*,*,#5794,.T.);
#5818 = PLANE('',#5819);
#5819 = AXIS2_PLACEMENT_3D('',#5820,#5821,#5822);
#5820 = CARTESIAN_POINT('',(-6.7526254458E-02,0.633551092901,
    0.64275858519));
#5821 = DIRECTION('',(-0.999974850186,9.870404750007E-04,
    -7.023157916005E-03));
#5822 = DIRECTION('',(-7.02316133716E-03,1.555177902147E-16,
    0.999975337298));
#5823 = ADVANCED_FACE('',(#5824),#5835,.F.);
#5824 = FACE_BOUND('',#5825,.T.);
#5825 = EDGE_LOOP('',(#5826,#5827,#5833,#5834));
#5826 = ORIENTED_EDGE('',*,*,#555,.T.);
#5827 = ORIENTED_EDGE('',*,*,#5828,.F.);
#5828 = EDGE_CURVE('',#5505,#548,#5829,.T.);
#5829 = LINE('',#5830,#5831);
#5830 = CARTESIAN_POINT('',(-7.5168282943E-02,0.633558636082,
    0.642704912668));
#5831 = VECTOR('',#5832,1.);
#5832 = DIRECTION('',(1.894677867305E-16,-0.990268068742,-0.13917310096)
  );
#5833 = ORIENTED_EDGE('',*,*,#5504,.F.);
#5834 = ORIENTED_EDGE('',*,*,#5811,.T.);
#5835 = PLANE('',#5836);
#5836 = AXIS2_PLACEMENT_3D('',#5837,#5838,#5839);
#5837 = CARTESIAN_POINT('',(-7.5168282943E-02,0.633558636082,
    0.642704912668));
#5838 = DIRECTION('',(-7.092178509004E-03,-0.139169600782,0.990243163684
    ));
#5839 = DIRECTION('',(-2.53096155145E-15,-0.990268068742,-0.13917310096)
  );
#5840 = ADVANCED_FACE('',(#5841),#5852,.F.);
#5841 = FACE_BOUND('',#5842,.T.);
#5842 = EDGE_LOOP('',(#5843,#5844,#5850,#5851));
#5843 = ORIENTED_EDGE('',*,*,#547,.T.);
#5844 = ORIENTED_EDGE('',*,*,#5845,.F.);
#5845 = EDGE_CURVE('',#5513,#539,#5846,.T.);
#5846 = LINE('',#5847,#5848);
#5847 = CARTESIAN_POINT('',(-7.5367163735E-02,0.629656004421,
    0.670473579822));
#5848 = VECTOR('',#5849,1.);
#5849 = DIRECTION('',(1.894677867305E-16,-0.990268068742,-0.13917310096)
  );
#5850 = ORIENTED_EDGE('',*,*,#5512,.F.);
#5851 = ORIENTED_EDGE('',*,*,#5828,.T.);
#5852 = PLANE('',#5853);
#5853 = AXIS2_PLACEMENT_3D('',#5854,#5855,#5856);
#5854 = CARTESIAN_POINT('',(-7.5367163735E-02,0.629656004421,
    0.670473579822));
#5855 = DIRECTION('',(0.999974850186,-9.870404750007E-04,
    7.023157916005E-03));
#5856 = DIRECTION('',(7.02316133716E-03,-1.555177902147E-16,
    -0.999975337298));
#5857 = ADVANCED_FACE('',(#5858),#5864,.F.);
#5858 = FACE_BOUND('',#5859,.F.);
#5859 = EDGE_LOOP('',(#5860,#5861,#5862,#5863));
#5860 = ORIENTED_EDGE('',*,*,#5845,.F.);
#5861 = ORIENTED_EDGE('',*,*,#5520,.T.);
#5862 = ORIENTED_EDGE('',*,*,#5607,.T.);
#5863 = ORIENTED_EDGE('',*,*,#538,.F.);
#5864 = B_SPLINE_SURFACE_WITH_KNOTS('',3,1,(
    (#5865,#5866)
    ,(#5867,#5868)
    ,(#5869,#5870)
    ,(#5871,#5872
    )),.UNSPECIFIED.,.F.,.F.,.F.,(4,4),(2,2),(1.,2.),(0.,1.),
  .PIECEWISE_BEZIER_KNOTS.);
#5865 = CARTESIAN_POINT('',(-7.5367163735E-02,0.629656004421,
    0.670473579822));
#5866 = CARTESIAN_POINT('',(-7.5367163735E-02,0.629556977614,
    0.670459662512));
#5867 = CARTESIAN_POINT('',(-7.5445477194E-02,0.62811926181,
    0.681408071672));
#5868 = CARTESIAN_POINT('',(-7.5445477194E-02,0.628020235003,
    0.681394154362));
#5869 = CARTESIAN_POINT('',(-7.022856862E-02,0.627350043723,
    0.686881342753));
#5870 = CARTESIAN_POINT('',(-7.022856862E-02,0.627251016916,
    0.686867425443));
#5871 = CARTESIAN_POINT('',(-5.9732476436E-02,0.627339683395,
    0.68695506032));
#5872 = CARTESIAN_POINT('',(-5.9732476436E-02,0.627240656588,
    0.68694114301));
#5873 = ADVANCED_FACE('',(#5874),#5900,.T.);
#5874 = FACE_BOUND('',#5875,.T.);
#5875 = EDGE_LOOP('',(#5876,#5887,#5893,#5894));
#5876 = ORIENTED_EDGE('',*,*,#5877,.F.);
#5877 = EDGE_CURVE('',#5878,#5880,#5882,.T.);
#5878 = VERTEX_POINT('',#5879);
#5879 = CARTESIAN_POINT('',(-5.74718303E-02,0.630589908155,
    0.663109979819));
#5880 = VERTEX_POINT('',#5881);
#5881 = CARTESIAN_POINT('',(-5.0060312136E-02,0.630955944233,
    0.660505497795));
#5882 = B_SPLINE_CURVE_WITH_KNOTS('',3,(#5883,#5884,#5885,#5886),
  .UNSPECIFIED.,.F.,.F.,(4,4),(0.,1.),.PIECEWISE_BEZIER_KNOTS.);
#5883 = CARTESIAN_POINT('',(-5.74718303E-02,0.630589908155,
    0.663109979819));
#5884 = CARTESIAN_POINT('',(-5.389681209E-02,0.630655840166,
    0.662640849187));
#5885 = CARTESIAN_POINT('',(-5.1426453518E-02,0.630774958137,
    0.661793280776));
#5886 = CARTESIAN_POINT('',(-5.0060312136E-02,0.630955944233,
    0.660505497795));
#5887 = ORIENTED_EDGE('',*,*,#5888,.F.);
#5888 = EDGE_CURVE('',#5541,#5878,#5889,.T.);
#5889 = LINE('',#5890,#5891);
#5890 = CARTESIAN_POINT('',(-5.74718303E-02,0.630688934962,
    0.663123897129));
#5891 = VECTOR('',#5892,1.);
#5892 = DIRECTION('',(1.894677867305E-16,-0.990268068742,-0.13917310096)
  );
#5893 = ORIENTED_EDGE('',*,*,#5540,.T.);
#5894 = ORIENTED_EDGE('',*,*,#5895,.T.);
#5895 = EDGE_CURVE('',#5530,#5880,#5896,.T.);
#5896 = LINE('',#5897,#5898);
#5897 = CARTESIAN_POINT('',(-5.0060312136E-02,0.631054971039,
    0.660519415105));
#5898 = VECTOR('',#5899,1.);
#5899 = DIRECTION('',(1.894677867305E-16,-0.990268068742,-0.13917310096)
  );
#5900 = B_SPLINE_SURFACE_WITH_KNOTS('',3,1,(
    (#5901,#5902)
    ,(#5903,#5904)
    ,(#5905,#5906)
    ,(#5907,#5908
    )),.UNSPECIFIED.,.F.,.F.,.F.,(4,4),(2,2),(0.,1.),(0.,1.),
  .PIECEWISE_BEZIER_KNOTS.);
#5901 = CARTESIAN_POINT('',(-5.74718303E-02,0.630688934962,
    0.663123897129));
#5902 = CARTESIAN_POINT('',(-5.74718303E-02,0.630589908155,
    0.663109979819));
#5903 = CARTESIAN_POINT('',(-5.389681209E-02,0.630754866972,
    0.662654766497));
#5904 = CARTESIAN_POINT('',(-5.389681209E-02,0.630655840166,
    0.662640849187));
#5905 = CARTESIAN_POINT('',(-5.1426453518E-02,0.630873984944,
    0.661807198086));
#5906 = CARTESIAN_POINT('',(-5.1426453518E-02,0.630774958137,
    0.661793280776));
#5907 = CARTESIAN_POINT('',(-5.0060312136E-02,0.631054971039,
    0.660519415105));
#5908 = CARTESIAN_POINT('',(-5.0060312136E-02,0.630955944233,
    0.660505497795));
#5909 = ADVANCED_FACE('',(#5910),#5929,.T.);
#5910 = FACE_BOUND('',#5911,.T.);
#5911 = EDGE_LOOP('',(#5912,#5921,#5922,#5923));
#5912 = ORIENTED_EDGE('',*,*,#5913,.F.);
#5913 = EDGE_CURVE('',#5880,#5914,#5916,.T.);
#5914 = VERTEX_POINT('',#5915);
#5915 = CARTESIAN_POINT('',(-4.7993678461E-02,0.631722314286,
    0.655052491519));
#5916 = B_SPLINE_CURVE_WITH_KNOTS('',3,(#5917,#5918,#5919,#5920),
  .UNSPECIFIED.,.F.,.F.,(4,4),(1.,2.),.PIECEWISE_BEZIER_KNOTS.);
#5917 = CARTESIAN_POINT('',(-5.0060312136E-02,0.630955944233,
    0.660505497795));
#5918 = CARTESIAN_POINT('',(-4.8709766729E-02,0.631136945722,
    0.659217605278));
#5919 = CARTESIAN_POINT('',(-4.801049152E-02,0.631392392144,
    0.657400009543));
#5920 = CARTESIAN_POINT('',(-4.7993678461E-02,0.631722314286,
    0.655052491519));
#5921 = ORIENTED_EDGE('',*,*,#5895,.F.);
#5922 = ORIENTED_EDGE('',*,*,#5529,.T.);
#5923 = ORIENTED_EDGE('',*,*,#5924,.T.);
#5924 = EDGE_CURVE('',#5532,#5914,#5925,.T.);
#5925 = LINE('',#5926,#5927);
#5926 = CARTESIAN_POINT('',(-4.7993678461E-02,0.631821341093,
    0.655066408829));
#5927 = VECTOR('',#5928,1.);
#5928 = DIRECTION('',(1.894677867305E-16,-0.990268068742,-0.13917310096)
  );
#5929 = B_SPLINE_SURFACE_WITH_KNOTS('',3,1,(
    (#5930,#5931)
    ,(#5932,#5933)
    ,(#5934,#5935)
    ,(#5936,#5937
    )),.UNSPECIFIED.,.F.,.F.,.F.,(4,4),(2,2),(1.,2.),(0.,1.),
  .PIECEWISE_BEZIER_KNOTS.);
#5930 = CARTESIAN_POINT('',(-5.0060312136E-02,0.631054971039,
    0.660519415105));
#5931 = CARTESIAN_POINT('',(-5.0060312136E-02,0.630955944233,
    0.660505497795));
#5932 = CARTESIAN_POINT('',(-4.8709766729E-02,0.631235972529,
    0.659231522588));
#5933 = CARTESIAN_POINT('',(-4.8709766729E-02,0.631136945722,
    0.659217605278));
#5934 = CARTESIAN_POINT('',(-4.801049152E-02,0.63149141895,
    0.657413926853));
#5935 = CARTESIAN_POINT('',(-4.801049152E-02,0.631392392144,
    0.657400009543));
#5936 = CARTESIAN_POINT('',(-4.7993678461E-02,0.631821341093,
    0.655066408829));
#5937 = CARTESIAN_POINT('',(-4.7993678461E-02,0.631722314286,
    0.655052491519));
#5938 = ADVANCED_FACE('',(#5939),#5958,.T.);
#5939 = FACE_BOUND('',#5940,.T.);
#5940 = EDGE_LOOP('',(#5941,#5950,#5951,#5952));
#5941 = ORIENTED_EDGE('',*,*,#5942,.F.);
#5942 = EDGE_CURVE('',#5914,#5943,#5945,.T.);
#5943 = VERTEX_POINT('',#5944);
#5944 = CARTESIAN_POINT('',(-5.0172247536E-02,0.632432096444,
    0.650002129047));
#5945 = B_SPLINE_CURVE_WITH_KNOTS('',3,(#5946,#5947,#5948,#5949),
  .UNSPECIFIED.,.F.,.F.,(4,4),(2.,3.),.PIECEWISE_BEZIER_KNOTS.);
#5946 = CARTESIAN_POINT('',(-4.7993678461E-02,0.631722314286,
    0.655052491519));
#5947 = CARTESIAN_POINT('',(-4.7978856422E-02,0.632013166701,
    0.65298296905));
#5948 = CARTESIAN_POINT('',(-4.8699921196E-02,0.632248308596,
    0.651309847536));
#5949 = CARTESIAN_POINT('',(-5.0172247536E-02,0.632432096444,
    0.650002129047));
#5950 = ORIENTED_EDGE('',*,*,#5924,.F.);
#5951 = ORIENTED_EDGE('',*,*,#5592,.T.);
#5952 = ORIENTED_EDGE('',*,*,#5953,.T.);
#5953 = EDGE_CURVE('',#5584,#5943,#5954,.T.);
#5954 = LINE('',#5955,#5956);
#5955 = CARTESIAN_POINT('',(-5.0172247536E-02,0.632531123251,
    0.650016046357));
#5956 = VECTOR('',#5957,1.);
#5957 = DIRECTION('',(1.894677867305E-16,-0.990268068742,-0.13917310096)
  );
#5958 = B_SPLINE_SURFACE_WITH_KNOTS('',3,1,(
    (#5959,#5960)
    ,(#5961,#5962)
    ,(#5963,#5964)
    ,(#5965,#5966
    )),.UNSPECIFIED.,.F.,.F.,.F.,(4,4),(2,2),(2.,3.),(0.,1.),
  .PIECEWISE_BEZIER_KNOTS.);
#5959 = CARTESIAN_POINT('',(-4.7993678461E-02,0.631821341093,
    0.655066408829));
#5960 = CARTESIAN_POINT('',(-4.7993678461E-02,0.631722314286,
    0.655052491519));
#5961 = CARTESIAN_POINT('',(-4.7978856422E-02,0.632112193508,
    0.65299688636));
#5962 = CARTESIAN_POINT('',(-4.7978856422E-02,0.632013166701,
    0.65298296905));
#5963 = CARTESIAN_POINT('',(-4.8699921196E-02,0.632347335402,
    0.651323764847));
#5964 = CARTESIAN_POINT('',(-4.8699921196E-02,0.632248308596,
    0.651309847536));
#5965 = CARTESIAN_POINT('',(-5.0172247536E-02,0.632531123251,
    0.650016046357));
#5966 = CARTESIAN_POINT('',(-5.0172247536E-02,0.632432096444,
    0.650002129047));
#5967 = ADVANCED_FACE('',(#5968),#5987,.T.);
#5968 = FACE_BOUND('',#5969,.T.);
#5969 = EDGE_LOOP('',(#5970,#5979,#5980,#5981));
#5970 = ORIENTED_EDGE('',*,*,#5971,.F.);
#5971 = EDGE_CURVE('',#5943,#5972,#5974,.T.);
#5972 = VERTEX_POINT('',#5973);
#5973 = CARTESIAN_POINT('',(-5.5991205606E-02,0.632711341984,
    0.648015193784));
#5974 = B_SPLINE_CURVE_WITH_KNOTS('',3,(#5975,#5976,#5977,#5978),
  .UNSPECIFIED.,.F.,.F.,(4,4),(3.,4.),.PIECEWISE_BEZIER_KNOTS.);
#5975 = CARTESIAN_POINT('',(-5.0172247536E-02,0.632432096444,
    0.650002129047));
#5976 = CARTESIAN_POINT('',(-5.16289779E-02,0.632615868897,
    0.648694520093));
#5977 = CARTESIAN_POINT('',(-5.3573829248E-02,0.632708955876,
    0.648032171827));
#5978 = CARTESIAN_POINT('',(-5.5991205606E-02,0.632711341984,
    0.648015193784));
#5979 = ORIENTED_EDGE('',*,*,#5953,.F.);
#5980 = ORIENTED_EDGE('',*,*,#5583,.T.);
#5981 = ORIENTED_EDGE('',*,*,#5982,.T.);
#5982 = EDGE_CURVE('',#5575,#5972,#5983,.T.);
#5983 = LINE('',#5984,#5985);
#5984 = CARTESIAN_POINT('',(-5.5991205606E-02,0.632810368791,
    0.648029111094));
#5985 = VECTOR('',#5986,1.);
#5986 = DIRECTION('',(1.894677867305E-16,-0.990268068742,-0.13917310096)
  );
#5987 = B_SPLINE_SURFACE_WITH_KNOTS('',3,1,(
    (#5988,#5989)
    ,(#5990,#5991)
    ,(#5992,#5993)
    ,(#5994,#5995
    )),.UNSPECIFIED.,.F.,.F.,.F.,(4,4),(2,2),(3.,4.),(0.,1.),
  .PIECEWISE_BEZIER_KNOTS.);
#5988 = CARTESIAN_POINT('',(-5.0172247536E-02,0.632531123251,
    0.650016046357));
#5989 = CARTESIAN_POINT('',(-5.0172247536E-02,0.632432096444,
    0.650002129047));
#5990 = CARTESIAN_POINT('',(-5.16289779E-02,0.632714895704,
    0.648708437403));
#5991 = CARTESIAN_POINT('',(-5.16289779E-02,0.632615868897,
    0.648694520093));
#5992 = CARTESIAN_POINT('',(-5.3573829248E-02,0.632807982683,
    0.648046089137));
#5993 = CARTESIAN_POINT('',(-5.3573829248E-02,0.632708955876,
    0.648032171827));
#5994 = CARTESIAN_POINT('',(-5.5991205606E-02,0.632810368791,
    0.648029111094));
#5995 = CARTESIAN_POINT('',(-5.5991205606E-02,0.632711341984,
    0.648015193784));
#5996 = ADVANCED_FACE('',(#5997),#6016,.T.);
#5997 = FACE_BOUND('',#5998,.T.);
#5998 = EDGE_LOOP('',(#5999,#6008,#6009,#6010));
#5999 = ORIENTED_EDGE('',*,*,#6000,.F.);
#6000 = EDGE_CURVE('',#5972,#6001,#6003,.T.);
#6001 = VERTEX_POINT('',#6002);
#6002 = CARTESIAN_POINT('',(-6.4313484692E-02,0.63222464851,
    0.651478197796));
#6003 = B_SPLINE_CURVE_WITH_KNOTS('',3,(#6004,#6005,#6006,#6007),
  .UNSPECIFIED.,.F.,.F.,(4,4),(4.,5.),.PIECEWISE_BEZIER_KNOTS.);
#6004 = CARTESIAN_POINT('',(-5.5991205606E-02,0.632711341984,
    0.648015193784));
#6005 = CARTESIAN_POINT('',(-5.9344340553E-02,0.632714651747,
    0.647991643595));
#6006 = CARTESIAN_POINT('',(-6.2128830899E-02,0.632552430852,
    0.649145905242));
#6007 = CARTESIAN_POINT('',(-6.4313484692E-02,0.63222464851,
    0.651478197796));
#6008 = ORIENTED_EDGE('',*,*,#5982,.F.);
#6009 = ORIENTED_EDGE('',*,*,#5574,.T.);
#6010 = ORIENTED_EDGE('',*,*,#6011,.T.);
#6011 = EDGE_CURVE('',#5566,#6001,#6012,.T.);
#6012 = LINE('',#6013,#6014);
#6013 = CARTESIAN_POINT('',(-6.4313484692E-02,0.632323675316,
    0.651492115106));
#6014 = VECTOR('',#6015,1.);
#6015 = DIRECTION('',(1.894677867305E-16,-0.990268068742,-0.13917310096)
  );
#6016 = B_SPLINE_SURFACE_WITH_KNOTS('',3,1,(
    (#6017,#6018)
    ,(#6019,#6020)
    ,(#6021,#6022)
    ,(#6023,#6024
    )),.UNSPECIFIED.,.F.,.F.,.F.,(4,4),(2,2),(4.,5.),(0.,1.),
  .PIECEWISE_BEZIER_KNOTS.);
#6017 = CARTESIAN_POINT('',(-5.5991205606E-02,0.632810368791,
    0.648029111094));
#6018 = CARTESIAN_POINT('',(-5.5991205606E-02,0.632711341984,
    0.648015193784));
#6019 = CARTESIAN_POINT('',(-5.9344340553E-02,0.632813678554,
    0.648005560905));
#6020 = CARTESIAN_POINT('',(-5.9344340553E-02,0.632714651747,
    0.647991643595));
#6021 = CARTESIAN_POINT('',(-6.2128830899E-02,0.632651457659,
    0.649159822552));
#6022 = CARTESIAN_POINT('',(-6.2128830899E-02,0.632552430852,
    0.649145905242));
#6023 = CARTESIAN_POINT('',(-6.4313484692E-02,0.632323675316,
    0.651492115106));
#6024 = CARTESIAN_POINT('',(-6.4313484692E-02,0.63222464851,
    0.651478197796));
#6025 = ADVANCED_FACE('',(#6026),#6045,.T.);
#6026 = FACE_BOUND('',#6027,.T.);
#6027 = EDGE_LOOP('',(#6028,#6037,#6038,#6039));
#6028 = ORIENTED_EDGE('',*,*,#6029,.F.);
#6029 = EDGE_CURVE('',#6001,#6030,#6032,.T.);
#6030 = VERTEX_POINT('',#6031);
#6031 = CARTESIAN_POINT('',(-6.7651688729E-02,0.630990673267,
    0.660258387877));
#6032 = B_SPLINE_CURVE_WITH_KNOTS('',3,(#6033,#6034,#6035,#6036),
  .UNSPECIFIED.,.F.,.F.,(4,4),(5.,6.),.PIECEWISE_BEZIER_KNOTS.);
#6033 = CARTESIAN_POINT('',(-6.4313484692E-02,0.63222464851,
    0.651478197796));
#6034 = CARTESIAN_POINT('',(-6.6513513237E-02,0.631901222642,
    0.653779492418));
#6035 = CARTESIAN_POINT('',(-6.7626247915E-02,0.631489897561,
    0.656706222445));
#6036 = CARTESIAN_POINT('',(-6.7651688729E-02,0.630990673267,
    0.660258387877));
#6037 = ORIENTED_EDGE('',*,*,#6011,.F.);
#6038 = ORIENTED_EDGE('',*,*,#5565,.T.);
#6039 = ORIENTED_EDGE('',*,*,#6040,.T.);
#6040 = EDGE_CURVE('',#5558,#6030,#6041,.T.);
#6041 = LINE('',#6042,#6043);
#6042 = CARTESIAN_POINT('',(-6.7651688729E-02,0.631089700074,
    0.660272305187));
#6043 = VECTOR('',#6044,1.);
#6044 = DIRECTION('',(1.894677867305E-16,-0.990268068742,-0.13917310096)
  );
#6045 = B_SPLINE_SURFACE_WITH_KNOTS('',3,1,(
    (#6046,#6047)
    ,(#6048,#6049)
    ,(#6050,#6051)
    ,(#6052,#6053
    )),.UNSPECIFIED.,.F.,.F.,.F.,(4,4),(2,2),(5.,6.),(0.,1.),
  .PIECEWISE_BEZIER_KNOTS.);
#6046 = CARTESIAN_POINT('',(-6.4313484692E-02,0.632323675316,
    0.651492115106));
#6047 = CARTESIAN_POINT('',(-6.4313484692E-02,0.63222464851,
    0.651478197796));
#6048 = CARTESIAN_POINT('',(-6.6513513237E-02,0.632000249449,
    0.653793409728));
#6049 = CARTESIAN_POINT('',(-6.6513513237E-02,0.631901222642,
    0.653779492418));
#6050 = CARTESIAN_POINT('',(-6.7626247915E-02,0.631588924368,
    0.656720139755));
#6051 = CARTESIAN_POINT('',(-6.7626247915E-02,0.631489897561,
    0.656706222445));
#6052 = CARTESIAN_POINT('',(-6.7651688729E-02,0.631089700074,
    0.660272305187));
#6053 = CARTESIAN_POINT('',(-6.7651688729E-02,0.630990673267,
    0.660258387877));
#6054 = ADVANCED_FACE('',(#6055),#6073,.T.);
#6055 = FACE_BOUND('',#6056,.T.);
#6056 = EDGE_LOOP('',(#6057,#6065,#6066,#6067));
#6057 = ORIENTED_EDGE('',*,*,#6058,.F.);
#6058 = EDGE_CURVE('',#6030,#6059,#6061,.T.);
#6059 = VERTEX_POINT('',#6060);
#6060 = CARTESIAN_POINT('',(-6.7681332807E-02,0.630408968436,
    0.664397432814));
#6061 = LINE('',#6062,#6063);
#6062 = CARTESIAN_POINT('',(-6.7651688729E-02,0.630990673267,
    0.660258387877));
#6063 = VECTOR('',#6064,1.);
#6064 = DIRECTION('',(-7.092178509004E-03,-0.139169600782,0.990243163684
    ));
#6065 = ORIENTED_EDGE('',*,*,#6040,.F.);
#6066 = ORIENTED_EDGE('',*,*,#5557,.T.);
#6067 = ORIENTED_EDGE('',*,*,#6068,.T.);
#6068 = EDGE_CURVE('',#5550,#6059,#6069,.T.);
#6069 = LINE('',#6070,#6071);
#6070 = CARTESIAN_POINT('',(-6.7681332807E-02,0.630507995243,
    0.664411350124));
#6071 = VECTOR('',#6072,1.);
#6072 = DIRECTION('',(1.894677867305E-16,-0.990268068742,-0.13917310096)
  );
#6073 = PLANE('',#6074);
#6074 = AXIS2_PLACEMENT_3D('',#6075,#6076,#6077);
#6075 = CARTESIAN_POINT('',(-6.7651688729E-02,0.631089700074,
    0.660272305187));
#6076 = DIRECTION('',(0.999974850186,-9.870404750007E-04,
    7.023157916005E-03));
#6077 = DIRECTION('',(7.02316133716E-03,-1.555177902147E-16,
    -0.999975337298));
#6078 = ADVANCED_FACE('',(#6079),#6090,.T.);
#6079 = FACE_BOUND('',#6080,.T.);
#6080 = EDGE_LOOP('',(#6081,#6087,#6088,#6089));
#6081 = ORIENTED_EDGE('',*,*,#6082,.F.);
#6082 = EDGE_CURVE('',#6059,#5878,#6083,.T.);
#6083 = LINE('',#6084,#6085);
#6084 = CARTESIAN_POINT('',(-6.7681332807E-02,0.630408968436,
    0.664397432814));
#6085 = VECTOR('',#6086,1.);
#6086 = DIRECTION('',(0.991989216912,1.758070480001E-02,-0.125093214638)
  );
#6087 = ORIENTED_EDGE('',*,*,#6068,.F.);
#6088 = ORIENTED_EDGE('',*,*,#5549,.T.);
#6089 = ORIENTED_EDGE('',*,*,#5888,.T.);
#6090 = PLANE('',#6091);
#6091 = AXIS2_PLACEMENT_3D('',#6092,#6093,#6094);
#6092 = CARTESIAN_POINT('',(-6.7681332807E-02,0.630507995243,
    0.664411350124));
#6093 = DIRECTION('',(-0.126322577276,0.138058215436,-0.982335246044));
#6094 = DIRECTION('',(-7.722988915049E-14,0.990268068742,0.139173100959)
  );
#6095 = ADVANCED_FACE('',(#6096),#6106,.T.);
#6096 = FACE_BOUND('',#6097,.T.);
#6097 = EDGE_LOOP('',(#6098,#6099,#6100,#6101,#6102,#6103,#6104,#6105));
#6098 = ORIENTED_EDGE('',*,*,#5877,.T.);
#6099 = ORIENTED_EDGE('',*,*,#5913,.T.);
#6100 = ORIENTED_EDGE('',*,*,#5942,.T.);
#6101 = ORIENTED_EDGE('',*,*,#5971,.T.);
#6102 = ORIENTED_EDGE('',*,*,#6000,.T.);
#6103 = ORIENTED_EDGE('',*,*,#6029,.T.);
#6104 = ORIENTED_EDGE('',*,*,#6058,.T.);
#6105 = ORIENTED_EDGE('',*,*,#6082,.T.);
#6106 = PLANE('',#6107);
#6107 = AXIS2_PLACEMENT_3D('',#6108,#6109,#6110);
#6108 = CARTESIAN_POINT('',(-1.129362659708E-16,0.590270145251,
    0.949999999999));
#6109 = DIRECTION('',(-1.894677867305E-16,0.990268068742,0.13917310096)
  );
#6110 = DIRECTION('',(1.,1.913297951445E-16,6.240013019815E-30));
#6111 = ADVANCED_FACE('',(#6112),#6138,.F.);
#6112 = FACE_BOUND('',#6113,.F.);
#6113 = EDGE_LOOP('',(#6114,#6122,#6131,#6137));
#6114 = ORIENTED_EDGE('',*,*,#6115,.F.);
#6115 = EDGE_CURVE('',#6116,#341,#6118,.T.);
#6116 = VERTEX_POINT('',#6117);
#6117 = CARTESIAN_POINT('',(-9.8131312882E-02,0.632856305128,
    0.647702257074));
#6118 = LINE('',#6119,#6120);
#6119 = CARTESIAN_POINT('',(-9.8131312882E-02,0.632856305128,
    0.647702257074));
#6120 = VECTOR('',#6121,1.);
#6121 = DIRECTION('',(1.894677867305E-16,-0.990268068742,-0.13917310096)
  );
#6122 = ORIENTED_EDGE('',*,*,#6123,.T.);
#6123 = EDGE_CURVE('',#6116,#6124,#6126,.T.);
#6124 = VERTEX_POINT('',#6125);
#6125 = CARTESIAN_POINT('',(-8.5590821126E-02,0.632257851453,
    0.651960476229));
#6126 = B_SPLINE_CURVE_WITH_KNOTS('',3,(#6127,#6128,#6129,#6130),
  .UNSPECIFIED.,.F.,.F.,(4,4),(0.,1.),.PIECEWISE_BEZIER_KNOTS.);
#6127 = CARTESIAN_POINT('',(-9.8131312882E-02,0.632856305128,
    0.647702257074));
#6128 = CARTESIAN_POINT('',(-9.363967165E-02,0.632851871584,
    0.647733803373));
#6129 = CARTESIAN_POINT('',(-8.9469905049E-02,0.632652397289,
    0.649153136734));
#6130 = CARTESIAN_POINT('',(-8.5590821126E-02,0.632257851453,
    0.651960476229));
#6131 = ORIENTED_EDGE('',*,*,#6132,.T.);
#6132 = EDGE_CURVE('',#6124,#331,#6133,.T.);
#6133 = LINE('',#6134,#6135);
#6134 = CARTESIAN_POINT('',(-8.5590821126E-02,0.632257851453,
    0.651960476229));
#6135 = VECTOR('',#6136,1.);
#6136 = DIRECTION('',(1.894677867305E-16,-0.990268068742,-0.13917310096)
  );
#6137 = ORIENTED_EDGE('',*,*,#340,.F.);
#6138 = B_SPLINE_SURFACE_WITH_KNOTS('',3,1,(
    (#6139,#6140)
    ,(#6141,#6142)
    ,(#6143,#6144)
    ,(#6145,#6146
    )),.UNSPECIFIED.,.F.,.F.,.F.,(4,4),(2,2),(0.,1.),(0.,1.),
  .PIECEWISE_BEZIER_KNOTS.);
#6139 = CARTESIAN_POINT('',(-9.8131312882E-02,0.632856305128,
    0.647702257074));
#6140 = CARTESIAN_POINT('',(-9.8131312882E-02,0.632757278321,
    0.647688339764));
#6141 = CARTESIAN_POINT('',(-9.363967165E-02,0.632851871584,
    0.647733803373));
#6142 = CARTESIAN_POINT('',(-9.363967165E-02,0.632752844778,
    0.647719886063));
#6143 = CARTESIAN_POINT('',(-8.9469905049E-02,0.632652397289,
    0.649153136734));
#6144 = CARTESIAN_POINT('',(-8.9469905049E-02,0.632553370482,
    0.649139219424));
#6145 = CARTESIAN_POINT('',(-8.5590821126E-02,0.632257851453,
    0.651960476229));
#6146 = CARTESIAN_POINT('',(-8.5590821126E-02,0.632158824646,
    0.651946558919));
#6147 = ADVANCED_FACE('',(#6148),#6166,.F.);
#6148 = FACE_BOUND('',#6149,.T.);
#6149 = EDGE_LOOP('',(#6150,#6151,#6159,#6165));
#6150 = ORIENTED_EDGE('',*,*,#330,.T.);
#6151 = ORIENTED_EDGE('',*,*,#6152,.F.);
#6152 = EDGE_CURVE('',#6153,#333,#6155,.T.);
#6153 = VERTEX_POINT('',#6154);
#6154 = CARTESIAN_POINT('',(-8.5534851337E-02,0.633356144902,
    0.64414571228));
#6155 = LINE('',#6156,#6157);
#6156 = CARTESIAN_POINT('',(-8.5534851337E-02,0.633356144902,
    0.64414571228));
#6157 = VECTOR('',#6158,1.);
#6158 = DIRECTION('',(1.894677867305E-16,-0.990268068742,-0.13917310096)
  );
#6159 = ORIENTED_EDGE('',*,*,#6160,.F.);
#6160 = EDGE_CURVE('',#6124,#6153,#6161,.T.);
#6161 = LINE('',#6162,#6163);
#6162 = CARTESIAN_POINT('',(-8.5534851337E-02,0.633356144902,
    0.64414571228));
#6163 = VECTOR('',#6164,1.);
#6164 = DIRECTION('',(7.092178509004E-03,0.139169600782,-0.990243163684)
  );
#6165 = ORIENTED_EDGE('',*,*,#6132,.T.);
#6166 = PLANE('',#6167);
#6167 = AXIS2_PLACEMENT_3D('',#6168,#6169,#6170);
#6168 = CARTESIAN_POINT('',(-8.5534851337E-02,0.633356144902,
    0.64414571228));
#6169 = DIRECTION('',(-0.999974850186,9.870404750007E-04,
    -7.023157916005E-03));
#6170 = DIRECTION('',(-7.02316133716E-03,1.555177902147E-16,
    0.999975337298));
#6171 = ADVANCED_FACE('',(#6172),#6191,.F.);
#6172 = FACE_BOUND('',#6173,.F.);
#6173 = EDGE_LOOP('',(#6174,#6175,#6184,#6190));
#6174 = ORIENTED_EDGE('',*,*,#6152,.F.);
#6175 = ORIENTED_EDGE('',*,*,#6176,.T.);
#6176 = EDGE_CURVE('',#6153,#6177,#6179,.T.);
#6177 = VERTEX_POINT('',#6178);
#6178 = CARTESIAN_POINT('',(-9.7338461117E-02,0.633723782369,
    0.641529835779));
#6179 = B_SPLINE_CURVE_WITH_KNOTS('',3,(#6180,#6181,#6182,#6183),
  .UNSPECIFIED.,.F.,.F.,(4,4),(19.,20.),.PIECEWISE_BEZIER_KNOTS.);
#6180 = CARTESIAN_POINT('',(-8.5534851337E-02,0.633356144902,
    0.64414571228));
#6181 = CARTESIAN_POINT('',(-8.889163614E-02,0.633593888423,
    0.642454079223));
#6182 = CARTESIAN_POINT('',(-9.2815627933E-02,0.633719318037,
    0.64156160115));
#6183 = CARTESIAN_POINT('',(-9.7338461117E-02,0.633723782369,
    0.641529835779));
#6184 = ORIENTED_EDGE('',*,*,#6185,.T.);
#6185 = EDGE_CURVE('',#6177,#502,#6186,.T.);
#6186 = LINE('',#6187,#6188);
#6187 = CARTESIAN_POINT('',(-9.7338461117E-02,0.633723782369,
    0.641529835779));
#6188 = VECTOR('',#6189,1.);
#6189 = DIRECTION('',(1.894677867305E-16,-0.990268068742,-0.13917310096)
  );
#6190 = ORIENTED_EDGE('',*,*,#510,.F.);
#6191 = B_SPLINE_SURFACE_WITH_KNOTS('',3,1,(
    (#6192,#6193)
    ,(#6194,#6195)
    ,(#6196,#6197)
    ,(#6198,#6199
    )),.UNSPECIFIED.,.F.,.F.,.F.,(4,4),(2,2),(19.,20.),(0.,1.),
  .PIECEWISE_BEZIER_KNOTS.);
#6192 = CARTESIAN_POINT('',(-8.5534851337E-02,0.633356144902,
    0.64414571228));
#6193 = CARTESIAN_POINT('',(-8.5534851337E-02,0.633257118095,
    0.64413179497));
#6194 = CARTESIAN_POINT('',(-8.889163614E-02,0.633593888423,
    0.642454079223));
#6195 = CARTESIAN_POINT('',(-8.889163614E-02,0.633494861617,
    0.642440161913));
#6196 = CARTESIAN_POINT('',(-9.2815627933E-02,0.633719318037,
    0.64156160115));
#6197 = CARTESIAN_POINT('',(-9.2815627933E-02,0.63362029123,
    0.64154768384));
#6198 = CARTESIAN_POINT('',(-9.7338461117E-02,0.633723782369,
    0.641529835779));
#6199 = CARTESIAN_POINT('',(-9.7338461117E-02,0.633624755562,
    0.641515918469));
#6200 = ADVANCED_FACE('',(#6201),#6220,.F.);
#6201 = FACE_BOUND('',#6202,.F.);
#6202 = EDGE_LOOP('',(#6203,#6204,#6213,#6219));
#6203 = ORIENTED_EDGE('',*,*,#6185,.F.);
#6204 = ORIENTED_EDGE('',*,*,#6205,.T.);
#6205 = EDGE_CURVE('',#6177,#6206,#6208,.T.);
#6206 = VERTEX_POINT('',#6207);
#6207 = CARTESIAN_POINT('',(-0.110058141903,0.633254453314,
    0.644869285521));
#6208 = B_SPLINE_CURVE_WITH_KNOTS('',3,(#6209,#6210,#6211,#6212),
  .UNSPECIFIED.,.F.,.F.,(4,4),(18.,19.),.PIECEWISE_BEZIER_KNOTS.);
#6209 = CARTESIAN_POINT('',(-9.7338461117E-02,0.633723782369,
    0.641529835779));
#6210 = CARTESIAN_POINT('',(-0.102531921291,0.633728908653,
    0.641493360371));
#6211 = CARTESIAN_POINT('',(-0.106782212204,0.633572475898,
    0.642606437261));
#6212 = CARTESIAN_POINT('',(-0.110058141903,0.633254453314,
    0.644869285521));
#6213 = ORIENTED_EDGE('',*,*,#6214,.T.);
#6214 = EDGE_CURVE('',#6206,#493,#6215,.T.);
#6215 = LINE('',#6216,#6217);
#6216 = CARTESIAN_POINT('',(-0.110058141903,0.633254453314,
    0.644869285521));
#6217 = VECTOR('',#6218,1.);
#6218 = DIRECTION('',(1.894677867305E-16,-0.990268068742,-0.13917310096)
  );
#6219 = ORIENTED_EDGE('',*,*,#501,.F.);
#6220 = B_SPLINE_SURFACE_WITH_KNOTS('',3,1,(
    (#6221,#6222)
    ,(#6223,#6224)
    ,(#6225,#6226)
    ,(#6227,#6228
    )),.UNSPECIFIED.,.F.,.F.,.F.,(4,4),(2,2),(18.,19.),(0.,1.),
  .PIECEWISE_BEZIER_KNOTS.);
#6221 = CARTESIAN_POINT('',(-9.7338461117E-02,0.633723782369,
    0.641529835779));
#6222 = CARTESIAN_POINT('',(-9.7338461117E-02,0.633624755562,
    0.641515918469));
#6223 = CARTESIAN_POINT('',(-0.102531921291,0.633728908653,
    0.641493360371));
#6224 = CARTESIAN_POINT('',(-0.102531921291,0.633629881846,
    0.641479443061));
#6225 = CARTESIAN_POINT('',(-0.106782212204,0.633572475898,
    0.642606437261));
#6226 = CARTESIAN_POINT('',(-0.106782212204,0.633473449091,
    0.642592519951));
#6227 = CARTESIAN_POINT('',(-0.110058141903,0.633254453314,
    0.644869285521));
#6228 = CARTESIAN_POINT('',(-0.110058141903,0.633155426507,
    0.644855368211));
#6229 = ADVANCED_FACE('',(#6230),#6249,.F.);
#6230 = FACE_BOUND('',#6231,.F.);
#6231 = EDGE_LOOP('',(#6232,#6233,#6242,#6248));
#6232 = ORIENTED_EDGE('',*,*,#6214,.F.);
#6233 = ORIENTED_EDGE('',*,*,#6234,.T.);
#6234 = EDGE_CURVE('',#6206,#6235,#6237,.T.);
#6235 = VERTEX_POINT('',#6236);
#6236 = CARTESIAN_POINT('',(-0.115037684287,0.631948296093,
    0.654163077063));
#6237 = B_SPLINE_CURVE_WITH_KNOTS('',3,(#6238,#6239,#6240,#6241),
  .UNSPECIFIED.,.F.,.F.,(4,4),(17.,18.),.PIECEWISE_BEZIER_KNOTS.);
#6238 = CARTESIAN_POINT('',(-0.110058141903,0.633254453314,
    0.644869285521));
#6239 = CARTESIAN_POINT('',(-0.113349446353,0.632940787206,
    0.647101135851));
#6240 = CARTESIAN_POINT('',(-0.115009367556,0.632503954439,
    0.650209362496));
#6241 = CARTESIAN_POINT('',(-0.115037684287,0.631948296093,
    0.654163077063));
#6242 = ORIENTED_EDGE('',*,*,#6243,.T.);
#6243 = EDGE_CURVE('',#6235,#484,#6244,.T.);
#6244 = LINE('',#6245,#6246);
#6245 = CARTESIAN_POINT('',(-0.115037684287,0.631948296093,
    0.654163077063));
#6246 = VECTOR('',#6247,1.);
#6247 = DIRECTION('',(1.894677867305E-16,-0.990268068742,-0.13917310096)
  );
#6248 = ORIENTED_EDGE('',*,*,#492,.F.);
#6249 = B_SPLINE_SURFACE_WITH_KNOTS('',3,1,(
    (#6250,#6251)
    ,(#6252,#6253)
    ,(#6254,#6255)
    ,(#6256,#6257
    )),.UNSPECIFIED.,.F.,.F.,.F.,(4,4),(2,2),(17.,18.),(0.,1.),
  .PIECEWISE_BEZIER_KNOTS.);
#6250 = CARTESIAN_POINT('',(-0.110058141903,0.633254453314,
    0.644869285521));
#6251 = CARTESIAN_POINT('',(-0.110058141903,0.633155426507,
    0.644855368211));
#6252 = CARTESIAN_POINT('',(-0.113349446353,0.632940787206,
    0.647101135851));
#6253 = CARTESIAN_POINT('',(-0.113349446353,0.632841760399,
    0.647087218541));
#6254 = CARTESIAN_POINT('',(-0.115009367556,0.632503954439,
    0.650209362496));
#6255 = CARTESIAN_POINT('',(-0.115009367556,0.632404927632,
    0.650195445186));
#6256 = CARTESIAN_POINT('',(-0.115037684287,0.631948296093,
    0.654163077063));
#6257 = CARTESIAN_POINT('',(-0.115037684287,0.631849269287,
    0.654149159753));
#6258 = ADVANCED_FACE('',(#6259),#6278,.F.);
#6259 = FACE_BOUND('',#6260,.F.);
#6260 = EDGE_LOOP('',(#6261,#6262,#6271,#6277));
#6261 = ORIENTED_EDGE('',*,*,#6243,.F.);
#6262 = ORIENTED_EDGE('',*,*,#6263,.T.);
#6263 = EDGE_CURVE('',#6235,#6264,#6266,.T.);
#6264 = VERTEX_POINT('',#6265);
#6265 = CARTESIAN_POINT('',(-0.112531046993,0.630942981767,
    0.661316260186));
#6266 = B_SPLINE_CURVE_WITH_KNOTS('',3,(#6267,#6268,#6269,#6270),
  .UNSPECIFIED.,.F.,.F.,(4,4),(16.,17.),.PIECEWISE_BEZIER_KNOTS.);
#6267 = CARTESIAN_POINT('',(-0.115037684287,0.631948296093,
    0.654163077063));
#6268 = CARTESIAN_POINT('',(-0.115058036938,0.631548916658,
    0.657004809409));
#6269 = CARTESIAN_POINT('',(-0.114217292514,0.631213806751,
    0.659389240295));
#6270 = CARTESIAN_POINT('',(-0.112531046993,0.630942981767,
    0.661316260186));
#6271 = ORIENTED_EDGE('',*,*,#6272,.T.);
#6272 = EDGE_CURVE('',#6264,#475,#6273,.T.);
#6273 = LINE('',#6274,#6275);
#6274 = CARTESIAN_POINT('',(-0.112531046993,0.630942981767,
    0.661316260186));
#6275 = VECTOR('',#6276,1.);
#6276 = DIRECTION('',(1.894677867305E-16,-0.990268068742,-0.13917310096)
  );
#6277 = ORIENTED_EDGE('',*,*,#483,.F.);
#6278 = B_SPLINE_SURFACE_WITH_KNOTS('',3,1,(
    (#6279,#6280)
    ,(#6281,#6282)
    ,(#6283,#6284)
    ,(#6285,#6286
    )),.UNSPECIFIED.,.F.,.F.,.F.,(4,4),(2,2),(16.,17.),(0.,1.),
  .PIECEWISE_BEZIER_KNOTS.);
#6279 = CARTESIAN_POINT('',(-0.115037684287,0.631948296093,
    0.654163077063));
#6280 = CARTESIAN_POINT('',(-0.115037684287,0.631849269287,
    0.654149159753));
#6281 = CARTESIAN_POINT('',(-0.115058036938,0.631548916658,
    0.657004809409));
#6282 = CARTESIAN_POINT('',(-0.115058036938,0.631449889851,
    0.656990892098));
#6283 = CARTESIAN_POINT('',(-0.114217292514,0.631213806751,
    0.659389240295));
#6284 = CARTESIAN_POINT('',(-0.114217292514,0.631114779944,
    0.659375322985));
#6285 = CARTESIAN_POINT('',(-0.112531046993,0.630942981767,
    0.661316260186));
#6286 = CARTESIAN_POINT('',(-0.112531046993,0.63084395496,0.661302342876
    ));
#6287 = ADVANCED_FACE('',(#6288),#6307,.F.);
#6288 = FACE_BOUND('',#6289,.F.);
#6289 = EDGE_LOOP('',(#6290,#6291,#6300,#6306));
#6290 = ORIENTED_EDGE('',*,*,#6272,.F.);
#6291 = ORIENTED_EDGE('',*,*,#6292,.T.);
#6292 = EDGE_CURVE('',#6264,#6293,#6295,.T.);
#6293 = VERTEX_POINT('',#6294);
#6294 = CARTESIAN_POINT('',(-0.102714431473,0.630147516973,
    0.666976286292));
#6295 = B_SPLINE_CURVE_WITH_KNOTS('',3,(#6296,#6297,#6298,#6299),
  .UNSPECIFIED.,.F.,.F.,(4,4),(15.,16.),.PIECEWISE_BEZIER_KNOTS.);
#6296 = CARTESIAN_POINT('',(-0.112531046993,0.630942981767,
    0.661316260186));
#6297 = CARTESIAN_POINT('',(-0.110829205494,0.630672141388,
    0.663243389613));
#6298 = CARTESIAN_POINT('',(-0.107567545122,0.630404102666,
    0.665150584221));
#6299 = CARTESIAN_POINT('',(-0.102714431473,0.630147516973,
    0.666976286292));
#6300 = ORIENTED_EDGE('',*,*,#6301,.T.);
#6301 = EDGE_CURVE('',#6293,#466,#6302,.T.);
#6302 = LINE('',#6303,#6304);
#6303 = CARTESIAN_POINT('',(-0.102714431473,0.630147516973,
    0.666976286292));
#6304 = VECTOR('',#6305,1.);
#6305 = DIRECTION('',(1.894677867305E-16,-0.990268068742,-0.13917310096)
  );
#6306 = ORIENTED_EDGE('',*,*,#474,.F.);
#6307 = B_SPLINE_SURFACE_WITH_KNOTS('',3,1,(
    (#6308,#6309)
    ,(#6310,#6311)
    ,(#6312,#6313)
    ,(#6314,#6315
    )),.UNSPECIFIED.,.F.,.F.,.F.,(4,4),(2,2),(15.,16.),(0.,1.),
  .PIECEWISE_BEZIER_KNOTS.);
#6308 = CARTESIAN_POINT('',(-0.112531046993,0.630942981767,
    0.661316260186));
#6309 = CARTESIAN_POINT('',(-0.112531046993,0.63084395496,0.661302342876
    ));
#6310 = CARTESIAN_POINT('',(-0.110829205494,0.630672141388,
    0.663243389613));
#6311 = CARTESIAN_POINT('',(-0.110829205494,0.630573114582,
    0.663229472303));
#6312 = CARTESIAN_POINT('',(-0.107567545122,0.630404102666,
    0.665150584221));
#6313 = CARTESIAN_POINT('',(-0.107567545122,0.630305075859,
    0.665136666911));
#6314 = CARTESIAN_POINT('',(-0.102714431473,0.630147516973,
    0.666976286292));
#6315 = CARTESIAN_POINT('',(-0.102714431473,0.630048490166,
    0.666962368981));
#6316 = ADVANCED_FACE('',(#6317),#6336,.F.);
#6317 = FACE_BOUND('',#6318,.F.);
#6318 = EDGE_LOOP('',(#6319,#6320,#6329,#6335));
#6319 = ORIENTED_EDGE('',*,*,#6301,.F.);
#6320 = ORIENTED_EDGE('',*,*,#6321,.T.);
#6321 = EDGE_CURVE('',#6293,#6322,#6324,.T.);
#6322 = VERTEX_POINT('',#6323);
#6323 = CARTESIAN_POINT('',(-9.5317293595E-02,0.629619259613,
    0.670735032721));
#6324 = B_SPLINE_CURVE_WITH_KNOTS('',3,(#6325,#6326,#6327,#6328),
  .UNSPECIFIED.,.F.,.F.,(4,4),(14.,15.),.PIECEWISE_BEZIER_KNOTS.);
#6325 = CARTESIAN_POINT('',(-0.102714431473,0.630147516973,
    0.666976286292));
#6326 = CARTESIAN_POINT('',(-9.8888440028E-02,0.629935358109,
    0.668485875051));
#6327 = CARTESIAN_POINT('',(-9.643312472E-02,0.629759282585,
    0.669738717504));
#6328 = CARTESIAN_POINT('',(-9.5317293595E-02,0.629619259613,
    0.670735032721));
#6329 = ORIENTED_EDGE('',*,*,#6330,.T.);
#6330 = EDGE_CURVE('',#6322,#457,#6331,.T.);
#6331 = LINE('',#6332,#6333);
#6332 = CARTESIAN_POINT('',(-9.5317293595E-02,0.629619259613,
    0.670735032721));
#6333 = VECTOR('',#6334,1.);
#6334 = DIRECTION('',(1.894677867305E-16,-0.990268068742,-0.13917310096)
  );
#6335 = ORIENTED_EDGE('',*,*,#465,.F.);
#6336 = B_SPLINE_SURFACE_WITH_KNOTS('',3,1,(
    (#6337,#6338)
    ,(#6339,#6340)
    ,(#6341,#6342)
    ,(#6343,#6344
    )),.UNSPECIFIED.,.F.,.F.,.F.,(4,4),(2,2),(14.,15.),(0.,1.),
  .PIECEWISE_BEZIER_KNOTS.);
#6337 = CARTESIAN_POINT('',(-0.102714431473,0.630147516973,
    0.666976286292));
#6338 = CARTESIAN_POINT('',(-0.102714431473,0.630048490166,
    0.666962368981));
#6339 = CARTESIAN_POINT('',(-9.8888440028E-02,0.629935358109,
    0.668485875051));
#6340 = CARTESIAN_POINT('',(-9.8888440028E-02,0.629836331302,
    0.668471957741));
#6341 = CARTESIAN_POINT('',(-9.643312472E-02,0.629759282585,
    0.669738717504));
#6342 = CARTESIAN_POINT('',(-9.643312472E-02,0.629660255778,
    0.669724800194));
#6343 = CARTESIAN_POINT('',(-9.5317293595E-02,0.629619259613,
    0.670735032721));
#6344 = CARTESIAN_POINT('',(-9.5317293595E-02,0.629520232806,
    0.670721115411));
#6345 = ADVANCED_FACE('',(#6346),#6365,.F.);
#6346 = FACE_BOUND('',#6347,.F.);
#6347 = EDGE_LOOP('',(#6348,#6349,#6358,#6364));
#6348 = ORIENTED_EDGE('',*,*,#6330,.F.);
#6349 = ORIENTED_EDGE('',*,*,#6350,.T.);
#6350 = EDGE_CURVE('',#6322,#6351,#6353,.T.);
#6351 = VERTEX_POINT('',#6352);
#6352 = CARTESIAN_POINT('',(-9.367728329E-02,0.629053271921,
    0.674762244404));
#6353 = B_SPLINE_CURVE_WITH_KNOTS('',3,(#6354,#6355,#6356,#6357),
  .UNSPECIFIED.,.F.,.F.,(4,4),(13.,14.),.PIECEWISE_BEZIER_KNOTS.);
#6354 = CARTESIAN_POINT('',(-9.5317293595E-02,0.629619259613,
    0.670735032721));
#6355 = CARTESIAN_POINT('',(-9.4216837222E-02,0.629483593116,
    0.671700350006));
#6356 = CARTESIAN_POINT('',(-9.366489472E-02,0.629296372447,
    0.673032494281));
#6357 = CARTESIAN_POINT('',(-9.367728329E-02,0.629053271921,
    0.674762244404));
#6358 = ORIENTED_EDGE('',*,*,#6359,.T.);
#6359 = EDGE_CURVE('',#6351,#448,#6360,.T.);
#6360 = LINE('',#6361,#6362);
#6361 = CARTESIAN_POINT('',(-9.367728329E-02,0.629053271921,
    0.674762244404));
#6362 = VECTOR('',#6363,1.);
#6363 = DIRECTION('',(1.894677867305E-16,-0.990268068742,-0.13917310096)
  );
#6364 = ORIENTED_EDGE('',*,*,#456,.F.);
#6365 = B_SPLINE_SURFACE_WITH_KNOTS('',3,1,(
    (#6366,#6367)
    ,(#6368,#6369)
    ,(#6370,#6371)
    ,(#6372,#6373
    )),.UNSPECIFIED.,.F.,.F.,.F.,(4,4),(2,2),(13.,14.),(0.,1.),
  .PIECEWISE_BEZIER_KNOTS.);
#6366 = CARTESIAN_POINT('',(-9.5317293595E-02,0.629619259613,
    0.670735032721));
#6367 = CARTESIAN_POINT('',(-9.5317293595E-02,0.629520232806,
    0.670721115411));
#6368 = CARTESIAN_POINT('',(-9.4216837222E-02,0.629483593116,
    0.671700350006));
#6369 = CARTESIAN_POINT('',(-9.4216837222E-02,0.629384566309,
    0.671686432696));
#6370 = CARTESIAN_POINT('',(-9.366489472E-02,0.629296372447,
    0.673032494281));
#6371 = CARTESIAN_POINT('',(-9.366489472E-02,0.62919734564,
    0.673018576971));
#6372 = CARTESIAN_POINT('',(-9.367728329E-02,0.629053271921,
    0.674762244404));
#6373 = CARTESIAN_POINT('',(-9.367728329E-02,0.628954245114,
    0.674748327094));
#6374 = ADVANCED_FACE('',(#6375),#6394,.F.);
#6375 = FACE_BOUND('',#6376,.F.);
#6376 = EDGE_LOOP('',(#6377,#6378,#6387,#6393));
#6377 = ORIENTED_EDGE('',*,*,#6359,.F.);
#6378 = ORIENTED_EDGE('',*,*,#6379,.T.);
#6379 = EDGE_CURVE('',#6351,#6380,#6382,.T.);
#6380 = VERTEX_POINT('',#6381);
#6381 = CARTESIAN_POINT('',(-9.6031170315E-02,0.628465178672,
    0.678946745303));
#6382 = B_SPLINE_CURVE_WITH_KNOTS('',3,(#6383,#6384,#6385,#6386),
  .UNSPECIFIED.,.F.,.F.,(4,4),(12.,13.),.PIECEWISE_BEZIER_KNOTS.);
#6383 = CARTESIAN_POINT('',(-9.367728329E-02,0.629053271921,
    0.674762244404));
#6384 = CARTESIAN_POINT('',(-9.3689671859E-02,0.628810171395,
    0.676491994527));
#6385 = CARTESIAN_POINT('',(-9.447964701E-02,0.62861125139,
    0.677907383912));
#6386 = CARTESIAN_POINT('',(-9.6031170315E-02,0.628465178672,
    0.678946745303));
#6387 = ORIENTED_EDGE('',*,*,#6388,.T.);
#6388 = EDGE_CURVE('',#6380,#439,#6389,.T.);
#6389 = LINE('',#6390,#6391);
#6390 = CARTESIAN_POINT('',(-9.6031170315E-02,0.628465178672,
    0.678946745303));
#6391 = VECTOR('',#6392,1.);
#6392 = DIRECTION('',(1.894677867305E-16,-0.990268068742,-0.13917310096)
  );
#6393 = ORIENTED_EDGE('',*,*,#447,.F.);
#6394 = B_SPLINE_SURFACE_WITH_KNOTS('',3,1,(
    (#6395,#6396)
    ,(#6397,#6398)
    ,(#6399,#6400)
    ,(#6401,#6402
    )),.UNSPECIFIED.,.F.,.F.,.F.,(4,4),(2,2),(12.,13.),(0.,1.),
  .PIECEWISE_BEZIER_KNOTS.);
#6395 = CARTESIAN_POINT('',(-9.367728329E-02,0.629053271921,
    0.674762244404));
#6396 = CARTESIAN_POINT('',(-9.367728329E-02,0.628954245114,
    0.674748327094));
#6397 = CARTESIAN_POINT('',(-9.3689671859E-02,0.628810171395,
    0.676491994527));
#6398 = CARTESIAN_POINT('',(-9.3689671859E-02,0.628711144588,
    0.676478077217));
#6399 = CARTESIAN_POINT('',(-9.447964701E-02,0.62861125139,
    0.677907383912));
#6400 = CARTESIAN_POINT('',(-9.447964701E-02,0.628512224583,
    0.677893466601));
#6401 = CARTESIAN_POINT('',(-9.6031170315E-02,0.628465178672,
    0.678946745303));
#6402 = CARTESIAN_POINT('',(-9.6031170315E-02,0.628366151865,
    0.678932827993));
#6403 = ADVANCED_FACE('',(#6404),#6423,.F.);
#6404 = FACE_BOUND('',#6405,.F.);
#6405 = EDGE_LOOP('',(#6406,#6407,#6416,#6422));
#6406 = ORIENTED_EDGE('',*,*,#6388,.F.);
#6407 = ORIENTED_EDGE('',*,*,#6408,.T.);
#6408 = EDGE_CURVE('',#6380,#6409,#6411,.T.);
#6409 = VERTEX_POINT('',#6410);
#6410 = CARTESIAN_POINT('',(-0.102062720916,0.628245384649,
    0.680510661043));
#6411 = B_SPLINE_CURVE_WITH_KNOTS('',3,(#6412,#6413,#6414,#6415),
  .UNSPECIFIED.,.F.,.F.,(4,4),(11.,12.),.PIECEWISE_BEZIER_KNOTS.);
#6412 = CARTESIAN_POINT('',(-9.6031170315E-02,0.628465178672,
    0.678946745303));
#6413 = CARTESIAN_POINT('',(-9.7582914844E-02,0.628314764874,
    0.68001699509));
#6414 = CARTESIAN_POINT('',(-9.9598556629E-02,0.628242952358,
    0.680527967693));
#6415 = CARTESIAN_POINT('',(-0.102062720916,0.628245384649,
    0.680510661043));
#6416 = ORIENTED_EDGE('',*,*,#6417,.T.);
#6417 = EDGE_CURVE('',#6409,#430,#6418,.T.);
#6418 = LINE('',#6419,#6420);
#6419 = CARTESIAN_POINT('',(-0.102062720916,0.628245384649,
    0.680510661043));
#6420 = VECTOR('',#6421,1.);
#6421 = DIRECTION('',(1.894677867305E-16,-0.990268068742,-0.13917310096)
  );
#6422 = ORIENTED_EDGE('',*,*,#438,.F.);
#6423 = B_SPLINE_SURFACE_WITH_KNOTS('',3,1,(
    (#6424,#6425)
    ,(#6426,#6427)
    ,(#6428,#6429)
    ,(#6430,#6431
    )),.UNSPECIFIED.,.F.,.F.,.F.,(4,4),(2,2),(11.,12.),(0.,1.),
  .PIECEWISE_BEZIER_KNOTS.);
#6424 = CARTESIAN_POINT('',(-9.6031170315E-02,0.628465178672,
    0.678946745303));
#6425 = CARTESIAN_POINT('',(-9.6031170315E-02,0.628366151865,
    0.678932827993));
#6426 = CARTESIAN_POINT('',(-9.7582914844E-02,0.628314764874,
    0.68001699509));
#6427 = CARTESIAN_POINT('',(-9.7582914844E-02,0.628215738067,
    0.68000307778));
#6428 = CARTESIAN_POINT('',(-9.9598556629E-02,0.628242952358,
    0.680527967693));
#6429 = CARTESIAN_POINT('',(-9.9598556629E-02,0.628143925551,
    0.680514050383));
#6430 = CARTESIAN_POINT('',(-0.102062720916,0.628245384649,
    0.680510661043));
#6431 = CARTESIAN_POINT('',(-0.102062720916,0.628146357842,
    0.680496743733));
#6432 = ADVANCED_FACE('',(#6433),#6452,.F.);
#6433 = FACE_BOUND('',#6434,.F.);
#6434 = EDGE_LOOP('',(#6435,#6436,#6445,#6451));
#6435 = ORIENTED_EDGE('',*,*,#6417,.F.);
#6436 = ORIENTED_EDGE('',*,*,#6437,.T.);
#6437 = EDGE_CURVE('',#6409,#6438,#6440,.T.);
#6438 = VERTEX_POINT('',#6439);
#6439 = CARTESIAN_POINT('',(-0.113113520559,0.628694763727,
    0.677313162752));
#6440 = B_SPLINE_CURVE_WITH_KNOTS('',3,(#6441,#6442,#6443,#6444),
  .UNSPECIFIED.,.F.,.F.,(4,4),(10.,11.),.PIECEWISE_BEZIER_KNOTS.);
#6441 = CARTESIAN_POINT('',(-0.102062720916,0.628245384649,
    0.680510661043));
#6442 = CARTESIAN_POINT('',(-0.106195654688,0.628249464124,
    0.680481634066));
#6443 = CARTESIAN_POINT('',(-0.10986878351,0.628400693914,0.679405578195
    ));
#6444 = CARTESIAN_POINT('',(-0.113113520559,0.628694763727,
    0.677313162752));
#6445 = ORIENTED_EDGE('',*,*,#6446,.T.);
#6446 = EDGE_CURVE('',#6438,#422,#6447,.T.);
#6447 = LINE('',#6448,#6449);
#6448 = CARTESIAN_POINT('',(-0.113113520559,0.628694763727,
    0.677313162752));
#6449 = VECTOR('',#6450,1.);
#6450 = DIRECTION('',(1.894677867305E-16,-0.990268068742,-0.13917310096)
  );
#6451 = ORIENTED_EDGE('',*,*,#429,.F.);
#6452 = B_SPLINE_SURFACE_WITH_KNOTS('',3,1,(
    (#6453,#6454)
    ,(#6455,#6456)
    ,(#6457,#6458)
    ,(#6459,#6460
    )),.UNSPECIFIED.,.F.,.F.,.F.,(4,4),(2,2),(10.,11.),(0.,1.),
  .PIECEWISE_BEZIER_KNOTS.);
#6453 = CARTESIAN_POINT('',(-0.102062720916,0.628245384649,
    0.680510661043));
#6454 = CARTESIAN_POINT('',(-0.102062720916,0.628146357842,
    0.680496743733));
#6455 = CARTESIAN_POINT('',(-0.106195654688,0.628249464124,
    0.680481634066));
#6456 = CARTESIAN_POINT('',(-0.106195654688,0.628150437317,
    0.680467716756));
#6457 = CARTESIAN_POINT('',(-0.10986878351,0.628400693914,0.679405578195
    ));
#6458 = CARTESIAN_POINT('',(-0.10986878351,0.628301667108,0.679391660885
    ));
#6459 = CARTESIAN_POINT('',(-0.113113520559,0.628694763727,
    0.677313162752));
#6460 = CARTESIAN_POINT('',(-0.113113520559,0.62859573692,0.677299245442
    ));
#6461 = ADVANCED_FACE('',(#6462),#6480,.F.);
#6462 = FACE_BOUND('',#6463,.T.);
#6463 = EDGE_LOOP('',(#6464,#6465,#6473,#6479));
#6464 = ORIENTED_EDGE('',*,*,#421,.T.);
#6465 = ORIENTED_EDGE('',*,*,#6466,.F.);
#6466 = EDGE_CURVE('',#6467,#413,#6469,.T.);
#6467 = VERTEX_POINT('',#6468);
#6468 = CARTESIAN_POINT('',(-0.113166171981,0.627661586491,
    0.684664600775));
#6469 = LINE('',#6470,#6471);
#6470 = CARTESIAN_POINT('',(-0.113166171981,0.627661586491,
    0.684664600775));
#6471 = VECTOR('',#6472,1.);
#6472 = DIRECTION('',(1.894677867305E-16,-0.990268068742,-0.13917310096)
  );
#6473 = ORIENTED_EDGE('',*,*,#6474,.F.);
#6474 = EDGE_CURVE('',#6438,#6467,#6475,.T.);
#6475 = LINE('',#6476,#6477);
#6476 = CARTESIAN_POINT('',(-0.113166171981,0.627661586491,
    0.684664600775));
#6477 = VECTOR('',#6478,1.);
#6478 = DIRECTION('',(-7.092178509004E-03,-0.139169600782,0.990243163684
    ));
#6479 = ORIENTED_EDGE('',*,*,#6446,.T.);
#6480 = PLANE('',#6481);
#6481 = AXIS2_PLACEMENT_3D('',#6482,#6483,#6484);
#6482 = CARTESIAN_POINT('',(-0.113166171981,0.627661586491,
    0.684664600775));
#6483 = DIRECTION('',(0.999974850186,-9.870404750007E-04,
    7.023157916005E-03));
#6484 = DIRECTION('',(7.02316133716E-03,-1.555177902147E-16,
    -0.999975337298));
#6485 = ADVANCED_FACE('',(#6486),#6505,.F.);
#6486 = FACE_BOUND('',#6487,.F.);
#6487 = EDGE_LOOP('',(#6488,#6489,#6498,#6504));
#6488 = ORIENTED_EDGE('',*,*,#6466,.F.);
#6489 = ORIENTED_EDGE('',*,*,#6490,.T.);
#6490 = EDGE_CURVE('',#6467,#6491,#6493,.T.);
#6491 = VERTEX_POINT('',#6492);
#6492 = CARTESIAN_POINT('',(-0.102855351455,0.627382248489,
    0.686652193942));
#6493 = B_SPLINE_CURVE_WITH_KNOTS('',3,(#6494,#6495,#6496,#6497),
  .UNSPECIFIED.,.F.,.F.,(4,4),(8.,9.),.PIECEWISE_BEZIER_KNOTS.);
#6494 = CARTESIAN_POINT('',(-0.113166171981,0.627661586491,
    0.684664600775));
#6495 = CARTESIAN_POINT('',(-0.109993884203,0.62747612067,0.685984258663
    ));
#6496 = CARTESIAN_POINT('',(-0.106567193862,0.627385912319,
    0.686626124431));
#6497 = CARTESIAN_POINT('',(-0.102855351455,0.627382248489,
    0.686652193942));
#6498 = ORIENTED_EDGE('',*,*,#6499,.T.);
#6499 = EDGE_CURVE('',#6491,#404,#6500,.T.);
#6500 = LINE('',#6501,#6502);
#6501 = CARTESIAN_POINT('',(-0.102855351455,0.627382248489,
    0.686652193942));
#6502 = VECTOR('',#6503,1.);
#6503 = DIRECTION('',(1.894677867305E-16,-0.990268068742,-0.13917310096)
  );
#6504 = ORIENTED_EDGE('',*,*,#412,.F.);
#6505 = B_SPLINE_SURFACE_WITH_KNOTS('',3,1,(
    (#6506,#6507)
    ,(#6508,#6509)
    ,(#6510,#6511)
    ,(#6512,#6513
    )),.UNSPECIFIED.,.F.,.F.,.F.,(4,4),(2,2),(8.,9.),(0.,1.),
  .PIECEWISE_BEZIER_KNOTS.);
#6506 = CARTESIAN_POINT('',(-0.113166171981,0.627661586491,
    0.684664600775));
#6507 = CARTESIAN_POINT('',(-0.113166171981,0.627562559684,
    0.684650683465));
#6508 = CARTESIAN_POINT('',(-0.109993884203,0.62747612067,0.685984258663
    ));
#6509 = CARTESIAN_POINT('',(-0.109993884203,0.627377093863,
    0.685970341353));
#6510 = CARTESIAN_POINT('',(-0.106567193862,0.627385912319,
    0.686626124431));
#6511 = CARTESIAN_POINT('',(-0.106567193862,0.627286885513,
    0.686612207121));
#6512 = CARTESIAN_POINT('',(-0.102855351455,0.627382248489,
    0.686652193942));
#6513 = CARTESIAN_POINT('',(-0.102855351455,0.627283221682,
    0.686638276632));
#6514 = ADVANCED_FACE('',(#6515),#6534,.F.);
#6515 = FACE_BOUND('',#6516,.F.);
#6516 = EDGE_LOOP('',(#6517,#6518,#6527,#6533));
#6517 = ORIENTED_EDGE('',*,*,#6499,.F.);
#6518 = ORIENTED_EDGE('',*,*,#6519,.T.);
#6519 = EDGE_CURVE('',#6491,#6520,#6522,.T.);
#6520 = VERTEX_POINT('',#6521);
#6521 = CARTESIAN_POINT('',(-9.075950973E-02,0.627852193313,
    0.68330836277));
#6522 = B_SPLINE_CURVE_WITH_KNOTS('',3,(#6523,#6524,#6525,#6526),
  .UNSPECIFIED.,.F.,.F.,(4,4),(7.,8.),.PIECEWISE_BEZIER_KNOTS.);
#6523 = CARTESIAN_POINT('',(-0.102855351455,0.627382248489,
    0.686652193942));
#6524 = CARTESIAN_POINT('',(-9.8082982647E-02,0.627377537849,
    0.686685711885));
#6525 = CARTESIAN_POINT('',(-9.4051035405E-02,0.627534186124,
    0.685571101494));
#6526 = CARTESIAN_POINT('',(-9.075950973E-02,0.627852193313,
    0.68330836277));
#6527 = ORIENTED_EDGE('',*,*,#6528,.T.);
#6528 = EDGE_CURVE('',#6520,#395,#6529,.T.);
#6529 = LINE('',#6530,#6531);
#6530 = CARTESIAN_POINT('',(-9.075950973E-02,0.627852193313,
    0.68330836277));
#6531 = VECTOR('',#6532,1.);
#6532 = DIRECTION('',(1.894677867305E-16,-0.990268068742,-0.13917310096)
  );
#6533 = ORIENTED_EDGE('',*,*,#403,.F.);
#6534 = B_SPLINE_SURFACE_WITH_KNOTS('',3,1,(
    (#6535,#6536)
    ,(#6537,#6538)
    ,(#6539,#6540)
    ,(#6541,#6542
    )),.UNSPECIFIED.,.F.,.F.,.F.,(4,4),(2,2),(7.,8.),(0.,1.),
  .PIECEWISE_BEZIER_KNOTS.);
#6535 = CARTESIAN_POINT('',(-0.102855351455,0.627382248489,
    0.686652193942));
#6536 = CARTESIAN_POINT('',(-0.102855351455,0.627283221682,
    0.686638276632));
#6537 = CARTESIAN_POINT('',(-9.8082982647E-02,0.627377537849,
    0.686685711885));
#6538 = CARTESIAN_POINT('',(-9.8082982647E-02,0.627278511042,
    0.686671794575));
#6539 = CARTESIAN_POINT('',(-9.4051035405E-02,0.627534186124,
    0.685571101494));
#6540 = CARTESIAN_POINT('',(-9.4051035405E-02,0.627435159317,
    0.685557184184));
#6541 = CARTESIAN_POINT('',(-9.075950973E-02,0.627852193313,
    0.68330836277));
#6542 = CARTESIAN_POINT('',(-9.075950973E-02,0.627753166506,
    0.683294445459));
#6543 = ADVANCED_FACE('',(#6544),#6563,.F.);
#6544 = FACE_BOUND('',#6545,.F.);
#6545 = EDGE_LOOP('',(#6546,#6547,#6556,#6562));
#6546 = ORIENTED_EDGE('',*,*,#6528,.F.);
#6547 = ORIENTED_EDGE('',*,*,#6548,.T.);
#6548 = EDGE_CURVE('',#6520,#6549,#6551,.T.);
#6549 = VERTEX_POINT('',#6550);
#6550 = CARTESIAN_POINT('',(-8.5796448219E-02,0.629141001604,
    0.674138015272));
#6551 = B_SPLINE_CURVE_WITH_KNOTS('',3,(#6552,#6553,#6554,#6555),
  .UNSPECIFIED.,.F.,.F.,(4,4),(6.,7.),.PIECEWISE_BEZIER_KNOTS.);
#6552 = CARTESIAN_POINT('',(-9.075950973E-02,0.627852193313,
    0.68330836277));
#6553 = CARTESIAN_POINT('',(-8.7483358807E-02,0.628174556977,
    0.681014626115));
#6554 = CARTESIAN_POINT('',(-8.5823880053E-02,0.628602707582,
    0.677968176259));
#6555 = CARTESIAN_POINT('',(-8.5796448219E-02,0.629141001604,
    0.674138015272));
#6556 = ORIENTED_EDGE('',*,*,#6557,.T.);
#6557 = EDGE_CURVE('',#6549,#386,#6558,.T.);
#6558 = LINE('',#6559,#6560);
#6559 = CARTESIAN_POINT('',(-8.5796448219E-02,0.629141001604,
    0.674138015272));
#6560 = VECTOR('',#6561,1.);
#6561 = DIRECTION('',(1.894677867305E-16,-0.990268068742,-0.13917310096)
  );
#6562 = ORIENTED_EDGE('',*,*,#394,.F.);
#6563 = B_SPLINE_SURFACE_WITH_KNOTS('',3,1,(
    (#6564,#6565)
    ,(#6566,#6567)
    ,(#6568,#6569)
    ,(#6570,#6571
    )),.UNSPECIFIED.,.F.,.F.,.F.,(4,4),(2,2),(6.,7.),(0.,1.),
  .PIECEWISE_BEZIER_KNOTS.);
#6564 = CARTESIAN_POINT('',(-9.075950973E-02,0.627852193313,
    0.68330836277));
#6565 = CARTESIAN_POINT('',(-9.075950973E-02,0.627753166506,
    0.683294445459));
#6566 = CARTESIAN_POINT('',(-8.7483358807E-02,0.628174556977,
    0.681014626115));
#6567 = CARTESIAN_POINT('',(-8.7483358807E-02,0.62807553017,
    0.681000708804));
#6568 = CARTESIAN_POINT('',(-8.5823880053E-02,0.628602707582,
    0.677968176259));
#6569 = CARTESIAN_POINT('',(-8.5823880053E-02,0.628503680776,
    0.677954258949));
#6570 = CARTESIAN_POINT('',(-8.5796448219E-02,0.629141001604,
    0.674138015272));
#6571 = CARTESIAN_POINT('',(-8.5796448219E-02,0.629041974798,
    0.674124097962));
#6572 = ADVANCED_FACE('',(#6573),#6592,.F.);
#6573 = FACE_BOUND('',#6574,.F.);
#6574 = EDGE_LOOP('',(#6575,#6576,#6585,#6591));
#6575 = ORIENTED_EDGE('',*,*,#6557,.F.);
#6576 = ORIENTED_EDGE('',*,*,#6577,.T.);
#6577 = EDGE_CURVE('',#6549,#6578,#6580,.T.);
#6578 = VERTEX_POINT('',#6579);
#6579 = CARTESIAN_POINT('',(-8.7915398347E-02,0.630102520267,
    0.667296454494));
#6580 = B_SPLINE_CURVE_WITH_KNOTS('',3,(#6581,#6582,#6583,#6584),
  .UNSPECIFIED.,.F.,.F.,(4,4),(5.,6.),.PIECEWISE_BEZIER_KNOTS.);
#6581 = CARTESIAN_POINT('',(-8.5796448219E-02,0.629141001604,
    0.674138015272));
#6582 = CARTESIAN_POINT('',(-8.5777422916E-02,0.629514334555,
    0.671481613297));
#6583 = CARTESIAN_POINT('',(-8.6478467224E-02,0.629836282672,
    0.669190833418));
#6584 = CARTESIAN_POINT('',(-8.7915398347E-02,0.630102520267,
    0.667296454494));
#6585 = ORIENTED_EDGE('',*,*,#6586,.T.);
#6586 = EDGE_CURVE('',#6578,#377,#6587,.T.);
#6587 = LINE('',#6588,#6589);
#6588 = CARTESIAN_POINT('',(-8.7915398347E-02,0.630102520267,
    0.667296454494));
#6589 = VECTOR('',#6590,1.);
#6590 = DIRECTION('',(1.894677867305E-16,-0.990268068742,-0.13917310096)
  );
#6591 = ORIENTED_EDGE('',*,*,#385,.F.);
#6592 = B_SPLINE_SURFACE_WITH_KNOTS('',3,1,(
    (#6593,#6594)
    ,(#6595,#6596)
    ,(#6597,#6598)
    ,(#6599,#6600
    )),.UNSPECIFIED.,.F.,.F.,.F.,(4,4),(2,2),(5.,6.),(0.,1.),
  .PIECEWISE_BEZIER_KNOTS.);
#6593 = CARTESIAN_POINT('',(-8.5796448219E-02,0.629141001604,
    0.674138015272));
#6594 = CARTESIAN_POINT('',(-8.5796448219E-02,0.629041974798,
    0.674124097962));
#6595 = CARTESIAN_POINT('',(-8.5777422916E-02,0.629514334555,
    0.671481613297));
#6596 = CARTESIAN_POINT('',(-8.5777422916E-02,0.629415307748,
    0.671467695987));
#6597 = CARTESIAN_POINT('',(-8.6478467224E-02,0.629836282672,
    0.669190833418));
#6598 = CARTESIAN_POINT('',(-8.6478467224E-02,0.629737255865,
    0.669176916108));
#6599 = CARTESIAN_POINT('',(-8.7915398347E-02,0.630102520267,
    0.667296454494));
#6600 = CARTESIAN_POINT('',(-8.7915398347E-02,0.63000349346,
    0.667282537184));
#6601 = ADVANCED_FACE('',(#6602),#6621,.F.);
#6602 = FACE_BOUND('',#6603,.F.);
#6603 = EDGE_LOOP('',(#6604,#6605,#6614,#6620));
#6604 = ORIENTED_EDGE('',*,*,#6586,.F.);
#6605 = ORIENTED_EDGE('',*,*,#6606,.T.);
#6606 = EDGE_CURVE('',#6578,#6607,#6609,.T.);
#6607 = VERTEX_POINT('',#6608);
#6608 = CARTESIAN_POINT('',(-9.727884565E-02,0.63091490295,
    0.661516051345));
#6609 = B_SPLINE_CURVE_WITH_KNOTS('',3,(#6610,#6611,#6612,#6613),
  .UNSPECIFIED.,.F.,.F.,(4,4),(4.,5.),.PIECEWISE_BEZIER_KNOTS.);
#6610 = CARTESIAN_POINT('',(-8.7915398347E-02,0.630102520267,
    0.667296454494));
#6611 = CARTESIAN_POINT('',(-8.9336733492E-02,0.630368742468,
    0.665402185106));
#6612 = CARTESIAN_POINT('',(-9.2473404828E-02,0.630640999117,
    0.663464978388));
#6613 = CARTESIAN_POINT('',(-9.727884565E-02,0.63091490295,
    0.661516051345));
#6614 = ORIENTED_EDGE('',*,*,#6615,.T.);
#6615 = EDGE_CURVE('',#6607,#368,#6616,.T.);
#6616 = LINE('',#6617,#6618);
#6617 = CARTESIAN_POINT('',(-9.727884565E-02,0.63091490295,
    0.661516051345));
#6618 = VECTOR('',#6619,1.);
#6619 = DIRECTION('',(1.894677867305E-16,-0.990268068742,-0.13917310096)
  );
#6620 = ORIENTED_EDGE('',*,*,#376,.F.);
#6621 = B_SPLINE_SURFACE_WITH_KNOTS('',3,1,(
    (#6622,#6623)
    ,(#6624,#6625)
    ,(#6626,#6627)
    ,(#6628,#6629
    )),.UNSPECIFIED.,.F.,.F.,.F.,(4,4),(2,2),(4.,5.),(0.,1.),
  .PIECEWISE_BEZIER_KNOTS.);
#6622 = CARTESIAN_POINT('',(-8.7915398347E-02,0.630102520267,
    0.667296454494));
#6623 = CARTESIAN_POINT('',(-8.7915398347E-02,0.63000349346,
    0.667282537184));
#6624 = CARTESIAN_POINT('',(-8.9336733492E-02,0.630368742468,
    0.665402185106));
#6625 = CARTESIAN_POINT('',(-8.9336733492E-02,0.630269715661,
    0.665388267796));
#6626 = CARTESIAN_POINT('',(-9.2473404828E-02,0.630640999117,
    0.663464978388));
#6627 = CARTESIAN_POINT('',(-9.2473404828E-02,0.63054197231,
    0.663451061078));
#6628 = CARTESIAN_POINT('',(-9.727884565E-02,0.63091490295,
    0.661516051345));
#6629 = CARTESIAN_POINT('',(-9.727884565E-02,0.630815876144,
    0.661502134035));
#6630 = ADVANCED_FACE('',(#6631),#6650,.F.);
#6631 = FACE_BOUND('',#6632,.F.);
#6632 = EDGE_LOOP('',(#6633,#6634,#6643,#6649));
#6633 = ORIENTED_EDGE('',*,*,#6615,.F.);
#6634 = ORIENTED_EDGE('',*,*,#6635,.T.);
#6635 = EDGE_CURVE('',#6607,#6636,#6638,.T.);
#6636 = VERTEX_POINT('',#6637);
#6637 = CARTESIAN_POINT('',(-0.105251928536,0.631465435302,
    0.657598810118));
#6638 = B_SPLINE_CURVE_WITH_KNOTS('',3,(#6639,#6640,#6641,#6642),
  .UNSPECIFIED.,.F.,.F.,(4,4),(3.,4.),.PIECEWISE_BEZIER_KNOTS.);
#6639 = CARTESIAN_POINT('',(-9.727884565E-02,0.63091490295,
    0.661516051345));
#6640 = CARTESIAN_POINT('',(-0.101291988813,0.631127246546,
    0.660005148156));
#6641 = CARTESIAN_POINT('',(-0.103949609366,0.631312204357,
    0.658689104949));
#6642 = CARTESIAN_POINT('',(-0.105251928536,0.631465435302,
    0.657598810118));
#6643 = ORIENTED_EDGE('',*,*,#6644,.T.);
#6644 = EDGE_CURVE('',#6636,#359,#6645,.T.);
#6645 = LINE('',#6646,#6647);
#6646 = CARTESIAN_POINT('',(-0.105251928536,0.631465435302,
    0.657598810118));
#6647 = VECTOR('',#6648,1.);
#6648 = DIRECTION('',(1.894677867305E-16,-0.990268068742,-0.13917310096)
  );
#6649 = ORIENTED_EDGE('',*,*,#367,.F.);
#6650 = B_SPLINE_SURFACE_WITH_KNOTS('',3,1,(
    (#6651,#6652)
    ,(#6653,#6654)
    ,(#6655,#6656)
    ,(#6657,#6658
    )),.UNSPECIFIED.,.F.,.F.,.F.,(4,4),(2,2),(3.,4.),(0.,1.),
  .PIECEWISE_BEZIER_KNOTS.);
#6651 = CARTESIAN_POINT('',(-9.727884565E-02,0.63091490295,
    0.661516051345));
#6652 = CARTESIAN_POINT('',(-9.727884565E-02,0.630815876144,
    0.661502134035));
#6653 = CARTESIAN_POINT('',(-0.101291988813,0.631127246546,
    0.660005148156));
#6654 = CARTESIAN_POINT('',(-0.101291988813,0.631028219739,
    0.659991230846));
#6655 = CARTESIAN_POINT('',(-0.103949609366,0.631312204357,
    0.658689104949));
#6656 = CARTESIAN_POINT('',(-0.103949609366,0.63121317755,0.658675187638
    ));
#6657 = CARTESIAN_POINT('',(-0.105251928536,0.631465435302,
    0.657598810118));
#6658 = CARTESIAN_POINT('',(-0.105251928536,0.631366408495,
    0.657584892808));
#6659 = ADVANCED_FACE('',(#6660),#6679,.F.);
#6660 = FACE_BOUND('',#6661,.F.);
#6661 = EDGE_LOOP('',(#6662,#6663,#6672,#6678));
#6662 = ORIENTED_EDGE('',*,*,#6644,.F.);
#6663 = ORIENTED_EDGE('',*,*,#6664,.T.);
#6664 = EDGE_CURVE('',#6636,#6665,#6667,.T.);
#6665 = VERTEX_POINT('',#6666);
#6666 = CARTESIAN_POINT('',(-0.107187598721,0.632044738727,0.65347685207
    ));
#6667 = B_SPLINE_CURVE_WITH_KNOTS('',3,(#6668,#6669,#6670,#6671),
  .UNSPECIFIED.,.F.,.F.,(4,4),(2.,3.),.PIECEWISE_BEZIER_KNOTS.);
#6668 = CARTESIAN_POINT('',(-0.105251928536,0.631465435302,
    0.657598810118));
#6669 = CARTESIAN_POINT('',(-0.106554247706,0.631618666248,
    0.656508515287));
#6670 = CARTESIAN_POINT('',(-0.107199544842,0.631810320362,
    0.655144825403));
#6671 = CARTESIAN_POINT('',(-0.107187598721,0.632044738727,0.65347685207
    ));
#6672 = ORIENTED_EDGE('',*,*,#6673,.T.);
#6673 = EDGE_CURVE('',#6665,#350,#6674,.T.);
#6674 = LINE('',#6675,#6676);
#6675 = CARTESIAN_POINT('',(-0.107187598721,0.632044738727,0.65347685207
    ));
#6676 = VECTOR('',#6677,1.);
#6677 = DIRECTION('',(1.894677867305E-16,-0.990268068742,-0.13917310096)
  );
#6678 = ORIENTED_EDGE('',*,*,#358,.F.);
#6679 = B_SPLINE_SURFACE_WITH_KNOTS('',3,1,(
    (#6680,#6681)
    ,(#6682,#6683)
    ,(#6684,#6685)
    ,(#6686,#6687
    )),.UNSPECIFIED.,.F.,.F.,.F.,(4,4),(2,2),(2.,3.),(0.,1.),
  .PIECEWISE_BEZIER_KNOTS.);
#6680 = CARTESIAN_POINT('',(-0.105251928536,0.631465435302,
    0.657598810118));
#6681 = CARTESIAN_POINT('',(-0.105251928536,0.631366408495,
    0.657584892808));
#6682 = CARTESIAN_POINT('',(-0.106554247706,0.631618666248,
    0.656508515287));
#6683 = CARTESIAN_POINT('',(-0.106554247706,0.631519639441,
    0.656494597977));
#6684 = CARTESIAN_POINT('',(-0.107199544842,0.631810320362,
    0.655144825403));
#6685 = CARTESIAN_POINT('',(-0.107199544842,0.631711293556,
    0.655130908093));
#6686 = CARTESIAN_POINT('',(-0.107187598721,0.632044738727,0.65347685207
    ));
#6687 = CARTESIAN_POINT('',(-0.107187598721,0.63194571192,0.65346293476)
  );
#6688 = ADVANCED_FACE('',(#6689),#6701,.F.);
#6689 = FACE_BOUND('',#6690,.F.);
#6690 = EDGE_LOOP('',(#6691,#6692,#6699,#6700));
#6691 = ORIENTED_EDGE('',*,*,#6673,.F.);
#6692 = ORIENTED_EDGE('',*,*,#6693,.T.);
#6693 = EDGE_CURVE('',#6665,#6116,#6694,.T.);
#6694 = B_SPLINE_CURVE_WITH_KNOTS('',3,(#6695,#6696,#6697,#6698),
  .UNSPECIFIED.,.F.,.F.,(4,4),(1.,2.),.PIECEWISE_BEZIER_KNOTS.);
#6695 = CARTESIAN_POINT('',(-0.107187598721,0.632044738727,0.65347685207
    ));
#6696 = CARTESIAN_POINT('',(-0.107159724439,0.632591714911,
    0.649584914293));
#6697 = CARTESIAN_POINT('',(-0.104135763834,0.632862231913,
    0.647660085806));
#6698 = CARTESIAN_POINT('',(-9.8131312882E-02,0.632856305128,
    0.647702257074));
#6699 = ORIENTED_EDGE('',*,*,#6115,.T.);
#6700 = ORIENTED_EDGE('',*,*,#349,.F.);
#6701 = B_SPLINE_SURFACE_WITH_KNOTS('',3,1,(
    (#6702,#6703)
    ,(#6704,#6705)
    ,(#6706,#6707)
    ,(#6708,#6709
    )),.UNSPECIFIED.,.F.,.F.,.F.,(4,4),(2,2),(1.,2.),(0.,1.),
  .PIECEWISE_BEZIER_KNOTS.);
#6702 = CARTESIAN_POINT('',(-0.107187598721,0.632044738727,0.65347685207
    ));
#6703 = CARTESIAN_POINT('',(-0.107187598721,0.63194571192,0.65346293476)
  );
#6704 = CARTESIAN_POINT('',(-0.107159724439,0.632591714911,
    0.649584914293));
#6705 = CARTESIAN_POINT('',(-0.107159724439,0.632492688104,
    0.649570996982));
#6706 = CARTESIAN_POINT('',(-0.104135763834,0.632862231913,
    0.647660085806));
#6707 = CARTESIAN_POINT('',(-0.104135763834,0.632763205106,
    0.647646168496));
#6708 = CARTESIAN_POINT('',(-9.8131312882E-02,0.632856305128,
    0.647702257074));
#6709 = CARTESIAN_POINT('',(-9.8131312882E-02,0.632757278321,
    0.647688339764));
#6710 = ADVANCED_FACE('',(#6711),#6734,.F.);
#6711 = FACE_BOUND('',#6712,.T.);
#6712 = EDGE_LOOP('',(#6713,#6714,#6715,#6716,#6717,#6718,#6719,#6720,
    #6721,#6722,#6723,#6724,#6725,#6726,#6727,#6728,#6729,#6730,#6731,
    #6732,#6733));
#6713 = ORIENTED_EDGE('',*,*,#6123,.T.);
#6714 = ORIENTED_EDGE('',*,*,#6160,.T.);
#6715 = ORIENTED_EDGE('',*,*,#6176,.T.);
#6716 = ORIENTED_EDGE('',*,*,#6205,.T.);
#6717 = ORIENTED_EDGE('',*,*,#6234,.T.);
#6718 = ORIENTED_EDGE('',*,*,#6263,.T.);
#6719 = ORIENTED_EDGE('',*,*,#6292,.T.);
#6720 = ORIENTED_EDGE('',*,*,#6321,.T.);
#6721 = ORIENTED_EDGE('',*,*,#6350,.T.);
#6722 = ORIENTED_EDGE('',*,*,#6379,.T.);
#6723 = ORIENTED_EDGE('',*,*,#6408,.T.);
#6724 = ORIENTED_EDGE('',*,*,#6437,.T.);
#6725 = ORIENTED_EDGE('',*,*,#6474,.T.);
#6726 = ORIENTED_EDGE('',*,*,#6490,.T.);
#6727 = ORIENTED_EDGE('',*,*,#6519,.T.);
#6728 = ORIENTED_EDGE('',*,*,#6548,.T.);
#6729 = ORIENTED_EDGE('',*,*,#6577,.T.);
#6730 = ORIENTED_EDGE('',*,*,#6606,.T.);
#6731 = ORIENTED_EDGE('',*,*,#6635,.T.);
#6732 = ORIENTED_EDGE('',*,*,#6664,.T.);
#6733 = ORIENTED_EDGE('',*,*,#6693,.T.);
#6734 = PLANE('',#6735);
#6735 = AXIS2_PLACEMENT_3D('',#6736,#6737,#6738);
#6736 = CARTESIAN_POINT('',(-9.1631358013E-02,0.6327033704,
    0.648790444203));
#6737 = DIRECTION('',(-2.027131561898E-14,-0.990268068742,-0.13917310096
    ));
#6738 = DIRECTION('',(-7.88860905221E-31,0.13917310096,-0.990268068742)
  );
#6739 = ADVANCED_FACE('',(#6740),#6765,.F.);
#6740 = FACE_BOUND('',#6741,.T.);
#6741 = EDGE_LOOP('',(#6742,#6743,#6751,#6759));
#6742 = ORIENTED_EDGE('',*,*,#213,.T.);
#6743 = ORIENTED_EDGE('',*,*,#6744,.F.);
#6744 = EDGE_CURVE('',#6745,#204,#6747,.T.);
#6745 = VERTEX_POINT('',#6746);
#6746 = CARTESIAN_POINT('',(-0.153145296482,0.627570809522,
    0.685310512472));
#6747 = LINE('',#6748,#6749);
#6748 = CARTESIAN_POINT('',(-0.153145296482,0.627570809522,
    0.685310512472));
#6749 = VECTOR('',#6750,1.);
#6750 = DIRECTION('',(1.894677867305E-16,-0.990268068742,-0.13917310096)
  );
#6751 = ORIENTED_EDGE('',*,*,#6752,.F.);
#6752 = EDGE_CURVE('',#6753,#6745,#6755,.T.);
#6753 = VERTEX_POINT('',#6754);
#6754 = CARTESIAN_POINT('',(-0.161068052543,0.6275786298,0.685254868306)
  );
#6755 = LINE('',#6756,#6757);
#6756 = CARTESIAN_POINT('',(-0.153145296482,0.627570809522,
    0.685310512472));
#6757 = VECTOR('',#6758,1.);
#6758 = DIRECTION('',(0.999974850186,-9.870404750007E-04,
    7.023157916005E-03));
#6759 = ORIENTED_EDGE('',*,*,#6760,.T.);
#6760 = EDGE_CURVE('',#6753,#214,#6761,.T.);
#6761 = LINE('',#6762,#6763);
#6762 = CARTESIAN_POINT('',(-0.161068052543,0.6275786298,0.685254868306)
  );
#6763 = VECTOR('',#6764,1.);
#6764 = DIRECTION('',(1.894677867305E-16,-0.990268068742,-0.13917310096)
  );
#6765 = PLANE('',#6766);
#6766 = AXIS2_PLACEMENT_3D('',#6767,#6768,#6769);
#6767 = CARTESIAN_POINT('',(-0.153145296482,0.627570809522,
    0.685310512472));
#6768 = DIRECTION('',(7.092178509004E-03,0.139169600782,-0.990243163684)
  );
#6769 = DIRECTION('',(2.53096155145E-15,0.990268068742,0.13917310096));
#6770 = ADVANCED_FACE('',(#6771),#6789,.F.);
#6771 = FACE_BOUND('',#6772,.T.);
#6772 = EDGE_LOOP('',(#6773,#6774,#6782,#6788));
#6773 = ORIENTED_EDGE('',*,*,#203,.T.);
#6774 = ORIENTED_EDGE('',*,*,#6775,.F.);
#6775 = EDGE_CURVE('',#6776,#206,#6778,.T.);
#6776 = VERTEX_POINT('',#6777);
#6777 = CARTESIAN_POINT('',(-0.141012838279,0.632125880738,
    0.652899496659));
#6778 = LINE('',#6779,#6780);
#6779 = CARTESIAN_POINT('',(-0.141012838279,0.632125880738,
    0.652899496659));
#6780 = VECTOR('',#6781,1.);
#6781 = DIRECTION('',(1.894677867305E-16,-0.990268068742,-0.13917310096)
  );
#6782 = ORIENTED_EDGE('',*,*,#6783,.F.);
#6783 = EDGE_CURVE('',#6745,#6776,#6784,.T.);
#6784 = LINE('',#6785,#6786);
#6785 = CARTESIAN_POINT('',(-0.141012838279,0.632125880738,
    0.652899496659));
#6786 = VECTOR('',#6787,1.);
#6787 = DIRECTION('',(0.347576530354,0.130495883208,-0.92852645628));
#6788 = ORIENTED_EDGE('',*,*,#6744,.T.);
#6789 = PLANE('',#6790);
#6790 = AXIS2_PLACEMENT_3D('',#6791,#6792,#6793);
#6791 = CARTESIAN_POINT('',(-0.141012838279,0.632125880738,
    0.652899496659));
#6792 = DIRECTION('',(-0.937651617365,4.837330355005E-02,-0.344193939453
    ));
#6793 = DIRECTION('',(-0.344597350435,-7.542577673547E-15,0.938750587788
    ));
#6794 = ADVANCED_FACE('',(#6795),#6814,.F.);
#6795 = FACE_BOUND('',#6796,.F.);
#6796 = EDGE_LOOP('',(#6797,#6798,#6807,#6813));
#6797 = ORIENTED_EDGE('',*,*,#6775,.F.);
#6798 = ORIENTED_EDGE('',*,*,#6799,.T.);
#6799 = EDGE_CURVE('',#6776,#6800,#6802,.T.);
#6800 = VERTEX_POINT('',#6801);
#6801 = CARTESIAN_POINT('',(-0.140052081324,0.632615499216,
    0.649415680163));
#6802 = B_SPLINE_CURVE_WITH_KNOTS('',3,(#6803,#6804,#6805,#6806),
  .UNSPECIFIED.,.F.,.F.,(4,4),(12.,13.),.PIECEWISE_BEZIER_KNOTS.);
#6803 = CARTESIAN_POINT('',(-0.141012838279,0.632125880738,
    0.652899496659));
#6804 = CARTESIAN_POINT('',(-0.140534118985,0.632338131871,
    0.651389251374));
#6805 = CARTESIAN_POINT('',(-0.140213792925,0.632502785057,
    0.650217683078));
#6806 = CARTESIAN_POINT('',(-0.140052081324,0.632615499216,
    0.649415680163));
#6807 = ORIENTED_EDGE('',*,*,#6808,.T.);
#6808 = EDGE_CURVE('',#6800,#314,#6809,.T.);
#6809 = LINE('',#6810,#6811);
#6810 = CARTESIAN_POINT('',(-0.140052081324,0.632615499216,
    0.649415680163));
#6811 = VECTOR('',#6812,1.);
#6812 = DIRECTION('',(1.894677867305E-16,-0.990268068742,-0.13917310096)
  );
#6813 = ORIENTED_EDGE('',*,*,#321,.F.);
#6814 = B_SPLINE_SURFACE_WITH_KNOTS('',3,1,(
    (#6815,#6816)
    ,(#6817,#6818)
    ,(#6819,#6820)
    ,(#6821,#6822
    )),.UNSPECIFIED.,.F.,.F.,.F.,(4,4),(2,2),(12.,13.),(0.,1.),
  .PIECEWISE_BEZIER_KNOTS.);
#6815 = CARTESIAN_POINT('',(-0.141012838279,0.632125880738,
    0.652899496659));
#6816 = CARTESIAN_POINT('',(-0.141012838279,0.632026853931,
    0.652885579349));
#6817 = CARTESIAN_POINT('',(-0.140534118985,0.632338131871,
    0.651389251374));
#6818 = CARTESIAN_POINT('',(-0.140534118985,0.632239105064,
    0.651375334064));
#6819 = CARTESIAN_POINT('',(-0.140213792925,0.632502785057,
    0.650217683078));
#6820 = CARTESIAN_POINT('',(-0.140213792925,0.632403758251,
    0.650203765767));
#6821 = CARTESIAN_POINT('',(-0.140052081324,0.632615499216,
    0.649415680163));
#6822 = CARTESIAN_POINT('',(-0.140052081324,0.63251647241,0.649401762853
    ));
#6823 = ADVANCED_FACE('',(#6824),#6842,.F.);
#6824 = FACE_BOUND('',#6825,.T.);
#6825 = EDGE_LOOP('',(#6826,#6827,#6835,#6841));
#6826 = ORIENTED_EDGE('',*,*,#313,.T.);
#6827 = ORIENTED_EDGE('',*,*,#6828,.F.);
#6828 = EDGE_CURVE('',#6829,#306,#6831,.T.);
#6829 = VERTEX_POINT('',#6830);
#6830 = CARTESIAN_POINT('',(-0.13984933363,0.632615299091,0.649417104128
    ));
#6831 = LINE('',#6832,#6833);
#6832 = CARTESIAN_POINT('',(-0.13984933363,0.632615299091,0.649417104128
    ));
#6833 = VECTOR('',#6834,1.);
#6834 = DIRECTION('',(1.894677867305E-16,-0.990268068742,-0.13917310096)
  );
#6835 = ORIENTED_EDGE('',*,*,#6836,.F.);
#6836 = EDGE_CURVE('',#6800,#6829,#6837,.T.);
#6837 = LINE('',#6838,#6839);
#6838 = CARTESIAN_POINT('',(-0.13984933363,0.632615299091,0.649417104128
    ));
#6839 = VECTOR('',#6840,1.);
#6840 = DIRECTION('',(0.999974850186,-9.870404750007E-04,
    7.023157916005E-03));
#6841 = ORIENTED_EDGE('',*,*,#6808,.T.);
#6842 = PLANE('',#6843);
#6843 = AXIS2_PLACEMENT_3D('',#6844,#6845,#6846);
#6844 = CARTESIAN_POINT('',(-0.13984933363,0.632615299091,0.649417104128
    ));
#6845 = DIRECTION('',(7.092178509004E-03,0.139169600782,-0.990243163684)
  );
#6846 = DIRECTION('',(2.53096155145E-15,0.990268068742,0.13917310096));
#6847 = ADVANCED_FACE('',(#6848),#6866,.F.);
#6848 = FACE_BOUND('',#6849,.T.);
#6849 = EDGE_LOOP('',(#6850,#6851,#6859,#6865));
#6850 = ORIENTED_EDGE('',*,*,#305,.T.);
#6851 = ORIENTED_EDGE('',*,*,#6852,.F.);
#6852 = EDGE_CURVE('',#6853,#298,#6855,.T.);
#6853 = VERTEX_POINT('',#6854);
#6854 = CARTESIAN_POINT('',(-0.138939015853,0.632115151142,
    0.652975841705));
#6855 = LINE('',#6856,#6857);
#6856 = CARTESIAN_POINT('',(-0.138939015853,0.632115151142,
    0.652975841705));
#6857 = VECTOR('',#6858,1.);
#6858 = DIRECTION('',(1.894677867305E-16,-0.990268068742,-0.13917310096)
  );
#6859 = ORIENTED_EDGE('',*,*,#6860,.F.);
#6860 = EDGE_CURVE('',#6829,#6853,#6861,.T.);
#6861 = LINE('',#6862,#6863);
#6862 = CARTESIAN_POINT('',(-0.138939015853,0.632115151142,
    0.652975841705));
#6863 = VECTOR('',#6864,1.);
#6864 = DIRECTION('',(0.245553034398,-0.134912060137,0.959949187888));
#6865 = ORIENTED_EDGE('',*,*,#6828,.T.);
#6866 = PLANE('',#6867);
#6867 = AXIS2_PLACEMENT_3D('',#6868,#6869,#6870);
#6868 = CARTESIAN_POINT('',(-0.138939015853,0.632115151142,
    0.652975841705));
#6869 = DIRECTION('',(0.969383158146,3.417437724701E-02,-0.243163329147)
  );
#6870 = DIRECTION('',(-0.243305447417,2.675637489347E-14,-0.969949719963
    ));
#6871 = ADVANCED_FACE('',(#6872),#6890,.F.);
#6872 = FACE_BOUND('',#6873,.T.);
#6873 = EDGE_LOOP('',(#6874,#6875,#6883,#6889));
#6874 = ORIENTED_EDGE('',*,*,#297,.T.);
#6875 = ORIENTED_EDGE('',*,*,#6876,.F.);
#6876 = EDGE_CURVE('',#6877,#290,#6879,.T.);
#6877 = VERTEX_POINT('',#6878);
#6878 = CARTESIAN_POINT('',(-0.127786238695,0.627545778476,
    0.685488617619));
#6879 = LINE('',#6880,#6881);
#6880 = CARTESIAN_POINT('',(-0.127786238695,0.627545778476,
    0.685488617619));
#6881 = VECTOR('',#6882,1.);
#6882 = DIRECTION('',(1.894677867305E-16,-0.990268068742,-0.13917310096)
  );
#6883 = ORIENTED_EDGE('',*,*,#6884,.F.);
#6884 = EDGE_CURVE('',#6853,#6877,#6885,.T.);
#6885 = LINE('',#6886,#6887);
#6886 = CARTESIAN_POINT('',(-0.127786238695,0.627545778476,
    0.685488617619));
#6887 = VECTOR('',#6888,1.);
#6888 = DIRECTION('',(0.321638936845,-0.131777775638,0.937647594863));
#6889 = ORIENTED_EDGE('',*,*,#6852,.T.);
#6890 = PLANE('',#6891);
#6891 = AXIS2_PLACEMENT_3D('',#6892,#6893,#6894);
#6892 = CARTESIAN_POINT('',(-0.127786238695,0.627545778476,
    0.685488617619));
#6893 = DIRECTION('',(0.946862394599,4.476348823004E-02,-0.318508768821)
  );
#6894 = DIRECTION('',(-0.318828358328,6.425415755018E-15,-0.947812469809
    ));
#6895 = ADVANCED_FACE('',(#6896),#6914,.F.);
#6896 = FACE_BOUND('',#6897,.T.);
#6897 = EDGE_LOOP('',(#6898,#6899,#6907,#6913));
#6898 = ORIENTED_EDGE('',*,*,#289,.T.);
#6899 = ORIENTED_EDGE('',*,*,#6900,.F.);
#6900 = EDGE_CURVE('',#6901,#282,#6903,.T.);
#6901 = VERTEX_POINT('',#6902);
#6902 = CARTESIAN_POINT('',(-0.119239643573,0.627537342429,
    0.685548643216));
#6903 = LINE('',#6904,#6905);
#6904 = CARTESIAN_POINT('',(-0.119239643573,0.627537342429,
    0.685548643216));
#6905 = VECTOR('',#6906,1.);
#6906 = DIRECTION('',(1.894677867305E-16,-0.990268068742,-0.13917310096)
  );
#6907 = ORIENTED_EDGE('',*,*,#6908,.F.);
#6908 = EDGE_CURVE('',#6877,#6901,#6909,.T.);
#6909 = LINE('',#6910,#6911);
#6910 = CARTESIAN_POINT('',(-0.119239643573,0.627537342429,
    0.685548643216));
#6911 = VECTOR('',#6912,1.);
#6912 = DIRECTION('',(0.999974850186,-9.870404750007E-04,
    7.023157916005E-03));
#6913 = ORIENTED_EDGE('',*,*,#6876,.T.);
#6914 = PLANE('',#6915);
#6915 = AXIS2_PLACEMENT_3D('',#6916,#6917,#6918);
#6916 = CARTESIAN_POINT('',(-0.119239643573,0.627537342429,
    0.685548643216));
#6917 = DIRECTION('',(7.092178509004E-03,0.139169600782,-0.990243163684)
  );
#6918 = DIRECTION('',(2.53096155145E-15,0.990268068742,0.13917310096));
#6919 = ADVANCED_FACE('',(#6920),#6938,.F.);
#6920 = FACE_BOUND('',#6921,.T.);
#6921 = EDGE_LOOP('',(#6922,#6923,#6931,#6937));
#6922 = ORIENTED_EDGE('',*,*,#281,.T.);
#6923 = ORIENTED_EDGE('',*,*,#6924,.F.);
#6924 = EDGE_CURVE('',#6925,#274,#6927,.T.);
#6925 = VERTEX_POINT('',#6926);
#6926 = CARTESIAN_POINT('',(-0.136024446915,0.633605681192,
    0.642370169315));
#6927 = LINE('',#6928,#6929);
#6928 = CARTESIAN_POINT('',(-0.136024446915,0.633605681192,
    0.642370169315));
#6929 = VECTOR('',#6930,1.);
#6930 = DIRECTION('',(1.894677867305E-16,-0.990268068742,-0.13917310096)
  );
#6931 = ORIENTED_EDGE('',*,*,#6932,.F.);
#6932 = EDGE_CURVE('',#6901,#6925,#6933,.T.);
#6933 = LINE('',#6934,#6935);
#6934 = CARTESIAN_POINT('',(-0.136024446915,0.633605681192,
    0.642370169315));
#6935 = VECTOR('',#6936,1.);
#6936 = DIRECTION('',(-0.359249240323,0.129882134825,-0.924159409615));
#6937 = ORIENTED_EDGE('',*,*,#6900,.T.);
#6938 = PLANE('',#6939);
#6939 = AXIS2_PLACEMENT_3D('',#6940,#6941,#6942);
#6940 = CARTESIAN_POINT('',(-0.136024446915,0.633605681192,
    0.642370169315));
#6941 = DIRECTION('',(-0.933241653232,-4.999783079306E-02,0.355753051411
    ));
#6942 = DIRECTION('',(0.356198539533,1.168856678113E-14,0.934410295552)
  );
#6943 = ADVANCED_FACE('',(#6944),#6962,.F.);
#6944 = FACE_BOUND('',#6945,.T.);
#6945 = EDGE_LOOP('',(#6946,#6947,#6955,#6961));
#6946 = ORIENTED_EDGE('',*,*,#273,.T.);
#6947 = ORIENTED_EDGE('',*,*,#6948,.F.);
#6948 = EDGE_CURVE('',#6949,#265,#6951,.T.);
#6949 = VERTEX_POINT('',#6950);
#6950 = CARTESIAN_POINT('',(-0.132615120954,0.634705005958,
    0.634548067159));
#6951 = LINE('',#6952,#6953);
#6952 = CARTESIAN_POINT('',(-0.132615120954,0.634705005958,
    0.634548067159));
#6953 = VECTOR('',#6954,1.);
#6954 = DIRECTION('',(1.894677867305E-16,-0.990268068742,-0.13917310096)
  );
#6955 = ORIENTED_EDGE('',*,*,#6956,.F.);
#6956 = EDGE_CURVE('',#6925,#6949,#6957,.T.);
#6957 = LINE('',#6958,#6959);
#6958 = CARTESIAN_POINT('',(-0.132615120954,0.634705005958,
    0.634548067159));
#6959 = VECTOR('',#6960,1.);
#6960 = DIRECTION('',(0.396279771914,0.127778972314,-0.909194630762));
#6961 = ORIENTED_EDGE('',*,*,#6924,.T.);
#6962 = PLANE('',#6963);
#6963 = AXIS2_PLACEMENT_3D('',#6964,#6965,#6966);
#6964 = CARTESIAN_POINT('',(-0.132615120954,0.634705005958,
    0.634548067159));
#6965 = DIRECTION('',(-0.918129806929,5.515148470502E-02,-0.392423204414
    ));
#6966 = DIRECTION('',(-0.393021383501,-1.15463194561E-14,0.919529331838)
  );
#6967 = ADVANCED_FACE('',(#6968),#6987,.F.);
#6968 = FACE_BOUND('',#6969,.F.);
#6969 = EDGE_LOOP('',(#6970,#6971,#6980,#6986));
#6970 = ORIENTED_EDGE('',*,*,#6948,.F.);
#6971 = ORIENTED_EDGE('',*,*,#6972,.T.);
#6972 = EDGE_CURVE('',#6949,#6973,#6975,.T.);
#6973 = VERTEX_POINT('',#6974);
#6974 = CARTESIAN_POINT('',(-0.124742359533,0.635552470968,
    0.628518040285));
#6975 = B_SPLINE_CURVE_WITH_KNOTS('',3,(#6976,#6977,#6978,#6979),
  .UNSPECIFIED.,.F.,.F.,(4,4),(5.,6.),.PIECEWISE_BEZIER_KNOTS.);
#6976 = CARTESIAN_POINT('',(-0.132615120954,0.634705005958,
    0.634548067159));
#6977 = CARTESIAN_POINT('',(-0.130854765934,0.635276319865,
    0.630482957481));
#6978 = CARTESIAN_POINT('',(-0.128235858269,0.63555591928,0.628493504275
    ));
#6979 = CARTESIAN_POINT('',(-0.124742359533,0.635552470968,
    0.628518040285));
#6980 = ORIENTED_EDGE('',*,*,#6981,.T.);
#6981 = EDGE_CURVE('',#6973,#256,#6982,.T.);
#6982 = LINE('',#6983,#6984);
#6983 = CARTESIAN_POINT('',(-0.124742359533,0.635552470968,
    0.628518040285));
#6984 = VECTOR('',#6985,1.);
#6985 = DIRECTION('',(1.894677867305E-16,-0.990268068742,-0.13917310096)
  );
#6986 = ORIENTED_EDGE('',*,*,#264,.F.);
#6987 = B_SPLINE_SURFACE_WITH_KNOTS('',3,1,(
    (#6988,#6989)
    ,(#6990,#6991)
    ,(#6992,#6993)
    ,(#6994,#6995
    )),.UNSPECIFIED.,.F.,.F.,.F.,(4,4),(2,2),(5.,6.),(0.,1.),
  .PIECEWISE_BEZIER_KNOTS.);
#6988 = CARTESIAN_POINT('',(-0.132615120954,0.634705005958,
    0.634548067159));
#6989 = CARTESIAN_POINT('',(-0.132615120954,0.634605979151,
    0.634534149849));
#6990 = CARTESIAN_POINT('',(-0.130854765934,0.635276319865,
    0.630482957481));
#6991 = CARTESIAN_POINT('',(-0.130854765934,0.635177293058,
    0.630469040171));
#6992 = CARTESIAN_POINT('',(-0.128235858269,0.63555591928,0.628493504275
    ));
#6993 = CARTESIAN_POINT('',(-0.128235858269,0.635456892473,
    0.628479586965));
#6994 = CARTESIAN_POINT('',(-0.124742359533,0.635552470968,
    0.628518040285));
#6995 = CARTESIAN_POINT('',(-0.124742359533,0.635453444161,
    0.628504122975));
#6996 = ADVANCED_FACE('',(#6997),#7016,.F.);
#6997 = FACE_BOUND('',#6998,.F.);
#6998 = EDGE_LOOP('',(#6999,#7000,#7009,#7015));
#6999 = ORIENTED_EDGE('',*,*,#6981,.F.);
#7000 = ORIENTED_EDGE('',*,*,#7001,.T.);
#7001 = EDGE_CURVE('',#6973,#7002,#7004,.T.);
#7002 = VERTEX_POINT('',#7003);
#7003 = CARTESIAN_POINT('',(-0.120412872351,0.635426641104,
    0.629413366288));
#7004 = B_SPLINE_CURVE_WITH_KNOTS('',3,(#7005,#7006,#7007,#7008),
  .UNSPECIFIED.,.F.,.F.,(4,4),(4.,5.),.PIECEWISE_BEZIER_KNOTS.);
#7005 = CARTESIAN_POINT('',(-0.124742359533,0.635552470968,
    0.628518040285));
#7006 = CARTESIAN_POINT('',(-0.123338721648,0.635551085486,
    0.628527898503));
#7007 = CARTESIAN_POINT('',(-0.12190588283,0.635510599488,0.628815971349
    ));
#7008 = CARTESIAN_POINT('',(-0.120412872351,0.635426641104,
    0.629413366288));
#7009 = ORIENTED_EDGE('',*,*,#7010,.T.);
#7010 = EDGE_CURVE('',#7002,#248,#7011,.T.);
#7011 = LINE('',#7012,#7013);
#7012 = CARTESIAN_POINT('',(-0.120412872351,0.635426641104,
    0.629413366288));
#7013 = VECTOR('',#7014,1.);
#7014 = DIRECTION('',(1.894677867305E-16,-0.990268068742,-0.13917310096)
  );
#7015 = ORIENTED_EDGE('',*,*,#255,.F.);
#7016 = B_SPLINE_SURFACE_WITH_KNOTS('',3,1,(
    (#7017,#7018)
    ,(#7019,#7020)
    ,(#7021,#7022)
    ,(#7023,#7024
    )),.UNSPECIFIED.,.F.,.F.,.F.,(4,4),(2,2),(4.,5.),(0.,1.),
  .PIECEWISE_BEZIER_KNOTS.);
#7017 = CARTESIAN_POINT('',(-0.124742359533,0.635552470968,
    0.628518040285));
#7018 = CARTESIAN_POINT('',(-0.124742359533,0.635453444161,
    0.628504122975));
#7019 = CARTESIAN_POINT('',(-0.123338721648,0.635551085486,
    0.628527898503));
#7020 = CARTESIAN_POINT('',(-0.123338721648,0.635452058679,
    0.628513981193));
#7021 = CARTESIAN_POINT('',(-0.12190588283,0.635510599488,0.628815971349
    ));
#7022 = CARTESIAN_POINT('',(-0.12190588283,0.635411572681,0.628802054039
    ));
#7023 = CARTESIAN_POINT('',(-0.120412872351,0.635426641104,
    0.629413366288));
#7024 = CARTESIAN_POINT('',(-0.120412872351,0.635327614298,
    0.629399448978));
#7025 = ADVANCED_FACE('',(#7026),#7044,.F.);
#7026 = FACE_BOUND('',#7027,.T.);
#7027 = EDGE_LOOP('',(#7028,#7029,#7037,#7043));
#7028 = ORIENTED_EDGE('',*,*,#247,.T.);
#7029 = ORIENTED_EDGE('',*,*,#7030,.F.);
#7030 = EDGE_CURVE('',#7031,#239,#7033,.T.);
#7031 = VERTEX_POINT('',#7032);
#7032 = CARTESIAN_POINT('',(-0.120364645418,0.636372996724,
    0.622679696166));
#7033 = LINE('',#7034,#7035);
#7034 = CARTESIAN_POINT('',(-0.120364645418,0.636372996724,
    0.622679696166));
#7035 = VECTOR('',#7036,1.);
#7036 = DIRECTION('',(1.894677867305E-16,-0.990268068742,-0.13917310096)
  );
#7037 = ORIENTED_EDGE('',*,*,#7038,.F.);
#7038 = EDGE_CURVE('',#7002,#7031,#7039,.T.);
#7039 = LINE('',#7040,#7041);
#7040 = CARTESIAN_POINT('',(-0.120364645418,0.636372996724,
    0.622679696166));
#7041 = VECTOR('',#7042,1.);
#7042 = DIRECTION('',(7.092178509004E-03,0.139169600782,-0.990243163684)
  );
#7043 = ORIENTED_EDGE('',*,*,#7010,.T.);
#7044 = PLANE('',#7045);
#7045 = AXIS2_PLACEMENT_3D('',#7046,#7047,#7048);
#7046 = CARTESIAN_POINT('',(-0.120364645418,0.636372996724,
    0.622679696166));
#7047 = DIRECTION('',(-0.999974850186,9.870404750007E-04,
    -7.023157916005E-03));
#7048 = DIRECTION('',(-7.02316133716E-03,1.555177902147E-16,
    0.999975337298));
#7049 = ADVANCED_FACE('',(#7050),#7069,.F.);
#7050 = FACE_BOUND('',#7051,.F.);
#7051 = EDGE_LOOP('',(#7052,#7053,#7062,#7068));
#7052 = ORIENTED_EDGE('',*,*,#7030,.F.);
#7053 = ORIENTED_EDGE('',*,*,#7054,.T.);
#7054 = EDGE_CURVE('',#7031,#7055,#7057,.T.);
#7055 = VERTEX_POINT('',#7056);
#7056 = CARTESIAN_POINT('',(-0.125288549503,0.636464682923,
    0.622027314964));
#7057 = B_SPLINE_CURVE_WITH_KNOTS('',3,(#7058,#7059,#7060,#7061),
  .UNSPECIFIED.,.F.,.F.,(4,4),(2.,3.),.PIECEWISE_BEZIER_KNOTS.);
#7058 = CARTESIAN_POINT('',(-0.120364645418,0.636372996724,
    0.622679696166));
#7059 = CARTESIAN_POINT('',(-0.121718619456,0.636430770074,
    0.622268617419));
#7060 = CARTESIAN_POINT('',(-0.123370244393,0.63646278943,0.622040787863
    ));
#7061 = CARTESIAN_POINT('',(-0.125288549503,0.636464682923,
    0.622027314964));
#7062 = ORIENTED_EDGE('',*,*,#7063,.T.);
#7063 = EDGE_CURVE('',#7055,#230,#7064,.T.);
#7064 = LINE('',#7065,#7066);
#7065 = CARTESIAN_POINT('',(-0.125288549503,0.636464682923,
    0.622027314964));
#7066 = VECTOR('',#7067,1.);
#7067 = DIRECTION('',(1.894677867305E-16,-0.990268068742,-0.13917310096)
  );
#7068 = ORIENTED_EDGE('',*,*,#238,.F.);
#7069 = B_SPLINE_SURFACE_WITH_KNOTS('',3,1,(
    (#7070,#7071)
    ,(#7072,#7073)
    ,(#7074,#7075)
    ,(#7076,#7077
    )),.UNSPECIFIED.,.F.,.F.,.F.,(4,4),(2,2),(2.,3.),(0.,1.),
  .PIECEWISE_BEZIER_KNOTS.);
#7070 = CARTESIAN_POINT('',(-0.120364645418,0.636372996724,
    0.622679696166));
#7071 = CARTESIAN_POINT('',(-0.120364645418,0.636273969917,
    0.622665778856));
#7072 = CARTESIAN_POINT('',(-0.121718619456,0.636430770074,
    0.622268617419));
#7073 = CARTESIAN_POINT('',(-0.121718619456,0.636331743267,
    0.622254700109));
#7074 = CARTESIAN_POINT('',(-0.123370244393,0.63646278943,0.622040787863
    ));
#7075 = CARTESIAN_POINT('',(-0.123370244393,0.636363762623,
    0.622026870553));
#7076 = CARTESIAN_POINT('',(-0.125288549503,0.636464682923,
    0.622027314964));
#7077 = CARTESIAN_POINT('',(-0.125288549503,0.636365656116,
    0.622013397654));
#7078 = ADVANCED_FACE('',(#7079),#7098,.F.);
#7079 = FACE_BOUND('',#7080,.F.);
#7080 = EDGE_LOOP('',(#7081,#7082,#7091,#7097));
#7081 = ORIENTED_EDGE('',*,*,#7063,.F.);
#7082 = ORIENTED_EDGE('',*,*,#7083,.T.);
#7083 = EDGE_CURVE('',#7055,#7084,#7086,.T.);
#7084 = VERTEX_POINT('',#7085);
#7085 = CARTESIAN_POINT('',(-0.140936625407,0.634539567859,
    0.635725220401));
#7086 = B_SPLINE_CURVE_WITH_KNOTS('',3,(#7087,#7088,#7089,#7090),
  .UNSPECIFIED.,.F.,.F.,(4,4),(1.,2.),.PIECEWISE_BEZIER_KNOTS.);
#7087 = CARTESIAN_POINT('',(-0.125288549503,0.636464682923,
    0.622027314964));
#7088 = CARTESIAN_POINT('',(-0.131979223421,0.636471287055,
    0.621980324123));
#7089 = CARTESIAN_POINT('',(-0.137190050063,0.635829576902,
    0.626546329114));
#7090 = CARTESIAN_POINT('',(-0.140936625407,0.634539567859,
    0.635725220401));
#7091 = ORIENTED_EDGE('',*,*,#7092,.T.);
#7092 = EDGE_CURVE('',#7084,#222,#7093,.T.);
#7093 = LINE('',#7094,#7095);
#7094 = CARTESIAN_POINT('',(-0.140936625407,0.634539567859,
    0.635725220401));
#7095 = VECTOR('',#7096,1.);
#7096 = DIRECTION('',(1.894677867305E-16,-0.990268068742,-0.13917310096)
  );
#7097 = ORIENTED_EDGE('',*,*,#229,.F.);
#7098 = B_SPLINE_SURFACE_WITH_KNOTS('',3,1,(
    (#7099,#7100)
    ,(#7101,#7102)
    ,(#7103,#7104)
    ,(#7105,#7106
    )),.UNSPECIFIED.,.F.,.F.,.F.,(4,4),(2,2),(1.,2.),(0.,1.),
  .PIECEWISE_BEZIER_KNOTS.);
#7099 = CARTESIAN_POINT('',(-0.125288549503,0.636464682923,
    0.622027314964));
#7100 = CARTESIAN_POINT('',(-0.125288549503,0.636365656116,
    0.622013397654));
#7101 = CARTESIAN_POINT('',(-0.131979223421,0.636471287055,
    0.621980324123));
#7102 = CARTESIAN_POINT('',(-0.131979223421,0.636372260248,
    0.621966406813));
#7103 = CARTESIAN_POINT('',(-0.137190050063,0.635829576902,
    0.626546329114));
#7104 = CARTESIAN_POINT('',(-0.137190050063,0.635730550095,
    0.626532411804));
#7105 = CARTESIAN_POINT('',(-0.140936625407,0.634539567859,
    0.635725220401));
#7106 = CARTESIAN_POINT('',(-0.140936625407,0.634440541052,
    0.635711303091));
#7107 = ADVANCED_FACE('',(#7108),#7119,.F.);
#7108 = FACE_BOUND('',#7109,.T.);
#7109 = EDGE_LOOP('',(#7110,#7111,#7112,#7118));
#7110 = ORIENTED_EDGE('',*,*,#221,.T.);
#7111 = ORIENTED_EDGE('',*,*,#6760,.F.);
#7112 = ORIENTED_EDGE('',*,*,#7113,.F.);
#7113 = EDGE_CURVE('',#7084,#6753,#7114,.T.);
#7114 = LINE('',#7115,#7116);
#7115 = CARTESIAN_POINT('',(-0.161068052543,0.6275786298,0.685254868306)
  );
#7116 = VECTOR('',#7117,1.);
#7117 = DIRECTION('',(-0.373386312957,-0.129107538129,0.918647867735));
#7118 = ORIENTED_EDGE('',*,*,#7092,.T.);
#7119 = PLANE('',#7120);
#7120 = AXIS2_PLACEMENT_3D('',#7121,#7122,#7123);
#7121 = CARTESIAN_POINT('',(-0.161068052543,0.6275786298,0.685254868306)
  );
#7122 = DIRECTION('',(0.927675946274,-5.196533103002E-02,0.369752543027)
  );
#7123 = DIRECTION('',(0.370252795491,-2.862293735362E-14,-0.928931034809
    ));
#7124 = ADVANCED_FACE('',(#7125),#7142,.T.);
#7125 = FACE_BOUND('',#7126,.T.);
#7126 = EDGE_LOOP('',(#7127,#7128,#7129,#7130,#7131,#7132,#7133,#7134,
    #7135,#7136,#7137,#7138,#7139,#7140,#7141));
#7127 = ORIENTED_EDGE('',*,*,#6752,.T.);
#7128 = ORIENTED_EDGE('',*,*,#6783,.T.);
#7129 = ORIENTED_EDGE('',*,*,#6799,.T.);
#7130 = ORIENTED_EDGE('',*,*,#6836,.T.);
#7131 = ORIENTED_EDGE('',*,*,#6860,.T.);
#7132 = ORIENTED_EDGE('',*,*,#6884,.T.);
#7133 = ORIENTED_EDGE('',*,*,#6908,.T.);
#7134 = ORIENTED_EDGE('',*,*,#6932,.T.);
#7135 = ORIENTED_EDGE('',*,*,#6956,.T.);
#7136 = ORIENTED_EDGE('',*,*,#6972,.T.);
#7137 = ORIENTED_EDGE('',*,*,#7001,.T.);
#7138 = ORIENTED_EDGE('',*,*,#7038,.T.);
#7139 = ORIENTED_EDGE('',*,*,#7054,.T.);
#7140 = ORIENTED_EDGE('',*,*,#7083,.T.);
#7141 = ORIENTED_EDGE('',*,*,#7113,.T.);
#7142 = PLANE('',#7143);
#7143 = AXIS2_PLACEMENT_3D('',#7144,#7145,#7146);
#7144 = CARTESIAN_POINT('',(-0.13421662442,0.635988355331,0.625416561885
    ));
#7145 = DIRECTION('',(-7.233309727876E-15,0.990268068742,0.13917310096)
  );
#7146 = DIRECTION('',(3.944304526105E-31,-0.13917310096,0.990268068742)
  );
#7147 = ADVANCED_FACE('',(#7148),#7173,.F.);
#7148 = FACE_BOUND('',#7149,.T.);
#7149 = EDGE_LOOP('',(#7150,#7151,#7159,#7167));
#7150 = ORIENTED_EDGE('',*,*,#115,.T.);
#7151 = ORIENTED_EDGE('',*,*,#7152,.F.);
#7152 = EDGE_CURVE('',#7153,#106,#7155,.T.);
#7153 = VERTEX_POINT('',#7154);
#7154 = CARTESIAN_POINT('',(-0.20185694517,0.632715576346,0.648703594389
    ));
#7155 = LINE('',#7156,#7157);
#7156 = CARTESIAN_POINT('',(-0.20185694517,0.632715576346,0.648703594389
    ));
#7157 = VECTOR('',#7158,1.);
#7158 = DIRECTION('',(1.894677867305E-16,-0.990268068742,-0.13917310096)
  );
#7159 = ORIENTED_EDGE('',*,*,#7160,.F.);
#7160 = EDGE_CURVE('',#7161,#7153,#7163,.T.);
#7161 = VERTEX_POINT('',#7162);
#7162 = CARTESIAN_POINT('',(-0.201807612115,0.633683637369,
    0.641815482292));
#7163 = LINE('',#7164,#7165);
#7164 = CARTESIAN_POINT('',(-0.20185694517,0.632715576346,0.648703594389
    ));
#7165 = VECTOR('',#7166,1.);
#7166 = DIRECTION('',(-7.092178509004E-03,-0.139169600782,0.990243163684
    ));
#7167 = ORIENTED_EDGE('',*,*,#7168,.T.);
#7168 = EDGE_CURVE('',#7161,#116,#7169,.T.);
#7169 = LINE('',#7170,#7171);
#7170 = CARTESIAN_POINT('',(-0.201807612115,0.633683637369,
    0.641815482292));
#7171 = VECTOR('',#7172,1.);
#7172 = DIRECTION('',(1.894677867305E-16,-0.990268068742,-0.13917310096)
  );
#7173 = PLANE('',#7174);
#7174 = AXIS2_PLACEMENT_3D('',#7175,#7176,#7177);
#7175 = CARTESIAN_POINT('',(-0.20185694517,0.632715576346,0.648703594389
    ));
#7176 = DIRECTION('',(0.999974850186,-9.870404750007E-04,
    7.023157916005E-03));
#7177 = DIRECTION('',(7.02316133716E-03,-1.555177902147E-16,
    -0.999975337298));
#7178 = ADVANCED_FACE('',(#7179),#7197,.F.);
#7179 = FACE_BOUND('',#7180,.T.);
#7180 = EDGE_LOOP('',(#7181,#7182,#7190,#7196));
#7181 = ORIENTED_EDGE('',*,*,#105,.T.);
#7182 = ORIENTED_EDGE('',*,*,#7183,.F.);
#7183 = EDGE_CURVE('',#7184,#108,#7186,.T.);
#7184 = VERTEX_POINT('',#7185);
#7185 = CARTESIAN_POINT('',(-0.176918978748,0.632690960944,0.64887874207
    ));
#7186 = LINE('',#7187,#7188);
#7187 = CARTESIAN_POINT('',(-0.176918978748,0.632690960944,0.64887874207
    ));
#7188 = VECTOR('',#7189,1.);
#7189 = DIRECTION('',(1.894677867305E-16,-0.990268068742,-0.13917310096)
  );
#7190 = ORIENTED_EDGE('',*,*,#7191,.F.);
#7191 = EDGE_CURVE('',#7153,#7184,#7192,.T.);
#7192 = LINE('',#7193,#7194);
#7193 = CARTESIAN_POINT('',(-0.176918978748,0.632690960944,0.64887874207
    ));
#7194 = VECTOR('',#7195,1.);
#7195 = DIRECTION('',(0.999974850186,-9.870404750007E-04,
    7.023157916005E-03));
#7196 = ORIENTED_EDGE('',*,*,#7152,.T.);
#7197 = PLANE('',#7198);
#7198 = AXIS2_PLACEMENT_3D('',#7199,#7200,#7201);
#7199 = CARTESIAN_POINT('',(-0.176918978748,0.632690960944,0.64887874207
    ));
#7200 = DIRECTION('',(7.092178509004E-03,0.139169600782,-0.990243163684)
  );
#7201 = DIRECTION('',(2.53096155145E-15,0.990268068742,0.13917310096));
#7202 = ADVANCED_FACE('',(#7203),#7221,.F.);
#7203 = FACE_BOUND('',#7204,.T.);
#7204 = EDGE_LOOP('',(#7205,#7206,#7214,#7220));
#7205 = ORIENTED_EDGE('',*,*,#195,.T.);
#7206 = ORIENTED_EDGE('',*,*,#7207,.F.);
#7207 = EDGE_CURVE('',#7208,#188,#7210,.T.);
#7208 = VERTEX_POINT('',#7209);
#7209 = CARTESIAN_POINT('',(-0.177064544444,0.629834529762,
    0.669203306017));
#7210 = LINE('',#7211,#7212);
#7211 = CARTESIAN_POINT('',(-0.177064544444,0.629834529762,
    0.669203306017));
#7212 = VECTOR('',#7213,1.);
#7213 = DIRECTION('',(1.894677867305E-16,-0.990268068742,-0.13917310096)
  );
#7214 = ORIENTED_EDGE('',*,*,#7215,.F.);
#7215 = EDGE_CURVE('',#7184,#7208,#7216,.T.);
#7216 = LINE('',#7217,#7218);
#7217 = CARTESIAN_POINT('',(-0.177064544444,0.629834529762,
    0.669203306017));
#7218 = VECTOR('',#7219,1.);
#7219 = DIRECTION('',(-7.092178509004E-03,-0.139169600782,0.990243163684
    ));
#7220 = ORIENTED_EDGE('',*,*,#7183,.T.);
#7221 = PLANE('',#7222);
#7222 = AXIS2_PLACEMENT_3D('',#7223,#7224,#7225);
#7223 = CARTESIAN_POINT('',(-0.177064544444,0.629834529762,
    0.669203306017));
#7224 = DIRECTION('',(0.999974850186,-9.870404750007E-04,
    7.023157916005E-03));
#7225 = DIRECTION('',(7.02316133716E-03,-1.555177902147E-16,
    -0.999975337298));
#7226 = ADVANCED_FACE('',(#7227),#7245,.F.);
#7227 = FACE_BOUND('',#7228,.T.);
#7228 = EDGE_LOOP('',(#7229,#7230,#7238,#7244));
#7229 = ORIENTED_EDGE('',*,*,#187,.T.);
#7230 = ORIENTED_EDGE('',*,*,#7231,.F.);
#7231 = EDGE_CURVE('',#7232,#180,#7234,.T.);
#7232 = VERTEX_POINT('',#7233);
#7233 = CARTESIAN_POINT('',(-0.198883315566,0.629856066314,
    0.669050065488));
#7234 = LINE('',#7235,#7236);
#7235 = CARTESIAN_POINT('',(-0.198883315566,0.629856066314,
    0.669050065488));
#7236 = VECTOR('',#7237,1.);
#7237 = DIRECTION('',(1.894677867305E-16,-0.990268068742,-0.13917310096)
  );
#7238 = ORIENTED_EDGE('',*,*,#7239,.F.);
#7239 = EDGE_CURVE('',#7208,#7232,#7240,.T.);
#7240 = LINE('',#7241,#7242);
#7241 = CARTESIAN_POINT('',(-0.198883315566,0.629856066314,
    0.669050065488));
#7242 = VECTOR('',#7243,1.);
#7243 = DIRECTION('',(-0.999974850186,9.870404750007E-04,
    -7.023157916005E-03));
#7244 = ORIENTED_EDGE('',*,*,#7207,.T.);
#7245 = PLANE('',#7246);
#7246 = AXIS2_PLACEMENT_3D('',#7247,#7248,#7249);
#7247 = CARTESIAN_POINT('',(-0.198883315566,0.629856066314,
    0.669050065488));
#7248 = DIRECTION('',(-7.092178509004E-03,-0.139169600782,0.990243163684
    ));
#7249 = DIRECTION('',(-2.53096155145E-15,-0.990268068742,-0.13917310096)
  );
#7250 = ADVANCED_FACE('',(#7251),#7269,.F.);
#7251 = FACE_BOUND('',#7252,.T.);
#7252 = EDGE_LOOP('',(#7253,#7254,#7262,#7268));
#7253 = ORIENTED_EDGE('',*,*,#179,.T.);
#7254 = ORIENTED_EDGE('',*,*,#7255,.F.);
#7255 = EDGE_CURVE('',#7256,#172,#7258,.T.);
#7256 = VERTEX_POINT('',#7257);
#7257 = CARTESIAN_POINT('',(-0.198932869846,0.62888366421,0.67596906598)
  );
#7258 = LINE('',#7259,#7260);
#7259 = CARTESIAN_POINT('',(-0.198932869846,0.62888366421,0.67596906598)
  );
#7260 = VECTOR('',#7261,1.);
#7261 = DIRECTION('',(1.894677867305E-16,-0.990268068742,-0.13917310096)
  );
#7262 = ORIENTED_EDGE('',*,*,#7263,.F.);
#7263 = EDGE_CURVE('',#7232,#7256,#7264,.T.);
#7264 = LINE('',#7265,#7266);
#7265 = CARTESIAN_POINT('',(-0.198932869846,0.62888366421,0.67596906598)
  );
#7266 = VECTOR('',#7267,1.);
#7267 = DIRECTION('',(-7.092178509004E-03,-0.139169600782,0.990243163684
    ));
#7268 = ORIENTED_EDGE('',*,*,#7231,.T.);
#7269 = PLANE('',#7270);
#7270 = AXIS2_PLACEMENT_3D('',#7271,#7272,#7273);
#7271 = CARTESIAN_POINT('',(-0.198932869846,0.62888366421,0.67596906598)
  );
#7272 = DIRECTION('',(0.999974850186,-9.870404750007E-04,
    7.023157916005E-03));
#7273 = DIRECTION('',(7.02316133716E-03,-1.555177902147E-16,
    -0.999975337298));
#7274 = ADVANCED_FACE('',(#7275),#7293,.F.);
#7275 = FACE_BOUND('',#7276,.T.);
#7276 = EDGE_LOOP('',(#7277,#7278,#7286,#7292));
#7277 = ORIENTED_EDGE('',*,*,#171,.T.);
#7278 = ORIENTED_EDGE('',*,*,#7279,.F.);
#7279 = EDGE_CURVE('',#7280,#164,#7282,.T.);
#7280 = VERTEX_POINT('',#7281);
#7281 = CARTESIAN_POINT('',(-0.177114098724,0.628862127658,
    0.676122306509));
#7282 = LINE('',#7283,#7284);
#7283 = CARTESIAN_POINT('',(-0.177114098724,0.628862127658,
    0.676122306509));
#7284 = VECTOR('',#7285,1.);
#7285 = DIRECTION('',(1.894677867305E-16,-0.990268068742,-0.13917310096)
  );
#7286 = ORIENTED_EDGE('',*,*,#7287,.F.);
#7287 = EDGE_CURVE('',#7256,#7280,#7288,.T.);
#7288 = LINE('',#7289,#7290);
#7289 = CARTESIAN_POINT('',(-0.177114098724,0.628862127658,
    0.676122306509));
#7290 = VECTOR('',#7291,1.);
#7291 = DIRECTION('',(0.999974850186,-9.870404750007E-04,
    7.023157916005E-03));
#7292 = ORIENTED_EDGE('',*,*,#7255,.T.);
#7293 = PLANE('',#7294);
#7294 = AXIS2_PLACEMENT_3D('',#7295,#7296,#7297);
#7295 = CARTESIAN_POINT('',(-0.177114098724,0.628862127658,
    0.676122306509));
#7296 = DIRECTION('',(7.092178509004E-03,0.139169600782,-0.990243163684)
  );
#7297 = DIRECTION('',(2.53096155145E-15,0.990268068742,0.13917310096));
#7298 = ADVANCED_FACE('',(#7299),#7317,.F.);
#7299 = FACE_BOUND('',#7300,.T.);
#7300 = EDGE_LOOP('',(#7301,#7302,#7310,#7316));
#7301 = ORIENTED_EDGE('',*,*,#163,.T.);
#7302 = ORIENTED_EDGE('',*,*,#7303,.F.);
#7303 = EDGE_CURVE('',#7304,#156,#7306,.T.);
#7304 = VERTEX_POINT('',#7305);
#7305 = CARTESIAN_POINT('',(-0.177252585238,0.626144611062,
    0.695458441814));
#7306 = LINE('',#7307,#7308);
#7307 = CARTESIAN_POINT('',(-0.177252585238,0.626144611062,
    0.695458441814));
#7308 = VECTOR('',#7309,1.);
#7309 = DIRECTION('',(1.894677867305E-16,-0.990268068742,-0.13917310096)
  );
#7310 = ORIENTED_EDGE('',*,*,#7311,.F.);
#7311 = EDGE_CURVE('',#7280,#7304,#7312,.T.);
#7312 = LINE('',#7313,#7314);
#7313 = CARTESIAN_POINT('',(-0.177252585238,0.626144611062,
    0.695458441814));
#7314 = VECTOR('',#7315,1.);
#7315 = DIRECTION('',(-7.092178509004E-03,-0.139169600782,0.990243163684
    ));
#7316 = ORIENTED_EDGE('',*,*,#7279,.T.);
#7317 = PLANE('',#7318);
#7318 = AXIS2_PLACEMENT_3D('',#7319,#7320,#7321);
#7319 = CARTESIAN_POINT('',(-0.177252585238,0.626144611062,
    0.695458441814));
#7320 = DIRECTION('',(0.999974850186,-9.870404750007E-04,
    7.023157916005E-03));
#7321 = DIRECTION('',(7.02316133716E-03,-1.555177902147E-16,
    -0.999975337298));
#7322 = ADVANCED_FACE('',(#7323),#7341,.F.);
#7323 = FACE_BOUND('',#7324,.T.);
#7324 = EDGE_LOOP('',(#7325,#7326,#7334,#7340));
#7325 = ORIENTED_EDGE('',*,*,#155,.T.);
#7326 = ORIENTED_EDGE('',*,*,#7327,.F.);
#7327 = EDGE_CURVE('',#7328,#148,#7330,.T.);
#7328 = VERTEX_POINT('',#7329);
#7329 = CARTESIAN_POINT('',(-0.200802509751,0.626167856375,
    0.695293042815));
#7330 = LINE('',#7331,#7332);
#7331 = CARTESIAN_POINT('',(-0.200802509751,0.626167856375,
    0.695293042815));
#7332 = VECTOR('',#7333,1.);
#7333 = DIRECTION('',(1.894677867305E-16,-0.990268068742,-0.13917310096)
  );
#7334 = ORIENTED_EDGE('',*,*,#7335,.F.);
#7335 = EDGE_CURVE('',#7304,#7328,#7336,.T.);
#7336 = LINE('',#7337,#7338);
#7337 = CARTESIAN_POINT('',(-0.200802509751,0.626167856375,
    0.695293042815));
#7338 = VECTOR('',#7339,1.);
#7339 = DIRECTION('',(-0.999974850186,9.870404750007E-04,
    -7.023157916005E-03));
#7340 = ORIENTED_EDGE('',*,*,#7303,.T.);
#7341 = PLANE('',#7342);
#7342 = AXIS2_PLACEMENT_3D('',#7343,#7344,#7345);
#7343 = CARTESIAN_POINT('',(-0.200802509751,0.626167856375,
    0.695293042815));
#7344 = DIRECTION('',(-7.092178509004E-03,-0.139169600782,0.990243163684
    ));
#7345 = DIRECTION('',(-2.53096155145E-15,-0.990268068742,-0.13917310096)
  );
#7346 = ADVANCED_FACE('',(#7347),#7365,.F.);
#7347 = FACE_BOUND('',#7348,.T.);
#7348 = EDGE_LOOP('',(#7349,#7350,#7358,#7364));
#7349 = ORIENTED_EDGE('',*,*,#147,.T.);
#7350 = ORIENTED_EDGE('',*,*,#7351,.F.);
#7351 = EDGE_CURVE('',#7352,#140,#7354,.T.);
#7352 = VERTEX_POINT('',#7353);
#7353 = CARTESIAN_POINT('',(-0.200852285255,0.62519111319,0.702242931703
    ));
#7354 = LINE('',#7355,#7356);
#7355 = CARTESIAN_POINT('',(-0.200852285255,0.62519111319,0.702242931703
    ));
#7356 = VECTOR('',#7357,1.);
#7357 = DIRECTION('',(1.894677867305E-16,-0.990268068742,-0.13917310096)
  );
#7358 = ORIENTED_EDGE('',*,*,#7359,.F.);
#7359 = EDGE_CURVE('',#7328,#7352,#7360,.T.);
#7360 = LINE('',#7361,#7362);
#7361 = CARTESIAN_POINT('',(-0.200852285255,0.62519111319,0.702242931703
    ));
#7362 = VECTOR('',#7363,1.);
#7363 = DIRECTION('',(-7.092178509004E-03,-0.139169600782,0.990243163684
    ));
#7364 = ORIENTED_EDGE('',*,*,#7327,.T.);
#7365 = PLANE('',#7366);
#7366 = AXIS2_PLACEMENT_3D('',#7367,#7368,#7369);
#7367 = CARTESIAN_POINT('',(-0.200852285255,0.62519111319,0.702242931703
    ));
#7368 = DIRECTION('',(0.999974850186,-9.870404750007E-04,
    7.023157916005E-03));
#7369 = DIRECTION('',(7.02316133716E-03,-1.555177902147E-16,
    -0.999975337298));
#7370 = ADVANCED_FACE('',(#7371),#7389,.F.);
#7371 = FACE_BOUND('',#7372,.T.);
#7372 = EDGE_LOOP('',(#7373,#7374,#7382,#7388));
#7373 = ORIENTED_EDGE('',*,*,#139,.T.);
#7374 = ORIENTED_EDGE('',*,*,#7375,.F.);
#7375 = EDGE_CURVE('',#7376,#132,#7378,.T.);
#7376 = VERTEX_POINT('',#7377);
#7377 = CARTESIAN_POINT('',(-0.16942639261,0.625160093782,0.70246364626)
  );
#7378 = LINE('',#7379,#7380);
#7379 = CARTESIAN_POINT('',(-0.16942639261,0.625160093782,0.70246364626)
  );
#7380 = VECTOR('',#7381,1.);
#7381 = DIRECTION('',(1.894677867305E-16,-0.990268068742,-0.13917310096)
  );
#7382 = ORIENTED_EDGE('',*,*,#7383,.F.);
#7383 = EDGE_CURVE('',#7352,#7376,#7384,.T.);
#7384 = LINE('',#7385,#7386);
#7385 = CARTESIAN_POINT('',(-0.16942639261,0.625160093782,0.70246364626)
  );
#7386 = VECTOR('',#7387,1.);
#7387 = DIRECTION('',(0.999974850186,-9.870404750007E-04,
    7.023157916005E-03));
#7388 = ORIENTED_EDGE('',*,*,#7351,.T.);
#7389 = PLANE('',#7390);
#7390 = AXIS2_PLACEMENT_3D('',#7391,#7392,#7393);
#7391 = CARTESIAN_POINT('',(-0.16942639261,0.625160093782,0.70246364626)
  );
#7392 = DIRECTION('',(7.092178509004E-03,0.139169600782,-0.990243163684)
  );
#7393 = DIRECTION('',(2.53096155145E-15,0.990268068742,0.13917310096));
#7394 = ADVANCED_FACE('',(#7395),#7413,.F.);
#7395 = FACE_BOUND('',#7396,.T.);
#7396 = EDGE_LOOP('',(#7397,#7398,#7406,#7412));
#7397 = ORIENTED_EDGE('',*,*,#131,.T.);
#7398 = ORIENTED_EDGE('',*,*,#7399,.F.);
#7399 = EDGE_CURVE('',#7400,#124,#7402,.T.);
#7400 = VERTEX_POINT('',#7401);
#7401 = CARTESIAN_POINT('',(-0.168993677561,0.633651247873,
    0.642045945532));
#7402 = LINE('',#7403,#7404);
#7403 = CARTESIAN_POINT('',(-0.168993677561,0.633651247873,
    0.642045945532));
#7404 = VECTOR('',#7405,1.);
#7405 = DIRECTION('',(1.894677867305E-16,-0.990268068742,-0.13917310096)
  );
#7406 = ORIENTED_EDGE('',*,*,#7407,.F.);
#7407 = EDGE_CURVE('',#7376,#7400,#7408,.T.);
#7408 = LINE('',#7409,#7410);
#7409 = CARTESIAN_POINT('',(-0.168993677561,0.633651247873,
    0.642045945532));
#7410 = VECTOR('',#7411,1.);
#7411 = DIRECTION('',(7.092178509004E-03,0.139169600782,-0.990243163684)
  );
#7412 = ORIENTED_EDGE('',*,*,#7375,.T.);
#7413 = PLANE('',#7414);
#7414 = AXIS2_PLACEMENT_3D('',#7415,#7416,#7417);
#7415 = CARTESIAN_POINT('',(-0.168993677561,0.633651247873,
    0.642045945532));
#7416 = DIRECTION('',(-0.999974850186,9.870404750007E-04,
    -7.023157916005E-03));
#7417 = DIRECTION('',(-7.02316133716E-03,1.555177902147E-16,
    0.999975337298));
#7418 = ADVANCED_FACE('',(#7419),#7430,.F.);
#7419 = FACE_BOUND('',#7420,.T.);
#7420 = EDGE_LOOP('',(#7421,#7422,#7423,#7429));
#7421 = ORIENTED_EDGE('',*,*,#123,.T.);
#7422 = ORIENTED_EDGE('',*,*,#7168,.F.);
#7423 = ORIENTED_EDGE('',*,*,#7424,.F.);
#7424 = EDGE_CURVE('',#7400,#7161,#7425,.T.);
#7425 = LINE('',#7426,#7427);
#7426 = CARTESIAN_POINT('',(-0.201807612115,0.633683637369,
    0.641815482292));
#7427 = VECTOR('',#7428,1.);
#7428 = DIRECTION('',(-0.999974850186,9.870404750007E-04,
    -7.023157916005E-03));
#7429 = ORIENTED_EDGE('',*,*,#7399,.T.);
#7430 = PLANE('',#7431);
#7431 = AXIS2_PLACEMENT_3D('',#7432,#7433,#7434);
#7432 = CARTESIAN_POINT('',(-0.201807612115,0.633683637369,
    0.641815482292));
#7433 = DIRECTION('',(-7.092178509004E-03,-0.139169600782,0.990243163684
    ));
#7434 = DIRECTION('',(-2.53096155145E-15,-0.990268068742,-0.13917310096)
  );
#7435 = ADVANCED_FACE('',(#7436),#7450,.F.);
#7436 = FACE_BOUND('',#7437,.T.);
#7437 = EDGE_LOOP('',(#7438,#7439,#7440,#7441,#7442,#7443,#7444,#7445,
    #7446,#7447,#7448,#7449));
#7438 = ORIENTED_EDGE('',*,*,#7160,.T.);
#7439 = ORIENTED_EDGE('',*,*,#7191,.T.);
#7440 = ORIENTED_EDGE('',*,*,#7215,.T.);
#7441 = ORIENTED_EDGE('',*,*,#7239,.T.);
#7442 = ORIENTED_EDGE('',*,*,#7263,.T.);
#7443 = ORIENTED_EDGE('',*,*,#7287,.T.);
#7444 = ORIENTED_EDGE('',*,*,#7311,.T.);
#7445 = ORIENTED_EDGE('',*,*,#7335,.T.);
#7446 = ORIENTED_EDGE('',*,*,#7359,.T.);
#7447 = ORIENTED_EDGE('',*,*,#7383,.T.);
#7448 = ORIENTED_EDGE('',*,*,#7407,.T.);
#7449 = ORIENTED_EDGE('',*,*,#7424,.T.);
#7450 = PLANE('',#7451);
#7451 = AXIS2_PLACEMENT_3D('',#7452,#7453,#7454);
#7452 = CARTESIAN_POINT('',(5.095974609508E-16,0.709863883888,
    9.9764862766E-02));
#7453 = DIRECTION('',(-7.110197847163E-16,-0.990268068742,-0.13917310096
    ));
#7454 = DIRECTION('',(0.,0.13917310096,-0.990268068742));
#7455 = ADVANCED_FACE('',(#7456,#7518),#7580,.T.);
#7456 = FACE_BOUND('',#7457,.T.);
#7457 = EDGE_LOOP('',(#7458,#7468,#7477,#7486,#7495,#7504,#7512));
#7458 = ORIENTED_EDGE('',*,*,#7459,.T.);
#7459 = EDGE_CURVE('',#7460,#7462,#7464,.T.);
#7460 = VERTEX_POINT('',#7461);
#7461 = CARTESIAN_POINT('',(-0.213333038748,0.633695013718,
    0.641734535364));
#7462 = VERTEX_POINT('',#7463);
#7463 = CARTESIAN_POINT('',(-0.230114309461,0.633711577928,
    0.641616674886));
#7464 = LINE('',#7465,#7466);
#7465 = CARTESIAN_POINT('',(-0.230114309461,0.633711577928,
    0.641616674886));
#7466 = VECTOR('',#7467,1.);
#7467 = DIRECTION('',(-0.999974850186,9.870404750007E-04,
    -7.023157916005E-03));
#7468 = ORIENTED_EDGE('',*,*,#7469,.T.);
#7469 = EDGE_CURVE('',#7462,#7470,#7472,.T.);
#7470 = VERTEX_POINT('',#7471);
#7471 = CARTESIAN_POINT('',(-0.253865213265,0.632545505644,
    0.649913710311));
#7472 = B_SPLINE_CURVE_WITH_KNOTS('',3,(#7473,#7474,#7475,#7476),
  .UNSPECIFIED.,.F.,.F.,(4,4),(5.,6.),.PIECEWISE_BEZIER_KNOTS.);
#7473 = CARTESIAN_POINT('',(-0.230114309461,0.633711577928,
    0.641616674886));
#7474 = CARTESIAN_POINT('',(-0.239768218913,0.633721106967,0.64154887225
    ));
#7475 = CARTESIAN_POINT('',(-0.247695510424,0.633333873495,
    0.644304181569));
#7476 = CARTESIAN_POINT('',(-0.253865213265,0.632545505644,
    0.649913710311));
#7477 = ORIENTED_EDGE('',*,*,#7478,.T.);
#7478 = EDGE_CURVE('',#7470,#7479,#7481,.T.);
#7479 = VERTEX_POINT('',#7480);
#7480 = CARTESIAN_POINT('',(-0.263228112033,0.629389940329,
    0.672366724207));
#7481 = B_SPLINE_CURVE_WITH_KNOTS('',3,(#7482,#7483,#7484,#7485),
  .UNSPECIFIED.,.F.,.F.,(4,4),(4.,5.),.PIECEWISE_BEZIER_KNOTS.);
#7482 = CARTESIAN_POINT('',(-0.253865213265,0.632545505644,
    0.649913710311));
#7483 = CARTESIAN_POINT('',(-0.260034916106,0.631757137792,
    0.655523239052));
#7484 = CARTESIAN_POINT('',(-0.263161081021,0.630705287819,
    0.663007540505));
#7485 = CARTESIAN_POINT('',(-0.263228112033,0.629389940329,
    0.672366724207));
#7486 = ORIENTED_EDGE('',*,*,#7487,.T.);
#7487 = EDGE_CURVE('',#7479,#7488,#7490,.T.);
#7488 = VERTEX_POINT('',#7489);
#7489 = CARTESIAN_POINT('',(-0.254180015675,0.626368147632,
    0.693867896475));
#7490 = B_SPLINE_CURVE_WITH_KNOTS('',3,(#7491,#7492,#7493,#7494),
  .UNSPECIFIED.,.F.,.F.,(4,4),(3.,4.),.PIECEWISE_BEZIER_KNOTS.);
#7491 = CARTESIAN_POINT('',(-0.263228112033,0.629389940329,
    0.672366724207));
#7492 = CARTESIAN_POINT('',(-0.263292267127,0.62813102689,0.681324358774
    ));
#7493 = CARTESIAN_POINT('',(-0.260270962607,0.627125204553,
    0.688481156576));
#7494 = CARTESIAN_POINT('',(-0.254180015675,0.626368147632,
    0.693867896475));
#7495 = ORIENTED_EDGE('',*,*,#7496,.T.);
#7496 = EDGE_CURVE('',#7488,#7497,#7499,.T.);
#7497 = VERTEX_POINT('',#7498);
#7498 = CARTESIAN_POINT('',(-0.231170863569,0.625221039607,
    0.702029994184));
#7499 = B_SPLINE_CURVE_WITH_KNOTS('',3,(#7500,#7501,#7502,#7503),
  .UNSPECIFIED.,.F.,.F.,(4,4),(2.,3.),.PIECEWISE_BEZIER_KNOTS.);
#7500 = CARTESIAN_POINT('',(-0.254180015675,0.626368147632,
    0.693867896475));
#7501 = CARTESIAN_POINT('',(-0.248089068743,0.62561109071,0.699254636373
    ));
#7502 = CARTESIAN_POINT('',(-0.240419277633,0.625230168395,
    0.701965039478));
#7503 = CARTESIAN_POINT('',(-0.231170863569,0.625221039607,
    0.702029994184));
#7504 = ORIENTED_EDGE('',*,*,#7505,.T.);
#7505 = EDGE_CURVE('',#7497,#7506,#7508,.T.);
#7506 = VERTEX_POINT('',#7507);
#7507 = CARTESIAN_POINT('',(-0.213765753796,0.625203859627,
    0.702152236093));
#7508 = LINE('',#7509,#7510);
#7509 = CARTESIAN_POINT('',(-0.213765753796,0.625203859627,
    0.702152236093));
#7510 = VECTOR('',#7511,1.);
#7511 = DIRECTION('',(0.999974850186,-9.870404750007E-04,
    7.023157916005E-03));
#7512 = ORIENTED_EDGE('',*,*,#7513,.T.);
#7513 = EDGE_CURVE('',#7506,#7460,#7514,.T.);
#7514 = LINE('',#7515,#7516);
#7515 = CARTESIAN_POINT('',(-0.213333038748,0.633695013718,
    0.641734535364));
#7516 = VECTOR('',#7517,1.);
#7517 = DIRECTION('',(7.092178509004E-03,0.139169600782,-0.990243163684)
  );
#7518 = FACE_BOUND('',#7519,.T.);
#7519 = EDGE_LOOP('',(#7520,#7530,#7538,#7547,#7556,#7565,#7574));
#7520 = ORIENTED_EDGE('',*,*,#7521,.F.);
#7521 = EDGE_CURVE('',#7522,#7524,#7526,.T.);
#7522 = VERTEX_POINT('',#7523);
#7523 = CARTESIAN_POINT('',(-0.221591946424,0.626188376907,
    0.695147031647));
#7524 = VERTEX_POINT('',#7525);
#7525 = CARTESIAN_POINT('',(-0.221258339935,0.632734726789,
    0.648567331903));
#7526 = LINE('',#7527,#7528);
#7527 = CARTESIAN_POINT('',(-0.221591946424,0.626188376907,
    0.695147031647));
#7528 = VECTOR('',#7529,1.);
#7529 = DIRECTION('',(7.092178509004E-03,0.139169600782,-0.990243163684)
  );
#7530 = ORIENTED_EDGE('',*,*,#7531,.F.);
#7531 = EDGE_CURVE('',#7532,#7522,#7534,.T.);
#7532 = VERTEX_POINT('',#7533);
#7533 = CARTESIAN_POINT('',(-0.230809168535,0.626197474907,
    0.695082296012));
#7534 = LINE('',#7535,#7536);
#7535 = CARTESIAN_POINT('',(-0.230809168535,0.626197474907,
    0.695082296012));
#7536 = VECTOR('',#7537,1.);
#7537 = DIRECTION('',(0.999974850186,-9.870404750007E-04,
    7.023157916005E-03));
#7538 = ORIENTED_EDGE('',*,*,#7539,.F.);
#7539 = EDGE_CURVE('',#7540,#7532,#7542,.T.);
#7540 = VERTEX_POINT('',#7541);
#7541 = CARTESIAN_POINT('',(-0.248376320701,0.627013613884,
    0.689275165448));
#7542 = B_SPLINE_CURVE_WITH_KNOTS('',3,(#7543,#7544,#7545,#7546),
  .UNSPECIFIED.,.F.,.F.,(4,4),(5.,6.),.PIECEWISE_BEZIER_KNOTS.);
#7543 = CARTESIAN_POINT('',(-0.248376320701,0.627013613884,
    0.689275165448));
#7544 = CARTESIAN_POINT('',(-0.243943082031,0.626475258188,
    0.693105765267));
#7545 = CARTESIAN_POINT('',(-0.238076893583,0.626204648626,
    0.695031252348));
#7546 = CARTESIAN_POINT('',(-0.230809168535,0.626197474907,
    0.695082296012));
#7547 = ORIENTED_EDGE('',*,*,#7548,.F.);
#7548 = EDGE_CURVE('',#7549,#7540,#7551,.T.);
#7549 = VERTEX_POINT('',#7550);
#7550 = CARTESIAN_POINT('',(-0.25494509994,0.62941215355,0.672208668931)
  );
#7551 = B_SPLINE_CURVE_WITH_KNOTS('',3,(#7552,#7553,#7554,#7555),
  .UNSPECIFIED.,.F.,.F.,(4,4),(4.,5.),.PIECEWISE_BEZIER_KNOTS.);
#7552 = CARTESIAN_POINT('',(-0.25494509994,0.62941215355,0.672208668931)
  );
#7553 = CARTESIAN_POINT('',(-0.254999078709,0.628352929829,
    0.679745437325));
#7554 = CARTESIAN_POINT('',(-0.252809559371,0.62755196958,0.685444565628
    ));
#7555 = CARTESIAN_POINT('',(-0.248376320701,0.627013613884,
    0.689275165448));
#7556 = ORIENTED_EDGE('',*,*,#7557,.F.);
#7557 = EDGE_CURVE('',#7558,#7549,#7560,.T.);
#7558 = VERTEX_POINT('',#7559);
#7559 = CARTESIAN_POINT('',(-0.248300105045,0.631875793743,
    0.654678958092));
#7560 = B_SPLINE_CURVE_WITH_KNOTS('',3,(#7561,#7562,#7563,#7564),
  .UNSPECIFIED.,.F.,.F.,(4,4),(3.,4.),.PIECEWISE_BEZIER_KNOTS.);
#7561 = CARTESIAN_POINT('',(-0.248300105045,0.631875793743,
    0.654678958092));
#7562 = CARTESIAN_POINT('',(-0.25268124779,0.631294042827,0.658818330948
    ));
#7563 = CARTESIAN_POINT('',(-0.254891121171,0.630471377271,
    0.664671900537));
#7564 = CARTESIAN_POINT('',(-0.25494509994,0.62941215355,0.672208668931)
  );
#7565 = ORIENTED_EDGE('',*,*,#7566,.F.);
#7566 = EDGE_CURVE('',#7567,#7558,#7569,.T.);
#7567 = VERTEX_POINT('',#7568);
#7568 = CARTESIAN_POINT('',(-0.230116854586,0.632743470722,
    0.648505115591));
#7569 = B_SPLINE_CURVE_WITH_KNOTS('',3,(#7570,#7571,#7572,#7573),
  .UNSPECIFIED.,.F.,.F.,(4,4),(2.,3.),.PIECEWISE_BEZIER_KNOTS.);
#7570 = CARTESIAN_POINT('',(-0.230116854586,0.632743470722,
    0.648505115591));
#7571 = CARTESIAN_POINT('',(-0.237868054906,0.632751121662,
    0.648450676318));
#7572 = CARTESIAN_POINT('',(-0.243934337051,0.632461901134,
    0.650508587306));
#7573 = CARTESIAN_POINT('',(-0.248300105045,0.631875793743,
    0.654678958092));
#7574 = ORIENTED_EDGE('',*,*,#7575,.F.);
#7575 = EDGE_CURVE('',#7524,#7567,#7576,.T.);
#7576 = LINE('',#7577,#7578);
#7577 = CARTESIAN_POINT('',(-0.221258339935,0.632734726789,
    0.648567331903));
#7578 = VECTOR('',#7579,1.);
#7579 = DIRECTION('',(-0.999974850186,9.870404750007E-04,
    -7.023157916005E-03));
#7580 = PLANE('',#7581);
#7581 = AXIS2_PLACEMENT_3D('',#7582,#7583,#7584);
#7582 = CARTESIAN_POINT('',(-0.243859489796,0.625514120569,
    0.699944614777));
#7583 = DIRECTION('',(-2.306635823171E-15,0.990268068742,0.13917310096)
  );
#7584 = DIRECTION('',(-9.860761315263E-32,-0.13917310096,0.990268068742)
  );
#7585 = ADVANCED_FACE('',(#7586),#7602,.F.);
#7586 = FACE_BOUND('',#7587,.T.);
#7587 = EDGE_LOOP('',(#7588,#7589,#7595,#7596));
#7588 = ORIENTED_EDGE('',*,*,#1186,.T.);
#7589 = ORIENTED_EDGE('',*,*,#7590,.F.);
#7590 = EDGE_CURVE('',#7462,#1176,#7591,.T.);
#7591 = LINE('',#7592,#7593);
#7592 = CARTESIAN_POINT('',(-0.230114309461,0.633711577928,
    0.641616674886));
#7593 = VECTOR('',#7594,1.);
#7594 = DIRECTION('',(1.894677867305E-16,-0.990268068742,-0.13917310096)
  );
#7595 = ORIENTED_EDGE('',*,*,#7459,.F.);
#7596 = ORIENTED_EDGE('',*,*,#7597,.T.);
#7597 = EDGE_CURVE('',#7460,#1187,#7598,.T.);
#7598 = LINE('',#7599,#7600);
#7599 = CARTESIAN_POINT('',(-0.213333038748,0.633695013718,
    0.641734535364));
#7600 = VECTOR('',#7601,1.);
#7601 = DIRECTION('',(1.894677867305E-16,-0.990268068742,-0.13917310096)
  );
#7602 = PLANE('',#7603);
#7603 = AXIS2_PLACEMENT_3D('',#7604,#7605,#7606);
#7604 = CARTESIAN_POINT('',(-0.230114309461,0.633711577928,
    0.641616674886));
#7605 = DIRECTION('',(-7.092178509004E-03,-0.139169600782,0.990243163684
    ));
#7606 = DIRECTION('',(-2.53096155145E-15,-0.990268068742,-0.13917310096)
  );
#7607 = ADVANCED_FACE('',(#7608),#7619,.F.);
#7608 = FACE_BOUND('',#7609,.F.);
#7609 = EDGE_LOOP('',(#7610,#7611,#7612,#7618));
#7610 = ORIENTED_EDGE('',*,*,#7590,.F.);
#7611 = ORIENTED_EDGE('',*,*,#7469,.T.);
#7612 = ORIENTED_EDGE('',*,*,#7613,.T.);
#7613 = EDGE_CURVE('',#7470,#1178,#7614,.T.);
#7614 = LINE('',#7615,#7616);
#7615 = CARTESIAN_POINT('',(-0.253865213265,0.632545505644,
    0.649913710311));
#7616 = VECTOR('',#7617,1.);
#7617 = DIRECTION('',(1.894677867305E-16,-0.990268068742,-0.13917310096)
  );
#7618 = ORIENTED_EDGE('',*,*,#1175,.F.);
#7619 = B_SPLINE_SURFACE_WITH_KNOTS('',3,1,(
    (#7620,#7621)
    ,(#7622,#7623)
    ,(#7624,#7625)
    ,(#7626,#7627
    )),.UNSPECIFIED.,.F.,.F.,.F.,(4,4),(2,2),(5.,6.),(0.,1.),
  .PIECEWISE_BEZIER_KNOTS.);
#7620 = CARTESIAN_POINT('',(-0.230114309461,0.633711577928,
    0.641616674886));
#7621 = CARTESIAN_POINT('',(-0.230114309461,0.633612551121,
    0.641602757576));
#7622 = CARTESIAN_POINT('',(-0.239768218913,0.633721106967,0.64154887225
    ));
#7623 = CARTESIAN_POINT('',(-0.239768218913,0.63362208016,0.64153495494)
  );
#7624 = CARTESIAN_POINT('',(-0.247695510424,0.633333873495,
    0.644304181569));
#7625 = CARTESIAN_POINT('',(-0.247695510424,0.633234846689,
    0.644290264259));
#7626 = CARTESIAN_POINT('',(-0.253865213265,0.632545505644,
    0.649913710311));
#7627 = CARTESIAN_POINT('',(-0.253865213265,0.632446478837,
    0.649899793001));
#7628 = ADVANCED_FACE('',(#7629),#7640,.F.);
#7629 = FACE_BOUND('',#7630,.F.);
#7630 = EDGE_LOOP('',(#7631,#7632,#7633,#7639));
#7631 = ORIENTED_EDGE('',*,*,#7613,.F.);
#7632 = ORIENTED_EDGE('',*,*,#7478,.T.);
#7633 = ORIENTED_EDGE('',*,*,#7634,.T.);
#7634 = EDGE_CURVE('',#7479,#1220,#7635,.T.);
#7635 = LINE('',#7636,#7637);
#7636 = CARTESIAN_POINT('',(-0.263228112033,0.629389940329,
    0.672366724207));
#7637 = VECTOR('',#7638,1.);
#7638 = DIRECTION('',(1.894677867305E-16,-0.990268068742,-0.13917310096)
  );
#7639 = ORIENTED_EDGE('',*,*,#1228,.F.);
#7640 = B_SPLINE_SURFACE_WITH_KNOTS('',3,1,(
    (#7641,#7642)
    ,(#7643,#7644)
    ,(#7645,#7646)
    ,(#7647,#7648
    )),.UNSPECIFIED.,.F.,.F.,.F.,(4,4),(2,2),(4.,5.),(0.,1.),
  .PIECEWISE_BEZIER_KNOTS.);
#7641 = CARTESIAN_POINT('',(-0.253865213265,0.632545505644,
    0.649913710311));
#7642 = CARTESIAN_POINT('',(-0.253865213265,0.632446478837,
    0.649899793001));
#7643 = CARTESIAN_POINT('',(-0.260034916106,0.631757137792,
    0.655523239052));
#7644 = CARTESIAN_POINT('',(-0.260034916106,0.631658110985,
    0.655509321742));
#7645 = CARTESIAN_POINT('',(-0.263161081021,0.630705287819,
    0.663007540505));
#7646 = CARTESIAN_POINT('',(-0.263161081021,0.630606261012,
    0.662993623195));
#7647 = CARTESIAN_POINT('',(-0.263228112033,0.629389940329,
    0.672366724207));
#7648 = CARTESIAN_POINT('',(-0.263228112033,0.629290913522,
    0.672352806897));
#7649 = ADVANCED_FACE('',(#7650),#7661,.F.);
#7650 = FACE_BOUND('',#7651,.F.);
#7651 = EDGE_LOOP('',(#7652,#7653,#7654,#7660));
#7652 = ORIENTED_EDGE('',*,*,#7634,.F.);
#7653 = ORIENTED_EDGE('',*,*,#7487,.T.);
#7654 = ORIENTED_EDGE('',*,*,#7655,.T.);
#7655 = EDGE_CURVE('',#7488,#1211,#7656,.T.);
#7656 = LINE('',#7657,#7658);
#7657 = CARTESIAN_POINT('',(-0.254180015675,0.626368147632,
    0.693867896475));
#7658 = VECTOR('',#7659,1.);
#7659 = DIRECTION('',(1.894677867305E-16,-0.990268068742,-0.13917310096)
  );
#7660 = ORIENTED_EDGE('',*,*,#1219,.F.);
#7661 = B_SPLINE_SURFACE_WITH_KNOTS('',3,1,(
    (#7662,#7663)
    ,(#7664,#7665)
    ,(#7666,#7667)
    ,(#7668,#7669
    )),.UNSPECIFIED.,.F.,.F.,.F.,(4,4),(2,2),(3.,4.),(0.,1.),
  .PIECEWISE_BEZIER_KNOTS.);
#7662 = CARTESIAN_POINT('',(-0.263228112033,0.629389940329,
    0.672366724207));
#7663 = CARTESIAN_POINT('',(-0.263228112033,0.629290913522,
    0.672352806897));
#7664 = CARTESIAN_POINT('',(-0.263292267127,0.62813102689,0.681324358774
    ));
#7665 = CARTESIAN_POINT('',(-0.263292267127,0.628032000083,
    0.681310441463));
#7666 = CARTESIAN_POINT('',(-0.260270962607,0.627125204553,
    0.688481156576));
#7667 = CARTESIAN_POINT('',(-0.260270962607,0.627026177746,
    0.688467239266));
#7668 = CARTESIAN_POINT('',(-0.254180015675,0.626368147632,
    0.693867896475));
#7669 = CARTESIAN_POINT('',(-0.254180015675,0.626269120825,
    0.693853979165));
#7670 = ADVANCED_FACE('',(#7671),#7682,.F.);
#7671 = FACE_BOUND('',#7672,.F.);
#7672 = EDGE_LOOP('',(#7673,#7674,#7675,#7681));
#7673 = ORIENTED_EDGE('',*,*,#7655,.F.);
#7674 = ORIENTED_EDGE('',*,*,#7496,.T.);
#7675 = ORIENTED_EDGE('',*,*,#7676,.T.);
#7676 = EDGE_CURVE('',#7497,#1203,#7677,.T.);
#7677 = LINE('',#7678,#7679);
#7678 = CARTESIAN_POINT('',(-0.231170863569,0.625221039607,
    0.702029994184));
#7679 = VECTOR('',#7680,1.);
#7680 = DIRECTION('',(1.894677867305E-16,-0.990268068742,-0.13917310096)
  );
#7681 = ORIENTED_EDGE('',*,*,#1210,.F.);
#7682 = B_SPLINE_SURFACE_WITH_KNOTS('',3,1,(
    (#7683,#7684)
    ,(#7685,#7686)
    ,(#7687,#7688)
    ,(#7689,#7690
    )),.UNSPECIFIED.,.F.,.F.,.F.,(4,4),(2,2),(2.,3.),(0.,1.),
  .PIECEWISE_BEZIER_KNOTS.);
#7683 = CARTESIAN_POINT('',(-0.254180015675,0.626368147632,
    0.693867896475));
#7684 = CARTESIAN_POINT('',(-0.254180015675,0.626269120825,
    0.693853979165));
#7685 = CARTESIAN_POINT('',(-0.248089068743,0.62561109071,0.699254636373
    ));
#7686 = CARTESIAN_POINT('',(-0.248089068743,0.625512063903,
    0.699240719063));
#7687 = CARTESIAN_POINT('',(-0.240419277633,0.625230168395,
    0.701965039478));
#7688 = CARTESIAN_POINT('',(-0.240419277633,0.625131141588,
    0.701951122168));
#7689 = CARTESIAN_POINT('',(-0.231170863569,0.625221039607,
    0.702029994184));
#7690 = CARTESIAN_POINT('',(-0.231170863569,0.6251220128,0.702016076874)
  );
#7691 = ADVANCED_FACE('',(#7692),#7703,.F.);
#7692 = FACE_BOUND('',#7693,.T.);
#7693 = EDGE_LOOP('',(#7694,#7695,#7701,#7702));
#7694 = ORIENTED_EDGE('',*,*,#1202,.T.);
#7695 = ORIENTED_EDGE('',*,*,#7696,.F.);
#7696 = EDGE_CURVE('',#7506,#1195,#7697,.T.);
#7697 = LINE('',#7698,#7699);
#7698 = CARTESIAN_POINT('',(-0.213765753796,0.625203859627,
    0.702152236093));
#7699 = VECTOR('',#7700,1.);
#7700 = DIRECTION('',(1.894677867305E-16,-0.990268068742,-0.13917310096)
  );
#7701 = ORIENTED_EDGE('',*,*,#7505,.F.);
#7702 = ORIENTED_EDGE('',*,*,#7676,.T.);
#7703 = PLANE('',#7704);
#7704 = AXIS2_PLACEMENT_3D('',#7705,#7706,#7707);
#7705 = CARTESIAN_POINT('',(-0.213765753796,0.625203859627,
    0.702152236093));
#7706 = DIRECTION('',(7.092178509004E-03,0.139169600782,-0.990243163684)
  );
#7707 = DIRECTION('',(2.53096155145E-15,0.990268068742,0.13917310096));
#7708 = ADVANCED_FACE('',(#7709),#7715,.F.);
#7709 = FACE_BOUND('',#7710,.T.);
#7710 = EDGE_LOOP('',(#7711,#7712,#7713,#7714));
#7711 = ORIENTED_EDGE('',*,*,#1194,.T.);
#7712 = ORIENTED_EDGE('',*,*,#7597,.F.);
#7713 = ORIENTED_EDGE('',*,*,#7513,.F.);
#7714 = ORIENTED_EDGE('',*,*,#7696,.T.);
#7715 = PLANE('',#7716);
#7716 = AXIS2_PLACEMENT_3D('',#7717,#7718,#7719);
#7717 = CARTESIAN_POINT('',(-0.213333038748,0.633695013718,
    0.641734535364));
#7718 = DIRECTION('',(-0.999974850186,9.870404750007E-04,
    -7.023157916005E-03));
#7719 = DIRECTION('',(-7.02316133716E-03,1.555177902147E-16,
    0.999975337298));
#7720 = ADVANCED_FACE('',(#7721),#7746,.T.);
#7721 = FACE_BOUND('',#7722,.T.);
#7722 = EDGE_LOOP('',(#7723,#7733,#7739,#7740));
#7723 = ORIENTED_EDGE('',*,*,#7724,.F.);
#7724 = EDGE_CURVE('',#7725,#7727,#7729,.T.);
#7725 = VERTEX_POINT('',#7726);
#7726 = CARTESIAN_POINT('',(-0.230809168535,0.6260984481,0.695068378702)
  );
#7727 = VERTEX_POINT('',#7728);
#7728 = CARTESIAN_POINT('',(-0.221591946424,0.6260893501,0.695133114336)
  );
#7729 = LINE('',#7730,#7731);
#7730 = CARTESIAN_POINT('',(-0.230809168535,0.6260984481,0.695068378702)
  );
#7731 = VECTOR('',#7732,1.);
#7732 = DIRECTION('',(0.999974850186,-9.870404750007E-04,
    7.023157916005E-03));
#7733 = ORIENTED_EDGE('',*,*,#7734,.F.);
#7734 = EDGE_CURVE('',#7532,#7725,#7735,.T.);
#7735 = LINE('',#7736,#7737);
#7736 = CARTESIAN_POINT('',(-0.230809168535,0.626197474907,
    0.695082296012));
#7737 = VECTOR('',#7738,1.);
#7738 = DIRECTION('',(1.894677867305E-16,-0.990268068742,-0.13917310096)
  );
#7739 = ORIENTED_EDGE('',*,*,#7531,.T.);
#7740 = ORIENTED_EDGE('',*,*,#7741,.T.);
#7741 = EDGE_CURVE('',#7522,#7727,#7742,.T.);
#7742 = LINE('',#7743,#7744);
#7743 = CARTESIAN_POINT('',(-0.221591946424,0.626188376907,
    0.695147031647));
#7744 = VECTOR('',#7745,1.);
#7745 = DIRECTION('',(1.894677867305E-16,-0.990268068742,-0.13917310096)
  );
#7746 = PLANE('',#7747);
#7747 = AXIS2_PLACEMENT_3D('',#7748,#7749,#7750);
#7748 = CARTESIAN_POINT('',(-0.230809168535,0.626197474907,
    0.695082296012));
#7749 = DIRECTION('',(7.092178509004E-03,0.139169600782,-0.990243163684)
  );
#7750 = DIRECTION('',(2.53096155145E-15,0.990268068742,0.13917310096));
#7751 = ADVANCED_FACE('',(#7752),#7770,.T.);
#7752 = FACE_BOUND('',#7753,.T.);
#7753 = EDGE_LOOP('',(#7754,#7762,#7763,#7764));
#7754 = ORIENTED_EDGE('',*,*,#7755,.F.);
#7755 = EDGE_CURVE('',#7727,#7756,#7758,.T.);
#7756 = VERTEX_POINT('',#7757);
#7757 = CARTESIAN_POINT('',(-0.221258339935,0.632635699982,
    0.648553414593));
#7758 = LINE('',#7759,#7760);
#7759 = CARTESIAN_POINT('',(-0.221591946424,0.6260893501,0.695133114336)
  );
#7760 = VECTOR('',#7761,1.);
#7761 = DIRECTION('',(7.092178509004E-03,0.139169600782,-0.990243163684)
  );
#7762 = ORIENTED_EDGE('',*,*,#7741,.F.);
#7763 = ORIENTED_EDGE('',*,*,#7521,.T.);
#7764 = ORIENTED_EDGE('',*,*,#7765,.T.);
#7765 = EDGE_CURVE('',#7524,#7756,#7766,.T.);
#7766 = LINE('',#7767,#7768);
#7767 = CARTESIAN_POINT('',(-0.221258339935,0.632734726789,
    0.648567331903));
#7768 = VECTOR('',#7769,1.);
#7769 = DIRECTION('',(1.894677867305E-16,-0.990268068742,-0.13917310096)
  );
#7770 = PLANE('',#7771);
#7771 = AXIS2_PLACEMENT_3D('',#7772,#7773,#7774);
#7772 = CARTESIAN_POINT('',(-0.221591946424,0.626188376907,
    0.695147031647));
#7773 = DIRECTION('',(-0.999974850186,9.870404750007E-04,
    -7.023157916005E-03));
#7774 = DIRECTION('',(-7.02316133716E-03,1.555177902147E-16,
    0.999975337298));
#7775 = ADVANCED_FACE('',(#7776),#7794,.T.);
#7776 = FACE_BOUND('',#7777,.T.);
#7777 = EDGE_LOOP('',(#7778,#7786,#7787,#7788));
#7778 = ORIENTED_EDGE('',*,*,#7779,.F.);
#7779 = EDGE_CURVE('',#7756,#7780,#7782,.T.);
#7780 = VERTEX_POINT('',#7781);
#7781 = CARTESIAN_POINT('',(-0.230116854586,0.632644443915,
    0.648491198281));
#7782 = LINE('',#7783,#7784);
#7783 = CARTESIAN_POINT('',(-0.221258339935,0.632635699982,
    0.648553414593));
#7784 = VECTOR('',#7785,1.);
#7785 = DIRECTION('',(-0.999974850186,9.870404750007E-04,
    -7.023157916005E-03));
#7786 = ORIENTED_EDGE('',*,*,#7765,.F.);
#7787 = ORIENTED_EDGE('',*,*,#7575,.T.);
#7788 = ORIENTED_EDGE('',*,*,#7789,.T.);
#7789 = EDGE_CURVE('',#7567,#7780,#7790,.T.);
#7790 = LINE('',#7791,#7792);
#7791 = CARTESIAN_POINT('',(-0.230116854586,0.632743470722,
    0.648505115591));
#7792 = VECTOR('',#7793,1.);
#7793 = DIRECTION('',(1.894677867305E-16,-0.990268068742,-0.13917310096)
  );
#7794 = PLANE('',#7795);
#7795 = AXIS2_PLACEMENT_3D('',#7796,#7797,#7798);
#7796 = CARTESIAN_POINT('',(-0.221258339935,0.632734726789,
    0.648567331903));
#7797 = DIRECTION('',(-7.092178509004E-03,-0.139169600782,0.990243163684
    ));
#7798 = DIRECTION('',(-2.53096155145E-15,-0.990268068742,-0.13917310096)
  );
#7799 = ADVANCED_FACE('',(#7800),#7819,.T.);
#7800 = FACE_BOUND('',#7801,.T.);
#7801 = EDGE_LOOP('',(#7802,#7811,#7812,#7813));
#7802 = ORIENTED_EDGE('',*,*,#7803,.F.);
#7803 = EDGE_CURVE('',#7780,#7804,#7806,.T.);
#7804 = VERTEX_POINT('',#7805);
#7805 = CARTESIAN_POINT('',(-0.248300105045,0.631776766936,
    0.654665040782));
#7806 = B_SPLINE_CURVE_WITH_KNOTS('',3,(#7807,#7808,#7809,#7810),
  .UNSPECIFIED.,.F.,.F.,(4,4),(2.,3.),.PIECEWISE_BEZIER_KNOTS.);
#7807 = CARTESIAN_POINT('',(-0.230116854586,0.632644443915,
    0.648491198281));
#7808 = CARTESIAN_POINT('',(-0.237868054906,0.632652094856,
    0.648436759008));
#7809 = CARTESIAN_POINT('',(-0.243934337051,0.632362874328,
    0.650494669996));
#7810 = CARTESIAN_POINT('',(-0.248300105045,0.631776766936,
    0.654665040782));
#7811 = ORIENTED_EDGE('',*,*,#7789,.F.);
#7812 = ORIENTED_EDGE('',*,*,#7566,.T.);
#7813 = ORIENTED_EDGE('',*,*,#7814,.T.);
#7814 = EDGE_CURVE('',#7558,#7804,#7815,.T.);
#7815 = LINE('',#7816,#7817);
#7816 = CARTESIAN_POINT('',(-0.248300105045,0.631875793743,
    0.654678958092));
#7817 = VECTOR('',#7818,1.);
#7818 = DIRECTION('',(1.894677867305E-16,-0.990268068742,-0.13917310096)
  );
#7819 = B_SPLINE_SURFACE_WITH_KNOTS('',3,1,(
    (#7820,#7821)
    ,(#7822,#7823)
    ,(#7824,#7825)
    ,(#7826,#7827
    )),.UNSPECIFIED.,.F.,.F.,.F.,(4,4),(2,2),(2.,3.),(0.,1.),
  .PIECEWISE_BEZIER_KNOTS.);
#7820 = CARTESIAN_POINT('',(-0.230116854586,0.632743470722,
    0.648505115591));
#7821 = CARTESIAN_POINT('',(-0.230116854586,0.632644443915,
    0.648491198281));
#7822 = CARTESIAN_POINT('',(-0.237868054906,0.632751121662,
    0.648450676318));
#7823 = CARTESIAN_POINT('',(-0.237868054906,0.632652094856,
    0.648436759008));
#7824 = CARTESIAN_POINT('',(-0.243934337051,0.632461901134,
    0.650508587306));
#7825 = CARTESIAN_POINT('',(-0.243934337051,0.632362874328,
    0.650494669996));
#7826 = CARTESIAN_POINT('',(-0.248300105045,0.631875793743,
    0.654678958092));
#7827 = CARTESIAN_POINT('',(-0.248300105045,0.631776766936,
    0.654665040782));
#7828 = ADVANCED_FACE('',(#7829),#7848,.T.);
#7829 = FACE_BOUND('',#7830,.T.);
#7830 = EDGE_LOOP('',(#7831,#7840,#7841,#7842));
#7831 = ORIENTED_EDGE('',*,*,#7832,.F.);
#7832 = EDGE_CURVE('',#7804,#7833,#7835,.T.);
#7833 = VERTEX_POINT('',#7834);
#7834 = CARTESIAN_POINT('',(-0.25494509994,0.629313126743,0.672194751621
    ));
#7835 = B_SPLINE_CURVE_WITH_KNOTS('',3,(#7836,#7837,#7838,#7839),
  .UNSPECIFIED.,.F.,.F.,(4,4),(3.,4.),.PIECEWISE_BEZIER_KNOTS.);
#7836 = CARTESIAN_POINT('',(-0.248300105045,0.631776766936,
    0.654665040782));
#7837 = CARTESIAN_POINT('',(-0.25268124779,0.63119501602,0.658804413638)
  );
#7838 = CARTESIAN_POINT('',(-0.254891121171,0.630372350464,
    0.664657983227));
#7839 = CARTESIAN_POINT('',(-0.25494509994,0.629313126743,0.672194751621
    ));
#7840 = ORIENTED_EDGE('',*,*,#7814,.F.);
#7841 = ORIENTED_EDGE('',*,*,#7557,.T.);
#7842 = ORIENTED_EDGE('',*,*,#7843,.T.);
#7843 = EDGE_CURVE('',#7549,#7833,#7844,.T.);
#7844 = LINE('',#7845,#7846);
#7845 = CARTESIAN_POINT('',(-0.25494509994,0.62941215355,0.672208668931)
  );
#7846 = VECTOR('',#7847,1.);
#7847 = DIRECTION('',(1.894677867305E-16,-0.990268068742,-0.13917310096)
  );
#7848 = B_SPLINE_SURFACE_WITH_KNOTS('',3,1,(
    (#7849,#7850)
    ,(#7851,#7852)
    ,(#7853,#7854)
    ,(#7855,#7856
    )),.UNSPECIFIED.,.F.,.F.,.F.,(4,4),(2,2),(3.,4.),(0.,1.),
  .PIECEWISE_BEZIER_KNOTS.);
#7849 = CARTESIAN_POINT('',(-0.248300105045,0.631875793743,
    0.654678958092));
#7850 = CARTESIAN_POINT('',(-0.248300105045,0.631776766936,
    0.654665040782));
#7851 = CARTESIAN_POINT('',(-0.25268124779,0.631294042827,0.658818330948
    ));
#7852 = CARTESIAN_POINT('',(-0.25268124779,0.63119501602,0.658804413638)
  );
#7853 = CARTESIAN_POINT('',(-0.254891121171,0.630471377271,
    0.664671900537));
#7854 = CARTESIAN_POINT('',(-0.254891121171,0.630372350464,
    0.664657983227));
#7855 = CARTESIAN_POINT('',(-0.25494509994,0.62941215355,0.672208668931)
  );
#7856 = CARTESIAN_POINT('',(-0.25494509994,0.629313126743,0.672194751621
    ));
#7857 = ADVANCED_FACE('',(#7858),#7877,.T.);
#7858 = FACE_BOUND('',#7859,.T.);
#7859 = EDGE_LOOP('',(#7860,#7869,#7870,#7871));
#7860 = ORIENTED_EDGE('',*,*,#7861,.F.);
#7861 = EDGE_CURVE('',#7833,#7862,#7864,.T.);
#7862 = VERTEX_POINT('',#7863);
#7863 = CARTESIAN_POINT('',(-0.248376320701,0.626914587077,
    0.689261248138));
#7864 = B_SPLINE_CURVE_WITH_KNOTS('',3,(#7865,#7866,#7867,#7868),
  .UNSPECIFIED.,.F.,.F.,(4,4),(4.,5.),.PIECEWISE_BEZIER_KNOTS.);
#7865 = CARTESIAN_POINT('',(-0.25494509994,0.629313126743,0.672194751621
    ));
#7866 = CARTESIAN_POINT('',(-0.254999078709,0.628253903022,
    0.679731520015));
#7867 = CARTESIAN_POINT('',(-0.252809559371,0.627452942773,
    0.685430648318));
#7868 = CARTESIAN_POINT('',(-0.248376320701,0.626914587077,
    0.689261248138));
#7869 = ORIENTED_EDGE('',*,*,#7843,.F.);
#7870 = ORIENTED_EDGE('',*,*,#7548,.T.);
#7871 = ORIENTED_EDGE('',*,*,#7872,.T.);
#7872 = EDGE_CURVE('',#7540,#7862,#7873,.T.);
#7873 = LINE('',#7874,#7875);
#7874 = CARTESIAN_POINT('',(-0.248376320701,0.627013613884,
    0.689275165448));
#7875 = VECTOR('',#7876,1.);
#7876 = DIRECTION('',(1.894677867305E-16,-0.990268068742,-0.13917310096)
  );
#7877 = B_SPLINE_SURFACE_WITH_KNOTS('',3,1,(
    (#7878,#7879)
    ,(#7880,#7881)
    ,(#7882,#7883)
    ,(#7884,#7885
    )),.UNSPECIFIED.,.F.,.F.,.F.,(4,4),(2,2),(4.,5.),(0.,1.),
  .PIECEWISE_BEZIER_KNOTS.);
#7878 = CARTESIAN_POINT('',(-0.25494509994,0.62941215355,0.672208668931)
  );
#7879 = CARTESIAN_POINT('',(-0.25494509994,0.629313126743,0.672194751621
    ));
#7880 = CARTESIAN_POINT('',(-0.254999078709,0.628352929829,
    0.679745437325));
#7881 = CARTESIAN_POINT('',(-0.254999078709,0.628253903022,
    0.679731520015));
#7882 = CARTESIAN_POINT('',(-0.252809559371,0.62755196958,0.685444565628
    ));
#7883 = CARTESIAN_POINT('',(-0.252809559371,0.627452942773,
    0.685430648318));
#7884 = CARTESIAN_POINT('',(-0.248376320701,0.627013613884,
    0.689275165448));
#7885 = CARTESIAN_POINT('',(-0.248376320701,0.626914587077,
    0.689261248138));
#7886 = ADVANCED_FACE('',(#7887),#7899,.T.);
#7887 = FACE_BOUND('',#7888,.T.);
#7888 = EDGE_LOOP('',(#7889,#7896,#7897,#7898));
#7889 = ORIENTED_EDGE('',*,*,#7890,.F.);
#7890 = EDGE_CURVE('',#7862,#7725,#7891,.T.);
#7891 = B_SPLINE_CURVE_WITH_KNOTS('',3,(#7892,#7893,#7894,#7895),
  .UNSPECIFIED.,.F.,.F.,(4,4),(5.,6.),.PIECEWISE_BEZIER_KNOTS.);
#7892 = CARTESIAN_POINT('',(-0.248376320701,0.626914587077,
    0.689261248138));
#7893 = CARTESIAN_POINT('',(-0.243943082031,0.626376231381,
    0.693091847957));
#7894 = CARTESIAN_POINT('',(-0.238076893583,0.626105621819,
    0.695017335037));
#7895 = CARTESIAN_POINT('',(-0.230809168535,0.6260984481,0.695068378702)
  );
#7896 = ORIENTED_EDGE('',*,*,#7872,.F.);
#7897 = ORIENTED_EDGE('',*,*,#7539,.T.);
#7898 = ORIENTED_EDGE('',*,*,#7734,.T.);
#7899 = B_SPLINE_SURFACE_WITH_KNOTS('',3,1,(
    (#7900,#7901)
    ,(#7902,#7903)
    ,(#7904,#7905)
    ,(#7906,#7907
    )),.UNSPECIFIED.,.F.,.F.,.F.,(4,4),(2,2),(5.,6.),(0.,1.),
  .PIECEWISE_BEZIER_KNOTS.);
#7900 = CARTESIAN_POINT('',(-0.248376320701,0.627013613884,
    0.689275165448));
#7901 = CARTESIAN_POINT('',(-0.248376320701,0.626914587077,
    0.689261248138));
#7902 = CARTESIAN_POINT('',(-0.243943082031,0.626475258188,
    0.693105765267));
#7903 = CARTESIAN_POINT('',(-0.243943082031,0.626376231381,
    0.693091847957));
#7904 = CARTESIAN_POINT('',(-0.238076893583,0.626204648626,
    0.695031252348));
#7905 = CARTESIAN_POINT('',(-0.238076893583,0.626105621819,
    0.695017335037));
#7906 = CARTESIAN_POINT('',(-0.230809168535,0.626197474907,
    0.695082296012));
#7907 = CARTESIAN_POINT('',(-0.230809168535,0.6260984481,0.695068378702)
  );
#7908 = ADVANCED_FACE('',(#7909),#7918,.T.);
#7909 = FACE_BOUND('',#7910,.T.);
#7910 = EDGE_LOOP('',(#7911,#7912,#7913,#7914,#7915,#7916,#7917));
#7911 = ORIENTED_EDGE('',*,*,#7724,.T.);
#7912 = ORIENTED_EDGE('',*,*,#7755,.T.);
#7913 = ORIENTED_EDGE('',*,*,#7779,.T.);
#7914 = ORIENTED_EDGE('',*,*,#7803,.T.);
#7915 = ORIENTED_EDGE('',*,*,#7832,.T.);
#7916 = ORIENTED_EDGE('',*,*,#7861,.T.);
#7917 = ORIENTED_EDGE('',*,*,#7890,.T.);
#7918 = PLANE('',#7919);
#7919 = AXIS2_PLACEMENT_3D('',#7920,#7921,#7922);
#7920 = CARTESIAN_POINT('',(-1.129362659708E-16,0.590270145251,
    0.949999999999));
#7921 = DIRECTION('',(-1.894677867305E-16,0.990268068742,0.13917310096)
  );
#7922 = DIRECTION('',(1.,1.913297951445E-16,6.240013019815E-30));
#7923 = ADVANCED_FACE('',(#7924,#7990),#8042,.F.);
#7924 = FACE_BOUND('',#7925,.T.);
#7925 = EDGE_LOOP('',(#7926,#7936,#7944,#7952,#7960,#7968,#7976,#7984));
#7926 = ORIENTED_EDGE('',*,*,#7927,.T.);
#7927 = EDGE_CURVE('',#7928,#7930,#7932,.T.);
#7928 = VERTEX_POINT('',#7929);
#7929 = CARTESIAN_POINT('',(-0.321288388073,0.633801572697,
    0.640976328829));
#7930 = VERTEX_POINT('',#7931);
#7931 = CARTESIAN_POINT('',(-0.298483098139,0.625287481178,
    0.701557237841));
#7932 = LINE('',#7933,#7934);
#7933 = CARTESIAN_POINT('',(-0.298483098139,0.625287481178,
    0.701557237841));
#7934 = VECTOR('',#7935,1.);
#7935 = DIRECTION('',(0.349299057795,-0.130406767653,0.927892366158));
#7936 = ORIENTED_EDGE('',*,*,#7937,.T.);
#7937 = EDGE_CURVE('',#7930,#7938,#7940,.T.);
#7938 = VERTEX_POINT('',#7939);
#7939 = CARTESIAN_POINT('',(-0.290061270829,0.625279168284,
    0.701616387152));
#7940 = LINE('',#7941,#7942);
#7941 = CARTESIAN_POINT('',(-0.290061270829,0.625279168284,
    0.701616387152));
#7942 = VECTOR('',#7943,1.);
#7943 = DIRECTION('',(0.999974850186,-9.870404750007E-04,
    7.023157916005E-03));
#7944 = ORIENTED_EDGE('',*,*,#7945,.T.);
#7945 = EDGE_CURVE('',#7938,#7946,#7948,.T.);
#7946 = VERTEX_POINT('',#7947);
#7947 = CARTESIAN_POINT('',(-0.266390550797,0.633747384947,
    0.641361894707));
#7948 = LINE('',#7949,#7950);
#7949 = CARTESIAN_POINT('',(-0.266390550797,0.633747384947,
    0.641361894707));
#7950 = VECTOR('',#7951,1.);
#7951 = DIRECTION('',(0.362554487503,0.129704121719,-0.922892780555));
#7952 = ORIENTED_EDGE('',*,*,#7953,.T.);
#7953 = EDGE_CURVE('',#7946,#7954,#7956,.T.);
#7954 = VERTEX_POINT('',#7955);
#7955 = CARTESIAN_POINT('',(-0.275093105683,0.633755974937,
    0.641300773752));
#7956 = LINE('',#7957,#7958);
#7957 = CARTESIAN_POINT('',(-0.275093105683,0.633755974937,
    0.641300773752));
#7958 = VECTOR('',#7959,1.);
#7959 = DIRECTION('',(-0.999974850186,9.870404750007E-04,
    -7.023157916005E-03));
#7960 = ORIENTED_EDGE('',*,*,#7961,.T.);
#7961 = EDGE_CURVE('',#7954,#7962,#7964,.T.);
#7962 = VERTEX_POINT('',#7963);
#7963 = CARTESIAN_POINT('',(-0.281075547934,0.631439284933,
    0.657784879661));
#7964 = LINE('',#7965,#7966);
#7965 = CARTESIAN_POINT('',(-0.281075547934,0.631439284933,
    0.657784879661));
#7966 = VECTOR('',#7967,1.);
#7967 = DIRECTION('',(-0.338211162486,-0.13097166448,0.931911815932));
#7968 = ORIENTED_EDGE('',*,*,#7969,.T.);
#7969 = EDGE_CURVE('',#7962,#7970,#7972,.T.);
#7970 = VERTEX_POINT('',#7971);
#7971 = CARTESIAN_POINT('',(-0.306481393651,0.631464362162,
    0.657606445907));
#7972 = LINE('',#7973,#7974);
#7973 = CARTESIAN_POINT('',(-0.306481393651,0.631464362162,
    0.657606445907));
#7974 = VECTOR('',#7975,1.);
#7975 = DIRECTION('',(-0.999974850186,9.870404750007E-04,
    -7.023157916005E-03));
#7976 = ORIENTED_EDGE('',*,*,#7977,.T.);
#7977 = EDGE_CURVE('',#7970,#7978,#7980,.T.);
#7978 = VERTEX_POINT('',#7979);
#7979 = CARTESIAN_POINT('',(-0.312585833187,0.633792982707,
    0.641037449784));
#7980 = LINE('',#7981,#7982);
#7981 = CARTESIAN_POINT('',(-0.312585833187,0.633792982707,
    0.641037449784));
#7982 = VECTOR('',#7983,1.);
#7983 = DIRECTION('',(-0.342741495853,0.130743352318,-0.930287290489));
#7984 = ORIENTED_EDGE('',*,*,#7985,.T.);
#7985 = EDGE_CURVE('',#7978,#7928,#7986,.T.);
#7986 = LINE('',#7987,#7988);
#7987 = CARTESIAN_POINT('',(-0.321288388073,0.633801572697,
    0.640976328829));
#7988 = VECTOR('',#7989,1.);
#7989 = DIRECTION('',(-0.999974850186,9.870404750007E-04,
    -7.023157916005E-03));
#7990 = FACE_BOUND('',#7991,.T.);
#7991 = EDGE_LOOP('',(#7992,#8002,#8010,#8019,#8027,#8036));
#7992 = ORIENTED_EDGE('',*,*,#7993,.F.);
#7993 = EDGE_CURVE('',#7994,#7996,#7998,.T.);
#7994 = VERTEX_POINT('',#7995);
#7995 = CARTESIAN_POINT('',(-0.283619794781,0.630482369151,
    0.664593689246));
#7996 = VERTEX_POINT('',#7997);
#7997 = CARTESIAN_POINT('',(-0.304097311924,0.630502581797,
    0.664449868793));
#7998 = LINE('',#7999,#8000);
#7999 = CARTESIAN_POINT('',(-0.283619794781,0.630482369151,
    0.664593689246));
#8000 = VECTOR('',#8001,1.);
#8001 = DIRECTION('',(-0.999974850186,9.870404750007E-04,
    -7.023157916005E-03));
#8002 = ORIENTED_EDGE('',*,*,#8003,.F.);
#8003 = EDGE_CURVE('',#8004,#7994,#8006,.T.);
#8004 = VERTEX_POINT('',#8005);
#8005 = CARTESIAN_POINT('',(-0.29292329652,0.626962076076,0.689641876007
    ));
#8006 = LINE('',#8007,#8008);
#8007 = CARTESIAN_POINT('',(-0.29292329652,0.626962076076,0.689641876007
    ));
#8008 = VECTOR('',#8009,1.);
#8009 = DIRECTION('',(0.345199932434,0.130618015205,-0.929395470589));
#8010 = ORIENTED_EDGE('',*,*,#8011,.F.);
#8011 = EDGE_CURVE('',#8012,#8004,#8014,.T.);
#8012 = VERTEX_POINT('',#8013);
#8013 = CARTESIAN_POINT('',(-0.293951746768,0.626368333235,
    0.693866575841));
#8014 = B_SPLINE_CURVE_WITH_KNOTS('',3,(#8015,#8016,#8017,#8018),
  .UNSPECIFIED.,.F.,.F.,(4,4),(3.,4.),.PIECEWISE_BEZIER_KNOTS.);
#8015 = CARTESIAN_POINT('',(-0.293951746768,0.626368333235,
    0.693866575841));
#8016 = CARTESIAN_POINT('',(-0.293642370971,0.626624164513,
    0.692046241712));
#8017 = CARTESIAN_POINT('',(-0.293304679139,0.626823530951,0.69062767579
    ));
#8018 = CARTESIAN_POINT('',(-0.29292329652,0.626962076076,0.689641876007
    ));
#8019 = ORIENTED_EDGE('',*,*,#8020,.F.);
#8020 = EDGE_CURVE('',#8021,#8012,#8023,.T.);
#8021 = VERTEX_POINT('',#8022);
#8022 = CARTESIAN_POINT('',(-0.294138898486,0.626368517966,
    0.693865261411));
#8023 = LINE('',#8024,#8025);
#8024 = CARTESIAN_POINT('',(-0.294138898486,0.626368517966,
    0.693865261411));
#8025 = VECTOR('',#8026,1.);
#8026 = DIRECTION('',(0.999974850186,-9.870404750007E-04,
    7.023157916005E-03));
#8027 = ORIENTED_EDGE('',*,*,#8028,.F.);
#8028 = EDGE_CURVE('',#8029,#8021,#8031,.T.);
#8029 = VERTEX_POINT('',#8030);
#8030 = CARTESIAN_POINT('',(-0.295059945301,0.626964185088,
    0.689626869608));
#8031 = B_SPLINE_CURVE_WITH_KNOTS('',3,(#8032,#8033,#8034,#8035),
  .UNSPECIFIED.,.F.,.F.,(4,4),(1.,2.),.PIECEWISE_BEZIER_KNOTS.);
#8032 = CARTESIAN_POINT('',(-0.295059945301,0.626964185088,
    0.689626869608));
#8033 = CARTESIAN_POINT('',(-0.294769594808,0.626846683415,
    0.690462937454));
#8034 = CARTESIAN_POINT('',(-0.294467630378,0.626651026893,
    0.691855105946));
#8035 = CARTESIAN_POINT('',(-0.294138898486,0.626368517966,
    0.693865261411));
#8036 = ORIENTED_EDGE('',*,*,#8037,.F.);
#8037 = EDGE_CURVE('',#7996,#8029,#8038,.T.);
#8038 = LINE('',#8039,#8040);
#8039 = CARTESIAN_POINT('',(-0.304097311924,0.630502581797,
    0.664449868793));
#8040 = VECTOR('',#8041,1.);
#8041 = DIRECTION('',(0.334929697701,-0.131134896898,0.933073274943));
#8042 = PLANE('',#8043);
#8043 = AXIS2_PLACEMENT_3D('',#8044,#8045,#8046);
#8044 = CARTESIAN_POINT('',(-2.819468903806E-15,0.709863883888,
    9.9764862766E-02));
#8045 = DIRECTION('',(3.933713026226E-15,-0.990268068742,-0.13917310096)
  );
#8046 = DIRECTION('',(1.972152263053E-31,0.13917310096,-0.990268068742)
  );
#8047 = ADVANCED_FACE('',(#8048),#8064,.F.);
#8048 = FACE_BOUND('',#8049,.T.);
#8049 = EDGE_LOOP('',(#8050,#8051,#8057,#8058));
#8050 = ORIENTED_EDGE('',*,*,#49,.T.);
#8051 = ORIENTED_EDGE('',*,*,#8052,.F.);
#8052 = EDGE_CURVE('',#7930,#40,#8053,.T.);
#8053 = LINE('',#8054,#8055);
#8054 = CARTESIAN_POINT('',(-0.298483098139,0.625287481178,
    0.701557237841));
#8055 = VECTOR('',#8056,1.);
#8056 = DIRECTION('',(1.894677867305E-16,-0.990268068742,-0.13917310096)
  );
#8057 = ORIENTED_EDGE('',*,*,#7927,.F.);
#8058 = ORIENTED_EDGE('',*,*,#8059,.T.);
#8059 = EDGE_CURVE('',#7928,#50,#8060,.T.);
#8060 = LINE('',#8061,#8062);
#8061 = CARTESIAN_POINT('',(-0.321288388073,0.633801572697,
    0.640976328829));
#8062 = VECTOR('',#8063,1.);
#8063 = DIRECTION('',(1.894677867305E-16,-0.990268068742,-0.13917310096)
  );
#8064 = PLANE('',#8065);
#8065 = AXIS2_PLACEMENT_3D('',#8066,#8067,#8068);
#8066 = CARTESIAN_POINT('',(-0.298483098139,0.625287481178,
    0.701557237841));
#8067 = DIRECTION('',(0.937011295675,4.861303303502E-02,-0.345899703376)
  );
#8068 = DIRECTION('',(-0.346309148985,3.025010797408E-14,-0.938120447133
    ));
#8069 = ADVANCED_FACE('',(#8070),#8081,.F.);
#8070 = FACE_BOUND('',#8071,.T.);
#8071 = EDGE_LOOP('',(#8072,#8073,#8079,#8080));
#8072 = ORIENTED_EDGE('',*,*,#39,.T.);
#8073 = ORIENTED_EDGE('',*,*,#8074,.F.);
#8074 = EDGE_CURVE('',#7938,#42,#8075,.T.);
#8075 = LINE('',#8076,#8077);
#8076 = CARTESIAN_POINT('',(-0.290061270829,0.625279168284,
    0.701616387152));
#8077 = VECTOR('',#8078,1.);
#8078 = DIRECTION('',(1.894677867305E-16,-0.990268068742,-0.13917310096)
  );
#8079 = ORIENTED_EDGE('',*,*,#7937,.F.);
#8080 = ORIENTED_EDGE('',*,*,#8052,.T.);
#8081 = PLANE('',#8082);
#8082 = AXIS2_PLACEMENT_3D('',#8083,#8084,#8085);
#8083 = CARTESIAN_POINT('',(-0.290061270829,0.625279168284,
    0.701616387152));
#8084 = DIRECTION('',(7.092178509004E-03,0.139169600782,-0.990243163684)
  );
#8085 = DIRECTION('',(2.53096155145E-15,0.990268068742,0.13917310096));
#8086 = ADVANCED_FACE('',(#8087),#8098,.F.);
#8087 = FACE_BOUND('',#8088,.T.);
#8088 = EDGE_LOOP('',(#8089,#8090,#8096,#8097));
#8089 = ORIENTED_EDGE('',*,*,#97,.T.);
#8090 = ORIENTED_EDGE('',*,*,#8091,.F.);
#8091 = EDGE_CURVE('',#7946,#90,#8092,.T.);
#8092 = LINE('',#8093,#8094);
#8093 = CARTESIAN_POINT('',(-0.266390550797,0.633747384947,
    0.641361894707));
#8094 = VECTOR('',#8095,1.);
#8095 = DIRECTION('',(1.894677867305E-16,-0.990268068742,-0.13917310096)
  );
#8096 = ORIENTED_EDGE('',*,*,#7945,.F.);
#8097 = ORIENTED_EDGE('',*,*,#8074,.T.);
#8098 = PLANE('',#8099);
#8099 = AXIS2_PLACEMENT_3D('',#8100,#8101,#8102);
#8100 = CARTESIAN_POINT('',(-0.266390550797,0.633747384947,
    0.641361894707));
#8101 = DIRECTION('',(-0.931962576283,5.045783229204E-02,-0.359026132153
    ));
#8102 = DIRECTION('',(-0.359484045703,3.635980405647E-15,0.933151231519)
  );
#8103 = ADVANCED_FACE('',(#8104),#8115,.F.);
#8104 = FACE_BOUND('',#8105,.T.);
#8105 = EDGE_LOOP('',(#8106,#8107,#8113,#8114));
#8106 = ORIENTED_EDGE('',*,*,#89,.T.);
#8107 = ORIENTED_EDGE('',*,*,#8108,.F.);
#8108 = EDGE_CURVE('',#7954,#82,#8109,.T.);
#8109 = LINE('',#8110,#8111);
#8110 = CARTESIAN_POINT('',(-0.275093105683,0.633755974937,
    0.641300773752));
#8111 = VECTOR('',#8112,1.);
#8112 = DIRECTION('',(1.894677867305E-16,-0.990268068742,-0.13917310096)
  );
#8113 = ORIENTED_EDGE('',*,*,#7953,.F.);
#8114 = ORIENTED_EDGE('',*,*,#8091,.T.);
#8115 = PLANE('',#8116);
#8116 = AXIS2_PLACEMENT_3D('',#8117,#8118,#8119);
#8117 = CARTESIAN_POINT('',(-0.275093105683,0.633755974937,
    0.641300773752));
#8118 = DIRECTION('',(-7.092178509004E-03,-0.139169600782,0.990243163684
    ));
#8119 = DIRECTION('',(-2.53096155145E-15,-0.990268068742,-0.13917310096)
  );
#8120 = ADVANCED_FACE('',(#8121),#8132,.F.);
#8121 = FACE_BOUND('',#8122,.T.);
#8122 = EDGE_LOOP('',(#8123,#8124,#8130,#8131));
#8123 = ORIENTED_EDGE('',*,*,#81,.T.);
#8124 = ORIENTED_EDGE('',*,*,#8125,.F.);
#8125 = EDGE_CURVE('',#7962,#74,#8126,.T.);
#8126 = LINE('',#8127,#8128);
#8127 = CARTESIAN_POINT('',(-0.281075547934,0.631439284933,
    0.657784879661));
#8128 = VECTOR('',#8129,1.);
#8129 = DIRECTION('',(1.894677867305E-16,-0.990268068742,-0.13917310096)
  );
#8130 = ORIENTED_EDGE('',*,*,#7961,.F.);
#8131 = ORIENTED_EDGE('',*,*,#8108,.T.);
#8132 = PLANE('',#8133);
#8133 = AXIS2_PLACEMENT_3D('',#8134,#8135,#8136);
#8134 = CARTESIAN_POINT('',(-0.281075547934,0.631439284933,
    0.657784879661));
#8135 = DIRECTION('',(0.941070246884,-4.706989626203E-02,0.334919714702)
  );
#8136 = DIRECTION('',(0.335291352255,-3.408731630294E-15,-0.94211448832)
  );
#8137 = ADVANCED_FACE('',(#8138),#8149,.F.);
#8138 = FACE_BOUND('',#8139,.T.);
#8139 = EDGE_LOOP('',(#8140,#8141,#8147,#8148));
#8140 = ORIENTED_EDGE('',*,*,#73,.T.);
#8141 = ORIENTED_EDGE('',*,*,#8142,.F.);
#8142 = EDGE_CURVE('',#7970,#66,#8143,.T.);
#8143 = LINE('',#8144,#8145);
#8144 = CARTESIAN_POINT('',(-0.306481393651,0.631464362162,
    0.657606445907));
#8145 = VECTOR('',#8146,1.);
#8146 = DIRECTION('',(1.894677867305E-16,-0.990268068742,-0.13917310096)
  );
#8147 = ORIENTED_EDGE('',*,*,#7969,.F.);
#8148 = ORIENTED_EDGE('',*,*,#8125,.T.);
#8149 = PLANE('',#8150);
#8150 = AXIS2_PLACEMENT_3D('',#8151,#8152,#8153);
#8151 = CARTESIAN_POINT('',(-0.306481393651,0.631464362162,
    0.657606445907));
#8152 = DIRECTION('',(-7.092178509004E-03,-0.139169600782,0.990243163684
    ));
#8153 = DIRECTION('',(-2.53096155145E-15,-0.990268068742,-0.13917310096)
  );
#8154 = ADVANCED_FACE('',(#8155),#8166,.F.);
#8155 = FACE_BOUND('',#8156,.T.);
#8156 = EDGE_LOOP('',(#8157,#8158,#8164,#8165));
#8157 = ORIENTED_EDGE('',*,*,#65,.T.);
#8158 = ORIENTED_EDGE('',*,*,#8159,.F.);
#8159 = EDGE_CURVE('',#7978,#58,#8160,.T.);
#8160 = LINE('',#8161,#8162);
#8161 = CARTESIAN_POINT('',(-0.312585833187,0.633792982707,
    0.641037449784));
#8162 = VECTOR('',#8163,1.);
#8163 = DIRECTION('',(1.894677867305E-16,-0.990268068742,-0.13917310096)
  );
#8164 = ORIENTED_EDGE('',*,*,#7977,.F.);
#8165 = ORIENTED_EDGE('',*,*,#8142,.T.);
#8166 = PLANE('',#8167);
#8167 = AXIS2_PLACEMENT_3D('',#8168,#8169,#8170);
#8168 = CARTESIAN_POINT('',(-0.312585833187,0.633792982707,
    0.641037449784));
#8169 = DIRECTION('',(-0.9394297563,-4.770039680503E-02,0.339405959175)
  );
#8170 = DIRECTION('',(0.339792749273,-1.796479631722E-14,0.940500338938)
  );
#8171 = ADVANCED_FACE('',(#8172),#8178,.F.);
#8172 = FACE_BOUND('',#8173,.T.);
#8173 = EDGE_LOOP('',(#8174,#8175,#8176,#8177));
#8174 = ORIENTED_EDGE('',*,*,#57,.T.);
#8175 = ORIENTED_EDGE('',*,*,#8059,.F.);
#8176 = ORIENTED_EDGE('',*,*,#7985,.F.);
#8177 = ORIENTED_EDGE('',*,*,#8159,.T.);
#8178 = PLANE('',#8179);
#8179 = AXIS2_PLACEMENT_3D('',#8180,#8181,#8182);
#8180 = CARTESIAN_POINT('',(-0.321288388073,0.633801572697,
    0.640976328829));
#8181 = DIRECTION('',(-7.092178509004E-03,-0.139169600782,0.990243163684
    ));
#8182 = DIRECTION('',(-2.53096155145E-15,-0.990268068742,-0.13917310096)
  );
#8183 = ADVANCED_FACE('',(#8184),#8209,.T.);
#8184 = FACE_BOUND('',#8185,.T.);
#8185 = EDGE_LOOP('',(#8186,#8196,#8202,#8203));
#8186 = ORIENTED_EDGE('',*,*,#8187,.F.);
#8187 = EDGE_CURVE('',#8188,#8190,#8192,.T.);
#8188 = VERTEX_POINT('',#8189);
#8189 = CARTESIAN_POINT('',(-0.283619794781,0.630383342344,
    0.664579771936));
#8190 = VERTEX_POINT('',#8191);
#8191 = CARTESIAN_POINT('',(-0.304097311924,0.630403554991,
    0.664435951483));
#8192 = LINE('',#8193,#8194);
#8193 = CARTESIAN_POINT('',(-0.283619794781,0.630383342344,
    0.664579771936));
#8194 = VECTOR('',#8195,1.);
#8195 = DIRECTION('',(-0.999974850186,9.870404750007E-04,
    -7.023157916005E-03));
#8196 = ORIENTED_EDGE('',*,*,#8197,.F.);
#8197 = EDGE_CURVE('',#7994,#8188,#8198,.T.);
#8198 = LINE('',#8199,#8200);
#8199 = CARTESIAN_POINT('',(-0.283619794781,0.630482369151,
    0.664593689246));
#8200 = VECTOR('',#8201,1.);
#8201 = DIRECTION('',(1.894677867305E-16,-0.990268068742,-0.13917310096)
  );
#8202 = ORIENTED_EDGE('',*,*,#7993,.T.);
#8203 = ORIENTED_EDGE('',*,*,#8204,.T.);
#8204 = EDGE_CURVE('',#7996,#8190,#8205,.T.);
#8205 = LINE('',#8206,#8207);
#8206 = CARTESIAN_POINT('',(-0.304097311924,0.630502581797,
    0.664449868793));
#8207 = VECTOR('',#8208,1.);
#8208 = DIRECTION('',(1.894677867305E-16,-0.990268068742,-0.13917310096)
  );
#8209 = PLANE('',#8210);
#8210 = AXIS2_PLACEMENT_3D('',#8211,#8212,#8213);
#8211 = CARTESIAN_POINT('',(-0.283619794781,0.630482369151,
    0.664593689246));
#8212 = DIRECTION('',(-7.092178509004E-03,-0.139169600782,0.990243163684
    ));
#8213 = DIRECTION('',(-2.53096155145E-15,-0.990268068742,-0.13917310096)
  );
#8214 = ADVANCED_FACE('',(#8215),#8233,.T.);
#8215 = FACE_BOUND('',#8216,.T.);
#8216 = EDGE_LOOP('',(#8217,#8225,#8226,#8227));
#8217 = ORIENTED_EDGE('',*,*,#8218,.F.);
#8218 = EDGE_CURVE('',#8190,#8219,#8221,.T.);
#8219 = VERTEX_POINT('',#8220);
#8220 = CARTESIAN_POINT('',(-0.295059945301,0.626865158281,
    0.689612952298));
#8221 = LINE('',#8222,#8223);
#8222 = CARTESIAN_POINT('',(-0.304097311924,0.630403554991,
    0.664435951483));
#8223 = VECTOR('',#8224,1.);
#8224 = DIRECTION('',(0.334929697701,-0.131134896898,0.933073274943));
#8225 = ORIENTED_EDGE('',*,*,#8204,.F.);
#8226 = ORIENTED_EDGE('',*,*,#8037,.T.);
#8227 = ORIENTED_EDGE('',*,*,#8228,.T.);
#8228 = EDGE_CURVE('',#8029,#8219,#8229,.T.);
#8229 = LINE('',#8230,#8231);
#8230 = CARTESIAN_POINT('',(-0.295059945301,0.626964185088,
    0.689626869608));
#8231 = VECTOR('',#8232,1.);
#8232 = DIRECTION('',(1.894677867305E-16,-0.990268068742,-0.13917310096)
  );
#8233 = PLANE('',#8234);
#8234 = AXIS2_PLACEMENT_3D('',#8235,#8236,#8237);
#8235 = CARTESIAN_POINT('',(-0.304097311924,0.630502581797,
    0.664449868793));
#8236 = DIRECTION('',(0.942243120218,4.661320463203E-02,-0.331670184907)
  );
#8237 = DIRECTION('',(-0.332031098126,-4.966513311722E-15,
    -0.943268439988));
#8238 = ADVANCED_FACE('',(#8239),#8258,.T.);
#8239 = FACE_BOUND('',#8240,.T.);
#8240 = EDGE_LOOP('',(#8241,#8250,#8251,#8252));
#8241 = ORIENTED_EDGE('',*,*,#8242,.F.);
#8242 = EDGE_CURVE('',#8219,#8243,#8245,.T.);
#8243 = VERTEX_POINT('',#8244);
#8244 = CARTESIAN_POINT('',(-0.294138898486,0.626269491159,
    0.693851344101));
#8245 = B_SPLINE_CURVE_WITH_KNOTS('',3,(#8246,#8247,#8248,#8249),
  .UNSPECIFIED.,.F.,.F.,(4,4),(1.,2.),.PIECEWISE_BEZIER_KNOTS.);
#8246 = CARTESIAN_POINT('',(-0.295059945301,0.626865158281,
    0.689612952298));
#8247 = CARTESIAN_POINT('',(-0.294769594808,0.626747656608,
    0.690449020143));
#8248 = CARTESIAN_POINT('',(-0.294467630378,0.626552000086,
    0.691841188636));
#8249 = CARTESIAN_POINT('',(-0.294138898486,0.626269491159,
    0.693851344101));
#8250 = ORIENTED_EDGE('',*,*,#8228,.F.);
#8251 = ORIENTED_EDGE('',*,*,#8028,.T.);
#8252 = ORIENTED_EDGE('',*,*,#8253,.T.);
#8253 = EDGE_CURVE('',#8021,#8243,#8254,.T.);
#8254 = LINE('',#8255,#8256);
#8255 = CARTESIAN_POINT('',(-0.294138898486,0.626368517966,
    0.693865261411));
#8256 = VECTOR('',#8257,1.);
#8257 = DIRECTION('',(1.894677867305E-16,-0.990268068742,-0.13917310096)
  );
#8258 = B_SPLINE_SURFACE_WITH_KNOTS('',3,1,(
    (#8259,#8260)
    ,(#8261,#8262)
    ,(#8263,#8264)
    ,(#8265,#8266
    )),.UNSPECIFIED.,.F.,.F.,.F.,(4,4),(2,2),(1.,2.),(0.,1.),
  .PIECEWISE_BEZIER_KNOTS.);
#8259 = CARTESIAN_POINT('',(-0.295059945301,0.626964185088,
    0.689626869608));
#8260 = CARTESIAN_POINT('',(-0.295059945301,0.626865158281,
    0.689612952298));
#8261 = CARTESIAN_POINT('',(-0.294769594808,0.626846683415,
    0.690462937454));
#8262 = CARTESIAN_POINT('',(-0.294769594808,0.626747656608,
    0.690449020143));
#8263 = CARTESIAN_POINT('',(-0.294467630378,0.626651026893,
    0.691855105946));
#8264 = CARTESIAN_POINT('',(-0.294467630378,0.626552000086,
    0.691841188636));
#8265 = CARTESIAN_POINT('',(-0.294138898486,0.626368517966,
    0.693865261411));
#8266 = CARTESIAN_POINT('',(-0.294138898486,0.626269491159,
    0.693851344101));
#8267 = ADVANCED_FACE('',(#8268),#8286,.T.);
#8268 = FACE_BOUND('',#8269,.T.);
#8269 = EDGE_LOOP('',(#8270,#8278,#8279,#8280));
#8270 = ORIENTED_EDGE('',*,*,#8271,.F.);
#8271 = EDGE_CURVE('',#8243,#8272,#8274,.T.);
#8272 = VERTEX_POINT('',#8273);
#8273 = CARTESIAN_POINT('',(-0.293951746768,0.626269306428,0.69385265853
    ));
#8274 = LINE('',#8275,#8276);
#8275 = CARTESIAN_POINT('',(-0.294138898486,0.626269491159,
    0.693851344101));
#8276 = VECTOR('',#8277,1.);
#8277 = DIRECTION('',(0.999974850186,-9.870404750007E-04,
    7.023157916005E-03));
#8278 = ORIENTED_EDGE('',*,*,#8253,.F.);
#8279 = ORIENTED_EDGE('',*,*,#8020,.T.);
#8280 = ORIENTED_EDGE('',*,*,#8281,.T.);
#8281 = EDGE_CURVE('',#8012,#8272,#8282,.T.);
#8282 = LINE('',#8283,#8284);
#8283 = CARTESIAN_POINT('',(-0.293951746768,0.626368333235,
    0.693866575841));
#8284 = VECTOR('',#8285,1.);
#8285 = DIRECTION('',(1.894677867305E-16,-0.990268068742,-0.13917310096)
  );
#8286 = PLANE('',#8287);
#8287 = AXIS2_PLACEMENT_3D('',#8288,#8289,#8290);
#8288 = CARTESIAN_POINT('',(-0.294138898486,0.626368517966,
    0.693865261411));
#8289 = DIRECTION('',(7.092178509004E-03,0.139169600782,-0.990243163684)
  );
#8290 = DIRECTION('',(2.53096155145E-15,0.990268068742,0.13917310096));
#8291 = ADVANCED_FACE('',(#8292),#8311,.T.);
#8292 = FACE_BOUND('',#8293,.T.);
#8293 = EDGE_LOOP('',(#8294,#8303,#8304,#8305));
#8294 = ORIENTED_EDGE('',*,*,#8295,.F.);
#8295 = EDGE_CURVE('',#8272,#8296,#8298,.T.);
#8296 = VERTEX_POINT('',#8297);
#8297 = CARTESIAN_POINT('',(-0.29292329652,0.626863049269,0.689627958697
    ));
#8298 = B_SPLINE_CURVE_WITH_KNOTS('',3,(#8299,#8300,#8301,#8302),
  .UNSPECIFIED.,.F.,.F.,(4,4),(3.,4.),.PIECEWISE_BEZIER_KNOTS.);
#8299 = CARTESIAN_POINT('',(-0.293951746768,0.626269306428,0.69385265853
    ));
#8300 = CARTESIAN_POINT('',(-0.293642370971,0.626525137706,
    0.692032324402));
#8301 = CARTESIAN_POINT('',(-0.293304679139,0.626724504144,0.69061375848
    ));
#8302 = CARTESIAN_POINT('',(-0.29292329652,0.626863049269,0.689627958697
    ));
#8303 = ORIENTED_EDGE('',*,*,#8281,.F.);
#8304 = ORIENTED_EDGE('',*,*,#8011,.T.);
#8305 = ORIENTED_EDGE('',*,*,#8306,.T.);
#8306 = EDGE_CURVE('',#8004,#8296,#8307,.T.);
#8307 = LINE('',#8308,#8309);
#8308 = CARTESIAN_POINT('',(-0.29292329652,0.626962076076,0.689641876007
    ));
#8309 = VECTOR('',#8310,1.);
#8310 = DIRECTION('',(1.894677867305E-16,-0.990268068742,-0.13917310096)
  );
#8311 = B_SPLINE_SURFACE_WITH_KNOTS('',3,1,(
    (#8312,#8313)
    ,(#8314,#8315)
    ,(#8316,#8317)
    ,(#8318,#8319
    )),.UNSPECIFIED.,.F.,.F.,.F.,(4,4),(2,2),(3.,4.),(0.,1.),
  .PIECEWISE_BEZIER_KNOTS.);
#8312 = CARTESIAN_POINT('',(-0.293951746768,0.626368333235,
    0.693866575841));
#8313 = CARTESIAN_POINT('',(-0.293951746768,0.626269306428,0.69385265853
    ));
#8314 = CARTESIAN_POINT('',(-0.293642370971,0.626624164513,
    0.692046241712));
#8315 = CARTESIAN_POINT('',(-0.293642370971,0.626525137706,
    0.692032324402));
#8316 = CARTESIAN_POINT('',(-0.293304679139,0.626823530951,0.69062767579
    ));
#8317 = CARTESIAN_POINT('',(-0.293304679139,0.626724504144,0.69061375848
    ));
#8318 = CARTESIAN_POINT('',(-0.29292329652,0.626962076076,0.689641876007
    ));
#8319 = CARTESIAN_POINT('',(-0.29292329652,0.626863049269,0.689627958697
    ));
#8320 = ADVANCED_FACE('',(#8321),#8332,.T.);
#8321 = FACE_BOUND('',#8322,.T.);
#8322 = EDGE_LOOP('',(#8323,#8329,#8330,#8331));
#8323 = ORIENTED_EDGE('',*,*,#8324,.F.);
#8324 = EDGE_CURVE('',#8296,#8188,#8325,.T.);
#8325 = LINE('',#8326,#8327);
#8326 = CARTESIAN_POINT('',(-0.29292329652,0.626863049269,0.689627958697
    ));
#8327 = VECTOR('',#8328,1.);
#8328 = DIRECTION('',(0.345199932434,0.130618015205,-0.929395470589));
#8329 = ORIENTED_EDGE('',*,*,#8306,.F.);
#8330 = ORIENTED_EDGE('',*,*,#8003,.T.);
#8331 = ORIENTED_EDGE('',*,*,#8197,.T.);
#8332 = PLANE('',#8333);
#8333 = AXIS2_PLACEMENT_3D('',#8334,#8335,#8336);
#8334 = CARTESIAN_POINT('',(-0.29292329652,0.626962076076,0.689641876007
    ));
#8335 = DIRECTION('',(-0.938529171975,4.804254504804E-02,-0.341840470421
    ));
#8336 = DIRECTION('',(-0.342235653265,-1.539567084929E-14,0.939614153594
    ));
#8337 = ADVANCED_FACE('',(#8338),#8346,.T.);
#8338 = FACE_BOUND('',#8339,.T.);
#8339 = EDGE_LOOP('',(#8340,#8341,#8342,#8343,#8344,#8345));
#8340 = ORIENTED_EDGE('',*,*,#8187,.T.);
#8341 = ORIENTED_EDGE('',*,*,#8218,.T.);
#8342 = ORIENTED_EDGE('',*,*,#8242,.T.);
#8343 = ORIENTED_EDGE('',*,*,#8271,.T.);
#8344 = ORIENTED_EDGE('',*,*,#8295,.T.);
#8345 = ORIENTED_EDGE('',*,*,#8324,.T.);
#8346 = PLANE('',#8347);
#8347 = AXIS2_PLACEMENT_3D('',#8348,#8349,#8350);
#8348 = CARTESIAN_POINT('',(-1.129362659708E-16,0.590270145251,
    0.949999999999));
#8349 = DIRECTION('',(-1.894677867305E-16,0.990268068742,0.13917310096)
  );
#8350 = DIRECTION('',(1.,1.913297951445E-16,6.240013019815E-30));
#8351 = ADVANCED_FACE('',(#8352,#8646),#8671,.F.);
#8352 = FACE_BOUND('',#8353,.T.);
#8353 = EDGE_LOOP('',(#8354,#8365,#8374,#8383,#8392,#8401,#8410,#8419,
    #8428,#8437,#8446,#8455,#8464,#8473,#8481,#8489,#8497,#8506,#8515,
    #8524,#8533,#8542,#8551,#8560,#8569,#8578,#8587,#8595,#8604,#8613,
    #8622,#8630,#8639));
#8354 = ORIENTED_EDGE('',*,*,#8355,.T.);
#8355 = EDGE_CURVE('',#8356,#8358,#8360,.T.);
#8356 = VERTEX_POINT('',#8357);
#8357 = CARTESIAN_POINT('',(4.9511116582E-02,0.625012621211,
    0.703512968123));
#8358 = VERTEX_POINT('',#8359);
#8359 = CARTESIAN_POINT('',(9.205281632E-02,0.617061601962,
    0.760087409754));
#8360 = B_SPLINE_CURVE_WITH_KNOTS('',3,(#8361,#8362,#8363,#8364),
  .UNSPECIFIED.,.F.,.F.,(4,4),(35.,36.),.PIECEWISE_BEZIER_KNOTS.);
#8361 = CARTESIAN_POINT('',(4.9511116582E-02,0.625012621211,
    0.703512968123));
#8362 = CARTESIAN_POINT('',(4.9760301737E-02,0.621389921116,
    0.729289818697));
#8363 = CARTESIAN_POINT('',(6.7382448857E-02,0.618172689696,
    0.752181609732));
#8364 = CARTESIAN_POINT('',(9.205281632E-02,0.617061601962,
    0.760087409754));
#8365 = ORIENTED_EDGE('',*,*,#8366,.T.);
#8366 = EDGE_CURVE('',#8358,#8367,#8369,.T.);
#8367 = VERTEX_POINT('',#8368);
#8368 = CARTESIAN_POINT('',(0.115234177745,0.612269152745,0.794187457807
    ));
#8369 = B_SPLINE_CURVE_WITH_KNOTS('',3,(#8370,#8371,#8372,#8373),
  .UNSPECIFIED.,.F.,.F.,(4,4),(0.,1.),.PIECEWISE_BEZIER_KNOTS.);
#8370 = CARTESIAN_POINT('',(9.205281632E-02,0.617061601962,
    0.760087409754));
#8371 = CARTESIAN_POINT('',(9.6732150562E-02,0.615245754935,
    0.773007832709));
#8372 = CARTESIAN_POINT('',(0.104891009659,0.613607596327,0.784663936869
    ));
#8373 = CARTESIAN_POINT('',(0.115234177745,0.612269152745,0.794187457807
    ));
#8374 = ORIENTED_EDGE('',*,*,#8375,.T.);
#8375 = EDGE_CURVE('',#8367,#8376,#8378,.T.);
#8376 = VERTEX_POINT('',#8377);
#8377 = CARTESIAN_POINT('',(0.174068982825,0.609071616533,0.816939110159
    ));
#8378 = B_SPLINE_CURVE_WITH_KNOTS('',3,(#8379,#8380,#8381,#8382),
  .UNSPECIFIED.,.F.,.F.,(4,4),(1.,2.),.PIECEWISE_BEZIER_KNOTS.);
#8379 = CARTESIAN_POINT('',(0.115234177745,0.612269152745,0.794187457807
    ));
#8380 = CARTESIAN_POINT('',(0.131616487123,0.610260631109,0.808478831845
    ));
#8381 = CARTESIAN_POINT('',(0.152379720761,0.609093025251,0.816786779215
    ));
#8382 = CARTESIAN_POINT('',(0.174068982825,0.609071616533,0.816939110159
    ));
#8383 = ORIENTED_EDGE('',*,*,#8384,.T.);
#8384 = EDGE_CURVE('',#8376,#8385,#8387,.T.);
#8385 = VERTEX_POINT('',#8386);
#8386 = CARTESIAN_POINT('',(0.226243197611,0.611374713917,0.800551720762
    ));
#8387 = B_SPLINE_CURVE_WITH_KNOTS('',3,(#8388,#8389,#8390,#8391),
  .UNSPECIFIED.,.F.,.F.,(4,4),(2.,3.),.PIECEWISE_BEZIER_KNOTS.);
#8388 = CARTESIAN_POINT('',(0.174068982825,0.609071616533,0.816939110159
    ));
#8389 = CARTESIAN_POINT('',(0.193155531786,0.609052776863,0.817073161378
    ));
#8390 = CARTESIAN_POINT('',(0.210983800169,0.609880419018,0.811184181442
    ));
#8391 = CARTESIAN_POINT('',(0.226243197611,0.611374713917,0.800551720762
    ));
#8392 = ORIENTED_EDGE('',*,*,#8393,.T.);
#8393 = EDGE_CURVE('',#8385,#8394,#8396,.T.);
#8394 = VERTEX_POINT('',#8395);
#8395 = CARTESIAN_POINT('',(0.245465115204,0.61401220874,0.781784969953)
  );
#8396 = B_SPLINE_CURVE_WITH_KNOTS('',3,(#8397,#8398,#8399,#8400),
  .UNSPECIFIED.,.F.,.F.,(4,4),(3.,4.),.PIECEWISE_BEZIER_KNOTS.);
#8397 = CARTESIAN_POINT('',(0.226243197611,0.611374713917,0.800551720762
    ));
#8398 = CARTESIAN_POINT('',(0.233654468748,0.612091889969,0.795448747999
    ));
#8399 = CARTESIAN_POINT('',(0.239773608868,0.612991464087,0.789047945555
    ));
#8400 = CARTESIAN_POINT('',(0.245465115204,0.61401220874,0.781784969953)
  );
#8401 = ORIENTED_EDGE('',*,*,#8402,.T.);
#8402 = EDGE_CURVE('',#8394,#8403,#8405,.T.);
#8403 = VERTEX_POINT('',#8404);
#8404 = CARTESIAN_POINT('',(0.255436019331,0.613881618374,0.782714168691
    ));
#8405 = B_SPLINE_CURVE_WITH_KNOTS('',3,(#8406,#8407,#8408,#8409),
  .UNSPECIFIED.,.F.,.F.,(4,4),(4.,5.),.PIECEWISE_BEZIER_KNOTS.);
#8406 = CARTESIAN_POINT('',(0.245465115204,0.61401220874,0.781784969953)
  );
#8407 = CARTESIAN_POINT('',(0.248932317254,0.613948411881,0.782238908193
    ));
#8408 = CARTESIAN_POINT('',(0.25196574071,0.613885043766,0.782689795763)
  );
#8409 = CARTESIAN_POINT('',(0.255436019331,0.613881618374,0.782714168691
    ));
#8410 = ORIENTED_EDGE('',*,*,#8411,.T.);
#8411 = EDGE_CURVE('',#8403,#8412,#8414,.T.);
#8412 = VERTEX_POINT('',#8413);
#8413 = CARTESIAN_POINT('',(0.305468996951,0.616730197823,0.762445472732
    ));
#8414 = B_SPLINE_CURVE_WITH_KNOTS('',3,(#8415,#8416,#8417,#8418),
  .UNSPECIFIED.,.F.,.F.,(4,4),(5.,6.),.PIECEWISE_BEZIER_KNOTS.);
#8415 = CARTESIAN_POINT('',(0.255436019331,0.613881618374,0.782714168691
    ));
#8416 = CARTESIAN_POINT('',(0.274088785533,0.613863206876,0.782845173308
    ));
#8417 = CARTESIAN_POINT('',(0.291926279453,0.614871962647,0.775667503041
    ));
#8418 = CARTESIAN_POINT('',(0.305468996951,0.616730197823,0.762445472732
    ));
#8419 = ORIENTED_EDGE('',*,*,#8420,.T.);
#8420 = EDGE_CURVE('',#8412,#8421,#8423,.T.);
#8421 = VERTEX_POINT('',#8422);
#8422 = CARTESIAN_POINT('',(0.326207642644,0.623592393849,0.713618410899
    ));
#8423 = B_SPLINE_CURVE_WITH_KNOTS('',3,(#8424,#8425,#8426,#8427),
  .UNSPECIFIED.,.F.,.F.,(4,4),(6.,7.),.PIECEWISE_BEZIER_KNOTS.);
#8424 = CARTESIAN_POINT('',(0.305468996951,0.616730197823,0.762445472732
    ));
#8425 = CARTESIAN_POINT('',(0.318574862329,0.61852848912,0.749649965281)
  );
#8426 = CARTESIAN_POINT('',(0.326075350599,0.620996431111,0.732089645566
    ));
#8427 = CARTESIAN_POINT('',(0.326207642644,0.623592393849,0.713618410899
    ));
#8428 = ORIENTED_EDGE('',*,*,#8429,.T.);
#8429 = EDGE_CURVE('',#8421,#8430,#8432,.T.);
#8430 = VERTEX_POINT('',#8431);
#8431 = CARTESIAN_POINT('',(0.308324008279,0.630190840642,0.666668022372
    ));
#8432 = B_SPLINE_CURVE_WITH_KNOTS('',3,(#8433,#8434,#8435,#8436),
  .UNSPECIFIED.,.F.,.F.,(4,4),(7.,8.),.PIECEWISE_BEZIER_KNOTS.);
#8433 = CARTESIAN_POINT('',(0.326207642644,0.623592393849,0.713618410899
    ));
#8434 = CARTESIAN_POINT('',(0.326330705034,0.626007243336,0.696435863973
    ));
#8435 = CARTESIAN_POINT('',(0.319943912292,0.628368145123,0.679637174884
    ));
#8436 = CARTESIAN_POINT('',(0.308324008279,0.630190840642,0.666668022372
    ));
#8437 = ORIENTED_EDGE('',*,*,#8438,.T.);
#8438 = EDGE_CURVE('',#8430,#8439,#8441,.T.);
#8439 = VERTEX_POINT('',#8440);
#8440 = CARTESIAN_POINT('',(0.273768863821,0.633122913515,0.64580523983)
  );
#8441 = B_SPLINE_CURVE_WITH_KNOTS('',3,(#8442,#8443,#8444,#8445),
  .UNSPECIFIED.,.F.,.F.,(4,4),(8.,9.),.PIECEWISE_BEZIER_KNOTS.);
#8442 = CARTESIAN_POINT('',(0.308324008279,0.630190840642,0.666668022372
    ));
#8443 = CARTESIAN_POINT('',(0.298854571279,0.63164917109,0.656291462053)
  );
#8444 = CARTESIAN_POINT('',(0.287191591364,0.632626670675,0.649336191105
    ));
#8445 = CARTESIAN_POINT('',(0.273768863821,0.633122913515,0.64580523983)
  );
#8446 = ORIENTED_EDGE('',*,*,#8447,.T.);
#8447 = EDGE_CURVE('',#8439,#8448,#8450,.T.);
#8448 = VERTEX_POINT('',#8449);
#8449 = CARTESIAN_POINT('',(0.232768467801,0.63726883375,0.616305484512)
  );
#8450 = B_SPLINE_CURVE_WITH_KNOTS('',3,(#8451,#8452,#8453,#8454),
  .UNSPECIFIED.,.F.,.F.,(4,4),(9.,10.),.PIECEWISE_BEZIER_KNOTS.);
#8451 = CARTESIAN_POINT('',(0.273768863821,0.633122913515,0.64580523983)
  );
#8452 = CARTESIAN_POINT('',(0.268252717247,0.635543329269,0.628583086853
    ));
#8453 = CARTESIAN_POINT('',(0.251855025037,0.637249994072,0.616439535789
    ));
#8454 = CARTESIAN_POINT('',(0.232768467801,0.63726883375,0.616305484512)
  );
#8455 = ORIENTED_EDGE('',*,*,#8456,.T.);
#8456 = EDGE_CURVE('',#8448,#8457,#8459,.T.);
#8457 = VERTEX_POINT('',#8458);
#8458 = CARTESIAN_POINT('',(0.189082287699,0.631274527468,0.658957189938
    ));
#8459 = B_SPLINE_CURVE_WITH_KNOTS('',3,(#8460,#8461,#8462,#8463),
  .UNSPECIFIED.,.F.,.F.,(4,4),(10.,11.),.PIECEWISE_BEZIER_KNOTS.);
#8460 = CARTESIAN_POINT('',(0.232768467801,0.63726883375,0.616305484512)
  );
#8461 = CARTESIAN_POINT('',(0.208910279531,0.63729238334,0.616137920474)
  );
#8462 = CARTESIAN_POINT('',(0.189251498485,0.634594945513,0.635331187915
    ));
#8463 = CARTESIAN_POINT('',(0.189082287699,0.631274527468,0.658957189938
    ));
#8464 = ORIENTED_EDGE('',*,*,#8465,.T.);
#8465 = EDGE_CURVE('',#8457,#8466,#8468,.T.);
#8466 = VERTEX_POINT('',#8467);
#8467 = CARTESIAN_POINT('',(0.189051522102,0.630670815097,0.663252826669
    ));
#8468 = B_SPLINE_CURVE_WITH_KNOTS('',3,(#8469,#8470,#8471,#8472),
  .UNSPECIFIED.,.F.,.F.,(4,4),(11.,12.),.PIECEWISE_BEZIER_KNOTS.);
#8469 = CARTESIAN_POINT('',(0.189082287699,0.631274527468,0.658957189938
    ));
#8470 = CARTESIAN_POINT('',(0.189073058043,0.631093414217,0.66024587768)
  );
#8471 = CARTESIAN_POINT('',(0.189063828388,0.630912300967,0.661534565422
    ));
#8472 = CARTESIAN_POINT('',(0.189051522102,0.630670815097,0.663252826669
    ));
#8473 = ORIENTED_EDGE('',*,*,#8474,.T.);
#8474 = EDGE_CURVE('',#8466,#8475,#8477,.T.);
#8475 = VERTEX_POINT('',#8476);
#8476 = CARTESIAN_POINT('',(0.128093922914,0.626263288186,0.6946140102)
  );
#8477 = LINE('',#8478,#8479);
#8478 = CARTESIAN_POINT('',(0.189051522102,0.630670815097,0.663252826669
    ));
#8479 = VECTOR('',#8480,1.);
#8480 = DIRECTION('',(-0.887386942263,-6.416233382305E-02,0.456538727404
    ));
#8481 = ORIENTED_EDGE('',*,*,#8482,.T.);
#8482 = EDGE_CURVE('',#8475,#8483,#8485,.T.);
#8483 = VERTEX_POINT('',#8484);
#8484 = CARTESIAN_POINT('',(0.141378201073,0.623050338526,0.71747533493)
  );
#8485 = LINE('',#8486,#8487);
#8486 = CARTESIAN_POINT('',(0.128093922914,0.626263288186,0.6946140102)
  );
#8487 = VECTOR('',#8488,1.);
#8488 = DIRECTION('',(0.498748469261,-0.120627835816,0.858311650647));
#8489 = ORIENTED_EDGE('',*,*,#8490,.T.);
#8490 = EDGE_CURVE('',#8483,#8491,#8493,.T.);
#8491 = VERTEX_POINT('',#8492);
#8492 = CARTESIAN_POINT('',(0.199720780931,0.627218949766,0.687814124729
    ));
#8493 = LINE('',#8494,#8495);
#8494 = CARTESIAN_POINT('',(0.141378201073,0.623050338526,0.71747533493)
  );
#8495 = VECTOR('',#8496,1.);
#8496 = DIRECTION('',(0.88961035806,6.356317713102E-02,-0.452275506019)
  );
#8497 = ORIENTED_EDGE('',*,*,#8498,.T.);
#8498 = EDGE_CURVE('',#8491,#8499,#8501,.T.);
#8499 = VERTEX_POINT('',#8500);
#8500 = CARTESIAN_POINT('',(0.232150071008,0.625134214855,0.702647784392
    ));
#8501 = B_SPLINE_CURVE_WITH_KNOTS('',3,(#8502,#8503,#8504,#8505),
  .UNSPECIFIED.,.F.,.F.,(4,4),(15.,16.),.PIECEWISE_BEZIER_KNOTS.);
#8502 = CARTESIAN_POINT('',(0.199720780931,0.627218949766,0.687814124729
    ));
#8503 = CARTESIAN_POINT('',(0.207464304199,0.62594344642,0.69688980262)
  );
#8504 = CARTESIAN_POINT('',(0.219136513769,0.625147060086,0.702556385826
    ));
#8505 = CARTESIAN_POINT('',(0.232150071008,0.625134214855,0.702647784392
    ));
#8506 = ORIENTED_EDGE('',*,*,#8507,.T.);
#8507 = EDGE_CURVE('',#8499,#8508,#8510,.T.);
#8508 = VERTEX_POINT('',#8509);
#8509 = CARTESIAN_POINT('',(0.273128934988,0.629078468351,0.674582962489
    ));
#8510 = B_SPLINE_CURVE_WITH_KNOTS('',3,(#8511,#8512,#8513,#8514),
  .UNSPECIFIED.,.F.,.F.,(4,4),(16.,17.),.PIECEWISE_BEZIER_KNOTS.);
#8511 = CARTESIAN_POINT('',(0.232150071008,0.625134214855,0.702647784392
    ));
#8512 = CARTESIAN_POINT('',(0.250802841347,0.625115803353,0.702778789038
    ));
#8513 = CARTESIAN_POINT('',(0.266939033959,0.626790355087,0.690863734332
    ));
#8514 = CARTESIAN_POINT('',(0.273128934988,0.629078468351,0.674582962489
    ));
#8515 = ORIENTED_EDGE('',*,*,#8516,.T.);
#8516 = EDGE_CURVE('',#8508,#8517,#8519,.T.);
#8517 = VERTEX_POINT('',#8518);
#8518 = CARTESIAN_POINT('',(0.298873005945,0.623498623609,0.714285620827
    ));
#8519 = B_SPLINE_CURVE_WITH_KNOTS('',3,(#8520,#8521,#8522,#8523),
  .UNSPECIFIED.,.F.,.F.,(4,4),(17.,18.),.PIECEWISE_BEZIER_KNOTS.);
#8520 = CARTESIAN_POINT('',(0.273128934988,0.629078468351,0.674582962489
    ));
#8521 = CARTESIAN_POINT('',(0.288262193465,0.628097542223,0.681562614558
    ));
#8522 = CARTESIAN_POINT('',(0.298999144906,0.625973844563,0.69667350859)
  );
#8523 = CARTESIAN_POINT('',(0.298873005945,0.623498623609,0.714285620827
    ));
#8524 = ORIENTED_EDGE('',*,*,#8525,.T.);
#8525 = EDGE_CURVE('',#8517,#8526,#8528,.T.);
#8526 = VERTEX_POINT('',#8527);
#8527 = CARTESIAN_POINT('',(0.255186825843,0.617504317327,0.756937326252
    ));
#8528 = B_SPLINE_CURVE_WITH_KNOTS('',3,(#8529,#8530,#8531,#8532),
  .UNSPECIFIED.,.F.,.F.,(4,4),(18.,19.),.PIECEWISE_BEZIER_KNOTS.);
#8529 = CARTESIAN_POINT('',(0.298873005945,0.623498623609,0.714285620827
    ));
#8530 = CARTESIAN_POINT('',(0.298703795159,0.620178205564,0.737911622849
    ));
#8531 = CARTESIAN_POINT('',(0.279045014113,0.617480767737,0.75710489029)
  );
#8532 = CARTESIAN_POINT('',(0.255186825843,0.617504317327,0.756937326252
    ));
#8533 = ORIENTED_EDGE('',*,*,#8534,.T.);
#8534 = EDGE_CURVE('',#8526,#8535,#8537,.T.);
#8535 = VERTEX_POINT('',#8536);
#8536 = CARTESIAN_POINT('',(0.232242359761,0.618432579122,0.750332400378
    ));
#8537 = B_SPLINE_CURVE_WITH_KNOTS('',3,(#8538,#8539,#8540,#8541),
  .UNSPECIFIED.,.F.,.F.,(4,4),(19.,20.),.PIECEWISE_BEZIER_KNOTS.);
#8538 = CARTESIAN_POINT('',(0.255186825843,0.617504317327,0.756937326252
    ));
#8539 = CARTESIAN_POINT('',(0.246944907913,0.617512452638,0.756879440505
    ));
#8540 = CARTESIAN_POINT('',(0.238721449354,0.617882815602,0.754244171081
    ));
#8541 = CARTESIAN_POINT('',(0.232242359761,0.618432579122,0.750332400378
    ));
#8542 = ORIENTED_EDGE('',*,*,#8543,.T.);
#8543 = EDGE_CURVE('',#8535,#8544,#8546,.T.);
#8544 = VERTEX_POINT('',#8545);
#8545 = CARTESIAN_POINT('',(0.173819797787,0.612694318931,0.791162243199
    ));
#8546 = B_SPLINE_CURVE_WITH_KNOTS('',3,(#8547,#8548,#8549,#8550),
  .UNSPECIFIED.,.F.,.F.,(4,4),(20.,21.),.PIECEWISE_BEZIER_KNOTS.);
#8547 = CARTESIAN_POINT('',(0.232242359761,0.618432579122,0.750332400378
    ));
#8548 = CARTESIAN_POINT('',(0.223828162924,0.615059928367,0.774330057444
    ));
#8549 = CARTESIAN_POINT('',(0.201148264678,0.61266734395,0.791354180164)
  );
#8550 = CARTESIAN_POINT('',(0.173819797787,0.612694318931,0.791162243199
    ));
#8551 = ORIENTED_EDGE('',*,*,#8552,.T.);
#8552 = EDGE_CURVE('',#8544,#8553,#8555,.T.);
#8553 = VERTEX_POINT('',#8554);
#8554 = CARTESIAN_POINT('',(0.113474433976,0.620300667989,0.737040257415
    ));
#8555 = B_SPLINE_CURVE_WITH_KNOTS('',3,(#8556,#8557,#8558,#8559),
  .UNSPECIFIED.,.F.,.F.,(4,4),(21.,22.),.PIECEWISE_BEZIER_KNOTS.);
#8556 = CARTESIAN_POINT('',(0.173819797787,0.612694318931,0.791162243199
    ));
#8557 = CARTESIAN_POINT('',(0.142587257105,0.612725147488,0.790942886616
    ));
#8558 = CARTESIAN_POINT('',(0.116729353415,0.616071255995,0.767134087462
    ));
#8559 = CARTESIAN_POINT('',(0.113474433976,0.620300667989,0.737040257415
    ));
#8560 = ORIENTED_EDGE('',*,*,#8561,.T.);
#8561 = EDGE_CURVE('',#8553,#8562,#8564,.T.);
#8562 = VERTEX_POINT('',#8563);
#8563 = CARTESIAN_POINT('',(0.110004155355,0.620304093381,0.737015884487
    ));
#8564 = B_SPLINE_CURVE_WITH_KNOTS('',3,(#8565,#8566,#8567,#8568),
  .UNSPECIFIED.,.F.,.F.,(4,4),(22.,23.),.PIECEWISE_BEZIER_KNOTS.);
#8565 = CARTESIAN_POINT('',(0.113474433976,0.620300667989,0.737040257415
    ));
#8566 = CARTESIAN_POINT('',(0.112173081561,0.620301952509,0.737031117582
    ));
#8567 = CARTESIAN_POINT('',(0.111305507769,0.620302808861,0.737025024321
    ));
#8568 = CARTESIAN_POINT('',(0.110004155355,0.620304093381,0.737015884487
    ));
#8569 = ORIENTED_EDGE('',*,*,#8570,.T.);
#8570 = EDGE_CURVE('',#8562,#8571,#8573,.T.);
#8571 = VERTEX_POINT('',#8572);
#8572 = CARTESIAN_POINT('',(7.6408881481E-02,0.625046447017,
    0.703272285012));
#8573 = B_SPLINE_CURVE_WITH_KNOTS('',3,(#8574,#8575,#8576,#8577),
  .UNSPECIFIED.,.F.,.F.,(4,4),(23.,24.),.PIECEWISE_BEZIER_KNOTS.);
#8574 = CARTESIAN_POINT('',(0.110004155355,0.620304093381,0.737015884487
    ));
#8575 = CARTESIAN_POINT('',(9.1351393289E-02,0.620322504875,
    0.736884879899));
#8576 = CARTESIAN_POINT('',(7.6276589436E-02,0.622450484279,
    0.721743519679));
#8577 = CARTESIAN_POINT('',(7.6408881481E-02,0.625046447017,
    0.703272285012));
#8578 = ORIENTED_EDGE('',*,*,#8579,.T.);
#8579 = EDGE_CURVE('',#8571,#8580,#8582,.T.);
#8580 = VERTEX_POINT('',#8581);
#8581 = CARTESIAN_POINT('',(0.107881393799,0.629724574499,0.669985678367
    ));
#8582 = B_SPLINE_CURVE_WITH_KNOTS('',3,(#8583,#8584,#8585,#8586),
  .UNSPECIFIED.,.F.,.F.,(4,4),(24.,25.),.PIECEWISE_BEZIER_KNOTS.);
#8583 = CARTESIAN_POINT('',(7.6408881481E-02,0.625046447017,
    0.703272285012));
#8584 = CARTESIAN_POINT('',(7.6535020442E-02,0.627521667972,
    0.685660172774));
#8585 = CARTESIAN_POINT('',(9.0086959322E-02,0.629561016407,
    0.671149454666));
#8586 = CARTESIAN_POINT('',(0.107881393799,0.629724574499,0.669985678367
    ));
#8587 = ORIENTED_EDGE('',*,*,#8588,.T.);
#8588 = EDGE_CURVE('',#8580,#8589,#8591,.T.);
#8589 = VERTEX_POINT('',#8590);
#8590 = CARTESIAN_POINT('',(0.127401729656,0.629705306653,0.670122776216
    ));
#8591 = LINE('',#8592,#8593);
#8592 = CARTESIAN_POINT('',(0.107881393799,0.629724574499,0.669985678367
    ));
#8593 = VECTOR('',#8594,1.);
#8594 = DIRECTION('',(0.999974850186,-9.870404750007E-04,
    7.023157916005E-03));
#8595 = ORIENTED_EDGE('',*,*,#8596,.T.);
#8596 = EDGE_CURVE('',#8589,#8597,#8599,.T.);
#8597 = VERTEX_POINT('',#8598);
#8598 = CARTESIAN_POINT('',(0.130001357972,0.629642367297,0.670570613001
    ));
#8599 = B_SPLINE_CURVE_WITH_KNOTS('',3,(#8600,#8601,#8602,#8603),
  .UNSPECIFIED.,.F.,.F.,(4,4),(26.,27.),.PIECEWISE_BEZIER_KNOTS.);
#8600 = CARTESIAN_POINT('',(0.127401729656,0.629705306653,0.670122776216
    ));
#8601 = CARTESIAN_POINT('',(0.128269303449,0.629704450301,0.670128869477
    ));
#8602 = CARTESIAN_POINT('',(0.129133800728,0.629643223633,0.670564519857
    ));
#8603 = CARTESIAN_POINT('',(0.130001357972,0.629642367297,0.670570613001
    ));
#8604 = ORIENTED_EDGE('',*,*,#8605,.T.);
#8605 = EDGE_CURVE('',#8597,#8606,#8608,.T.);
#8606 = VERTEX_POINT('',#8607);
#8607 = CARTESIAN_POINT('',(0.143544067138,0.63150060133,0.657348590828)
  );
#8608 = B_SPLINE_CURVE_WITH_KNOTS('',3,(#8609,#8610,#8611,#8612),
  .UNSPECIFIED.,.F.,.F.,(4,4),(27.,28.),.PIECEWISE_BEZIER_KNOTS.);
#8609 = CARTESIAN_POINT('',(0.130001357972,0.629642367297,0.670570613001
    ));
#8610 = CARTESIAN_POINT('',(0.137375710384,0.62963508833,0.670622405545)
  );
#8611 = CARTESIAN_POINT('',(0.143491765716,0.63047429214,0.664651160162)
  );
#8612 = CARTESIAN_POINT('',(0.143544067138,0.63150060133,0.657348590828)
  );
#8613 = ORIENTED_EDGE('',*,*,#8614,.T.);
#8614 = EDGE_CURVE('',#8606,#8615,#8617,.T.);
#8615 = VERTEX_POINT('',#8616);
#8616 = CARTESIAN_POINT('',(0.131059661827,0.633384525824,0.643943771521
    ));
#8617 = B_SPLINE_CURVE_WITH_KNOTS('',3,(#8618,#8619,#8620,#8621),
  .UNSPECIFIED.,.F.,.F.,(4,4),(28.,29.),.PIECEWISE_BEZIER_KNOTS.);
#8618 = CARTESIAN_POINT('',(0.143544067138,0.63150060133,0.657348590828)
  );
#8619 = CARTESIAN_POINT('',(0.143593292047,0.632466540204,0.650475578612
    ));
#8620 = CARTESIAN_POINT('',(0.137997159103,0.633317304709,0.644422074611
    ));
#8621 = CARTESIAN_POINT('',(0.131059661827,0.633384525824,0.643943771521
    ));
#8622 = ORIENTED_EDGE('',*,*,#8623,.T.);
#8623 = EDGE_CURVE('',#8615,#8624,#8626,.T.);
#8624 = VERTEX_POINT('',#8625);
#8625 = CARTESIAN_POINT('',(0.10546634252,0.633409788102,0.643764021077)
  );
#8626 = LINE('',#8627,#8628);
#8627 = CARTESIAN_POINT('',(0.131059661827,0.633384525824,0.643943771521
    ));
#8628 = VECTOR('',#8629,1.);
#8629 = DIRECTION('',(-0.999974850186,9.870404750007E-04,
    -7.023157916005E-03));
#8630 = ORIENTED_EDGE('',*,*,#8631,.T.);
#8631 = EDGE_CURVE('',#8624,#8632,#8634,.T.);
#8632 = VERTEX_POINT('',#8633);
#8633 = CARTESIAN_POINT('',(6.5853446994E-02,0.630732046289,
    0.662817144097));
#8634 = B_SPLINE_CURVE_WITH_KNOTS('',3,(#8635,#8636,#8637,#8638),
  .UNSPECIFIED.,.F.,.F.,(4,4),(33.,34.),.PIECEWISE_BEZIER_KNOTS.);
#8635 = CARTESIAN_POINT('',(0.10546634252,0.633409788102,0.643764021077)
  );
#8636 = CARTESIAN_POINT('',(9.027462942E-02,0.633243660953,
    0.644946077159));
#8637 = CARTESIAN_POINT('',(7.6344273363E-02,0.63229142136,
    0.651721613934));
#8638 = CARTESIAN_POINT('',(6.5853446994E-02,0.630732046289,
    0.662817144097));
#8639 = ORIENTED_EDGE('',*,*,#8640,.T.);
#8640 = EDGE_CURVE('',#8632,#8356,#8641,.T.);
#8641 = B_SPLINE_CURVE_WITH_KNOTS('',3,(#8642,#8643,#8644,#8645),
  .UNSPECIFIED.,.F.,.F.,(4,4),(34.,35.),.PIECEWISE_BEZIER_KNOTS.);
#8642 = CARTESIAN_POINT('',(6.5853446994E-02,0.630732046289,
    0.662817144097));
#8643 = CARTESIAN_POINT('',(5.5362604078E-02,0.629172671235,
    0.673912674145));
#8644 = CARTESIAN_POINT('',(4.9618796173E-02,0.627125614513,
    0.688478239564));
#8645 = CARTESIAN_POINT('',(4.9511116582E-02,0.625012621211,
    0.703512968123));
#8646 = FACE_BOUND('',#8647,.T.);
#8647 = EDGE_LOOP('',(#8648,#8662));
#8648 = ORIENTED_EDGE('',*,*,#8649,.F.);
#8649 = EDGE_CURVE('',#8650,#8652,#8654,.T.);
#8650 = VERTEX_POINT('',#8651);
#8651 = CARTESIAN_POINT('',(0.233017661348,0.63364613595,0.642082318757)
  );
#8652 = VERTEX_POINT('',#8653);
#8653 = CARTESIAN_POINT('',(0.232777689594,0.628937177607,0.675588298371
    ));
#8654 = B_SPLINE_CURVE_WITH_KNOTS('',3,(#8655,#8656,#8657,#8658,#8659,
    #8660,#8661),.UNSPECIFIED.,.F.,.F.,(4,3,4),(0.,1.,2.),
  .PIECEWISE_BEZIER_KNOTS.);
#8655 = CARTESIAN_POINT('',(0.233017661348,0.63364613595,0.642082318757)
  );
#8656 = CARTESIAN_POINT('',(0.223474391004,0.633655555781,0.642015293177
    ));
#8657 = CARTESIAN_POINT('',(0.216044660423,0.632576150636,0.649695659858
    ));
#8658 = CARTESIAN_POINT('',(0.215980052716,0.631308355577,0.65871649044)
  );
#8659 = CARTESIAN_POINT('',(0.215912368378,0.629980187898,0.668166894526
    ));
#8660 = CARTESIAN_POINT('',(0.223668197872,0.62894616927,0.675524319363)
  );
#8661 = CARTESIAN_POINT('',(0.232777689594,0.628937177607,0.675588298371
    ));
#8662 = ORIENTED_EDGE('',*,*,#8663,.F.);
#8663 = EDGE_CURVE('',#8652,#8650,#8664,.T.);
#8664 = B_SPLINE_CURVE_WITH_KNOTS('',3,(#8665,#8666,#8667,#8668,#8669,
    #8670),.UNSPECIFIED.,.F.,.F.,(4,2,4),(2.,3.,4.),.UNSPECIFIED.);
#8665 = CARTESIAN_POINT('',(0.232777689594,0.628937177607,0.675588298371
    ));
#8666 = CARTESIAN_POINT('',(0.241887181315,0.628928185944,0.675652277379
    ));
#8667 = CARTESIAN_POINT('',(0.249747613888,0.629946790302,0.668404530775
    ));
#8668 = CARTESIAN_POINT('',(0.249882982564,0.632603125659,0.649503722602
    ));
#8669 = CARTESIAN_POINT('',(0.242127153069,0.633637144286,0.642146297765
    ));
#8670 = CARTESIAN_POINT('',(0.233017661348,0.63364613595,0.642082318757)
  );
#8671 = PLANE('',#8672);
#8672 = AXIS2_PLACEMENT_3D('',#8673,#8674,#8675);
#8673 = CARTESIAN_POINT('',(6.1624023085E-02,0.620095256951,
    0.738501832896));
#8674 = DIRECTION('',(-2.433995082697E-15,-0.990268068742,-0.13917310096
    ));
#8675 = DIRECTION('',(9.860761315263E-32,0.13917310096,-0.990268068742)
  );
#8676 = ADVANCED_FACE('',(#8677),#8693,.F.);
#8677 = FACE_BOUND('',#8678,.F.);
#8678 = EDGE_LOOP('',(#8679,#8685,#8686,#8692));
#8679 = ORIENTED_EDGE('',*,*,#8680,.F.);
#8680 = EDGE_CURVE('',#8356,#1249,#8681,.T.);
#8681 = LINE('',#8682,#8683);
#8682 = CARTESIAN_POINT('',(4.9511116582E-02,0.625012621211,
    0.703512968123));
#8683 = VECTOR('',#8684,1.);
#8684 = DIRECTION('',(1.894677867305E-16,-0.990268068742,-0.13917310096)
  );
#8685 = ORIENTED_EDGE('',*,*,#8355,.T.);
#8686 = ORIENTED_EDGE('',*,*,#8687,.T.);
#8687 = EDGE_CURVE('',#8358,#1238,#8688,.T.);
#8688 = LINE('',#8689,#8690);
#8689 = CARTESIAN_POINT('',(9.205281632E-02,0.617061601962,
    0.760087409754));
#8690 = VECTOR('',#8691,1.);
#8691 = DIRECTION('',(1.894677867305E-16,-0.990268068742,-0.13917310096)
  );
#8692 = ORIENTED_EDGE('',*,*,#1248,.F.);
#8693 = B_SPLINE_SURFACE_WITH_KNOTS('',3,1,(
    (#8694,#8695)
    ,(#8696,#8697)
    ,(#8698,#8699)
    ,(#8700,#8701
    )),.UNSPECIFIED.,.F.,.F.,.F.,(4,4),(2,2),(35.,36.),(0.,1.),
  .PIECEWISE_BEZIER_KNOTS.);
#8694 = CARTESIAN_POINT('',(4.9511116582E-02,0.625012621211,
    0.703512968123));
#8695 = CARTESIAN_POINT('',(4.9511116582E-02,0.624913594405,
    0.703499050813));
#8696 = CARTESIAN_POINT('',(4.9760301737E-02,0.621389921116,
    0.729289818697));
#8697 = CARTESIAN_POINT('',(4.9760301737E-02,0.621290894309,
    0.729275901387));
#8698 = CARTESIAN_POINT('',(6.7382448857E-02,0.618172689696,
    0.752181609732));
#8699 = CARTESIAN_POINT('',(6.7382448857E-02,0.618073662889,
    0.752167692422));
#8700 = CARTESIAN_POINT('',(9.205281632E-02,0.617061601962,
    0.760087409754));
#8701 = CARTESIAN_POINT('',(9.205281632E-02,0.616962575155,
    0.760073492444));
#8702 = ADVANCED_FACE('',(#8703),#8714,.F.);
#8703 = FACE_BOUND('',#8704,.F.);
#8704 = EDGE_LOOP('',(#8705,#8706,#8707,#8713));
#8705 = ORIENTED_EDGE('',*,*,#8687,.F.);
#8706 = ORIENTED_EDGE('',*,*,#8366,.T.);
#8707 = ORIENTED_EDGE('',*,*,#8708,.T.);
#8708 = EDGE_CURVE('',#8367,#1240,#8709,.T.);
#8709 = LINE('',#8710,#8711);
#8710 = CARTESIAN_POINT('',(0.115234177745,0.612269152745,0.794187457807
    ));
#8711 = VECTOR('',#8712,1.);
#8712 = DIRECTION('',(1.894677867305E-16,-0.990268068742,-0.13917310096)
  );
#8713 = ORIENTED_EDGE('',*,*,#1237,.F.);
#8714 = B_SPLINE_SURFACE_WITH_KNOTS('',3,1,(
    (#8715,#8716)
    ,(#8717,#8718)
    ,(#8719,#8720)
    ,(#8721,#8722
    )),.UNSPECIFIED.,.F.,.F.,.F.,(4,4),(2,2),(0.,1.),(0.,1.),
  .PIECEWISE_BEZIER_KNOTS.);
#8715 = CARTESIAN_POINT('',(9.205281632E-02,0.617061601962,
    0.760087409754));
#8716 = CARTESIAN_POINT('',(9.205281632E-02,0.616962575155,
    0.760073492444));
#8717 = CARTESIAN_POINT('',(9.6732150562E-02,0.615245754935,
    0.773007832709));
#8718 = CARTESIAN_POINT('',(9.6732150562E-02,0.615146728128,
    0.772993915399));
#8719 = CARTESIAN_POINT('',(0.104891009659,0.613607596327,0.784663936869
    ));
#8720 = CARTESIAN_POINT('',(0.104891009659,0.61350856952,0.784650019559)
  );
#8721 = CARTESIAN_POINT('',(0.115234177745,0.612269152745,0.794187457807
    ));
#8722 = CARTESIAN_POINT('',(0.115234177745,0.612170125938,0.794173540496
    ));
#8723 = ADVANCED_FACE('',(#8724),#8735,.F.);
#8724 = FACE_BOUND('',#8725,.F.);
#8725 = EDGE_LOOP('',(#8726,#8727,#8728,#8734));
#8726 = ORIENTED_EDGE('',*,*,#8708,.F.);
#8727 = ORIENTED_EDGE('',*,*,#8375,.T.);
#8728 = ORIENTED_EDGE('',*,*,#8729,.T.);
#8729 = EDGE_CURVE('',#8376,#1514,#8730,.T.);
#8730 = LINE('',#8731,#8732);
#8731 = CARTESIAN_POINT('',(0.174068982825,0.609071616533,0.816939110159
    ));
#8732 = VECTOR('',#8733,1.);
#8733 = DIRECTION('',(1.894677867305E-16,-0.990268068742,-0.13917310096)
  );
#8734 = ORIENTED_EDGE('',*,*,#1522,.F.);
#8735 = B_SPLINE_SURFACE_WITH_KNOTS('',3,1,(
    (#8736,#8737)
    ,(#8738,#8739)
    ,(#8740,#8741)
    ,(#8742,#8743
    )),.UNSPECIFIED.,.F.,.F.,.F.,(4,4),(2,2),(1.,2.),(0.,1.),
  .PIECEWISE_BEZIER_KNOTS.);
#8736 = CARTESIAN_POINT('',(0.115234177745,0.612269152745,0.794187457807
    ));
#8737 = CARTESIAN_POINT('',(0.115234177745,0.612170125938,0.794173540496
    ));
#8738 = CARTESIAN_POINT('',(0.131616487123,0.610260631109,0.808478831845
    ));
#8739 = CARTESIAN_POINT('',(0.131616487123,0.610161604302,0.808464914535
    ));
#8740 = CARTESIAN_POINT('',(0.152379720761,0.609093025251,0.816786779215
    ));
#8741 = CARTESIAN_POINT('',(0.152379720761,0.608993998444,0.816772861905
    ));
#8742 = CARTESIAN_POINT('',(0.174068982825,0.609071616533,0.816939110159
    ));
#8743 = CARTESIAN_POINT('',(0.174068982825,0.608972589726,0.816925192849
    ));
#8744 = ADVANCED_FACE('',(#8745),#8756,.F.);
#8745 = FACE_BOUND('',#8746,.F.);
#8746 = EDGE_LOOP('',(#8747,#8748,#8749,#8755));
#8747 = ORIENTED_EDGE('',*,*,#8729,.F.);
#8748 = ORIENTED_EDGE('',*,*,#8384,.T.);
#8749 = ORIENTED_EDGE('',*,*,#8750,.T.);
#8750 = EDGE_CURVE('',#8385,#1505,#8751,.T.);
#8751 = LINE('',#8752,#8753);
#8752 = CARTESIAN_POINT('',(0.226243197611,0.611374713917,0.800551720762
    ));
#8753 = VECTOR('',#8754,1.);
#8754 = DIRECTION('',(1.894677867305E-16,-0.990268068742,-0.13917310096)
  );
#8755 = ORIENTED_EDGE('',*,*,#1513,.F.);
#8756 = B_SPLINE_SURFACE_WITH_KNOTS('',3,1,(
    (#8757,#8758)
    ,(#8759,#8760)
    ,(#8761,#8762)
    ,(#8763,#8764
    )),.UNSPECIFIED.,.F.,.F.,.F.,(4,4),(2,2),(2.,3.),(0.,1.),
  .PIECEWISE_BEZIER_KNOTS.);
#8757 = CARTESIAN_POINT('',(0.174068982825,0.609071616533,0.816939110159
    ));
#8758 = CARTESIAN_POINT('',(0.174068982825,0.608972589726,0.816925192849
    ));
#8759 = CARTESIAN_POINT('',(0.193155531786,0.609052776863,0.817073161378
    ));
#8760 = CARTESIAN_POINT('',(0.193155531786,0.608953750056,0.817059244067
    ));
#8761 = CARTESIAN_POINT('',(0.210983800169,0.609880419018,0.811184181442
    ));
#8762 = CARTESIAN_POINT('',(0.210983800169,0.609781392211,0.811170264131
    ));
#8763 = CARTESIAN_POINT('',(0.226243197611,0.611374713917,0.800551720762
    ));
#8764 = CARTESIAN_POINT('',(0.226243197611,0.61127568711,0.800537803451)
  );
#8765 = ADVANCED_FACE('',(#8766),#8777,.F.);
#8766 = FACE_BOUND('',#8767,.F.);
#8767 = EDGE_LOOP('',(#8768,#8769,#8770,#8776));
#8768 = ORIENTED_EDGE('',*,*,#8750,.F.);
#8769 = ORIENTED_EDGE('',*,*,#8393,.T.);
#8770 = ORIENTED_EDGE('',*,*,#8771,.T.);
#8771 = EDGE_CURVE('',#8394,#1496,#8772,.T.);
#8772 = LINE('',#8773,#8774);
#8773 = CARTESIAN_POINT('',(0.245465115204,0.61401220874,0.781784969953)
  );
#8774 = VECTOR('',#8775,1.);
#8775 = DIRECTION('',(1.894677867305E-16,-0.990268068742,-0.13917310096)
  );
#8776 = ORIENTED_EDGE('',*,*,#1504,.F.);
#8777 = B_SPLINE_SURFACE_WITH_KNOTS('',3,1,(
    (#8778,#8779)
    ,(#8780,#8781)
    ,(#8782,#8783)
    ,(#8784,#8785
    )),.UNSPECIFIED.,.F.,.F.,.F.,(4,4),(2,2),(3.,4.),(0.,1.),
  .PIECEWISE_BEZIER_KNOTS.);
#8778 = CARTESIAN_POINT('',(0.226243197611,0.611374713917,0.800551720762
    ));
#8779 = CARTESIAN_POINT('',(0.226243197611,0.61127568711,0.800537803451)
  );
#8780 = CARTESIAN_POINT('',(0.233654468748,0.612091889969,0.795448747999
    ));
#8781 = CARTESIAN_POINT('',(0.233654468748,0.611992863162,0.795434830689
    ));
#8782 = CARTESIAN_POINT('',(0.239773608868,0.612991464087,0.789047945555
    ));
#8783 = CARTESIAN_POINT('',(0.239773608868,0.61289243728,0.789034028245)
  );
#8784 = CARTESIAN_POINT('',(0.245465115204,0.61401220874,0.781784969953)
  );
#8785 = CARTESIAN_POINT('',(0.245465115204,0.613913181934,0.781771052643
    ));
#8786 = ADVANCED_FACE('',(#8787),#8798,.F.);
#8787 = FACE_BOUND('',#8788,.F.);
#8788 = EDGE_LOOP('',(#8789,#8790,#8791,#8797));
#8789 = ORIENTED_EDGE('',*,*,#8771,.F.);
#8790 = ORIENTED_EDGE('',*,*,#8402,.T.);
#8791 = ORIENTED_EDGE('',*,*,#8792,.T.);
#8792 = EDGE_CURVE('',#8403,#1487,#8793,.T.);
#8793 = LINE('',#8794,#8795);
#8794 = CARTESIAN_POINT('',(0.255436019331,0.613881618374,0.782714168691
    ));
#8795 = VECTOR('',#8796,1.);
#8796 = DIRECTION('',(1.894677867305E-16,-0.990268068742,-0.13917310096)
  );
#8797 = ORIENTED_EDGE('',*,*,#1495,.F.);
#8798 = B_SPLINE_SURFACE_WITH_KNOTS('',3,1,(
    (#8799,#8800)
    ,(#8801,#8802)
    ,(#8803,#8804)
    ,(#8805,#8806
    )),.UNSPECIFIED.,.F.,.F.,.F.,(4,4),(2,2),(4.,5.),(0.,1.),
  .PIECEWISE_BEZIER_KNOTS.);
#8799 = CARTESIAN_POINT('',(0.245465115204,0.61401220874,0.781784969953)
  );
#8800 = CARTESIAN_POINT('',(0.245465115204,0.613913181934,0.781771052643
    ));
#8801 = CARTESIAN_POINT('',(0.248932317254,0.613948411881,0.782238908193
    ));
#8802 = CARTESIAN_POINT('',(0.248932317254,0.613849385074,0.782224990883
    ));
#8803 = CARTESIAN_POINT('',(0.25196574071,0.613885043766,0.782689795763)
  );
#8804 = CARTESIAN_POINT('',(0.25196574071,0.613786016959,0.782675878453)
  );
#8805 = CARTESIAN_POINT('',(0.255436019331,0.613881618374,0.782714168691
    ));
#8806 = CARTESIAN_POINT('',(0.255436019331,0.613782591567,0.782700251381
    ));
#8807 = ADVANCED_FACE('',(#8808),#8819,.F.);
#8808 = FACE_BOUND('',#8809,.F.);
#8809 = EDGE_LOOP('',(#8810,#8811,#8812,#8818));
#8810 = ORIENTED_EDGE('',*,*,#8792,.F.);
#8811 = ORIENTED_EDGE('',*,*,#8411,.T.);
#8812 = ORIENTED_EDGE('',*,*,#8813,.T.);
#8813 = EDGE_CURVE('',#8412,#1478,#8814,.T.);
#8814 = LINE('',#8815,#8816);
#8815 = CARTESIAN_POINT('',(0.305468996951,0.616730197823,0.762445472732
    ));
#8816 = VECTOR('',#8817,1.);
#8817 = DIRECTION('',(1.894677867305E-16,-0.990268068742,-0.13917310096)
  );
#8818 = ORIENTED_EDGE('',*,*,#1486,.F.);
#8819 = B_SPLINE_SURFACE_WITH_KNOTS('',3,1,(
    (#8820,#8821)
    ,(#8822,#8823)
    ,(#8824,#8825)
    ,(#8826,#8827
    )),.UNSPECIFIED.,.F.,.F.,.F.,(4,4),(2,2),(5.,6.),(0.,1.),
  .PIECEWISE_BEZIER_KNOTS.);
#8820 = CARTESIAN_POINT('',(0.255436019331,0.613881618374,0.782714168691
    ));
#8821 = CARTESIAN_POINT('',(0.255436019331,0.613782591567,0.782700251381
    ));
#8822 = CARTESIAN_POINT('',(0.274088785533,0.613863206876,0.782845173308
    ));
#8823 = CARTESIAN_POINT('',(0.274088785533,0.613764180069,0.782831255998
    ));
#8824 = CARTESIAN_POINT('',(0.291926279453,0.614871962647,0.775667503041
    ));
#8825 = CARTESIAN_POINT('',(0.291926279453,0.61477293584,0.775653585731)
  );
#8826 = CARTESIAN_POINT('',(0.305468996951,0.616730197823,0.762445472732
    ));
#8827 = CARTESIAN_POINT('',(0.305468996951,0.616631171016,0.762431555422
    ));
#8828 = ADVANCED_FACE('',(#8829),#8840,.F.);
#8829 = FACE_BOUND('',#8830,.F.);
#8830 = EDGE_LOOP('',(#8831,#8832,#8833,#8839));
#8831 = ORIENTED_EDGE('',*,*,#8813,.F.);
#8832 = ORIENTED_EDGE('',*,*,#8420,.T.);
#8833 = ORIENTED_EDGE('',*,*,#8834,.T.);
#8834 = EDGE_CURVE('',#8421,#1469,#8835,.T.);
#8835 = LINE('',#8836,#8837);
#8836 = CARTESIAN_POINT('',(0.326207642644,0.623592393849,0.713618410899
    ));
#8837 = VECTOR('',#8838,1.);
#8838 = DIRECTION('',(1.894677867305E-16,-0.990268068742,-0.13917310096)
  );
#8839 = ORIENTED_EDGE('',*,*,#1477,.F.);
#8840 = B_SPLINE_SURFACE_WITH_KNOTS('',3,1,(
    (#8841,#8842)
    ,(#8843,#8844)
    ,(#8845,#8846)
    ,(#8847,#8848
    )),.UNSPECIFIED.,.F.,.F.,.F.,(4,4),(2,2),(6.,7.),(0.,1.),
  .PIECEWISE_BEZIER_KNOTS.);
#8841 = CARTESIAN_POINT('',(0.305468996951,0.616730197823,0.762445472732
    ));
#8842 = CARTESIAN_POINT('',(0.305468996951,0.616631171016,0.762431555422
    ));
#8843 = CARTESIAN_POINT('',(0.318574862329,0.61852848912,0.749649965281)
  );
#8844 = CARTESIAN_POINT('',(0.318574862329,0.618429462313,0.74963604797)
  );
#8845 = CARTESIAN_POINT('',(0.326075350599,0.620996431111,0.732089645566
    ));
#8846 = CARTESIAN_POINT('',(0.326075350599,0.620897404304,0.732075728256
    ));
#8847 = CARTESIAN_POINT('',(0.326207642644,0.623592393849,0.713618410899
    ));
#8848 = CARTESIAN_POINT('',(0.326207642644,0.623493367042,0.713604493589
    ));
#8849 = ADVANCED_FACE('',(#8850),#8861,.F.);
#8850 = FACE_BOUND('',#8851,.F.);
#8851 = EDGE_LOOP('',(#8852,#8853,#8854,#8860));
#8852 = ORIENTED_EDGE('',*,*,#8834,.F.);
#8853 = ORIENTED_EDGE('',*,*,#8429,.T.);
#8854 = ORIENTED_EDGE('',*,*,#8855,.T.);
#8855 = EDGE_CURVE('',#8430,#1460,#8856,.T.);
#8856 = LINE('',#8857,#8858);
#8857 = CARTESIAN_POINT('',(0.308324008279,0.630190840642,0.666668022372
    ));
#8858 = VECTOR('',#8859,1.);
#8859 = DIRECTION('',(1.894677867305E-16,-0.990268068742,-0.13917310096)
  );
#8860 = ORIENTED_EDGE('',*,*,#1468,.F.);
#8861 = B_SPLINE_SURFACE_WITH_KNOTS('',3,1,(
    (#8862,#8863)
    ,(#8864,#8865)
    ,(#8866,#8867)
    ,(#8868,#8869
    )),.UNSPECIFIED.,.F.,.F.,.F.,(4,4),(2,2),(7.,8.),(0.,1.),
  .PIECEWISE_BEZIER_KNOTS.);
#8862 = CARTESIAN_POINT('',(0.326207642644,0.623592393849,0.713618410899
    ));
#8863 = CARTESIAN_POINT('',(0.326207642644,0.623493367042,0.713604493589
    ));
#8864 = CARTESIAN_POINT('',(0.326330705034,0.626007243336,0.696435863973
    ));
#8865 = CARTESIAN_POINT('',(0.326330705034,0.625908216529,0.696421946663
    ));
#8866 = CARTESIAN_POINT('',(0.319943912292,0.628368145123,0.679637174884
    ));
#8867 = CARTESIAN_POINT('',(0.319943912292,0.628269118316,0.679623257573
    ));
#8868 = CARTESIAN_POINT('',(0.308324008279,0.630190840642,0.666668022372
    ));
#8869 = CARTESIAN_POINT('',(0.308324008279,0.630091813835,0.666654105062
    ));
#8870 = ADVANCED_FACE('',(#8871),#8882,.F.);
#8871 = FACE_BOUND('',#8872,.F.);
#8872 = EDGE_LOOP('',(#8873,#8874,#8875,#8881));
#8873 = ORIENTED_EDGE('',*,*,#8855,.F.);
#8874 = ORIENTED_EDGE('',*,*,#8438,.T.);
#8875 = ORIENTED_EDGE('',*,*,#8876,.T.);
#8876 = EDGE_CURVE('',#8439,#1451,#8877,.T.);
#8877 = LINE('',#8878,#8879);
#8878 = CARTESIAN_POINT('',(0.273768863821,0.633122913515,0.64580523983)
  );
#8879 = VECTOR('',#8880,1.);
#8880 = DIRECTION('',(1.894677867305E-16,-0.990268068742,-0.13917310096)
  );
#8881 = ORIENTED_EDGE('',*,*,#1459,.F.);
#8882 = B_SPLINE_SURFACE_WITH_KNOTS('',3,1,(
    (#8883,#8884)
    ,(#8885,#8886)
    ,(#8887,#8888)
    ,(#8889,#8890
    )),.UNSPECIFIED.,.F.,.F.,.F.,(4,4),(2,2),(8.,9.),(0.,1.),
  .PIECEWISE_BEZIER_KNOTS.);
#8883 = CARTESIAN_POINT('',(0.308324008279,0.630190840642,0.666668022372
    ));
#8884 = CARTESIAN_POINT('',(0.308324008279,0.630091813835,0.666654105062
    ));
#8885 = CARTESIAN_POINT('',(0.298854571279,0.63164917109,0.656291462053)
  );
#8886 = CARTESIAN_POINT('',(0.298854571279,0.631550144284,0.656277544743
    ));
#8887 = CARTESIAN_POINT('',(0.287191591364,0.632626670675,0.649336191105
    ));
#8888 = CARTESIAN_POINT('',(0.287191591364,0.632527643868,0.649322273795
    ));
#8889 = CARTESIAN_POINT('',(0.273768863821,0.633122913515,0.64580523983)
  );
#8890 = CARTESIAN_POINT('',(0.273768863821,0.633023886708,0.64579132252)
  );
#8891 = ADVANCED_FACE('',(#8892),#8903,.F.);
#8892 = FACE_BOUND('',#8893,.F.);
#8893 = EDGE_LOOP('',(#8894,#8895,#8896,#8902));
#8894 = ORIENTED_EDGE('',*,*,#8876,.F.);
#8895 = ORIENTED_EDGE('',*,*,#8447,.T.);
#8896 = ORIENTED_EDGE('',*,*,#8897,.T.);
#8897 = EDGE_CURVE('',#8448,#1442,#8898,.T.);
#8898 = LINE('',#8899,#8900);
#8899 = CARTESIAN_POINT('',(0.232768467801,0.63726883375,0.616305484512)
  );
#8900 = VECTOR('',#8901,1.);
#8901 = DIRECTION('',(1.894677867305E-16,-0.990268068742,-0.13917310096)
  );
#8902 = ORIENTED_EDGE('',*,*,#1450,.F.);
#8903 = B_SPLINE_SURFACE_WITH_KNOTS('',3,1,(
    (#8904,#8905)
    ,(#8906,#8907)
    ,(#8908,#8909)
    ,(#8910,#8911
    )),.UNSPECIFIED.,.F.,.F.,.F.,(4,4),(2,2),(9.,10.),(0.,1.),
  .PIECEWISE_BEZIER_KNOTS.);
#8904 = CARTESIAN_POINT('',(0.273768863821,0.633122913515,0.64580523983)
  );
#8905 = CARTESIAN_POINT('',(0.273768863821,0.633023886708,0.64579132252)
  );
#8906 = CARTESIAN_POINT('',(0.268252717247,0.635543329269,0.628583086853
    ));
#8907 = CARTESIAN_POINT('',(0.268252717247,0.635444302462,0.628569169543
    ));
#8908 = CARTESIAN_POINT('',(0.251855025037,0.637249994072,0.616439535789
    ));
#8909 = CARTESIAN_POINT('',(0.251855025037,0.637150967265,0.616425618479
    ));
#8910 = CARTESIAN_POINT('',(0.232768467801,0.63726883375,0.616305484512)
  );
#8911 = CARTESIAN_POINT('',(0.232768467801,0.637169806944,0.616291567202
    ));
#8912 = ADVANCED_FACE('',(#8913),#8924,.F.);
#8913 = FACE_BOUND('',#8914,.F.);
#8914 = EDGE_LOOP('',(#8915,#8916,#8917,#8923));
#8915 = ORIENTED_EDGE('',*,*,#8897,.F.);
#8916 = ORIENTED_EDGE('',*,*,#8456,.T.);
#8917 = ORIENTED_EDGE('',*,*,#8918,.T.);
#8918 = EDGE_CURVE('',#8457,#1433,#8919,.T.);
#8919 = LINE('',#8920,#8921);
#8920 = CARTESIAN_POINT('',(0.189082287699,0.631274527468,0.658957189938
    ));
#8921 = VECTOR('',#8922,1.);
#8922 = DIRECTION('',(1.894677867305E-16,-0.990268068742,-0.13917310096)
  );
#8923 = ORIENTED_EDGE('',*,*,#1441,.F.);
#8924 = B_SPLINE_SURFACE_WITH_KNOTS('',3,1,(
    (#8925,#8926)
    ,(#8927,#8928)
    ,(#8929,#8930)
    ,(#8931,#8932
    )),.UNSPECIFIED.,.F.,.F.,.F.,(4,4),(2,2),(10.,11.),(0.,1.),
  .PIECEWISE_BEZIER_KNOTS.);
#8925 = CARTESIAN_POINT('',(0.232768467801,0.63726883375,0.616305484512)
  );
#8926 = CARTESIAN_POINT('',(0.232768467801,0.637169806944,0.616291567202
    ));
#8927 = CARTESIAN_POINT('',(0.208910279531,0.63729238334,0.616137920474)
  );
#8928 = CARTESIAN_POINT('',(0.208910279531,0.637193356533,0.616124003164
    ));
#8929 = CARTESIAN_POINT('',(0.189251498485,0.634594945513,0.635331187915
    ));
#8930 = CARTESIAN_POINT('',(0.189251498485,0.634495918706,0.635317270605
    ));
#8931 = CARTESIAN_POINT('',(0.189082287699,0.631274527468,0.658957189938
    ));
#8932 = CARTESIAN_POINT('',(0.189082287699,0.631175500662,0.658943272628
    ));
#8933 = ADVANCED_FACE('',(#8934),#8945,.F.);
#8934 = FACE_BOUND('',#8935,.T.);
#8935 = EDGE_LOOP('',(#8936,#8937,#8943,#8944));
#8936 = ORIENTED_EDGE('',*,*,#1432,.T.);
#8937 = ORIENTED_EDGE('',*,*,#8938,.F.);
#8938 = EDGE_CURVE('',#8466,#1425,#8939,.T.);
#8939 = LINE('',#8940,#8941);
#8940 = CARTESIAN_POINT('',(0.189051522102,0.630670815097,0.663252826669
    ));
#8941 = VECTOR('',#8942,1.);
#8942 = DIRECTION('',(1.894677867305E-16,-0.990268068742,-0.13917310096)
  );
#8943 = ORIENTED_EDGE('',*,*,#8465,.F.);
#8944 = ORIENTED_EDGE('',*,*,#8918,.T.);
#8945 = PLANE('',#8946);
#8946 = AXIS2_PLACEMENT_3D('',#8947,#8948,#8949);
#8947 = CARTESIAN_POINT('',(0.189082287699,0.631274527468,0.658957189938
    ));
#8948 = DIRECTION('',(0.999974850186,-9.870404750007E-04,
    7.023157916005E-03));
#8949 = DIRECTION('',(7.02316133716E-03,-1.555177902147E-16,
    -0.999975337298));
#8950 = ADVANCED_FACE('',(#8951),#8962,.F.);
#8951 = FACE_BOUND('',#8952,.T.);
#8952 = EDGE_LOOP('',(#8953,#8954,#8960,#8961));
#8953 = ORIENTED_EDGE('',*,*,#1424,.T.);
#8954 = ORIENTED_EDGE('',*,*,#8955,.F.);
#8955 = EDGE_CURVE('',#8475,#1417,#8956,.T.);
#8956 = LINE('',#8957,#8958);
#8957 = CARTESIAN_POINT('',(0.128093922914,0.626263288186,0.6946140102)
  );
#8958 = VECTOR('',#8959,1.);
#8959 = DIRECTION('',(1.894677867305E-16,-0.990268068742,-0.13917310096)
  );
#8960 = ORIENTED_EDGE('',*,*,#8474,.F.);
#8961 = ORIENTED_EDGE('',*,*,#8938,.T.);
#8962 = PLANE('',#8963);
#8963 = AXIS2_PLACEMENT_3D('',#8964,#8965,#8966);
#8964 = CARTESIAN_POINT('',(0.189051522102,0.630670815097,0.663252826669
    ));
#8965 = DIRECTION('',(0.461025394856,-0.123500392506,0.878750953541));
#8966 = DIRECTION('',(0.885530108598,3.184952301893E-15,-0.464581991436)
  );
#8967 = ADVANCED_FACE('',(#8968),#8979,.F.);
#8968 = FACE_BOUND('',#8969,.T.);
#8969 = EDGE_LOOP('',(#8970,#8971,#8977,#8978));
#8970 = ORIENTED_EDGE('',*,*,#1416,.T.);
#8971 = ORIENTED_EDGE('',*,*,#8972,.F.);
#8972 = EDGE_CURVE('',#8483,#1409,#8973,.T.);
#8973 = LINE('',#8974,#8975);
#8974 = CARTESIAN_POINT('',(0.141378201073,0.623050338526,0.71747533493)
  );
#8975 = VECTOR('',#8976,1.);
#8976 = DIRECTION('',(1.894677867305E-16,-0.990268068742,-0.13917310096)
  );
#8977 = ORIENTED_EDGE('',*,*,#8482,.F.);
#8978 = ORIENTED_EDGE('',*,*,#8955,.T.);
#8979 = PLANE('',#8980);
#8980 = AXIS2_PLACEMENT_3D('',#8981,#8982,#8983);
#8981 = CARTESIAN_POINT('',(0.128093922914,0.626263288186,0.6946140102)
  );
#8982 = DIRECTION('',(0.866746770637,6.941237106604E-02,-0.493894683442)
  );
#8983 = DIRECTION('',(-0.495088811601,7.771561172376E-15,-0.868842372716
    ));
#8984 = ADVANCED_FACE('',(#8985),#8996,.F.);
#8985 = FACE_BOUND('',#8986,.T.);
#8986 = EDGE_LOOP('',(#8987,#8988,#8994,#8995));
#8987 = ORIENTED_EDGE('',*,*,#1408,.T.);
#8988 = ORIENTED_EDGE('',*,*,#8989,.F.);
#8989 = EDGE_CURVE('',#8491,#1400,#8990,.T.);
#8990 = LINE('',#8991,#8992);
#8991 = CARTESIAN_POINT('',(0.199720780931,0.627218949766,0.687814124729
    ));
#8992 = VECTOR('',#8993,1.);
#8993 = DIRECTION('',(1.894677867305E-16,-0.990268068742,-0.13917310096)
  );
#8994 = ORIENTED_EDGE('',*,*,#8490,.F.);
#8995 = ORIENTED_EDGE('',*,*,#8972,.T.);
#8996 = PLANE('',#8997);
#8997 = AXIS2_PLACEMENT_3D('',#8998,#8999,#9000);
#8998 = CARTESIAN_POINT('',(0.141378201073,0.623050338526,0.71747533493)
  );
#8999 = DIRECTION('',(-0.456720276353,0.123809832177,-0.880952731209));
#9000 = DIRECTION('',(-0.887783368736,-3.669980985777E-14,0.460261545423
    ));
#9001 = ADVANCED_FACE('',(#9002),#9013,.F.);
#9002 = FACE_BOUND('',#9003,.F.);
#9003 = EDGE_LOOP('',(#9004,#9005,#9006,#9012));
#9004 = ORIENTED_EDGE('',*,*,#8989,.F.);
#9005 = ORIENTED_EDGE('',*,*,#8498,.T.);
#9006 = ORIENTED_EDGE('',*,*,#9007,.T.);
#9007 = EDGE_CURVE('',#8499,#1391,#9008,.T.);
#9008 = LINE('',#9009,#9010);
#9009 = CARTESIAN_POINT('',(0.232150071008,0.625134214855,0.702647784392
    ));
#9010 = VECTOR('',#9011,1.);
#9011 = DIRECTION('',(1.894677867305E-16,-0.990268068742,-0.13917310096)
  );
#9012 = ORIENTED_EDGE('',*,*,#1399,.F.);
#9013 = B_SPLINE_SURFACE_WITH_KNOTS('',3,1,(
    (#9014,#9015)
    ,(#9016,#9017)
    ,(#9018,#9019)
    ,(#9020,#9021
    )),.UNSPECIFIED.,.F.,.F.,.F.,(4,4),(2,2),(15.,16.),(0.,1.),
  .PIECEWISE_BEZIER_KNOTS.);
#9014 = CARTESIAN_POINT('',(0.199720780931,0.627218949766,0.687814124729
    ));
#9015 = CARTESIAN_POINT('',(0.199720780931,0.627119922959,0.687800207419
    ));
#9016 = CARTESIAN_POINT('',(0.207464304199,0.62594344642,0.69688980262)
  );
#9017 = CARTESIAN_POINT('',(0.207464304199,0.625844419613,0.696875885309
    ));
#9018 = CARTESIAN_POINT('',(0.219136513769,0.625147060086,0.702556385826
    ));
#9019 = CARTESIAN_POINT('',(0.219136513769,0.625048033279,0.702542468516
    ));
#9020 = CARTESIAN_POINT('',(0.232150071008,0.625134214855,0.702647784392
    ));
#9021 = CARTESIAN_POINT('',(0.232150071008,0.625035188048,0.702633867082
    ));
#9022 = ADVANCED_FACE('',(#9023),#9034,.F.);
#9023 = FACE_BOUND('',#9024,.F.);
#9024 = EDGE_LOOP('',(#9025,#9026,#9027,#9033));
#9025 = ORIENTED_EDGE('',*,*,#9007,.F.);
#9026 = ORIENTED_EDGE('',*,*,#8507,.T.);
#9027 = ORIENTED_EDGE('',*,*,#9028,.T.);
#9028 = EDGE_CURVE('',#8508,#1382,#9029,.T.);
#9029 = LINE('',#9030,#9031);
#9030 = CARTESIAN_POINT('',(0.273128934988,0.629078468351,0.674582962489
    ));
#9031 = VECTOR('',#9032,1.);
#9032 = DIRECTION('',(1.894677867305E-16,-0.990268068742,-0.13917310096)
  );
#9033 = ORIENTED_EDGE('',*,*,#1390,.F.);
#9034 = B_SPLINE_SURFACE_WITH_KNOTS('',3,1,(
    (#9035,#9036)
    ,(#9037,#9038)
    ,(#9039,#9040)
    ,(#9041,#9042
    )),.UNSPECIFIED.,.F.,.F.,.F.,(4,4),(2,2),(16.,17.),(0.,1.),
  .PIECEWISE_BEZIER_KNOTS.);
#9035 = CARTESIAN_POINT('',(0.232150071008,0.625134214855,0.702647784392
    ));
#9036 = CARTESIAN_POINT('',(0.232150071008,0.625035188048,0.702633867082
    ));
#9037 = CARTESIAN_POINT('',(0.250802841347,0.625115803353,0.702778789038
    ));
#9038 = CARTESIAN_POINT('',(0.250802841347,0.625016776546,0.702764871728
    ));
#9039 = CARTESIAN_POINT('',(0.266939033959,0.626790355087,0.690863734332
    ));
#9040 = CARTESIAN_POINT('',(0.266939033959,0.62669132828,0.690849817022)
  );
#9041 = CARTESIAN_POINT('',(0.273128934988,0.629078468351,0.674582962489
    ));
#9042 = CARTESIAN_POINT('',(0.273128934988,0.628979441544,0.674569045179
    ));
#9043 = ADVANCED_FACE('',(#9044),#9055,.F.);
#9044 = FACE_BOUND('',#9045,.F.);
#9045 = EDGE_LOOP('',(#9046,#9047,#9048,#9054));
#9046 = ORIENTED_EDGE('',*,*,#9028,.F.);
#9047 = ORIENTED_EDGE('',*,*,#8516,.T.);
#9048 = ORIENTED_EDGE('',*,*,#9049,.T.);
#9049 = EDGE_CURVE('',#8517,#1373,#9050,.T.);
#9050 = LINE('',#9051,#9052);
#9051 = CARTESIAN_POINT('',(0.298873005945,0.623498623609,0.714285620827
    ));
#9052 = VECTOR('',#9053,1.);
#9053 = DIRECTION('',(1.894677867305E-16,-0.990268068742,-0.13917310096)
  );
#9054 = ORIENTED_EDGE('',*,*,#1381,.F.);
#9055 = B_SPLINE_SURFACE_WITH_KNOTS('',3,1,(
    (#9056,#9057)
    ,(#9058,#9059)
    ,(#9060,#9061)
    ,(#9062,#9063
    )),.UNSPECIFIED.,.F.,.F.,.F.,(4,4),(2,2),(17.,18.),(0.,1.),
  .PIECEWISE_BEZIER_KNOTS.);
#9056 = CARTESIAN_POINT('',(0.273128934988,0.629078468351,0.674582962489
    ));
#9057 = CARTESIAN_POINT('',(0.273128934988,0.628979441544,0.674569045179
    ));
#9058 = CARTESIAN_POINT('',(0.288262193465,0.628097542223,0.681562614558
    ));
#9059 = CARTESIAN_POINT('',(0.288262193465,0.627998515417,0.681548697248
    ));
#9060 = CARTESIAN_POINT('',(0.298999144906,0.625973844563,0.69667350859)
  );
#9061 = CARTESIAN_POINT('',(0.298999144906,0.625874817756,0.696659591279
    ));
#9062 = CARTESIAN_POINT('',(0.298873005945,0.623498623609,0.714285620827
    ));
#9063 = CARTESIAN_POINT('',(0.298873005945,0.623399596802,0.714271703517
    ));
#9064 = ADVANCED_FACE('',(#9065),#9076,.F.);
#9065 = FACE_BOUND('',#9066,.F.);
#9066 = EDGE_LOOP('',(#9067,#9068,#9069,#9075));
#9067 = ORIENTED_EDGE('',*,*,#9049,.F.);
#9068 = ORIENTED_EDGE('',*,*,#8525,.T.);
#9069 = ORIENTED_EDGE('',*,*,#9070,.T.);
#9070 = EDGE_CURVE('',#8526,#1364,#9071,.T.);
#9071 = LINE('',#9072,#9073);
#9072 = CARTESIAN_POINT('',(0.255186825843,0.617504317327,0.756937326252
    ));
#9073 = VECTOR('',#9074,1.);
#9074 = DIRECTION('',(1.894677867305E-16,-0.990268068742,-0.13917310096)
  );
#9075 = ORIENTED_EDGE('',*,*,#1372,.F.);
#9076 = B_SPLINE_SURFACE_WITH_KNOTS('',3,1,(
    (#9077,#9078)
    ,(#9079,#9080)
    ,(#9081,#9082)
    ,(#9083,#9084
    )),.UNSPECIFIED.,.F.,.F.,.F.,(4,4),(2,2),(18.,19.),(0.,1.),
  .PIECEWISE_BEZIER_KNOTS.);
#9077 = CARTESIAN_POINT('',(0.298873005945,0.623498623609,0.714285620827
    ));
#9078 = CARTESIAN_POINT('',(0.298873005945,0.623399596802,0.714271703517
    ));
#9079 = CARTESIAN_POINT('',(0.298703795159,0.620178205564,0.737911622849
    ));
#9080 = CARTESIAN_POINT('',(0.298703795159,0.620079178757,0.737897705539
    ));
#9081 = CARTESIAN_POINT('',(0.279045014113,0.617480767737,0.75710489029)
  );
#9082 = CARTESIAN_POINT('',(0.279045014113,0.61738174093,0.75709097298)
  );
#9083 = CARTESIAN_POINT('',(0.255186825843,0.617504317327,0.756937326252
    ));
#9084 = CARTESIAN_POINT('',(0.255186825843,0.61740529052,0.756923408942)
  );
#9085 = ADVANCED_FACE('',(#9086),#9097,.F.);
#9086 = FACE_BOUND('',#9087,.F.);
#9087 = EDGE_LOOP('',(#9088,#9089,#9090,#9096));
#9088 = ORIENTED_EDGE('',*,*,#9070,.F.);
#9089 = ORIENTED_EDGE('',*,*,#8534,.T.);
#9090 = ORIENTED_EDGE('',*,*,#9091,.T.);
#9091 = EDGE_CURVE('',#8535,#1355,#9092,.T.);
#9092 = LINE('',#9093,#9094);
#9093 = CARTESIAN_POINT('',(0.232242359761,0.618432579122,0.750332400378
    ));
#9094 = VECTOR('',#9095,1.);
#9095 = DIRECTION('',(1.894677867305E-16,-0.990268068742,-0.13917310096)
  );
#9096 = ORIENTED_EDGE('',*,*,#1363,.F.);
#9097 = B_SPLINE_SURFACE_WITH_KNOTS('',3,1,(
    (#9098,#9099)
    ,(#9100,#9101)
    ,(#9102,#9103)
    ,(#9104,#9105
    )),.UNSPECIFIED.,.F.,.F.,.F.,(4,4),(2,2),(19.,20.),(0.,1.),
  .PIECEWISE_BEZIER_KNOTS.);
#9098 = CARTESIAN_POINT('',(0.255186825843,0.617504317327,0.756937326252
    ));
#9099 = CARTESIAN_POINT('',(0.255186825843,0.61740529052,0.756923408942)
  );
#9100 = CARTESIAN_POINT('',(0.246944907913,0.617512452638,0.756879440505
    ));
#9101 = CARTESIAN_POINT('',(0.246944907913,0.617413425831,0.756865523195
    ));
#9102 = CARTESIAN_POINT('',(0.238721449354,0.617882815602,0.754244171081
    ));
#9103 = CARTESIAN_POINT('',(0.238721449354,0.617783788795,0.754230253771
    ));
#9104 = CARTESIAN_POINT('',(0.232242359761,0.618432579122,0.750332400378
    ));
#9105 = CARTESIAN_POINT('',(0.232242359761,0.618333552315,0.750318483068
    ));
#9106 = ADVANCED_FACE('',(#9107),#9118,.F.);
#9107 = FACE_BOUND('',#9108,.F.);
#9108 = EDGE_LOOP('',(#9109,#9110,#9111,#9117));
#9109 = ORIENTED_EDGE('',*,*,#9091,.F.);
#9110 = ORIENTED_EDGE('',*,*,#8543,.T.);
#9111 = ORIENTED_EDGE('',*,*,#9112,.T.);
#9112 = EDGE_CURVE('',#8544,#1346,#9113,.T.);
#9113 = LINE('',#9114,#9115);
#9114 = CARTESIAN_POINT('',(0.173819797787,0.612694318931,0.791162243199
    ));
#9115 = VECTOR('',#9116,1.);
#9116 = DIRECTION('',(1.894677867305E-16,-0.990268068742,-0.13917310096)
  );
#9117 = ORIENTED_EDGE('',*,*,#1354,.F.);
#9118 = B_SPLINE_SURFACE_WITH_KNOTS('',3,1,(
    (#9119,#9120)
    ,(#9121,#9122)
    ,(#9123,#9124)
    ,(#9125,#9126
    )),.UNSPECIFIED.,.F.,.F.,.F.,(4,4),(2,2),(20.,21.),(0.,1.),
  .PIECEWISE_BEZIER_KNOTS.);
#9119 = CARTESIAN_POINT('',(0.232242359761,0.618432579122,0.750332400378
    ));
#9120 = CARTESIAN_POINT('',(0.232242359761,0.618333552315,0.750318483068
    ));
#9121 = CARTESIAN_POINT('',(0.223828162924,0.615059928367,0.774330057444
    ));
#9122 = CARTESIAN_POINT('',(0.223828162924,0.61496090156,0.774316140134)
  );
#9123 = CARTESIAN_POINT('',(0.201148264678,0.61266734395,0.791354180164)
  );
#9124 = CARTESIAN_POINT('',(0.201148264678,0.612568317143,0.791340262854
    ));
#9125 = CARTESIAN_POINT('',(0.173819797787,0.612694318931,0.791162243199
    ));
#9126 = CARTESIAN_POINT('',(0.173819797787,0.612595292124,0.791148325888
    ));
#9127 = ADVANCED_FACE('',(#9128),#9139,.F.);
#9128 = FACE_BOUND('',#9129,.F.);
#9129 = EDGE_LOOP('',(#9130,#9131,#9132,#9138));
#9130 = ORIENTED_EDGE('',*,*,#9112,.F.);
#9131 = ORIENTED_EDGE('',*,*,#8552,.T.);
#9132 = ORIENTED_EDGE('',*,*,#9133,.T.);
#9133 = EDGE_CURVE('',#8553,#1337,#9134,.T.);
#9134 = LINE('',#9135,#9136);
#9135 = CARTESIAN_POINT('',(0.113474433976,0.620300667989,0.737040257415
    ));
#9136 = VECTOR('',#9137,1.);
#9137 = DIRECTION('',(1.894677867305E-16,-0.990268068742,-0.13917310096)
  );
#9138 = ORIENTED_EDGE('',*,*,#1345,.F.);
#9139 = B_SPLINE_SURFACE_WITH_KNOTS('',3,1,(
    (#9140,#9141)
    ,(#9142,#9143)
    ,(#9144,#9145)
    ,(#9146,#9147
    )),.UNSPECIFIED.,.F.,.F.,.F.,(4,4),(2,2),(21.,22.),(0.,1.),
  .PIECEWISE_BEZIER_KNOTS.);
#9140 = CARTESIAN_POINT('',(0.173819797787,0.612694318931,0.791162243199
    ));
#9141 = CARTESIAN_POINT('',(0.173819797787,0.612595292124,0.791148325888
    ));
#9142 = CARTESIAN_POINT('',(0.142587257105,0.612725147488,0.790942886616
    ));
#9143 = CARTESIAN_POINT('',(0.142587257105,0.612626120682,0.790928969306
    ));
#9144 = CARTESIAN_POINT('',(0.116729353415,0.616071255995,0.767134087462
    ));
#9145 = CARTESIAN_POINT('',(0.116729353415,0.615972229188,0.767120170152
    ));
#9146 = CARTESIAN_POINT('',(0.113474433976,0.620300667989,0.737040257415
    ));
#9147 = CARTESIAN_POINT('',(0.113474433976,0.620201641182,0.737026340105
    ));
#9148 = ADVANCED_FACE('',(#9149),#9160,.F.);
#9149 = FACE_BOUND('',#9150,.T.);
#9150 = EDGE_LOOP('',(#9151,#9152,#9158,#9159));
#9151 = ORIENTED_EDGE('',*,*,#1336,.T.);
#9152 = ORIENTED_EDGE('',*,*,#9153,.F.);
#9153 = EDGE_CURVE('',#8562,#1328,#9154,.T.);
#9154 = LINE('',#9155,#9156);
#9155 = CARTESIAN_POINT('',(0.110004155355,0.620304093381,0.737015884487
    ));
#9156 = VECTOR('',#9157,1.);
#9157 = DIRECTION('',(1.894677867305E-16,-0.990268068742,-0.13917310096)
  );
#9158 = ORIENTED_EDGE('',*,*,#8561,.F.);
#9159 = ORIENTED_EDGE('',*,*,#9133,.T.);
#9160 = PLANE('',#9161);
#9161 = AXIS2_PLACEMENT_3D('',#9162,#9163,#9164);
#9162 = CARTESIAN_POINT('',(0.113474433976,0.620300667989,0.737040257415
    ));
#9163 = DIRECTION('',(-7.092178509004E-03,-0.139169600782,0.990243163684
    ));
#9164 = DIRECTION('',(-2.53096155145E-15,-0.990268068742,-0.13917310096)
  );
#9165 = ADVANCED_FACE('',(#9166),#9177,.F.);
#9166 = FACE_BOUND('',#9167,.F.);
#9167 = EDGE_LOOP('',(#9168,#9169,#9170,#9176));
#9168 = ORIENTED_EDGE('',*,*,#9153,.F.);
#9169 = ORIENTED_EDGE('',*,*,#8570,.T.);
#9170 = ORIENTED_EDGE('',*,*,#9171,.T.);
#9171 = EDGE_CURVE('',#8571,#1319,#9172,.T.);
#9172 = LINE('',#9173,#9174);
#9173 = CARTESIAN_POINT('',(7.6408881481E-02,0.625046447017,
    0.703272285012));
#9174 = VECTOR('',#9175,1.);
#9175 = DIRECTION('',(1.894677867305E-16,-0.990268068742,-0.13917310096)
  );
#9176 = ORIENTED_EDGE('',*,*,#1327,.F.);
#9177 = B_SPLINE_SURFACE_WITH_KNOTS('',3,1,(
    (#9178,#9179)
    ,(#9180,#9181)
    ,(#9182,#9183)
    ,(#9184,#9185
    )),.UNSPECIFIED.,.F.,.F.,.F.,(4,4),(2,2),(23.,24.),(0.,1.),
  .PIECEWISE_BEZIER_KNOTS.);
#9178 = CARTESIAN_POINT('',(0.110004155355,0.620304093381,0.737015884487
    ));
#9179 = CARTESIAN_POINT('',(0.110004155355,0.620205066574,0.737001967177
    ));
#9180 = CARTESIAN_POINT('',(9.1351393289E-02,0.620322504875,
    0.736884879899));
#9181 = CARTESIAN_POINT('',(9.1351393289E-02,0.620223478068,
    0.736870962589));
#9182 = CARTESIAN_POINT('',(7.6276589436E-02,0.622450484279,
    0.721743519679));
#9183 = CARTESIAN_POINT('',(7.6276589436E-02,0.622351457472,
    0.721729602369));
#9184 = CARTESIAN_POINT('',(7.6408881481E-02,0.625046447017,
    0.703272285012));
#9185 = CARTESIAN_POINT('',(7.6408881481E-02,0.62494742021,
    0.703258367702));
#9186 = ADVANCED_FACE('',(#9187),#9198,.F.);
#9187 = FACE_BOUND('',#9188,.F.);
#9188 = EDGE_LOOP('',(#9189,#9190,#9191,#9197));
#9189 = ORIENTED_EDGE('',*,*,#9171,.F.);
#9190 = ORIENTED_EDGE('',*,*,#8579,.T.);
#9191 = ORIENTED_EDGE('',*,*,#9192,.T.);
#9192 = EDGE_CURVE('',#8580,#1311,#9193,.T.);
#9193 = LINE('',#9194,#9195);
#9194 = CARTESIAN_POINT('',(0.107881393799,0.629724574499,0.669985678367
    ));
#9195 = VECTOR('',#9196,1.);
#9196 = DIRECTION('',(1.894677867305E-16,-0.990268068742,-0.13917310096)
  );
#9197 = ORIENTED_EDGE('',*,*,#1318,.F.);
#9198 = B_SPLINE_SURFACE_WITH_KNOTS('',3,1,(
    (#9199,#9200)
    ,(#9201,#9202)
    ,(#9203,#9204)
    ,(#9205,#9206
    )),.UNSPECIFIED.,.F.,.F.,.F.,(4,4),(2,2),(24.,25.),(0.,1.),
  .PIECEWISE_BEZIER_KNOTS.);
#9199 = CARTESIAN_POINT('',(7.6408881481E-02,0.625046447017,
    0.703272285012));
#9200 = CARTESIAN_POINT('',(7.6408881481E-02,0.62494742021,
    0.703258367702));
#9201 = CARTESIAN_POINT('',(7.6535020442E-02,0.627521667972,
    0.685660172774));
#9202 = CARTESIAN_POINT('',(7.6535020442E-02,0.627422641165,
    0.685646255464));
#9203 = CARTESIAN_POINT('',(9.0086959322E-02,0.629561016407,
    0.671149454666));
#9204 = CARTESIAN_POINT('',(9.0086959322E-02,0.6294619896,0.671135537356
    ));
#9205 = CARTESIAN_POINT('',(0.107881393799,0.629724574499,0.669985678367
    ));
#9206 = CARTESIAN_POINT('',(0.107881393799,0.629625547692,0.669971761057
    ));
#9207 = ADVANCED_FACE('',(#9208),#9219,.F.);
#9208 = FACE_BOUND('',#9209,.T.);
#9209 = EDGE_LOOP('',(#9210,#9211,#9217,#9218));
#9210 = ORIENTED_EDGE('',*,*,#1310,.T.);
#9211 = ORIENTED_EDGE('',*,*,#9212,.F.);
#9212 = EDGE_CURVE('',#8589,#1302,#9213,.T.);
#9213 = LINE('',#9214,#9215);
#9214 = CARTESIAN_POINT('',(0.127401729656,0.629705306653,0.670122776216
    ));
#9215 = VECTOR('',#9216,1.);
#9216 = DIRECTION('',(1.894677867305E-16,-0.990268068742,-0.13917310096)
  );
#9217 = ORIENTED_EDGE('',*,*,#8588,.F.);
#9218 = ORIENTED_EDGE('',*,*,#9192,.T.);
#9219 = PLANE('',#9220);
#9220 = AXIS2_PLACEMENT_3D('',#9221,#9222,#9223);
#9221 = CARTESIAN_POINT('',(0.107881393799,0.629724574499,0.669985678367
    ));
#9222 = DIRECTION('',(7.092178509004E-03,0.139169600782,-0.990243163684)
  );
#9223 = DIRECTION('',(2.53096155145E-15,0.990268068742,0.13917310096));
#9224 = ADVANCED_FACE('',(#9225),#9236,.F.);
#9225 = FACE_BOUND('',#9226,.F.);
#9226 = EDGE_LOOP('',(#9227,#9228,#9229,#9235));
#9227 = ORIENTED_EDGE('',*,*,#9212,.F.);
#9228 = ORIENTED_EDGE('',*,*,#8596,.T.);
#9229 = ORIENTED_EDGE('',*,*,#9230,.T.);
#9230 = EDGE_CURVE('',#8597,#1293,#9231,.T.);
#9231 = LINE('',#9232,#9233);
#9232 = CARTESIAN_POINT('',(0.130001357972,0.629642367297,0.670570613001
    ));
#9233 = VECTOR('',#9234,1.);
#9234 = DIRECTION('',(1.894677867305E-16,-0.990268068742,-0.13917310096)
  );
#9235 = ORIENTED_EDGE('',*,*,#1301,.F.);
#9236 = B_SPLINE_SURFACE_WITH_KNOTS('',3,1,(
    (#9237,#9238)
    ,(#9239,#9240)
    ,(#9241,#9242)
    ,(#9243,#9244
    )),.UNSPECIFIED.,.F.,.F.,.F.,(4,4),(2,2),(26.,27.),(0.,1.),
  .PIECEWISE_BEZIER_KNOTS.);
#9237 = CARTESIAN_POINT('',(0.127401729656,0.629705306653,0.670122776216
    ));
#9238 = CARTESIAN_POINT('',(0.127401729656,0.629606279846,0.670108858906
    ));
#9239 = CARTESIAN_POINT('',(0.128269303449,0.629704450301,0.670128869477
    ));
#9240 = CARTESIAN_POINT('',(0.128269303449,0.629605423494,0.670114952167
    ));
#9241 = CARTESIAN_POINT('',(0.129133800728,0.629643223633,0.670564519857
    ));
#9242 = CARTESIAN_POINT('',(0.129133800728,0.629544196826,0.670550602547
    ));
#9243 = CARTESIAN_POINT('',(0.130001357972,0.629642367297,0.670570613001
    ));
#9244 = CARTESIAN_POINT('',(0.130001357972,0.62954334049,0.670556695691)
  );
#9245 = ADVANCED_FACE('',(#9246),#9257,.F.);
#9246 = FACE_BOUND('',#9247,.F.);
#9247 = EDGE_LOOP('',(#9248,#9249,#9250,#9256));
#9248 = ORIENTED_EDGE('',*,*,#9230,.F.);
#9249 = ORIENTED_EDGE('',*,*,#8605,.T.);
#9250 = ORIENTED_EDGE('',*,*,#9251,.T.);
#9251 = EDGE_CURVE('',#8606,#1284,#9252,.T.);
#9252 = LINE('',#9253,#9254);
#9253 = CARTESIAN_POINT('',(0.143544067138,0.63150060133,0.657348590828)
  );
#9254 = VECTOR('',#9255,1.);
#9255 = DIRECTION('',(1.894677867305E-16,-0.990268068742,-0.13917310096)
  );
#9256 = ORIENTED_EDGE('',*,*,#1292,.F.);
#9257 = B_SPLINE_SURFACE_WITH_KNOTS('',3,1,(
    (#9258,#9259)
    ,(#9260,#9261)
    ,(#9262,#9263)
    ,(#9264,#9265
    )),.UNSPECIFIED.,.F.,.F.,.F.,(4,4),(2,2),(27.,28.),(0.,1.),
  .PIECEWISE_BEZIER_KNOTS.);
#9258 = CARTESIAN_POINT('',(0.130001357972,0.629642367297,0.670570613001
    ));
#9259 = CARTESIAN_POINT('',(0.130001357972,0.62954334049,0.670556695691)
  );
#9260 = CARTESIAN_POINT('',(0.137375710384,0.62963508833,0.670622405545)
  );
#9261 = CARTESIAN_POINT('',(0.137375710384,0.629536061523,0.670608488235
    ));
#9262 = CARTESIAN_POINT('',(0.143491765716,0.63047429214,0.664651160162)
  );
#9263 = CARTESIAN_POINT('',(0.143491765716,0.630375265334,0.664637242852
    ));
#9264 = CARTESIAN_POINT('',(0.143544067138,0.63150060133,0.657348590828)
  );
#9265 = CARTESIAN_POINT('',(0.143544067138,0.631401574523,0.657334673518
    ));
#9266 = ADVANCED_FACE('',(#9267),#9278,.F.);
#9267 = FACE_BOUND('',#9268,.F.);
#9268 = EDGE_LOOP('',(#9269,#9270,#9271,#9277));
#9269 = ORIENTED_EDGE('',*,*,#9251,.F.);
#9270 = ORIENTED_EDGE('',*,*,#8614,.T.);
#9271 = ORIENTED_EDGE('',*,*,#9272,.T.);
#9272 = EDGE_CURVE('',#8615,#1276,#9273,.T.);
#9273 = LINE('',#9274,#9275);
#9274 = CARTESIAN_POINT('',(0.131059661827,0.633384525824,0.643943771521
    ));
#9275 = VECTOR('',#9276,1.);
#9276 = DIRECTION('',(1.894677867305E-16,-0.990268068742,-0.13917310096)
  );
#9277 = ORIENTED_EDGE('',*,*,#1283,.F.);
#9278 = B_SPLINE_SURFACE_WITH_KNOTS('',3,1,(
    (#9279,#9280)
    ,(#9281,#9282)
    ,(#9283,#9284)
    ,(#9285,#9286
    )),.UNSPECIFIED.,.F.,.F.,.F.,(4,4),(2,2),(28.,29.),(0.,1.),
  .PIECEWISE_BEZIER_KNOTS.);
#9279 = CARTESIAN_POINT('',(0.143544067138,0.63150060133,0.657348590828)
  );
#9280 = CARTESIAN_POINT('',(0.143544067138,0.631401574523,0.657334673518
    ));
#9281 = CARTESIAN_POINT('',(0.143593292047,0.632466540204,0.650475578612
    ));
#9282 = CARTESIAN_POINT('',(0.143593292047,0.632367513397,0.650461661302
    ));
#9283 = CARTESIAN_POINT('',(0.137997159103,0.633317304709,0.644422074611
    ));
#9284 = CARTESIAN_POINT('',(0.137997159103,0.633218277902,0.644408157301
    ));
#9285 = CARTESIAN_POINT('',(0.131059661827,0.633384525824,0.643943771521
    ));
#9286 = CARTESIAN_POINT('',(0.131059661827,0.633285499018,0.643929854211
    ));
#9287 = ADVANCED_FACE('',(#9288),#9299,.F.);
#9288 = FACE_BOUND('',#9289,.T.);
#9289 = EDGE_LOOP('',(#9290,#9291,#9297,#9298));
#9290 = ORIENTED_EDGE('',*,*,#1275,.T.);
#9291 = ORIENTED_EDGE('',*,*,#9292,.F.);
#9292 = EDGE_CURVE('',#8624,#1267,#9293,.T.);
#9293 = LINE('',#9294,#9295);
#9294 = CARTESIAN_POINT('',(0.10546634252,0.633409788102,0.643764021077)
  );
#9295 = VECTOR('',#9296,1.);
#9296 = DIRECTION('',(1.894677867305E-16,-0.990268068742,-0.13917310096)
  );
#9297 = ORIENTED_EDGE('',*,*,#8623,.F.);
#9298 = ORIENTED_EDGE('',*,*,#9272,.T.);
#9299 = PLANE('',#9300);
#9300 = AXIS2_PLACEMENT_3D('',#9301,#9302,#9303);
#9301 = CARTESIAN_POINT('',(0.106767694934,0.633408503582,0.643773160911
    ));
#9302 = DIRECTION('',(-7.092178510004E-03,-0.139169600782,0.990243163684
    ));
#9303 = DIRECTION('',(-2.530744711016E-15,-0.990268068742,-0.13917310096
    ));
#9304 = ADVANCED_FACE('',(#9305),#9316,.F.);
#9305 = FACE_BOUND('',#9306,.F.);
#9306 = EDGE_LOOP('',(#9307,#9308,#9309,#9315));
#9307 = ORIENTED_EDGE('',*,*,#9292,.F.);
#9308 = ORIENTED_EDGE('',*,*,#8631,.T.);
#9309 = ORIENTED_EDGE('',*,*,#9310,.T.);
#9310 = EDGE_CURVE('',#8632,#1258,#9311,.T.);
#9311 = LINE('',#9312,#9313);
#9312 = CARTESIAN_POINT('',(6.5853446994E-02,0.630732046289,
    0.662817144097));
#9313 = VECTOR('',#9314,1.);
#9314 = DIRECTION('',(1.894677867305E-16,-0.990268068742,-0.13917310096)
  );
#9315 = ORIENTED_EDGE('',*,*,#1266,.F.);
#9316 = B_SPLINE_SURFACE_WITH_KNOTS('',3,1,(
    (#9317,#9318)
    ,(#9319,#9320)
    ,(#9321,#9322)
    ,(#9323,#9324
    )),.UNSPECIFIED.,.F.,.F.,.F.,(4,4),(2,2),(33.,34.),(0.,1.),
  .PIECEWISE_BEZIER_KNOTS.);
#9317 = CARTESIAN_POINT('',(0.10546634252,0.633409788102,0.643764021077)
  );
#9318 = CARTESIAN_POINT('',(0.10546634252,0.633310761295,0.643750103767)
  );
#9319 = CARTESIAN_POINT('',(9.027462942E-02,0.633243660953,
    0.644946077159));
#9320 = CARTESIAN_POINT('',(9.027462942E-02,0.633144634147,
    0.644932159849));
#9321 = CARTESIAN_POINT('',(7.6344273363E-02,0.63229142136,
    0.651721613934));
#9322 = CARTESIAN_POINT('',(7.6344273363E-02,0.632192394553,
    0.651707696624));
#9323 = CARTESIAN_POINT('',(6.5853446994E-02,0.630732046289,
    0.662817144097));
#9324 = CARTESIAN_POINT('',(6.5853446994E-02,0.630633019482,
    0.662803226787));
#9325 = ADVANCED_FACE('',(#9326),#9332,.F.);
#9326 = FACE_BOUND('',#9327,.F.);
#9327 = EDGE_LOOP('',(#9328,#9329,#9330,#9331));
#9328 = ORIENTED_EDGE('',*,*,#9310,.F.);
#9329 = ORIENTED_EDGE('',*,*,#8640,.T.);
#9330 = ORIENTED_EDGE('',*,*,#8680,.T.);
#9331 = ORIENTED_EDGE('',*,*,#1257,.F.);
#9332 = B_SPLINE_SURFACE_WITH_KNOTS('',3,1,(
    (#9333,#9334)
    ,(#9335,#9336)
    ,(#9337,#9338)
    ,(#9339,#9340
    )),.UNSPECIFIED.,.F.,.F.,.F.,(4,4),(2,2),(34.,35.),(0.,1.),
  .PIECEWISE_BEZIER_KNOTS.);
#9333 = CARTESIAN_POINT('',(6.5853446994E-02,0.630732046289,
    0.662817144097));
#9334 = CARTESIAN_POINT('',(6.5853446994E-02,0.630633019482,
    0.662803226787));
#9335 = CARTESIAN_POINT('',(5.5362604078E-02,0.629172671235,
    0.673912674145));
#9336 = CARTESIAN_POINT('',(5.5362604078E-02,0.629073644428,
    0.673898756835));
#9337 = CARTESIAN_POINT('',(4.9618796173E-02,0.627125614513,
    0.688478239564));
#9338 = CARTESIAN_POINT('',(4.9618796173E-02,0.627026587706,
    0.688464322254));
#9339 = CARTESIAN_POINT('',(4.9511116582E-02,0.625012621211,
    0.703512968123));
#9340 = CARTESIAN_POINT('',(4.9511116582E-02,0.624913594405,
    0.703499050813));
#9341 = ADVANCED_FACE('',(#9342),#9371,.T.);
#9342 = FACE_BOUND('',#9343,.T.);
#9343 = EDGE_LOOP('',(#9344,#9358,#9364,#9365));
#9344 = ORIENTED_EDGE('',*,*,#9345,.F.);
#9345 = EDGE_CURVE('',#9346,#9348,#9350,.T.);
#9346 = VERTEX_POINT('',#9347);
#9347 = CARTESIAN_POINT('',(0.233017661348,0.633547109143,0.642068401447
    ));
#9348 = VERTEX_POINT('',#9349);
#9349 = CARTESIAN_POINT('',(0.232777689594,0.6288381508,0.675574381061)
  );
#9350 = B_SPLINE_CURVE_WITH_KNOTS('',3,(#9351,#9352,#9353,#9354,#9355,
    #9356,#9357),.UNSPECIFIED.,.F.,.F.,(4,3,4),(0.,1.,2.),
  .PIECEWISE_BEZIER_KNOTS.);
#9351 = CARTESIAN_POINT('',(0.233017661348,0.633547109143,0.642068401447
    ));
#9352 = CARTESIAN_POINT('',(0.223474391004,0.633556528974,0.642001375867
    ));
#9353 = CARTESIAN_POINT('',(0.216044660423,0.63247712383,0.649681742548)
  );
#9354 = CARTESIAN_POINT('',(0.215980052716,0.63120932877,0.658702573129)
  );
#9355 = CARTESIAN_POINT('',(0.215912368378,0.629881161091,0.668152977216
    ));
#9356 = CARTESIAN_POINT('',(0.223668197872,0.628847142464,0.675510402053
    ));
#9357 = CARTESIAN_POINT('',(0.232777689594,0.6288381508,0.675574381061)
  );
#9358 = ORIENTED_EDGE('',*,*,#9359,.F.);
#9359 = EDGE_CURVE('',#8650,#9346,#9360,.T.);
#9360 = LINE('',#9361,#9362);
#9361 = CARTESIAN_POINT('',(0.233017661348,0.63364613595,0.642082318757)
  );
#9362 = VECTOR('',#9363,1.);
#9363 = DIRECTION('',(1.894677867305E-16,-0.990268068742,-0.13917310096)
  );
#9364 = ORIENTED_EDGE('',*,*,#8649,.T.);
#9365 = ORIENTED_EDGE('',*,*,#9366,.T.);
#9366 = EDGE_CURVE('',#8652,#9348,#9367,.T.);
#9367 = LINE('',#9368,#9369);
#9368 = CARTESIAN_POINT('',(0.232777689594,0.628937177607,0.675588298371
    ));
#9369 = VECTOR('',#9370,1.);
#9370 = DIRECTION('',(1.894677867305E-16,-0.990268068742,-0.13917310096)
  );
#9371 = B_SPLINE_SURFACE_WITH_KNOTS('',3,1,(
    (#9372,#9373)
    ,(#9374,#9375)
    ,(#9376,#9377)
    ,(#9378,#9379)
    ,(#9380,#9381)
    ,(#9382,#9383)
    ,(#9384,#9385
    )),.UNSPECIFIED.,.F.,.F.,.F.,(4,3,4),(2,2),(0.,1.,2.),(0.,1.),
  .PIECEWISE_BEZIER_KNOTS.);
#9372 = CARTESIAN_POINT('',(0.233017661348,0.63364613595,0.642082318757)
  );
#9373 = CARTESIAN_POINT('',(0.233017661348,0.633547109143,0.642068401447
    ));
#9374 = CARTESIAN_POINT('',(0.223474391004,0.633655555781,0.642015293177
    ));
#9375 = CARTESIAN_POINT('',(0.223474391004,0.633556528974,0.642001375867
    ));
#9376 = CARTESIAN_POINT('',(0.216044660423,0.632576150636,0.649695659858
    ));
#9377 = CARTESIAN_POINT('',(0.216044660423,0.63247712383,0.649681742548)
  );
#9378 = CARTESIAN_POINT('',(0.215980052716,0.631308355577,0.65871649044)
  );
#9379 = CARTESIAN_POINT('',(0.215980052716,0.63120932877,0.658702573129)
  );
#9380 = CARTESIAN_POINT('',(0.215912368378,0.629980187898,0.668166894526
    ));
#9381 = CARTESIAN_POINT('',(0.215912368378,0.629881161091,0.668152977216
    ));
#9382 = CARTESIAN_POINT('',(0.223668197872,0.62894616927,0.675524319363)
  );
#9383 = CARTESIAN_POINT('',(0.223668197872,0.628847142464,0.675510402053
    ));
#9384 = CARTESIAN_POINT('',(0.232777689594,0.628937177607,0.675588298371
    ));
#9385 = CARTESIAN_POINT('',(0.232777689594,0.6288381508,0.675574381061)
  );
#9386 = ADVANCED_FACE('',(#9387),#9401,.T.);
#9387 = FACE_BOUND('',#9388,.T.);
#9388 = EDGE_LOOP('',(#9389,#9398,#9399,#9400));
#9389 = ORIENTED_EDGE('',*,*,#9390,.F.);
#9390 = EDGE_CURVE('',#9348,#9346,#9391,.T.);
#9391 = B_SPLINE_CURVE_WITH_KNOTS('',3,(#9392,#9393,#9394,#9395,#9396,
    #9397),.UNSPECIFIED.,.F.,.F.,(4,2,4),(2.,3.,4.),.UNSPECIFIED.);
#9392 = CARTESIAN_POINT('',(0.232777689594,0.6288381508,0.675574381061)
  );
#9393 = CARTESIAN_POINT('',(0.241887181315,0.628829159137,0.675638360069
    ));
#9394 = CARTESIAN_POINT('',(0.249747613888,0.629847763495,0.668390613464
    ));
#9395 = CARTESIAN_POINT('',(0.249882982564,0.632504098852,0.649489805292
    ));
#9396 = CARTESIAN_POINT('',(0.242127153069,0.63353811748,0.642132380455)
  );
#9397 = CARTESIAN_POINT('',(0.233017661348,0.633547109143,0.642068401447
    ));
#9398 = ORIENTED_EDGE('',*,*,#9366,.F.);
#9399 = ORIENTED_EDGE('',*,*,#8663,.T.);
#9400 = ORIENTED_EDGE('',*,*,#9359,.T.);
#9401 = B_SPLINE_SURFACE_WITH_KNOTS('',3,1,(
    (#9402,#9403)
    ,(#9404,#9405)
    ,(#9406,#9407)
    ,(#9408,#9409)
    ,(#9410,#9411)
    ,(#9412,#9413
    )),.UNSPECIFIED.,.F.,.F.,.F.,(4,2,4),(2,2),(2.,3.,4.),(0.,1.),
  .UNSPECIFIED.);
#9402 = CARTESIAN_POINT('',(0.232777689594,0.628937177607,0.675588298371
    ));
#9403 = CARTESIAN_POINT('',(0.232777689594,0.6288381508,0.675574381061)
  );
#9404 = CARTESIAN_POINT('',(0.241887181315,0.628928185944,0.675652277379
    ));
#9405 = CARTESIAN_POINT('',(0.241887181315,0.628829159137,0.675638360069
    ));
#9406 = CARTESIAN_POINT('',(0.249747613888,0.629946790302,0.668404530775
    ));
#9407 = CARTESIAN_POINT('',(0.249747613888,0.629847763495,0.668390613464
    ));
#9408 = CARTESIAN_POINT('',(0.249882982564,0.632603125659,0.649503722602
    ));
#9409 = CARTESIAN_POINT('',(0.249882982564,0.632504098852,0.649489805292
    ));
#9410 = CARTESIAN_POINT('',(0.242127153069,0.633637144286,0.642146297765
    ));
#9411 = CARTESIAN_POINT('',(0.242127153069,0.63353811748,0.642132380455)
  );
#9412 = CARTESIAN_POINT('',(0.233017661348,0.63364613595,0.642082318757)
  );
#9413 = CARTESIAN_POINT('',(0.233017661348,0.633547109143,0.642068401447
    ));
#9414 = ADVANCED_FACE('',(#9415),#9419,.T.);
#9415 = FACE_BOUND('',#9416,.T.);
#9416 = EDGE_LOOP('',(#9417,#9418));
#9417 = ORIENTED_EDGE('',*,*,#9345,.T.);
#9418 = ORIENTED_EDGE('',*,*,#9390,.T.);
#9419 = PLANE('',#9420);
#9420 = AXIS2_PLACEMENT_3D('',#9421,#9422,#9423);
#9421 = CARTESIAN_POINT('',(-1.129362659708E-16,0.590270145251,
    0.949999999999));
#9422 = DIRECTION('',(-1.894677867305E-16,0.990268068742,0.13917310096)
  );
#9423 = DIRECTION('',(1.,1.913297951445E-16,6.240013019815E-30));
#9424 = ( GEOMETRIC_REPRESENTATION_CONTEXT(3) 
GLOBAL_UNCERTAINTY_ASSIGNED_CONTEXT((#9428)) 
GLOBAL_UNIT_ASSIGNED_CONTEXT((#9425,#9426,#9427)) REPRESENTATION_CONTEXT
('Context #1','3D Context with UNIT and UNCERTAINTY') );
#9425 = ( LENGTH_UNIT() NAMED_UNIT(*) SI_UNIT(.MILLI.,.METRE.) );
#9426 = ( NAMED_UNIT(*) PLANE_ANGLE_UNIT() SI_UNIT($,.RADIAN.) );
#9427 = ( NAMED_UNIT(*) SI_UNIT($,.STERADIAN.) SOLID_ANGLE_UNIT() );
#9428 = UNCERTAINTY_MEASURE_WITH_UNIT(LENGTH_MEASURE(1.E-07),#9425,
  'distance_accuracy_value','confusion accuracy');
#9429 = CONTEXT_DEPENDENT_SHAPE_REPRESENTATION(#9430,#9432);
#9430 = ( REPRESENTATION_RELATIONSHIP('','',#32,#10) 
REPRESENTATION_RELATIONSHIP_WITH_TRANSFORMATION(#9431) 
SHAPE_REPRESENTATION_RELATIONSHIP() );
#9431 = ITEM_DEFINED_TRANSFORMATION('','',#11,#15);
#9432 = PRODUCT_DEFINITION_SHAPE('Placement','Placement of an item',
  #9433);
#9433 = NEXT_ASSEMBLY_USAGE_OCCURRENCE('16',
  'SOD-323_L1.8-W1.3-LS2.5-RD~SOD-323_L1.8-W1.3-LS2.5-RD~2uwR','',#5,#27
  ,$);
#9434 = PRODUCT_RELATED_PRODUCT_CATEGORY('part',$,(#29));
#9435 = MECHANICAL_DESIGN_GEOMETRIC_PRESENTATION_REPRESENTATION('',(
    #9436,#9447,#9455,#9462,#9469,#9476,#9483,#9490,#9497,#9504,#9511,
    #9518,#9525,#9532,#9539,#9546,#9553,#9560,#9567,#9574,#9581,#9588,
    #9595,#9602,#9609,#9616,#9623,#9630,#9638,#9645,#9652,#9659,#9666,
    #9673,#9680,#9687,#9694,#9701,#9708,#9715,#9722,#9729,#9736,#9743,
    #9750,#9757,#9764,#9771,#9778,#9785,#9792,#9799,#9806,#9813,#9820,
    #9827,#9834,#9841,#9848,#9855,#9862,#9869,#9876,#9883,#9890,#9897,
    #9904,#9911,#9918,#9925,#9932,#9939,#9946,#9953,#9960,#9967,#9974,
    #9981,#9988,#9995,#10002,#10009,#10016,#10023,#10030,#10037,#10044,
    #10051,#10058,#10065,#10072,#10079,#10086,#10093,#10100,#10107,
    #10114,#10121,#10128,#10135,#10142,#10149,#10156,#10163,#10170,
    #10177,#10184,#10191,#10198,#10205,#10212,#10219,#10226,#10233,
    #10240,#10247,#10254,#10261,#10268,#10275,#10282,#10289,#10296,
    #10303,#10310,#10317,#10324,#10331,#10338,#10345,#10352,#10359,
    #10366,#10373,#10380,#10387,#10394,#10401,#10408,#10415,#10422,
    #10429,#10436,#10443,#10450,#10457,#10464,#10471,#10478,#10485,
    #10492,#10499,#10506,#10513,#10520,#10527,#10534,#10541,#10548,
    #10555,#10562,#10569,#10576,#10583,#10590,#10597,#10604,#10611,
    #10618,#10625,#10632,#10639,#10646,#10653,#10660,#10667,#10674,
    #10681,#10688,#10695,#10702,#10709,#10716,#10723,#10730,#10737,
    #10744,#10751,#10758,#10765,#10772,#10779,#10786,#10793,#10800,
    #10807,#10814,#10821,#10828,#10835,#10842,#10849,#10856,#10863,
    #10870,#10877,#10884,#10891,#10898,#10905,#10912,#10919,#10926,
    #10933,#10940,#10947,#10954,#10961,#10968,#10975,#10982,#10989,
    #10996,#11003,#11010,#11017,#11024,#11031,#11038,#11045,#11052,
    #11059,#11066,#11073,#11080,#11087,#11094,#11101,#11108,#11115,
    #11122,#11129,#11136,#11143,#11150,#11157,#11164,#11171),#9424);
#9436 = STYLED_ITEM('color',(#9437),#33);
#9437 = PRESENTATION_STYLE_ASSIGNMENT((#9438,#9444));
#9438 = SURFACE_STYLE_USAGE(.BOTH.,#9439);
#9439 = SURFACE_SIDE_STYLE('',(#9440));
#9440 = SURFACE_STYLE_FILL_AREA(#9441);
#9441 = FILL_AREA_STYLE('',(#9442));
#9442 = FILL_AREA_STYLE_COLOUR('',#9443);
#9443 = COLOUR_RGB('',0.223529416636,0.223529416636,0.223529416636);
#9444 = CURVE_STYLE('',#9445,POSITIVE_LENGTH_MEASURE(0.1),#9446);
#9445 = DRAUGHTING_PRE_DEFINED_CURVE_FONT('continuous');
#9446 = COLOUR_RGB('',9.803921802644E-02,9.803921802644E-02,
  9.803921802644E-02);
#9447 = OVER_RIDING_STYLED_ITEM('overriding color',(#9448),#2505,#9436);
#9448 = PRESENTATION_STYLE_ASSIGNMENT((#9449));
#9449 = SURFACE_STYLE_USAGE(.BOTH.,#9450);
#9450 = SURFACE_SIDE_STYLE('',(#9451));
#9451 = SURFACE_STYLE_FILL_AREA(#9452);
#9452 = FILL_AREA_STYLE('',(#9453));
#9453 = FILL_AREA_STYLE_COLOUR('',#9454);
#9454 = COLOUR_RGB('',0.850980411111,0.850980411111,0.850980411111);
#9455 = OVER_RIDING_STYLED_ITEM('overriding color',(#9456),#2547,#9436);
#9456 = PRESENTATION_STYLE_ASSIGNMENT((#9457));
#9457 = SURFACE_STYLE_USAGE(.BOTH.,#9458);
#9458 = SURFACE_SIDE_STYLE('',(#9459));
#9459 = SURFACE_STYLE_FILL_AREA(#9460);
#9460 = FILL_AREA_STYLE('',(#9461));
#9461 = FILL_AREA_STYLE_COLOUR('',#9454);
#9462 = OVER_RIDING_STYLED_ITEM('overriding color',(#9463),#2578,#9436);
#9463 = PRESENTATION_STYLE_ASSIGNMENT((#9464));
#9464 = SURFACE_STYLE_USAGE(.BOTH.,#9465);
#9465 = SURFACE_SIDE_STYLE('',(#9466));
#9466 = SURFACE_STYLE_FILL_AREA(#9467);
#9467 = FILL_AREA_STYLE('',(#9468));
#9468 = FILL_AREA_STYLE_COLOUR('',#9454);
#9469 = OVER_RIDING_STYLED_ITEM('overriding color',(#9470),#2611,#9436);
#9470 = PRESENTATION_STYLE_ASSIGNMENT((#9471));
#9471 = SURFACE_STYLE_USAGE(.BOTH.,#9472);
#9472 = SURFACE_SIDE_STYLE('',(#9473));
#9473 = SURFACE_STYLE_FILL_AREA(#9474);
#9474 = FILL_AREA_STYLE('',(#9475));
#9475 = FILL_AREA_STYLE_COLOUR('',#9454);
#9476 = OVER_RIDING_STYLED_ITEM('overriding color',(#9477),#2642,#9436);
#9477 = PRESENTATION_STYLE_ASSIGNMENT((#9478));
#9478 = SURFACE_STYLE_USAGE(.BOTH.,#9479);
#9479 = SURFACE_SIDE_STYLE('',(#9480));
#9480 = SURFACE_STYLE_FILL_AREA(#9481);
#9481 = FILL_AREA_STYLE('',(#9482));
#9482 = FILL_AREA_STYLE_COLOUR('',#9454);
#9483 = OVER_RIDING_STYLED_ITEM('overriding color',(#9484),#2673,#9436);
#9484 = PRESENTATION_STYLE_ASSIGNMENT((#9485));
#9485 = SURFACE_STYLE_USAGE(.BOTH.,#9486);
#9486 = SURFACE_SIDE_STYLE('',(#9487));
#9487 = SURFACE_STYLE_FILL_AREA(#9488);
#9488 = FILL_AREA_STYLE('',(#9489));
#9489 = FILL_AREA_STYLE_COLOUR('',#9454);
#9490 = OVER_RIDING_STYLED_ITEM('overriding color',(#9491),#2704,#9436);
#9491 = PRESENTATION_STYLE_ASSIGNMENT((#9492));
#9492 = SURFACE_STYLE_USAGE(.BOTH.,#9493);
#9493 = SURFACE_SIDE_STYLE('',(#9494));
#9494 = SURFACE_STYLE_FILL_AREA(#9495);
#9495 = FILL_AREA_STYLE('',(#9496));
#9496 = FILL_AREA_STYLE_COLOUR('',#9454);
#9497 = OVER_RIDING_STYLED_ITEM('overriding color',(#9498),#2737,#9436);
#9498 = PRESENTATION_STYLE_ASSIGNMENT((#9499));
#9499 = SURFACE_STYLE_USAGE(.BOTH.,#9500);
#9500 = SURFACE_SIDE_STYLE('',(#9501));
#9501 = SURFACE_STYLE_FILL_AREA(#9502);
#9502 = FILL_AREA_STYLE('',(#9503));
#9503 = FILL_AREA_STYLE_COLOUR('',#9454);
#9504 = OVER_RIDING_STYLED_ITEM('overriding color',(#9505),#2768,#9436);
#9505 = PRESENTATION_STYLE_ASSIGNMENT((#9506));
#9506 = SURFACE_STYLE_USAGE(.BOTH.,#9507);
#9507 = SURFACE_SIDE_STYLE('',(#9508));
#9508 = SURFACE_STYLE_FILL_AREA(#9509);
#9509 = FILL_AREA_STYLE('',(#9510));
#9510 = FILL_AREA_STYLE_COLOUR('',#9454);
#9511 = OVER_RIDING_STYLED_ITEM('overriding color',(#9512),#2801,#9436);
#9512 = PRESENTATION_STYLE_ASSIGNMENT((#9513));
#9513 = SURFACE_STYLE_USAGE(.BOTH.,#9514);
#9514 = SURFACE_SIDE_STYLE('',(#9515));
#9515 = SURFACE_STYLE_FILL_AREA(#9516);
#9516 = FILL_AREA_STYLE('',(#9517));
#9517 = FILL_AREA_STYLE_COLOUR('',#9454);
#9518 = OVER_RIDING_STYLED_ITEM('overriding color',(#9519),#2832,#9436);
#9519 = PRESENTATION_STYLE_ASSIGNMENT((#9520));
#9520 = SURFACE_STYLE_USAGE(.BOTH.,#9521);
#9521 = SURFACE_SIDE_STYLE('',(#9522));
#9522 = SURFACE_STYLE_FILL_AREA(#9523);
#9523 = FILL_AREA_STYLE('',(#9524));
#9524 = FILL_AREA_STYLE_COLOUR('',#9454);
#9525 = OVER_RIDING_STYLED_ITEM('overriding color',(#9526),#2863,#9436);
#9526 = PRESENTATION_STYLE_ASSIGNMENT((#9527));
#9527 = SURFACE_STYLE_USAGE(.BOTH.,#9528);
#9528 = SURFACE_SIDE_STYLE('',(#9529));
#9529 = SURFACE_STYLE_FILL_AREA(#9530);
#9530 = FILL_AREA_STYLE('',(#9531));
#9531 = FILL_AREA_STYLE_COLOUR('',#9454);
#9532 = OVER_RIDING_STYLED_ITEM('overriding color',(#9533),#2875,#9436);
#9533 = PRESENTATION_STYLE_ASSIGNMENT((#9534));
#9534 = SURFACE_STYLE_USAGE(.BOTH.,#9535);
#9535 = SURFACE_SIDE_STYLE('',(#9536));
#9536 = SURFACE_STYLE_FILL_AREA(#9537);
#9537 = FILL_AREA_STYLE('',(#9538));
#9538 = FILL_AREA_STYLE_COLOUR('',#9454);
#9539 = OVER_RIDING_STYLED_ITEM('overriding color',(#9540),#2887,#9436);
#9540 = PRESENTATION_STYLE_ASSIGNMENT((#9541));
#9541 = SURFACE_STYLE_USAGE(.BOTH.,#9542);
#9542 = SURFACE_SIDE_STYLE('',(#9543));
#9543 = SURFACE_STYLE_FILL_AREA(#9544);
#9544 = FILL_AREA_STYLE('',(#9545));
#9545 = FILL_AREA_STYLE_COLOUR('',#9454);
#9546 = OVER_RIDING_STYLED_ITEM('overriding color',(#9547),#2918,#9436);
#9547 = PRESENTATION_STYLE_ASSIGNMENT((#9548));
#9548 = SURFACE_STYLE_USAGE(.BOTH.,#9549);
#9549 = SURFACE_SIDE_STYLE('',(#9550));
#9550 = SURFACE_STYLE_FILL_AREA(#9551);
#9551 = FILL_AREA_STYLE('',(#9552));
#9552 = FILL_AREA_STYLE_COLOUR('',#9454);
#9553 = OVER_RIDING_STYLED_ITEM('overriding color',(#9554),#2949,#9436);
#9554 = PRESENTATION_STYLE_ASSIGNMENT((#9555));
#9555 = SURFACE_STYLE_USAGE(.BOTH.,#9556);
#9556 = SURFACE_SIDE_STYLE('',(#9557));
#9557 = SURFACE_STYLE_FILL_AREA(#9558);
#9558 = FILL_AREA_STYLE('',(#9559));
#9559 = FILL_AREA_STYLE_COLOUR('',#9454);
#9560 = OVER_RIDING_STYLED_ITEM('overriding color',(#9561),#3035,#9436);
#9561 = PRESENTATION_STYLE_ASSIGNMENT((#9562));
#9562 = SURFACE_STYLE_USAGE(.BOTH.,#9563);
#9563 = SURFACE_SIDE_STYLE('',(#9564));
#9564 = SURFACE_STYLE_FILL_AREA(#9565);
#9565 = FILL_AREA_STYLE('',(#9566));
#9566 = FILL_AREA_STYLE_COLOUR('',#9454);
#9567 = OVER_RIDING_STYLED_ITEM('overriding color',(#9568),#3121,#9436);
#9568 = PRESENTATION_STYLE_ASSIGNMENT((#9569));
#9569 = SURFACE_STYLE_USAGE(.BOTH.,#9570);
#9570 = SURFACE_SIDE_STYLE('',(#9571));
#9571 = SURFACE_STYLE_FILL_AREA(#9572);
#9572 = FILL_AREA_STYLE('',(#9573));
#9573 = FILL_AREA_STYLE_COLOUR('',#9454);
#9574 = OVER_RIDING_STYLED_ITEM('overriding color',(#9575),#3143,#9436);
#9575 = PRESENTATION_STYLE_ASSIGNMENT((#9576));
#9576 = SURFACE_STYLE_USAGE(.BOTH.,#9577);
#9577 = SURFACE_SIDE_STYLE('',(#9578));
#9578 = SURFACE_STYLE_FILL_AREA(#9579);
#9579 = FILL_AREA_STYLE('',(#9580));
#9580 = FILL_AREA_STYLE_COLOUR('',#9454);
#9581 = OVER_RIDING_STYLED_ITEM('overriding color',(#9582),#3160,#9436);
#9582 = PRESENTATION_STYLE_ASSIGNMENT((#9583));
#9583 = SURFACE_STYLE_USAGE(.BOTH.,#9584);
#9584 = SURFACE_SIDE_STYLE('',(#9585));
#9585 = SURFACE_STYLE_FILL_AREA(#9586);
#9586 = FILL_AREA_STYLE('',(#9587));
#9587 = FILL_AREA_STYLE_COLOUR('',#9454);
#9588 = OVER_RIDING_STYLED_ITEM('overriding color',(#9589),#3177,#9436);
#9589 = PRESENTATION_STYLE_ASSIGNMENT((#9590));
#9590 = SURFACE_STYLE_USAGE(.BOTH.,#9591);
#9591 = SURFACE_SIDE_STYLE('',(#9592));
#9592 = SURFACE_STYLE_FILL_AREA(#9593);
#9593 = FILL_AREA_STYLE('',(#9594));
#9594 = FILL_AREA_STYLE_COLOUR('',#9454);
#9595 = OVER_RIDING_STYLED_ITEM('overriding color',(#9596),#3194,#9436);
#9596 = PRESENTATION_STYLE_ASSIGNMENT((#9597));
#9597 = SURFACE_STYLE_USAGE(.BOTH.,#9598);
#9598 = SURFACE_SIDE_STYLE('',(#9599));
#9599 = SURFACE_STYLE_FILL_AREA(#9600);
#9600 = FILL_AREA_STYLE('',(#9601));
#9601 = FILL_AREA_STYLE_COLOUR('',#9454);
#9602 = OVER_RIDING_STYLED_ITEM('overriding color',(#9603),#3211,#9436);
#9603 = PRESENTATION_STYLE_ASSIGNMENT((#9604));
#9604 = SURFACE_STYLE_USAGE(.BOTH.,#9605);
#9605 = SURFACE_SIDE_STYLE('',(#9606));
#9606 = SURFACE_STYLE_FILL_AREA(#9607);
#9607 = FILL_AREA_STYLE('',(#9608));
#9608 = FILL_AREA_STYLE_COLOUR('',#9454);
#9609 = OVER_RIDING_STYLED_ITEM('overriding color',(#9610),#3223,#9436);
#9610 = PRESENTATION_STYLE_ASSIGNMENT((#9611));
#9611 = SURFACE_STYLE_USAGE(.BOTH.,#9612);
#9612 = SURFACE_SIDE_STYLE('',(#9613));
#9613 = SURFACE_STYLE_FILL_AREA(#9614);
#9614 = FILL_AREA_STYLE('',(#9615));
#9615 = FILL_AREA_STYLE_COLOUR('',#9454);
#9616 = OVER_RIDING_STYLED_ITEM('overriding color',(#9617),#3240,#9436);
#9617 = PRESENTATION_STYLE_ASSIGNMENT((#9618));
#9618 = SURFACE_STYLE_USAGE(.BOTH.,#9619);
#9619 = SURFACE_SIDE_STYLE('',(#9620));
#9620 = SURFACE_STYLE_FILL_AREA(#9621);
#9621 = FILL_AREA_STYLE('',(#9622));
#9622 = FILL_AREA_STYLE_COLOUR('',#9454);
#9623 = OVER_RIDING_STYLED_ITEM('overriding color',(#9624),#3257,#9436);
#9624 = PRESENTATION_STYLE_ASSIGNMENT((#9625));
#9625 = SURFACE_STYLE_USAGE(.BOTH.,#9626);
#9626 = SURFACE_SIDE_STYLE('',(#9627));
#9627 = SURFACE_STYLE_FILL_AREA(#9628);
#9628 = FILL_AREA_STYLE('',(#9629));
#9629 = FILL_AREA_STYLE_COLOUR('',#9454);
#9630 = OVER_RIDING_STYLED_ITEM('overriding color',(#9631),#3269,#9436);
#9631 = PRESENTATION_STYLE_ASSIGNMENT((#9632));
#9632 = SURFACE_STYLE_USAGE(.BOTH.,#9633);
#9633 = SURFACE_SIDE_STYLE('',(#9634));
#9634 = SURFACE_STYLE_FILL_AREA(#9635);
#9635 = FILL_AREA_STYLE('',(#9636));
#9636 = FILL_AREA_STYLE_COLOUR('',#9637);
#9637 = DRAUGHTING_PRE_DEFINED_COLOUR('white');
#9638 = OVER_RIDING_STYLED_ITEM('overriding color',(#9639),#3286,#9436);
#9639 = PRESENTATION_STYLE_ASSIGNMENT((#9640));
#9640 = SURFACE_STYLE_USAGE(.BOTH.,#9641);
#9641 = SURFACE_SIDE_STYLE('',(#9642));
#9642 = SURFACE_STYLE_FILL_AREA(#9643);
#9643 = FILL_AREA_STYLE('',(#9644));
#9644 = FILL_AREA_STYLE_COLOUR('',#9637);
#9645 = OVER_RIDING_STYLED_ITEM('overriding color',(#9646),#3303,#9436);
#9646 = PRESENTATION_STYLE_ASSIGNMENT((#9647));
#9647 = SURFACE_STYLE_USAGE(.BOTH.,#9648);
#9648 = SURFACE_SIDE_STYLE('',(#9649));
#9649 = SURFACE_STYLE_FILL_AREA(#9650);
#9650 = FILL_AREA_STYLE('',(#9651));
#9651 = FILL_AREA_STYLE_COLOUR('',#9637);
#9652 = OVER_RIDING_STYLED_ITEM('overriding color',(#9653),#3315,#9436);
#9653 = PRESENTATION_STYLE_ASSIGNMENT((#9654));
#9654 = SURFACE_STYLE_USAGE(.BOTH.,#9655);
#9655 = SURFACE_SIDE_STYLE('',(#9656));
#9656 = SURFACE_STYLE_FILL_AREA(#9657);
#9657 = FILL_AREA_STYLE('',(#9658));
#9658 = FILL_AREA_STYLE_COLOUR('',#9637);
#9659 = OVER_RIDING_STYLED_ITEM('overriding color',(#9660),#3346,#9436);
#9660 = PRESENTATION_STYLE_ASSIGNMENT((#9661));
#9661 = SURFACE_STYLE_USAGE(.BOTH.,#9662);
#9662 = SURFACE_SIDE_STYLE('',(#9663));
#9663 = SURFACE_STYLE_FILL_AREA(#9664);
#9664 = FILL_AREA_STYLE('',(#9665));
#9665 = FILL_AREA_STYLE_COLOUR('',#9637);
#9666 = OVER_RIDING_STYLED_ITEM('overriding color',(#9667),#3370,#9436);
#9667 = PRESENTATION_STYLE_ASSIGNMENT((#9668));
#9668 = SURFACE_STYLE_USAGE(.BOTH.,#9669);
#9669 = SURFACE_SIDE_STYLE('',(#9670));
#9670 = SURFACE_STYLE_FILL_AREA(#9671);
#9671 = FILL_AREA_STYLE('',(#9672));
#9672 = FILL_AREA_STYLE_COLOUR('',#9637);
#9673 = OVER_RIDING_STYLED_ITEM('overriding color',(#9674),#3394,#9436);
#9674 = PRESENTATION_STYLE_ASSIGNMENT((#9675));
#9675 = SURFACE_STYLE_USAGE(.BOTH.,#9676);
#9676 = SURFACE_SIDE_STYLE('',(#9677));
#9677 = SURFACE_STYLE_FILL_AREA(#9678);
#9678 = FILL_AREA_STYLE('',(#9679));
#9679 = FILL_AREA_STYLE_COLOUR('',#9637);
#9680 = OVER_RIDING_STYLED_ITEM('overriding color',(#9681),#3418,#9436);
#9681 = PRESENTATION_STYLE_ASSIGNMENT((#9682));
#9682 = SURFACE_STYLE_USAGE(.BOTH.,#9683);
#9683 = SURFACE_SIDE_STYLE('',(#9684));
#9684 = SURFACE_STYLE_FILL_AREA(#9685);
#9685 = FILL_AREA_STYLE('',(#9686));
#9686 = FILL_AREA_STYLE_COLOUR('',#9637);
#9687 = OVER_RIDING_STYLED_ITEM('overriding color',(#9688),#3442,#9436);
#9688 = PRESENTATION_STYLE_ASSIGNMENT((#9689));
#9689 = SURFACE_STYLE_USAGE(.BOTH.,#9690);
#9690 = SURFACE_SIDE_STYLE('',(#9691));
#9691 = SURFACE_STYLE_FILL_AREA(#9692);
#9692 = FILL_AREA_STYLE('',(#9693));
#9693 = FILL_AREA_STYLE_COLOUR('',#9637);
#9694 = OVER_RIDING_STYLED_ITEM('overriding color',(#9695),#3459,#9436);
#9695 = PRESENTATION_STYLE_ASSIGNMENT((#9696));
#9696 = SURFACE_STYLE_USAGE(.BOTH.,#9697);
#9697 = SURFACE_SIDE_STYLE('',(#9698));
#9698 = SURFACE_STYLE_FILL_AREA(#9699);
#9699 = FILL_AREA_STYLE('',(#9700));
#9700 = FILL_AREA_STYLE_COLOUR('',#9637);
#9701 = OVER_RIDING_STYLED_ITEM('overriding color',(#9702),#3473,#9436);
#9702 = PRESENTATION_STYLE_ASSIGNMENT((#9703));
#9703 = SURFACE_STYLE_USAGE(.BOTH.,#9704);
#9704 = SURFACE_SIDE_STYLE('',(#9705));
#9705 = SURFACE_STYLE_FILL_AREA(#9706);
#9706 = FILL_AREA_STYLE('',(#9707));
#9707 = FILL_AREA_STYLE_COLOUR('',#9637);
#9708 = OVER_RIDING_STYLED_ITEM('overriding color',(#9709),#3509,#9436);
#9709 = PRESENTATION_STYLE_ASSIGNMENT((#9710));
#9710 = SURFACE_STYLE_USAGE(.BOTH.,#9711);
#9711 = SURFACE_SIDE_STYLE('',(#9712));
#9712 = SURFACE_STYLE_FILL_AREA(#9713);
#9713 = FILL_AREA_STYLE('',(#9714));
#9714 = FILL_AREA_STYLE_COLOUR('',#9637);
#9715 = OVER_RIDING_STYLED_ITEM('overriding color',(#9716),#3533,#9436);
#9716 = PRESENTATION_STYLE_ASSIGNMENT((#9717));
#9717 = SURFACE_STYLE_USAGE(.BOTH.,#9718);
#9718 = SURFACE_SIDE_STYLE('',(#9719));
#9719 = SURFACE_STYLE_FILL_AREA(#9720);
#9720 = FILL_AREA_STYLE('',(#9721));
#9721 = FILL_AREA_STYLE_COLOUR('',#9637);
#9722 = OVER_RIDING_STYLED_ITEM('overriding color',(#9723),#3562,#9436);
#9723 = PRESENTATION_STYLE_ASSIGNMENT((#9724));
#9724 = SURFACE_STYLE_USAGE(.BOTH.,#9725);
#9725 = SURFACE_SIDE_STYLE('',(#9726));
#9726 = SURFACE_STYLE_FILL_AREA(#9727);
#9727 = FILL_AREA_STYLE('',(#9728));
#9728 = FILL_AREA_STYLE_COLOUR('',#9637);
#9729 = OVER_RIDING_STYLED_ITEM('overriding color',(#9730),#3591,#9436);
#9730 = PRESENTATION_STYLE_ASSIGNMENT((#9731));
#9731 = SURFACE_STYLE_USAGE(.BOTH.,#9732);
#9732 = SURFACE_SIDE_STYLE('',(#9733));
#9733 = SURFACE_STYLE_FILL_AREA(#9734);
#9734 = FILL_AREA_STYLE('',(#9735));
#9735 = FILL_AREA_STYLE_COLOUR('',#9637);
#9736 = OVER_RIDING_STYLED_ITEM('overriding color',(#9737),#3620,#9436);
#9737 = PRESENTATION_STYLE_ASSIGNMENT((#9738));
#9738 = SURFACE_STYLE_USAGE(.BOTH.,#9739);
#9739 = SURFACE_SIDE_STYLE('',(#9740));
#9740 = SURFACE_STYLE_FILL_AREA(#9741);
#9741 = FILL_AREA_STYLE('',(#9742));
#9742 = FILL_AREA_STYLE_COLOUR('',#9637);
#9743 = OVER_RIDING_STYLED_ITEM('overriding color',(#9744),#3649,#9436);
#9744 = PRESENTATION_STYLE_ASSIGNMENT((#9745));
#9745 = SURFACE_STYLE_USAGE(.BOTH.,#9746);
#9746 = SURFACE_SIDE_STYLE('',(#9747));
#9747 = SURFACE_STYLE_FILL_AREA(#9748);
#9748 = FILL_AREA_STYLE('',(#9749));
#9749 = FILL_AREA_STYLE_COLOUR('',#9637);
#9750 = OVER_RIDING_STYLED_ITEM('overriding color',(#9751),#3678,#9436);
#9751 = PRESENTATION_STYLE_ASSIGNMENT((#9752));
#9752 = SURFACE_STYLE_USAGE(.BOTH.,#9753);
#9753 = SURFACE_SIDE_STYLE('',(#9754));
#9754 = SURFACE_STYLE_FILL_AREA(#9755);
#9755 = FILL_AREA_STYLE('',(#9756));
#9756 = FILL_AREA_STYLE_COLOUR('',#9637);
#9757 = OVER_RIDING_STYLED_ITEM('overriding color',(#9758),#3707,#9436);
#9758 = PRESENTATION_STYLE_ASSIGNMENT((#9759));
#9759 = SURFACE_STYLE_USAGE(.BOTH.,#9760);
#9760 = SURFACE_SIDE_STYLE('',(#9761));
#9761 = SURFACE_STYLE_FILL_AREA(#9762);
#9762 = FILL_AREA_STYLE('',(#9763));
#9763 = FILL_AREA_STYLE_COLOUR('',#9637);
#9764 = OVER_RIDING_STYLED_ITEM('overriding color',(#9765),#3731,#9436);
#9765 = PRESENTATION_STYLE_ASSIGNMENT((#9766));
#9766 = SURFACE_STYLE_USAGE(.BOTH.,#9767);
#9767 = SURFACE_SIDE_STYLE('',(#9768));
#9768 = SURFACE_STYLE_FILL_AREA(#9769);
#9769 = FILL_AREA_STYLE('',(#9770));
#9770 = FILL_AREA_STYLE_COLOUR('',#9637);
#9771 = OVER_RIDING_STYLED_ITEM('overriding color',(#9772),#3760,#9436);
#9772 = PRESENTATION_STYLE_ASSIGNMENT((#9773));
#9773 = SURFACE_STYLE_USAGE(.BOTH.,#9774);
#9774 = SURFACE_SIDE_STYLE('',(#9775));
#9775 = SURFACE_STYLE_FILL_AREA(#9776);
#9776 = FILL_AREA_STYLE('',(#9777));
#9777 = FILL_AREA_STYLE_COLOUR('',#9637);
#9778 = OVER_RIDING_STYLED_ITEM('overriding color',(#9779),#3789,#9436);
#9779 = PRESENTATION_STYLE_ASSIGNMENT((#9780));
#9780 = SURFACE_STYLE_USAGE(.BOTH.,#9781);
#9781 = SURFACE_SIDE_STYLE('',(#9782));
#9782 = SURFACE_STYLE_FILL_AREA(#9783);
#9783 = FILL_AREA_STYLE('',(#9784));
#9784 = FILL_AREA_STYLE_COLOUR('',#9637);
#9785 = OVER_RIDING_STYLED_ITEM('overriding color',(#9786),#3818,#9436);
#9786 = PRESENTATION_STYLE_ASSIGNMENT((#9787));
#9787 = SURFACE_STYLE_USAGE(.BOTH.,#9788);
#9788 = SURFACE_SIDE_STYLE('',(#9789));
#9789 = SURFACE_STYLE_FILL_AREA(#9790);
#9790 = FILL_AREA_STYLE('',(#9791));
#9791 = FILL_AREA_STYLE_COLOUR('',#9637);
#9792 = OVER_RIDING_STYLED_ITEM('overriding color',(#9793),#3847,#9436);
#9793 = PRESENTATION_STYLE_ASSIGNMENT((#9794));
#9794 = SURFACE_STYLE_USAGE(.BOTH.,#9795);
#9795 = SURFACE_SIDE_STYLE('',(#9796));
#9796 = SURFACE_STYLE_FILL_AREA(#9797);
#9797 = FILL_AREA_STYLE('',(#9798));
#9798 = FILL_AREA_STYLE_COLOUR('',#9637);
#9799 = OVER_RIDING_STYLED_ITEM('overriding color',(#9800),#3869,#9436);
#9800 = PRESENTATION_STYLE_ASSIGNMENT((#9801));
#9801 = SURFACE_STYLE_USAGE(.BOTH.,#9802);
#9802 = SURFACE_SIDE_STYLE('',(#9803));
#9803 = SURFACE_STYLE_FILL_AREA(#9804);
#9804 = FILL_AREA_STYLE('',(#9805));
#9805 = FILL_AREA_STYLE_COLOUR('',#9637);
#9806 = OVER_RIDING_STYLED_ITEM('overriding color',(#9807),#3891,#9436);
#9807 = PRESENTATION_STYLE_ASSIGNMENT((#9808));
#9808 = SURFACE_STYLE_USAGE(.BOTH.,#9809);
#9809 = SURFACE_SIDE_STYLE('',(#9810));
#9810 = SURFACE_STYLE_FILL_AREA(#9811);
#9811 = FILL_AREA_STYLE('',(#9812));
#9812 = FILL_AREA_STYLE_COLOUR('',#9637);
#9813 = OVER_RIDING_STYLED_ITEM('overriding color',(#9814),#3922,#9436);
#9814 = PRESENTATION_STYLE_ASSIGNMENT((#9815));
#9815 = SURFACE_STYLE_USAGE(.BOTH.,#9816);
#9816 = SURFACE_SIDE_STYLE('',(#9817));
#9817 = SURFACE_STYLE_FILL_AREA(#9818);
#9818 = FILL_AREA_STYLE('',(#9819));
#9819 = FILL_AREA_STYLE_COLOUR('',#9637);
#9820 = OVER_RIDING_STYLED_ITEM('overriding color',(#9821),#3946,#9436);
#9821 = PRESENTATION_STYLE_ASSIGNMENT((#9822));
#9822 = SURFACE_STYLE_USAGE(.BOTH.,#9823);
#9823 = SURFACE_SIDE_STYLE('',(#9824));
#9824 = SURFACE_STYLE_FILL_AREA(#9825);
#9825 = FILL_AREA_STYLE('',(#9826));
#9826 = FILL_AREA_STYLE_COLOUR('',#9637);
#9827 = OVER_RIDING_STYLED_ITEM('overriding color',(#9828),#3970,#9436);
#9828 = PRESENTATION_STYLE_ASSIGNMENT((#9829));
#9829 = SURFACE_STYLE_USAGE(.BOTH.,#9830);
#9830 = SURFACE_SIDE_STYLE('',(#9831));
#9831 = SURFACE_STYLE_FILL_AREA(#9832);
#9832 = FILL_AREA_STYLE('',(#9833));
#9833 = FILL_AREA_STYLE_COLOUR('',#9637);
#9834 = OVER_RIDING_STYLED_ITEM('overriding color',(#9835),#3994,#9436);
#9835 = PRESENTATION_STYLE_ASSIGNMENT((#9836));
#9836 = SURFACE_STYLE_USAGE(.BOTH.,#9837);
#9837 = SURFACE_SIDE_STYLE('',(#9838));
#9838 = SURFACE_STYLE_FILL_AREA(#9839);
#9839 = FILL_AREA_STYLE('',(#9840));
#9840 = FILL_AREA_STYLE_COLOUR('',#9637);
#9841 = OVER_RIDING_STYLED_ITEM('overriding color',(#9842),#4018,#9436);
#9842 = PRESENTATION_STYLE_ASSIGNMENT((#9843));
#9843 = SURFACE_STYLE_USAGE(.BOTH.,#9844);
#9844 = SURFACE_SIDE_STYLE('',(#9845));
#9845 = SURFACE_STYLE_FILL_AREA(#9846);
#9846 = FILL_AREA_STYLE('',(#9847));
#9847 = FILL_AREA_STYLE_COLOUR('',#9637);
#9848 = OVER_RIDING_STYLED_ITEM('overriding color',(#9849),#4042,#9436);
#9849 = PRESENTATION_STYLE_ASSIGNMENT((#9850));
#9850 = SURFACE_STYLE_USAGE(.BOTH.,#9851);
#9851 = SURFACE_SIDE_STYLE('',(#9852));
#9852 = SURFACE_STYLE_FILL_AREA(#9853);
#9853 = FILL_AREA_STYLE('',(#9854));
#9854 = FILL_AREA_STYLE_COLOUR('',#9637);
#9855 = OVER_RIDING_STYLED_ITEM('overriding color',(#9856),#4066,#9436);
#9856 = PRESENTATION_STYLE_ASSIGNMENT((#9857));
#9857 = SURFACE_STYLE_USAGE(.BOTH.,#9858);
#9858 = SURFACE_SIDE_STYLE('',(#9859));
#9859 = SURFACE_STYLE_FILL_AREA(#9860);
#9860 = FILL_AREA_STYLE('',(#9861));
#9861 = FILL_AREA_STYLE_COLOUR('',#9637);
#9862 = OVER_RIDING_STYLED_ITEM('overriding color',(#9863),#4090,#9436);
#9863 = PRESENTATION_STYLE_ASSIGNMENT((#9864));
#9864 = SURFACE_STYLE_USAGE(.BOTH.,#9865);
#9865 = SURFACE_SIDE_STYLE('',(#9866));
#9866 = SURFACE_STYLE_FILL_AREA(#9867);
#9867 = FILL_AREA_STYLE('',(#9868));
#9868 = FILL_AREA_STYLE_COLOUR('',#9637);
#9869 = OVER_RIDING_STYLED_ITEM('overriding color',(#9870),#4114,#9436);
#9870 = PRESENTATION_STYLE_ASSIGNMENT((#9871));
#9871 = SURFACE_STYLE_USAGE(.BOTH.,#9872);
#9872 = SURFACE_SIDE_STYLE('',(#9873));
#9873 = SURFACE_STYLE_FILL_AREA(#9874);
#9874 = FILL_AREA_STYLE('',(#9875));
#9875 = FILL_AREA_STYLE_COLOUR('',#9637);
#9876 = OVER_RIDING_STYLED_ITEM('overriding color',(#9877),#4138,#9436);
#9877 = PRESENTATION_STYLE_ASSIGNMENT((#9878));
#9878 = SURFACE_STYLE_USAGE(.BOTH.,#9879);
#9879 = SURFACE_SIDE_STYLE('',(#9880));
#9880 = SURFACE_STYLE_FILL_AREA(#9881);
#9881 = FILL_AREA_STYLE('',(#9882));
#9882 = FILL_AREA_STYLE_COLOUR('',#9637);
#9883 = OVER_RIDING_STYLED_ITEM('overriding color',(#9884),#4162,#9436);
#9884 = PRESENTATION_STYLE_ASSIGNMENT((#9885));
#9885 = SURFACE_STYLE_USAGE(.BOTH.,#9886);
#9886 = SURFACE_SIDE_STYLE('',(#9887));
#9887 = SURFACE_STYLE_FILL_AREA(#9888);
#9888 = FILL_AREA_STYLE('',(#9889));
#9889 = FILL_AREA_STYLE_COLOUR('',#9637);
#9890 = OVER_RIDING_STYLED_ITEM('overriding color',(#9891),#4179,#9436);
#9891 = PRESENTATION_STYLE_ASSIGNMENT((#9892));
#9892 = SURFACE_STYLE_USAGE(.BOTH.,#9893);
#9893 = SURFACE_SIDE_STYLE('',(#9894));
#9894 = SURFACE_STYLE_FILL_AREA(#9895);
#9895 = FILL_AREA_STYLE('',(#9896));
#9896 = FILL_AREA_STYLE_COLOUR('',#9637);
#9897 = OVER_RIDING_STYLED_ITEM('overriding color',(#9898),#4199,#9436);
#9898 = PRESENTATION_STYLE_ASSIGNMENT((#9899));
#9899 = SURFACE_STYLE_USAGE(.BOTH.,#9900);
#9900 = SURFACE_SIDE_STYLE('',(#9901));
#9901 = SURFACE_STYLE_FILL_AREA(#9902);
#9902 = FILL_AREA_STYLE('',(#9903));
#9903 = FILL_AREA_STYLE_COLOUR('',#9637);
#9904 = OVER_RIDING_STYLED_ITEM('overriding color',(#9905),#4329,#9436);
#9905 = PRESENTATION_STYLE_ASSIGNMENT((#9906));
#9906 = SURFACE_STYLE_USAGE(.BOTH.,#9907);
#9907 = SURFACE_SIDE_STYLE('',(#9908));
#9908 = SURFACE_STYLE_FILL_AREA(#9909);
#9909 = FILL_AREA_STYLE('',(#9910));
#9910 = FILL_AREA_STYLE_COLOUR('',#9637);
#9911 = OVER_RIDING_STYLED_ITEM('overriding color',(#9912),#4351,#9436);
#9912 = PRESENTATION_STYLE_ASSIGNMENT((#9913));
#9913 = SURFACE_STYLE_USAGE(.BOTH.,#9914);
#9914 = SURFACE_SIDE_STYLE('',(#9915));
#9915 = SURFACE_STYLE_FILL_AREA(#9916);
#9916 = FILL_AREA_STYLE('',(#9917));
#9917 = FILL_AREA_STYLE_COLOUR('',#9637);
#9918 = OVER_RIDING_STYLED_ITEM('overriding color',(#9919),#4372,#9436);
#9919 = PRESENTATION_STYLE_ASSIGNMENT((#9920));
#9920 = SURFACE_STYLE_USAGE(.BOTH.,#9921);
#9921 = SURFACE_SIDE_STYLE('',(#9922));
#9922 = SURFACE_STYLE_FILL_AREA(#9923);
#9923 = FILL_AREA_STYLE('',(#9924));
#9924 = FILL_AREA_STYLE_COLOUR('',#9637);
#9925 = OVER_RIDING_STYLED_ITEM('overriding color',(#9926),#4393,#9436);
#9926 = PRESENTATION_STYLE_ASSIGNMENT((#9927));
#9927 = SURFACE_STYLE_USAGE(.BOTH.,#9928);
#9928 = SURFACE_SIDE_STYLE('',(#9929));
#9929 = SURFACE_STYLE_FILL_AREA(#9930);
#9930 = FILL_AREA_STYLE('',(#9931));
#9931 = FILL_AREA_STYLE_COLOUR('',#9637);
#9932 = OVER_RIDING_STYLED_ITEM('overriding color',(#9933),#4414,#9436);
#9933 = PRESENTATION_STYLE_ASSIGNMENT((#9934));
#9934 = SURFACE_STYLE_USAGE(.BOTH.,#9935);
#9935 = SURFACE_SIDE_STYLE('',(#9936));
#9936 = SURFACE_STYLE_FILL_AREA(#9937);
#9937 = FILL_AREA_STYLE('',(#9938));
#9938 = FILL_AREA_STYLE_COLOUR('',#9637);
#9939 = OVER_RIDING_STYLED_ITEM('overriding color',(#9940),#4435,#9436);
#9940 = PRESENTATION_STYLE_ASSIGNMENT((#9941));
#9941 = SURFACE_STYLE_USAGE(.BOTH.,#9942);
#9942 = SURFACE_SIDE_STYLE('',(#9943));
#9943 = SURFACE_STYLE_FILL_AREA(#9944);
#9944 = FILL_AREA_STYLE('',(#9945));
#9945 = FILL_AREA_STYLE_COLOUR('',#9637);
#9946 = OVER_RIDING_STYLED_ITEM('overriding color',(#9947),#4452,#9436);
#9947 = PRESENTATION_STYLE_ASSIGNMENT((#9948));
#9948 = SURFACE_STYLE_USAGE(.BOTH.,#9949);
#9949 = SURFACE_SIDE_STYLE('',(#9950));
#9950 = SURFACE_STYLE_FILL_AREA(#9951);
#9951 = FILL_AREA_STYLE('',(#9952));
#9952 = FILL_AREA_STYLE_COLOUR('',#9637);
#9953 = OVER_RIDING_STYLED_ITEM('overriding color',(#9954),#4464,#9436);
#9954 = PRESENTATION_STYLE_ASSIGNMENT((#9955));
#9955 = SURFACE_STYLE_USAGE(.BOTH.,#9956);
#9956 = SURFACE_SIDE_STYLE('',(#9957));
#9957 = SURFACE_STYLE_FILL_AREA(#9958);
#9958 = FILL_AREA_STYLE('',(#9959));
#9959 = FILL_AREA_STYLE_COLOUR('',#9637);
#9960 = OVER_RIDING_STYLED_ITEM('overriding color',(#9961),#4495,#9436);
#9961 = PRESENTATION_STYLE_ASSIGNMENT((#9962));
#9962 = SURFACE_STYLE_USAGE(.BOTH.,#9963);
#9963 = SURFACE_SIDE_STYLE('',(#9964));
#9964 = SURFACE_STYLE_FILL_AREA(#9965);
#9965 = FILL_AREA_STYLE('',(#9966));
#9966 = FILL_AREA_STYLE_COLOUR('',#9637);
#9967 = OVER_RIDING_STYLED_ITEM('overriding color',(#9968),#4519,#9436);
#9968 = PRESENTATION_STYLE_ASSIGNMENT((#9969));
#9969 = SURFACE_STYLE_USAGE(.BOTH.,#9970);
#9970 = SURFACE_SIDE_STYLE('',(#9971));
#9971 = SURFACE_STYLE_FILL_AREA(#9972);
#9972 = FILL_AREA_STYLE('',(#9973));
#9973 = FILL_AREA_STYLE_COLOUR('',#9637);
#9974 = OVER_RIDING_STYLED_ITEM('overriding color',(#9975),#4543,#9436);
#9975 = PRESENTATION_STYLE_ASSIGNMENT((#9976));
#9976 = SURFACE_STYLE_USAGE(.BOTH.,#9977);
#9977 = SURFACE_SIDE_STYLE('',(#9978));
#9978 = SURFACE_STYLE_FILL_AREA(#9979);
#9979 = FILL_AREA_STYLE('',(#9980));
#9980 = FILL_AREA_STYLE_COLOUR('',#9637);
#9981 = OVER_RIDING_STYLED_ITEM('overriding color',(#9982),#4572,#9436);
#9982 = PRESENTATION_STYLE_ASSIGNMENT((#9983));
#9983 = SURFACE_STYLE_USAGE(.BOTH.,#9984);
#9984 = SURFACE_SIDE_STYLE('',(#9985));
#9985 = SURFACE_STYLE_FILL_AREA(#9986);
#9986 = FILL_AREA_STYLE('',(#9987));
#9987 = FILL_AREA_STYLE_COLOUR('',#9637);
#9988 = OVER_RIDING_STYLED_ITEM('overriding color',(#9989),#4601,#9436);
#9989 = PRESENTATION_STYLE_ASSIGNMENT((#9990));
#9990 = SURFACE_STYLE_USAGE(.BOTH.,#9991);
#9991 = SURFACE_SIDE_STYLE('',(#9992));
#9992 = SURFACE_STYLE_FILL_AREA(#9993);
#9993 = FILL_AREA_STYLE('',(#9994));
#9994 = FILL_AREA_STYLE_COLOUR('',#9637);
#9995 = OVER_RIDING_STYLED_ITEM('overriding color',(#9996),#4630,#9436);
#9996 = PRESENTATION_STYLE_ASSIGNMENT((#9997));
#9997 = SURFACE_STYLE_USAGE(.BOTH.,#9998);
#9998 = SURFACE_SIDE_STYLE('',(#9999));
#9999 = SURFACE_STYLE_FILL_AREA(#10000);
#10000 = FILL_AREA_STYLE('',(#10001));
#10001 = FILL_AREA_STYLE_COLOUR('',#9637);
#10002 = OVER_RIDING_STYLED_ITEM('overriding color',(#10003),#4667,#9436
  );
#10003 = PRESENTATION_STYLE_ASSIGNMENT((#10004));
#10004 = SURFACE_STYLE_USAGE(.BOTH.,#10005);
#10005 = SURFACE_SIDE_STYLE('',(#10006));
#10006 = SURFACE_STYLE_FILL_AREA(#10007);
#10007 = FILL_AREA_STYLE('',(#10008));
#10008 = FILL_AREA_STYLE_COLOUR('',#9637);
#10009 = OVER_RIDING_STYLED_ITEM('overriding color',(#10010),#4791,#9436
  );
#10010 = PRESENTATION_STYLE_ASSIGNMENT((#10011));
#10011 = SURFACE_STYLE_USAGE(.BOTH.,#10012);
#10012 = SURFACE_SIDE_STYLE('',(#10013));
#10013 = SURFACE_STYLE_FILL_AREA(#10014);
#10014 = FILL_AREA_STYLE('',(#10015));
#10015 = FILL_AREA_STYLE_COLOUR('',#9637);
#10016 = OVER_RIDING_STYLED_ITEM('overriding color',(#10017),#4813,#9436
  );
#10017 = PRESENTATION_STYLE_ASSIGNMENT((#10018));
#10018 = SURFACE_STYLE_USAGE(.BOTH.,#10019);
#10019 = SURFACE_SIDE_STYLE('',(#10020));
#10020 = SURFACE_STYLE_FILL_AREA(#10021);
#10021 = FILL_AREA_STYLE('',(#10022));
#10022 = FILL_AREA_STYLE_COLOUR('',#9637);
#10023 = OVER_RIDING_STYLED_ITEM('overriding color',(#10024),#4830,#9436
  );
#10024 = PRESENTATION_STYLE_ASSIGNMENT((#10025));
#10025 = SURFACE_STYLE_USAGE(.BOTH.,#10026);
#10026 = SURFACE_SIDE_STYLE('',(#10027));
#10027 = SURFACE_STYLE_FILL_AREA(#10028);
#10028 = FILL_AREA_STYLE('',(#10029));
#10029 = FILL_AREA_STYLE_COLOUR('',#9637);
#10030 = OVER_RIDING_STYLED_ITEM('overriding color',(#10031),#4847,#9436
  );
#10031 = PRESENTATION_STYLE_ASSIGNMENT((#10032));
#10032 = SURFACE_STYLE_USAGE(.BOTH.,#10033);
#10033 = SURFACE_SIDE_STYLE('',(#10034));
#10034 = SURFACE_STYLE_FILL_AREA(#10035);
#10035 = FILL_AREA_STYLE('',(#10036));
#10036 = FILL_AREA_STYLE_COLOUR('',#9637);
#10037 = OVER_RIDING_STYLED_ITEM('overriding color',(#10038),#4864,#9436
  );
#10038 = PRESENTATION_STYLE_ASSIGNMENT((#10039));
#10039 = SURFACE_STYLE_USAGE(.BOTH.,#10040);
#10040 = SURFACE_SIDE_STYLE('',(#10041));
#10041 = SURFACE_STYLE_FILL_AREA(#10042);
#10042 = FILL_AREA_STYLE('',(#10043));
#10043 = FILL_AREA_STYLE_COLOUR('',#9637);
#10044 = OVER_RIDING_STYLED_ITEM('overriding color',(#10045),#4881,#9436
  );
#10045 = PRESENTATION_STYLE_ASSIGNMENT((#10046));
#10046 = SURFACE_STYLE_USAGE(.BOTH.,#10047);
#10047 = SURFACE_SIDE_STYLE('',(#10048));
#10048 = SURFACE_STYLE_FILL_AREA(#10049);
#10049 = FILL_AREA_STYLE('',(#10050));
#10050 = FILL_AREA_STYLE_COLOUR('',#9637);
#10051 = OVER_RIDING_STYLED_ITEM('overriding color',(#10052),#4898,#9436
  );
#10052 = PRESENTATION_STYLE_ASSIGNMENT((#10053));
#10053 = SURFACE_STYLE_USAGE(.BOTH.,#10054);
#10054 = SURFACE_SIDE_STYLE('',(#10055));
#10055 = SURFACE_STYLE_FILL_AREA(#10056);
#10056 = FILL_AREA_STYLE('',(#10057));
#10057 = FILL_AREA_STYLE_COLOUR('',#9637);
#10058 = OVER_RIDING_STYLED_ITEM('overriding color',(#10059),#4915,#9436
  );
#10059 = PRESENTATION_STYLE_ASSIGNMENT((#10060));
#10060 = SURFACE_STYLE_USAGE(.BOTH.,#10061);
#10061 = SURFACE_SIDE_STYLE('',(#10062));
#10062 = SURFACE_STYLE_FILL_AREA(#10063);
#10063 = FILL_AREA_STYLE('',(#10064));
#10064 = FILL_AREA_STYLE_COLOUR('',#9637);
#10065 = OVER_RIDING_STYLED_ITEM('overriding color',(#10066),#4927,#9436
  );
#10066 = PRESENTATION_STYLE_ASSIGNMENT((#10067));
#10067 = SURFACE_STYLE_USAGE(.BOTH.,#10068);
#10068 = SURFACE_SIDE_STYLE('',(#10069));
#10069 = SURFACE_STYLE_FILL_AREA(#10070);
#10070 = FILL_AREA_STYLE('',(#10071));
#10071 = FILL_AREA_STYLE_COLOUR('',#9637);
#10072 = OVER_RIDING_STYLED_ITEM('overriding color',(#10073),#4958,#9436
  );
#10073 = PRESENTATION_STYLE_ASSIGNMENT((#10074));
#10074 = SURFACE_STYLE_USAGE(.BOTH.,#10075);
#10075 = SURFACE_SIDE_STYLE('',(#10076));
#10076 = SURFACE_STYLE_FILL_AREA(#10077);
#10077 = FILL_AREA_STYLE('',(#10078));
#10078 = FILL_AREA_STYLE_COLOUR('',#9637);
#10079 = OVER_RIDING_STYLED_ITEM('overriding color',(#10080),#4982,#9436
  );
#10080 = PRESENTATION_STYLE_ASSIGNMENT((#10081));
#10081 = SURFACE_STYLE_USAGE(.BOTH.,#10082);
#10082 = SURFACE_SIDE_STYLE('',(#10083));
#10083 = SURFACE_STYLE_FILL_AREA(#10084);
#10084 = FILL_AREA_STYLE('',(#10085));
#10085 = FILL_AREA_STYLE_COLOUR('',#9637);
#10086 = OVER_RIDING_STYLED_ITEM('overriding color',(#10087),#5011,#9436
  );
#10087 = PRESENTATION_STYLE_ASSIGNMENT((#10088));
#10088 = SURFACE_STYLE_USAGE(.BOTH.,#10089);
#10089 = SURFACE_SIDE_STYLE('',(#10090));
#10090 = SURFACE_STYLE_FILL_AREA(#10091);
#10091 = FILL_AREA_STYLE('',(#10092));
#10092 = FILL_AREA_STYLE_COLOUR('',#9637);
#10093 = OVER_RIDING_STYLED_ITEM('overriding color',(#10094),#5035,#9436
  );
#10094 = PRESENTATION_STYLE_ASSIGNMENT((#10095));
#10095 = SURFACE_STYLE_USAGE(.BOTH.,#10096);
#10096 = SURFACE_SIDE_STYLE('',(#10097));
#10097 = SURFACE_STYLE_FILL_AREA(#10098);
#10098 = FILL_AREA_STYLE('',(#10099));
#10099 = FILL_AREA_STYLE_COLOUR('',#9637);
#10100 = OVER_RIDING_STYLED_ITEM('overriding color',(#10101),#5064,#9436
  );
#10101 = PRESENTATION_STYLE_ASSIGNMENT((#10102));
#10102 = SURFACE_STYLE_USAGE(.BOTH.,#10103);
#10103 = SURFACE_SIDE_STYLE('',(#10104));
#10104 = SURFACE_STYLE_FILL_AREA(#10105);
#10105 = FILL_AREA_STYLE('',(#10106));
#10106 = FILL_AREA_STYLE_COLOUR('',#9637);
#10107 = OVER_RIDING_STYLED_ITEM('overriding color',(#10108),#5095,#9436
  );
#10108 = PRESENTATION_STYLE_ASSIGNMENT((#10109));
#10109 = SURFACE_STYLE_USAGE(.BOTH.,#10110);
#10110 = SURFACE_SIDE_STYLE('',(#10111));
#10111 = SURFACE_STYLE_FILL_AREA(#10112);
#10112 = FILL_AREA_STYLE('',(#10113));
#10113 = FILL_AREA_STYLE_COLOUR('',#9637);
#10114 = OVER_RIDING_STYLED_ITEM('overriding color',(#10115),#5126,#9436
  );
#10115 = PRESENTATION_STYLE_ASSIGNMENT((#10116));
#10116 = SURFACE_STYLE_USAGE(.BOTH.,#10117);
#10117 = SURFACE_SIDE_STYLE('',(#10118));
#10118 = SURFACE_STYLE_FILL_AREA(#10119);
#10119 = FILL_AREA_STYLE('',(#10120));
#10120 = FILL_AREA_STYLE_COLOUR('',#9637);
#10121 = OVER_RIDING_STYLED_ITEM('overriding color',(#10122),#5150,#9436
  );
#10122 = PRESENTATION_STYLE_ASSIGNMENT((#10123));
#10123 = SURFACE_STYLE_USAGE(.BOTH.,#10124);
#10124 = SURFACE_SIDE_STYLE('',(#10125));
#10125 = SURFACE_STYLE_FILL_AREA(#10126);
#10126 = FILL_AREA_STYLE('',(#10127));
#10127 = FILL_AREA_STYLE_COLOUR('',#9637);
#10128 = OVER_RIDING_STYLED_ITEM('overriding color',(#10129),#5174,#9436
  );
#10129 = PRESENTATION_STYLE_ASSIGNMENT((#10130));
#10130 = SURFACE_STYLE_USAGE(.BOTH.,#10131);
#10131 = SURFACE_SIDE_STYLE('',(#10132));
#10132 = SURFACE_STYLE_FILL_AREA(#10133);
#10133 = FILL_AREA_STYLE('',(#10134));
#10134 = FILL_AREA_STYLE_COLOUR('',#9637);
#10135 = OVER_RIDING_STYLED_ITEM('overriding color',(#10136),#5198,#9436
  );
#10136 = PRESENTATION_STYLE_ASSIGNMENT((#10137));
#10137 = SURFACE_STYLE_USAGE(.BOTH.,#10138);
#10138 = SURFACE_SIDE_STYLE('',(#10139));
#10139 = SURFACE_STYLE_FILL_AREA(#10140);
#10140 = FILL_AREA_STYLE('',(#10141));
#10141 = FILL_AREA_STYLE_COLOUR('',#9637);
#10142 = OVER_RIDING_STYLED_ITEM('overriding color',(#10143),#5222,#9436
  );
#10143 = PRESENTATION_STYLE_ASSIGNMENT((#10144));
#10144 = SURFACE_STYLE_USAGE(.BOTH.,#10145);
#10145 = SURFACE_SIDE_STYLE('',(#10146));
#10146 = SURFACE_STYLE_FILL_AREA(#10147);
#10147 = FILL_AREA_STYLE('',(#10148));
#10148 = FILL_AREA_STYLE_COLOUR('',#9637);
#10149 = OVER_RIDING_STYLED_ITEM('overriding color',(#10150),#5246,#9436
  );
#10150 = PRESENTATION_STYLE_ASSIGNMENT((#10151));
#10151 = SURFACE_STYLE_USAGE(.BOTH.,#10152);
#10152 = SURFACE_SIDE_STYLE('',(#10153));
#10153 = SURFACE_STYLE_FILL_AREA(#10154);
#10154 = FILL_AREA_STYLE('',(#10155));
#10155 = FILL_AREA_STYLE_COLOUR('',#9637);
#10156 = OVER_RIDING_STYLED_ITEM('overriding color',(#10157),#5270,#9436
  );
#10157 = PRESENTATION_STYLE_ASSIGNMENT((#10158));
#10158 = SURFACE_STYLE_USAGE(.BOTH.,#10159);
#10159 = SURFACE_SIDE_STYLE('',(#10160));
#10160 = SURFACE_STYLE_FILL_AREA(#10161);
#10161 = FILL_AREA_STYLE('',(#10162));
#10162 = FILL_AREA_STYLE_COLOUR('',#9637);
#10163 = OVER_RIDING_STYLED_ITEM('overriding color',(#10164),#5294,#9436
  );
#10164 = PRESENTATION_STYLE_ASSIGNMENT((#10165));
#10165 = SURFACE_STYLE_USAGE(.BOTH.,#10166);
#10166 = SURFACE_SIDE_STYLE('',(#10167));
#10167 = SURFACE_STYLE_FILL_AREA(#10168);
#10168 = FILL_AREA_STYLE('',(#10169));
#10169 = FILL_AREA_STYLE_COLOUR('',#9637);
#10170 = OVER_RIDING_STYLED_ITEM('overriding color',(#10171),#5318,#9436
  );
#10171 = PRESENTATION_STYLE_ASSIGNMENT((#10172));
#10172 = SURFACE_STYLE_USAGE(.BOTH.,#10173);
#10173 = SURFACE_SIDE_STYLE('',(#10174));
#10174 = SURFACE_STYLE_FILL_AREA(#10175);
#10175 = FILL_AREA_STYLE('',(#10176));
#10176 = FILL_AREA_STYLE_COLOUR('',#9637);
#10177 = OVER_RIDING_STYLED_ITEM('overriding color',(#10178),#5342,#9436
  );
#10178 = PRESENTATION_STYLE_ASSIGNMENT((#10179));
#10179 = SURFACE_STYLE_USAGE(.BOTH.,#10180);
#10180 = SURFACE_SIDE_STYLE('',(#10181));
#10181 = SURFACE_STYLE_FILL_AREA(#10182);
#10182 = FILL_AREA_STYLE('',(#10183));
#10183 = FILL_AREA_STYLE_COLOUR('',#9637);
#10184 = OVER_RIDING_STYLED_ITEM('overriding color',(#10185),#5366,#9436
  );
#10185 = PRESENTATION_STYLE_ASSIGNMENT((#10186));
#10186 = SURFACE_STYLE_USAGE(.BOTH.,#10187);
#10187 = SURFACE_SIDE_STYLE('',(#10188));
#10188 = SURFACE_STYLE_FILL_AREA(#10189);
#10189 = FILL_AREA_STYLE('',(#10190));
#10190 = FILL_AREA_STYLE_COLOUR('',#9637);
#10191 = OVER_RIDING_STYLED_ITEM('overriding color',(#10192),#5383,#9436
  );
#10192 = PRESENTATION_STYLE_ASSIGNMENT((#10193));
#10193 = SURFACE_STYLE_USAGE(.BOTH.,#10194);
#10194 = SURFACE_SIDE_STYLE('',(#10195));
#10195 = SURFACE_STYLE_FILL_AREA(#10196);
#10196 = FILL_AREA_STYLE('',(#10197));
#10197 = FILL_AREA_STYLE_COLOUR('',#9637);
#10198 = OVER_RIDING_STYLED_ITEM('overriding color',(#10199),#5403,#9436
  );
#10199 = PRESENTATION_STYLE_ASSIGNMENT((#10200));
#10200 = SURFACE_STYLE_USAGE(.BOTH.,#10201);
#10201 = SURFACE_SIDE_STYLE('',(#10202));
#10202 = SURFACE_STYLE_FILL_AREA(#10203);
#10203 = FILL_AREA_STYLE('',(#10204));
#10204 = FILL_AREA_STYLE_COLOUR('',#9637);
#10205 = OVER_RIDING_STYLED_ITEM('overriding color',(#10206),#5603,#9436
  );
#10206 = PRESENTATION_STYLE_ASSIGNMENT((#10207));
#10207 = SURFACE_STYLE_USAGE(.BOTH.,#10208);
#10208 = SURFACE_SIDE_STYLE('',(#10209));
#10209 = SURFACE_STYLE_FILL_AREA(#10210);
#10210 = FILL_AREA_STYLE('',(#10211));
#10211 = FILL_AREA_STYLE_COLOUR('',#9637);
#10212 = OVER_RIDING_STYLED_ITEM('overriding color',(#10213),#5629,#9436
  );
#10213 = PRESENTATION_STYLE_ASSIGNMENT((#10214));
#10214 = SURFACE_STYLE_USAGE(.BOTH.,#10215);
#10215 = SURFACE_SIDE_STYLE('',(#10216));
#10216 = SURFACE_STYLE_FILL_AREA(#10217);
#10217 = FILL_AREA_STYLE('',(#10218));
#10218 = FILL_AREA_STYLE_COLOUR('',#9637);
#10219 = OVER_RIDING_STYLED_ITEM('overriding color',(#10220),#5646,#9436
  );
#10220 = PRESENTATION_STYLE_ASSIGNMENT((#10221));
#10221 = SURFACE_STYLE_USAGE(.BOTH.,#10222);
#10222 = SURFACE_SIDE_STYLE('',(#10223));
#10223 = SURFACE_STYLE_FILL_AREA(#10224);
#10224 = FILL_AREA_STYLE('',(#10225));
#10225 = FILL_AREA_STYLE_COLOUR('',#9637);
#10226 = OVER_RIDING_STYLED_ITEM('overriding color',(#10227),#5667,#9436
  );
#10227 = PRESENTATION_STYLE_ASSIGNMENT((#10228));
#10228 = SURFACE_STYLE_USAGE(.BOTH.,#10229);
#10229 = SURFACE_SIDE_STYLE('',(#10230));
#10230 = SURFACE_STYLE_FILL_AREA(#10231);
#10231 = FILL_AREA_STYLE('',(#10232));
#10232 = FILL_AREA_STYLE_COLOUR('',#9637);
#10233 = OVER_RIDING_STYLED_ITEM('overriding color',(#10234),#5688,#9436
  );
#10234 = PRESENTATION_STYLE_ASSIGNMENT((#10235));
#10235 = SURFACE_STYLE_USAGE(.BOTH.,#10236);
#10236 = SURFACE_SIDE_STYLE('',(#10237));
#10237 = SURFACE_STYLE_FILL_AREA(#10238);
#10238 = FILL_AREA_STYLE('',(#10239));
#10239 = FILL_AREA_STYLE_COLOUR('',#9637);
#10240 = OVER_RIDING_STYLED_ITEM('overriding color',(#10241),#5705,#9436
  );
#10241 = PRESENTATION_STYLE_ASSIGNMENT((#10242));
#10242 = SURFACE_STYLE_USAGE(.BOTH.,#10243);
#10243 = SURFACE_SIDE_STYLE('',(#10244));
#10244 = SURFACE_STYLE_FILL_AREA(#10245);
#10245 = FILL_AREA_STYLE('',(#10246));
#10246 = FILL_AREA_STYLE_COLOUR('',#9637);
#10247 = OVER_RIDING_STYLED_ITEM('overriding color',(#10248),#5726,#9436
  );
#10248 = PRESENTATION_STYLE_ASSIGNMENT((#10249));
#10249 = SURFACE_STYLE_USAGE(.BOTH.,#10250);
#10250 = SURFACE_SIDE_STYLE('',(#10251));
#10251 = SURFACE_STYLE_FILL_AREA(#10252);
#10252 = FILL_AREA_STYLE('',(#10253));
#10253 = FILL_AREA_STYLE_COLOUR('',#9637);
#10254 = OVER_RIDING_STYLED_ITEM('overriding color',(#10255),#5747,#9436
  );
#10255 = PRESENTATION_STYLE_ASSIGNMENT((#10256));
#10256 = SURFACE_STYLE_USAGE(.BOTH.,#10257);
#10257 = SURFACE_SIDE_STYLE('',(#10258));
#10258 = SURFACE_STYLE_FILL_AREA(#10259);
#10259 = FILL_AREA_STYLE('',(#10260));
#10260 = FILL_AREA_STYLE_COLOUR('',#9637);
#10261 = OVER_RIDING_STYLED_ITEM('overriding color',(#10262),#5768,#9436
  );
#10262 = PRESENTATION_STYLE_ASSIGNMENT((#10263));
#10263 = SURFACE_STYLE_USAGE(.BOTH.,#10264);
#10264 = SURFACE_SIDE_STYLE('',(#10265));
#10265 = SURFACE_STYLE_FILL_AREA(#10266);
#10266 = FILL_AREA_STYLE('',(#10267));
#10267 = FILL_AREA_STYLE_COLOUR('',#9637);
#10268 = OVER_RIDING_STYLED_ITEM('overriding color',(#10269),#5789,#9436
  );
#10269 = PRESENTATION_STYLE_ASSIGNMENT((#10270));
#10270 = SURFACE_STYLE_USAGE(.BOTH.,#10271);
#10271 = SURFACE_SIDE_STYLE('',(#10272));
#10272 = SURFACE_STYLE_FILL_AREA(#10273);
#10273 = FILL_AREA_STYLE('',(#10274));
#10274 = FILL_AREA_STYLE_COLOUR('',#9637);
#10275 = OVER_RIDING_STYLED_ITEM('overriding color',(#10276),#5806,#9436
  );
#10276 = PRESENTATION_STYLE_ASSIGNMENT((#10277));
#10277 = SURFACE_STYLE_USAGE(.BOTH.,#10278);
#10278 = SURFACE_SIDE_STYLE('',(#10279));
#10279 = SURFACE_STYLE_FILL_AREA(#10280);
#10280 = FILL_AREA_STYLE('',(#10281));
#10281 = FILL_AREA_STYLE_COLOUR('',#9637);
#10282 = OVER_RIDING_STYLED_ITEM('overriding color',(#10283),#5823,#9436
  );
#10283 = PRESENTATION_STYLE_ASSIGNMENT((#10284));
#10284 = SURFACE_STYLE_USAGE(.BOTH.,#10285);
#10285 = SURFACE_SIDE_STYLE('',(#10286));
#10286 = SURFACE_STYLE_FILL_AREA(#10287);
#10287 = FILL_AREA_STYLE('',(#10288));
#10288 = FILL_AREA_STYLE_COLOUR('',#9637);
#10289 = OVER_RIDING_STYLED_ITEM('overriding color',(#10290),#5840,#9436
  );
#10290 = PRESENTATION_STYLE_ASSIGNMENT((#10291));
#10291 = SURFACE_STYLE_USAGE(.BOTH.,#10292);
#10292 = SURFACE_SIDE_STYLE('',(#10293));
#10293 = SURFACE_STYLE_FILL_AREA(#10294);
#10294 = FILL_AREA_STYLE('',(#10295));
#10295 = FILL_AREA_STYLE_COLOUR('',#9637);
#10296 = OVER_RIDING_STYLED_ITEM('overriding color',(#10297),#5857,#9436
  );
#10297 = PRESENTATION_STYLE_ASSIGNMENT((#10298));
#10298 = SURFACE_STYLE_USAGE(.BOTH.,#10299);
#10299 = SURFACE_SIDE_STYLE('',(#10300));
#10300 = SURFACE_STYLE_FILL_AREA(#10301);
#10301 = FILL_AREA_STYLE('',(#10302));
#10302 = FILL_AREA_STYLE_COLOUR('',#9637);
#10303 = OVER_RIDING_STYLED_ITEM('overriding color',(#10304),#5873,#9436
  );
#10304 = PRESENTATION_STYLE_ASSIGNMENT((#10305));
#10305 = SURFACE_STYLE_USAGE(.BOTH.,#10306);
#10306 = SURFACE_SIDE_STYLE('',(#10307));
#10307 = SURFACE_STYLE_FILL_AREA(#10308);
#10308 = FILL_AREA_STYLE('',(#10309));
#10309 = FILL_AREA_STYLE_COLOUR('',#9637);
#10310 = OVER_RIDING_STYLED_ITEM('overriding color',(#10311),#5909,#9436
  );
#10311 = PRESENTATION_STYLE_ASSIGNMENT((#10312));
#10312 = SURFACE_STYLE_USAGE(.BOTH.,#10313);
#10313 = SURFACE_SIDE_STYLE('',(#10314));
#10314 = SURFACE_STYLE_FILL_AREA(#10315);
#10315 = FILL_AREA_STYLE('',(#10316));
#10316 = FILL_AREA_STYLE_COLOUR('',#9637);
#10317 = OVER_RIDING_STYLED_ITEM('overriding color',(#10318),#5938,#9436
  );
#10318 = PRESENTATION_STYLE_ASSIGNMENT((#10319));
#10319 = SURFACE_STYLE_USAGE(.BOTH.,#10320);
#10320 = SURFACE_SIDE_STYLE('',(#10321));
#10321 = SURFACE_STYLE_FILL_AREA(#10322);
#10322 = FILL_AREA_STYLE('',(#10323));
#10323 = FILL_AREA_STYLE_COLOUR('',#9637);
#10324 = OVER_RIDING_STYLED_ITEM('overriding color',(#10325),#5967,#9436
  );
#10325 = PRESENTATION_STYLE_ASSIGNMENT((#10326));
#10326 = SURFACE_STYLE_USAGE(.BOTH.,#10327);
#10327 = SURFACE_SIDE_STYLE('',(#10328));
#10328 = SURFACE_STYLE_FILL_AREA(#10329);
#10329 = FILL_AREA_STYLE('',(#10330));
#10330 = FILL_AREA_STYLE_COLOUR('',#9637);
#10331 = OVER_RIDING_STYLED_ITEM('overriding color',(#10332),#5996,#9436
  );
#10332 = PRESENTATION_STYLE_ASSIGNMENT((#10333));
#10333 = SURFACE_STYLE_USAGE(.BOTH.,#10334);
#10334 = SURFACE_SIDE_STYLE('',(#10335));
#10335 = SURFACE_STYLE_FILL_AREA(#10336);
#10336 = FILL_AREA_STYLE('',(#10337));
#10337 = FILL_AREA_STYLE_COLOUR('',#9637);
#10338 = OVER_RIDING_STYLED_ITEM('overriding color',(#10339),#6025,#9436
  );
#10339 = PRESENTATION_STYLE_ASSIGNMENT((#10340));
#10340 = SURFACE_STYLE_USAGE(.BOTH.,#10341);
#10341 = SURFACE_SIDE_STYLE('',(#10342));
#10342 = SURFACE_STYLE_FILL_AREA(#10343);
#10343 = FILL_AREA_STYLE('',(#10344));
#10344 = FILL_AREA_STYLE_COLOUR('',#9637);
#10345 = OVER_RIDING_STYLED_ITEM('overriding color',(#10346),#6054,#9436
  );
#10346 = PRESENTATION_STYLE_ASSIGNMENT((#10347));
#10347 = SURFACE_STYLE_USAGE(.BOTH.,#10348);
#10348 = SURFACE_SIDE_STYLE('',(#10349));
#10349 = SURFACE_STYLE_FILL_AREA(#10350);
#10350 = FILL_AREA_STYLE('',(#10351));
#10351 = FILL_AREA_STYLE_COLOUR('',#9637);
#10352 = OVER_RIDING_STYLED_ITEM('overriding color',(#10353),#6078,#9436
  );
#10353 = PRESENTATION_STYLE_ASSIGNMENT((#10354));
#10354 = SURFACE_STYLE_USAGE(.BOTH.,#10355);
#10355 = SURFACE_SIDE_STYLE('',(#10356));
#10356 = SURFACE_STYLE_FILL_AREA(#10357);
#10357 = FILL_AREA_STYLE('',(#10358));
#10358 = FILL_AREA_STYLE_COLOUR('',#9637);
#10359 = OVER_RIDING_STYLED_ITEM('overriding color',(#10360),#6111,#9436
  );
#10360 = PRESENTATION_STYLE_ASSIGNMENT((#10361));
#10361 = SURFACE_STYLE_USAGE(.BOTH.,#10362);
#10362 = SURFACE_SIDE_STYLE('',(#10363));
#10363 = SURFACE_STYLE_FILL_AREA(#10364);
#10364 = FILL_AREA_STYLE('',(#10365));
#10365 = FILL_AREA_STYLE_COLOUR('',#9637);
#10366 = OVER_RIDING_STYLED_ITEM('overriding color',(#10367),#6147,#9436
  );
#10367 = PRESENTATION_STYLE_ASSIGNMENT((#10368));
#10368 = SURFACE_STYLE_USAGE(.BOTH.,#10369);
#10369 = SURFACE_SIDE_STYLE('',(#10370));
#10370 = SURFACE_STYLE_FILL_AREA(#10371);
#10371 = FILL_AREA_STYLE('',(#10372));
#10372 = FILL_AREA_STYLE_COLOUR('',#9637);
#10373 = OVER_RIDING_STYLED_ITEM('overriding color',(#10374),#6171,#9436
  );
#10374 = PRESENTATION_STYLE_ASSIGNMENT((#10375));
#10375 = SURFACE_STYLE_USAGE(.BOTH.,#10376);
#10376 = SURFACE_SIDE_STYLE('',(#10377));
#10377 = SURFACE_STYLE_FILL_AREA(#10378);
#10378 = FILL_AREA_STYLE('',(#10379));
#10379 = FILL_AREA_STYLE_COLOUR('',#9637);
#10380 = OVER_RIDING_STYLED_ITEM('overriding color',(#10381),#6200,#9436
  );
#10381 = PRESENTATION_STYLE_ASSIGNMENT((#10382));
#10382 = SURFACE_STYLE_USAGE(.BOTH.,#10383);
#10383 = SURFACE_SIDE_STYLE('',(#10384));
#10384 = SURFACE_STYLE_FILL_AREA(#10385);
#10385 = FILL_AREA_STYLE('',(#10386));
#10386 = FILL_AREA_STYLE_COLOUR('',#9637);
#10387 = OVER_RIDING_STYLED_ITEM('overriding color',(#10388),#6229,#9436
  );
#10388 = PRESENTATION_STYLE_ASSIGNMENT((#10389));
#10389 = SURFACE_STYLE_USAGE(.BOTH.,#10390);
#10390 = SURFACE_SIDE_STYLE('',(#10391));
#10391 = SURFACE_STYLE_FILL_AREA(#10392);
#10392 = FILL_AREA_STYLE('',(#10393));
#10393 = FILL_AREA_STYLE_COLOUR('',#9637);
#10394 = OVER_RIDING_STYLED_ITEM('overriding color',(#10395),#6258,#9436
  );
#10395 = PRESENTATION_STYLE_ASSIGNMENT((#10396));
#10396 = SURFACE_STYLE_USAGE(.BOTH.,#10397);
#10397 = SURFACE_SIDE_STYLE('',(#10398));
#10398 = SURFACE_STYLE_FILL_AREA(#10399);
#10399 = FILL_AREA_STYLE('',(#10400));
#10400 = FILL_AREA_STYLE_COLOUR('',#9637);
#10401 = OVER_RIDING_STYLED_ITEM('overriding color',(#10402),#6287,#9436
  );
#10402 = PRESENTATION_STYLE_ASSIGNMENT((#10403));
#10403 = SURFACE_STYLE_USAGE(.BOTH.,#10404);
#10404 = SURFACE_SIDE_STYLE('',(#10405));
#10405 = SURFACE_STYLE_FILL_AREA(#10406);
#10406 = FILL_AREA_STYLE('',(#10407));
#10407 = FILL_AREA_STYLE_COLOUR('',#9637);
#10408 = OVER_RIDING_STYLED_ITEM('overriding color',(#10409),#6316,#9436
  );
#10409 = PRESENTATION_STYLE_ASSIGNMENT((#10410));
#10410 = SURFACE_STYLE_USAGE(.BOTH.,#10411);
#10411 = SURFACE_SIDE_STYLE('',(#10412));
#10412 = SURFACE_STYLE_FILL_AREA(#10413);
#10413 = FILL_AREA_STYLE('',(#10414));
#10414 = FILL_AREA_STYLE_COLOUR('',#9637);
#10415 = OVER_RIDING_STYLED_ITEM('overriding color',(#10416),#6345,#9436
  );
#10416 = PRESENTATION_STYLE_ASSIGNMENT((#10417));
#10417 = SURFACE_STYLE_USAGE(.BOTH.,#10418);
#10418 = SURFACE_SIDE_STYLE('',(#10419));
#10419 = SURFACE_STYLE_FILL_AREA(#10420);
#10420 = FILL_AREA_STYLE('',(#10421));
#10421 = FILL_AREA_STYLE_COLOUR('',#9637);
#10422 = OVER_RIDING_STYLED_ITEM('overriding color',(#10423),#6374,#9436
  );
#10423 = PRESENTATION_STYLE_ASSIGNMENT((#10424));
#10424 = SURFACE_STYLE_USAGE(.BOTH.,#10425);
#10425 = SURFACE_SIDE_STYLE('',(#10426));
#10426 = SURFACE_STYLE_FILL_AREA(#10427);
#10427 = FILL_AREA_STYLE('',(#10428));
#10428 = FILL_AREA_STYLE_COLOUR('',#9637);
#10429 = OVER_RIDING_STYLED_ITEM('overriding color',(#10430),#6403,#9436
  );
#10430 = PRESENTATION_STYLE_ASSIGNMENT((#10431));
#10431 = SURFACE_STYLE_USAGE(.BOTH.,#10432);
#10432 = SURFACE_SIDE_STYLE('',(#10433));
#10433 = SURFACE_STYLE_FILL_AREA(#10434);
#10434 = FILL_AREA_STYLE('',(#10435));
#10435 = FILL_AREA_STYLE_COLOUR('',#9637);
#10436 = OVER_RIDING_STYLED_ITEM('overriding color',(#10437),#6432,#9436
  );
#10437 = PRESENTATION_STYLE_ASSIGNMENT((#10438));
#10438 = SURFACE_STYLE_USAGE(.BOTH.,#10439);
#10439 = SURFACE_SIDE_STYLE('',(#10440));
#10440 = SURFACE_STYLE_FILL_AREA(#10441);
#10441 = FILL_AREA_STYLE('',(#10442));
#10442 = FILL_AREA_STYLE_COLOUR('',#9637);
#10443 = OVER_RIDING_STYLED_ITEM('overriding color',(#10444),#6461,#9436
  );
#10444 = PRESENTATION_STYLE_ASSIGNMENT((#10445));
#10445 = SURFACE_STYLE_USAGE(.BOTH.,#10446);
#10446 = SURFACE_SIDE_STYLE('',(#10447));
#10447 = SURFACE_STYLE_FILL_AREA(#10448);
#10448 = FILL_AREA_STYLE('',(#10449));
#10449 = FILL_AREA_STYLE_COLOUR('',#9637);
#10450 = OVER_RIDING_STYLED_ITEM('overriding color',(#10451),#6485,#9436
  );
#10451 = PRESENTATION_STYLE_ASSIGNMENT((#10452));
#10452 = SURFACE_STYLE_USAGE(.BOTH.,#10453);
#10453 = SURFACE_SIDE_STYLE('',(#10454));
#10454 = SURFACE_STYLE_FILL_AREA(#10455);
#10455 = FILL_AREA_STYLE('',(#10456));
#10456 = FILL_AREA_STYLE_COLOUR('',#9637);
#10457 = OVER_RIDING_STYLED_ITEM('overriding color',(#10458),#6514,#9436
  );
#10458 = PRESENTATION_STYLE_ASSIGNMENT((#10459));
#10459 = SURFACE_STYLE_USAGE(.BOTH.,#10460);
#10460 = SURFACE_SIDE_STYLE('',(#10461));
#10461 = SURFACE_STYLE_FILL_AREA(#10462);
#10462 = FILL_AREA_STYLE('',(#10463));
#10463 = FILL_AREA_STYLE_COLOUR('',#9637);
#10464 = OVER_RIDING_STYLED_ITEM('overriding color',(#10465),#6543,#9436
  );
#10465 = PRESENTATION_STYLE_ASSIGNMENT((#10466));
#10466 = SURFACE_STYLE_USAGE(.BOTH.,#10467);
#10467 = SURFACE_SIDE_STYLE('',(#10468));
#10468 = SURFACE_STYLE_FILL_AREA(#10469);
#10469 = FILL_AREA_STYLE('',(#10470));
#10470 = FILL_AREA_STYLE_COLOUR('',#9637);
#10471 = OVER_RIDING_STYLED_ITEM('overriding color',(#10472),#6572,#9436
  );
#10472 = PRESENTATION_STYLE_ASSIGNMENT((#10473));
#10473 = SURFACE_STYLE_USAGE(.BOTH.,#10474);
#10474 = SURFACE_SIDE_STYLE('',(#10475));
#10475 = SURFACE_STYLE_FILL_AREA(#10476);
#10476 = FILL_AREA_STYLE('',(#10477));
#10477 = FILL_AREA_STYLE_COLOUR('',#9637);
#10478 = OVER_RIDING_STYLED_ITEM('overriding color',(#10479),#6601,#9436
  );
#10479 = PRESENTATION_STYLE_ASSIGNMENT((#10480));
#10480 = SURFACE_STYLE_USAGE(.BOTH.,#10481);
#10481 = SURFACE_SIDE_STYLE('',(#10482));
#10482 = SURFACE_STYLE_FILL_AREA(#10483);
#10483 = FILL_AREA_STYLE('',(#10484));
#10484 = FILL_AREA_STYLE_COLOUR('',#9637);
#10485 = OVER_RIDING_STYLED_ITEM('overriding color',(#10486),#6630,#9436
  );
#10486 = PRESENTATION_STYLE_ASSIGNMENT((#10487));
#10487 = SURFACE_STYLE_USAGE(.BOTH.,#10488);
#10488 = SURFACE_SIDE_STYLE('',(#10489));
#10489 = SURFACE_STYLE_FILL_AREA(#10490);
#10490 = FILL_AREA_STYLE('',(#10491));
#10491 = FILL_AREA_STYLE_COLOUR('',#9637);
#10492 = OVER_RIDING_STYLED_ITEM('overriding color',(#10493),#6659,#9436
  );
#10493 = PRESENTATION_STYLE_ASSIGNMENT((#10494));
#10494 = SURFACE_STYLE_USAGE(.BOTH.,#10495);
#10495 = SURFACE_SIDE_STYLE('',(#10496));
#10496 = SURFACE_STYLE_FILL_AREA(#10497);
#10497 = FILL_AREA_STYLE('',(#10498));
#10498 = FILL_AREA_STYLE_COLOUR('',#9637);
#10499 = OVER_RIDING_STYLED_ITEM('overriding color',(#10500),#6688,#9436
  );
#10500 = PRESENTATION_STYLE_ASSIGNMENT((#10501));
#10501 = SURFACE_STYLE_USAGE(.BOTH.,#10502);
#10502 = SURFACE_SIDE_STYLE('',(#10503));
#10503 = SURFACE_STYLE_FILL_AREA(#10504);
#10504 = FILL_AREA_STYLE('',(#10505));
#10505 = FILL_AREA_STYLE_COLOUR('',#9637);
#10506 = OVER_RIDING_STYLED_ITEM('overriding color',(#10507),#6710,#9436
  );
#10507 = PRESENTATION_STYLE_ASSIGNMENT((#10508));
#10508 = SURFACE_STYLE_USAGE(.BOTH.,#10509);
#10509 = SURFACE_SIDE_STYLE('',(#10510));
#10510 = SURFACE_STYLE_FILL_AREA(#10511);
#10511 = FILL_AREA_STYLE('',(#10512));
#10512 = FILL_AREA_STYLE_COLOUR('',#9637);
#10513 = OVER_RIDING_STYLED_ITEM('overriding color',(#10514),#6739,#9436
  );
#10514 = PRESENTATION_STYLE_ASSIGNMENT((#10515));
#10515 = SURFACE_STYLE_USAGE(.BOTH.,#10516);
#10516 = SURFACE_SIDE_STYLE('',(#10517));
#10517 = SURFACE_STYLE_FILL_AREA(#10518);
#10518 = FILL_AREA_STYLE('',(#10519));
#10519 = FILL_AREA_STYLE_COLOUR('',#9637);
#10520 = OVER_RIDING_STYLED_ITEM('overriding color',(#10521),#6770,#9436
  );
#10521 = PRESENTATION_STYLE_ASSIGNMENT((#10522));
#10522 = SURFACE_STYLE_USAGE(.BOTH.,#10523);
#10523 = SURFACE_SIDE_STYLE('',(#10524));
#10524 = SURFACE_STYLE_FILL_AREA(#10525);
#10525 = FILL_AREA_STYLE('',(#10526));
#10526 = FILL_AREA_STYLE_COLOUR('',#9637);
#10527 = OVER_RIDING_STYLED_ITEM('overriding color',(#10528),#6794,#9436
  );
#10528 = PRESENTATION_STYLE_ASSIGNMENT((#10529));
#10529 = SURFACE_STYLE_USAGE(.BOTH.,#10530);
#10530 = SURFACE_SIDE_STYLE('',(#10531));
#10531 = SURFACE_STYLE_FILL_AREA(#10532);
#10532 = FILL_AREA_STYLE('',(#10533));
#10533 = FILL_AREA_STYLE_COLOUR('',#9637);
#10534 = OVER_RIDING_STYLED_ITEM('overriding color',(#10535),#6823,#9436
  );
#10535 = PRESENTATION_STYLE_ASSIGNMENT((#10536));
#10536 = SURFACE_STYLE_USAGE(.BOTH.,#10537);
#10537 = SURFACE_SIDE_STYLE('',(#10538));
#10538 = SURFACE_STYLE_FILL_AREA(#10539);
#10539 = FILL_AREA_STYLE('',(#10540));
#10540 = FILL_AREA_STYLE_COLOUR('',#9637);
#10541 = OVER_RIDING_STYLED_ITEM('overriding color',(#10542),#6847,#9436
  );
#10542 = PRESENTATION_STYLE_ASSIGNMENT((#10543));
#10543 = SURFACE_STYLE_USAGE(.BOTH.,#10544);
#10544 = SURFACE_SIDE_STYLE('',(#10545));
#10545 = SURFACE_STYLE_FILL_AREA(#10546);
#10546 = FILL_AREA_STYLE('',(#10547));
#10547 = FILL_AREA_STYLE_COLOUR('',#9637);
#10548 = OVER_RIDING_STYLED_ITEM('overriding color',(#10549),#6871,#9436
  );
#10549 = PRESENTATION_STYLE_ASSIGNMENT((#10550));
#10550 = SURFACE_STYLE_USAGE(.BOTH.,#10551);
#10551 = SURFACE_SIDE_STYLE('',(#10552));
#10552 = SURFACE_STYLE_FILL_AREA(#10553);
#10553 = FILL_AREA_STYLE('',(#10554));
#10554 = FILL_AREA_STYLE_COLOUR('',#9637);
#10555 = OVER_RIDING_STYLED_ITEM('overriding color',(#10556),#6895,#9436
  );
#10556 = PRESENTATION_STYLE_ASSIGNMENT((#10557));
#10557 = SURFACE_STYLE_USAGE(.BOTH.,#10558);
#10558 = SURFACE_SIDE_STYLE('',(#10559));
#10559 = SURFACE_STYLE_FILL_AREA(#10560);
#10560 = FILL_AREA_STYLE('',(#10561));
#10561 = FILL_AREA_STYLE_COLOUR('',#9637);
#10562 = OVER_RIDING_STYLED_ITEM('overriding color',(#10563),#6919,#9436
  );
#10563 = PRESENTATION_STYLE_ASSIGNMENT((#10564));
#10564 = SURFACE_STYLE_USAGE(.BOTH.,#10565);
#10565 = SURFACE_SIDE_STYLE('',(#10566));
#10566 = SURFACE_STYLE_FILL_AREA(#10567);
#10567 = FILL_AREA_STYLE('',(#10568));
#10568 = FILL_AREA_STYLE_COLOUR('',#9637);
#10569 = OVER_RIDING_STYLED_ITEM('overriding color',(#10570),#6943,#9436
  );
#10570 = PRESENTATION_STYLE_ASSIGNMENT((#10571));
#10571 = SURFACE_STYLE_USAGE(.BOTH.,#10572);
#10572 = SURFACE_SIDE_STYLE('',(#10573));
#10573 = SURFACE_STYLE_FILL_AREA(#10574);
#10574 = FILL_AREA_STYLE('',(#10575));
#10575 = FILL_AREA_STYLE_COLOUR('',#9637);
#10576 = OVER_RIDING_STYLED_ITEM('overriding color',(#10577),#6967,#9436
  );
#10577 = PRESENTATION_STYLE_ASSIGNMENT((#10578));
#10578 = SURFACE_STYLE_USAGE(.BOTH.,#10579);
#10579 = SURFACE_SIDE_STYLE('',(#10580));
#10580 = SURFACE_STYLE_FILL_AREA(#10581);
#10581 = FILL_AREA_STYLE('',(#10582));
#10582 = FILL_AREA_STYLE_COLOUR('',#9637);
#10583 = OVER_RIDING_STYLED_ITEM('overriding color',(#10584),#6996,#9436
  );
#10584 = PRESENTATION_STYLE_ASSIGNMENT((#10585));
#10585 = SURFACE_STYLE_USAGE(.BOTH.,#10586);
#10586 = SURFACE_SIDE_STYLE('',(#10587));
#10587 = SURFACE_STYLE_FILL_AREA(#10588);
#10588 = FILL_AREA_STYLE('',(#10589));
#10589 = FILL_AREA_STYLE_COLOUR('',#9637);
#10590 = OVER_RIDING_STYLED_ITEM('overriding color',(#10591),#7025,#9436
  );
#10591 = PRESENTATION_STYLE_ASSIGNMENT((#10592));
#10592 = SURFACE_STYLE_USAGE(.BOTH.,#10593);
#10593 = SURFACE_SIDE_STYLE('',(#10594));
#10594 = SURFACE_STYLE_FILL_AREA(#10595);
#10595 = FILL_AREA_STYLE('',(#10596));
#10596 = FILL_AREA_STYLE_COLOUR('',#9637);
#10597 = OVER_RIDING_STYLED_ITEM('overriding color',(#10598),#7049,#9436
  );
#10598 = PRESENTATION_STYLE_ASSIGNMENT((#10599));
#10599 = SURFACE_STYLE_USAGE(.BOTH.,#10600);
#10600 = SURFACE_SIDE_STYLE('',(#10601));
#10601 = SURFACE_STYLE_FILL_AREA(#10602);
#10602 = FILL_AREA_STYLE('',(#10603));
#10603 = FILL_AREA_STYLE_COLOUR('',#9637);
#10604 = OVER_RIDING_STYLED_ITEM('overriding color',(#10605),#7078,#9436
  );
#10605 = PRESENTATION_STYLE_ASSIGNMENT((#10606));
#10606 = SURFACE_STYLE_USAGE(.BOTH.,#10607);
#10607 = SURFACE_SIDE_STYLE('',(#10608));
#10608 = SURFACE_STYLE_FILL_AREA(#10609);
#10609 = FILL_AREA_STYLE('',(#10610));
#10610 = FILL_AREA_STYLE_COLOUR('',#9637);
#10611 = OVER_RIDING_STYLED_ITEM('overriding color',(#10612),#7107,#9436
  );
#10612 = PRESENTATION_STYLE_ASSIGNMENT((#10613));
#10613 = SURFACE_STYLE_USAGE(.BOTH.,#10614);
#10614 = SURFACE_SIDE_STYLE('',(#10615));
#10615 = SURFACE_STYLE_FILL_AREA(#10616);
#10616 = FILL_AREA_STYLE('',(#10617));
#10617 = FILL_AREA_STYLE_COLOUR('',#9637);
#10618 = OVER_RIDING_STYLED_ITEM('overriding color',(#10619),#7124,#9436
  );
#10619 = PRESENTATION_STYLE_ASSIGNMENT((#10620));
#10620 = SURFACE_STYLE_USAGE(.BOTH.,#10621);
#10621 = SURFACE_SIDE_STYLE('',(#10622));
#10622 = SURFACE_STYLE_FILL_AREA(#10623);
#10623 = FILL_AREA_STYLE('',(#10624));
#10624 = FILL_AREA_STYLE_COLOUR('',#9637);
#10625 = OVER_RIDING_STYLED_ITEM('overriding color',(#10626),#7147,#9436
  );
#10626 = PRESENTATION_STYLE_ASSIGNMENT((#10627));
#10627 = SURFACE_STYLE_USAGE(.BOTH.,#10628);
#10628 = SURFACE_SIDE_STYLE('',(#10629));
#10629 = SURFACE_STYLE_FILL_AREA(#10630);
#10630 = FILL_AREA_STYLE('',(#10631));
#10631 = FILL_AREA_STYLE_COLOUR('',#9637);
#10632 = OVER_RIDING_STYLED_ITEM('overriding color',(#10633),#7178,#9436
  );
#10633 = PRESENTATION_STYLE_ASSIGNMENT((#10634));
#10634 = SURFACE_STYLE_USAGE(.BOTH.,#10635);
#10635 = SURFACE_SIDE_STYLE('',(#10636));
#10636 = SURFACE_STYLE_FILL_AREA(#10637);
#10637 = FILL_AREA_STYLE('',(#10638));
#10638 = FILL_AREA_STYLE_COLOUR('',#9637);
#10639 = OVER_RIDING_STYLED_ITEM('overriding color',(#10640),#7202,#9436
  );
#10640 = PRESENTATION_STYLE_ASSIGNMENT((#10641));
#10641 = SURFACE_STYLE_USAGE(.BOTH.,#10642);
#10642 = SURFACE_SIDE_STYLE('',(#10643));
#10643 = SURFACE_STYLE_FILL_AREA(#10644);
#10644 = FILL_AREA_STYLE('',(#10645));
#10645 = FILL_AREA_STYLE_COLOUR('',#9637);
#10646 = OVER_RIDING_STYLED_ITEM('overriding color',(#10647),#7226,#9436
  );
#10647 = PRESENTATION_STYLE_ASSIGNMENT((#10648));
#10648 = SURFACE_STYLE_USAGE(.BOTH.,#10649);
#10649 = SURFACE_SIDE_STYLE('',(#10650));
#10650 = SURFACE_STYLE_FILL_AREA(#10651);
#10651 = FILL_AREA_STYLE('',(#10652));
#10652 = FILL_AREA_STYLE_COLOUR('',#9637);
#10653 = OVER_RIDING_STYLED_ITEM('overriding color',(#10654),#7250,#9436
  );
#10654 = PRESENTATION_STYLE_ASSIGNMENT((#10655));
#10655 = SURFACE_STYLE_USAGE(.BOTH.,#10656);
#10656 = SURFACE_SIDE_STYLE('',(#10657));
#10657 = SURFACE_STYLE_FILL_AREA(#10658);
#10658 = FILL_AREA_STYLE('',(#10659));
#10659 = FILL_AREA_STYLE_COLOUR('',#9637);
#10660 = OVER_RIDING_STYLED_ITEM('overriding color',(#10661),#7274,#9436
  );
#10661 = PRESENTATION_STYLE_ASSIGNMENT((#10662));
#10662 = SURFACE_STYLE_USAGE(.BOTH.,#10663);
#10663 = SURFACE_SIDE_STYLE('',(#10664));
#10664 = SURFACE_STYLE_FILL_AREA(#10665);
#10665 = FILL_AREA_STYLE('',(#10666));
#10666 = FILL_AREA_STYLE_COLOUR('',#9637);
#10667 = OVER_RIDING_STYLED_ITEM('overriding color',(#10668),#7298,#9436
  );
#10668 = PRESENTATION_STYLE_ASSIGNMENT((#10669));
#10669 = SURFACE_STYLE_USAGE(.BOTH.,#10670);
#10670 = SURFACE_SIDE_STYLE('',(#10671));
#10671 = SURFACE_STYLE_FILL_AREA(#10672);
#10672 = FILL_AREA_STYLE('',(#10673));
#10673 = FILL_AREA_STYLE_COLOUR('',#9637);
#10674 = OVER_RIDING_STYLED_ITEM('overriding color',(#10675),#7322,#9436
  );
#10675 = PRESENTATION_STYLE_ASSIGNMENT((#10676));
#10676 = SURFACE_STYLE_USAGE(.BOTH.,#10677);
#10677 = SURFACE_SIDE_STYLE('',(#10678));
#10678 = SURFACE_STYLE_FILL_AREA(#10679);
#10679 = FILL_AREA_STYLE('',(#10680));
#10680 = FILL_AREA_STYLE_COLOUR('',#9637);
#10681 = OVER_RIDING_STYLED_ITEM('overriding color',(#10682),#7346,#9436
  );
#10682 = PRESENTATION_STYLE_ASSIGNMENT((#10683));
#10683 = SURFACE_STYLE_USAGE(.BOTH.,#10684);
#10684 = SURFACE_SIDE_STYLE('',(#10685));
#10685 = SURFACE_STYLE_FILL_AREA(#10686);
#10686 = FILL_AREA_STYLE('',(#10687));
#10687 = FILL_AREA_STYLE_COLOUR('',#9637);
#10688 = OVER_RIDING_STYLED_ITEM('overriding color',(#10689),#7370,#9436
  );
#10689 = PRESENTATION_STYLE_ASSIGNMENT((#10690));
#10690 = SURFACE_STYLE_USAGE(.BOTH.,#10691);
#10691 = SURFACE_SIDE_STYLE('',(#10692));
#10692 = SURFACE_STYLE_FILL_AREA(#10693);
#10693 = FILL_AREA_STYLE('',(#10694));
#10694 = FILL_AREA_STYLE_COLOUR('',#9637);
#10695 = OVER_RIDING_STYLED_ITEM('overriding color',(#10696),#7394,#9436
  );
#10696 = PRESENTATION_STYLE_ASSIGNMENT((#10697));
#10697 = SURFACE_STYLE_USAGE(.BOTH.,#10698);
#10698 = SURFACE_SIDE_STYLE('',(#10699));
#10699 = SURFACE_STYLE_FILL_AREA(#10700);
#10700 = FILL_AREA_STYLE('',(#10701));
#10701 = FILL_AREA_STYLE_COLOUR('',#9637);
#10702 = OVER_RIDING_STYLED_ITEM('overriding color',(#10703),#7418,#9436
  );
#10703 = PRESENTATION_STYLE_ASSIGNMENT((#10704));
#10704 = SURFACE_STYLE_USAGE(.BOTH.,#10705);
#10705 = SURFACE_SIDE_STYLE('',(#10706));
#10706 = SURFACE_STYLE_FILL_AREA(#10707);
#10707 = FILL_AREA_STYLE('',(#10708));
#10708 = FILL_AREA_STYLE_COLOUR('',#9637);
#10709 = OVER_RIDING_STYLED_ITEM('overriding color',(#10710),#7435,#9436
  );
#10710 = PRESENTATION_STYLE_ASSIGNMENT((#10711));
#10711 = SURFACE_STYLE_USAGE(.BOTH.,#10712);
#10712 = SURFACE_SIDE_STYLE('',(#10713));
#10713 = SURFACE_STYLE_FILL_AREA(#10714);
#10714 = FILL_AREA_STYLE('',(#10715));
#10715 = FILL_AREA_STYLE_COLOUR('',#9637);
#10716 = OVER_RIDING_STYLED_ITEM('overriding color',(#10717),#7455,#9436
  );
#10717 = PRESENTATION_STYLE_ASSIGNMENT((#10718));
#10718 = SURFACE_STYLE_USAGE(.BOTH.,#10719);
#10719 = SURFACE_SIDE_STYLE('',(#10720));
#10720 = SURFACE_STYLE_FILL_AREA(#10721);
#10721 = FILL_AREA_STYLE('',(#10722));
#10722 = FILL_AREA_STYLE_COLOUR('',#9637);
#10723 = OVER_RIDING_STYLED_ITEM('overriding color',(#10724),#7585,#9436
  );
#10724 = PRESENTATION_STYLE_ASSIGNMENT((#10725));
#10725 = SURFACE_STYLE_USAGE(.BOTH.,#10726);
#10726 = SURFACE_SIDE_STYLE('',(#10727));
#10727 = SURFACE_STYLE_FILL_AREA(#10728);
#10728 = FILL_AREA_STYLE('',(#10729));
#10729 = FILL_AREA_STYLE_COLOUR('',#9637);
#10730 = OVER_RIDING_STYLED_ITEM('overriding color',(#10731),#7607,#9436
  );
#10731 = PRESENTATION_STYLE_ASSIGNMENT((#10732));
#10732 = SURFACE_STYLE_USAGE(.BOTH.,#10733);
#10733 = SURFACE_SIDE_STYLE('',(#10734));
#10734 = SURFACE_STYLE_FILL_AREA(#10735);
#10735 = FILL_AREA_STYLE('',(#10736));
#10736 = FILL_AREA_STYLE_COLOUR('',#9637);
#10737 = OVER_RIDING_STYLED_ITEM('overriding color',(#10738),#7628,#9436
  );
#10738 = PRESENTATION_STYLE_ASSIGNMENT((#10739));
#10739 = SURFACE_STYLE_USAGE(.BOTH.,#10740);
#10740 = SURFACE_SIDE_STYLE('',(#10741));
#10741 = SURFACE_STYLE_FILL_AREA(#10742);
#10742 = FILL_AREA_STYLE('',(#10743));
#10743 = FILL_AREA_STYLE_COLOUR('',#9637);
#10744 = OVER_RIDING_STYLED_ITEM('overriding color',(#10745),#7649,#9436
  );
#10745 = PRESENTATION_STYLE_ASSIGNMENT((#10746));
#10746 = SURFACE_STYLE_USAGE(.BOTH.,#10747);
#10747 = SURFACE_SIDE_STYLE('',(#10748));
#10748 = SURFACE_STYLE_FILL_AREA(#10749);
#10749 = FILL_AREA_STYLE('',(#10750));
#10750 = FILL_AREA_STYLE_COLOUR('',#9637);
#10751 = OVER_RIDING_STYLED_ITEM('overriding color',(#10752),#7670,#9436
  );
#10752 = PRESENTATION_STYLE_ASSIGNMENT((#10753));
#10753 = SURFACE_STYLE_USAGE(.BOTH.,#10754);
#10754 = SURFACE_SIDE_STYLE('',(#10755));
#10755 = SURFACE_STYLE_FILL_AREA(#10756);
#10756 = FILL_AREA_STYLE('',(#10757));
#10757 = FILL_AREA_STYLE_COLOUR('',#9637);
#10758 = OVER_RIDING_STYLED_ITEM('overriding color',(#10759),#7691,#9436
  );
#10759 = PRESENTATION_STYLE_ASSIGNMENT((#10760));
#10760 = SURFACE_STYLE_USAGE(.BOTH.,#10761);
#10761 = SURFACE_SIDE_STYLE('',(#10762));
#10762 = SURFACE_STYLE_FILL_AREA(#10763);
#10763 = FILL_AREA_STYLE('',(#10764));
#10764 = FILL_AREA_STYLE_COLOUR('',#9637);
#10765 = OVER_RIDING_STYLED_ITEM('overriding color',(#10766),#7708,#9436
  );
#10766 = PRESENTATION_STYLE_ASSIGNMENT((#10767));
#10767 = SURFACE_STYLE_USAGE(.BOTH.,#10768);
#10768 = SURFACE_SIDE_STYLE('',(#10769));
#10769 = SURFACE_STYLE_FILL_AREA(#10770);
#10770 = FILL_AREA_STYLE('',(#10771));
#10771 = FILL_AREA_STYLE_COLOUR('',#9637);
#10772 = OVER_RIDING_STYLED_ITEM('overriding color',(#10773),#7720,#9436
  );
#10773 = PRESENTATION_STYLE_ASSIGNMENT((#10774));
#10774 = SURFACE_STYLE_USAGE(.BOTH.,#10775);
#10775 = SURFACE_SIDE_STYLE('',(#10776));
#10776 = SURFACE_STYLE_FILL_AREA(#10777);
#10777 = FILL_AREA_STYLE('',(#10778));
#10778 = FILL_AREA_STYLE_COLOUR('',#9637);
#10779 = OVER_RIDING_STYLED_ITEM('overriding color',(#10780),#7751,#9436
  );
#10780 = PRESENTATION_STYLE_ASSIGNMENT((#10781));
#10781 = SURFACE_STYLE_USAGE(.BOTH.,#10782);
#10782 = SURFACE_SIDE_STYLE('',(#10783));
#10783 = SURFACE_STYLE_FILL_AREA(#10784);
#10784 = FILL_AREA_STYLE('',(#10785));
#10785 = FILL_AREA_STYLE_COLOUR('',#9637);
#10786 = OVER_RIDING_STYLED_ITEM('overriding color',(#10787),#7775,#9436
  );
#10787 = PRESENTATION_STYLE_ASSIGNMENT((#10788));
#10788 = SURFACE_STYLE_USAGE(.BOTH.,#10789);
#10789 = SURFACE_SIDE_STYLE('',(#10790));
#10790 = SURFACE_STYLE_FILL_AREA(#10791);
#10791 = FILL_AREA_STYLE('',(#10792));
#10792 = FILL_AREA_STYLE_COLOUR('',#9637);
#10793 = OVER_RIDING_STYLED_ITEM('overriding color',(#10794),#7799,#9436
  );
#10794 = PRESENTATION_STYLE_ASSIGNMENT((#10795));
#10795 = SURFACE_STYLE_USAGE(.BOTH.,#10796);
#10796 = SURFACE_SIDE_STYLE('',(#10797));
#10797 = SURFACE_STYLE_FILL_AREA(#10798);
#10798 = FILL_AREA_STYLE('',(#10799));
#10799 = FILL_AREA_STYLE_COLOUR('',#9637);
#10800 = OVER_RIDING_STYLED_ITEM('overriding color',(#10801),#7828,#9436
  );
#10801 = PRESENTATION_STYLE_ASSIGNMENT((#10802));
#10802 = SURFACE_STYLE_USAGE(.BOTH.,#10803);
#10803 = SURFACE_SIDE_STYLE('',(#10804));
#10804 = SURFACE_STYLE_FILL_AREA(#10805);
#10805 = FILL_AREA_STYLE('',(#10806));
#10806 = FILL_AREA_STYLE_COLOUR('',#9637);
#10807 = OVER_RIDING_STYLED_ITEM('overriding color',(#10808),#7857,#9436
  );
#10808 = PRESENTATION_STYLE_ASSIGNMENT((#10809));
#10809 = SURFACE_STYLE_USAGE(.BOTH.,#10810);
#10810 = SURFACE_SIDE_STYLE('',(#10811));
#10811 = SURFACE_STYLE_FILL_AREA(#10812);
#10812 = FILL_AREA_STYLE('',(#10813));
#10813 = FILL_AREA_STYLE_COLOUR('',#9637);
#10814 = OVER_RIDING_STYLED_ITEM('overriding color',(#10815),#7886,#9436
  );
#10815 = PRESENTATION_STYLE_ASSIGNMENT((#10816));
#10816 = SURFACE_STYLE_USAGE(.BOTH.,#10817);
#10817 = SURFACE_SIDE_STYLE('',(#10818));
#10818 = SURFACE_STYLE_FILL_AREA(#10819);
#10819 = FILL_AREA_STYLE('',(#10820));
#10820 = FILL_AREA_STYLE_COLOUR('',#9637);
#10821 = OVER_RIDING_STYLED_ITEM('overriding color',(#10822),#7923,#9436
  );
#10822 = PRESENTATION_STYLE_ASSIGNMENT((#10823));
#10823 = SURFACE_STYLE_USAGE(.BOTH.,#10824);
#10824 = SURFACE_SIDE_STYLE('',(#10825));
#10825 = SURFACE_STYLE_FILL_AREA(#10826);
#10826 = FILL_AREA_STYLE('',(#10827));
#10827 = FILL_AREA_STYLE_COLOUR('',#9637);
#10828 = OVER_RIDING_STYLED_ITEM('overriding color',(#10829),#8047,#9436
  );
#10829 = PRESENTATION_STYLE_ASSIGNMENT((#10830));
#10830 = SURFACE_STYLE_USAGE(.BOTH.,#10831);
#10831 = SURFACE_SIDE_STYLE('',(#10832));
#10832 = SURFACE_STYLE_FILL_AREA(#10833);
#10833 = FILL_AREA_STYLE('',(#10834));
#10834 = FILL_AREA_STYLE_COLOUR('',#9637);
#10835 = OVER_RIDING_STYLED_ITEM('overriding color',(#10836),#8069,#9436
  );
#10836 = PRESENTATION_STYLE_ASSIGNMENT((#10837));
#10837 = SURFACE_STYLE_USAGE(.BOTH.,#10838);
#10838 = SURFACE_SIDE_STYLE('',(#10839));
#10839 = SURFACE_STYLE_FILL_AREA(#10840);
#10840 = FILL_AREA_STYLE('',(#10841));
#10841 = FILL_AREA_STYLE_COLOUR('',#9637);
#10842 = OVER_RIDING_STYLED_ITEM('overriding color',(#10843),#8086,#9436
  );
#10843 = PRESENTATION_STYLE_ASSIGNMENT((#10844));
#10844 = SURFACE_STYLE_USAGE(.BOTH.,#10845);
#10845 = SURFACE_SIDE_STYLE('',(#10846));
#10846 = SURFACE_STYLE_FILL_AREA(#10847);
#10847 = FILL_AREA_STYLE('',(#10848));
#10848 = FILL_AREA_STYLE_COLOUR('',#9637);
#10849 = OVER_RIDING_STYLED_ITEM('overriding color',(#10850),#8103,#9436
  );
#10850 = PRESENTATION_STYLE_ASSIGNMENT((#10851));
#10851 = SURFACE_STYLE_USAGE(.BOTH.,#10852);
#10852 = SURFACE_SIDE_STYLE('',(#10853));
#10853 = SURFACE_STYLE_FILL_AREA(#10854);
#10854 = FILL_AREA_STYLE('',(#10855));
#10855 = FILL_AREA_STYLE_COLOUR('',#9637);
#10856 = OVER_RIDING_STYLED_ITEM('overriding color',(#10857),#8120,#9436
  );
#10857 = PRESENTATION_STYLE_ASSIGNMENT((#10858));
#10858 = SURFACE_STYLE_USAGE(.BOTH.,#10859);
#10859 = SURFACE_SIDE_STYLE('',(#10860));
#10860 = SURFACE_STYLE_FILL_AREA(#10861);
#10861 = FILL_AREA_STYLE('',(#10862));
#10862 = FILL_AREA_STYLE_COLOUR('',#9637);
#10863 = OVER_RIDING_STYLED_ITEM('overriding color',(#10864),#8137,#9436
  );
#10864 = PRESENTATION_STYLE_ASSIGNMENT((#10865));
#10865 = SURFACE_STYLE_USAGE(.BOTH.,#10866);
#10866 = SURFACE_SIDE_STYLE('',(#10867));
#10867 = SURFACE_STYLE_FILL_AREA(#10868);
#10868 = FILL_AREA_STYLE('',(#10869));
#10869 = FILL_AREA_STYLE_COLOUR('',#9637);
#10870 = OVER_RIDING_STYLED_ITEM('overriding color',(#10871),#8154,#9436
  );
#10871 = PRESENTATION_STYLE_ASSIGNMENT((#10872));
#10872 = SURFACE_STYLE_USAGE(.BOTH.,#10873);
#10873 = SURFACE_SIDE_STYLE('',(#10874));
#10874 = SURFACE_STYLE_FILL_AREA(#10875);
#10875 = FILL_AREA_STYLE('',(#10876));
#10876 = FILL_AREA_STYLE_COLOUR('',#9637);
#10877 = OVER_RIDING_STYLED_ITEM('overriding color',(#10878),#8171,#9436
  );
#10878 = PRESENTATION_STYLE_ASSIGNMENT((#10879));
#10879 = SURFACE_STYLE_USAGE(.BOTH.,#10880);
#10880 = SURFACE_SIDE_STYLE('',(#10881));
#10881 = SURFACE_STYLE_FILL_AREA(#10882);
#10882 = FILL_AREA_STYLE('',(#10883));
#10883 = FILL_AREA_STYLE_COLOUR('',#9637);
#10884 = OVER_RIDING_STYLED_ITEM('overriding color',(#10885),#8183,#9436
  );
#10885 = PRESENTATION_STYLE_ASSIGNMENT((#10886));
#10886 = SURFACE_STYLE_USAGE(.BOTH.,#10887);
#10887 = SURFACE_SIDE_STYLE('',(#10888));
#10888 = SURFACE_STYLE_FILL_AREA(#10889);
#10889 = FILL_AREA_STYLE('',(#10890));
#10890 = FILL_AREA_STYLE_COLOUR('',#9637);
#10891 = OVER_RIDING_STYLED_ITEM('overriding color',(#10892),#8214,#9436
  );
#10892 = PRESENTATION_STYLE_ASSIGNMENT((#10893));
#10893 = SURFACE_STYLE_USAGE(.BOTH.,#10894);
#10894 = SURFACE_SIDE_STYLE('',(#10895));
#10895 = SURFACE_STYLE_FILL_AREA(#10896);
#10896 = FILL_AREA_STYLE('',(#10897));
#10897 = FILL_AREA_STYLE_COLOUR('',#9637);
#10898 = OVER_RIDING_STYLED_ITEM('overriding color',(#10899),#8238,#9436
  );
#10899 = PRESENTATION_STYLE_ASSIGNMENT((#10900));
#10900 = SURFACE_STYLE_USAGE(.BOTH.,#10901);
#10901 = SURFACE_SIDE_STYLE('',(#10902));
#10902 = SURFACE_STYLE_FILL_AREA(#10903);
#10903 = FILL_AREA_STYLE('',(#10904));
#10904 = FILL_AREA_STYLE_COLOUR('',#9637);
#10905 = OVER_RIDING_STYLED_ITEM('overriding color',(#10906),#8267,#9436
  );
#10906 = PRESENTATION_STYLE_ASSIGNMENT((#10907));
#10907 = SURFACE_STYLE_USAGE(.BOTH.,#10908);
#10908 = SURFACE_SIDE_STYLE('',(#10909));
#10909 = SURFACE_STYLE_FILL_AREA(#10910);
#10910 = FILL_AREA_STYLE('',(#10911));
#10911 = FILL_AREA_STYLE_COLOUR('',#9637);
#10912 = OVER_RIDING_STYLED_ITEM('overriding color',(#10913),#8291,#9436
  );
#10913 = PRESENTATION_STYLE_ASSIGNMENT((#10914));
#10914 = SURFACE_STYLE_USAGE(.BOTH.,#10915);
#10915 = SURFACE_SIDE_STYLE('',(#10916));
#10916 = SURFACE_STYLE_FILL_AREA(#10917);
#10917 = FILL_AREA_STYLE('',(#10918));
#10918 = FILL_AREA_STYLE_COLOUR('',#9637);
#10919 = OVER_RIDING_STYLED_ITEM('overriding color',(#10920),#8320,#9436
  );
#10920 = PRESENTATION_STYLE_ASSIGNMENT((#10921));
#10921 = SURFACE_STYLE_USAGE(.BOTH.,#10922);
#10922 = SURFACE_SIDE_STYLE('',(#10923));
#10923 = SURFACE_STYLE_FILL_AREA(#10924);
#10924 = FILL_AREA_STYLE('',(#10925));
#10925 = FILL_AREA_STYLE_COLOUR('',#9637);
#10926 = OVER_RIDING_STYLED_ITEM('overriding color',(#10927),#8351,#9436
  );
#10927 = PRESENTATION_STYLE_ASSIGNMENT((#10928));
#10928 = SURFACE_STYLE_USAGE(.BOTH.,#10929);
#10929 = SURFACE_SIDE_STYLE('',(#10930));
#10930 = SURFACE_STYLE_FILL_AREA(#10931);
#10931 = FILL_AREA_STYLE('',(#10932));
#10932 = FILL_AREA_STYLE_COLOUR('',#9637);
#10933 = OVER_RIDING_STYLED_ITEM('overriding color',(#10934),#8676,#9436
  );
#10934 = PRESENTATION_STYLE_ASSIGNMENT((#10935));
#10935 = SURFACE_STYLE_USAGE(.BOTH.,#10936);
#10936 = SURFACE_SIDE_STYLE('',(#10937));
#10937 = SURFACE_STYLE_FILL_AREA(#10938);
#10938 = FILL_AREA_STYLE('',(#10939));
#10939 = FILL_AREA_STYLE_COLOUR('',#9637);
#10940 = OVER_RIDING_STYLED_ITEM('overriding color',(#10941),#8702,#9436
  );
#10941 = PRESENTATION_STYLE_ASSIGNMENT((#10942));
#10942 = SURFACE_STYLE_USAGE(.BOTH.,#10943);
#10943 = SURFACE_SIDE_STYLE('',(#10944));
#10944 = SURFACE_STYLE_FILL_AREA(#10945);
#10945 = FILL_AREA_STYLE('',(#10946));
#10946 = FILL_AREA_STYLE_COLOUR('',#9637);
#10947 = OVER_RIDING_STYLED_ITEM('overriding color',(#10948),#8723,#9436
  );
#10948 = PRESENTATION_STYLE_ASSIGNMENT((#10949));
#10949 = SURFACE_STYLE_USAGE(.BOTH.,#10950);
#10950 = SURFACE_SIDE_STYLE('',(#10951));
#10951 = SURFACE_STYLE_FILL_AREA(#10952);
#10952 = FILL_AREA_STYLE('',(#10953));
#10953 = FILL_AREA_STYLE_COLOUR('',#9637);
#10954 = OVER_RIDING_STYLED_ITEM('overriding color',(#10955),#8744,#9436
  );
#10955 = PRESENTATION_STYLE_ASSIGNMENT((#10956));
#10956 = SURFACE_STYLE_USAGE(.BOTH.,#10957);
#10957 = SURFACE_SIDE_STYLE('',(#10958));
#10958 = SURFACE_STYLE_FILL_AREA(#10959);
#10959 = FILL_AREA_STYLE('',(#10960));
#10960 = FILL_AREA_STYLE_COLOUR('',#9637);
#10961 = OVER_RIDING_STYLED_ITEM('overriding color',(#10962),#8765,#9436
  );
#10962 = PRESENTATION_STYLE_ASSIGNMENT((#10963));
#10963 = SURFACE_STYLE_USAGE(.BOTH.,#10964);
#10964 = SURFACE_SIDE_STYLE('',(#10965));
#10965 = SURFACE_STYLE_FILL_AREA(#10966);
#10966 = FILL_AREA_STYLE('',(#10967));
#10967 = FILL_AREA_STYLE_COLOUR('',#9637);
#10968 = OVER_RIDING_STYLED_ITEM('overriding color',(#10969),#8786,#9436
  );
#10969 = PRESENTATION_STYLE_ASSIGNMENT((#10970));
#10970 = SURFACE_STYLE_USAGE(.BOTH.,#10971);
#10971 = SURFACE_SIDE_STYLE('',(#10972));
#10972 = SURFACE_STYLE_FILL_AREA(#10973);
#10973 = FILL_AREA_STYLE('',(#10974));
#10974 = FILL_AREA_STYLE_COLOUR('',#9637);
#10975 = OVER_RIDING_STYLED_ITEM('overriding color',(#10976),#8807,#9436
  );
#10976 = PRESENTATION_STYLE_ASSIGNMENT((#10977));
#10977 = SURFACE_STYLE_USAGE(.BOTH.,#10978);
#10978 = SURFACE_SIDE_STYLE('',(#10979));
#10979 = SURFACE_STYLE_FILL_AREA(#10980);
#10980 = FILL_AREA_STYLE('',(#10981));
#10981 = FILL_AREA_STYLE_COLOUR('',#9637);
#10982 = OVER_RIDING_STYLED_ITEM('overriding color',(#10983),#8828,#9436
  );
#10983 = PRESENTATION_STYLE_ASSIGNMENT((#10984));
#10984 = SURFACE_STYLE_USAGE(.BOTH.,#10985);
#10985 = SURFACE_SIDE_STYLE('',(#10986));
#10986 = SURFACE_STYLE_FILL_AREA(#10987);
#10987 = FILL_AREA_STYLE('',(#10988));
#10988 = FILL_AREA_STYLE_COLOUR('',#9637);
#10989 = OVER_RIDING_STYLED_ITEM('overriding color',(#10990),#8849,#9436
  );
#10990 = PRESENTATION_STYLE_ASSIGNMENT((#10991));
#10991 = SURFACE_STYLE_USAGE(.BOTH.,#10992);
#10992 = SURFACE_SIDE_STYLE('',(#10993));
#10993 = SURFACE_STYLE_FILL_AREA(#10994);
#10994 = FILL_AREA_STYLE('',(#10995));
#10995 = FILL_AREA_STYLE_COLOUR('',#9637);
#10996 = OVER_RIDING_STYLED_ITEM('overriding color',(#10997),#8870,#9436
  );
#10997 = PRESENTATION_STYLE_ASSIGNMENT((#10998));
#10998 = SURFACE_STYLE_USAGE(.BOTH.,#10999);
#10999 = SURFACE_SIDE_STYLE('',(#11000));
#11000 = SURFACE_STYLE_FILL_AREA(#11001);
#11001 = FILL_AREA_STYLE('',(#11002));
#11002 = FILL_AREA_STYLE_COLOUR('',#9637);
#11003 = OVER_RIDING_STYLED_ITEM('overriding color',(#11004),#8891,#9436
  );
#11004 = PRESENTATION_STYLE_ASSIGNMENT((#11005));
#11005 = SURFACE_STYLE_USAGE(.BOTH.,#11006);
#11006 = SURFACE_SIDE_STYLE('',(#11007));
#11007 = SURFACE_STYLE_FILL_AREA(#11008);
#11008 = FILL_AREA_STYLE('',(#11009));
#11009 = FILL_AREA_STYLE_COLOUR('',#9637);
#11010 = OVER_RIDING_STYLED_ITEM('overriding color',(#11011),#8912,#9436
  );
#11011 = PRESENTATION_STYLE_ASSIGNMENT((#11012));
#11012 = SURFACE_STYLE_USAGE(.BOTH.,#11013);
#11013 = SURFACE_SIDE_STYLE('',(#11014));
#11014 = SURFACE_STYLE_FILL_AREA(#11015);
#11015 = FILL_AREA_STYLE('',(#11016));
#11016 = FILL_AREA_STYLE_COLOUR('',#9637);
#11017 = OVER_RIDING_STYLED_ITEM('overriding color',(#11018),#8933,#9436
  );
#11018 = PRESENTATION_STYLE_ASSIGNMENT((#11019));
#11019 = SURFACE_STYLE_USAGE(.BOTH.,#11020);
#11020 = SURFACE_SIDE_STYLE('',(#11021));
#11021 = SURFACE_STYLE_FILL_AREA(#11022);
#11022 = FILL_AREA_STYLE('',(#11023));
#11023 = FILL_AREA_STYLE_COLOUR('',#9637);
#11024 = OVER_RIDING_STYLED_ITEM('overriding color',(#11025),#8950,#9436
  );
#11025 = PRESENTATION_STYLE_ASSIGNMENT((#11026));
#11026 = SURFACE_STYLE_USAGE(.BOTH.,#11027);
#11027 = SURFACE_SIDE_STYLE('',(#11028));
#11028 = SURFACE_STYLE_FILL_AREA(#11029);
#11029 = FILL_AREA_STYLE('',(#11030));
#11030 = FILL_AREA_STYLE_COLOUR('',#9637);
#11031 = OVER_RIDING_STYLED_ITEM('overriding color',(#11032),#8967,#9436
  );
#11032 = PRESENTATION_STYLE_ASSIGNMENT((#11033));
#11033 = SURFACE_STYLE_USAGE(.BOTH.,#11034);
#11034 = SURFACE_SIDE_STYLE('',(#11035));
#11035 = SURFACE_STYLE_FILL_AREA(#11036);
#11036 = FILL_AREA_STYLE('',(#11037));
#11037 = FILL_AREA_STYLE_COLOUR('',#9637);
#11038 = OVER_RIDING_STYLED_ITEM('overriding color',(#11039),#8984,#9436
  );
#11039 = PRESENTATION_STYLE_ASSIGNMENT((#11040));
#11040 = SURFACE_STYLE_USAGE(.BOTH.,#11041);
#11041 = SURFACE_SIDE_STYLE('',(#11042));
#11042 = SURFACE_STYLE_FILL_AREA(#11043);
#11043 = FILL_AREA_STYLE('',(#11044));
#11044 = FILL_AREA_STYLE_COLOUR('',#9637);
#11045 = OVER_RIDING_STYLED_ITEM('overriding color',(#11046),#9001,#9436
  );
#11046 = PRESENTATION_STYLE_ASSIGNMENT((#11047));
#11047 = SURFACE_STYLE_USAGE(.BOTH.,#11048);
#11048 = SURFACE_SIDE_STYLE('',(#11049));
#11049 = SURFACE_STYLE_FILL_AREA(#11050);
#11050 = FILL_AREA_STYLE('',(#11051));
#11051 = FILL_AREA_STYLE_COLOUR('',#9637);
#11052 = OVER_RIDING_STYLED_ITEM('overriding color',(#11053),#9022,#9436
  );
#11053 = PRESENTATION_STYLE_ASSIGNMENT((#11054));
#11054 = SURFACE_STYLE_USAGE(.BOTH.,#11055);
#11055 = SURFACE_SIDE_STYLE('',(#11056));
#11056 = SURFACE_STYLE_FILL_AREA(#11057);
#11057 = FILL_AREA_STYLE('',(#11058));
#11058 = FILL_AREA_STYLE_COLOUR('',#9637);
#11059 = OVER_RIDING_STYLED_ITEM('overriding color',(#11060),#9043,#9436
  );
#11060 = PRESENTATION_STYLE_ASSIGNMENT((#11061));
#11061 = SURFACE_STYLE_USAGE(.BOTH.,#11062);
#11062 = SURFACE_SIDE_STYLE('',(#11063));
#11063 = SURFACE_STYLE_FILL_AREA(#11064);
#11064 = FILL_AREA_STYLE('',(#11065));
#11065 = FILL_AREA_STYLE_COLOUR('',#9637);
#11066 = OVER_RIDING_STYLED_ITEM('overriding color',(#11067),#9064,#9436
  );
#11067 = PRESENTATION_STYLE_ASSIGNMENT((#11068));
#11068 = SURFACE_STYLE_USAGE(.BOTH.,#11069);
#11069 = SURFACE_SIDE_STYLE('',(#11070));
#11070 = SURFACE_STYLE_FILL_AREA(#11071);
#11071 = FILL_AREA_STYLE('',(#11072));
#11072 = FILL_AREA_STYLE_COLOUR('',#9637);
#11073 = OVER_RIDING_STYLED_ITEM('overriding color',(#11074),#9085,#9436
  );
#11074 = PRESENTATION_STYLE_ASSIGNMENT((#11075));
#11075 = SURFACE_STYLE_USAGE(.BOTH.,#11076);
#11076 = SURFACE_SIDE_STYLE('',(#11077));
#11077 = SURFACE_STYLE_FILL_AREA(#11078);
#11078 = FILL_AREA_STYLE('',(#11079));
#11079 = FILL_AREA_STYLE_COLOUR('',#9637);
#11080 = OVER_RIDING_STYLED_ITEM('overriding color',(#11081),#9106,#9436
  );
#11081 = PRESENTATION_STYLE_ASSIGNMENT((#11082));
#11082 = SURFACE_STYLE_USAGE(.BOTH.,#11083);
#11083 = SURFACE_SIDE_STYLE('',(#11084));
#11084 = SURFACE_STYLE_FILL_AREA(#11085);
#11085 = FILL_AREA_STYLE('',(#11086));
#11086 = FILL_AREA_STYLE_COLOUR('',#9637);
#11087 = OVER_RIDING_STYLED_ITEM('overriding color',(#11088),#9127,#9436
  );
#11088 = PRESENTATION_STYLE_ASSIGNMENT((#11089));
#11089 = SURFACE_STYLE_USAGE(.BOTH.,#11090);
#11090 = SURFACE_SIDE_STYLE('',(#11091));
#11091 = SURFACE_STYLE_FILL_AREA(#11092);
#11092 = FILL_AREA_STYLE('',(#11093));
#11093 = FILL_AREA_STYLE_COLOUR('',#9637);
#11094 = OVER_RIDING_STYLED_ITEM('overriding color',(#11095),#9148,#9436
  );
#11095 = PRESENTATION_STYLE_ASSIGNMENT((#11096));
#11096 = SURFACE_STYLE_USAGE(.BOTH.,#11097);
#11097 = SURFACE_SIDE_STYLE('',(#11098));
#11098 = SURFACE_STYLE_FILL_AREA(#11099);
#11099 = FILL_AREA_STYLE('',(#11100));
#11100 = FILL_AREA_STYLE_COLOUR('',#9637);
#11101 = OVER_RIDING_STYLED_ITEM('overriding color',(#11102),#9165,#9436
  );
#11102 = PRESENTATION_STYLE_ASSIGNMENT((#11103));
#11103 = SURFACE_STYLE_USAGE(.BOTH.,#11104);
#11104 = SURFACE_SIDE_STYLE('',(#11105));
#11105 = SURFACE_STYLE_FILL_AREA(#11106);
#11106 = FILL_AREA_STYLE('',(#11107));
#11107 = FILL_AREA_STYLE_COLOUR('',#9637);
#11108 = OVER_RIDING_STYLED_ITEM('overriding color',(#11109),#9186,#9436
  );
#11109 = PRESENTATION_STYLE_ASSIGNMENT((#11110));
#11110 = SURFACE_STYLE_USAGE(.BOTH.,#11111);
#11111 = SURFACE_SIDE_STYLE('',(#11112));
#11112 = SURFACE_STYLE_FILL_AREA(#11113);
#11113 = FILL_AREA_STYLE('',(#11114));
#11114 = FILL_AREA_STYLE_COLOUR('',#9637);
#11115 = OVER_RIDING_STYLED_ITEM('overriding color',(#11116),#9207,#9436
  );
#11116 = PRESENTATION_STYLE_ASSIGNMENT((#11117));
#11117 = SURFACE_STYLE_USAGE(.BOTH.,#11118);
#11118 = SURFACE_SIDE_STYLE('',(#11119));
#11119 = SURFACE_STYLE_FILL_AREA(#11120);
#11120 = FILL_AREA_STYLE('',(#11121));
#11121 = FILL_AREA_STYLE_COLOUR('',#9637);
#11122 = OVER_RIDING_STYLED_ITEM('overriding color',(#11123),#9224,#9436
  );
#11123 = PRESENTATION_STYLE_ASSIGNMENT((#11124));
#11124 = SURFACE_STYLE_USAGE(.BOTH.,#11125);
#11125 = SURFACE_SIDE_STYLE('',(#11126));
#11126 = SURFACE_STYLE_FILL_AREA(#11127);
#11127 = FILL_AREA_STYLE('',(#11128));
#11128 = FILL_AREA_STYLE_COLOUR('',#9637);
#11129 = OVER_RIDING_STYLED_ITEM('overriding color',(#11130),#9245,#9436
  );
#11130 = PRESENTATION_STYLE_ASSIGNMENT((#11131));
#11131 = SURFACE_STYLE_USAGE(.BOTH.,#11132);
#11132 = SURFACE_SIDE_STYLE('',(#11133));
#11133 = SURFACE_STYLE_FILL_AREA(#11134);
#11134 = FILL_AREA_STYLE('',(#11135));
#11135 = FILL_AREA_STYLE_COLOUR('',#9637);
#11136 = OVER_RIDING_STYLED_ITEM('overriding color',(#11137),#9266,#9436
  );
#11137 = PRESENTATION_STYLE_ASSIGNMENT((#11138));
#11138 = SURFACE_STYLE_USAGE(.BOTH.,#11139);
#11139 = SURFACE_SIDE_STYLE('',(#11140));
#11140 = SURFACE_STYLE_FILL_AREA(#11141);
#11141 = FILL_AREA_STYLE('',(#11142));
#11142 = FILL_AREA_STYLE_COLOUR('',#9637);
#11143 = OVER_RIDING_STYLED_ITEM('overriding color',(#11144),#9287,#9436
  );
#11144 = PRESENTATION_STYLE_ASSIGNMENT((#11145));
#11145 = SURFACE_STYLE_USAGE(.BOTH.,#11146);
#11146 = SURFACE_SIDE_STYLE('',(#11147));
#11147 = SURFACE_STYLE_FILL_AREA(#11148);
#11148 = FILL_AREA_STYLE('',(#11149));
#11149 = FILL_AREA_STYLE_COLOUR('',#9637);
#11150 = OVER_RIDING_STYLED_ITEM('overriding color',(#11151),#9304,#9436
  );
#11151 = PRESENTATION_STYLE_ASSIGNMENT((#11152));
#11152 = SURFACE_STYLE_USAGE(.BOTH.,#11153);
#11153 = SURFACE_SIDE_STYLE('',(#11154));
#11154 = SURFACE_STYLE_FILL_AREA(#11155);
#11155 = FILL_AREA_STYLE('',(#11156));
#11156 = FILL_AREA_STYLE_COLOUR('',#9637);
#11157 = OVER_RIDING_STYLED_ITEM('overriding color',(#11158),#9325,#9436
  );
#11158 = PRESENTATION_STYLE_ASSIGNMENT((#11159));
#11159 = SURFACE_STYLE_USAGE(.BOTH.,#11160);
#11160 = SURFACE_SIDE_STYLE('',(#11161));
#11161 = SURFACE_STYLE_FILL_AREA(#11162);
#11162 = FILL_AREA_STYLE('',(#11163));
#11163 = FILL_AREA_STYLE_COLOUR('',#9637);
#11164 = OVER_RIDING_STYLED_ITEM('overriding color',(#11165),#9341,#9436
  );
#11165 = PRESENTATION_STYLE_ASSIGNMENT((#11166));
#11166 = SURFACE_STYLE_USAGE(.BOTH.,#11167);
#11167 = SURFACE_SIDE_STYLE('',(#11168));
#11168 = SURFACE_STYLE_FILL_AREA(#11169);
#11169 = FILL_AREA_STYLE('',(#11170));
#11170 = FILL_AREA_STYLE_COLOUR('',#9637);
#11171 = OVER_RIDING_STYLED_ITEM('overriding color',(#11172),#9386,#9436
  );
#11172 = PRESENTATION_STYLE_ASSIGNMENT((#11173));
#11173 = SURFACE_STYLE_USAGE(.BOTH.,#11174);
#11174 = SURFACE_SIDE_STYLE('',(#11175));
#11175 = SURFACE_STYLE_FILL_AREA(#11176);
#11176 = FILL_AREA_STYLE('',(#11177));
#11177 = FILL_AREA_STYLE_COLOUR('',#9637);
ENDSEC;
END-ISO-10303-21;
