ISO-10303-21;
HEADER;
FILE_DESCRIPTION(('FreeCAD Model'),'2;1');
FILE_NAME('Open CASCADE Shape Model','2026-07-27T11:24:02',('Author'),(
    ''),'Open CASCADE STEP processor 7.8','FreeCAD','Unknown');
FILE_SCHEMA(('AUTOMOTIVE_DESIGN { 1 0 10303 214 1 1 1 1 }'));
ENDSEC;
DATA;
#1 = APPLICATION_PROTOCOL_DEFINITION('international standard',
  'automotive_design',2000,#2);
#2 = APPLICATION_CONTEXT(
  'core data for automotive mechanical design processes');
#3 = SHAPE_DEFINITION_REPRESENTATION(#4,#10);
#4 = PRODUCT_DEFINITION_SHAPE('','',#5);
#5 = PRODUCT_DEFINITION('design','',#6,#9);
#6 = PRODUCT_DEFINITION_FORMATION('','',#7);
#7 = PRODUCT('U1~LED0603-RD~LED0603-RD~lyYM',
  'U1~LED0603-RD~LED0603-RD~lyYM','',(#8));
#8 = PRODUCT_CONTEXT('',#2,'mechanical');
#9 = PRODUCT_DEFINITION_CONTEXT('part definition',#2,'design');
#10 = SHAPE_REPRESENTATION('',(#11,#15),#19);
#11 = AXIS2_PLACEMENT_3D('',#12,#13,#14);
#12 = CARTESIAN_POINT('',(0.,0.,0.));
#13 = DIRECTION('',(0.,0.,1.));
#14 = DIRECTION('',(1.,0.,-0.));
#15 = AXIS2_PLACEMENT_3D('',#16,#17,#18);
#16 = CARTESIAN_POINT('',(0.,0.,0.));
#17 = DIRECTION('',(0.,0.,1.));
#18 = DIRECTION('',(1.,0.,0.));
#19 = ( GEOMETRIC_REPRESENTATION_CONTEXT(3) 
GLOBAL_UNCERTAINTY_ASSIGNED_CONTEXT((#23)) GLOBAL_UNIT_ASSIGNED_CONTEXT(
(#20,#21,#22)) REPRESENTATION_CONTEXT('Context #1',
  '3D Context with UNIT and UNCERTAINTY') );
#20 = ( LENGTH_UNIT() NAMED_UNIT(*) SI_UNIT(.MILLI.,.METRE.) );
#21 = ( NAMED_UNIT(*) PLANE_ANGLE_UNIT() SI_UNIT($,.RADIAN.) );
#22 = ( NAMED_UNIT(*) SI_UNIT($,.STERADIAN.) SOLID_ANGLE_UNIT() );
#23 = UNCERTAINTY_MEASURE_WITH_UNIT(LENGTH_MEASURE(1.E-07),#20,
  'distance_accuracy_value','confusion accuracy');
#24 = PRODUCT_RELATED_PRODUCT_CATEGORY('part',$,(#7));
#25 = SHAPE_DEFINITION_REPRESENTATION(#26,#32);
#26 = PRODUCT_DEFINITION_SHAPE('','',#27);
#27 = PRODUCT_DEFINITION('design','',#28,#31);
#28 = PRODUCT_DEFINITION_FORMATION('','',#29);
#29 = PRODUCT('LED0603-RD~LED0603-RD~afBp002',
  'LED0603-RD~LED0603-RD~afBp002','',(#30));
#30 = PRODUCT_CONTEXT('',#2,'mechanical');
#31 = PRODUCT_DEFINITION_CONTEXT('part definition',#2,'design');
#32 = SHAPE_REPRESENTATION('',(#11,#33,#37),#41);
#33 = AXIS2_PLACEMENT_3D('',#34,#35,#36);
#34 = CARTESIAN_POINT('',(0.,0.,0.));
#35 = DIRECTION('',(0.,0.,1.));
#36 = DIRECTION('',(1.,0.,0.));
#37 = AXIS2_PLACEMENT_3D('',#38,#39,#40);
#38 = CARTESIAN_POINT('',(0.,0.,0.));
#39 = DIRECTION('',(0.,0.,1.));
#40 = DIRECTION('',(1.,0.,0.));
#41 = ( GEOMETRIC_REPRESENTATION_CONTEXT(3) 
GLOBAL_UNCERTAINTY_ASSIGNED_CONTEXT((#45)) GLOBAL_UNIT_ASSIGNED_CONTEXT(
(#42,#43,#44)) REPRESENTATION_CONTEXT('Context #1',
  '3D Context with UNIT and UNCERTAINTY') );
#42 = ( LENGTH_UNIT() NAMED_UNIT(*) SI_UNIT(.MILLI.,.METRE.) );
#43 = ( NAMED_UNIT(*) PLANE_ANGLE_UNIT() SI_UNIT($,.RADIAN.) );
#44 = ( NAMED_UNIT(*) SI_UNIT($,.STERADIAN.) SOLID_ANGLE_UNIT() );
#45 = UNCERTAINTY_MEASURE_WITH_UNIT(LENGTH_MEASURE(1.E-07),#42,
  'distance_accuracy_value','confusion accuracy');
#46 = CONTEXT_DEPENDENT_SHAPE_REPRESENTATION(#47,#49);
#47 = ( REPRESENTATION_RELATIONSHIP('','',#32,#10) 
REPRESENTATION_RELATIONSHIP_WITH_TRANSFORMATION(#48) 
SHAPE_REPRESENTATION_RELATIONSHIP() );
#48 = ITEM_DEFINED_TRANSFORMATION('','',#11,#15);
#49 = PRODUCT_DEFINITION_SHAPE('Placement','Placement of an item',#50);
#50 = NEXT_ASSEMBLY_USAGE_OCCURRENCE('3','LED0603-RD~LED0603-RD~afBp002'
  ,'',#5,#27,$);
#51 = PRODUCT_RELATED_PRODUCT_CATEGORY('part',$,(#29));
#52 = SHAPE_DEFINITION_REPRESENTATION(#53,#59);
#53 = PRODUCT_DEFINITION_SHAPE('','',#54);
#54 = PRODUCT_DEFINITION('design','',#55,#58);
#55 = PRODUCT_DEFINITION_FORMATION('','',#56);
#56 = PRODUCT('LED0603-RD~LED0603-RD~afBp','LED0603-RD~LED0603-RD~afBp',
  '',(#57));
#57 = PRODUCT_CONTEXT('',#2,'mechanical');
#58 = PRODUCT_DEFINITION_CONTEXT('part definition',#2,'design');
#59 = ADVANCED_BREP_SHAPE_REPRESENTATION('',(#11,#60),#514);
#60 = MANIFOLD_SOLID_BREP('',#61);
#61 = CLOSED_SHELL('',(#62,#102,#142,#182,#222,#262,#302,#320,#344,#362,
    #379,#396,#414,#432,#450,#468,#485,#502));
#62 = ADVANCED_FACE('',(#63),#97,.T.);
#63 = FACE_BOUND('',#64,.T.);
#64 = EDGE_LOOP('',(#65,#75,#83,#91));
#65 = ORIENTED_EDGE('',*,*,#66,.T.);
#66 = EDGE_CURVE('',#67,#69,#71,.T.);
#67 = VERTEX_POINT('',#68);
#68 = CARTESIAN_POINT('',(0.5499945,-0.350186763192,0.179998199999));
#69 = VERTEX_POINT('',#70);
#70 = CARTESIAN_POINT('',(0.5499945,0.350186763192,0.179998199999));
#71 = LINE('',#72,#73);
#72 = CARTESIAN_POINT('',(0.5499945,0.399996,0.179998199999));
#73 = VECTOR('',#74,1.);
#74 = DIRECTION('',(0.,1.,0.));
#75 = ORIENTED_EDGE('',*,*,#76,.T.);
#76 = EDGE_CURVE('',#69,#77,#79,.T.);
#77 = VERTEX_POINT('',#78);
#78 = CARTESIAN_POINT('',(0.521617154475,0.321809417668,0.504352743559)
  );
#79 = LINE('',#80,#81);
#80 = CARTESIAN_POINT('',(0.550370004733,0.350562267926,0.175706161255)
  );
#81 = VECTOR('',#82,1.);
#82 = DIRECTION('',(-8.6826593864E-02,-8.6826593864E-02,0.992432509139)
  );
#83 = ORIENTED_EDGE('',*,*,#84,.T.);
#84 = EDGE_CURVE('',#77,#85,#87,.T.);
#85 = VERTEX_POINT('',#86);
#86 = CARTESIAN_POINT('',(0.521617154475,-0.321809417668,0.504352743559)
  );
#87 = LINE('',#88,#89);
#88 = CARTESIAN_POINT('',(0.521617154475,-0.367625518203,0.504352743559)
  );
#89 = VECTOR('',#90,1.);
#90 = DIRECTION('',(0.,-1.,0.));
#91 = ORIENTED_EDGE('',*,*,#92,.T.);
#92 = EDGE_CURVE('',#85,#67,#93,.T.);
#93 = LINE('',#94,#95);
#94 = CARTESIAN_POINT('',(0.544338979123,-0.344531242315,0.244641099426)
  );
#95 = VECTOR('',#96,1.);
#96 = DIRECTION('',(8.6826593864E-02,-8.6826593864E-02,-0.992432509139)
  );
#97 = PLANE('',#98);
#98 = AXIS2_PLACEMENT_3D('',#99,#100,#101);
#99 = CARTESIAN_POINT('',(0.5499945,0.399996,0.179998199999));
#100 = DIRECTION('',(0.996194698092,0.,8.715574274698E-02));
#101 = DIRECTION('',(8.715574274698E-02,0.,-0.996194698092));
#102 = ADVANCED_FACE('',(#103),#137,.T.);
#103 = FACE_BOUND('',#104,.T.);
#104 = EDGE_LOOP('',(#105,#115,#123,#131));
#105 = ORIENTED_EDGE('',*,*,#106,.T.);
#106 = EDGE_CURVE('',#107,#109,#111,.T.);
#107 = VERTEX_POINT('',#108);
#108 = CARTESIAN_POINT('',(0.500185263192,0.399996,0.179998199999));
#109 = VERTEX_POINT('',#110);
#110 = CARTESIAN_POINT('',(-0.500185263192,0.399996,0.179998199999));
#111 = LINE('',#112,#113);
#112 = CARTESIAN_POINT('',(-0.5499945,0.399996,0.179998199999));
#113 = VECTOR('',#114,1.);
#114 = DIRECTION('',(-1.,0.,0.));
#115 = ORIENTED_EDGE('',*,*,#116,.T.);
#116 = EDGE_CURVE('',#109,#117,#119,.T.);
#117 = VERTEX_POINT('',#118);
#118 = CARTESIAN_POINT('',(-0.471807917668,0.371618654475,0.504352743559
    ));
#119 = LINE('',#120,#121);
#120 = CARTESIAN_POINT('',(-0.500560767926,0.400371504733,0.175706161255
    ));
#121 = VECTOR('',#122,1.);
#122 = DIRECTION('',(8.6826593864E-02,-8.6826593864E-02,0.992432509139)
  );
#123 = ORIENTED_EDGE('',*,*,#124,.T.);
#124 = EDGE_CURVE('',#117,#125,#127,.T.);
#125 = VERTEX_POINT('',#126);
#126 = CARTESIAN_POINT('',(0.471807917668,0.371618654475,0.504352743559)
  );
#127 = LINE('',#128,#129);
#128 = CARTESIAN_POINT('',(0.517624018203,0.371618654475,0.504352743559)
  );
#129 = VECTOR('',#130,1.);
#130 = DIRECTION('',(1.,0.,0.));
#131 = ORIENTED_EDGE('',*,*,#132,.T.);
#132 = EDGE_CURVE('',#125,#107,#133,.T.);
#133 = LINE('',#134,#135);
#134 = CARTESIAN_POINT('',(0.492268107711,0.392078844518,0.270491701239)
  );
#135 = VECTOR('',#136,1.);
#136 = DIRECTION('',(8.6826593864E-02,8.6826593864E-02,-0.992432509139)
  );
#137 = PLANE('',#138);
#138 = AXIS2_PLACEMENT_3D('',#139,#140,#141);
#139 = CARTESIAN_POINT('',(-0.5499945,0.399996,0.179998199999));
#140 = DIRECTION('',(0.,0.996194698092,8.715574274698E-02));
#141 = DIRECTION('',(0.,-8.715574274698E-02,0.996194698092));
#142 = ADVANCED_FACE('',(#143),#177,.T.);
#143 = FACE_BOUND('',#144,.T.);
#144 = EDGE_LOOP('',(#145,#155,#163,#171));
#145 = ORIENTED_EDGE('',*,*,#146,.T.);
#146 = EDGE_CURVE('',#147,#149,#151,.T.);
#147 = VERTEX_POINT('',#148);
#148 = CARTESIAN_POINT('',(-0.521617154475,-0.321809417668,
    0.504352743559));
#149 = VERTEX_POINT('',#150);
#150 = CARTESIAN_POINT('',(-0.521617154475,0.321809417668,0.504352743559
    ));
#151 = LINE('',#152,#153);
#152 = CARTESIAN_POINT('',(-0.521617154475,0.367625518203,0.504352743559
    ));
#153 = VECTOR('',#154,1.);
#154 = DIRECTION('',(0.,1.,0.));
#155 = ORIENTED_EDGE('',*,*,#156,.T.);
#156 = EDGE_CURVE('',#149,#157,#159,.T.);
#157 = VERTEX_POINT('',#158);
#158 = CARTESIAN_POINT('',(-0.5499945,0.350186763192,0.179998199999));
#159 = LINE('',#160,#161);
#160 = CARTESIAN_POINT('',(-0.550370004733,0.350562267926,0.175706161255
    ));
#161 = VECTOR('',#162,1.);
#162 = DIRECTION('',(-8.6826593864E-02,8.6826593864E-02,-0.992432509139)
  );
#163 = ORIENTED_EDGE('',*,*,#164,.T.);
#164 = EDGE_CURVE('',#157,#165,#167,.T.);
#165 = VERTEX_POINT('',#166);
#166 = CARTESIAN_POINT('',(-0.5499945,-0.350186763192,0.179998199999));
#167 = LINE('',#168,#169);
#168 = CARTESIAN_POINT('',(-0.5499945,0.399996,0.179998199999));
#169 = VECTOR('',#170,1.);
#170 = DIRECTION('',(0.,-1.,0.));
#171 = ORIENTED_EDGE('',*,*,#172,.T.);
#172 = EDGE_CURVE('',#165,#147,#173,.T.);
#173 = LINE('',#174,#175);
#174 = CARTESIAN_POINT('',(-0.544338979123,-0.344531242315,
    0.244641099426));
#175 = VECTOR('',#176,1.);
#176 = DIRECTION('',(8.6826593864E-02,8.6826593864E-02,0.992432509139));
#177 = PLANE('',#178);
#178 = AXIS2_PLACEMENT_3D('',#179,#180,#181);
#179 = CARTESIAN_POINT('',(-0.5499945,0.399996,0.179998199999));
#180 = DIRECTION('',(-0.996194698092,0.,8.715574274698E-02));
#181 = DIRECTION('',(8.715574274698E-02,0.,0.996194698092));
#182 = ADVANCED_FACE('',(#183),#217,.T.);
#183 = FACE_BOUND('',#184,.T.);
#184 = EDGE_LOOP('',(#185,#195,#203,#211));
#185 = ORIENTED_EDGE('',*,*,#186,.T.);
#186 = EDGE_CURVE('',#187,#189,#191,.T.);
#187 = VERTEX_POINT('',#188);
#188 = CARTESIAN_POINT('',(-0.500185263192,-0.399996,0.179998199999));
#189 = VERTEX_POINT('',#190);
#190 = CARTESIAN_POINT('',(0.500185263192,-0.399996,0.179998199999));
#191 = LINE('',#192,#193);
#192 = CARTESIAN_POINT('',(-0.5499945,-0.399996,0.179998199999));
#193 = VECTOR('',#194,1.);
#194 = DIRECTION('',(1.,0.,0.));
#195 = ORIENTED_EDGE('',*,*,#196,.T.);
#196 = EDGE_CURVE('',#189,#197,#199,.T.);
#197 = VERTEX_POINT('',#198);
#198 = CARTESIAN_POINT('',(0.471807917668,-0.371618654475,0.504352743559
    ));
#199 = LINE('',#200,#201);
#200 = CARTESIAN_POINT('',(0.492268107711,-0.392078844518,0.270491701239
    ));
#201 = VECTOR('',#202,1.);
#202 = DIRECTION('',(-8.6826593864E-02,8.6826593864E-02,0.992432509139)
  );
#203 = ORIENTED_EDGE('',*,*,#204,.T.);
#204 = EDGE_CURVE('',#197,#205,#207,.T.);
#205 = VERTEX_POINT('',#206);
#206 = CARTESIAN_POINT('',(-0.471807917668,-0.371618654475,
    0.504352743559));
#207 = LINE('',#208,#209);
#208 = CARTESIAN_POINT('',(-0.517624018203,-0.371618654475,
    0.504352743559));
#209 = VECTOR('',#210,1.);
#210 = DIRECTION('',(-1.,0.,0.));
#211 = ORIENTED_EDGE('',*,*,#212,.T.);
#212 = EDGE_CURVE('',#205,#187,#213,.T.);
#213 = LINE('',#214,#215);
#214 = CARTESIAN_POINT('',(-0.500560767926,-0.400371504733,
    0.175706161255));
#215 = VECTOR('',#216,1.);
#216 = DIRECTION('',(-8.6826593864E-02,-8.6826593864E-02,-0.992432509139
    ));
#217 = PLANE('',#218);
#218 = AXIS2_PLACEMENT_3D('',#219,#220,#221);
#219 = CARTESIAN_POINT('',(-0.5499945,-0.399996,0.179998199999));
#220 = DIRECTION('',(0.,-0.996194698092,8.715574274698E-02));
#221 = DIRECTION('',(0.,-8.715574274698E-02,-0.996194698092));
#222 = ADVANCED_FACE('',(#223),#257,.F.);
#223 = FACE_BOUND('',#224,.T.);
#224 = EDGE_LOOP('',(#225,#226,#233,#234,#241,#242,#249,#250));
#225 = ORIENTED_EDGE('',*,*,#164,.F.);
#226 = ORIENTED_EDGE('',*,*,#227,.T.);
#227 = EDGE_CURVE('',#157,#109,#228,.T.);
#228 = ( BOUNDED_CURVE() B_SPLINE_CURVE(3,(#229,#230,#231,#232),
.UNSPECIFIED.,.F.,.F.) B_SPLINE_CURVE_WITH_KNOTS((4,4),(5.501585242055,
7.064785372303),.PIECEWISE_BEZIER_KNOTS.) CURVE() 
GEOMETRIC_REPRESENTATION_ITEM() RATIONAL_B_SPLINE_CURVE((1.,
0.806524890385,0.806524890385,1.)) REPRESENTATION_ITEM('') );
#229 = CARTESIAN_POINT('',(-0.5499945,0.350186763192,0.179998199999));
#230 = CARTESIAN_POINT('',(-0.5499945,0.379410052643,0.179998199999));
#231 = CARTESIAN_POINT('',(-0.529408552643,0.399996,0.179998199999));
#232 = CARTESIAN_POINT('',(-0.500185263192,0.399996,0.179998199999));
#233 = ORIENTED_EDGE('',*,*,#106,.F.);
#234 = ORIENTED_EDGE('',*,*,#235,.T.);
#235 = EDGE_CURVE('',#107,#69,#236,.T.);
#236 = ( BOUNDED_CURVE() B_SPLINE_CURVE(3,(#237,#238,#239,#240),
.UNSPECIFIED.,.F.,.F.) B_SPLINE_CURVE_WITH_KNOTS((4,4),(5.501585242055,
7.064785372303),.PIECEWISE_BEZIER_KNOTS.) CURVE() 
GEOMETRIC_REPRESENTATION_ITEM() RATIONAL_B_SPLINE_CURVE((1.,
0.806524890385,0.806524890385,1.)) REPRESENTATION_ITEM('') );
#237 = CARTESIAN_POINT('',(0.500185263192,0.399996,0.179998199999));
#238 = CARTESIAN_POINT('',(0.529408552643,0.399996,0.179998199999));
#239 = CARTESIAN_POINT('',(0.549994499999,0.379410052643,0.179998199999)
  );
#240 = CARTESIAN_POINT('',(0.5499945,0.350186763192,0.179998199999));
#241 = ORIENTED_EDGE('',*,*,#66,.F.);
#242 = ORIENTED_EDGE('',*,*,#243,.T.);
#243 = EDGE_CURVE('',#67,#189,#244,.T.);
#244 = ( BOUNDED_CURVE() B_SPLINE_CURVE(3,(#245,#246,#247,#248),
.UNSPECIFIED.,.F.,.F.) B_SPLINE_CURVE_WITH_KNOTS((4,4),(5.501585242055,
7.064785372303),.PIECEWISE_BEZIER_KNOTS.) CURVE() 
GEOMETRIC_REPRESENTATION_ITEM() RATIONAL_B_SPLINE_CURVE((1.,
0.806524890385,0.806524890385,1.)) REPRESENTATION_ITEM('') );
#245 = CARTESIAN_POINT('',(0.5499945,-0.350186763192,0.179998199999));
#246 = CARTESIAN_POINT('',(0.5499945,-0.379410052643,0.179998199999));
#247 = CARTESIAN_POINT('',(0.529408552643,-0.399996,0.179998199999));
#248 = CARTESIAN_POINT('',(0.500185263192,-0.399996,0.179998199999));
#249 = ORIENTED_EDGE('',*,*,#186,.F.);
#250 = ORIENTED_EDGE('',*,*,#251,.T.);
#251 = EDGE_CURVE('',#187,#165,#252,.T.);
#252 = ( BOUNDED_CURVE() B_SPLINE_CURVE(3,(#253,#254,#255,#256),
.UNSPECIFIED.,.F.,.F.) B_SPLINE_CURVE_WITH_KNOTS((4,4),(5.501585242055,
7.064785372303),.PIECEWISE_BEZIER_KNOTS.) CURVE() 
GEOMETRIC_REPRESENTATION_ITEM() RATIONAL_B_SPLINE_CURVE((1.,
0.806524890385,0.806524890385,1.)) REPRESENTATION_ITEM('') );
#253 = CARTESIAN_POINT('',(-0.500185263192,-0.399996,0.179998199999));
#254 = CARTESIAN_POINT('',(-0.529408552643,-0.399996,0.179998199999));
#255 = CARTESIAN_POINT('',(-0.5499945,-0.379410052643,0.179998199999));
#256 = CARTESIAN_POINT('',(-0.5499945,-0.350186763192,0.179998199999));
#257 = PLANE('',#258);
#258 = AXIS2_PLACEMENT_3D('',#259,#260,#261);
#259 = CARTESIAN_POINT('',(0.,0.,0.179998199999));
#260 = DIRECTION('',(0.,0.,1.));
#261 = DIRECTION('',(1.,0.,-0.));
#262 = ADVANCED_FACE('',(#263),#297,.T.);
#263 = FACE_BOUND('',#264,.T.);
#264 = EDGE_LOOP('',(#265,#275,#283,#291));
#265 = ORIENTED_EDGE('',*,*,#266,.T.);
#266 = EDGE_CURVE('',#267,#269,#271,.T.);
#267 = VERTEX_POINT('',#268);
#268 = CARTESIAN_POINT('',(0.471807917668,0.321809417668,0.5499945));
#269 = VERTEX_POINT('',#270);
#270 = CARTESIAN_POINT('',(-0.471807917668,0.321809417668,0.5499945));
#271 = LINE('',#272,#273);
#272 = CARTESIAN_POINT('',(-0.517624018203,0.321809417668,0.5499945));
#273 = VECTOR('',#274,1.);
#274 = DIRECTION('',(-1.,0.,0.));
#275 = ORIENTED_EDGE('',*,*,#276,.T.);
#276 = EDGE_CURVE('',#269,#277,#279,.T.);
#277 = VERTEX_POINT('',#278);
#278 = CARTESIAN_POINT('',(-0.471807917668,-0.321809417668,0.5499945));
#279 = LINE('',#280,#281);
#280 = CARTESIAN_POINT('',(-0.471807917668,-0.367625518203,0.5499945));
#281 = VECTOR('',#282,1.);
#282 = DIRECTION('',(0.,-1.,0.));
#283 = ORIENTED_EDGE('',*,*,#284,.T.);
#284 = EDGE_CURVE('',#277,#285,#287,.T.);
#285 = VERTEX_POINT('',#286);
#286 = CARTESIAN_POINT('',(0.471807917668,-0.321809417668,0.5499945));
#287 = LINE('',#288,#289);
#288 = CARTESIAN_POINT('',(0.517624018203,-0.321809417668,0.5499945));
#289 = VECTOR('',#290,1.);
#290 = DIRECTION('',(1.,0.,0.));
#291 = ORIENTED_EDGE('',*,*,#292,.T.);
#292 = EDGE_CURVE('',#285,#267,#293,.T.);
#293 = LINE('',#294,#295);
#294 = CARTESIAN_POINT('',(0.471807917668,0.367625518203,0.5499945));
#295 = VECTOR('',#296,1.);
#296 = DIRECTION('',(0.,1.,0.));
#297 = PLANE('',#298);
#298 = AXIS2_PLACEMENT_3D('',#299,#300,#301);
#299 = CARTESIAN_POINT('',(0.,0.,0.5499945));
#300 = DIRECTION('',(0.,0.,1.));
#301 = DIRECTION('',(1.,0.,-0.));
#302 = ADVANCED_FACE('',(#303),#315,.T.);
#303 = FACE_BOUND('',#304,.T.);
#304 = EDGE_LOOP('',(#305,#306,#307,#314));
#305 = ORIENTED_EDGE('',*,*,#235,.F.);
#306 = ORIENTED_EDGE('',*,*,#132,.F.);
#307 = ORIENTED_EDGE('',*,*,#308,.F.);
#308 = EDGE_CURVE('',#77,#125,#309,.T.);
#309 = CIRCLE('',#310,4.9999499999E-02);
#310 = AXIS2_PLACEMENT_3D('',#311,#312,#313);
#311 = CARTESIAN_POINT('',(0.471807917668,0.321809417668,0.499995));
#312 = DIRECTION('',(-8.6826593864E-02,-8.6826593864E-02,0.992432509139)
  );
#313 = DIRECTION('',(3.696869199654E-14,-0.996194698092,
    -8.715574274741E-02));
#314 = ORIENTED_EDGE('',*,*,#76,.F.);
#315 = CYLINDRICAL_SURFACE('',#316,4.9999499999E-02);
#316 = AXIS2_PLACEMENT_3D('',#317,#318,#319);
#317 = CARTESIAN_POINT('',(0.492268107711,0.342269607711,0.26613395768)
  );
#318 = DIRECTION('',(8.6826593864E-02,8.6826593864E-02,-0.992432509139)
  );
#319 = DIRECTION('',(-0.996194698092,3.696869199654E-14,
    -8.715574274741E-02));
#320 = ADVANCED_FACE('',(#321),#339,.T.);
#321 = FACE_BOUND('',#322,.T.);
#322 = EDGE_LOOP('',(#323,#330,#331,#338));
#323 = ORIENTED_EDGE('',*,*,#324,.F.);
#324 = EDGE_CURVE('',#85,#285,#325,.T.);
#325 = CIRCLE('',#326,4.99995E-02);
#326 = AXIS2_PLACEMENT_3D('',#327,#328,#329);
#327 = CARTESIAN_POINT('',(0.471807917668,-0.321809417668,0.499995));
#328 = DIRECTION('',(9.485539906266E-17,-1.,-1.084202172485E-15));
#329 = DIRECTION('',(0.,1.084202172485E-15,-1.));
#330 = ORIENTED_EDGE('',*,*,#84,.F.);
#331 = ORIENTED_EDGE('',*,*,#332,.F.);
#332 = EDGE_CURVE('',#267,#77,#333,.T.);
#333 = CIRCLE('',#334,4.99995E-02);
#334 = AXIS2_PLACEMENT_3D('',#335,#336,#337);
#335 = CARTESIAN_POINT('',(0.471807917668,0.321809417668,0.499995));
#336 = DIRECTION('',(1.088343648648E-15,1.,0.));
#337 = DIRECTION('',(-1.,1.088343648648E-15,0.));
#338 = ORIENTED_EDGE('',*,*,#292,.F.);
#339 = CYLINDRICAL_SURFACE('',#340,4.99995E-02);
#340 = AXIS2_PLACEMENT_3D('',#341,#342,#343);
#341 = CARTESIAN_POINT('',(0.471807917668,0.,0.499995));
#342 = DIRECTION('',(0.,1.,0.));
#343 = DIRECTION('',(0.,-0.,1.));
#344 = ADVANCED_FACE('',(#345),#357,.T.);
#345 = FACE_BOUND('',#346,.T.);
#346 = EDGE_LOOP('',(#347,#348,#349,#356));
#347 = ORIENTED_EDGE('',*,*,#243,.F.);
#348 = ORIENTED_EDGE('',*,*,#92,.F.);
#349 = ORIENTED_EDGE('',*,*,#350,.F.);
#350 = EDGE_CURVE('',#197,#85,#351,.T.);
#351 = CIRCLE('',#352,4.9999499999E-02);
#352 = AXIS2_PLACEMENT_3D('',#353,#354,#355);
#353 = CARTESIAN_POINT('',(0.471807917668,-0.321809417668,0.499995));
#354 = DIRECTION('',(-8.6826593864E-02,8.6826593864E-02,0.992432509139)
  );
#355 = DIRECTION('',(-3.696869199654E-14,-0.996194698092,
    8.715574274741E-02));
#356 = ORIENTED_EDGE('',*,*,#196,.F.);
#357 = CYLINDRICAL_SURFACE('',#358,4.9999499999E-02);
#358 = AXIS2_PLACEMENT_3D('',#359,#360,#361);
#359 = CARTESIAN_POINT('',(0.494529742315,-0.344531242315,0.240283355865
    ));
#360 = DIRECTION('',(8.6826593864E-02,-8.6826593864E-02,-0.992432509139)
  );
#361 = DIRECTION('',(-0.996194698092,-3.696869199654E-14,
    -8.715574274741E-02));
#362 = ADVANCED_FACE('',(#363),#374,.T.);
#363 = FACE_BOUND('',#364,.T.);
#364 = EDGE_LOOP('',(#365,#366,#367));
#365 = ORIENTED_EDGE('',*,*,#332,.T.);
#366 = ORIENTED_EDGE('',*,*,#308,.T.);
#367 = ORIENTED_EDGE('',*,*,#368,.F.);
#368 = EDGE_CURVE('',#267,#125,#369,.T.);
#369 = CIRCLE('',#370,4.99995E-02);
#370 = AXIS2_PLACEMENT_3D('',#371,#372,#373);
#371 = CARTESIAN_POINT('',(0.471807917668,0.321809417668,0.499995));
#372 = DIRECTION('',(-1.,-3.794215962506E-16,4.336808689942E-15));
#373 = DIRECTION('',(-4.336808689942E-15,0.,-1.));
#374 = SPHERICAL_SURFACE('',#375,4.99995E-02);
#375 = AXIS2_PLACEMENT_3D('',#376,#377,#378);
#376 = CARTESIAN_POINT('',(0.471807917668,0.321809417668,0.499995));
#377 = DIRECTION('',(0.,1.,0.));
#378 = DIRECTION('',(1.,0.,0.));
#379 = ADVANCED_FACE('',(#380),#391,.T.);
#380 = FACE_BOUND('',#381,.T.);
#381 = EDGE_LOOP('',(#382,#383,#384));
#382 = ORIENTED_EDGE('',*,*,#350,.T.);
#383 = ORIENTED_EDGE('',*,*,#324,.T.);
#384 = ORIENTED_EDGE('',*,*,#385,.F.);
#385 = EDGE_CURVE('',#197,#285,#386,.T.);
#386 = CIRCLE('',#387,4.99995E-02);
#387 = AXIS2_PLACEMENT_3D('',#388,#389,#390);
#388 = CARTESIAN_POINT('',(0.471807917668,-0.321809417668,0.499995));
#389 = DIRECTION('',(-1.,0.,0.));
#390 = DIRECTION('',(0.,1.084202172485E-15,-1.));
#391 = SPHERICAL_SURFACE('',#392,4.99995E-02);
#392 = AXIS2_PLACEMENT_3D('',#393,#394,#395);
#393 = CARTESIAN_POINT('',(0.471807917668,-0.321809417668,0.499995));
#394 = DIRECTION('',(0.,1.,0.));
#395 = DIRECTION('',(1.,0.,0.));
#396 = ADVANCED_FACE('',(#397),#409,.T.);
#397 = FACE_BOUND('',#398,.T.);
#398 = EDGE_LOOP('',(#399,#400,#401,#408));
#399 = ORIENTED_EDGE('',*,*,#227,.F.);
#400 = ORIENTED_EDGE('',*,*,#156,.F.);
#401 = ORIENTED_EDGE('',*,*,#402,.F.);
#402 = EDGE_CURVE('',#117,#149,#403,.T.);
#403 = CIRCLE('',#404,4.9999499999E-02);
#404 = AXIS2_PLACEMENT_3D('',#405,#406,#407);
#405 = CARTESIAN_POINT('',(-0.471807917668,0.321809417668,0.499995));
#406 = DIRECTION('',(8.6826593864E-02,-8.6826593864E-02,0.992432509139)
  );
#407 = DIRECTION('',(0.996194698092,3.696869199654E-14,
    -8.715574274741E-02));
#408 = ORIENTED_EDGE('',*,*,#116,.F.);
#409 = CYLINDRICAL_SURFACE('',#410,4.99995E-02);
#410 = AXIS2_PLACEMENT_3D('',#411,#412,#413);
#411 = CARTESIAN_POINT('',(-0.500560767926,0.350562267926,0.171348417695
    ));
#412 = DIRECTION('',(-8.6826593864E-02,8.6826593864E-02,-0.992432509139)
  );
#413 = DIRECTION('',(-0.996194698092,-3.696869199654E-14,
    8.715574274741E-02));
#414 = ADVANCED_FACE('',(#415),#427,.T.);
#415 = FACE_BOUND('',#416,.T.);
#416 = EDGE_LOOP('',(#417,#418,#419,#426));
#417 = ORIENTED_EDGE('',*,*,#368,.T.);
#418 = ORIENTED_EDGE('',*,*,#124,.F.);
#419 = ORIENTED_EDGE('',*,*,#420,.F.);
#420 = EDGE_CURVE('',#269,#117,#421,.T.);
#421 = CIRCLE('',#422,4.99995E-02);
#422 = AXIS2_PLACEMENT_3D('',#423,#424,#425);
#423 = CARTESIAN_POINT('',(-0.471807917668,0.321809417668,0.499995));
#424 = DIRECTION('',(-1.,-1.088343648648E-15,0.));
#425 = DIRECTION('',(1.088343648648E-15,-1.,0.));
#426 = ORIENTED_EDGE('',*,*,#266,.F.);
#427 = CYLINDRICAL_SURFACE('',#428,4.99995E-02);
#428 = AXIS2_PLACEMENT_3D('',#429,#430,#431);
#429 = CARTESIAN_POINT('',(0.,0.321809417668,0.499995));
#430 = DIRECTION('',(-1.,0.,0.));
#431 = DIRECTION('',(0.,0.,1.));
#432 = ADVANCED_FACE('',(#433),#445,.T.);
#433 = FACE_BOUND('',#434,.T.);
#434 = EDGE_LOOP('',(#435,#436,#437,#444));
#435 = ORIENTED_EDGE('',*,*,#385,.T.);
#436 = ORIENTED_EDGE('',*,*,#284,.F.);
#437 = ORIENTED_EDGE('',*,*,#438,.F.);
#438 = EDGE_CURVE('',#205,#277,#439,.T.);
#439 = CIRCLE('',#440,4.99995E-02);
#440 = AXIS2_PLACEMENT_3D('',#441,#442,#443);
#441 = CARTESIAN_POINT('',(-0.471807917668,-0.321809417668,0.499995));
#442 = DIRECTION('',(-1.,0.,0.));
#443 = DIRECTION('',(0.,0.,1.));
#444 = ORIENTED_EDGE('',*,*,#204,.F.);
#445 = CYLINDRICAL_SURFACE('',#446,4.99995E-02);
#446 = AXIS2_PLACEMENT_3D('',#447,#448,#449);
#447 = CARTESIAN_POINT('',(0.,-0.321809417668,0.499995));
#448 = DIRECTION('',(1.,0.,0.));
#449 = DIRECTION('',(0.,0.,-1.));
#450 = ADVANCED_FACE('',(#451),#463,.T.);
#451 = FACE_BOUND('',#452,.T.);
#452 = EDGE_LOOP('',(#453,#454,#455,#462));
#453 = ORIENTED_EDGE('',*,*,#251,.F.);
#454 = ORIENTED_EDGE('',*,*,#212,.F.);
#455 = ORIENTED_EDGE('',*,*,#456,.F.);
#456 = EDGE_CURVE('',#147,#205,#457,.T.);
#457 = CIRCLE('',#458,4.9999499999E-02);
#458 = AXIS2_PLACEMENT_3D('',#459,#460,#461);
#459 = CARTESIAN_POINT('',(-0.471807917668,-0.321809417668,0.499995));
#460 = DIRECTION('',(8.6826593864E-02,8.6826593864E-02,0.992432509139));
#461 = DIRECTION('',(3.696869199654E-14,-0.996194698092,
    8.715574274741E-02));
#462 = ORIENTED_EDGE('',*,*,#172,.F.);
#463 = CYLINDRICAL_SURFACE('',#464,4.99995E-02);
#464 = AXIS2_PLACEMENT_3D('',#465,#466,#467);
#465 = CARTESIAN_POINT('',(-0.500560767926,-0.350562267926,
    0.171348417695));
#466 = DIRECTION('',(-8.6826593864E-02,-8.6826593864E-02,-0.992432509139
    ));
#467 = DIRECTION('',(-0.996194698092,3.696869199654E-14,
    8.715574274741E-02));
#468 = ADVANCED_FACE('',(#469),#480,.T.);
#469 = FACE_BOUND('',#470,.T.);
#470 = EDGE_LOOP('',(#471,#472,#473));
#471 = ORIENTED_EDGE('',*,*,#420,.T.);
#472 = ORIENTED_EDGE('',*,*,#402,.T.);
#473 = ORIENTED_EDGE('',*,*,#474,.F.);
#474 = EDGE_CURVE('',#269,#149,#475,.T.);
#475 = CIRCLE('',#476,4.99995E-02);
#476 = AXIS2_PLACEMENT_3D('',#477,#478,#479);
#477 = CARTESIAN_POINT('',(-0.471807917668,0.321809417668,0.499995));
#478 = DIRECTION('',(9.485539906266E-17,-1.,1.084202172485E-15));
#479 = DIRECTION('',(0.,1.084202172485E-15,1.));
#480 = SPHERICAL_SURFACE('',#481,4.99995E-02);
#481 = AXIS2_PLACEMENT_3D('',#482,#483,#484);
#482 = CARTESIAN_POINT('',(-0.471807917668,0.321809417668,0.499995));
#483 = DIRECTION('',(0.,1.,0.));
#484 = DIRECTION('',(1.,0.,0.));
#485 = ADVANCED_FACE('',(#486),#497,.T.);
#486 = FACE_BOUND('',#487,.T.);
#487 = EDGE_LOOP('',(#488,#489,#490));
#488 = ORIENTED_EDGE('',*,*,#456,.T.);
#489 = ORIENTED_EDGE('',*,*,#438,.T.);
#490 = ORIENTED_EDGE('',*,*,#491,.F.);
#491 = EDGE_CURVE('',#147,#277,#492,.T.);
#492 = CIRCLE('',#493,4.99995E-02);
#493 = AXIS2_PLACEMENT_3D('',#494,#495,#496);
#494 = CARTESIAN_POINT('',(-0.471807917668,-0.321809417668,0.499995));
#495 = DIRECTION('',(0.,1.,0.));
#496 = DIRECTION('',(1.084202172485E-15,0.,-1.));
#497 = SPHERICAL_SURFACE('',#498,4.99995E-02);
#498 = AXIS2_PLACEMENT_3D('',#499,#500,#501);
#499 = CARTESIAN_POINT('',(-0.471807917668,-0.321809417668,0.499995));
#500 = DIRECTION('',(0.,1.,0.));
#501 = DIRECTION('',(1.,0.,0.));
#502 = ADVANCED_FACE('',(#503),#509,.T.);
#503 = FACE_BOUND('',#504,.T.);
#504 = EDGE_LOOP('',(#505,#506,#507,#508));
#505 = ORIENTED_EDGE('',*,*,#474,.T.);
#506 = ORIENTED_EDGE('',*,*,#146,.F.);
#507 = ORIENTED_EDGE('',*,*,#491,.T.);
#508 = ORIENTED_EDGE('',*,*,#276,.F.);
#509 = CYLINDRICAL_SURFACE('',#510,4.99995E-02);
#510 = AXIS2_PLACEMENT_3D('',#511,#512,#513);
#511 = CARTESIAN_POINT('',(-0.471807917668,0.,0.499995));
#512 = DIRECTION('',(0.,-1.,0.));
#513 = DIRECTION('',(0.,0.,-1.));
#514 = ( GEOMETRIC_REPRESENTATION_CONTEXT(3) 
GLOBAL_UNCERTAINTY_ASSIGNED_CONTEXT((#518)) GLOBAL_UNIT_ASSIGNED_CONTEXT
((#515,#516,#517)) REPRESENTATION_CONTEXT('Context #1',
  '3D Context with UNIT and UNCERTAINTY') );
#515 = ( LENGTH_UNIT() NAMED_UNIT(*) SI_UNIT(.MILLI.,.METRE.) );
#516 = ( NAMED_UNIT(*) PLANE_ANGLE_UNIT() SI_UNIT($,.RADIAN.) );
#517 = ( NAMED_UNIT(*) SI_UNIT($,.STERADIAN.) SOLID_ANGLE_UNIT() );
#518 = UNCERTAINTY_MEASURE_WITH_UNIT(LENGTH_MEASURE(1.E-07),#515,
  'distance_accuracy_value','confusion accuracy');
#519 = CONTEXT_DEPENDENT_SHAPE_REPRESENTATION(#520,#522);
#520 = ( REPRESENTATION_RELATIONSHIP('','',#59,#32) 
REPRESENTATION_RELATIONSHIP_WITH_TRANSFORMATION(#521) 
SHAPE_REPRESENTATION_RELATIONSHIP() );
#521 = ITEM_DEFINED_TRANSFORMATION('','',#11,#33);
#522 = PRODUCT_DEFINITION_SHAPE('Placement','Placement of an item',#523
  );
#523 = NEXT_ASSEMBLY_USAGE_OCCURRENCE('1','LED0603-RD~LED0603-RD~afBp',
  '',#27,#54,$);
#524 = PRODUCT_RELATED_PRODUCT_CATEGORY('part',$,(#56));
#525 = SHAPE_DEFINITION_REPRESENTATION(#526,#532);
#526 = PRODUCT_DEFINITION_SHAPE('','',#527);
#527 = PRODUCT_DEFINITION('design','',#528,#531);
#528 = PRODUCT_DEFINITION_FORMATION('','',#529);
#529 = PRODUCT('LED0603-RD~LED0603-RD~afBp001',
  'LED0603-RD~LED0603-RD~afBp001','',(#530));
#530 = PRODUCT_CONTEXT('',#2,'mechanical');
#531 = PRODUCT_DEFINITION_CONTEXT('part definition',#2,'design');
#532 = ADVANCED_BREP_SHAPE_REPRESENTATION('',(#11,#533),#11455);
#533 = MANIFOLD_SOLID_BREP('',#534);
#534 = CLOSED_SHELL('',(#535,#577,#2075,#2140,#2669,#2741,#2758,#2789,
    #2820,#2853,#2884,#2906,#2943,#2957,#2997,#3034,#3065,#3096,#3120,
    #3142,#3157,#3172,#3189,#3206,#3218,#3249,#3273,#3297,#3321,#3345,
    #3369,#3393,#3410,#3484,#3515,#3539,#3577,#3601,#3639,#3656,#3687,
    #3711,#3735,#3809,#3876,#3963,#3994,#4068,#4142,#4166,#4183,#4214,
    #4238,#4262,#4286,#4310,#4334,#4358,#4382,#4406,#4430,#4454,#4471,
    #4491,#4522,#4572,#4646,#4720,#4770,#4794,#4844,#4918,#4992,#5035,
    #5053,#5084,#5108,#5132,#5156,#5180,#5197,#5211,#5225,#5238,#5269,
    #5293,#5317,#5334,#5346,#5377,#5401,#5425,#5449,#5473,#5490,#5504,
    #5540,#5564,#5593,#5622,#5651,#5680,#5709,#5738,#5762,#5791,#5820,
    #5849,#5878,#5900,#5922,#5953,#5977,#6001,#6025,#6049,#6073,#6097,
    #6121,#6145,#6169,#6193,#6210,#6230,#6360,#6382,#6403,#6424,#6445,
    #6466,#6483,#6495,#6526,#6550,#6574,#6603,#6632,#6661,#6683,#6698,
    #6822,#6844,#6861,#6878,#6895,#6912,#6929,#6946,#6958,#6989,#7013,
    #7042,#7066,#7095,#7112,#7126,#7157,#7181,#7205,#7229,#7253,#7277,
    #7301,#7325,#7349,#7373,#7397,#7414,#7434,#7634,#7660,#7677,#7698,
    #7719,#7736,#7757,#7778,#7799,#7820,#7837,#7854,#7871,#7888,#7904,
    #7940,#7969,#7998,#8027,#8056,#8085,#8109,#8126,#8142,#8178,#8202,
    #8231,#8260,#8289,#8318,#8347,#8376,#8405,#8434,#8463,#8492,#8516,
    #8545,#8574,#8603,#8632,#8661,#8690,#8719,#8741,#8770,#8801,#8825,
    #8854,#8878,#8902,#8926,#8950,#8974,#8998,#9027,#9056,#9080,#9109,
    #9138,#9155,#9178,#9209,#9233,#9257,#9281,#9305,#9329,#9353,#9377,
    #9401,#9425,#9449,#9466,#9486,#9616,#9638,#9659,#9680,#9701,#9722,
    #9739,#9751,#9782,#9806,#9830,#9859,#9888,#9917,#9939,#9954,#10078,
    #10100,#10117,#10134,#10151,#10168,#10185,#10202,#10214,#10245,
    #10269,#10298,#10322,#10351,#10368,#10382,#10707,#10733,#10754,
    #10775,#10796,#10817,#10838,#10859,#10880,#10901,#10922,#10943,
    #10964,#10981,#10998,#11015,#11032,#11053,#11074,#11095,#11116,
    #11137,#11158,#11179,#11196,#11217,#11238,#11255,#11276,#11297,
    #11318,#11335,#11356,#11372,#11417,#11445));
#535 = ADVANCED_FACE('',(#536),#572,.F.);
#536 = FACE_BOUND('',#537,.F.);
#537 = EDGE_LOOP('',(#538,#548,#557,#565));
#538 = ORIENTED_EDGE('',*,*,#539,.T.);
#539 = EDGE_CURVE('',#540,#542,#544,.T.);
#540 = VERTEX_POINT('',#541);
#541 = CARTESIAN_POINT('',(-0.809991899999,0.139641004013,-9.9999E-03));
#542 = VERTEX_POINT('',#543);
#543 = CARTESIAN_POINT('',(-0.809991899999,0.139641004013,0.189998099999
    ));
#544 = LINE('',#545,#546);
#545 = CARTESIAN_POINT('',(-0.809991899999,0.139641004013,-9.9999E-03));
#546 = VECTOR('',#547,1.);
#547 = DIRECTION('',(0.,0.,1.));
#548 = ORIENTED_EDGE('',*,*,#549,.F.);
#549 = EDGE_CURVE('',#550,#542,#552,.T.);
#550 = VERTEX_POINT('',#551);
#551 = CARTESIAN_POINT('',(-0.6599934,0.,0.189998099999));
#552 = CIRCLE('',#553,0.139998599999);
#553 = AXIS2_PLACEMENT_3D('',#554,#555,#556);
#554 = CARTESIAN_POINT('',(-0.799991999999,0.,0.189998099999));
#555 = DIRECTION('',(0.,0.,1.));
#556 = DIRECTION('',(-1.,0.,0.));
#557 = ORIENTED_EDGE('',*,*,#558,.F.);
#558 = EDGE_CURVE('',#559,#550,#561,.T.);
#559 = VERTEX_POINT('',#560);
#560 = CARTESIAN_POINT('',(-0.6599934,0.,-9.9999E-03));
#561 = LINE('',#562,#563);
#562 = CARTESIAN_POINT('',(-0.6599934,0.,-9.9999E-03));
#563 = VECTOR('',#564,1.);
#564 = DIRECTION('',(0.,0.,1.));
#565 = ORIENTED_EDGE('',*,*,#566,.T.);
#566 = EDGE_CURVE('',#559,#540,#567,.T.);
#567 = CIRCLE('',#568,0.139998599999);
#568 = AXIS2_PLACEMENT_3D('',#569,#570,#571);
#569 = CARTESIAN_POINT('',(-0.799991999999,0.,-9.9999E-03));
#570 = DIRECTION('',(0.,0.,1.));
#571 = DIRECTION('',(-1.,0.,0.));
#572 = CYLINDRICAL_SURFACE('',#573,0.139998599999);
#573 = AXIS2_PLACEMENT_3D('',#574,#575,#576);
#574 = CARTESIAN_POINT('',(-0.799991999999,0.,-9.9999E-03));
#575 = DIRECTION('',(0.,0.,1.));
#576 = DIRECTION('',(1.,0.,-0.));
#577 = ADVANCED_FACE('',(#578,#705,#827,#925,#1051,#1085,#1135,#1233,
    #1295,#1361,#1550,#1648,#1710,#1776),#2070,.F.);
#578 = FACE_BOUND('',#579,.T.);
#579 = EDGE_LOOP('',(#580,#590,#598,#607,#616,#624,#633,#642,#650,#658,
    #666,#674,#682,#690,#699));
#580 = ORIENTED_EDGE('',*,*,#581,.F.);
#581 = EDGE_CURVE('',#582,#584,#586,.T.);
#582 = VERTEX_POINT('',#583);
#583 = CARTESIAN_POINT('',(-0.101207612305,0.399996,7.4399172065E-02));
#584 = VERTEX_POINT('',#585);
#585 = CARTESIAN_POINT('',(-9.592569491E-02,0.399996,7.4399172065E-02));
#586 = LINE('',#587,#588);
#587 = CARTESIAN_POINT('',(-9.592569491E-02,0.399996,7.4399172065E-02));
#588 = VECTOR('',#589,1.);
#589 = DIRECTION('',(1.,0.,-5.131618167162E-15));
#590 = ORIENTED_EDGE('',*,*,#591,.F.);
#591 = EDGE_CURVE('',#592,#582,#594,.T.);
#592 = VERTEX_POINT('',#593);
#593 = CARTESIAN_POINT('',(-8.8023613767E-02,0.399996,4.0960891862E-02)
  );
#594 = LINE('',#595,#596);
#595 = CARTESIAN_POINT('',(-0.101207612305,0.399996,7.4399172065E-02));
#596 = VECTOR('',#597,1.);
#597 = DIRECTION('',(-0.36679767895,0.,0.930300737781));
#598 = ORIENTED_EDGE('',*,*,#599,.F.);
#599 = EDGE_CURVE('',#600,#592,#602,.T.);
#600 = VERTEX_POINT('',#601);
#601 = CARTESIAN_POINT('',(-7.7657331006E-02,0.399996,3.1665549044E-02)
  );
#602 = B_SPLINE_CURVE_WITH_KNOTS('',3,(#603,#604,#605,#606),
  .UNSPECIFIED.,.F.,.F.,(4,4),(1.,2.),.PIECEWISE_BEZIER_KNOTS.);
#603 = CARTESIAN_POINT('',(-7.7657331006E-02,0.399996,3.1665549044E-02)
  );
#604 = CARTESIAN_POINT('',(-8.2117847861E-02,0.399996,3.1665549044E-02)
  );
#605 = CARTESIAN_POINT('',(-8.5569809623E-02,0.399996,3.4763996651E-02)
  );
#606 = CARTESIAN_POINT('',(-8.8023613767E-02,0.399996,4.0960891862E-02)
  );
#607 = ORIENTED_EDGE('',*,*,#608,.F.);
#608 = EDGE_CURVE('',#609,#600,#611,.T.);
#609 = VERTEX_POINT('',#610);
#610 = CARTESIAN_POINT('',(-7.4371728846E-02,0.399996,3.2081448052E-02)
  );
#611 = B_SPLINE_CURVE_WITH_KNOTS('',3,(#612,#613,#614,#615),
  .UNSPECIFIED.,.F.,.F.,(4,4),(2.,3.),.PIECEWISE_BEZIER_KNOTS.);
#612 = CARTESIAN_POINT('',(-7.4371728846E-02,0.399996,3.2081448052E-02)
  );
#613 = CARTESIAN_POINT('',(-7.5276309187E-02,0.399996,3.1811113698E-02)
  );
#614 = CARTESIAN_POINT('',(-7.6378441558E-02,0.399996,3.1665549044E-02)
  );
#615 = CARTESIAN_POINT('',(-7.7657331006E-02,0.399996,3.1665549044E-02)
  );
#616 = ORIENTED_EDGE('',*,*,#617,.F.);
#617 = EDGE_CURVE('',#618,#609,#620,.T.);
#618 = VERTEX_POINT('',#619);
#619 = CARTESIAN_POINT('',(-7.4371728846E-02,0.399996,3.6614747234E-02)
  );
#620 = LINE('',#621,#622);
#621 = CARTESIAN_POINT('',(-7.4371728846E-02,0.399996,3.2081448052E-02)
  );
#622 = VECTOR('',#623,1.);
#623 = DIRECTION('',(-1.195808270075E-14,0.,-1.));
#624 = ORIENTED_EDGE('',*,*,#625,.F.);
#625 = EDGE_CURVE('',#626,#618,#628,.T.);
#626 = VERTEX_POINT('',#627);
#627 = CARTESIAN_POINT('',(-7.7262226948E-02,0.399996,3.6032488624E-02)
  );
#628 = B_SPLINE_CURVE_WITH_KNOTS('',3,(#629,#630,#631,#632),
  .UNSPECIFIED.,.F.,.F.,(4,4),(4.,5.),.PIECEWISE_BEZIER_KNOTS.);
#629 = CARTESIAN_POINT('',(-7.7262226948E-02,0.399996,3.6032488624E-02)
  );
#630 = CARTESIAN_POINT('',(-7.6326454182E-02,0.399996,3.6032488624E-02)
  );
#631 = CARTESIAN_POINT('',(-7.5369886465E-02,0.399996,3.6219643177E-02)
  );
#632 = CARTESIAN_POINT('',(-7.4371728846E-02,0.399996,3.6614747234E-02)
  );
#633 = ORIENTED_EDGE('',*,*,#634,.F.);
#634 = EDGE_CURVE('',#635,#626,#637,.T.);
#635 = VERTEX_POINT('',#636);
#636 = CARTESIAN_POINT('',(-8.2481759492E-02,0.399996,4.0129093847E-02)
  );
#637 = B_SPLINE_CURVE_WITH_KNOTS('',3,(#638,#639,#640,#641),
  .UNSPECIFIED.,.F.,.F.,(4,4),(5.,6.),.PIECEWISE_BEZIER_KNOTS.);
#638 = CARTESIAN_POINT('',(-8.2481759492E-02,0.399996,4.0129093847E-02)
  );
#639 = CARTESIAN_POINT('',(-8.1327639746E-02,0.399996,3.7384160398E-02)
  );
#640 = CARTESIAN_POINT('',(-7.959126139E-02,0.399996,3.6032488624E-02));
#641 = CARTESIAN_POINT('',(-7.7262226948E-02,0.399996,3.6032488624E-02)
  );
#642 = ORIENTED_EDGE('',*,*,#643,.F.);
#643 = EDGE_CURVE('',#644,#635,#646,.T.);
#644 = VERTEX_POINT('',#645);
#645 = CARTESIAN_POINT('',(-8.4717216658E-02,0.399996,4.5411011242E-02)
  );
#646 = LINE('',#647,#648);
#647 = CARTESIAN_POINT('',(-8.2481759492E-02,0.399996,4.0129093847E-02)
  );
#648 = VECTOR('',#649,1.);
#649 = DIRECTION('',(0.389758265065,0.,-0.920917203017));
#650 = ORIENTED_EDGE('',*,*,#651,.F.);
#651 = EDGE_CURVE('',#652,#644,#654,.T.);
#652 = VERTEX_POINT('',#653);
#653 = CARTESIAN_POINT('',(-7.3321583853E-02,0.399996,7.4399172065E-02)
  );
#654 = LINE('',#655,#656);
#655 = CARTESIAN_POINT('',(-8.4717216658E-02,0.399996,4.5411011242E-02)
  );
#656 = VECTOR('',#657,1.);
#657 = DIRECTION('',(-0.365858921669,0.,-0.930670322636));
#658 = ORIENTED_EDGE('',*,*,#659,.F.);
#659 = EDGE_CURVE('',#660,#652,#662,.T.);
#660 = VERTEX_POINT('',#661);
#661 = CARTESIAN_POINT('',(-7.9019400255E-02,0.399996,7.4399172065E-02)
  );
#662 = LINE('',#663,#664);
#663 = CARTESIAN_POINT('',(-7.3321583853E-02,0.399996,7.4399172065E-02)
  );
#664 = VECTOR('',#665,1.);
#665 = DIRECTION('',(1.,0.,-7.135571246747E-15));
#666 = ORIENTED_EDGE('',*,*,#667,.F.);
#667 = EDGE_CURVE('',#668,#660,#670,.T.);
#668 = VERTEX_POINT('',#669);
#669 = CARTESIAN_POINT('',(-8.6609557142E-02,0.399996,5.2564474171E-02)
  );
#670 = LINE('',#671,#672);
#671 = CARTESIAN_POINT('',(-7.9019400255E-02,0.399996,7.4399172065E-02)
  );
#672 = VECTOR('',#673,1.);
#673 = DIRECTION('',(0.328346164812,0.,0.94455746043));
#674 = ORIENTED_EDGE('',*,*,#675,.F.);
#675 = EDGE_CURVE('',#676,#668,#678,.T.);
#676 = VERTEX_POINT('',#677);
#677 = CARTESIAN_POINT('',(-8.7233405653E-02,0.399996,5.0173054878E-02)
  );
#678 = LINE('',#679,#680);
#679 = CARTESIAN_POINT('',(-8.6609557142E-02,0.399996,5.2564474171E-02)
  );
#680 = VECTOR('',#681,1.);
#681 = DIRECTION('',(0.252421897187,0.,0.967617272386));
#682 = ORIENTED_EDGE('',*,*,#683,.F.);
#683 = EDGE_CURVE('',#684,#676,#686,.T.);
#684 = VERTEX_POINT('',#685);
#685 = CARTESIAN_POINT('',(-8.7368572831E-02,0.399996,5.0173054878E-02)
  );
#686 = LINE('',#687,#688);
#687 = CARTESIAN_POINT('',(-8.7233405653E-02,0.399996,5.0173054878E-02)
  );
#688 = VECTOR('',#689,1.);
#689 = DIRECTION('',(1.,0.,0.));
#690 = ORIENTED_EDGE('',*,*,#691,.F.);
#691 = EDGE_CURVE('',#692,#684,#694,.T.);
#692 = VERTEX_POINT('',#693);
#693 = CARTESIAN_POINT('',(-8.7992421342E-02,0.399996,5.2522884271E-02)
  );
#694 = B_SPLINE_CURVE_WITH_KNOTS('',3,(#695,#696,#697,#698),
  .UNSPECIFIED.,.F.,.F.,(4,4),(12.,13.),.PIECEWISE_BEZIER_KNOTS.);
#695 = CARTESIAN_POINT('',(-8.7992421342E-02,0.399996,5.2522884271E-02)
  );
#696 = CARTESIAN_POINT('',(-8.7680497086E-02,0.399996,5.1503931703E-02)
  );
#697 = CARTESIAN_POINT('',(-8.7472547583E-02,0.399996,5.0713723588E-02)
  );
#698 = CARTESIAN_POINT('',(-8.7368572831E-02,0.399996,5.0173054878E-02)
  );
#699 = ORIENTED_EDGE('',*,*,#700,.F.);
#700 = EDGE_CURVE('',#584,#692,#701,.T.);
#701 = LINE('',#702,#703);
#702 = CARTESIAN_POINT('',(-8.7992421342E-02,0.399996,5.2522884271E-02)
  );
#703 = VECTOR('',#704,1.);
#704 = DIRECTION('',(0.340917796218,0.,-0.9400931104));
#705 = FACE_BOUND('',#706,.T.);
#706 = EDGE_LOOP('',(#707,#718,#727,#735,#743,#751,#759,#768,#777,#786,
    #795,#803,#812,#821));
#707 = ORIENTED_EDGE('',*,*,#708,.F.);
#708 = EDGE_CURVE('',#709,#711,#713,.T.);
#709 = VERTEX_POINT('',#710);
#710 = CARTESIAN_POINT('',(-3.3644818537E-02,0.399996,7.5064610476E-02)
  );
#711 = VERTEX_POINT('',#712);
#712 = CARTESIAN_POINT('',(-2.3642447407E-02,0.399996,7.2361266928E-02)
  );
#713 = B_SPLINE_CURVE_WITH_KNOTS('',3,(#714,#715,#716,#717),
  .UNSPECIFIED.,.F.,.F.,(4,4),(0.,1.),.PIECEWISE_BEZIER_KNOTS.);
#714 = CARTESIAN_POINT('',(-3.3644818537E-02,0.399996,7.5064610476E-02)
  );
#715 = CARTESIAN_POINT('',(-2.986013757E-02,0.399996,7.5064610476E-02));
#716 = CARTESIAN_POINT('',(-2.6522548034E-02,0.399996,7.417042761E-02));
#717 = CARTESIAN_POINT('',(-2.3642447407E-02,0.399996,7.2361266928E-02)
  );
#718 = ORIENTED_EDGE('',*,*,#719,.F.);
#719 = EDGE_CURVE('',#720,#709,#722,.T.);
#720 = VERTEX_POINT('',#721);
#721 = CARTESIAN_POINT('',(-4.4146268477E-02,0.399996,6.4043286778E-02)
  );
#722 = B_SPLINE_CURVE_WITH_KNOTS('',3,(#723,#724,#725,#726),
  .UNSPECIFIED.,.F.,.F.,(4,4),(1.,2.),.PIECEWISE_BEZIER_KNOTS.);
#723 = CARTESIAN_POINT('',(-4.4146268477E-02,0.399996,6.4043286778E-02)
  );
#724 = CARTESIAN_POINT('',(-4.4146268477E-02,0.399996,7.1404699211E-02)
  );
#725 = CARTESIAN_POINT('',(-4.0642319339E-02,0.399996,7.5064610476E-02)
  );
#726 = CARTESIAN_POINT('',(-3.3644818537E-02,0.399996,7.5064610476E-02)
  );
#727 = ORIENTED_EDGE('',*,*,#728,.F.);
#728 = EDGE_CURVE('',#729,#720,#731,.T.);
#729 = VERTEX_POINT('',#730);
#730 = CARTESIAN_POINT('',(-4.4146268477E-02,0.399996,4.5348626391E-02)
  );
#731 = LINE('',#732,#733);
#732 = CARTESIAN_POINT('',(-4.4146268477E-02,0.399996,6.4043286778E-02)
  );
#733 = VECTOR('',#734,1.);
#734 = DIRECTION('',(8.699205880493E-15,0.,1.));
#735 = ORIENTED_EDGE('',*,*,#736,.F.);
#736 = EDGE_CURVE('',#737,#729,#739,.T.);
#737 = VERTEX_POINT('',#738);
#738 = CARTESIAN_POINT('',(-3.9051505635E-02,0.399996,4.5348626391E-02)
  );
#739 = LINE('',#740,#741);
#740 = CARTESIAN_POINT('',(-4.4146268477E-02,0.399996,4.5348626391E-02)
  );
#741 = VECTOR('',#742,1.);
#742 = DIRECTION('',(-1.,0.,7.980189884123E-15));
#743 = ORIENTED_EDGE('',*,*,#744,.F.);
#744 = EDGE_CURVE('',#745,#737,#747,.T.);
#745 = VERTEX_POINT('',#746);
#746 = CARTESIAN_POINT('',(-3.9051505635E-02,0.399996,4.9840335672E-02)
  );
#747 = LINE('',#748,#749);
#748 = CARTESIAN_POINT('',(-3.9051505635E-02,0.399996,4.5348626391E-02)
  );
#749 = VECTOR('',#750,1.);
#750 = DIRECTION('',(0.,0.,-1.));
#751 = ORIENTED_EDGE('',*,*,#752,.F.);
#752 = EDGE_CURVE('',#753,#745,#755,.T.);
#753 = VERTEX_POINT('',#754);
#754 = CARTESIAN_POINT('',(-3.8916338458E-02,0.399996,4.9840335672E-02)
  );
#755 = LINE('',#756,#757);
#756 = CARTESIAN_POINT('',(-3.9051505635E-02,0.399996,4.9840335672E-02)
  );
#757 = VECTOR('',#758,1.);
#758 = DIRECTION('',(-1.,0.,0.));
#759 = ORIENTED_EDGE('',*,*,#760,.F.);
#760 = EDGE_CURVE('',#761,#753,#763,.T.);
#761 = VERTEX_POINT('',#762);
#762 = CARTESIAN_POINT('',(-3.0016099697E-02,0.399996,4.4662393029E-02)
  );
#763 = B_SPLINE_CURVE_WITH_KNOTS('',3,(#764,#765,#766,#767),
  .UNSPECIFIED.,.F.,.F.,(4,4),(6.,7.),.PIECEWISE_BEZIER_KNOTS.);
#764 = CARTESIAN_POINT('',(-3.0016099697E-02,0.399996,4.4662393029E-02)
  );
#765 = CARTESIAN_POINT('',(-3.3935947843E-02,0.399996,4.4662393029E-02)
  );
#766 = CARTESIAN_POINT('',(-3.6909625746E-02,0.399996,4.638837391E-02));
#767 = CARTESIAN_POINT('',(-3.8916338458E-02,0.399996,4.9840335672E-02)
  );
#768 = ORIENTED_EDGE('',*,*,#769,.F.);
#769 = EDGE_CURVE('',#770,#761,#772,.T.);
#770 = VERTEX_POINT('',#771);
#771 = CARTESIAN_POINT('',(-2.3299330726E-02,0.399996,4.694983757E-02));
#772 = B_SPLINE_CURVE_WITH_KNOTS('',3,(#773,#774,#775,#776),
  .UNSPECIFIED.,.F.,.F.,(4,4),(7.,8.),.PIECEWISE_BEZIER_KNOTS.);
#773 = CARTESIAN_POINT('',(-2.3299330726E-02,0.399996,4.694983757E-02));
#774 = CARTESIAN_POINT('',(-2.4962926756E-02,0.399996,4.5431806192E-02)
  );
#775 = CARTESIAN_POINT('',(-2.7198383921E-02,0.399996,4.4662393029E-02)
  );
#776 = CARTESIAN_POINT('',(-3.0016099697E-02,0.399996,4.4662393029E-02)
  );
#777 = ORIENTED_EDGE('',*,*,#778,.F.);
#778 = EDGE_CURVE('',#779,#770,#781,.T.);
#779 = VERTEX_POINT('',#780);
#780 = CARTESIAN_POINT('',(-2.0803936681E-02,0.399996,5.3125937831E-02)
  );
#781 = B_SPLINE_CURVE_WITH_KNOTS('',3,(#782,#783,#784,#785),
  .UNSPECIFIED.,.F.,.F.,(4,4),(8.,9.),.PIECEWISE_BEZIER_KNOTS.);
#782 = CARTESIAN_POINT('',(-2.0803936681E-02,0.399996,5.3125937831E-02)
  );
#783 = CARTESIAN_POINT('',(-2.0803936681E-02,0.399996,5.0526569034E-02)
  );
#784 = CARTESIAN_POINT('',(-2.1635734696E-02,0.399996,4.8467868947E-02)
  );
#785 = CARTESIAN_POINT('',(-2.3299330726E-02,0.399996,4.694983757E-02));
#786 = ORIENTED_EDGE('',*,*,#787,.F.);
#787 = EDGE_CURVE('',#788,#779,#790,.T.);
#788 = VERTEX_POINT('',#789);
#789 = CARTESIAN_POINT('',(-3.044239618E-02,0.399996,6.2608435202E-02));
#790 = B_SPLINE_CURVE_WITH_KNOTS('',3,(#791,#792,#793,#794),
  .UNSPECIFIED.,.F.,.F.,(4,4),(9.,10.),.PIECEWISE_BEZIER_KNOTS.);
#791 = CARTESIAN_POINT('',(-3.044239618E-02,0.399996,6.2608435202E-02));
#792 = CARTESIAN_POINT('',(-2.4016756514E-02,0.399996,6.1714252336E-02)
  );
#793 = CARTESIAN_POINT('',(-2.0803936681E-02,0.399996,5.8553419879E-02)
  );
#794 = CARTESIAN_POINT('',(-2.0803936681E-02,0.399996,5.3125937831E-02)
  );
#795 = ORIENTED_EDGE('',*,*,#796,.F.);
#796 = EDGE_CURVE('',#797,#788,#799,.T.);
#797 = VERTEX_POINT('',#798);
#798 = CARTESIAN_POINT('',(-3.9051505635E-02,0.399996,6.3814542324E-02)
  );
#799 = LINE('',#800,#801);
#800 = CARTESIAN_POINT('',(-3.044239618E-02,0.399996,6.2608435202E-02));
#801 = VECTOR('',#802,1.);
#802 = DIRECTION('',(0.990328603988,0.,-0.138741688482));
#803 = ORIENTED_EDGE('',*,*,#804,.F.);
#804 = EDGE_CURVE('',#805,#797,#807,.T.);
#805 = VERTEX_POINT('',#806);
#806 = CARTESIAN_POINT('',(-3.3166534679E-02,0.399996,7.0926415352E-02)
  );
#807 = B_SPLINE_CURVE_WITH_KNOTS('',3,(#808,#809,#810,#811),
  .UNSPECIFIED.,.F.,.F.,(4,4),(11.,12.),.PIECEWISE_BEZIER_KNOTS.);
#808 = CARTESIAN_POINT('',(-3.3166534679E-02,0.399996,7.0926415352E-02)
  );
#809 = CARTESIAN_POINT('',(-3.7086382824E-02,0.399996,7.0926415352E-02)
  );
#810 = CARTESIAN_POINT('',(-3.9051505635E-02,0.399996,6.8555791009E-02)
  );
#811 = CARTESIAN_POINT('',(-3.9051505635E-02,0.399996,6.3814542324E-02)
  );
#812 = ORIENTED_EDGE('',*,*,#813,.F.);
#813 = EDGE_CURVE('',#814,#805,#816,.T.);
#814 = VERTEX_POINT('',#815);
#815 = CARTESIAN_POINT('',(-2.3642447407E-02,0.399996,6.7412068739E-02)
  );
#816 = B_SPLINE_CURVE_WITH_KNOTS('',3,(#817,#818,#819,#820),
  .UNSPECIFIED.,.F.,.F.,(4,4),(12.,13.),.PIECEWISE_BEZIER_KNOTS.);
#817 = CARTESIAN_POINT('',(-2.3642447407E-02,0.399996,6.7412068739E-02)
  );
#818 = CARTESIAN_POINT('',(-2.6512150559E-02,0.399996,6.9741103181E-02)
  );
#819 = CARTESIAN_POINT('',(-2.9683380491E-02,0.399996,7.0926415352E-02)
  );
#820 = CARTESIAN_POINT('',(-3.3166534679E-02,0.399996,7.0926415352E-02)
  );
#821 = ORIENTED_EDGE('',*,*,#822,.F.);
#822 = EDGE_CURVE('',#711,#814,#823,.T.);
#823 = LINE('',#824,#825);
#824 = CARTESIAN_POINT('',(-2.3642447407E-02,0.399996,6.7412068739E-02)
  );
#825 = VECTOR('',#826,1.);
#826 = DIRECTION('',(0.,0.,-1.));
#827 = FACE_BOUND('',#828,.T.);
#828 = EDGE_LOOP('',(#829,#839,#847,#855,#863,#871,#879,#887,#895,#903,
    #911,#919));
#829 = ORIENTED_EDGE('',*,*,#830,.F.);
#830 = EDGE_CURVE('',#831,#833,#835,.T.);
#831 = VERTEX_POINT('',#832);
#832 = CARTESIAN_POINT('',(-1.5927520818E-02,0.399996,4.5348626391E-02)
  );
#833 = VERTEX_POINT('',#834);
#834 = CARTESIAN_POINT('',(-1.5927520818E-02,0.399996,4.9985900325E-02)
  );
#835 = LINE('',#836,#837);
#836 = CARTESIAN_POINT('',(-1.5927520818E-02,0.399996,4.9985900325E-02)
  );
#837 = VECTOR('',#838,1.);
#838 = DIRECTION('',(1.168996425484E-14,0.,1.));
#839 = ORIENTED_EDGE('',*,*,#840,.F.);
#840 = EDGE_CURVE('',#841,#831,#843,.T.);
#841 = VERTEX_POINT('',#842);
#842 = CARTESIAN_POINT('',(5.948766975E-03,0.399996,4.5348626391E-02));
#843 = LINE('',#844,#845);
#844 = CARTESIAN_POINT('',(-1.5927520818E-02,0.399996,4.5348626391E-02)
  );
#845 = VECTOR('',#846,1.);
#846 = DIRECTION('',(-1.,0.,6.814515759746E-15));
#847 = ORIENTED_EDGE('',*,*,#848,.F.);
#848 = EDGE_CURVE('',#849,#841,#851,.T.);
#849 = VERTEX_POINT('',#850);
#850 = CARTESIAN_POINT('',(5.948766975E-03,0.399996,8.6023549324E-02));
#851 = LINE('',#852,#853);
#852 = CARTESIAN_POINT('',(5.948766975E-03,0.399996,4.5348626391E-02));
#853 = VECTOR('',#854,1.);
#854 = DIRECTION('',(-7.330133516635E-15,0.,-1.));
#855 = ORIENTED_EDGE('',*,*,#856,.F.);
#856 = EDGE_CURVE('',#857,#849,#859,.T.);
#857 = VERTEX_POINT('',#858);
#858 = CARTESIAN_POINT('',(-1.5002145526E-02,0.399996,8.6023549324E-02)
  );
#859 = LINE('',#860,#861);
#860 = CARTESIAN_POINT('',(5.948766975E-03,0.399996,8.6023549324E-02));
#861 = VECTOR('',#862,1.);
#862 = DIRECTION('',(1.,0.,-6.468640270039E-15));
#863 = ORIENTED_EDGE('',*,*,#864,.F.);
#864 = EDGE_CURVE('',#865,#857,#867,.T.);
#865 = VERTEX_POINT('',#866);
#866 = CARTESIAN_POINT('',(-1.5002145526E-02,0.399996,8.134468549E-02));
#867 = LINE('',#868,#869);
#868 = CARTESIAN_POINT('',(-1.5002145526E-02,0.399996,8.6023549324E-02)
  );
#869 = VECTOR('',#870,1.);
#870 = DIRECTION('',(1.158605346159E-14,0.,1.));
#871 = ORIENTED_EDGE('',*,*,#872,.F.);
#872 = EDGE_CURVE('',#873,#865,#875,.T.);
#873 = VERTEX_POINT('',#874);
#874 = CARTESIAN_POINT('',(6.980420055101E-04,0.399996,8.134468549E-02)
  );
#875 = LINE('',#876,#877);
#876 = CARTESIAN_POINT('',(-1.5002145526E-02,0.399996,8.134468549E-02));
#877 = VECTOR('',#878,1.);
#878 = DIRECTION('',(-1.,0.,6.90559477834E-15));
#879 = ORIENTED_EDGE('',*,*,#880,.F.);
#880 = EDGE_CURVE('',#881,#873,#883,.T.);
#881 = VERTEX_POINT('',#882);
#882 = CARTESIAN_POINT('',(6.980420055101E-04,0.399996,6.8327046556E-02)
  );
#883 = LINE('',#884,#885);
#884 = CARTESIAN_POINT('',(6.980420055101E-04,0.399996,8.134468549E-02)
  );
#885 = VECTOR('',#886,1.);
#886 = DIRECTION('',(6.246474509891E-15,0.,1.));
#887 = ORIENTED_EDGE('',*,*,#888,.F.);
#888 = EDGE_CURVE('',#889,#881,#891,.T.);
#889 = VERTEX_POINT('',#890);
#890 = CARTESIAN_POINT('',(-1.384802578E-02,0.399996,6.8327046556E-02));
#891 = LINE('',#892,#893);
#892 = CARTESIAN_POINT('',(6.980420055101E-04,0.399996,6.8327046556E-02)
  );
#893 = VECTOR('',#894,1.);
#894 = DIRECTION('',(1.,0.,-7.453501154572E-15));
#895 = ORIENTED_EDGE('',*,*,#896,.F.);
#896 = EDGE_CURVE('',#897,#889,#899,.T.);
#897 = VERTEX_POINT('',#898);
#898 = CARTESIAN_POINT('',(-1.384802578E-02,0.399996,6.3668977672E-02));
#899 = LINE('',#900,#901);
#900 = CARTESIAN_POINT('',(-1.384802578E-02,0.399996,6.8327046556E-02));
#901 = VECTOR('',#902,1.);
#902 = DIRECTION('',(1.163777691448E-14,0.,1.));
#903 = ORIENTED_EDGE('',*,*,#904,.F.);
#904 = EDGE_CURVE('',#905,#897,#907,.T.);
#905 = VERTEX_POINT('',#906);
#906 = CARTESIAN_POINT('',(6.980420055101E-04,0.399996,6.3668977672E-02)
  );
#907 = LINE('',#908,#909);
#908 = CARTESIAN_POINT('',(-1.384802578E-02,0.399996,6.3668977672E-02));
#909 = VECTOR('',#910,1.);
#910 = DIRECTION('',(-1.,0.,7.453501154572E-15));
#911 = ORIENTED_EDGE('',*,*,#912,.F.);
#912 = EDGE_CURVE('',#913,#905,#915,.T.);
#913 = VERTEX_POINT('',#914);
#914 = CARTESIAN_POINT('',(6.980420055101E-04,0.399996,4.9985900325E-02)
  );
#915 = LINE('',#916,#917);
#916 = CARTESIAN_POINT('',(6.980420055101E-04,0.399996,6.3668977672E-02)
  );
#917 = VECTOR('',#918,1.);
#918 = DIRECTION('',(5.942694594608E-15,0.,1.));
#919 = ORIENTED_EDGE('',*,*,#920,.F.);
#920 = EDGE_CURVE('',#833,#913,#921,.T.);
#921 = LINE('',#922,#923);
#922 = CARTESIAN_POINT('',(6.980420055101E-04,0.399996,4.9985900325E-02)
  );
#923 = VECTOR('',#924,1.);
#924 = DIRECTION('',(1.,0.,-7.336384696477E-15));
#925 = FACE_BOUND('',#926,.T.);
#926 = EDGE_LOOP('',(#927,#938,#947,#956,#965,#974,#983,#991,#1000,#1009
    ,#1018,#1027,#1036,#1045));
#927 = ORIENTED_EDGE('',*,*,#928,.F.);
#928 = EDGE_CURVE('',#929,#931,#933,.T.);
#929 = VERTEX_POINT('',#930);
#930 = CARTESIAN_POINT('',(-3.6358559562E-02,0.399996,0.109189124042));
#931 = VERTEX_POINT('',#932);
#932 = CARTESIAN_POINT('',(-4.7619025189E-02,0.399996,0.111559748384));
#933 = B_SPLINE_CURVE_WITH_KNOTS('',3,(#934,#935,#936,#937),
  .UNSPECIFIED.,.F.,.F.,(4,4),(0.,1.),.PIECEWISE_BEZIER_KNOTS.);
#934 = CARTESIAN_POINT('',(-3.6358559562E-02,0.399996,0.109189124042));
#935 = CARTESIAN_POINT('',(-4.0871063792E-02,0.399996,0.109189124042));
#936 = CARTESIAN_POINT('',(-4.4624552335E-02,0.399996,0.109979332156));
#937 = CARTESIAN_POINT('',(-4.7619025189E-02,0.399996,0.111559748384));
#938 = ORIENTED_EDGE('',*,*,#939,.F.);
#939 = EDGE_CURVE('',#940,#929,#942,.T.);
#940 = VERTEX_POINT('',#941);
#941 = CARTESIAN_POINT('',(-2.2384352909E-02,0.399996,0.114741375792));
#942 = B_SPLINE_CURVE_WITH_KNOTS('',3,(#943,#944,#945,#946),
  .UNSPECIFIED.,.F.,.F.,(4,4),(1.,2.),.PIECEWISE_BEZIER_KNOTS.);
#943 = CARTESIAN_POINT('',(-2.2384352909E-02,0.399996,0.114741375792));
#944 = CARTESIAN_POINT('',(-2.5867507097E-02,0.399996,0.111039874625));
#945 = CARTESIAN_POINT('',(-3.0525575981E-02,0.399996,0.109189124042));
#946 = CARTESIAN_POINT('',(-3.6358559562E-02,0.399996,0.109189124042));
#947 = ORIENTED_EDGE('',*,*,#948,.F.);
#948 = EDGE_CURVE('',#949,#940,#951,.T.);
#949 = VERTEX_POINT('',#950);
#950 = CARTESIAN_POINT('',(-1.7164820365E-02,0.399996,0.129443405707));
#951 = B_SPLINE_CURVE_WITH_KNOTS('',3,(#952,#953,#954,#955),
  .UNSPECIFIED.,.F.,.F.,(4,4),(2.,3.),.PIECEWISE_BEZIER_KNOTS.);
#952 = CARTESIAN_POINT('',(-1.7164820365E-02,0.399996,0.129443405707));
#953 = CARTESIAN_POINT('',(-1.7164820365E-02,0.399996,0.123350485247));
#954 = CARTESIAN_POINT('',(-1.8901198722E-02,0.399996,0.118442876958));
#955 = CARTESIAN_POINT('',(-2.2384352909E-02,0.399996,0.114741375792));
#956 = ORIENTED_EDGE('',*,*,#957,.F.);
#957 = EDGE_CURVE('',#958,#949,#960,.T.);
#958 = VERTEX_POINT('',#959);
#959 = CARTESIAN_POINT('',(-2.3039393847E-02,0.399996,0.145247567992));
#960 = B_SPLINE_CURVE_WITH_KNOTS('',3,(#961,#962,#963,#964),
  .UNSPECIFIED.,.F.,.F.,(4,4),(3.,4.),.PIECEWISE_BEZIER_KNOTS.);
#961 = CARTESIAN_POINT('',(-2.3039393847E-02,0.399996,0.145247567992));
#962 = CARTESIAN_POINT('',(-1.9119545701E-02,0.399996,0.141254937519));
#963 = CARTESIAN_POINT('',(-1.7164820365E-02,0.399996,0.135993815074));
#964 = CARTESIAN_POINT('',(-1.7164820365E-02,0.399996,0.129443405707));
#965 = ORIENTED_EDGE('',*,*,#966,.F.);
#966 = EDGE_CURVE('',#967,#958,#969,.T.);
#967 = VERTEX_POINT('',#968);
#968 = CARTESIAN_POINT('',(-3.7980565691E-02,0.399996,0.1512365137));
#969 = B_SPLINE_CURVE_WITH_KNOTS('',3,(#970,#971,#972,#973),
  .UNSPECIFIED.,.F.,.F.,(4,4),(4.,5.),.PIECEWISE_BEZIER_KNOTS.);
#970 = CARTESIAN_POINT('',(-3.7980565691E-02,0.399996,0.1512365137));
#971 = CARTESIAN_POINT('',(-3.1939632606E-02,0.399996,0.1512365137));
#972 = CARTESIAN_POINT('',(-2.6959241992E-02,0.399996,0.149240198464));
#973 = CARTESIAN_POINT('',(-2.3039393847E-02,0.399996,0.145247567992));
#974 = ORIENTED_EDGE('',*,*,#975,.F.);
#975 = EDGE_CURVE('',#976,#967,#978,.T.);
#976 = VERTEX_POINT('',#977);
#977 = CARTESIAN_POINT('',(-4.7619025189E-02,0.399996,0.14957291767));
#978 = B_SPLINE_CURVE_WITH_KNOTS('',3,(#979,#980,#981,#982),
  .UNSPECIFIED.,.F.,.F.,(4,4),(5.,6.),.PIECEWISE_BEZIER_KNOTS.);
#979 = CARTESIAN_POINT('',(-4.7619025189E-02,0.399996,0.14957291767));
#980 = CARTESIAN_POINT('',(-4.5082041244E-02,0.399996,0.150675050039));
#981 = CARTESIAN_POINT('',(-4.1869221411E-02,0.399996,0.1512365137));
#982 = CARTESIAN_POINT('',(-3.7980565691E-02,0.399996,0.1512365137));
#983 = ORIENTED_EDGE('',*,*,#984,.F.);
#984 = EDGE_CURVE('',#985,#976,#987,.T.);
#985 = VERTEX_POINT('',#986);
#986 = CARTESIAN_POINT('',(-4.7619025189E-02,0.399996,0.144083050771));
#987 = LINE('',#988,#989);
#988 = CARTESIAN_POINT('',(-4.7619025189E-02,0.399996,0.14957291767));
#989 = VECTOR('',#990,1.);
#990 = DIRECTION('',(9.874477382183E-15,0.,1.));
#991 = ORIENTED_EDGE('',*,*,#992,.F.);
#992 = EDGE_CURVE('',#993,#985,#995,.T.);
#993 = VERTEX_POINT('',#994);
#994 = CARTESIAN_POINT('',(-3.8032553067E-02,0.399996,0.146495265014));
#995 = B_SPLINE_CURVE_WITH_KNOTS('',3,(#996,#997,#998,#999),
  .UNSPECIFIED.,.F.,.F.,(4,4),(7.,8.),.PIECEWISE_BEZIER_KNOTS.);
#996 = CARTESIAN_POINT('',(-3.8032553067E-02,0.399996,0.146495265014));
#997 = CARTESIAN_POINT('',(-4.1515707254E-02,0.399996,0.146495265014));
#998 = CARTESIAN_POINT('',(-4.4707732137E-02,0.399996,0.1457050569));
#999 = CARTESIAN_POINT('',(-4.7619025189E-02,0.399996,0.144083050771));
#1000 = ORIENTED_EDGE('',*,*,#1001,.F.);
#1001 = EDGE_CURVE('',#1002,#993,#1004,.T.);
#1002 = VERTEX_POINT('',#1003);
#1003 = CARTESIAN_POINT('',(-2.6948844517E-02,0.399996,0.141982760783));
#1004 = B_SPLINE_CURVE_WITH_KNOTS('',3,(#1005,#1006,#1007,#1008),
  .UNSPECIFIED.,.F.,.F.,(4,4),(8.,9.),.PIECEWISE_BEZIER_KNOTS.);
#1005 = CARTESIAN_POINT('',(-2.6948844517E-02,0.399996,0.141982760783));
#1006 = CARTESIAN_POINT('',(-2.9808150194E-02,0.399996,0.144998028587));
#1007 = CARTESIAN_POINT('',(-3.3499253885E-02,0.399996,0.146495265014));
#1008 = CARTESIAN_POINT('',(-3.8032553067E-02,0.399996,0.146495265014));
#1009 = ORIENTED_EDGE('',*,*,#1010,.F.);
#1010 = EDGE_CURVE('',#1011,#1002,#1013,.T.);
#1011 = VERTEX_POINT('',#1012);
#1012 = CARTESIAN_POINT('',(-2.2675482215E-02,0.399996,0.129755329963));
#1013 = B_SPLINE_CURVE_WITH_KNOTS('',3,(#1014,#1015,#1016,#1017),
  .UNSPECIFIED.,.F.,.F.,(4,4),(9.,10.),.PIECEWISE_BEZIER_KNOTS.);
#1014 = CARTESIAN_POINT('',(-2.2675482215E-02,0.399996,0.129755329963));
#1015 = CARTESIAN_POINT('',(-2.2675482215E-02,0.399996,0.134870887755));
#1016 = CARTESIAN_POINT('',(-2.4099936315E-02,0.399996,0.138946698028));
#1017 = CARTESIAN_POINT('',(-2.6948844517E-02,0.399996,0.141982760783));
#1018 = ORIENTED_EDGE('',*,*,#1019,.F.);
#1019 = EDGE_CURVE('',#1020,#1011,#1022,.T.);
#1020 = VERTEX_POINT('',#1021);
#1021 = CARTESIAN_POINT('',(-2.6668112686E-02,0.399996,0.118151747654));
#1022 = B_SPLINE_CURVE_WITH_KNOTS('',3,(#1023,#1024,#1025,#1026),
  .UNSPECIFIED.,.F.,.F.,(4,4),(10.,11.),.PIECEWISE_BEZIER_KNOTS.);
#1023 = CARTESIAN_POINT('',(-2.6668112686E-02,0.399996,0.118151747654));
#1024 = CARTESIAN_POINT('',(-2.4006359039E-02,0.399996,0.121021450805));
#1025 = CARTESIAN_POINT('',(-2.2675482215E-02,0.399996,0.124889311574));
#1026 = CARTESIAN_POINT('',(-2.2675482215E-02,0.399996,0.129755329963));
#1027 = ORIENTED_EDGE('',*,*,#1028,.F.);
#1028 = EDGE_CURVE('',#1029,#1020,#1031,.T.);
#1029 = VERTEX_POINT('',#1030);
#1030 = CARTESIAN_POINT('',(-3.711757525E-02,0.399996,0.113867987876));
#1031 = B_SPLINE_CURVE_WITH_KNOTS('',3,(#1032,#1033,#1034,#1035),
  .UNSPECIFIED.,.F.,.F.,(4,4),(11.,12.),.PIECEWISE_BEZIER_KNOTS.);
#1032 = CARTESIAN_POINT('',(-3.711757525E-02,0.399996,0.113867987876));
#1033 = CARTESIAN_POINT('',(-3.2813020523E-02,0.399996,0.113867987876));
#1034 = CARTESIAN_POINT('',(-2.9329866334E-02,0.399996,0.115302839452));
#1035 = CARTESIAN_POINT('',(-2.6668112686E-02,0.399996,0.118151747654));
#1036 = ORIENTED_EDGE('',*,*,#1037,.F.);
#1037 = EDGE_CURVE('',#1038,#1029,#1040,.T.);
#1038 = VERTEX_POINT('',#1039);
#1039 = CARTESIAN_POINT('',(-4.7619025189E-02,0.399996,0.116592126375));
#1040 = B_SPLINE_CURVE_WITH_KNOTS('',3,(#1041,#1042,#1043,#1044),
  .UNSPECIFIED.,.F.,.F.,(4,4),(12.,13.),.PIECEWISE_BEZIER_KNOTS.);
#1041 = CARTESIAN_POINT('',(-4.7619025189E-02,0.399996,0.116592126375));
#1042 = CARTESIAN_POINT('',(-4.4645347286E-02,0.399996,0.114782965693));
#1043 = CARTESIAN_POINT('',(-4.1141398148E-02,0.399996,0.113867987876));
#1044 = CARTESIAN_POINT('',(-3.711757525E-02,0.399996,0.113867987876));
#1045 = ORIENTED_EDGE('',*,*,#1046,.F.);
#1046 = EDGE_CURVE('',#931,#1038,#1047,.T.);
#1047 = LINE('',#1048,#1049);
#1048 = CARTESIAN_POINT('',(-4.7619025189E-02,0.399996,0.116592126375));
#1049 = VECTOR('',#1050,1.);
#1050 = DIRECTION('',(1.07721571437E-14,0.,1.));
#1051 = FACE_BOUND('',#1052,.T.);
#1052 = EDGE_LOOP('',(#1053,#1063,#1071,#1079));
#1053 = ORIENTED_EDGE('',*,*,#1054,.F.);
#1054 = EDGE_CURVE('',#1055,#1057,#1059,.T.);
#1055 = VERTEX_POINT('',#1056);
#1056 = CARTESIAN_POINT('',(-0.599994,0.399996,0.179998199999));
#1057 = VERTEX_POINT('',#1058);
#1058 = CARTESIAN_POINT('',(-0.599994,0.399996,0.));
#1059 = LINE('',#1060,#1061);
#1060 = CARTESIAN_POINT('',(-0.599993999999,0.399996,0.179998199999));
#1061 = VECTOR('',#1062,1.);
#1062 = DIRECTION('',(0.,0.,-1.));
#1063 = ORIENTED_EDGE('',*,*,#1064,.F.);
#1064 = EDGE_CURVE('',#1065,#1055,#1067,.T.);
#1065 = VERTEX_POINT('',#1066);
#1066 = CARTESIAN_POINT('',(0.599994,0.399996,0.179998199999));
#1067 = LINE('',#1068,#1069);
#1068 = CARTESIAN_POINT('',(-0.799992,0.399996,0.179998199999));
#1069 = VECTOR('',#1070,1.);
#1070 = DIRECTION('',(-1.,0.,0.));
#1071 = ORIENTED_EDGE('',*,*,#1072,.T.);
#1072 = EDGE_CURVE('',#1065,#1073,#1075,.T.);
#1073 = VERTEX_POINT('',#1074);
#1074 = CARTESIAN_POINT('',(0.599994,0.399996,0.));
#1075 = LINE('',#1076,#1077);
#1076 = CARTESIAN_POINT('',(0.599994,0.399996,0.179998199999));
#1077 = VECTOR('',#1078,1.);
#1078 = DIRECTION('',(0.,0.,-1.));
#1079 = ORIENTED_EDGE('',*,*,#1080,.T.);
#1080 = EDGE_CURVE('',#1073,#1057,#1081,.T.);
#1081 = LINE('',#1082,#1083);
#1082 = CARTESIAN_POINT('',(-0.799992,0.399996,0.));
#1083 = VECTOR('',#1084,1.);
#1084 = DIRECTION('',(-1.,0.,0.));
#1085 = FACE_BOUND('',#1086,.T.);
#1086 = EDGE_LOOP('',(#1087,#1097,#1105,#1113,#1121,#1129));
#1087 = ORIENTED_EDGE('',*,*,#1088,.F.);
#1088 = EDGE_CURVE('',#1089,#1091,#1093,.T.);
#1089 = VERTEX_POINT('',#1090);
#1090 = CARTESIAN_POINT('',(-1.5501224335E-02,0.399996,0.109875357404));
#1091 = VERTEX_POINT('',#1092);
#1092 = CARTESIAN_POINT('',(-1.5501224335E-02,0.399996,0.114512631337));
#1093 = LINE('',#1094,#1095);
#1094 = CARTESIAN_POINT('',(-1.5501224335E-02,0.399996,0.114512631337));
#1095 = VECTOR('',#1096,1.);
#1096 = DIRECTION('',(1.168996425484E-14,0.,1.));
#1097 = ORIENTED_EDGE('',*,*,#1098,.F.);
#1098 = EDGE_CURVE('',#1099,#1089,#1101,.T.);
#1099 = VERTEX_POINT('',#1100);
#1100 = CARTESIAN_POINT('',(5.948766975E-03,0.399996,0.109875357404));
#1101 = LINE('',#1102,#1103);
#1102 = CARTESIAN_POINT('',(-1.5501224335E-02,0.399996,0.109875357404));
#1103 = VECTOR('',#1104,1.);
#1104 = DIRECTION('',(-1.,0.,7.581760626691E-15));
#1105 = ORIENTED_EDGE('',*,*,#1106,.F.);
#1106 = EDGE_CURVE('',#1107,#1099,#1109,.T.);
#1107 = VERTEX_POINT('',#1108);
#1108 = CARTESIAN_POINT('',(5.948766975E-03,0.399996,0.150550280337));
#1109 = LINE('',#1110,#1111);
#1110 = CARTESIAN_POINT('',(5.948766975E-03,0.399996,0.109875357404));
#1111 = VECTOR('',#1112,1.);
#1112 = DIRECTION('',(-7.330133516635E-15,0.,-1.));
#1113 = ORIENTED_EDGE('',*,*,#1114,.F.);
#1114 = EDGE_CURVE('',#1115,#1107,#1117,.T.);
#1115 = VERTEX_POINT('',#1116);
#1116 = CARTESIAN_POINT('',(6.980420055101E-04,0.399996,0.150550280337)
  );
#1117 = LINE('',#1118,#1119);
#1118 = CARTESIAN_POINT('',(5.948766975E-03,0.399996,0.150550280337));
#1119 = VECTOR('',#1120,1.);
#1120 = DIRECTION('',(1.,0.,-5.162103027391E-15));
#1121 = ORIENTED_EDGE('',*,*,#1122,.F.);
#1122 = EDGE_CURVE('',#1123,#1115,#1125,.T.);
#1123 = VERTEX_POINT('',#1124);
#1124 = CARTESIAN_POINT('',(6.980420055101E-04,0.399996,0.114512631337)
  );
#1125 = LINE('',#1126,#1127);
#1126 = CARTESIAN_POINT('',(6.980420055101E-04,0.399996,0.150550280337)
  );
#1127 = VECTOR('',#1128,1.);
#1128 = DIRECTION('',(6.769116635724E-15,0.,1.));
#1129 = ORIENTED_EDGE('',*,*,#1130,.F.);
#1130 = EDGE_CURVE('',#1091,#1123,#1131,.T.);
#1131 = LINE('',#1132,#1133);
#1132 = CARTESIAN_POINT('',(6.980420055101E-04,0.399996,0.114512631337)
  );
#1133 = VECTOR('',#1134,1.);
#1134 = DIRECTION('',(1.,0.,-6.692842179213E-15));
#1135 = FACE_BOUND('',#1136,.T.);
#1136 = EDGE_LOOP('',(#1137,#1147,#1155,#1163,#1171,#1179,#1187,#1195,
    #1203,#1211,#1219,#1227));
#1137 = ORIENTED_EDGE('',*,*,#1138,.F.);
#1138 = EDGE_CURVE('',#1139,#1141,#1143,.T.);
#1139 = VERTEX_POINT('',#1140);
#1140 = CARTESIAN_POINT('',(-7.7636536055E-02,0.399996,0.109875357404));
#1141 = VERTEX_POINT('',#1142);
#1142 = CARTESIAN_POINT('',(-7.7636536055E-02,0.399996,0.114512631337));
#1143 = LINE('',#1144,#1145);
#1144 = CARTESIAN_POINT('',(-7.7636536055E-02,0.399996,0.114512631337));
#1145 = VECTOR('',#1146,1.);
#1146 = DIRECTION('',(1.168996425484E-14,0.,1.));
#1147 = ORIENTED_EDGE('',*,*,#1148,.F.);
#1148 = EDGE_CURVE('',#1149,#1139,#1151,.T.);
#1149 = VERTEX_POINT('',#1150);
#1150 = CARTESIAN_POINT('',(-5.5760248261E-02,0.399996,0.109875357404));
#1151 = LINE('',#1152,#1153);
#1152 = CARTESIAN_POINT('',(-7.7636536055E-02,0.399996,0.109875357404));
#1153 = VECTOR('',#1154,1.);
#1154 = DIRECTION('',(-1.,0.,6.195014327081E-15));
#1155 = ORIENTED_EDGE('',*,*,#1156,.F.);
#1156 = EDGE_CURVE('',#1157,#1149,#1159,.T.);
#1157 = VERTEX_POINT('',#1158);
#1158 = CARTESIAN_POINT('',(-5.5760248261E-02,0.399996,0.150550280337));
#1159 = LINE('',#1160,#1161);
#1160 = CARTESIAN_POINT('',(-5.5760248261E-02,0.399996,0.109875357404));
#1161 = VECTOR('',#1162,1.);
#1162 = DIRECTION('',(-6.663757742396E-15,0.,-1.));
#1163 = ORIENTED_EDGE('',*,*,#1164,.F.);
#1164 = EDGE_CURVE('',#1165,#1157,#1167,.T.);
#1165 = VERTEX_POINT('',#1166);
#1166 = CARTESIAN_POINT('',(-7.6711160764E-02,0.399996,0.150550280337));
#1167 = LINE('',#1168,#1169);
#1168 = CARTESIAN_POINT('',(-5.5760248261E-02,0.399996,0.150550280337));
#1169 = VECTOR('',#1170,1.);
#1170 = DIRECTION('',(1.,0.,-6.468640270039E-15));
#1171 = ORIENTED_EDGE('',*,*,#1172,.F.);
#1172 = EDGE_CURVE('',#1173,#1165,#1175,.T.);
#1173 = VERTEX_POINT('',#1174);
#1174 = CARTESIAN_POINT('',(-7.6711160764E-02,0.399996,0.145871416503));
#1175 = LINE('',#1176,#1177);
#1176 = CARTESIAN_POINT('',(-7.6711160764E-02,0.399996,0.150550280337));
#1177 = VECTOR('',#1178,1.);
#1178 = DIRECTION('',(1.158605346159E-14,0.,1.));
#1179 = ORIENTED_EDGE('',*,*,#1180,.F.);
#1180 = EDGE_CURVE('',#1181,#1173,#1183,.T.);
#1181 = VERTEX_POINT('',#1182);
#1182 = CARTESIAN_POINT('',(-6.1010973231E-02,0.399996,0.145871416503));
#1183 = LINE('',#1184,#1185);
#1184 = CARTESIAN_POINT('',(-7.6711160764E-02,0.399996,0.145871416503));
#1185 = VECTOR('',#1186,1.);
#1186 = DIRECTION('',(-1.,0.,6.90559477834E-15));
#1187 = ORIENTED_EDGE('',*,*,#1188,.F.);
#1188 = EDGE_CURVE('',#1189,#1181,#1191,.T.);
#1189 = VERTEX_POINT('',#1190);
#1190 = CARTESIAN_POINT('',(-6.1010973231E-02,0.399996,0.132853777568));
#1191 = LINE('',#1192,#1193);
#1192 = CARTESIAN_POINT('',(-6.1010973231E-02,0.399996,0.145871416503));
#1193 = VECTOR('',#1194,1.);
#1194 = DIRECTION('',(4.164316339927E-15,0.,1.));
#1195 = ORIENTED_EDGE('',*,*,#1196,.F.);
#1196 = EDGE_CURVE('',#1197,#1189,#1199,.T.);
#1197 = VERTEX_POINT('',#1198);
#1198 = CARTESIAN_POINT('',(-7.5557041018E-02,0.399996,0.132853777568));
#1199 = LINE('',#1200,#1201);
#1200 = CARTESIAN_POINT('',(-6.1010973231E-02,0.399996,0.132853777568));
#1201 = VECTOR('',#1202,1.);
#1202 = DIRECTION('',(1.,0.,-7.453501154642E-15));
#1203 = ORIENTED_EDGE('',*,*,#1204,.F.);
#1204 = EDGE_CURVE('',#1205,#1197,#1207,.T.);
#1205 = VERTEX_POINT('',#1206);
#1206 = CARTESIAN_POINT('',(-7.5557041018E-02,0.399996,0.128195708684));
#1207 = LINE('',#1208,#1209);
#1208 = CARTESIAN_POINT('',(-7.5557041018E-02,0.399996,0.132853777568));
#1209 = VECTOR('',#1210,1.);
#1210 = DIRECTION('',(0.,0.,1.));
#1211 = ORIENTED_EDGE('',*,*,#1212,.F.);
#1212 = EDGE_CURVE('',#1213,#1205,#1215,.T.);
#1213 = VERTEX_POINT('',#1214);
#1214 = CARTESIAN_POINT('',(-6.1010973231E-02,0.399996,0.128195708684));
#1215 = LINE('',#1216,#1217);
#1216 = CARTESIAN_POINT('',(-7.5557041018E-02,0.399996,0.128195708684));
#1217 = VECTOR('',#1218,1.);
#1218 = DIRECTION('',(-1.,0.,7.453501154642E-15));
#1219 = ORIENTED_EDGE('',*,*,#1220,.F.);
#1220 = EDGE_CURVE('',#1221,#1213,#1223,.T.);
#1221 = VERTEX_POINT('',#1222);
#1222 = CARTESIAN_POINT('',(-6.1010973231E-02,0.399996,0.114512631337));
#1223 = LINE('',#1224,#1225);
#1224 = CARTESIAN_POINT('',(-6.1010973231E-02,0.399996,0.128195708684));
#1225 = VECTOR('',#1226,1.);
#1226 = DIRECTION('',(7.92359279281E-15,0.,1.));
#1227 = ORIENTED_EDGE('',*,*,#1228,.F.);
#1228 = EDGE_CURVE('',#1141,#1221,#1229,.T.);
#1229 = LINE('',#1230,#1231);
#1230 = CARTESIAN_POINT('',(-6.1010973231E-02,0.399996,0.114512631337));
#1231 = VECTOR('',#1232,1.);
#1232 = DIRECTION('',(1.,0.,-6.521230841367E-15));
#1233 = FACE_BOUND('',#1234,.T.);
#1234 = EDGE_LOOP('',(#1235,#1245,#1253,#1261,#1270,#1279,#1288));
#1235 = ORIENTED_EDGE('',*,*,#1236,.F.);
#1236 = EDGE_CURVE('',#1237,#1239,#1241,.T.);
#1237 = VERTEX_POINT('',#1238);
#1238 = CARTESIAN_POINT('',(-8.5320270219E-02,0.399996,0.109875357404));
#1239 = VERTEX_POINT('',#1240);
#1240 = CARTESIAN_POINT('',(-9.6507953521E-02,0.399996,0.109875357404));
#1241 = LINE('',#1242,#1243);
#1242 = CARTESIAN_POINT('',(-9.6507953521E-02,0.399996,0.109875357404));
#1243 = VECTOR('',#1244,1.);
#1244 = DIRECTION('',(-1.,0.,7.268202682586E-15));
#1245 = ORIENTED_EDGE('',*,*,#1246,.F.);
#1246 = EDGE_CURVE('',#1247,#1237,#1249,.T.);
#1247 = VERTEX_POINT('',#1248);
#1248 = CARTESIAN_POINT('',(-8.5320270219E-02,0.399996,0.150550280337));
#1249 = LINE('',#1250,#1251);
#1250 = CARTESIAN_POINT('',(-8.5320270219E-02,0.399996,0.109875357404));
#1251 = VECTOR('',#1252,1.);
#1252 = DIRECTION('',(-7.996509290875E-15,0.,-1.));
#1253 = ORIENTED_EDGE('',*,*,#1254,.F.);
#1254 = EDGE_CURVE('',#1255,#1247,#1257,.T.);
#1255 = VERTEX_POINT('',#1256);
#1256 = CARTESIAN_POINT('',(-9.6923852528E-02,0.399996,0.150550280337));
#1257 = LINE('',#1258,#1259);
#1258 = CARTESIAN_POINT('',(-8.5320270219E-02,0.399996,0.150550280337));
#1259 = VECTOR('',#1260,1.);
#1260 = DIRECTION('',(1.,0.,-7.007693625814E-15));
#1261 = ORIENTED_EDGE('',*,*,#1262,.F.);
#1262 = EDGE_CURVE('',#1263,#1255,#1265,.T.);
#1263 = VERTEX_POINT('',#1264);
#1264 = CARTESIAN_POINT('',(-0.11230171833,0.399996,0.14516438819));
#1265 = B_SPLINE_CURVE_WITH_KNOTS('',3,(#1266,#1267,#1268,#1269),
  .UNSPECIFIED.,.F.,.F.,(4,4),(2.,3.),.PIECEWISE_BEZIER_KNOTS.);
#1266 = CARTESIAN_POINT('',(-0.11230171833,0.399996,0.14516438819));
#1267 = CARTESIAN_POINT('',(-0.108215510581,0.399996,0.148761914605));
#1268 = CARTESIAN_POINT('',(-0.103089555314,0.399996,0.150550280337));
#1269 = CARTESIAN_POINT('',(-9.6923852528E-02,0.399996,0.150550280337));
#1270 = ORIENTED_EDGE('',*,*,#1271,.F.);
#1271 = EDGE_CURVE('',#1272,#1263,#1274,.T.);
#1272 = VERTEX_POINT('',#1273);
#1273 = CARTESIAN_POINT('',(-0.118436228691,0.399996,0.13073269263));
#1274 = B_SPLINE_CURVE_WITH_KNOTS('',3,(#1275,#1276,#1277,#1278),
  .UNSPECIFIED.,.F.,.F.,(4,4),(3.,4.),.PIECEWISE_BEZIER_KNOTS.);
#1275 = CARTESIAN_POINT('',(-0.118436228691,0.399996,0.13073269263));
#1276 = CARTESIAN_POINT('',(-0.118436228691,0.399996,0.136763228239));
#1277 = CARTESIAN_POINT('',(-0.116387926079,0.399996,0.141566861775));
#1278 = CARTESIAN_POINT('',(-0.11230171833,0.399996,0.14516438819));
#1279 = ORIENTED_EDGE('',*,*,#1280,.F.);
#1280 = EDGE_CURVE('',#1281,#1272,#1283,.T.);
#1281 = VERTEX_POINT('',#1282);
#1282 = CARTESIAN_POINT('',(-0.11230171833,0.399996,0.115573173807));
#1283 = B_SPLINE_CURVE_WITH_KNOTS('',3,(#1284,#1285,#1286,#1287),
  .UNSPECIFIED.,.F.,.F.,(4,4),(4.,5.),.PIECEWISE_BEZIER_KNOTS.);
#1284 = CARTESIAN_POINT('',(-0.11230171833,0.399996,0.115573173807));
#1285 = CARTESIAN_POINT('',(-0.116387926079,0.399996,0.119378649726));
#1286 = CARTESIAN_POINT('',(-0.118436228691,0.399996,0.124431822666));
#1287 = CARTESIAN_POINT('',(-0.118436228691,0.399996,0.13073269263));
#1288 = ORIENTED_EDGE('',*,*,#1289,.F.);
#1289 = EDGE_CURVE('',#1239,#1281,#1290,.T.);
#1290 = B_SPLINE_CURVE_WITH_KNOTS('',3,(#1291,#1292,#1293,#1294),
  .UNSPECIFIED.,.F.,.F.,(4,4),(5.,6.),.PIECEWISE_BEZIER_KNOTS.);
#1291 = CARTESIAN_POINT('',(-9.6507953521E-02,0.399996,0.109875357404));
#1292 = CARTESIAN_POINT('',(-0.102943990661,0.399996,0.109875357404));
#1293 = CARTESIAN_POINT('',(-0.108215510581,0.399996,0.111767697888));
#1294 = CARTESIAN_POINT('',(-0.11230171833,0.399996,0.115573173807));
#1295 = FACE_BOUND('',#1296,.T.);
#1296 = EDGE_LOOP('',(#1297,#1307,#1315,#1323,#1331,#1339,#1347,#1355));
#1297 = ORIENTED_EDGE('',*,*,#1298,.F.);
#1298 = EDGE_CURVE('',#1299,#1301,#1303,.T.);
#1299 = VERTEX_POINT('',#1300);
#1300 = CARTESIAN_POINT('',(-0.157291593466,0.399996,0.109875357404));
#1301 = VERTEX_POINT('',#1302);
#1302 = CARTESIAN_POINT('',(-0.141799355436,0.399996,0.150550280337));
#1303 = LINE('',#1304,#1305);
#1304 = CARTESIAN_POINT('',(-0.141799355436,0.399996,0.150550280337));
#1305 = VECTOR('',#1306,1.);
#1306 = DIRECTION('',(0.355935724369,0.,0.934510438742));
#1307 = ORIENTED_EDGE('',*,*,#1308,.F.);
#1308 = EDGE_CURVE('',#1309,#1299,#1311,.T.);
#1309 = VERTEX_POINT('',#1310);
#1310 = CARTESIAN_POINT('',(-0.151489802311,0.399996,0.109875357404));
#1311 = LINE('',#1312,#1313);
#1312 = CARTESIAN_POINT('',(-0.157291593466,0.399996,0.109875357404));
#1313 = VECTOR('',#1314,1.);
#1314 = DIRECTION('',(-1.,0.,7.007693625814E-15));
#1315 = ORIENTED_EDGE('',*,*,#1316,.F.);
#1316 = EDGE_CURVE('',#1317,#1309,#1319,.T.);
#1317 = VERTEX_POINT('',#1318);
#1318 = CARTESIAN_POINT('',(-0.147341209711,0.399996,0.121000655854));
#1319 = LINE('',#1320,#1321);
#1320 = CARTESIAN_POINT('',(-0.151489802311,0.399996,0.109875357404));
#1321 = VECTOR('',#1322,1.);
#1322 = DIRECTION('',(-0.349395479469,0.,-0.936975345954));
#1323 = ORIENTED_EDGE('',*,*,#1324,.F.);
#1324 = EDGE_CURVE('',#1325,#1317,#1327,.T.);
#1325 = VERTEX_POINT('',#1326);
#1326 = CARTESIAN_POINT('',(-0.130403722631,0.399996,0.121000655854));
#1327 = LINE('',#1328,#1329);
#1328 = CARTESIAN_POINT('',(-0.147341209711,0.399996,0.121000655854));
#1329 = VECTOR('',#1330,1.);
#1330 = DIRECTION('',(-1.,0.,6.401134509038E-15));
#1331 = ORIENTED_EDGE('',*,*,#1332,.F.);
#1332 = EDGE_CURVE('',#1333,#1325,#1335,.T.);
#1333 = VERTEX_POINT('',#1334);
#1334 = CARTESIAN_POINT('',(-0.126494271961,0.399996,0.109875357404));
#1335 = LINE('',#1336,#1337);
#1336 = CARTESIAN_POINT('',(-0.130403722631,0.399996,0.121000655854));
#1337 = VECTOR('',#1338,1.);
#1338 = DIRECTION('',(-0.33152841835,0.,0.943445233083));
#1339 = ORIENTED_EDGE('',*,*,#1340,.F.);
#1340 = EDGE_CURVE('',#1341,#1333,#1343,.T.);
#1341 = VERTEX_POINT('',#1342);
#1342 = CARTESIAN_POINT('',(-0.120692480806,0.399996,0.109875357404));
#1343 = LINE('',#1344,#1345);
#1344 = CARTESIAN_POINT('',(-0.126494271961,0.399996,0.109875357404));
#1345 = VECTOR('',#1346,1.);
#1346 = DIRECTION('',(-1.,0.,7.007693626149E-15));
#1347 = ORIENTED_EDGE('',*,*,#1348,.F.);
#1348 = EDGE_CURVE('',#1349,#1341,#1351,.T.);
#1349 = VERTEX_POINT('',#1350);
#1350 = CARTESIAN_POINT('',(-0.136184718835,0.399996,0.150550280337));
#1351 = LINE('',#1352,#1353);
#1352 = CARTESIAN_POINT('',(-0.120692480806,0.399996,0.109875357404));
#1353 = VECTOR('',#1354,1.);
#1354 = DIRECTION('',(0.355935724364,0.,-0.934510438744));
#1355 = ORIENTED_EDGE('',*,*,#1356,.F.);
#1356 = EDGE_CURVE('',#1301,#1349,#1357,.T.);
#1357 = LINE('',#1358,#1359);
#1358 = CARTESIAN_POINT('',(-0.136184718835,0.399996,0.150550280337));
#1359 = VECTOR('',#1360,1.);
#1360 = DIRECTION('',(1.,0.,-9.655044551229E-15));
#1361 = FACE_BOUND('',#1362,.T.);
#1362 = EDGE_LOOP('',(#1363,#1374,#1383,#1392,#1401,#1410,#1419,#1428,
    #1437,#1446,#1454,#1463,#1472,#1481,#1490,#1499,#1508,#1517,#1526,
    #1535,#1544));
#1363 = ORIENTED_EDGE('',*,*,#1364,.F.);
#1364 = EDGE_CURVE('',#1365,#1367,#1369,.T.);
#1365 = VERTEX_POINT('',#1366);
#1366 = CARTESIAN_POINT('',(-5.9430557002E-02,0.399996,4.8821383104E-02)
  );
#1367 = VERTEX_POINT('',#1368);
#1368 = CARTESIAN_POINT('',(-5.1050192001E-02,0.399996,5.1628701404E-02)
  );
#1369 = B_SPLINE_CURVE_WITH_KNOTS('',3,(#1370,#1371,#1372,#1373),
  .UNSPECIFIED.,.F.,.F.,(4,4),(0.,1.),.PIECEWISE_BEZIER_KNOTS.);
#1370 = CARTESIAN_POINT('',(-5.9430557002E-02,0.399996,4.8821383104E-02)
  );
#1371 = CARTESIAN_POINT('',(-5.6436084149E-02,0.399996,4.8821383104E-02)
  );
#1372 = CARTESIAN_POINT('',(-5.3649560798E-02,0.399996,4.975715587E-02)
  );
#1373 = CARTESIAN_POINT('',(-5.1050192001E-02,0.399996,5.1628701404E-02)
  );
#1374 = ORIENTED_EDGE('',*,*,#1375,.F.);
#1375 = EDGE_CURVE('',#1376,#1365,#1378,.T.);
#1376 = VERTEX_POINT('',#1377);
#1377 = CARTESIAN_POINT('',(-6.544029766E-02,0.399996,5.2751628724E-02)
  );
#1378 = B_SPLINE_CURVE_WITH_KNOTS('',3,(#1379,#1380,#1381,#1382),
  .UNSPECIFIED.,.F.,.F.,(4,4),(1.,2.),.PIECEWISE_BEZIER_KNOTS.);
#1379 = CARTESIAN_POINT('',(-6.544029766E-02,0.399996,5.2751628724E-02)
  );
#1380 = CARTESIAN_POINT('',(-6.544029766E-02,0.399996,5.0131464977E-02)
  );
#1381 = CARTESIAN_POINT('',(-6.343358495E-02,0.399996,4.8821383104E-02)
  );
#1382 = CARTESIAN_POINT('',(-5.9430557002E-02,0.399996,4.8821383104E-02)
  );
#1383 = ORIENTED_EDGE('',*,*,#1384,.F.);
#1384 = EDGE_CURVE('',#1385,#1376,#1387,.T.);
#1385 = VERTEX_POINT('',#1386);
#1386 = CARTESIAN_POINT('',(-6.4130215786E-02,0.399996,5.5517357124E-02)
  );
#1387 = B_SPLINE_CURVE_WITH_KNOTS('',3,(#1388,#1389,#1390,#1391),
  .UNSPECIFIED.,.F.,.F.,(4,4),(2.,3.),.PIECEWISE_BEZIER_KNOTS.);
#1388 = CARTESIAN_POINT('',(-6.4130215786E-02,0.399996,5.5517357124E-02)
  );
#1389 = CARTESIAN_POINT('',(-6.5003603702E-02,0.399996,5.4789533861E-02)
  );
#1390 = CARTESIAN_POINT('',(-6.544029766E-02,0.399996,5.3874556045E-02)
  );
#1391 = CARTESIAN_POINT('',(-6.544029766E-02,0.399996,5.2751628724E-02)
  );
#1392 = ORIENTED_EDGE('',*,*,#1393,.F.);
#1393 = EDGE_CURVE('',#1394,#1385,#1396,.T.);
#1394 = VERTEX_POINT('',#1395);
#1395 = CARTESIAN_POINT('',(-5.8796311016E-02,0.399996,5.8116725921E-02)
  );
#1396 = B_SPLINE_CURVE_WITH_KNOTS('',3,(#1397,#1398,#1399,#1400),
  .UNSPECIFIED.,.F.,.F.,(4,4),(3.,4.),.PIECEWISE_BEZIER_KNOTS.);
#1397 = CARTESIAN_POINT('',(-5.8796311016E-02,0.399996,5.8116725921E-02)
  );
#1398 = CARTESIAN_POINT('',(-6.1478859614E-02,0.399996,5.7118568304E-02)
  );
#1399 = CARTESIAN_POINT('',(-6.3256827871E-02,0.399996,5.6245180388E-02)
  );
#1400 = CARTESIAN_POINT('',(-6.4130215786E-02,0.399996,5.5517357124E-02)
  );
#1401 = ORIENTED_EDGE('',*,*,#1402,.F.);
#1402 = EDGE_CURVE('',#1403,#1394,#1405,.T.);
#1403 = VERTEX_POINT('',#1404);
#1404 = CARTESIAN_POINT('',(-5.2526633477E-02,0.399996,6.1963791741E-02)
  );
#1405 = B_SPLINE_CURVE_WITH_KNOTS('',3,(#1406,#1407,#1408,#1409),
  .UNSPECIFIED.,.F.,.F.,(4,4),(4.,5.),.PIECEWISE_BEZIER_KNOTS.);
#1406 = CARTESIAN_POINT('',(-5.2526633477E-02,0.399996,6.1963791741E-02)
  );
#1407 = CARTESIAN_POINT('',(-5.3483201195E-02,0.399996,6.0695299768E-02)
  );
#1408 = CARTESIAN_POINT('',(-5.5583491183E-02,0.399996,5.9406012845E-02)
  );
#1409 = CARTESIAN_POINT('',(-5.8796311016E-02,0.399996,5.8116725921E-02)
  );
#1410 = ORIENTED_EDGE('',*,*,#1411,.F.);
#1411 = EDGE_CURVE('',#1412,#1403,#1414,.T.);
#1412 = VERTEX_POINT('',#1413);
#1413 = CARTESIAN_POINT('',(-5.1081384427E-02,0.399996,6.6559475774E-02)
  );
#1414 = B_SPLINE_CURVE_WITH_KNOTS('',3,(#1415,#1416,#1417,#1418),
  .UNSPECIFIED.,.F.,.F.,(4,4),(5.,6.),.PIECEWISE_BEZIER_KNOTS.);
#1415 = CARTESIAN_POINT('',(-5.1081384427E-02,0.399996,6.6559475774E-02)
  );
#1416 = CARTESIAN_POINT('',(-5.1081384427E-02,0.399996,6.4771110041E-02)
  );
#1417 = CARTESIAN_POINT('',(-5.1559668285E-02,0.399996,6.3232283714E-02)
  );
#1418 = CARTESIAN_POINT('',(-5.2526633477E-02,0.399996,6.1963791741E-02)
  );
#1419 = ORIENTED_EDGE('',*,*,#1420,.F.);
#1420 = EDGE_CURVE('',#1421,#1412,#1423,.T.);
#1421 = VERTEX_POINT('',#1422);
#1422 = CARTESIAN_POINT('',(-5.4346191636E-02,0.399996,7.2756370985E-02)
  );
#1423 = B_SPLINE_CURVE_WITH_KNOTS('',3,(#1424,#1425,#1426,#1427),
  .UNSPECIFIED.,.F.,.F.,(4,4),(6.,7.),.PIECEWISE_BEZIER_KNOTS.);
#1424 = CARTESIAN_POINT('',(-5.4346191636E-02,0.399996,7.2756370985E-02)
  );
#1425 = CARTESIAN_POINT('',(-5.2173119322E-02,0.399996,7.1196749707E-02)
  );
#1426 = CARTESIAN_POINT('',(-5.1081384427E-02,0.399996,6.913804962E-02)
  );
#1427 = CARTESIAN_POINT('',(-5.1081384427E-02,0.399996,6.6559475774E-02)
  );
#1428 = ORIENTED_EDGE('',*,*,#1429,.F.);
#1429 = EDGE_CURVE('',#1430,#1421,#1432,.T.);
#1430 = VERTEX_POINT('',#1431);
#1431 = CARTESIAN_POINT('',(-6.239383743E-02,0.399996,7.5064610476E-02)
  );
#1432 = B_SPLINE_CURVE_WITH_KNOTS('',3,(#1433,#1434,#1435,#1436),
  .UNSPECIFIED.,.F.,.F.,(4,4),(7.,8.),.PIECEWISE_BEZIER_KNOTS.);
#1433 = CARTESIAN_POINT('',(-6.239383743E-02,0.399996,7.5064610476E-02)
  );
#1434 = CARTESIAN_POINT('',(-5.9212210023E-02,0.399996,7.5064610476E-02)
  );
#1435 = CARTESIAN_POINT('',(-5.6529661425E-02,0.399996,7.4295197313E-02)
  );
#1436 = CARTESIAN_POINT('',(-5.4346191636E-02,0.399996,7.2756370985E-02)
  );
#1437 = ORIENTED_EDGE('',*,*,#1438,.F.);
#1438 = EDGE_CURVE('',#1439,#1430,#1441,.T.);
#1439 = VERTEX_POINT('',#1440);
#1440 = CARTESIAN_POINT('',(-6.9276966004E-02,0.399996,7.3775323553E-02)
  );
#1441 = B_SPLINE_CURVE_WITH_KNOTS('',3,(#1442,#1443,#1444,#1445),
  .UNSPECIFIED.,.F.,.F.,(4,4),(8.,9.),.PIECEWISE_BEZIER_KNOTS.);
#1442 = CARTESIAN_POINT('',(-6.9276966004E-02,0.399996,7.3775323553E-02)
  );
#1443 = CARTESIAN_POINT('',(-6.7155881066E-02,0.399996,7.4648711469E-02)
  );
#1444 = CARTESIAN_POINT('',(-6.4868436525E-02,0.399996,7.5064610476E-02)
  );
#1445 = CARTESIAN_POINT('',(-6.239383743E-02,0.399996,7.5064610476E-02)
  );
#1446 = ORIENTED_EDGE('',*,*,#1447,.F.);
#1447 = EDGE_CURVE('',#1448,#1439,#1450,.T.);
#1448 = VERTEX_POINT('',#1449);
#1449 = CARTESIAN_POINT('',(-6.9276966004E-02,0.399996,6.8826125364E-02)
  );
#1450 = LINE('',#1451,#1452);
#1451 = CARTESIAN_POINT('',(-6.9276966004E-02,0.399996,7.3775323553E-02)
  );
#1452 = VECTOR('',#1453,1.);
#1453 = DIRECTION('',(1.095320180198E-14,0.,1.));
#1454 = ORIENTED_EDGE('',*,*,#1455,.F.);
#1455 = EDGE_CURVE('',#1456,#1448,#1458,.T.);
#1456 = VERTEX_POINT('',#1457);
#1457 = CARTESIAN_POINT('',(-6.1894758621E-02,0.399996,7.0926415352E-02)
  );
#1458 = B_SPLINE_CURVE_WITH_KNOTS('',3,(#1459,#1460,#1461,#1462),
  .UNSPECIFIED.,.F.,.F.,(4,4),(10.,11.),.PIECEWISE_BEZIER_KNOTS.);
#1459 = CARTESIAN_POINT('',(-6.1894758621E-02,0.399996,7.0926415352E-02)
  );
#1460 = CARTESIAN_POINT('',(-6.4650089547E-02,0.399996,7.0926415352E-02)
  );
#1461 = CARTESIAN_POINT('',(-6.710389369E-02,0.399996,7.0219387039E-02)
  );
#1462 = CARTESIAN_POINT('',(-6.9276966004E-02,0.399996,6.8826125364E-02)
  );
#1463 = ORIENTED_EDGE('',*,*,#1464,.F.);
#1464 = EDGE_CURVE('',#1465,#1456,#1467,.T.);
#1465 = VERTEX_POINT('',#1466);
#1466 = CARTESIAN_POINT('',(-5.7881333199E-02,0.399996,6.9845077932E-02)
  );
#1467 = B_SPLINE_CURVE_WITH_KNOTS('',3,(#1468,#1469,#1470,#1471),
  .UNSPECIFIED.,.F.,.F.,(4,4),(11.,12.),.PIECEWISE_BEZIER_KNOTS.);
#1468 = CARTESIAN_POINT('',(-5.7881333199E-02,0.399996,6.9845077932E-02)
  );
#1469 = CARTESIAN_POINT('',(-5.8910683242E-02,0.399996,7.0572901196E-02)
  );
#1470 = CARTESIAN_POINT('',(-6.0251957542E-02,0.399996,7.0926415352E-02)
  );
#1471 = CARTESIAN_POINT('',(-6.1894758621E-02,0.399996,7.0926415352E-02)
  );
#1472 = ORIENTED_EDGE('',*,*,#1473,.F.);
#1473 = EDGE_CURVE('',#1474,#1465,#1476,.T.);
#1474 = VERTEX_POINT('',#1475);
#1475 = CARTESIAN_POINT('',(-5.6332109396E-02,0.399996,6.7016964682E-02)
  );
#1476 = B_SPLINE_CURVE_WITH_KNOTS('',3,(#1477,#1478,#1479,#1480),
  .UNSPECIFIED.,.F.,.F.,(4,4),(12.,13.),.PIECEWISE_BEZIER_KNOTS.);
#1477 = CARTESIAN_POINT('',(-5.6332109396E-02,0.399996,6.7016964682E-02)
  );
#1478 = CARTESIAN_POINT('',(-5.6332109396E-02,0.399996,6.8181481902E-02)
  );
#1479 = CARTESIAN_POINT('',(-5.6851983155E-02,0.399996,6.913804962E-02)
  );
#1480 = CARTESIAN_POINT('',(-5.7881333199E-02,0.399996,6.9845077932E-02)
  );
#1481 = ORIENTED_EDGE('',*,*,#1482,.F.);
#1482 = EDGE_CURVE('',#1483,#1474,#1485,.T.);
#1483 = VERTEX_POINT('',#1484);
#1484 = CARTESIAN_POINT('',(-5.7444639241E-02,0.399996,6.4313621133E-02)
  );
#1485 = B_SPLINE_CURVE_WITH_KNOTS('',3,(#1486,#1487,#1488,#1489),
  .UNSPECIFIED.,.F.,.F.,(4,4),(13.,14.),.PIECEWISE_BEZIER_KNOTS.);
#1486 = CARTESIAN_POINT('',(-5.7444639241E-02,0.399996,6.4313621133E-02)
  );
#1487 = CARTESIAN_POINT('',(-5.6706418503E-02,0.399996,6.4958264595E-02)
  );
#1488 = CARTESIAN_POINT('',(-5.6332109396E-02,0.399996,6.5852447461E-02)
  );
#1489 = CARTESIAN_POINT('',(-5.6332109396E-02,0.399996,6.7016964682E-02)
  );
#1490 = ORIENTED_EDGE('',*,*,#1491,.F.);
#1491 = EDGE_CURVE('',#1492,#1483,#1494,.T.);
#1492 = VERTEX_POINT('',#1493);
#1493 = CARTESIAN_POINT('',(-6.239383743E-02,0.399996,6.1818227088E-02)
  );
#1494 = B_SPLINE_CURVE_WITH_KNOTS('',3,(#1495,#1496,#1497,#1498),
  .UNSPECIFIED.,.F.,.F.,(4,4),(14.,15.),.PIECEWISE_BEZIER_KNOTS.);
#1495 = CARTESIAN_POINT('',(-6.239383743E-02,0.399996,6.1818227088E-02)
  );
#1496 = CARTESIAN_POINT('',(-5.9836058534E-02,0.399996,6.2816384706E-02)
  );
#1497 = CARTESIAN_POINT('',(-5.8193257455E-02,0.399996,6.3648182721E-02)
  );
#1498 = CARTESIAN_POINT('',(-5.7444639241E-02,0.399996,6.4313621133E-02)
  );
#1499 = ORIENTED_EDGE('',*,*,#1500,.F.);
#1500 = EDGE_CURVE('',#1501,#1492,#1503,.T.);
#1501 = VERTEX_POINT('',#1502);
#1502 = CARTESIAN_POINT('',(-6.8965041749E-02,0.399996,5.805434107E-02)
  );
#1503 = B_SPLINE_CURVE_WITH_KNOTS('',3,(#1504,#1505,#1506,#1507),
  .UNSPECIFIED.,.F.,.F.,(4,4),(15.,16.),.PIECEWISE_BEZIER_KNOTS.);
#1504 = CARTESIAN_POINT('',(-6.8965041749E-02,0.399996,5.805434107E-02)
  );
#1505 = CARTESIAN_POINT('',(-6.7821319478E-02,0.399996,5.9343627994E-02)
  );
#1506 = CARTESIAN_POINT('',(-6.5637849689E-02,0.399996,6.0612119966E-02)
  );
#1507 = CARTESIAN_POINT('',(-6.239383743E-02,0.399996,6.1818227088E-02)
  );
#1508 = ORIENTED_EDGE('',*,*,#1509,.F.);
#1509 = EDGE_CURVE('',#1510,#1501,#1512,.T.);
#1510 = VERTEX_POINT('',#1511);
#1511 = CARTESIAN_POINT('',(-7.067022768E-02,0.399996,5.3250707534E-02)
  );
#1512 = B_SPLINE_CURVE_WITH_KNOTS('',3,(#1513,#1514,#1515,#1516),
  .UNSPECIFIED.,.F.,.F.,(4,4),(16.,17.),.PIECEWISE_BEZIER_KNOTS.);
#1513 = CARTESIAN_POINT('',(-7.067022768E-02,0.399996,5.3250707534E-02)
  );
#1514 = CARTESIAN_POINT('',(-7.067022768E-02,0.399996,5.5163842968E-02)
  );
#1515 = CARTESIAN_POINT('',(-7.0098366544E-02,0.399996,5.6765054147E-02)
  );
#1516 = CARTESIAN_POINT('',(-6.8965041749E-02,0.399996,5.805434107E-02)
  );
#1517 = ORIENTED_EDGE('',*,*,#1518,.F.);
#1518 = EDGE_CURVE('',#1519,#1510,#1521,.T.);
#1519 = VERTEX_POINT('',#1520);
#1520 = CARTESIAN_POINT('',(-6.7395022996E-02,0.399996,4.697063252E-02)
  );
#1521 = B_SPLINE_CURVE_WITH_KNOTS('',3,(#1522,#1523,#1524,#1525),
  .UNSPECIFIED.,.F.,.F.,(4,4),(17.,18.),.PIECEWISE_BEZIER_KNOTS.);
#1522 = CARTESIAN_POINT('',(-6.7395022996E-02,0.399996,4.697063252E-02)
  );
#1523 = CARTESIAN_POINT('',(-6.9578492785E-02,0.399996,4.8488663898E-02)
  );
#1524 = CARTESIAN_POINT('',(-7.067022768E-02,0.399996,5.0588953885E-02)
  );
#1525 = CARTESIAN_POINT('',(-7.067022768E-02,0.399996,5.3250707534E-02)
  );
#1526 = ORIENTED_EDGE('',*,*,#1527,.F.);
#1527 = EDGE_CURVE('',#1528,#1519,#1530,.T.);
#1528 = VERTEX_POINT('',#1529);
#1529 = CARTESIAN_POINT('',(-5.8931478193E-02,0.399996,4.4662393029E-02)
  );
#1530 = B_SPLINE_CURVE_WITH_KNOTS('',3,(#1531,#1532,#1533,#1534),
  .UNSPECIFIED.,.F.,.F.,(4,4),(18.,19.),.PIECEWISE_BEZIER_KNOTS.);
#1531 = CARTESIAN_POINT('',(-5.8931478193E-02,0.399996,4.4662393029E-02)
  );
#1532 = CARTESIAN_POINT('',(-6.239383743E-02,0.399996,4.4662393029E-02)
  );
#1533 = CARTESIAN_POINT('',(-6.5221950682E-02,0.399996,4.5431806192E-02)
  );
#1534 = CARTESIAN_POINT('',(-6.7395022996E-02,0.399996,4.697063252E-02)
  );
#1535 = ORIENTED_EDGE('',*,*,#1536,.F.);
#1536 = EDGE_CURVE('',#1537,#1528,#1539,.T.);
#1537 = VERTEX_POINT('',#1538);
#1538 = CARTESIAN_POINT('',(-5.1050192001E-02,0.399996,4.636757896E-02)
  );
#1539 = B_SPLINE_CURVE_WITH_KNOTS('',3,(#1540,#1541,#1542,#1543),
  .UNSPECIFIED.,.F.,.F.,(4,4),(19.,20.),.PIECEWISE_BEZIER_KNOTS.);
#1540 = CARTESIAN_POINT('',(-5.1050192001E-02,0.399996,4.636757896E-02)
  );
#1541 = CARTESIAN_POINT('',(-5.3296046641E-02,0.399996,4.5244651639E-02)
  );
#1542 = CARTESIAN_POINT('',(-5.5916210389E-02,0.399996,4.4662393029E-02)
  );
#1543 = CARTESIAN_POINT('',(-5.8931478193E-02,0.399996,4.4662393029E-02)
  );
#1544 = ORIENTED_EDGE('',*,*,#1545,.F.);
#1545 = EDGE_CURVE('',#1367,#1537,#1546,.T.);
#1546 = LINE('',#1547,#1548);
#1547 = CARTESIAN_POINT('',(-5.1050192001E-02,0.399996,4.636757896E-02)
  );
#1548 = VECTOR('',#1549,1.);
#1549 = DIRECTION('',(-1.03038024858E-14,0.,-1.));
#1550 = FACE_BOUND('',#1551,.T.);
#1551 = EDGE_LOOP('',(#1552,#1562,#1570,#1578,#1586,#1594,#1602,#1610,
    #1618,#1626,#1634,#1642));
#1552 = ORIENTED_EDGE('',*,*,#1553,.F.);
#1553 = EDGE_CURVE('',#1554,#1556,#1558,.T.);
#1554 = VERTEX_POINT('',#1555);
#1555 = CARTESIAN_POINT('',(-0.128573766998,0.399996,4.5348626391E-02));
#1556 = VERTEX_POINT('',#1557);
#1557 = CARTESIAN_POINT('',(-0.128573766998,0.399996,4.9985900325E-02));
#1558 = LINE('',#1559,#1560);
#1559 = CARTESIAN_POINT('',(-0.128573766998,0.399996,4.9985900325E-02));
#1560 = VECTOR('',#1561,1.);
#1561 = DIRECTION('',(1.168996425484E-14,0.,1.));
#1562 = ORIENTED_EDGE('',*,*,#1563,.F.);
#1563 = EDGE_CURVE('',#1564,#1554,#1566,.T.);
#1564 = VERTEX_POINT('',#1565);
#1565 = CARTESIAN_POINT('',(-0.106697479205,0.399996,4.5348626391E-02));
#1566 = LINE('',#1567,#1568);
#1567 = CARTESIAN_POINT('',(-0.128573766998,0.399996,4.5348626391E-02));
#1568 = VECTOR('',#1569,1.);
#1569 = DIRECTION('',(-1.,0.,6.814515759746E-15));
#1570 = ORIENTED_EDGE('',*,*,#1571,.F.);
#1571 = EDGE_CURVE('',#1572,#1564,#1574,.T.);
#1572 = VERTEX_POINT('',#1573);
#1573 = CARTESIAN_POINT('',(-0.106697479205,0.399996,8.6023549324E-02));
#1574 = LINE('',#1575,#1576);
#1575 = CARTESIAN_POINT('',(-0.106697479205,0.399996,4.5348626391E-02));
#1576 = VECTOR('',#1577,1.);
#1577 = DIRECTION('',(-6.663757742396E-15,0.,-1.));
#1578 = ORIENTED_EDGE('',*,*,#1579,.F.);
#1579 = EDGE_CURVE('',#1580,#1572,#1582,.T.);
#1580 = VERTEX_POINT('',#1581);
#1581 = CARTESIAN_POINT('',(-0.127648391706,0.399996,8.6023549324E-02));
#1582 = LINE('',#1583,#1584);
#1583 = CARTESIAN_POINT('',(-0.106697479205,0.399996,8.6023549324E-02));
#1584 = VECTOR('',#1585,1.);
#1585 = DIRECTION('',(1.,0.,-7.115504297044E-15));
#1586 = ORIENTED_EDGE('',*,*,#1587,.F.);
#1587 = EDGE_CURVE('',#1588,#1580,#1590,.T.);
#1588 = VERTEX_POINT('',#1589);
#1589 = CARTESIAN_POINT('',(-0.127648391706,0.399996,8.134468549E-02));
#1590 = LINE('',#1591,#1592);
#1591 = CARTESIAN_POINT('',(-0.127648391706,0.399996,8.6023549324E-02));
#1592 = VECTOR('',#1593,1.);
#1593 = DIRECTION('',(1.158605346159E-14,0.,1.));
#1594 = ORIENTED_EDGE('',*,*,#1595,.F.);
#1595 = EDGE_CURVE('',#1596,#1588,#1598,.T.);
#1596 = VERTEX_POINT('',#1597);
#1597 = CARTESIAN_POINT('',(-0.111948204174,0.399996,8.134468549E-02));
#1598 = LINE('',#1599,#1600);
#1599 = CARTESIAN_POINT('',(-0.127648391706,0.399996,8.134468549E-02));
#1600 = VECTOR('',#1601,1.);
#1601 = DIRECTION('',(-1.,0.,6.905594778401E-15));
#1602 = ORIENTED_EDGE('',*,*,#1603,.F.);
#1603 = EDGE_CURVE('',#1604,#1596,#1606,.T.);
#1604 = VERTEX_POINT('',#1605);
#1605 = CARTESIAN_POINT('',(-0.111948204174,0.399996,6.8327046556E-02));
#1606 = LINE('',#1607,#1608);
#1607 = CARTESIAN_POINT('',(-0.111948204174,0.399996,8.134468549E-02));
#1608 = VECTOR('',#1609,1.);
#1609 = DIRECTION('',(4.164316339927E-15,0.,1.));
#1610 = ORIENTED_EDGE('',*,*,#1611,.F.);
#1611 = EDGE_CURVE('',#1612,#1604,#1614,.T.);
#1612 = VERTEX_POINT('',#1613);
#1613 = CARTESIAN_POINT('',(-0.126494271961,0.399996,6.8327046556E-02));
#1614 = LINE('',#1615,#1616);
#1615 = CARTESIAN_POINT('',(-0.111948204174,0.399996,6.8327046556E-02));
#1616 = VECTOR('',#1617,1.);
#1617 = DIRECTION('',(1.,0.,-7.453501154713E-15));
#1618 = ORIENTED_EDGE('',*,*,#1619,.F.);
#1619 = EDGE_CURVE('',#1620,#1612,#1622,.T.);
#1620 = VERTEX_POINT('',#1621);
#1621 = CARTESIAN_POINT('',(-0.126494271961,0.399996,6.3668977672E-02));
#1622 = LINE('',#1623,#1624);
#1623 = CARTESIAN_POINT('',(-0.126494271961,0.399996,6.8327046556E-02));
#1624 = VECTOR('',#1625,1.);
#1625 = DIRECTION('',(1.163777691448E-14,0.,1.));
#1626 = ORIENTED_EDGE('',*,*,#1627,.F.);
#1627 = EDGE_CURVE('',#1628,#1620,#1630,.T.);
#1628 = VERTEX_POINT('',#1629);
#1629 = CARTESIAN_POINT('',(-0.111948204174,0.399996,6.3668977672E-02));
#1630 = LINE('',#1631,#1632);
#1631 = CARTESIAN_POINT('',(-0.126494271961,0.399996,6.3668977672E-02));
#1632 = VECTOR('',#1633,1.);
#1633 = DIRECTION('',(-1.,0.,7.453501154713E-15));
#1634 = ORIENTED_EDGE('',*,*,#1635,.F.);
#1635 = EDGE_CURVE('',#1636,#1628,#1638,.T.);
#1636 = VERTEX_POINT('',#1637);
#1637 = CARTESIAN_POINT('',(-0.111948204174,0.399996,4.9985900325E-02));
#1638 = LINE('',#1639,#1640);
#1639 = CARTESIAN_POINT('',(-0.111948204174,0.399996,6.3668977672E-02));
#1640 = VECTOR('',#1641,1.);
#1641 = DIRECTION('',(3.961796396405E-15,0.,1.));
#1642 = ORIENTED_EDGE('',*,*,#1643,.F.);
#1643 = EDGE_CURVE('',#1556,#1636,#1644,.T.);
#1644 = LINE('',#1645,#1646);
#1645 = CARTESIAN_POINT('',(-0.111948204174,0.399996,4.9985900325E-02));
#1646 = VECTOR('',#1647,1.);
#1647 = DIRECTION('',(1.,0.,-7.336384696538E-15));
#1648 = FACE_BOUND('',#1649,.T.);
#1649 = EDGE_LOOP('',(#1650,#1660,#1668,#1676,#1685,#1694,#1703));
#1650 = ORIENTED_EDGE('',*,*,#1651,.F.);
#1651 = EDGE_CURVE('',#1652,#1654,#1656,.T.);
#1652 = VERTEX_POINT('',#1653);
#1653 = CARTESIAN_POINT('',(-0.136257501162,0.399996,4.5348626391E-02));
#1654 = VERTEX_POINT('',#1655);
#1655 = CARTESIAN_POINT('',(-0.147445184463,0.399996,4.5348626391E-02));
#1656 = LINE('',#1657,#1658);
#1657 = CARTESIAN_POINT('',(-0.147445184463,0.399996,4.5348626391E-02));
#1658 = VECTOR('',#1659,1.);
#1659 = DIRECTION('',(-1.,0.,7.268202682586E-15));
#1660 = ORIENTED_EDGE('',*,*,#1661,.F.);
#1661 = EDGE_CURVE('',#1662,#1652,#1664,.T.);
#1662 = VERTEX_POINT('',#1663);
#1663 = CARTESIAN_POINT('',(-0.136257501162,0.399996,8.6023549324E-02));
#1664 = LINE('',#1665,#1666);
#1665 = CARTESIAN_POINT('',(-0.136257501162,0.399996,4.5348626391E-02));
#1666 = VECTOR('',#1667,1.);
#1667 = DIRECTION('',(-7.996509290875E-15,0.,-1.));
#1668 = ORIENTED_EDGE('',*,*,#1669,.F.);
#1669 = EDGE_CURVE('',#1670,#1662,#1672,.T.);
#1670 = VERTEX_POINT('',#1671);
#1671 = CARTESIAN_POINT('',(-0.14786108347,0.399996,8.6023549324E-02));
#1672 = LINE('',#1673,#1674);
#1673 = CARTESIAN_POINT('',(-0.136257501162,0.399996,8.6023549324E-02));
#1674 = VECTOR('',#1675,1.);
#1675 = DIRECTION('',(1.,0.,-5.839744688318E-15));
#1676 = ORIENTED_EDGE('',*,*,#1677,.F.);
#1677 = EDGE_CURVE('',#1678,#1670,#1680,.T.);
#1678 = VERTEX_POINT('',#1679);
#1679 = CARTESIAN_POINT('',(-0.163238949273,0.399996,8.0637657177E-02));
#1680 = B_SPLINE_CURVE_WITH_KNOTS('',3,(#1681,#1682,#1683,#1684),
  .UNSPECIFIED.,.F.,.F.,(4,4),(2.,3.),.PIECEWISE_BEZIER_KNOTS.);
#1681 = CARTESIAN_POINT('',(-0.163238949273,0.399996,8.0637657177E-02));
#1682 = CARTESIAN_POINT('',(-0.159152741525,0.399996,8.4235183592E-02));
#1683 = CARTESIAN_POINT('',(-0.154026786257,0.399996,8.6023549324E-02));
#1684 = CARTESIAN_POINT('',(-0.14786108347,0.399996,8.6023549324E-02));
#1685 = ORIENTED_EDGE('',*,*,#1686,.F.);
#1686 = EDGE_CURVE('',#1687,#1678,#1689,.T.);
#1687 = VERTEX_POINT('',#1688);
#1688 = CARTESIAN_POINT('',(-0.169373459633,0.399996,6.6205961617E-02));
#1689 = B_SPLINE_CURVE_WITH_KNOTS('',3,(#1690,#1691,#1692,#1693),
  .UNSPECIFIED.,.F.,.F.,(4,4),(3.,4.),.PIECEWISE_BEZIER_KNOTS.);
#1690 = CARTESIAN_POINT('',(-0.169373459633,0.399996,6.6205961617E-02));
#1691 = CARTESIAN_POINT('',(-0.169373459633,0.399996,7.2236497226E-02));
#1692 = CARTESIAN_POINT('',(-0.167325157022,0.399996,7.7040130762E-02));
#1693 = CARTESIAN_POINT('',(-0.163238949273,0.399996,8.0637657177E-02));
#1694 = ORIENTED_EDGE('',*,*,#1695,.F.);
#1695 = EDGE_CURVE('',#1696,#1687,#1698,.T.);
#1696 = VERTEX_POINT('',#1697);
#1697 = CARTESIAN_POINT('',(-0.163238949273,0.399996,5.1046442793E-02));
#1698 = B_SPLINE_CURVE_WITH_KNOTS('',3,(#1699,#1700,#1701,#1702),
  .UNSPECIFIED.,.F.,.F.,(4,4),(4.,5.),.PIECEWISE_BEZIER_KNOTS.);
#1699 = CARTESIAN_POINT('',(-0.163238949273,0.399996,5.1046442793E-02));
#1700 = CARTESIAN_POINT('',(-0.167325157022,0.399996,5.4851918712E-02));
#1701 = CARTESIAN_POINT('',(-0.169373459633,0.399996,5.9905091653E-02));
#1702 = CARTESIAN_POINT('',(-0.169373459633,0.399996,6.6205961617E-02));
#1703 = ORIENTED_EDGE('',*,*,#1704,.F.);
#1704 = EDGE_CURVE('',#1654,#1696,#1705,.T.);
#1705 = B_SPLINE_CURVE_WITH_KNOTS('',3,(#1706,#1707,#1708,#1709),
  .UNSPECIFIED.,.F.,.F.,(4,4),(5.,6.),.PIECEWISE_BEZIER_KNOTS.);
#1706 = CARTESIAN_POINT('',(-0.147445184463,0.399996,4.5348626391E-02));
#1707 = CARTESIAN_POINT('',(-0.153881221604,0.399996,4.5348626391E-02));
#1708 = CARTESIAN_POINT('',(-0.159152741525,0.399996,4.7240966876E-02));
#1709 = CARTESIAN_POINT('',(-0.163238949273,0.399996,5.1046442793E-02));
#1710 = FACE_BOUND('',#1711,.T.);
#1711 = EDGE_LOOP('',(#1712,#1722,#1730,#1738,#1746,#1754,#1762,#1770));
#1712 = ORIENTED_EDGE('',*,*,#1713,.F.);
#1713 = EDGE_CURVE('',#1714,#1716,#1718,.T.);
#1714 = VERTEX_POINT('',#1715);
#1715 = CARTESIAN_POINT('',(-0.208228824409,0.399996,4.5348626391E-02));
#1716 = VERTEX_POINT('',#1717);
#1717 = CARTESIAN_POINT('',(-0.19273658638,0.399996,8.6023549324E-02));
#1718 = LINE('',#1719,#1720);
#1719 = CARTESIAN_POINT('',(-0.19273658638,0.399996,8.6023549324E-02));
#1720 = VECTOR('',#1721,1.);
#1721 = DIRECTION('',(0.355935724364,0.,0.934510438744));
#1722 = ORIENTED_EDGE('',*,*,#1723,.F.);
#1723 = EDGE_CURVE('',#1724,#1714,#1726,.T.);
#1724 = VERTEX_POINT('',#1725);
#1725 = CARTESIAN_POINT('',(-0.202427033254,0.399996,4.5348626391E-02));
#1726 = LINE('',#1727,#1728);
#1727 = CARTESIAN_POINT('',(-0.208228824409,0.399996,4.5348626391E-02));
#1728 = VECTOR('',#1729,1.);
#1729 = DIRECTION('',(-1.,0.,7.007693626149E-15));
#1730 = ORIENTED_EDGE('',*,*,#1731,.F.);
#1731 = EDGE_CURVE('',#1732,#1724,#1734,.T.);
#1732 = VERTEX_POINT('',#1733);
#1733 = CARTESIAN_POINT('',(-0.198278440655,0.399996,5.6473924842E-02));
#1734 = LINE('',#1735,#1736);
#1735 = CARTESIAN_POINT('',(-0.202427033254,0.399996,4.5348626391E-02));
#1736 = VECTOR('',#1737,1.);
#1737 = DIRECTION('',(-0.349395479497,0.,-0.936975345944));
#1738 = ORIENTED_EDGE('',*,*,#1739,.F.);
#1739 = EDGE_CURVE('',#1740,#1732,#1742,.T.);
#1740 = VERTEX_POINT('',#1741);
#1741 = CARTESIAN_POINT('',(-0.181340953574,0.399996,5.6473924842E-02));
#1742 = LINE('',#1743,#1744);
#1743 = CARTESIAN_POINT('',(-0.198278440655,0.399996,5.6473924842E-02));
#1744 = VECTOR('',#1745,1.);
#1745 = DIRECTION('',(-1.,0.,6.401134509037E-15));
#1746 = ORIENTED_EDGE('',*,*,#1747,.F.);
#1747 = EDGE_CURVE('',#1748,#1740,#1750,.T.);
#1748 = VERTEX_POINT('',#1749);
#1749 = CARTESIAN_POINT('',(-0.177431502903,0.399996,4.5348626391E-02));
#1750 = LINE('',#1751,#1752);
#1751 = CARTESIAN_POINT('',(-0.181340953574,0.399996,5.6473924842E-02));
#1752 = VECTOR('',#1753,1.);
#1753 = DIRECTION('',(-0.331528418357,0.,0.94344523308));
#1754 = ORIENTED_EDGE('',*,*,#1755,.F.);
#1755 = EDGE_CURVE('',#1756,#1748,#1758,.T.);
#1756 = VERTEX_POINT('',#1757);
#1757 = CARTESIAN_POINT('',(-0.171629711749,0.399996,4.5348626391E-02));
#1758 = LINE('',#1759,#1760);
#1759 = CARTESIAN_POINT('',(-0.177431502903,0.399996,4.5348626391E-02));
#1760 = VECTOR('',#1761,1.);
#1761 = DIRECTION('',(-1.,0.,8.17564256345E-15));
#1762 = ORIENTED_EDGE('',*,*,#1763,.F.);
#1763 = EDGE_CURVE('',#1764,#1756,#1766,.T.);
#1764 = VERTEX_POINT('',#1765);
#1765 = CARTESIAN_POINT('',(-0.187121949779,0.399996,8.6023549324E-02));
#1766 = LINE('',#1767,#1768);
#1767 = CARTESIAN_POINT('',(-0.171629711749,0.399996,4.5348626391E-02));
#1768 = VECTOR('',#1769,1.);
#1769 = DIRECTION('',(0.355935724369,0.,-0.934510438742));
#1770 = ORIENTED_EDGE('',*,*,#1771,.F.);
#1771 = EDGE_CURVE('',#1716,#1764,#1772,.T.);
#1772 = LINE('',#1773,#1774);
#1773 = CARTESIAN_POINT('',(-0.187121949779,0.399996,8.6023549324E-02));
#1774 = VECTOR('',#1775,1.);
#1775 = DIRECTION('',(1.,0.,-4.827522275376E-15));
#1776 = FACE_BOUND('',#1777,.T.);
#1777 = EDGE_LOOP('',(#1778,#1789,#1798,#1807,#1815,#1824,#1833,#1842,
    #1850,#1859,#1868,#1877,#1886,#1895,#1904,#1913,#1922,#1931,#1940,
    #1948,#1956,#1964,#1973,#1982,#1991,#2000,#2009,#2018,#2027,#2036,
    #2045,#2054,#2063));
#1778 = ORIENTED_EDGE('',*,*,#1779,.F.);
#1779 = EDGE_CURVE('',#1780,#1782,#1784,.T.);
#1780 = VERTEX_POINT('',#1781);
#1781 = CARTESIAN_POINT('',(3.9260739911E-02,0.399996,8.5694795013E-02)
  );
#1782 = VERTEX_POINT('',#1783);
#1783 = CARTESIAN_POINT('',(6.7890992963E-02,0.399996,0.123579270105));
#1784 = B_SPLINE_CURVE_WITH_KNOTS('',3,(#1785,#1786,#1787,#1788),
  .UNSPECIFIED.,.F.,.F.,(4,4),(35.,36.),.PIECEWISE_BEZIER_KNOTS.);
#1785 = CARTESIAN_POINT('',(3.9260739911E-02,0.399996,8.5694795013E-02)
  );
#1786 = CARTESIAN_POINT('',(3.9549930041E-02,0.399996,0.10304645651));
#1787 = CARTESIAN_POINT('',(5.1406912888E-02,0.399996,0.118373770552));
#1788 = CARTESIAN_POINT('',(6.7890992963E-02,0.399996,0.123579270105));
#1789 = ORIENTED_EDGE('',*,*,#1790,.F.);
#1790 = EDGE_CURVE('',#1791,#1780,#1793,.T.);
#1791 = VERTEX_POINT('',#1792);
#1792 = CARTESIAN_POINT('',(4.9960940177E-02,0.399996,5.822131351E-02));
#1793 = B_SPLINE_CURVE_WITH_KNOTS('',3,(#1794,#1795,#1796,#1797),
  .UNSPECIFIED.,.F.,.F.,(4,4),(34.,35.),.PIECEWISE_BEZIER_KNOTS.);
#1794 = CARTESIAN_POINT('',(4.9960940177E-02,0.399996,5.822131351E-02));
#1795 = CARTESIAN_POINT('',(4.3020266752E-02,0.399996,6.5740367193E-02)
  );
#1796 = CARTESIAN_POINT('',(3.9260739911E-02,0.399996,7.5572986039E-02)
  );
#1797 = CARTESIAN_POINT('',(3.9260739911E-02,0.399996,8.5694795013E-02)
  );
#1798 = ORIENTED_EDGE('',*,*,#1799,.F.);
#1799 = EDGE_CURVE('',#1800,#1791,#1802,.T.);
#1800 = VERTEX_POINT('',#1801);
#1801 = CARTESIAN_POINT('',(7.6277639099E-02,0.399996,4.5207559114E-02)
  );
#1802 = B_SPLINE_CURVE_WITH_KNOTS('',3,(#1803,#1804,#1805,#1806),
  .UNSPECIFIED.,.F.,.F.,(4,4),(33.,34.),.PIECEWISE_BEZIER_KNOTS.);
#1803 = CARTESIAN_POINT('',(7.6277639099E-02,0.399996,4.5207559114E-02)
  );
#1804 = CARTESIAN_POINT('',(6.6155830124E-02,0.399996,4.6075140534E-02)
  );
#1805 = CARTESIAN_POINT('',(5.6901602568E-02,0.399996,5.0702259827E-02)
  );
#1806 = CARTESIAN_POINT('',(4.9960940177E-02,0.399996,5.822131351E-02));
#1807 = ORIENTED_EDGE('',*,*,#1808,.F.);
#1808 = EDGE_CURVE('',#1809,#1800,#1811,.T.);
#1809 = VERTEX_POINT('',#1810);
#1810 = CARTESIAN_POINT('',(9.3340110466E-02,0.399996,4.5207559114E-02)
  );
#1811 = LINE('',#1812,#1813);
#1812 = CARTESIAN_POINT('',(7.7145220519E-02,0.399996,4.5207559114E-02)
  );
#1813 = VECTOR('',#1814,1.);
#1814 = DIRECTION('',(-1.,0.,1.562088735008E-14));
#1815 = ORIENTED_EDGE('',*,*,#1816,.F.);
#1816 = EDGE_CURVE('',#1817,#1809,#1819,.T.);
#1817 = VERTEX_POINT('',#1818);
#1818 = CARTESIAN_POINT('',(0.1017267566,0.399996,5.4172585508E-02));
#1819 = B_SPLINE_CURVE_WITH_KNOTS('',3,(#1820,#1821,#1822,#1823),
  .UNSPECIFIED.,.F.,.F.,(4,4),(28.,29.),.PIECEWISE_BEZIER_KNOTS.);
#1820 = CARTESIAN_POINT('',(0.1017267566,0.399996,5.4172585508E-02));
#1821 = CARTESIAN_POINT('',(0.1017267566,0.399996,4.9545477245E-02));
#1822 = CARTESIAN_POINT('',(9.7967229759E-02,0.399996,4.5496749243E-02)
  );
#1823 = CARTESIAN_POINT('',(9.3340110466E-02,0.399996,4.5207559114E-02)
  );
#1824 = ORIENTED_EDGE('',*,*,#1825,.F.);
#1825 = EDGE_CURVE('',#1826,#1817,#1828,.T.);
#1826 = VERTEX_POINT('',#1827);
#1827 = CARTESIAN_POINT('',(9.2761730207E-02,0.399996,6.3137611901E-02)
  );
#1828 = B_SPLINE_CURVE_WITH_KNOTS('',3,(#1829,#1830,#1831,#1832),
  .UNSPECIFIED.,.F.,.F.,(4,4),(27.,28.),.PIECEWISE_BEZIER_KNOTS.);
#1829 = CARTESIAN_POINT('',(9.2761730207E-02,0.399996,6.3137611901E-02)
  );
#1830 = CARTESIAN_POINT('',(9.767803963E-02,0.399996,6.3137611901E-02));
#1831 = CARTESIAN_POINT('',(0.1017267566,0.399996,5.9088883898E-02));
#1832 = CARTESIAN_POINT('',(0.1017267566,0.399996,5.4172585508E-02));
#1833 = ORIENTED_EDGE('',*,*,#1834,.F.);
#1834 = EDGE_CURVE('',#1835,#1826,#1837,.T.);
#1835 = VERTEX_POINT('',#1836);
#1836 = CARTESIAN_POINT('',(9.1026567367E-02,0.399996,6.2848421771E-02)
  );
#1837 = B_SPLINE_CURVE_WITH_KNOTS('',3,(#1838,#1839,#1840,#1841),
  .UNSPECIFIED.,.F.,.F.,(4,4),(26.,27.),.PIECEWISE_BEZIER_KNOTS.);
#1838 = CARTESIAN_POINT('',(9.1026567367E-02,0.399996,6.2848421771E-02)
  );
#1839 = CARTESIAN_POINT('',(9.1604958657E-02,0.399996,6.2848421771E-02)
  );
#1840 = CARTESIAN_POINT('',(9.2183349948E-02,0.399996,6.3137611901E-02)
  );
#1841 = CARTESIAN_POINT('',(9.2761730207E-02,0.399996,6.3137611901E-02)
  );
#1842 = ORIENTED_EDGE('',*,*,#1843,.F.);
#1843 = EDGE_CURVE('',#1844,#1835,#1846,.T.);
#1844 = VERTEX_POINT('',#1845);
#1845 = CARTESIAN_POINT('',(7.801281297E-02,0.399996,6.2848421771E-02));
#1846 = LINE('',#1847,#1848);
#1847 = CARTESIAN_POINT('',(7.801281297E-02,0.399996,6.2848421771E-02));
#1848 = VECTOR('',#1849,1.);
#1849 = DIRECTION('',(1.,0.,-7.289728891947E-15));
#1850 = ORIENTED_EDGE('',*,*,#1851,.F.);
#1851 = EDGE_CURVE('',#1852,#1844,#1854,.T.);
#1852 = VERTEX_POINT('',#1853);
#1853 = CARTESIAN_POINT('',(5.719080373E-02,0.399996,8.5405593853E-02));
#1854 = B_SPLINE_CURVE_WITH_KNOTS('',3,(#1855,#1856,#1857,#1858),
  .UNSPECIFIED.,.F.,.F.,(4,4),(24.,25.),.PIECEWISE_BEZIER_KNOTS.);
#1855 = CARTESIAN_POINT('',(5.719080373E-02,0.399996,8.5405593853E-02));
#1856 = CARTESIAN_POINT('',(5.719080373E-02,0.399996,7.3548616521E-02));
#1857 = CARTESIAN_POINT('',(6.6155830124E-02,0.399996,6.3716003192E-02)
  );
#1858 = CARTESIAN_POINT('',(7.801281297E-02,0.399996,6.2848421771E-02));
#1859 = ORIENTED_EDGE('',*,*,#1860,.F.);
#1860 = EDGE_CURVE('',#1861,#1852,#1863,.T.);
#1861 = VERTEX_POINT('',#1862);
#1862 = CARTESIAN_POINT('',(7.974797581E-02,0.399996,0.107962765933));
#1863 = B_SPLINE_CURVE_WITH_KNOTS('',3,(#1864,#1865,#1866,#1867),
  .UNSPECIFIED.,.F.,.F.,(4,4),(23.,24.),.PIECEWISE_BEZIER_KNOTS.);
#1864 = CARTESIAN_POINT('',(7.974797581E-02,0.399996,0.107962765933));
#1865 = CARTESIAN_POINT('',(6.7312612705E-02,0.399996,0.107962765933));
#1866 = CARTESIAN_POINT('',(5.719080373E-02,0.399996,9.7840956958E-02));
#1867 = CARTESIAN_POINT('',(5.719080373E-02,0.399996,8.5405593853E-02));
#1868 = ORIENTED_EDGE('',*,*,#1869,.F.);
#1869 = EDGE_CURVE('',#1870,#1861,#1872,.T.);
#1870 = VERTEX_POINT('',#1871);
#1871 = CARTESIAN_POINT('',(8.2061529941E-02,0.399996,0.107962765933));
#1872 = B_SPLINE_CURVE_WITH_KNOTS('',3,(#1873,#1874,#1875,#1876),
  .UNSPECIFIED.,.F.,.F.,(4,4),(22.,23.),.PIECEWISE_BEZIER_KNOTS.);
#1873 = CARTESIAN_POINT('',(8.2061529941E-02,0.399996,0.107962765933));
#1874 = CARTESIAN_POINT('',(8.1193948521E-02,0.399996,0.107962765933));
#1875 = CARTESIAN_POINT('',(8.061555723E-02,0.399996,0.107962765933));
#1876 = CARTESIAN_POINT('',(7.974797581E-02,0.399996,0.107962765933));
#1877 = ORIENTED_EDGE('',*,*,#1878,.F.);
#1878 = EDGE_CURVE('',#1879,#1870,#1881,.T.);
#1879 = VERTEX_POINT('',#1880);
#1880 = CARTESIAN_POINT('',(0.122548765841,0.399996,0.1441120837));
#1881 = B_SPLINE_CURVE_WITH_KNOTS('',3,(#1882,#1883,#1884,#1885),
  .UNSPECIFIED.,.F.,.F.,(4,4),(21.,22.),.PIECEWISE_BEZIER_KNOTS.);
#1882 = CARTESIAN_POINT('',(0.122548765841,0.399996,0.1441120837));
#1883 = CARTESIAN_POINT('',(0.1017267566,0.399996,0.1441120837));
#1884 = CARTESIAN_POINT('',(8.4375084072E-02,0.399996,0.128206383882));
#1885 = CARTESIAN_POINT('',(8.2061529941E-02,0.399996,0.107962765933));
#1886 = ORIENTED_EDGE('',*,*,#1887,.F.);
#1887 = EDGE_CURVE('',#1888,#1879,#1890,.T.);
#1888 = VERTEX_POINT('',#1889);
#1889 = CARTESIAN_POINT('',(0.161300827869,0.399996,0.116349423099));
#1890 = B_SPLINE_CURVE_WITH_KNOTS('',3,(#1891,#1892,#1893,#1894),
  .UNSPECIFIED.,.F.,.F.,(4,4),(20.,21.),.PIECEWISE_BEZIER_KNOTS.);
#1891 = CARTESIAN_POINT('',(0.161300827869,0.399996,0.116349423099));
#1892 = CARTESIAN_POINT('',(0.155806138187,0.399996,0.132544302015));
#1893 = CARTESIAN_POINT('',(0.14076801979,0.399996,0.1441120837));
#1894 = CARTESIAN_POINT('',(0.122548765841,0.399996,0.1441120837));
#1895 = ORIENTED_EDGE('',*,*,#1896,.F.);
#1896 = EDGE_CURVE('',#1897,#1888,#1899,.T.);
#1897 = VERTEX_POINT('',#1898);
#1898 = CARTESIAN_POINT('',(0.176628136396,0.399996,0.120687341232));
#1899 = B_SPLINE_CURVE_WITH_KNOTS('',3,(#1900,#1901,#1902,#1903),
  .UNSPECIFIED.,.F.,.F.,(4,4),(19.,20.),.PIECEWISE_BEZIER_KNOTS.);
#1900 = CARTESIAN_POINT('',(0.176628136396,0.399996,0.120687341232));
#1901 = CARTESIAN_POINT('',(0.171133441198,0.399996,0.120687341232));
#1902 = CARTESIAN_POINT('',(0.165638746001,0.399996,0.118952172875));
#1903 = CARTESIAN_POINT('',(0.161300827869,0.399996,0.116349423099));
#1904 = ORIENTED_EDGE('',*,*,#1905,.F.);
#1905 = EDGE_CURVE('',#1906,#1897,#1908,.T.);
#1906 = VERTEX_POINT('',#1907);
#1907 = CARTESIAN_POINT('',(0.20554759061,0.399996,9.1767887017E-02));
#1908 = B_SPLINE_CURVE_WITH_KNOTS('',3,(#1909,#1910,#1911,#1912),
  .UNSPECIFIED.,.F.,.F.,(4,4),(18.,19.),.PIECEWISE_BEZIER_KNOTS.);
#1909 = CARTESIAN_POINT('',(0.20554759061,0.399996,9.1767887017E-02));
#1910 = CARTESIAN_POINT('',(0.20554759061,0.399996,0.107673586835));
#1911 = CARTESIAN_POINT('',(0.192533836213,0.399996,0.120687341232));
#1912 = CARTESIAN_POINT('',(0.176628136396,0.399996,0.120687341232));
#1913 = ORIENTED_EDGE('',*,*,#1914,.F.);
#1914 = EDGE_CURVE('',#1915,#1906,#1917,.T.);
#1915 = VERTEX_POINT('',#1916);
#1916 = CARTESIAN_POINT('',(0.188195918081,0.399996,6.5161986935E-02));
#1917 = B_SPLINE_CURVE_WITH_KNOTS('',3,(#1918,#1919,#1920,#1921),
  .UNSPECIFIED.,.F.,.F.,(4,4),(17.,18.),.PIECEWISE_BEZIER_KNOTS.);
#1918 = CARTESIAN_POINT('',(0.188195918081,0.399996,6.5161986935E-02));
#1919 = CARTESIAN_POINT('',(0.198317727056,0.399996,6.9789100711E-02));
#1920 = CARTESIAN_POINT('',(0.20554759061,0.399996,7.9910909686E-02));
#1921 = CARTESIAN_POINT('',(0.20554759061,0.399996,9.1767887017E-02));
#1922 = ORIENTED_EDGE('',*,*,#1923,.F.);
#1923 = EDGE_CURVE('',#1924,#1915,#1926,.T.);
#1924 = VERTEX_POINT('',#1925);
#1925 = CARTESIAN_POINT('',(0.161011632224,0.399996,8.4248827818E-02));
#1926 = B_SPLINE_CURVE_WITH_KNOTS('',3,(#1927,#1928,#1929,#1930),
  .UNSPECIFIED.,.F.,.F.,(4,4),(16.,17.),.PIECEWISE_BEZIER_KNOTS.);
#1927 = CARTESIAN_POINT('',(0.161011632224,0.399996,8.4248827818E-02));
#1928 = CARTESIAN_POINT('',(0.173447000845,0.399996,8.4248827818E-02));
#1929 = CARTESIAN_POINT('',(0.184147195595,0.399996,7.6151382846E-02));
#1930 = CARTESIAN_POINT('',(0.188195918081,0.399996,6.5161986935E-02));
#1931 = ORIENTED_EDGE('',*,*,#1932,.F.);
#1932 = EDGE_CURVE('',#1933,#1924,#1935,.T.);
#1933 = VERTEX_POINT('',#1934);
#1934 = CARTESIAN_POINT('',(0.139322041563,0.399996,7.4416214489E-02));
#1935 = B_SPLINE_CURVE_WITH_KNOTS('',3,(#1936,#1937,#1938,#1939),
  .UNSPECIFIED.,.F.,.F.,(4,4),(15.,16.),.PIECEWISE_BEZIER_KNOTS.);
#1936 = CARTESIAN_POINT('',(0.139322041563,0.399996,7.4416214489E-02));
#1937 = CARTESIAN_POINT('',(0.144527541115,0.399996,8.0489300977E-02));
#1938 = CARTESIAN_POINT('',(0.152335795959,0.399996,8.4248827818E-02));
#1939 = CARTESIAN_POINT('',(0.161011632224,0.399996,8.4248827818E-02));
#1940 = ORIENTED_EDGE('',*,*,#1941,.F.);
#1941 = EDGE_CURVE('',#1942,#1933,#1944,.T.);
#1942 = VERTEX_POINT('',#1943);
#1943 = CARTESIAN_POINT('',(0.100569974019,0.399996,9.4659832439E-02));
#1944 = LINE('',#1945,#1946);
#1945 = CARTESIAN_POINT('',(0.100569974019,0.399996,9.4659832439E-02));
#1946 = VECTOR('',#1947,1.);
#1947 = DIRECTION('',(0.886348842796,0.,-0.463018065387));
#1948 = ORIENTED_EDGE('',*,*,#1949,.F.);
#1949 = EDGE_CURVE('',#1950,#1942,#1952,.T.);
#1950 = VERTEX_POINT('',#1951);
#1951 = CARTESIAN_POINT('',(9.1604947625E-02,0.399996,7.9332518396E-02)
  );
#1952 = LINE('',#1953,#1954);
#1953 = CARTESIAN_POINT('',(9.1604947625E-02,0.399996,7.9332518396E-02)
  );
#1954 = VECTOR('',#1955,1.);
#1955 = DIRECTION('',(0.504883048649,0.,0.863187758942));
#1956 = ORIENTED_EDGE('',*,*,#1957,.F.);
#1957 = EDGE_CURVE('',#1958,#1950,#1960,.T.);
#1958 = VERTEX_POINT('',#1959);
#1959 = CARTESIAN_POINT('',(0.132092183525,0.399996,5.7932123381E-02));
#1960 = LINE('',#1961,#1962);
#1961 = CARTESIAN_POINT('',(0.132092183525,0.399996,5.7932123381E-02));
#1962 = VECTOR('',#1963,1.);
#1963 = DIRECTION('',(-0.884094950248,0.,0.467307306754));
#1964 = ORIENTED_EDGE('',*,*,#1965,.F.);
#1965 = EDGE_CURVE('',#1966,#1958,#1968,.T.);
#1966 = VERTEX_POINT('',#1967);
#1967 = CARTESIAN_POINT('',(0.132092183525,0.399996,5.5040177959E-02));
#1968 = B_SPLINE_CURVE_WITH_KNOTS('',3,(#1969,#1970,#1971,#1972),
  .UNSPECIFIED.,.F.,.F.,(4,4),(11.,12.),.PIECEWISE_BEZIER_KNOTS.);
#1969 = CARTESIAN_POINT('',(0.132092183525,0.399996,5.5040177959E-02));
#1970 = CARTESIAN_POINT('',(0.132092183525,0.399996,5.5907759379E-02));
#1971 = CARTESIAN_POINT('',(0.132092183525,0.399996,5.6775340799E-02));
#1972 = CARTESIAN_POINT('',(0.132092183525,0.399996,5.7932123381E-02));
#1973 = ORIENTED_EDGE('',*,*,#1974,.F.);
#1974 = EDGE_CURVE('',#1975,#1966,#1977,.T.);
#1975 = VERTEX_POINT('',#1976);
#1976 = CARTESIAN_POINT('',(0.16101163774,0.399996,2.6120723745E-02));
#1977 = B_SPLINE_CURVE_WITH_KNOTS('',3,(#1978,#1979,#1980,#1981),
  .UNSPECIFIED.,.F.,.F.,(4,4),(10.,11.),.PIECEWISE_BEZIER_KNOTS.);
#1978 = CARTESIAN_POINT('',(0.16101163774,0.399996,2.6120723745E-02));
#1979 = CARTESIAN_POINT('',(0.145105937922,0.399996,2.6120723745E-02));
#1980 = CARTESIAN_POINT('',(0.132092183525,0.399996,3.9134478141E-02));
#1981 = CARTESIAN_POINT('',(0.132092183525,0.399996,5.5040177959E-02));
#1982 = ORIENTED_EDGE('',*,*,#1983,.F.);
#1983 = EDGE_CURVE('',#1984,#1975,#1986,.T.);
#1984 = VERTEX_POINT('',#1985);
#1985 = CARTESIAN_POINT('',(0.188485122001,0.399996,4.5785950404E-02));
#1986 = B_SPLINE_CURVE_WITH_KNOTS('',3,(#1987,#1988,#1989,#1990),
  .UNSPECIFIED.,.F.,.F.,(4,4),(9.,10.),.PIECEWISE_BEZIER_KNOTS.);
#1987 = CARTESIAN_POINT('',(0.188485122001,0.399996,4.5785950404E-02));
#1988 = CARTESIAN_POINT('',(0.184725592402,0.399996,3.4218168719E-02));
#1989 = CARTESIAN_POINT('',(0.173736202007,0.399996,2.6120723745E-02));
#1990 = CARTESIAN_POINT('',(0.16101163774,0.399996,2.6120723745E-02));
#1991 = ORIENTED_EDGE('',*,*,#1992,.F.);
#1992 = EDGE_CURVE('',#1993,#1984,#1995,.T.);
#1993 = VERTEX_POINT('',#1994);
#1994 = CARTESIAN_POINT('',(0.211620685372,0.399996,5.966728622E-02));
#1995 = B_SPLINE_CURVE_WITH_KNOTS('',3,(#1996,#1997,#1998,#1999),
  .UNSPECIFIED.,.F.,.F.,(4,4),(8.,9.),.PIECEWISE_BEZIER_KNOTS.);
#1996 = CARTESIAN_POINT('',(0.211620685372,0.399996,5.966728622E-02));
#1997 = CARTESIAN_POINT('',(0.205258405996,0.399996,5.2726612797E-02));
#1998 = CARTESIAN_POINT('',(0.197450151153,0.399996,4.8099504535E-02));
#1999 = CARTESIAN_POINT('',(0.188485122001,0.399996,4.5785950404E-02));
#2000 = ORIENTED_EDGE('',*,*,#2001,.F.);
#2001 = EDGE_CURVE('',#2002,#1993,#2004,.T.);
#2002 = VERTEX_POINT('',#2003);
#2003 = CARTESIAN_POINT('',(0.22376685559,0.399996,9.1189484695E-02));
#2004 = B_SPLINE_CURVE_WITH_KNOTS('',3,(#2005,#2006,#2007,#2008),
  .UNSPECIFIED.,.F.,.F.,(4,4),(7.,8.),.PIECEWISE_BEZIER_KNOTS.);
#2005 = CARTESIAN_POINT('',(0.22376685559,0.399996,9.1189484695E-02));
#2006 = CARTESIAN_POINT('',(0.22376685559,0.399996,7.9621703009E-02));
#2007 = CARTESIAN_POINT('',(0.219428937459,0.399996,6.8343111453E-02));
#2008 = CARTESIAN_POINT('',(0.211620685372,0.399996,5.966728622E-02));
#2009 = ORIENTED_EDGE('',*,*,#2010,.F.);
#2010 = EDGE_CURVE('',#2011,#2002,#2013,.T.);
#2011 = VERTEX_POINT('',#2012);
#2012 = CARTESIAN_POINT('',(0.210174704387,0.399996,0.124157658638));
#2013 = B_SPLINE_CURVE_WITH_KNOTS('',3,(#2014,#2015,#2016,#2017),
  .UNSPECIFIED.,.F.,.F.,(4,4),(6.,7.),.PIECEWISE_BEZIER_KNOTS.);
#2014 = CARTESIAN_POINT('',(0.210174704387,0.399996,0.124157658638));
#2015 = CARTESIAN_POINT('',(0.218850548236,0.399996,0.115481825131));
#2016 = CARTESIAN_POINT('',(0.22376685559,0.399996,0.1036248478));
#2017 = CARTESIAN_POINT('',(0.22376685559,0.399996,9.1189484695E-02));
#2018 = ORIENTED_EDGE('',*,*,#2019,.F.);
#2019 = EDGE_CURVE('',#2020,#2011,#2022,.T.);
#2020 = VERTEX_POINT('',#2021);
#2021 = CARTESIAN_POINT('',(0.176917332041,0.399996,0.138038997212));
#2022 = B_SPLINE_CURVE_WITH_KNOTS('',3,(#2023,#2024,#2025,#2026),
  .UNSPECIFIED.,.F.,.F.,(4,4),(5.,6.),.PIECEWISE_BEZIER_KNOTS.);
#2023 = CARTESIAN_POINT('',(0.176917332041,0.399996,0.138038997212));
#2024 = CARTESIAN_POINT('',(0.189352697905,0.399996,0.138038997212));
#2025 = CARTESIAN_POINT('',(0.201209672478,0.399996,0.133122690548));
#2026 = CARTESIAN_POINT('',(0.210174704387,0.399996,0.124157658638));
#2027 = ORIENTED_EDGE('',*,*,#2028,.F.);
#2028 = EDGE_CURVE('',#2029,#2020,#2031,.T.);
#2029 = VERTEX_POINT('',#2030);
#2030 = CARTESIAN_POINT('',(0.170265859778,0.399996,0.137460608679));
#2031 = B_SPLINE_CURVE_WITH_KNOTS('',3,(#2032,#2033,#2034,#2035),
  .UNSPECIFIED.,.F.,.F.,(4,4),(4.,5.),.PIECEWISE_BEZIER_KNOTS.);
#2032 = CARTESIAN_POINT('',(0.170265859778,0.399996,0.137460608679));
#2033 = CARTESIAN_POINT('',(0.172579413909,0.399996,0.137749804324));
#2034 = CARTESIAN_POINT('',(0.174603777911,0.399996,0.138038997212));
#2035 = CARTESIAN_POINT('',(0.176917332041,0.399996,0.138038997212));
#2036 = ORIENTED_EDGE('',*,*,#2037,.F.);
#2037 = EDGE_CURVE('',#2038,#2029,#2040,.T.);
#2038 = VERTEX_POINT('',#2039);
#2039 = CARTESIAN_POINT('',(0.157541301027,0.399996,0.150185168809));
#2040 = B_SPLINE_CURVE_WITH_KNOTS('',3,(#2041,#2042,#2043,#2044),
  .UNSPECIFIED.,.F.,.F.,(4,4),(3.,4.),.PIECEWISE_BEZIER_KNOTS.);
#2041 = CARTESIAN_POINT('',(0.157541301027,0.399996,0.150185168809));
#2042 = CARTESIAN_POINT('',(0.16245761045,0.399996,0.146714833476));
#2043 = CARTESIAN_POINT('',(0.166506332937,0.399996,0.142376915345));
#2044 = CARTESIAN_POINT('',(0.170265859778,0.399996,0.137460608679));
#2045 = ORIENTED_EDGE('',*,*,#2046,.F.);
#2046 = EDGE_CURVE('',#2047,#2038,#2049,.T.);
#2047 = VERTEX_POINT('',#2048);
#2048 = CARTESIAN_POINT('',(0.12283795597,0.399996,0.161463756228));
#2049 = B_SPLINE_CURVE_WITH_KNOTS('',3,(#2050,#2051,#2052,#2053),
  .UNSPECIFIED.,.F.,.F.,(4,4),(2.,3.),.PIECEWISE_BEZIER_KNOTS.);
#2050 = CARTESIAN_POINT('',(0.12283795597,0.399996,0.161463756228));
#2051 = CARTESIAN_POINT('',(0.135562514721,0.399996,0.161463756228));
#2052 = CARTESIAN_POINT('',(0.147419492052,0.399996,0.157415032708));
#2053 = CARTESIAN_POINT('',(0.157541301027,0.399996,0.150185168809));
#2054 = ORIENTED_EDGE('',*,*,#2055,.F.);
#2055 = EDGE_CURVE('',#2056,#2047,#2058,.T.);
#2056 = VERTEX_POINT('',#2057);
#2057 = CARTESIAN_POINT('',(8.3507502652E-02,0.399996,0.14642563921));
#2058 = B_SPLINE_CURVE_WITH_KNOTS('',3,(#2059,#2060,#2061,#2062),
  .UNSPECIFIED.,.F.,.F.,(4,4),(1.,2.),.PIECEWISE_BEZIER_KNOTS.);
#2059 = CARTESIAN_POINT('',(8.3507502652E-02,0.399996,0.14642563921));
#2060 = CARTESIAN_POINT('',(9.4496893047E-02,0.399996,0.155969059997));
#2061 = CARTESIAN_POINT('',(0.108378228864,0.399996,0.161463756228));
#2062 = CARTESIAN_POINT('',(0.12283795597,0.399996,0.161463756228));
#2063 = ORIENTED_EDGE('',*,*,#2064,.F.);
#2064 = EDGE_CURVE('',#1782,#2056,#2065,.T.);
#2065 = B_SPLINE_CURVE_WITH_KNOTS('',3,(#2066,#2067,#2068,#2069),
  .UNSPECIFIED.,.F.,.F.,(4,4),(0.,1.),.PIECEWISE_BEZIER_KNOTS.);
#2066 = CARTESIAN_POINT('',(6.7890992963E-02,0.399996,0.123579270105));
#2067 = CARTESIAN_POINT('',(7.1072128515E-02,0.399996,0.132255106369));
#2068 = CARTESIAN_POINT('',(7.6566829228E-02,0.399996,0.140063358455));
#2069 = CARTESIAN_POINT('',(8.3507502652E-02,0.399996,0.14642563921));
#2070 = PLANE('',#2071);
#2071 = AXIS2_PLACEMENT_3D('',#2072,#2073,#2074);
#2072 = CARTESIAN_POINT('',(-0.799992,0.399996,0.179998199999));
#2073 = DIRECTION('',(0.,-1.,0.));
#2074 = DIRECTION('',(0.,0.,-1.));
#2075 = ADVANCED_FACE('',(#2076,#2101),#2135,.T.);
#2076 = FACE_BOUND('',#2077,.T.);
#2077 = EDGE_LOOP('',(#2078,#2079,#2087,#2095));
#2078 = ORIENTED_EDGE('',*,*,#1064,.T.);
#2079 = ORIENTED_EDGE('',*,*,#2080,.T.);
#2080 = EDGE_CURVE('',#1055,#2081,#2083,.T.);
#2081 = VERTEX_POINT('',#2082);
#2082 = CARTESIAN_POINT('',(-0.599994,-0.399996,0.179998199999));
#2083 = LINE('',#2084,#2085);
#2084 = CARTESIAN_POINT('',(-0.599994,7.933107296076E-17,0.179998199999)
  );
#2085 = VECTOR('',#2086,1.);
#2086 = DIRECTION('',(-1.322197771323E-16,-1.,0.));
#2087 = ORIENTED_EDGE('',*,*,#2088,.T.);
#2088 = EDGE_CURVE('',#2081,#2089,#2091,.T.);
#2089 = VERTEX_POINT('',#2090);
#2090 = CARTESIAN_POINT('',(0.599994,-0.399996,0.179998199999));
#2091 = LINE('',#2092,#2093);
#2092 = CARTESIAN_POINT('',(-0.799992,-0.399996,0.179998199999));
#2093 = VECTOR('',#2094,1.);
#2094 = DIRECTION('',(1.,0.,0.));
#2095 = ORIENTED_EDGE('',*,*,#2096,.F.);
#2096 = EDGE_CURVE('',#1065,#2089,#2097,.T.);
#2097 = LINE('',#2098,#2099);
#2098 = CARTESIAN_POINT('',(0.599994,7.933107296076E-17,0.179998199999)
  );
#2099 = VECTOR('',#2100,1.);
#2100 = DIRECTION('',(1.322197771323E-16,-1.,0.));
#2101 = FACE_BOUND('',#2102,.T.);
#2102 = EDGE_LOOP('',(#2103,#2113,#2121,#2129));
#2103 = ORIENTED_EDGE('',*,*,#2104,.F.);
#2104 = EDGE_CURVE('',#2105,#2107,#2109,.T.);
#2105 = VERTEX_POINT('',#2106);
#2106 = CARTESIAN_POINT('',(0.149998499999,0.149998499999,0.179998199999
    ));
#2107 = VERTEX_POINT('',#2108);
#2108 = CARTESIAN_POINT('',(-0.1499985,0.149998499999,0.179998199999));
#2109 = LINE('',#2110,#2111);
#2110 = CARTESIAN_POINT('',(-0.1499985,0.149998499999,0.179998199999));
#2111 = VECTOR('',#2112,1.);
#2112 = DIRECTION('',(-1.,0.,0.));
#2113 = ORIENTED_EDGE('',*,*,#2114,.F.);
#2114 = EDGE_CURVE('',#2115,#2105,#2117,.T.);
#2115 = VERTEX_POINT('',#2116);
#2116 = CARTESIAN_POINT('',(0.1499985,-0.1499985,0.179998199999));
#2117 = LINE('',#2118,#2119);
#2118 = CARTESIAN_POINT('',(0.149998499999,0.149998499999,0.179998199999
    ));
#2119 = VECTOR('',#2120,1.);
#2120 = DIRECTION('',(-1.807003620809E-16,1.,0.));
#2121 = ORIENTED_EDGE('',*,*,#2122,.F.);
#2122 = EDGE_CURVE('',#2123,#2115,#2125,.T.);
#2123 = VERTEX_POINT('',#2124);
#2124 = CARTESIAN_POINT('',(-0.149998499999,-0.1499985,0.179998199999));
#2125 = LINE('',#2126,#2127);
#2126 = CARTESIAN_POINT('',(-0.149998499999,-0.1499985,0.179998199999));
#2127 = VECTOR('',#2128,1.);
#2128 = DIRECTION('',(1.,0.,0.));
#2129 = ORIENTED_EDGE('',*,*,#2130,.F.);
#2130 = EDGE_CURVE('',#2107,#2123,#2131,.T.);
#2131 = LINE('',#2132,#2133);
#2132 = CARTESIAN_POINT('',(-0.1499985,0.149998499999,0.179998199999));
#2133 = VECTOR('',#2134,1.);
#2134 = DIRECTION('',(9.035018104045E-17,-1.,0.));
#2135 = PLANE('',#2136);
#2136 = AXIS2_PLACEMENT_3D('',#2137,#2138,#2139);
#2137 = CARTESIAN_POINT('',(0.,0.,0.179998199999));
#2138 = DIRECTION('',(0.,0.,1.));
#2139 = DIRECTION('',(1.,0.,-0.));
#2140 = ADVANCED_FACE('',(#2141,#2319,#2393,#2450,#2516,#2614),#2664,.F.
  );
#2141 = FACE_BOUND('',#2142,.T.);
#2142 = EDGE_LOOP('',(#2143,#2153,#2169,#2193,#2217,#2233,#2241,#2257,
    #2281,#2305));
#2143 = ORIENTED_EDGE('',*,*,#2144,.T.);
#2144 = EDGE_CURVE('',#2145,#2147,#2149,.T.);
#2145 = VERTEX_POINT('',#2146);
#2146 = CARTESIAN_POINT('',(1.8979993938E-02,-5.9183979068E-02,0.));
#2147 = VERTEX_POINT('',#2148);
#2148 = CARTESIAN_POINT('',(1.8979993938E-02,-8.1134979068E-02,0.));
#2149 = LINE('',#2150,#2151);
#2150 = CARTESIAN_POINT('',(1.8979993938E-02,-5.9183979068E-02,0.));
#2151 = VECTOR('',#2152,1.);
#2152 = DIRECTION('',(0.,-1.,0.));
#2153 = ORIENTED_EDGE('',*,*,#2154,.T.);
#2154 = EDGE_CURVE('',#2147,#2155,#2157,.T.);
#2155 = VERTEX_POINT('',#2156);
#2156 = CARTESIAN_POINT('',(7.4009931437E-02,-9.3939729068E-02,0.));
#2157 = B_SPLINE_CURVE_WITH_KNOTS('',3,(#2158,#2159,#2160,#2161,#2162,
    #2163,#2164,#2165,#2166,#2167,#2168),.UNSPECIFIED.,.F.,.F.,(4,1,1,1,
    1,1,1,1,4),(0.,0.112448389908,0.226527675212,0.344401949326,
    0.465864972487,0.591659449352,0.722168487024,0.858606387554,1.),
  .UNSPECIFIED.);
#2158 = CARTESIAN_POINT('',(1.8979993938E-02,-8.1134979068E-02,0.));
#2159 = CARTESIAN_POINT('',(2.0856653326E-02,-8.2170818644E-02,0.));
#2160 = CARTESIAN_POINT('',(2.4637190235E-02,-8.4257521095E-02,0.));
#2161 = CARTESIAN_POINT('',(3.0683062672E-02,-8.683231337E-02,0.));
#2162 = CARTESIAN_POINT('',(3.7044785639E-02,-8.9053192883E-02,0.));
#2163 = CARTESIAN_POINT('',(4.3778040801E-02,-9.0824145085E-02,0.));
#2164 = CARTESIAN_POINT('',(5.0838067463E-02,-9.2247414003E-02,0.));
#2165 = CARTESIAN_POINT('',(5.8262275067E-02,-9.3211445039E-02,0.));
#2166 = CARTESIAN_POINT('',(6.6021251263E-02,-9.3846035296E-02,0.));
#2167 = CARTESIAN_POINT('',(7.1315559655E-02,-9.3908128622E-02,0.));
#2168 = CARTESIAN_POINT('',(7.4009931437E-02,-9.3939729068E-02,0.));
#2169 = ORIENTED_EDGE('',*,*,#2170,.T.);
#2170 = EDGE_CURVE('',#2155,#2171,#2173,.T.);
#2171 = VERTEX_POINT('',#2172);
#2172 = CARTESIAN_POINT('',(0.167758993937,4.725442806E-03,0.));
#2173 = B_SPLINE_CURVE_WITH_KNOTS('',3,(#2174,#2175,#2176,#2177,#2178,
    #2179,#2180,#2181,#2182,#2183,#2184,#2185,#2186,#2187,#2188,#2189,
    #2190,#2191,#2192),.UNSPECIFIED.,.F.,.F.,(4,1,1,1,1,1,1,1,1,1,1,1,1,
    1,1,1,4),(0.,6.7833248455E-02,0.132655536507,0.19505088405,
    0.255582933068,0.314799834147,0.373600472826,0.432545595326,
    0.492430629283,0.552671255962,0.612513044188,0.672610250357,
    0.733838369313,0.796594238567,0.86144979929,0.92919894235,1.),
  .UNSPECIFIED.);
#2174 = CARTESIAN_POINT('',(7.4009931437E-02,-9.3939729068E-02,0.));
#2175 = CARTESIAN_POINT('',(7.748170903E-02,-9.3862298426E-02,0.));
#2176 = CARTESIAN_POINT('',(8.4271160068E-02,-9.3710874107E-02,0.));
#2177 = CARTESIAN_POINT('',(9.4189553256E-02,-9.2437176392E-02,0.));
#2178 = CARTESIAN_POINT('',(0.103572714779,-9.0310694678E-02,0.));
#2179 = CARTESIAN_POINT('',(0.112417385579,-8.7322909693E-02,0.));
#2180 = CARTESIAN_POINT('',(0.120754508459,-8.3547531908E-02,0.));
#2181 = CARTESIAN_POINT('',(0.12854089629,-7.8880792497E-02,0.));
#2182 = CARTESIAN_POINT('',(0.135725022183,-7.328593937E-02,0.));
#2183 = CARTESIAN_POINT('',(0.142401951011,-6.6988504138E-02,0.));
#2184 = CARTESIAN_POINT('',(0.148359561762,-5.9942553186E-02,0.));
#2185 = CARTESIAN_POINT('',(0.153574325678,-5.2321292436E-02,0.));
#2186 = CARTESIAN_POINT('',(0.157985991276,-4.414842664E-02,0.));
#2187 = CARTESIAN_POINT('',(0.161565759778,-3.5419468993E-02,0.));
#2188 = CARTESIAN_POINT('',(0.164355458565,-2.6152138549E-02,0.));
#2189 = CARTESIAN_POINT('',(0.166306346421,-1.6338093403E-02,0.));
#2190 = CARTESIAN_POINT('',(0.167574161203,-5.991102497E-03,0.));
#2191 = CARTESIAN_POINT('',(0.167696484864,1.101185909E-03,0.));
#2192 = CARTESIAN_POINT('',(0.167758993937,4.725442806E-03,0.));
#2193 = ORIENTED_EDGE('',*,*,#2194,.T.);
#2194 = EDGE_CURVE('',#2171,#2195,#2197,.T.);
#2195 = VERTEX_POINT('',#2196);
#2196 = CARTESIAN_POINT('',(6.6045072063E-02,0.11093627093,0.));
#2197 = B_SPLINE_CURVE_WITH_KNOTS('',3,(#2198,#2199,#2200,#2201,#2202,
    #2203,#2204,#2205,#2206,#2207,#2208,#2209,#2210,#2211,#2212,#2213,
    #2214,#2215,#2216),.UNSPECIFIED.,.F.,.F.,(4,1,1,1,1,1,1,1,1,1,1,1,1,
    1,1,1,4),(0.,7.0643718575E-02,0.138256715508,0.203364124217,
    0.266324093803,0.327904761542,0.388737715173,0.449423528109,
    0.510861011459,0.572079396047,0.631734428731,0.691117210578,
    0.75036002949,0.810032900531,0.871362450828,0.934427141231,1.),
  .UNSPECIFIED.);
#2198 = CARTESIAN_POINT('',(0.167758993937,4.725442806E-03,0.));
#2199 = CARTESIAN_POINT('',(0.167671890117,8.616506116E-03,0.));
#2200 = CARTESIAN_POINT('',(0.167501419362,1.6231700277E-02,0.));
#2201 = CARTESIAN_POINT('',(0.166146409775,2.7366980599E-02,0.));
#2202 = CARTESIAN_POINT('',(0.163923060329,3.7925674102E-02,0.));
#2203 = CARTESIAN_POINT('',(0.16074115528,4.7891752977E-02,0.));
#2204 = CARTESIAN_POINT('',(0.156689257756,5.7278687022E-02,0.));
#2205 = CARTESIAN_POINT('',(0.151763924047,6.6098966398E-02,0.));
#2206 = CARTESIAN_POINT('',(0.1458851226,7.4307146273E-02,0.));
#2207 = CARTESIAN_POINT('',(0.139146475089,8.1847436073E-02,0.));
#2208 = CARTESIAN_POINT('',(0.131770957901,8.8682069026E-02,0.));
#2209 = CARTESIAN_POINT('',(0.123812806048,9.4646093947E-02,0.));
#2210 = CARTESIAN_POINT('',(0.115368014515,9.9686193323E-02,0.));
#2211 = CARTESIAN_POINT('',(0.106448536491,0.103835603111,0.));
#2212 = CARTESIAN_POINT('',(9.7021582494E-02,0.107003024009,0.));
#2213 = CARTESIAN_POINT('',(8.7131258643E-02,0.109277781559,0.));
#2214 = CARTESIAN_POINT('',(7.6743502896E-02,0.110687353141,0.));
#2215 = CARTESIAN_POINT('',(6.9657271334E-02,0.110852226769,0.));
#2216 = CARTESIAN_POINT('',(6.6045072063E-02,0.11093627093,0.));
#2217 = ORIENTED_EDGE('',*,*,#2218,.T.);
#2218 = EDGE_CURVE('',#2195,#2219,#2221,.T.);
#2219 = VERTEX_POINT('',#2220);
#2220 = CARTESIAN_POINT('',(1.8979993938E-02,0.10300952093,0.));
#2221 = B_SPLINE_CURVE_WITH_KNOTS('',3,(#2222,#2223,#2224,#2225,#2226,
    #2227,#2228,#2229,#2230,#2231,#2232),.UNSPECIFIED.,.F.,.F.,(4,1,1,1,
    1,1,1,1,4),(0.,0.145186866472,0.283442610919,0.416524365928,
    0.543181123535,0.665153082637,0.781360206312,0.892756655641,1.),
  .UNSPECIFIED.);
#2222 = CARTESIAN_POINT('',(6.6045072063E-02,0.11093627093,0.));
#2223 = CARTESIAN_POINT('',(6.3719723191E-02,0.11091960221,0.));
#2224 = CARTESIAN_POINT('',(5.918003602E-02,0.110887060522,0.));
#2225 = CARTESIAN_POINT('',(5.2520253624E-02,0.11047898475,0.));
#2226 = CARTESIAN_POINT('',(4.6170861693E-02,0.109902248775,0.));
#2227 = CARTESIAN_POINT('',(4.0122671907E-02,0.10900293342,0.));
#2228 = CARTESIAN_POINT('',(3.4375995479E-02,0.107932392247,0.));
#2229 = CARTESIAN_POINT('',(2.8952360324E-02,0.106536890497,0.));
#2230 = CARTESIAN_POINT('',(2.3817672404E-02,0.104973241277,0.));
#2231 = CARTESIAN_POINT('',(2.057200272E-02,0.103655752394,0.));
#2232 = CARTESIAN_POINT('',(1.8979993938E-02,0.10300952093,0.));
#2233 = ORIENTED_EDGE('',*,*,#2234,.T.);
#2234 = EDGE_CURVE('',#2219,#2235,#2237,.T.);
#2235 = VERTEX_POINT('',#2236);
#2236 = CARTESIAN_POINT('',(1.8979993938E-02,7.618052093E-02,0.));
#2237 = LINE('',#2238,#2239);
#2238 = CARTESIAN_POINT('',(1.8979993938E-02,0.10300952093,0.));
#2239 = VECTOR('',#2240,1.);
#2240 = DIRECTION('',(0.,-1.,0.));
#2241 = ORIENTED_EDGE('',*,*,#2242,.T.);
#2242 = EDGE_CURVE('',#2235,#2243,#2245,.T.);
#2243 = VERTEX_POINT('',#2244);
#2244 = CARTESIAN_POINT('',(6.5816415812E-02,8.898527093E-02,0.));
#2245 = B_SPLINE_CURVE_WITH_KNOTS('',3,(#2246,#2247,#2248,#2249,#2250,
    #2251,#2252,#2253,#2254,#2255,#2256),.UNSPECIFIED.,.F.,.F.,(4,1,1,1,
    1,1,1,1,4),(0.,0.125279696735,0.249419970742,0.373356799492,
    0.496681278782,0.620202915743,0.745086320161,0.871269195019,1.),
  .UNSPECIFIED.);
#2246 = CARTESIAN_POINT('',(1.8979993938E-02,7.618052093E-02,0.));
#2247 = CARTESIAN_POINT('',(2.0756053302E-02,7.7212545209E-02,0.));
#2248 = CARTESIAN_POINT('',(2.4292018717E-02,7.9267207472E-02,0.));
#2249 = CARTESIAN_POINT('',(2.9853449425E-02,8.1835939669E-02,0.));
#2250 = CARTESIAN_POINT('',(3.5522041369E-02,8.4063945024E-02,0.));
#2251 = CARTESIAN_POINT('',(4.1337477525E-02,8.5842527404E-02,0.));
#2252 = CARTESIAN_POINT('',(4.7263157266E-02,8.7278746326E-02,0.));
#2253 = CARTESIAN_POINT('',(5.3330153663E-02,8.8242058835E-02,0.));
#2254 = CARTESIAN_POINT('',(5.9526971908E-02,8.8890179071E-02,0.));
#2255 = CARTESIAN_POINT('',(6.3706010976E-02,8.895336313E-02,0.));
#2256 = CARTESIAN_POINT('',(6.5816415812E-02,8.898527093E-02,0.));
#2257 = ORIENTED_EDGE('',*,*,#2258,.T.);
#2258 = EDGE_CURVE('',#2243,#2259,#2261,.T.);
#2259 = VERTEX_POINT('',#2260);
#2260 = CARTESIAN_POINT('',(0.140929993938,6.364145931E-03,0.));
#2261 = B_SPLINE_CURVE_WITH_KNOTS('',3,(#2262,#2263,#2264,#2265,#2266,
    #2267,#2268,#2269,#2270,#2271,#2272,#2273,#2274,#2275,#2276,#2277,
    #2278,#2279,#2280),.UNSPECIFIED.,.F.,.F.,(4,1,1,1,1,1,1,1,1,1,1,1,1,
    1,1,1,4),(0.,6.4603970288E-02,0.126702413962,0.186756814035,
    0.245505687365,0.303652024449,0.36150307397,0.420240222928,
    0.480033340776,0.540678134775,0.60119180638,0.662333502477,
    0.724739510297,0.789467736172,0.856504860043,0.926312095839,1.),
  .UNSPECIFIED.);
#2262 = CARTESIAN_POINT('',(6.5816415812E-02,8.898527093E-02,0.));
#2263 = CARTESIAN_POINT('',(6.8526261087E-02,8.8927004296E-02,0.));
#2264 = CARTESIAN_POINT('',(7.384085609E-02,8.8812730774E-02,0.));
#2265 = CARTESIAN_POINT('',(8.160507399E-02,8.7690776056E-02,0.));
#2266 = CARTESIAN_POINT('',(8.9010478571E-02,8.6012204995E-02,0.));
#2267 = CARTESIAN_POINT('',(9.6027374666E-02,8.3555486108E-02,0.));
#2268 = CARTESIAN_POINT('',(0.102647794554,8.0384711746E-02,0.));
#2269 = CARTESIAN_POINT('',(0.108865997171,7.6487989251E-02,0.));
#2270 = CARTESIAN_POINT('',(0.11472017084,7.1948864168E-02,0.));
#2271 = CARTESIAN_POINT('',(0.120121012131,6.6710709099E-02,0.));
#2272 = CARTESIAN_POINT('',(0.125042680869,6.091814627E-02,0.));
#2273 = CARTESIAN_POINT('',(0.12926720469,5.453286799E-02,0.));
#2274 = CARTESIAN_POINT('',(0.132930508102,4.7727700024E-02,0.));
#2275 = CARTESIAN_POINT('',(0.13586407435,4.0383247423E-02,0.));
#2276 = CARTESIAN_POINT('',(0.13813595148,3.2555860924E-02,0.));
#2277 = CARTESIAN_POINT('',(0.139775767887,2.4256220988E-02,0.));
#2278 = CARTESIAN_POINT('',(0.140725854923,1.5469020177E-02,0.));
#2279 = CARTESIAN_POINT('',(0.140860731735,9.453333227E-03,0.));
#2280 = CARTESIAN_POINT('',(0.140929993938,6.364145931E-03,0.));
#2281 = ORIENTED_EDGE('',*,*,#2282,.T.);
#2282 = EDGE_CURVE('',#2259,#2283,#2285,.T.);
#2283 = VERTEX_POINT('',#2284);
#2284 = CARTESIAN_POINT('',(7.0313322063E-02,-7.1988729069E-02,0.));
#2285 = B_SPLINE_CURVE_WITH_KNOTS('',3,(#2286,#2287,#2288,#2289,#2290,
    #2291,#2292,#2293,#2294,#2295,#2296,#2297,#2298,#2299,#2300,#2301,
    #2302,#2303,#2304),.UNSPECIFIED.,.F.,.F.,(4,1,1,1,1,1,1,1,1,1,1,1,1,
    1,1,1,4),(0.,7.3774119374E-02,0.144079114726,0.211348518308,
    0.276076885739,0.338520915819,0.399885116693,0.460254067465,
    0.520588964391,0.580207684563,0.638632908552,0.69636454949,
    0.75400177466,0.812805681374,0.872754425525,0.935181996978,1.),
  .UNSPECIFIED.);
#2286 = CARTESIAN_POINT('',(0.140929993938,6.364145931E-03,0.));
#2287 = CARTESIAN_POINT('',(0.140874430524,3.439934034E-03,0.));
#2288 = CARTESIAN_POINT('',(0.140765916486,-2.270982814E-03,0.));
#2289 = CARTESIAN_POINT('',(0.139833608484,-1.0606435044E-02,0.));
#2290 = CARTESIAN_POINT('',(0.138323374738,-1.8487700599E-02,0.));
#2291 = CARTESIAN_POINT('',(0.136200927623,-2.5907832633E-02,0.));
#2292 = CARTESIAN_POINT('',(0.133433334261,-3.2859964326E-02,0.));
#2293 = CARTESIAN_POINT('',(0.130090178476,-3.936256747E-02,0.));
#2294 = CARTESIAN_POINT('',(0.126093014898,-4.538627756E-02,0.));
#2295 = CARTESIAN_POINT('',(0.121530080568,-5.0902894242E-02,0.));
#2296 = CARTESIAN_POINT('',(0.116464021558,-5.5849975193E-02,0.));
#2297 = CARTESIAN_POINT('',(0.111000924602,-6.019462381E-02,0.));
#2298 = CARTESIAN_POINT('',(0.105128887296,-6.3821052912E-02,0.));
#2299 = CARTESIAN_POINT('',(9.8902665423E-02,-6.6828203016E-02,0.));
#2300 = CARTESIAN_POINT('',(9.2294127698E-02,-6.9153144805E-02,0.));
#2301 = CARTESIAN_POINT('',(8.5290903669E-02,-7.0783010536E-02,0.));
#2302 = CARTESIAN_POINT('',(7.7926496097E-02,-7.1792514302E-02,0.));
#2303 = CARTESIAN_POINT('',(7.2882631371E-02,-7.1922510114E-02,0.));
#2304 = CARTESIAN_POINT('',(7.0313322063E-02,-7.1988729069E-02,0.));
#2305 = ORIENTED_EDGE('',*,*,#2306,.T.);
#2306 = EDGE_CURVE('',#2283,#2145,#2307,.T.);
#2307 = B_SPLINE_CURVE_WITH_KNOTS('',3,(#2308,#2309,#2310,#2311,#2312,
    #2313,#2314,#2315,#2316,#2317,#2318),.UNSPECIFIED.,.F.,.F.,(4,1,1,1,
    1,1,1,1,4),(0.,0.135294604763,0.266765657924,0.394816018835,
    0.520051654434,0.64217570297,0.762651820558,0.88183400438,1.),
  .UNSPECIFIED.);
#2308 = CARTESIAN_POINT('',(7.0313322063E-02,-7.1988729069E-02,0.));
#2309 = CARTESIAN_POINT('',(6.7898262101E-02,-7.1957021276E-02,0.));
#2310 = CARTESIAN_POINT('',(6.3136394021E-02,-7.1894501783E-02,0.));
#2311 = CARTESIAN_POINT('',(5.6114087877E-02,-7.1252913209E-02,0.));
#2312 = CARTESIAN_POINT('',(4.931211014E-02,-7.0287279002E-02,0.));
#2313 = CARTESIAN_POINT('',(4.2760025491E-02,-6.8865950272E-02,0.));
#2314 = CARTESIAN_POINT('',(3.6435369943E-02,-6.7086767494E-02,0.));
#2315 = CARTESIAN_POINT('',(3.037399996E-02,-6.4851977621E-02,0.));
#2316 = CARTESIAN_POINT('',(2.4511146898E-02,-6.2299385469E-02,0.));
#2317 = CARTESIAN_POINT('',(2.0818441579E-02,-6.0219479549E-02,0.));
#2318 = CARTESIAN_POINT('',(1.8979993938E-02,-5.9183979068E-02,0.));
#2319 = FACE_BOUND('',#2320,.T.);
#2320 = EDGE_LOOP('',(#2321,#2331,#2339,#2347,#2371));
#2321 = ORIENTED_EDGE('',*,*,#2322,.T.);
#2322 = EDGE_CURVE('',#2323,#2325,#2327,.T.);
#2323 = VERTEX_POINT('',#2324);
#2324 = CARTESIAN_POINT('',(-0.220766084186,-9.1500729069E-02,0.));
#2325 = VERTEX_POINT('',#2326);
#2326 = CARTESIAN_POINT('',(-0.166384006061,-9.1500729069E-02,0.));
#2327 = LINE('',#2328,#2329);
#2328 = CARTESIAN_POINT('',(-0.220766084186,-9.1500729069E-02,0.));
#2329 = VECTOR('',#2330,1.);
#2330 = DIRECTION('',(1.,0.,0.));
#2331 = ORIENTED_EDGE('',*,*,#2332,.T.);
#2332 = EDGE_CURVE('',#2325,#2333,#2335,.T.);
#2333 = VERTEX_POINT('',#2334);
#2334 = CARTESIAN_POINT('',(-0.166384006061,0.10849727093,0.));
#2335 = LINE('',#2336,#2337);
#2336 = CARTESIAN_POINT('',(-0.166384006061,-9.1500729069E-02,0.));
#2337 = VECTOR('',#2338,1.);
#2338 = DIRECTION('',(0.,1.,0.));
#2339 = ORIENTED_EDGE('',*,*,#2340,.T.);
#2340 = EDGE_CURVE('',#2333,#2341,#2343,.T.);
#2341 = VERTEX_POINT('',#2342);
#2342 = CARTESIAN_POINT('',(-0.222823990436,0.10849727093,0.));
#2343 = LINE('',#2344,#2345);
#2344 = CARTESIAN_POINT('',(-0.166384006061,0.10849727093,0.));
#2345 = VECTOR('',#2346,1.);
#2346 = DIRECTION('',(-1.,0.,0.));
#2347 = ORIENTED_EDGE('',*,*,#2348,.T.);
#2348 = EDGE_CURVE('',#2341,#2349,#2351,.T.);
#2349 = VERTEX_POINT('',#2350);
#2350 = CARTESIAN_POINT('',(-0.327358006061,1.1013489681E-02,0.));
#2351 = B_SPLINE_CURVE_WITH_KNOTS('',3,(#2352,#2353,#2354,#2355,#2356,
    #2357,#2358,#2359,#2360,#2361,#2362,#2363,#2364,#2365,#2366,#2367,
    #2368,#2369,#2370),.UNSPECIFIED.,.F.,.F.,(4,1,1,1,1,1,1,1,1,1,1,1,1,
    1,1,1,4),(0.,6.8631178676E-02,0.134566466038,0.19832815401,
    0.26078976664,0.321999151484,0.382721746503,0.443537474035,
    0.505133429484,0.566213874764,0.626105864617,0.68534932216,
    0.744995870347,0.805415841814,0.867636266345,0.932307782302,1.),
  .UNSPECIFIED.);
#2352 = CARTESIAN_POINT('',(-0.222823990436,0.10849727093,0.));
#2353 = CARTESIAN_POINT('',(-0.226498326506,0.108415373359,0.));
#2354 = CARTESIAN_POINT('',(-0.233702667586,0.108254795222,0.));
#2355 = CARTESIAN_POINT('',(-0.244267390775,0.107035016372,0.));
#2356 = CARTESIAN_POINT('',(-0.254346458585,0.104918303577,0.));
#2357 = CARTESIAN_POINT('',(-0.263967587779,0.102030632708,0.));
#2358 = CARTESIAN_POINT('',(-0.273141922844,9.834166469E-02,0.));
#2359 = CARTESIAN_POINT('',(-0.281783033993,9.3720372558E-02,0.));
#2360 = CARTESIAN_POINT('',(-0.289985732777,8.8327368768E-02,0.));
#2361 = CARTESIAN_POINT('',(-0.297643278693,8.2150956876E-02,0.));
#2362 = CARTESIAN_POINT('',(-0.304622864009,7.5283394656E-02,0.));
#2363 = CARTESIAN_POINT('',(-0.310707227347,6.7772535032E-02,0.));
#2364 = CARTESIAN_POINT('',(-0.315916387323,5.971883465E-02,0.));
#2365 = CARTESIAN_POINT('',(-0.32010839026,5.1058613682E-02,0.));
#2366 = CARTESIAN_POINT('',(-0.3233633554,4.1838533399E-02,0.));
#2367 = CARTESIAN_POINT('',(-0.32566829518,3.2065279543E-02,0.));
#2368 = CARTESIAN_POINT('',(-0.327122070183,2.1727782702E-02,0.));
#2369 = CARTESIAN_POINT('',(-0.327278173281,1.4638846741E-02,0.));
#2370 = CARTESIAN_POINT('',(-0.327358006061,1.1013489681E-02,0.));
#2371 = ORIENTED_EDGE('',*,*,#2372,.T.);
#2372 = EDGE_CURVE('',#2349,#2323,#2373,.T.);
#2373 = B_SPLINE_CURVE_WITH_KNOTS('',3,(#2374,#2375,#2376,#2377,#2378,
    #2379,#2380,#2381,#2382,#2383,#2384,#2385,#2386,#2387,#2388,#2389,
    #2390,#2391,#2392),.UNSPECIFIED.,.F.,.F.,(4,1,1,1,1,1,1,1,1,1,1,1,1,
    1,1,1,4),(0.,6.8068695844E-02,0.133427432818,0.196146033813,
    0.257048592449,0.316882663159,0.376187208666,0.435960335363,
    0.496535236862,0.55746534348,0.61768686341,0.677943640696,
    0.738805284806,0.800949336766,0.86481466747,0.931024781078,1.),
  .UNSPECIFIED.);
#2374 = CARTESIAN_POINT('',(-0.327358006061,1.1013489681E-02,0.));
#2375 = CARTESIAN_POINT('',(-0.327277233429,7.236010554E-03,0.));
#2376 = CARTESIAN_POINT('',(-0.327118903892,-1.685582564006E-04,0.));
#2377 = CARTESIAN_POINT('',(-0.325671762638,-1.0974889208E-02,0.));
#2378 = CARTESIAN_POINT('',(-0.323361646522,-2.1214193402E-02,0.));
#2379 = CARTESIAN_POINT('',(-0.320118926578,-3.0880653704E-02,0.));
#2380 = CARTESIAN_POINT('',(-0.31592055134,-3.9967297907E-02,0.));
#2381 = CARTESIAN_POINT('',(-0.310715191461,-4.8440928575E-02,0.));
#2382 = CARTESIAN_POINT('',(-0.304643142094,-5.6366154341E-02,0.));
#2383 = CARTESIAN_POINT('',(-0.297662801985,-6.3634393112E-02,0.));
#2384 = CARTESIAN_POINT('',(-0.28994304887,-7.013944089E-02,0.));
#2385 = CARTESIAN_POINT('',(-0.281688164163,-7.5924745488E-02,0.));
#2386 = CARTESIAN_POINT('',(-0.272827217322,-8.0731562552E-02,0.));
#2387 = CARTESIAN_POINT('',(-0.263435889544,-8.46589608E-02,0.));
#2388 = CARTESIAN_POINT('',(-0.253530606283,-8.7777080231E-02,0.));
#2389 = CARTESIAN_POINT('',(-0.243068439358,-8.9900054692E-02,0.));
#2390 = CARTESIAN_POINT('',(-0.232096936967,-9.1295724458E-02,0.));
#2391 = CARTESIAN_POINT('',(-0.224594189301,-9.1431468686E-02,0.));
#2392 = CARTESIAN_POINT('',(-0.220766084186,-9.1500729069E-02,0.));
#2393 = FACE_BOUND('',#2394,.T.);
#2394 = EDGE_LOOP('',(#2395,#2405,#2413,#2421,#2427,#2428,#2436,#2444));
#2395 = ORIENTED_EDGE('',*,*,#2396,.F.);
#2396 = EDGE_CURVE('',#2397,#2399,#2401,.T.);
#2397 = VERTEX_POINT('',#2398);
#2398 = CARTESIAN_POINT('',(0.599994,-0.1499985,0.));
#2399 = VERTEX_POINT('',#2400);
#2400 = CARTESIAN_POINT('',(0.399996,-0.1499985,0.));
#2401 = LINE('',#2402,#2403);
#2402 = CARTESIAN_POINT('',(0.399996,-0.1499985,0.));
#2403 = VECTOR('',#2404,1.);
#2404 = DIRECTION('',(-1.,2.710505431213E-16,0.));
#2405 = ORIENTED_EDGE('',*,*,#2406,.T.);
#2406 = EDGE_CURVE('',#2397,#2407,#2409,.T.);
#2407 = VERTEX_POINT('',#2408);
#2408 = CARTESIAN_POINT('',(0.599994,-0.399996,0.));
#2409 = LINE('',#2410,#2411);
#2410 = CARTESIAN_POINT('',(0.599994,7.933107296076E-17,0.));
#2411 = VECTOR('',#2412,1.);
#2412 = DIRECTION('',(1.322197771323E-16,-1.,0.));
#2413 = ORIENTED_EDGE('',*,*,#2414,.F.);
#2414 = EDGE_CURVE('',#2415,#2407,#2417,.T.);
#2415 = VERTEX_POINT('',#2416);
#2416 = CARTESIAN_POINT('',(-0.599994,-0.399996,0.));
#2417 = LINE('',#2418,#2419);
#2418 = CARTESIAN_POINT('',(-0.799992,-0.399996,0.));
#2419 = VECTOR('',#2420,1.);
#2420 = DIRECTION('',(1.,0.,0.));
#2421 = ORIENTED_EDGE('',*,*,#2422,.F.);
#2422 = EDGE_CURVE('',#1057,#2415,#2423,.T.);
#2423 = LINE('',#2424,#2425);
#2424 = CARTESIAN_POINT('',(-0.599994,7.933107296076E-17,0.));
#2425 = VECTOR('',#2426,1.);
#2426 = DIRECTION('',(-1.322197771323E-16,-1.,0.));
#2427 = ORIENTED_EDGE('',*,*,#1080,.F.);
#2428 = ORIENTED_EDGE('',*,*,#2429,.T.);
#2429 = EDGE_CURVE('',#1073,#2430,#2432,.T.);
#2430 = VERTEX_POINT('',#2431);
#2431 = CARTESIAN_POINT('',(0.599994,0.149998499999,0.));
#2432 = LINE('',#2433,#2434);
#2433 = CARTESIAN_POINT('',(0.599994,7.933107296076E-17,0.));
#2434 = VECTOR('',#2435,1.);
#2435 = DIRECTION('',(1.322197771323E-16,-1.,0.));
#2436 = ORIENTED_EDGE('',*,*,#2437,.F.);
#2437 = EDGE_CURVE('',#2438,#2430,#2440,.T.);
#2438 = VERTEX_POINT('',#2439);
#2439 = CARTESIAN_POINT('',(0.399996,0.149998499999,0.));
#2440 = LINE('',#2441,#2442);
#2441 = CARTESIAN_POINT('',(0.399996,0.149998499999,0.));
#2442 = VECTOR('',#2443,1.);
#2443 = DIRECTION('',(1.,-2.710505431213E-16,0.));
#2444 = ORIENTED_EDGE('',*,*,#2445,.F.);
#2445 = EDGE_CURVE('',#2399,#2438,#2446,.T.);
#2446 = LINE('',#2447,#2448);
#2447 = CARTESIAN_POINT('',(0.399996,-0.1499985,0.));
#2448 = VECTOR('',#2449,1.);
#2449 = DIRECTION('',(0.,1.,0.));
#2450 = FACE_BOUND('',#2451,.T.);
#2451 = EDGE_LOOP('',(#2452,#2462,#2470,#2478,#2486,#2494,#2502,#2510));
#2452 = ORIENTED_EDGE('',*,*,#2453,.T.);
#2453 = EDGE_CURVE('',#2454,#2456,#2458,.T.);
#2454 = VERTEX_POINT('',#2455);
#2455 = CARTESIAN_POINT('',(-0.444430006061,0.10849727093,0.));
#2456 = VERTEX_POINT('',#2457);
#2457 = CARTESIAN_POINT('',(-0.522478006062,-9.1500729069E-02,0.));
#2458 = LINE('',#2459,#2460);
#2459 = CARTESIAN_POINT('',(-0.444430006061,0.10849727093,0.));
#2460 = VECTOR('',#2461,1.);
#2461 = DIRECTION('',(-0.363542485652,-0.931577619485,0.));
#2462 = ORIENTED_EDGE('',*,*,#2463,.T.);
#2463 = EDGE_CURVE('',#2456,#2464,#2466,.T.);
#2464 = VERTEX_POINT('',#2465);
#2465 = CARTESIAN_POINT('',(-0.493210006062,-9.1500729069E-02,0.));
#2466 = LINE('',#2467,#2468);
#2467 = CARTESIAN_POINT('',(-0.522478006062,-9.1500729069E-02,0.));
#2468 = VECTOR('',#2469,1.);
#2469 = DIRECTION('',(1.,0.,0.));
#2470 = ORIENTED_EDGE('',*,*,#2471,.T.);
#2471 = EDGE_CURVE('',#2464,#2472,#2474,.T.);
#2472 = VERTEX_POINT('',#2473);
#2473 = CARTESIAN_POINT('',(-0.472973927936,-3.5403729068E-02,0.));
#2474 = LINE('',#2475,#2476);
#2475 = CARTESIAN_POINT('',(-0.493210006062,-9.1500729069E-02,0.));
#2476 = VECTOR('',#2477,1.);
#2477 = DIRECTION('',(0.339330377274,0.940667260544,0.));
#2478 = ORIENTED_EDGE('',*,*,#2479,.T.);
#2479 = EDGE_CURVE('',#2472,#2480,#2482,.T.);
#2480 = VERTEX_POINT('',#2481);
#2481 = CARTESIAN_POINT('',(-0.390352802936,-3.5403729068E-02,0.));
#2482 = LINE('',#2483,#2484);
#2483 = CARTESIAN_POINT('',(-0.472973927936,-3.5403729068E-02,0.));
#2484 = VECTOR('',#2485,1.);
#2485 = DIRECTION('',(1.,0.,0.));
#2486 = ORIENTED_EDGE('',*,*,#2487,.T.);
#2487 = EDGE_CURVE('',#2480,#2488,#2490,.T.);
#2488 = VERTEX_POINT('',#2489);
#2489 = CARTESIAN_POINT('',(-0.371260006061,-9.1500729069E-02,0.));
#2490 = LINE('',#2491,#2492);
#2491 = CARTESIAN_POINT('',(-0.390352802936,-3.5403729068E-02,0.));
#2492 = VECTOR('',#2493,1.);
#2493 = DIRECTION('',(0.322202485606,-0.946670776072,0.));
#2494 = ORIENTED_EDGE('',*,*,#2495,.T.);
#2495 = EDGE_CURVE('',#2488,#2496,#2498,.T.);
#2496 = VERTEX_POINT('',#2497);
#2497 = CARTESIAN_POINT('',(-0.341992006062,-9.1500729069E-02,0.));
#2498 = LINE('',#2499,#2500);
#2499 = CARTESIAN_POINT('',(-0.371260006061,-9.1500729069E-02,0.));
#2500 = VECTOR('',#2501,1.);
#2501 = DIRECTION('',(1.,0.,0.));
#2502 = ORIENTED_EDGE('',*,*,#2503,.T.);
#2503 = EDGE_CURVE('',#2496,#2504,#2506,.T.);
#2504 = VERTEX_POINT('',#2505);
#2505 = CARTESIAN_POINT('',(-0.417601006061,0.10849727093,0.));
#2506 = LINE('',#2507,#2508);
#2507 = CARTESIAN_POINT('',(-0.341992006062,-9.1500729069E-02,0.));
#2508 = VECTOR('',#2509,1.);
#2509 = DIRECTION('',(-0.353622392329,0.93538826358,0.));
#2510 = ORIENTED_EDGE('',*,*,#2511,.T.);
#2511 = EDGE_CURVE('',#2504,#2454,#2512,.T.);
#2512 = LINE('',#2513,#2514);
#2513 = CARTESIAN_POINT('',(-0.417601006061,0.10849727093,0.));
#2514 = VECTOR('',#2515,1.);
#2515 = DIRECTION('',(-1.,0.,0.));
#2516 = FACE_BOUND('',#2517,.T.);
#2517 = EDGE_LOOP('',(#2518,#2528,#2536,#2544,#2552,#2560,#2568,#2576,
    #2584,#2592,#2600,#2608));
#2518 = ORIENTED_EDGE('',*,*,#2519,.T.);
#2519 = EDGE_CURVE('',#2520,#2522,#2524,.T.);
#2520 = VERTEX_POINT('',#2521);
#2521 = CARTESIAN_POINT('',(-0.127360006061,-6.9549729069E-02,0.));
#2522 = VERTEX_POINT('',#2523);
#2523 = CARTESIAN_POINT('',(-0.127360006061,-9.1500729069E-02,0.));
#2524 = LINE('',#2525,#2526);
#2525 = CARTESIAN_POINT('',(-0.127360006061,-6.9549729069E-02,0.));
#2526 = VECTOR('',#2527,1.);
#2527 = DIRECTION('',(0.,-1.,0.));
#2528 = ORIENTED_EDGE('',*,*,#2529,.T.);
#2529 = EDGE_CURVE('',#2522,#2530,#2532,.T.);
#2530 = VERTEX_POINT('',#2531);
#2531 = CARTESIAN_POINT('',(-2.0044006061E-02,-9.1500729069E-02,0.));
#2532 = LINE('',#2533,#2534);
#2533 = CARTESIAN_POINT('',(-0.127360006061,-9.1500729069E-02,0.));
#2534 = VECTOR('',#2535,1.);
#2535 = DIRECTION('',(1.,0.,0.));
#2536 = ORIENTED_EDGE('',*,*,#2537,.T.);
#2537 = EDGE_CURVE('',#2530,#2538,#2540,.T.);
#2538 = VERTEX_POINT('',#2539);
#2539 = CARTESIAN_POINT('',(-2.0044006061E-02,0.10849727093,0.));
#2540 = LINE('',#2541,#2542);
#2541 = CARTESIAN_POINT('',(-2.0044006061E-02,-9.1500729069E-02,0.));
#2542 = VECTOR('',#2543,1.);
#2543 = DIRECTION('',(0.,1.,0.));
#2544 = ORIENTED_EDGE('',*,*,#2545,.T.);
#2545 = EDGE_CURVE('',#2538,#2546,#2548,.T.);
#2546 = VERTEX_POINT('',#2547);
#2547 = CARTESIAN_POINT('',(-0.122482006062,0.10849727093,0.));
#2548 = LINE('',#2549,#2550);
#2549 = CARTESIAN_POINT('',(-2.0044006061E-02,0.10849727093,0.));
#2550 = VECTOR('',#2551,1.);
#2551 = DIRECTION('',(-1.,0.,0.));
#2552 = ORIENTED_EDGE('',*,*,#2553,.T.);
#2553 = EDGE_CURVE('',#2546,#2554,#2556,.T.);
#2554 = VERTEX_POINT('',#2555);
#2555 = CARTESIAN_POINT('',(-0.122482006062,8.6546270931E-02,0.));
#2556 = LINE('',#2557,#2558);
#2557 = CARTESIAN_POINT('',(-0.122482006062,0.10849727093,0.));
#2558 = VECTOR('',#2559,1.);
#2559 = DIRECTION('',(0.,-1.,0.));
#2560 = ORIENTED_EDGE('',*,*,#2561,.T.);
#2561 = EDGE_CURVE('',#2554,#2562,#2564,.T.);
#2562 = VERTEX_POINT('',#2563);
#2563 = CARTESIAN_POINT('',(-4.6873006061E-02,8.6546270931E-02,0.));
#2564 = LINE('',#2565,#2566);
#2565 = CARTESIAN_POINT('',(-0.122482006062,8.6546270931E-02,0.));
#2566 = VECTOR('',#2567,1.);
#2567 = DIRECTION('',(1.,0.,0.));
#2568 = ORIENTED_EDGE('',*,*,#2569,.T.);
#2569 = EDGE_CURVE('',#2562,#2570,#2572,.T.);
#2570 = VERTEX_POINT('',#2571);
#2571 = CARTESIAN_POINT('',(-4.6873006061E-02,2.069327093E-02,0.));
#2572 = LINE('',#2573,#2574);
#2573 = CARTESIAN_POINT('',(-4.6873006061E-02,8.6546270931E-02,0.));
#2574 = VECTOR('',#2575,1.);
#2575 = DIRECTION('',(0.,-1.,0.));
#2576 = ORIENTED_EDGE('',*,*,#2577,.T.);
#2577 = EDGE_CURVE('',#2570,#2578,#2580,.T.);
#2578 = VERTEX_POINT('',#2579);
#2579 = CARTESIAN_POINT('',(-0.117604006061,2.069327093E-02,0.));
#2580 = LINE('',#2581,#2582);
#2581 = CARTESIAN_POINT('',(-4.6873006061E-02,2.069327093E-02,0.));
#2582 = VECTOR('',#2583,1.);
#2583 = DIRECTION('',(-1.,0.,0.));
#2584 = ORIENTED_EDGE('',*,*,#2585,.T.);
#2585 = EDGE_CURVE('',#2578,#2586,#2588,.T.);
#2586 = VERTEX_POINT('',#2587);
#2587 = CARTESIAN_POINT('',(-0.117604006061,-1.257729069E-03,0.));
#2588 = LINE('',#2589,#2590);
#2589 = CARTESIAN_POINT('',(-0.117604006061,2.069327093E-02,0.));
#2590 = VECTOR('',#2591,1.);
#2591 = DIRECTION('',(0.,-1.,0.));
#2592 = ORIENTED_EDGE('',*,*,#2593,.T.);
#2593 = EDGE_CURVE('',#2586,#2594,#2596,.T.);
#2594 = VERTEX_POINT('',#2595);
#2595 = CARTESIAN_POINT('',(-4.6873006061E-02,-1.257729069E-03,0.));
#2596 = LINE('',#2597,#2598);
#2597 = CARTESIAN_POINT('',(-0.117604006061,-1.257729069E-03,0.));
#2598 = VECTOR('',#2599,1.);
#2599 = DIRECTION('',(1.,0.,0.));
#2600 = ORIENTED_EDGE('',*,*,#2601,.T.);
#2601 = EDGE_CURVE('',#2594,#2602,#2604,.T.);
#2602 = VERTEX_POINT('',#2603);
#2603 = CARTESIAN_POINT('',(-4.6873006061E-02,-6.9549729069E-02,0.));
#2604 = LINE('',#2605,#2606);
#2605 = CARTESIAN_POINT('',(-4.6873006061E-02,-1.257729069E-03,0.));
#2606 = VECTOR('',#2607,1.);
#2607 = DIRECTION('',(0.,-1.,0.));
#2608 = ORIENTED_EDGE('',*,*,#2609,.T.);
#2609 = EDGE_CURVE('',#2602,#2520,#2610,.T.);
#2610 = LINE('',#2611,#2612);
#2611 = CARTESIAN_POINT('',(-4.6873006061E-02,-6.9549729069E-02,0.));
#2612 = VECTOR('',#2613,1.);
#2613 = DIRECTION('',(-1.,0.,0.));
#2614 = FACE_BOUND('',#2615,.T.);
#2615 = EDGE_LOOP('',(#2616,#2626,#2634,#2642,#2650,#2658));
#2616 = ORIENTED_EDGE('',*,*,#2617,.T.);
#2617 = EDGE_CURVE('',#2618,#2620,#2622,.T.);
#2618 = VERTEX_POINT('',#2619);
#2619 = CARTESIAN_POINT('',(0.184831993938,-6.9549729069E-02,0.));
#2620 = VERTEX_POINT('',#2621);
#2621 = CARTESIAN_POINT('',(0.184831993938,-9.1500729069E-02,0.));
#2622 = LINE('',#2623,#2624);
#2623 = CARTESIAN_POINT('',(0.184831993938,-6.9549729069E-02,0.));
#2624 = VECTOR('',#2625,1.);
#2625 = DIRECTION('',(0.,-1.,0.));
#2626 = ORIENTED_EDGE('',*,*,#2627,.T.);
#2627 = EDGE_CURVE('',#2620,#2628,#2630,.T.);
#2628 = VERTEX_POINT('',#2629);
#2629 = CARTESIAN_POINT('',(0.287269993937,-9.1500729069E-02,0.));
#2630 = LINE('',#2631,#2632);
#2631 = CARTESIAN_POINT('',(0.184831993938,-9.1500729069E-02,0.));
#2632 = VECTOR('',#2633,1.);
#2633 = DIRECTION('',(1.,0.,0.));
#2634 = ORIENTED_EDGE('',*,*,#2635,.T.);
#2635 = EDGE_CURVE('',#2628,#2636,#2638,.T.);
#2636 = VERTEX_POINT('',#2637);
#2637 = CARTESIAN_POINT('',(0.287269993937,0.10849727093,0.));
#2638 = LINE('',#2639,#2640);
#2639 = CARTESIAN_POINT('',(0.287269993937,-9.1500729069E-02,0.));
#2640 = VECTOR('',#2641,1.);
#2641 = DIRECTION('',(0.,1.,0.));
#2642 = ORIENTED_EDGE('',*,*,#2643,.T.);
#2643 = EDGE_CURVE('',#2636,#2644,#2646,.T.);
#2644 = VERTEX_POINT('',#2645);
#2645 = CARTESIAN_POINT('',(0.260440993938,0.10849727093,0.));
#2646 = LINE('',#2647,#2648);
#2647 = CARTESIAN_POINT('',(0.287269993937,0.10849727093,0.));
#2648 = VECTOR('',#2649,1.);
#2649 = DIRECTION('',(-1.,0.,0.));
#2650 = ORIENTED_EDGE('',*,*,#2651,.T.);
#2651 = EDGE_CURVE('',#2644,#2652,#2654,.T.);
#2652 = VERTEX_POINT('',#2653);
#2653 = CARTESIAN_POINT('',(0.260440993938,-6.9549729069E-02,0.));
#2654 = LINE('',#2655,#2656);
#2655 = CARTESIAN_POINT('',(0.260440993938,0.10849727093,0.));
#2656 = VECTOR('',#2657,1.);
#2657 = DIRECTION('',(0.,-1.,0.));
#2658 = ORIENTED_EDGE('',*,*,#2659,.T.);
#2659 = EDGE_CURVE('',#2652,#2618,#2660,.T.);
#2660 = LINE('',#2661,#2662);
#2661 = CARTESIAN_POINT('',(0.260440993938,-6.9549729069E-02,0.));
#2662 = VECTOR('',#2663,1.);
#2663 = DIRECTION('',(-1.,0.,0.));
#2664 = PLANE('',#2665);
#2665 = AXIS2_PLACEMENT_3D('',#2666,#2667,#2668);
#2666 = CARTESIAN_POINT('',(0.,0.,0.));
#2667 = DIRECTION('',(0.,0.,1.));
#2668 = DIRECTION('',(1.,0.,-0.));
#2669 = ADVANCED_FACE('',(#2670),#2736,.T.);
#2670 = FACE_BOUND('',#2671,.T.);
#2671 = EDGE_LOOP('',(#2672,#2673,#2681,#2689,#2697,#2705,#2713,#2721,
    #2727,#2728,#2729,#2730));
#2672 = ORIENTED_EDGE('',*,*,#2406,.F.);
#2673 = ORIENTED_EDGE('',*,*,#2674,.F.);
#2674 = EDGE_CURVE('',#2675,#2397,#2677,.T.);
#2675 = VERTEX_POINT('',#2676);
#2676 = CARTESIAN_POINT('',(0.599994,-0.1499985,-9.9999E-03));
#2677 = LINE('',#2678,#2679);
#2678 = CARTESIAN_POINT('',(0.599994,-0.1499985,-9.9999E-03));
#2679 = VECTOR('',#2680,1.);
#2680 = DIRECTION('',(0.,0.,1.));
#2681 = ORIENTED_EDGE('',*,*,#2682,.T.);
#2682 = EDGE_CURVE('',#2675,#2683,#2685,.T.);
#2683 = VERTEX_POINT('',#2684);
#2684 = CARTESIAN_POINT('',(0.599994,-0.409995899999,-9.9999E-03));
#2685 = LINE('',#2686,#2687);
#2686 = CARTESIAN_POINT('',(0.599993999999,0.409995899999,-9.9999E-03));
#2687 = VECTOR('',#2688,1.);
#2688 = DIRECTION('',(1.322197771323E-16,-1.,0.));
#2689 = ORIENTED_EDGE('',*,*,#2690,.T.);
#2690 = EDGE_CURVE('',#2683,#2691,#2693,.T.);
#2691 = VERTEX_POINT('',#2692);
#2692 = CARTESIAN_POINT('',(0.599994,-0.409995899999,0.189998099999));
#2693 = LINE('',#2694,#2695);
#2694 = CARTESIAN_POINT('',(0.599994,-0.409995899999,-9.9999E-03));
#2695 = VECTOR('',#2696,1.);
#2696 = DIRECTION('',(0.,0.,1.));
#2697 = ORIENTED_EDGE('',*,*,#2698,.F.);
#2698 = EDGE_CURVE('',#2699,#2691,#2701,.T.);
#2699 = VERTEX_POINT('',#2700);
#2700 = CARTESIAN_POINT('',(0.599993999999,0.409995899999,0.189998099999
    ));
#2701 = LINE('',#2702,#2703);
#2702 = CARTESIAN_POINT('',(0.599993999999,0.409995899999,0.189998099999
    ));
#2703 = VECTOR('',#2704,1.);
#2704 = DIRECTION('',(1.322197771323E-16,-1.,0.));
#2705 = ORIENTED_EDGE('',*,*,#2706,.F.);
#2706 = EDGE_CURVE('',#2707,#2699,#2709,.T.);
#2707 = VERTEX_POINT('',#2708);
#2708 = CARTESIAN_POINT('',(0.599993999999,0.409995899999,-9.9999E-03));
#2709 = LINE('',#2710,#2711);
#2710 = CARTESIAN_POINT('',(0.599993999999,0.409995899999,-9.9999E-03));
#2711 = VECTOR('',#2712,1.);
#2712 = DIRECTION('',(0.,0.,1.));
#2713 = ORIENTED_EDGE('',*,*,#2714,.T.);
#2714 = EDGE_CURVE('',#2707,#2715,#2717,.T.);
#2715 = VERTEX_POINT('',#2716);
#2716 = CARTESIAN_POINT('',(0.599993999999,0.149998499999,-9.9999E-03));
#2717 = LINE('',#2718,#2719);
#2718 = CARTESIAN_POINT('',(0.599993999999,0.409995899999,-9.9999E-03));
#2719 = VECTOR('',#2720,1.);
#2720 = DIRECTION('',(1.322197771323E-16,-1.,0.));
#2721 = ORIENTED_EDGE('',*,*,#2722,.T.);
#2722 = EDGE_CURVE('',#2715,#2430,#2723,.T.);
#2723 = LINE('',#2724,#2725);
#2724 = CARTESIAN_POINT('',(0.599994,0.149998499999,-9.9999E-03));
#2725 = VECTOR('',#2726,1.);
#2726 = DIRECTION('',(0.,0.,1.));
#2727 = ORIENTED_EDGE('',*,*,#2429,.F.);
#2728 = ORIENTED_EDGE('',*,*,#1072,.F.);
#2729 = ORIENTED_EDGE('',*,*,#2096,.T.);
#2730 = ORIENTED_EDGE('',*,*,#2731,.F.);
#2731 = EDGE_CURVE('',#2407,#2089,#2732,.T.);
#2732 = LINE('',#2733,#2734);
#2733 = CARTESIAN_POINT('',(0.599994,-0.399996,0.179998199999));
#2734 = VECTOR('',#2735,1.);
#2735 = DIRECTION('',(0.,0.,1.));
#2736 = PLANE('',#2737);
#2737 = AXIS2_PLACEMENT_3D('',#2738,#2739,#2740);
#2738 = CARTESIAN_POINT('',(0.599993999999,0.409995899999,-9.9999E-03));
#2739 = DIRECTION('',(-1.,-1.322197771323E-16,0.));
#2740 = DIRECTION('',(1.322197771323E-16,-1.,0.));
#2741 = ADVANCED_FACE('',(#2742),#2753,.F.);
#2742 = FACE_BOUND('',#2743,.T.);
#2743 = EDGE_LOOP('',(#2744,#2750,#2751,#2752));
#2744 = ORIENTED_EDGE('',*,*,#2745,.F.);
#2745 = EDGE_CURVE('',#2415,#2081,#2746,.T.);
#2746 = LINE('',#2747,#2748);
#2747 = CARTESIAN_POINT('',(-0.599994,-0.399996,0.179998199999));
#2748 = VECTOR('',#2749,1.);
#2749 = DIRECTION('',(0.,0.,1.));
#2750 = ORIENTED_EDGE('',*,*,#2414,.T.);
#2751 = ORIENTED_EDGE('',*,*,#2731,.T.);
#2752 = ORIENTED_EDGE('',*,*,#2088,.F.);
#2753 = PLANE('',#2754);
#2754 = AXIS2_PLACEMENT_3D('',#2755,#2756,#2757);
#2755 = CARTESIAN_POINT('',(-0.799992,-0.399996,0.179998199999));
#2756 = DIRECTION('',(0.,1.,0.));
#2757 = DIRECTION('',(0.,-0.,1.));
#2758 = ADVANCED_FACE('',(#2759),#2784,.T.);
#2759 = FACE_BOUND('',#2760,.T.);
#2760 = EDGE_LOOP('',(#2761,#2762,#2770,#2778));
#2761 = ORIENTED_EDGE('',*,*,#2706,.T.);
#2762 = ORIENTED_EDGE('',*,*,#2763,.F.);
#2763 = EDGE_CURVE('',#2764,#2699,#2766,.T.);
#2764 = VERTEX_POINT('',#2765);
#2765 = CARTESIAN_POINT('',(0.809991899999,0.409995899999,0.189998099999
    ));
#2766 = LINE('',#2767,#2768);
#2767 = CARTESIAN_POINT('',(0.809991899999,0.409995899999,0.189998099999
    ));
#2768 = VECTOR('',#2769,1.);
#2769 = DIRECTION('',(-1.,-2.581433744013E-16,0.));
#2770 = ORIENTED_EDGE('',*,*,#2771,.F.);
#2771 = EDGE_CURVE('',#2772,#2764,#2774,.T.);
#2772 = VERTEX_POINT('',#2773);
#2773 = CARTESIAN_POINT('',(0.809991899999,0.409995899999,-9.9999E-03));
#2774 = LINE('',#2775,#2776);
#2775 = CARTESIAN_POINT('',(0.809991899999,0.409995899999,-9.9999E-03));
#2776 = VECTOR('',#2777,1.);
#2777 = DIRECTION('',(0.,0.,1.));
#2778 = ORIENTED_EDGE('',*,*,#2779,.T.);
#2779 = EDGE_CURVE('',#2772,#2707,#2780,.T.);
#2780 = LINE('',#2781,#2782);
#2781 = CARTESIAN_POINT('',(0.809991899999,0.409995899999,-9.9999E-03));
#2782 = VECTOR('',#2783,1.);
#2783 = DIRECTION('',(-1.,-2.581433744013E-16,0.));
#2784 = PLANE('',#2785);
#2785 = AXIS2_PLACEMENT_3D('',#2786,#2787,#2788);
#2786 = CARTESIAN_POINT('',(0.809991899999,0.409995899999,-9.9999E-03));
#2787 = DIRECTION('',(-2.581433744013E-16,1.,0.));
#2788 = DIRECTION('',(-1.,-2.581433744013E-16,0.));
#2789 = ADVANCED_FACE('',(#2790),#2815,.T.);
#2790 = FACE_BOUND('',#2791,.T.);
#2791 = EDGE_LOOP('',(#2792,#2793,#2801,#2809));
#2792 = ORIENTED_EDGE('',*,*,#2771,.T.);
#2793 = ORIENTED_EDGE('',*,*,#2794,.F.);
#2794 = EDGE_CURVE('',#2795,#2764,#2797,.T.);
#2795 = VERTEX_POINT('',#2796);
#2796 = CARTESIAN_POINT('',(0.809991899999,0.139641004013,0.189998099999
    ));
#2797 = LINE('',#2798,#2799);
#2798 = CARTESIAN_POINT('',(0.809991899999,0.139641004013,0.189998099999
    ));
#2799 = VECTOR('',#2800,1.);
#2800 = DIRECTION('',(0.,1.,0.));
#2801 = ORIENTED_EDGE('',*,*,#2802,.F.);
#2802 = EDGE_CURVE('',#2803,#2795,#2805,.T.);
#2803 = VERTEX_POINT('',#2804);
#2804 = CARTESIAN_POINT('',(0.809991899999,0.139641004013,-9.9999E-03));
#2805 = LINE('',#2806,#2807);
#2806 = CARTESIAN_POINT('',(0.809991899999,0.139641004013,-9.9999E-03));
#2807 = VECTOR('',#2808,1.);
#2808 = DIRECTION('',(0.,0.,1.));
#2809 = ORIENTED_EDGE('',*,*,#2810,.T.);
#2810 = EDGE_CURVE('',#2803,#2772,#2811,.T.);
#2811 = LINE('',#2812,#2813);
#2812 = CARTESIAN_POINT('',(0.809991899999,0.139641004013,-9.9999E-03));
#2813 = VECTOR('',#2814,1.);
#2814 = DIRECTION('',(0.,1.,0.));
#2815 = PLANE('',#2816);
#2816 = AXIS2_PLACEMENT_3D('',#2817,#2818,#2819);
#2817 = CARTESIAN_POINT('',(0.809991899999,0.139641004013,-9.9999E-03));
#2818 = DIRECTION('',(1.,0.,0.));
#2819 = DIRECTION('',(0.,0.,-1.));
#2820 = ADVANCED_FACE('',(#2821),#2848,.F.);
#2821 = FACE_BOUND('',#2822,.F.);
#2822 = EDGE_LOOP('',(#2823,#2832,#2840,#2847));
#2823 = ORIENTED_EDGE('',*,*,#2824,.F.);
#2824 = EDGE_CURVE('',#2825,#2803,#2827,.T.);
#2825 = VERTEX_POINT('',#2826);
#2826 = CARTESIAN_POINT('',(0.809991899999,-0.139641004013,-9.9999E-03)
  );
#2827 = CIRCLE('',#2828,0.139998599999);
#2828 = AXIS2_PLACEMENT_3D('',#2829,#2830,#2831);
#2829 = CARTESIAN_POINT('',(0.799991999999,0.,-9.9999E-03));
#2830 = DIRECTION('',(0.,0.,-1.));
#2831 = DIRECTION('',(1.,0.,0.));
#2832 = ORIENTED_EDGE('',*,*,#2833,.T.);
#2833 = EDGE_CURVE('',#2825,#2834,#2836,.T.);
#2834 = VERTEX_POINT('',#2835);
#2835 = CARTESIAN_POINT('',(0.809991899999,-0.139641004013,
    0.189998099999));
#2836 = LINE('',#2837,#2838);
#2837 = CARTESIAN_POINT('',(0.809991899999,-0.139641004013,-9.9999E-03)
  );
#2838 = VECTOR('',#2839,1.);
#2839 = DIRECTION('',(0.,0.,1.));
#2840 = ORIENTED_EDGE('',*,*,#2841,.T.);
#2841 = EDGE_CURVE('',#2834,#2795,#2842,.T.);
#2842 = CIRCLE('',#2843,0.139998599999);
#2843 = AXIS2_PLACEMENT_3D('',#2844,#2845,#2846);
#2844 = CARTESIAN_POINT('',(0.799991999999,0.,0.189998099999));
#2845 = DIRECTION('',(0.,0.,-1.));
#2846 = DIRECTION('',(1.,0.,0.));
#2847 = ORIENTED_EDGE('',*,*,#2802,.F.);
#2848 = CYLINDRICAL_SURFACE('',#2849,0.139998599999);
#2849 = AXIS2_PLACEMENT_3D('',#2850,#2851,#2852);
#2850 = CARTESIAN_POINT('',(0.799991999999,0.,-9.9999E-03));
#2851 = DIRECTION('',(0.,0.,1.));
#2852 = DIRECTION('',(1.,0.,-0.));
#2853 = ADVANCED_FACE('',(#2854),#2879,.T.);
#2854 = FACE_BOUND('',#2855,.T.);
#2855 = EDGE_LOOP('',(#2856,#2857,#2865,#2873));
#2856 = ORIENTED_EDGE('',*,*,#2833,.T.);
#2857 = ORIENTED_EDGE('',*,*,#2858,.F.);
#2858 = EDGE_CURVE('',#2859,#2834,#2861,.T.);
#2859 = VERTEX_POINT('',#2860);
#2860 = CARTESIAN_POINT('',(0.809991899999,-0.409995899999,
    0.189998099999));
#2861 = LINE('',#2862,#2863);
#2862 = CARTESIAN_POINT('',(0.809991899999,-0.409995899999,
    0.189998099999));
#2863 = VECTOR('',#2864,1.);
#2864 = DIRECTION('',(0.,1.,0.));
#2865 = ORIENTED_EDGE('',*,*,#2866,.F.);
#2866 = EDGE_CURVE('',#2867,#2859,#2869,.T.);
#2867 = VERTEX_POINT('',#2868);
#2868 = CARTESIAN_POINT('',(0.809991899999,-0.409995899999,-9.9999E-03)
  );
#2869 = LINE('',#2870,#2871);
#2870 = CARTESIAN_POINT('',(0.809991899999,-0.409995899999,-9.9999E-03)
  );
#2871 = VECTOR('',#2872,1.);
#2872 = DIRECTION('',(0.,0.,1.));
#2873 = ORIENTED_EDGE('',*,*,#2874,.T.);
#2874 = EDGE_CURVE('',#2867,#2825,#2875,.T.);
#2875 = LINE('',#2876,#2877);
#2876 = CARTESIAN_POINT('',(0.809991899999,-0.409995899999,-9.9999E-03)
  );
#2877 = VECTOR('',#2878,1.);
#2878 = DIRECTION('',(0.,1.,0.));
#2879 = PLANE('',#2880);
#2880 = AXIS2_PLACEMENT_3D('',#2881,#2882,#2883);
#2881 = CARTESIAN_POINT('',(0.809991899999,-0.409995899999,-9.9999E-03)
  );
#2882 = DIRECTION('',(1.,0.,0.));
#2883 = DIRECTION('',(0.,0.,-1.));
#2884 = ADVANCED_FACE('',(#2885),#2901,.T.);
#2885 = FACE_BOUND('',#2886,.T.);
#2886 = EDGE_LOOP('',(#2887,#2888,#2894,#2895));
#2887 = ORIENTED_EDGE('',*,*,#2866,.T.);
#2888 = ORIENTED_EDGE('',*,*,#2889,.F.);
#2889 = EDGE_CURVE('',#2691,#2859,#2890,.T.);
#2890 = LINE('',#2891,#2892);
#2891 = CARTESIAN_POINT('',(0.809991899999,-0.409995899999,
    0.189998099999));
#2892 = VECTOR('',#2893,1.);
#2893 = DIRECTION('',(1.,-5.162867488026E-16,0.));
#2894 = ORIENTED_EDGE('',*,*,#2690,.F.);
#2895 = ORIENTED_EDGE('',*,*,#2896,.T.);
#2896 = EDGE_CURVE('',#2683,#2867,#2897,.T.);
#2897 = LINE('',#2898,#2899);
#2898 = CARTESIAN_POINT('',(0.809991899999,-0.409995899999,-9.9999E-03)
  );
#2899 = VECTOR('',#2900,1.);
#2900 = DIRECTION('',(1.,-5.162867488026E-16,0.));
#2901 = PLANE('',#2902);
#2902 = AXIS2_PLACEMENT_3D('',#2903,#2904,#2905);
#2903 = CARTESIAN_POINT('',(0.809991899999,-0.409995899999,-9.9999E-03)
  );
#2904 = DIRECTION('',(-5.162867488026E-16,-1.,0.));
#2905 = DIRECTION('',(1.,-5.162867488026E-16,0.));
#2906 = ADVANCED_FACE('',(#2907),#2938,.F.);
#2907 = FACE_BOUND('',#2908,.T.);
#2908 = EDGE_LOOP('',(#2909,#2910,#2911,#2912,#2913,#2914,#2915,#2923,
    #2931,#2937));
#2909 = ORIENTED_EDGE('',*,*,#2779,.F.);
#2910 = ORIENTED_EDGE('',*,*,#2810,.F.);
#2911 = ORIENTED_EDGE('',*,*,#2824,.F.);
#2912 = ORIENTED_EDGE('',*,*,#2874,.F.);
#2913 = ORIENTED_EDGE('',*,*,#2896,.F.);
#2914 = ORIENTED_EDGE('',*,*,#2682,.F.);
#2915 = ORIENTED_EDGE('',*,*,#2916,.T.);
#2916 = EDGE_CURVE('',#2675,#2917,#2919,.T.);
#2917 = VERTEX_POINT('',#2918);
#2918 = CARTESIAN_POINT('',(0.399996,-0.1499985,-9.9999E-03));
#2919 = LINE('',#2920,#2921);
#2920 = CARTESIAN_POINT('',(0.399996,-0.1499985,-9.9999E-03));
#2921 = VECTOR('',#2922,1.);
#2922 = DIRECTION('',(-1.,2.710505431213E-16,0.));
#2923 = ORIENTED_EDGE('',*,*,#2924,.T.);
#2924 = EDGE_CURVE('',#2917,#2925,#2927,.T.);
#2925 = VERTEX_POINT('',#2926);
#2926 = CARTESIAN_POINT('',(0.399996,0.149998499999,-9.9999E-03));
#2927 = LINE('',#2928,#2929);
#2928 = CARTESIAN_POINT('',(0.399996,-0.1499985,-9.9999E-03));
#2929 = VECTOR('',#2930,1.);
#2930 = DIRECTION('',(0.,1.,0.));
#2931 = ORIENTED_EDGE('',*,*,#2932,.T.);
#2932 = EDGE_CURVE('',#2925,#2715,#2933,.T.);
#2933 = LINE('',#2934,#2935);
#2934 = CARTESIAN_POINT('',(0.399996,0.149998499999,-9.9999E-03));
#2935 = VECTOR('',#2936,1.);
#2936 = DIRECTION('',(1.,-2.710505431213E-16,0.));
#2937 = ORIENTED_EDGE('',*,*,#2714,.F.);
#2938 = PLANE('',#2939);
#2939 = AXIS2_PLACEMENT_3D('',#2940,#2941,#2942);
#2940 = CARTESIAN_POINT('',(0.799991999999,0.,-9.9999E-03));
#2941 = DIRECTION('',(0.,0.,1.));
#2942 = DIRECTION('',(1.,0.,-0.));
#2943 = ADVANCED_FACE('',(#2944),#2952,.T.);
#2944 = FACE_BOUND('',#2945,.T.);
#2945 = EDGE_LOOP('',(#2946,#2947,#2948,#2949,#2950,#2951));
#2946 = ORIENTED_EDGE('',*,*,#2763,.T.);
#2947 = ORIENTED_EDGE('',*,*,#2698,.T.);
#2948 = ORIENTED_EDGE('',*,*,#2889,.T.);
#2949 = ORIENTED_EDGE('',*,*,#2858,.T.);
#2950 = ORIENTED_EDGE('',*,*,#2841,.T.);
#2951 = ORIENTED_EDGE('',*,*,#2794,.T.);
#2952 = PLANE('',#2953);
#2953 = AXIS2_PLACEMENT_3D('',#2954,#2955,#2956);
#2954 = CARTESIAN_POINT('',(0.799991999999,0.,0.189998099999));
#2955 = DIRECTION('',(0.,0.,1.));
#2956 = DIRECTION('',(1.,0.,-0.));
#2957 = ADVANCED_FACE('',(#2958),#2992,.F.);
#2958 = FACE_BOUND('',#2959,.T.);
#2959 = EDGE_LOOP('',(#2960,#2970,#2978,#2986));
#2960 = ORIENTED_EDGE('',*,*,#2961,.T.);
#2961 = EDGE_CURVE('',#2962,#2964,#2966,.T.);
#2962 = VERTEX_POINT('',#2963);
#2963 = CARTESIAN_POINT('',(-0.809991899999,0.409995899999,-9.9999E-03)
  );
#2964 = VERTEX_POINT('',#2965);
#2965 = CARTESIAN_POINT('',(-0.809991899999,0.409995899999,
    0.189998099999));
#2966 = LINE('',#2967,#2968);
#2967 = CARTESIAN_POINT('',(-0.809991899999,0.409995899999,-9.9999E-03)
  );
#2968 = VECTOR('',#2969,1.);
#2969 = DIRECTION('',(0.,0.,1.));
#2970 = ORIENTED_EDGE('',*,*,#2971,.T.);
#2971 = EDGE_CURVE('',#2964,#2972,#2974,.T.);
#2972 = VERTEX_POINT('',#2973);
#2973 = CARTESIAN_POINT('',(-0.599993999999,0.409995899999,
    0.189998099999));
#2974 = LINE('',#2975,#2976);
#2975 = CARTESIAN_POINT('',(-0.809991899999,0.409995899999,
    0.189998099999));
#2976 = VECTOR('',#2977,1.);
#2977 = DIRECTION('',(1.,-2.581433744013E-16,0.));
#2978 = ORIENTED_EDGE('',*,*,#2979,.F.);
#2979 = EDGE_CURVE('',#2980,#2972,#2982,.T.);
#2980 = VERTEX_POINT('',#2981);
#2981 = CARTESIAN_POINT('',(-0.599993999999,0.409995899999,-9.9999E-03)
  );
#2982 = LINE('',#2983,#2984);
#2983 = CARTESIAN_POINT('',(-0.599993999999,0.409995899999,-9.9999E-03)
  );
#2984 = VECTOR('',#2985,1.);
#2985 = DIRECTION('',(0.,0.,1.));
#2986 = ORIENTED_EDGE('',*,*,#2987,.F.);
#2987 = EDGE_CURVE('',#2962,#2980,#2988,.T.);
#2988 = LINE('',#2989,#2990);
#2989 = CARTESIAN_POINT('',(-0.809991899999,0.409995899999,-9.9999E-03)
  );
#2990 = VECTOR('',#2991,1.);
#2991 = DIRECTION('',(1.,-2.581433744013E-16,0.));
#2992 = PLANE('',#2993);
#2993 = AXIS2_PLACEMENT_3D('',#2994,#2995,#2996);
#2994 = CARTESIAN_POINT('',(-0.809991899999,0.409995899999,-9.9999E-03)
  );
#2995 = DIRECTION('',(-2.581433744013E-16,-1.,0.));
#2996 = DIRECTION('',(1.,-2.581433744013E-16,0.));
#2997 = ADVANCED_FACE('',(#2998,#3004),#3029,.F.);
#2998 = FACE_BOUND('',#2999,.T.);
#2999 = EDGE_LOOP('',(#3000,#3001,#3002,#3003));
#3000 = ORIENTED_EDGE('',*,*,#2080,.F.);
#3001 = ORIENTED_EDGE('',*,*,#1054,.T.);
#3002 = ORIENTED_EDGE('',*,*,#2422,.T.);
#3003 = ORIENTED_EDGE('',*,*,#2745,.T.);
#3004 = FACE_BOUND('',#3005,.T.);
#3005 = EDGE_LOOP('',(#3006,#3007,#3015,#3023));
#3006 = ORIENTED_EDGE('',*,*,#2979,.T.);
#3007 = ORIENTED_EDGE('',*,*,#3008,.T.);
#3008 = EDGE_CURVE('',#2972,#3009,#3011,.T.);
#3009 = VERTEX_POINT('',#3010);
#3010 = CARTESIAN_POINT('',(-0.599994,-0.409995899999,0.189998099999));
#3011 = LINE('',#3012,#3013);
#3012 = CARTESIAN_POINT('',(-0.599993999999,0.409995899999,
    0.189998099999));
#3013 = VECTOR('',#3014,1.);
#3014 = DIRECTION('',(-1.322197771323E-16,-1.,0.));
#3015 = ORIENTED_EDGE('',*,*,#3016,.F.);
#3016 = EDGE_CURVE('',#3017,#3009,#3019,.T.);
#3017 = VERTEX_POINT('',#3018);
#3018 = CARTESIAN_POINT('',(-0.599994,-0.409995899999,-9.9999E-03));
#3019 = LINE('',#3020,#3021);
#3020 = CARTESIAN_POINT('',(-0.599994,-0.409995899999,-9.9999E-03));
#3021 = VECTOR('',#3022,1.);
#3022 = DIRECTION('',(0.,0.,1.));
#3023 = ORIENTED_EDGE('',*,*,#3024,.F.);
#3024 = EDGE_CURVE('',#2980,#3017,#3025,.T.);
#3025 = LINE('',#3026,#3027);
#3026 = CARTESIAN_POINT('',(-0.599993999999,0.409995899999,-9.9999E-03)
  );
#3027 = VECTOR('',#3028,1.);
#3028 = DIRECTION('',(-1.322197771323E-16,-1.,0.));
#3029 = PLANE('',#3030);
#3030 = AXIS2_PLACEMENT_3D('',#3031,#3032,#3033);
#3031 = CARTESIAN_POINT('',(-0.599993999999,0.409995899999,-9.9999E-03)
  );
#3032 = DIRECTION('',(-1.,1.322197771323E-16,0.));
#3033 = DIRECTION('',(-1.322197771323E-16,-1.,0.));
#3034 = ADVANCED_FACE('',(#3035),#3060,.F.);
#3035 = FACE_BOUND('',#3036,.T.);
#3036 = EDGE_LOOP('',(#3037,#3038,#3046,#3054));
#3037 = ORIENTED_EDGE('',*,*,#3016,.T.);
#3038 = ORIENTED_EDGE('',*,*,#3039,.T.);
#3039 = EDGE_CURVE('',#3009,#3040,#3042,.T.);
#3040 = VERTEX_POINT('',#3041);
#3041 = CARTESIAN_POINT('',(-0.809991899999,-0.409995899999,
    0.189998099999));
#3042 = LINE('',#3043,#3044);
#3043 = CARTESIAN_POINT('',(-0.809991899999,-0.409995899999,
    0.189998099999));
#3044 = VECTOR('',#3045,1.);
#3045 = DIRECTION('',(-1.,-5.162867488026E-16,0.));
#3046 = ORIENTED_EDGE('',*,*,#3047,.F.);
#3047 = EDGE_CURVE('',#3048,#3040,#3050,.T.);
#3048 = VERTEX_POINT('',#3049);
#3049 = CARTESIAN_POINT('',(-0.809991899999,-0.409995899999,-9.9999E-03)
  );
#3050 = LINE('',#3051,#3052);
#3051 = CARTESIAN_POINT('',(-0.809991899999,-0.409995899999,-9.9999E-03)
  );
#3052 = VECTOR('',#3053,1.);
#3053 = DIRECTION('',(0.,0.,1.));
#3054 = ORIENTED_EDGE('',*,*,#3055,.F.);
#3055 = EDGE_CURVE('',#3017,#3048,#3056,.T.);
#3056 = LINE('',#3057,#3058);
#3057 = CARTESIAN_POINT('',(-0.809991899999,-0.409995899999,-9.9999E-03)
  );
#3058 = VECTOR('',#3059,1.);
#3059 = DIRECTION('',(-1.,-5.162867488026E-16,0.));
#3060 = PLANE('',#3061);
#3061 = AXIS2_PLACEMENT_3D('',#3062,#3063,#3064);
#3062 = CARTESIAN_POINT('',(-0.809991899999,-0.409995899999,-9.9999E-03)
  );
#3063 = DIRECTION('',(-5.162867488026E-16,1.,0.));
#3064 = DIRECTION('',(-1.,-5.162867488026E-16,0.));
#3065 = ADVANCED_FACE('',(#3066),#3091,.F.);
#3066 = FACE_BOUND('',#3067,.T.);
#3067 = EDGE_LOOP('',(#3068,#3069,#3077,#3085));
#3068 = ORIENTED_EDGE('',*,*,#3047,.T.);
#3069 = ORIENTED_EDGE('',*,*,#3070,.T.);
#3070 = EDGE_CURVE('',#3040,#3071,#3073,.T.);
#3071 = VERTEX_POINT('',#3072);
#3072 = CARTESIAN_POINT('',(-0.809991899999,-0.139641004013,
    0.189998099999));
#3073 = LINE('',#3074,#3075);
#3074 = CARTESIAN_POINT('',(-0.809991899999,-0.409995899999,
    0.189998099999));
#3075 = VECTOR('',#3076,1.);
#3076 = DIRECTION('',(0.,1.,0.));
#3077 = ORIENTED_EDGE('',*,*,#3078,.F.);
#3078 = EDGE_CURVE('',#3079,#3071,#3081,.T.);
#3079 = VERTEX_POINT('',#3080);
#3080 = CARTESIAN_POINT('',(-0.809991899999,-0.139641004013,-9.9999E-03)
  );
#3081 = LINE('',#3082,#3083);
#3082 = CARTESIAN_POINT('',(-0.809991899999,-0.139641004013,-9.9999E-03)
  );
#3083 = VECTOR('',#3084,1.);
#3084 = DIRECTION('',(0.,0.,1.));
#3085 = ORIENTED_EDGE('',*,*,#3086,.F.);
#3086 = EDGE_CURVE('',#3048,#3079,#3087,.T.);
#3087 = LINE('',#3088,#3089);
#3088 = CARTESIAN_POINT('',(-0.809991899999,-0.409995899999,-9.9999E-03)
  );
#3089 = VECTOR('',#3090,1.);
#3090 = DIRECTION('',(0.,1.,0.));
#3091 = PLANE('',#3092);
#3092 = AXIS2_PLACEMENT_3D('',#3093,#3094,#3095);
#3093 = CARTESIAN_POINT('',(-0.809991899999,-0.409995899999,-9.9999E-03)
  );
#3094 = DIRECTION('',(1.,0.,0.));
#3095 = DIRECTION('',(0.,0.,-1.));
#3096 = ADVANCED_FACE('',(#3097),#3115,.F.);
#3097 = FACE_BOUND('',#3098,.F.);
#3098 = EDGE_LOOP('',(#3099,#3106,#3107,#3114));
#3099 = ORIENTED_EDGE('',*,*,#3100,.F.);
#3100 = EDGE_CURVE('',#3071,#550,#3101,.T.);
#3101 = CIRCLE('',#3102,0.139998599999);
#3102 = AXIS2_PLACEMENT_3D('',#3103,#3104,#3105);
#3103 = CARTESIAN_POINT('',(-0.799991999999,0.,0.189998099999));
#3104 = DIRECTION('',(0.,0.,1.));
#3105 = DIRECTION('',(-1.,0.,0.));
#3106 = ORIENTED_EDGE('',*,*,#3078,.F.);
#3107 = ORIENTED_EDGE('',*,*,#3108,.T.);
#3108 = EDGE_CURVE('',#3079,#559,#3109,.T.);
#3109 = CIRCLE('',#3110,0.139998599999);
#3110 = AXIS2_PLACEMENT_3D('',#3111,#3112,#3113);
#3111 = CARTESIAN_POINT('',(-0.799991999999,0.,-9.9999E-03));
#3112 = DIRECTION('',(0.,0.,1.));
#3113 = DIRECTION('',(-1.,0.,0.));
#3114 = ORIENTED_EDGE('',*,*,#558,.T.);
#3115 = CYLINDRICAL_SURFACE('',#3116,0.139998599999);
#3116 = AXIS2_PLACEMENT_3D('',#3117,#3118,#3119);
#3117 = CARTESIAN_POINT('',(-0.799991999999,0.,-9.9999E-03));
#3118 = DIRECTION('',(0.,0.,1.));
#3119 = DIRECTION('',(1.,0.,-0.));
#3120 = ADVANCED_FACE('',(#3121),#3137,.F.);
#3121 = FACE_BOUND('',#3122,.T.);
#3122 = EDGE_LOOP('',(#3123,#3124,#3130,#3131));
#3123 = ORIENTED_EDGE('',*,*,#539,.T.);
#3124 = ORIENTED_EDGE('',*,*,#3125,.T.);
#3125 = EDGE_CURVE('',#542,#2964,#3126,.T.);
#3126 = LINE('',#3127,#3128);
#3127 = CARTESIAN_POINT('',(-0.809991899999,0.139641004013,
    0.189998099999));
#3128 = VECTOR('',#3129,1.);
#3129 = DIRECTION('',(0.,1.,0.));
#3130 = ORIENTED_EDGE('',*,*,#2961,.F.);
#3131 = ORIENTED_EDGE('',*,*,#3132,.F.);
#3132 = EDGE_CURVE('',#540,#2962,#3133,.T.);
#3133 = LINE('',#3134,#3135);
#3134 = CARTESIAN_POINT('',(-0.809991899999,0.139641004013,-9.9999E-03)
  );
#3135 = VECTOR('',#3136,1.);
#3136 = DIRECTION('',(0.,1.,0.));
#3137 = PLANE('',#3138);
#3138 = AXIS2_PLACEMENT_3D('',#3139,#3140,#3141);
#3139 = CARTESIAN_POINT('',(-0.809991899999,0.139641004013,-9.9999E-03)
  );
#3140 = DIRECTION('',(1.,0.,0.));
#3141 = DIRECTION('',(0.,0.,-1.));
#3142 = ADVANCED_FACE('',(#3143),#3152,.F.);
#3143 = FACE_BOUND('',#3144,.T.);
#3144 = EDGE_LOOP('',(#3145,#3146,#3147,#3148,#3149,#3150,#3151));
#3145 = ORIENTED_EDGE('',*,*,#2987,.T.);
#3146 = ORIENTED_EDGE('',*,*,#3024,.T.);
#3147 = ORIENTED_EDGE('',*,*,#3055,.T.);
#3148 = ORIENTED_EDGE('',*,*,#3086,.T.);
#3149 = ORIENTED_EDGE('',*,*,#3108,.T.);
#3150 = ORIENTED_EDGE('',*,*,#566,.T.);
#3151 = ORIENTED_EDGE('',*,*,#3132,.T.);
#3152 = PLANE('',#3153);
#3153 = AXIS2_PLACEMENT_3D('',#3154,#3155,#3156);
#3154 = CARTESIAN_POINT('',(-0.799991999999,0.,-9.9999E-03));
#3155 = DIRECTION('',(0.,0.,1.));
#3156 = DIRECTION('',(-1.,0.,0.));
#3157 = ADVANCED_FACE('',(#3158),#3167,.T.);
#3158 = FACE_BOUND('',#3159,.T.);
#3159 = EDGE_LOOP('',(#3160,#3161,#3162,#3163,#3164,#3165,#3166));
#3160 = ORIENTED_EDGE('',*,*,#2971,.F.);
#3161 = ORIENTED_EDGE('',*,*,#3125,.F.);
#3162 = ORIENTED_EDGE('',*,*,#549,.F.);
#3163 = ORIENTED_EDGE('',*,*,#3100,.F.);
#3164 = ORIENTED_EDGE('',*,*,#3070,.F.);
#3165 = ORIENTED_EDGE('',*,*,#3039,.F.);
#3166 = ORIENTED_EDGE('',*,*,#3008,.F.);
#3167 = PLANE('',#3168);
#3168 = AXIS2_PLACEMENT_3D('',#3169,#3170,#3171);
#3169 = CARTESIAN_POINT('',(-0.799991999999,0.,0.189998099999));
#3170 = DIRECTION('',(0.,0.,1.));
#3171 = DIRECTION('',(-1.,0.,0.));
#3172 = ADVANCED_FACE('',(#3173),#3184,.F.);
#3173 = FACE_BOUND('',#3174,.T.);
#3174 = EDGE_LOOP('',(#3175,#3176,#3182,#3183));
#3175 = ORIENTED_EDGE('',*,*,#2396,.T.);
#3176 = ORIENTED_EDGE('',*,*,#3177,.F.);
#3177 = EDGE_CURVE('',#2917,#2399,#3178,.T.);
#3178 = LINE('',#3179,#3180);
#3179 = CARTESIAN_POINT('',(0.399996,-0.1499985,-9.9999E-03));
#3180 = VECTOR('',#3181,1.);
#3181 = DIRECTION('',(0.,0.,1.));
#3182 = ORIENTED_EDGE('',*,*,#2916,.F.);
#3183 = ORIENTED_EDGE('',*,*,#2674,.T.);
#3184 = PLANE('',#3185);
#3185 = AXIS2_PLACEMENT_3D('',#3186,#3187,#3188);
#3186 = CARTESIAN_POINT('',(0.399996,-0.1499985,-9.9999E-03));
#3187 = DIRECTION('',(2.710505431213E-16,1.,0.));
#3188 = DIRECTION('',(-1.,2.710505431213E-16,0.));
#3189 = ADVANCED_FACE('',(#3190),#3201,.F.);
#3190 = FACE_BOUND('',#3191,.T.);
#3191 = EDGE_LOOP('',(#3192,#3193,#3199,#3200));
#3192 = ORIENTED_EDGE('',*,*,#2445,.T.);
#3193 = ORIENTED_EDGE('',*,*,#3194,.F.);
#3194 = EDGE_CURVE('',#2925,#2438,#3195,.T.);
#3195 = LINE('',#3196,#3197);
#3196 = CARTESIAN_POINT('',(0.399996,0.149998499999,-9.9999E-03));
#3197 = VECTOR('',#3198,1.);
#3198 = DIRECTION('',(0.,0.,1.));
#3199 = ORIENTED_EDGE('',*,*,#2924,.F.);
#3200 = ORIENTED_EDGE('',*,*,#3177,.T.);
#3201 = PLANE('',#3202);
#3202 = AXIS2_PLACEMENT_3D('',#3203,#3204,#3205);
#3203 = CARTESIAN_POINT('',(0.399996,-0.1499985,-9.9999E-03));
#3204 = DIRECTION('',(1.,0.,0.));
#3205 = DIRECTION('',(0.,0.,-1.));
#3206 = ADVANCED_FACE('',(#3207),#3213,.F.);
#3207 = FACE_BOUND('',#3208,.T.);
#3208 = EDGE_LOOP('',(#3209,#3210,#3211,#3212));
#3209 = ORIENTED_EDGE('',*,*,#2437,.T.);
#3210 = ORIENTED_EDGE('',*,*,#2722,.F.);
#3211 = ORIENTED_EDGE('',*,*,#2932,.F.);
#3212 = ORIENTED_EDGE('',*,*,#3194,.T.);
#3213 = PLANE('',#3214);
#3214 = AXIS2_PLACEMENT_3D('',#3215,#3216,#3217);
#3215 = CARTESIAN_POINT('',(0.399996,0.149998499999,-9.9999E-03));
#3216 = DIRECTION('',(-2.710505431213E-16,-1.,0.));
#3217 = DIRECTION('',(1.,-2.710505431213E-16,0.));
#3218 = ADVANCED_FACE('',(#3219),#3244,.T.);
#3219 = FACE_BOUND('',#3220,.T.);
#3220 = EDGE_LOOP('',(#3221,#3222,#3230,#3238));
#3221 = ORIENTED_EDGE('',*,*,#2453,.F.);
#3222 = ORIENTED_EDGE('',*,*,#3223,.F.);
#3223 = EDGE_CURVE('',#3224,#2454,#3226,.T.);
#3224 = VERTEX_POINT('',#3225);
#3225 = CARTESIAN_POINT('',(-0.444430006061,0.10849727093,9.9999E-04));
#3226 = LINE('',#3227,#3228);
#3227 = CARTESIAN_POINT('',(-0.444430006061,0.10849727093,9.9999E-04));
#3228 = VECTOR('',#3229,1.);
#3229 = DIRECTION('',(0.,0.,-1.));
#3230 = ORIENTED_EDGE('',*,*,#3231,.T.);
#3231 = EDGE_CURVE('',#3224,#3232,#3234,.T.);
#3232 = VERTEX_POINT('',#3233);
#3233 = CARTESIAN_POINT('',(-0.522478006062,-9.1500729069E-02,9.9999E-04
    ));
#3234 = LINE('',#3235,#3236);
#3235 = CARTESIAN_POINT('',(-0.444430006061,0.10849727093,9.9999E-04));
#3236 = VECTOR('',#3237,1.);
#3237 = DIRECTION('',(-0.363542485652,-0.931577619485,0.));
#3238 = ORIENTED_EDGE('',*,*,#3239,.T.);
#3239 = EDGE_CURVE('',#3232,#2456,#3240,.T.);
#3240 = LINE('',#3241,#3242);
#3241 = CARTESIAN_POINT('',(-0.522478006062,-9.1500729069E-02,9.9999E-04
    ));
#3242 = VECTOR('',#3243,1.);
#3243 = DIRECTION('',(0.,0.,-1.));
#3244 = PLANE('',#3245);
#3245 = AXIS2_PLACEMENT_3D('',#3246,#3247,#3248);
#3246 = CARTESIAN_POINT('',(-0.444430006061,0.10849727093,9.9999E-04));
#3247 = DIRECTION('',(0.931577619485,-0.363542485652,0.));
#3248 = DIRECTION('',(0.363542485652,0.931577619485,0.));
#3249 = ADVANCED_FACE('',(#3250),#3268,.T.);
#3250 = FACE_BOUND('',#3251,.T.);
#3251 = EDGE_LOOP('',(#3252,#3253,#3254,#3262));
#3252 = ORIENTED_EDGE('',*,*,#2463,.F.);
#3253 = ORIENTED_EDGE('',*,*,#3239,.F.);
#3254 = ORIENTED_EDGE('',*,*,#3255,.T.);
#3255 = EDGE_CURVE('',#3232,#3256,#3258,.T.);
#3256 = VERTEX_POINT('',#3257);
#3257 = CARTESIAN_POINT('',(-0.493210006062,-9.1500729069E-02,9.9999E-04
    ));
#3258 = LINE('',#3259,#3260);
#3259 = CARTESIAN_POINT('',(-0.522478006062,-9.1500729069E-02,9.9999E-04
    ));
#3260 = VECTOR('',#3261,1.);
#3261 = DIRECTION('',(1.,0.,0.));
#3262 = ORIENTED_EDGE('',*,*,#3263,.T.);
#3263 = EDGE_CURVE('',#3256,#2464,#3264,.T.);
#3264 = LINE('',#3265,#3266);
#3265 = CARTESIAN_POINT('',(-0.493210006062,-9.1500729069E-02,9.9999E-04
    ));
#3266 = VECTOR('',#3267,1.);
#3267 = DIRECTION('',(0.,0.,-1.));
#3268 = PLANE('',#3269);
#3269 = AXIS2_PLACEMENT_3D('',#3270,#3271,#3272);
#3270 = CARTESIAN_POINT('',(-0.522478006062,-9.1500729069E-02,9.9999E-04
    ));
#3271 = DIRECTION('',(0.,1.,0.));
#3272 = DIRECTION('',(0.,-0.,1.));
#3273 = ADVANCED_FACE('',(#3274),#3292,.T.);
#3274 = FACE_BOUND('',#3275,.T.);
#3275 = EDGE_LOOP('',(#3276,#3277,#3278,#3286));
#3276 = ORIENTED_EDGE('',*,*,#2471,.F.);
#3277 = ORIENTED_EDGE('',*,*,#3263,.F.);
#3278 = ORIENTED_EDGE('',*,*,#3279,.T.);
#3279 = EDGE_CURVE('',#3256,#3280,#3282,.T.);
#3280 = VERTEX_POINT('',#3281);
#3281 = CARTESIAN_POINT('',(-0.472973927936,-3.5403729068E-02,9.9999E-04
    ));
#3282 = LINE('',#3283,#3284);
#3283 = CARTESIAN_POINT('',(-0.493210006062,-9.1500729069E-02,9.9999E-04
    ));
#3284 = VECTOR('',#3285,1.);
#3285 = DIRECTION('',(0.339330377274,0.940667260544,0.));
#3286 = ORIENTED_EDGE('',*,*,#3287,.T.);
#3287 = EDGE_CURVE('',#3280,#2472,#3288,.T.);
#3288 = LINE('',#3289,#3290);
#3289 = CARTESIAN_POINT('',(-0.472973927936,-3.5403729068E-02,9.9999E-04
    ));
#3290 = VECTOR('',#3291,1.);
#3291 = DIRECTION('',(0.,0.,-1.));
#3292 = PLANE('',#3293);
#3293 = AXIS2_PLACEMENT_3D('',#3294,#3295,#3296);
#3294 = CARTESIAN_POINT('',(-0.493210006062,-9.1500729069E-02,9.9999E-04
    ));
#3295 = DIRECTION('',(-0.940667260544,0.339330377274,0.));
#3296 = DIRECTION('',(-0.339330377274,-0.940667260544,0.));
#3297 = ADVANCED_FACE('',(#3298),#3316,.T.);
#3298 = FACE_BOUND('',#3299,.T.);
#3299 = EDGE_LOOP('',(#3300,#3301,#3302,#3310));
#3300 = ORIENTED_EDGE('',*,*,#2479,.F.);
#3301 = ORIENTED_EDGE('',*,*,#3287,.F.);
#3302 = ORIENTED_EDGE('',*,*,#3303,.T.);
#3303 = EDGE_CURVE('',#3280,#3304,#3306,.T.);
#3304 = VERTEX_POINT('',#3305);
#3305 = CARTESIAN_POINT('',(-0.390352802936,-3.5403729068E-02,9.9999E-04
    ));
#3306 = LINE('',#3307,#3308);
#3307 = CARTESIAN_POINT('',(-0.472973927936,-3.5403729068E-02,9.9999E-04
    ));
#3308 = VECTOR('',#3309,1.);
#3309 = DIRECTION('',(1.,0.,0.));
#3310 = ORIENTED_EDGE('',*,*,#3311,.T.);
#3311 = EDGE_CURVE('',#3304,#2480,#3312,.T.);
#3312 = LINE('',#3313,#3314);
#3313 = CARTESIAN_POINT('',(-0.390352802936,-3.5403729068E-02,9.9999E-04
    ));
#3314 = VECTOR('',#3315,1.);
#3315 = DIRECTION('',(0.,0.,-1.));
#3316 = PLANE('',#3317);
#3317 = AXIS2_PLACEMENT_3D('',#3318,#3319,#3320);
#3318 = CARTESIAN_POINT('',(-0.472973927936,-3.5403729068E-02,9.9999E-04
    ));
#3319 = DIRECTION('',(0.,1.,0.));
#3320 = DIRECTION('',(0.,-0.,1.));
#3321 = ADVANCED_FACE('',(#3322),#3340,.T.);
#3322 = FACE_BOUND('',#3323,.T.);
#3323 = EDGE_LOOP('',(#3324,#3325,#3326,#3334));
#3324 = ORIENTED_EDGE('',*,*,#2487,.F.);
#3325 = ORIENTED_EDGE('',*,*,#3311,.F.);
#3326 = ORIENTED_EDGE('',*,*,#3327,.T.);
#3327 = EDGE_CURVE('',#3304,#3328,#3330,.T.);
#3328 = VERTEX_POINT('',#3329);
#3329 = CARTESIAN_POINT('',(-0.371260006061,-9.1500729069E-02,9.9999E-04
    ));
#3330 = LINE('',#3331,#3332);
#3331 = CARTESIAN_POINT('',(-0.390352802936,-3.5403729068E-02,9.9999E-04
    ));
#3332 = VECTOR('',#3333,1.);
#3333 = DIRECTION('',(0.322202485606,-0.946670776072,0.));
#3334 = ORIENTED_EDGE('',*,*,#3335,.T.);
#3335 = EDGE_CURVE('',#3328,#2488,#3336,.T.);
#3336 = LINE('',#3337,#3338);
#3337 = CARTESIAN_POINT('',(-0.371260006061,-9.1500729069E-02,9.9999E-04
    ));
#3338 = VECTOR('',#3339,1.);
#3339 = DIRECTION('',(0.,0.,-1.));
#3340 = PLANE('',#3341);
#3341 = AXIS2_PLACEMENT_3D('',#3342,#3343,#3344);
#3342 = CARTESIAN_POINT('',(-0.390352802936,-3.5403729068E-02,9.9999E-04
    ));
#3343 = DIRECTION('',(0.946670776072,0.322202485606,0.));
#3344 = DIRECTION('',(-0.322202485606,0.946670776072,0.));
#3345 = ADVANCED_FACE('',(#3346),#3364,.T.);
#3346 = FACE_BOUND('',#3347,.T.);
#3347 = EDGE_LOOP('',(#3348,#3349,#3350,#3358));
#3348 = ORIENTED_EDGE('',*,*,#2495,.F.);
#3349 = ORIENTED_EDGE('',*,*,#3335,.F.);
#3350 = ORIENTED_EDGE('',*,*,#3351,.T.);
#3351 = EDGE_CURVE('',#3328,#3352,#3354,.T.);
#3352 = VERTEX_POINT('',#3353);
#3353 = CARTESIAN_POINT('',(-0.341992006062,-9.1500729069E-02,9.9999E-04
    ));
#3354 = LINE('',#3355,#3356);
#3355 = CARTESIAN_POINT('',(-0.371260006061,-9.1500729069E-02,9.9999E-04
    ));
#3356 = VECTOR('',#3357,1.);
#3357 = DIRECTION('',(1.,0.,0.));
#3358 = ORIENTED_EDGE('',*,*,#3359,.T.);
#3359 = EDGE_CURVE('',#3352,#2496,#3360,.T.);
#3360 = LINE('',#3361,#3362);
#3361 = CARTESIAN_POINT('',(-0.341992006062,-9.1500729069E-02,9.9999E-04
    ));
#3362 = VECTOR('',#3363,1.);
#3363 = DIRECTION('',(0.,0.,-1.));
#3364 = PLANE('',#3365);
#3365 = AXIS2_PLACEMENT_3D('',#3366,#3367,#3368);
#3366 = CARTESIAN_POINT('',(-0.371260006061,-9.1500729069E-02,9.9999E-04
    ));
#3367 = DIRECTION('',(0.,1.,0.));
#3368 = DIRECTION('',(0.,-0.,1.));
#3369 = ADVANCED_FACE('',(#3370),#3388,.T.);
#3370 = FACE_BOUND('',#3371,.T.);
#3371 = EDGE_LOOP('',(#3372,#3373,#3374,#3382));
#3372 = ORIENTED_EDGE('',*,*,#2503,.F.);
#3373 = ORIENTED_EDGE('',*,*,#3359,.F.);
#3374 = ORIENTED_EDGE('',*,*,#3375,.T.);
#3375 = EDGE_CURVE('',#3352,#3376,#3378,.T.);
#3376 = VERTEX_POINT('',#3377);
#3377 = CARTESIAN_POINT('',(-0.417601006061,0.10849727093,9.9999E-04));
#3378 = LINE('',#3379,#3380);
#3379 = CARTESIAN_POINT('',(-0.341992006062,-9.1500729069E-02,9.9999E-04
    ));
#3380 = VECTOR('',#3381,1.);
#3381 = DIRECTION('',(-0.353622392329,0.93538826358,0.));
#3382 = ORIENTED_EDGE('',*,*,#3383,.T.);
#3383 = EDGE_CURVE('',#3376,#2504,#3384,.T.);
#3384 = LINE('',#3385,#3386);
#3385 = CARTESIAN_POINT('',(-0.417601006061,0.10849727093,9.9999E-04));
#3386 = VECTOR('',#3387,1.);
#3387 = DIRECTION('',(0.,0.,-1.));
#3388 = PLANE('',#3389);
#3389 = AXIS2_PLACEMENT_3D('',#3390,#3391,#3392);
#3390 = CARTESIAN_POINT('',(-0.341992006062,-9.1500729069E-02,9.9999E-04
    ));
#3391 = DIRECTION('',(-0.93538826358,-0.353622392329,0.));
#3392 = DIRECTION('',(0.353622392329,-0.93538826358,0.));
#3393 = ADVANCED_FACE('',(#3394),#3405,.T.);
#3394 = FACE_BOUND('',#3395,.T.);
#3395 = EDGE_LOOP('',(#3396,#3397,#3398,#3404));
#3396 = ORIENTED_EDGE('',*,*,#2511,.F.);
#3397 = ORIENTED_EDGE('',*,*,#3383,.F.);
#3398 = ORIENTED_EDGE('',*,*,#3399,.T.);
#3399 = EDGE_CURVE('',#3376,#3224,#3400,.T.);
#3400 = LINE('',#3401,#3402);
#3401 = CARTESIAN_POINT('',(-0.417601006061,0.10849727093,9.9999E-04));
#3402 = VECTOR('',#3403,1.);
#3403 = DIRECTION('',(-1.,0.,0.));
#3404 = ORIENTED_EDGE('',*,*,#3223,.T.);
#3405 = PLANE('',#3406);
#3406 = AXIS2_PLACEMENT_3D('',#3407,#3408,#3409);
#3407 = CARTESIAN_POINT('',(-0.417601006061,0.10849727093,9.9999E-04));
#3408 = DIRECTION('',(0.,-1.,0.));
#3409 = DIRECTION('',(0.,0.,-1.));
#3410 = ADVANCED_FACE('',(#3411,#3469),#3479,.F.);
#3411 = FACE_BOUND('',#3412,.T.);
#3412 = EDGE_LOOP('',(#3413,#3423,#3431,#3443,#3451,#3463));
#3413 = ORIENTED_EDGE('',*,*,#3414,.F.);
#3414 = EDGE_CURVE('',#3415,#3417,#3419,.T.);
#3415 = VERTEX_POINT('',#3416);
#3416 = CARTESIAN_POINT('',(-0.397098162312,-1.3452729068E-02,9.9999E-04
    ));
#3417 = VERTEX_POINT('',#3418);
#3418 = CARTESIAN_POINT('',(-0.463980115436,-1.3452729068E-02,9.9999E-04
    ));
#3419 = LINE('',#3420,#3421);
#3420 = CARTESIAN_POINT('',(-0.397098162312,-1.3452729068E-02,9.9999E-04
    ));
#3421 = VECTOR('',#3422,1.);
#3422 = DIRECTION('',(-1.,0.,0.));
#3423 = ORIENTED_EDGE('',*,*,#3424,.F.);
#3424 = EDGE_CURVE('',#3425,#3415,#3427,.T.);
#3425 = VERTEX_POINT('',#3426);
#3426 = CARTESIAN_POINT('',(-0.426937802936,7.0083020931E-02,9.9999E-04)
  );
#3427 = LINE('',#3428,#3429);
#3428 = CARTESIAN_POINT('',(-0.426937802936,7.0083020931E-02,9.9999E-04)
  );
#3429 = VECTOR('',#3430,1.);
#3430 = DIRECTION('',(0.336390827665,-0.941722470297,0.));
#3431 = ORIENTED_EDGE('',*,*,#3432,.F.);
#3432 = EDGE_CURVE('',#3433,#3425,#3435,.T.);
#3433 = VERTEX_POINT('',#3434);
#3434 = CARTESIAN_POINT('',(-0.430138990436,8.4107270931E-02,9.9999E-04)
  );
#3435 = B_SPLINE_CURVE_WITH_KNOTS('',3,(#3436,#3437,#3438,#3439,#3440,
    #3441,#3442),.UNSPECIFIED.,.F.,.F.,(4,1,1,1,4),(0.,0.300541113158,
    0.567747146483,0.800033613736,1.),.UNSPECIFIED.);
#3436 = CARTESIAN_POINT('',(-0.430138990436,8.4107270931E-02,9.9999E-04)
  );
#3437 = CARTESIAN_POINT('',(-0.429905776274,8.2683106715E-02,9.9999E-04)
  );
#3438 = CARTESIAN_POINT('',(-0.429465215335,7.9992742122E-02,9.9999E-04)
  );
#3439 = CARTESIAN_POINT('',(-0.42872152513,7.6222984328E-02,9.9999E-04)
  );
#3440 = CARTESIAN_POINT('',(-0.427893505292,7.2965054663E-02,9.9999E-04)
  );
#3441 = CARTESIAN_POINT('',(-0.427240084699,7.0994587416E-02,9.9999E-04)
  );
#3442 = CARTESIAN_POINT('',(-0.426937802936,7.0083020931E-02,9.9999E-04)
  );
#3443 = ORIENTED_EDGE('',*,*,#3444,.F.);
#3444 = EDGE_CURVE('',#3445,#3433,#3447,.T.);
#3445 = VERTEX_POINT('',#3446);
#3446 = CARTESIAN_POINT('',(-0.430786849811,8.4107270931E-02,9.9999E-04)
  );
#3447 = LINE('',#3448,#3449);
#3448 = CARTESIAN_POINT('',(-0.430786849811,8.4107270931E-02,9.9999E-04)
  );
#3449 = VECTOR('',#3450,1.);
#3450 = DIRECTION('',(1.,0.,0.));
#3451 = ORIENTED_EDGE('',*,*,#3452,.F.);
#3452 = EDGE_CURVE('',#3453,#3445,#3455,.T.);
#3453 = VERTEX_POINT('',#3454);
#3454 = CARTESIAN_POINT('',(-0.433873709187,7.0083020931E-02,9.9999E-04)
  );
#3455 = B_SPLINE_CURVE_WITH_KNOTS('',3,(#3456,#3457,#3458,#3459,#3460,
    #3461,#3462),.UNSPECIFIED.,.F.,.F.,(4,1,1,1,4),(0.,0.174481715317,
    0.398285759128,0.673897847398,0.999999999999),.UNSPECIFIED.);
#3456 = CARTESIAN_POINT('',(-0.433873709187,7.0083020931E-02,9.9999E-04)
  );
#3457 = CARTESIAN_POINT('',(-0.433624130657,7.0880979841E-02,9.9999E-04)
  );
#3458 = CARTESIAN_POINT('',(-0.433054422974,7.2702463944E-02,9.9999E-04)
  );
#3459 = CARTESIAN_POINT('',(-0.432307868846,7.5846244421E-02,9.9999E-04)
  );
#3460 = CARTESIAN_POINT('',(-0.431575919376,7.9732935949E-02,9.9999E-04)
  );
#3461 = CARTESIAN_POINT('',(-0.431064186238,8.2569811512E-02,9.9999E-04)
  );
#3462 = CARTESIAN_POINT('',(-0.430786849811,8.4107270931E-02,9.9999E-04)
  );
#3463 = ORIENTED_EDGE('',*,*,#3464,.F.);
#3464 = EDGE_CURVE('',#3417,#3453,#3465,.T.);
#3465 = LINE('',#3466,#3467);
#3466 = CARTESIAN_POINT('',(-0.463980115436,-1.3452729068E-02,9.9999E-04
    ));
#3467 = VECTOR('',#3468,1.);
#3468 = DIRECTION('',(0.339053795485,0.940766986967,0.));
#3469 = FACE_BOUND('',#3470,.T.);
#3470 = EDGE_LOOP('',(#3471,#3472,#3473,#3474,#3475,#3476,#3477,#3478));
#3471 = ORIENTED_EDGE('',*,*,#3231,.F.);
#3472 = ORIENTED_EDGE('',*,*,#3399,.F.);
#3473 = ORIENTED_EDGE('',*,*,#3375,.F.);
#3474 = ORIENTED_EDGE('',*,*,#3351,.F.);
#3475 = ORIENTED_EDGE('',*,*,#3327,.F.);
#3476 = ORIENTED_EDGE('',*,*,#3303,.F.);
#3477 = ORIENTED_EDGE('',*,*,#3279,.F.);
#3478 = ORIENTED_EDGE('',*,*,#3255,.F.);
#3479 = PLANE('',#3480);
#3480 = AXIS2_PLACEMENT_3D('',#3481,#3482,#3483);
#3481 = CARTESIAN_POINT('',(0.,0.,9.9999E-04));
#3482 = DIRECTION('',(0.,0.,1.));
#3483 = DIRECTION('',(1.,0.,-0.));
#3484 = ADVANCED_FACE('',(#3485),#3510,.T.);
#3485 = FACE_BOUND('',#3486,.T.);
#3486 = EDGE_LOOP('',(#3487,#3497,#3503,#3504));
#3487 = ORIENTED_EDGE('',*,*,#3488,.F.);
#3488 = EDGE_CURVE('',#3489,#3491,#3493,.T.);
#3489 = VERTEX_POINT('',#3490);
#3490 = CARTESIAN_POINT('',(-0.397098162312,-1.3452729068E-02,0.));
#3491 = VERTEX_POINT('',#3492);
#3492 = CARTESIAN_POINT('',(-0.463980115436,-1.3452729068E-02,0.));
#3493 = LINE('',#3494,#3495);
#3494 = CARTESIAN_POINT('',(-0.397098162312,-1.3452729068E-02,0.));
#3495 = VECTOR('',#3496,1.);
#3496 = DIRECTION('',(-1.,0.,0.));
#3497 = ORIENTED_EDGE('',*,*,#3498,.F.);
#3498 = EDGE_CURVE('',#3415,#3489,#3499,.T.);
#3499 = LINE('',#3500,#3501);
#3500 = CARTESIAN_POINT('',(-0.397098162312,-1.3452729068E-02,9.9999E-04
    ));
#3501 = VECTOR('',#3502,1.);
#3502 = DIRECTION('',(0.,0.,-1.));
#3503 = ORIENTED_EDGE('',*,*,#3414,.T.);
#3504 = ORIENTED_EDGE('',*,*,#3505,.T.);
#3505 = EDGE_CURVE('',#3417,#3491,#3506,.T.);
#3506 = LINE('',#3507,#3508);
#3507 = CARTESIAN_POINT('',(-0.463980115436,-1.3452729068E-02,9.9999E-04
    ));
#3508 = VECTOR('',#3509,1.);
#3509 = DIRECTION('',(0.,0.,-1.));
#3510 = PLANE('',#3511);
#3511 = AXIS2_PLACEMENT_3D('',#3512,#3513,#3514);
#3512 = CARTESIAN_POINT('',(-0.397098162312,-1.3452729068E-02,9.9999E-04
    ));
#3513 = DIRECTION('',(0.,-1.,0.));
#3514 = DIRECTION('',(0.,0.,-1.));
#3515 = ADVANCED_FACE('',(#3516),#3534,.T.);
#3516 = FACE_BOUND('',#3517,.T.);
#3517 = EDGE_LOOP('',(#3518,#3526,#3532,#3533));
#3518 = ORIENTED_EDGE('',*,*,#3519,.F.);
#3519 = EDGE_CURVE('',#3520,#3489,#3522,.T.);
#3520 = VERTEX_POINT('',#3521);
#3521 = CARTESIAN_POINT('',(-0.426937802936,7.0083020931E-02,0.));
#3522 = LINE('',#3523,#3524);
#3523 = CARTESIAN_POINT('',(-0.426937802936,7.0083020931E-02,0.));
#3524 = VECTOR('',#3525,1.);
#3525 = DIRECTION('',(0.336390827665,-0.941722470297,0.));
#3526 = ORIENTED_EDGE('',*,*,#3527,.F.);
#3527 = EDGE_CURVE('',#3425,#3520,#3528,.T.);
#3528 = LINE('',#3529,#3530);
#3529 = CARTESIAN_POINT('',(-0.426937802936,7.0083020931E-02,9.9999E-04)
  );
#3530 = VECTOR('',#3531,1.);
#3531 = DIRECTION('',(0.,0.,-1.));
#3532 = ORIENTED_EDGE('',*,*,#3424,.T.);
#3533 = ORIENTED_EDGE('',*,*,#3498,.T.);
#3534 = PLANE('',#3535);
#3535 = AXIS2_PLACEMENT_3D('',#3536,#3537,#3538);
#3536 = CARTESIAN_POINT('',(-0.426937802936,7.0083020931E-02,9.9999E-04)
  );
#3537 = DIRECTION('',(0.941722470297,0.336390827665,0.));
#3538 = DIRECTION('',(-0.336390827665,0.941722470297,0.));
#3539 = ADVANCED_FACE('',(#3540),#3562,.T.);
#3540 = FACE_BOUND('',#3541,.T.);
#3541 = EDGE_LOOP('',(#3542,#3554,#3560,#3561));
#3542 = ORIENTED_EDGE('',*,*,#3543,.F.);
#3543 = EDGE_CURVE('',#3544,#3520,#3546,.T.);
#3544 = VERTEX_POINT('',#3545);
#3545 = CARTESIAN_POINT('',(-0.430138990436,8.4107270931E-02,0.));
#3546 = B_SPLINE_CURVE_WITH_KNOTS('',3,(#3547,#3548,#3549,#3550,#3551,
    #3552,#3553),.UNSPECIFIED.,.F.,.F.,(4,1,1,1,4),(0.,0.300541113158,
    0.567747146483,0.800033613736,1.),.UNSPECIFIED.);
#3547 = CARTESIAN_POINT('',(-0.430138990436,8.4107270931E-02,0.));
#3548 = CARTESIAN_POINT('',(-0.429905776274,8.2683106715E-02,0.));
#3549 = CARTESIAN_POINT('',(-0.429465215335,7.9992742122E-02,0.));
#3550 = CARTESIAN_POINT('',(-0.42872152513,7.6222984328E-02,0.));
#3551 = CARTESIAN_POINT('',(-0.427893505292,7.2965054663E-02,0.));
#3552 = CARTESIAN_POINT('',(-0.427240084699,7.0994587416E-02,0.));
#3553 = CARTESIAN_POINT('',(-0.426937802936,7.0083020931E-02,0.));
#3554 = ORIENTED_EDGE('',*,*,#3555,.F.);
#3555 = EDGE_CURVE('',#3433,#3544,#3556,.T.);
#3556 = LINE('',#3557,#3558);
#3557 = CARTESIAN_POINT('',(-0.430138990436,8.4107270931E-02,9.9999E-04)
  );
#3558 = VECTOR('',#3559,1.);
#3559 = DIRECTION('',(0.,0.,-1.));
#3560 = ORIENTED_EDGE('',*,*,#3432,.T.);
#3561 = ORIENTED_EDGE('',*,*,#3527,.T.);
#3562 = B_SPLINE_SURFACE_WITH_KNOTS('',3,1,(
    (#3563,#3564)
    ,(#3565,#3566)
    ,(#3567,#3568)
    ,(#3569,#3570)
    ,(#3571,#3572)
    ,(#3573,#3574)
    ,(#3575,#3576
    )),.UNSPECIFIED.,.F.,.F.,.F.,(4,1,1,1,4),(2,2),(0.,0.300541113158,
    0.567747146483,0.800033613736,1.),(0.,1.),.UNSPECIFIED.);
#3563 = CARTESIAN_POINT('',(-0.430138990436,8.4107270931E-02,9.9999E-04)
  );
#3564 = CARTESIAN_POINT('',(-0.430138990436,8.4107270931E-02,0.));
#3565 = CARTESIAN_POINT('',(-0.429905776274,8.2683106715E-02,9.9999E-04)
  );
#3566 = CARTESIAN_POINT('',(-0.429905776274,8.2683106715E-02,0.));
#3567 = CARTESIAN_POINT('',(-0.429465215335,7.9992742122E-02,9.9999E-04)
  );
#3568 = CARTESIAN_POINT('',(-0.429465215335,7.9992742122E-02,0.));
#3569 = CARTESIAN_POINT('',(-0.42872152513,7.6222984328E-02,9.9999E-04)
  );
#3570 = CARTESIAN_POINT('',(-0.42872152513,7.6222984328E-02,0.));
#3571 = CARTESIAN_POINT('',(-0.427893505292,7.2965054663E-02,9.9999E-04)
  );
#3572 = CARTESIAN_POINT('',(-0.427893505292,7.2965054663E-02,0.));
#3573 = CARTESIAN_POINT('',(-0.427240084699,7.0994587416E-02,9.9999E-04)
  );
#3574 = CARTESIAN_POINT('',(-0.427240084699,7.0994587416E-02,0.));
#3575 = CARTESIAN_POINT('',(-0.426937802936,7.0083020931E-02,9.9999E-04)
  );
#3576 = CARTESIAN_POINT('',(-0.426937802936,7.0083020931E-02,0.));
#3577 = ADVANCED_FACE('',(#3578),#3596,.T.);
#3578 = FACE_BOUND('',#3579,.T.);
#3579 = EDGE_LOOP('',(#3580,#3588,#3594,#3595));
#3580 = ORIENTED_EDGE('',*,*,#3581,.F.);
#3581 = EDGE_CURVE('',#3582,#3544,#3584,.T.);
#3582 = VERTEX_POINT('',#3583);
#3583 = CARTESIAN_POINT('',(-0.430786849811,8.4107270931E-02,0.));
#3584 = LINE('',#3585,#3586);
#3585 = CARTESIAN_POINT('',(-0.430786849811,8.4107270931E-02,0.));
#3586 = VECTOR('',#3587,1.);
#3587 = DIRECTION('',(1.,0.,0.));
#3588 = ORIENTED_EDGE('',*,*,#3589,.F.);
#3589 = EDGE_CURVE('',#3445,#3582,#3590,.T.);
#3590 = LINE('',#3591,#3592);
#3591 = CARTESIAN_POINT('',(-0.430786849811,8.4107270931E-02,9.9999E-04)
  );
#3592 = VECTOR('',#3593,1.);
#3593 = DIRECTION('',(0.,0.,-1.));
#3594 = ORIENTED_EDGE('',*,*,#3444,.T.);
#3595 = ORIENTED_EDGE('',*,*,#3555,.T.);
#3596 = PLANE('',#3597);
#3597 = AXIS2_PLACEMENT_3D('',#3598,#3599,#3600);
#3598 = CARTESIAN_POINT('',(-0.430786849811,8.4107270931E-02,9.9999E-04)
  );
#3599 = DIRECTION('',(0.,1.,0.));
#3600 = DIRECTION('',(0.,-0.,1.));
#3601 = ADVANCED_FACE('',(#3602),#3624,.T.);
#3602 = FACE_BOUND('',#3603,.T.);
#3603 = EDGE_LOOP('',(#3604,#3616,#3622,#3623));
#3604 = ORIENTED_EDGE('',*,*,#3605,.F.);
#3605 = EDGE_CURVE('',#3606,#3582,#3608,.T.);
#3606 = VERTEX_POINT('',#3607);
#3607 = CARTESIAN_POINT('',(-0.433873709187,7.0083020931E-02,0.));
#3608 = B_SPLINE_CURVE_WITH_KNOTS('',3,(#3609,#3610,#3611,#3612,#3613,
    #3614,#3615),.UNSPECIFIED.,.F.,.F.,(4,1,1,1,4),(0.,0.174481715317,
    0.398285759128,0.673897847398,0.999999999999),.UNSPECIFIED.);
#3609 = CARTESIAN_POINT('',(-0.433873709187,7.0083020931E-02,0.));
#3610 = CARTESIAN_POINT('',(-0.433624130657,7.0880979841E-02,0.));
#3611 = CARTESIAN_POINT('',(-0.433054422974,7.2702463944E-02,0.));
#3612 = CARTESIAN_POINT('',(-0.432307868846,7.5846244421E-02,0.));
#3613 = CARTESIAN_POINT('',(-0.431575919376,7.9732935949E-02,0.));
#3614 = CARTESIAN_POINT('',(-0.431064186238,8.2569811512E-02,0.));
#3615 = CARTESIAN_POINT('',(-0.430786849811,8.4107270931E-02,0.));
#3616 = ORIENTED_EDGE('',*,*,#3617,.F.);
#3617 = EDGE_CURVE('',#3453,#3606,#3618,.T.);
#3618 = LINE('',#3619,#3620);
#3619 = CARTESIAN_POINT('',(-0.433873709187,7.0083020931E-02,9.9999E-04)
  );
#3620 = VECTOR('',#3621,1.);
#3621 = DIRECTION('',(0.,0.,-1.));
#3622 = ORIENTED_EDGE('',*,*,#3452,.T.);
#3623 = ORIENTED_EDGE('',*,*,#3589,.T.);
#3624 = B_SPLINE_SURFACE_WITH_KNOTS('',3,1,(
    (#3625,#3626)
    ,(#3627,#3628)
    ,(#3629,#3630)
    ,(#3631,#3632)
    ,(#3633,#3634)
    ,(#3635,#3636)
    ,(#3637,#3638
    )),.UNSPECIFIED.,.F.,.F.,.F.,(4,1,1,1,4),(2,2),(0.,0.174481715317,
    0.398285759128,0.673897847398,0.999999999999),(0.,1.),
  .UNSPECIFIED.);
#3625 = CARTESIAN_POINT('',(-0.433873709187,7.0083020931E-02,9.9999E-04)
  );
#3626 = CARTESIAN_POINT('',(-0.433873709187,7.0083020931E-02,0.));
#3627 = CARTESIAN_POINT('',(-0.433624130657,7.0880979841E-02,9.9999E-04)
  );
#3628 = CARTESIAN_POINT('',(-0.433624130657,7.0880979841E-02,0.));
#3629 = CARTESIAN_POINT('',(-0.433054422974,7.2702463944E-02,9.9999E-04)
  );
#3630 = CARTESIAN_POINT('',(-0.433054422974,7.2702463944E-02,0.));
#3631 = CARTESIAN_POINT('',(-0.432307868846,7.5846244421E-02,9.9999E-04)
  );
#3632 = CARTESIAN_POINT('',(-0.432307868846,7.5846244421E-02,0.));
#3633 = CARTESIAN_POINT('',(-0.431575919376,7.9732935949E-02,9.9999E-04)
  );
#3634 = CARTESIAN_POINT('',(-0.431575919376,7.9732935949E-02,0.));
#3635 = CARTESIAN_POINT('',(-0.431064186238,8.2569811512E-02,9.9999E-04)
  );
#3636 = CARTESIAN_POINT('',(-0.431064186238,8.2569811512E-02,0.));
#3637 = CARTESIAN_POINT('',(-0.430786849811,8.4107270931E-02,9.9999E-04)
  );
#3638 = CARTESIAN_POINT('',(-0.430786849811,8.4107270931E-02,0.));
#3639 = ADVANCED_FACE('',(#3640),#3651,.T.);
#3640 = FACE_BOUND('',#3641,.T.);
#3641 = EDGE_LOOP('',(#3642,#3648,#3649,#3650));
#3642 = ORIENTED_EDGE('',*,*,#3643,.F.);
#3643 = EDGE_CURVE('',#3491,#3606,#3644,.T.);
#3644 = LINE('',#3645,#3646);
#3645 = CARTESIAN_POINT('',(-0.463980115436,-1.3452729068E-02,0.));
#3646 = VECTOR('',#3647,1.);
#3647 = DIRECTION('',(0.339053795485,0.940766986967,0.));
#3648 = ORIENTED_EDGE('',*,*,#3505,.F.);
#3649 = ORIENTED_EDGE('',*,*,#3464,.T.);
#3650 = ORIENTED_EDGE('',*,*,#3617,.T.);
#3651 = PLANE('',#3652);
#3652 = AXIS2_PLACEMENT_3D('',#3653,#3654,#3655);
#3653 = CARTESIAN_POINT('',(-0.463980115436,-1.3452729068E-02,9.9999E-04
    ));
#3654 = DIRECTION('',(-0.940766986967,0.339053795485,0.));
#3655 = DIRECTION('',(-0.339053795485,-0.940766986967,0.));
#3656 = ADVANCED_FACE('',(#3657),#3682,.T.);
#3657 = FACE_BOUND('',#3658,.T.);
#3658 = EDGE_LOOP('',(#3659,#3660,#3668,#3676));
#3659 = ORIENTED_EDGE('',*,*,#2322,.F.);
#3660 = ORIENTED_EDGE('',*,*,#3661,.F.);
#3661 = EDGE_CURVE('',#3662,#2323,#3664,.T.);
#3662 = VERTEX_POINT('',#3663);
#3663 = CARTESIAN_POINT('',(-0.220766084186,-9.1500729069E-02,9.9999E-04
    ));
#3664 = LINE('',#3665,#3666);
#3665 = CARTESIAN_POINT('',(-0.220766084186,-9.1500729069E-02,9.9999E-04
    ));
#3666 = VECTOR('',#3667,1.);
#3667 = DIRECTION('',(0.,0.,-1.));
#3668 = ORIENTED_EDGE('',*,*,#3669,.T.);
#3669 = EDGE_CURVE('',#3662,#3670,#3672,.T.);
#3670 = VERTEX_POINT('',#3671);
#3671 = CARTESIAN_POINT('',(-0.166384006061,-9.1500729069E-02,9.9999E-04
    ));
#3672 = LINE('',#3673,#3674);
#3673 = CARTESIAN_POINT('',(-0.220766084186,-9.1500729069E-02,9.9999E-04
    ));
#3674 = VECTOR('',#3675,1.);
#3675 = DIRECTION('',(1.,0.,0.));
#3676 = ORIENTED_EDGE('',*,*,#3677,.T.);
#3677 = EDGE_CURVE('',#3670,#2325,#3678,.T.);
#3678 = LINE('',#3679,#3680);
#3679 = CARTESIAN_POINT('',(-0.166384006061,-9.1500729069E-02,9.9999E-04
    ));
#3680 = VECTOR('',#3681,1.);
#3681 = DIRECTION('',(0.,0.,-1.));
#3682 = PLANE('',#3683);
#3683 = AXIS2_PLACEMENT_3D('',#3684,#3685,#3686);
#3684 = CARTESIAN_POINT('',(-0.220766084186,-9.1500729069E-02,9.9999E-04
    ));
#3685 = DIRECTION('',(0.,1.,0.));
#3686 = DIRECTION('',(0.,-0.,1.));
#3687 = ADVANCED_FACE('',(#3688),#3706,.T.);
#3688 = FACE_BOUND('',#3689,.T.);
#3689 = EDGE_LOOP('',(#3690,#3691,#3692,#3700));
#3690 = ORIENTED_EDGE('',*,*,#2332,.F.);
#3691 = ORIENTED_EDGE('',*,*,#3677,.F.);
#3692 = ORIENTED_EDGE('',*,*,#3693,.T.);
#3693 = EDGE_CURVE('',#3670,#3694,#3696,.T.);
#3694 = VERTEX_POINT('',#3695);
#3695 = CARTESIAN_POINT('',(-0.166384006061,0.10849727093,9.9999E-04));
#3696 = LINE('',#3697,#3698);
#3697 = CARTESIAN_POINT('',(-0.166384006061,-9.1500729069E-02,9.9999E-04
    ));
#3698 = VECTOR('',#3699,1.);
#3699 = DIRECTION('',(0.,1.,0.));
#3700 = ORIENTED_EDGE('',*,*,#3701,.T.);
#3701 = EDGE_CURVE('',#3694,#2333,#3702,.T.);
#3702 = LINE('',#3703,#3704);
#3703 = CARTESIAN_POINT('',(-0.166384006061,0.10849727093,9.9999E-04));
#3704 = VECTOR('',#3705,1.);
#3705 = DIRECTION('',(0.,0.,-1.));
#3706 = PLANE('',#3707);
#3707 = AXIS2_PLACEMENT_3D('',#3708,#3709,#3710);
#3708 = CARTESIAN_POINT('',(-0.166384006061,-9.1500729069E-02,9.9999E-04
    ));
#3709 = DIRECTION('',(-1.,0.,0.));
#3710 = DIRECTION('',(0.,0.,1.));
#3711 = ADVANCED_FACE('',(#3712),#3730,.T.);
#3712 = FACE_BOUND('',#3713,.T.);
#3713 = EDGE_LOOP('',(#3714,#3715,#3716,#3724));
#3714 = ORIENTED_EDGE('',*,*,#2340,.F.);
#3715 = ORIENTED_EDGE('',*,*,#3701,.F.);
#3716 = ORIENTED_EDGE('',*,*,#3717,.T.);
#3717 = EDGE_CURVE('',#3694,#3718,#3720,.T.);
#3718 = VERTEX_POINT('',#3719);
#3719 = CARTESIAN_POINT('',(-0.222823990436,0.10849727093,9.9999E-04));
#3720 = LINE('',#3721,#3722);
#3721 = CARTESIAN_POINT('',(-0.166384006061,0.10849727093,9.9999E-04));
#3722 = VECTOR('',#3723,1.);
#3723 = DIRECTION('',(-1.,0.,0.));
#3724 = ORIENTED_EDGE('',*,*,#3725,.T.);
#3725 = EDGE_CURVE('',#3718,#2341,#3726,.T.);
#3726 = LINE('',#3727,#3728);
#3727 = CARTESIAN_POINT('',(-0.222823990436,0.10849727093,9.9999E-04));
#3728 = VECTOR('',#3729,1.);
#3729 = DIRECTION('',(0.,0.,-1.));
#3730 = PLANE('',#3731);
#3731 = AXIS2_PLACEMENT_3D('',#3732,#3733,#3734);
#3732 = CARTESIAN_POINT('',(-0.166384006061,0.10849727093,9.9999E-04));
#3733 = DIRECTION('',(0.,-1.,0.));
#3734 = DIRECTION('',(0.,0.,-1.));
#3735 = ADVANCED_FACE('',(#3736),#3770,.T.);
#3736 = FACE_BOUND('',#3737,.T.);
#3737 = EDGE_LOOP('',(#3738,#3739,#3740,#3764));
#3738 = ORIENTED_EDGE('',*,*,#2348,.F.);
#3739 = ORIENTED_EDGE('',*,*,#3725,.F.);
#3740 = ORIENTED_EDGE('',*,*,#3741,.T.);
#3741 = EDGE_CURVE('',#3718,#3742,#3744,.T.);
#3742 = VERTEX_POINT('',#3743);
#3743 = CARTESIAN_POINT('',(-0.327358006061,1.1013489681E-02,9.9999E-04)
  );
#3744 = B_SPLINE_CURVE_WITH_KNOTS('',3,(#3745,#3746,#3747,#3748,#3749,
    #3750,#3751,#3752,#3753,#3754,#3755,#3756,#3757,#3758,#3759,#3760,
    #3761,#3762,#3763),.UNSPECIFIED.,.F.,.F.,(4,1,1,1,1,1,1,1,1,1,1,1,1,
    1,1,1,4),(0.,6.8631178676E-02,0.134566466038,0.19832815401,
    0.26078976664,0.321999151484,0.382721746503,0.443537474035,
    0.505133429484,0.566213874764,0.626105864617,0.68534932216,
    0.744995870347,0.805415841814,0.867636266345,0.932307782302,1.),
  .UNSPECIFIED.);
#3745 = CARTESIAN_POINT('',(-0.222823990436,0.10849727093,9.9999E-04));
#3746 = CARTESIAN_POINT('',(-0.226498326506,0.108415373359,9.9999E-04));
#3747 = CARTESIAN_POINT('',(-0.233702667586,0.108254795222,9.9999E-04));
#3748 = CARTESIAN_POINT('',(-0.244267390775,0.107035016372,9.9999E-04));
#3749 = CARTESIAN_POINT('',(-0.254346458585,0.104918303577,9.9999E-04));
#3750 = CARTESIAN_POINT('',(-0.263967587779,0.102030632708,9.9999E-04));
#3751 = CARTESIAN_POINT('',(-0.273141922844,9.834166469E-02,9.9999E-04)
  );
#3752 = CARTESIAN_POINT('',(-0.281783033993,9.3720372558E-02,9.9999E-04)
  );
#3753 = CARTESIAN_POINT('',(-0.289985732777,8.8327368768E-02,9.9999E-04)
  );
#3754 = CARTESIAN_POINT('',(-0.297643278693,8.2150956876E-02,9.9999E-04)
  );
#3755 = CARTESIAN_POINT('',(-0.304622864009,7.5283394656E-02,9.9999E-04)
  );
#3756 = CARTESIAN_POINT('',(-0.310707227347,6.7772535032E-02,9.9999E-04)
  );
#3757 = CARTESIAN_POINT('',(-0.315916387323,5.971883465E-02,9.9999E-04)
  );
#3758 = CARTESIAN_POINT('',(-0.32010839026,5.1058613682E-02,9.9999E-04)
  );
#3759 = CARTESIAN_POINT('',(-0.3233633554,4.1838533399E-02,9.9999E-04));
#3760 = CARTESIAN_POINT('',(-0.32566829518,3.2065279543E-02,9.9999E-04)
  );
#3761 = CARTESIAN_POINT('',(-0.327122070183,2.1727782702E-02,9.9999E-04)
  );
#3762 = CARTESIAN_POINT('',(-0.327278173281,1.4638846741E-02,9.9999E-04)
  );
#3763 = CARTESIAN_POINT('',(-0.327358006061,1.1013489681E-02,9.9999E-04)
  );
#3764 = ORIENTED_EDGE('',*,*,#3765,.T.);
#3765 = EDGE_CURVE('',#3742,#2349,#3766,.T.);
#3766 = LINE('',#3767,#3768);
#3767 = CARTESIAN_POINT('',(-0.327358006061,1.1013489681E-02,9.9999E-04)
  );
#3768 = VECTOR('',#3769,1.);
#3769 = DIRECTION('',(0.,0.,-1.));
#3770 = B_SPLINE_SURFACE_WITH_KNOTS('',3,1,(
    (#3771,#3772)
    ,(#3773,#3774)
    ,(#3775,#3776)
    ,(#3777,#3778)
    ,(#3779,#3780)
    ,(#3781,#3782)
    ,(#3783,#3784)
    ,(#3785,#3786)
    ,(#3787,#3788)
    ,(#3789,#3790)
    ,(#3791,#3792)
    ,(#3793,#3794)
    ,(#3795,#3796)
    ,(#3797,#3798)
    ,(#3799,#3800)
    ,(#3801,#3802)
    ,(#3803,#3804)
    ,(#3805,#3806)
    ,(#3807,#3808
    )),.UNSPECIFIED.,.F.,.F.,.F.,(4,1,1,1,1,1,1,1,1,1,1,1,1,1,1,1,4),(2,
    2),(0.,6.8631178676E-02,0.134566466038,0.19832815401,0.26078976664,
    0.321999151484,0.382721746503,0.443537474035,0.505133429484,
    0.566213874764,0.626105864617,0.68534932216,0.744995870347,
    0.805415841814,0.867636266345,0.932307782302,1.),(0.,1.),
  .UNSPECIFIED.);
#3771 = CARTESIAN_POINT('',(-0.222823990436,0.10849727093,9.9999E-04));
#3772 = CARTESIAN_POINT('',(-0.222823990436,0.10849727093,0.));
#3773 = CARTESIAN_POINT('',(-0.226498326506,0.108415373359,9.9999E-04));
#3774 = CARTESIAN_POINT('',(-0.226498326506,0.108415373359,0.));
#3775 = CARTESIAN_POINT('',(-0.233702667586,0.108254795222,9.9999E-04));
#3776 = CARTESIAN_POINT('',(-0.233702667586,0.108254795222,0.));
#3777 = CARTESIAN_POINT('',(-0.244267390775,0.107035016372,9.9999E-04));
#3778 = CARTESIAN_POINT('',(-0.244267390775,0.107035016372,0.));
#3779 = CARTESIAN_POINT('',(-0.254346458585,0.104918303577,9.9999E-04));
#3780 = CARTESIAN_POINT('',(-0.254346458585,0.104918303577,0.));
#3781 = CARTESIAN_POINT('',(-0.263967587779,0.102030632708,9.9999E-04));
#3782 = CARTESIAN_POINT('',(-0.263967587779,0.102030632708,0.));
#3783 = CARTESIAN_POINT('',(-0.273141922844,9.834166469E-02,9.9999E-04)
  );
#3784 = CARTESIAN_POINT('',(-0.273141922844,9.834166469E-02,0.));
#3785 = CARTESIAN_POINT('',(-0.281783033993,9.3720372558E-02,9.9999E-04)
  );
#3786 = CARTESIAN_POINT('',(-0.281783033993,9.3720372558E-02,0.));
#3787 = CARTESIAN_POINT('',(-0.289985732777,8.8327368768E-02,9.9999E-04)
  );
#3788 = CARTESIAN_POINT('',(-0.289985732777,8.8327368768E-02,0.));
#3789 = CARTESIAN_POINT('',(-0.297643278693,8.2150956876E-02,9.9999E-04)
  );
#3790 = CARTESIAN_POINT('',(-0.297643278693,8.2150956876E-02,0.));
#3791 = CARTESIAN_POINT('',(-0.304622864009,7.5283394656E-02,9.9999E-04)
  );
#3792 = CARTESIAN_POINT('',(-0.304622864009,7.5283394656E-02,0.));
#3793 = CARTESIAN_POINT('',(-0.310707227347,6.7772535032E-02,9.9999E-04)
  );
#3794 = CARTESIAN_POINT('',(-0.310707227347,6.7772535032E-02,0.));
#3795 = CARTESIAN_POINT('',(-0.315916387323,5.971883465E-02,9.9999E-04)
  );
#3796 = CARTESIAN_POINT('',(-0.315916387323,5.971883465E-02,0.));
#3797 = CARTESIAN_POINT('',(-0.32010839026,5.1058613682E-02,9.9999E-04)
  );
#3798 = CARTESIAN_POINT('',(-0.32010839026,5.1058613682E-02,0.));
#3799 = CARTESIAN_POINT('',(-0.3233633554,4.1838533399E-02,9.9999E-04));
#3800 = CARTESIAN_POINT('',(-0.3233633554,4.1838533399E-02,0.));
#3801 = CARTESIAN_POINT('',(-0.32566829518,3.2065279543E-02,9.9999E-04)
  );
#3802 = CARTESIAN_POINT('',(-0.32566829518,3.2065279543E-02,0.));
#3803 = CARTESIAN_POINT('',(-0.327122070183,2.1727782702E-02,9.9999E-04)
  );
#3804 = CARTESIAN_POINT('',(-0.327122070183,2.1727782702E-02,0.));
#3805 = CARTESIAN_POINT('',(-0.327278173281,1.4638846741E-02,9.9999E-04)
  );
#3806 = CARTESIAN_POINT('',(-0.327278173281,1.4638846741E-02,0.));
#3807 = CARTESIAN_POINT('',(-0.327358006061,1.1013489681E-02,9.9999E-04)
  );
#3808 = CARTESIAN_POINT('',(-0.327358006061,1.1013489681E-02,0.));
#3809 = ADVANCED_FACE('',(#3810),#3837,.T.);
#3810 = FACE_BOUND('',#3811,.T.);
#3811 = EDGE_LOOP('',(#3812,#3813,#3814,#3836));
#3812 = ORIENTED_EDGE('',*,*,#2372,.F.);
#3813 = ORIENTED_EDGE('',*,*,#3765,.F.);
#3814 = ORIENTED_EDGE('',*,*,#3815,.T.);
#3815 = EDGE_CURVE('',#3742,#3662,#3816,.T.);
#3816 = B_SPLINE_CURVE_WITH_KNOTS('',3,(#3817,#3818,#3819,#3820,#3821,
    #3822,#3823,#3824,#3825,#3826,#3827,#3828,#3829,#3830,#3831,#3832,
    #3833,#3834,#3835),.UNSPECIFIED.,.F.,.F.,(4,1,1,1,1,1,1,1,1,1,1,1,1,
    1,1,1,4),(0.,6.8068695844E-02,0.133427432818,0.196146033813,
    0.257048592449,0.316882663159,0.376187208666,0.435960335363,
    0.496535236862,0.55746534348,0.61768686341,0.677943640696,
    0.738805284806,0.800949336766,0.86481466747,0.931024781078,1.),
  .UNSPECIFIED.);
#3817 = CARTESIAN_POINT('',(-0.327358006061,1.1013489681E-02,9.9999E-04)
  );
#3818 = CARTESIAN_POINT('',(-0.327277233429,7.236010554E-03,9.9999E-04)
  );
#3819 = CARTESIAN_POINT('',(-0.327118903892,-1.685582564006E-04,
    9.9999E-04));
#3820 = CARTESIAN_POINT('',(-0.325671762638,-1.0974889208E-02,9.9999E-04
    ));
#3821 = CARTESIAN_POINT('',(-0.323361646522,-2.1214193402E-02,9.9999E-04
    ));
#3822 = CARTESIAN_POINT('',(-0.320118926578,-3.0880653704E-02,9.9999E-04
    ));
#3823 = CARTESIAN_POINT('',(-0.31592055134,-3.9967297907E-02,9.9999E-04)
  );
#3824 = CARTESIAN_POINT('',(-0.310715191461,-4.8440928575E-02,9.9999E-04
    ));
#3825 = CARTESIAN_POINT('',(-0.304643142094,-5.6366154341E-02,9.9999E-04
    ));
#3826 = CARTESIAN_POINT('',(-0.297662801985,-6.3634393112E-02,9.9999E-04
    ));
#3827 = CARTESIAN_POINT('',(-0.28994304887,-7.013944089E-02,9.9999E-04)
  );
#3828 = CARTESIAN_POINT('',(-0.281688164163,-7.5924745488E-02,9.9999E-04
    ));
#3829 = CARTESIAN_POINT('',(-0.272827217322,-8.0731562552E-02,9.9999E-04
    ));
#3830 = CARTESIAN_POINT('',(-0.263435889544,-8.46589608E-02,9.9999E-04)
  );
#3831 = CARTESIAN_POINT('',(-0.253530606283,-8.7777080231E-02,9.9999E-04
    ));
#3832 = CARTESIAN_POINT('',(-0.243068439358,-8.9900054692E-02,9.9999E-04
    ));
#3833 = CARTESIAN_POINT('',(-0.232096936967,-9.1295724458E-02,9.9999E-04
    ));
#3834 = CARTESIAN_POINT('',(-0.224594189301,-9.1431468686E-02,9.9999E-04
    ));
#3835 = CARTESIAN_POINT('',(-0.220766084186,-9.1500729069E-02,9.9999E-04
    ));
#3836 = ORIENTED_EDGE('',*,*,#3661,.T.);
#3837 = B_SPLINE_SURFACE_WITH_KNOTS('',3,1,(
    (#3838,#3839)
    ,(#3840,#3841)
    ,(#3842,#3843)
    ,(#3844,#3845)
    ,(#3846,#3847)
    ,(#3848,#3849)
    ,(#3850,#3851)
    ,(#3852,#3853)
    ,(#3854,#3855)
    ,(#3856,#3857)
    ,(#3858,#3859)
    ,(#3860,#3861)
    ,(#3862,#3863)
    ,(#3864,#3865)
    ,(#3866,#3867)
    ,(#3868,#3869)
    ,(#3870,#3871)
    ,(#3872,#3873)
    ,(#3874,#3875
    )),.UNSPECIFIED.,.F.,.F.,.F.,(4,1,1,1,1,1,1,1,1,1,1,1,1,1,1,1,4),(2,
    2),(0.,6.8068695844E-02,0.133427432818,0.196146033813,0.257048592449
    ,0.316882663159,0.376187208666,0.435960335363,0.496535236862,
    0.55746534348,0.61768686341,0.677943640696,0.738805284806,
    0.800949336766,0.86481466747,0.931024781078,1.),(0.,1.),
  .UNSPECIFIED.);
#3838 = CARTESIAN_POINT('',(-0.327358006061,1.1013489681E-02,9.9999E-04)
  );
#3839 = CARTESIAN_POINT('',(-0.327358006061,1.1013489681E-02,0.));
#3840 = CARTESIAN_POINT('',(-0.327277233429,7.236010554E-03,9.9999E-04)
  );
#3841 = CARTESIAN_POINT('',(-0.327277233429,7.236010554E-03,0.));
#3842 = CARTESIAN_POINT('',(-0.327118903892,-1.685582564006E-04,
    9.9999E-04));
#3843 = CARTESIAN_POINT('',(-0.327118903892,-1.685582564006E-04,0.));
#3844 = CARTESIAN_POINT('',(-0.325671762638,-1.0974889208E-02,9.9999E-04
    ));
#3845 = CARTESIAN_POINT('',(-0.325671762638,-1.0974889208E-02,0.));
#3846 = CARTESIAN_POINT('',(-0.323361646522,-2.1214193402E-02,9.9999E-04
    ));
#3847 = CARTESIAN_POINT('',(-0.323361646522,-2.1214193402E-02,0.));
#3848 = CARTESIAN_POINT('',(-0.320118926578,-3.0880653704E-02,9.9999E-04
    ));
#3849 = CARTESIAN_POINT('',(-0.320118926578,-3.0880653704E-02,0.));
#3850 = CARTESIAN_POINT('',(-0.31592055134,-3.9967297907E-02,9.9999E-04)
  );
#3851 = CARTESIAN_POINT('',(-0.31592055134,-3.9967297907E-02,0.));
#3852 = CARTESIAN_POINT('',(-0.310715191461,-4.8440928575E-02,9.9999E-04
    ));
#3853 = CARTESIAN_POINT('',(-0.310715191461,-4.8440928575E-02,0.));
#3854 = CARTESIAN_POINT('',(-0.304643142094,-5.6366154341E-02,9.9999E-04
    ));
#3855 = CARTESIAN_POINT('',(-0.304643142094,-5.6366154341E-02,0.));
#3856 = CARTESIAN_POINT('',(-0.297662801985,-6.3634393112E-02,9.9999E-04
    ));
#3857 = CARTESIAN_POINT('',(-0.297662801985,-6.3634393112E-02,0.));
#3858 = CARTESIAN_POINT('',(-0.28994304887,-7.013944089E-02,9.9999E-04)
  );
#3859 = CARTESIAN_POINT('',(-0.28994304887,-7.013944089E-02,0.));
#3860 = CARTESIAN_POINT('',(-0.281688164163,-7.5924745488E-02,9.9999E-04
    ));
#3861 = CARTESIAN_POINT('',(-0.281688164163,-7.5924745488E-02,0.));
#3862 = CARTESIAN_POINT('',(-0.272827217322,-8.0731562552E-02,9.9999E-04
    ));
#3863 = CARTESIAN_POINT('',(-0.272827217322,-8.0731562552E-02,0.));
#3864 = CARTESIAN_POINT('',(-0.263435889544,-8.46589608E-02,9.9999E-04)
  );
#3865 = CARTESIAN_POINT('',(-0.263435889544,-8.46589608E-02,0.));
#3866 = CARTESIAN_POINT('',(-0.253530606283,-8.7777080231E-02,9.9999E-04
    ));
#3867 = CARTESIAN_POINT('',(-0.253530606283,-8.7777080231E-02,0.));
#3868 = CARTESIAN_POINT('',(-0.243068439358,-8.9900054692E-02,9.9999E-04
    ));
#3869 = CARTESIAN_POINT('',(-0.243068439358,-8.9900054692E-02,0.));
#3870 = CARTESIAN_POINT('',(-0.232096936967,-9.1295724458E-02,9.9999E-04
    ));
#3871 = CARTESIAN_POINT('',(-0.232096936967,-9.1295724458E-02,0.));
#3872 = CARTESIAN_POINT('',(-0.224594189301,-9.1431468686E-02,9.9999E-04
    ));
#3873 = CARTESIAN_POINT('',(-0.224594189301,-9.1431468686E-02,0.));
#3874 = CARTESIAN_POINT('',(-0.220766084186,-9.1500729069E-02,9.9999E-04
    ));
#3875 = CARTESIAN_POINT('',(-0.220766084186,-9.1500729069E-02,0.));
#3876 = ADVANCED_FACE('',(#3877,#3951),#3958,.T.);
#3877 = FACE_BOUND('',#3878,.T.);
#3878 = EDGE_LOOP('',(#3879,#3905,#3929,#3937,#3945));
#3879 = ORIENTED_EDGE('',*,*,#3880,.F.);
#3880 = EDGE_CURVE('',#3881,#3883,#3885,.T.);
#3881 = VERTEX_POINT('',#3882);
#3882 = CARTESIAN_POINT('',(-0.300529006061,1.0441849055E-02,9.9999E-04)
  );
#3883 = VERTEX_POINT('',#3884);
#3884 = CARTESIAN_POINT('',(-0.222709662311,8.6546270931E-02,9.9999E-04)
  );
#3885 = B_SPLINE_CURVE_WITH_KNOTS('',3,(#3886,#3887,#3888,#3889,#3890,
    #3891,#3892,#3893,#3894,#3895,#3896,#3897,#3898,#3899,#3900,#3901,
    #3902,#3903,#3904),.UNSPECIFIED.,.F.,.F.,(4,1,1,1,1,1,1,1,1,1,1,1,1,
    1,1,1,4),(0.,7.4303796442E-02,0.144393610364,0.210499496103,
    0.273542606503,0.333824744579,0.392529672408,0.450087454599,
    0.507820611555,0.565464912776,0.623148722333,0.68129719279,
    0.740913498156,0.801855752195,0.86524123772,0.930941657046,1.),
  .UNSPECIFIED.);
#3886 = CARTESIAN_POINT('',(-0.300529006061,1.0441849055E-02,9.9999E-04)
  );
#3887 = CARTESIAN_POINT('',(-0.3004634506,1.3505995442E-02,9.9999E-04));
#3888 = CARTESIAN_POINT('',(-0.300336057517,1.9460511637E-02,9.9999E-04)
  );
#3889 = CARTESIAN_POINT('',(-0.29934482459,2.8096626849E-02,9.9999E-04)
  );
#3890 = CARTESIAN_POINT('',(-0.297683644193,3.6153941302E-02,9.9999E-04)
  );
#3891 = CARTESIAN_POINT('',(-0.295321905675,4.3613616066E-02,9.9999E-04)
  );
#3892 = CARTESIAN_POINT('',(-0.292307429748,5.0504415147E-02,9.9999E-04)
  );
#3893 = CARTESIAN_POINT('',(-0.288595500568,5.6786858008E-02,9.9999E-04)
  );
#3894 = CARTESIAN_POINT('',(-0.284214890964,6.2491744311E-02,9.9999E-04)
  );
#3895 = CARTESIAN_POINT('',(-0.279166231766,6.7553608171E-02,9.9999E-04)
  );
#3896 = CARTESIAN_POINT('',(-0.273573482726,7.2003717028E-02,9.9999E-04)
  );
#3897 = CARTESIAN_POINT('',(-0.267574143829,7.5920031895E-02,9.9999E-04)
  );
#3898 = CARTESIAN_POINT('',(-0.261116172504,7.9208327082E-02,9.9999E-04)
  );
#3899 = CARTESIAN_POINT('',(-0.254250154788,8.1910485267E-02,9.9999E-04)
  );
#3900 = CARTESIAN_POINT('',(-0.246952853206,8.4018974895E-02,9.9999E-04)
  );
#3901 = CARTESIAN_POINT('',(-0.239246655449,8.5482480448E-02,9.9999E-04)
  );
#3902 = CARTESIAN_POINT('',(-0.231114668602,8.6373325494E-02,9.9999E-04)
  );
#3903 = CARTESIAN_POINT('',(-0.225557489074,8.6487672683E-02,9.9999E-04)
  );
#3904 = CARTESIAN_POINT('',(-0.222709662311,8.6546270931E-02,9.9999E-04)
  );
#3905 = ORIENTED_EDGE('',*,*,#3906,.F.);
#3906 = EDGE_CURVE('',#3907,#3881,#3909,.T.);
#3907 = VERTEX_POINT('',#3908);
#3908 = CARTESIAN_POINT('',(-0.221604490436,-6.9549729069E-02,9.9999E-04
    ));
#3909 = B_SPLINE_CURVE_WITH_KNOTS('',3,(#3910,#3911,#3912,#3913,#3914,
    #3915,#3916,#3917,#3918,#3919,#3920,#3921,#3922,#3923,#3924,#3925,
    #3926,#3927,#3928),.UNSPECIFIED.,.F.,.F.,(4,1,1,1,1,1,1,1,1,1,1,1,1,
    1,1,1,4),(0.,7.0826572555E-02,0.138169033279,0.202475331533,
    0.263973754413,0.323380320598,0.381797622713,0.439390074519,
    0.496902724545,0.554662169609,0.612741878492,0.671538836391,
    0.73165572209,0.794297811613,0.859482204979,0.927681325452,1.),
  .UNSPECIFIED.);
#3910 = CARTESIAN_POINT('',(-0.221604490436,-6.9549729069E-02,9.9999E-04
    ));
#3911 = CARTESIAN_POINT('',(-0.224617974056,-6.9484587936E-02,9.9999E-04
    ));
#3912 = CARTESIAN_POINT('',(-0.230496701537,-6.9357510105E-02,9.9999E-04
    ));
#3913 = CARTESIAN_POINT('',(-0.239063927172,-6.8348359875E-02,9.9999E-04
    ));
#3914 = CARTESIAN_POINT('',(-0.247127219567,-6.6727857176E-02,9.9999E-04
    ));
#3915 = CARTESIAN_POINT('',(-0.254687646488,-6.4457780912E-02,9.9999E-04
    ));
#3916 = CARTESIAN_POINT('',(-0.261712453635,-6.1448686862E-02,9.9999E-04
    ));
#3917 = CARTESIAN_POINT('',(-0.268258310762,-5.7837603277E-02,9.9999E-04
    ));
#3918 = CARTESIAN_POINT('',(-0.274280256925,-5.3540482407E-02,9.9999E-04
    ));
#3919 = CARTESIAN_POINT('',(-0.279753881159,-4.8605519614E-02,9.9999E-04
    ));
#3920 = CARTESIAN_POINT('',(-0.284632781148,-4.3057288954E-02,9.9999E-04
    ));
#3921 = CARTESIAN_POINT('',(-0.288937211276,-3.6982581029E-02,9.9999E-04
    ));
#3922 = CARTESIAN_POINT('',(-0.292513477545,-3.033878837E-02,9.9999E-04)
  );
#3923 = CARTESIAN_POINT('',(-0.295474945973,-2.3191801972E-02,9.9999E-04
    ));
#3924 = CARTESIAN_POINT('',(-0.297737927109,-1.5510126768E-02,9.9999E-04
    ));
#3925 = CARTESIAN_POINT('',(-0.299378366175,-7.324535981E-03,9.9999E-04)
  );
#3926 = CARTESIAN_POINT('',(-0.300325870311,1.387664621E-03,9.9999E-04)
  );
#3927 = CARTESIAN_POINT('',(-0.300459983547,7.36537152E-03,9.9999E-04));
#3928 = CARTESIAN_POINT('',(-0.300529006061,1.0441849055E-02,9.9999E-04)
  );
#3929 = ORIENTED_EDGE('',*,*,#3930,.F.);
#3930 = EDGE_CURVE('',#3931,#3907,#3933,.T.);
#3931 = VERTEX_POINT('',#3932);
#3932 = CARTESIAN_POINT('',(-0.193213006062,-6.9549729069E-02,9.9999E-04
    ));
#3933 = LINE('',#3934,#3935);
#3934 = CARTESIAN_POINT('',(-0.193213006062,-6.9549729069E-02,9.9999E-04
    ));
#3935 = VECTOR('',#3936,1.);
#3936 = DIRECTION('',(-1.,0.,0.));
#3937 = ORIENTED_EDGE('',*,*,#3938,.F.);
#3938 = EDGE_CURVE('',#3939,#3931,#3941,.T.);
#3939 = VERTEX_POINT('',#3940);
#3940 = CARTESIAN_POINT('',(-0.193213006062,8.6546270931E-02,9.9999E-04)
  );
#3941 = LINE('',#3942,#3943);
#3942 = CARTESIAN_POINT('',(-0.193213006062,8.6546270931E-02,9.9999E-04)
  );
#3943 = VECTOR('',#3944,1.);
#3944 = DIRECTION('',(0.,-1.,0.));
#3945 = ORIENTED_EDGE('',*,*,#3946,.F.);
#3946 = EDGE_CURVE('',#3883,#3939,#3947,.T.);
#3947 = LINE('',#3948,#3949);
#3948 = CARTESIAN_POINT('',(-0.222709662311,8.6546270931E-02,9.9999E-04)
  );
#3949 = VECTOR('',#3950,1.);
#3950 = DIRECTION('',(1.,0.,0.));
#3951 = FACE_BOUND('',#3952,.T.);
#3952 = EDGE_LOOP('',(#3953,#3954,#3955,#3956,#3957));
#3953 = ORIENTED_EDGE('',*,*,#3669,.F.);
#3954 = ORIENTED_EDGE('',*,*,#3815,.F.);
#3955 = ORIENTED_EDGE('',*,*,#3741,.F.);
#3956 = ORIENTED_EDGE('',*,*,#3717,.F.);
#3957 = ORIENTED_EDGE('',*,*,#3693,.F.);
#3958 = PLANE('',#3959);
#3959 = AXIS2_PLACEMENT_3D('',#3960,#3961,#3962);
#3960 = CARTESIAN_POINT('',(-0.296938618023,8.2557670415E-02,9.9999E-04)
  );
#3961 = DIRECTION('',(0.,0.,-1.));
#3962 = DIRECTION('',(-1.,0.,0.));
#3963 = ADVANCED_FACE('',(#3964),#3989,.T.);
#3964 = FACE_BOUND('',#3965,.T.);
#3965 = EDGE_LOOP('',(#3966,#3976,#3982,#3983));
#3966 = ORIENTED_EDGE('',*,*,#3967,.F.);
#3967 = EDGE_CURVE('',#3968,#3970,#3972,.T.);
#3968 = VERTEX_POINT('',#3969);
#3969 = CARTESIAN_POINT('',(-0.222709662311,8.6546270931E-02,0.));
#3970 = VERTEX_POINT('',#3971);
#3971 = CARTESIAN_POINT('',(-0.193213006062,8.6546270931E-02,0.));
#3972 = LINE('',#3973,#3974);
#3973 = CARTESIAN_POINT('',(-0.222709662311,8.6546270931E-02,0.));
#3974 = VECTOR('',#3975,1.);
#3975 = DIRECTION('',(1.,0.,0.));
#3976 = ORIENTED_EDGE('',*,*,#3977,.F.);
#3977 = EDGE_CURVE('',#3883,#3968,#3978,.T.);
#3978 = LINE('',#3979,#3980);
#3979 = CARTESIAN_POINT('',(-0.222709662311,8.6546270931E-02,9.9999E-04)
  );
#3980 = VECTOR('',#3981,1.);
#3981 = DIRECTION('',(0.,0.,-1.));
#3982 = ORIENTED_EDGE('',*,*,#3946,.T.);
#3983 = ORIENTED_EDGE('',*,*,#3984,.T.);
#3984 = EDGE_CURVE('',#3939,#3970,#3985,.T.);
#3985 = LINE('',#3986,#3987);
#3986 = CARTESIAN_POINT('',(-0.193213006062,8.6546270931E-02,9.9999E-04)
  );
#3987 = VECTOR('',#3988,1.);
#3988 = DIRECTION('',(0.,0.,-1.));
#3989 = PLANE('',#3990);
#3990 = AXIS2_PLACEMENT_3D('',#3991,#3992,#3993);
#3991 = CARTESIAN_POINT('',(-0.222709662311,8.6546270931E-02,9.9999E-04)
  );
#3992 = DIRECTION('',(0.,1.,0.));
#3993 = DIRECTION('',(0.,-0.,1.));
#3994 = ADVANCED_FACE('',(#3995),#4029,.T.);
#3995 = FACE_BOUND('',#3996,.T.);
#3996 = EDGE_LOOP('',(#3997,#4021,#4027,#4028));
#3997 = ORIENTED_EDGE('',*,*,#3998,.F.);
#3998 = EDGE_CURVE('',#3999,#3968,#4001,.T.);
#3999 = VERTEX_POINT('',#4000);
#4000 = CARTESIAN_POINT('',(-0.300529006061,1.0441849055E-02,0.));
#4001 = B_SPLINE_CURVE_WITH_KNOTS('',3,(#4002,#4003,#4004,#4005,#4006,
    #4007,#4008,#4009,#4010,#4011,#4012,#4013,#4014,#4015,#4016,#4017,
    #4018,#4019,#4020),.UNSPECIFIED.,.F.,.F.,(4,1,1,1,1,1,1,1,1,1,1,1,1,
    1,1,1,4),(0.,7.4303796442E-02,0.144393610364,0.210499496103,
    0.273542606503,0.333824744579,0.392529672408,0.450087454599,
    0.507820611555,0.565464912776,0.623148722333,0.68129719279,
    0.740913498156,0.801855752195,0.86524123772,0.930941657046,1.),
  .UNSPECIFIED.);
#4002 = CARTESIAN_POINT('',(-0.300529006061,1.0441849055E-02,0.));
#4003 = CARTESIAN_POINT('',(-0.3004634506,1.3505995442E-02,0.));
#4004 = CARTESIAN_POINT('',(-0.300336057517,1.9460511637E-02,0.));
#4005 = CARTESIAN_POINT('',(-0.29934482459,2.8096626849E-02,0.));
#4006 = CARTESIAN_POINT('',(-0.297683644193,3.6153941302E-02,0.));
#4007 = CARTESIAN_POINT('',(-0.295321905675,4.3613616066E-02,0.));
#4008 = CARTESIAN_POINT('',(-0.292307429748,5.0504415147E-02,0.));
#4009 = CARTESIAN_POINT('',(-0.288595500568,5.6786858008E-02,0.));
#4010 = CARTESIAN_POINT('',(-0.284214890964,6.2491744311E-02,0.));
#4011 = CARTESIAN_POINT('',(-0.279166231766,6.7553608171E-02,0.));
#4012 = CARTESIAN_POINT('',(-0.273573482726,7.2003717028E-02,0.));
#4013 = CARTESIAN_POINT('',(-0.267574143829,7.5920031895E-02,0.));
#4014 = CARTESIAN_POINT('',(-0.261116172504,7.9208327082E-02,0.));
#4015 = CARTESIAN_POINT('',(-0.254250154788,8.1910485267E-02,0.));
#4016 = CARTESIAN_POINT('',(-0.246952853206,8.4018974895E-02,0.));
#4017 = CARTESIAN_POINT('',(-0.239246655449,8.5482480448E-02,0.));
#4018 = CARTESIAN_POINT('',(-0.231114668602,8.6373325494E-02,0.));
#4019 = CARTESIAN_POINT('',(-0.225557489074,8.6487672683E-02,0.));
#4020 = CARTESIAN_POINT('',(-0.222709662311,8.6546270931E-02,0.));
#4021 = ORIENTED_EDGE('',*,*,#4022,.F.);
#4022 = EDGE_CURVE('',#3881,#3999,#4023,.T.);
#4023 = LINE('',#4024,#4025);
#4024 = CARTESIAN_POINT('',(-0.300529006061,1.0441849055E-02,9.9999E-04)
  );
#4025 = VECTOR('',#4026,1.);
#4026 = DIRECTION('',(0.,0.,-1.));
#4027 = ORIENTED_EDGE('',*,*,#3880,.T.);
#4028 = ORIENTED_EDGE('',*,*,#3977,.T.);
#4029 = B_SPLINE_SURFACE_WITH_KNOTS('',3,1,(
    (#4030,#4031)
    ,(#4032,#4033)
    ,(#4034,#4035)
    ,(#4036,#4037)
    ,(#4038,#4039)
    ,(#4040,#4041)
    ,(#4042,#4043)
    ,(#4044,#4045)
    ,(#4046,#4047)
    ,(#4048,#4049)
    ,(#4050,#4051)
    ,(#4052,#4053)
    ,(#4054,#4055)
    ,(#4056,#4057)
    ,(#4058,#4059)
    ,(#4060,#4061)
    ,(#4062,#4063)
    ,(#4064,#4065)
    ,(#4066,#4067
    )),.UNSPECIFIED.,.F.,.F.,.F.,(4,1,1,1,1,1,1,1,1,1,1,1,1,1,1,1,4),(2,
    2),(0.,7.4303796442E-02,0.144393610364,0.210499496103,0.273542606503
    ,0.333824744579,0.392529672408,0.450087454599,0.507820611555,
    0.565464912776,0.623148722333,0.68129719279,0.740913498156,
    0.801855752195,0.86524123772,0.930941657046,1.),(0.,1.),
  .UNSPECIFIED.);
#4030 = CARTESIAN_POINT('',(-0.300529006061,1.0441849055E-02,9.9999E-04)
  );
#4031 = CARTESIAN_POINT('',(-0.300529006061,1.0441849055E-02,0.));
#4032 = CARTESIAN_POINT('',(-0.3004634506,1.3505995442E-02,9.9999E-04));
#4033 = CARTESIAN_POINT('',(-0.3004634506,1.3505995442E-02,0.));
#4034 = CARTESIAN_POINT('',(-0.300336057517,1.9460511637E-02,9.9999E-04)
  );
#4035 = CARTESIAN_POINT('',(-0.300336057517,1.9460511637E-02,0.));
#4036 = CARTESIAN_POINT('',(-0.29934482459,2.8096626849E-02,9.9999E-04)
  );
#4037 = CARTESIAN_POINT('',(-0.29934482459,2.8096626849E-02,0.));
#4038 = CARTESIAN_POINT('',(-0.297683644193,3.6153941302E-02,9.9999E-04)
  );
#4039 = CARTESIAN_POINT('',(-0.297683644193,3.6153941302E-02,0.));
#4040 = CARTESIAN_POINT('',(-0.295321905675,4.3613616066E-02,9.9999E-04)
  );
#4041 = CARTESIAN_POINT('',(-0.295321905675,4.3613616066E-02,0.));
#4042 = CARTESIAN_POINT('',(-0.292307429748,5.0504415147E-02,9.9999E-04)
  );
#4043 = CARTESIAN_POINT('',(-0.292307429748,5.0504415147E-02,0.));
#4044 = CARTESIAN_POINT('',(-0.288595500568,5.6786858008E-02,9.9999E-04)
  );
#4045 = CARTESIAN_POINT('',(-0.288595500568,5.6786858008E-02,0.));
#4046 = CARTESIAN_POINT('',(-0.284214890964,6.2491744311E-02,9.9999E-04)
  );
#4047 = CARTESIAN_POINT('',(-0.284214890964,6.2491744311E-02,0.));
#4048 = CARTESIAN_POINT('',(-0.279166231766,6.7553608171E-02,9.9999E-04)
  );
#4049 = CARTESIAN_POINT('',(-0.279166231766,6.7553608171E-02,0.));
#4050 = CARTESIAN_POINT('',(-0.273573482726,7.2003717028E-02,9.9999E-04)
  );
#4051 = CARTESIAN_POINT('',(-0.273573482726,7.2003717028E-02,0.));
#4052 = CARTESIAN_POINT('',(-0.267574143829,7.5920031895E-02,9.9999E-04)
  );
#4053 = CARTESIAN_POINT('',(-0.267574143829,7.5920031895E-02,0.));
#4054 = CARTESIAN_POINT('',(-0.261116172504,7.9208327082E-02,9.9999E-04)
  );
#4055 = CARTESIAN_POINT('',(-0.261116172504,7.9208327082E-02,0.));
#4056 = CARTESIAN_POINT('',(-0.254250154788,8.1910485267E-02,9.9999E-04)
  );
#4057 = CARTESIAN_POINT('',(-0.254250154788,8.1910485267E-02,0.));
#4058 = CARTESIAN_POINT('',(-0.246952853206,8.4018974895E-02,9.9999E-04)
  );
#4059 = CARTESIAN_POINT('',(-0.246952853206,8.4018974895E-02,0.));
#4060 = CARTESIAN_POINT('',(-0.239246655449,8.5482480448E-02,9.9999E-04)
  );
#4061 = CARTESIAN_POINT('',(-0.239246655449,8.5482480448E-02,0.));
#4062 = CARTESIAN_POINT('',(-0.231114668602,8.6373325494E-02,9.9999E-04)
  );
#4063 = CARTESIAN_POINT('',(-0.231114668602,8.6373325494E-02,0.));
#4064 = CARTESIAN_POINT('',(-0.225557489074,8.6487672683E-02,9.9999E-04)
  );
#4065 = CARTESIAN_POINT('',(-0.225557489074,8.6487672683E-02,0.));
#4066 = CARTESIAN_POINT('',(-0.222709662311,8.6546270931E-02,9.9999E-04)
  );
#4067 = CARTESIAN_POINT('',(-0.222709662311,8.6546270931E-02,0.));
#4068 = ADVANCED_FACE('',(#4069),#4103,.T.);
#4069 = FACE_BOUND('',#4070,.T.);
#4070 = EDGE_LOOP('',(#4071,#4095,#4101,#4102));
#4071 = ORIENTED_EDGE('',*,*,#4072,.F.);
#4072 = EDGE_CURVE('',#4073,#3999,#4075,.T.);
#4073 = VERTEX_POINT('',#4074);
#4074 = CARTESIAN_POINT('',(-0.221604490436,-6.9549729069E-02,0.));
#4075 = B_SPLINE_CURVE_WITH_KNOTS('',3,(#4076,#4077,#4078,#4079,#4080,
    #4081,#4082,#4083,#4084,#4085,#4086,#4087,#4088,#4089,#4090,#4091,
    #4092,#4093,#4094),.UNSPECIFIED.,.F.,.F.,(4,1,1,1,1,1,1,1,1,1,1,1,1,
    1,1,1,4),(0.,7.0826572555E-02,0.138169033279,0.202475331533,
    0.263973754413,0.323380320598,0.381797622713,0.439390074519,
    0.496902724545,0.554662169609,0.612741878492,0.671538836391,
    0.73165572209,0.794297811613,0.859482204979,0.927681325452,1.),
  .UNSPECIFIED.);
#4076 = CARTESIAN_POINT('',(-0.221604490436,-6.9549729069E-02,0.));
#4077 = CARTESIAN_POINT('',(-0.224617974056,-6.9484587936E-02,0.));
#4078 = CARTESIAN_POINT('',(-0.230496701537,-6.9357510105E-02,0.));
#4079 = CARTESIAN_POINT('',(-0.239063927172,-6.8348359875E-02,0.));
#4080 = CARTESIAN_POINT('',(-0.247127219567,-6.6727857176E-02,0.));
#4081 = CARTESIAN_POINT('',(-0.254687646488,-6.4457780912E-02,0.));
#4082 = CARTESIAN_POINT('',(-0.261712453635,-6.1448686862E-02,0.));
#4083 = CARTESIAN_POINT('',(-0.268258310762,-5.7837603277E-02,0.));
#4084 = CARTESIAN_POINT('',(-0.274280256925,-5.3540482407E-02,0.));
#4085 = CARTESIAN_POINT('',(-0.279753881159,-4.8605519614E-02,0.));
#4086 = CARTESIAN_POINT('',(-0.284632781148,-4.3057288954E-02,0.));
#4087 = CARTESIAN_POINT('',(-0.288937211276,-3.6982581029E-02,0.));
#4088 = CARTESIAN_POINT('',(-0.292513477545,-3.033878837E-02,0.));
#4089 = CARTESIAN_POINT('',(-0.295474945973,-2.3191801972E-02,0.));
#4090 = CARTESIAN_POINT('',(-0.297737927109,-1.5510126768E-02,0.));
#4091 = CARTESIAN_POINT('',(-0.299378366175,-7.324535981E-03,0.));
#4092 = CARTESIAN_POINT('',(-0.300325870311,1.387664621E-03,0.));
#4093 = CARTESIAN_POINT('',(-0.300459983547,7.36537152E-03,0.));
#4094 = CARTESIAN_POINT('',(-0.300529006061,1.0441849055E-02,0.));
#4095 = ORIENTED_EDGE('',*,*,#4096,.F.);
#4096 = EDGE_CURVE('',#3907,#4073,#4097,.T.);
#4097 = LINE('',#4098,#4099);
#4098 = CARTESIAN_POINT('',(-0.221604490436,-6.9549729069E-02,9.9999E-04
    ));
#4099 = VECTOR('',#4100,1.);
#4100 = DIRECTION('',(0.,0.,-1.));
#4101 = ORIENTED_EDGE('',*,*,#3906,.T.);
#4102 = ORIENTED_EDGE('',*,*,#4022,.T.);
#4103 = B_SPLINE_SURFACE_WITH_KNOTS('',3,1,(
    (#4104,#4105)
    ,(#4106,#4107)
    ,(#4108,#4109)
    ,(#4110,#4111)
    ,(#4112,#4113)
    ,(#4114,#4115)
    ,(#4116,#4117)
    ,(#4118,#4119)
    ,(#4120,#4121)
    ,(#4122,#4123)
    ,(#4124,#4125)
    ,(#4126,#4127)
    ,(#4128,#4129)
    ,(#4130,#4131)
    ,(#4132,#4133)
    ,(#4134,#4135)
    ,(#4136,#4137)
    ,(#4138,#4139)
    ,(#4140,#4141
    )),.UNSPECIFIED.,.F.,.F.,.F.,(4,1,1,1,1,1,1,1,1,1,1,1,1,1,1,1,4),(2,
    2),(0.,7.0826572555E-02,0.138169033279,0.202475331533,0.263973754413
    ,0.323380320598,0.381797622713,0.439390074519,0.496902724545,
    0.554662169609,0.612741878492,0.671538836391,0.73165572209,
    0.794297811613,0.859482204979,0.927681325452,1.),(0.,1.),
  .UNSPECIFIED.);
#4104 = CARTESIAN_POINT('',(-0.221604490436,-6.9549729069E-02,9.9999E-04
    ));
#4105 = CARTESIAN_POINT('',(-0.221604490436,-6.9549729069E-02,0.));
#4106 = CARTESIAN_POINT('',(-0.224617974056,-6.9484587936E-02,9.9999E-04
    ));
#4107 = CARTESIAN_POINT('',(-0.224617974056,-6.9484587936E-02,0.));
#4108 = CARTESIAN_POINT('',(-0.230496701537,-6.9357510105E-02,9.9999E-04
    ));
#4109 = CARTESIAN_POINT('',(-0.230496701537,-6.9357510105E-02,0.));
#4110 = CARTESIAN_POINT('',(-0.239063927172,-6.8348359875E-02,9.9999E-04
    ));
#4111 = CARTESIAN_POINT('',(-0.239063927172,-6.8348359875E-02,0.));
#4112 = CARTESIAN_POINT('',(-0.247127219567,-6.6727857176E-02,9.9999E-04
    ));
#4113 = CARTESIAN_POINT('',(-0.247127219567,-6.6727857176E-02,0.));
#4114 = CARTESIAN_POINT('',(-0.254687646488,-6.4457780912E-02,9.9999E-04
    ));
#4115 = CARTESIAN_POINT('',(-0.254687646488,-6.4457780912E-02,0.));
#4116 = CARTESIAN_POINT('',(-0.261712453635,-6.1448686862E-02,9.9999E-04
    ));
#4117 = CARTESIAN_POINT('',(-0.261712453635,-6.1448686862E-02,0.));
#4118 = CARTESIAN_POINT('',(-0.268258310762,-5.7837603277E-02,9.9999E-04
    ));
#4119 = CARTESIAN_POINT('',(-0.268258310762,-5.7837603277E-02,0.));
#4120 = CARTESIAN_POINT('',(-0.274280256925,-5.3540482407E-02,9.9999E-04
    ));
#4121 = CARTESIAN_POINT('',(-0.274280256925,-5.3540482407E-02,0.));
#4122 = CARTESIAN_POINT('',(-0.279753881159,-4.8605519614E-02,9.9999E-04
    ));
#4123 = CARTESIAN_POINT('',(-0.279753881159,-4.8605519614E-02,0.));
#4124 = CARTESIAN_POINT('',(-0.284632781148,-4.3057288954E-02,9.9999E-04
    ));
#4125 = CARTESIAN_POINT('',(-0.284632781148,-4.3057288954E-02,0.));
#4126 = CARTESIAN_POINT('',(-0.288937211276,-3.6982581029E-02,9.9999E-04
    ));
#4127 = CARTESIAN_POINT('',(-0.288937211276,-3.6982581029E-02,0.));
#4128 = CARTESIAN_POINT('',(-0.292513477545,-3.033878837E-02,9.9999E-04)
  );
#4129 = CARTESIAN_POINT('',(-0.292513477545,-3.033878837E-02,0.));
#4130 = CARTESIAN_POINT('',(-0.295474945973,-2.3191801972E-02,9.9999E-04
    ));
#4131 = CARTESIAN_POINT('',(-0.295474945973,-2.3191801972E-02,0.));
#4132 = CARTESIAN_POINT('',(-0.297737927109,-1.5510126768E-02,9.9999E-04
    ));
#4133 = CARTESIAN_POINT('',(-0.297737927109,-1.5510126768E-02,0.));
#4134 = CARTESIAN_POINT('',(-0.299378366175,-7.324535981E-03,9.9999E-04)
  );
#4135 = CARTESIAN_POINT('',(-0.299378366175,-7.324535981E-03,0.));
#4136 = CARTESIAN_POINT('',(-0.300325870311,1.387664621E-03,9.9999E-04)
  );
#4137 = CARTESIAN_POINT('',(-0.300325870311,1.387664621E-03,0.));
#4138 = CARTESIAN_POINT('',(-0.300459983547,7.36537152E-03,9.9999E-04));
#4139 = CARTESIAN_POINT('',(-0.300459983547,7.36537152E-03,0.));
#4140 = CARTESIAN_POINT('',(-0.300529006061,1.0441849055E-02,9.9999E-04)
  );
#4141 = CARTESIAN_POINT('',(-0.300529006061,1.0441849055E-02,0.));
#4142 = ADVANCED_FACE('',(#4143),#4161,.T.);
#4143 = FACE_BOUND('',#4144,.T.);
#4144 = EDGE_LOOP('',(#4145,#4153,#4159,#4160));
#4145 = ORIENTED_EDGE('',*,*,#4146,.F.);
#4146 = EDGE_CURVE('',#4147,#4073,#4149,.T.);
#4147 = VERTEX_POINT('',#4148);
#4148 = CARTESIAN_POINT('',(-0.193213006062,-6.9549729069E-02,0.));
#4149 = LINE('',#4150,#4151);
#4150 = CARTESIAN_POINT('',(-0.193213006062,-6.9549729069E-02,0.));
#4151 = VECTOR('',#4152,1.);
#4152 = DIRECTION('',(-1.,0.,0.));
#4153 = ORIENTED_EDGE('',*,*,#4154,.F.);
#4154 = EDGE_CURVE('',#3931,#4147,#4155,.T.);
#4155 = LINE('',#4156,#4157);
#4156 = CARTESIAN_POINT('',(-0.193213006062,-6.9549729069E-02,9.9999E-04
    ));
#4157 = VECTOR('',#4158,1.);
#4158 = DIRECTION('',(0.,0.,-1.));
#4159 = ORIENTED_EDGE('',*,*,#3930,.T.);
#4160 = ORIENTED_EDGE('',*,*,#4096,.T.);
#4161 = PLANE('',#4162);
#4162 = AXIS2_PLACEMENT_3D('',#4163,#4164,#4165);
#4163 = CARTESIAN_POINT('',(-0.193213006062,-6.9549729069E-02,9.9999E-04
    ));
#4164 = DIRECTION('',(0.,-1.,0.));
#4165 = DIRECTION('',(0.,0.,-1.));
#4166 = ADVANCED_FACE('',(#4167),#4178,.T.);
#4167 = FACE_BOUND('',#4168,.T.);
#4168 = EDGE_LOOP('',(#4169,#4175,#4176,#4177));
#4169 = ORIENTED_EDGE('',*,*,#4170,.F.);
#4170 = EDGE_CURVE('',#3970,#4147,#4171,.T.);
#4171 = LINE('',#4172,#4173);
#4172 = CARTESIAN_POINT('',(-0.193213006062,8.6546270931E-02,0.));
#4173 = VECTOR('',#4174,1.);
#4174 = DIRECTION('',(0.,-1.,0.));
#4175 = ORIENTED_EDGE('',*,*,#3984,.F.);
#4176 = ORIENTED_EDGE('',*,*,#3938,.T.);
#4177 = ORIENTED_EDGE('',*,*,#4154,.T.);
#4178 = PLANE('',#4179);
#4179 = AXIS2_PLACEMENT_3D('',#4180,#4181,#4182);
#4180 = CARTESIAN_POINT('',(-0.193213006062,8.6546270931E-02,9.9999E-04)
  );
#4181 = DIRECTION('',(1.,0.,0.));
#4182 = DIRECTION('',(0.,0.,-1.));
#4183 = ADVANCED_FACE('',(#4184),#4209,.T.);
#4184 = FACE_BOUND('',#4185,.T.);
#4185 = EDGE_LOOP('',(#4186,#4187,#4195,#4203));
#4186 = ORIENTED_EDGE('',*,*,#2519,.F.);
#4187 = ORIENTED_EDGE('',*,*,#4188,.F.);
#4188 = EDGE_CURVE('',#4189,#2520,#4191,.T.);
#4189 = VERTEX_POINT('',#4190);
#4190 = CARTESIAN_POINT('',(-0.127360006061,-6.9549729069E-02,9.9999E-04
    ));
#4191 = LINE('',#4192,#4193);
#4192 = CARTESIAN_POINT('',(-0.127360006061,-6.9549729069E-02,9.9999E-04
    ));
#4193 = VECTOR('',#4194,1.);
#4194 = DIRECTION('',(0.,0.,-1.));
#4195 = ORIENTED_EDGE('',*,*,#4196,.T.);
#4196 = EDGE_CURVE('',#4189,#4197,#4199,.T.);
#4197 = VERTEX_POINT('',#4198);
#4198 = CARTESIAN_POINT('',(-0.127360006061,-9.1500729069E-02,9.9999E-04
    ));
#4199 = LINE('',#4200,#4201);
#4200 = CARTESIAN_POINT('',(-0.127360006061,-6.9549729069E-02,9.9999E-04
    ));
#4201 = VECTOR('',#4202,1.);
#4202 = DIRECTION('',(0.,-1.,0.));
#4203 = ORIENTED_EDGE('',*,*,#4204,.T.);
#4204 = EDGE_CURVE('',#4197,#2522,#4205,.T.);
#4205 = LINE('',#4206,#4207);
#4206 = CARTESIAN_POINT('',(-0.127360006061,-9.1500729069E-02,9.9999E-04
    ));
#4207 = VECTOR('',#4208,1.);
#4208 = DIRECTION('',(0.,0.,-1.));
#4209 = PLANE('',#4210);
#4210 = AXIS2_PLACEMENT_3D('',#4211,#4212,#4213);
#4211 = CARTESIAN_POINT('',(-0.127360006061,-6.9549729069E-02,9.9999E-04
    ));
#4212 = DIRECTION('',(1.,0.,0.));
#4213 = DIRECTION('',(0.,0.,-1.));
#4214 = ADVANCED_FACE('',(#4215),#4233,.T.);
#4215 = FACE_BOUND('',#4216,.T.);
#4216 = EDGE_LOOP('',(#4217,#4218,#4219,#4227));
#4217 = ORIENTED_EDGE('',*,*,#2529,.F.);
#4218 = ORIENTED_EDGE('',*,*,#4204,.F.);
#4219 = ORIENTED_EDGE('',*,*,#4220,.T.);
#4220 = EDGE_CURVE('',#4197,#4221,#4223,.T.);
#4221 = VERTEX_POINT('',#4222);
#4222 = CARTESIAN_POINT('',(-2.0044006061E-02,-9.1500729069E-02,
    9.9999E-04));
#4223 = LINE('',#4224,#4225);
#4224 = CARTESIAN_POINT('',(-0.127360006061,-9.1500729069E-02,9.9999E-04
    ));
#4225 = VECTOR('',#4226,1.);
#4226 = DIRECTION('',(1.,0.,0.));
#4227 = ORIENTED_EDGE('',*,*,#4228,.T.);
#4228 = EDGE_CURVE('',#4221,#2530,#4229,.T.);
#4229 = LINE('',#4230,#4231);
#4230 = CARTESIAN_POINT('',(-2.0044006061E-02,-9.1500729069E-02,
    9.9999E-04));
#4231 = VECTOR('',#4232,1.);
#4232 = DIRECTION('',(0.,0.,-1.));
#4233 = PLANE('',#4234);
#4234 = AXIS2_PLACEMENT_3D('',#4235,#4236,#4237);
#4235 = CARTESIAN_POINT('',(-0.127360006061,-9.1500729069E-02,9.9999E-04
    ));
#4236 = DIRECTION('',(0.,1.,0.));
#4237 = DIRECTION('',(0.,-0.,1.));
#4238 = ADVANCED_FACE('',(#4239),#4257,.T.);
#4239 = FACE_BOUND('',#4240,.T.);
#4240 = EDGE_LOOP('',(#4241,#4242,#4243,#4251));
#4241 = ORIENTED_EDGE('',*,*,#2537,.F.);
#4242 = ORIENTED_EDGE('',*,*,#4228,.F.);
#4243 = ORIENTED_EDGE('',*,*,#4244,.T.);
#4244 = EDGE_CURVE('',#4221,#4245,#4247,.T.);
#4245 = VERTEX_POINT('',#4246);
#4246 = CARTESIAN_POINT('',(-2.0044006061E-02,0.10849727093,9.9999E-04)
  );
#4247 = LINE('',#4248,#4249);
#4248 = CARTESIAN_POINT('',(-2.0044006061E-02,-9.1500729069E-02,
    9.9999E-04));
#4249 = VECTOR('',#4250,1.);
#4250 = DIRECTION('',(0.,1.,0.));
#4251 = ORIENTED_EDGE('',*,*,#4252,.T.);
#4252 = EDGE_CURVE('',#4245,#2538,#4253,.T.);
#4253 = LINE('',#4254,#4255);
#4254 = CARTESIAN_POINT('',(-2.0044006061E-02,0.10849727093,9.9999E-04)
  );
#4255 = VECTOR('',#4256,1.);
#4256 = DIRECTION('',(0.,0.,-1.));
#4257 = PLANE('',#4258);
#4258 = AXIS2_PLACEMENT_3D('',#4259,#4260,#4261);
#4259 = CARTESIAN_POINT('',(-2.0044006061E-02,-9.1500729069E-02,
    9.9999E-04));
#4260 = DIRECTION('',(-1.,0.,0.));
#4261 = DIRECTION('',(0.,0.,1.));
#4262 = ADVANCED_FACE('',(#4263),#4281,.T.);
#4263 = FACE_BOUND('',#4264,.T.);
#4264 = EDGE_LOOP('',(#4265,#4266,#4267,#4275));
#4265 = ORIENTED_EDGE('',*,*,#2545,.F.);
#4266 = ORIENTED_EDGE('',*,*,#4252,.F.);
#4267 = ORIENTED_EDGE('',*,*,#4268,.T.);
#4268 = EDGE_CURVE('',#4245,#4269,#4271,.T.);
#4269 = VERTEX_POINT('',#4270);
#4270 = CARTESIAN_POINT('',(-0.122482006062,0.10849727093,9.9999E-04));
#4271 = LINE('',#4272,#4273);
#4272 = CARTESIAN_POINT('',(-2.0044006061E-02,0.10849727093,9.9999E-04)
  );
#4273 = VECTOR('',#4274,1.);
#4274 = DIRECTION('',(-1.,0.,0.));
#4275 = ORIENTED_EDGE('',*,*,#4276,.T.);
#4276 = EDGE_CURVE('',#4269,#2546,#4277,.T.);
#4277 = LINE('',#4278,#4279);
#4278 = CARTESIAN_POINT('',(-0.122482006062,0.10849727093,9.9999E-04));
#4279 = VECTOR('',#4280,1.);
#4280 = DIRECTION('',(0.,0.,-1.));
#4281 = PLANE('',#4282);
#4282 = AXIS2_PLACEMENT_3D('',#4283,#4284,#4285);
#4283 = CARTESIAN_POINT('',(-2.0044006061E-02,0.10849727093,9.9999E-04)
  );
#4284 = DIRECTION('',(0.,-1.,0.));
#4285 = DIRECTION('',(0.,0.,-1.));
#4286 = ADVANCED_FACE('',(#4287),#4305,.T.);
#4287 = FACE_BOUND('',#4288,.T.);
#4288 = EDGE_LOOP('',(#4289,#4290,#4291,#4299));
#4289 = ORIENTED_EDGE('',*,*,#2553,.F.);
#4290 = ORIENTED_EDGE('',*,*,#4276,.F.);
#4291 = ORIENTED_EDGE('',*,*,#4292,.T.);
#4292 = EDGE_CURVE('',#4269,#4293,#4295,.T.);
#4293 = VERTEX_POINT('',#4294);
#4294 = CARTESIAN_POINT('',(-0.122482006062,8.6546270931E-02,9.9999E-04)
  );
#4295 = LINE('',#4296,#4297);
#4296 = CARTESIAN_POINT('',(-0.122482006062,0.10849727093,9.9999E-04));
#4297 = VECTOR('',#4298,1.);
#4298 = DIRECTION('',(0.,-1.,0.));
#4299 = ORIENTED_EDGE('',*,*,#4300,.T.);
#4300 = EDGE_CURVE('',#4293,#2554,#4301,.T.);
#4301 = LINE('',#4302,#4303);
#4302 = CARTESIAN_POINT('',(-0.122482006062,8.6546270931E-02,9.9999E-04)
  );
#4303 = VECTOR('',#4304,1.);
#4304 = DIRECTION('',(0.,0.,-1.));
#4305 = PLANE('',#4306);
#4306 = AXIS2_PLACEMENT_3D('',#4307,#4308,#4309);
#4307 = CARTESIAN_POINT('',(-0.122482006062,0.10849727093,9.9999E-04));
#4308 = DIRECTION('',(1.,0.,0.));
#4309 = DIRECTION('',(0.,0.,-1.));
#4310 = ADVANCED_FACE('',(#4311),#4329,.T.);
#4311 = FACE_BOUND('',#4312,.T.);
#4312 = EDGE_LOOP('',(#4313,#4314,#4315,#4323));
#4313 = ORIENTED_EDGE('',*,*,#2561,.F.);
#4314 = ORIENTED_EDGE('',*,*,#4300,.F.);
#4315 = ORIENTED_EDGE('',*,*,#4316,.T.);
#4316 = EDGE_CURVE('',#4293,#4317,#4319,.T.);
#4317 = VERTEX_POINT('',#4318);
#4318 = CARTESIAN_POINT('',(-4.6873006061E-02,8.6546270931E-02,
    9.9999E-04));
#4319 = LINE('',#4320,#4321);
#4320 = CARTESIAN_POINT('',(-0.122482006062,8.6546270931E-02,9.9999E-04)
  );
#4321 = VECTOR('',#4322,1.);
#4322 = DIRECTION('',(1.,0.,0.));
#4323 = ORIENTED_EDGE('',*,*,#4324,.T.);
#4324 = EDGE_CURVE('',#4317,#2562,#4325,.T.);
#4325 = LINE('',#4326,#4327);
#4326 = CARTESIAN_POINT('',(-4.6873006061E-02,8.6546270931E-02,
    9.9999E-04));
#4327 = VECTOR('',#4328,1.);
#4328 = DIRECTION('',(0.,0.,-1.));
#4329 = PLANE('',#4330);
#4330 = AXIS2_PLACEMENT_3D('',#4331,#4332,#4333);
#4331 = CARTESIAN_POINT('',(-0.122482006062,8.6546270931E-02,9.9999E-04)
  );
#4332 = DIRECTION('',(0.,1.,0.));
#4333 = DIRECTION('',(0.,-0.,1.));
#4334 = ADVANCED_FACE('',(#4335),#4353,.T.);
#4335 = FACE_BOUND('',#4336,.T.);
#4336 = EDGE_LOOP('',(#4337,#4338,#4339,#4347));
#4337 = ORIENTED_EDGE('',*,*,#2569,.F.);
#4338 = ORIENTED_EDGE('',*,*,#4324,.F.);
#4339 = ORIENTED_EDGE('',*,*,#4340,.T.);
#4340 = EDGE_CURVE('',#4317,#4341,#4343,.T.);
#4341 = VERTEX_POINT('',#4342);
#4342 = CARTESIAN_POINT('',(-4.6873006061E-02,2.069327093E-02,9.9999E-04
    ));
#4343 = LINE('',#4344,#4345);
#4344 = CARTESIAN_POINT('',(-4.6873006061E-02,8.6546270931E-02,
    9.9999E-04));
#4345 = VECTOR('',#4346,1.);
#4346 = DIRECTION('',(0.,-1.,0.));
#4347 = ORIENTED_EDGE('',*,*,#4348,.T.);
#4348 = EDGE_CURVE('',#4341,#2570,#4349,.T.);
#4349 = LINE('',#4350,#4351);
#4350 = CARTESIAN_POINT('',(-4.6873006061E-02,2.069327093E-02,9.9999E-04
    ));
#4351 = VECTOR('',#4352,1.);
#4352 = DIRECTION('',(0.,0.,-1.));
#4353 = PLANE('',#4354);
#4354 = AXIS2_PLACEMENT_3D('',#4355,#4356,#4357);
#4355 = CARTESIAN_POINT('',(-4.6873006061E-02,8.6546270931E-02,
    9.9999E-04));
#4356 = DIRECTION('',(1.,0.,0.));
#4357 = DIRECTION('',(0.,0.,-1.));
#4358 = ADVANCED_FACE('',(#4359),#4377,.T.);
#4359 = FACE_BOUND('',#4360,.T.);
#4360 = EDGE_LOOP('',(#4361,#4362,#4363,#4371));
#4361 = ORIENTED_EDGE('',*,*,#2577,.F.);
#4362 = ORIENTED_EDGE('',*,*,#4348,.F.);
#4363 = ORIENTED_EDGE('',*,*,#4364,.T.);
#4364 = EDGE_CURVE('',#4341,#4365,#4367,.T.);
#4365 = VERTEX_POINT('',#4366);
#4366 = CARTESIAN_POINT('',(-0.117604006061,2.069327093E-02,9.9999E-04)
  );
#4367 = LINE('',#4368,#4369);
#4368 = CARTESIAN_POINT('',(-4.6873006061E-02,2.069327093E-02,9.9999E-04
    ));
#4369 = VECTOR('',#4370,1.);
#4370 = DIRECTION('',(-1.,0.,0.));
#4371 = ORIENTED_EDGE('',*,*,#4372,.T.);
#4372 = EDGE_CURVE('',#4365,#2578,#4373,.T.);
#4373 = LINE('',#4374,#4375);
#4374 = CARTESIAN_POINT('',(-0.117604006061,2.069327093E-02,9.9999E-04)
  );
#4375 = VECTOR('',#4376,1.);
#4376 = DIRECTION('',(0.,0.,-1.));
#4377 = PLANE('',#4378);
#4378 = AXIS2_PLACEMENT_3D('',#4379,#4380,#4381);
#4379 = CARTESIAN_POINT('',(-4.6873006061E-02,2.069327093E-02,9.9999E-04
    ));
#4380 = DIRECTION('',(0.,-1.,0.));
#4381 = DIRECTION('',(0.,0.,-1.));
#4382 = ADVANCED_FACE('',(#4383),#4401,.T.);
#4383 = FACE_BOUND('',#4384,.T.);
#4384 = EDGE_LOOP('',(#4385,#4386,#4387,#4395));
#4385 = ORIENTED_EDGE('',*,*,#2585,.F.);
#4386 = ORIENTED_EDGE('',*,*,#4372,.F.);
#4387 = ORIENTED_EDGE('',*,*,#4388,.T.);
#4388 = EDGE_CURVE('',#4365,#4389,#4391,.T.);
#4389 = VERTEX_POINT('',#4390);
#4390 = CARTESIAN_POINT('',(-0.117604006061,-1.257729069E-03,9.9999E-04)
  );
#4391 = LINE('',#4392,#4393);
#4392 = CARTESIAN_POINT('',(-0.117604006061,2.069327093E-02,9.9999E-04)
  );
#4393 = VECTOR('',#4394,1.);
#4394 = DIRECTION('',(0.,-1.,0.));
#4395 = ORIENTED_EDGE('',*,*,#4396,.T.);
#4396 = EDGE_CURVE('',#4389,#2586,#4397,.T.);
#4397 = LINE('',#4398,#4399);
#4398 = CARTESIAN_POINT('',(-0.117604006061,-1.257729069E-03,9.9999E-04)
  );
#4399 = VECTOR('',#4400,1.);
#4400 = DIRECTION('',(0.,0.,-1.));
#4401 = PLANE('',#4402);
#4402 = AXIS2_PLACEMENT_3D('',#4403,#4404,#4405);
#4403 = CARTESIAN_POINT('',(-0.117604006061,2.069327093E-02,9.9999E-04)
  );
#4404 = DIRECTION('',(1.,0.,0.));
#4405 = DIRECTION('',(0.,0.,-1.));
#4406 = ADVANCED_FACE('',(#4407),#4425,.T.);
#4407 = FACE_BOUND('',#4408,.T.);
#4408 = EDGE_LOOP('',(#4409,#4410,#4411,#4419));
#4409 = ORIENTED_EDGE('',*,*,#2593,.F.);
#4410 = ORIENTED_EDGE('',*,*,#4396,.F.);
#4411 = ORIENTED_EDGE('',*,*,#4412,.T.);
#4412 = EDGE_CURVE('',#4389,#4413,#4415,.T.);
#4413 = VERTEX_POINT('',#4414);
#4414 = CARTESIAN_POINT('',(-4.6873006061E-02,-1.257729069E-03,
    9.9999E-04));
#4415 = LINE('',#4416,#4417);
#4416 = CARTESIAN_POINT('',(-0.117604006061,-1.257729069E-03,9.9999E-04)
  );
#4417 = VECTOR('',#4418,1.);
#4418 = DIRECTION('',(1.,0.,0.));
#4419 = ORIENTED_EDGE('',*,*,#4420,.T.);
#4420 = EDGE_CURVE('',#4413,#2594,#4421,.T.);
#4421 = LINE('',#4422,#4423);
#4422 = CARTESIAN_POINT('',(-4.6873006061E-02,-1.257729069E-03,
    9.9999E-04));
#4423 = VECTOR('',#4424,1.);
#4424 = DIRECTION('',(0.,0.,-1.));
#4425 = PLANE('',#4426);
#4426 = AXIS2_PLACEMENT_3D('',#4427,#4428,#4429);
#4427 = CARTESIAN_POINT('',(-0.117604006061,-1.257729069E-03,9.9999E-04)
  );
#4428 = DIRECTION('',(0.,1.,0.));
#4429 = DIRECTION('',(0.,-0.,1.));
#4430 = ADVANCED_FACE('',(#4431),#4449,.T.);
#4431 = FACE_BOUND('',#4432,.T.);
#4432 = EDGE_LOOP('',(#4433,#4434,#4435,#4443));
#4433 = ORIENTED_EDGE('',*,*,#2601,.F.);
#4434 = ORIENTED_EDGE('',*,*,#4420,.F.);
#4435 = ORIENTED_EDGE('',*,*,#4436,.T.);
#4436 = EDGE_CURVE('',#4413,#4437,#4439,.T.);
#4437 = VERTEX_POINT('',#4438);
#4438 = CARTESIAN_POINT('',(-4.6873006061E-02,-6.9549729069E-02,
    9.9999E-04));
#4439 = LINE('',#4440,#4441);
#4440 = CARTESIAN_POINT('',(-4.6873006061E-02,-1.257729069E-03,
    9.9999E-04));
#4441 = VECTOR('',#4442,1.);
#4442 = DIRECTION('',(0.,-1.,0.));
#4443 = ORIENTED_EDGE('',*,*,#4444,.T.);
#4444 = EDGE_CURVE('',#4437,#2602,#4445,.T.);
#4445 = LINE('',#4446,#4447);
#4446 = CARTESIAN_POINT('',(-4.6873006061E-02,-6.9549729069E-02,
    9.9999E-04));
#4447 = VECTOR('',#4448,1.);
#4448 = DIRECTION('',(0.,0.,-1.));
#4449 = PLANE('',#4450);
#4450 = AXIS2_PLACEMENT_3D('',#4451,#4452,#4453);
#4451 = CARTESIAN_POINT('',(-4.6873006061E-02,-1.257729069E-03,
    9.9999E-04));
#4452 = DIRECTION('',(1.,0.,0.));
#4453 = DIRECTION('',(0.,0.,-1.));
#4454 = ADVANCED_FACE('',(#4455),#4466,.T.);
#4455 = FACE_BOUND('',#4456,.T.);
#4456 = EDGE_LOOP('',(#4457,#4458,#4459,#4465));
#4457 = ORIENTED_EDGE('',*,*,#2609,.F.);
#4458 = ORIENTED_EDGE('',*,*,#4444,.F.);
#4459 = ORIENTED_EDGE('',*,*,#4460,.T.);
#4460 = EDGE_CURVE('',#4437,#4189,#4461,.T.);
#4461 = LINE('',#4462,#4463);
#4462 = CARTESIAN_POINT('',(-4.6873006061E-02,-6.9549729069E-02,
    9.9999E-04));
#4463 = VECTOR('',#4464,1.);
#4464 = DIRECTION('',(-1.,0.,0.));
#4465 = ORIENTED_EDGE('',*,*,#4188,.T.);
#4466 = PLANE('',#4467);
#4467 = AXIS2_PLACEMENT_3D('',#4468,#4469,#4470);
#4468 = CARTESIAN_POINT('',(-4.6873006061E-02,-6.9549729069E-02,
    9.9999E-04));
#4469 = DIRECTION('',(0.,-1.,0.));
#4470 = DIRECTION('',(0.,0.,-1.));
#4471 = ADVANCED_FACE('',(#4472),#4486,.F.);
#4472 = FACE_BOUND('',#4473,.T.);
#4473 = EDGE_LOOP('',(#4474,#4475,#4476,#4477,#4478,#4479,#4480,#4481,
    #4482,#4483,#4484,#4485));
#4474 = ORIENTED_EDGE('',*,*,#4196,.F.);
#4475 = ORIENTED_EDGE('',*,*,#4460,.F.);
#4476 = ORIENTED_EDGE('',*,*,#4436,.F.);
#4477 = ORIENTED_EDGE('',*,*,#4412,.F.);
#4478 = ORIENTED_EDGE('',*,*,#4388,.F.);
#4479 = ORIENTED_EDGE('',*,*,#4364,.F.);
#4480 = ORIENTED_EDGE('',*,*,#4340,.F.);
#4481 = ORIENTED_EDGE('',*,*,#4316,.F.);
#4482 = ORIENTED_EDGE('',*,*,#4292,.F.);
#4483 = ORIENTED_EDGE('',*,*,#4268,.F.);
#4484 = ORIENTED_EDGE('',*,*,#4244,.F.);
#4485 = ORIENTED_EDGE('',*,*,#4220,.F.);
#4486 = PLANE('',#4487);
#4487 = AXIS2_PLACEMENT_3D('',#4488,#4489,#4490);
#4488 = CARTESIAN_POINT('',(0.,0.,9.9999E-04));
#4489 = DIRECTION('',(0.,0.,1.));
#4490 = DIRECTION('',(1.,0.,-0.));
#4491 = ADVANCED_FACE('',(#4492),#4517,.T.);
#4492 = FACE_BOUND('',#4493,.T.);
#4493 = EDGE_LOOP('',(#4494,#4495,#4503,#4511));
#4494 = ORIENTED_EDGE('',*,*,#2144,.F.);
#4495 = ORIENTED_EDGE('',*,*,#4496,.F.);
#4496 = EDGE_CURVE('',#4497,#2145,#4499,.T.);
#4497 = VERTEX_POINT('',#4498);
#4498 = CARTESIAN_POINT('',(1.8979993938E-02,-5.9183979068E-02,
    9.9999E-04));
#4499 = LINE('',#4500,#4501);
#4500 = CARTESIAN_POINT('',(1.8979993938E-02,-5.9183979068E-02,
    9.9999E-04));
#4501 = VECTOR('',#4502,1.);
#4502 = DIRECTION('',(0.,0.,-1.));
#4503 = ORIENTED_EDGE('',*,*,#4504,.T.);
#4504 = EDGE_CURVE('',#4497,#4505,#4507,.T.);
#4505 = VERTEX_POINT('',#4506);
#4506 = CARTESIAN_POINT('',(1.8979993938E-02,-8.1134979068E-02,
    9.9999E-04));
#4507 = LINE('',#4508,#4509);
#4508 = CARTESIAN_POINT('',(1.8979993938E-02,-5.9183979068E-02,
    9.9999E-04));
#4509 = VECTOR('',#4510,1.);
#4510 = DIRECTION('',(0.,-1.,0.));
#4511 = ORIENTED_EDGE('',*,*,#4512,.T.);
#4512 = EDGE_CURVE('',#4505,#2147,#4513,.T.);
#4513 = LINE('',#4514,#4515);
#4514 = CARTESIAN_POINT('',(1.8979993938E-02,-8.1134979068E-02,
    9.9999E-04));
#4515 = VECTOR('',#4516,1.);
#4516 = DIRECTION('',(0.,0.,-1.));
#4517 = PLANE('',#4518);
#4518 = AXIS2_PLACEMENT_3D('',#4519,#4520,#4521);
#4519 = CARTESIAN_POINT('',(1.8979993938E-02,-5.9183979068E-02,
    9.9999E-04));
#4520 = DIRECTION('',(1.,0.,0.));
#4521 = DIRECTION('',(0.,0.,-1.));
#4522 = ADVANCED_FACE('',(#4523),#4549,.T.);
#4523 = FACE_BOUND('',#4524,.T.);
#4524 = EDGE_LOOP('',(#4525,#4526,#4527,#4543));
#4525 = ORIENTED_EDGE('',*,*,#2154,.F.);
#4526 = ORIENTED_EDGE('',*,*,#4512,.F.);
#4527 = ORIENTED_EDGE('',*,*,#4528,.T.);
#4528 = EDGE_CURVE('',#4505,#4529,#4531,.T.);
#4529 = VERTEX_POINT('',#4530);
#4530 = CARTESIAN_POINT('',(7.4009931437E-02,-9.3939729068E-02,
    9.9999E-04));
#4531 = B_SPLINE_CURVE_WITH_KNOTS('',3,(#4532,#4533,#4534,#4535,#4536,
    #4537,#4538,#4539,#4540,#4541,#4542),.UNSPECIFIED.,.F.,.F.,(4,1,1,1,
    1,1,1,1,4),(0.,0.112448389908,0.226527675212,0.344401949326,
    0.465864972487,0.591659449352,0.722168487024,0.858606387554,1.),
  .UNSPECIFIED.);
#4532 = CARTESIAN_POINT('',(1.8979993938E-02,-8.1134979068E-02,
    9.9999E-04));
#4533 = CARTESIAN_POINT('',(2.0856653326E-02,-8.2170818644E-02,
    9.9999E-04));
#4534 = CARTESIAN_POINT('',(2.4637190235E-02,-8.4257521095E-02,
    9.9999E-04));
#4535 = CARTESIAN_POINT('',(3.0683062672E-02,-8.683231337E-02,9.9999E-04
    ));
#4536 = CARTESIAN_POINT('',(3.7044785639E-02,-8.9053192883E-02,
    9.9999E-04));
#4537 = CARTESIAN_POINT('',(4.3778040801E-02,-9.0824145085E-02,
    9.9999E-04));
#4538 = CARTESIAN_POINT('',(5.0838067463E-02,-9.2247414003E-02,
    9.9999E-04));
#4539 = CARTESIAN_POINT('',(5.8262275067E-02,-9.3211445039E-02,
    9.9999E-04));
#4540 = CARTESIAN_POINT('',(6.6021251263E-02,-9.3846035296E-02,
    9.9999E-04));
#4541 = CARTESIAN_POINT('',(7.1315559655E-02,-9.3908128622E-02,
    9.9999E-04));
#4542 = CARTESIAN_POINT('',(7.4009931437E-02,-9.3939729068E-02,
    9.9999E-04));
#4543 = ORIENTED_EDGE('',*,*,#4544,.T.);
#4544 = EDGE_CURVE('',#4529,#2155,#4545,.T.);
#4545 = LINE('',#4546,#4547);
#4546 = CARTESIAN_POINT('',(7.4009931437E-02,-9.3939729068E-02,
    9.9999E-04));
#4547 = VECTOR('',#4548,1.);
#4548 = DIRECTION('',(0.,0.,-1.));
#4549 = B_SPLINE_SURFACE_WITH_KNOTS('',3,1,(
    (#4550,#4551)
    ,(#4552,#4553)
    ,(#4554,#4555)
    ,(#4556,#4557)
    ,(#4558,#4559)
    ,(#4560,#4561)
    ,(#4562,#4563)
    ,(#4564,#4565)
    ,(#4566,#4567)
    ,(#4568,#4569)
    ,(#4570,#4571
  )),.UNSPECIFIED.,.F.,.F.,.F.,(4,1,1,1,1,1,1,1,4),(2,2),(0.,
    0.112448389908,0.226527675212,0.344401949326,0.465864972487,
    0.591659449352,0.722168487024,0.858606387554,1.),(0.,1.),
  .UNSPECIFIED.);
#4550 = CARTESIAN_POINT('',(1.8979993938E-02,-8.1134979068E-02,
    9.9999E-04));
#4551 = CARTESIAN_POINT('',(1.8979993938E-02,-8.1134979068E-02,0.));
#4552 = CARTESIAN_POINT('',(2.0856653326E-02,-8.2170818644E-02,
    9.9999E-04));
#4553 = CARTESIAN_POINT('',(2.0856653326E-02,-8.2170818644E-02,0.));
#4554 = CARTESIAN_POINT('',(2.4637190235E-02,-8.4257521095E-02,
    9.9999E-04));
#4555 = CARTESIAN_POINT('',(2.4637190235E-02,-8.4257521095E-02,0.));
#4556 = CARTESIAN_POINT('',(3.0683062672E-02,-8.683231337E-02,9.9999E-04
    ));
#4557 = CARTESIAN_POINT('',(3.0683062672E-02,-8.683231337E-02,0.));
#4558 = CARTESIAN_POINT('',(3.7044785639E-02,-8.9053192883E-02,
    9.9999E-04));
#4559 = CARTESIAN_POINT('',(3.7044785639E-02,-8.9053192883E-02,0.));
#4560 = CARTESIAN_POINT('',(4.3778040801E-02,-9.0824145085E-02,
    9.9999E-04));
#4561 = CARTESIAN_POINT('',(4.3778040801E-02,-9.0824145085E-02,0.));
#4562 = CARTESIAN_POINT('',(5.0838067463E-02,-9.2247414003E-02,
    9.9999E-04));
#4563 = CARTESIAN_POINT('',(5.0838067463E-02,-9.2247414003E-02,0.));
#4564 = CARTESIAN_POINT('',(5.8262275067E-02,-9.3211445039E-02,
    9.9999E-04));
#4565 = CARTESIAN_POINT('',(5.8262275067E-02,-9.3211445039E-02,0.));
#4566 = CARTESIAN_POINT('',(6.6021251263E-02,-9.3846035296E-02,
    9.9999E-04));
#4567 = CARTESIAN_POINT('',(6.6021251263E-02,-9.3846035296E-02,0.));
#4568 = CARTESIAN_POINT('',(7.1315559655E-02,-9.3908128622E-02,
    9.9999E-04));
#4569 = CARTESIAN_POINT('',(7.1315559655E-02,-9.3908128622E-02,0.));
#4570 = CARTESIAN_POINT('',(7.4009931437E-02,-9.3939729068E-02,
    9.9999E-04));
#4571 = CARTESIAN_POINT('',(7.4009931437E-02,-9.3939729068E-02,0.));
#4572 = ADVANCED_FACE('',(#4573),#4607,.T.);
#4573 = FACE_BOUND('',#4574,.T.);
#4574 = EDGE_LOOP('',(#4575,#4576,#4577,#4601));
#4575 = ORIENTED_EDGE('',*,*,#2170,.F.);
#4576 = ORIENTED_EDGE('',*,*,#4544,.F.);
#4577 = ORIENTED_EDGE('',*,*,#4578,.T.);
#4578 = EDGE_CURVE('',#4529,#4579,#4581,.T.);
#4579 = VERTEX_POINT('',#4580);
#4580 = CARTESIAN_POINT('',(0.167758993937,4.725442806E-03,9.9999E-04));
#4581 = B_SPLINE_CURVE_WITH_KNOTS('',3,(#4582,#4583,#4584,#4585,#4586,
    #4587,#4588,#4589,#4590,#4591,#4592,#4593,#4594,#4595,#4596,#4597,
    #4598,#4599,#4600),.UNSPECIFIED.,.F.,.F.,(4,1,1,1,1,1,1,1,1,1,1,1,1,
    1,1,1,4),(0.,6.7833248455E-02,0.132655536507,0.19505088405,
    0.255582933068,0.314799834147,0.373600472826,0.432545595326,
    0.492430629283,0.552671255962,0.612513044188,0.672610250357,
    0.733838369313,0.796594238567,0.86144979929,0.92919894235,1.),
  .UNSPECIFIED.);
#4582 = CARTESIAN_POINT('',(7.4009931437E-02,-9.3939729068E-02,
    9.9999E-04));
#4583 = CARTESIAN_POINT('',(7.748170903E-02,-9.3862298426E-02,9.9999E-04
    ));
#4584 = CARTESIAN_POINT('',(8.4271160068E-02,-9.3710874107E-02,
    9.9999E-04));
#4585 = CARTESIAN_POINT('',(9.4189553256E-02,-9.2437176392E-02,
    9.9999E-04));
#4586 = CARTESIAN_POINT('',(0.103572714779,-9.0310694678E-02,9.9999E-04)
  );
#4587 = CARTESIAN_POINT('',(0.112417385579,-8.7322909693E-02,9.9999E-04)
  );
#4588 = CARTESIAN_POINT('',(0.120754508459,-8.3547531908E-02,9.9999E-04)
  );
#4589 = CARTESIAN_POINT('',(0.12854089629,-7.8880792497E-02,9.9999E-04)
  );
#4590 = CARTESIAN_POINT('',(0.135725022183,-7.328593937E-02,9.9999E-04)
  );
#4591 = CARTESIAN_POINT('',(0.142401951011,-6.6988504138E-02,9.9999E-04)
  );
#4592 = CARTESIAN_POINT('',(0.148359561762,-5.9942553186E-02,9.9999E-04)
  );
#4593 = CARTESIAN_POINT('',(0.153574325678,-5.2321292436E-02,9.9999E-04)
  );
#4594 = CARTESIAN_POINT('',(0.157985991276,-4.414842664E-02,9.9999E-04)
  );
#4595 = CARTESIAN_POINT('',(0.161565759778,-3.5419468993E-02,9.9999E-04)
  );
#4596 = CARTESIAN_POINT('',(0.164355458565,-2.6152138549E-02,9.9999E-04)
  );
#4597 = CARTESIAN_POINT('',(0.166306346421,-1.6338093403E-02,9.9999E-04)
  );
#4598 = CARTESIAN_POINT('',(0.167574161203,-5.991102497E-03,9.9999E-04)
  );
#4599 = CARTESIAN_POINT('',(0.167696484864,1.101185909E-03,9.9999E-04));
#4600 = CARTESIAN_POINT('',(0.167758993937,4.725442806E-03,9.9999E-04));
#4601 = ORIENTED_EDGE('',*,*,#4602,.T.);
#4602 = EDGE_CURVE('',#4579,#2171,#4603,.T.);
#4603 = LINE('',#4604,#4605);
#4604 = CARTESIAN_POINT('',(0.167758993937,4.725442806E-03,9.9999E-04));
#4605 = VECTOR('',#4606,1.);
#4606 = DIRECTION('',(0.,0.,-1.));
#4607 = B_SPLINE_SURFACE_WITH_KNOTS('',3,1,(
    (#4608,#4609)
    ,(#4610,#4611)
    ,(#4612,#4613)
    ,(#4614,#4615)
    ,(#4616,#4617)
    ,(#4618,#4619)
    ,(#4620,#4621)
    ,(#4622,#4623)
    ,(#4624,#4625)
    ,(#4626,#4627)
    ,(#4628,#4629)
    ,(#4630,#4631)
    ,(#4632,#4633)
    ,(#4634,#4635)
    ,(#4636,#4637)
    ,(#4638,#4639)
    ,(#4640,#4641)
    ,(#4642,#4643)
    ,(#4644,#4645
    )),.UNSPECIFIED.,.F.,.F.,.F.,(4,1,1,1,1,1,1,1,1,1,1,1,1,1,1,1,4),(2,
    2),(0.,6.7833248455E-02,0.132655536507,0.19505088405,0.255582933068,
    0.314799834147,0.373600472826,0.432545595326,0.492430629283,
    0.552671255962,0.612513044188,0.672610250357,0.733838369313,
    0.796594238567,0.86144979929,0.92919894235,1.),(0.,1.),
  .UNSPECIFIED.);
#4608 = CARTESIAN_POINT('',(7.4009931437E-02,-9.3939729068E-02,
    9.9999E-04));
#4609 = CARTESIAN_POINT('',(7.4009931437E-02,-9.3939729068E-02,0.));
#4610 = CARTESIAN_POINT('',(7.748170903E-02,-9.3862298426E-02,9.9999E-04
    ));
#4611 = CARTESIAN_POINT('',(7.748170903E-02,-9.3862298426E-02,0.));
#4612 = CARTESIAN_POINT('',(8.4271160068E-02,-9.3710874107E-02,
    9.9999E-04));
#4613 = CARTESIAN_POINT('',(8.4271160068E-02,-9.3710874107E-02,0.));
#4614 = CARTESIAN_POINT('',(9.4189553256E-02,-9.2437176392E-02,
    9.9999E-04));
#4615 = CARTESIAN_POINT('',(9.4189553256E-02,-9.2437176392E-02,0.));
#4616 = CARTESIAN_POINT('',(0.103572714779,-9.0310694678E-02,9.9999E-04)
  );
#4617 = CARTESIAN_POINT('',(0.103572714779,-9.0310694678E-02,0.));
#4618 = CARTESIAN_POINT('',(0.112417385579,-8.7322909693E-02,9.9999E-04)
  );
#4619 = CARTESIAN_POINT('',(0.112417385579,-8.7322909693E-02,0.));
#4620 = CARTESIAN_POINT('',(0.120754508459,-8.3547531908E-02,9.9999E-04)
  );
#4621 = CARTESIAN_POINT('',(0.120754508459,-8.3547531908E-02,0.));
#4622 = CARTESIAN_POINT('',(0.12854089629,-7.8880792497E-02,9.9999E-04)
  );
#4623 = CARTESIAN_POINT('',(0.12854089629,-7.8880792497E-02,0.));
#4624 = CARTESIAN_POINT('',(0.135725022183,-7.328593937E-02,9.9999E-04)
  );
#4625 = CARTESIAN_POINT('',(0.135725022183,-7.328593937E-02,0.));
#4626 = CARTESIAN_POINT('',(0.142401951011,-6.6988504138E-02,9.9999E-04)
  );
#4627 = CARTESIAN_POINT('',(0.142401951011,-6.6988504138E-02,0.));
#4628 = CARTESIAN_POINT('',(0.148359561762,-5.9942553186E-02,9.9999E-04)
  );
#4629 = CARTESIAN_POINT('',(0.148359561762,-5.9942553186E-02,0.));
#4630 = CARTESIAN_POINT('',(0.153574325678,-5.2321292436E-02,9.9999E-04)
  );
#4631 = CARTESIAN_POINT('',(0.153574325678,-5.2321292436E-02,0.));
#4632 = CARTESIAN_POINT('',(0.157985991276,-4.414842664E-02,9.9999E-04)
  );
#4633 = CARTESIAN_POINT('',(0.157985991276,-4.414842664E-02,0.));
#4634 = CARTESIAN_POINT('',(0.161565759778,-3.5419468993E-02,9.9999E-04)
  );
#4635 = CARTESIAN_POINT('',(0.161565759778,-3.5419468993E-02,0.));
#4636 = CARTESIAN_POINT('',(0.164355458565,-2.6152138549E-02,9.9999E-04)
  );
#4637 = CARTESIAN_POINT('',(0.164355458565,-2.6152138549E-02,0.));
#4638 = CARTESIAN_POINT('',(0.166306346421,-1.6338093403E-02,9.9999E-04)
  );
#4639 = CARTESIAN_POINT('',(0.166306346421,-1.6338093403E-02,0.));
#4640 = CARTESIAN_POINT('',(0.167574161203,-5.991102497E-03,9.9999E-04)
  );
#4641 = CARTESIAN_POINT('',(0.167574161203,-5.991102497E-03,0.));
#4642 = CARTESIAN_POINT('',(0.167696484864,1.101185909E-03,9.9999E-04));
#4643 = CARTESIAN_POINT('',(0.167696484864,1.101185909E-03,0.));
#4644 = CARTESIAN_POINT('',(0.167758993937,4.725442806E-03,9.9999E-04));
#4645 = CARTESIAN_POINT('',(0.167758993937,4.725442806E-03,0.));
#4646 = ADVANCED_FACE('',(#4647),#4681,.T.);
#4647 = FACE_BOUND('',#4648,.T.);
#4648 = EDGE_LOOP('',(#4649,#4650,#4651,#4675));
#4649 = ORIENTED_EDGE('',*,*,#2194,.F.);
#4650 = ORIENTED_EDGE('',*,*,#4602,.F.);
#4651 = ORIENTED_EDGE('',*,*,#4652,.T.);
#4652 = EDGE_CURVE('',#4579,#4653,#4655,.T.);
#4653 = VERTEX_POINT('',#4654);
#4654 = CARTESIAN_POINT('',(6.6045072063E-02,0.11093627093,9.9999E-04));
#4655 = B_SPLINE_CURVE_WITH_KNOTS('',3,(#4656,#4657,#4658,#4659,#4660,
    #4661,#4662,#4663,#4664,#4665,#4666,#4667,#4668,#4669,#4670,#4671,
    #4672,#4673,#4674),.UNSPECIFIED.,.F.,.F.,(4,1,1,1,1,1,1,1,1,1,1,1,1,
    1,1,1,4),(0.,7.0643718575E-02,0.138256715508,0.203364124217,
    0.266324093803,0.327904761542,0.388737715173,0.449423528109,
    0.510861011459,0.572079396047,0.631734428731,0.691117210578,
    0.75036002949,0.810032900531,0.871362450828,0.934427141231,1.),
  .UNSPECIFIED.);
#4656 = CARTESIAN_POINT('',(0.167758993937,4.725442806E-03,9.9999E-04));
#4657 = CARTESIAN_POINT('',(0.167671890117,8.616506116E-03,9.9999E-04));
#4658 = CARTESIAN_POINT('',(0.167501419362,1.6231700277E-02,9.9999E-04)
  );
#4659 = CARTESIAN_POINT('',(0.166146409775,2.7366980599E-02,9.9999E-04)
  );
#4660 = CARTESIAN_POINT('',(0.163923060329,3.7925674102E-02,9.9999E-04)
  );
#4661 = CARTESIAN_POINT('',(0.16074115528,4.7891752977E-02,9.9999E-04));
#4662 = CARTESIAN_POINT('',(0.156689257756,5.7278687022E-02,9.9999E-04)
  );
#4663 = CARTESIAN_POINT('',(0.151763924047,6.6098966398E-02,9.9999E-04)
  );
#4664 = CARTESIAN_POINT('',(0.1458851226,7.4307146273E-02,9.9999E-04));
#4665 = CARTESIAN_POINT('',(0.139146475089,8.1847436073E-02,9.9999E-04)
  );
#4666 = CARTESIAN_POINT('',(0.131770957901,8.8682069026E-02,9.9999E-04)
  );
#4667 = CARTESIAN_POINT('',(0.123812806048,9.4646093947E-02,9.9999E-04)
  );
#4668 = CARTESIAN_POINT('',(0.115368014515,9.9686193323E-02,9.9999E-04)
  );
#4669 = CARTESIAN_POINT('',(0.106448536491,0.103835603111,9.9999E-04));
#4670 = CARTESIAN_POINT('',(9.7021582494E-02,0.107003024009,9.9999E-04)
  );
#4671 = CARTESIAN_POINT('',(8.7131258643E-02,0.109277781559,9.9999E-04)
  );
#4672 = CARTESIAN_POINT('',(7.6743502896E-02,0.110687353141,9.9999E-04)
  );
#4673 = CARTESIAN_POINT('',(6.9657271334E-02,0.110852226769,9.9999E-04)
  );
#4674 = CARTESIAN_POINT('',(6.6045072063E-02,0.11093627093,9.9999E-04));
#4675 = ORIENTED_EDGE('',*,*,#4676,.T.);
#4676 = EDGE_CURVE('',#4653,#2195,#4677,.T.);
#4677 = LINE('',#4678,#4679);
#4678 = CARTESIAN_POINT('',(6.6045072063E-02,0.11093627093,9.9999E-04));
#4679 = VECTOR('',#4680,1.);
#4680 = DIRECTION('',(0.,0.,-1.));
#4681 = B_SPLINE_SURFACE_WITH_KNOTS('',3,1,(
    (#4682,#4683)
    ,(#4684,#4685)
    ,(#4686,#4687)
    ,(#4688,#4689)
    ,(#4690,#4691)
    ,(#4692,#4693)
    ,(#4694,#4695)
    ,(#4696,#4697)
    ,(#4698,#4699)
    ,(#4700,#4701)
    ,(#4702,#4703)
    ,(#4704,#4705)
    ,(#4706,#4707)
    ,(#4708,#4709)
    ,(#4710,#4711)
    ,(#4712,#4713)
    ,(#4714,#4715)
    ,(#4716,#4717)
    ,(#4718,#4719
    )),.UNSPECIFIED.,.F.,.F.,.F.,(4,1,1,1,1,1,1,1,1,1,1,1,1,1,1,1,4),(2,
    2),(0.,7.0643718575E-02,0.138256715508,0.203364124217,0.266324093803
    ,0.327904761542,0.388737715173,0.449423528109,0.510861011459,
    0.572079396047,0.631734428731,0.691117210578,0.75036002949,
    0.810032900531,0.871362450828,0.934427141231,1.),(0.,1.),
  .UNSPECIFIED.);
#4682 = CARTESIAN_POINT('',(0.167758993937,4.725442806E-03,9.9999E-04));
#4683 = CARTESIAN_POINT('',(0.167758993937,4.725442806E-03,0.));
#4684 = CARTESIAN_POINT('',(0.167671890117,8.616506116E-03,9.9999E-04));
#4685 = CARTESIAN_POINT('',(0.167671890117,8.616506116E-03,0.));
#4686 = CARTESIAN_POINT('',(0.167501419362,1.6231700277E-02,9.9999E-04)
  );
#4687 = CARTESIAN_POINT('',(0.167501419362,1.6231700277E-02,0.));
#4688 = CARTESIAN_POINT('',(0.166146409775,2.7366980599E-02,9.9999E-04)
  );
#4689 = CARTESIAN_POINT('',(0.166146409775,2.7366980599E-02,0.));
#4690 = CARTESIAN_POINT('',(0.163923060329,3.7925674102E-02,9.9999E-04)
  );
#4691 = CARTESIAN_POINT('',(0.163923060329,3.7925674102E-02,0.));
#4692 = CARTESIAN_POINT('',(0.16074115528,4.7891752977E-02,9.9999E-04));
#4693 = CARTESIAN_POINT('',(0.16074115528,4.7891752977E-02,0.));
#4694 = CARTESIAN_POINT('',(0.156689257756,5.7278687022E-02,9.9999E-04)
  );
#4695 = CARTESIAN_POINT('',(0.156689257756,5.7278687022E-02,0.));
#4696 = CARTESIAN_POINT('',(0.151763924047,6.6098966398E-02,9.9999E-04)
  );
#4697 = CARTESIAN_POINT('',(0.151763924047,6.6098966398E-02,0.));
#4698 = CARTESIAN_POINT('',(0.1458851226,7.4307146273E-02,9.9999E-04));
#4699 = CARTESIAN_POINT('',(0.1458851226,7.4307146273E-02,0.));
#4700 = CARTESIAN_POINT('',(0.139146475089,8.1847436073E-02,9.9999E-04)
  );
#4701 = CARTESIAN_POINT('',(0.139146475089,8.1847436073E-02,0.));
#4702 = CARTESIAN_POINT('',(0.131770957901,8.8682069026E-02,9.9999E-04)
  );
#4703 = CARTESIAN_POINT('',(0.131770957901,8.8682069026E-02,0.));
#4704 = CARTESIAN_POINT('',(0.123812806048,9.4646093947E-02,9.9999E-04)
  );
#4705 = CARTESIAN_POINT('',(0.123812806048,9.4646093947E-02,0.));
#4706 = CARTESIAN_POINT('',(0.115368014515,9.9686193323E-02,9.9999E-04)
  );
#4707 = CARTESIAN_POINT('',(0.115368014515,9.9686193323E-02,0.));
#4708 = CARTESIAN_POINT('',(0.106448536491,0.103835603111,9.9999E-04));
#4709 = CARTESIAN_POINT('',(0.106448536491,0.103835603111,0.));
#4710 = CARTESIAN_POINT('',(9.7021582494E-02,0.107003024009,9.9999E-04)
  );
#4711 = CARTESIAN_POINT('',(9.7021582494E-02,0.107003024009,0.));
#4712 = CARTESIAN_POINT('',(8.7131258643E-02,0.109277781559,9.9999E-04)
  );
#4713 = CARTESIAN_POINT('',(8.7131258643E-02,0.109277781559,0.));
#4714 = CARTESIAN_POINT('',(7.6743502896E-02,0.110687353141,9.9999E-04)
  );
#4715 = CARTESIAN_POINT('',(7.6743502896E-02,0.110687353141,0.));
#4716 = CARTESIAN_POINT('',(6.9657271334E-02,0.110852226769,9.9999E-04)
  );
#4717 = CARTESIAN_POINT('',(6.9657271334E-02,0.110852226769,0.));
#4718 = CARTESIAN_POINT('',(6.6045072063E-02,0.11093627093,9.9999E-04));
#4719 = CARTESIAN_POINT('',(6.6045072063E-02,0.11093627093,0.));
#4720 = ADVANCED_FACE('',(#4721),#4747,.T.);
#4721 = FACE_BOUND('',#4722,.T.);
#4722 = EDGE_LOOP('',(#4723,#4724,#4725,#4741));
#4723 = ORIENTED_EDGE('',*,*,#2218,.F.);
#4724 = ORIENTED_EDGE('',*,*,#4676,.F.);
#4725 = ORIENTED_EDGE('',*,*,#4726,.T.);
#4726 = EDGE_CURVE('',#4653,#4727,#4729,.T.);
#4727 = VERTEX_POINT('',#4728);
#4728 = CARTESIAN_POINT('',(1.8979993938E-02,0.10300952093,9.9999E-04));
#4729 = B_SPLINE_CURVE_WITH_KNOTS('',3,(#4730,#4731,#4732,#4733,#4734,
    #4735,#4736,#4737,#4738,#4739,#4740),.UNSPECIFIED.,.F.,.F.,(4,1,1,1,
    1,1,1,1,4),(0.,0.145186866472,0.283442610919,0.416524365928,
    0.543181123535,0.665153082637,0.781360206312,0.892756655641,1.),
  .UNSPECIFIED.);
#4730 = CARTESIAN_POINT('',(6.6045072063E-02,0.11093627093,9.9999E-04));
#4731 = CARTESIAN_POINT('',(6.3719723191E-02,0.11091960221,9.9999E-04));
#4732 = CARTESIAN_POINT('',(5.918003602E-02,0.110887060522,9.9999E-04));
#4733 = CARTESIAN_POINT('',(5.2520253624E-02,0.11047898475,9.9999E-04));
#4734 = CARTESIAN_POINT('',(4.6170861693E-02,0.109902248775,9.9999E-04)
  );
#4735 = CARTESIAN_POINT('',(4.0122671907E-02,0.10900293342,9.9999E-04));
#4736 = CARTESIAN_POINT('',(3.4375995479E-02,0.107932392247,9.9999E-04)
  );
#4737 = CARTESIAN_POINT('',(2.8952360324E-02,0.106536890497,9.9999E-04)
  );
#4738 = CARTESIAN_POINT('',(2.3817672404E-02,0.104973241277,9.9999E-04)
  );
#4739 = CARTESIAN_POINT('',(2.057200272E-02,0.103655752394,9.9999E-04));
#4740 = CARTESIAN_POINT('',(1.8979993938E-02,0.10300952093,9.9999E-04));
#4741 = ORIENTED_EDGE('',*,*,#4742,.T.);
#4742 = EDGE_CURVE('',#4727,#2219,#4743,.T.);
#4743 = LINE('',#4744,#4745);
#4744 = CARTESIAN_POINT('',(1.8979993938E-02,0.10300952093,9.9999E-04));
#4745 = VECTOR('',#4746,1.);
#4746 = DIRECTION('',(0.,0.,-1.));
#4747 = B_SPLINE_SURFACE_WITH_KNOTS('',3,1,(
    (#4748,#4749)
    ,(#4750,#4751)
    ,(#4752,#4753)
    ,(#4754,#4755)
    ,(#4756,#4757)
    ,(#4758,#4759)
    ,(#4760,#4761)
    ,(#4762,#4763)
    ,(#4764,#4765)
    ,(#4766,#4767)
    ,(#4768,#4769
  )),.UNSPECIFIED.,.F.,.F.,.F.,(4,1,1,1,1,1,1,1,4),(2,2),(0.,
    0.145186866472,0.283442610919,0.416524365928,0.543181123535,
    0.665153082637,0.781360206312,0.892756655641,1.),(0.,1.),
  .UNSPECIFIED.);
#4748 = CARTESIAN_POINT('',(6.6045072063E-02,0.11093627093,9.9999E-04));
#4749 = CARTESIAN_POINT('',(6.6045072063E-02,0.11093627093,0.));
#4750 = CARTESIAN_POINT('',(6.3719723191E-02,0.11091960221,9.9999E-04));
#4751 = CARTESIAN_POINT('',(6.3719723191E-02,0.11091960221,0.));
#4752 = CARTESIAN_POINT('',(5.918003602E-02,0.110887060522,9.9999E-04));
#4753 = CARTESIAN_POINT('',(5.918003602E-02,0.110887060522,0.));
#4754 = CARTESIAN_POINT('',(5.2520253624E-02,0.11047898475,9.9999E-04));
#4755 = CARTESIAN_POINT('',(5.2520253624E-02,0.11047898475,0.));
#4756 = CARTESIAN_POINT('',(4.6170861693E-02,0.109902248775,9.9999E-04)
  );
#4757 = CARTESIAN_POINT('',(4.6170861693E-02,0.109902248775,0.));
#4758 = CARTESIAN_POINT('',(4.0122671907E-02,0.10900293342,9.9999E-04));
#4759 = CARTESIAN_POINT('',(4.0122671907E-02,0.10900293342,0.));
#4760 = CARTESIAN_POINT('',(3.4375995479E-02,0.107932392247,9.9999E-04)
  );
#4761 = CARTESIAN_POINT('',(3.4375995479E-02,0.107932392247,0.));
#4762 = CARTESIAN_POINT('',(2.8952360324E-02,0.106536890497,9.9999E-04)
  );
#4763 = CARTESIAN_POINT('',(2.8952360324E-02,0.106536890497,0.));
#4764 = CARTESIAN_POINT('',(2.3817672404E-02,0.104973241277,9.9999E-04)
  );
#4765 = CARTESIAN_POINT('',(2.3817672404E-02,0.104973241277,0.));
#4766 = CARTESIAN_POINT('',(2.057200272E-02,0.103655752394,9.9999E-04));
#4767 = CARTESIAN_POINT('',(2.057200272E-02,0.103655752394,0.));
#4768 = CARTESIAN_POINT('',(1.8979993938E-02,0.10300952093,9.9999E-04));
#4769 = CARTESIAN_POINT('',(1.8979993938E-02,0.10300952093,0.));
#4770 = ADVANCED_FACE('',(#4771),#4789,.T.);
#4771 = FACE_BOUND('',#4772,.T.);
#4772 = EDGE_LOOP('',(#4773,#4774,#4775,#4783));
#4773 = ORIENTED_EDGE('',*,*,#2234,.F.);
#4774 = ORIENTED_EDGE('',*,*,#4742,.F.);
#4775 = ORIENTED_EDGE('',*,*,#4776,.T.);
#4776 = EDGE_CURVE('',#4727,#4777,#4779,.T.);
#4777 = VERTEX_POINT('',#4778);
#4778 = CARTESIAN_POINT('',(1.8979993938E-02,7.618052093E-02,9.9999E-04)
  );
#4779 = LINE('',#4780,#4781);
#4780 = CARTESIAN_POINT('',(1.8979993938E-02,0.10300952093,9.9999E-04));
#4781 = VECTOR('',#4782,1.);
#4782 = DIRECTION('',(0.,-1.,0.));
#4783 = ORIENTED_EDGE('',*,*,#4784,.T.);
#4784 = EDGE_CURVE('',#4777,#2235,#4785,.T.);
#4785 = LINE('',#4786,#4787);
#4786 = CARTESIAN_POINT('',(1.8979993938E-02,7.618052093E-02,9.9999E-04)
  );
#4787 = VECTOR('',#4788,1.);
#4788 = DIRECTION('',(0.,0.,-1.));
#4789 = PLANE('',#4790);
#4790 = AXIS2_PLACEMENT_3D('',#4791,#4792,#4793);
#4791 = CARTESIAN_POINT('',(1.8979993938E-02,0.10300952093,9.9999E-04));
#4792 = DIRECTION('',(1.,0.,0.));
#4793 = DIRECTION('',(0.,0.,-1.));
#4794 = ADVANCED_FACE('',(#4795),#4821,.T.);
#4795 = FACE_BOUND('',#4796,.T.);
#4796 = EDGE_LOOP('',(#4797,#4798,#4799,#4815));
#4797 = ORIENTED_EDGE('',*,*,#2242,.F.);
#4798 = ORIENTED_EDGE('',*,*,#4784,.F.);
#4799 = ORIENTED_EDGE('',*,*,#4800,.T.);
#4800 = EDGE_CURVE('',#4777,#4801,#4803,.T.);
#4801 = VERTEX_POINT('',#4802);
#4802 = CARTESIAN_POINT('',(6.5816415812E-02,8.898527093E-02,9.9999E-04)
  );
#4803 = B_SPLINE_CURVE_WITH_KNOTS('',3,(#4804,#4805,#4806,#4807,#4808,
    #4809,#4810,#4811,#4812,#4813,#4814),.UNSPECIFIED.,.F.,.F.,(4,1,1,1,
    1,1,1,1,4),(0.,0.125279696735,0.249419970742,0.373356799492,
    0.496681278782,0.620202915743,0.745086320161,0.871269195019,1.),
  .UNSPECIFIED.);
#4804 = CARTESIAN_POINT('',(1.8979993938E-02,7.618052093E-02,9.9999E-04)
  );
#4805 = CARTESIAN_POINT('',(2.0756053302E-02,7.7212545209E-02,9.9999E-04
    ));
#4806 = CARTESIAN_POINT('',(2.4292018717E-02,7.9267207472E-02,9.9999E-04
    ));
#4807 = CARTESIAN_POINT('',(2.9853449425E-02,8.1835939669E-02,9.9999E-04
    ));
#4808 = CARTESIAN_POINT('',(3.5522041369E-02,8.4063945024E-02,9.9999E-04
    ));
#4809 = CARTESIAN_POINT('',(4.1337477525E-02,8.5842527404E-02,9.9999E-04
    ));
#4810 = CARTESIAN_POINT('',(4.7263157266E-02,8.7278746326E-02,9.9999E-04
    ));
#4811 = CARTESIAN_POINT('',(5.3330153663E-02,8.8242058835E-02,9.9999E-04
    ));
#4812 = CARTESIAN_POINT('',(5.9526971908E-02,8.8890179071E-02,9.9999E-04
    ));
#4813 = CARTESIAN_POINT('',(6.3706010976E-02,8.895336313E-02,9.9999E-04)
  );
#4814 = CARTESIAN_POINT('',(6.5816415812E-02,8.898527093E-02,9.9999E-04)
  );
#4815 = ORIENTED_EDGE('',*,*,#4816,.T.);
#4816 = EDGE_CURVE('',#4801,#2243,#4817,.T.);
#4817 = LINE('',#4818,#4819);
#4818 = CARTESIAN_POINT('',(6.5816415812E-02,8.898527093E-02,9.9999E-04)
  );
#4819 = VECTOR('',#4820,1.);
#4820 = DIRECTION('',(0.,0.,-1.));
#4821 = B_SPLINE_SURFACE_WITH_KNOTS('',3,1,(
    (#4822,#4823)
    ,(#4824,#4825)
    ,(#4826,#4827)
    ,(#4828,#4829)
    ,(#4830,#4831)
    ,(#4832,#4833)
    ,(#4834,#4835)
    ,(#4836,#4837)
    ,(#4838,#4839)
    ,(#4840,#4841)
    ,(#4842,#4843
  )),.UNSPECIFIED.,.F.,.F.,.F.,(4,1,1,1,1,1,1,1,4),(2,2),(0.,
    0.125279696735,0.249419970742,0.373356799492,0.496681278782,
    0.620202915743,0.745086320161,0.871269195019,1.),(0.,1.),
  .UNSPECIFIED.);
#4822 = CARTESIAN_POINT('',(1.8979993938E-02,7.618052093E-02,9.9999E-04)
  );
#4823 = CARTESIAN_POINT('',(1.8979993938E-02,7.618052093E-02,0.));
#4824 = CARTESIAN_POINT('',(2.0756053302E-02,7.7212545209E-02,9.9999E-04
    ));
#4825 = CARTESIAN_POINT('',(2.0756053302E-02,7.7212545209E-02,0.));
#4826 = CARTESIAN_POINT('',(2.4292018717E-02,7.9267207472E-02,9.9999E-04
    ));
#4827 = CARTESIAN_POINT('',(2.4292018717E-02,7.9267207472E-02,0.));
#4828 = CARTESIAN_POINT('',(2.9853449425E-02,8.1835939669E-02,9.9999E-04
    ));
#4829 = CARTESIAN_POINT('',(2.9853449425E-02,8.1835939669E-02,0.));
#4830 = CARTESIAN_POINT('',(3.5522041369E-02,8.4063945024E-02,9.9999E-04
    ));
#4831 = CARTESIAN_POINT('',(3.5522041369E-02,8.4063945024E-02,0.));
#4832 = CARTESIAN_POINT('',(4.1337477525E-02,8.5842527404E-02,9.9999E-04
    ));
#4833 = CARTESIAN_POINT('',(4.1337477525E-02,8.5842527404E-02,0.));
#4834 = CARTESIAN_POINT('',(4.7263157266E-02,8.7278746326E-02,9.9999E-04
    ));
#4835 = CARTESIAN_POINT('',(4.7263157266E-02,8.7278746326E-02,0.));
#4836 = CARTESIAN_POINT('',(5.3330153663E-02,8.8242058835E-02,9.9999E-04
    ));
#4837 = CARTESIAN_POINT('',(5.3330153663E-02,8.8242058835E-02,0.));
#4838 = CARTESIAN_POINT('',(5.9526971908E-02,8.8890179071E-02,9.9999E-04
    ));
#4839 = CARTESIAN_POINT('',(5.9526971908E-02,8.8890179071E-02,0.));
#4840 = CARTESIAN_POINT('',(6.3706010976E-02,8.895336313E-02,9.9999E-04)
  );
#4841 = CARTESIAN_POINT('',(6.3706010976E-02,8.895336313E-02,0.));
#4842 = CARTESIAN_POINT('',(6.5816415812E-02,8.898527093E-02,9.9999E-04)
  );
#4843 = CARTESIAN_POINT('',(6.5816415812E-02,8.898527093E-02,0.));
#4844 = ADVANCED_FACE('',(#4845),#4879,.T.);
#4845 = FACE_BOUND('',#4846,.T.);
#4846 = EDGE_LOOP('',(#4847,#4848,#4849,#4873));
#4847 = ORIENTED_EDGE('',*,*,#2258,.F.);
#4848 = ORIENTED_EDGE('',*,*,#4816,.F.);
#4849 = ORIENTED_EDGE('',*,*,#4850,.T.);
#4850 = EDGE_CURVE('',#4801,#4851,#4853,.T.);
#4851 = VERTEX_POINT('',#4852);
#4852 = CARTESIAN_POINT('',(0.140929993938,6.364145931E-03,9.9999E-04));
#4853 = B_SPLINE_CURVE_WITH_KNOTS('',3,(#4854,#4855,#4856,#4857,#4858,
    #4859,#4860,#4861,#4862,#4863,#4864,#4865,#4866,#4867,#4868,#4869,
    #4870,#4871,#4872),.UNSPECIFIED.,.F.,.F.,(4,1,1,1,1,1,1,1,1,1,1,1,1,
    1,1,1,4),(0.,6.4603970288E-02,0.126702413962,0.186756814035,
    0.245505687365,0.303652024449,0.36150307397,0.420240222928,
    0.480033340776,0.540678134775,0.60119180638,0.662333502477,
    0.724739510297,0.789467736172,0.856504860043,0.926312095839,1.),
  .UNSPECIFIED.);
#4854 = CARTESIAN_POINT('',(6.5816415812E-02,8.898527093E-02,9.9999E-04)
  );
#4855 = CARTESIAN_POINT('',(6.8526261087E-02,8.8927004296E-02,9.9999E-04
    ));
#4856 = CARTESIAN_POINT('',(7.384085609E-02,8.8812730774E-02,9.9999E-04)
  );
#4857 = CARTESIAN_POINT('',(8.160507399E-02,8.7690776056E-02,9.9999E-04)
  );
#4858 = CARTESIAN_POINT('',(8.9010478571E-02,8.6012204995E-02,9.9999E-04
    ));
#4859 = CARTESIAN_POINT('',(9.6027374666E-02,8.3555486108E-02,9.9999E-04
    ));
#4860 = CARTESIAN_POINT('',(0.102647794554,8.0384711746E-02,9.9999E-04)
  );
#4861 = CARTESIAN_POINT('',(0.108865997171,7.6487989251E-02,9.9999E-04)
  );
#4862 = CARTESIAN_POINT('',(0.11472017084,7.1948864168E-02,9.9999E-04));
#4863 = CARTESIAN_POINT('',(0.120121012131,6.6710709099E-02,9.9999E-04)
  );
#4864 = CARTESIAN_POINT('',(0.125042680869,6.091814627E-02,9.9999E-04));
#4865 = CARTESIAN_POINT('',(0.12926720469,5.453286799E-02,9.9999E-04));
#4866 = CARTESIAN_POINT('',(0.132930508102,4.7727700024E-02,9.9999E-04)
  );
#4867 = CARTESIAN_POINT('',(0.13586407435,4.0383247423E-02,9.9999E-04));
#4868 = CARTESIAN_POINT('',(0.13813595148,3.2555860924E-02,9.9999E-04));
#4869 = CARTESIAN_POINT('',(0.139775767887,2.4256220988E-02,9.9999E-04)
  );
#4870 = CARTESIAN_POINT('',(0.140725854923,1.5469020177E-02,9.9999E-04)
  );
#4871 = CARTESIAN_POINT('',(0.140860731735,9.453333227E-03,9.9999E-04));
#4872 = CARTESIAN_POINT('',(0.140929993938,6.364145931E-03,9.9999E-04));
#4873 = ORIENTED_EDGE('',*,*,#4874,.T.);
#4874 = EDGE_CURVE('',#4851,#2259,#4875,.T.);
#4875 = LINE('',#4876,#4877);
#4876 = CARTESIAN_POINT('',(0.140929993938,6.364145931E-03,9.9999E-04));
#4877 = VECTOR('',#4878,1.);
#4878 = DIRECTION('',(0.,0.,-1.));
#4879 = B_SPLINE_SURFACE_WITH_KNOTS('',3,1,(
    (#4880,#4881)
    ,(#4882,#4883)
    ,(#4884,#4885)
    ,(#4886,#4887)
    ,(#4888,#4889)
    ,(#4890,#4891)
    ,(#4892,#4893)
    ,(#4894,#4895)
    ,(#4896,#4897)
    ,(#4898,#4899)
    ,(#4900,#4901)
    ,(#4902,#4903)
    ,(#4904,#4905)
    ,(#4906,#4907)
    ,(#4908,#4909)
    ,(#4910,#4911)
    ,(#4912,#4913)
    ,(#4914,#4915)
    ,(#4916,#4917
    )),.UNSPECIFIED.,.F.,.F.,.F.,(4,1,1,1,1,1,1,1,1,1,1,1,1,1,1,1,4),(2,
    2),(0.,6.4603970288E-02,0.126702413962,0.186756814035,0.245505687365
    ,0.303652024449,0.36150307397,0.420240222928,0.480033340776,
    0.540678134775,0.60119180638,0.662333502477,0.724739510297,
    0.789467736172,0.856504860043,0.926312095839,1.),(0.,1.),
  .UNSPECIFIED.);
#4880 = CARTESIAN_POINT('',(6.5816415812E-02,8.898527093E-02,9.9999E-04)
  );
#4881 = CARTESIAN_POINT('',(6.5816415812E-02,8.898527093E-02,
    -2.117561192311E-19));
#4882 = CARTESIAN_POINT('',(6.8526261087E-02,8.8927004296E-02,9.9999E-04
    ));
#4883 = CARTESIAN_POINT('',(6.8526261087E-02,8.8927004296E-02,
    -2.117561192311E-19));
#4884 = CARTESIAN_POINT('',(7.384085609E-02,8.8812730774E-02,9.9999E-04)
  );
#4885 = CARTESIAN_POINT('',(7.384085609E-02,8.8812730774E-02,
    -2.117561192311E-19));
#4886 = CARTESIAN_POINT('',(8.160507399E-02,8.7690776056E-02,9.9999E-04)
  );
#4887 = CARTESIAN_POINT('',(8.160507399E-02,8.7690776056E-02,
    -2.117561192311E-19));
#4888 = CARTESIAN_POINT('',(8.9010478571E-02,8.6012204995E-02,9.9999E-04
    ));
#4889 = CARTESIAN_POINT('',(8.9010478571E-02,8.6012204995E-02,
    -2.117561192311E-19));
#4890 = CARTESIAN_POINT('',(9.6027374666E-02,8.3555486108E-02,9.9999E-04
    ));
#4891 = CARTESIAN_POINT('',(9.6027374666E-02,8.3555486108E-02,
    -2.117561192311E-19));
#4892 = CARTESIAN_POINT('',(0.102647794554,8.0384711746E-02,9.9999E-04)
  );
#4893 = CARTESIAN_POINT('',(0.102647794554,8.0384711746E-02,
    -2.117561192311E-19));
#4894 = CARTESIAN_POINT('',(0.108865997171,7.6487989251E-02,9.9999E-04)
  );
#4895 = CARTESIAN_POINT('',(0.108865997171,7.6487989251E-02,
    -2.117561192311E-19));
#4896 = CARTESIAN_POINT('',(0.11472017084,7.1948864168E-02,9.9999E-04));
#4897 = CARTESIAN_POINT('',(0.11472017084,7.1948864168E-02,
    -2.117561192311E-19));
#4898 = CARTESIAN_POINT('',(0.120121012131,6.6710709099E-02,9.9999E-04)
  );
#4899 = CARTESIAN_POINT('',(0.120121012131,6.6710709099E-02,
    -2.117561192311E-19));
#4900 = CARTESIAN_POINT('',(0.125042680869,6.091814627E-02,9.9999E-04));
#4901 = CARTESIAN_POINT('',(0.125042680869,6.091814627E-02,
    -2.117561192311E-19));
#4902 = CARTESIAN_POINT('',(0.12926720469,5.453286799E-02,9.9999E-04));
#4903 = CARTESIAN_POINT('',(0.12926720469,5.453286799E-02,
    -2.117561192311E-19));
#4904 = CARTESIAN_POINT('',(0.132930508102,4.7727700024E-02,9.9999E-04)
  );
#4905 = CARTESIAN_POINT('',(0.132930508102,4.7727700024E-02,
    -2.117561192311E-19));
#4906 = CARTESIAN_POINT('',(0.13586407435,4.0383247423E-02,9.9999E-04));
#4907 = CARTESIAN_POINT('',(0.13586407435,4.0383247423E-02,
    -2.117561192311E-19));
#4908 = CARTESIAN_POINT('',(0.13813595148,3.2555860924E-02,9.9999E-04));
#4909 = CARTESIAN_POINT('',(0.13813595148,3.2555860924E-02,
    -2.117561192311E-19));
#4910 = CARTESIAN_POINT('',(0.139775767887,2.4256220988E-02,9.9999E-04)
  );
#4911 = CARTESIAN_POINT('',(0.139775767887,2.4256220988E-02,
    -2.117561192311E-19));
#4912 = CARTESIAN_POINT('',(0.140725854923,1.5469020177E-02,9.9999E-04)
  );
#4913 = CARTESIAN_POINT('',(0.140725854923,1.5469020177E-02,
    -2.117561192311E-19));
#4914 = CARTESIAN_POINT('',(0.140860731735,9.453333227E-03,9.9999E-04));
#4915 = CARTESIAN_POINT('',(0.140860731735,9.453333227E-03,
    -2.117561192311E-19));
#4916 = CARTESIAN_POINT('',(0.140929993938,6.364145931E-03,9.9999E-04));
#4917 = CARTESIAN_POINT('',(0.140929993938,6.364145931E-03,
    -2.117561192311E-19));
#4918 = ADVANCED_FACE('',(#4919),#4953,.T.);
#4919 = FACE_BOUND('',#4920,.T.);
#4920 = EDGE_LOOP('',(#4921,#4922,#4923,#4947));
#4921 = ORIENTED_EDGE('',*,*,#2282,.F.);
#4922 = ORIENTED_EDGE('',*,*,#4874,.F.);
#4923 = ORIENTED_EDGE('',*,*,#4924,.T.);
#4924 = EDGE_CURVE('',#4851,#4925,#4927,.T.);
#4925 = VERTEX_POINT('',#4926);
#4926 = CARTESIAN_POINT('',(7.0313322063E-02,-7.1988729069E-02,
    9.9999E-04));
#4927 = B_SPLINE_CURVE_WITH_KNOTS('',3,(#4928,#4929,#4930,#4931,#4932,
    #4933,#4934,#4935,#4936,#4937,#4938,#4939,#4940,#4941,#4942,#4943,
    #4944,#4945,#4946),.UNSPECIFIED.,.F.,.F.,(4,1,1,1,1,1,1,1,1,1,1,1,1,
    1,1,1,4),(0.,7.3774119374E-02,0.144079114726,0.211348518308,
    0.276076885739,0.338520915819,0.399885116693,0.460254067465,
    0.520588964391,0.580207684563,0.638632908552,0.69636454949,
    0.75400177466,0.812805681374,0.872754425525,0.935181996978,1.),
  .UNSPECIFIED.);
#4928 = CARTESIAN_POINT('',(0.140929993938,6.364145931E-03,9.9999E-04));
#4929 = CARTESIAN_POINT('',(0.140874430524,3.439934034E-03,9.9999E-04));
#4930 = CARTESIAN_POINT('',(0.140765916486,-2.270982814E-03,9.9999E-04)
  );
#4931 = CARTESIAN_POINT('',(0.139833608484,-1.0606435044E-02,9.9999E-04)
  );
#4932 = CARTESIAN_POINT('',(0.138323374738,-1.8487700599E-02,9.9999E-04)
  );
#4933 = CARTESIAN_POINT('',(0.136200927623,-2.5907832633E-02,9.9999E-04)
  );
#4934 = CARTESIAN_POINT('',(0.133433334261,-3.2859964326E-02,9.9999E-04)
  );
#4935 = CARTESIAN_POINT('',(0.130090178476,-3.936256747E-02,9.9999E-04)
  );
#4936 = CARTESIAN_POINT('',(0.126093014898,-4.538627756E-02,9.9999E-04)
  );
#4937 = CARTESIAN_POINT('',(0.121530080568,-5.0902894242E-02,9.9999E-04)
  );
#4938 = CARTESIAN_POINT('',(0.116464021558,-5.5849975193E-02,9.9999E-04)
  );
#4939 = CARTESIAN_POINT('',(0.111000924602,-6.019462381E-02,9.9999E-04)
  );
#4940 = CARTESIAN_POINT('',(0.105128887296,-6.3821052912E-02,9.9999E-04)
  );
#4941 = CARTESIAN_POINT('',(9.8902665423E-02,-6.6828203016E-02,
    9.9999E-04));
#4942 = CARTESIAN_POINT('',(9.2294127698E-02,-6.9153144805E-02,
    9.9999E-04));
#4943 = CARTESIAN_POINT('',(8.5290903669E-02,-7.0783010536E-02,
    9.9999E-04));
#4944 = CARTESIAN_POINT('',(7.7926496097E-02,-7.1792514302E-02,
    9.9999E-04));
#4945 = CARTESIAN_POINT('',(7.2882631371E-02,-7.1922510114E-02,
    9.9999E-04));
#4946 = CARTESIAN_POINT('',(7.0313322063E-02,-7.1988729069E-02,
    9.9999E-04));
#4947 = ORIENTED_EDGE('',*,*,#4948,.T.);
#4948 = EDGE_CURVE('',#4925,#2283,#4949,.T.);
#4949 = LINE('',#4950,#4951);
#4950 = CARTESIAN_POINT('',(7.0313322063E-02,-7.1988729069E-02,
    9.9999E-04));
#4951 = VECTOR('',#4952,1.);
#4952 = DIRECTION('',(0.,0.,-1.));
#4953 = B_SPLINE_SURFACE_WITH_KNOTS('',3,1,(
    (#4954,#4955)
    ,(#4956,#4957)
    ,(#4958,#4959)
    ,(#4960,#4961)
    ,(#4962,#4963)
    ,(#4964,#4965)
    ,(#4966,#4967)
    ,(#4968,#4969)
    ,(#4970,#4971)
    ,(#4972,#4973)
    ,(#4974,#4975)
    ,(#4976,#4977)
    ,(#4978,#4979)
    ,(#4980,#4981)
    ,(#4982,#4983)
    ,(#4984,#4985)
    ,(#4986,#4987)
    ,(#4988,#4989)
    ,(#4990,#4991
    )),.UNSPECIFIED.,.F.,.F.,.F.,(4,1,1,1,1,1,1,1,1,1,1,1,1,1,1,1,4),(2,
    2),(0.,7.3774119374E-02,0.144079114726,0.211348518308,0.276076885739
    ,0.338520915819,0.399885116693,0.460254067465,0.520588964391,
    0.580207684563,0.638632908552,0.69636454949,0.75400177466,
    0.812805681374,0.872754425525,0.935181996978,1.),(0.,1.),
  .UNSPECIFIED.);
#4954 = CARTESIAN_POINT('',(0.140929993938,6.364145931E-03,9.9999E-04));
#4955 = CARTESIAN_POINT('',(0.140929993938,6.364145931E-03,0.));
#4956 = CARTESIAN_POINT('',(0.140874430524,3.439934034E-03,9.9999E-04));
#4957 = CARTESIAN_POINT('',(0.140874430524,3.439934034E-03,0.));
#4958 = CARTESIAN_POINT('',(0.140765916486,-2.270982814E-03,9.9999E-04)
  );
#4959 = CARTESIAN_POINT('',(0.140765916486,-2.270982814E-03,0.));
#4960 = CARTESIAN_POINT('',(0.139833608484,-1.0606435044E-02,9.9999E-04)
  );
#4961 = CARTESIAN_POINT('',(0.139833608484,-1.0606435044E-02,0.));
#4962 = CARTESIAN_POINT('',(0.138323374738,-1.8487700599E-02,9.9999E-04)
  );
#4963 = CARTESIAN_POINT('',(0.138323374738,-1.8487700599E-02,0.));
#4964 = CARTESIAN_POINT('',(0.136200927623,-2.5907832633E-02,9.9999E-04)
  );
#4965 = CARTESIAN_POINT('',(0.136200927623,-2.5907832633E-02,0.));
#4966 = CARTESIAN_POINT('',(0.133433334261,-3.2859964326E-02,9.9999E-04)
  );
#4967 = CARTESIAN_POINT('',(0.133433334261,-3.2859964326E-02,0.));
#4968 = CARTESIAN_POINT('',(0.130090178476,-3.936256747E-02,9.9999E-04)
  );
#4969 = CARTESIAN_POINT('',(0.130090178476,-3.936256747E-02,0.));
#4970 = CARTESIAN_POINT('',(0.126093014898,-4.538627756E-02,9.9999E-04)
  );
#4971 = CARTESIAN_POINT('',(0.126093014898,-4.538627756E-02,0.));
#4972 = CARTESIAN_POINT('',(0.121530080568,-5.0902894242E-02,9.9999E-04)
  );
#4973 = CARTESIAN_POINT('',(0.121530080568,-5.0902894242E-02,0.));
#4974 = CARTESIAN_POINT('',(0.116464021558,-5.5849975193E-02,9.9999E-04)
  );
#4975 = CARTESIAN_POINT('',(0.116464021558,-5.5849975193E-02,0.));
#4976 = CARTESIAN_POINT('',(0.111000924602,-6.019462381E-02,9.9999E-04)
  );
#4977 = CARTESIAN_POINT('',(0.111000924602,-6.019462381E-02,0.));
#4978 = CARTESIAN_POINT('',(0.105128887296,-6.3821052912E-02,9.9999E-04)
  );
#4979 = CARTESIAN_POINT('',(0.105128887296,-6.3821052912E-02,0.));
#4980 = CARTESIAN_POINT('',(9.8902665423E-02,-6.6828203016E-02,
    9.9999E-04));
#4981 = CARTESIAN_POINT('',(9.8902665423E-02,-6.6828203016E-02,0.));
#4982 = CARTESIAN_POINT('',(9.2294127698E-02,-6.9153144805E-02,
    9.9999E-04));
#4983 = CARTESIAN_POINT('',(9.2294127698E-02,-6.9153144805E-02,0.));
#4984 = CARTESIAN_POINT('',(8.5290903669E-02,-7.0783010536E-02,
    9.9999E-04));
#4985 = CARTESIAN_POINT('',(8.5290903669E-02,-7.0783010536E-02,0.));
#4986 = CARTESIAN_POINT('',(7.7926496097E-02,-7.1792514302E-02,
    9.9999E-04));
#4987 = CARTESIAN_POINT('',(7.7926496097E-02,-7.1792514302E-02,0.));
#4988 = CARTESIAN_POINT('',(7.2882631371E-02,-7.1922510114E-02,
    9.9999E-04));
#4989 = CARTESIAN_POINT('',(7.2882631371E-02,-7.1922510114E-02,0.));
#4990 = CARTESIAN_POINT('',(7.0313322063E-02,-7.1988729069E-02,
    9.9999E-04));
#4991 = CARTESIAN_POINT('',(7.0313322063E-02,-7.1988729069E-02,0.));
#4992 = ADVANCED_FACE('',(#4993),#5012,.T.);
#4993 = FACE_BOUND('',#4994,.T.);
#4994 = EDGE_LOOP('',(#4995,#4996,#4997,#5011));
#4995 = ORIENTED_EDGE('',*,*,#2306,.F.);
#4996 = ORIENTED_EDGE('',*,*,#4948,.F.);
#4997 = ORIENTED_EDGE('',*,*,#4998,.T.);
#4998 = EDGE_CURVE('',#4925,#4497,#4999,.T.);
#4999 = B_SPLINE_CURVE_WITH_KNOTS('',3,(#5000,#5001,#5002,#5003,#5004,
    #5005,#5006,#5007,#5008,#5009,#5010),.UNSPECIFIED.,.F.,.F.,(4,1,1,1,
    1,1,1,1,4),(0.,0.135294604763,0.266765657924,0.394816018835,
    0.520051654434,0.64217570297,0.762651820558,0.88183400438,1.),
  .UNSPECIFIED.);
#5000 = CARTESIAN_POINT('',(7.0313322063E-02,-7.1988729069E-02,
    9.9999E-04));
#5001 = CARTESIAN_POINT('',(6.7898262101E-02,-7.1957021276E-02,
    9.9999E-04));
#5002 = CARTESIAN_POINT('',(6.3136394021E-02,-7.1894501783E-02,
    9.9999E-04));
#5003 = CARTESIAN_POINT('',(5.6114087877E-02,-7.1252913209E-02,
    9.9999E-04));
#5004 = CARTESIAN_POINT('',(4.931211014E-02,-7.0287279002E-02,9.9999E-04
    ));
#5005 = CARTESIAN_POINT('',(4.2760025491E-02,-6.8865950272E-02,
    9.9999E-04));
#5006 = CARTESIAN_POINT('',(3.6435369943E-02,-6.7086767494E-02,
    9.9999E-04));
#5007 = CARTESIAN_POINT('',(3.037399996E-02,-6.4851977621E-02,9.9999E-04
    ));
#5008 = CARTESIAN_POINT('',(2.4511146898E-02,-6.2299385469E-02,
    9.9999E-04));
#5009 = CARTESIAN_POINT('',(2.0818441579E-02,-6.0219479549E-02,
    9.9999E-04));
#5010 = CARTESIAN_POINT('',(1.8979993938E-02,-5.9183979068E-02,
    9.9999E-04));
#5011 = ORIENTED_EDGE('',*,*,#4496,.T.);
#5012 = B_SPLINE_SURFACE_WITH_KNOTS('',3,1,(
    (#5013,#5014)
    ,(#5015,#5016)
    ,(#5017,#5018)
    ,(#5019,#5020)
    ,(#5021,#5022)
    ,(#5023,#5024)
    ,(#5025,#5026)
    ,(#5027,#5028)
    ,(#5029,#5030)
    ,(#5031,#5032)
    ,(#5033,#5034
  )),.UNSPECIFIED.,.F.,.F.,.F.,(4,1,1,1,1,1,1,1,4),(2,2),(0.,
    0.135294604763,0.266765657924,0.394816018835,0.520051654434,
    0.64217570297,0.762651820558,0.88183400438,1.),(0.,1.),
  .UNSPECIFIED.);
#5013 = CARTESIAN_POINT('',(7.0313322063E-02,-7.1988729069E-02,
    9.9999E-04));
#5014 = CARTESIAN_POINT('',(7.0313322063E-02,-7.1988729069E-02,0.));
#5015 = CARTESIAN_POINT('',(6.7898262101E-02,-7.1957021276E-02,
    9.9999E-04));
#5016 = CARTESIAN_POINT('',(6.7898262101E-02,-7.1957021276E-02,0.));
#5017 = CARTESIAN_POINT('',(6.3136394021E-02,-7.1894501783E-02,
    9.9999E-04));
#5018 = CARTESIAN_POINT('',(6.3136394021E-02,-7.1894501783E-02,0.));
#5019 = CARTESIAN_POINT('',(5.6114087877E-02,-7.1252913209E-02,
    9.9999E-04));
#5020 = CARTESIAN_POINT('',(5.6114087877E-02,-7.1252913209E-02,0.));
#5021 = CARTESIAN_POINT('',(4.931211014E-02,-7.0287279002E-02,9.9999E-04
    ));
#5022 = CARTESIAN_POINT('',(4.931211014E-02,-7.0287279002E-02,0.));
#5023 = CARTESIAN_POINT('',(4.2760025491E-02,-6.8865950272E-02,
    9.9999E-04));
#5024 = CARTESIAN_POINT('',(4.2760025491E-02,-6.8865950272E-02,0.));
#5025 = CARTESIAN_POINT('',(3.6435369943E-02,-6.7086767494E-02,
    9.9999E-04));
#5026 = CARTESIAN_POINT('',(3.6435369943E-02,-6.7086767494E-02,0.));
#5027 = CARTESIAN_POINT('',(3.037399996E-02,-6.4851977621E-02,9.9999E-04
    ));
#5028 = CARTESIAN_POINT('',(3.037399996E-02,-6.4851977621E-02,0.));
#5029 = CARTESIAN_POINT('',(2.4511146898E-02,-6.2299385469E-02,
    9.9999E-04));
#5030 = CARTESIAN_POINT('',(2.4511146898E-02,-6.2299385469E-02,0.));
#5031 = CARTESIAN_POINT('',(2.0818441579E-02,-6.0219479549E-02,
    9.9999E-04));
#5032 = CARTESIAN_POINT('',(2.0818441579E-02,-6.0219479549E-02,0.));
#5033 = CARTESIAN_POINT('',(1.8979993938E-02,-5.9183979068E-02,
    9.9999E-04));
#5034 = CARTESIAN_POINT('',(1.8979993938E-02,-5.9183979068E-02,0.));
#5035 = ADVANCED_FACE('',(#5036),#5048,.T.);
#5036 = FACE_BOUND('',#5037,.T.);
#5037 = EDGE_LOOP('',(#5038,#5039,#5040,#5041,#5042,#5043,#5044,#5045,
    #5046,#5047));
#5038 = ORIENTED_EDGE('',*,*,#4504,.F.);
#5039 = ORIENTED_EDGE('',*,*,#4998,.F.);
#5040 = ORIENTED_EDGE('',*,*,#4924,.F.);
#5041 = ORIENTED_EDGE('',*,*,#4850,.F.);
#5042 = ORIENTED_EDGE('',*,*,#4800,.F.);
#5043 = ORIENTED_EDGE('',*,*,#4776,.F.);
#5044 = ORIENTED_EDGE('',*,*,#4726,.F.);
#5045 = ORIENTED_EDGE('',*,*,#4652,.F.);
#5046 = ORIENTED_EDGE('',*,*,#4578,.F.);
#5047 = ORIENTED_EDGE('',*,*,#4528,.F.);
#5048 = PLANE('',#5049);
#5049 = AXIS2_PLACEMENT_3D('',#5050,#5051,#5052);
#5050 = CARTESIAN_POINT('',(4.5617336279E-02,-9.1165223525E-02,
    9.9999E-04));
#5051 = DIRECTION('',(0.,0.,-1.));
#5052 = DIRECTION('',(-1.,0.,0.));
#5053 = ADVANCED_FACE('',(#5054),#5079,.T.);
#5054 = FACE_BOUND('',#5055,.T.);
#5055 = EDGE_LOOP('',(#5056,#5057,#5065,#5073));
#5056 = ORIENTED_EDGE('',*,*,#2617,.F.);
#5057 = ORIENTED_EDGE('',*,*,#5058,.F.);
#5058 = EDGE_CURVE('',#5059,#2618,#5061,.T.);
#5059 = VERTEX_POINT('',#5060);
#5060 = CARTESIAN_POINT('',(0.184831993938,-6.9549729069E-02,9.9999E-04)
  );
#5061 = LINE('',#5062,#5063);
#5062 = CARTESIAN_POINT('',(0.184831993938,-6.9549729069E-02,9.9999E-04)
  );
#5063 = VECTOR('',#5064,1.);
#5064 = DIRECTION('',(0.,0.,-1.));
#5065 = ORIENTED_EDGE('',*,*,#5066,.T.);
#5066 = EDGE_CURVE('',#5059,#5067,#5069,.T.);
#5067 = VERTEX_POINT('',#5068);
#5068 = CARTESIAN_POINT('',(0.184831993938,-9.1500729069E-02,9.9999E-04)
  );
#5069 = LINE('',#5070,#5071);
#5070 = CARTESIAN_POINT('',(0.184831993938,-6.9549729069E-02,9.9999E-04)
  );
#5071 = VECTOR('',#5072,1.);
#5072 = DIRECTION('',(0.,-1.,0.));
#5073 = ORIENTED_EDGE('',*,*,#5074,.T.);
#5074 = EDGE_CURVE('',#5067,#2620,#5075,.T.);
#5075 = LINE('',#5076,#5077);
#5076 = CARTESIAN_POINT('',(0.184831993938,-9.1500729069E-02,9.9999E-04)
  );
#5077 = VECTOR('',#5078,1.);
#5078 = DIRECTION('',(0.,0.,-1.));
#5079 = PLANE('',#5080);
#5080 = AXIS2_PLACEMENT_3D('',#5081,#5082,#5083);
#5081 = CARTESIAN_POINT('',(0.184831993938,-6.9549729069E-02,9.9999E-04)
  );
#5082 = DIRECTION('',(1.,0.,0.));
#5083 = DIRECTION('',(0.,0.,-1.));
#5084 = ADVANCED_FACE('',(#5085),#5103,.T.);
#5085 = FACE_BOUND('',#5086,.T.);
#5086 = EDGE_LOOP('',(#5087,#5088,#5089,#5097));
#5087 = ORIENTED_EDGE('',*,*,#2627,.F.);
#5088 = ORIENTED_EDGE('',*,*,#5074,.F.);
#5089 = ORIENTED_EDGE('',*,*,#5090,.T.);
#5090 = EDGE_CURVE('',#5067,#5091,#5093,.T.);
#5091 = VERTEX_POINT('',#5092);
#5092 = CARTESIAN_POINT('',(0.287269993937,-9.1500729069E-02,9.9999E-04)
  );
#5093 = LINE('',#5094,#5095);
#5094 = CARTESIAN_POINT('',(0.184831993938,-9.1500729069E-02,9.9999E-04)
  );
#5095 = VECTOR('',#5096,1.);
#5096 = DIRECTION('',(1.,0.,0.));
#5097 = ORIENTED_EDGE('',*,*,#5098,.T.);
#5098 = EDGE_CURVE('',#5091,#2628,#5099,.T.);
#5099 = LINE('',#5100,#5101);
#5100 = CARTESIAN_POINT('',(0.287269993937,-9.1500729069E-02,9.9999E-04)
  );
#5101 = VECTOR('',#5102,1.);
#5102 = DIRECTION('',(0.,0.,-1.));
#5103 = PLANE('',#5104);
#5104 = AXIS2_PLACEMENT_3D('',#5105,#5106,#5107);
#5105 = CARTESIAN_POINT('',(0.184831993938,-9.1500729069E-02,9.9999E-04)
  );
#5106 = DIRECTION('',(0.,1.,0.));
#5107 = DIRECTION('',(0.,-0.,1.));
#5108 = ADVANCED_FACE('',(#5109),#5127,.T.);
#5109 = FACE_BOUND('',#5110,.T.);
#5110 = EDGE_LOOP('',(#5111,#5112,#5113,#5121));
#5111 = ORIENTED_EDGE('',*,*,#2635,.F.);
#5112 = ORIENTED_EDGE('',*,*,#5098,.F.);
#5113 = ORIENTED_EDGE('',*,*,#5114,.T.);
#5114 = EDGE_CURVE('',#5091,#5115,#5117,.T.);
#5115 = VERTEX_POINT('',#5116);
#5116 = CARTESIAN_POINT('',(0.287269993937,0.10849727093,9.9999E-04));
#5117 = LINE('',#5118,#5119);
#5118 = CARTESIAN_POINT('',(0.287269993937,-9.1500729069E-02,9.9999E-04)
  );
#5119 = VECTOR('',#5120,1.);
#5120 = DIRECTION('',(0.,1.,0.));
#5121 = ORIENTED_EDGE('',*,*,#5122,.T.);
#5122 = EDGE_CURVE('',#5115,#2636,#5123,.T.);
#5123 = LINE('',#5124,#5125);
#5124 = CARTESIAN_POINT('',(0.287269993937,0.10849727093,9.9999E-04));
#5125 = VECTOR('',#5126,1.);
#5126 = DIRECTION('',(0.,0.,-1.));
#5127 = PLANE('',#5128);
#5128 = AXIS2_PLACEMENT_3D('',#5129,#5130,#5131);
#5129 = CARTESIAN_POINT('',(0.287269993937,-9.1500729069E-02,9.9999E-04)
  );
#5130 = DIRECTION('',(-1.,0.,0.));
#5131 = DIRECTION('',(0.,0.,1.));
#5132 = ADVANCED_FACE('',(#5133),#5151,.T.);
#5133 = FACE_BOUND('',#5134,.T.);
#5134 = EDGE_LOOP('',(#5135,#5136,#5137,#5145));
#5135 = ORIENTED_EDGE('',*,*,#2643,.F.);
#5136 = ORIENTED_EDGE('',*,*,#5122,.F.);
#5137 = ORIENTED_EDGE('',*,*,#5138,.T.);
#5138 = EDGE_CURVE('',#5115,#5139,#5141,.T.);
#5139 = VERTEX_POINT('',#5140);
#5140 = CARTESIAN_POINT('',(0.260440993938,0.10849727093,9.9999E-04));
#5141 = LINE('',#5142,#5143);
#5142 = CARTESIAN_POINT('',(0.287269993937,0.10849727093,9.9999E-04));
#5143 = VECTOR('',#5144,1.);
#5144 = DIRECTION('',(-1.,0.,0.));
#5145 = ORIENTED_EDGE('',*,*,#5146,.T.);
#5146 = EDGE_CURVE('',#5139,#2644,#5147,.T.);
#5147 = LINE('',#5148,#5149);
#5148 = CARTESIAN_POINT('',(0.260440993938,0.10849727093,9.9999E-04));
#5149 = VECTOR('',#5150,1.);
#5150 = DIRECTION('',(0.,0.,-1.));
#5151 = PLANE('',#5152);
#5152 = AXIS2_PLACEMENT_3D('',#5153,#5154,#5155);
#5153 = CARTESIAN_POINT('',(0.287269993937,0.10849727093,9.9999E-04));
#5154 = DIRECTION('',(0.,-1.,0.));
#5155 = DIRECTION('',(0.,0.,-1.));
#5156 = ADVANCED_FACE('',(#5157),#5175,.T.);
#5157 = FACE_BOUND('',#5158,.T.);
#5158 = EDGE_LOOP('',(#5159,#5160,#5161,#5169));
#5159 = ORIENTED_EDGE('',*,*,#2651,.F.);
#5160 = ORIENTED_EDGE('',*,*,#5146,.F.);
#5161 = ORIENTED_EDGE('',*,*,#5162,.T.);
#5162 = EDGE_CURVE('',#5139,#5163,#5165,.T.);
#5163 = VERTEX_POINT('',#5164);
#5164 = CARTESIAN_POINT('',(0.260440993938,-6.9549729069E-02,9.9999E-04)
  );
#5165 = LINE('',#5166,#5167);
#5166 = CARTESIAN_POINT('',(0.260440993938,0.10849727093,9.9999E-04));
#5167 = VECTOR('',#5168,1.);
#5168 = DIRECTION('',(0.,-1.,0.));
#5169 = ORIENTED_EDGE('',*,*,#5170,.T.);
#5170 = EDGE_CURVE('',#5163,#2652,#5171,.T.);
#5171 = LINE('',#5172,#5173);
#5172 = CARTESIAN_POINT('',(0.260440993938,-6.9549729069E-02,9.9999E-04)
  );
#5173 = VECTOR('',#5174,1.);
#5174 = DIRECTION('',(0.,0.,-1.));
#5175 = PLANE('',#5176);
#5176 = AXIS2_PLACEMENT_3D('',#5177,#5178,#5179);
#5177 = CARTESIAN_POINT('',(0.260440993938,0.10849727093,9.9999E-04));
#5178 = DIRECTION('',(1.,0.,0.));
#5179 = DIRECTION('',(0.,0.,-1.));
#5180 = ADVANCED_FACE('',(#5181),#5192,.T.);
#5181 = FACE_BOUND('',#5182,.T.);
#5182 = EDGE_LOOP('',(#5183,#5184,#5185,#5191));
#5183 = ORIENTED_EDGE('',*,*,#2659,.F.);
#5184 = ORIENTED_EDGE('',*,*,#5170,.F.);
#5185 = ORIENTED_EDGE('',*,*,#5186,.T.);
#5186 = EDGE_CURVE('',#5163,#5059,#5187,.T.);
#5187 = LINE('',#5188,#5189);
#5188 = CARTESIAN_POINT('',(0.260440993938,-6.9549729069E-02,9.9999E-04)
  );
#5189 = VECTOR('',#5190,1.);
#5190 = DIRECTION('',(-1.,0.,0.));
#5191 = ORIENTED_EDGE('',*,*,#5058,.T.);
#5192 = PLANE('',#5193);
#5193 = AXIS2_PLACEMENT_3D('',#5194,#5195,#5196);
#5194 = CARTESIAN_POINT('',(0.260440993938,-6.9549729069E-02,9.9999E-04)
  );
#5195 = DIRECTION('',(0.,-1.,0.));
#5196 = DIRECTION('',(0.,0.,-1.));
#5197 = ADVANCED_FACE('',(#5198),#5206,.F.);
#5198 = FACE_BOUND('',#5199,.T.);
#5199 = EDGE_LOOP('',(#5200,#5201,#5202,#5203,#5204,#5205));
#5200 = ORIENTED_EDGE('',*,*,#5066,.F.);
#5201 = ORIENTED_EDGE('',*,*,#5186,.F.);
#5202 = ORIENTED_EDGE('',*,*,#5162,.F.);
#5203 = ORIENTED_EDGE('',*,*,#5138,.F.);
#5204 = ORIENTED_EDGE('',*,*,#5114,.F.);
#5205 = ORIENTED_EDGE('',*,*,#5090,.F.);
#5206 = PLANE('',#5207);
#5207 = AXIS2_PLACEMENT_3D('',#5208,#5209,#5210);
#5208 = CARTESIAN_POINT('',(0.,0.,9.9999E-04));
#5209 = DIRECTION('',(0.,0.,1.));
#5210 = DIRECTION('',(1.,0.,-0.));
#5211 = ADVANCED_FACE('',(#5212),#5220,.F.);
#5212 = FACE_BOUND('',#5213,.T.);
#5213 = EDGE_LOOP('',(#5214,#5215,#5216,#5217,#5218,#5219));
#5214 = ORIENTED_EDGE('',*,*,#3488,.T.);
#5215 = ORIENTED_EDGE('',*,*,#3643,.T.);
#5216 = ORIENTED_EDGE('',*,*,#3605,.T.);
#5217 = ORIENTED_EDGE('',*,*,#3581,.T.);
#5218 = ORIENTED_EDGE('',*,*,#3543,.T.);
#5219 = ORIENTED_EDGE('',*,*,#3519,.T.);
#5220 = PLANE('',#5221);
#5221 = AXIS2_PLACEMENT_3D('',#5222,#5223,#5224);
#5222 = CARTESIAN_POINT('',(0.,0.,0.));
#5223 = DIRECTION('',(0.,0.,1.));
#5224 = DIRECTION('',(1.,0.,-0.));
#5225 = ADVANCED_FACE('',(#5226),#5233,.F.);
#5226 = FACE_BOUND('',#5227,.T.);
#5227 = EDGE_LOOP('',(#5228,#5229,#5230,#5231,#5232));
#5228 = ORIENTED_EDGE('',*,*,#3967,.T.);
#5229 = ORIENTED_EDGE('',*,*,#4170,.T.);
#5230 = ORIENTED_EDGE('',*,*,#4146,.T.);
#5231 = ORIENTED_EDGE('',*,*,#4072,.T.);
#5232 = ORIENTED_EDGE('',*,*,#3998,.T.);
#5233 = PLANE('',#5234);
#5234 = AXIS2_PLACEMENT_3D('',#5235,#5236,#5237);
#5235 = CARTESIAN_POINT('',(0.,0.,0.));
#5236 = DIRECTION('',(0.,0.,1.));
#5237 = DIRECTION('',(1.,0.,-0.));
#5238 = ADVANCED_FACE('',(#5239),#5264,.F.);
#5239 = FACE_BOUND('',#5240,.T.);
#5240 = EDGE_LOOP('',(#5241,#5242,#5250,#5258));
#5241 = ORIENTED_EDGE('',*,*,#2114,.T.);
#5242 = ORIENTED_EDGE('',*,*,#5243,.F.);
#5243 = EDGE_CURVE('',#5244,#2105,#5246,.T.);
#5244 = VERTEX_POINT('',#5245);
#5245 = CARTESIAN_POINT('',(0.149998499999,0.149998499999,0.3799962));
#5246 = LINE('',#5247,#5248);
#5247 = CARTESIAN_POINT('',(0.149998499999,0.149998499999,0.3799962));
#5248 = VECTOR('',#5249,1.);
#5249 = DIRECTION('',(0.,0.,-1.));
#5250 = ORIENTED_EDGE('',*,*,#5251,.F.);
#5251 = EDGE_CURVE('',#5252,#5244,#5254,.T.);
#5252 = VERTEX_POINT('',#5253);
#5253 = CARTESIAN_POINT('',(0.1499985,-0.1499985,0.3799962));
#5254 = LINE('',#5255,#5256);
#5255 = CARTESIAN_POINT('',(0.149998499999,0.149998499999,0.3799962));
#5256 = VECTOR('',#5257,1.);
#5257 = DIRECTION('',(-1.807003620809E-16,1.,0.));
#5258 = ORIENTED_EDGE('',*,*,#5259,.T.);
#5259 = EDGE_CURVE('',#5252,#2115,#5260,.T.);
#5260 = LINE('',#5261,#5262);
#5261 = CARTESIAN_POINT('',(0.1499985,-0.1499985,0.3799962));
#5262 = VECTOR('',#5263,1.);
#5263 = DIRECTION('',(0.,0.,-1.));
#5264 = PLANE('',#5265);
#5265 = AXIS2_PLACEMENT_3D('',#5266,#5267,#5268);
#5266 = CARTESIAN_POINT('',(0.149998499999,0.149998499999,0.3799962));
#5267 = DIRECTION('',(-1.,-1.807003620809E-16,0.));
#5268 = DIRECTION('',(1.807003620809E-16,-1.,0.));
#5269 = ADVANCED_FACE('',(#5270),#5288,.F.);
#5270 = FACE_BOUND('',#5271,.T.);
#5271 = EDGE_LOOP('',(#5272,#5273,#5281,#5287));
#5272 = ORIENTED_EDGE('',*,*,#2104,.T.);
#5273 = ORIENTED_EDGE('',*,*,#5274,.F.);
#5274 = EDGE_CURVE('',#5275,#2107,#5277,.T.);
#5275 = VERTEX_POINT('',#5276);
#5276 = CARTESIAN_POINT('',(-0.1499985,0.149998499999,0.3799962));
#5277 = LINE('',#5278,#5279);
#5278 = CARTESIAN_POINT('',(-0.1499985,0.149998499999,0.3799962));
#5279 = VECTOR('',#5280,1.);
#5280 = DIRECTION('',(0.,0.,-1.));
#5281 = ORIENTED_EDGE('',*,*,#5282,.F.);
#5282 = EDGE_CURVE('',#5244,#5275,#5283,.T.);
#5283 = LINE('',#5284,#5285);
#5284 = CARTESIAN_POINT('',(-0.1499985,0.149998499999,0.3799962));
#5285 = VECTOR('',#5286,1.);
#5286 = DIRECTION('',(-1.,0.,0.));
#5287 = ORIENTED_EDGE('',*,*,#5243,.T.);
#5288 = PLANE('',#5289);
#5289 = AXIS2_PLACEMENT_3D('',#5290,#5291,#5292);
#5290 = CARTESIAN_POINT('',(-0.1499985,0.149998499999,0.3799962));
#5291 = DIRECTION('',(0.,-1.,0.));
#5292 = DIRECTION('',(0.,0.,-1.));
#5293 = ADVANCED_FACE('',(#5294),#5312,.F.);
#5294 = FACE_BOUND('',#5295,.T.);
#5295 = EDGE_LOOP('',(#5296,#5297,#5305,#5311));
#5296 = ORIENTED_EDGE('',*,*,#2130,.T.);
#5297 = ORIENTED_EDGE('',*,*,#5298,.F.);
#5298 = EDGE_CURVE('',#5299,#2123,#5301,.T.);
#5299 = VERTEX_POINT('',#5300);
#5300 = CARTESIAN_POINT('',(-0.149998499999,-0.1499985,0.3799962));
#5301 = LINE('',#5302,#5303);
#5302 = CARTESIAN_POINT('',(-0.149998499999,-0.1499985,0.3799962));
#5303 = VECTOR('',#5304,1.);
#5304 = DIRECTION('',(0.,0.,-1.));
#5305 = ORIENTED_EDGE('',*,*,#5306,.F.);
#5306 = EDGE_CURVE('',#5275,#5299,#5307,.T.);
#5307 = LINE('',#5308,#5309);
#5308 = CARTESIAN_POINT('',(-0.1499985,0.149998499999,0.3799962));
#5309 = VECTOR('',#5310,1.);
#5310 = DIRECTION('',(9.035018104045E-17,-1.,0.));
#5311 = ORIENTED_EDGE('',*,*,#5274,.T.);
#5312 = PLANE('',#5313);
#5313 = AXIS2_PLACEMENT_3D('',#5314,#5315,#5316);
#5314 = CARTESIAN_POINT('',(-0.1499985,0.149998499999,0.3799962));
#5315 = DIRECTION('',(1.,9.035018104045E-17,0.));
#5316 = DIRECTION('',(-9.035018104045E-17,1.,0.));
#5317 = ADVANCED_FACE('',(#5318),#5329,.F.);
#5318 = FACE_BOUND('',#5319,.T.);
#5319 = EDGE_LOOP('',(#5320,#5321,#5322,#5328));
#5320 = ORIENTED_EDGE('',*,*,#2122,.T.);
#5321 = ORIENTED_EDGE('',*,*,#5259,.F.);
#5322 = ORIENTED_EDGE('',*,*,#5323,.F.);
#5323 = EDGE_CURVE('',#5299,#5252,#5324,.T.);
#5324 = LINE('',#5325,#5326);
#5325 = CARTESIAN_POINT('',(-0.149998499999,-0.1499985,0.3799962));
#5326 = VECTOR('',#5327,1.);
#5327 = DIRECTION('',(1.,0.,0.));
#5328 = ORIENTED_EDGE('',*,*,#5298,.T.);
#5329 = PLANE('',#5330);
#5330 = AXIS2_PLACEMENT_3D('',#5331,#5332,#5333);
#5331 = CARTESIAN_POINT('',(-0.149998499999,-0.1499985,0.3799962));
#5332 = DIRECTION('',(0.,1.,0.));
#5333 = DIRECTION('',(0.,-0.,1.));
#5334 = ADVANCED_FACE('',(#5335),#5341,.T.);
#5335 = FACE_BOUND('',#5336,.T.);
#5336 = EDGE_LOOP('',(#5337,#5338,#5339,#5340));
#5337 = ORIENTED_EDGE('',*,*,#5251,.T.);
#5338 = ORIENTED_EDGE('',*,*,#5282,.T.);
#5339 = ORIENTED_EDGE('',*,*,#5306,.T.);
#5340 = ORIENTED_EDGE('',*,*,#5323,.T.);
#5341 = PLANE('',#5342);
#5342 = AXIS2_PLACEMENT_3D('',#5343,#5344,#5345);
#5343 = CARTESIAN_POINT('',(0.,0.,0.3799962));
#5344 = DIRECTION('',(0.,0.,1.));
#5345 = DIRECTION('',(1.,0.,-0.));
#5346 = ADVANCED_FACE('',(#5347),#5372,.F.);
#5347 = FACE_BOUND('',#5348,.T.);
#5348 = EDGE_LOOP('',(#5349,#5350,#5358,#5366));
#5349 = ORIENTED_EDGE('',*,*,#1088,.T.);
#5350 = ORIENTED_EDGE('',*,*,#5351,.F.);
#5351 = EDGE_CURVE('',#5352,#1091,#5354,.T.);
#5352 = VERTEX_POINT('',#5353);
#5353 = CARTESIAN_POINT('',(-1.5501224335E-02,0.4099959,0.114512631337)
  );
#5354 = LINE('',#5355,#5356);
#5355 = CARTESIAN_POINT('',(-1.5501224335E-02,0.4099959,0.114512631337)
  );
#5356 = VECTOR('',#5357,1.);
#5357 = DIRECTION('',(0.,-1.,0.));
#5358 = ORIENTED_EDGE('',*,*,#5359,.F.);
#5359 = EDGE_CURVE('',#5360,#5352,#5362,.T.);
#5360 = VERTEX_POINT('',#5361);
#5361 = CARTESIAN_POINT('',(-1.5501224335E-02,0.4099959,0.109875357404)
  );
#5362 = LINE('',#5363,#5364);
#5363 = CARTESIAN_POINT('',(-1.5501224335E-02,0.4099959,0.114512631337)
  );
#5364 = VECTOR('',#5365,1.);
#5365 = DIRECTION('',(1.168996425484E-14,0.,1.));
#5366 = ORIENTED_EDGE('',*,*,#5367,.T.);
#5367 = EDGE_CURVE('',#5360,#1089,#5368,.T.);
#5368 = LINE('',#5369,#5370);
#5369 = CARTESIAN_POINT('',(-1.5501224335E-02,0.4099959,0.109875357404)
  );
#5370 = VECTOR('',#5371,1.);
#5371 = DIRECTION('',(0.,-1.,0.));
#5372 = PLANE('',#5373);
#5373 = AXIS2_PLACEMENT_3D('',#5374,#5375,#5376);
#5374 = CARTESIAN_POINT('',(-1.5501224335E-02,0.4099959,0.114512631337)
  );
#5375 = DIRECTION('',(1.,0.,-1.168996425484E-14));
#5376 = DIRECTION('',(-1.168996425484E-14,0.,-1.));
#5377 = ADVANCED_FACE('',(#5378),#5396,.F.);
#5378 = FACE_BOUND('',#5379,.T.);
#5379 = EDGE_LOOP('',(#5380,#5381,#5389,#5395));
#5380 = ORIENTED_EDGE('',*,*,#1130,.T.);
#5381 = ORIENTED_EDGE('',*,*,#5382,.F.);
#5382 = EDGE_CURVE('',#5383,#1123,#5385,.T.);
#5383 = VERTEX_POINT('',#5384);
#5384 = CARTESIAN_POINT('',(6.980420055101E-04,0.4099959,0.114512631337)
  );
#5385 = LINE('',#5386,#5387);
#5386 = CARTESIAN_POINT('',(6.980420055101E-04,0.4099959,0.114512631337)
  );
#5387 = VECTOR('',#5388,1.);
#5388 = DIRECTION('',(0.,-1.,0.));
#5389 = ORIENTED_EDGE('',*,*,#5390,.F.);
#5390 = EDGE_CURVE('',#5352,#5383,#5391,.T.);
#5391 = LINE('',#5392,#5393);
#5392 = CARTESIAN_POINT('',(6.980420055101E-04,0.4099959,0.114512631337)
  );
#5393 = VECTOR('',#5394,1.);
#5394 = DIRECTION('',(1.,0.,-6.692842179213E-15));
#5395 = ORIENTED_EDGE('',*,*,#5351,.T.);
#5396 = PLANE('',#5397);
#5397 = AXIS2_PLACEMENT_3D('',#5398,#5399,#5400);
#5398 = CARTESIAN_POINT('',(6.980420055101E-04,0.4099959,0.114512631337)
  );
#5399 = DIRECTION('',(-6.692842179213E-15,0.,-1.));
#5400 = DIRECTION('',(-1.,0.,6.692842179213E-15));
#5401 = ADVANCED_FACE('',(#5402),#5420,.F.);
#5402 = FACE_BOUND('',#5403,.T.);
#5403 = EDGE_LOOP('',(#5404,#5405,#5413,#5419));
#5404 = ORIENTED_EDGE('',*,*,#1122,.T.);
#5405 = ORIENTED_EDGE('',*,*,#5406,.F.);
#5406 = EDGE_CURVE('',#5407,#1115,#5409,.T.);
#5407 = VERTEX_POINT('',#5408);
#5408 = CARTESIAN_POINT('',(6.980420055101E-04,0.4099959,0.150550280337)
  );
#5409 = LINE('',#5410,#5411);
#5410 = CARTESIAN_POINT('',(6.980420055101E-04,0.4099959,0.150550280337)
  );
#5411 = VECTOR('',#5412,1.);
#5412 = DIRECTION('',(0.,-1.,0.));
#5413 = ORIENTED_EDGE('',*,*,#5414,.F.);
#5414 = EDGE_CURVE('',#5383,#5407,#5415,.T.);
#5415 = LINE('',#5416,#5417);
#5416 = CARTESIAN_POINT('',(6.980420055101E-04,0.4099959,0.150550280337)
  );
#5417 = VECTOR('',#5418,1.);
#5418 = DIRECTION('',(6.769116635724E-15,0.,1.));
#5419 = ORIENTED_EDGE('',*,*,#5382,.T.);
#5420 = PLANE('',#5421);
#5421 = AXIS2_PLACEMENT_3D('',#5422,#5423,#5424);
#5422 = CARTESIAN_POINT('',(6.980420055101E-04,0.4099959,0.150550280337)
  );
#5423 = DIRECTION('',(1.,0.,-6.769116635724E-15));
#5424 = DIRECTION('',(-6.769116635724E-15,0.,-1.));
#5425 = ADVANCED_FACE('',(#5426),#5444,.F.);
#5426 = FACE_BOUND('',#5427,.T.);
#5427 = EDGE_LOOP('',(#5428,#5429,#5437,#5443));
#5428 = ORIENTED_EDGE('',*,*,#1114,.T.);
#5429 = ORIENTED_EDGE('',*,*,#5430,.F.);
#5430 = EDGE_CURVE('',#5431,#1107,#5433,.T.);
#5431 = VERTEX_POINT('',#5432);
#5432 = CARTESIAN_POINT('',(5.948766975E-03,0.4099959,0.150550280337));
#5433 = LINE('',#5434,#5435);
#5434 = CARTESIAN_POINT('',(5.948766975E-03,0.4099959,0.150550280337));
#5435 = VECTOR('',#5436,1.);
#5436 = DIRECTION('',(0.,-1.,0.));
#5437 = ORIENTED_EDGE('',*,*,#5438,.F.);
#5438 = EDGE_CURVE('',#5407,#5431,#5439,.T.);
#5439 = LINE('',#5440,#5441);
#5440 = CARTESIAN_POINT('',(5.948766975E-03,0.4099959,0.150550280337));
#5441 = VECTOR('',#5442,1.);
#5442 = DIRECTION('',(1.,0.,-5.162103027391E-15));
#5443 = ORIENTED_EDGE('',*,*,#5406,.T.);
#5444 = PLANE('',#5445);
#5445 = AXIS2_PLACEMENT_3D('',#5446,#5447,#5448);
#5446 = CARTESIAN_POINT('',(5.948766975E-03,0.4099959,0.150550280337));
#5447 = DIRECTION('',(-5.162103027391E-15,0.,-1.));
#5448 = DIRECTION('',(-1.,0.,5.162103027391E-15));
#5449 = ADVANCED_FACE('',(#5450),#5468,.F.);
#5450 = FACE_BOUND('',#5451,.T.);
#5451 = EDGE_LOOP('',(#5452,#5453,#5461,#5467));
#5452 = ORIENTED_EDGE('',*,*,#1106,.T.);
#5453 = ORIENTED_EDGE('',*,*,#5454,.F.);
#5454 = EDGE_CURVE('',#5455,#1099,#5457,.T.);
#5455 = VERTEX_POINT('',#5456);
#5456 = CARTESIAN_POINT('',(5.948766975E-03,0.4099959,0.109875357404));
#5457 = LINE('',#5458,#5459);
#5458 = CARTESIAN_POINT('',(5.948766975E-03,0.4099959,0.109875357404));
#5459 = VECTOR('',#5460,1.);
#5460 = DIRECTION('',(0.,-1.,0.));
#5461 = ORIENTED_EDGE('',*,*,#5462,.F.);
#5462 = EDGE_CURVE('',#5431,#5455,#5463,.T.);
#5463 = LINE('',#5464,#5465);
#5464 = CARTESIAN_POINT('',(5.948766975E-03,0.4099959,0.109875357404));
#5465 = VECTOR('',#5466,1.);
#5466 = DIRECTION('',(-7.330133516635E-15,0.,-1.));
#5467 = ORIENTED_EDGE('',*,*,#5430,.T.);
#5468 = PLANE('',#5469);
#5469 = AXIS2_PLACEMENT_3D('',#5470,#5471,#5472);
#5470 = CARTESIAN_POINT('',(5.948766975E-03,0.4099959,0.109875357404));
#5471 = DIRECTION('',(-1.,0.,7.330133516635E-15));
#5472 = DIRECTION('',(7.330133516635E-15,0.,1.));
#5473 = ADVANCED_FACE('',(#5474),#5485,.F.);
#5474 = FACE_BOUND('',#5475,.T.);
#5475 = EDGE_LOOP('',(#5476,#5477,#5478,#5484));
#5476 = ORIENTED_EDGE('',*,*,#1098,.T.);
#5477 = ORIENTED_EDGE('',*,*,#5367,.F.);
#5478 = ORIENTED_EDGE('',*,*,#5479,.F.);
#5479 = EDGE_CURVE('',#5455,#5360,#5480,.T.);
#5480 = LINE('',#5481,#5482);
#5481 = CARTESIAN_POINT('',(-1.5501224335E-02,0.4099959,0.109875357404)
  );
#5482 = VECTOR('',#5483,1.);
#5483 = DIRECTION('',(-1.,0.,7.581760626691E-15));
#5484 = ORIENTED_EDGE('',*,*,#5454,.T.);
#5485 = PLANE('',#5486);
#5486 = AXIS2_PLACEMENT_3D('',#5487,#5488,#5489);
#5487 = CARTESIAN_POINT('',(-1.5501224335E-02,0.4099959,0.109875357404)
  );
#5488 = DIRECTION('',(7.581760626691E-15,0.,1.));
#5489 = DIRECTION('',(1.,0.,-7.581760626691E-15));
#5490 = ADVANCED_FACE('',(#5491),#5499,.F.);
#5491 = FACE_BOUND('',#5492,.T.);
#5492 = EDGE_LOOP('',(#5493,#5494,#5495,#5496,#5497,#5498));
#5493 = ORIENTED_EDGE('',*,*,#5359,.T.);
#5494 = ORIENTED_EDGE('',*,*,#5390,.T.);
#5495 = ORIENTED_EDGE('',*,*,#5414,.T.);
#5496 = ORIENTED_EDGE('',*,*,#5438,.T.);
#5497 = ORIENTED_EDGE('',*,*,#5462,.T.);
#5498 = ORIENTED_EDGE('',*,*,#5479,.T.);
#5499 = PLANE('',#5500);
#5500 = AXIS2_PLACEMENT_3D('',#5501,#5502,#5503);
#5501 = CARTESIAN_POINT('',(0.,0.4099959,0.));
#5502 = DIRECTION('',(0.,-1.,0.));
#5503 = DIRECTION('',(0.,0.,-1.));
#5504 = ADVANCED_FACE('',(#5505),#5531,.F.);
#5505 = FACE_BOUND('',#5506,.F.);
#5506 = EDGE_LOOP('',(#5507,#5515,#5524,#5530));
#5507 = ORIENTED_EDGE('',*,*,#5508,.F.);
#5508 = EDGE_CURVE('',#5509,#929,#5511,.T.);
#5509 = VERTEX_POINT('',#5510);
#5510 = CARTESIAN_POINT('',(-3.6358559562E-02,0.4099959,0.109189124042)
  );
#5511 = LINE('',#5512,#5513);
#5512 = CARTESIAN_POINT('',(-3.6358559562E-02,0.4099959,0.109189124042)
  );
#5513 = VECTOR('',#5514,1.);
#5514 = DIRECTION('',(0.,-1.,0.));
#5515 = ORIENTED_EDGE('',*,*,#5516,.T.);
#5516 = EDGE_CURVE('',#5509,#5517,#5519,.T.);
#5517 = VERTEX_POINT('',#5518);
#5518 = CARTESIAN_POINT('',(-4.7619025189E-02,0.4099959,0.111559748384)
  );
#5519 = B_SPLINE_CURVE_WITH_KNOTS('',3,(#5520,#5521,#5522,#5523),
  .UNSPECIFIED.,.F.,.F.,(4,4),(0.,1.),.PIECEWISE_BEZIER_KNOTS.);
#5520 = CARTESIAN_POINT('',(-3.6358559562E-02,0.4099959,0.109189124042)
  );
#5521 = CARTESIAN_POINT('',(-4.0871063792E-02,0.4099959,0.109189124042)
  );
#5522 = CARTESIAN_POINT('',(-4.4624552335E-02,0.4099959,0.109979332156)
  );
#5523 = CARTESIAN_POINT('',(-4.7619025189E-02,0.4099959,0.111559748384)
  );
#5524 = ORIENTED_EDGE('',*,*,#5525,.T.);
#5525 = EDGE_CURVE('',#5517,#931,#5526,.T.);
#5526 = LINE('',#5527,#5528);
#5527 = CARTESIAN_POINT('',(-4.7619025189E-02,0.4099959,0.111559748384)
  );
#5528 = VECTOR('',#5529,1.);
#5529 = DIRECTION('',(0.,-1.,0.));
#5530 = ORIENTED_EDGE('',*,*,#928,.F.);
#5531 = B_SPLINE_SURFACE_WITH_KNOTS('',3,1,(
    (#5532,#5533)
    ,(#5534,#5535)
    ,(#5536,#5537)
    ,(#5538,#5539
    )),.UNSPECIFIED.,.F.,.F.,.F.,(4,4),(2,2),(0.,1.),(0.,1.),
  .PIECEWISE_BEZIER_KNOTS.);
#5532 = CARTESIAN_POINT('',(-3.6358559562E-02,0.4099959,0.109189124042)
  );
#5533 = CARTESIAN_POINT('',(-3.6358559562E-02,0.399996,0.109189124042));
#5534 = CARTESIAN_POINT('',(-4.0871063792E-02,0.4099959,0.109189124042)
  );
#5535 = CARTESIAN_POINT('',(-4.0871063792E-02,0.399996,0.109189124042));
#5536 = CARTESIAN_POINT('',(-4.4624552335E-02,0.4099959,0.109979332156)
  );
#5537 = CARTESIAN_POINT('',(-4.4624552335E-02,0.399996,0.109979332156));
#5538 = CARTESIAN_POINT('',(-4.7619025189E-02,0.4099959,0.111559748384)
  );
#5539 = CARTESIAN_POINT('',(-4.7619025189E-02,0.399996,0.111559748384));
#5540 = ADVANCED_FACE('',(#5541),#5559,.F.);
#5541 = FACE_BOUND('',#5542,.T.);
#5542 = EDGE_LOOP('',(#5543,#5544,#5552,#5558));
#5543 = ORIENTED_EDGE('',*,*,#1046,.T.);
#5544 = ORIENTED_EDGE('',*,*,#5545,.F.);
#5545 = EDGE_CURVE('',#5546,#1038,#5548,.T.);
#5546 = VERTEX_POINT('',#5547);
#5547 = CARTESIAN_POINT('',(-4.7619025189E-02,0.4099959,0.116592126375)
  );
#5548 = LINE('',#5549,#5550);
#5549 = CARTESIAN_POINT('',(-4.7619025189E-02,0.4099959,0.116592126375)
  );
#5550 = VECTOR('',#5551,1.);
#5551 = DIRECTION('',(0.,-1.,0.));
#5552 = ORIENTED_EDGE('',*,*,#5553,.F.);
#5553 = EDGE_CURVE('',#5517,#5546,#5554,.T.);
#5554 = LINE('',#5555,#5556);
#5555 = CARTESIAN_POINT('',(-4.7619025189E-02,0.4099959,0.116592126375)
  );
#5556 = VECTOR('',#5557,1.);
#5557 = DIRECTION('',(1.07721571437E-14,0.,1.));
#5558 = ORIENTED_EDGE('',*,*,#5525,.T.);
#5559 = PLANE('',#5560);
#5560 = AXIS2_PLACEMENT_3D('',#5561,#5562,#5563);
#5561 = CARTESIAN_POINT('',(-4.7619025189E-02,0.4099959,0.116592126375)
  );
#5562 = DIRECTION('',(1.,0.,-1.07721571437E-14));
#5563 = DIRECTION('',(-1.07721571437E-14,0.,-1.));
#5564 = ADVANCED_FACE('',(#5565),#5584,.F.);
#5565 = FACE_BOUND('',#5566,.F.);
#5566 = EDGE_LOOP('',(#5567,#5568,#5577,#5583));
#5567 = ORIENTED_EDGE('',*,*,#5545,.F.);
#5568 = ORIENTED_EDGE('',*,*,#5569,.T.);
#5569 = EDGE_CURVE('',#5546,#5570,#5572,.T.);
#5570 = VERTEX_POINT('',#5571);
#5571 = CARTESIAN_POINT('',(-3.711757525E-02,0.4099959,0.113867987876));
#5572 = B_SPLINE_CURVE_WITH_KNOTS('',3,(#5573,#5574,#5575,#5576),
  .UNSPECIFIED.,.F.,.F.,(4,4),(12.,13.),.PIECEWISE_BEZIER_KNOTS.);
#5573 = CARTESIAN_POINT('',(-4.7619025189E-02,0.4099959,0.116592126375)
  );
#5574 = CARTESIAN_POINT('',(-4.4645347286E-02,0.4099959,0.114782965693)
  );
#5575 = CARTESIAN_POINT('',(-4.1141398148E-02,0.4099959,0.113867987876)
  );
#5576 = CARTESIAN_POINT('',(-3.711757525E-02,0.4099959,0.113867987876));
#5577 = ORIENTED_EDGE('',*,*,#5578,.T.);
#5578 = EDGE_CURVE('',#5570,#1029,#5579,.T.);
#5579 = LINE('',#5580,#5581);
#5580 = CARTESIAN_POINT('',(-3.711757525E-02,0.4099959,0.113867987876));
#5581 = VECTOR('',#5582,1.);
#5582 = DIRECTION('',(0.,-1.,0.));
#5583 = ORIENTED_EDGE('',*,*,#1037,.F.);
#5584 = B_SPLINE_SURFACE_WITH_KNOTS('',3,1,(
    (#5585,#5586)
    ,(#5587,#5588)
    ,(#5589,#5590)
    ,(#5591,#5592
    )),.UNSPECIFIED.,.F.,.F.,.F.,(4,4),(2,2),(12.,13.),(0.,1.),
  .PIECEWISE_BEZIER_KNOTS.);
#5585 = CARTESIAN_POINT('',(-4.7619025189E-02,0.4099959,0.116592126375)
  );
#5586 = CARTESIAN_POINT('',(-4.7619025189E-02,0.399996,0.116592126375));
#5587 = CARTESIAN_POINT('',(-4.4645347286E-02,0.4099959,0.114782965693)
  );
#5588 = CARTESIAN_POINT('',(-4.4645347286E-02,0.399996,0.114782965693));
#5589 = CARTESIAN_POINT('',(-4.1141398148E-02,0.4099959,0.113867987876)
  );
#5590 = CARTESIAN_POINT('',(-4.1141398148E-02,0.399996,0.113867987876));
#5591 = CARTESIAN_POINT('',(-3.711757525E-02,0.4099959,0.113867987876));
#5592 = CARTESIAN_POINT('',(-3.711757525E-02,0.399996,0.113867987876));
#5593 = ADVANCED_FACE('',(#5594),#5613,.F.);
#5594 = FACE_BOUND('',#5595,.F.);
#5595 = EDGE_LOOP('',(#5596,#5597,#5606,#5612));
#5596 = ORIENTED_EDGE('',*,*,#5578,.F.);
#5597 = ORIENTED_EDGE('',*,*,#5598,.T.);
#5598 = EDGE_CURVE('',#5570,#5599,#5601,.T.);
#5599 = VERTEX_POINT('',#5600);
#5600 = CARTESIAN_POINT('',(-2.6668112686E-02,0.4099959,0.118151747654)
  );
#5601 = B_SPLINE_CURVE_WITH_KNOTS('',3,(#5602,#5603,#5604,#5605),
  .UNSPECIFIED.,.F.,.F.,(4,4),(11.,12.),.PIECEWISE_BEZIER_KNOTS.);
#5602 = CARTESIAN_POINT('',(-3.711757525E-02,0.4099959,0.113867987876));
#5603 = CARTESIAN_POINT('',(-3.2813020523E-02,0.4099959,0.113867987876)
  );
#5604 = CARTESIAN_POINT('',(-2.9329866334E-02,0.4099959,0.115302839452)
  );
#5605 = CARTESIAN_POINT('',(-2.6668112686E-02,0.4099959,0.118151747654)
  );
#5606 = ORIENTED_EDGE('',*,*,#5607,.T.);
#5607 = EDGE_CURVE('',#5599,#1020,#5608,.T.);
#5608 = LINE('',#5609,#5610);
#5609 = CARTESIAN_POINT('',(-2.6668112686E-02,0.4099959,0.118151747654)
  );
#5610 = VECTOR('',#5611,1.);
#5611 = DIRECTION('',(0.,-1.,0.));
#5612 = ORIENTED_EDGE('',*,*,#1028,.F.);
#5613 = B_SPLINE_SURFACE_WITH_KNOTS('',3,1,(
    (#5614,#5615)
    ,(#5616,#5617)
    ,(#5618,#5619)
    ,(#5620,#5621
    )),.UNSPECIFIED.,.F.,.F.,.F.,(4,4),(2,2),(11.,12.),(0.,1.),
  .PIECEWISE_BEZIER_KNOTS.);
#5614 = CARTESIAN_POINT('',(-3.711757525E-02,0.4099959,0.113867987876));
#5615 = CARTESIAN_POINT('',(-3.711757525E-02,0.399996,0.113867987876));
#5616 = CARTESIAN_POINT('',(-3.2813020523E-02,0.4099959,0.113867987876)
  );
#5617 = CARTESIAN_POINT('',(-3.2813020523E-02,0.399996,0.113867987876));
#5618 = CARTESIAN_POINT('',(-2.9329866334E-02,0.4099959,0.115302839452)
  );
#5619 = CARTESIAN_POINT('',(-2.9329866334E-02,0.399996,0.115302839452));
#5620 = CARTESIAN_POINT('',(-2.6668112686E-02,0.4099959,0.118151747654)
  );
#5621 = CARTESIAN_POINT('',(-2.6668112686E-02,0.399996,0.118151747654));
#5622 = ADVANCED_FACE('',(#5623),#5642,.F.);
#5623 = FACE_BOUND('',#5624,.F.);
#5624 = EDGE_LOOP('',(#5625,#5626,#5635,#5641));
#5625 = ORIENTED_EDGE('',*,*,#5607,.F.);
#5626 = ORIENTED_EDGE('',*,*,#5627,.T.);
#5627 = EDGE_CURVE('',#5599,#5628,#5630,.T.);
#5628 = VERTEX_POINT('',#5629);
#5629 = CARTESIAN_POINT('',(-2.2675482215E-02,0.4099959,0.129755329963)
  );
#5630 = B_SPLINE_CURVE_WITH_KNOTS('',3,(#5631,#5632,#5633,#5634),
  .UNSPECIFIED.,.F.,.F.,(4,4),(10.,11.),.PIECEWISE_BEZIER_KNOTS.);
#5631 = CARTESIAN_POINT('',(-2.6668112686E-02,0.4099959,0.118151747654)
  );
#5632 = CARTESIAN_POINT('',(-2.4006359039E-02,0.4099959,0.121021450805)
  );
#5633 = CARTESIAN_POINT('',(-2.2675482215E-02,0.4099959,0.124889311574)
  );
#5634 = CARTESIAN_POINT('',(-2.2675482215E-02,0.4099959,0.129755329963)
  );
#5635 = ORIENTED_EDGE('',*,*,#5636,.T.);
#5636 = EDGE_CURVE('',#5628,#1011,#5637,.T.);
#5637 = LINE('',#5638,#5639);
#5638 = CARTESIAN_POINT('',(-2.2675482215E-02,0.4099959,0.129755329963)
  );
#5639 = VECTOR('',#5640,1.);
#5640 = DIRECTION('',(0.,-1.,0.));
#5641 = ORIENTED_EDGE('',*,*,#1019,.F.);
#5642 = B_SPLINE_SURFACE_WITH_KNOTS('',3,1,(
    (#5643,#5644)
    ,(#5645,#5646)
    ,(#5647,#5648)
    ,(#5649,#5650
    )),.UNSPECIFIED.,.F.,.F.,.F.,(4,4),(2,2),(10.,11.),(0.,1.),
  .PIECEWISE_BEZIER_KNOTS.);
#5643 = CARTESIAN_POINT('',(-2.6668112686E-02,0.4099959,0.118151747654)
  );
#5644 = CARTESIAN_POINT('',(-2.6668112686E-02,0.399996,0.118151747654));
#5645 = CARTESIAN_POINT('',(-2.4006359039E-02,0.4099959,0.121021450805)
  );
#5646 = CARTESIAN_POINT('',(-2.4006359039E-02,0.399996,0.121021450805));
#5647 = CARTESIAN_POINT('',(-2.2675482215E-02,0.4099959,0.124889311574)
  );
#5648 = CARTESIAN_POINT('',(-2.2675482215E-02,0.399996,0.124889311574));
#5649 = CARTESIAN_POINT('',(-2.2675482215E-02,0.4099959,0.129755329963)
  );
#5650 = CARTESIAN_POINT('',(-2.2675482215E-02,0.399996,0.129755329963));
#5651 = ADVANCED_FACE('',(#5652),#5671,.F.);
#5652 = FACE_BOUND('',#5653,.F.);
#5653 = EDGE_LOOP('',(#5654,#5655,#5664,#5670));
#5654 = ORIENTED_EDGE('',*,*,#5636,.F.);
#5655 = ORIENTED_EDGE('',*,*,#5656,.T.);
#5656 = EDGE_CURVE('',#5628,#5657,#5659,.T.);
#5657 = VERTEX_POINT('',#5658);
#5658 = CARTESIAN_POINT('',(-2.6948844517E-02,0.4099959,0.141982760783)
  );
#5659 = B_SPLINE_CURVE_WITH_KNOTS('',3,(#5660,#5661,#5662,#5663),
  .UNSPECIFIED.,.F.,.F.,(4,4),(9.,10.),.PIECEWISE_BEZIER_KNOTS.);
#5660 = CARTESIAN_POINT('',(-2.2675482215E-02,0.4099959,0.129755329963)
  );
#5661 = CARTESIAN_POINT('',(-2.2675482215E-02,0.4099959,0.134870887755)
  );
#5662 = CARTESIAN_POINT('',(-2.4099936315E-02,0.4099959,0.138946698028)
  );
#5663 = CARTESIAN_POINT('',(-2.6948844517E-02,0.4099959,0.141982760783)
  );
#5664 = ORIENTED_EDGE('',*,*,#5665,.T.);
#5665 = EDGE_CURVE('',#5657,#1002,#5666,.T.);
#5666 = LINE('',#5667,#5668);
#5667 = CARTESIAN_POINT('',(-2.6948844517E-02,0.4099959,0.141982760783)
  );
#5668 = VECTOR('',#5669,1.);
#5669 = DIRECTION('',(0.,-1.,0.));
#5670 = ORIENTED_EDGE('',*,*,#1010,.F.);
#5671 = B_SPLINE_SURFACE_WITH_KNOTS('',3,1,(
    (#5672,#5673)
    ,(#5674,#5675)
    ,(#5676,#5677)
    ,(#5678,#5679
    )),.UNSPECIFIED.,.F.,.F.,.F.,(4,4),(2,2),(9.,10.),(0.,1.),
  .PIECEWISE_BEZIER_KNOTS.);
#5672 = CARTESIAN_POINT('',(-2.2675482215E-02,0.4099959,0.129755329963)
  );
#5673 = CARTESIAN_POINT('',(-2.2675482215E-02,0.399996,0.129755329963));
#5674 = CARTESIAN_POINT('',(-2.2675482215E-02,0.4099959,0.134870887755)
  );
#5675 = CARTESIAN_POINT('',(-2.2675482215E-02,0.399996,0.134870887755));
#5676 = CARTESIAN_POINT('',(-2.4099936315E-02,0.4099959,0.138946698028)
  );
#5677 = CARTESIAN_POINT('',(-2.4099936315E-02,0.399996,0.138946698028));
#5678 = CARTESIAN_POINT('',(-2.6948844517E-02,0.4099959,0.141982760783)
  );
#5679 = CARTESIAN_POINT('',(-2.6948844517E-02,0.399996,0.141982760783));
#5680 = ADVANCED_FACE('',(#5681),#5700,.F.);
#5681 = FACE_BOUND('',#5682,.F.);
#5682 = EDGE_LOOP('',(#5683,#5684,#5693,#5699));
#5683 = ORIENTED_EDGE('',*,*,#5665,.F.);
#5684 = ORIENTED_EDGE('',*,*,#5685,.T.);
#5685 = EDGE_CURVE('',#5657,#5686,#5688,.T.);
#5686 = VERTEX_POINT('',#5687);
#5687 = CARTESIAN_POINT('',(-3.8032553067E-02,0.4099959,0.146495265014)
  );
#5688 = B_SPLINE_CURVE_WITH_KNOTS('',3,(#5689,#5690,#5691,#5692),
  .UNSPECIFIED.,.F.,.F.,(4,4),(8.,9.),.PIECEWISE_BEZIER_KNOTS.);
#5689 = CARTESIAN_POINT('',(-2.6948844517E-02,0.4099959,0.141982760783)
  );
#5690 = CARTESIAN_POINT('',(-2.9808150194E-02,0.4099959,0.144998028587)
  );
#5691 = CARTESIAN_POINT('',(-3.3499253885E-02,0.4099959,0.146495265014)
  );
#5692 = CARTESIAN_POINT('',(-3.8032553067E-02,0.4099959,0.146495265014)
  );
#5693 = ORIENTED_EDGE('',*,*,#5694,.T.);
#5694 = EDGE_CURVE('',#5686,#993,#5695,.T.);
#5695 = LINE('',#5696,#5697);
#5696 = CARTESIAN_POINT('',(-3.8032553067E-02,0.4099959,0.146495265014)
  );
#5697 = VECTOR('',#5698,1.);
#5698 = DIRECTION('',(0.,-1.,0.));
#5699 = ORIENTED_EDGE('',*,*,#1001,.F.);
#5700 = B_SPLINE_SURFACE_WITH_KNOTS('',3,1,(
    (#5701,#5702)
    ,(#5703,#5704)
    ,(#5705,#5706)
    ,(#5707,#5708
    )),.UNSPECIFIED.,.F.,.F.,.F.,(4,4),(2,2),(8.,9.),(0.,1.),
  .PIECEWISE_BEZIER_KNOTS.);
#5701 = CARTESIAN_POINT('',(-2.6948844517E-02,0.4099959,0.141982760783)
  );
#5702 = CARTESIAN_POINT('',(-2.6948844517E-02,0.399996,0.141982760783));
#5703 = CARTESIAN_POINT('',(-2.9808150194E-02,0.4099959,0.144998028587)
  );
#5704 = CARTESIAN_POINT('',(-2.9808150194E-02,0.399996,0.144998028587));
#5705 = CARTESIAN_POINT('',(-3.3499253885E-02,0.4099959,0.146495265014)
  );
#5706 = CARTESIAN_POINT('',(-3.3499253885E-02,0.399996,0.146495265014));
#5707 = CARTESIAN_POINT('',(-3.8032553067E-02,0.4099959,0.146495265014)
  );
#5708 = CARTESIAN_POINT('',(-3.8032553067E-02,0.399996,0.146495265014));
#5709 = ADVANCED_FACE('',(#5710),#5729,.F.);
#5710 = FACE_BOUND('',#5711,.F.);
#5711 = EDGE_LOOP('',(#5712,#5713,#5722,#5728));
#5712 = ORIENTED_EDGE('',*,*,#5694,.F.);
#5713 = ORIENTED_EDGE('',*,*,#5714,.T.);
#5714 = EDGE_CURVE('',#5686,#5715,#5717,.T.);
#5715 = VERTEX_POINT('',#5716);
#5716 = CARTESIAN_POINT('',(-4.7619025189E-02,0.4099959,0.144083050771)
  );
#5717 = B_SPLINE_CURVE_WITH_KNOTS('',3,(#5718,#5719,#5720,#5721),
  .UNSPECIFIED.,.F.,.F.,(4,4),(7.,8.),.PIECEWISE_BEZIER_KNOTS.);
#5718 = CARTESIAN_POINT('',(-3.8032553067E-02,0.4099959,0.146495265014)
  );
#5719 = CARTESIAN_POINT('',(-4.1515707254E-02,0.4099959,0.146495265014)
  );
#5720 = CARTESIAN_POINT('',(-4.4707732137E-02,0.4099959,0.1457050569));
#5721 = CARTESIAN_POINT('',(-4.7619025189E-02,0.4099959,0.144083050771)
  );
#5722 = ORIENTED_EDGE('',*,*,#5723,.T.);
#5723 = EDGE_CURVE('',#5715,#985,#5724,.T.);
#5724 = LINE('',#5725,#5726);
#5725 = CARTESIAN_POINT('',(-4.7619025189E-02,0.4099959,0.144083050771)
  );
#5726 = VECTOR('',#5727,1.);
#5727 = DIRECTION('',(0.,-1.,0.));
#5728 = ORIENTED_EDGE('',*,*,#992,.F.);
#5729 = B_SPLINE_SURFACE_WITH_KNOTS('',3,1,(
    (#5730,#5731)
    ,(#5732,#5733)
    ,(#5734,#5735)
    ,(#5736,#5737
    )),.UNSPECIFIED.,.F.,.F.,.F.,(4,4),(2,2),(7.,8.),(0.,1.),
  .PIECEWISE_BEZIER_KNOTS.);
#5730 = CARTESIAN_POINT('',(-3.8032553067E-02,0.4099959,0.146495265014)
  );
#5731 = CARTESIAN_POINT('',(-3.8032553067E-02,0.399996,0.146495265014));
#5732 = CARTESIAN_POINT('',(-4.1515707254E-02,0.4099959,0.146495265014)
  );
#5733 = CARTESIAN_POINT('',(-4.1515707254E-02,0.399996,0.146495265014));
#5734 = CARTESIAN_POINT('',(-4.4707732137E-02,0.4099959,0.1457050569));
#5735 = CARTESIAN_POINT('',(-4.4707732137E-02,0.399996,0.1457050569));
#5736 = CARTESIAN_POINT('',(-4.7619025189E-02,0.4099959,0.144083050771)
  );
#5737 = CARTESIAN_POINT('',(-4.7619025189E-02,0.399996,0.144083050771));
#5738 = ADVANCED_FACE('',(#5739),#5757,.F.);
#5739 = FACE_BOUND('',#5740,.T.);
#5740 = EDGE_LOOP('',(#5741,#5742,#5750,#5756));
#5741 = ORIENTED_EDGE('',*,*,#984,.T.);
#5742 = ORIENTED_EDGE('',*,*,#5743,.F.);
#5743 = EDGE_CURVE('',#5744,#976,#5746,.T.);
#5744 = VERTEX_POINT('',#5745);
#5745 = CARTESIAN_POINT('',(-4.7619025189E-02,0.4099959,0.14957291767));
#5746 = LINE('',#5747,#5748);
#5747 = CARTESIAN_POINT('',(-4.7619025189E-02,0.4099959,0.14957291767));
#5748 = VECTOR('',#5749,1.);
#5749 = DIRECTION('',(0.,-1.,0.));
#5750 = ORIENTED_EDGE('',*,*,#5751,.F.);
#5751 = EDGE_CURVE('',#5715,#5744,#5752,.T.);
#5752 = LINE('',#5753,#5754);
#5753 = CARTESIAN_POINT('',(-4.7619025189E-02,0.4099959,0.14957291767));
#5754 = VECTOR('',#5755,1.);
#5755 = DIRECTION('',(9.874477382183E-15,0.,1.));
#5756 = ORIENTED_EDGE('',*,*,#5723,.T.);
#5757 = PLANE('',#5758);
#5758 = AXIS2_PLACEMENT_3D('',#5759,#5760,#5761);
#5759 = CARTESIAN_POINT('',(-4.7619025189E-02,0.4099959,0.14957291767));
#5760 = DIRECTION('',(1.,0.,-9.874477382183E-15));
#5761 = DIRECTION('',(-9.874477382183E-15,0.,-1.));
#5762 = ADVANCED_FACE('',(#5763),#5782,.F.);
#5763 = FACE_BOUND('',#5764,.F.);
#5764 = EDGE_LOOP('',(#5765,#5766,#5775,#5781));
#5765 = ORIENTED_EDGE('',*,*,#5743,.F.);
#5766 = ORIENTED_EDGE('',*,*,#5767,.T.);
#5767 = EDGE_CURVE('',#5744,#5768,#5770,.T.);
#5768 = VERTEX_POINT('',#5769);
#5769 = CARTESIAN_POINT('',(-3.7980565691E-02,0.4099959,0.1512365137));
#5770 = B_SPLINE_CURVE_WITH_KNOTS('',3,(#5771,#5772,#5773,#5774),
  .UNSPECIFIED.,.F.,.F.,(4,4),(5.,6.),.PIECEWISE_BEZIER_KNOTS.);
#5771 = CARTESIAN_POINT('',(-4.7619025189E-02,0.4099959,0.14957291767));
#5772 = CARTESIAN_POINT('',(-4.5082041244E-02,0.4099959,0.150675050039)
  );
#5773 = CARTESIAN_POINT('',(-4.1869221411E-02,0.4099959,0.1512365137));
#5774 = CARTESIAN_POINT('',(-3.7980565691E-02,0.4099959,0.1512365137));
#5775 = ORIENTED_EDGE('',*,*,#5776,.T.);
#5776 = EDGE_CURVE('',#5768,#967,#5777,.T.);
#5777 = LINE('',#5778,#5779);
#5778 = CARTESIAN_POINT('',(-3.7980565691E-02,0.4099959,0.1512365137));
#5779 = VECTOR('',#5780,1.);
#5780 = DIRECTION('',(0.,-1.,0.));
#5781 = ORIENTED_EDGE('',*,*,#975,.F.);
#5782 = B_SPLINE_SURFACE_WITH_KNOTS('',3,1,(
    (#5783,#5784)
    ,(#5785,#5786)
    ,(#5787,#5788)
    ,(#5789,#5790
    )),.UNSPECIFIED.,.F.,.F.,.F.,(4,4),(2,2),(5.,6.),(0.,1.),
  .PIECEWISE_BEZIER_KNOTS.);
#5783 = CARTESIAN_POINT('',(-4.7619025189E-02,0.4099959,0.14957291767));
#5784 = CARTESIAN_POINT('',(-4.7619025189E-02,0.399996,0.14957291767));
#5785 = CARTESIAN_POINT('',(-4.5082041244E-02,0.4099959,0.150675050039)
  );
#5786 = CARTESIAN_POINT('',(-4.5082041244E-02,0.399996,0.150675050039));
#5787 = CARTESIAN_POINT('',(-4.1869221411E-02,0.4099959,0.1512365137));
#5788 = CARTESIAN_POINT('',(-4.1869221411E-02,0.399996,0.1512365137));
#5789 = CARTESIAN_POINT('',(-3.7980565691E-02,0.4099959,0.1512365137));
#5790 = CARTESIAN_POINT('',(-3.7980565691E-02,0.399996,0.1512365137));
#5791 = ADVANCED_FACE('',(#5792),#5811,.F.);
#5792 = FACE_BOUND('',#5793,.F.);
#5793 = EDGE_LOOP('',(#5794,#5795,#5804,#5810));
#5794 = ORIENTED_EDGE('',*,*,#5776,.F.);
#5795 = ORIENTED_EDGE('',*,*,#5796,.T.);
#5796 = EDGE_CURVE('',#5768,#5797,#5799,.T.);
#5797 = VERTEX_POINT('',#5798);
#5798 = CARTESIAN_POINT('',(-2.3039393847E-02,0.4099959,0.145247567992)
  );
#5799 = B_SPLINE_CURVE_WITH_KNOTS('',3,(#5800,#5801,#5802,#5803),
  .UNSPECIFIED.,.F.,.F.,(4,4),(4.,5.),.PIECEWISE_BEZIER_KNOTS.);
#5800 = CARTESIAN_POINT('',(-3.7980565691E-02,0.4099959,0.1512365137));
#5801 = CARTESIAN_POINT('',(-3.1939632606E-02,0.4099959,0.1512365137));
#5802 = CARTESIAN_POINT('',(-2.6959241992E-02,0.4099959,0.149240198464)
  );
#5803 = CARTESIAN_POINT('',(-2.3039393847E-02,0.4099959,0.145247567992)
  );
#5804 = ORIENTED_EDGE('',*,*,#5805,.T.);
#5805 = EDGE_CURVE('',#5797,#958,#5806,.T.);
#5806 = LINE('',#5807,#5808);
#5807 = CARTESIAN_POINT('',(-2.3039393847E-02,0.4099959,0.145247567992)
  );
#5808 = VECTOR('',#5809,1.);
#5809 = DIRECTION('',(0.,-1.,0.));
#5810 = ORIENTED_EDGE('',*,*,#966,.F.);
#5811 = B_SPLINE_SURFACE_WITH_KNOTS('',3,1,(
    (#5812,#5813)
    ,(#5814,#5815)
    ,(#5816,#5817)
    ,(#5818,#5819
    )),.UNSPECIFIED.,.F.,.F.,.F.,(4,4),(2,2),(4.,5.),(0.,1.),
  .PIECEWISE_BEZIER_KNOTS.);
#5812 = CARTESIAN_POINT('',(-3.7980565691E-02,0.4099959,0.1512365137));
#5813 = CARTESIAN_POINT('',(-3.7980565691E-02,0.399996,0.1512365137));
#5814 = CARTESIAN_POINT('',(-3.1939632606E-02,0.4099959,0.1512365137));
#5815 = CARTESIAN_POINT('',(-3.1939632606E-02,0.399996,0.1512365137));
#5816 = CARTESIAN_POINT('',(-2.6959241992E-02,0.4099959,0.149240198464)
  );
#5817 = CARTESIAN_POINT('',(-2.6959241992E-02,0.399996,0.149240198464));
#5818 = CARTESIAN_POINT('',(-2.3039393847E-02,0.4099959,0.145247567992)
  );
#5819 = CARTESIAN_POINT('',(-2.3039393847E-02,0.399996,0.145247567992));
#5820 = ADVANCED_FACE('',(#5821),#5840,.F.);
#5821 = FACE_BOUND('',#5822,.F.);
#5822 = EDGE_LOOP('',(#5823,#5824,#5833,#5839));
#5823 = ORIENTED_EDGE('',*,*,#5805,.F.);
#5824 = ORIENTED_EDGE('',*,*,#5825,.T.);
#5825 = EDGE_CURVE('',#5797,#5826,#5828,.T.);
#5826 = VERTEX_POINT('',#5827);
#5827 = CARTESIAN_POINT('',(-1.7164820365E-02,0.4099959,0.129443405707)
  );
#5828 = B_SPLINE_CURVE_WITH_KNOTS('',3,(#5829,#5830,#5831,#5832),
  .UNSPECIFIED.,.F.,.F.,(4,4),(3.,4.),.PIECEWISE_BEZIER_KNOTS.);
#5829 = CARTESIAN_POINT('',(-2.3039393847E-02,0.4099959,0.145247567992)
  );
#5830 = CARTESIAN_POINT('',(-1.9119545701E-02,0.4099959,0.141254937519)
  );
#5831 = CARTESIAN_POINT('',(-1.7164820365E-02,0.4099959,0.135993815074)
  );
#5832 = CARTESIAN_POINT('',(-1.7164820365E-02,0.4099959,0.129443405707)
  );
#5833 = ORIENTED_EDGE('',*,*,#5834,.T.);
#5834 = EDGE_CURVE('',#5826,#949,#5835,.T.);
#5835 = LINE('',#5836,#5837);
#5836 = CARTESIAN_POINT('',(-1.7164820365E-02,0.4099959,0.129443405707)
  );
#5837 = VECTOR('',#5838,1.);
#5838 = DIRECTION('',(0.,-1.,0.));
#5839 = ORIENTED_EDGE('',*,*,#957,.F.);
#5840 = B_SPLINE_SURFACE_WITH_KNOTS('',3,1,(
    (#5841,#5842)
    ,(#5843,#5844)
    ,(#5845,#5846)
    ,(#5847,#5848
    )),.UNSPECIFIED.,.F.,.F.,.F.,(4,4),(2,2),(3.,4.),(0.,1.),
  .PIECEWISE_BEZIER_KNOTS.);
#5841 = CARTESIAN_POINT('',(-2.3039393847E-02,0.4099959,0.145247567992)
  );
#5842 = CARTESIAN_POINT('',(-2.3039393847E-02,0.399996,0.145247567992));
#5843 = CARTESIAN_POINT('',(-1.9119545701E-02,0.4099959,0.141254937519)
  );
#5844 = CARTESIAN_POINT('',(-1.9119545701E-02,0.399996,0.141254937519));
#5845 = CARTESIAN_POINT('',(-1.7164820365E-02,0.4099959,0.135993815074)
  );
#5846 = CARTESIAN_POINT('',(-1.7164820365E-02,0.399996,0.135993815074));
#5847 = CARTESIAN_POINT('',(-1.7164820365E-02,0.4099959,0.129443405707)
  );
#5848 = CARTESIAN_POINT('',(-1.7164820365E-02,0.399996,0.129443405707));
#5849 = ADVANCED_FACE('',(#5850),#5869,.F.);
#5850 = FACE_BOUND('',#5851,.F.);
#5851 = EDGE_LOOP('',(#5852,#5853,#5862,#5868));
#5852 = ORIENTED_EDGE('',*,*,#5834,.F.);
#5853 = ORIENTED_EDGE('',*,*,#5854,.T.);
#5854 = EDGE_CURVE('',#5826,#5855,#5857,.T.);
#5855 = VERTEX_POINT('',#5856);
#5856 = CARTESIAN_POINT('',(-2.2384352909E-02,0.4099959,0.114741375792)
  );
#5857 = B_SPLINE_CURVE_WITH_KNOTS('',3,(#5858,#5859,#5860,#5861),
  .UNSPECIFIED.,.F.,.F.,(4,4),(2.,3.),.PIECEWISE_BEZIER_KNOTS.);
#5858 = CARTESIAN_POINT('',(-1.7164820365E-02,0.4099959,0.129443405707)
  );
#5859 = CARTESIAN_POINT('',(-1.7164820365E-02,0.4099959,0.123350485247)
  );
#5860 = CARTESIAN_POINT('',(-1.8901198722E-02,0.4099959,0.118442876958)
  );
#5861 = CARTESIAN_POINT('',(-2.2384352909E-02,0.4099959,0.114741375792)
  );
#5862 = ORIENTED_EDGE('',*,*,#5863,.T.);
#5863 = EDGE_CURVE('',#5855,#940,#5864,.T.);
#5864 = LINE('',#5865,#5866);
#5865 = CARTESIAN_POINT('',(-2.2384352909E-02,0.4099959,0.114741375792)
  );
#5866 = VECTOR('',#5867,1.);
#5867 = DIRECTION('',(0.,-1.,0.));
#5868 = ORIENTED_EDGE('',*,*,#948,.F.);
#5869 = B_SPLINE_SURFACE_WITH_KNOTS('',3,1,(
    (#5870,#5871)
    ,(#5872,#5873)
    ,(#5874,#5875)
    ,(#5876,#5877
    )),.UNSPECIFIED.,.F.,.F.,.F.,(4,4),(2,2),(2.,3.),(0.,1.),
  .PIECEWISE_BEZIER_KNOTS.);
#5870 = CARTESIAN_POINT('',(-1.7164820365E-02,0.4099959,0.129443405707)
  );
#5871 = CARTESIAN_POINT('',(-1.7164820365E-02,0.399996,0.129443405707));
#5872 = CARTESIAN_POINT('',(-1.7164820365E-02,0.4099959,0.123350485247)
  );
#5873 = CARTESIAN_POINT('',(-1.7164820365E-02,0.399996,0.123350485247));
#5874 = CARTESIAN_POINT('',(-1.8901198722E-02,0.4099959,0.118442876958)
  );
#5875 = CARTESIAN_POINT('',(-1.8901198722E-02,0.399996,0.118442876958));
#5876 = CARTESIAN_POINT('',(-2.2384352909E-02,0.4099959,0.114741375792)
  );
#5877 = CARTESIAN_POINT('',(-2.2384352909E-02,0.399996,0.114741375792));
#5878 = ADVANCED_FACE('',(#5879),#5891,.F.);
#5879 = FACE_BOUND('',#5880,.F.);
#5880 = EDGE_LOOP('',(#5881,#5882,#5889,#5890));
#5881 = ORIENTED_EDGE('',*,*,#5863,.F.);
#5882 = ORIENTED_EDGE('',*,*,#5883,.T.);
#5883 = EDGE_CURVE('',#5855,#5509,#5884,.T.);
#5884 = B_SPLINE_CURVE_WITH_KNOTS('',3,(#5885,#5886,#5887,#5888),
  .UNSPECIFIED.,.F.,.F.,(4,4),(1.,2.),.PIECEWISE_BEZIER_KNOTS.);
#5885 = CARTESIAN_POINT('',(-2.2384352909E-02,0.4099959,0.114741375792)
  );
#5886 = CARTESIAN_POINT('',(-2.5867507097E-02,0.4099959,0.111039874625)
  );
#5887 = CARTESIAN_POINT('',(-3.0525575981E-02,0.4099959,0.109189124042)
  );
#5888 = CARTESIAN_POINT('',(-3.6358559562E-02,0.4099959,0.109189124042)
  );
#5889 = ORIENTED_EDGE('',*,*,#5508,.T.);
#5890 = ORIENTED_EDGE('',*,*,#939,.F.);
#5891 = B_SPLINE_SURFACE_WITH_KNOTS('',3,1,(
    (#5892,#5893)
    ,(#5894,#5895)
    ,(#5896,#5897)
    ,(#5898,#5899
    )),.UNSPECIFIED.,.F.,.F.,.F.,(4,4),(2,2),(1.,2.),(0.,1.),
  .PIECEWISE_BEZIER_KNOTS.);
#5892 = CARTESIAN_POINT('',(-2.2384352909E-02,0.4099959,0.114741375792)
  );
#5893 = CARTESIAN_POINT('',(-2.2384352909E-02,0.399996,0.114741375792));
#5894 = CARTESIAN_POINT('',(-2.5867507097E-02,0.4099959,0.111039874625)
  );
#5895 = CARTESIAN_POINT('',(-2.5867507097E-02,0.399996,0.111039874625));
#5896 = CARTESIAN_POINT('',(-3.0525575981E-02,0.4099959,0.109189124042)
  );
#5897 = CARTESIAN_POINT('',(-3.0525575981E-02,0.399996,0.109189124042));
#5898 = CARTESIAN_POINT('',(-3.6358559562E-02,0.4099959,0.109189124042)
  );
#5899 = CARTESIAN_POINT('',(-3.6358559562E-02,0.399996,0.109189124042));
#5900 = ADVANCED_FACE('',(#5901),#5917,.T.);
#5901 = FACE_BOUND('',#5902,.T.);
#5902 = EDGE_LOOP('',(#5903,#5904,#5905,#5906,#5907,#5908,#5909,#5910,
    #5911,#5912,#5913,#5914,#5915,#5916));
#5903 = ORIENTED_EDGE('',*,*,#5516,.T.);
#5904 = ORIENTED_EDGE('',*,*,#5553,.T.);
#5905 = ORIENTED_EDGE('',*,*,#5569,.T.);
#5906 = ORIENTED_EDGE('',*,*,#5598,.T.);
#5907 = ORIENTED_EDGE('',*,*,#5627,.T.);
#5908 = ORIENTED_EDGE('',*,*,#5656,.T.);
#5909 = ORIENTED_EDGE('',*,*,#5685,.T.);
#5910 = ORIENTED_EDGE('',*,*,#5714,.T.);
#5911 = ORIENTED_EDGE('',*,*,#5751,.T.);
#5912 = ORIENTED_EDGE('',*,*,#5767,.T.);
#5913 = ORIENTED_EDGE('',*,*,#5796,.T.);
#5914 = ORIENTED_EDGE('',*,*,#5825,.T.);
#5915 = ORIENTED_EDGE('',*,*,#5854,.T.);
#5916 = ORIENTED_EDGE('',*,*,#5883,.T.);
#5917 = PLANE('',#5918);
#5918 = AXIS2_PLACEMENT_3D('',#5919,#5920,#5921);
#5919 = CARTESIAN_POINT('',(-4.2558054142E-02,0.4099959,0.109781780127)
  );
#5920 = DIRECTION('',(0.,1.,0.));
#5921 = DIRECTION('',(0.,-0.,1.));
#5922 = ADVANCED_FACE('',(#5923),#5948,.F.);
#5923 = FACE_BOUND('',#5924,.T.);
#5924 = EDGE_LOOP('',(#5925,#5926,#5934,#5942));
#5925 = ORIENTED_EDGE('',*,*,#1138,.T.);
#5926 = ORIENTED_EDGE('',*,*,#5927,.F.);
#5927 = EDGE_CURVE('',#5928,#1141,#5930,.T.);
#5928 = VERTEX_POINT('',#5929);
#5929 = CARTESIAN_POINT('',(-7.7636536055E-02,0.4099959,0.114512631337)
  );
#5930 = LINE('',#5931,#5932);
#5931 = CARTESIAN_POINT('',(-7.7636536055E-02,0.4099959,0.114512631337)
  );
#5932 = VECTOR('',#5933,1.);
#5933 = DIRECTION('',(0.,-1.,0.));
#5934 = ORIENTED_EDGE('',*,*,#5935,.F.);
#5935 = EDGE_CURVE('',#5936,#5928,#5938,.T.);
#5936 = VERTEX_POINT('',#5937);
#5937 = CARTESIAN_POINT('',(-7.7636536055E-02,0.4099959,0.109875357404)
  );
#5938 = LINE('',#5939,#5940);
#5939 = CARTESIAN_POINT('',(-7.7636536055E-02,0.4099959,0.114512631337)
  );
#5940 = VECTOR('',#5941,1.);
#5941 = DIRECTION('',(1.168996425484E-14,0.,1.));
#5942 = ORIENTED_EDGE('',*,*,#5943,.T.);
#5943 = EDGE_CURVE('',#5936,#1139,#5944,.T.);
#5944 = LINE('',#5945,#5946);
#5945 = CARTESIAN_POINT('',(-7.7636536055E-02,0.4099959,0.109875357404)
  );
#5946 = VECTOR('',#5947,1.);
#5947 = DIRECTION('',(0.,-1.,0.));
#5948 = PLANE('',#5949);
#5949 = AXIS2_PLACEMENT_3D('',#5950,#5951,#5952);
#5950 = CARTESIAN_POINT('',(-7.7636536055E-02,0.4099959,0.114512631337)
  );
#5951 = DIRECTION('',(1.,0.,-1.168996425484E-14));
#5952 = DIRECTION('',(-1.168996425484E-14,0.,-1.));
#5953 = ADVANCED_FACE('',(#5954),#5972,.F.);
#5954 = FACE_BOUND('',#5955,.T.);
#5955 = EDGE_LOOP('',(#5956,#5957,#5965,#5971));
#5956 = ORIENTED_EDGE('',*,*,#1228,.T.);
#5957 = ORIENTED_EDGE('',*,*,#5958,.F.);
#5958 = EDGE_CURVE('',#5959,#1221,#5961,.T.);
#5959 = VERTEX_POINT('',#5960);
#5960 = CARTESIAN_POINT('',(-6.1010973231E-02,0.4099959,0.114512631337)
  );
#5961 = LINE('',#5962,#5963);
#5962 = CARTESIAN_POINT('',(-6.1010973231E-02,0.4099959,0.114512631337)
  );
#5963 = VECTOR('',#5964,1.);
#5964 = DIRECTION('',(0.,-1.,0.));
#5965 = ORIENTED_EDGE('',*,*,#5966,.F.);
#5966 = EDGE_CURVE('',#5928,#5959,#5967,.T.);
#5967 = LINE('',#5968,#5969);
#5968 = CARTESIAN_POINT('',(-6.1010973231E-02,0.4099959,0.114512631337)
  );
#5969 = VECTOR('',#5970,1.);
#5970 = DIRECTION('',(1.,0.,-6.521230841367E-15));
#5971 = ORIENTED_EDGE('',*,*,#5927,.T.);
#5972 = PLANE('',#5973);
#5973 = AXIS2_PLACEMENT_3D('',#5974,#5975,#5976);
#5974 = CARTESIAN_POINT('',(-6.1010973231E-02,0.4099959,0.114512631337)
  );
#5975 = DIRECTION('',(-6.521230841367E-15,0.,-1.));
#5976 = DIRECTION('',(-1.,0.,6.521230841367E-15));
#5977 = ADVANCED_FACE('',(#5978),#5996,.F.);
#5978 = FACE_BOUND('',#5979,.T.);
#5979 = EDGE_LOOP('',(#5980,#5981,#5989,#5995));
#5980 = ORIENTED_EDGE('',*,*,#1220,.T.);
#5981 = ORIENTED_EDGE('',*,*,#5982,.F.);
#5982 = EDGE_CURVE('',#5983,#1213,#5985,.T.);
#5983 = VERTEX_POINT('',#5984);
#5984 = CARTESIAN_POINT('',(-6.1010973231E-02,0.4099959,0.128195708684)
  );
#5985 = LINE('',#5986,#5987);
#5986 = CARTESIAN_POINT('',(-6.1010973231E-02,0.4099959,0.128195708684)
  );
#5987 = VECTOR('',#5988,1.);
#5988 = DIRECTION('',(0.,-1.,0.));
#5989 = ORIENTED_EDGE('',*,*,#5990,.F.);
#5990 = EDGE_CURVE('',#5959,#5983,#5991,.T.);
#5991 = LINE('',#5992,#5993);
#5992 = CARTESIAN_POINT('',(-6.1010973231E-02,0.4099959,0.128195708684)
  );
#5993 = VECTOR('',#5994,1.);
#5994 = DIRECTION('',(7.92359279281E-15,0.,1.));
#5995 = ORIENTED_EDGE('',*,*,#5958,.T.);
#5996 = PLANE('',#5997);
#5997 = AXIS2_PLACEMENT_3D('',#5998,#5999,#6000);
#5998 = CARTESIAN_POINT('',(-6.1010973231E-02,0.4099959,0.128195708684)
  );
#5999 = DIRECTION('',(1.,0.,-7.92359279281E-15));
#6000 = DIRECTION('',(-7.92359279281E-15,0.,-1.));
#6001 = ADVANCED_FACE('',(#6002),#6020,.F.);
#6002 = FACE_BOUND('',#6003,.T.);
#6003 = EDGE_LOOP('',(#6004,#6005,#6013,#6019));
#6004 = ORIENTED_EDGE('',*,*,#1212,.T.);
#6005 = ORIENTED_EDGE('',*,*,#6006,.F.);
#6006 = EDGE_CURVE('',#6007,#1205,#6009,.T.);
#6007 = VERTEX_POINT('',#6008);
#6008 = CARTESIAN_POINT('',(-7.5557041018E-02,0.4099959,0.128195708684)
  );
#6009 = LINE('',#6010,#6011);
#6010 = CARTESIAN_POINT('',(-7.5557041018E-02,0.4099959,0.128195708684)
  );
#6011 = VECTOR('',#6012,1.);
#6012 = DIRECTION('',(0.,-1.,0.));
#6013 = ORIENTED_EDGE('',*,*,#6014,.F.);
#6014 = EDGE_CURVE('',#5983,#6007,#6015,.T.);
#6015 = LINE('',#6016,#6017);
#6016 = CARTESIAN_POINT('',(-7.5557041018E-02,0.4099959,0.128195708684)
  );
#6017 = VECTOR('',#6018,1.);
#6018 = DIRECTION('',(-1.,0.,7.453501154642E-15));
#6019 = ORIENTED_EDGE('',*,*,#5982,.T.);
#6020 = PLANE('',#6021);
#6021 = AXIS2_PLACEMENT_3D('',#6022,#6023,#6024);
#6022 = CARTESIAN_POINT('',(-7.5557041018E-02,0.4099959,0.128195708684)
  );
#6023 = DIRECTION('',(7.453501154642E-15,0.,1.));
#6024 = DIRECTION('',(1.,0.,-7.453501154642E-15));
#6025 = ADVANCED_FACE('',(#6026),#6044,.F.);
#6026 = FACE_BOUND('',#6027,.T.);
#6027 = EDGE_LOOP('',(#6028,#6029,#6037,#6043));
#6028 = ORIENTED_EDGE('',*,*,#1204,.T.);
#6029 = ORIENTED_EDGE('',*,*,#6030,.F.);
#6030 = EDGE_CURVE('',#6031,#1197,#6033,.T.);
#6031 = VERTEX_POINT('',#6032);
#6032 = CARTESIAN_POINT('',(-7.5557041018E-02,0.4099959,0.132853777568)
  );
#6033 = LINE('',#6034,#6035);
#6034 = CARTESIAN_POINT('',(-7.5557041018E-02,0.4099959,0.132853777568)
  );
#6035 = VECTOR('',#6036,1.);
#6036 = DIRECTION('',(0.,-1.,0.));
#6037 = ORIENTED_EDGE('',*,*,#6038,.F.);
#6038 = EDGE_CURVE('',#6007,#6031,#6039,.T.);
#6039 = LINE('',#6040,#6041);
#6040 = CARTESIAN_POINT('',(-7.5557041018E-02,0.4099959,0.132853777568)
  );
#6041 = VECTOR('',#6042,1.);
#6042 = DIRECTION('',(0.,0.,1.));
#6043 = ORIENTED_EDGE('',*,*,#6006,.T.);
#6044 = PLANE('',#6045);
#6045 = AXIS2_PLACEMENT_3D('',#6046,#6047,#6048);
#6046 = CARTESIAN_POINT('',(-7.5557041018E-02,0.4099959,0.132853777568)
  );
#6047 = DIRECTION('',(1.,0.,0.));
#6048 = DIRECTION('',(0.,0.,-1.));
#6049 = ADVANCED_FACE('',(#6050),#6068,.F.);
#6050 = FACE_BOUND('',#6051,.T.);
#6051 = EDGE_LOOP('',(#6052,#6053,#6061,#6067));
#6052 = ORIENTED_EDGE('',*,*,#1196,.T.);
#6053 = ORIENTED_EDGE('',*,*,#6054,.F.);
#6054 = EDGE_CURVE('',#6055,#1189,#6057,.T.);
#6055 = VERTEX_POINT('',#6056);
#6056 = CARTESIAN_POINT('',(-6.1010973231E-02,0.4099959,0.132853777568)
  );
#6057 = LINE('',#6058,#6059);
#6058 = CARTESIAN_POINT('',(-6.1010973231E-02,0.4099959,0.132853777568)
  );
#6059 = VECTOR('',#6060,1.);
#6060 = DIRECTION('',(0.,-1.,0.));
#6061 = ORIENTED_EDGE('',*,*,#6062,.F.);
#6062 = EDGE_CURVE('',#6031,#6055,#6063,.T.);
#6063 = LINE('',#6064,#6065);
#6064 = CARTESIAN_POINT('',(-6.1010973231E-02,0.4099959,0.132853777568)
  );
#6065 = VECTOR('',#6066,1.);
#6066 = DIRECTION('',(1.,0.,-7.453501154642E-15));
#6067 = ORIENTED_EDGE('',*,*,#6030,.T.);
#6068 = PLANE('',#6069);
#6069 = AXIS2_PLACEMENT_3D('',#6070,#6071,#6072);
#6070 = CARTESIAN_POINT('',(-6.1010973231E-02,0.4099959,0.132853777568)
  );
#6071 = DIRECTION('',(-7.453501154642E-15,0.,-1.));
#6072 = DIRECTION('',(-1.,0.,7.453501154642E-15));
#6073 = ADVANCED_FACE('',(#6074),#6092,.F.);
#6074 = FACE_BOUND('',#6075,.T.);
#6075 = EDGE_LOOP('',(#6076,#6077,#6085,#6091));
#6076 = ORIENTED_EDGE('',*,*,#1188,.T.);
#6077 = ORIENTED_EDGE('',*,*,#6078,.F.);
#6078 = EDGE_CURVE('',#6079,#1181,#6081,.T.);
#6079 = VERTEX_POINT('',#6080);
#6080 = CARTESIAN_POINT('',(-6.1010973231E-02,0.4099959,0.145871416503)
  );
#6081 = LINE('',#6082,#6083);
#6082 = CARTESIAN_POINT('',(-6.1010973231E-02,0.4099959,0.145871416503)
  );
#6083 = VECTOR('',#6084,1.);
#6084 = DIRECTION('',(0.,-1.,0.));
#6085 = ORIENTED_EDGE('',*,*,#6086,.F.);
#6086 = EDGE_CURVE('',#6055,#6079,#6087,.T.);
#6087 = LINE('',#6088,#6089);
#6088 = CARTESIAN_POINT('',(-6.1010973231E-02,0.4099959,0.145871416503)
  );
#6089 = VECTOR('',#6090,1.);
#6090 = DIRECTION('',(4.164316339927E-15,0.,1.));
#6091 = ORIENTED_EDGE('',*,*,#6054,.T.);
#6092 = PLANE('',#6093);
#6093 = AXIS2_PLACEMENT_3D('',#6094,#6095,#6096);
#6094 = CARTESIAN_POINT('',(-6.1010973231E-02,0.4099959,0.145871416503)
  );
#6095 = DIRECTION('',(1.,0.,-4.164316339927E-15));
#6096 = DIRECTION('',(-4.164316339927E-15,0.,-1.));
#6097 = ADVANCED_FACE('',(#6098),#6116,.F.);
#6098 = FACE_BOUND('',#6099,.T.);
#6099 = EDGE_LOOP('',(#6100,#6101,#6109,#6115));
#6100 = ORIENTED_EDGE('',*,*,#1180,.T.);
#6101 = ORIENTED_EDGE('',*,*,#6102,.F.);
#6102 = EDGE_CURVE('',#6103,#1173,#6105,.T.);
#6103 = VERTEX_POINT('',#6104);
#6104 = CARTESIAN_POINT('',(-7.6711160764E-02,0.4099959,0.145871416503)
  );
#6105 = LINE('',#6106,#6107);
#6106 = CARTESIAN_POINT('',(-7.6711160764E-02,0.4099959,0.145871416503)
  );
#6107 = VECTOR('',#6108,1.);
#6108 = DIRECTION('',(0.,-1.,0.));
#6109 = ORIENTED_EDGE('',*,*,#6110,.F.);
#6110 = EDGE_CURVE('',#6079,#6103,#6111,.T.);
#6111 = LINE('',#6112,#6113);
#6112 = CARTESIAN_POINT('',(-7.6711160764E-02,0.4099959,0.145871416503)
  );
#6113 = VECTOR('',#6114,1.);
#6114 = DIRECTION('',(-1.,0.,6.90559477834E-15));
#6115 = ORIENTED_EDGE('',*,*,#6078,.T.);
#6116 = PLANE('',#6117);
#6117 = AXIS2_PLACEMENT_3D('',#6118,#6119,#6120);
#6118 = CARTESIAN_POINT('',(-7.6711160764E-02,0.4099959,0.145871416503)
  );
#6119 = DIRECTION('',(6.90559477834E-15,0.,1.));
#6120 = DIRECTION('',(1.,0.,-6.90559477834E-15));
#6121 = ADVANCED_FACE('',(#6122),#6140,.F.);
#6122 = FACE_BOUND('',#6123,.T.);
#6123 = EDGE_LOOP('',(#6124,#6125,#6133,#6139));
#6124 = ORIENTED_EDGE('',*,*,#1172,.T.);
#6125 = ORIENTED_EDGE('',*,*,#6126,.F.);
#6126 = EDGE_CURVE('',#6127,#1165,#6129,.T.);
#6127 = VERTEX_POINT('',#6128);
#6128 = CARTESIAN_POINT('',(-7.6711160764E-02,0.4099959,0.150550280337)
  );
#6129 = LINE('',#6130,#6131);
#6130 = CARTESIAN_POINT('',(-7.6711160764E-02,0.4099959,0.150550280337)
  );
#6131 = VECTOR('',#6132,1.);
#6132 = DIRECTION('',(0.,-1.,0.));
#6133 = ORIENTED_EDGE('',*,*,#6134,.F.);
#6134 = EDGE_CURVE('',#6103,#6127,#6135,.T.);
#6135 = LINE('',#6136,#6137);
#6136 = CARTESIAN_POINT('',(-7.6711160764E-02,0.4099959,0.150550280337)
  );
#6137 = VECTOR('',#6138,1.);
#6138 = DIRECTION('',(1.158605346159E-14,0.,1.));
#6139 = ORIENTED_EDGE('',*,*,#6102,.T.);
#6140 = PLANE('',#6141);
#6141 = AXIS2_PLACEMENT_3D('',#6142,#6143,#6144);
#6142 = CARTESIAN_POINT('',(-7.6711160764E-02,0.4099959,0.150550280337)
  );
#6143 = DIRECTION('',(1.,0.,-1.158605346159E-14));
#6144 = DIRECTION('',(-1.158605346159E-14,0.,-1.));
#6145 = ADVANCED_FACE('',(#6146),#6164,.F.);
#6146 = FACE_BOUND('',#6147,.T.);
#6147 = EDGE_LOOP('',(#6148,#6149,#6157,#6163));
#6148 = ORIENTED_EDGE('',*,*,#1164,.T.);
#6149 = ORIENTED_EDGE('',*,*,#6150,.F.);
#6150 = EDGE_CURVE('',#6151,#1157,#6153,.T.);
#6151 = VERTEX_POINT('',#6152);
#6152 = CARTESIAN_POINT('',(-5.5760248261E-02,0.4099959,0.150550280337)
  );
#6153 = LINE('',#6154,#6155);
#6154 = CARTESIAN_POINT('',(-5.5760248261E-02,0.4099959,0.150550280337)
  );
#6155 = VECTOR('',#6156,1.);
#6156 = DIRECTION('',(0.,-1.,0.));
#6157 = ORIENTED_EDGE('',*,*,#6158,.F.);
#6158 = EDGE_CURVE('',#6127,#6151,#6159,.T.);
#6159 = LINE('',#6160,#6161);
#6160 = CARTESIAN_POINT('',(-5.5760248261E-02,0.4099959,0.150550280337)
  );
#6161 = VECTOR('',#6162,1.);
#6162 = DIRECTION('',(1.,0.,-6.468640270039E-15));
#6163 = ORIENTED_EDGE('',*,*,#6126,.T.);
#6164 = PLANE('',#6165);
#6165 = AXIS2_PLACEMENT_3D('',#6166,#6167,#6168);
#6166 = CARTESIAN_POINT('',(-5.5760248261E-02,0.4099959,0.150550280337)
  );
#6167 = DIRECTION('',(-6.468640270039E-15,0.,-1.));
#6168 = DIRECTION('',(-1.,0.,6.468640270039E-15));
#6169 = ADVANCED_FACE('',(#6170),#6188,.F.);
#6170 = FACE_BOUND('',#6171,.T.);
#6171 = EDGE_LOOP('',(#6172,#6173,#6181,#6187));
#6172 = ORIENTED_EDGE('',*,*,#1156,.T.);
#6173 = ORIENTED_EDGE('',*,*,#6174,.F.);
#6174 = EDGE_CURVE('',#6175,#1149,#6177,.T.);
#6175 = VERTEX_POINT('',#6176);
#6176 = CARTESIAN_POINT('',(-5.5760248261E-02,0.4099959,0.109875357404)
  );
#6177 = LINE('',#6178,#6179);
#6178 = CARTESIAN_POINT('',(-5.5760248261E-02,0.4099959,0.109875357404)
  );
#6179 = VECTOR('',#6180,1.);
#6180 = DIRECTION('',(0.,-1.,0.));
#6181 = ORIENTED_EDGE('',*,*,#6182,.F.);
#6182 = EDGE_CURVE('',#6151,#6175,#6183,.T.);
#6183 = LINE('',#6184,#6185);
#6184 = CARTESIAN_POINT('',(-5.5760248261E-02,0.4099959,0.109875357404)
  );
#6185 = VECTOR('',#6186,1.);
#6186 = DIRECTION('',(-6.663757742396E-15,0.,-1.));
#6187 = ORIENTED_EDGE('',*,*,#6150,.T.);
#6188 = PLANE('',#6189);
#6189 = AXIS2_PLACEMENT_3D('',#6190,#6191,#6192);
#6190 = CARTESIAN_POINT('',(-5.5760248261E-02,0.4099959,0.109875357404)
  );
#6191 = DIRECTION('',(-1.,0.,6.663757742396E-15));
#6192 = DIRECTION('',(6.663757742396E-15,0.,1.));
#6193 = ADVANCED_FACE('',(#6194),#6205,.F.);
#6194 = FACE_BOUND('',#6195,.T.);
#6195 = EDGE_LOOP('',(#6196,#6197,#6198,#6204));
#6196 = ORIENTED_EDGE('',*,*,#1148,.T.);
#6197 = ORIENTED_EDGE('',*,*,#5943,.F.);
#6198 = ORIENTED_EDGE('',*,*,#6199,.F.);
#6199 = EDGE_CURVE('',#6175,#5936,#6200,.T.);
#6200 = LINE('',#6201,#6202);
#6201 = CARTESIAN_POINT('',(-7.7636536055E-02,0.4099959,0.109875357404)
  );
#6202 = VECTOR('',#6203,1.);
#6203 = DIRECTION('',(-1.,0.,6.195014327081E-15));
#6204 = ORIENTED_EDGE('',*,*,#6174,.T.);
#6205 = PLANE('',#6206);
#6206 = AXIS2_PLACEMENT_3D('',#6207,#6208,#6209);
#6207 = CARTESIAN_POINT('',(-7.7636536055E-02,0.4099959,0.109875357404)
  );
#6208 = DIRECTION('',(6.195014327081E-15,0.,1.));
#6209 = DIRECTION('',(1.,0.,-6.195014327081E-15));
#6210 = ADVANCED_FACE('',(#6211),#6225,.F.);
#6211 = FACE_BOUND('',#6212,.T.);
#6212 = EDGE_LOOP('',(#6213,#6214,#6215,#6216,#6217,#6218,#6219,#6220,
    #6221,#6222,#6223,#6224));
#6213 = ORIENTED_EDGE('',*,*,#5935,.T.);
#6214 = ORIENTED_EDGE('',*,*,#5966,.T.);
#6215 = ORIENTED_EDGE('',*,*,#5990,.T.);
#6216 = ORIENTED_EDGE('',*,*,#6014,.T.);
#6217 = ORIENTED_EDGE('',*,*,#6038,.T.);
#6218 = ORIENTED_EDGE('',*,*,#6062,.T.);
#6219 = ORIENTED_EDGE('',*,*,#6086,.T.);
#6220 = ORIENTED_EDGE('',*,*,#6110,.T.);
#6221 = ORIENTED_EDGE('',*,*,#6134,.T.);
#6222 = ORIENTED_EDGE('',*,*,#6158,.T.);
#6223 = ORIENTED_EDGE('',*,*,#6182,.T.);
#6224 = ORIENTED_EDGE('',*,*,#6199,.T.);
#6225 = PLANE('',#6226);
#6226 = AXIS2_PLACEMENT_3D('',#6227,#6228,#6229);
#6227 = CARTESIAN_POINT('',(0.,0.4099959,0.));
#6228 = DIRECTION('',(0.,-1.,0.));
#6229 = DIRECTION('',(0.,0.,-1.));
#6230 = ADVANCED_FACE('',(#6231,#6293),#6355,.T.);
#6231 = FACE_BOUND('',#6232,.T.);
#6232 = EDGE_LOOP('',(#6233,#6243,#6252,#6261,#6270,#6279,#6287));
#6233 = ORIENTED_EDGE('',*,*,#6234,.T.);
#6234 = EDGE_CURVE('',#6235,#6237,#6239,.T.);
#6235 = VERTEX_POINT('',#6236);
#6236 = CARTESIAN_POINT('',(-8.5320270219E-02,0.4099959,0.109875357404)
  );
#6237 = VERTEX_POINT('',#6238);
#6238 = CARTESIAN_POINT('',(-9.6507953521E-02,0.4099959,0.109875357404)
  );
#6239 = LINE('',#6240,#6241);
#6240 = CARTESIAN_POINT('',(-9.6507953521E-02,0.4099959,0.109875357404)
  );
#6241 = VECTOR('',#6242,1.);
#6242 = DIRECTION('',(-1.,0.,7.268202682586E-15));
#6243 = ORIENTED_EDGE('',*,*,#6244,.T.);
#6244 = EDGE_CURVE('',#6237,#6245,#6247,.T.);
#6245 = VERTEX_POINT('',#6246);
#6246 = CARTESIAN_POINT('',(-0.11230171833,0.4099959,0.115573173807));
#6247 = B_SPLINE_CURVE_WITH_KNOTS('',3,(#6248,#6249,#6250,#6251),
  .UNSPECIFIED.,.F.,.F.,(4,4),(5.,6.),.PIECEWISE_BEZIER_KNOTS.);
#6248 = CARTESIAN_POINT('',(-9.6507953521E-02,0.4099959,0.109875357404)
  );
#6249 = CARTESIAN_POINT('',(-0.102943990661,0.4099959,0.109875357404));
#6250 = CARTESIAN_POINT('',(-0.108215510581,0.4099959,0.111767697888));
#6251 = CARTESIAN_POINT('',(-0.11230171833,0.4099959,0.115573173807));
#6252 = ORIENTED_EDGE('',*,*,#6253,.T.);
#6253 = EDGE_CURVE('',#6245,#6254,#6256,.T.);
#6254 = VERTEX_POINT('',#6255);
#6255 = CARTESIAN_POINT('',(-0.118436228691,0.4099959,0.13073269263));
#6256 = B_SPLINE_CURVE_WITH_KNOTS('',3,(#6257,#6258,#6259,#6260),
  .UNSPECIFIED.,.F.,.F.,(4,4),(4.,5.),.PIECEWISE_BEZIER_KNOTS.);
#6257 = CARTESIAN_POINT('',(-0.11230171833,0.4099959,0.115573173807));
#6258 = CARTESIAN_POINT('',(-0.116387926079,0.4099959,0.119378649726));
#6259 = CARTESIAN_POINT('',(-0.118436228691,0.4099959,0.124431822666));
#6260 = CARTESIAN_POINT('',(-0.118436228691,0.4099959,0.13073269263));
#6261 = ORIENTED_EDGE('',*,*,#6262,.T.);
#6262 = EDGE_CURVE('',#6254,#6263,#6265,.T.);
#6263 = VERTEX_POINT('',#6264);
#6264 = CARTESIAN_POINT('',(-0.11230171833,0.4099959,0.14516438819));
#6265 = B_SPLINE_CURVE_WITH_KNOTS('',3,(#6266,#6267,#6268,#6269),
  .UNSPECIFIED.,.F.,.F.,(4,4),(3.,4.),.PIECEWISE_BEZIER_KNOTS.);
#6266 = CARTESIAN_POINT('',(-0.118436228691,0.4099959,0.13073269263));
#6267 = CARTESIAN_POINT('',(-0.118436228691,0.4099959,0.136763228239));
#6268 = CARTESIAN_POINT('',(-0.116387926079,0.4099959,0.141566861775));
#6269 = CARTESIAN_POINT('',(-0.11230171833,0.4099959,0.14516438819));
#6270 = ORIENTED_EDGE('',*,*,#6271,.T.);
#6271 = EDGE_CURVE('',#6263,#6272,#6274,.T.);
#6272 = VERTEX_POINT('',#6273);
#6273 = CARTESIAN_POINT('',(-9.6923852528E-02,0.4099959,0.150550280337)
  );
#6274 = B_SPLINE_CURVE_WITH_KNOTS('',3,(#6275,#6276,#6277,#6278),
  .UNSPECIFIED.,.F.,.F.,(4,4),(2.,3.),.PIECEWISE_BEZIER_KNOTS.);
#6275 = CARTESIAN_POINT('',(-0.11230171833,0.4099959,0.14516438819));
#6276 = CARTESIAN_POINT('',(-0.108215510581,0.4099959,0.148761914605));
#6277 = CARTESIAN_POINT('',(-0.103089555314,0.4099959,0.150550280337));
#6278 = CARTESIAN_POINT('',(-9.6923852528E-02,0.4099959,0.150550280337)
  );
#6279 = ORIENTED_EDGE('',*,*,#6280,.T.);
#6280 = EDGE_CURVE('',#6272,#6281,#6283,.T.);
#6281 = VERTEX_POINT('',#6282);
#6282 = CARTESIAN_POINT('',(-8.5320270219E-02,0.4099959,0.150550280337)
  );
#6283 = LINE('',#6284,#6285);
#6284 = CARTESIAN_POINT('',(-8.5320270219E-02,0.4099959,0.150550280337)
  );
#6285 = VECTOR('',#6286,1.);
#6286 = DIRECTION('',(1.,0.,-7.007693625814E-15));
#6287 = ORIENTED_EDGE('',*,*,#6288,.T.);
#6288 = EDGE_CURVE('',#6281,#6235,#6289,.T.);
#6289 = LINE('',#6290,#6291);
#6290 = CARTESIAN_POINT('',(-8.5320270219E-02,0.4099959,0.109875357404)
  );
#6291 = VECTOR('',#6292,1.);
#6292 = DIRECTION('',(-7.996509290875E-15,0.,-1.));
#6293 = FACE_BOUND('',#6294,.T.);
#6294 = EDGE_LOOP('',(#6295,#6305,#6313,#6322,#6331,#6340,#6349));
#6295 = ORIENTED_EDGE('',*,*,#6296,.F.);
#6296 = EDGE_CURVE('',#6297,#6299,#6301,.T.);
#6297 = VERTEX_POINT('',#6298);
#6298 = CARTESIAN_POINT('',(-9.0570995189E-02,0.4099959,0.145871416503)
  );
#6299 = VERTEX_POINT('',#6300);
#6300 = CARTESIAN_POINT('',(-9.0570995189E-02,0.4099959,0.114512631337)
  );
#6301 = LINE('',#6302,#6303);
#6302 = CARTESIAN_POINT('',(-9.0570995189E-02,0.4099959,0.145871416503)
  );
#6303 = VECTOR('',#6304,1.);
#6304 = DIRECTION('',(-6.914753392094E-15,0.,-1.));
#6305 = ORIENTED_EDGE('',*,*,#6306,.F.);
#6306 = EDGE_CURVE('',#6307,#6297,#6309,.T.);
#6307 = VERTEX_POINT('',#6308);
#6308 = CARTESIAN_POINT('',(-9.6715903024E-02,0.4099959,0.145871416503)
  );
#6309 = LINE('',#6310,#6311);
#6310 = CARTESIAN_POINT('',(-9.6715903024E-02,0.4099959,0.145871416503)
  );
#6311 = VECTOR('',#6312,1.);
#6312 = DIRECTION('',(1.,0.,-1.323280217751E-14));
#6313 = ORIENTED_EDGE('',*,*,#6314,.F.);
#6314 = EDGE_CURVE('',#6315,#6307,#6317,.T.);
#6315 = VERTEX_POINT('',#6316);
#6316 = CARTESIAN_POINT('',(-0.108454652511,0.4099959,0.142045145633));
#6317 = B_SPLINE_CURVE_WITH_KNOTS('',3,(#6318,#6319,#6320,#6321),
  .UNSPECIFIED.,.F.,.F.,(4,4),(5.,6.),.PIECEWISE_BEZIER_KNOTS.);
#6318 = CARTESIAN_POINT('',(-0.108454652511,0.4099959,0.142045145633));
#6319 = CARTESIAN_POINT('',(-0.105480974607,0.4099959,0.14460292453));
#6320 = CARTESIAN_POINT('',(-0.101561126462,0.4099959,0.145871416503));
#6321 = CARTESIAN_POINT('',(-9.6715903024E-02,0.4099959,0.145871416503)
  );
#6322 = ORIENTED_EDGE('',*,*,#6323,.F.);
#6323 = EDGE_CURVE('',#6324,#6315,#6326,.T.);
#6324 = VERTEX_POINT('',#6325);
#6325 = CARTESIAN_POINT('',(-0.112915169366,0.4099959,0.130587127978));
#6326 = B_SPLINE_CURVE_WITH_KNOTS('',3,(#6327,#6328,#6329,#6330),
  .UNSPECIFIED.,.F.,.F.,(4,4),(4.,5.),.PIECEWISE_BEZIER_KNOTS.);
#6327 = CARTESIAN_POINT('',(-0.112915169366,0.4099959,0.130587127978));
#6328 = CARTESIAN_POINT('',(-0.112915169366,0.4099959,0.135661095868));
#6329 = CARTESIAN_POINT('',(-0.111428330415,0.4099959,0.139487366737));
#6330 = CARTESIAN_POINT('',(-0.108454652511,0.4099959,0.142045145633));
#6331 = ORIENTED_EDGE('',*,*,#6332,.F.);
#6332 = EDGE_CURVE('',#6333,#6324,#6335,.T.);
#6333 = VERTEX_POINT('',#6334);
#6334 = CARTESIAN_POINT('',(-0.108569024738,0.4099959,0.118754801214));
#6335 = B_SPLINE_CURVE_WITH_KNOTS('',3,(#6336,#6337,#6338,#6339),
  .UNSPECIFIED.,.F.,.F.,(4,4),(3.,4.),.PIECEWISE_BEZIER_KNOTS.);
#6336 = CARTESIAN_POINT('',(-0.108569024738,0.4099959,0.118754801214));
#6337 = CARTESIAN_POINT('',(-0.111469920316,0.4099959,0.121562119515));
#6338 = CARTESIAN_POINT('',(-0.112915169366,0.4099959,0.125513160086));
#6339 = CARTESIAN_POINT('',(-0.112915169366,0.4099959,0.130587127978));
#6340 = ORIENTED_EDGE('',*,*,#6341,.F.);
#6341 = EDGE_CURVE('',#6342,#6333,#6344,.T.);
#6342 = VERTEX_POINT('',#6343);
#6343 = CARTESIAN_POINT('',(-9.6476761095E-02,0.4099959,0.114512631337)
  );
#6344 = B_SPLINE_CURVE_WITH_KNOTS('',3,(#6345,#6346,#6347,#6348),
  .UNSPECIFIED.,.F.,.F.,(4,4),(2.,3.),.PIECEWISE_BEZIER_KNOTS.);
#6345 = CARTESIAN_POINT('',(-9.6476761095E-02,0.4099959,0.114512631337)
  );
#6346 = CARTESIAN_POINT('',(-0.101644306263,0.4099959,0.114512631337));
#6347 = CARTESIAN_POINT('',(-0.105678526636,0.4099959,0.115926687964));
#6348 = CARTESIAN_POINT('',(-0.108569024738,0.4099959,0.118754801214));
#6349 = ORIENTED_EDGE('',*,*,#6350,.F.);
#6350 = EDGE_CURVE('',#6299,#6342,#6351,.T.);
#6351 = LINE('',#6352,#6353);
#6352 = CARTESIAN_POINT('',(-9.0570995189E-02,0.4099959,0.114512631337)
  );
#6353 = VECTOR('',#6354,1.);
#6354 = DIRECTION('',(-1.,0.,6.884318738176E-15));
#6355 = PLANE('',#6356);
#6356 = AXIS2_PLACEMENT_3D('',#6357,#6358,#6359);
#6357 = CARTESIAN_POINT('',(-0.105392596068,0.4099959,0.149206406669));
#6358 = DIRECTION('',(0.,1.,0.));
#6359 = DIRECTION('',(0.,-0.,1.));
#6360 = ADVANCED_FACE('',(#6361),#6377,.F.);
#6361 = FACE_BOUND('',#6362,.T.);
#6362 = EDGE_LOOP('',(#6363,#6364,#6370,#6371));
#6363 = ORIENTED_EDGE('',*,*,#1236,.T.);
#6364 = ORIENTED_EDGE('',*,*,#6365,.F.);
#6365 = EDGE_CURVE('',#6237,#1239,#6366,.T.);
#6366 = LINE('',#6367,#6368);
#6367 = CARTESIAN_POINT('',(-9.6507953521E-02,0.4099959,0.109875357404)
  );
#6368 = VECTOR('',#6369,1.);
#6369 = DIRECTION('',(0.,-1.,0.));
#6370 = ORIENTED_EDGE('',*,*,#6234,.F.);
#6371 = ORIENTED_EDGE('',*,*,#6372,.T.);
#6372 = EDGE_CURVE('',#6235,#1237,#6373,.T.);
#6373 = LINE('',#6374,#6375);
#6374 = CARTESIAN_POINT('',(-8.5320270219E-02,0.4099959,0.109875357404)
  );
#6375 = VECTOR('',#6376,1.);
#6376 = DIRECTION('',(0.,-1.,0.));
#6377 = PLANE('',#6378);
#6378 = AXIS2_PLACEMENT_3D('',#6379,#6380,#6381);
#6379 = CARTESIAN_POINT('',(-9.6507953521E-02,0.4099959,0.109875357404)
  );
#6380 = DIRECTION('',(7.268202682586E-15,0.,1.));
#6381 = DIRECTION('',(1.,0.,-7.268202682586E-15));
#6382 = ADVANCED_FACE('',(#6383),#6394,.F.);
#6383 = FACE_BOUND('',#6384,.F.);
#6384 = EDGE_LOOP('',(#6385,#6386,#6387,#6393));
#6385 = ORIENTED_EDGE('',*,*,#6365,.F.);
#6386 = ORIENTED_EDGE('',*,*,#6244,.T.);
#6387 = ORIENTED_EDGE('',*,*,#6388,.T.);
#6388 = EDGE_CURVE('',#6245,#1281,#6389,.T.);
#6389 = LINE('',#6390,#6391);
#6390 = CARTESIAN_POINT('',(-0.11230171833,0.4099959,0.115573173807));
#6391 = VECTOR('',#6392,1.);
#6392 = DIRECTION('',(0.,-1.,0.));
#6393 = ORIENTED_EDGE('',*,*,#1289,.F.);
#6394 = B_SPLINE_SURFACE_WITH_KNOTS('',3,1,(
    (#6395,#6396)
    ,(#6397,#6398)
    ,(#6399,#6400)
    ,(#6401,#6402
    )),.UNSPECIFIED.,.F.,.F.,.F.,(4,4),(2,2),(5.,6.),(0.,1.),
  .PIECEWISE_BEZIER_KNOTS.);
#6395 = CARTESIAN_POINT('',(-9.6507953521E-02,0.4099959,0.109875357404)
  );
#6396 = CARTESIAN_POINT('',(-9.6507953521E-02,0.399996,0.109875357404));
#6397 = CARTESIAN_POINT('',(-0.102943990661,0.4099959,0.109875357404));
#6398 = CARTESIAN_POINT('',(-0.102943990661,0.399996,0.109875357404));
#6399 = CARTESIAN_POINT('',(-0.108215510581,0.4099959,0.111767697888));
#6400 = CARTESIAN_POINT('',(-0.108215510581,0.399996,0.111767697888));
#6401 = CARTESIAN_POINT('',(-0.11230171833,0.4099959,0.115573173807));
#6402 = CARTESIAN_POINT('',(-0.11230171833,0.399996,0.115573173807));
#6403 = ADVANCED_FACE('',(#6404),#6415,.F.);
#6404 = FACE_BOUND('',#6405,.F.);
#6405 = EDGE_LOOP('',(#6406,#6407,#6408,#6414));
#6406 = ORIENTED_EDGE('',*,*,#6388,.F.);
#6407 = ORIENTED_EDGE('',*,*,#6253,.T.);
#6408 = ORIENTED_EDGE('',*,*,#6409,.T.);
#6409 = EDGE_CURVE('',#6254,#1272,#6410,.T.);
#6410 = LINE('',#6411,#6412);
#6411 = CARTESIAN_POINT('',(-0.118436228691,0.4099959,0.13073269263));
#6412 = VECTOR('',#6413,1.);
#6413 = DIRECTION('',(0.,-1.,0.));
#6414 = ORIENTED_EDGE('',*,*,#1280,.F.);
#6415 = B_SPLINE_SURFACE_WITH_KNOTS('',3,1,(
    (#6416,#6417)
    ,(#6418,#6419)
    ,(#6420,#6421)
    ,(#6422,#6423
    )),.UNSPECIFIED.,.F.,.F.,.F.,(4,4),(2,2),(4.,5.),(0.,1.),
  .PIECEWISE_BEZIER_KNOTS.);
#6416 = CARTESIAN_POINT('',(-0.11230171833,0.4099959,0.115573173807));
#6417 = CARTESIAN_POINT('',(-0.11230171833,0.399996,0.115573173807));
#6418 = CARTESIAN_POINT('',(-0.116387926079,0.4099959,0.119378649726));
#6419 = CARTESIAN_POINT('',(-0.116387926079,0.399996,0.119378649726));
#6420 = CARTESIAN_POINT('',(-0.118436228691,0.4099959,0.124431822666));
#6421 = CARTESIAN_POINT('',(-0.118436228691,0.399996,0.124431822666));
#6422 = CARTESIAN_POINT('',(-0.118436228691,0.4099959,0.13073269263));
#6423 = CARTESIAN_POINT('',(-0.118436228691,0.399996,0.13073269263));
#6424 = ADVANCED_FACE('',(#6425),#6436,.F.);
#6425 = FACE_BOUND('',#6426,.F.);
#6426 = EDGE_LOOP('',(#6427,#6428,#6429,#6435));
#6427 = ORIENTED_EDGE('',*,*,#6409,.F.);
#6428 = ORIENTED_EDGE('',*,*,#6262,.T.);
#6429 = ORIENTED_EDGE('',*,*,#6430,.T.);
#6430 = EDGE_CURVE('',#6263,#1263,#6431,.T.);
#6431 = LINE('',#6432,#6433);
#6432 = CARTESIAN_POINT('',(-0.11230171833,0.4099959,0.14516438819));
#6433 = VECTOR('',#6434,1.);
#6434 = DIRECTION('',(0.,-1.,0.));
#6435 = ORIENTED_EDGE('',*,*,#1271,.F.);
#6436 = B_SPLINE_SURFACE_WITH_KNOTS('',3,1,(
    (#6437,#6438)
    ,(#6439,#6440)
    ,(#6441,#6442)
    ,(#6443,#6444
    )),.UNSPECIFIED.,.F.,.F.,.F.,(4,4),(2,2),(3.,4.),(0.,1.),
  .PIECEWISE_BEZIER_KNOTS.);
#6437 = CARTESIAN_POINT('',(-0.118436228691,0.4099959,0.13073269263));
#6438 = CARTESIAN_POINT('',(-0.118436228691,0.399996,0.13073269263));
#6439 = CARTESIAN_POINT('',(-0.118436228691,0.4099959,0.136763228239));
#6440 = CARTESIAN_POINT('',(-0.118436228691,0.399996,0.136763228239));
#6441 = CARTESIAN_POINT('',(-0.116387926079,0.4099959,0.141566861775));
#6442 = CARTESIAN_POINT('',(-0.116387926079,0.399996,0.141566861775));
#6443 = CARTESIAN_POINT('',(-0.11230171833,0.4099959,0.14516438819));
#6444 = CARTESIAN_POINT('',(-0.11230171833,0.399996,0.14516438819));
#6445 = ADVANCED_FACE('',(#6446),#6457,.F.);
#6446 = FACE_BOUND('',#6447,.F.);
#6447 = EDGE_LOOP('',(#6448,#6449,#6450,#6456));
#6448 = ORIENTED_EDGE('',*,*,#6430,.F.);
#6449 = ORIENTED_EDGE('',*,*,#6271,.T.);
#6450 = ORIENTED_EDGE('',*,*,#6451,.T.);
#6451 = EDGE_CURVE('',#6272,#1255,#6452,.T.);
#6452 = LINE('',#6453,#6454);
#6453 = CARTESIAN_POINT('',(-9.6923852528E-02,0.4099959,0.150550280337)
  );
#6454 = VECTOR('',#6455,1.);
#6455 = DIRECTION('',(0.,-1.,0.));
#6456 = ORIENTED_EDGE('',*,*,#1262,.F.);
#6457 = B_SPLINE_SURFACE_WITH_KNOTS('',3,1,(
    (#6458,#6459)
    ,(#6460,#6461)
    ,(#6462,#6463)
    ,(#6464,#6465
    )),.UNSPECIFIED.,.F.,.F.,.F.,(4,4),(2,2),(2.,3.),(0.,1.),
  .PIECEWISE_BEZIER_KNOTS.);
#6458 = CARTESIAN_POINT('',(-0.11230171833,0.4099959,0.14516438819));
#6459 = CARTESIAN_POINT('',(-0.11230171833,0.399996,0.14516438819));
#6460 = CARTESIAN_POINT('',(-0.108215510581,0.4099959,0.148761914605));
#6461 = CARTESIAN_POINT('',(-0.108215510581,0.399996,0.148761914605));
#6462 = CARTESIAN_POINT('',(-0.103089555314,0.4099959,0.150550280337));
#6463 = CARTESIAN_POINT('',(-0.103089555314,0.399996,0.150550280337));
#6464 = CARTESIAN_POINT('',(-9.6923852528E-02,0.4099959,0.150550280337)
  );
#6465 = CARTESIAN_POINT('',(-9.6923852528E-02,0.399996,0.150550280337));
#6466 = ADVANCED_FACE('',(#6467),#6478,.F.);
#6467 = FACE_BOUND('',#6468,.T.);
#6468 = EDGE_LOOP('',(#6469,#6470,#6476,#6477));
#6469 = ORIENTED_EDGE('',*,*,#1254,.T.);
#6470 = ORIENTED_EDGE('',*,*,#6471,.F.);
#6471 = EDGE_CURVE('',#6281,#1247,#6472,.T.);
#6472 = LINE('',#6473,#6474);
#6473 = CARTESIAN_POINT('',(-8.5320270219E-02,0.4099959,0.150550280337)
  );
#6474 = VECTOR('',#6475,1.);
#6475 = DIRECTION('',(0.,-1.,0.));
#6476 = ORIENTED_EDGE('',*,*,#6280,.F.);
#6477 = ORIENTED_EDGE('',*,*,#6451,.T.);
#6478 = PLANE('',#6479);
#6479 = AXIS2_PLACEMENT_3D('',#6480,#6481,#6482);
#6480 = CARTESIAN_POINT('',(-8.5320270219E-02,0.4099959,0.150550280337)
  );
#6481 = DIRECTION('',(-7.007693625814E-15,0.,-1.));
#6482 = DIRECTION('',(-1.,0.,7.007693625814E-15));
#6483 = ADVANCED_FACE('',(#6484),#6490,.F.);
#6484 = FACE_BOUND('',#6485,.T.);
#6485 = EDGE_LOOP('',(#6486,#6487,#6488,#6489));
#6486 = ORIENTED_EDGE('',*,*,#1246,.T.);
#6487 = ORIENTED_EDGE('',*,*,#6372,.F.);
#6488 = ORIENTED_EDGE('',*,*,#6288,.F.);
#6489 = ORIENTED_EDGE('',*,*,#6471,.T.);
#6490 = PLANE('',#6491);
#6491 = AXIS2_PLACEMENT_3D('',#6492,#6493,#6494);
#6492 = CARTESIAN_POINT('',(-8.5320270219E-02,0.4099959,0.109875357404)
  );
#6493 = DIRECTION('',(-1.,0.,7.996509290875E-15));
#6494 = DIRECTION('',(7.996509290875E-15,0.,1.));
#6495 = ADVANCED_FACE('',(#6496),#6521,.T.);
#6496 = FACE_BOUND('',#6497,.T.);
#6497 = EDGE_LOOP('',(#6498,#6508,#6514,#6515));
#6498 = ORIENTED_EDGE('',*,*,#6499,.F.);
#6499 = EDGE_CURVE('',#6500,#6502,#6504,.T.);
#6500 = VERTEX_POINT('',#6501);
#6501 = CARTESIAN_POINT('',(-9.6715903024E-02,0.399996,0.145871416503));
#6502 = VERTEX_POINT('',#6503);
#6503 = CARTESIAN_POINT('',(-9.0570995189E-02,0.399996,0.145871416503));
#6504 = LINE('',#6505,#6506);
#6505 = CARTESIAN_POINT('',(-9.6715903024E-02,0.399996,0.145871416503));
#6506 = VECTOR('',#6507,1.);
#6507 = DIRECTION('',(1.,0.,-1.323280217751E-14));
#6508 = ORIENTED_EDGE('',*,*,#6509,.F.);
#6509 = EDGE_CURVE('',#6307,#6500,#6510,.T.);
#6510 = LINE('',#6511,#6512);
#6511 = CARTESIAN_POINT('',(-9.6715903024E-02,0.4099959,0.145871416503)
  );
#6512 = VECTOR('',#6513,1.);
#6513 = DIRECTION('',(0.,-1.,0.));
#6514 = ORIENTED_EDGE('',*,*,#6306,.T.);
#6515 = ORIENTED_EDGE('',*,*,#6516,.T.);
#6516 = EDGE_CURVE('',#6297,#6502,#6517,.T.);
#6517 = LINE('',#6518,#6519);
#6518 = CARTESIAN_POINT('',(-9.0570995189E-02,0.4099959,0.145871416503)
  );
#6519 = VECTOR('',#6520,1.);
#6520 = DIRECTION('',(0.,-1.,0.));
#6521 = PLANE('',#6522);
#6522 = AXIS2_PLACEMENT_3D('',#6523,#6524,#6525);
#6523 = CARTESIAN_POINT('',(-9.6715903024E-02,0.4099959,0.145871416503)
  );
#6524 = DIRECTION('',(-1.323280217751E-14,0.,-1.));
#6525 = DIRECTION('',(-1.,0.,1.323280217751E-14));
#6526 = ADVANCED_FACE('',(#6527),#6545,.T.);
#6527 = FACE_BOUND('',#6528,.T.);
#6528 = EDGE_LOOP('',(#6529,#6537,#6538,#6539));
#6529 = ORIENTED_EDGE('',*,*,#6530,.F.);
#6530 = EDGE_CURVE('',#6502,#6531,#6533,.T.);
#6531 = VERTEX_POINT('',#6532);
#6532 = CARTESIAN_POINT('',(-9.0570995189E-02,0.399996,0.114512631337));
#6533 = LINE('',#6534,#6535);
#6534 = CARTESIAN_POINT('',(-9.0570995189E-02,0.399996,0.145871416503));
#6535 = VECTOR('',#6536,1.);
#6536 = DIRECTION('',(-6.914753392094E-15,0.,-1.));
#6537 = ORIENTED_EDGE('',*,*,#6516,.F.);
#6538 = ORIENTED_EDGE('',*,*,#6296,.T.);
#6539 = ORIENTED_EDGE('',*,*,#6540,.T.);
#6540 = EDGE_CURVE('',#6299,#6531,#6541,.T.);
#6541 = LINE('',#6542,#6543);
#6542 = CARTESIAN_POINT('',(-9.0570995189E-02,0.4099959,0.114512631337)
  );
#6543 = VECTOR('',#6544,1.);
#6544 = DIRECTION('',(0.,-1.,0.));
#6545 = PLANE('',#6546);
#6546 = AXIS2_PLACEMENT_3D('',#6547,#6548,#6549);
#6547 = CARTESIAN_POINT('',(-9.0570995189E-02,0.4099959,0.145871416503)
  );
#6548 = DIRECTION('',(-1.,0.,6.914753392094E-15));
#6549 = DIRECTION('',(6.914753392094E-15,0.,1.));
#6550 = ADVANCED_FACE('',(#6551),#6569,.T.);
#6551 = FACE_BOUND('',#6552,.T.);
#6552 = EDGE_LOOP('',(#6553,#6561,#6562,#6563));
#6553 = ORIENTED_EDGE('',*,*,#6554,.F.);
#6554 = EDGE_CURVE('',#6531,#6555,#6557,.T.);
#6555 = VERTEX_POINT('',#6556);
#6556 = CARTESIAN_POINT('',(-9.6476761095E-02,0.399996,0.114512631337));
#6557 = LINE('',#6558,#6559);
#6558 = CARTESIAN_POINT('',(-9.0570995189E-02,0.399996,0.114512631337));
#6559 = VECTOR('',#6560,1.);
#6560 = DIRECTION('',(-1.,0.,6.884318738176E-15));
#6561 = ORIENTED_EDGE('',*,*,#6540,.F.);
#6562 = ORIENTED_EDGE('',*,*,#6350,.T.);
#6563 = ORIENTED_EDGE('',*,*,#6564,.T.);
#6564 = EDGE_CURVE('',#6342,#6555,#6565,.T.);
#6565 = LINE('',#6566,#6567);
#6566 = CARTESIAN_POINT('',(-9.6476761095E-02,0.4099959,0.114512631337)
  );
#6567 = VECTOR('',#6568,1.);
#6568 = DIRECTION('',(0.,-1.,0.));
#6569 = PLANE('',#6570);
#6570 = AXIS2_PLACEMENT_3D('',#6571,#6572,#6573);
#6571 = CARTESIAN_POINT('',(-9.0570995189E-02,0.4099959,0.114512631337)
  );
#6572 = DIRECTION('',(6.884318738176E-15,0.,1.));
#6573 = DIRECTION('',(1.,0.,-6.884318738176E-15));
#6574 = ADVANCED_FACE('',(#6575),#6594,.T.);
#6575 = FACE_BOUND('',#6576,.T.);
#6576 = EDGE_LOOP('',(#6577,#6586,#6587,#6588));
#6577 = ORIENTED_EDGE('',*,*,#6578,.F.);
#6578 = EDGE_CURVE('',#6555,#6579,#6581,.T.);
#6579 = VERTEX_POINT('',#6580);
#6580 = CARTESIAN_POINT('',(-0.108569024738,0.399996,0.118754801214));
#6581 = B_SPLINE_CURVE_WITH_KNOTS('',3,(#6582,#6583,#6584,#6585),
  .UNSPECIFIED.,.F.,.F.,(4,4),(2.,3.),.PIECEWISE_BEZIER_KNOTS.);
#6582 = CARTESIAN_POINT('',(-9.6476761095E-02,0.399996,0.114512631337));
#6583 = CARTESIAN_POINT('',(-0.101644306263,0.399996,0.114512631337));
#6584 = CARTESIAN_POINT('',(-0.105678526636,0.399996,0.115926687964));
#6585 = CARTESIAN_POINT('',(-0.108569024738,0.399996,0.118754801214));
#6586 = ORIENTED_EDGE('',*,*,#6564,.F.);
#6587 = ORIENTED_EDGE('',*,*,#6341,.T.);
#6588 = ORIENTED_EDGE('',*,*,#6589,.T.);
#6589 = EDGE_CURVE('',#6333,#6579,#6590,.T.);
#6590 = LINE('',#6591,#6592);
#6591 = CARTESIAN_POINT('',(-0.108569024738,0.4099959,0.118754801214));
#6592 = VECTOR('',#6593,1.);
#6593 = DIRECTION('',(0.,-1.,0.));
#6594 = B_SPLINE_SURFACE_WITH_KNOTS('',3,1,(
    (#6595,#6596)
    ,(#6597,#6598)
    ,(#6599,#6600)
    ,(#6601,#6602
    )),.UNSPECIFIED.,.F.,.F.,.F.,(4,4),(2,2),(2.,3.),(0.,1.),
  .PIECEWISE_BEZIER_KNOTS.);
#6595 = CARTESIAN_POINT('',(-9.6476761095E-02,0.4099959,0.114512631337)
  );
#6596 = CARTESIAN_POINT('',(-9.6476761095E-02,0.399996,0.114512631337));
#6597 = CARTESIAN_POINT('',(-0.101644306263,0.4099959,0.114512631337));
#6598 = CARTESIAN_POINT('',(-0.101644306263,0.399996,0.114512631337));
#6599 = CARTESIAN_POINT('',(-0.105678526636,0.4099959,0.115926687964));
#6600 = CARTESIAN_POINT('',(-0.105678526636,0.399996,0.115926687964));
#6601 = CARTESIAN_POINT('',(-0.108569024738,0.4099959,0.118754801214));
#6602 = CARTESIAN_POINT('',(-0.108569024738,0.399996,0.118754801214));
#6603 = ADVANCED_FACE('',(#6604),#6623,.T.);
#6604 = FACE_BOUND('',#6605,.T.);
#6605 = EDGE_LOOP('',(#6606,#6615,#6616,#6617));
#6606 = ORIENTED_EDGE('',*,*,#6607,.F.);
#6607 = EDGE_CURVE('',#6579,#6608,#6610,.T.);
#6608 = VERTEX_POINT('',#6609);
#6609 = CARTESIAN_POINT('',(-0.112915169366,0.399996,0.130587127978));
#6610 = B_SPLINE_CURVE_WITH_KNOTS('',3,(#6611,#6612,#6613,#6614),
  .UNSPECIFIED.,.F.,.F.,(4,4),(3.,4.),.PIECEWISE_BEZIER_KNOTS.);
#6611 = CARTESIAN_POINT('',(-0.108569024738,0.399996,0.118754801214));
#6612 = CARTESIAN_POINT('',(-0.111469920316,0.399996,0.121562119515));
#6613 = CARTESIAN_POINT('',(-0.112915169366,0.399996,0.125513160086));
#6614 = CARTESIAN_POINT('',(-0.112915169366,0.399996,0.130587127978));
#6615 = ORIENTED_EDGE('',*,*,#6589,.F.);
#6616 = ORIENTED_EDGE('',*,*,#6332,.T.);
#6617 = ORIENTED_EDGE('',*,*,#6618,.T.);
#6618 = EDGE_CURVE('',#6324,#6608,#6619,.T.);
#6619 = LINE('',#6620,#6621);
#6620 = CARTESIAN_POINT('',(-0.112915169366,0.4099959,0.130587127978));
#6621 = VECTOR('',#6622,1.);
#6622 = DIRECTION('',(0.,-1.,0.));
#6623 = B_SPLINE_SURFACE_WITH_KNOTS('',3,1,(
    (#6624,#6625)
    ,(#6626,#6627)
    ,(#6628,#6629)
    ,(#6630,#6631
    )),.UNSPECIFIED.,.F.,.F.,.F.,(4,4),(2,2),(3.,4.),(0.,1.),
  .PIECEWISE_BEZIER_KNOTS.);
#6624 = CARTESIAN_POINT('',(-0.108569024738,0.4099959,0.118754801214));
#6625 = CARTESIAN_POINT('',(-0.108569024738,0.399996,0.118754801214));
#6626 = CARTESIAN_POINT('',(-0.111469920316,0.4099959,0.121562119515));
#6627 = CARTESIAN_POINT('',(-0.111469920316,0.399996,0.121562119515));
#6628 = CARTESIAN_POINT('',(-0.112915169366,0.4099959,0.125513160086));
#6629 = CARTESIAN_POINT('',(-0.112915169366,0.399996,0.125513160086));
#6630 = CARTESIAN_POINT('',(-0.112915169366,0.4099959,0.130587127978));
#6631 = CARTESIAN_POINT('',(-0.112915169366,0.399996,0.130587127978));
#6632 = ADVANCED_FACE('',(#6633),#6652,.T.);
#6633 = FACE_BOUND('',#6634,.T.);
#6634 = EDGE_LOOP('',(#6635,#6644,#6645,#6646));
#6635 = ORIENTED_EDGE('',*,*,#6636,.F.);
#6636 = EDGE_CURVE('',#6608,#6637,#6639,.T.);
#6637 = VERTEX_POINT('',#6638);
#6638 = CARTESIAN_POINT('',(-0.108454652511,0.399996,0.142045145633));
#6639 = B_SPLINE_CURVE_WITH_KNOTS('',3,(#6640,#6641,#6642,#6643),
  .UNSPECIFIED.,.F.,.F.,(4,4),(4.,5.),.PIECEWISE_BEZIER_KNOTS.);
#6640 = CARTESIAN_POINT('',(-0.112915169366,0.399996,0.130587127978));
#6641 = CARTESIAN_POINT('',(-0.112915169366,0.399996,0.135661095868));
#6642 = CARTESIAN_POINT('',(-0.111428330415,0.399996,0.139487366737));
#6643 = CARTESIAN_POINT('',(-0.108454652511,0.399996,0.142045145633));
#6644 = ORIENTED_EDGE('',*,*,#6618,.F.);
#6645 = ORIENTED_EDGE('',*,*,#6323,.T.);
#6646 = ORIENTED_EDGE('',*,*,#6647,.T.);
#6647 = EDGE_CURVE('',#6315,#6637,#6648,.T.);
#6648 = LINE('',#6649,#6650);
#6649 = CARTESIAN_POINT('',(-0.108454652511,0.4099959,0.142045145633));
#6650 = VECTOR('',#6651,1.);
#6651 = DIRECTION('',(0.,-1.,0.));
#6652 = B_SPLINE_SURFACE_WITH_KNOTS('',3,1,(
    (#6653,#6654)
    ,(#6655,#6656)
    ,(#6657,#6658)
    ,(#6659,#6660
    )),.UNSPECIFIED.,.F.,.F.,.F.,(4,4),(2,2),(4.,5.),(0.,1.),
  .PIECEWISE_BEZIER_KNOTS.);
#6653 = CARTESIAN_POINT('',(-0.112915169366,0.4099959,0.130587127978));
#6654 = CARTESIAN_POINT('',(-0.112915169366,0.399996,0.130587127978));
#6655 = CARTESIAN_POINT('',(-0.112915169366,0.4099959,0.135661095868));
#6656 = CARTESIAN_POINT('',(-0.112915169366,0.399996,0.135661095868));
#6657 = CARTESIAN_POINT('',(-0.111428330415,0.4099959,0.139487366737));
#6658 = CARTESIAN_POINT('',(-0.111428330415,0.399996,0.139487366737));
#6659 = CARTESIAN_POINT('',(-0.108454652511,0.4099959,0.142045145633));
#6660 = CARTESIAN_POINT('',(-0.108454652511,0.399996,0.142045145633));
#6661 = ADVANCED_FACE('',(#6662),#6674,.T.);
#6662 = FACE_BOUND('',#6663,.T.);
#6663 = EDGE_LOOP('',(#6664,#6671,#6672,#6673));
#6664 = ORIENTED_EDGE('',*,*,#6665,.F.);
#6665 = EDGE_CURVE('',#6637,#6500,#6666,.T.);
#6666 = B_SPLINE_CURVE_WITH_KNOTS('',3,(#6667,#6668,#6669,#6670),
  .UNSPECIFIED.,.F.,.F.,(4,4),(5.,6.),.PIECEWISE_BEZIER_KNOTS.);
#6667 = CARTESIAN_POINT('',(-0.108454652511,0.399996,0.142045145633));
#6668 = CARTESIAN_POINT('',(-0.105480974607,0.399996,0.14460292453));
#6669 = CARTESIAN_POINT('',(-0.101561126462,0.399996,0.145871416503));
#6670 = CARTESIAN_POINT('',(-9.6715903024E-02,0.399996,0.145871416503));
#6671 = ORIENTED_EDGE('',*,*,#6647,.F.);
#6672 = ORIENTED_EDGE('',*,*,#6314,.T.);
#6673 = ORIENTED_EDGE('',*,*,#6509,.T.);
#6674 = B_SPLINE_SURFACE_WITH_KNOTS('',3,1,(
    (#6675,#6676)
    ,(#6677,#6678)
    ,(#6679,#6680)
    ,(#6681,#6682
    )),.UNSPECIFIED.,.F.,.F.,.F.,(4,4),(2,2),(5.,6.),(0.,1.),
  .PIECEWISE_BEZIER_KNOTS.);
#6675 = CARTESIAN_POINT('',(-0.108454652511,0.4099959,0.142045145633));
#6676 = CARTESIAN_POINT('',(-0.108454652511,0.399996,0.142045145633));
#6677 = CARTESIAN_POINT('',(-0.105480974607,0.4099959,0.14460292453));
#6678 = CARTESIAN_POINT('',(-0.105480974607,0.399996,0.14460292453));
#6679 = CARTESIAN_POINT('',(-0.101561126462,0.4099959,0.145871416503));
#6680 = CARTESIAN_POINT('',(-0.101561126462,0.399996,0.145871416503));
#6681 = CARTESIAN_POINT('',(-9.6715903024E-02,0.4099959,0.145871416503)
  );
#6682 = CARTESIAN_POINT('',(-9.6715903024E-02,0.399996,0.145871416503));
#6683 = ADVANCED_FACE('',(#6684),#6693,.F.);
#6684 = FACE_BOUND('',#6685,.T.);
#6685 = EDGE_LOOP('',(#6686,#6687,#6688,#6689,#6690,#6691,#6692));
#6686 = ORIENTED_EDGE('',*,*,#6665,.T.);
#6687 = ORIENTED_EDGE('',*,*,#6499,.T.);
#6688 = ORIENTED_EDGE('',*,*,#6530,.T.);
#6689 = ORIENTED_EDGE('',*,*,#6554,.T.);
#6690 = ORIENTED_EDGE('',*,*,#6578,.T.);
#6691 = ORIENTED_EDGE('',*,*,#6607,.T.);
#6692 = ORIENTED_EDGE('',*,*,#6636,.T.);
#6693 = PLANE('',#6694);
#6694 = AXIS2_PLACEMENT_3D('',#6695,#6696,#6697);
#6695 = CARTESIAN_POINT('',(-0.799992,0.399996,0.179998199999));
#6696 = DIRECTION('',(0.,-1.,0.));
#6697 = DIRECTION('',(0.,0.,-1.));
#6698 = ADVANCED_FACE('',(#6699,#6765),#6817,.F.);
#6699 = FACE_BOUND('',#6700,.T.);
#6700 = EDGE_LOOP('',(#6701,#6711,#6719,#6727,#6735,#6743,#6751,#6759));
#6701 = ORIENTED_EDGE('',*,*,#6702,.T.);
#6702 = EDGE_CURVE('',#6703,#6705,#6707,.T.);
#6703 = VERTEX_POINT('',#6704);
#6704 = CARTESIAN_POINT('',(-0.157291593466,0.4099959,0.109875357404));
#6705 = VERTEX_POINT('',#6706);
#6706 = CARTESIAN_POINT('',(-0.141799355436,0.4099959,0.150550280337));
#6707 = LINE('',#6708,#6709);
#6708 = CARTESIAN_POINT('',(-0.141799355436,0.4099959,0.150550280337));
#6709 = VECTOR('',#6710,1.);
#6710 = DIRECTION('',(0.355935724369,0.,0.934510438742));
#6711 = ORIENTED_EDGE('',*,*,#6712,.T.);
#6712 = EDGE_CURVE('',#6705,#6713,#6715,.T.);
#6713 = VERTEX_POINT('',#6714);
#6714 = CARTESIAN_POINT('',(-0.136184718835,0.4099959,0.150550280337));
#6715 = LINE('',#6716,#6717);
#6716 = CARTESIAN_POINT('',(-0.136184718835,0.4099959,0.150550280337));
#6717 = VECTOR('',#6718,1.);
#6718 = DIRECTION('',(1.,0.,-9.655044551229E-15));
#6719 = ORIENTED_EDGE('',*,*,#6720,.T.);
#6720 = EDGE_CURVE('',#6713,#6721,#6723,.T.);
#6721 = VERTEX_POINT('',#6722);
#6722 = CARTESIAN_POINT('',(-0.120692480806,0.4099959,0.109875357404));
#6723 = LINE('',#6724,#6725);
#6724 = CARTESIAN_POINT('',(-0.120692480806,0.4099959,0.109875357404));
#6725 = VECTOR('',#6726,1.);
#6726 = DIRECTION('',(0.355935724364,0.,-0.934510438744));
#6727 = ORIENTED_EDGE('',*,*,#6728,.T.);
#6728 = EDGE_CURVE('',#6721,#6729,#6731,.T.);
#6729 = VERTEX_POINT('',#6730);
#6730 = CARTESIAN_POINT('',(-0.126494271961,0.4099959,0.109875357404));
#6731 = LINE('',#6732,#6733);
#6732 = CARTESIAN_POINT('',(-0.126494271961,0.4099959,0.109875357404));
#6733 = VECTOR('',#6734,1.);
#6734 = DIRECTION('',(-1.,0.,7.007693626149E-15));
#6735 = ORIENTED_EDGE('',*,*,#6736,.T.);
#6736 = EDGE_CURVE('',#6729,#6737,#6739,.T.);
#6737 = VERTEX_POINT('',#6738);
#6738 = CARTESIAN_POINT('',(-0.130403722631,0.4099959,0.121000655854));
#6739 = LINE('',#6740,#6741);
#6740 = CARTESIAN_POINT('',(-0.130403722631,0.4099959,0.121000655854));
#6741 = VECTOR('',#6742,1.);
#6742 = DIRECTION('',(-0.33152841835,0.,0.943445233083));
#6743 = ORIENTED_EDGE('',*,*,#6744,.T.);
#6744 = EDGE_CURVE('',#6737,#6745,#6747,.T.);
#6745 = VERTEX_POINT('',#6746);
#6746 = CARTESIAN_POINT('',(-0.147341209711,0.4099959,0.121000655854));
#6747 = LINE('',#6748,#6749);
#6748 = CARTESIAN_POINT('',(-0.147341209711,0.4099959,0.121000655854));
#6749 = VECTOR('',#6750,1.);
#6750 = DIRECTION('',(-1.,0.,6.401134509038E-15));
#6751 = ORIENTED_EDGE('',*,*,#6752,.T.);
#6752 = EDGE_CURVE('',#6745,#6753,#6755,.T.);
#6753 = VERTEX_POINT('',#6754);
#6754 = CARTESIAN_POINT('',(-0.151489802311,0.4099959,0.109875357404));
#6755 = LINE('',#6756,#6757);
#6756 = CARTESIAN_POINT('',(-0.151489802311,0.4099959,0.109875357404));
#6757 = VECTOR('',#6758,1.);
#6758 = DIRECTION('',(-0.349395479469,0.,-0.936975345954));
#6759 = ORIENTED_EDGE('',*,*,#6760,.T.);
#6760 = EDGE_CURVE('',#6753,#6703,#6761,.T.);
#6761 = LINE('',#6762,#6763);
#6762 = CARTESIAN_POINT('',(-0.157291593466,0.4099959,0.109875357404));
#6763 = VECTOR('',#6764,1.);
#6764 = DIRECTION('',(-1.,0.,7.007693625814E-15));
#6765 = FACE_BOUND('',#6766,.T.);
#6766 = EDGE_LOOP('',(#6767,#6777,#6785,#6794,#6802,#6811));
#6767 = ORIENTED_EDGE('',*,*,#6768,.F.);
#6768 = EDGE_CURVE('',#6769,#6771,#6773,.T.);
#6769 = VERTEX_POINT('',#6770);
#6770 = CARTESIAN_POINT('',(-0.132067318662,0.4099959,0.125596339888));
#6771 = VERTEX_POINT('',#6772);
#6772 = CARTESIAN_POINT('',(-0.145719203582,0.4099959,0.125596339888));
#6773 = LINE('',#6774,#6775);
#6774 = CARTESIAN_POINT('',(-0.132067318662,0.4099959,0.125596339888));
#6775 = VECTOR('',#6776,1.);
#6776 = DIRECTION('',(-1.,0.,7.941696965203E-15));
#6777 = ORIENTED_EDGE('',*,*,#6778,.F.);
#6778 = EDGE_CURVE('',#6779,#6769,#6781,.T.);
#6779 = VERTEX_POINT('',#6780);
#6780 = CARTESIAN_POINT('',(-0.138149841646,0.409995899999,
    0.142502634542));
#6781 = LINE('',#6782,#6783);
#6782 = CARTESIAN_POINT('',(-0.138149841646,0.4099959,0.142502634542));
#6783 = VECTOR('',#6784,1.);
#6784 = DIRECTION('',(0.338535034314,0.,-0.940953787676));
#6785 = ORIENTED_EDGE('',*,*,#6786,.F.);
#6786 = EDGE_CURVE('',#6787,#6779,#6789,.T.);
#6787 = VERTEX_POINT('',#6788);
#6788 = CARTESIAN_POINT('',(-0.138815280058,0.4099959,0.145351542743));
#6789 = B_SPLINE_CURVE_WITH_KNOTS('',3,(#6790,#6791,#6792,#6793),
  .UNSPECIFIED.,.F.,.F.,(4,4),(3.,4.),.PIECEWISE_BEZIER_KNOTS.);
#6790 = CARTESIAN_POINT('',(-0.138815280058,0.4099959,0.145351542743));
#6791 = CARTESIAN_POINT('',(-0.138617728029,0.4099959,0.144124640671));
#6792 = CARTESIAN_POINT('',(-0.13839938105,0.4099959,0.143168072954));
#6793 = CARTESIAN_POINT('',(-0.138149841646,0.409995899999,
    0.142502634542));
#6794 = ORIENTED_EDGE('',*,*,#6795,.F.);
#6795 = EDGE_CURVE('',#6796,#6787,#6798,.T.);
#6796 = VERTEX_POINT('',#6797);
#6797 = CARTESIAN_POINT('',(-0.13894004976,0.4099959,0.145351542743));
#6798 = LINE('',#6799,#6800);
#6799 = CARTESIAN_POINT('',(-0.13894004976,0.4099959,0.145351542743));
#6800 = VECTOR('',#6801,1.);
#6801 = DIRECTION('',(1.,0.,0.));
#6802 = ORIENTED_EDGE('',*,*,#6803,.F.);
#6803 = EDGE_CURVE('',#6804,#6796,#6806,.T.);
#6804 = VERTEX_POINT('',#6805);
#6805 = CARTESIAN_POINT('',(-0.139574295746,0.4099959,0.142502634542));
#6806 = B_SPLINE_CURVE_WITH_KNOTS('',3,(#6807,#6808,#6809,#6810),
  .UNSPECIFIED.,.F.,.F.,(4,4),(1.,2.),.PIECEWISE_BEZIER_KNOTS.);
#6807 = CARTESIAN_POINT('',(-0.139574295746,0.4099959,0.142502634542));
#6808 = CARTESIAN_POINT('',(-0.139376743718,0.4099959,0.143064098202));
#6809 = CARTESIAN_POINT('',(-0.139168794214,0.4099959,0.143999870969));
#6810 = CARTESIAN_POINT('',(-0.13894004976,0.4099959,0.145351542743));
#6811 = ORIENTED_EDGE('',*,*,#6812,.F.);
#6812 = EDGE_CURVE('',#6771,#6804,#6813,.T.);
#6813 = LINE('',#6814,#6815);
#6814 = CARTESIAN_POINT('',(-0.145719203582,0.4099959,0.125596339888));
#6815 = VECTOR('',#6816,1.);
#6816 = DIRECTION('',(0.341603830681,0.,0.939844041777));
#6817 = PLANE('',#6818);
#6818 = AXIS2_PLACEMENT_3D('',#6819,#6820,#6821);
#6819 = CARTESIAN_POINT('',(0.,0.409995899999,0.));
#6820 = DIRECTION('',(0.,-1.,0.));
#6821 = DIRECTION('',(0.,0.,-1.));
#6822 = ADVANCED_FACE('',(#6823),#6839,.F.);
#6823 = FACE_BOUND('',#6824,.T.);
#6824 = EDGE_LOOP('',(#6825,#6826,#6832,#6833));
#6825 = ORIENTED_EDGE('',*,*,#1298,.T.);
#6826 = ORIENTED_EDGE('',*,*,#6827,.F.);
#6827 = EDGE_CURVE('',#6705,#1301,#6828,.T.);
#6828 = LINE('',#6829,#6830);
#6829 = CARTESIAN_POINT('',(-0.141799355436,0.4099959,0.150550280337));
#6830 = VECTOR('',#6831,1.);
#6831 = DIRECTION('',(0.,-1.,0.));
#6832 = ORIENTED_EDGE('',*,*,#6702,.F.);
#6833 = ORIENTED_EDGE('',*,*,#6834,.T.);
#6834 = EDGE_CURVE('',#6703,#1299,#6835,.T.);
#6835 = LINE('',#6836,#6837);
#6836 = CARTESIAN_POINT('',(-0.157291593466,0.4099959,0.109875357404));
#6837 = VECTOR('',#6838,1.);
#6838 = DIRECTION('',(0.,-1.,0.));
#6839 = PLANE('',#6840);
#6840 = AXIS2_PLACEMENT_3D('',#6841,#6842,#6843);
#6841 = CARTESIAN_POINT('',(-0.141799355436,0.4099959,0.150550280337));
#6842 = DIRECTION('',(0.934510438742,0.,-0.355935724369));
#6843 = DIRECTION('',(-0.355935724369,0.,-0.934510438742));
#6844 = ADVANCED_FACE('',(#6845),#6856,.F.);
#6845 = FACE_BOUND('',#6846,.T.);
#6846 = EDGE_LOOP('',(#6847,#6848,#6854,#6855));
#6847 = ORIENTED_EDGE('',*,*,#1356,.T.);
#6848 = ORIENTED_EDGE('',*,*,#6849,.F.);
#6849 = EDGE_CURVE('',#6713,#1349,#6850,.T.);
#6850 = LINE('',#6851,#6852);
#6851 = CARTESIAN_POINT('',(-0.136184718835,0.4099959,0.150550280337));
#6852 = VECTOR('',#6853,1.);
#6853 = DIRECTION('',(0.,-1.,0.));
#6854 = ORIENTED_EDGE('',*,*,#6712,.F.);
#6855 = ORIENTED_EDGE('',*,*,#6827,.T.);
#6856 = PLANE('',#6857);
#6857 = AXIS2_PLACEMENT_3D('',#6858,#6859,#6860);
#6858 = CARTESIAN_POINT('',(-0.136184718835,0.4099959,0.150550280337));
#6859 = DIRECTION('',(-9.655044551229E-15,0.,-1.));
#6860 = DIRECTION('',(-1.,0.,9.655044551229E-15));
#6861 = ADVANCED_FACE('',(#6862),#6873,.F.);
#6862 = FACE_BOUND('',#6863,.T.);
#6863 = EDGE_LOOP('',(#6864,#6865,#6871,#6872));
#6864 = ORIENTED_EDGE('',*,*,#1348,.T.);
#6865 = ORIENTED_EDGE('',*,*,#6866,.F.);
#6866 = EDGE_CURVE('',#6721,#1341,#6867,.T.);
#6867 = LINE('',#6868,#6869);
#6868 = CARTESIAN_POINT('',(-0.120692480806,0.4099959,0.109875357404));
#6869 = VECTOR('',#6870,1.);
#6870 = DIRECTION('',(0.,-1.,0.));
#6871 = ORIENTED_EDGE('',*,*,#6720,.F.);
#6872 = ORIENTED_EDGE('',*,*,#6849,.T.);
#6873 = PLANE('',#6874);
#6874 = AXIS2_PLACEMENT_3D('',#6875,#6876,#6877);
#6875 = CARTESIAN_POINT('',(-0.120692480806,0.4099959,0.109875357404));
#6876 = DIRECTION('',(-0.934510438744,0.,-0.355935724364));
#6877 = DIRECTION('',(-0.355935724364,0.,0.934510438744));
#6878 = ADVANCED_FACE('',(#6879),#6890,.F.);
#6879 = FACE_BOUND('',#6880,.T.);
#6880 = EDGE_LOOP('',(#6881,#6882,#6888,#6889));
#6881 = ORIENTED_EDGE('',*,*,#1340,.T.);
#6882 = ORIENTED_EDGE('',*,*,#6883,.F.);
#6883 = EDGE_CURVE('',#6729,#1333,#6884,.T.);
#6884 = LINE('',#6885,#6886);
#6885 = CARTESIAN_POINT('',(-0.126494271961,0.4099959,0.109875357404));
#6886 = VECTOR('',#6887,1.);
#6887 = DIRECTION('',(0.,-1.,0.));
#6888 = ORIENTED_EDGE('',*,*,#6728,.F.);
#6889 = ORIENTED_EDGE('',*,*,#6866,.T.);
#6890 = PLANE('',#6891);
#6891 = AXIS2_PLACEMENT_3D('',#6892,#6893,#6894);
#6892 = CARTESIAN_POINT('',(-0.126494271961,0.4099959,0.109875357404));
#6893 = DIRECTION('',(7.007693626149E-15,0.,1.));
#6894 = DIRECTION('',(1.,0.,-7.007693626149E-15));
#6895 = ADVANCED_FACE('',(#6896),#6907,.F.);
#6896 = FACE_BOUND('',#6897,.T.);
#6897 = EDGE_LOOP('',(#6898,#6899,#6905,#6906));
#6898 = ORIENTED_EDGE('',*,*,#1332,.T.);
#6899 = ORIENTED_EDGE('',*,*,#6900,.F.);
#6900 = EDGE_CURVE('',#6737,#1325,#6901,.T.);
#6901 = LINE('',#6902,#6903);
#6902 = CARTESIAN_POINT('',(-0.130403722631,0.4099959,0.121000655854));
#6903 = VECTOR('',#6904,1.);
#6904 = DIRECTION('',(0.,-1.,0.));
#6905 = ORIENTED_EDGE('',*,*,#6736,.F.);
#6906 = ORIENTED_EDGE('',*,*,#6883,.T.);
#6907 = PLANE('',#6908);
#6908 = AXIS2_PLACEMENT_3D('',#6909,#6910,#6911);
#6909 = CARTESIAN_POINT('',(-0.130403722631,0.4099959,0.121000655854));
#6910 = DIRECTION('',(0.943445233083,0.,0.33152841835));
#6911 = DIRECTION('',(0.33152841835,0.,-0.943445233083));
#6912 = ADVANCED_FACE('',(#6913),#6924,.F.);
#6913 = FACE_BOUND('',#6914,.T.);
#6914 = EDGE_LOOP('',(#6915,#6916,#6922,#6923));
#6915 = ORIENTED_EDGE('',*,*,#1324,.T.);
#6916 = ORIENTED_EDGE('',*,*,#6917,.F.);
#6917 = EDGE_CURVE('',#6745,#1317,#6918,.T.);
#6918 = LINE('',#6919,#6920);
#6919 = CARTESIAN_POINT('',(-0.147341209711,0.4099959,0.121000655854));
#6920 = VECTOR('',#6921,1.);
#6921 = DIRECTION('',(0.,-1.,0.));
#6922 = ORIENTED_EDGE('',*,*,#6744,.F.);
#6923 = ORIENTED_EDGE('',*,*,#6900,.T.);
#6924 = PLANE('',#6925);
#6925 = AXIS2_PLACEMENT_3D('',#6926,#6927,#6928);
#6926 = CARTESIAN_POINT('',(-0.147341209711,0.4099959,0.121000655854));
#6927 = DIRECTION('',(6.401134509038E-15,0.,1.));
#6928 = DIRECTION('',(1.,0.,-6.401134509038E-15));
#6929 = ADVANCED_FACE('',(#6930),#6941,.F.);
#6930 = FACE_BOUND('',#6931,.T.);
#6931 = EDGE_LOOP('',(#6932,#6933,#6939,#6940));
#6932 = ORIENTED_EDGE('',*,*,#1316,.T.);
#6933 = ORIENTED_EDGE('',*,*,#6934,.F.);
#6934 = EDGE_CURVE('',#6753,#1309,#6935,.T.);
#6935 = LINE('',#6936,#6937);
#6936 = CARTESIAN_POINT('',(-0.151489802311,0.4099959,0.109875357404));
#6937 = VECTOR('',#6938,1.);
#6938 = DIRECTION('',(0.,-1.,0.));
#6939 = ORIENTED_EDGE('',*,*,#6752,.F.);
#6940 = ORIENTED_EDGE('',*,*,#6917,.T.);
#6941 = PLANE('',#6942);
#6942 = AXIS2_PLACEMENT_3D('',#6943,#6944,#6945);
#6943 = CARTESIAN_POINT('',(-0.151489802311,0.4099959,0.109875357404));
#6944 = DIRECTION('',(-0.936975345954,0.,0.349395479469));
#6945 = DIRECTION('',(0.349395479469,0.,0.936975345954));
#6946 = ADVANCED_FACE('',(#6947),#6953,.F.);
#6947 = FACE_BOUND('',#6948,.T.);
#6948 = EDGE_LOOP('',(#6949,#6950,#6951,#6952));
#6949 = ORIENTED_EDGE('',*,*,#1308,.T.);
#6950 = ORIENTED_EDGE('',*,*,#6834,.F.);
#6951 = ORIENTED_EDGE('',*,*,#6760,.F.);
#6952 = ORIENTED_EDGE('',*,*,#6934,.T.);
#6953 = PLANE('',#6954);
#6954 = AXIS2_PLACEMENT_3D('',#6955,#6956,#6957);
#6955 = CARTESIAN_POINT('',(-0.157291593466,0.4099959,0.109875357404));
#6956 = DIRECTION('',(7.007693625814E-15,0.,1.));
#6957 = DIRECTION('',(1.,0.,-7.007693625814E-15));
#6958 = ADVANCED_FACE('',(#6959),#6984,.T.);
#6959 = FACE_BOUND('',#6960,.T.);
#6960 = EDGE_LOOP('',(#6961,#6971,#6977,#6978));
#6961 = ORIENTED_EDGE('',*,*,#6962,.F.);
#6962 = EDGE_CURVE('',#6963,#6965,#6967,.T.);
#6963 = VERTEX_POINT('',#6964);
#6964 = CARTESIAN_POINT('',(-0.132067318662,0.399996,0.125596339888));
#6965 = VERTEX_POINT('',#6966);
#6966 = CARTESIAN_POINT('',(-0.145719203582,0.399996,0.125596339888));
#6967 = LINE('',#6968,#6969);
#6968 = CARTESIAN_POINT('',(-0.132067318662,0.399996,0.125596339888));
#6969 = VECTOR('',#6970,1.);
#6970 = DIRECTION('',(-1.,0.,7.941696965203E-15));
#6971 = ORIENTED_EDGE('',*,*,#6972,.F.);
#6972 = EDGE_CURVE('',#6769,#6963,#6973,.T.);
#6973 = LINE('',#6974,#6975);
#6974 = CARTESIAN_POINT('',(-0.132067318662,0.4099959,0.125596339888));
#6975 = VECTOR('',#6976,1.);
#6976 = DIRECTION('',(0.,-1.,0.));
#6977 = ORIENTED_EDGE('',*,*,#6768,.T.);
#6978 = ORIENTED_EDGE('',*,*,#6979,.T.);
#6979 = EDGE_CURVE('',#6771,#6965,#6980,.T.);
#6980 = LINE('',#6981,#6982);
#6981 = CARTESIAN_POINT('',(-0.145719203582,0.4099959,0.125596339888));
#6982 = VECTOR('',#6983,1.);
#6983 = DIRECTION('',(0.,-1.,0.));
#6984 = PLANE('',#6985);
#6985 = AXIS2_PLACEMENT_3D('',#6986,#6987,#6988);
#6986 = CARTESIAN_POINT('',(-0.132067318662,0.4099959,0.125596339888));
#6987 = DIRECTION('',(7.941696965203E-15,0.,1.));
#6988 = DIRECTION('',(1.,0.,-7.941696965203E-15));
#6989 = ADVANCED_FACE('',(#6990),#7008,.T.);
#6990 = FACE_BOUND('',#6991,.T.);
#6991 = EDGE_LOOP('',(#6992,#7000,#7001,#7002));
#6992 = ORIENTED_EDGE('',*,*,#6993,.F.);
#6993 = EDGE_CURVE('',#6965,#6994,#6996,.T.);
#6994 = VERTEX_POINT('',#6995);
#6995 = CARTESIAN_POINT('',(-0.139574295746,0.399996,0.142502634542));
#6996 = LINE('',#6997,#6998);
#6997 = CARTESIAN_POINT('',(-0.145719203582,0.399996,0.125596339888));
#6998 = VECTOR('',#6999,1.);
#6999 = DIRECTION('',(0.341603830681,0.,0.939844041777));
#7000 = ORIENTED_EDGE('',*,*,#6979,.F.);
#7001 = ORIENTED_EDGE('',*,*,#6812,.T.);
#7002 = ORIENTED_EDGE('',*,*,#7003,.T.);
#7003 = EDGE_CURVE('',#6804,#6994,#7004,.T.);
#7004 = LINE('',#7005,#7006);
#7005 = CARTESIAN_POINT('',(-0.139574295746,0.4099959,0.142502634542));
#7006 = VECTOR('',#7007,1.);
#7007 = DIRECTION('',(0.,-1.,0.));
#7008 = PLANE('',#7009);
#7009 = AXIS2_PLACEMENT_3D('',#7010,#7011,#7012);
#7010 = CARTESIAN_POINT('',(-0.145719203582,0.4099959,0.125596339888));
#7011 = DIRECTION('',(0.939844041777,0.,-0.341603830681));
#7012 = DIRECTION('',(-0.341603830681,0.,-0.939844041777));
#7013 = ADVANCED_FACE('',(#7014),#7033,.T.);
#7014 = FACE_BOUND('',#7015,.T.);
#7015 = EDGE_LOOP('',(#7016,#7025,#7026,#7027));
#7016 = ORIENTED_EDGE('',*,*,#7017,.F.);
#7017 = EDGE_CURVE('',#6994,#7018,#7020,.T.);
#7018 = VERTEX_POINT('',#7019);
#7019 = CARTESIAN_POINT('',(-0.13894004976,0.399996,0.145351542743));
#7020 = B_SPLINE_CURVE_WITH_KNOTS('',3,(#7021,#7022,#7023,#7024),
  .UNSPECIFIED.,.F.,.F.,(4,4),(1.,2.),.PIECEWISE_BEZIER_KNOTS.);
#7021 = CARTESIAN_POINT('',(-0.139574295746,0.399996,0.142502634542));
#7022 = CARTESIAN_POINT('',(-0.139376743718,0.399996,0.143064098202));
#7023 = CARTESIAN_POINT('',(-0.139168794214,0.399996,0.143999870969));
#7024 = CARTESIAN_POINT('',(-0.13894004976,0.399996,0.145351542743));
#7025 = ORIENTED_EDGE('',*,*,#7003,.F.);
#7026 = ORIENTED_EDGE('',*,*,#6803,.T.);
#7027 = ORIENTED_EDGE('',*,*,#7028,.T.);
#7028 = EDGE_CURVE('',#6796,#7018,#7029,.T.);
#7029 = LINE('',#7030,#7031);
#7030 = CARTESIAN_POINT('',(-0.13894004976,0.4099959,0.145351542743));
#7031 = VECTOR('',#7032,1.);
#7032 = DIRECTION('',(0.,-1.,0.));
#7033 = B_SPLINE_SURFACE_WITH_KNOTS('',3,1,(
    (#7034,#7035)
    ,(#7036,#7037)
    ,(#7038,#7039)
    ,(#7040,#7041
    )),.UNSPECIFIED.,.F.,.F.,.F.,(4,4),(2,2),(1.,2.),(0.,1.),
  .PIECEWISE_BEZIER_KNOTS.);
#7034 = CARTESIAN_POINT('',(-0.139574295746,0.4099959,0.142502634542));
#7035 = CARTESIAN_POINT('',(-0.139574295746,0.399996,0.142502634542));
#7036 = CARTESIAN_POINT('',(-0.139376743718,0.4099959,0.143064098202));
#7037 = CARTESIAN_POINT('',(-0.139376743718,0.399996,0.143064098202));
#7038 = CARTESIAN_POINT('',(-0.139168794214,0.4099959,0.143999870969));
#7039 = CARTESIAN_POINT('',(-0.139168794214,0.399996,0.143999870969));
#7040 = CARTESIAN_POINT('',(-0.13894004976,0.4099959,0.145351542743));
#7041 = CARTESIAN_POINT('',(-0.13894004976,0.399996,0.145351542743));
#7042 = ADVANCED_FACE('',(#7043),#7061,.T.);
#7043 = FACE_BOUND('',#7044,.T.);
#7044 = EDGE_LOOP('',(#7045,#7053,#7054,#7055));
#7045 = ORIENTED_EDGE('',*,*,#7046,.F.);
#7046 = EDGE_CURVE('',#7018,#7047,#7049,.T.);
#7047 = VERTEX_POINT('',#7048);
#7048 = CARTESIAN_POINT('',(-0.138815280058,0.399996,0.145351542743));
#7049 = LINE('',#7050,#7051);
#7050 = CARTESIAN_POINT('',(-0.13894004976,0.399996,0.145351542743));
#7051 = VECTOR('',#7052,1.);
#7052 = DIRECTION('',(1.,0.,0.));
#7053 = ORIENTED_EDGE('',*,*,#7028,.F.);
#7054 = ORIENTED_EDGE('',*,*,#6795,.T.);
#7055 = ORIENTED_EDGE('',*,*,#7056,.T.);
#7056 = EDGE_CURVE('',#6787,#7047,#7057,.T.);
#7057 = LINE('',#7058,#7059);
#7058 = CARTESIAN_POINT('',(-0.138815280058,0.4099959,0.145351542743));
#7059 = VECTOR('',#7060,1.);
#7060 = DIRECTION('',(0.,-1.,0.));
#7061 = PLANE('',#7062);
#7062 = AXIS2_PLACEMENT_3D('',#7063,#7064,#7065);
#7063 = CARTESIAN_POINT('',(-0.13894004976,0.4099959,0.145351542743));
#7064 = DIRECTION('',(0.,0.,-1.));
#7065 = DIRECTION('',(-1.,0.,0.));
#7066 = ADVANCED_FACE('',(#7067),#7086,.T.);
#7067 = FACE_BOUND('',#7068,.T.);
#7068 = EDGE_LOOP('',(#7069,#7078,#7079,#7080));
#7069 = ORIENTED_EDGE('',*,*,#7070,.F.);
#7070 = EDGE_CURVE('',#7047,#7071,#7073,.T.);
#7071 = VERTEX_POINT('',#7072);
#7072 = CARTESIAN_POINT('',(-0.138149841646,0.399996,0.142502634542));
#7073 = B_SPLINE_CURVE_WITH_KNOTS('',3,(#7074,#7075,#7076,#7077),
  .UNSPECIFIED.,.F.,.F.,(4,4),(3.,4.),.PIECEWISE_BEZIER_KNOTS.);
#7074 = CARTESIAN_POINT('',(-0.138815280058,0.399996,0.145351542743));
#7075 = CARTESIAN_POINT('',(-0.138617728029,0.399996,0.144124640671));
#7076 = CARTESIAN_POINT('',(-0.13839938105,0.399996,0.143168072954));
#7077 = CARTESIAN_POINT('',(-0.138149841646,0.399996,0.142502634542));
#7078 = ORIENTED_EDGE('',*,*,#7056,.F.);
#7079 = ORIENTED_EDGE('',*,*,#6786,.T.);
#7080 = ORIENTED_EDGE('',*,*,#7081,.T.);
#7081 = EDGE_CURVE('',#6779,#7071,#7082,.T.);
#7082 = LINE('',#7083,#7084);
#7083 = CARTESIAN_POINT('',(-0.138149841646,0.4099959,0.142502634542));
#7084 = VECTOR('',#7085,1.);
#7085 = DIRECTION('',(0.,-1.,0.));
#7086 = B_SPLINE_SURFACE_WITH_KNOTS('',3,1,(
    (#7087,#7088)
    ,(#7089,#7090)
    ,(#7091,#7092)
    ,(#7093,#7094
    )),.UNSPECIFIED.,.F.,.F.,.F.,(4,4),(2,2),(3.,4.),(0.,1.),
  .PIECEWISE_BEZIER_KNOTS.);
#7087 = CARTESIAN_POINT('',(-0.138815280058,0.4099959,0.145351542743));
#7088 = CARTESIAN_POINT('',(-0.138815280058,0.399996,0.145351542743));
#7089 = CARTESIAN_POINT('',(-0.138617728029,0.4099959,0.144124640671));
#7090 = CARTESIAN_POINT('',(-0.138617728029,0.399996,0.144124640671));
#7091 = CARTESIAN_POINT('',(-0.13839938105,0.4099959,0.143168072954));
#7092 = CARTESIAN_POINT('',(-0.13839938105,0.399996,0.143168072954));
#7093 = CARTESIAN_POINT('',(-0.138149841646,0.4099959,0.142502634542));
#7094 = CARTESIAN_POINT('',(-0.138149841646,0.399996,0.142502634542));
#7095 = ADVANCED_FACE('',(#7096),#7107,.T.);
#7096 = FACE_BOUND('',#7097,.T.);
#7097 = EDGE_LOOP('',(#7098,#7104,#7105,#7106));
#7098 = ORIENTED_EDGE('',*,*,#7099,.F.);
#7099 = EDGE_CURVE('',#7071,#6963,#7100,.T.);
#7100 = LINE('',#7101,#7102);
#7101 = CARTESIAN_POINT('',(-0.138149841646,0.399996,0.142502634542));
#7102 = VECTOR('',#7103,1.);
#7103 = DIRECTION('',(0.338535034314,0.,-0.940953787676));
#7104 = ORIENTED_EDGE('',*,*,#7081,.F.);
#7105 = ORIENTED_EDGE('',*,*,#6778,.T.);
#7106 = ORIENTED_EDGE('',*,*,#6972,.T.);
#7107 = PLANE('',#7108);
#7108 = AXIS2_PLACEMENT_3D('',#7109,#7110,#7111);
#7109 = CARTESIAN_POINT('',(-0.138149841646,0.4099959,0.142502634542));
#7110 = DIRECTION('',(-0.940953787676,0.,-0.338535034314));
#7111 = DIRECTION('',(-0.338535034314,0.,0.940953787676));
#7112 = ADVANCED_FACE('',(#7113),#7121,.F.);
#7113 = FACE_BOUND('',#7114,.T.);
#7114 = EDGE_LOOP('',(#7115,#7116,#7117,#7118,#7119,#7120));
#7115 = ORIENTED_EDGE('',*,*,#7099,.T.);
#7116 = ORIENTED_EDGE('',*,*,#6962,.T.);
#7117 = ORIENTED_EDGE('',*,*,#6993,.T.);
#7118 = ORIENTED_EDGE('',*,*,#7017,.T.);
#7119 = ORIENTED_EDGE('',*,*,#7046,.T.);
#7120 = ORIENTED_EDGE('',*,*,#7070,.T.);
#7121 = PLANE('',#7122);
#7122 = AXIS2_PLACEMENT_3D('',#7123,#7124,#7125);
#7123 = CARTESIAN_POINT('',(-0.799992,0.399996,0.179998199999));
#7124 = DIRECTION('',(0.,-1.,0.));
#7125 = DIRECTION('',(0.,0.,-1.));
#7126 = ADVANCED_FACE('',(#7127),#7152,.F.);
#7127 = FACE_BOUND('',#7128,.T.);
#7128 = EDGE_LOOP('',(#7129,#7130,#7138,#7146));
#7129 = ORIENTED_EDGE('',*,*,#830,.T.);
#7130 = ORIENTED_EDGE('',*,*,#7131,.F.);
#7131 = EDGE_CURVE('',#7132,#833,#7134,.T.);
#7132 = VERTEX_POINT('',#7133);
#7133 = CARTESIAN_POINT('',(-1.5927520818E-02,0.4099959,4.9985900325E-02
    ));
#7134 = LINE('',#7135,#7136);
#7135 = CARTESIAN_POINT('',(-1.5927520818E-02,0.4099959,4.9985900325E-02
    ));
#7136 = VECTOR('',#7137,1.);
#7137 = DIRECTION('',(0.,-1.,0.));
#7138 = ORIENTED_EDGE('',*,*,#7139,.F.);
#7139 = EDGE_CURVE('',#7140,#7132,#7142,.T.);
#7140 = VERTEX_POINT('',#7141);
#7141 = CARTESIAN_POINT('',(-1.5927520818E-02,0.4099959,4.5348626391E-02
    ));
#7142 = LINE('',#7143,#7144);
#7143 = CARTESIAN_POINT('',(-1.5927520818E-02,0.4099959,4.9985900325E-02
    ));
#7144 = VECTOR('',#7145,1.);
#7145 = DIRECTION('',(1.168996425484E-14,0.,1.));
#7146 = ORIENTED_EDGE('',*,*,#7147,.T.);
#7147 = EDGE_CURVE('',#7140,#831,#7148,.T.);
#7148 = LINE('',#7149,#7150);
#7149 = CARTESIAN_POINT('',(-1.5927520818E-02,0.4099959,4.5348626391E-02
    ));
#7150 = VECTOR('',#7151,1.);
#7151 = DIRECTION('',(0.,-1.,0.));
#7152 = PLANE('',#7153);
#7153 = AXIS2_PLACEMENT_3D('',#7154,#7155,#7156);
#7154 = CARTESIAN_POINT('',(-1.5927520818E-02,0.4099959,4.9985900325E-02
    ));
#7155 = DIRECTION('',(1.,0.,-1.168996425484E-14));
#7156 = DIRECTION('',(-1.168996425484E-14,0.,-1.));
#7157 = ADVANCED_FACE('',(#7158),#7176,.F.);
#7158 = FACE_BOUND('',#7159,.T.);
#7159 = EDGE_LOOP('',(#7160,#7161,#7169,#7175));
#7160 = ORIENTED_EDGE('',*,*,#920,.T.);
#7161 = ORIENTED_EDGE('',*,*,#7162,.F.);
#7162 = EDGE_CURVE('',#7163,#913,#7165,.T.);
#7163 = VERTEX_POINT('',#7164);
#7164 = CARTESIAN_POINT('',(6.980420055101E-04,0.4099959,
    4.9985900325E-02));
#7165 = LINE('',#7166,#7167);
#7166 = CARTESIAN_POINT('',(6.980420055101E-04,0.4099959,
    4.9985900325E-02));
#7167 = VECTOR('',#7168,1.);
#7168 = DIRECTION('',(0.,-1.,0.));
#7169 = ORIENTED_EDGE('',*,*,#7170,.F.);
#7170 = EDGE_CURVE('',#7132,#7163,#7171,.T.);
#7171 = LINE('',#7172,#7173);
#7172 = CARTESIAN_POINT('',(6.980420055101E-04,0.4099959,
    4.9985900325E-02));
#7173 = VECTOR('',#7174,1.);
#7174 = DIRECTION('',(1.,0.,-7.336384696477E-15));
#7175 = ORIENTED_EDGE('',*,*,#7131,.T.);
#7176 = PLANE('',#7177);
#7177 = AXIS2_PLACEMENT_3D('',#7178,#7179,#7180);
#7178 = CARTESIAN_POINT('',(6.980420055101E-04,0.4099959,
    4.9985900325E-02));
#7179 = DIRECTION('',(-7.336384696477E-15,0.,-1.));
#7180 = DIRECTION('',(-1.,0.,7.336384696477E-15));
#7181 = ADVANCED_FACE('',(#7182),#7200,.F.);
#7182 = FACE_BOUND('',#7183,.T.);
#7183 = EDGE_LOOP('',(#7184,#7185,#7193,#7199));
#7184 = ORIENTED_EDGE('',*,*,#912,.T.);
#7185 = ORIENTED_EDGE('',*,*,#7186,.F.);
#7186 = EDGE_CURVE('',#7187,#905,#7189,.T.);
#7187 = VERTEX_POINT('',#7188);
#7188 = CARTESIAN_POINT('',(6.980420055101E-04,0.4099959,
    6.3668977672E-02));
#7189 = LINE('',#7190,#7191);
#7190 = CARTESIAN_POINT('',(6.980420055101E-04,0.4099959,
    6.3668977672E-02));
#7191 = VECTOR('',#7192,1.);
#7192 = DIRECTION('',(0.,-1.,0.));
#7193 = ORIENTED_EDGE('',*,*,#7194,.F.);
#7194 = EDGE_CURVE('',#7163,#7187,#7195,.T.);
#7195 = LINE('',#7196,#7197);
#7196 = CARTESIAN_POINT('',(6.980420055101E-04,0.4099959,
    6.3668977672E-02));
#7197 = VECTOR('',#7198,1.);
#7198 = DIRECTION('',(5.942694594608E-15,0.,1.));
#7199 = ORIENTED_EDGE('',*,*,#7162,.T.);
#7200 = PLANE('',#7201);
#7201 = AXIS2_PLACEMENT_3D('',#7202,#7203,#7204);
#7202 = CARTESIAN_POINT('',(6.980420055101E-04,0.4099959,
    6.3668977672E-02));
#7203 = DIRECTION('',(1.,0.,-5.942694594608E-15));
#7204 = DIRECTION('',(-5.942694594608E-15,0.,-1.));
#7205 = ADVANCED_FACE('',(#7206),#7224,.F.);
#7206 = FACE_BOUND('',#7207,.T.);
#7207 = EDGE_LOOP('',(#7208,#7209,#7217,#7223));
#7208 = ORIENTED_EDGE('',*,*,#904,.T.);
#7209 = ORIENTED_EDGE('',*,*,#7210,.F.);
#7210 = EDGE_CURVE('',#7211,#897,#7213,.T.);
#7211 = VERTEX_POINT('',#7212);
#7212 = CARTESIAN_POINT('',(-1.384802578E-02,0.4099959,6.3668977672E-02)
  );
#7213 = LINE('',#7214,#7215);
#7214 = CARTESIAN_POINT('',(-1.384802578E-02,0.4099959,6.3668977672E-02)
  );
#7215 = VECTOR('',#7216,1.);
#7216 = DIRECTION('',(0.,-1.,0.));
#7217 = ORIENTED_EDGE('',*,*,#7218,.F.);
#7218 = EDGE_CURVE('',#7187,#7211,#7219,.T.);
#7219 = LINE('',#7220,#7221);
#7220 = CARTESIAN_POINT('',(-1.384802578E-02,0.4099959,6.3668977672E-02)
  );
#7221 = VECTOR('',#7222,1.);
#7222 = DIRECTION('',(-1.,0.,7.453501154572E-15));
#7223 = ORIENTED_EDGE('',*,*,#7186,.T.);
#7224 = PLANE('',#7225);
#7225 = AXIS2_PLACEMENT_3D('',#7226,#7227,#7228);
#7226 = CARTESIAN_POINT('',(-1.384802578E-02,0.4099959,6.3668977672E-02)
  );
#7227 = DIRECTION('',(7.453501154572E-15,0.,1.));
#7228 = DIRECTION('',(1.,0.,-7.453501154572E-15));
#7229 = ADVANCED_FACE('',(#7230),#7248,.F.);
#7230 = FACE_BOUND('',#7231,.T.);
#7231 = EDGE_LOOP('',(#7232,#7233,#7241,#7247));
#7232 = ORIENTED_EDGE('',*,*,#896,.T.);
#7233 = ORIENTED_EDGE('',*,*,#7234,.F.);
#7234 = EDGE_CURVE('',#7235,#889,#7237,.T.);
#7235 = VERTEX_POINT('',#7236);
#7236 = CARTESIAN_POINT('',(-1.384802578E-02,0.4099959,6.8327046556E-02)
  );
#7237 = LINE('',#7238,#7239);
#7238 = CARTESIAN_POINT('',(-1.384802578E-02,0.4099959,6.8327046556E-02)
  );
#7239 = VECTOR('',#7240,1.);
#7240 = DIRECTION('',(0.,-1.,0.));
#7241 = ORIENTED_EDGE('',*,*,#7242,.F.);
#7242 = EDGE_CURVE('',#7211,#7235,#7243,.T.);
#7243 = LINE('',#7244,#7245);
#7244 = CARTESIAN_POINT('',(-1.384802578E-02,0.4099959,6.8327046556E-02)
  );
#7245 = VECTOR('',#7246,1.);
#7246 = DIRECTION('',(1.163777691448E-14,0.,1.));
#7247 = ORIENTED_EDGE('',*,*,#7210,.T.);
#7248 = PLANE('',#7249);
#7249 = AXIS2_PLACEMENT_3D('',#7250,#7251,#7252);
#7250 = CARTESIAN_POINT('',(-1.384802578E-02,0.4099959,6.8327046556E-02)
  );
#7251 = DIRECTION('',(1.,0.,-1.163777691448E-14));
#7252 = DIRECTION('',(-1.163777691448E-14,0.,-1.));
#7253 = ADVANCED_FACE('',(#7254),#7272,.F.);
#7254 = FACE_BOUND('',#7255,.T.);
#7255 = EDGE_LOOP('',(#7256,#7257,#7265,#7271));
#7256 = ORIENTED_EDGE('',*,*,#888,.T.);
#7257 = ORIENTED_EDGE('',*,*,#7258,.F.);
#7258 = EDGE_CURVE('',#7259,#881,#7261,.T.);
#7259 = VERTEX_POINT('',#7260);
#7260 = CARTESIAN_POINT('',(6.980420055101E-04,0.4099959,
    6.8327046556E-02));
#7261 = LINE('',#7262,#7263);
#7262 = CARTESIAN_POINT('',(6.980420055101E-04,0.4099959,
    6.8327046556E-02));
#7263 = VECTOR('',#7264,1.);
#7264 = DIRECTION('',(0.,-1.,0.));
#7265 = ORIENTED_EDGE('',*,*,#7266,.F.);
#7266 = EDGE_CURVE('',#7235,#7259,#7267,.T.);
#7267 = LINE('',#7268,#7269);
#7268 = CARTESIAN_POINT('',(6.980420055101E-04,0.4099959,
    6.8327046556E-02));
#7269 = VECTOR('',#7270,1.);
#7270 = DIRECTION('',(1.,0.,-7.453501154572E-15));
#7271 = ORIENTED_EDGE('',*,*,#7234,.T.);
#7272 = PLANE('',#7273);
#7273 = AXIS2_PLACEMENT_3D('',#7274,#7275,#7276);
#7274 = CARTESIAN_POINT('',(6.980420055101E-04,0.4099959,
    6.8327046556E-02));
#7275 = DIRECTION('',(-7.453501154572E-15,0.,-1.));
#7276 = DIRECTION('',(-1.,0.,7.453501154572E-15));
#7277 = ADVANCED_FACE('',(#7278),#7296,.F.);
#7278 = FACE_BOUND('',#7279,.T.);
#7279 = EDGE_LOOP('',(#7280,#7281,#7289,#7295));
#7280 = ORIENTED_EDGE('',*,*,#880,.T.);
#7281 = ORIENTED_EDGE('',*,*,#7282,.F.);
#7282 = EDGE_CURVE('',#7283,#873,#7285,.T.);
#7283 = VERTEX_POINT('',#7284);
#7284 = CARTESIAN_POINT('',(6.980420055101E-04,0.4099959,8.134468549E-02
    ));
#7285 = LINE('',#7286,#7287);
#7286 = CARTESIAN_POINT('',(6.980420055101E-04,0.4099959,8.134468549E-02
    ));
#7287 = VECTOR('',#7288,1.);
#7288 = DIRECTION('',(0.,-1.,0.));
#7289 = ORIENTED_EDGE('',*,*,#7290,.F.);
#7290 = EDGE_CURVE('',#7259,#7283,#7291,.T.);
#7291 = LINE('',#7292,#7293);
#7292 = CARTESIAN_POINT('',(6.980420055101E-04,0.4099959,8.134468549E-02
    ));
#7293 = VECTOR('',#7294,1.);
#7294 = DIRECTION('',(6.246474509891E-15,0.,1.));
#7295 = ORIENTED_EDGE('',*,*,#7258,.T.);
#7296 = PLANE('',#7297);
#7297 = AXIS2_PLACEMENT_3D('',#7298,#7299,#7300);
#7298 = CARTESIAN_POINT('',(6.980420055101E-04,0.4099959,8.134468549E-02
    ));
#7299 = DIRECTION('',(1.,0.,-6.246474509891E-15));
#7300 = DIRECTION('',(-6.246474509891E-15,0.,-1.));
#7301 = ADVANCED_FACE('',(#7302),#7320,.F.);
#7302 = FACE_BOUND('',#7303,.T.);
#7303 = EDGE_LOOP('',(#7304,#7305,#7313,#7319));
#7304 = ORIENTED_EDGE('',*,*,#872,.T.);
#7305 = ORIENTED_EDGE('',*,*,#7306,.F.);
#7306 = EDGE_CURVE('',#7307,#865,#7309,.T.);
#7307 = VERTEX_POINT('',#7308);
#7308 = CARTESIAN_POINT('',(-1.5002145526E-02,0.4099959,8.134468549E-02)
  );
#7309 = LINE('',#7310,#7311);
#7310 = CARTESIAN_POINT('',(-1.5002145526E-02,0.4099959,8.134468549E-02)
  );
#7311 = VECTOR('',#7312,1.);
#7312 = DIRECTION('',(0.,-1.,0.));
#7313 = ORIENTED_EDGE('',*,*,#7314,.F.);
#7314 = EDGE_CURVE('',#7283,#7307,#7315,.T.);
#7315 = LINE('',#7316,#7317);
#7316 = CARTESIAN_POINT('',(-1.5002145526E-02,0.4099959,8.134468549E-02)
  );
#7317 = VECTOR('',#7318,1.);
#7318 = DIRECTION('',(-1.,0.,6.90559477834E-15));
#7319 = ORIENTED_EDGE('',*,*,#7282,.T.);
#7320 = PLANE('',#7321);
#7321 = AXIS2_PLACEMENT_3D('',#7322,#7323,#7324);
#7322 = CARTESIAN_POINT('',(-1.5002145526E-02,0.4099959,8.134468549E-02)
  );
#7323 = DIRECTION('',(6.90559477834E-15,0.,1.));
#7324 = DIRECTION('',(1.,0.,-6.90559477834E-15));
#7325 = ADVANCED_FACE('',(#7326),#7344,.F.);
#7326 = FACE_BOUND('',#7327,.T.);
#7327 = EDGE_LOOP('',(#7328,#7329,#7337,#7343));
#7328 = ORIENTED_EDGE('',*,*,#864,.T.);
#7329 = ORIENTED_EDGE('',*,*,#7330,.F.);
#7330 = EDGE_CURVE('',#7331,#857,#7333,.T.);
#7331 = VERTEX_POINT('',#7332);
#7332 = CARTESIAN_POINT('',(-1.5002145526E-02,0.4099959,8.6023549324E-02
    ));
#7333 = LINE('',#7334,#7335);
#7334 = CARTESIAN_POINT('',(-1.5002145526E-02,0.4099959,8.6023549324E-02
    ));
#7335 = VECTOR('',#7336,1.);
#7336 = DIRECTION('',(0.,-1.,0.));
#7337 = ORIENTED_EDGE('',*,*,#7338,.F.);
#7338 = EDGE_CURVE('',#7307,#7331,#7339,.T.);
#7339 = LINE('',#7340,#7341);
#7340 = CARTESIAN_POINT('',(-1.5002145526E-02,0.4099959,8.6023549324E-02
    ));
#7341 = VECTOR('',#7342,1.);
#7342 = DIRECTION('',(1.158605346159E-14,0.,1.));
#7343 = ORIENTED_EDGE('',*,*,#7306,.T.);
#7344 = PLANE('',#7345);
#7345 = AXIS2_PLACEMENT_3D('',#7346,#7347,#7348);
#7346 = CARTESIAN_POINT('',(-1.5002145526E-02,0.4099959,8.6023549324E-02
    ));
#7347 = DIRECTION('',(1.,0.,-1.158605346159E-14));
#7348 = DIRECTION('',(-1.158605346159E-14,0.,-1.));
#7349 = ADVANCED_FACE('',(#7350),#7368,.F.);
#7350 = FACE_BOUND('',#7351,.T.);
#7351 = EDGE_LOOP('',(#7352,#7353,#7361,#7367));
#7352 = ORIENTED_EDGE('',*,*,#856,.T.);
#7353 = ORIENTED_EDGE('',*,*,#7354,.F.);
#7354 = EDGE_CURVE('',#7355,#849,#7357,.T.);
#7355 = VERTEX_POINT('',#7356);
#7356 = CARTESIAN_POINT('',(5.948766975E-03,0.4099959,8.6023549324E-02)
  );
#7357 = LINE('',#7358,#7359);
#7358 = CARTESIAN_POINT('',(5.948766975E-03,0.4099959,8.6023549324E-02)
  );
#7359 = VECTOR('',#7360,1.);
#7360 = DIRECTION('',(0.,-1.,0.));
#7361 = ORIENTED_EDGE('',*,*,#7362,.F.);
#7362 = EDGE_CURVE('',#7331,#7355,#7363,.T.);
#7363 = LINE('',#7364,#7365);
#7364 = CARTESIAN_POINT('',(5.948766975E-03,0.4099959,8.6023549324E-02)
  );
#7365 = VECTOR('',#7366,1.);
#7366 = DIRECTION('',(1.,0.,-6.468640270039E-15));
#7367 = ORIENTED_EDGE('',*,*,#7330,.T.);
#7368 = PLANE('',#7369);
#7369 = AXIS2_PLACEMENT_3D('',#7370,#7371,#7372);
#7370 = CARTESIAN_POINT('',(5.948766975E-03,0.4099959,8.6023549324E-02)
  );
#7371 = DIRECTION('',(-6.468640270039E-15,0.,-1.));
#7372 = DIRECTION('',(-1.,0.,6.468640270039E-15));
#7373 = ADVANCED_FACE('',(#7374),#7392,.F.);
#7374 = FACE_BOUND('',#7375,.T.);
#7375 = EDGE_LOOP('',(#7376,#7377,#7385,#7391));
#7376 = ORIENTED_EDGE('',*,*,#848,.T.);
#7377 = ORIENTED_EDGE('',*,*,#7378,.F.);
#7378 = EDGE_CURVE('',#7379,#841,#7381,.T.);
#7379 = VERTEX_POINT('',#7380);
#7380 = CARTESIAN_POINT('',(5.948766975E-03,0.4099959,4.5348626391E-02)
  );
#7381 = LINE('',#7382,#7383);
#7382 = CARTESIAN_POINT('',(5.948766975E-03,0.4099959,4.5348626391E-02)
  );
#7383 = VECTOR('',#7384,1.);
#7384 = DIRECTION('',(0.,-1.,0.));
#7385 = ORIENTED_EDGE('',*,*,#7386,.F.);
#7386 = EDGE_CURVE('',#7355,#7379,#7387,.T.);
#7387 = LINE('',#7388,#7389);
#7388 = CARTESIAN_POINT('',(5.948766975E-03,0.4099959,4.5348626391E-02)
  );
#7389 = VECTOR('',#7390,1.);
#7390 = DIRECTION('',(-7.330133516635E-15,0.,-1.));
#7391 = ORIENTED_EDGE('',*,*,#7354,.T.);
#7392 = PLANE('',#7393);
#7393 = AXIS2_PLACEMENT_3D('',#7394,#7395,#7396);
#7394 = CARTESIAN_POINT('',(5.948766975E-03,0.4099959,4.5348626391E-02)
  );
#7395 = DIRECTION('',(-1.,0.,7.330133516635E-15));
#7396 = DIRECTION('',(7.330133516635E-15,0.,1.));
#7397 = ADVANCED_FACE('',(#7398),#7409,.F.);
#7398 = FACE_BOUND('',#7399,.T.);
#7399 = EDGE_LOOP('',(#7400,#7401,#7402,#7408));
#7400 = ORIENTED_EDGE('',*,*,#840,.T.);
#7401 = ORIENTED_EDGE('',*,*,#7147,.F.);
#7402 = ORIENTED_EDGE('',*,*,#7403,.F.);
#7403 = EDGE_CURVE('',#7379,#7140,#7404,.T.);
#7404 = LINE('',#7405,#7406);
#7405 = CARTESIAN_POINT('',(-1.5927520818E-02,0.4099959,4.5348626391E-02
    ));
#7406 = VECTOR('',#7407,1.);
#7407 = DIRECTION('',(-1.,0.,6.814515759746E-15));
#7408 = ORIENTED_EDGE('',*,*,#7378,.T.);
#7409 = PLANE('',#7410);
#7410 = AXIS2_PLACEMENT_3D('',#7411,#7412,#7413);
#7411 = CARTESIAN_POINT('',(-1.5927520818E-02,0.4099959,4.5348626391E-02
    ));
#7412 = DIRECTION('',(6.814515759746E-15,0.,1.));
#7413 = DIRECTION('',(1.,0.,-6.814515759746E-15));
#7414 = ADVANCED_FACE('',(#7415),#7429,.F.);
#7415 = FACE_BOUND('',#7416,.T.);
#7416 = EDGE_LOOP('',(#7417,#7418,#7419,#7420,#7421,#7422,#7423,#7424,
    #7425,#7426,#7427,#7428));
#7417 = ORIENTED_EDGE('',*,*,#7139,.T.);
#7418 = ORIENTED_EDGE('',*,*,#7170,.T.);
#7419 = ORIENTED_EDGE('',*,*,#7194,.T.);
#7420 = ORIENTED_EDGE('',*,*,#7218,.T.);
#7421 = ORIENTED_EDGE('',*,*,#7242,.T.);
#7422 = ORIENTED_EDGE('',*,*,#7266,.T.);
#7423 = ORIENTED_EDGE('',*,*,#7290,.T.);
#7424 = ORIENTED_EDGE('',*,*,#7314,.T.);
#7425 = ORIENTED_EDGE('',*,*,#7338,.T.);
#7426 = ORIENTED_EDGE('',*,*,#7362,.T.);
#7427 = ORIENTED_EDGE('',*,*,#7386,.T.);
#7428 = ORIENTED_EDGE('',*,*,#7403,.T.);
#7429 = PLANE('',#7430);
#7430 = AXIS2_PLACEMENT_3D('',#7431,#7432,#7433);
#7431 = CARTESIAN_POINT('',(0.,0.4099959,0.));
#7432 = DIRECTION('',(0.,-1.,0.));
#7433 = DIRECTION('',(0.,0.,-1.));
#7434 = ADVANCED_FACE('',(#7435,#7557),#7629,.T.);
#7435 = FACE_BOUND('',#7436,.T.);
#7436 = EDGE_LOOP('',(#7437,#7448,#7456,#7465,#7474,#7482,#7491,#7500,
    #7509,#7518,#7526,#7534,#7542,#7550));
#7437 = ORIENTED_EDGE('',*,*,#7438,.T.);
#7438 = EDGE_CURVE('',#7439,#7441,#7443,.T.);
#7439 = VERTEX_POINT('',#7440);
#7440 = CARTESIAN_POINT('',(-3.3644818537E-02,0.4099959,7.5064610476E-02
    ));
#7441 = VERTEX_POINT('',#7442);
#7442 = CARTESIAN_POINT('',(-2.3642447407E-02,0.4099959,7.2361266928E-02
    ));
#7443 = B_SPLINE_CURVE_WITH_KNOTS('',3,(#7444,#7445,#7446,#7447),
  .UNSPECIFIED.,.F.,.F.,(4,4),(0.,1.),.PIECEWISE_BEZIER_KNOTS.);
#7444 = CARTESIAN_POINT('',(-3.3644818537E-02,0.4099959,7.5064610476E-02
    ));
#7445 = CARTESIAN_POINT('',(-2.986013757E-02,0.4099959,7.5064610476E-02)
  );
#7446 = CARTESIAN_POINT('',(-2.6522548034E-02,0.4099959,7.417042761E-02)
  );
#7447 = CARTESIAN_POINT('',(-2.3642447407E-02,0.4099959,7.2361266928E-02
    ));
#7448 = ORIENTED_EDGE('',*,*,#7449,.T.);
#7449 = EDGE_CURVE('',#7441,#7450,#7452,.T.);
#7450 = VERTEX_POINT('',#7451);
#7451 = CARTESIAN_POINT('',(-2.3642447407E-02,0.4099959,6.7412068739E-02
    ));
#7452 = LINE('',#7453,#7454);
#7453 = CARTESIAN_POINT('',(-2.3642447407E-02,0.4099959,6.7412068739E-02
    ));
#7454 = VECTOR('',#7455,1.);
#7455 = DIRECTION('',(0.,0.,-1.));
#7456 = ORIENTED_EDGE('',*,*,#7457,.T.);
#7457 = EDGE_CURVE('',#7450,#7458,#7460,.T.);
#7458 = VERTEX_POINT('',#7459);
#7459 = CARTESIAN_POINT('',(-3.3166534679E-02,0.4099959,7.0926415352E-02
    ));
#7460 = B_SPLINE_CURVE_WITH_KNOTS('',3,(#7461,#7462,#7463,#7464),
  .UNSPECIFIED.,.F.,.F.,(4,4),(12.,13.),.PIECEWISE_BEZIER_KNOTS.);
#7461 = CARTESIAN_POINT('',(-2.3642447407E-02,0.4099959,6.7412068739E-02
    ));
#7462 = CARTESIAN_POINT('',(-2.6512150559E-02,0.4099959,6.9741103181E-02
    ));
#7463 = CARTESIAN_POINT('',(-2.9683380491E-02,0.4099959,7.0926415352E-02
    ));
#7464 = CARTESIAN_POINT('',(-3.3166534679E-02,0.4099959,7.0926415352E-02
    ));
#7465 = ORIENTED_EDGE('',*,*,#7466,.T.);
#7466 = EDGE_CURVE('',#7458,#7467,#7469,.T.);
#7467 = VERTEX_POINT('',#7468);
#7468 = CARTESIAN_POINT('',(-3.9051505635E-02,0.4099959,6.3814542324E-02
    ));
#7469 = B_SPLINE_CURVE_WITH_KNOTS('',3,(#7470,#7471,#7472,#7473),
  .UNSPECIFIED.,.F.,.F.,(4,4),(11.,12.),.PIECEWISE_BEZIER_KNOTS.);
#7470 = CARTESIAN_POINT('',(-3.3166534679E-02,0.4099959,7.0926415352E-02
    ));
#7471 = CARTESIAN_POINT('',(-3.7086382824E-02,0.4099959,7.0926415352E-02
    ));
#7472 = CARTESIAN_POINT('',(-3.9051505635E-02,0.4099959,6.8555791009E-02
    ));
#7473 = CARTESIAN_POINT('',(-3.9051505635E-02,0.4099959,6.3814542324E-02
    ));
#7474 = ORIENTED_EDGE('',*,*,#7475,.T.);
#7475 = EDGE_CURVE('',#7467,#7476,#7478,.T.);
#7476 = VERTEX_POINT('',#7477);
#7477 = CARTESIAN_POINT('',(-3.044239618E-02,0.4099959,6.2608435202E-02)
  );
#7478 = LINE('',#7479,#7480);
#7479 = CARTESIAN_POINT('',(-3.044239618E-02,0.4099959,6.2608435202E-02)
  );
#7480 = VECTOR('',#7481,1.);
#7481 = DIRECTION('',(0.990328603988,0.,-0.138741688482));
#7482 = ORIENTED_EDGE('',*,*,#7483,.T.);
#7483 = EDGE_CURVE('',#7476,#7484,#7486,.T.);
#7484 = VERTEX_POINT('',#7485);
#7485 = CARTESIAN_POINT('',(-2.0803936681E-02,0.4099959,5.3125937831E-02
    ));
#7486 = B_SPLINE_CURVE_WITH_KNOTS('',3,(#7487,#7488,#7489,#7490),
  .UNSPECIFIED.,.F.,.F.,(4,4),(9.,10.),.PIECEWISE_BEZIER_KNOTS.);
#7487 = CARTESIAN_POINT('',(-3.044239618E-02,0.4099959,6.2608435202E-02)
  );
#7488 = CARTESIAN_POINT('',(-2.4016756514E-02,0.4099959,6.1714252336E-02
    ));
#7489 = CARTESIAN_POINT('',(-2.0803936681E-02,0.4099959,5.8553419879E-02
    ));
#7490 = CARTESIAN_POINT('',(-2.0803936681E-02,0.4099959,5.3125937831E-02
    ));
#7491 = ORIENTED_EDGE('',*,*,#7492,.T.);
#7492 = EDGE_CURVE('',#7484,#7493,#7495,.T.);
#7493 = VERTEX_POINT('',#7494);
#7494 = CARTESIAN_POINT('',(-2.3299330726E-02,0.4099959,4.694983757E-02)
  );
#7495 = B_SPLINE_CURVE_WITH_KNOTS('',3,(#7496,#7497,#7498,#7499),
  .UNSPECIFIED.,.F.,.F.,(4,4),(8.,9.),.PIECEWISE_BEZIER_KNOTS.);
#7496 = CARTESIAN_POINT('',(-2.0803936681E-02,0.4099959,5.3125937831E-02
    ));
#7497 = CARTESIAN_POINT('',(-2.0803936681E-02,0.4099959,5.0526569034E-02
    ));
#7498 = CARTESIAN_POINT('',(-2.1635734696E-02,0.4099959,4.8467868947E-02
    ));
#7499 = CARTESIAN_POINT('',(-2.3299330726E-02,0.4099959,4.694983757E-02)
  );
#7500 = ORIENTED_EDGE('',*,*,#7501,.T.);
#7501 = EDGE_CURVE('',#7493,#7502,#7504,.T.);
#7502 = VERTEX_POINT('',#7503);
#7503 = CARTESIAN_POINT('',(-3.0016099697E-02,0.4099959,4.4662393029E-02
    ));
#7504 = B_SPLINE_CURVE_WITH_KNOTS('',3,(#7505,#7506,#7507,#7508),
  .UNSPECIFIED.,.F.,.F.,(4,4),(7.,8.),.PIECEWISE_BEZIER_KNOTS.);
#7505 = CARTESIAN_POINT('',(-2.3299330726E-02,0.4099959,4.694983757E-02)
  );
#7506 = CARTESIAN_POINT('',(-2.4962926756E-02,0.4099959,4.5431806192E-02
    ));
#7507 = CARTESIAN_POINT('',(-2.7198383921E-02,0.4099959,4.4662393029E-02
    ));
#7508 = CARTESIAN_POINT('',(-3.0016099697E-02,0.4099959,4.4662393029E-02
    ));
#7509 = ORIENTED_EDGE('',*,*,#7510,.T.);
#7510 = EDGE_CURVE('',#7502,#7511,#7513,.T.);
#7511 = VERTEX_POINT('',#7512);
#7512 = CARTESIAN_POINT('',(-3.8916338458E-02,0.4099959,4.9840335672E-02
    ));
#7513 = B_SPLINE_CURVE_WITH_KNOTS('',3,(#7514,#7515,#7516,#7517),
  .UNSPECIFIED.,.F.,.F.,(4,4),(6.,7.),.PIECEWISE_BEZIER_KNOTS.);
#7514 = CARTESIAN_POINT('',(-3.0016099697E-02,0.4099959,4.4662393029E-02
    ));
#7515 = CARTESIAN_POINT('',(-3.3935947843E-02,0.4099959,4.4662393029E-02
    ));
#7516 = CARTESIAN_POINT('',(-3.6909625746E-02,0.4099959,4.638837391E-02)
  );
#7517 = CARTESIAN_POINT('',(-3.8916338458E-02,0.4099959,4.9840335672E-02
    ));
#7518 = ORIENTED_EDGE('',*,*,#7519,.T.);
#7519 = EDGE_CURVE('',#7511,#7520,#7522,.T.);
#7520 = VERTEX_POINT('',#7521);
#7521 = CARTESIAN_POINT('',(-3.9051505635E-02,0.4099959,4.9840335672E-02
    ));
#7522 = LINE('',#7523,#7524);
#7523 = CARTESIAN_POINT('',(-3.9051505635E-02,0.4099959,4.9840335672E-02
    ));
#7524 = VECTOR('',#7525,1.);
#7525 = DIRECTION('',(-1.,0.,0.));
#7526 = ORIENTED_EDGE('',*,*,#7527,.T.);
#7527 = EDGE_CURVE('',#7520,#7528,#7530,.T.);
#7528 = VERTEX_POINT('',#7529);
#7529 = CARTESIAN_POINT('',(-3.9051505635E-02,0.4099959,4.5348626391E-02
    ));
#7530 = LINE('',#7531,#7532);
#7531 = CARTESIAN_POINT('',(-3.9051505635E-02,0.4099959,4.5348626391E-02
    ));
#7532 = VECTOR('',#7533,1.);
#7533 = DIRECTION('',(0.,0.,-1.));
#7534 = ORIENTED_EDGE('',*,*,#7535,.T.);
#7535 = EDGE_CURVE('',#7528,#7536,#7538,.T.);
#7536 = VERTEX_POINT('',#7537);
#7537 = CARTESIAN_POINT('',(-4.4146268477E-02,0.4099959,4.5348626391E-02
    ));
#7538 = LINE('',#7539,#7540);
#7539 = CARTESIAN_POINT('',(-4.4146268477E-02,0.4099959,4.5348626391E-02
    ));
#7540 = VECTOR('',#7541,1.);
#7541 = DIRECTION('',(-1.,0.,7.980189884123E-15));
#7542 = ORIENTED_EDGE('',*,*,#7543,.T.);
#7543 = EDGE_CURVE('',#7536,#7544,#7546,.T.);
#7544 = VERTEX_POINT('',#7545);
#7545 = CARTESIAN_POINT('',(-4.4146268477E-02,0.4099959,6.4043286778E-02
    ));
#7546 = LINE('',#7547,#7548);
#7547 = CARTESIAN_POINT('',(-4.4146268477E-02,0.4099959,6.4043286778E-02
    ));
#7548 = VECTOR('',#7549,1.);
#7549 = DIRECTION('',(8.699205880493E-15,0.,1.));
#7550 = ORIENTED_EDGE('',*,*,#7551,.T.);
#7551 = EDGE_CURVE('',#7544,#7439,#7552,.T.);
#7552 = B_SPLINE_CURVE_WITH_KNOTS('',3,(#7553,#7554,#7555,#7556),
  .UNSPECIFIED.,.F.,.F.,(4,4),(1.,2.),.PIECEWISE_BEZIER_KNOTS.);
#7553 = CARTESIAN_POINT('',(-4.4146268477E-02,0.4099959,6.4043286778E-02
    ));
#7554 = CARTESIAN_POINT('',(-4.4146268477E-02,0.4099959,7.1404699211E-02
    ));
#7555 = CARTESIAN_POINT('',(-4.0642319339E-02,0.4099959,7.5064610476E-02
    ));
#7556 = CARTESIAN_POINT('',(-3.3644818537E-02,0.4099959,7.5064610476E-02
    ));
#7557 = FACE_BOUND('',#7558,.T.);
#7558 = EDGE_LOOP('',(#7559,#7570,#7579,#7587,#7595,#7604,#7613,#7622));
#7559 = ORIENTED_EDGE('',*,*,#7560,.F.);
#7560 = EDGE_CURVE('',#7561,#7563,#7565,.T.);
#7561 = VERTEX_POINT('',#7562);
#7562 = CARTESIAN_POINT('',(-2.7323153624E-02,0.4099959,5.7222543055E-02
    ));
#7563 = VERTEX_POINT('',#7564);
#7564 = CARTESIAN_POINT('',(-2.597148185E-02,0.4099959,5.3541836839E-02)
  );
#7565 = B_SPLINE_CURVE_WITH_KNOTS('',3,(#7566,#7567,#7568,#7569),
  .UNSPECIFIED.,.F.,.F.,(4,4),(1.,2.),.PIECEWISE_BEZIER_KNOTS.);
#7566 = CARTESIAN_POINT('',(-2.7323153624E-02,0.4099959,5.7222543055E-02
    ));
#7567 = CARTESIAN_POINT('',(-2.6428970758E-02,0.4099959,5.634915514E-02)
  );
#7568 = CARTESIAN_POINT('',(-2.597148185E-02,0.4099959,5.5122253067E-02)
  );
#7569 = CARTESIAN_POINT('',(-2.597148185E-02,0.4099959,5.3541836839E-02)
  );
#7570 = ORIENTED_EDGE('',*,*,#7571,.F.);
#7571 = EDGE_CURVE('',#7572,#7561,#7574,.T.);
#7572 = VERTEX_POINT('',#7573);
#7573 = CARTESIAN_POINT('',(-3.2251556862E-02,0.4099959,5.9010908787E-02
    ));
#7574 = B_SPLINE_CURVE_WITH_KNOTS('',3,(#7575,#7576,#7577,#7578),
  .UNSPECIFIED.,.F.,.F.,(4,4),(0.,1.),.PIECEWISE_BEZIER_KNOTS.);
#7575 = CARTESIAN_POINT('',(-3.2251556862E-02,0.4099959,5.9010908787E-02
    ));
#7576 = CARTESIAN_POINT('',(-2.9870535045E-02,0.4099959,5.8678189581E-02
    ));
#7577 = CARTESIAN_POINT('',(-2.8227733965E-02,0.4099959,5.8095930971E-02
    ));
#7578 = CARTESIAN_POINT('',(-2.7323153624E-02,0.4099959,5.7222543055E-02
    ));
#7579 = ORIENTED_EDGE('',*,*,#7580,.F.);
#7580 = EDGE_CURVE('',#7581,#7572,#7583,.T.);
#7581 = VERTEX_POINT('',#7582);
#7582 = CARTESIAN_POINT('',(-3.9051505635E-02,0.4099959,5.9925886604E-02
    ));
#7583 = LINE('',#7584,#7585);
#7584 = CARTESIAN_POINT('',(-3.9051505635E-02,0.4099959,5.9925886604E-02
    ));
#7585 = VECTOR('',#7586,1.);
#7586 = DIRECTION('',(0.9910683663,0.,-0.133354764893));
#7587 = ORIENTED_EDGE('',*,*,#7588,.F.);
#7588 = EDGE_CURVE('',#7589,#7581,#7591,.T.);
#7589 = VERTEX_POINT('',#7590);
#7590 = CARTESIAN_POINT('',(-3.9051505635E-02,0.4099959,5.7139363254E-02
    ));
#7591 = LINE('',#7592,#7593);
#7592 = CARTESIAN_POINT('',(-3.9051505635E-02,0.4099959,5.7139363254E-02
    ));
#7593 = VECTOR('',#7594,1.);
#7594 = DIRECTION('',(1.945419424389E-14,0.,1.));
#7595 = ORIENTED_EDGE('',*,*,#7596,.F.);
#7596 = EDGE_CURVE('',#7597,#7589,#7599,.T.);
#7597 = VERTEX_POINT('',#7598);
#7598 = CARTESIAN_POINT('',(-3.6868035846E-02,0.4099959,5.1212802397E-02
    ));
#7599 = B_SPLINE_CURVE_WITH_KNOTS('',3,(#7600,#7601,#7602,#7603),
  .UNSPECIFIED.,.F.,.F.,(4,4),(5.,6.),.PIECEWISE_BEZIER_KNOTS.);
#7600 = CARTESIAN_POINT('',(-3.6868035846E-02,0.4099959,5.1212802397E-02
    ));
#7601 = CARTESIAN_POINT('',(-3.8323682371E-02,0.4099959,5.2772423674E-02
    ));
#7602 = CARTESIAN_POINT('',(-3.9051505635E-02,0.4099959,5.474794396E-02)
  );
#7603 = CARTESIAN_POINT('',(-3.9051505635E-02,0.4099959,5.7139363254E-02
    ));
#7604 = ORIENTED_EDGE('',*,*,#7605,.F.);
#7605 = EDGE_CURVE('',#7606,#7597,#7608,.T.);
#7606 = VERTEX_POINT('',#7607);
#7607 = CARTESIAN_POINT('',(-3.1336579046E-02,0.4099959,4.8842178054E-02
    ));
#7608 = B_SPLINE_CURVE_WITH_KNOTS('',3,(#7609,#7610,#7611,#7612),
  .UNSPECIFIED.,.F.,.F.,(4,4),(4.,5.),.PIECEWISE_BEZIER_KNOTS.);
#7609 = CARTESIAN_POINT('',(-3.1336579046E-02,0.4099959,4.8842178054E-02
    ));
#7610 = CARTESIAN_POINT('',(-3.3572036211E-02,0.4099959,4.8842178054E-02
    ));
#7611 = CARTESIAN_POINT('',(-3.5422786795E-02,0.4099959,4.9632386168E-02
    ));
#7612 = CARTESIAN_POINT('',(-3.6868035846E-02,0.4099959,5.1212802397E-02
    ));
#7613 = ORIENTED_EDGE('',*,*,#7614,.F.);
#7614 = EDGE_CURVE('',#7615,#7606,#7617,.T.);
#7615 = VERTEX_POINT('',#7616);
#7616 = CARTESIAN_POINT('',(-2.7447923326E-02,0.4099959,5.0152259927E-02
    ));
#7617 = B_SPLINE_CURVE_WITH_KNOTS('',3,(#7618,#7619,#7620,#7621),
  .UNSPECIFIED.,.F.,.F.,(4,4),(3.,4.),.PIECEWISE_BEZIER_KNOTS.);
#7618 = CARTESIAN_POINT('',(-2.7447923326E-02,0.4099959,5.0152259927E-02
    ));
#7619 = CARTESIAN_POINT('',(-2.8425285993E-02,0.4099959,4.9278872012E-02
    ));
#7620 = CARTESIAN_POINT('',(-2.9724970391E-02,0.4099959,4.8842178054E-02
    ));
#7621 = CARTESIAN_POINT('',(-3.1336579046E-02,0.4099959,4.8842178054E-02
    ));
#7622 = ORIENTED_EDGE('',*,*,#7623,.F.);
#7623 = EDGE_CURVE('',#7563,#7615,#7624,.T.);
#7624 = B_SPLINE_CURVE_WITH_KNOTS('',3,(#7625,#7626,#7627,#7628),
  .UNSPECIFIED.,.F.,.F.,(4,4),(2.,3.),.PIECEWISE_BEZIER_KNOTS.);
#7625 = CARTESIAN_POINT('',(-2.597148185E-02,0.4099959,5.3541836839E-02)
  );
#7626 = CARTESIAN_POINT('',(-2.597148185E-02,0.4099959,5.2148575164E-02)
  );
#7627 = CARTESIAN_POINT('',(-2.6460163183E-02,0.4099959,5.1025647843E-02
    ));
#7628 = CARTESIAN_POINT('',(-2.7447923326E-02,0.4099959,5.0152259927E-02
    ));
#7629 = PLANE('',#7630);
#7630 = AXIS2_PLACEMENT_3D('',#7631,#7632,#7633);
#7631 = CARTESIAN_POINT('',(-2.8304415344E-02,0.4099959,7.4391373959E-02
    ));
#7632 = DIRECTION('',(0.,1.,0.));
#7633 = DIRECTION('',(0.,-0.,1.));
#7634 = ADVANCED_FACE('',(#7635),#7651,.F.);
#7635 = FACE_BOUND('',#7636,.F.);
#7636 = EDGE_LOOP('',(#7637,#7643,#7644,#7650));
#7637 = ORIENTED_EDGE('',*,*,#7638,.F.);
#7638 = EDGE_CURVE('',#7439,#709,#7639,.T.);
#7639 = LINE('',#7640,#7641);
#7640 = CARTESIAN_POINT('',(-3.3644818537E-02,0.4099959,7.5064610476E-02
    ));
#7641 = VECTOR('',#7642,1.);
#7642 = DIRECTION('',(0.,-1.,0.));
#7643 = ORIENTED_EDGE('',*,*,#7438,.T.);
#7644 = ORIENTED_EDGE('',*,*,#7645,.T.);
#7645 = EDGE_CURVE('',#7441,#711,#7646,.T.);
#7646 = LINE('',#7647,#7648);
#7647 = CARTESIAN_POINT('',(-2.3642447407E-02,0.4099959,7.2361266928E-02
    ));
#7648 = VECTOR('',#7649,1.);
#7649 = DIRECTION('',(0.,-1.,0.));
#7650 = ORIENTED_EDGE('',*,*,#708,.F.);
#7651 = B_SPLINE_SURFACE_WITH_KNOTS('',3,1,(
    (#7652,#7653)
    ,(#7654,#7655)
    ,(#7656,#7657)
    ,(#7658,#7659
    )),.UNSPECIFIED.,.F.,.F.,.F.,(4,4),(2,2),(0.,1.),(0.,1.),
  .PIECEWISE_BEZIER_KNOTS.);
#7652 = CARTESIAN_POINT('',(-3.3644818537E-02,0.4099959,7.5064610476E-02
    ));
#7653 = CARTESIAN_POINT('',(-3.3644818537E-02,0.399996,7.5064610476E-02)
  );
#7654 = CARTESIAN_POINT('',(-2.986013757E-02,0.4099959,7.5064610476E-02)
  );
#7655 = CARTESIAN_POINT('',(-2.986013757E-02,0.399996,7.5064610476E-02)
  );
#7656 = CARTESIAN_POINT('',(-2.6522548034E-02,0.4099959,7.417042761E-02)
  );
#7657 = CARTESIAN_POINT('',(-2.6522548034E-02,0.399996,7.417042761E-02)
  );
#7658 = CARTESIAN_POINT('',(-2.3642447407E-02,0.4099959,7.2361266928E-02
    ));
#7659 = CARTESIAN_POINT('',(-2.3642447407E-02,0.399996,7.2361266928E-02)
  );
#7660 = ADVANCED_FACE('',(#7661),#7672,.F.);
#7661 = FACE_BOUND('',#7662,.T.);
#7662 = EDGE_LOOP('',(#7663,#7664,#7670,#7671));
#7663 = ORIENTED_EDGE('',*,*,#822,.T.);
#7664 = ORIENTED_EDGE('',*,*,#7665,.F.);
#7665 = EDGE_CURVE('',#7450,#814,#7666,.T.);
#7666 = LINE('',#7667,#7668);
#7667 = CARTESIAN_POINT('',(-2.3642447407E-02,0.4099959,6.7412068739E-02
    ));
#7668 = VECTOR('',#7669,1.);
#7669 = DIRECTION('',(0.,-1.,0.));
#7670 = ORIENTED_EDGE('',*,*,#7449,.F.);
#7671 = ORIENTED_EDGE('',*,*,#7645,.T.);
#7672 = PLANE('',#7673);
#7673 = AXIS2_PLACEMENT_3D('',#7674,#7675,#7676);
#7674 = CARTESIAN_POINT('',(-2.3642447407E-02,0.4099959,6.7412068739E-02
    ));
#7675 = DIRECTION('',(-1.,0.,0.));
#7676 = DIRECTION('',(0.,0.,1.));
#7677 = ADVANCED_FACE('',(#7678),#7689,.F.);
#7678 = FACE_BOUND('',#7679,.F.);
#7679 = EDGE_LOOP('',(#7680,#7681,#7682,#7688));
#7680 = ORIENTED_EDGE('',*,*,#7665,.F.);
#7681 = ORIENTED_EDGE('',*,*,#7457,.T.);
#7682 = ORIENTED_EDGE('',*,*,#7683,.T.);
#7683 = EDGE_CURVE('',#7458,#805,#7684,.T.);
#7684 = LINE('',#7685,#7686);
#7685 = CARTESIAN_POINT('',(-3.3166534679E-02,0.4099959,7.0926415352E-02
    ));
#7686 = VECTOR('',#7687,1.);
#7687 = DIRECTION('',(0.,-1.,0.));
#7688 = ORIENTED_EDGE('',*,*,#813,.F.);
#7689 = B_SPLINE_SURFACE_WITH_KNOTS('',3,1,(
    (#7690,#7691)
    ,(#7692,#7693)
    ,(#7694,#7695)
    ,(#7696,#7697
    )),.UNSPECIFIED.,.F.,.F.,.F.,(4,4),(2,2),(12.,13.),(0.,1.),
  .PIECEWISE_BEZIER_KNOTS.);
#7690 = CARTESIAN_POINT('',(-2.3642447407E-02,0.4099959,6.7412068739E-02
    ));
#7691 = CARTESIAN_POINT('',(-2.3642447407E-02,0.399996,6.7412068739E-02)
  );
#7692 = CARTESIAN_POINT('',(-2.6512150559E-02,0.4099959,6.9741103181E-02
    ));
#7693 = CARTESIAN_POINT('',(-2.6512150559E-02,0.399996,6.9741103181E-02)
  );
#7694 = CARTESIAN_POINT('',(-2.9683380491E-02,0.4099959,7.0926415352E-02
    ));
#7695 = CARTESIAN_POINT('',(-2.9683380491E-02,0.399996,7.0926415352E-02)
  );
#7696 = CARTESIAN_POINT('',(-3.3166534679E-02,0.4099959,7.0926415352E-02
    ));
#7697 = CARTESIAN_POINT('',(-3.3166534679E-02,0.399996,7.0926415352E-02)
  );
#7698 = ADVANCED_FACE('',(#7699),#7710,.F.);
#7699 = FACE_BOUND('',#7700,.F.);
#7700 = EDGE_LOOP('',(#7701,#7702,#7703,#7709));
#7701 = ORIENTED_EDGE('',*,*,#7683,.F.);
#7702 = ORIENTED_EDGE('',*,*,#7466,.T.);
#7703 = ORIENTED_EDGE('',*,*,#7704,.T.);
#7704 = EDGE_CURVE('',#7467,#797,#7705,.T.);
#7705 = LINE('',#7706,#7707);
#7706 = CARTESIAN_POINT('',(-3.9051505635E-02,0.4099959,6.3814542324E-02
    ));
#7707 = VECTOR('',#7708,1.);
#7708 = DIRECTION('',(0.,-1.,0.));
#7709 = ORIENTED_EDGE('',*,*,#804,.F.);
#7710 = B_SPLINE_SURFACE_WITH_KNOTS('',3,1,(
    (#7711,#7712)
    ,(#7713,#7714)
    ,(#7715,#7716)
    ,(#7717,#7718
    )),.UNSPECIFIED.,.F.,.F.,.F.,(4,4),(2,2),(11.,12.),(0.,1.),
  .PIECEWISE_BEZIER_KNOTS.);
#7711 = CARTESIAN_POINT('',(-3.3166534679E-02,0.4099959,7.0926415352E-02
    ));
#7712 = CARTESIAN_POINT('',(-3.3166534679E-02,0.399996,7.0926415352E-02)
  );
#7713 = CARTESIAN_POINT('',(-3.7086382824E-02,0.4099959,7.0926415352E-02
    ));
#7714 = CARTESIAN_POINT('',(-3.7086382824E-02,0.399996,7.0926415352E-02)
  );
#7715 = CARTESIAN_POINT('',(-3.9051505635E-02,0.4099959,6.8555791009E-02
    ));
#7716 = CARTESIAN_POINT('',(-3.9051505635E-02,0.399996,6.8555791009E-02)
  );
#7717 = CARTESIAN_POINT('',(-3.9051505635E-02,0.4099959,6.3814542324E-02
    ));
#7718 = CARTESIAN_POINT('',(-3.9051505635E-02,0.399996,6.3814542324E-02)
  );
#7719 = ADVANCED_FACE('',(#7720),#7731,.F.);
#7720 = FACE_BOUND('',#7721,.T.);
#7721 = EDGE_LOOP('',(#7722,#7723,#7729,#7730));
#7722 = ORIENTED_EDGE('',*,*,#796,.T.);
#7723 = ORIENTED_EDGE('',*,*,#7724,.F.);
#7724 = EDGE_CURVE('',#7476,#788,#7725,.T.);
#7725 = LINE('',#7726,#7727);
#7726 = CARTESIAN_POINT('',(-3.044239618E-02,0.4099959,6.2608435202E-02)
  );
#7727 = VECTOR('',#7728,1.);
#7728 = DIRECTION('',(0.,-1.,0.));
#7729 = ORIENTED_EDGE('',*,*,#7475,.F.);
#7730 = ORIENTED_EDGE('',*,*,#7704,.T.);
#7731 = PLANE('',#7732);
#7732 = AXIS2_PLACEMENT_3D('',#7733,#7734,#7735);
#7733 = CARTESIAN_POINT('',(-3.044239618E-02,0.4099959,6.2608435202E-02)
  );
#7734 = DIRECTION('',(-0.138741688482,0.,-0.990328603988));
#7735 = DIRECTION('',(-0.990328603988,0.,0.138741688482));
#7736 = ADVANCED_FACE('',(#7737),#7748,.F.);
#7737 = FACE_BOUND('',#7738,.F.);
#7738 = EDGE_LOOP('',(#7739,#7740,#7741,#7747));
#7739 = ORIENTED_EDGE('',*,*,#7724,.F.);
#7740 = ORIENTED_EDGE('',*,*,#7483,.T.);
#7741 = ORIENTED_EDGE('',*,*,#7742,.T.);
#7742 = EDGE_CURVE('',#7484,#779,#7743,.T.);
#7743 = LINE('',#7744,#7745);
#7744 = CARTESIAN_POINT('',(-2.0803936681E-02,0.4099959,5.3125937831E-02
    ));
#7745 = VECTOR('',#7746,1.);
#7746 = DIRECTION('',(0.,-1.,0.));
#7747 = ORIENTED_EDGE('',*,*,#787,.F.);
#7748 = B_SPLINE_SURFACE_WITH_KNOTS('',3,1,(
    (#7749,#7750)
    ,(#7751,#7752)
    ,(#7753,#7754)
    ,(#7755,#7756
    )),.UNSPECIFIED.,.F.,.F.,.F.,(4,4),(2,2),(9.,10.),(0.,1.),
  .PIECEWISE_BEZIER_KNOTS.);
#7749 = CARTESIAN_POINT('',(-3.044239618E-02,0.4099959,6.2608435202E-02)
  );
#7750 = CARTESIAN_POINT('',(-3.044239618E-02,0.399996,6.2608435202E-02)
  );
#7751 = CARTESIAN_POINT('',(-2.4016756514E-02,0.4099959,6.1714252336E-02
    ));
#7752 = CARTESIAN_POINT('',(-2.4016756514E-02,0.399996,6.1714252336E-02)
  );
#7753 = CARTESIAN_POINT('',(-2.0803936681E-02,0.4099959,5.8553419879E-02
    ));
#7754 = CARTESIAN_POINT('',(-2.0803936681E-02,0.399996,5.8553419879E-02)
  );
#7755 = CARTESIAN_POINT('',(-2.0803936681E-02,0.4099959,5.3125937831E-02
    ));
#7756 = CARTESIAN_POINT('',(-2.0803936681E-02,0.399996,5.3125937831E-02)
  );
#7757 = ADVANCED_FACE('',(#7758),#7769,.F.);
#7758 = FACE_BOUND('',#7759,.F.);
#7759 = EDGE_LOOP('',(#7760,#7761,#7762,#7768));
#7760 = ORIENTED_EDGE('',*,*,#7742,.F.);
#7761 = ORIENTED_EDGE('',*,*,#7492,.T.);
#7762 = ORIENTED_EDGE('',*,*,#7763,.T.);
#7763 = EDGE_CURVE('',#7493,#770,#7764,.T.);
#7764 = LINE('',#7765,#7766);
#7765 = CARTESIAN_POINT('',(-2.3299330726E-02,0.4099959,4.694983757E-02)
  );
#7766 = VECTOR('',#7767,1.);
#7767 = DIRECTION('',(0.,-1.,0.));
#7768 = ORIENTED_EDGE('',*,*,#778,.F.);
#7769 = B_SPLINE_SURFACE_WITH_KNOTS('',3,1,(
    (#7770,#7771)
    ,(#7772,#7773)
    ,(#7774,#7775)
    ,(#7776,#7777
    )),.UNSPECIFIED.,.F.,.F.,.F.,(4,4),(2,2),(8.,9.),(0.,1.),
  .PIECEWISE_BEZIER_KNOTS.);
#7770 = CARTESIAN_POINT('',(-2.0803936681E-02,0.4099959,5.3125937831E-02
    ));
#7771 = CARTESIAN_POINT('',(-2.0803936681E-02,0.399996,5.3125937831E-02)
  );
#7772 = CARTESIAN_POINT('',(-2.0803936681E-02,0.4099959,5.0526569034E-02
    ));
#7773 = CARTESIAN_POINT('',(-2.0803936681E-02,0.399996,5.0526569034E-02)
  );
#7774 = CARTESIAN_POINT('',(-2.1635734696E-02,0.4099959,4.8467868947E-02
    ));
#7775 = CARTESIAN_POINT('',(-2.1635734696E-02,0.399996,4.8467868947E-02)
  );
#7776 = CARTESIAN_POINT('',(-2.3299330726E-02,0.4099959,4.694983757E-02)
  );
#7777 = CARTESIAN_POINT('',(-2.3299330726E-02,0.399996,4.694983757E-02)
  );
#7778 = ADVANCED_FACE('',(#7779),#7790,.F.);
#7779 = FACE_BOUND('',#7780,.F.);
#7780 = EDGE_LOOP('',(#7781,#7782,#7783,#7789));
#7781 = ORIENTED_EDGE('',*,*,#7763,.F.);
#7782 = ORIENTED_EDGE('',*,*,#7501,.T.);
#7783 = ORIENTED_EDGE('',*,*,#7784,.T.);
#7784 = EDGE_CURVE('',#7502,#761,#7785,.T.);
#7785 = LINE('',#7786,#7787);
#7786 = CARTESIAN_POINT('',(-3.0016099697E-02,0.4099959,4.4662393029E-02
    ));
#7787 = VECTOR('',#7788,1.);
#7788 = DIRECTION('',(0.,-1.,0.));
#7789 = ORIENTED_EDGE('',*,*,#769,.F.);
#7790 = B_SPLINE_SURFACE_WITH_KNOTS('',3,1,(
    (#7791,#7792)
    ,(#7793,#7794)
    ,(#7795,#7796)
    ,(#7797,#7798
    )),.UNSPECIFIED.,.F.,.F.,.F.,(4,4),(2,2),(7.,8.),(0.,1.),
  .PIECEWISE_BEZIER_KNOTS.);
#7791 = CARTESIAN_POINT('',(-2.3299330726E-02,0.4099959,4.694983757E-02)
  );
#7792 = CARTESIAN_POINT('',(-2.3299330726E-02,0.399996,4.694983757E-02)
  );
#7793 = CARTESIAN_POINT('',(-2.4962926756E-02,0.4099959,4.5431806192E-02
    ));
#7794 = CARTESIAN_POINT('',(-2.4962926756E-02,0.399996,4.5431806192E-02)
  );
#7795 = CARTESIAN_POINT('',(-2.7198383921E-02,0.4099959,4.4662393029E-02
    ));
#7796 = CARTESIAN_POINT('',(-2.7198383921E-02,0.399996,4.4662393029E-02)
  );
#7797 = CARTESIAN_POINT('',(-3.0016099697E-02,0.4099959,4.4662393029E-02
    ));
#7798 = CARTESIAN_POINT('',(-3.0016099697E-02,0.399996,4.4662393029E-02)
  );
#7799 = ADVANCED_FACE('',(#7800),#7811,.F.);
#7800 = FACE_BOUND('',#7801,.F.);
#7801 = EDGE_LOOP('',(#7802,#7803,#7804,#7810));
#7802 = ORIENTED_EDGE('',*,*,#7784,.F.);
#7803 = ORIENTED_EDGE('',*,*,#7510,.T.);
#7804 = ORIENTED_EDGE('',*,*,#7805,.T.);
#7805 = EDGE_CURVE('',#7511,#753,#7806,.T.);
#7806 = LINE('',#7807,#7808);
#7807 = CARTESIAN_POINT('',(-3.8916338458E-02,0.4099959,4.9840335672E-02
    ));
#7808 = VECTOR('',#7809,1.);
#7809 = DIRECTION('',(0.,-1.,0.));
#7810 = ORIENTED_EDGE('',*,*,#760,.F.);
#7811 = B_SPLINE_SURFACE_WITH_KNOTS('',3,1,(
    (#7812,#7813)
    ,(#7814,#7815)
    ,(#7816,#7817)
    ,(#7818,#7819
    )),.UNSPECIFIED.,.F.,.F.,.F.,(4,4),(2,2),(6.,7.),(0.,1.),
  .PIECEWISE_BEZIER_KNOTS.);
#7812 = CARTESIAN_POINT('',(-3.0016099697E-02,0.4099959,4.4662393029E-02
    ));
#7813 = CARTESIAN_POINT('',(-3.0016099697E-02,0.399996,4.4662393029E-02)
  );
#7814 = CARTESIAN_POINT('',(-3.3935947843E-02,0.4099959,4.4662393029E-02
    ));
#7815 = CARTESIAN_POINT('',(-3.3935947843E-02,0.399996,4.4662393029E-02)
  );
#7816 = CARTESIAN_POINT('',(-3.6909625746E-02,0.4099959,4.638837391E-02)
  );
#7817 = CARTESIAN_POINT('',(-3.6909625746E-02,0.399996,4.638837391E-02)
  );
#7818 = CARTESIAN_POINT('',(-3.8916338458E-02,0.4099959,4.9840335672E-02
    ));
#7819 = CARTESIAN_POINT('',(-3.8916338458E-02,0.399996,4.9840335672E-02)
  );
#7820 = ADVANCED_FACE('',(#7821),#7832,.F.);
#7821 = FACE_BOUND('',#7822,.T.);
#7822 = EDGE_LOOP('',(#7823,#7824,#7830,#7831));
#7823 = ORIENTED_EDGE('',*,*,#752,.T.);
#7824 = ORIENTED_EDGE('',*,*,#7825,.F.);
#7825 = EDGE_CURVE('',#7520,#745,#7826,.T.);
#7826 = LINE('',#7827,#7828);
#7827 = CARTESIAN_POINT('',(-3.9051505635E-02,0.4099959,4.9840335672E-02
    ));
#7828 = VECTOR('',#7829,1.);
#7829 = DIRECTION('',(0.,-1.,0.));
#7830 = ORIENTED_EDGE('',*,*,#7519,.F.);
#7831 = ORIENTED_EDGE('',*,*,#7805,.T.);
#7832 = PLANE('',#7833);
#7833 = AXIS2_PLACEMENT_3D('',#7834,#7835,#7836);
#7834 = CARTESIAN_POINT('',(-3.9051505635E-02,0.4099959,4.9840335672E-02
    ));
#7835 = DIRECTION('',(0.,0.,1.));
#7836 = DIRECTION('',(1.,0.,-0.));
#7837 = ADVANCED_FACE('',(#7838),#7849,.F.);
#7838 = FACE_BOUND('',#7839,.T.);
#7839 = EDGE_LOOP('',(#7840,#7841,#7847,#7848));
#7840 = ORIENTED_EDGE('',*,*,#744,.T.);
#7841 = ORIENTED_EDGE('',*,*,#7842,.F.);
#7842 = EDGE_CURVE('',#7528,#737,#7843,.T.);
#7843 = LINE('',#7844,#7845);
#7844 = CARTESIAN_POINT('',(-3.9051505635E-02,0.4099959,4.5348626391E-02
    ));
#7845 = VECTOR('',#7846,1.);
#7846 = DIRECTION('',(0.,-1.,0.));
#7847 = ORIENTED_EDGE('',*,*,#7527,.F.);
#7848 = ORIENTED_EDGE('',*,*,#7825,.T.);
#7849 = PLANE('',#7850);
#7850 = AXIS2_PLACEMENT_3D('',#7851,#7852,#7853);
#7851 = CARTESIAN_POINT('',(-3.9051505635E-02,0.4099959,4.5348626391E-02
    ));
#7852 = DIRECTION('',(-1.,0.,0.));
#7853 = DIRECTION('',(0.,0.,1.));
#7854 = ADVANCED_FACE('',(#7855),#7866,.F.);
#7855 = FACE_BOUND('',#7856,.T.);
#7856 = EDGE_LOOP('',(#7857,#7858,#7864,#7865));
#7857 = ORIENTED_EDGE('',*,*,#736,.T.);
#7858 = ORIENTED_EDGE('',*,*,#7859,.F.);
#7859 = EDGE_CURVE('',#7536,#729,#7860,.T.);
#7860 = LINE('',#7861,#7862);
#7861 = CARTESIAN_POINT('',(-4.4146268477E-02,0.4099959,4.5348626391E-02
    ));
#7862 = VECTOR('',#7863,1.);
#7863 = DIRECTION('',(0.,-1.,0.));
#7864 = ORIENTED_EDGE('',*,*,#7535,.F.);
#7865 = ORIENTED_EDGE('',*,*,#7842,.T.);
#7866 = PLANE('',#7867);
#7867 = AXIS2_PLACEMENT_3D('',#7868,#7869,#7870);
#7868 = CARTESIAN_POINT('',(-4.4146268477E-02,0.4099959,4.5348626391E-02
    ));
#7869 = DIRECTION('',(7.980189884123E-15,0.,1.));
#7870 = DIRECTION('',(1.,0.,-7.980189884123E-15));
#7871 = ADVANCED_FACE('',(#7872),#7883,.F.);
#7872 = FACE_BOUND('',#7873,.T.);
#7873 = EDGE_LOOP('',(#7874,#7875,#7881,#7882));
#7874 = ORIENTED_EDGE('',*,*,#728,.T.);
#7875 = ORIENTED_EDGE('',*,*,#7876,.F.);
#7876 = EDGE_CURVE('',#7544,#720,#7877,.T.);
#7877 = LINE('',#7878,#7879);
#7878 = CARTESIAN_POINT('',(-4.4146268477E-02,0.4099959,6.4043286778E-02
    ));
#7879 = VECTOR('',#7880,1.);
#7880 = DIRECTION('',(0.,-1.,0.));
#7881 = ORIENTED_EDGE('',*,*,#7543,.F.);
#7882 = ORIENTED_EDGE('',*,*,#7859,.T.);
#7883 = PLANE('',#7884);
#7884 = AXIS2_PLACEMENT_3D('',#7885,#7886,#7887);
#7885 = CARTESIAN_POINT('',(-4.4146268477E-02,0.4099959,6.4043286778E-02
    ));
#7886 = DIRECTION('',(1.,0.,-8.699205880493E-15));
#7887 = DIRECTION('',(-8.699205880493E-15,0.,-1.));
#7888 = ADVANCED_FACE('',(#7889),#7895,.F.);
#7889 = FACE_BOUND('',#7890,.F.);
#7890 = EDGE_LOOP('',(#7891,#7892,#7893,#7894));
#7891 = ORIENTED_EDGE('',*,*,#7876,.F.);
#7892 = ORIENTED_EDGE('',*,*,#7551,.T.);
#7893 = ORIENTED_EDGE('',*,*,#7638,.T.);
#7894 = ORIENTED_EDGE('',*,*,#719,.F.);
#7895 = B_SPLINE_SURFACE_WITH_KNOTS('',3,1,(
    (#7896,#7897)
    ,(#7898,#7899)
    ,(#7900,#7901)
    ,(#7902,#7903
    )),.UNSPECIFIED.,.F.,.F.,.F.,(4,4),(2,2),(1.,2.),(0.,1.),
  .PIECEWISE_BEZIER_KNOTS.);
#7896 = CARTESIAN_POINT('',(-4.4146268477E-02,0.4099959,6.4043286778E-02
    ));
#7897 = CARTESIAN_POINT('',(-4.4146268477E-02,0.399996,6.4043286778E-02)
  );
#7898 = CARTESIAN_POINT('',(-4.4146268477E-02,0.4099959,7.1404699211E-02
    ));
#7899 = CARTESIAN_POINT('',(-4.4146268477E-02,0.399996,7.1404699211E-02)
  );
#7900 = CARTESIAN_POINT('',(-4.0642319339E-02,0.4099959,7.5064610476E-02
    ));
#7901 = CARTESIAN_POINT('',(-4.0642319339E-02,0.399996,7.5064610476E-02)
  );
#7902 = CARTESIAN_POINT('',(-3.3644818537E-02,0.4099959,7.5064610476E-02
    ));
#7903 = CARTESIAN_POINT('',(-3.3644818537E-02,0.399996,7.5064610476E-02)
  );
#7904 = ADVANCED_FACE('',(#7905),#7931,.T.);
#7905 = FACE_BOUND('',#7906,.T.);
#7906 = EDGE_LOOP('',(#7907,#7918,#7924,#7925));
#7907 = ORIENTED_EDGE('',*,*,#7908,.F.);
#7908 = EDGE_CURVE('',#7909,#7911,#7913,.T.);
#7909 = VERTEX_POINT('',#7910);
#7910 = CARTESIAN_POINT('',(-3.2251556862E-02,0.399996,5.9010908787E-02)
  );
#7911 = VERTEX_POINT('',#7912);
#7912 = CARTESIAN_POINT('',(-2.7323153624E-02,0.399996,5.7222543055E-02)
  );
#7913 = B_SPLINE_CURVE_WITH_KNOTS('',3,(#7914,#7915,#7916,#7917),
  .UNSPECIFIED.,.F.,.F.,(4,4),(0.,1.),.PIECEWISE_BEZIER_KNOTS.);
#7914 = CARTESIAN_POINT('',(-3.2251556862E-02,0.399996,5.9010908787E-02)
  );
#7915 = CARTESIAN_POINT('',(-2.9870535045E-02,0.399996,5.8678189581E-02)
  );
#7916 = CARTESIAN_POINT('',(-2.8227733965E-02,0.399996,5.8095930971E-02)
  );
#7917 = CARTESIAN_POINT('',(-2.7323153624E-02,0.399996,5.7222543055E-02)
  );
#7918 = ORIENTED_EDGE('',*,*,#7919,.F.);
#7919 = EDGE_CURVE('',#7572,#7909,#7920,.T.);
#7920 = LINE('',#7921,#7922);
#7921 = CARTESIAN_POINT('',(-3.2251556862E-02,0.4099959,5.9010908787E-02
    ));
#7922 = VECTOR('',#7923,1.);
#7923 = DIRECTION('',(0.,-1.,0.));
#7924 = ORIENTED_EDGE('',*,*,#7571,.T.);
#7925 = ORIENTED_EDGE('',*,*,#7926,.T.);
#7926 = EDGE_CURVE('',#7561,#7911,#7927,.T.);
#7927 = LINE('',#7928,#7929);
#7928 = CARTESIAN_POINT('',(-2.7323153624E-02,0.4099959,5.7222543055E-02
    ));
#7929 = VECTOR('',#7930,1.);
#7930 = DIRECTION('',(0.,-1.,0.));
#7931 = B_SPLINE_SURFACE_WITH_KNOTS('',3,1,(
    (#7932,#7933)
    ,(#7934,#7935)
    ,(#7936,#7937)
    ,(#7938,#7939
    )),.UNSPECIFIED.,.F.,.F.,.F.,(4,4),(2,2),(0.,1.),(0.,1.),
  .PIECEWISE_BEZIER_KNOTS.);
#7932 = CARTESIAN_POINT('',(-3.2251556862E-02,0.4099959,5.9010908787E-02
    ));
#7933 = CARTESIAN_POINT('',(-3.2251556862E-02,0.399996,5.9010908787E-02)
  );
#7934 = CARTESIAN_POINT('',(-2.9870535045E-02,0.4099959,5.8678189581E-02
    ));
#7935 = CARTESIAN_POINT('',(-2.9870535045E-02,0.399996,5.8678189581E-02)
  );
#7936 = CARTESIAN_POINT('',(-2.8227733965E-02,0.4099959,5.8095930971E-02
    ));
#7937 = CARTESIAN_POINT('',(-2.8227733965E-02,0.399996,5.8095930971E-02)
  );
#7938 = CARTESIAN_POINT('',(-2.7323153624E-02,0.4099959,5.7222543055E-02
    ));
#7939 = CARTESIAN_POINT('',(-2.7323153624E-02,0.399996,5.7222543055E-02)
  );
#7940 = ADVANCED_FACE('',(#7941),#7960,.T.);
#7941 = FACE_BOUND('',#7942,.T.);
#7942 = EDGE_LOOP('',(#7943,#7952,#7953,#7954));
#7943 = ORIENTED_EDGE('',*,*,#7944,.F.);
#7944 = EDGE_CURVE('',#7911,#7945,#7947,.T.);
#7945 = VERTEX_POINT('',#7946);
#7946 = CARTESIAN_POINT('',(-2.597148185E-02,0.399996,5.3541836839E-02)
  );
#7947 = B_SPLINE_CURVE_WITH_KNOTS('',3,(#7948,#7949,#7950,#7951),
  .UNSPECIFIED.,.F.,.F.,(4,4),(1.,2.),.PIECEWISE_BEZIER_KNOTS.);
#7948 = CARTESIAN_POINT('',(-2.7323153624E-02,0.399996,5.7222543055E-02)
  );
#7949 = CARTESIAN_POINT('',(-2.6428970758E-02,0.399996,5.634915514E-02)
  );
#7950 = CARTESIAN_POINT('',(-2.597148185E-02,0.399996,5.5122253067E-02)
  );
#7951 = CARTESIAN_POINT('',(-2.597148185E-02,0.399996,5.3541836839E-02)
  );
#7952 = ORIENTED_EDGE('',*,*,#7926,.F.);
#7953 = ORIENTED_EDGE('',*,*,#7560,.T.);
#7954 = ORIENTED_EDGE('',*,*,#7955,.T.);
#7955 = EDGE_CURVE('',#7563,#7945,#7956,.T.);
#7956 = LINE('',#7957,#7958);
#7957 = CARTESIAN_POINT('',(-2.597148185E-02,0.4099959,5.3541836839E-02)
  );
#7958 = VECTOR('',#7959,1.);
#7959 = DIRECTION('',(0.,-1.,0.));
#7960 = B_SPLINE_SURFACE_WITH_KNOTS('',3,1,(
    (#7961,#7962)
    ,(#7963,#7964)
    ,(#7965,#7966)
    ,(#7967,#7968
    )),.UNSPECIFIED.,.F.,.F.,.F.,(4,4),(2,2),(1.,2.),(0.,1.),
  .PIECEWISE_BEZIER_KNOTS.);
#7961 = CARTESIAN_POINT('',(-2.7323153624E-02,0.4099959,5.7222543055E-02
    ));
#7962 = CARTESIAN_POINT('',(-2.7323153624E-02,0.399996,5.7222543055E-02)
  );
#7963 = CARTESIAN_POINT('',(-2.6428970758E-02,0.4099959,5.634915514E-02)
  );
#7964 = CARTESIAN_POINT('',(-2.6428970758E-02,0.399996,5.634915514E-02)
  );
#7965 = CARTESIAN_POINT('',(-2.597148185E-02,0.4099959,5.5122253067E-02)
  );
#7966 = CARTESIAN_POINT('',(-2.597148185E-02,0.399996,5.5122253067E-02)
  );
#7967 = CARTESIAN_POINT('',(-2.597148185E-02,0.4099959,5.3541836839E-02)
  );
#7968 = CARTESIAN_POINT('',(-2.597148185E-02,0.399996,5.3541836839E-02)
  );
#7969 = ADVANCED_FACE('',(#7970),#7989,.T.);
#7970 = FACE_BOUND('',#7971,.T.);
#7971 = EDGE_LOOP('',(#7972,#7981,#7982,#7983));
#7972 = ORIENTED_EDGE('',*,*,#7973,.F.);
#7973 = EDGE_CURVE('',#7945,#7974,#7976,.T.);
#7974 = VERTEX_POINT('',#7975);
#7975 = CARTESIAN_POINT('',(-2.7447923326E-02,0.399996,5.0152259927E-02)
  );
#7976 = B_SPLINE_CURVE_WITH_KNOTS('',3,(#7977,#7978,#7979,#7980),
  .UNSPECIFIED.,.F.,.F.,(4,4),(2.,3.),.PIECEWISE_BEZIER_KNOTS.);
#7977 = CARTESIAN_POINT('',(-2.597148185E-02,0.399996,5.3541836839E-02)
  );
#7978 = CARTESIAN_POINT('',(-2.597148185E-02,0.399996,5.2148575164E-02)
  );
#7979 = CARTESIAN_POINT('',(-2.6460163183E-02,0.399996,5.1025647843E-02)
  );
#7980 = CARTESIAN_POINT('',(-2.7447923326E-02,0.399996,5.0152259927E-02)
  );
#7981 = ORIENTED_EDGE('',*,*,#7955,.F.);
#7982 = ORIENTED_EDGE('',*,*,#7623,.T.);
#7983 = ORIENTED_EDGE('',*,*,#7984,.T.);
#7984 = EDGE_CURVE('',#7615,#7974,#7985,.T.);
#7985 = LINE('',#7986,#7987);
#7986 = CARTESIAN_POINT('',(-2.7447923326E-02,0.4099959,5.0152259927E-02
    ));
#7987 = VECTOR('',#7988,1.);
#7988 = DIRECTION('',(0.,-1.,0.));
#7989 = B_SPLINE_SURFACE_WITH_KNOTS('',3,1,(
    (#7990,#7991)
    ,(#7992,#7993)
    ,(#7994,#7995)
    ,(#7996,#7997
    )),.UNSPECIFIED.,.F.,.F.,.F.,(4,4),(2,2),(2.,3.),(0.,1.),
  .PIECEWISE_BEZIER_KNOTS.);
#7990 = CARTESIAN_POINT('',(-2.597148185E-02,0.4099959,5.3541836839E-02)
  );
#7991 = CARTESIAN_POINT('',(-2.597148185E-02,0.399996,5.3541836839E-02)
  );
#7992 = CARTESIAN_POINT('',(-2.597148185E-02,0.4099959,5.2148575164E-02)
  );
#7993 = CARTESIAN_POINT('',(-2.597148185E-02,0.399996,5.2148575164E-02)
  );
#7994 = CARTESIAN_POINT('',(-2.6460163183E-02,0.4099959,5.1025647843E-02
    ));
#7995 = CARTESIAN_POINT('',(-2.6460163183E-02,0.399996,5.1025647843E-02)
  );
#7996 = CARTESIAN_POINT('',(-2.7447923326E-02,0.4099959,5.0152259927E-02
    ));
#7997 = CARTESIAN_POINT('',(-2.7447923326E-02,0.399996,5.0152259927E-02)
  );
#7998 = ADVANCED_FACE('',(#7999),#8018,.T.);
#7999 = FACE_BOUND('',#8000,.T.);
#8000 = EDGE_LOOP('',(#8001,#8010,#8011,#8012));
#8001 = ORIENTED_EDGE('',*,*,#8002,.F.);
#8002 = EDGE_CURVE('',#7974,#8003,#8005,.T.);
#8003 = VERTEX_POINT('',#8004);
#8004 = CARTESIAN_POINT('',(-3.1336579046E-02,0.399996,4.8842178054E-02)
  );
#8005 = B_SPLINE_CURVE_WITH_KNOTS('',3,(#8006,#8007,#8008,#8009),
  .UNSPECIFIED.,.F.,.F.,(4,4),(3.,4.),.PIECEWISE_BEZIER_KNOTS.);
#8006 = CARTESIAN_POINT('',(-2.7447923326E-02,0.399996,5.0152259927E-02)
  );
#8007 = CARTESIAN_POINT('',(-2.8425285993E-02,0.399996,4.9278872012E-02)
  );
#8008 = CARTESIAN_POINT('',(-2.9724970391E-02,0.399996,4.8842178054E-02)
  );
#8009 = CARTESIAN_POINT('',(-3.1336579046E-02,0.399996,4.8842178054E-02)
  );
#8010 = ORIENTED_EDGE('',*,*,#7984,.F.);
#8011 = ORIENTED_EDGE('',*,*,#7614,.T.);
#8012 = ORIENTED_EDGE('',*,*,#8013,.T.);
#8013 = EDGE_CURVE('',#7606,#8003,#8014,.T.);
#8014 = LINE('',#8015,#8016);
#8015 = CARTESIAN_POINT('',(-3.1336579046E-02,0.4099959,4.8842178054E-02
    ));
#8016 = VECTOR('',#8017,1.);
#8017 = DIRECTION('',(0.,-1.,0.));
#8018 = B_SPLINE_SURFACE_WITH_KNOTS('',3,1,(
    (#8019,#8020)
    ,(#8021,#8022)
    ,(#8023,#8024)
    ,(#8025,#8026
    )),.UNSPECIFIED.,.F.,.F.,.F.,(4,4),(2,2),(3.,4.),(0.,1.),
  .PIECEWISE_BEZIER_KNOTS.);
#8019 = CARTESIAN_POINT('',(-2.7447923326E-02,0.4099959,5.0152259927E-02
    ));
#8020 = CARTESIAN_POINT('',(-2.7447923326E-02,0.399996,5.0152259927E-02)
  );
#8021 = CARTESIAN_POINT('',(-2.8425285993E-02,0.4099959,4.9278872012E-02
    ));
#8022 = CARTESIAN_POINT('',(-2.8425285993E-02,0.399996,4.9278872012E-02)
  );
#8023 = CARTESIAN_POINT('',(-2.9724970391E-02,0.4099959,4.8842178054E-02
    ));
#8024 = CARTESIAN_POINT('',(-2.9724970391E-02,0.399996,4.8842178054E-02)
  );
#8025 = CARTESIAN_POINT('',(-3.1336579046E-02,0.4099959,4.8842178054E-02
    ));
#8026 = CARTESIAN_POINT('',(-3.1336579046E-02,0.399996,4.8842178054E-02)
  );
#8027 = ADVANCED_FACE('',(#8028),#8047,.T.);
#8028 = FACE_BOUND('',#8029,.T.);
#8029 = EDGE_LOOP('',(#8030,#8039,#8040,#8041));
#8030 = ORIENTED_EDGE('',*,*,#8031,.F.);
#8031 = EDGE_CURVE('',#8003,#8032,#8034,.T.);
#8032 = VERTEX_POINT('',#8033);
#8033 = CARTESIAN_POINT('',(-3.6868035846E-02,0.399996,5.1212802397E-02)
  );
#8034 = B_SPLINE_CURVE_WITH_KNOTS('',3,(#8035,#8036,#8037,#8038),
  .UNSPECIFIED.,.F.,.F.,(4,4),(4.,5.),.PIECEWISE_BEZIER_KNOTS.);
#8035 = CARTESIAN_POINT('',(-3.1336579046E-02,0.399996,4.8842178054E-02)
  );
#8036 = CARTESIAN_POINT('',(-3.3572036211E-02,0.399996,4.8842178054E-02)
  );
#8037 = CARTESIAN_POINT('',(-3.5422786795E-02,0.399996,4.9632386168E-02)
  );
#8038 = CARTESIAN_POINT('',(-3.6868035846E-02,0.399996,5.1212802397E-02)
  );
#8039 = ORIENTED_EDGE('',*,*,#8013,.F.);
#8040 = ORIENTED_EDGE('',*,*,#7605,.T.);
#8041 = ORIENTED_EDGE('',*,*,#8042,.T.);
#8042 = EDGE_CURVE('',#7597,#8032,#8043,.T.);
#8043 = LINE('',#8044,#8045);
#8044 = CARTESIAN_POINT('',(-3.6868035846E-02,0.4099959,5.1212802397E-02
    ));
#8045 = VECTOR('',#8046,1.);
#8046 = DIRECTION('',(0.,-1.,0.));
#8047 = B_SPLINE_SURFACE_WITH_KNOTS('',3,1,(
    (#8048,#8049)
    ,(#8050,#8051)
    ,(#8052,#8053)
    ,(#8054,#8055
    )),.UNSPECIFIED.,.F.,.F.,.F.,(4,4),(2,2),(4.,5.),(0.,1.),
  .PIECEWISE_BEZIER_KNOTS.);
#8048 = CARTESIAN_POINT('',(-3.1336579046E-02,0.4099959,4.8842178054E-02
    ));
#8049 = CARTESIAN_POINT('',(-3.1336579046E-02,0.399996,4.8842178054E-02)
  );
#8050 = CARTESIAN_POINT('',(-3.3572036211E-02,0.4099959,4.8842178054E-02
    ));
#8051 = CARTESIAN_POINT('',(-3.3572036211E-02,0.399996,4.8842178054E-02)
  );
#8052 = CARTESIAN_POINT('',(-3.5422786795E-02,0.4099959,4.9632386168E-02
    ));
#8053 = CARTESIAN_POINT('',(-3.5422786795E-02,0.399996,4.9632386168E-02)
  );
#8054 = CARTESIAN_POINT('',(-3.6868035846E-02,0.4099959,5.1212802397E-02
    ));
#8055 = CARTESIAN_POINT('',(-3.6868035846E-02,0.399996,5.1212802397E-02)
  );
#8056 = ADVANCED_FACE('',(#8057),#8076,.T.);
#8057 = FACE_BOUND('',#8058,.T.);
#8058 = EDGE_LOOP('',(#8059,#8068,#8069,#8070));
#8059 = ORIENTED_EDGE('',*,*,#8060,.F.);
#8060 = EDGE_CURVE('',#8032,#8061,#8063,.T.);
#8061 = VERTEX_POINT('',#8062);
#8062 = CARTESIAN_POINT('',(-3.9051505635E-02,0.399996,5.7139363254E-02)
  );
#8063 = B_SPLINE_CURVE_WITH_KNOTS('',3,(#8064,#8065,#8066,#8067),
  .UNSPECIFIED.,.F.,.F.,(4,4),(5.,6.),.PIECEWISE_BEZIER_KNOTS.);
#8064 = CARTESIAN_POINT('',(-3.6868035846E-02,0.399996,5.1212802397E-02)
  );
#8065 = CARTESIAN_POINT('',(-3.8323682371E-02,0.399996,5.2772423674E-02)
  );
#8066 = CARTESIAN_POINT('',(-3.9051505635E-02,0.399996,5.474794396E-02)
  );
#8067 = CARTESIAN_POINT('',(-3.9051505635E-02,0.399996,5.7139363254E-02)
  );
#8068 = ORIENTED_EDGE('',*,*,#8042,.F.);
#8069 = ORIENTED_EDGE('',*,*,#7596,.T.);
#8070 = ORIENTED_EDGE('',*,*,#8071,.T.);
#8071 = EDGE_CURVE('',#7589,#8061,#8072,.T.);
#8072 = LINE('',#8073,#8074);
#8073 = CARTESIAN_POINT('',(-3.9051505635E-02,0.4099959,5.7139363254E-02
    ));
#8074 = VECTOR('',#8075,1.);
#8075 = DIRECTION('',(0.,-1.,0.));
#8076 = B_SPLINE_SURFACE_WITH_KNOTS('',3,1,(
    (#8077,#8078)
    ,(#8079,#8080)
    ,(#8081,#8082)
    ,(#8083,#8084
    )),.UNSPECIFIED.,.F.,.F.,.F.,(4,4),(2,2),(5.,6.),(0.,1.),
  .PIECEWISE_BEZIER_KNOTS.);
#8077 = CARTESIAN_POINT('',(-3.6868035846E-02,0.4099959,5.1212802397E-02
    ));
#8078 = CARTESIAN_POINT('',(-3.6868035846E-02,0.399996,5.1212802397E-02)
  );
#8079 = CARTESIAN_POINT('',(-3.8323682371E-02,0.4099959,5.2772423674E-02
    ));
#8080 = CARTESIAN_POINT('',(-3.8323682371E-02,0.399996,5.2772423674E-02)
  );
#8081 = CARTESIAN_POINT('',(-3.9051505635E-02,0.4099959,5.474794396E-02)
  );
#8082 = CARTESIAN_POINT('',(-3.9051505635E-02,0.399996,5.474794396E-02)
  );
#8083 = CARTESIAN_POINT('',(-3.9051505635E-02,0.4099959,5.7139363254E-02
    ));
#8084 = CARTESIAN_POINT('',(-3.9051505635E-02,0.399996,5.7139363254E-02)
  );
#8085 = ADVANCED_FACE('',(#8086),#8104,.T.);
#8086 = FACE_BOUND('',#8087,.T.);
#8087 = EDGE_LOOP('',(#8088,#8096,#8097,#8098));
#8088 = ORIENTED_EDGE('',*,*,#8089,.F.);
#8089 = EDGE_CURVE('',#8061,#8090,#8092,.T.);
#8090 = VERTEX_POINT('',#8091);
#8091 = CARTESIAN_POINT('',(-3.9051505635E-02,0.399996,5.9925886604E-02)
  );
#8092 = LINE('',#8093,#8094);
#8093 = CARTESIAN_POINT('',(-3.9051505635E-02,0.399996,5.7139363254E-02)
  );
#8094 = VECTOR('',#8095,1.);
#8095 = DIRECTION('',(1.945419424389E-14,0.,1.));
#8096 = ORIENTED_EDGE('',*,*,#8071,.F.);
#8097 = ORIENTED_EDGE('',*,*,#7588,.T.);
#8098 = ORIENTED_EDGE('',*,*,#8099,.T.);
#8099 = EDGE_CURVE('',#7581,#8090,#8100,.T.);
#8100 = LINE('',#8101,#8102);
#8101 = CARTESIAN_POINT('',(-3.9051505635E-02,0.4099959,5.9925886604E-02
    ));
#8102 = VECTOR('',#8103,1.);
#8103 = DIRECTION('',(0.,-1.,0.));
#8104 = PLANE('',#8105);
#8105 = AXIS2_PLACEMENT_3D('',#8106,#8107,#8108);
#8106 = CARTESIAN_POINT('',(-3.9051505635E-02,0.4099959,5.7139363254E-02
    ));
#8107 = DIRECTION('',(1.,0.,-1.945419424389E-14));
#8108 = DIRECTION('',(-1.945419424389E-14,0.,-1.));
#8109 = ADVANCED_FACE('',(#8110),#8121,.T.);
#8110 = FACE_BOUND('',#8111,.T.);
#8111 = EDGE_LOOP('',(#8112,#8118,#8119,#8120));
#8112 = ORIENTED_EDGE('',*,*,#8113,.F.);
#8113 = EDGE_CURVE('',#8090,#7909,#8114,.T.);
#8114 = LINE('',#8115,#8116);
#8115 = CARTESIAN_POINT('',(-3.9051505635E-02,0.399996,5.9925886604E-02)
  );
#8116 = VECTOR('',#8117,1.);
#8117 = DIRECTION('',(0.9910683663,0.,-0.133354764893));
#8118 = ORIENTED_EDGE('',*,*,#8099,.F.);
#8119 = ORIENTED_EDGE('',*,*,#7580,.T.);
#8120 = ORIENTED_EDGE('',*,*,#7919,.T.);
#8121 = PLANE('',#8122);
#8122 = AXIS2_PLACEMENT_3D('',#8123,#8124,#8125);
#8123 = CARTESIAN_POINT('',(-3.9051505635E-02,0.4099959,5.9925886604E-02
    ));
#8124 = DIRECTION('',(-0.133354764893,0.,-0.9910683663));
#8125 = DIRECTION('',(-0.9910683663,0.,0.133354764893));
#8126 = ADVANCED_FACE('',(#8127),#8137,.F.);
#8127 = FACE_BOUND('',#8128,.T.);
#8128 = EDGE_LOOP('',(#8129,#8130,#8131,#8132,#8133,#8134,#8135,#8136));
#8129 = ORIENTED_EDGE('',*,*,#8113,.T.);
#8130 = ORIENTED_EDGE('',*,*,#7908,.T.);
#8131 = ORIENTED_EDGE('',*,*,#7944,.T.);
#8132 = ORIENTED_EDGE('',*,*,#7973,.T.);
#8133 = ORIENTED_EDGE('',*,*,#8002,.T.);
#8134 = ORIENTED_EDGE('',*,*,#8031,.T.);
#8135 = ORIENTED_EDGE('',*,*,#8060,.T.);
#8136 = ORIENTED_EDGE('',*,*,#8089,.T.);
#8137 = PLANE('',#8138);
#8138 = AXIS2_PLACEMENT_3D('',#8139,#8140,#8141);
#8139 = CARTESIAN_POINT('',(-0.799992,0.399996,0.179998199999));
#8140 = DIRECTION('',(0.,-1.,0.));
#8141 = DIRECTION('',(0.,0.,-1.));
#8142 = ADVANCED_FACE('',(#8143),#8169,.F.);
#8143 = FACE_BOUND('',#8144,.F.);
#8144 = EDGE_LOOP('',(#8145,#8153,#8162,#8168));
#8145 = ORIENTED_EDGE('',*,*,#8146,.F.);
#8146 = EDGE_CURVE('',#8147,#1365,#8149,.T.);
#8147 = VERTEX_POINT('',#8148);
#8148 = CARTESIAN_POINT('',(-5.9430557002E-02,0.4099959,4.8821383104E-02
    ));
#8149 = LINE('',#8150,#8151);
#8150 = CARTESIAN_POINT('',(-5.9430557002E-02,0.4099959,4.8821383104E-02
    ));
#8151 = VECTOR('',#8152,1.);
#8152 = DIRECTION('',(0.,-1.,0.));
#8153 = ORIENTED_EDGE('',*,*,#8154,.T.);
#8154 = EDGE_CURVE('',#8147,#8155,#8157,.T.);
#8155 = VERTEX_POINT('',#8156);
#8156 = CARTESIAN_POINT('',(-5.1050192001E-02,0.4099959,5.1628701404E-02
    ));
#8157 = B_SPLINE_CURVE_WITH_KNOTS('',3,(#8158,#8159,#8160,#8161),
  .UNSPECIFIED.,.F.,.F.,(4,4),(0.,1.),.PIECEWISE_BEZIER_KNOTS.);
#8158 = CARTESIAN_POINT('',(-5.9430557002E-02,0.4099959,4.8821383104E-02
    ));
#8159 = CARTESIAN_POINT('',(-5.6436084149E-02,0.4099959,4.8821383104E-02
    ));
#8160 = CARTESIAN_POINT('',(-5.3649560798E-02,0.4099959,4.975715587E-02)
  );
#8161 = CARTESIAN_POINT('',(-5.1050192001E-02,0.4099959,5.1628701404E-02
    ));
#8162 = ORIENTED_EDGE('',*,*,#8163,.T.);
#8163 = EDGE_CURVE('',#8155,#1367,#8164,.T.);
#8164 = LINE('',#8165,#8166);
#8165 = CARTESIAN_POINT('',(-5.1050192001E-02,0.4099959,5.1628701404E-02
    ));
#8166 = VECTOR('',#8167,1.);
#8167 = DIRECTION('',(0.,-1.,0.));
#8168 = ORIENTED_EDGE('',*,*,#1364,.F.);
#8169 = B_SPLINE_SURFACE_WITH_KNOTS('',3,1,(
    (#8170,#8171)
    ,(#8172,#8173)
    ,(#8174,#8175)
    ,(#8176,#8177
    )),.UNSPECIFIED.,.F.,.F.,.F.,(4,4),(2,2),(0.,1.),(0.,1.),
  .PIECEWISE_BEZIER_KNOTS.);
#8170 = CARTESIAN_POINT('',(-5.9430557002E-02,0.4099959,4.8821383104E-02
    ));
#8171 = CARTESIAN_POINT('',(-5.9430557002E-02,0.399996,4.8821383104E-02)
  );
#8172 = CARTESIAN_POINT('',(-5.6436084149E-02,0.4099959,4.8821383104E-02
    ));
#8173 = CARTESIAN_POINT('',(-5.6436084149E-02,0.399996,4.8821383104E-02)
  );
#8174 = CARTESIAN_POINT('',(-5.3649560798E-02,0.4099959,4.975715587E-02)
  );
#8175 = CARTESIAN_POINT('',(-5.3649560798E-02,0.399996,4.975715587E-02)
  );
#8176 = CARTESIAN_POINT('',(-5.1050192001E-02,0.4099959,5.1628701404E-02
    ));
#8177 = CARTESIAN_POINT('',(-5.1050192001E-02,0.399996,5.1628701404E-02)
  );
#8178 = ADVANCED_FACE('',(#8179),#8197,.F.);
#8179 = FACE_BOUND('',#8180,.T.);
#8180 = EDGE_LOOP('',(#8181,#8182,#8190,#8196));
#8181 = ORIENTED_EDGE('',*,*,#1545,.T.);
#8182 = ORIENTED_EDGE('',*,*,#8183,.F.);
#8183 = EDGE_CURVE('',#8184,#1537,#8186,.T.);
#8184 = VERTEX_POINT('',#8185);
#8185 = CARTESIAN_POINT('',(-5.1050192001E-02,0.4099959,4.636757896E-02)
  );
#8186 = LINE('',#8187,#8188);
#8187 = CARTESIAN_POINT('',(-5.1050192001E-02,0.4099959,4.636757896E-02)
  );
#8188 = VECTOR('',#8189,1.);
#8189 = DIRECTION('',(0.,-1.,0.));
#8190 = ORIENTED_EDGE('',*,*,#8191,.F.);
#8191 = EDGE_CURVE('',#8155,#8184,#8192,.T.);
#8192 = LINE('',#8193,#8194);
#8193 = CARTESIAN_POINT('',(-5.1050192001E-02,0.4099959,4.636757896E-02)
  );
#8194 = VECTOR('',#8195,1.);
#8195 = DIRECTION('',(-1.03038024858E-14,0.,-1.));
#8196 = ORIENTED_EDGE('',*,*,#8163,.T.);
#8197 = PLANE('',#8198);
#8198 = AXIS2_PLACEMENT_3D('',#8199,#8200,#8201);
#8199 = CARTESIAN_POINT('',(-5.1050192001E-02,0.4099959,4.636757896E-02)
  );
#8200 = DIRECTION('',(-1.,0.,1.03038024858E-14));
#8201 = DIRECTION('',(1.03038024858E-14,0.,1.));
#8202 = ADVANCED_FACE('',(#8203),#8222,.F.);
#8203 = FACE_BOUND('',#8204,.F.);
#8204 = EDGE_LOOP('',(#8205,#8206,#8215,#8221));
#8205 = ORIENTED_EDGE('',*,*,#8183,.F.);
#8206 = ORIENTED_EDGE('',*,*,#8207,.T.);
#8207 = EDGE_CURVE('',#8184,#8208,#8210,.T.);
#8208 = VERTEX_POINT('',#8209);
#8209 = CARTESIAN_POINT('',(-5.8931478193E-02,0.4099959,4.4662393029E-02
    ));
#8210 = B_SPLINE_CURVE_WITH_KNOTS('',3,(#8211,#8212,#8213,#8214),
  .UNSPECIFIED.,.F.,.F.,(4,4),(19.,20.),.PIECEWISE_BEZIER_KNOTS.);
#8211 = CARTESIAN_POINT('',(-5.1050192001E-02,0.4099959,4.636757896E-02)
  );
#8212 = CARTESIAN_POINT('',(-5.3296046641E-02,0.4099959,4.5244651639E-02
    ));
#8213 = CARTESIAN_POINT('',(-5.5916210389E-02,0.4099959,4.4662393029E-02
    ));
#8214 = CARTESIAN_POINT('',(-5.8931478193E-02,0.4099959,4.4662393029E-02
    ));
#8215 = ORIENTED_EDGE('',*,*,#8216,.T.);
#8216 = EDGE_CURVE('',#8208,#1528,#8217,.T.);
#8217 = LINE('',#8218,#8219);
#8218 = CARTESIAN_POINT('',(-5.8931478193E-02,0.4099959,4.4662393029E-02
    ));
#8219 = VECTOR('',#8220,1.);
#8220 = DIRECTION('',(0.,-1.,0.));
#8221 = ORIENTED_EDGE('',*,*,#1536,.F.);
#8222 = B_SPLINE_SURFACE_WITH_KNOTS('',3,1,(
    (#8223,#8224)
    ,(#8225,#8226)
    ,(#8227,#8228)
    ,(#8229,#8230
    )),.UNSPECIFIED.,.F.,.F.,.F.,(4,4),(2,2),(19.,20.),(0.,1.),
  .PIECEWISE_BEZIER_KNOTS.);
#8223 = CARTESIAN_POINT('',(-5.1050192001E-02,0.4099959,4.636757896E-02)
  );
#8224 = CARTESIAN_POINT('',(-5.1050192001E-02,0.399996,4.636757896E-02)
  );
#8225 = CARTESIAN_POINT('',(-5.3296046641E-02,0.4099959,4.5244651639E-02
    ));
#8226 = CARTESIAN_POINT('',(-5.3296046641E-02,0.399996,4.5244651639E-02)
  );
#8227 = CARTESIAN_POINT('',(-5.5916210389E-02,0.4099959,4.4662393029E-02
    ));
#8228 = CARTESIAN_POINT('',(-5.5916210389E-02,0.399996,4.4662393029E-02)
  );
#8229 = CARTESIAN_POINT('',(-5.8931478193E-02,0.4099959,4.4662393029E-02
    ));
#8230 = CARTESIAN_POINT('',(-5.8931478193E-02,0.399996,4.4662393029E-02)
  );
#8231 = ADVANCED_FACE('',(#8232),#8251,.F.);
#8232 = FACE_BOUND('',#8233,.F.);
#8233 = EDGE_LOOP('',(#8234,#8235,#8244,#8250));
#8234 = ORIENTED_EDGE('',*,*,#8216,.F.);
#8235 = ORIENTED_EDGE('',*,*,#8236,.T.);
#8236 = EDGE_CURVE('',#8208,#8237,#8239,.T.);
#8237 = VERTEX_POINT('',#8238);
#8238 = CARTESIAN_POINT('',(-6.7395022996E-02,0.4099959,4.697063252E-02)
  );
#8239 = B_SPLINE_CURVE_WITH_KNOTS('',3,(#8240,#8241,#8242,#8243),
  .UNSPECIFIED.,.F.,.F.,(4,4),(18.,19.),.PIECEWISE_BEZIER_KNOTS.);
#8240 = CARTESIAN_POINT('',(-5.8931478193E-02,0.4099959,4.4662393029E-02
    ));
#8241 = CARTESIAN_POINT('',(-6.239383743E-02,0.4099959,4.4662393029E-02)
  );
#8242 = CARTESIAN_POINT('',(-6.5221950682E-02,0.4099959,4.5431806192E-02
    ));
#8243 = CARTESIAN_POINT('',(-6.7395022996E-02,0.4099959,4.697063252E-02)
  );
#8244 = ORIENTED_EDGE('',*,*,#8245,.T.);
#8245 = EDGE_CURVE('',#8237,#1519,#8246,.T.);
#8246 = LINE('',#8247,#8248);
#8247 = CARTESIAN_POINT('',(-6.7395022996E-02,0.4099959,4.697063252E-02)
  );
#8248 = VECTOR('',#8249,1.);
#8249 = DIRECTION('',(0.,-1.,0.));
#8250 = ORIENTED_EDGE('',*,*,#1527,.F.);
#8251 = B_SPLINE_SURFACE_WITH_KNOTS('',3,1,(
    (#8252,#8253)
    ,(#8254,#8255)
    ,(#8256,#8257)
    ,(#8258,#8259
    )),.UNSPECIFIED.,.F.,.F.,.F.,(4,4),(2,2),(18.,19.),(0.,1.),
  .PIECEWISE_BEZIER_KNOTS.);
#8252 = CARTESIAN_POINT('',(-5.8931478193E-02,0.4099959,4.4662393029E-02
    ));
#8253 = CARTESIAN_POINT('',(-5.8931478193E-02,0.399996,4.4662393029E-02)
  );
#8254 = CARTESIAN_POINT('',(-6.239383743E-02,0.4099959,4.4662393029E-02)
  );
#8255 = CARTESIAN_POINT('',(-6.239383743E-02,0.399996,4.4662393029E-02)
  );
#8256 = CARTESIAN_POINT('',(-6.5221950682E-02,0.4099959,4.5431806192E-02
    ));
#8257 = CARTESIAN_POINT('',(-6.5221950682E-02,0.399996,4.5431806192E-02)
  );
#8258 = CARTESIAN_POINT('',(-6.7395022996E-02,0.4099959,4.697063252E-02)
  );
#8259 = CARTESIAN_POINT('',(-6.7395022996E-02,0.399996,4.697063252E-02)
  );
#8260 = ADVANCED_FACE('',(#8261),#8280,.F.);
#8261 = FACE_BOUND('',#8262,.F.);
#8262 = EDGE_LOOP('',(#8263,#8264,#8273,#8279));
#8263 = ORIENTED_EDGE('',*,*,#8245,.F.);
#8264 = ORIENTED_EDGE('',*,*,#8265,.T.);
#8265 = EDGE_CURVE('',#8237,#8266,#8268,.T.);
#8266 = VERTEX_POINT('',#8267);
#8267 = CARTESIAN_POINT('',(-7.067022768E-02,0.4099959,5.3250707534E-02)
  );
#8268 = B_SPLINE_CURVE_WITH_KNOTS('',3,(#8269,#8270,#8271,#8272),
  .UNSPECIFIED.,.F.,.F.,(4,4),(17.,18.),.PIECEWISE_BEZIER_KNOTS.);
#8269 = CARTESIAN_POINT('',(-6.7395022996E-02,0.4099959,4.697063252E-02)
  );
#8270 = CARTESIAN_POINT('',(-6.9578492785E-02,0.4099959,4.8488663898E-02
    ));
#8271 = CARTESIAN_POINT('',(-7.067022768E-02,0.4099959,5.0588953885E-02)
  );
#8272 = CARTESIAN_POINT('',(-7.067022768E-02,0.4099959,5.3250707534E-02)
  );
#8273 = ORIENTED_EDGE('',*,*,#8274,.T.);
#8274 = EDGE_CURVE('',#8266,#1510,#8275,.T.);
#8275 = LINE('',#8276,#8277);
#8276 = CARTESIAN_POINT('',(-7.067022768E-02,0.4099959,5.3250707534E-02)
  );
#8277 = VECTOR('',#8278,1.);
#8278 = DIRECTION('',(0.,-1.,0.));
#8279 = ORIENTED_EDGE('',*,*,#1518,.F.);
#8280 = B_SPLINE_SURFACE_WITH_KNOTS('',3,1,(
    (#8281,#8282)
    ,(#8283,#8284)
    ,(#8285,#8286)
    ,(#8287,#8288
    )),.UNSPECIFIED.,.F.,.F.,.F.,(4,4),(2,2),(17.,18.),(0.,1.),
  .PIECEWISE_BEZIER_KNOTS.);
#8281 = CARTESIAN_POINT('',(-6.7395022996E-02,0.4099959,4.697063252E-02)
  );
#8282 = CARTESIAN_POINT('',(-6.7395022996E-02,0.399996,4.697063252E-02)
  );
#8283 = CARTESIAN_POINT('',(-6.9578492785E-02,0.4099959,4.8488663898E-02
    ));
#8284 = CARTESIAN_POINT('',(-6.9578492785E-02,0.399996,4.8488663898E-02)
  );
#8285 = CARTESIAN_POINT('',(-7.067022768E-02,0.4099959,5.0588953885E-02)
  );
#8286 = CARTESIAN_POINT('',(-7.067022768E-02,0.399996,5.0588953885E-02)
  );
#8287 = CARTESIAN_POINT('',(-7.067022768E-02,0.4099959,5.3250707534E-02)
  );
#8288 = CARTESIAN_POINT('',(-7.067022768E-02,0.399996,5.3250707534E-02)
  );
#8289 = ADVANCED_FACE('',(#8290),#8309,.F.);
#8290 = FACE_BOUND('',#8291,.F.);
#8291 = EDGE_LOOP('',(#8292,#8293,#8302,#8308));
#8292 = ORIENTED_EDGE('',*,*,#8274,.F.);
#8293 = ORIENTED_EDGE('',*,*,#8294,.T.);
#8294 = EDGE_CURVE('',#8266,#8295,#8297,.T.);
#8295 = VERTEX_POINT('',#8296);
#8296 = CARTESIAN_POINT('',(-6.8965041749E-02,0.4099959,5.805434107E-02)
  );
#8297 = B_SPLINE_CURVE_WITH_KNOTS('',3,(#8298,#8299,#8300,#8301),
  .UNSPECIFIED.,.F.,.F.,(4,4),(16.,17.),.PIECEWISE_BEZIER_KNOTS.);
#8298 = CARTESIAN_POINT('',(-7.067022768E-02,0.4099959,5.3250707534E-02)
  );
#8299 = CARTESIAN_POINT('',(-7.067022768E-02,0.4099959,5.5163842968E-02)
  );
#8300 = CARTESIAN_POINT('',(-7.0098366544E-02,0.4099959,5.6765054147E-02
    ));
#8301 = CARTESIAN_POINT('',(-6.8965041749E-02,0.4099959,5.805434107E-02)
  );
#8302 = ORIENTED_EDGE('',*,*,#8303,.T.);
#8303 = EDGE_CURVE('',#8295,#1501,#8304,.T.);
#8304 = LINE('',#8305,#8306);
#8305 = CARTESIAN_POINT('',(-6.8965041749E-02,0.4099959,5.805434107E-02)
  );
#8306 = VECTOR('',#8307,1.);
#8307 = DIRECTION('',(0.,-1.,0.));
#8308 = ORIENTED_EDGE('',*,*,#1509,.F.);
#8309 = B_SPLINE_SURFACE_WITH_KNOTS('',3,1,(
    (#8310,#8311)
    ,(#8312,#8313)
    ,(#8314,#8315)
    ,(#8316,#8317
    )),.UNSPECIFIED.,.F.,.F.,.F.,(4,4),(2,2),(16.,17.),(0.,1.),
  .PIECEWISE_BEZIER_KNOTS.);
#8310 = CARTESIAN_POINT('',(-7.067022768E-02,0.4099959,5.3250707534E-02)
  );
#8311 = CARTESIAN_POINT('',(-7.067022768E-02,0.399996,5.3250707534E-02)
  );
#8312 = CARTESIAN_POINT('',(-7.067022768E-02,0.4099959,5.5163842968E-02)
  );
#8313 = CARTESIAN_POINT('',(-7.067022768E-02,0.399996,5.5163842968E-02)
  );
#8314 = CARTESIAN_POINT('',(-7.0098366544E-02,0.4099959,5.6765054147E-02
    ));
#8315 = CARTESIAN_POINT('',(-7.0098366544E-02,0.399996,5.6765054147E-02)
  );
#8316 = CARTESIAN_POINT('',(-6.8965041749E-02,0.4099959,5.805434107E-02)
  );
#8317 = CARTESIAN_POINT('',(-6.8965041749E-02,0.399996,5.805434107E-02)
  );
#8318 = ADVANCED_FACE('',(#8319),#8338,.F.);
#8319 = FACE_BOUND('',#8320,.F.);
#8320 = EDGE_LOOP('',(#8321,#8322,#8331,#8337));
#8321 = ORIENTED_EDGE('',*,*,#8303,.F.);
#8322 = ORIENTED_EDGE('',*,*,#8323,.T.);
#8323 = EDGE_CURVE('',#8295,#8324,#8326,.T.);
#8324 = VERTEX_POINT('',#8325);
#8325 = CARTESIAN_POINT('',(-6.239383743E-02,0.4099959,6.1818227088E-02)
  );
#8326 = B_SPLINE_CURVE_WITH_KNOTS('',3,(#8327,#8328,#8329,#8330),
  .UNSPECIFIED.,.F.,.F.,(4,4),(15.,16.),.PIECEWISE_BEZIER_KNOTS.);
#8327 = CARTESIAN_POINT('',(-6.8965041749E-02,0.4099959,5.805434107E-02)
  );
#8328 = CARTESIAN_POINT('',(-6.7821319478E-02,0.4099959,5.9343627994E-02
    ));
#8329 = CARTESIAN_POINT('',(-6.5637849689E-02,0.4099959,6.0612119966E-02
    ));
#8330 = CARTESIAN_POINT('',(-6.239383743E-02,0.4099959,6.1818227088E-02)
  );
#8331 = ORIENTED_EDGE('',*,*,#8332,.T.);
#8332 = EDGE_CURVE('',#8324,#1492,#8333,.T.);
#8333 = LINE('',#8334,#8335);
#8334 = CARTESIAN_POINT('',(-6.239383743E-02,0.4099959,6.1818227088E-02)
  );
#8335 = VECTOR('',#8336,1.);
#8336 = DIRECTION('',(0.,-1.,0.));
#8337 = ORIENTED_EDGE('',*,*,#1500,.F.);
#8338 = B_SPLINE_SURFACE_WITH_KNOTS('',3,1,(
    (#8339,#8340)
    ,(#8341,#8342)
    ,(#8343,#8344)
    ,(#8345,#8346
    )),.UNSPECIFIED.,.F.,.F.,.F.,(4,4),(2,2),(15.,16.),(0.,1.),
  .PIECEWISE_BEZIER_KNOTS.);
#8339 = CARTESIAN_POINT('',(-6.8965041749E-02,0.4099959,5.805434107E-02)
  );
#8340 = CARTESIAN_POINT('',(-6.8965041749E-02,0.399996,5.805434107E-02)
  );
#8341 = CARTESIAN_POINT('',(-6.7821319478E-02,0.4099959,5.9343627994E-02
    ));
#8342 = CARTESIAN_POINT('',(-6.7821319478E-02,0.399996,5.9343627994E-02)
  );
#8343 = CARTESIAN_POINT('',(-6.5637849689E-02,0.4099959,6.0612119966E-02
    ));
#8344 = CARTESIAN_POINT('',(-6.5637849689E-02,0.399996,6.0612119966E-02)
  );
#8345 = CARTESIAN_POINT('',(-6.239383743E-02,0.4099959,6.1818227088E-02)
  );
#8346 = CARTESIAN_POINT('',(-6.239383743E-02,0.399996,6.1818227088E-02)
  );
#8347 = ADVANCED_FACE('',(#8348),#8367,.F.);
#8348 = FACE_BOUND('',#8349,.F.);
#8349 = EDGE_LOOP('',(#8350,#8351,#8360,#8366));
#8350 = ORIENTED_EDGE('',*,*,#8332,.F.);
#8351 = ORIENTED_EDGE('',*,*,#8352,.T.);
#8352 = EDGE_CURVE('',#8324,#8353,#8355,.T.);
#8353 = VERTEX_POINT('',#8354);
#8354 = CARTESIAN_POINT('',(-5.7444639241E-02,0.4099959,6.4313621133E-02
    ));
#8355 = B_SPLINE_CURVE_WITH_KNOTS('',3,(#8356,#8357,#8358,#8359),
  .UNSPECIFIED.,.F.,.F.,(4,4),(14.,15.),.PIECEWISE_BEZIER_KNOTS.);
#8356 = CARTESIAN_POINT('',(-6.239383743E-02,0.4099959,6.1818227088E-02)
  );
#8357 = CARTESIAN_POINT('',(-5.9836058534E-02,0.4099959,6.2816384706E-02
    ));
#8358 = CARTESIAN_POINT('',(-5.8193257455E-02,0.4099959,6.3648182721E-02
    ));
#8359 = CARTESIAN_POINT('',(-5.7444639241E-02,0.4099959,6.4313621133E-02
    ));
#8360 = ORIENTED_EDGE('',*,*,#8361,.T.);
#8361 = EDGE_CURVE('',#8353,#1483,#8362,.T.);
#8362 = LINE('',#8363,#8364);
#8363 = CARTESIAN_POINT('',(-5.7444639241E-02,0.4099959,6.4313621133E-02
    ));
#8364 = VECTOR('',#8365,1.);
#8365 = DIRECTION('',(0.,-1.,0.));
#8366 = ORIENTED_EDGE('',*,*,#1491,.F.);
#8367 = B_SPLINE_SURFACE_WITH_KNOTS('',3,1,(
    (#8368,#8369)
    ,(#8370,#8371)
    ,(#8372,#8373)
    ,(#8374,#8375
    )),.UNSPECIFIED.,.F.,.F.,.F.,(4,4),(2,2),(14.,15.),(0.,1.),
  .PIECEWISE_BEZIER_KNOTS.);
#8368 = CARTESIAN_POINT('',(-6.239383743E-02,0.4099959,6.1818227088E-02)
  );
#8369 = CARTESIAN_POINT('',(-6.239383743E-02,0.399996,6.1818227088E-02)
  );
#8370 = CARTESIAN_POINT('',(-5.9836058534E-02,0.4099959,6.2816384706E-02
    ));
#8371 = CARTESIAN_POINT('',(-5.9836058534E-02,0.399996,6.2816384706E-02)
  );
#8372 = CARTESIAN_POINT('',(-5.8193257455E-02,0.4099959,6.3648182721E-02
    ));
#8373 = CARTESIAN_POINT('',(-5.8193257455E-02,0.399996,6.3648182721E-02)
  );
#8374 = CARTESIAN_POINT('',(-5.7444639241E-02,0.4099959,6.4313621133E-02
    ));
#8375 = CARTESIAN_POINT('',(-5.7444639241E-02,0.399996,6.4313621133E-02)
  );
#8376 = ADVANCED_FACE('',(#8377),#8396,.F.);
#8377 = FACE_BOUND('',#8378,.F.);
#8378 = EDGE_LOOP('',(#8379,#8380,#8389,#8395));
#8379 = ORIENTED_EDGE('',*,*,#8361,.F.);
#8380 = ORIENTED_EDGE('',*,*,#8381,.T.);
#8381 = EDGE_CURVE('',#8353,#8382,#8384,.T.);
#8382 = VERTEX_POINT('',#8383);
#8383 = CARTESIAN_POINT('',(-5.6332109396E-02,0.4099959,6.7016964682E-02
    ));
#8384 = B_SPLINE_CURVE_WITH_KNOTS('',3,(#8385,#8386,#8387,#8388),
  .UNSPECIFIED.,.F.,.F.,(4,4),(13.,14.),.PIECEWISE_BEZIER_KNOTS.);
#8385 = CARTESIAN_POINT('',(-5.7444639241E-02,0.4099959,6.4313621133E-02
    ));
#8386 = CARTESIAN_POINT('',(-5.6706418503E-02,0.4099959,6.4958264595E-02
    ));
#8387 = CARTESIAN_POINT('',(-5.6332109396E-02,0.4099959,6.5852447461E-02
    ));
#8388 = CARTESIAN_POINT('',(-5.6332109396E-02,0.4099959,6.7016964682E-02
    ));
#8389 = ORIENTED_EDGE('',*,*,#8390,.T.);
#8390 = EDGE_CURVE('',#8382,#1474,#8391,.T.);
#8391 = LINE('',#8392,#8393);
#8392 = CARTESIAN_POINT('',(-5.6332109396E-02,0.4099959,6.7016964682E-02
    ));
#8393 = VECTOR('',#8394,1.);
#8394 = DIRECTION('',(0.,-1.,0.));
#8395 = ORIENTED_EDGE('',*,*,#1482,.F.);
#8396 = B_SPLINE_SURFACE_WITH_KNOTS('',3,1,(
    (#8397,#8398)
    ,(#8399,#8400)
    ,(#8401,#8402)
    ,(#8403,#8404
    )),.UNSPECIFIED.,.F.,.F.,.F.,(4,4),(2,2),(13.,14.),(0.,1.),
  .PIECEWISE_BEZIER_KNOTS.);
#8397 = CARTESIAN_POINT('',(-5.7444639241E-02,0.4099959,6.4313621133E-02
    ));
#8398 = CARTESIAN_POINT('',(-5.7444639241E-02,0.399996,6.4313621133E-02)
  );
#8399 = CARTESIAN_POINT('',(-5.6706418503E-02,0.4099959,6.4958264595E-02
    ));
#8400 = CARTESIAN_POINT('',(-5.6706418503E-02,0.399996,6.4958264595E-02)
  );
#8401 = CARTESIAN_POINT('',(-5.6332109396E-02,0.4099959,6.5852447461E-02
    ));
#8402 = CARTESIAN_POINT('',(-5.6332109396E-02,0.399996,6.5852447461E-02)
  );
#8403 = CARTESIAN_POINT('',(-5.6332109396E-02,0.4099959,6.7016964682E-02
    ));
#8404 = CARTESIAN_POINT('',(-5.6332109396E-02,0.399996,6.7016964682E-02)
  );
#8405 = ADVANCED_FACE('',(#8406),#8425,.F.);
#8406 = FACE_BOUND('',#8407,.F.);
#8407 = EDGE_LOOP('',(#8408,#8409,#8418,#8424));
#8408 = ORIENTED_EDGE('',*,*,#8390,.F.);
#8409 = ORIENTED_EDGE('',*,*,#8410,.T.);
#8410 = EDGE_CURVE('',#8382,#8411,#8413,.T.);
#8411 = VERTEX_POINT('',#8412);
#8412 = CARTESIAN_POINT('',(-5.7881333199E-02,0.4099959,6.9845077932E-02
    ));
#8413 = B_SPLINE_CURVE_WITH_KNOTS('',3,(#8414,#8415,#8416,#8417),
  .UNSPECIFIED.,.F.,.F.,(4,4),(12.,13.),.PIECEWISE_BEZIER_KNOTS.);
#8414 = CARTESIAN_POINT('',(-5.6332109396E-02,0.4099959,6.7016964682E-02
    ));
#8415 = CARTESIAN_POINT('',(-5.6332109396E-02,0.4099959,6.8181481902E-02
    ));
#8416 = CARTESIAN_POINT('',(-5.6851983155E-02,0.4099959,6.913804962E-02)
  );
#8417 = CARTESIAN_POINT('',(-5.7881333199E-02,0.4099959,6.9845077932E-02
    ));
#8418 = ORIENTED_EDGE('',*,*,#8419,.T.);
#8419 = EDGE_CURVE('',#8411,#1465,#8420,.T.);
#8420 = LINE('',#8421,#8422);
#8421 = CARTESIAN_POINT('',(-5.7881333199E-02,0.4099959,6.9845077932E-02
    ));
#8422 = VECTOR('',#8423,1.);
#8423 = DIRECTION('',(0.,-1.,0.));
#8424 = ORIENTED_EDGE('',*,*,#1473,.F.);
#8425 = B_SPLINE_SURFACE_WITH_KNOTS('',3,1,(
    (#8426,#8427)
    ,(#8428,#8429)
    ,(#8430,#8431)
    ,(#8432,#8433
    )),.UNSPECIFIED.,.F.,.F.,.F.,(4,4),(2,2),(12.,13.),(0.,1.),
  .PIECEWISE_BEZIER_KNOTS.);
#8426 = CARTESIAN_POINT('',(-5.6332109396E-02,0.4099959,6.7016964682E-02
    ));
#8427 = CARTESIAN_POINT('',(-5.6332109396E-02,0.399996,6.7016964682E-02)
  );
#8428 = CARTESIAN_POINT('',(-5.6332109396E-02,0.4099959,6.8181481902E-02
    ));
#8429 = CARTESIAN_POINT('',(-5.6332109396E-02,0.399996,6.8181481902E-02)
  );
#8430 = CARTESIAN_POINT('',(-5.6851983155E-02,0.4099959,6.913804962E-02)
  );
#8431 = CARTESIAN_POINT('',(-5.6851983155E-02,0.399996,6.913804962E-02)
  );
#8432 = CARTESIAN_POINT('',(-5.7881333199E-02,0.4099959,6.9845077932E-02
    ));
#8433 = CARTESIAN_POINT('',(-5.7881333199E-02,0.399996,6.9845077932E-02)
  );
#8434 = ADVANCED_FACE('',(#8435),#8454,.F.);
#8435 = FACE_BOUND('',#8436,.F.);
#8436 = EDGE_LOOP('',(#8437,#8438,#8447,#8453));
#8437 = ORIENTED_EDGE('',*,*,#8419,.F.);
#8438 = ORIENTED_EDGE('',*,*,#8439,.T.);
#8439 = EDGE_CURVE('',#8411,#8440,#8442,.T.);
#8440 = VERTEX_POINT('',#8441);
#8441 = CARTESIAN_POINT('',(-6.1894758621E-02,0.4099959,7.0926415352E-02
    ));
#8442 = B_SPLINE_CURVE_WITH_KNOTS('',3,(#8443,#8444,#8445,#8446),
  .UNSPECIFIED.,.F.,.F.,(4,4),(11.,12.),.PIECEWISE_BEZIER_KNOTS.);
#8443 = CARTESIAN_POINT('',(-5.7881333199E-02,0.4099959,6.9845077932E-02
    ));
#8444 = CARTESIAN_POINT('',(-5.8910683242E-02,0.4099959,7.0572901196E-02
    ));
#8445 = CARTESIAN_POINT('',(-6.0251957542E-02,0.4099959,7.0926415352E-02
    ));
#8446 = CARTESIAN_POINT('',(-6.1894758621E-02,0.4099959,7.0926415352E-02
    ));
#8447 = ORIENTED_EDGE('',*,*,#8448,.T.);
#8448 = EDGE_CURVE('',#8440,#1456,#8449,.T.);
#8449 = LINE('',#8450,#8451);
#8450 = CARTESIAN_POINT('',(-6.1894758621E-02,0.4099959,7.0926415352E-02
    ));
#8451 = VECTOR('',#8452,1.);
#8452 = DIRECTION('',(0.,-1.,0.));
#8453 = ORIENTED_EDGE('',*,*,#1464,.F.);
#8454 = B_SPLINE_SURFACE_WITH_KNOTS('',3,1,(
    (#8455,#8456)
    ,(#8457,#8458)
    ,(#8459,#8460)
    ,(#8461,#8462
    )),.UNSPECIFIED.,.F.,.F.,.F.,(4,4),(2,2),(11.,12.),(0.,1.),
  .PIECEWISE_BEZIER_KNOTS.);
#8455 = CARTESIAN_POINT('',(-5.7881333199E-02,0.4099959,6.9845077932E-02
    ));
#8456 = CARTESIAN_POINT('',(-5.7881333199E-02,0.399996,6.9845077932E-02)
  );
#8457 = CARTESIAN_POINT('',(-5.8910683242E-02,0.4099959,7.0572901196E-02
    ));
#8458 = CARTESIAN_POINT('',(-5.8910683242E-02,0.399996,7.0572901196E-02)
  );
#8459 = CARTESIAN_POINT('',(-6.0251957542E-02,0.4099959,7.0926415352E-02
    ));
#8460 = CARTESIAN_POINT('',(-6.0251957542E-02,0.399996,7.0926415352E-02)
  );
#8461 = CARTESIAN_POINT('',(-6.1894758621E-02,0.4099959,7.0926415352E-02
    ));
#8462 = CARTESIAN_POINT('',(-6.1894758621E-02,0.399996,7.0926415352E-02)
  );
#8463 = ADVANCED_FACE('',(#8464),#8483,.F.);
#8464 = FACE_BOUND('',#8465,.F.);
#8465 = EDGE_LOOP('',(#8466,#8467,#8476,#8482));
#8466 = ORIENTED_EDGE('',*,*,#8448,.F.);
#8467 = ORIENTED_EDGE('',*,*,#8468,.T.);
#8468 = EDGE_CURVE('',#8440,#8469,#8471,.T.);
#8469 = VERTEX_POINT('',#8470);
#8470 = CARTESIAN_POINT('',(-6.9276966004E-02,0.4099959,6.8826125364E-02
    ));
#8471 = B_SPLINE_CURVE_WITH_KNOTS('',3,(#8472,#8473,#8474,#8475),
  .UNSPECIFIED.,.F.,.F.,(4,4),(10.,11.),.PIECEWISE_BEZIER_KNOTS.);
#8472 = CARTESIAN_POINT('',(-6.1894758621E-02,0.4099959,7.0926415352E-02
    ));
#8473 = CARTESIAN_POINT('',(-6.4650089547E-02,0.4099959,7.0926415352E-02
    ));
#8474 = CARTESIAN_POINT('',(-6.710389369E-02,0.4099959,7.0219387039E-02)
  );
#8475 = CARTESIAN_POINT('',(-6.9276966004E-02,0.4099959,6.8826125364E-02
    ));
#8476 = ORIENTED_EDGE('',*,*,#8477,.T.);
#8477 = EDGE_CURVE('',#8469,#1448,#8478,.T.);
#8478 = LINE('',#8479,#8480);
#8479 = CARTESIAN_POINT('',(-6.9276966004E-02,0.4099959,6.8826125364E-02
    ));
#8480 = VECTOR('',#8481,1.);
#8481 = DIRECTION('',(0.,-1.,0.));
#8482 = ORIENTED_EDGE('',*,*,#1455,.F.);
#8483 = B_SPLINE_SURFACE_WITH_KNOTS('',3,1,(
    (#8484,#8485)
    ,(#8486,#8487)
    ,(#8488,#8489)
    ,(#8490,#8491
    )),.UNSPECIFIED.,.F.,.F.,.F.,(4,4),(2,2),(10.,11.),(0.,1.),
  .PIECEWISE_BEZIER_KNOTS.);
#8484 = CARTESIAN_POINT('',(-6.1894758621E-02,0.4099959,7.0926415352E-02
    ));
#8485 = CARTESIAN_POINT('',(-6.1894758621E-02,0.399996,7.0926415352E-02)
  );
#8486 = CARTESIAN_POINT('',(-6.4650089547E-02,0.4099959,7.0926415352E-02
    ));
#8487 = CARTESIAN_POINT('',(-6.4650089547E-02,0.399996,7.0926415352E-02)
  );
#8488 = CARTESIAN_POINT('',(-6.710389369E-02,0.4099959,7.0219387039E-02)
  );
#8489 = CARTESIAN_POINT('',(-6.710389369E-02,0.399996,7.0219387039E-02)
  );
#8490 = CARTESIAN_POINT('',(-6.9276966004E-02,0.4099959,6.8826125364E-02
    ));
#8491 = CARTESIAN_POINT('',(-6.9276966004E-02,0.399996,6.8826125364E-02)
  );
#8492 = ADVANCED_FACE('',(#8493),#8511,.F.);
#8493 = FACE_BOUND('',#8494,.T.);
#8494 = EDGE_LOOP('',(#8495,#8496,#8504,#8510));
#8495 = ORIENTED_EDGE('',*,*,#1447,.T.);
#8496 = ORIENTED_EDGE('',*,*,#8497,.F.);
#8497 = EDGE_CURVE('',#8498,#1439,#8500,.T.);
#8498 = VERTEX_POINT('',#8499);
#8499 = CARTESIAN_POINT('',(-6.9276966004E-02,0.4099959,7.3775323553E-02
    ));
#8500 = LINE('',#8501,#8502);
#8501 = CARTESIAN_POINT('',(-6.9276966004E-02,0.4099959,7.3775323553E-02
    ));
#8502 = VECTOR('',#8503,1.);
#8503 = DIRECTION('',(0.,-1.,0.));
#8504 = ORIENTED_EDGE('',*,*,#8505,.F.);
#8505 = EDGE_CURVE('',#8469,#8498,#8506,.T.);
#8506 = LINE('',#8507,#8508);
#8507 = CARTESIAN_POINT('',(-6.9276966004E-02,0.4099959,7.3775323553E-02
    ));
#8508 = VECTOR('',#8509,1.);
#8509 = DIRECTION('',(1.095320180198E-14,0.,1.));
#8510 = ORIENTED_EDGE('',*,*,#8477,.T.);
#8511 = PLANE('',#8512);
#8512 = AXIS2_PLACEMENT_3D('',#8513,#8514,#8515);
#8513 = CARTESIAN_POINT('',(-6.9276966004E-02,0.4099959,7.3775323553E-02
    ));
#8514 = DIRECTION('',(1.,0.,-1.095320180198E-14));
#8515 = DIRECTION('',(-1.095320180198E-14,0.,-1.));
#8516 = ADVANCED_FACE('',(#8517),#8536,.F.);
#8517 = FACE_BOUND('',#8518,.F.);
#8518 = EDGE_LOOP('',(#8519,#8520,#8529,#8535));
#8519 = ORIENTED_EDGE('',*,*,#8497,.F.);
#8520 = ORIENTED_EDGE('',*,*,#8521,.T.);
#8521 = EDGE_CURVE('',#8498,#8522,#8524,.T.);
#8522 = VERTEX_POINT('',#8523);
#8523 = CARTESIAN_POINT('',(-6.239383743E-02,0.4099959,7.5064610476E-02)
  );
#8524 = B_SPLINE_CURVE_WITH_KNOTS('',3,(#8525,#8526,#8527,#8528),
  .UNSPECIFIED.,.F.,.F.,(4,4),(8.,9.),.PIECEWISE_BEZIER_KNOTS.);
#8525 = CARTESIAN_POINT('',(-6.9276966004E-02,0.4099959,7.3775323553E-02
    ));
#8526 = CARTESIAN_POINT('',(-6.7155881066E-02,0.4099959,7.4648711469E-02
    ));
#8527 = CARTESIAN_POINT('',(-6.4868436525E-02,0.4099959,7.5064610476E-02
    ));
#8528 = CARTESIAN_POINT('',(-6.239383743E-02,0.4099959,7.5064610476E-02)
  );
#8529 = ORIENTED_EDGE('',*,*,#8530,.T.);
#8530 = EDGE_CURVE('',#8522,#1430,#8531,.T.);
#8531 = LINE('',#8532,#8533);
#8532 = CARTESIAN_POINT('',(-6.239383743E-02,0.4099959,7.5064610476E-02)
  );
#8533 = VECTOR('',#8534,1.);
#8534 = DIRECTION('',(0.,-1.,0.));
#8535 = ORIENTED_EDGE('',*,*,#1438,.F.);
#8536 = B_SPLINE_SURFACE_WITH_KNOTS('',3,1,(
    (#8537,#8538)
    ,(#8539,#8540)
    ,(#8541,#8542)
    ,(#8543,#8544
    )),.UNSPECIFIED.,.F.,.F.,.F.,(4,4),(2,2),(8.,9.),(0.,1.),
  .PIECEWISE_BEZIER_KNOTS.);
#8537 = CARTESIAN_POINT('',(-6.9276966004E-02,0.4099959,7.3775323553E-02
    ));
#8538 = CARTESIAN_POINT('',(-6.9276966004E-02,0.399996,7.3775323553E-02)
  );
#8539 = CARTESIAN_POINT('',(-6.7155881066E-02,0.4099959,7.4648711469E-02
    ));
#8540 = CARTESIAN_POINT('',(-6.7155881066E-02,0.399996,7.4648711469E-02)
  );
#8541 = CARTESIAN_POINT('',(-6.4868436525E-02,0.4099959,7.5064610476E-02
    ));
#8542 = CARTESIAN_POINT('',(-6.4868436525E-02,0.399996,7.5064610476E-02)
  );
#8543 = CARTESIAN_POINT('',(-6.239383743E-02,0.4099959,7.5064610476E-02)
  );
#8544 = CARTESIAN_POINT('',(-6.239383743E-02,0.399996,7.5064610476E-02)
  );
#8545 = ADVANCED_FACE('',(#8546),#8565,.F.);
#8546 = FACE_BOUND('',#8547,.F.);
#8547 = EDGE_LOOP('',(#8548,#8549,#8558,#8564));
#8548 = ORIENTED_EDGE('',*,*,#8530,.F.);
#8549 = ORIENTED_EDGE('',*,*,#8550,.T.);
#8550 = EDGE_CURVE('',#8522,#8551,#8553,.T.);
#8551 = VERTEX_POINT('',#8552);
#8552 = CARTESIAN_POINT('',(-5.4346191636E-02,0.4099959,7.2756370985E-02
    ));
#8553 = B_SPLINE_CURVE_WITH_KNOTS('',3,(#8554,#8555,#8556,#8557),
  .UNSPECIFIED.,.F.,.F.,(4,4),(7.,8.),.PIECEWISE_BEZIER_KNOTS.);
#8554 = CARTESIAN_POINT('',(-6.239383743E-02,0.4099959,7.5064610476E-02)
  );
#8555 = CARTESIAN_POINT('',(-5.9212210023E-02,0.4099959,7.5064610476E-02
    ));
#8556 = CARTESIAN_POINT('',(-5.6529661425E-02,0.4099959,7.4295197313E-02
    ));
#8557 = CARTESIAN_POINT('',(-5.4346191636E-02,0.4099959,7.2756370985E-02
    ));
#8558 = ORIENTED_EDGE('',*,*,#8559,.T.);
#8559 = EDGE_CURVE('',#8551,#1421,#8560,.T.);
#8560 = LINE('',#8561,#8562);
#8561 = CARTESIAN_POINT('',(-5.4346191636E-02,0.4099959,7.2756370985E-02
    ));
#8562 = VECTOR('',#8563,1.);
#8563 = DIRECTION('',(0.,-1.,0.));
#8564 = ORIENTED_EDGE('',*,*,#1429,.F.);
#8565 = B_SPLINE_SURFACE_WITH_KNOTS('',3,1,(
    (#8566,#8567)
    ,(#8568,#8569)
    ,(#8570,#8571)
    ,(#8572,#8573
    )),.UNSPECIFIED.,.F.,.F.,.F.,(4,4),(2,2),(7.,8.),(0.,1.),
  .PIECEWISE_BEZIER_KNOTS.);
#8566 = CARTESIAN_POINT('',(-6.239383743E-02,0.4099959,7.5064610476E-02)
  );
#8567 = CARTESIAN_POINT('',(-6.239383743E-02,0.399996,7.5064610476E-02)
  );
#8568 = CARTESIAN_POINT('',(-5.9212210023E-02,0.4099959,7.5064610476E-02
    ));
#8569 = CARTESIAN_POINT('',(-5.9212210023E-02,0.399996,7.5064610476E-02)
  );
#8570 = CARTESIAN_POINT('',(-5.6529661425E-02,0.4099959,7.4295197313E-02
    ));
#8571 = CARTESIAN_POINT('',(-5.6529661425E-02,0.399996,7.4295197313E-02)
  );
#8572 = CARTESIAN_POINT('',(-5.4346191636E-02,0.4099959,7.2756370985E-02
    ));
#8573 = CARTESIAN_POINT('',(-5.4346191636E-02,0.399996,7.2756370985E-02)
  );
#8574 = ADVANCED_FACE('',(#8575),#8594,.F.);
#8575 = FACE_BOUND('',#8576,.F.);
#8576 = EDGE_LOOP('',(#8577,#8578,#8587,#8593));
#8577 = ORIENTED_EDGE('',*,*,#8559,.F.);
#8578 = ORIENTED_EDGE('',*,*,#8579,.T.);
#8579 = EDGE_CURVE('',#8551,#8580,#8582,.T.);
#8580 = VERTEX_POINT('',#8581);
#8581 = CARTESIAN_POINT('',(-5.1081384427E-02,0.4099959,6.6559475774E-02
    ));
#8582 = B_SPLINE_CURVE_WITH_KNOTS('',3,(#8583,#8584,#8585,#8586),
  .UNSPECIFIED.,.F.,.F.,(4,4),(6.,7.),.PIECEWISE_BEZIER_KNOTS.);
#8583 = CARTESIAN_POINT('',(-5.4346191636E-02,0.4099959,7.2756370985E-02
    ));
#8584 = CARTESIAN_POINT('',(-5.2173119322E-02,0.4099959,7.1196749707E-02
    ));
#8585 = CARTESIAN_POINT('',(-5.1081384427E-02,0.4099959,6.913804962E-02)
  );
#8586 = CARTESIAN_POINT('',(-5.1081384427E-02,0.4099959,6.6559475774E-02
    ));
#8587 = ORIENTED_EDGE('',*,*,#8588,.T.);
#8588 = EDGE_CURVE('',#8580,#1412,#8589,.T.);
#8589 = LINE('',#8590,#8591);
#8590 = CARTESIAN_POINT('',(-5.1081384427E-02,0.4099959,6.6559475774E-02
    ));
#8591 = VECTOR('',#8592,1.);
#8592 = DIRECTION('',(0.,-1.,0.));
#8593 = ORIENTED_EDGE('',*,*,#1420,.F.);
#8594 = B_SPLINE_SURFACE_WITH_KNOTS('',3,1,(
    (#8595,#8596)
    ,(#8597,#8598)
    ,(#8599,#8600)
    ,(#8601,#8602
    )),.UNSPECIFIED.,.F.,.F.,.F.,(4,4),(2,2),(6.,7.),(0.,1.),
  .PIECEWISE_BEZIER_KNOTS.);
#8595 = CARTESIAN_POINT('',(-5.4346191636E-02,0.4099959,7.2756370985E-02
    ));
#8596 = CARTESIAN_POINT('',(-5.4346191636E-02,0.399996,7.2756370985E-02)
  );
#8597 = CARTESIAN_POINT('',(-5.2173119322E-02,0.4099959,7.1196749707E-02
    ));
#8598 = CARTESIAN_POINT('',(-5.2173119322E-02,0.399996,7.1196749707E-02)
  );
#8599 = CARTESIAN_POINT('',(-5.1081384427E-02,0.4099959,6.913804962E-02)
  );
#8600 = CARTESIAN_POINT('',(-5.1081384427E-02,0.399996,6.913804962E-02)
  );
#8601 = CARTESIAN_POINT('',(-5.1081384427E-02,0.4099959,6.6559475774E-02
    ));
#8602 = CARTESIAN_POINT('',(-5.1081384427E-02,0.399996,6.6559475774E-02)
  );
#8603 = ADVANCED_FACE('',(#8604),#8623,.F.);
#8604 = FACE_BOUND('',#8605,.F.);
#8605 = EDGE_LOOP('',(#8606,#8607,#8616,#8622));
#8606 = ORIENTED_EDGE('',*,*,#8588,.F.);
#8607 = ORIENTED_EDGE('',*,*,#8608,.T.);
#8608 = EDGE_CURVE('',#8580,#8609,#8611,.T.);
#8609 = VERTEX_POINT('',#8610);
#8610 = CARTESIAN_POINT('',(-5.2526633477E-02,0.4099959,6.1963791741E-02
    ));
#8611 = B_SPLINE_CURVE_WITH_KNOTS('',3,(#8612,#8613,#8614,#8615),
  .UNSPECIFIED.,.F.,.F.,(4,4),(5.,6.),.PIECEWISE_BEZIER_KNOTS.);
#8612 = CARTESIAN_POINT('',(-5.1081384427E-02,0.4099959,6.6559475774E-02
    ));
#8613 = CARTESIAN_POINT('',(-5.1081384427E-02,0.4099959,6.4771110041E-02
    ));
#8614 = CARTESIAN_POINT('',(-5.1559668285E-02,0.4099959,6.3232283714E-02
    ));
#8615 = CARTESIAN_POINT('',(-5.2526633477E-02,0.4099959,6.1963791741E-02
    ));
#8616 = ORIENTED_EDGE('',*,*,#8617,.T.);
#8617 = EDGE_CURVE('',#8609,#1403,#8618,.T.);
#8618 = LINE('',#8619,#8620);
#8619 = CARTESIAN_POINT('',(-5.2526633477E-02,0.4099959,6.1963791741E-02
    ));
#8620 = VECTOR('',#8621,1.);
#8621 = DIRECTION('',(0.,-1.,0.));
#8622 = ORIENTED_EDGE('',*,*,#1411,.F.);
#8623 = B_SPLINE_SURFACE_WITH_KNOTS('',3,1,(
    (#8624,#8625)
    ,(#8626,#8627)
    ,(#8628,#8629)
    ,(#8630,#8631
    )),.UNSPECIFIED.,.F.,.F.,.F.,(4,4),(2,2),(5.,6.),(0.,1.),
  .PIECEWISE_BEZIER_KNOTS.);
#8624 = CARTESIAN_POINT('',(-5.1081384427E-02,0.4099959,6.6559475774E-02
    ));
#8625 = CARTESIAN_POINT('',(-5.1081384427E-02,0.399996,6.6559475774E-02)
  );
#8626 = CARTESIAN_POINT('',(-5.1081384427E-02,0.4099959,6.4771110041E-02
    ));
#8627 = CARTESIAN_POINT('',(-5.1081384427E-02,0.399996,6.4771110041E-02)
  );
#8628 = CARTESIAN_POINT('',(-5.1559668285E-02,0.4099959,6.3232283714E-02
    ));
#8629 = CARTESIAN_POINT('',(-5.1559668285E-02,0.399996,6.3232283714E-02)
  );
#8630 = CARTESIAN_POINT('',(-5.2526633477E-02,0.4099959,6.1963791741E-02
    ));
#8631 = CARTESIAN_POINT('',(-5.2526633477E-02,0.399996,6.1963791741E-02)
  );
#8632 = ADVANCED_FACE('',(#8633),#8652,.F.);
#8633 = FACE_BOUND('',#8634,.F.);
#8634 = EDGE_LOOP('',(#8635,#8636,#8645,#8651));
#8635 = ORIENTED_EDGE('',*,*,#8617,.F.);
#8636 = ORIENTED_EDGE('',*,*,#8637,.T.);
#8637 = EDGE_CURVE('',#8609,#8638,#8640,.T.);
#8638 = VERTEX_POINT('',#8639);
#8639 = CARTESIAN_POINT('',(-5.8796311016E-02,0.4099959,5.8116725921E-02
    ));
#8640 = B_SPLINE_CURVE_WITH_KNOTS('',3,(#8641,#8642,#8643,#8644),
  .UNSPECIFIED.,.F.,.F.,(4,4),(4.,5.),.PIECEWISE_BEZIER_KNOTS.);
#8641 = CARTESIAN_POINT('',(-5.2526633477E-02,0.4099959,6.1963791741E-02
    ));
#8642 = CARTESIAN_POINT('',(-5.3483201195E-02,0.4099959,6.0695299768E-02
    ));
#8643 = CARTESIAN_POINT('',(-5.5583491183E-02,0.4099959,5.9406012845E-02
    ));
#8644 = CARTESIAN_POINT('',(-5.8796311016E-02,0.4099959,5.8116725921E-02
    ));
#8645 = ORIENTED_EDGE('',*,*,#8646,.T.);
#8646 = EDGE_CURVE('',#8638,#1394,#8647,.T.);
#8647 = LINE('',#8648,#8649);
#8648 = CARTESIAN_POINT('',(-5.8796311016E-02,0.4099959,5.8116725921E-02
    ));
#8649 = VECTOR('',#8650,1.);
#8650 = DIRECTION('',(0.,-1.,0.));
#8651 = ORIENTED_EDGE('',*,*,#1402,.F.);
#8652 = B_SPLINE_SURFACE_WITH_KNOTS('',3,1,(
    (#8653,#8654)
    ,(#8655,#8656)
    ,(#8657,#8658)
    ,(#8659,#8660
    )),.UNSPECIFIED.,.F.,.F.,.F.,(4,4),(2,2),(4.,5.),(0.,1.),
  .PIECEWISE_BEZIER_KNOTS.);
#8653 = CARTESIAN_POINT('',(-5.2526633477E-02,0.4099959,6.1963791741E-02
    ));
#8654 = CARTESIAN_POINT('',(-5.2526633477E-02,0.399996,6.1963791741E-02)
  );
#8655 = CARTESIAN_POINT('',(-5.3483201195E-02,0.4099959,6.0695299768E-02
    ));
#8656 = CARTESIAN_POINT('',(-5.3483201195E-02,0.399996,6.0695299768E-02)
  );
#8657 = CARTESIAN_POINT('',(-5.5583491183E-02,0.4099959,5.9406012845E-02
    ));
#8658 = CARTESIAN_POINT('',(-5.5583491183E-02,0.399996,5.9406012845E-02)
  );
#8659 = CARTESIAN_POINT('',(-5.8796311016E-02,0.4099959,5.8116725921E-02
    ));
#8660 = CARTESIAN_POINT('',(-5.8796311016E-02,0.399996,5.8116725921E-02)
  );
#8661 = ADVANCED_FACE('',(#8662),#8681,.F.);
#8662 = FACE_BOUND('',#8663,.F.);
#8663 = EDGE_LOOP('',(#8664,#8665,#8674,#8680));
#8664 = ORIENTED_EDGE('',*,*,#8646,.F.);
#8665 = ORIENTED_EDGE('',*,*,#8666,.T.);
#8666 = EDGE_CURVE('',#8638,#8667,#8669,.T.);
#8667 = VERTEX_POINT('',#8668);
#8668 = CARTESIAN_POINT('',(-6.4130215786E-02,0.4099959,5.5517357124E-02
    ));
#8669 = B_SPLINE_CURVE_WITH_KNOTS('',3,(#8670,#8671,#8672,#8673),
  .UNSPECIFIED.,.F.,.F.,(4,4),(3.,4.),.PIECEWISE_BEZIER_KNOTS.);
#8670 = CARTESIAN_POINT('',(-5.8796311016E-02,0.4099959,5.8116725921E-02
    ));
#8671 = CARTESIAN_POINT('',(-6.1478859614E-02,0.4099959,5.7118568304E-02
    ));
#8672 = CARTESIAN_POINT('',(-6.3256827871E-02,0.4099959,5.6245180388E-02
    ));
#8673 = CARTESIAN_POINT('',(-6.4130215786E-02,0.4099959,5.5517357124E-02
    ));
#8674 = ORIENTED_EDGE('',*,*,#8675,.T.);
#8675 = EDGE_CURVE('',#8667,#1385,#8676,.T.);
#8676 = LINE('',#8677,#8678);
#8677 = CARTESIAN_POINT('',(-6.4130215786E-02,0.4099959,5.5517357124E-02
    ));
#8678 = VECTOR('',#8679,1.);
#8679 = DIRECTION('',(0.,-1.,0.));
#8680 = ORIENTED_EDGE('',*,*,#1393,.F.);
#8681 = B_SPLINE_SURFACE_WITH_KNOTS('',3,1,(
    (#8682,#8683)
    ,(#8684,#8685)
    ,(#8686,#8687)
    ,(#8688,#8689
    )),.UNSPECIFIED.,.F.,.F.,.F.,(4,4),(2,2),(3.,4.),(0.,1.),
  .PIECEWISE_BEZIER_KNOTS.);
#8682 = CARTESIAN_POINT('',(-5.8796311016E-02,0.4099959,5.8116725921E-02
    ));
#8683 = CARTESIAN_POINT('',(-5.8796311016E-02,0.399996,5.8116725921E-02)
  );
#8684 = CARTESIAN_POINT('',(-6.1478859614E-02,0.4099959,5.7118568304E-02
    ));
#8685 = CARTESIAN_POINT('',(-6.1478859614E-02,0.399996,5.7118568304E-02)
  );
#8686 = CARTESIAN_POINT('',(-6.3256827871E-02,0.4099959,5.6245180388E-02
    ));
#8687 = CARTESIAN_POINT('',(-6.3256827871E-02,0.399996,5.6245180388E-02)
  );
#8688 = CARTESIAN_POINT('',(-6.4130215786E-02,0.4099959,5.5517357124E-02
    ));
#8689 = CARTESIAN_POINT('',(-6.4130215786E-02,0.399996,5.5517357124E-02)
  );
#8690 = ADVANCED_FACE('',(#8691),#8710,.F.);
#8691 = FACE_BOUND('',#8692,.F.);
#8692 = EDGE_LOOP('',(#8693,#8694,#8703,#8709));
#8693 = ORIENTED_EDGE('',*,*,#8675,.F.);
#8694 = ORIENTED_EDGE('',*,*,#8695,.T.);
#8695 = EDGE_CURVE('',#8667,#8696,#8698,.T.);
#8696 = VERTEX_POINT('',#8697);
#8697 = CARTESIAN_POINT('',(-6.544029766E-02,0.4099959,5.2751628724E-02)
  );
#8698 = B_SPLINE_CURVE_WITH_KNOTS('',3,(#8699,#8700,#8701,#8702),
  .UNSPECIFIED.,.F.,.F.,(4,4),(2.,3.),.PIECEWISE_BEZIER_KNOTS.);
#8699 = CARTESIAN_POINT('',(-6.4130215786E-02,0.4099959,5.5517357124E-02
    ));
#8700 = CARTESIAN_POINT('',(-6.5003603702E-02,0.4099959,5.4789533861E-02
    ));
#8701 = CARTESIAN_POINT('',(-6.544029766E-02,0.4099959,5.3874556045E-02)
  );
#8702 = CARTESIAN_POINT('',(-6.544029766E-02,0.4099959,5.2751628724E-02)
  );
#8703 = ORIENTED_EDGE('',*,*,#8704,.T.);
#8704 = EDGE_CURVE('',#8696,#1376,#8705,.T.);
#8705 = LINE('',#8706,#8707);
#8706 = CARTESIAN_POINT('',(-6.544029766E-02,0.4099959,5.2751628724E-02)
  );
#8707 = VECTOR('',#8708,1.);
#8708 = DIRECTION('',(0.,-1.,0.));
#8709 = ORIENTED_EDGE('',*,*,#1384,.F.);
#8710 = B_SPLINE_SURFACE_WITH_KNOTS('',3,1,(
    (#8711,#8712)
    ,(#8713,#8714)
    ,(#8715,#8716)
    ,(#8717,#8718
    )),.UNSPECIFIED.,.F.,.F.,.F.,(4,4),(2,2),(2.,3.),(0.,1.),
  .PIECEWISE_BEZIER_KNOTS.);
#8711 = CARTESIAN_POINT('',(-6.4130215786E-02,0.4099959,5.5517357124E-02
    ));
#8712 = CARTESIAN_POINT('',(-6.4130215786E-02,0.399996,5.5517357124E-02)
  );
#8713 = CARTESIAN_POINT('',(-6.5003603702E-02,0.4099959,5.4789533861E-02
    ));
#8714 = CARTESIAN_POINT('',(-6.5003603702E-02,0.399996,5.4789533861E-02)
  );
#8715 = CARTESIAN_POINT('',(-6.544029766E-02,0.4099959,5.3874556045E-02)
  );
#8716 = CARTESIAN_POINT('',(-6.544029766E-02,0.399996,5.3874556045E-02)
  );
#8717 = CARTESIAN_POINT('',(-6.544029766E-02,0.4099959,5.2751628724E-02)
  );
#8718 = CARTESIAN_POINT('',(-6.544029766E-02,0.399996,5.2751628724E-02)
  );
#8719 = ADVANCED_FACE('',(#8720),#8732,.F.);
#8720 = FACE_BOUND('',#8721,.F.);
#8721 = EDGE_LOOP('',(#8722,#8723,#8730,#8731));
#8722 = ORIENTED_EDGE('',*,*,#8704,.F.);
#8723 = ORIENTED_EDGE('',*,*,#8724,.T.);
#8724 = EDGE_CURVE('',#8696,#8147,#8725,.T.);
#8725 = B_SPLINE_CURVE_WITH_KNOTS('',3,(#8726,#8727,#8728,#8729),
  .UNSPECIFIED.,.F.,.F.,(4,4),(1.,2.),.PIECEWISE_BEZIER_KNOTS.);
#8726 = CARTESIAN_POINT('',(-6.544029766E-02,0.4099959,5.2751628724E-02)
  );
#8727 = CARTESIAN_POINT('',(-6.544029766E-02,0.4099959,5.0131464977E-02)
  );
#8728 = CARTESIAN_POINT('',(-6.343358495E-02,0.4099959,4.8821383104E-02)
  );
#8729 = CARTESIAN_POINT('',(-5.9430557002E-02,0.4099959,4.8821383104E-02
    ));
#8730 = ORIENTED_EDGE('',*,*,#8146,.T.);
#8731 = ORIENTED_EDGE('',*,*,#1375,.F.);
#8732 = B_SPLINE_SURFACE_WITH_KNOTS('',3,1,(
    (#8733,#8734)
    ,(#8735,#8736)
    ,(#8737,#8738)
    ,(#8739,#8740
    )),.UNSPECIFIED.,.F.,.F.,.F.,(4,4),(2,2),(1.,2.),(0.,1.),
  .PIECEWISE_BEZIER_KNOTS.);
#8733 = CARTESIAN_POINT('',(-6.544029766E-02,0.4099959,5.2751628724E-02)
  );
#8734 = CARTESIAN_POINT('',(-6.544029766E-02,0.399996,5.2751628724E-02)
  );
#8735 = CARTESIAN_POINT('',(-6.544029766E-02,0.4099959,5.0131464977E-02)
  );
#8736 = CARTESIAN_POINT('',(-6.544029766E-02,0.399996,5.0131464977E-02)
  );
#8737 = CARTESIAN_POINT('',(-6.343358495E-02,0.4099959,4.8821383104E-02)
  );
#8738 = CARTESIAN_POINT('',(-6.343358495E-02,0.399996,4.8821383104E-02)
  );
#8739 = CARTESIAN_POINT('',(-5.9430557002E-02,0.4099959,4.8821383104E-02
    ));
#8740 = CARTESIAN_POINT('',(-5.9430557002E-02,0.399996,4.8821383104E-02)
  );
#8741 = ADVANCED_FACE('',(#8742),#8765,.F.);
#8742 = FACE_BOUND('',#8743,.T.);
#8743 = EDGE_LOOP('',(#8744,#8745,#8746,#8747,#8748,#8749,#8750,#8751,
    #8752,#8753,#8754,#8755,#8756,#8757,#8758,#8759,#8760,#8761,#8762,
    #8763,#8764));
#8744 = ORIENTED_EDGE('',*,*,#8154,.T.);
#8745 = ORIENTED_EDGE('',*,*,#8191,.T.);
#8746 = ORIENTED_EDGE('',*,*,#8207,.T.);
#8747 = ORIENTED_EDGE('',*,*,#8236,.T.);
#8748 = ORIENTED_EDGE('',*,*,#8265,.T.);
#8749 = ORIENTED_EDGE('',*,*,#8294,.T.);
#8750 = ORIENTED_EDGE('',*,*,#8323,.T.);
#8751 = ORIENTED_EDGE('',*,*,#8352,.T.);
#8752 = ORIENTED_EDGE('',*,*,#8381,.T.);
#8753 = ORIENTED_EDGE('',*,*,#8410,.T.);
#8754 = ORIENTED_EDGE('',*,*,#8439,.T.);
#8755 = ORIENTED_EDGE('',*,*,#8468,.T.);
#8756 = ORIENTED_EDGE('',*,*,#8505,.T.);
#8757 = ORIENTED_EDGE('',*,*,#8521,.T.);
#8758 = ORIENTED_EDGE('',*,*,#8550,.T.);
#8759 = ORIENTED_EDGE('',*,*,#8579,.T.);
#8760 = ORIENTED_EDGE('',*,*,#8608,.T.);
#8761 = ORIENTED_EDGE('',*,*,#8637,.T.);
#8762 = ORIENTED_EDGE('',*,*,#8666,.T.);
#8763 = ORIENTED_EDGE('',*,*,#8695,.T.);
#8764 = ORIENTED_EDGE('',*,*,#8724,.T.);
#8765 = PLANE('',#8766);
#8766 = AXIS2_PLACEMENT_3D('',#8767,#8768,#8769);
#8767 = CARTESIAN_POINT('',(-5.509221048E-02,0.4099959,4.9523212679E-02)
  );
#8768 = DIRECTION('',(0.,-1.,0.));
#8769 = DIRECTION('',(0.,0.,-1.));
#8770 = ADVANCED_FACE('',(#8771),#8796,.F.);
#8771 = FACE_BOUND('',#8772,.T.);
#8772 = EDGE_LOOP('',(#8773,#8774,#8782,#8790));
#8773 = ORIENTED_EDGE('',*,*,#581,.T.);
#8774 = ORIENTED_EDGE('',*,*,#8775,.F.);
#8775 = EDGE_CURVE('',#8776,#584,#8778,.T.);
#8776 = VERTEX_POINT('',#8777);
#8777 = CARTESIAN_POINT('',(-9.592569491E-02,0.4099959,7.4399172065E-02)
  );
#8778 = LINE('',#8779,#8780);
#8779 = CARTESIAN_POINT('',(-9.592569491E-02,0.4099959,7.4399172065E-02)
  );
#8780 = VECTOR('',#8781,1.);
#8781 = DIRECTION('',(0.,-1.,0.));
#8782 = ORIENTED_EDGE('',*,*,#8783,.F.);
#8783 = EDGE_CURVE('',#8784,#8776,#8786,.T.);
#8784 = VERTEX_POINT('',#8785);
#8785 = CARTESIAN_POINT('',(-0.101207612305,0.4099959,7.4399172065E-02)
  );
#8786 = LINE('',#8787,#8788);
#8787 = CARTESIAN_POINT('',(-9.592569491E-02,0.4099959,7.4399172065E-02)
  );
#8788 = VECTOR('',#8789,1.);
#8789 = DIRECTION('',(1.,0.,-5.131618167162E-15));
#8790 = ORIENTED_EDGE('',*,*,#8791,.T.);
#8791 = EDGE_CURVE('',#8784,#582,#8792,.T.);
#8792 = LINE('',#8793,#8794);
#8793 = CARTESIAN_POINT('',(-0.101207612305,0.4099959,7.4399172065E-02)
  );
#8794 = VECTOR('',#8795,1.);
#8795 = DIRECTION('',(0.,-1.,0.));
#8796 = PLANE('',#8797);
#8797 = AXIS2_PLACEMENT_3D('',#8798,#8799,#8800);
#8798 = CARTESIAN_POINT('',(-9.592569491E-02,0.4099959,7.4399172065E-02)
  );
#8799 = DIRECTION('',(-5.131618167162E-15,0.,-1.));
#8800 = DIRECTION('',(-1.,0.,5.131618167162E-15));
#8801 = ADVANCED_FACE('',(#8802),#8820,.F.);
#8802 = FACE_BOUND('',#8803,.T.);
#8803 = EDGE_LOOP('',(#8804,#8805,#8813,#8819));
#8804 = ORIENTED_EDGE('',*,*,#700,.T.);
#8805 = ORIENTED_EDGE('',*,*,#8806,.F.);
#8806 = EDGE_CURVE('',#8807,#692,#8809,.T.);
#8807 = VERTEX_POINT('',#8808);
#8808 = CARTESIAN_POINT('',(-8.7992421342E-02,0.4099959,5.2522884271E-02
    ));
#8809 = LINE('',#8810,#8811);
#8810 = CARTESIAN_POINT('',(-8.7992421342E-02,0.4099959,5.2522884271E-02
    ));
#8811 = VECTOR('',#8812,1.);
#8812 = DIRECTION('',(0.,-1.,0.));
#8813 = ORIENTED_EDGE('',*,*,#8814,.F.);
#8814 = EDGE_CURVE('',#8776,#8807,#8815,.T.);
#8815 = LINE('',#8816,#8817);
#8816 = CARTESIAN_POINT('',(-8.7992421342E-02,0.4099959,5.2522884271E-02
    ));
#8817 = VECTOR('',#8818,1.);
#8818 = DIRECTION('',(0.340917796218,0.,-0.9400931104));
#8819 = ORIENTED_EDGE('',*,*,#8775,.T.);
#8820 = PLANE('',#8821);
#8821 = AXIS2_PLACEMENT_3D('',#8822,#8823,#8824);
#8822 = CARTESIAN_POINT('',(-8.7992421342E-02,0.4099959,5.2522884271E-02
    ));
#8823 = DIRECTION('',(-0.9400931104,0.,-0.340917796218));
#8824 = DIRECTION('',(-0.340917796218,0.,0.9400931104));
#8825 = ADVANCED_FACE('',(#8826),#8845,.F.);
#8826 = FACE_BOUND('',#8827,.F.);
#8827 = EDGE_LOOP('',(#8828,#8829,#8838,#8844));
#8828 = ORIENTED_EDGE('',*,*,#8806,.F.);
#8829 = ORIENTED_EDGE('',*,*,#8830,.T.);
#8830 = EDGE_CURVE('',#8807,#8831,#8833,.T.);
#8831 = VERTEX_POINT('',#8832);
#8832 = CARTESIAN_POINT('',(-8.7368572831E-02,0.4099959,5.0173054878E-02
    ));
#8833 = B_SPLINE_CURVE_WITH_KNOTS('',3,(#8834,#8835,#8836,#8837),
  .UNSPECIFIED.,.F.,.F.,(4,4),(12.,13.),.PIECEWISE_BEZIER_KNOTS.);
#8834 = CARTESIAN_POINT('',(-8.7992421342E-02,0.4099959,5.2522884271E-02
    ));
#8835 = CARTESIAN_POINT('',(-8.7680497086E-02,0.4099959,5.1503931703E-02
    ));
#8836 = CARTESIAN_POINT('',(-8.7472547583E-02,0.4099959,5.0713723588E-02
    ));
#8837 = CARTESIAN_POINT('',(-8.7368572831E-02,0.4099959,5.0173054878E-02
    ));
#8838 = ORIENTED_EDGE('',*,*,#8839,.T.);
#8839 = EDGE_CURVE('',#8831,#684,#8840,.T.);
#8840 = LINE('',#8841,#8842);
#8841 = CARTESIAN_POINT('',(-8.7368572831E-02,0.4099959,5.0173054878E-02
    ));
#8842 = VECTOR('',#8843,1.);
#8843 = DIRECTION('',(0.,-1.,0.));
#8844 = ORIENTED_EDGE('',*,*,#691,.F.);
#8845 = B_SPLINE_SURFACE_WITH_KNOTS('',3,1,(
    (#8846,#8847)
    ,(#8848,#8849)
    ,(#8850,#8851)
    ,(#8852,#8853
    )),.UNSPECIFIED.,.F.,.F.,.F.,(4,4),(2,2),(12.,13.),(0.,1.),
  .PIECEWISE_BEZIER_KNOTS.);
#8846 = CARTESIAN_POINT('',(-8.7992421342E-02,0.4099959,5.2522884271E-02
    ));
#8847 = CARTESIAN_POINT('',(-8.7992421342E-02,0.399996,5.2522884271E-02)
  );
#8848 = CARTESIAN_POINT('',(-8.7680497086E-02,0.4099959,5.1503931703E-02
    ));
#8849 = CARTESIAN_POINT('',(-8.7680497086E-02,0.399996,5.1503931703E-02)
  );
#8850 = CARTESIAN_POINT('',(-8.7472547583E-02,0.4099959,5.0713723588E-02
    ));
#8851 = CARTESIAN_POINT('',(-8.7472547583E-02,0.399996,5.0713723588E-02)
  );
#8852 = CARTESIAN_POINT('',(-8.7368572831E-02,0.4099959,5.0173054878E-02
    ));
#8853 = CARTESIAN_POINT('',(-8.7368572831E-02,0.399996,5.0173054878E-02)
  );
#8854 = ADVANCED_FACE('',(#8855),#8873,.F.);
#8855 = FACE_BOUND('',#8856,.T.);
#8856 = EDGE_LOOP('',(#8857,#8858,#8866,#8872));
#8857 = ORIENTED_EDGE('',*,*,#683,.T.);
#8858 = ORIENTED_EDGE('',*,*,#8859,.F.);
#8859 = EDGE_CURVE('',#8860,#676,#8862,.T.);
#8860 = VERTEX_POINT('',#8861);
#8861 = CARTESIAN_POINT('',(-8.7233405653E-02,0.4099959,5.0173054878E-02
    ));
#8862 = LINE('',#8863,#8864);
#8863 = CARTESIAN_POINT('',(-8.7233405653E-02,0.4099959,5.0173054878E-02
    ));
#8864 = VECTOR('',#8865,1.);
#8865 = DIRECTION('',(0.,-1.,0.));
#8866 = ORIENTED_EDGE('',*,*,#8867,.F.);
#8867 = EDGE_CURVE('',#8831,#8860,#8868,.T.);
#8868 = LINE('',#8869,#8870);
#8869 = CARTESIAN_POINT('',(-8.7233405653E-02,0.4099959,5.0173054878E-02
    ));
#8870 = VECTOR('',#8871,1.);
#8871 = DIRECTION('',(1.,0.,0.));
#8872 = ORIENTED_EDGE('',*,*,#8839,.T.);
#8873 = PLANE('',#8874);
#8874 = AXIS2_PLACEMENT_3D('',#8875,#8876,#8877);
#8875 = CARTESIAN_POINT('',(-8.7233405653E-02,0.4099959,5.0173054878E-02
    ));
#8876 = DIRECTION('',(0.,0.,-1.));
#8877 = DIRECTION('',(-1.,0.,0.));
#8878 = ADVANCED_FACE('',(#8879),#8897,.F.);
#8879 = FACE_BOUND('',#8880,.T.);
#8880 = EDGE_LOOP('',(#8881,#8882,#8890,#8896));
#8881 = ORIENTED_EDGE('',*,*,#675,.T.);
#8882 = ORIENTED_EDGE('',*,*,#8883,.F.);
#8883 = EDGE_CURVE('',#8884,#668,#8886,.T.);
#8884 = VERTEX_POINT('',#8885);
#8885 = CARTESIAN_POINT('',(-8.6609557142E-02,0.4099959,5.2564474171E-02
    ));
#8886 = LINE('',#8887,#8888);
#8887 = CARTESIAN_POINT('',(-8.6609557142E-02,0.4099959,5.2564474171E-02
    ));
#8888 = VECTOR('',#8889,1.);
#8889 = DIRECTION('',(0.,-1.,0.));
#8890 = ORIENTED_EDGE('',*,*,#8891,.F.);
#8891 = EDGE_CURVE('',#8860,#8884,#8892,.T.);
#8892 = LINE('',#8893,#8894);
#8893 = CARTESIAN_POINT('',(-8.6609557142E-02,0.4099959,5.2564474171E-02
    ));
#8894 = VECTOR('',#8895,1.);
#8895 = DIRECTION('',(0.252421897187,0.,0.967617272386));
#8896 = ORIENTED_EDGE('',*,*,#8859,.T.);
#8897 = PLANE('',#8898);
#8898 = AXIS2_PLACEMENT_3D('',#8899,#8900,#8901);
#8899 = CARTESIAN_POINT('',(-8.6609557142E-02,0.4099959,5.2564474171E-02
    ));
#8900 = DIRECTION('',(0.967617272386,0.,-0.252421897187));
#8901 = DIRECTION('',(-0.252421897187,0.,-0.967617272386));
#8902 = ADVANCED_FACE('',(#8903),#8921,.F.);
#8903 = FACE_BOUND('',#8904,.T.);
#8904 = EDGE_LOOP('',(#8905,#8906,#8914,#8920));
#8905 = ORIENTED_EDGE('',*,*,#667,.T.);
#8906 = ORIENTED_EDGE('',*,*,#8907,.F.);
#8907 = EDGE_CURVE('',#8908,#660,#8910,.T.);
#8908 = VERTEX_POINT('',#8909);
#8909 = CARTESIAN_POINT('',(-7.9019400255E-02,0.4099959,7.4399172065E-02
    ));
#8910 = LINE('',#8911,#8912);
#8911 = CARTESIAN_POINT('',(-7.9019400255E-02,0.4099959,7.4399172065E-02
    ));
#8912 = VECTOR('',#8913,1.);
#8913 = DIRECTION('',(0.,-1.,0.));
#8914 = ORIENTED_EDGE('',*,*,#8915,.F.);
#8915 = EDGE_CURVE('',#8884,#8908,#8916,.T.);
#8916 = LINE('',#8917,#8918);
#8917 = CARTESIAN_POINT('',(-7.9019400255E-02,0.4099959,7.4399172065E-02
    ));
#8918 = VECTOR('',#8919,1.);
#8919 = DIRECTION('',(0.328346164812,0.,0.94455746043));
#8920 = ORIENTED_EDGE('',*,*,#8883,.T.);
#8921 = PLANE('',#8922);
#8922 = AXIS2_PLACEMENT_3D('',#8923,#8924,#8925);
#8923 = CARTESIAN_POINT('',(-7.9019400255E-02,0.4099959,7.4399172065E-02
    ));
#8924 = DIRECTION('',(0.94455746043,0.,-0.328346164812));
#8925 = DIRECTION('',(-0.328346164812,0.,-0.94455746043));
#8926 = ADVANCED_FACE('',(#8927),#8945,.F.);
#8927 = FACE_BOUND('',#8928,.T.);
#8928 = EDGE_LOOP('',(#8929,#8930,#8938,#8944));
#8929 = ORIENTED_EDGE('',*,*,#659,.T.);
#8930 = ORIENTED_EDGE('',*,*,#8931,.F.);
#8931 = EDGE_CURVE('',#8932,#652,#8934,.T.);
#8932 = VERTEX_POINT('',#8933);
#8933 = CARTESIAN_POINT('',(-7.3321583853E-02,0.4099959,7.4399172065E-02
    ));
#8934 = LINE('',#8935,#8936);
#8935 = CARTESIAN_POINT('',(-7.3321583853E-02,0.4099959,7.4399172065E-02
    ));
#8936 = VECTOR('',#8937,1.);
#8937 = DIRECTION('',(0.,-1.,0.));
#8938 = ORIENTED_EDGE('',*,*,#8939,.F.);
#8939 = EDGE_CURVE('',#8908,#8932,#8940,.T.);
#8940 = LINE('',#8941,#8942);
#8941 = CARTESIAN_POINT('',(-7.3321583853E-02,0.4099959,7.4399172065E-02
    ));
#8942 = VECTOR('',#8943,1.);
#8943 = DIRECTION('',(1.,0.,-7.135571246747E-15));
#8944 = ORIENTED_EDGE('',*,*,#8907,.T.);
#8945 = PLANE('',#8946);
#8946 = AXIS2_PLACEMENT_3D('',#8947,#8948,#8949);
#8947 = CARTESIAN_POINT('',(-7.3321583853E-02,0.4099959,7.4399172065E-02
    ));
#8948 = DIRECTION('',(-7.135571246747E-15,0.,-1.));
#8949 = DIRECTION('',(-1.,0.,7.135571246747E-15));
#8950 = ADVANCED_FACE('',(#8951),#8969,.F.);
#8951 = FACE_BOUND('',#8952,.T.);
#8952 = EDGE_LOOP('',(#8953,#8954,#8962,#8968));
#8953 = ORIENTED_EDGE('',*,*,#651,.T.);
#8954 = ORIENTED_EDGE('',*,*,#8955,.F.);
#8955 = EDGE_CURVE('',#8956,#644,#8958,.T.);
#8956 = VERTEX_POINT('',#8957);
#8957 = CARTESIAN_POINT('',(-8.4717216658E-02,0.4099959,4.5411011242E-02
    ));
#8958 = LINE('',#8959,#8960);
#8959 = CARTESIAN_POINT('',(-8.4717216658E-02,0.4099959,4.5411011242E-02
    ));
#8960 = VECTOR('',#8961,1.);
#8961 = DIRECTION('',(0.,-1.,0.));
#8962 = ORIENTED_EDGE('',*,*,#8963,.F.);
#8963 = EDGE_CURVE('',#8932,#8956,#8964,.T.);
#8964 = LINE('',#8965,#8966);
#8965 = CARTESIAN_POINT('',(-8.4717216658E-02,0.4099959,4.5411011242E-02
    ));
#8966 = VECTOR('',#8967,1.);
#8967 = DIRECTION('',(-0.365858921669,0.,-0.930670322636));
#8968 = ORIENTED_EDGE('',*,*,#8931,.T.);
#8969 = PLANE('',#8970);
#8970 = AXIS2_PLACEMENT_3D('',#8971,#8972,#8973);
#8971 = CARTESIAN_POINT('',(-8.4717216658E-02,0.4099959,4.5411011242E-02
    ));
#8972 = DIRECTION('',(-0.930670322636,0.,0.365858921669));
#8973 = DIRECTION('',(0.365858921669,0.,0.930670322636));
#8974 = ADVANCED_FACE('',(#8975),#8993,.F.);
#8975 = FACE_BOUND('',#8976,.T.);
#8976 = EDGE_LOOP('',(#8977,#8978,#8986,#8992));
#8977 = ORIENTED_EDGE('',*,*,#643,.T.);
#8978 = ORIENTED_EDGE('',*,*,#8979,.F.);
#8979 = EDGE_CURVE('',#8980,#635,#8982,.T.);
#8980 = VERTEX_POINT('',#8981);
#8981 = CARTESIAN_POINT('',(-8.2481759492E-02,0.4099959,4.0129093847E-02
    ));
#8982 = LINE('',#8983,#8984);
#8983 = CARTESIAN_POINT('',(-8.2481759492E-02,0.4099959,4.0129093847E-02
    ));
#8984 = VECTOR('',#8985,1.);
#8985 = DIRECTION('',(0.,-1.,0.));
#8986 = ORIENTED_EDGE('',*,*,#8987,.F.);
#8987 = EDGE_CURVE('',#8956,#8980,#8988,.T.);
#8988 = LINE('',#8989,#8990);
#8989 = CARTESIAN_POINT('',(-8.2481759492E-02,0.4099959,4.0129093847E-02
    ));
#8990 = VECTOR('',#8991,1.);
#8991 = DIRECTION('',(0.389758265065,0.,-0.920917203017));
#8992 = ORIENTED_EDGE('',*,*,#8955,.T.);
#8993 = PLANE('',#8994);
#8994 = AXIS2_PLACEMENT_3D('',#8995,#8996,#8997);
#8995 = CARTESIAN_POINT('',(-8.2481759492E-02,0.4099959,4.0129093847E-02
    ));
#8996 = DIRECTION('',(-0.920917203017,0.,-0.389758265065));
#8997 = DIRECTION('',(-0.389758265065,0.,0.920917203017));
#8998 = ADVANCED_FACE('',(#8999),#9018,.F.);
#8999 = FACE_BOUND('',#9000,.F.);
#9000 = EDGE_LOOP('',(#9001,#9002,#9011,#9017));
#9001 = ORIENTED_EDGE('',*,*,#8979,.F.);
#9002 = ORIENTED_EDGE('',*,*,#9003,.T.);
#9003 = EDGE_CURVE('',#8980,#9004,#9006,.T.);
#9004 = VERTEX_POINT('',#9005);
#9005 = CARTESIAN_POINT('',(-7.7262226948E-02,0.4099959,3.6032488624E-02
    ));
#9006 = B_SPLINE_CURVE_WITH_KNOTS('',3,(#9007,#9008,#9009,#9010),
  .UNSPECIFIED.,.F.,.F.,(4,4),(5.,6.),.PIECEWISE_BEZIER_KNOTS.);
#9007 = CARTESIAN_POINT('',(-8.2481759492E-02,0.4099959,4.0129093847E-02
    ));
#9008 = CARTESIAN_POINT('',(-8.1327639746E-02,0.4099959,3.7384160398E-02
    ));
#9009 = CARTESIAN_POINT('',(-7.959126139E-02,0.4099959,3.6032488624E-02)
  );
#9010 = CARTESIAN_POINT('',(-7.7262226948E-02,0.4099959,3.6032488624E-02
    ));
#9011 = ORIENTED_EDGE('',*,*,#9012,.T.);
#9012 = EDGE_CURVE('',#9004,#626,#9013,.T.);
#9013 = LINE('',#9014,#9015);
#9014 = CARTESIAN_POINT('',(-7.7262226948E-02,0.4099959,3.6032488624E-02
    ));
#9015 = VECTOR('',#9016,1.);
#9016 = DIRECTION('',(0.,-1.,0.));
#9017 = ORIENTED_EDGE('',*,*,#634,.F.);
#9018 = B_SPLINE_SURFACE_WITH_KNOTS('',3,1,(
    (#9019,#9020)
    ,(#9021,#9022)
    ,(#9023,#9024)
    ,(#9025,#9026
    )),.UNSPECIFIED.,.F.,.F.,.F.,(4,4),(2,2),(5.,6.),(0.,1.),
  .PIECEWISE_BEZIER_KNOTS.);
#9019 = CARTESIAN_POINT('',(-8.2481759492E-02,0.4099959,4.0129093847E-02
    ));
#9020 = CARTESIAN_POINT('',(-8.2481759492E-02,0.399996,4.0129093847E-02)
  );
#9021 = CARTESIAN_POINT('',(-8.1327639746E-02,0.4099959,3.7384160398E-02
    ));
#9022 = CARTESIAN_POINT('',(-8.1327639746E-02,0.399996,3.7384160398E-02)
  );
#9023 = CARTESIAN_POINT('',(-7.959126139E-02,0.4099959,3.6032488624E-02)
  );
#9024 = CARTESIAN_POINT('',(-7.959126139E-02,0.399996,3.6032488624E-02)
  );
#9025 = CARTESIAN_POINT('',(-7.7262226948E-02,0.4099959,3.6032488624E-02
    ));
#9026 = CARTESIAN_POINT('',(-7.7262226948E-02,0.399996,3.6032488624E-02)
  );
#9027 = ADVANCED_FACE('',(#9028),#9047,.F.);
#9028 = FACE_BOUND('',#9029,.F.);
#9029 = EDGE_LOOP('',(#9030,#9031,#9040,#9046));
#9030 = ORIENTED_EDGE('',*,*,#9012,.F.);
#9031 = ORIENTED_EDGE('',*,*,#9032,.T.);
#9032 = EDGE_CURVE('',#9004,#9033,#9035,.T.);
#9033 = VERTEX_POINT('',#9034);
#9034 = CARTESIAN_POINT('',(-7.4371728846E-02,0.4099959,3.6614747234E-02
    ));
#9035 = B_SPLINE_CURVE_WITH_KNOTS('',3,(#9036,#9037,#9038,#9039),
  .UNSPECIFIED.,.F.,.F.,(4,4),(4.,5.),.PIECEWISE_BEZIER_KNOTS.);
#9036 = CARTESIAN_POINT('',(-7.7262226948E-02,0.4099959,3.6032488624E-02
    ));
#9037 = CARTESIAN_POINT('',(-7.6326454182E-02,0.4099959,3.6032488624E-02
    ));
#9038 = CARTESIAN_POINT('',(-7.5369886465E-02,0.4099959,3.6219643177E-02
    ));
#9039 = CARTESIAN_POINT('',(-7.4371728846E-02,0.4099959,3.6614747234E-02
    ));
#9040 = ORIENTED_EDGE('',*,*,#9041,.T.);
#9041 = EDGE_CURVE('',#9033,#618,#9042,.T.);
#9042 = LINE('',#9043,#9044);
#9043 = CARTESIAN_POINT('',(-7.4371728846E-02,0.4099959,3.6614747234E-02
    ));
#9044 = VECTOR('',#9045,1.);
#9045 = DIRECTION('',(0.,-1.,0.));
#9046 = ORIENTED_EDGE('',*,*,#625,.F.);
#9047 = B_SPLINE_SURFACE_WITH_KNOTS('',3,1,(
    (#9048,#9049)
    ,(#9050,#9051)
    ,(#9052,#9053)
    ,(#9054,#9055
    )),.UNSPECIFIED.,.F.,.F.,.F.,(4,4),(2,2),(4.,5.),(0.,1.),
  .PIECEWISE_BEZIER_KNOTS.);
#9048 = CARTESIAN_POINT('',(-7.7262226948E-02,0.4099959,3.6032488624E-02
    ));
#9049 = CARTESIAN_POINT('',(-7.7262226948E-02,0.399996,3.6032488624E-02)
  );
#9050 = CARTESIAN_POINT('',(-7.6326454182E-02,0.4099959,3.6032488624E-02
    ));
#9051 = CARTESIAN_POINT('',(-7.6326454182E-02,0.399996,3.6032488624E-02)
  );
#9052 = CARTESIAN_POINT('',(-7.5369886465E-02,0.4099959,3.6219643177E-02
    ));
#9053 = CARTESIAN_POINT('',(-7.5369886465E-02,0.399996,3.6219643177E-02)
  );
#9054 = CARTESIAN_POINT('',(-7.4371728846E-02,0.4099959,3.6614747234E-02
    ));
#9055 = CARTESIAN_POINT('',(-7.4371728846E-02,0.399996,3.6614747234E-02)
  );
#9056 = ADVANCED_FACE('',(#9057),#9075,.F.);
#9057 = FACE_BOUND('',#9058,.T.);
#9058 = EDGE_LOOP('',(#9059,#9060,#9068,#9074));
#9059 = ORIENTED_EDGE('',*,*,#617,.T.);
#9060 = ORIENTED_EDGE('',*,*,#9061,.F.);
#9061 = EDGE_CURVE('',#9062,#609,#9064,.T.);
#9062 = VERTEX_POINT('',#9063);
#9063 = CARTESIAN_POINT('',(-7.4371728846E-02,0.4099959,3.2081448052E-02
    ));
#9064 = LINE('',#9065,#9066);
#9065 = CARTESIAN_POINT('',(-7.4371728846E-02,0.4099959,3.2081448052E-02
    ));
#9066 = VECTOR('',#9067,1.);
#9067 = DIRECTION('',(0.,-1.,0.));
#9068 = ORIENTED_EDGE('',*,*,#9069,.F.);
#9069 = EDGE_CURVE('',#9033,#9062,#9070,.T.);
#9070 = LINE('',#9071,#9072);
#9071 = CARTESIAN_POINT('',(-7.4371728846E-02,0.4099959,3.2081448052E-02
    ));
#9072 = VECTOR('',#9073,1.);
#9073 = DIRECTION('',(-1.195808270075E-14,0.,-1.));
#9074 = ORIENTED_EDGE('',*,*,#9041,.T.);
#9075 = PLANE('',#9076);
#9076 = AXIS2_PLACEMENT_3D('',#9077,#9078,#9079);
#9077 = CARTESIAN_POINT('',(-7.4371728846E-02,0.4099959,3.2081448052E-02
    ));
#9078 = DIRECTION('',(-1.,0.,1.195808270075E-14));
#9079 = DIRECTION('',(1.195808270075E-14,0.,1.));
#9080 = ADVANCED_FACE('',(#9081),#9100,.F.);
#9081 = FACE_BOUND('',#9082,.F.);
#9082 = EDGE_LOOP('',(#9083,#9084,#9093,#9099));
#9083 = ORIENTED_EDGE('',*,*,#9061,.F.);
#9084 = ORIENTED_EDGE('',*,*,#9085,.T.);
#9085 = EDGE_CURVE('',#9062,#9086,#9088,.T.);
#9086 = VERTEX_POINT('',#9087);
#9087 = CARTESIAN_POINT('',(-7.7657331006E-02,0.4099959,3.1665549044E-02
    ));
#9088 = B_SPLINE_CURVE_WITH_KNOTS('',3,(#9089,#9090,#9091,#9092),
  .UNSPECIFIED.,.F.,.F.,(4,4),(2.,3.),.PIECEWISE_BEZIER_KNOTS.);
#9089 = CARTESIAN_POINT('',(-7.4371728846E-02,0.4099959,3.2081448052E-02
    ));
#9090 = CARTESIAN_POINT('',(-7.5276309187E-02,0.4099959,3.1811113698E-02
    ));
#9091 = CARTESIAN_POINT('',(-7.6378441558E-02,0.4099959,3.1665549044E-02
    ));
#9092 = CARTESIAN_POINT('',(-7.7657331006E-02,0.4099959,3.1665549044E-02
    ));
#9093 = ORIENTED_EDGE('',*,*,#9094,.T.);
#9094 = EDGE_CURVE('',#9086,#600,#9095,.T.);
#9095 = LINE('',#9096,#9097);
#9096 = CARTESIAN_POINT('',(-7.7657331006E-02,0.4099959,3.1665549044E-02
    ));
#9097 = VECTOR('',#9098,1.);
#9098 = DIRECTION('',(0.,-1.,0.));
#9099 = ORIENTED_EDGE('',*,*,#608,.F.);
#9100 = B_SPLINE_SURFACE_WITH_KNOTS('',3,1,(
    (#9101,#9102)
    ,(#9103,#9104)
    ,(#9105,#9106)
    ,(#9107,#9108
    )),.UNSPECIFIED.,.F.,.F.,.F.,(4,4),(2,2),(2.,3.),(0.,1.),
  .PIECEWISE_BEZIER_KNOTS.);
#9101 = CARTESIAN_POINT('',(-7.4371728846E-02,0.4099959,3.2081448052E-02
    ));
#9102 = CARTESIAN_POINT('',(-7.4371728846E-02,0.399996,3.2081448052E-02)
  );
#9103 = CARTESIAN_POINT('',(-7.5276309187E-02,0.4099959,3.1811113698E-02
    ));
#9104 = CARTESIAN_POINT('',(-7.5276309187E-02,0.399996,3.1811113698E-02)
  );
#9105 = CARTESIAN_POINT('',(-7.6378441558E-02,0.4099959,3.1665549044E-02
    ));
#9106 = CARTESIAN_POINT('',(-7.6378441558E-02,0.399996,3.1665549044E-02)
  );
#9107 = CARTESIAN_POINT('',(-7.7657331006E-02,0.4099959,3.1665549044E-02
    ));
#9108 = CARTESIAN_POINT('',(-7.7657331006E-02,0.399996,3.1665549044E-02)
  );
#9109 = ADVANCED_FACE('',(#9110),#9129,.F.);
#9110 = FACE_BOUND('',#9111,.F.);
#9111 = EDGE_LOOP('',(#9112,#9113,#9122,#9128));
#9112 = ORIENTED_EDGE('',*,*,#9094,.F.);
#9113 = ORIENTED_EDGE('',*,*,#9114,.T.);
#9114 = EDGE_CURVE('',#9086,#9115,#9117,.T.);
#9115 = VERTEX_POINT('',#9116);
#9116 = CARTESIAN_POINT('',(-8.8023613767E-02,0.4099959,4.0960891862E-02
    ));
#9117 = B_SPLINE_CURVE_WITH_KNOTS('',3,(#9118,#9119,#9120,#9121),
  .UNSPECIFIED.,.F.,.F.,(4,4),(1.,2.),.PIECEWISE_BEZIER_KNOTS.);
#9118 = CARTESIAN_POINT('',(-7.7657331006E-02,0.4099959,3.1665549044E-02
    ));
#9119 = CARTESIAN_POINT('',(-8.2117847861E-02,0.4099959,3.1665549044E-02
    ));
#9120 = CARTESIAN_POINT('',(-8.5569809623E-02,0.4099959,3.4763996651E-02
    ));
#9121 = CARTESIAN_POINT('',(-8.8023613767E-02,0.4099959,4.0960891862E-02
    ));
#9122 = ORIENTED_EDGE('',*,*,#9123,.T.);
#9123 = EDGE_CURVE('',#9115,#592,#9124,.T.);
#9124 = LINE('',#9125,#9126);
#9125 = CARTESIAN_POINT('',(-8.8023613767E-02,0.4099959,4.0960891862E-02
    ));
#9126 = VECTOR('',#9127,1.);
#9127 = DIRECTION('',(0.,-1.,0.));
#9128 = ORIENTED_EDGE('',*,*,#599,.F.);
#9129 = B_SPLINE_SURFACE_WITH_KNOTS('',3,1,(
    (#9130,#9131)
    ,(#9132,#9133)
    ,(#9134,#9135)
    ,(#9136,#9137
    )),.UNSPECIFIED.,.F.,.F.,.F.,(4,4),(2,2),(1.,2.),(0.,1.),
  .PIECEWISE_BEZIER_KNOTS.);
#9130 = CARTESIAN_POINT('',(-7.7657331006E-02,0.4099959,3.1665549044E-02
    ));
#9131 = CARTESIAN_POINT('',(-7.7657331006E-02,0.399996,3.1665549044E-02)
  );
#9132 = CARTESIAN_POINT('',(-8.2117847861E-02,0.4099959,3.1665549044E-02
    ));
#9133 = CARTESIAN_POINT('',(-8.2117847861E-02,0.399996,3.1665549044E-02)
  );
#9134 = CARTESIAN_POINT('',(-8.5569809623E-02,0.4099959,3.4763996651E-02
    ));
#9135 = CARTESIAN_POINT('',(-8.5569809623E-02,0.399996,3.4763996651E-02)
  );
#9136 = CARTESIAN_POINT('',(-8.8023613767E-02,0.4099959,4.0960891862E-02
    ));
#9137 = CARTESIAN_POINT('',(-8.8023613767E-02,0.399996,4.0960891862E-02)
  );
#9138 = ADVANCED_FACE('',(#9139),#9150,.F.);
#9139 = FACE_BOUND('',#9140,.T.);
#9140 = EDGE_LOOP('',(#9141,#9142,#9143,#9149));
#9141 = ORIENTED_EDGE('',*,*,#591,.T.);
#9142 = ORIENTED_EDGE('',*,*,#8791,.F.);
#9143 = ORIENTED_EDGE('',*,*,#9144,.F.);
#9144 = EDGE_CURVE('',#9115,#8784,#9145,.T.);
#9145 = LINE('',#9146,#9147);
#9146 = CARTESIAN_POINT('',(-0.101207612305,0.4099959,7.4399172065E-02)
  );
#9147 = VECTOR('',#9148,1.);
#9148 = DIRECTION('',(-0.36679767895,0.,0.930300737781));
#9149 = ORIENTED_EDGE('',*,*,#9123,.T.);
#9150 = PLANE('',#9151);
#9151 = AXIS2_PLACEMENT_3D('',#9152,#9153,#9154);
#9152 = CARTESIAN_POINT('',(-0.101207612305,0.4099959,7.4399172065E-02)
  );
#9153 = DIRECTION('',(0.930300737781,0.,0.36679767895));
#9154 = DIRECTION('',(0.36679767895,0.,-0.930300737781));
#9155 = ADVANCED_FACE('',(#9156),#9173,.T.);
#9156 = FACE_BOUND('',#9157,.T.);
#9157 = EDGE_LOOP('',(#9158,#9159,#9160,#9161,#9162,#9163,#9164,#9165,
    #9166,#9167,#9168,#9169,#9170,#9171,#9172));
#9158 = ORIENTED_EDGE('',*,*,#8783,.T.);
#9159 = ORIENTED_EDGE('',*,*,#8814,.T.);
#9160 = ORIENTED_EDGE('',*,*,#8830,.T.);
#9161 = ORIENTED_EDGE('',*,*,#8867,.T.);
#9162 = ORIENTED_EDGE('',*,*,#8891,.T.);
#9163 = ORIENTED_EDGE('',*,*,#8915,.T.);
#9164 = ORIENTED_EDGE('',*,*,#8939,.T.);
#9165 = ORIENTED_EDGE('',*,*,#8963,.T.);
#9166 = ORIENTED_EDGE('',*,*,#8987,.T.);
#9167 = ORIENTED_EDGE('',*,*,#9003,.T.);
#9168 = ORIENTED_EDGE('',*,*,#9032,.T.);
#9169 = ORIENTED_EDGE('',*,*,#9069,.T.);
#9170 = ORIENTED_EDGE('',*,*,#9085,.T.);
#9171 = ORIENTED_EDGE('',*,*,#9114,.T.);
#9172 = ORIENTED_EDGE('',*,*,#9144,.T.);
#9173 = PLANE('',#9174);
#9174 = AXIS2_PLACEMENT_3D('',#9175,#9176,#9177);
#9175 = CARTESIAN_POINT('',(-8.3592989654E-02,0.4099959,3.3989384749E-02
    ));
#9176 = DIRECTION('',(0.,1.,0.));
#9177 = DIRECTION('',(0.,-0.,1.));
#9178 = ADVANCED_FACE('',(#9179),#9204,.F.);
#9179 = FACE_BOUND('',#9180,.T.);
#9180 = EDGE_LOOP('',(#9181,#9182,#9190,#9198));
#9181 = ORIENTED_EDGE('',*,*,#1553,.T.);
#9182 = ORIENTED_EDGE('',*,*,#9183,.F.);
#9183 = EDGE_CURVE('',#9184,#1556,#9186,.T.);
#9184 = VERTEX_POINT('',#9185);
#9185 = CARTESIAN_POINT('',(-0.128573766998,0.4099959,4.9985900325E-02)
  );
#9186 = LINE('',#9187,#9188);
#9187 = CARTESIAN_POINT('',(-0.128573766998,0.4099959,4.9985900325E-02)
  );
#9188 = VECTOR('',#9189,1.);
#9189 = DIRECTION('',(0.,-1.,0.));
#9190 = ORIENTED_EDGE('',*,*,#9191,.F.);
#9191 = EDGE_CURVE('',#9192,#9184,#9194,.T.);
#9192 = VERTEX_POINT('',#9193);
#9193 = CARTESIAN_POINT('',(-0.128573766998,0.4099959,4.5348626391E-02)
  );
#9194 = LINE('',#9195,#9196);
#9195 = CARTESIAN_POINT('',(-0.128573766998,0.4099959,4.9985900325E-02)
  );
#9196 = VECTOR('',#9197,1.);
#9197 = DIRECTION('',(1.168996425484E-14,0.,1.));
#9198 = ORIENTED_EDGE('',*,*,#9199,.T.);
#9199 = EDGE_CURVE('',#9192,#1554,#9200,.T.);
#9200 = LINE('',#9201,#9202);
#9201 = CARTESIAN_POINT('',(-0.128573766998,0.4099959,4.5348626391E-02)
  );
#9202 = VECTOR('',#9203,1.);
#9203 = DIRECTION('',(0.,-1.,0.));
#9204 = PLANE('',#9205);
#9205 = AXIS2_PLACEMENT_3D('',#9206,#9207,#9208);
#9206 = CARTESIAN_POINT('',(-0.128573766998,0.4099959,4.9985900325E-02)
  );
#9207 = DIRECTION('',(1.,0.,-1.168996425484E-14));
#9208 = DIRECTION('',(-1.168996425484E-14,0.,-1.));
#9209 = ADVANCED_FACE('',(#9210),#9228,.F.);
#9210 = FACE_BOUND('',#9211,.T.);
#9211 = EDGE_LOOP('',(#9212,#9213,#9221,#9227));
#9212 = ORIENTED_EDGE('',*,*,#1643,.T.);
#9213 = ORIENTED_EDGE('',*,*,#9214,.F.);
#9214 = EDGE_CURVE('',#9215,#1636,#9217,.T.);
#9215 = VERTEX_POINT('',#9216);
#9216 = CARTESIAN_POINT('',(-0.111948204174,0.4099959,4.9985900325E-02)
  );
#9217 = LINE('',#9218,#9219);
#9218 = CARTESIAN_POINT('',(-0.111948204174,0.4099959,4.9985900325E-02)
  );
#9219 = VECTOR('',#9220,1.);
#9220 = DIRECTION('',(0.,-1.,0.));
#9221 = ORIENTED_EDGE('',*,*,#9222,.F.);
#9222 = EDGE_CURVE('',#9184,#9215,#9223,.T.);
#9223 = LINE('',#9224,#9225);
#9224 = CARTESIAN_POINT('',(-0.111948204174,0.4099959,4.9985900325E-02)
  );
#9225 = VECTOR('',#9226,1.);
#9226 = DIRECTION('',(1.,0.,-7.336384696538E-15));
#9227 = ORIENTED_EDGE('',*,*,#9183,.T.);
#9228 = PLANE('',#9229);
#9229 = AXIS2_PLACEMENT_3D('',#9230,#9231,#9232);
#9230 = CARTESIAN_POINT('',(-0.111948204174,0.4099959,4.9985900325E-02)
  );
#9231 = DIRECTION('',(-7.336384696538E-15,0.,-1.));
#9232 = DIRECTION('',(-1.,0.,7.336384696538E-15));
#9233 = ADVANCED_FACE('',(#9234),#9252,.F.);
#9234 = FACE_BOUND('',#9235,.T.);
#9235 = EDGE_LOOP('',(#9236,#9237,#9245,#9251));
#9236 = ORIENTED_EDGE('',*,*,#1635,.T.);
#9237 = ORIENTED_EDGE('',*,*,#9238,.F.);
#9238 = EDGE_CURVE('',#9239,#1628,#9241,.T.);
#9239 = VERTEX_POINT('',#9240);
#9240 = CARTESIAN_POINT('',(-0.111948204174,0.4099959,6.3668977672E-02)
  );
#9241 = LINE('',#9242,#9243);
#9242 = CARTESIAN_POINT('',(-0.111948204174,0.4099959,6.3668977672E-02)
  );
#9243 = VECTOR('',#9244,1.);
#9244 = DIRECTION('',(0.,-1.,0.));
#9245 = ORIENTED_EDGE('',*,*,#9246,.F.);
#9246 = EDGE_CURVE('',#9215,#9239,#9247,.T.);
#9247 = LINE('',#9248,#9249);
#9248 = CARTESIAN_POINT('',(-0.111948204174,0.4099959,6.3668977672E-02)
  );
#9249 = VECTOR('',#9250,1.);
#9250 = DIRECTION('',(3.961796396405E-15,0.,1.));
#9251 = ORIENTED_EDGE('',*,*,#9214,.T.);
#9252 = PLANE('',#9253);
#9253 = AXIS2_PLACEMENT_3D('',#9254,#9255,#9256);
#9254 = CARTESIAN_POINT('',(-0.111948204174,0.4099959,6.3668977672E-02)
  );
#9255 = DIRECTION('',(1.,0.,-3.961796396405E-15));
#9256 = DIRECTION('',(-3.961796396405E-15,0.,-1.));
#9257 = ADVANCED_FACE('',(#9258),#9276,.F.);
#9258 = FACE_BOUND('',#9259,.T.);
#9259 = EDGE_LOOP('',(#9260,#9261,#9269,#9275));
#9260 = ORIENTED_EDGE('',*,*,#1627,.T.);
#9261 = ORIENTED_EDGE('',*,*,#9262,.F.);
#9262 = EDGE_CURVE('',#9263,#1620,#9265,.T.);
#9263 = VERTEX_POINT('',#9264);
#9264 = CARTESIAN_POINT('',(-0.126494271961,0.4099959,6.3668977672E-02)
  );
#9265 = LINE('',#9266,#9267);
#9266 = CARTESIAN_POINT('',(-0.126494271961,0.4099959,6.3668977672E-02)
  );
#9267 = VECTOR('',#9268,1.);
#9268 = DIRECTION('',(0.,-1.,0.));
#9269 = ORIENTED_EDGE('',*,*,#9270,.F.);
#9270 = EDGE_CURVE('',#9239,#9263,#9271,.T.);
#9271 = LINE('',#9272,#9273);
#9272 = CARTESIAN_POINT('',(-0.126494271961,0.4099959,6.3668977672E-02)
  );
#9273 = VECTOR('',#9274,1.);
#9274 = DIRECTION('',(-1.,0.,7.453501154713E-15));
#9275 = ORIENTED_EDGE('',*,*,#9238,.T.);
#9276 = PLANE('',#9277);
#9277 = AXIS2_PLACEMENT_3D('',#9278,#9279,#9280);
#9278 = CARTESIAN_POINT('',(-0.126494271961,0.4099959,6.3668977672E-02)
  );
#9279 = DIRECTION('',(7.453501154713E-15,0.,1.));
#9280 = DIRECTION('',(1.,0.,-7.453501154713E-15));
#9281 = ADVANCED_FACE('',(#9282),#9300,.F.);
#9282 = FACE_BOUND('',#9283,.T.);
#9283 = EDGE_LOOP('',(#9284,#9285,#9293,#9299));
#9284 = ORIENTED_EDGE('',*,*,#1619,.T.);
#9285 = ORIENTED_EDGE('',*,*,#9286,.F.);
#9286 = EDGE_CURVE('',#9287,#1612,#9289,.T.);
#9287 = VERTEX_POINT('',#9288);
#9288 = CARTESIAN_POINT('',(-0.126494271961,0.4099959,6.8327046556E-02)
  );
#9289 = LINE('',#9290,#9291);
#9290 = CARTESIAN_POINT('',(-0.126494271961,0.4099959,6.8327046556E-02)
  );
#9291 = VECTOR('',#9292,1.);
#9292 = DIRECTION('',(0.,-1.,0.));
#9293 = ORIENTED_EDGE('',*,*,#9294,.F.);
#9294 = EDGE_CURVE('',#9263,#9287,#9295,.T.);
#9295 = LINE('',#9296,#9297);
#9296 = CARTESIAN_POINT('',(-0.126494271961,0.4099959,6.8327046556E-02)
  );
#9297 = VECTOR('',#9298,1.);
#9298 = DIRECTION('',(1.163777691448E-14,0.,1.));
#9299 = ORIENTED_EDGE('',*,*,#9262,.T.);
#9300 = PLANE('',#9301);
#9301 = AXIS2_PLACEMENT_3D('',#9302,#9303,#9304);
#9302 = CARTESIAN_POINT('',(-0.126494271961,0.4099959,6.8327046556E-02)
  );
#9303 = DIRECTION('',(1.,0.,-1.163777691448E-14));
#9304 = DIRECTION('',(-1.163777691448E-14,0.,-1.));
#9305 = ADVANCED_FACE('',(#9306),#9324,.F.);
#9306 = FACE_BOUND('',#9307,.T.);
#9307 = EDGE_LOOP('',(#9308,#9309,#9317,#9323));
#9308 = ORIENTED_EDGE('',*,*,#1611,.T.);
#9309 = ORIENTED_EDGE('',*,*,#9310,.F.);
#9310 = EDGE_CURVE('',#9311,#1604,#9313,.T.);
#9311 = VERTEX_POINT('',#9312);
#9312 = CARTESIAN_POINT('',(-0.111948204174,0.4099959,6.8327046556E-02)
  );
#9313 = LINE('',#9314,#9315);
#9314 = CARTESIAN_POINT('',(-0.111948204174,0.4099959,6.8327046556E-02)
  );
#9315 = VECTOR('',#9316,1.);
#9316 = DIRECTION('',(0.,-1.,0.));
#9317 = ORIENTED_EDGE('',*,*,#9318,.F.);
#9318 = EDGE_CURVE('',#9287,#9311,#9319,.T.);
#9319 = LINE('',#9320,#9321);
#9320 = CARTESIAN_POINT('',(-0.111948204174,0.4099959,6.8327046556E-02)
  );
#9321 = VECTOR('',#9322,1.);
#9322 = DIRECTION('',(1.,0.,-7.453501154713E-15));
#9323 = ORIENTED_EDGE('',*,*,#9286,.T.);
#9324 = PLANE('',#9325);
#9325 = AXIS2_PLACEMENT_3D('',#9326,#9327,#9328);
#9326 = CARTESIAN_POINT('',(-0.111948204174,0.4099959,6.8327046556E-02)
  );
#9327 = DIRECTION('',(-7.453501154713E-15,0.,-1.));
#9328 = DIRECTION('',(-1.,0.,7.453501154713E-15));
#9329 = ADVANCED_FACE('',(#9330),#9348,.F.);
#9330 = FACE_BOUND('',#9331,.T.);
#9331 = EDGE_LOOP('',(#9332,#9333,#9341,#9347));
#9332 = ORIENTED_EDGE('',*,*,#1603,.T.);
#9333 = ORIENTED_EDGE('',*,*,#9334,.F.);
#9334 = EDGE_CURVE('',#9335,#1596,#9337,.T.);
#9335 = VERTEX_POINT('',#9336);
#9336 = CARTESIAN_POINT('',(-0.111948204174,0.4099959,8.134468549E-02));
#9337 = LINE('',#9338,#9339);
#9338 = CARTESIAN_POINT('',(-0.111948204174,0.4099959,8.134468549E-02));
#9339 = VECTOR('',#9340,1.);
#9340 = DIRECTION('',(0.,-1.,0.));
#9341 = ORIENTED_EDGE('',*,*,#9342,.F.);
#9342 = EDGE_CURVE('',#9311,#9335,#9343,.T.);
#9343 = LINE('',#9344,#9345);
#9344 = CARTESIAN_POINT('',(-0.111948204174,0.4099959,8.134468549E-02));
#9345 = VECTOR('',#9346,1.);
#9346 = DIRECTION('',(4.164316339927E-15,0.,1.));
#9347 = ORIENTED_EDGE('',*,*,#9310,.T.);
#9348 = PLANE('',#9349);
#9349 = AXIS2_PLACEMENT_3D('',#9350,#9351,#9352);
#9350 = CARTESIAN_POINT('',(-0.111948204174,0.4099959,8.134468549E-02));
#9351 = DIRECTION('',(1.,0.,-4.164316339927E-15));
#9352 = DIRECTION('',(-4.164316339927E-15,0.,-1.));
#9353 = ADVANCED_FACE('',(#9354),#9372,.F.);
#9354 = FACE_BOUND('',#9355,.T.);
#9355 = EDGE_LOOP('',(#9356,#9357,#9365,#9371));
#9356 = ORIENTED_EDGE('',*,*,#1595,.T.);
#9357 = ORIENTED_EDGE('',*,*,#9358,.F.);
#9358 = EDGE_CURVE('',#9359,#1588,#9361,.T.);
#9359 = VERTEX_POINT('',#9360);
#9360 = CARTESIAN_POINT('',(-0.127648391706,0.4099959,8.134468549E-02));
#9361 = LINE('',#9362,#9363);
#9362 = CARTESIAN_POINT('',(-0.127648391706,0.4099959,8.134468549E-02));
#9363 = VECTOR('',#9364,1.);
#9364 = DIRECTION('',(0.,-1.,0.));
#9365 = ORIENTED_EDGE('',*,*,#9366,.F.);
#9366 = EDGE_CURVE('',#9335,#9359,#9367,.T.);
#9367 = LINE('',#9368,#9369);
#9368 = CARTESIAN_POINT('',(-0.127648391706,0.4099959,8.134468549E-02));
#9369 = VECTOR('',#9370,1.);
#9370 = DIRECTION('',(-1.,0.,6.905594778401E-15));
#9371 = ORIENTED_EDGE('',*,*,#9334,.T.);
#9372 = PLANE('',#9373);
#9373 = AXIS2_PLACEMENT_3D('',#9374,#9375,#9376);
#9374 = CARTESIAN_POINT('',(-0.127648391706,0.4099959,8.134468549E-02));
#9375 = DIRECTION('',(6.905594778401E-15,0.,1.));
#9376 = DIRECTION('',(1.,0.,-6.905594778401E-15));
#9377 = ADVANCED_FACE('',(#9378),#9396,.F.);
#9378 = FACE_BOUND('',#9379,.T.);
#9379 = EDGE_LOOP('',(#9380,#9381,#9389,#9395));
#9380 = ORIENTED_EDGE('',*,*,#1587,.T.);
#9381 = ORIENTED_EDGE('',*,*,#9382,.F.);
#9382 = EDGE_CURVE('',#9383,#1580,#9385,.T.);
#9383 = VERTEX_POINT('',#9384);
#9384 = CARTESIAN_POINT('',(-0.127648391706,0.4099959,8.6023549324E-02)
  );
#9385 = LINE('',#9386,#9387);
#9386 = CARTESIAN_POINT('',(-0.127648391706,0.4099959,8.6023549324E-02)
  );
#9387 = VECTOR('',#9388,1.);
#9388 = DIRECTION('',(0.,-1.,0.));
#9389 = ORIENTED_EDGE('',*,*,#9390,.F.);
#9390 = EDGE_CURVE('',#9359,#9383,#9391,.T.);
#9391 = LINE('',#9392,#9393);
#9392 = CARTESIAN_POINT('',(-0.127648391706,0.4099959,8.6023549324E-02)
  );
#9393 = VECTOR('',#9394,1.);
#9394 = DIRECTION('',(1.158605346159E-14,0.,1.));
#9395 = ORIENTED_EDGE('',*,*,#9358,.T.);
#9396 = PLANE('',#9397);
#9397 = AXIS2_PLACEMENT_3D('',#9398,#9399,#9400);
#9398 = CARTESIAN_POINT('',(-0.127648391706,0.4099959,8.6023549324E-02)
  );
#9399 = DIRECTION('',(1.,0.,-1.158605346159E-14));
#9400 = DIRECTION('',(-1.158605346159E-14,0.,-1.));
#9401 = ADVANCED_FACE('',(#9402),#9420,.F.);
#9402 = FACE_BOUND('',#9403,.T.);
#9403 = EDGE_LOOP('',(#9404,#9405,#9413,#9419));
#9404 = ORIENTED_EDGE('',*,*,#1579,.T.);
#9405 = ORIENTED_EDGE('',*,*,#9406,.F.);
#9406 = EDGE_CURVE('',#9407,#1572,#9409,.T.);
#9407 = VERTEX_POINT('',#9408);
#9408 = CARTESIAN_POINT('',(-0.106697479205,0.4099959,8.6023549324E-02)
  );
#9409 = LINE('',#9410,#9411);
#9410 = CARTESIAN_POINT('',(-0.106697479205,0.4099959,8.6023549324E-02)
  );
#9411 = VECTOR('',#9412,1.);
#9412 = DIRECTION('',(0.,-1.,0.));
#9413 = ORIENTED_EDGE('',*,*,#9414,.F.);
#9414 = EDGE_CURVE('',#9383,#9407,#9415,.T.);
#9415 = LINE('',#9416,#9417);
#9416 = CARTESIAN_POINT('',(-0.106697479205,0.4099959,8.6023549324E-02)
  );
#9417 = VECTOR('',#9418,1.);
#9418 = DIRECTION('',(1.,0.,-7.115504297044E-15));
#9419 = ORIENTED_EDGE('',*,*,#9382,.T.);
#9420 = PLANE('',#9421);
#9421 = AXIS2_PLACEMENT_3D('',#9422,#9423,#9424);
#9422 = CARTESIAN_POINT('',(-0.106697479205,0.4099959,8.6023549324E-02)
  );
#9423 = DIRECTION('',(-7.115504297044E-15,0.,-1.));
#9424 = DIRECTION('',(-1.,0.,7.115504297044E-15));
#9425 = ADVANCED_FACE('',(#9426),#9444,.F.);
#9426 = FACE_BOUND('',#9427,.T.);
#9427 = EDGE_LOOP('',(#9428,#9429,#9437,#9443));
#9428 = ORIENTED_EDGE('',*,*,#1571,.T.);
#9429 = ORIENTED_EDGE('',*,*,#9430,.F.);
#9430 = EDGE_CURVE('',#9431,#1564,#9433,.T.);
#9431 = VERTEX_POINT('',#9432);
#9432 = CARTESIAN_POINT('',(-0.106697479205,0.4099959,4.5348626391E-02)
  );
#9433 = LINE('',#9434,#9435);
#9434 = CARTESIAN_POINT('',(-0.106697479205,0.4099959,4.5348626391E-02)
  );
#9435 = VECTOR('',#9436,1.);
#9436 = DIRECTION('',(0.,-1.,0.));
#9437 = ORIENTED_EDGE('',*,*,#9438,.F.);
#9438 = EDGE_CURVE('',#9407,#9431,#9439,.T.);
#9439 = LINE('',#9440,#9441);
#9440 = CARTESIAN_POINT('',(-0.106697479205,0.4099959,4.5348626391E-02)
  );
#9441 = VECTOR('',#9442,1.);
#9442 = DIRECTION('',(-6.663757742396E-15,0.,-1.));
#9443 = ORIENTED_EDGE('',*,*,#9406,.T.);
#9444 = PLANE('',#9445);
#9445 = AXIS2_PLACEMENT_3D('',#9446,#9447,#9448);
#9446 = CARTESIAN_POINT('',(-0.106697479205,0.4099959,4.5348626391E-02)
  );
#9447 = DIRECTION('',(-1.,0.,6.663757742396E-15));
#9448 = DIRECTION('',(6.663757742396E-15,0.,1.));
#9449 = ADVANCED_FACE('',(#9450),#9461,.F.);
#9450 = FACE_BOUND('',#9451,.T.);
#9451 = EDGE_LOOP('',(#9452,#9453,#9454,#9460));
#9452 = ORIENTED_EDGE('',*,*,#1563,.T.);
#9453 = ORIENTED_EDGE('',*,*,#9199,.F.);
#9454 = ORIENTED_EDGE('',*,*,#9455,.F.);
#9455 = EDGE_CURVE('',#9431,#9192,#9456,.T.);
#9456 = LINE('',#9457,#9458);
#9457 = CARTESIAN_POINT('',(-0.128573766998,0.4099959,4.5348626391E-02)
  );
#9458 = VECTOR('',#9459,1.);
#9459 = DIRECTION('',(-1.,0.,6.814515759746E-15));
#9460 = ORIENTED_EDGE('',*,*,#9430,.T.);
#9461 = PLANE('',#9462);
#9462 = AXIS2_PLACEMENT_3D('',#9463,#9464,#9465);
#9463 = CARTESIAN_POINT('',(-0.128573766998,0.4099959,4.5348626391E-02)
  );
#9464 = DIRECTION('',(6.814515759746E-15,0.,1.));
#9465 = DIRECTION('',(1.,0.,-6.814515759746E-15));
#9466 = ADVANCED_FACE('',(#9467),#9481,.F.);
#9467 = FACE_BOUND('',#9468,.T.);
#9468 = EDGE_LOOP('',(#9469,#9470,#9471,#9472,#9473,#9474,#9475,#9476,
    #9477,#9478,#9479,#9480));
#9469 = ORIENTED_EDGE('',*,*,#9191,.T.);
#9470 = ORIENTED_EDGE('',*,*,#9222,.T.);
#9471 = ORIENTED_EDGE('',*,*,#9246,.T.);
#9472 = ORIENTED_EDGE('',*,*,#9270,.T.);
#9473 = ORIENTED_EDGE('',*,*,#9294,.T.);
#9474 = ORIENTED_EDGE('',*,*,#9318,.T.);
#9475 = ORIENTED_EDGE('',*,*,#9342,.T.);
#9476 = ORIENTED_EDGE('',*,*,#9366,.T.);
#9477 = ORIENTED_EDGE('',*,*,#9390,.T.);
#9478 = ORIENTED_EDGE('',*,*,#9414,.T.);
#9479 = ORIENTED_EDGE('',*,*,#9438,.T.);
#9480 = ORIENTED_EDGE('',*,*,#9455,.T.);
#9481 = PLANE('',#9482);
#9482 = AXIS2_PLACEMENT_3D('',#9483,#9484,#9485);
#9483 = CARTESIAN_POINT('',(0.,0.4099959,0.));
#9484 = DIRECTION('',(0.,-1.,0.));
#9485 = DIRECTION('',(0.,0.,-1.));
#9486 = ADVANCED_FACE('',(#9487,#9549),#9611,.T.);
#9487 = FACE_BOUND('',#9488,.T.);
#9488 = EDGE_LOOP('',(#9489,#9499,#9508,#9517,#9526,#9535,#9543));
#9489 = ORIENTED_EDGE('',*,*,#9490,.T.);
#9490 = EDGE_CURVE('',#9491,#9493,#9495,.T.);
#9491 = VERTEX_POINT('',#9492);
#9492 = CARTESIAN_POINT('',(-0.136257501162,0.4099959,4.5348626391E-02)
  );
#9493 = VERTEX_POINT('',#9494);
#9494 = CARTESIAN_POINT('',(-0.147445184463,0.4099959,4.5348626391E-02)
  );
#9495 = LINE('',#9496,#9497);
#9496 = CARTESIAN_POINT('',(-0.147445184463,0.4099959,4.5348626391E-02)
  );
#9497 = VECTOR('',#9498,1.);
#9498 = DIRECTION('',(-1.,0.,7.268202682586E-15));
#9499 = ORIENTED_EDGE('',*,*,#9500,.T.);
#9500 = EDGE_CURVE('',#9493,#9501,#9503,.T.);
#9501 = VERTEX_POINT('',#9502);
#9502 = CARTESIAN_POINT('',(-0.163238949273,0.4099959,5.1046442793E-02)
  );
#9503 = B_SPLINE_CURVE_WITH_KNOTS('',3,(#9504,#9505,#9506,#9507),
  .UNSPECIFIED.,.F.,.F.,(4,4),(5.,6.),.PIECEWISE_BEZIER_KNOTS.);
#9504 = CARTESIAN_POINT('',(-0.147445184463,0.4099959,4.5348626391E-02)
  );
#9505 = CARTESIAN_POINT('',(-0.153881221604,0.4099959,4.5348626391E-02)
  );
#9506 = CARTESIAN_POINT('',(-0.159152741525,0.4099959,4.7240966876E-02)
  );
#9507 = CARTESIAN_POINT('',(-0.163238949273,0.4099959,5.1046442793E-02)
  );
#9508 = ORIENTED_EDGE('',*,*,#9509,.T.);
#9509 = EDGE_CURVE('',#9501,#9510,#9512,.T.);
#9510 = VERTEX_POINT('',#9511);
#9511 = CARTESIAN_POINT('',(-0.169373459633,0.4099959,6.6205961617E-02)
  );
#9512 = B_SPLINE_CURVE_WITH_KNOTS('',3,(#9513,#9514,#9515,#9516),
  .UNSPECIFIED.,.F.,.F.,(4,4),(4.,5.),.PIECEWISE_BEZIER_KNOTS.);
#9513 = CARTESIAN_POINT('',(-0.163238949273,0.4099959,5.1046442793E-02)
  );
#9514 = CARTESIAN_POINT('',(-0.167325157022,0.4099959,5.4851918712E-02)
  );
#9515 = CARTESIAN_POINT('',(-0.169373459633,0.4099959,5.9905091653E-02)
  );
#9516 = CARTESIAN_POINT('',(-0.169373459633,0.4099959,6.6205961617E-02)
  );
#9517 = ORIENTED_EDGE('',*,*,#9518,.T.);
#9518 = EDGE_CURVE('',#9510,#9519,#9521,.T.);
#9519 = VERTEX_POINT('',#9520);
#9520 = CARTESIAN_POINT('',(-0.163238949273,0.4099959,8.0637657177E-02)
  );
#9521 = B_SPLINE_CURVE_WITH_KNOTS('',3,(#9522,#9523,#9524,#9525),
  .UNSPECIFIED.,.F.,.F.,(4,4),(3.,4.),.PIECEWISE_BEZIER_KNOTS.);
#9522 = CARTESIAN_POINT('',(-0.169373459633,0.4099959,6.6205961617E-02)
  );
#9523 = CARTESIAN_POINT('',(-0.169373459633,0.4099959,7.2236497226E-02)
  );
#9524 = CARTESIAN_POINT('',(-0.167325157022,0.4099959,7.7040130762E-02)
  );
#9525 = CARTESIAN_POINT('',(-0.163238949273,0.4099959,8.0637657177E-02)
  );
#9526 = ORIENTED_EDGE('',*,*,#9527,.T.);
#9527 = EDGE_CURVE('',#9519,#9528,#9530,.T.);
#9528 = VERTEX_POINT('',#9529);
#9529 = CARTESIAN_POINT('',(-0.14786108347,0.4099959,8.6023549324E-02));
#9530 = B_SPLINE_CURVE_WITH_KNOTS('',3,(#9531,#9532,#9533,#9534),
  .UNSPECIFIED.,.F.,.F.,(4,4),(2.,3.),.PIECEWISE_BEZIER_KNOTS.);
#9531 = CARTESIAN_POINT('',(-0.163238949273,0.4099959,8.0637657177E-02)
  );
#9532 = CARTESIAN_POINT('',(-0.159152741525,0.4099959,8.4235183592E-02)
  );
#9533 = CARTESIAN_POINT('',(-0.154026786257,0.4099959,8.6023549324E-02)
  );
#9534 = CARTESIAN_POINT('',(-0.14786108347,0.4099959,8.6023549324E-02));
#9535 = ORIENTED_EDGE('',*,*,#9536,.T.);
#9536 = EDGE_CURVE('',#9528,#9537,#9539,.T.);
#9537 = VERTEX_POINT('',#9538);
#9538 = CARTESIAN_POINT('',(-0.136257501162,0.4099959,8.6023549324E-02)
  );
#9539 = LINE('',#9540,#9541);
#9540 = CARTESIAN_POINT('',(-0.136257501162,0.4099959,8.6023549324E-02)
  );
#9541 = VECTOR('',#9542,1.);
#9542 = DIRECTION('',(1.,0.,-5.839744688318E-15));
#9543 = ORIENTED_EDGE('',*,*,#9544,.T.);
#9544 = EDGE_CURVE('',#9537,#9491,#9545,.T.);
#9545 = LINE('',#9546,#9547);
#9546 = CARTESIAN_POINT('',(-0.136257501162,0.4099959,4.5348626391E-02)
  );
#9547 = VECTOR('',#9548,1.);
#9548 = DIRECTION('',(-7.996509290875E-15,0.,-1.));
#9549 = FACE_BOUND('',#9550,.T.);
#9550 = EDGE_LOOP('',(#9551,#9561,#9569,#9578,#9587,#9596,#9605));
#9551 = ORIENTED_EDGE('',*,*,#9552,.F.);
#9552 = EDGE_CURVE('',#9553,#9555,#9557,.T.);
#9553 = VERTEX_POINT('',#9554);
#9554 = CARTESIAN_POINT('',(-0.141508226132,0.4099959,8.134468549E-02));
#9555 = VERTEX_POINT('',#9556);
#9556 = CARTESIAN_POINT('',(-0.141508226132,0.4099959,4.9985900325E-02)
  );
#9557 = LINE('',#9558,#9559);
#9558 = CARTESIAN_POINT('',(-0.141508226132,0.4099959,8.134468549E-02));
#9559 = VECTOR('',#9560,1.);
#9560 = DIRECTION('',(-6.914753392094E-15,0.,-1.));
#9561 = ORIENTED_EDGE('',*,*,#9562,.F.);
#9562 = EDGE_CURVE('',#9563,#9553,#9565,.T.);
#9563 = VERTEX_POINT('',#9564);
#9564 = CARTESIAN_POINT('',(-0.147653133967,0.4099959,8.134468549E-02));
#9565 = LINE('',#9566,#9567);
#9566 = CARTESIAN_POINT('',(-0.147653133967,0.4099959,8.134468549E-02));
#9567 = VECTOR('',#9568,1.);
#9568 = DIRECTION('',(1.,0.,-4.410934058971E-15));
#9569 = ORIENTED_EDGE('',*,*,#9570,.F.);
#9570 = EDGE_CURVE('',#9571,#9563,#9573,.T.);
#9571 = VERTEX_POINT('',#9572);
#9572 = CARTESIAN_POINT('',(-0.159391883453,0.4099959,7.7518414621E-02)
  );
#9573 = B_SPLINE_CURVE_WITH_KNOTS('',3,(#9574,#9575,#9576,#9577),
  .UNSPECIFIED.,.F.,.F.,(4,4),(5.,6.),.PIECEWISE_BEZIER_KNOTS.);
#9574 = CARTESIAN_POINT('',(-0.159391883453,0.4099959,7.7518414621E-02)
  );
#9575 = CARTESIAN_POINT('',(-0.15641820555,0.4099959,8.0076193517E-02));
#9576 = CARTESIAN_POINT('',(-0.152498357404,0.4099959,8.134468549E-02));
#9577 = CARTESIAN_POINT('',(-0.147653133967,0.4099959,8.134468549E-02));
#9578 = ORIENTED_EDGE('',*,*,#9579,.F.);
#9579 = EDGE_CURVE('',#9580,#9571,#9582,.T.);
#9580 = VERTEX_POINT('',#9581);
#9581 = CARTESIAN_POINT('',(-0.163852400309,0.4099959,6.6060396964E-02)
  );
#9582 = B_SPLINE_CURVE_WITH_KNOTS('',3,(#9583,#9584,#9585,#9586),
  .UNSPECIFIED.,.F.,.F.,(4,4),(4.,5.),.PIECEWISE_BEZIER_KNOTS.);
#9583 = CARTESIAN_POINT('',(-0.163852400309,0.4099959,6.6060396964E-02)
  );
#9584 = CARTESIAN_POINT('',(-0.163852400309,0.4099959,7.1134364856E-02)
  );
#9585 = CARTESIAN_POINT('',(-0.162365561357,0.4099959,7.4960635725E-02)
  );
#9586 = CARTESIAN_POINT('',(-0.159391883453,0.4099959,7.7518414621E-02)
  );
#9587 = ORIENTED_EDGE('',*,*,#9588,.F.);
#9588 = EDGE_CURVE('',#9589,#9580,#9591,.T.);
#9589 = VERTEX_POINT('',#9590);
#9590 = CARTESIAN_POINT('',(-0.15950625568,0.4099959,5.4228070201E-02));
#9591 = B_SPLINE_CURVE_WITH_KNOTS('',3,(#9592,#9593,#9594,#9595),
  .UNSPECIFIED.,.F.,.F.,(4,4),(3.,4.),.PIECEWISE_BEZIER_KNOTS.);
#9592 = CARTESIAN_POINT('',(-0.15950625568,0.4099959,5.4228070201E-02));
#9593 = CARTESIAN_POINT('',(-0.162407151258,0.4099959,5.7035388502E-02)
  );
#9594 = CARTESIAN_POINT('',(-0.163852400309,0.4099959,6.0986429073E-02)
  );
#9595 = CARTESIAN_POINT('',(-0.163852400309,0.4099959,6.6060396964E-02)
  );
#9596 = ORIENTED_EDGE('',*,*,#9597,.F.);
#9597 = EDGE_CURVE('',#9598,#9589,#9600,.T.);
#9598 = VERTEX_POINT('',#9599);
#9599 = CARTESIAN_POINT('',(-0.147413992037,0.4099959,4.9985900325E-02)
  );
#9600 = B_SPLINE_CURVE_WITH_KNOTS('',3,(#9601,#9602,#9603,#9604),
  .UNSPECIFIED.,.F.,.F.,(4,4),(2.,3.),.PIECEWISE_BEZIER_KNOTS.);
#9601 = CARTESIAN_POINT('',(-0.147413992037,0.4099959,4.9985900325E-02)
  );
#9602 = CARTESIAN_POINT('',(-0.152581537205,0.4099959,4.9985900325E-02)
  );
#9603 = CARTESIAN_POINT('',(-0.156615757579,0.4099959,5.139995695E-02));
#9604 = CARTESIAN_POINT('',(-0.15950625568,0.4099959,5.4228070201E-02));
#9605 = ORIENTED_EDGE('',*,*,#9606,.F.);
#9606 = EDGE_CURVE('',#9555,#9598,#9607,.T.);
#9607 = LINE('',#9608,#9609);
#9608 = CARTESIAN_POINT('',(-0.141508226132,0.4099959,4.9985900325E-02)
  );
#9609 = VECTOR('',#9610,1.);
#9610 = DIRECTION('',(-1.,0.,6.884318738174E-15));
#9611 = PLANE('',#9612);
#9612 = AXIS2_PLACEMENT_3D('',#9613,#9614,#9615);
#9613 = CARTESIAN_POINT('',(-0.156329827011,0.4099959,8.4679675656E-02)
  );
#9614 = DIRECTION('',(0.,1.,0.));
#9615 = DIRECTION('',(0.,-0.,1.));
#9616 = ADVANCED_FACE('',(#9617),#9633,.F.);
#9617 = FACE_BOUND('',#9618,.T.);
#9618 = EDGE_LOOP('',(#9619,#9620,#9626,#9627));
#9619 = ORIENTED_EDGE('',*,*,#1651,.T.);
#9620 = ORIENTED_EDGE('',*,*,#9621,.F.);
#9621 = EDGE_CURVE('',#9493,#1654,#9622,.T.);
#9622 = LINE('',#9623,#9624);
#9623 = CARTESIAN_POINT('',(-0.147445184463,0.4099959,4.5348626391E-02)
  );
#9624 = VECTOR('',#9625,1.);
#9625 = DIRECTION('',(0.,-1.,0.));
#9626 = ORIENTED_EDGE('',*,*,#9490,.F.);
#9627 = ORIENTED_EDGE('',*,*,#9628,.T.);
#9628 = EDGE_CURVE('',#9491,#1652,#9629,.T.);
#9629 = LINE('',#9630,#9631);
#9630 = CARTESIAN_POINT('',(-0.136257501162,0.4099959,4.5348626391E-02)
  );
#9631 = VECTOR('',#9632,1.);
#9632 = DIRECTION('',(0.,-1.,0.));
#9633 = PLANE('',#9634);
#9634 = AXIS2_PLACEMENT_3D('',#9635,#9636,#9637);
#9635 = CARTESIAN_POINT('',(-0.147445184463,0.4099959,4.5348626391E-02)
  );
#9636 = DIRECTION('',(7.268202682586E-15,0.,1.));
#9637 = DIRECTION('',(1.,0.,-7.268202682586E-15));
#9638 = ADVANCED_FACE('',(#9639),#9650,.F.);
#9639 = FACE_BOUND('',#9640,.F.);
#9640 = EDGE_LOOP('',(#9641,#9642,#9643,#9649));
#9641 = ORIENTED_EDGE('',*,*,#9621,.F.);
#9642 = ORIENTED_EDGE('',*,*,#9500,.T.);
#9643 = ORIENTED_EDGE('',*,*,#9644,.T.);
#9644 = EDGE_CURVE('',#9501,#1696,#9645,.T.);
#9645 = LINE('',#9646,#9647);
#9646 = CARTESIAN_POINT('',(-0.163238949273,0.4099959,5.1046442793E-02)
  );
#9647 = VECTOR('',#9648,1.);
#9648 = DIRECTION('',(0.,-1.,0.));
#9649 = ORIENTED_EDGE('',*,*,#1704,.F.);
#9650 = B_SPLINE_SURFACE_WITH_KNOTS('',3,1,(
    (#9651,#9652)
    ,(#9653,#9654)
    ,(#9655,#9656)
    ,(#9657,#9658
    )),.UNSPECIFIED.,.F.,.F.,.F.,(4,4),(2,2),(5.,6.),(0.,1.),
  .PIECEWISE_BEZIER_KNOTS.);
#9651 = CARTESIAN_POINT('',(-0.147445184463,0.4099959,4.5348626391E-02)
  );
#9652 = CARTESIAN_POINT('',(-0.147445184463,0.399996,4.5348626391E-02));
#9653 = CARTESIAN_POINT('',(-0.153881221604,0.4099959,4.5348626391E-02)
  );
#9654 = CARTESIAN_POINT('',(-0.153881221604,0.399996,4.5348626391E-02));
#9655 = CARTESIAN_POINT('',(-0.159152741525,0.4099959,4.7240966876E-02)
  );
#9656 = CARTESIAN_POINT('',(-0.159152741525,0.399996,4.7240966876E-02));
#9657 = CARTESIAN_POINT('',(-0.163238949273,0.4099959,5.1046442793E-02)
  );
#9658 = CARTESIAN_POINT('',(-0.163238949273,0.399996,5.1046442793E-02));
#9659 = ADVANCED_FACE('',(#9660),#9671,.F.);
#9660 = FACE_BOUND('',#9661,.F.);
#9661 = EDGE_LOOP('',(#9662,#9663,#9664,#9670));
#9662 = ORIENTED_EDGE('',*,*,#9644,.F.);
#9663 = ORIENTED_EDGE('',*,*,#9509,.T.);
#9664 = ORIENTED_EDGE('',*,*,#9665,.T.);
#9665 = EDGE_CURVE('',#9510,#1687,#9666,.T.);
#9666 = LINE('',#9667,#9668);
#9667 = CARTESIAN_POINT('',(-0.169373459633,0.4099959,6.6205961617E-02)
  );
#9668 = VECTOR('',#9669,1.);
#9669 = DIRECTION('',(0.,-1.,0.));
#9670 = ORIENTED_EDGE('',*,*,#1695,.F.);
#9671 = B_SPLINE_SURFACE_WITH_KNOTS('',3,1,(
    (#9672,#9673)
    ,(#9674,#9675)
    ,(#9676,#9677)
    ,(#9678,#9679
    )),.UNSPECIFIED.,.F.,.F.,.F.,(4,4),(2,2),(4.,5.),(0.,1.),
  .PIECEWISE_BEZIER_KNOTS.);
#9672 = CARTESIAN_POINT('',(-0.163238949273,0.4099959,5.1046442793E-02)
  );
#9673 = CARTESIAN_POINT('',(-0.163238949273,0.399996,5.1046442793E-02));
#9674 = CARTESIAN_POINT('',(-0.167325157022,0.4099959,5.4851918712E-02)
  );
#9675 = CARTESIAN_POINT('',(-0.167325157022,0.399996,5.4851918712E-02));
#9676 = CARTESIAN_POINT('',(-0.169373459633,0.4099959,5.9905091653E-02)
  );
#9677 = CARTESIAN_POINT('',(-0.169373459633,0.399996,5.9905091653E-02));
#9678 = CARTESIAN_POINT('',(-0.169373459633,0.4099959,6.6205961617E-02)
  );
#9679 = CARTESIAN_POINT('',(-0.169373459633,0.399996,6.6205961617E-02));
#9680 = ADVANCED_FACE('',(#9681),#9692,.F.);
#9681 = FACE_BOUND('',#9682,.F.);
#9682 = EDGE_LOOP('',(#9683,#9684,#9685,#9691));
#9683 = ORIENTED_EDGE('',*,*,#9665,.F.);
#9684 = ORIENTED_EDGE('',*,*,#9518,.T.);
#9685 = ORIENTED_EDGE('',*,*,#9686,.T.);
#9686 = EDGE_CURVE('',#9519,#1678,#9687,.T.);
#9687 = LINE('',#9688,#9689);
#9688 = CARTESIAN_POINT('',(-0.163238949273,0.4099959,8.0637657177E-02)
  );
#9689 = VECTOR('',#9690,1.);
#9690 = DIRECTION('',(0.,-1.,0.));
#9691 = ORIENTED_EDGE('',*,*,#1686,.F.);
#9692 = B_SPLINE_SURFACE_WITH_KNOTS('',3,1,(
    (#9693,#9694)
    ,(#9695,#9696)
    ,(#9697,#9698)
    ,(#9699,#9700
    )),.UNSPECIFIED.,.F.,.F.,.F.,(4,4),(2,2),(3.,4.),(0.,1.),
  .PIECEWISE_BEZIER_KNOTS.);
#9693 = CARTESIAN_POINT('',(-0.169373459633,0.4099959,6.6205961617E-02)
  );
#9694 = CARTESIAN_POINT('',(-0.169373459633,0.399996,6.6205961617E-02));
#9695 = CARTESIAN_POINT('',(-0.169373459633,0.4099959,7.2236497226E-02)
  );
#9696 = CARTESIAN_POINT('',(-0.169373459633,0.399996,7.2236497226E-02));
#9697 = CARTESIAN_POINT('',(-0.167325157022,0.4099959,7.7040130762E-02)
  );
#9698 = CARTESIAN_POINT('',(-0.167325157022,0.399996,7.7040130762E-02));
#9699 = CARTESIAN_POINT('',(-0.163238949273,0.4099959,8.0637657177E-02)
  );
#9700 = CARTESIAN_POINT('',(-0.163238949273,0.399996,8.0637657177E-02));
#9701 = ADVANCED_FACE('',(#9702),#9713,.F.);
#9702 = FACE_BOUND('',#9703,.F.);
#9703 = EDGE_LOOP('',(#9704,#9705,#9706,#9712));
#9704 = ORIENTED_EDGE('',*,*,#9686,.F.);
#9705 = ORIENTED_EDGE('',*,*,#9527,.T.);
#9706 = ORIENTED_EDGE('',*,*,#9707,.T.);
#9707 = EDGE_CURVE('',#9528,#1670,#9708,.T.);
#9708 = LINE('',#9709,#9710);
#9709 = CARTESIAN_POINT('',(-0.14786108347,0.4099959,8.6023549324E-02));
#9710 = VECTOR('',#9711,1.);
#9711 = DIRECTION('',(0.,-1.,0.));
#9712 = ORIENTED_EDGE('',*,*,#1677,.F.);
#9713 = B_SPLINE_SURFACE_WITH_KNOTS('',3,1,(
    (#9714,#9715)
    ,(#9716,#9717)
    ,(#9718,#9719)
    ,(#9720,#9721
    )),.UNSPECIFIED.,.F.,.F.,.F.,(4,4),(2,2),(2.,3.),(0.,1.),
  .PIECEWISE_BEZIER_KNOTS.);
#9714 = CARTESIAN_POINT('',(-0.163238949273,0.4099959,8.0637657177E-02)
  );
#9715 = CARTESIAN_POINT('',(-0.163238949273,0.399996,8.0637657177E-02));
#9716 = CARTESIAN_POINT('',(-0.159152741525,0.4099959,8.4235183592E-02)
  );
#9717 = CARTESIAN_POINT('',(-0.159152741525,0.399996,8.4235183592E-02));
#9718 = CARTESIAN_POINT('',(-0.154026786257,0.4099959,8.6023549324E-02)
  );
#9719 = CARTESIAN_POINT('',(-0.154026786257,0.399996,8.6023549324E-02));
#9720 = CARTESIAN_POINT('',(-0.14786108347,0.4099959,8.6023549324E-02));
#9721 = CARTESIAN_POINT('',(-0.14786108347,0.399996,8.6023549324E-02));
#9722 = ADVANCED_FACE('',(#9723),#9734,.F.);
#9723 = FACE_BOUND('',#9724,.T.);
#9724 = EDGE_LOOP('',(#9725,#9726,#9732,#9733));
#9725 = ORIENTED_EDGE('',*,*,#1669,.T.);
#9726 = ORIENTED_EDGE('',*,*,#9727,.F.);
#9727 = EDGE_CURVE('',#9537,#1662,#9728,.T.);
#9728 = LINE('',#9729,#9730);
#9729 = CARTESIAN_POINT('',(-0.136257501162,0.4099959,8.6023549324E-02)
  );
#9730 = VECTOR('',#9731,1.);
#9731 = DIRECTION('',(0.,-1.,0.));
#9732 = ORIENTED_EDGE('',*,*,#9536,.F.);
#9733 = ORIENTED_EDGE('',*,*,#9707,.T.);
#9734 = PLANE('',#9735);
#9735 = AXIS2_PLACEMENT_3D('',#9736,#9737,#9738);
#9736 = CARTESIAN_POINT('',(-0.136257501162,0.4099959,8.6023549324E-02)
  );
#9737 = DIRECTION('',(-5.839744688318E-15,0.,-1.));
#9738 = DIRECTION('',(-1.,0.,5.839744688318E-15));
#9739 = ADVANCED_FACE('',(#9740),#9746,.F.);
#9740 = FACE_BOUND('',#9741,.T.);
#9741 = EDGE_LOOP('',(#9742,#9743,#9744,#9745));
#9742 = ORIENTED_EDGE('',*,*,#1661,.T.);
#9743 = ORIENTED_EDGE('',*,*,#9628,.F.);
#9744 = ORIENTED_EDGE('',*,*,#9544,.F.);
#9745 = ORIENTED_EDGE('',*,*,#9727,.T.);
#9746 = PLANE('',#9747);
#9747 = AXIS2_PLACEMENT_3D('',#9748,#9749,#9750);
#9748 = CARTESIAN_POINT('',(-0.136257501162,0.4099959,4.5348626391E-02)
  );
#9749 = DIRECTION('',(-1.,0.,7.996509290875E-15));
#9750 = DIRECTION('',(7.996509290875E-15,0.,1.));
#9751 = ADVANCED_FACE('',(#9752),#9777,.T.);
#9752 = FACE_BOUND('',#9753,.T.);
#9753 = EDGE_LOOP('',(#9754,#9764,#9770,#9771));
#9754 = ORIENTED_EDGE('',*,*,#9755,.F.);
#9755 = EDGE_CURVE('',#9756,#9758,#9760,.T.);
#9756 = VERTEX_POINT('',#9757);
#9757 = CARTESIAN_POINT('',(-0.147653133967,0.399996,8.134468549E-02));
#9758 = VERTEX_POINT('',#9759);
#9759 = CARTESIAN_POINT('',(-0.141508226132,0.399996,8.134468549E-02));
#9760 = LINE('',#9761,#9762);
#9761 = CARTESIAN_POINT('',(-0.147653133967,0.399996,8.134468549E-02));
#9762 = VECTOR('',#9763,1.);
#9763 = DIRECTION('',(1.,0.,-4.410934058971E-15));
#9764 = ORIENTED_EDGE('',*,*,#9765,.F.);
#9765 = EDGE_CURVE('',#9563,#9756,#9766,.T.);
#9766 = LINE('',#9767,#9768);
#9767 = CARTESIAN_POINT('',(-0.147653133967,0.4099959,8.134468549E-02));
#9768 = VECTOR('',#9769,1.);
#9769 = DIRECTION('',(0.,-1.,0.));
#9770 = ORIENTED_EDGE('',*,*,#9562,.T.);
#9771 = ORIENTED_EDGE('',*,*,#9772,.T.);
#9772 = EDGE_CURVE('',#9553,#9758,#9773,.T.);
#9773 = LINE('',#9774,#9775);
#9774 = CARTESIAN_POINT('',(-0.141508226132,0.4099959,8.134468549E-02));
#9775 = VECTOR('',#9776,1.);
#9776 = DIRECTION('',(0.,-1.,0.));
#9777 = PLANE('',#9778);
#9778 = AXIS2_PLACEMENT_3D('',#9779,#9780,#9781);
#9779 = CARTESIAN_POINT('',(-0.147653133967,0.4099959,8.134468549E-02));
#9780 = DIRECTION('',(-4.410934058971E-15,0.,-1.));
#9781 = DIRECTION('',(-1.,0.,4.410934058971E-15));
#9782 = ADVANCED_FACE('',(#9783),#9801,.T.);
#9783 = FACE_BOUND('',#9784,.T.);
#9784 = EDGE_LOOP('',(#9785,#9793,#9794,#9795));
#9785 = ORIENTED_EDGE('',*,*,#9786,.F.);
#9786 = EDGE_CURVE('',#9758,#9787,#9789,.T.);
#9787 = VERTEX_POINT('',#9788);
#9788 = CARTESIAN_POINT('',(-0.141508226132,0.399996,4.9985900325E-02));
#9789 = LINE('',#9790,#9791);
#9790 = CARTESIAN_POINT('',(-0.141508226132,0.399996,8.134468549E-02));
#9791 = VECTOR('',#9792,1.);
#9792 = DIRECTION('',(-6.914753392094E-15,0.,-1.));
#9793 = ORIENTED_EDGE('',*,*,#9772,.F.);
#9794 = ORIENTED_EDGE('',*,*,#9552,.T.);
#9795 = ORIENTED_EDGE('',*,*,#9796,.T.);
#9796 = EDGE_CURVE('',#9555,#9787,#9797,.T.);
#9797 = LINE('',#9798,#9799);
#9798 = CARTESIAN_POINT('',(-0.141508226132,0.4099959,4.9985900325E-02)
  );
#9799 = VECTOR('',#9800,1.);
#9800 = DIRECTION('',(0.,-1.,0.));
#9801 = PLANE('',#9802);
#9802 = AXIS2_PLACEMENT_3D('',#9803,#9804,#9805);
#9803 = CARTESIAN_POINT('',(-0.141508226132,0.4099959,8.134468549E-02));
#9804 = DIRECTION('',(-1.,0.,6.914753392094E-15));
#9805 = DIRECTION('',(6.914753392094E-15,0.,1.));
#9806 = ADVANCED_FACE('',(#9807),#9825,.T.);
#9807 = FACE_BOUND('',#9808,.T.);
#9808 = EDGE_LOOP('',(#9809,#9817,#9818,#9819));
#9809 = ORIENTED_EDGE('',*,*,#9810,.F.);
#9810 = EDGE_CURVE('',#9787,#9811,#9813,.T.);
#9811 = VERTEX_POINT('',#9812);
#9812 = CARTESIAN_POINT('',(-0.147413992037,0.399996,4.9985900325E-02));
#9813 = LINE('',#9814,#9815);
#9814 = CARTESIAN_POINT('',(-0.141508226132,0.399996,4.9985900325E-02));
#9815 = VECTOR('',#9816,1.);
#9816 = DIRECTION('',(-1.,0.,6.884318738174E-15));
#9817 = ORIENTED_EDGE('',*,*,#9796,.F.);
#9818 = ORIENTED_EDGE('',*,*,#9606,.T.);
#9819 = ORIENTED_EDGE('',*,*,#9820,.T.);
#9820 = EDGE_CURVE('',#9598,#9811,#9821,.T.);
#9821 = LINE('',#9822,#9823);
#9822 = CARTESIAN_POINT('',(-0.147413992037,0.4099959,4.9985900325E-02)
  );
#9823 = VECTOR('',#9824,1.);
#9824 = DIRECTION('',(0.,-1.,0.));
#9825 = PLANE('',#9826);
#9826 = AXIS2_PLACEMENT_3D('',#9827,#9828,#9829);
#9827 = CARTESIAN_POINT('',(-0.141508226132,0.4099959,4.9985900325E-02)
  );
#9828 = DIRECTION('',(6.884318738174E-15,0.,1.));
#9829 = DIRECTION('',(1.,0.,-6.884318738174E-15));
#9830 = ADVANCED_FACE('',(#9831),#9850,.T.);
#9831 = FACE_BOUND('',#9832,.T.);
#9832 = EDGE_LOOP('',(#9833,#9842,#9843,#9844));
#9833 = ORIENTED_EDGE('',*,*,#9834,.F.);
#9834 = EDGE_CURVE('',#9811,#9835,#9837,.T.);
#9835 = VERTEX_POINT('',#9836);
#9836 = CARTESIAN_POINT('',(-0.15950625568,0.399996,5.4228070201E-02));
#9837 = B_SPLINE_CURVE_WITH_KNOTS('',3,(#9838,#9839,#9840,#9841),
  .UNSPECIFIED.,.F.,.F.,(4,4),(2.,3.),.PIECEWISE_BEZIER_KNOTS.);
#9838 = CARTESIAN_POINT('',(-0.147413992037,0.399996,4.9985900325E-02));
#9839 = CARTESIAN_POINT('',(-0.152581537205,0.399996,4.9985900325E-02));
#9840 = CARTESIAN_POINT('',(-0.156615757579,0.399996,5.139995695E-02));
#9841 = CARTESIAN_POINT('',(-0.15950625568,0.399996,5.4228070201E-02));
#9842 = ORIENTED_EDGE('',*,*,#9820,.F.);
#9843 = ORIENTED_EDGE('',*,*,#9597,.T.);
#9844 = ORIENTED_EDGE('',*,*,#9845,.T.);
#9845 = EDGE_CURVE('',#9589,#9835,#9846,.T.);
#9846 = LINE('',#9847,#9848);
#9847 = CARTESIAN_POINT('',(-0.15950625568,0.4099959,5.4228070201E-02));
#9848 = VECTOR('',#9849,1.);
#9849 = DIRECTION('',(0.,-1.,0.));
#9850 = B_SPLINE_SURFACE_WITH_KNOTS('',3,1,(
    (#9851,#9852)
    ,(#9853,#9854)
    ,(#9855,#9856)
    ,(#9857,#9858
    )),.UNSPECIFIED.,.F.,.F.,.F.,(4,4),(2,2),(2.,3.),(0.,1.),
  .PIECEWISE_BEZIER_KNOTS.);
#9851 = CARTESIAN_POINT('',(-0.147413992037,0.4099959,4.9985900325E-02)
  );
#9852 = CARTESIAN_POINT('',(-0.147413992037,0.399996,4.9985900325E-02));
#9853 = CARTESIAN_POINT('',(-0.152581537205,0.4099959,4.9985900325E-02)
  );
#9854 = CARTESIAN_POINT('',(-0.152581537205,0.399996,4.9985900325E-02));
#9855 = CARTESIAN_POINT('',(-0.156615757579,0.4099959,5.139995695E-02));
#9856 = CARTESIAN_POINT('',(-0.156615757579,0.399996,5.139995695E-02));
#9857 = CARTESIAN_POINT('',(-0.15950625568,0.4099959,5.4228070201E-02));
#9858 = CARTESIAN_POINT('',(-0.15950625568,0.399996,5.4228070201E-02));
#9859 = ADVANCED_FACE('',(#9860),#9879,.T.);
#9860 = FACE_BOUND('',#9861,.T.);
#9861 = EDGE_LOOP('',(#9862,#9871,#9872,#9873));
#9862 = ORIENTED_EDGE('',*,*,#9863,.F.);
#9863 = EDGE_CURVE('',#9835,#9864,#9866,.T.);
#9864 = VERTEX_POINT('',#9865);
#9865 = CARTESIAN_POINT('',(-0.163852400309,0.399996,6.6060396964E-02));
#9866 = B_SPLINE_CURVE_WITH_KNOTS('',3,(#9867,#9868,#9869,#9870),
  .UNSPECIFIED.,.F.,.F.,(4,4),(3.,4.),.PIECEWISE_BEZIER_KNOTS.);
#9867 = CARTESIAN_POINT('',(-0.15950625568,0.399996,5.4228070201E-02));
#9868 = CARTESIAN_POINT('',(-0.162407151258,0.399996,5.7035388502E-02));
#9869 = CARTESIAN_POINT('',(-0.163852400309,0.399996,6.0986429073E-02));
#9870 = CARTESIAN_POINT('',(-0.163852400309,0.399996,6.6060396964E-02));
#9871 = ORIENTED_EDGE('',*,*,#9845,.F.);
#9872 = ORIENTED_EDGE('',*,*,#9588,.T.);
#9873 = ORIENTED_EDGE('',*,*,#9874,.T.);
#9874 = EDGE_CURVE('',#9580,#9864,#9875,.T.);
#9875 = LINE('',#9876,#9877);
#9876 = CARTESIAN_POINT('',(-0.163852400309,0.4099959,6.6060396964E-02)
  );
#9877 = VECTOR('',#9878,1.);
#9878 = DIRECTION('',(0.,-1.,0.));
#9879 = B_SPLINE_SURFACE_WITH_KNOTS('',3,1,(
    (#9880,#9881)
    ,(#9882,#9883)
    ,(#9884,#9885)
    ,(#9886,#9887
    )),.UNSPECIFIED.,.F.,.F.,.F.,(4,4),(2,2),(3.,4.),(0.,1.),
  .PIECEWISE_BEZIER_KNOTS.);
#9880 = CARTESIAN_POINT('',(-0.15950625568,0.4099959,5.4228070201E-02));
#9881 = CARTESIAN_POINT('',(-0.15950625568,0.399996,5.4228070201E-02));
#9882 = CARTESIAN_POINT('',(-0.162407151258,0.4099959,5.7035388502E-02)
  );
#9883 = CARTESIAN_POINT('',(-0.162407151258,0.399996,5.7035388502E-02));
#9884 = CARTESIAN_POINT('',(-0.163852400309,0.4099959,6.0986429073E-02)
  );
#9885 = CARTESIAN_POINT('',(-0.163852400309,0.399996,6.0986429073E-02));
#9886 = CARTESIAN_POINT('',(-0.163852400309,0.4099959,6.6060396964E-02)
  );
#9887 = CARTESIAN_POINT('',(-0.163852400309,0.399996,6.6060396964E-02));
#9888 = ADVANCED_FACE('',(#9889),#9908,.T.);
#9889 = FACE_BOUND('',#9890,.T.);
#9890 = EDGE_LOOP('',(#9891,#9900,#9901,#9902));
#9891 = ORIENTED_EDGE('',*,*,#9892,.F.);
#9892 = EDGE_CURVE('',#9864,#9893,#9895,.T.);
#9893 = VERTEX_POINT('',#9894);
#9894 = CARTESIAN_POINT('',(-0.159391883453,0.399996,7.7518414621E-02));
#9895 = B_SPLINE_CURVE_WITH_KNOTS('',3,(#9896,#9897,#9898,#9899),
  .UNSPECIFIED.,.F.,.F.,(4,4),(4.,5.),.PIECEWISE_BEZIER_KNOTS.);
#9896 = CARTESIAN_POINT('',(-0.163852400309,0.399996,6.6060396964E-02));
#9897 = CARTESIAN_POINT('',(-0.163852400309,0.399996,7.1134364856E-02));
#9898 = CARTESIAN_POINT('',(-0.162365561357,0.399996,7.4960635725E-02));
#9899 = CARTESIAN_POINT('',(-0.159391883453,0.399996,7.7518414621E-02));
#9900 = ORIENTED_EDGE('',*,*,#9874,.F.);
#9901 = ORIENTED_EDGE('',*,*,#9579,.T.);
#9902 = ORIENTED_EDGE('',*,*,#9903,.T.);
#9903 = EDGE_CURVE('',#9571,#9893,#9904,.T.);
#9904 = LINE('',#9905,#9906);
#9905 = CARTESIAN_POINT('',(-0.159391883453,0.4099959,7.7518414621E-02)
  );
#9906 = VECTOR('',#9907,1.);
#9907 = DIRECTION('',(0.,-1.,0.));
#9908 = B_SPLINE_SURFACE_WITH_KNOTS('',3,1,(
    (#9909,#9910)
    ,(#9911,#9912)
    ,(#9913,#9914)
    ,(#9915,#9916
    )),.UNSPECIFIED.,.F.,.F.,.F.,(4,4),(2,2),(4.,5.),(0.,1.),
  .PIECEWISE_BEZIER_KNOTS.);
#9909 = CARTESIAN_POINT('',(-0.163852400309,0.4099959,6.6060396964E-02)
  );
#9910 = CARTESIAN_POINT('',(-0.163852400309,0.399996,6.6060396964E-02));
#9911 = CARTESIAN_POINT('',(-0.163852400309,0.4099959,7.1134364856E-02)
  );
#9912 = CARTESIAN_POINT('',(-0.163852400309,0.399996,7.1134364856E-02));
#9913 = CARTESIAN_POINT('',(-0.162365561357,0.4099959,7.4960635725E-02)
  );
#9914 = CARTESIAN_POINT('',(-0.162365561357,0.399996,7.4960635725E-02));
#9915 = CARTESIAN_POINT('',(-0.159391883453,0.4099959,7.7518414621E-02)
  );
#9916 = CARTESIAN_POINT('',(-0.159391883453,0.399996,7.7518414621E-02));
#9917 = ADVANCED_FACE('',(#9918),#9930,.T.);
#9918 = FACE_BOUND('',#9919,.T.);
#9919 = EDGE_LOOP('',(#9920,#9927,#9928,#9929));
#9920 = ORIENTED_EDGE('',*,*,#9921,.F.);
#9921 = EDGE_CURVE('',#9893,#9756,#9922,.T.);
#9922 = B_SPLINE_CURVE_WITH_KNOTS('',3,(#9923,#9924,#9925,#9926),
  .UNSPECIFIED.,.F.,.F.,(4,4),(5.,6.),.PIECEWISE_BEZIER_KNOTS.);
#9923 = CARTESIAN_POINT('',(-0.159391883453,0.399996,7.7518414621E-02));
#9924 = CARTESIAN_POINT('',(-0.15641820555,0.399996,8.0076193517E-02));
#9925 = CARTESIAN_POINT('',(-0.152498357404,0.399996,8.134468549E-02));
#9926 = CARTESIAN_POINT('',(-0.147653133967,0.399996,8.134468549E-02));
#9927 = ORIENTED_EDGE('',*,*,#9903,.F.);
#9928 = ORIENTED_EDGE('',*,*,#9570,.T.);
#9929 = ORIENTED_EDGE('',*,*,#9765,.T.);
#9930 = B_SPLINE_SURFACE_WITH_KNOTS('',3,1,(
    (#9931,#9932)
    ,(#9933,#9934)
    ,(#9935,#9936)
    ,(#9937,#9938
    )),.UNSPECIFIED.,.F.,.F.,.F.,(4,4),(2,2),(5.,6.),(0.,1.),
  .PIECEWISE_BEZIER_KNOTS.);
#9931 = CARTESIAN_POINT('',(-0.159391883453,0.4099959,7.7518414621E-02)
  );
#9932 = CARTESIAN_POINT('',(-0.159391883453,0.399996,7.7518414621E-02));
#9933 = CARTESIAN_POINT('',(-0.15641820555,0.4099959,8.0076193517E-02));
#9934 = CARTESIAN_POINT('',(-0.15641820555,0.399996,8.0076193517E-02));
#9935 = CARTESIAN_POINT('',(-0.152498357404,0.4099959,8.134468549E-02));
#9936 = CARTESIAN_POINT('',(-0.152498357404,0.399996,8.134468549E-02));
#9937 = CARTESIAN_POINT('',(-0.147653133967,0.4099959,8.134468549E-02));
#9938 = CARTESIAN_POINT('',(-0.147653133967,0.399996,8.134468549E-02));
#9939 = ADVANCED_FACE('',(#9940),#9949,.F.);
#9940 = FACE_BOUND('',#9941,.T.);
#9941 = EDGE_LOOP('',(#9942,#9943,#9944,#9945,#9946,#9947,#9948));
#9942 = ORIENTED_EDGE('',*,*,#9921,.T.);
#9943 = ORIENTED_EDGE('',*,*,#9755,.T.);
#9944 = ORIENTED_EDGE('',*,*,#9786,.T.);
#9945 = ORIENTED_EDGE('',*,*,#9810,.T.);
#9946 = ORIENTED_EDGE('',*,*,#9834,.T.);
#9947 = ORIENTED_EDGE('',*,*,#9863,.T.);
#9948 = ORIENTED_EDGE('',*,*,#9892,.T.);
#9949 = PLANE('',#9950);
#9950 = AXIS2_PLACEMENT_3D('',#9951,#9952,#9953);
#9951 = CARTESIAN_POINT('',(-0.799992,0.399996,0.179998199999));
#9952 = DIRECTION('',(0.,-1.,0.));
#9953 = DIRECTION('',(0.,0.,-1.));
#9954 = ADVANCED_FACE('',(#9955,#10021),#10073,.F.);
#9955 = FACE_BOUND('',#9956,.T.);
#9956 = EDGE_LOOP('',(#9957,#9967,#9975,#9983,#9991,#9999,#10007,#10015)
  );
#9957 = ORIENTED_EDGE('',*,*,#9958,.T.);
#9958 = EDGE_CURVE('',#9959,#9961,#9963,.T.);
#9959 = VERTEX_POINT('',#9960);
#9960 = CARTESIAN_POINT('',(-0.208228824409,0.4099959,4.5348626391E-02)
  );
#9961 = VERTEX_POINT('',#9962);
#9962 = CARTESIAN_POINT('',(-0.19273658638,0.4099959,8.6023549324E-02));
#9963 = LINE('',#9964,#9965);
#9964 = CARTESIAN_POINT('',(-0.19273658638,0.4099959,8.6023549324E-02));
#9965 = VECTOR('',#9966,1.);
#9966 = DIRECTION('',(0.355935724364,0.,0.934510438744));
#9967 = ORIENTED_EDGE('',*,*,#9968,.T.);
#9968 = EDGE_CURVE('',#9961,#9969,#9971,.T.);
#9969 = VERTEX_POINT('',#9970);
#9970 = CARTESIAN_POINT('',(-0.187121949779,0.4099959,8.6023549324E-02)
  );
#9971 = LINE('',#9972,#9973);
#9972 = CARTESIAN_POINT('',(-0.187121949779,0.4099959,8.6023549324E-02)
  );
#9973 = VECTOR('',#9974,1.);
#9974 = DIRECTION('',(1.,0.,-4.827522275376E-15));
#9975 = ORIENTED_EDGE('',*,*,#9976,.T.);
#9976 = EDGE_CURVE('',#9969,#9977,#9979,.T.);
#9977 = VERTEX_POINT('',#9978);
#9978 = CARTESIAN_POINT('',(-0.171629711749,0.4099959,4.5348626391E-02)
  );
#9979 = LINE('',#9980,#9981);
#9980 = CARTESIAN_POINT('',(-0.171629711749,0.4099959,4.5348626391E-02)
  );
#9981 = VECTOR('',#9982,1.);
#9982 = DIRECTION('',(0.355935724369,0.,-0.934510438742));
#9983 = ORIENTED_EDGE('',*,*,#9984,.T.);
#9984 = EDGE_CURVE('',#9977,#9985,#9987,.T.);
#9985 = VERTEX_POINT('',#9986);
#9986 = CARTESIAN_POINT('',(-0.177431502903,0.4099959,4.5348626391E-02)
  );
#9987 = LINE('',#9988,#9989);
#9988 = CARTESIAN_POINT('',(-0.177431502903,0.4099959,4.5348626391E-02)
  );
#9989 = VECTOR('',#9990,1.);
#9990 = DIRECTION('',(-1.,0.,8.17564256345E-15));
#9991 = ORIENTED_EDGE('',*,*,#9992,.T.);
#9992 = EDGE_CURVE('',#9985,#9993,#9995,.T.);
#9993 = VERTEX_POINT('',#9994);
#9994 = CARTESIAN_POINT('',(-0.181340953574,0.4099959,5.6473924842E-02)
  );
#9995 = LINE('',#9996,#9997);
#9996 = CARTESIAN_POINT('',(-0.181340953574,0.4099959,5.6473924842E-02)
  );
#9997 = VECTOR('',#9998,1.);
#9998 = DIRECTION('',(-0.331528418357,0.,0.94344523308));
#9999 = ORIENTED_EDGE('',*,*,#10000,.T.);
#10000 = EDGE_CURVE('',#9993,#10001,#10003,.T.);
#10001 = VERTEX_POINT('',#10002);
#10002 = CARTESIAN_POINT('',(-0.198278440655,0.4099959,5.6473924842E-02)
  );
#10003 = LINE('',#10004,#10005);
#10004 = CARTESIAN_POINT('',(-0.198278440655,0.4099959,5.6473924842E-02)
  );
#10005 = VECTOR('',#10006,1.);
#10006 = DIRECTION('',(-1.,0.,6.401134509037E-15));
#10007 = ORIENTED_EDGE('',*,*,#10008,.T.);
#10008 = EDGE_CURVE('',#10001,#10009,#10011,.T.);
#10009 = VERTEX_POINT('',#10010);
#10010 = CARTESIAN_POINT('',(-0.202427033254,0.4099959,4.5348626391E-02)
  );
#10011 = LINE('',#10012,#10013);
#10012 = CARTESIAN_POINT('',(-0.202427033254,0.4099959,4.5348626391E-02)
  );
#10013 = VECTOR('',#10014,1.);
#10014 = DIRECTION('',(-0.349395479497,0.,-0.936975345944));
#10015 = ORIENTED_EDGE('',*,*,#10016,.T.);
#10016 = EDGE_CURVE('',#10009,#9959,#10017,.T.);
#10017 = LINE('',#10018,#10019);
#10018 = CARTESIAN_POINT('',(-0.208228824409,0.4099959,4.5348626391E-02)
  );
#10019 = VECTOR('',#10020,1.);
#10020 = DIRECTION('',(-1.,0.,7.007693626149E-15));
#10021 = FACE_BOUND('',#10022,.T.);
#10022 = EDGE_LOOP('',(#10023,#10033,#10041,#10050,#10058,#10067));
#10023 = ORIENTED_EDGE('',*,*,#10024,.F.);
#10024 = EDGE_CURVE('',#10025,#10027,#10029,.T.);
#10025 = VERTEX_POINT('',#10026);
#10026 = CARTESIAN_POINT('',(-0.183004549604,0.4099959,6.1069608875E-02)
  );
#10027 = VERTEX_POINT('',#10028);
#10028 = CARTESIAN_POINT('',(-0.196656434525,0.4099959,6.1069608875E-02)
  );
#10029 = LINE('',#10030,#10031);
#10030 = CARTESIAN_POINT('',(-0.183004549604,0.4099959,6.1069608875E-02)
  );
#10031 = VECTOR('',#10032,1.);
#10032 = DIRECTION('',(-1.,0.,6.948984844552E-15));
#10033 = ORIENTED_EDGE('',*,*,#10034,.F.);
#10034 = EDGE_CURVE('',#10035,#10025,#10037,.T.);
#10035 = VERTEX_POINT('',#10036);
#10036 = CARTESIAN_POINT('',(-0.189087072588,0.409995899999,
    7.7975903529E-02));
#10037 = LINE('',#10038,#10039);
#10038 = CARTESIAN_POINT('',(-0.189087072588,0.4099959,7.7975903529E-02)
  );
#10039 = VECTOR('',#10040,1.);
#10040 = DIRECTION('',(0.338535034295,0.,-0.940953787683));
#10041 = ORIENTED_EDGE('',*,*,#10042,.F.);
#10042 = EDGE_CURVE('',#10043,#10035,#10045,.T.);
#10043 = VERTEX_POINT('',#10044);
#10044 = CARTESIAN_POINT('',(-0.189752511001,0.4099959,8.0824811731E-02)
  );
#10045 = B_SPLINE_CURVE_WITH_KNOTS('',3,(#10046,#10047,#10048,#10049),
  .UNSPECIFIED.,.F.,.F.,(4,4),(3.,4.),.PIECEWISE_BEZIER_KNOTS.);
#10046 = CARTESIAN_POINT('',(-0.189752511001,0.4099959,8.0824811731E-02)
  );
#10047 = CARTESIAN_POINT('',(-0.189554958972,0.4099959,7.9597909658E-02)
  );
#10048 = CARTESIAN_POINT('',(-0.189336611994,0.4099959,7.8641341941E-02)
  );
#10049 = CARTESIAN_POINT('',(-0.189087072588,0.409995899999,
    7.7975903529E-02));
#10050 = ORIENTED_EDGE('',*,*,#10051,.F.);
#10051 = EDGE_CURVE('',#10052,#10043,#10054,.T.);
#10052 = VERTEX_POINT('',#10053);
#10053 = CARTESIAN_POINT('',(-0.189877280703,0.4099959,8.0824811731E-02)
  );
#10054 = LINE('',#10055,#10056);
#10055 = CARTESIAN_POINT('',(-0.189877280703,0.4099959,8.0824811731E-02)
  );
#10056 = VECTOR('',#10057,1.);
#10057 = DIRECTION('',(1.,0.,0.));
#10058 = ORIENTED_EDGE('',*,*,#10059,.F.);
#10059 = EDGE_CURVE('',#10060,#10052,#10062,.T.);
#10060 = VERTEX_POINT('',#10061);
#10061 = CARTESIAN_POINT('',(-0.19051152669,0.4099959,7.7975903529E-02)
  );
#10062 = B_SPLINE_CURVE_WITH_KNOTS('',3,(#10063,#10064,#10065,#10066),
  .UNSPECIFIED.,.F.,.F.,(4,4),(1.,2.),.PIECEWISE_BEZIER_KNOTS.);
#10063 = CARTESIAN_POINT('',(-0.19051152669,0.4099959,7.7975903529E-02)
  );
#10064 = CARTESIAN_POINT('',(-0.190313974661,0.4099959,7.8537367189E-02)
  );
#10065 = CARTESIAN_POINT('',(-0.190106025157,0.4099959,7.9473139957E-02)
  );
#10066 = CARTESIAN_POINT('',(-0.189877280703,0.4099959,8.0824811731E-02)
  );
#10067 = ORIENTED_EDGE('',*,*,#10068,.F.);
#10068 = EDGE_CURVE('',#10027,#10060,#10069,.T.);
#10069 = LINE('',#10070,#10071);
#10070 = CARTESIAN_POINT('',(-0.196656434525,0.4099959,6.1069608875E-02)
  );
#10071 = VECTOR('',#10072,1.);
#10072 = DIRECTION('',(0.34160383069,0.,0.939844041774));
#10073 = PLANE('',#10074);
#10074 = AXIS2_PLACEMENT_3D('',#10075,#10076,#10077);
#10075 = CARTESIAN_POINT('',(0.,0.409995899999,0.));
#10076 = DIRECTION('',(0.,-1.,0.));
#10077 = DIRECTION('',(0.,0.,-1.));
#10078 = ADVANCED_FACE('',(#10079),#10095,.F.);
#10079 = FACE_BOUND('',#10080,.T.);
#10080 = EDGE_LOOP('',(#10081,#10082,#10088,#10089));
#10081 = ORIENTED_EDGE('',*,*,#1713,.T.);
#10082 = ORIENTED_EDGE('',*,*,#10083,.F.);
#10083 = EDGE_CURVE('',#9961,#1716,#10084,.T.);
#10084 = LINE('',#10085,#10086);
#10085 = CARTESIAN_POINT('',(-0.19273658638,0.4099959,8.6023549324E-02)
  );
#10086 = VECTOR('',#10087,1.);
#10087 = DIRECTION('',(0.,-1.,0.));
#10088 = ORIENTED_EDGE('',*,*,#9958,.F.);
#10089 = ORIENTED_EDGE('',*,*,#10090,.T.);
#10090 = EDGE_CURVE('',#9959,#1714,#10091,.T.);
#10091 = LINE('',#10092,#10093);
#10092 = CARTESIAN_POINT('',(-0.208228824409,0.4099959,4.5348626391E-02)
  );
#10093 = VECTOR('',#10094,1.);
#10094 = DIRECTION('',(0.,-1.,0.));
#10095 = PLANE('',#10096);
#10096 = AXIS2_PLACEMENT_3D('',#10097,#10098,#10099);
#10097 = CARTESIAN_POINT('',(-0.19273658638,0.4099959,8.6023549324E-02)
  );
#10098 = DIRECTION('',(0.934510438744,0.,-0.355935724364));
#10099 = DIRECTION('',(-0.355935724364,0.,-0.934510438744));
#10100 = ADVANCED_FACE('',(#10101),#10112,.F.);
#10101 = FACE_BOUND('',#10102,.T.);
#10102 = EDGE_LOOP('',(#10103,#10104,#10110,#10111));
#10103 = ORIENTED_EDGE('',*,*,#1771,.T.);
#10104 = ORIENTED_EDGE('',*,*,#10105,.F.);
#10105 = EDGE_CURVE('',#9969,#1764,#10106,.T.);
#10106 = LINE('',#10107,#10108);
#10107 = CARTESIAN_POINT('',(-0.187121949779,0.4099959,8.6023549324E-02)
  );
#10108 = VECTOR('',#10109,1.);
#10109 = DIRECTION('',(0.,-1.,0.));
#10110 = ORIENTED_EDGE('',*,*,#9968,.F.);
#10111 = ORIENTED_EDGE('',*,*,#10083,.T.);
#10112 = PLANE('',#10113);
#10113 = AXIS2_PLACEMENT_3D('',#10114,#10115,#10116);
#10114 = CARTESIAN_POINT('',(-0.187121949779,0.4099959,8.6023549324E-02)
  );
#10115 = DIRECTION('',(-4.827522275376E-15,0.,-1.));
#10116 = DIRECTION('',(-1.,0.,4.827522275376E-15));
#10117 = ADVANCED_FACE('',(#10118),#10129,.F.);
#10118 = FACE_BOUND('',#10119,.T.);
#10119 = EDGE_LOOP('',(#10120,#10121,#10127,#10128));
#10120 = ORIENTED_EDGE('',*,*,#1763,.T.);
#10121 = ORIENTED_EDGE('',*,*,#10122,.F.);
#10122 = EDGE_CURVE('',#9977,#1756,#10123,.T.);
#10123 = LINE('',#10124,#10125);
#10124 = CARTESIAN_POINT('',(-0.171629711749,0.4099959,4.5348626391E-02)
  );
#10125 = VECTOR('',#10126,1.);
#10126 = DIRECTION('',(0.,-1.,0.));
#10127 = ORIENTED_EDGE('',*,*,#9976,.F.);
#10128 = ORIENTED_EDGE('',*,*,#10105,.T.);
#10129 = PLANE('',#10130);
#10130 = AXIS2_PLACEMENT_3D('',#10131,#10132,#10133);
#10131 = CARTESIAN_POINT('',(-0.171629711749,0.4099959,4.5348626391E-02)
  );
#10132 = DIRECTION('',(-0.934510438742,0.,-0.355935724369));
#10133 = DIRECTION('',(-0.355935724369,0.,0.934510438742));
#10134 = ADVANCED_FACE('',(#10135),#10146,.F.);
#10135 = FACE_BOUND('',#10136,.T.);
#10136 = EDGE_LOOP('',(#10137,#10138,#10144,#10145));
#10137 = ORIENTED_EDGE('',*,*,#1755,.T.);
#10138 = ORIENTED_EDGE('',*,*,#10139,.F.);
#10139 = EDGE_CURVE('',#9985,#1748,#10140,.T.);
#10140 = LINE('',#10141,#10142);
#10141 = CARTESIAN_POINT('',(-0.177431502903,0.4099959,4.5348626391E-02)
  );
#10142 = VECTOR('',#10143,1.);
#10143 = DIRECTION('',(0.,-1.,0.));
#10144 = ORIENTED_EDGE('',*,*,#9984,.F.);
#10145 = ORIENTED_EDGE('',*,*,#10122,.T.);
#10146 = PLANE('',#10147);
#10147 = AXIS2_PLACEMENT_3D('',#10148,#10149,#10150);
#10148 = CARTESIAN_POINT('',(-0.177431502903,0.4099959,4.5348626391E-02)
  );
#10149 = DIRECTION('',(8.17564256345E-15,0.,1.));
#10150 = DIRECTION('',(1.,0.,-8.17564256345E-15));
#10151 = ADVANCED_FACE('',(#10152),#10163,.F.);
#10152 = FACE_BOUND('',#10153,.T.);
#10153 = EDGE_LOOP('',(#10154,#10155,#10161,#10162));
#10154 = ORIENTED_EDGE('',*,*,#1747,.T.);
#10155 = ORIENTED_EDGE('',*,*,#10156,.F.);
#10156 = EDGE_CURVE('',#9993,#1740,#10157,.T.);
#10157 = LINE('',#10158,#10159);
#10158 = CARTESIAN_POINT('',(-0.181340953574,0.4099959,5.6473924842E-02)
  );
#10159 = VECTOR('',#10160,1.);
#10160 = DIRECTION('',(0.,-1.,0.));
#10161 = ORIENTED_EDGE('',*,*,#9992,.F.);
#10162 = ORIENTED_EDGE('',*,*,#10139,.T.);
#10163 = PLANE('',#10164);
#10164 = AXIS2_PLACEMENT_3D('',#10165,#10166,#10167);
#10165 = CARTESIAN_POINT('',(-0.181340953574,0.4099959,5.6473924842E-02)
  );
#10166 = DIRECTION('',(0.94344523308,0.,0.331528418357));
#10167 = DIRECTION('',(0.331528418357,0.,-0.94344523308));
#10168 = ADVANCED_FACE('',(#10169),#10180,.F.);
#10169 = FACE_BOUND('',#10170,.T.);
#10170 = EDGE_LOOP('',(#10171,#10172,#10178,#10179));
#10171 = ORIENTED_EDGE('',*,*,#1739,.T.);
#10172 = ORIENTED_EDGE('',*,*,#10173,.F.);
#10173 = EDGE_CURVE('',#10001,#1732,#10174,.T.);
#10174 = LINE('',#10175,#10176);
#10175 = CARTESIAN_POINT('',(-0.198278440655,0.4099959,5.6473924842E-02)
  );
#10176 = VECTOR('',#10177,1.);
#10177 = DIRECTION('',(0.,-1.,0.));
#10178 = ORIENTED_EDGE('',*,*,#10000,.F.);
#10179 = ORIENTED_EDGE('',*,*,#10156,.T.);
#10180 = PLANE('',#10181);
#10181 = AXIS2_PLACEMENT_3D('',#10182,#10183,#10184);
#10182 = CARTESIAN_POINT('',(-0.198278440655,0.4099959,5.6473924842E-02)
  );
#10183 = DIRECTION('',(6.401134509037E-15,0.,1.));
#10184 = DIRECTION('',(1.,0.,-6.401134509037E-15));
#10185 = ADVANCED_FACE('',(#10186),#10197,.F.);
#10186 = FACE_BOUND('',#10187,.T.);
#10187 = EDGE_LOOP('',(#10188,#10189,#10195,#10196));
#10188 = ORIENTED_EDGE('',*,*,#1731,.T.);
#10189 = ORIENTED_EDGE('',*,*,#10190,.F.);
#10190 = EDGE_CURVE('',#10009,#1724,#10191,.T.);
#10191 = LINE('',#10192,#10193);
#10192 = CARTESIAN_POINT('',(-0.202427033254,0.4099959,4.5348626391E-02)
  );
#10193 = VECTOR('',#10194,1.);
#10194 = DIRECTION('',(0.,-1.,0.));
#10195 = ORIENTED_EDGE('',*,*,#10008,.F.);
#10196 = ORIENTED_EDGE('',*,*,#10173,.T.);
#10197 = PLANE('',#10198);
#10198 = AXIS2_PLACEMENT_3D('',#10199,#10200,#10201);
#10199 = CARTESIAN_POINT('',(-0.202427033254,0.4099959,4.5348626391E-02)
  );
#10200 = DIRECTION('',(-0.936975345944,0.,0.349395479497));
#10201 = DIRECTION('',(0.349395479497,0.,0.936975345944));
#10202 = ADVANCED_FACE('',(#10203),#10209,.F.);
#10203 = FACE_BOUND('',#10204,.T.);
#10204 = EDGE_LOOP('',(#10205,#10206,#10207,#10208));
#10205 = ORIENTED_EDGE('',*,*,#1723,.T.);
#10206 = ORIENTED_EDGE('',*,*,#10090,.F.);
#10207 = ORIENTED_EDGE('',*,*,#10016,.F.);
#10208 = ORIENTED_EDGE('',*,*,#10190,.T.);
#10209 = PLANE('',#10210);
#10210 = AXIS2_PLACEMENT_3D('',#10211,#10212,#10213);
#10211 = CARTESIAN_POINT('',(-0.208228824409,0.4099959,4.5348626391E-02)
  );
#10212 = DIRECTION('',(7.007693626149E-15,0.,1.));
#10213 = DIRECTION('',(1.,0.,-7.007693626149E-15));
#10214 = ADVANCED_FACE('',(#10215),#10240,.T.);
#10215 = FACE_BOUND('',#10216,.T.);
#10216 = EDGE_LOOP('',(#10217,#10227,#10233,#10234));
#10217 = ORIENTED_EDGE('',*,*,#10218,.F.);
#10218 = EDGE_CURVE('',#10219,#10221,#10223,.T.);
#10219 = VERTEX_POINT('',#10220);
#10220 = CARTESIAN_POINT('',(-0.183004549604,0.399996,6.1069608875E-02)
  );
#10221 = VERTEX_POINT('',#10222);
#10222 = CARTESIAN_POINT('',(-0.196656434525,0.399996,6.1069608875E-02)
  );
#10223 = LINE('',#10224,#10225);
#10224 = CARTESIAN_POINT('',(-0.183004549604,0.399996,6.1069608875E-02)
  );
#10225 = VECTOR('',#10226,1.);
#10226 = DIRECTION('',(-1.,0.,6.948984844552E-15));
#10227 = ORIENTED_EDGE('',*,*,#10228,.F.);
#10228 = EDGE_CURVE('',#10025,#10219,#10229,.T.);
#10229 = LINE('',#10230,#10231);
#10230 = CARTESIAN_POINT('',(-0.183004549604,0.4099959,6.1069608875E-02)
  );
#10231 = VECTOR('',#10232,1.);
#10232 = DIRECTION('',(0.,-1.,0.));
#10233 = ORIENTED_EDGE('',*,*,#10024,.T.);
#10234 = ORIENTED_EDGE('',*,*,#10235,.T.);
#10235 = EDGE_CURVE('',#10027,#10221,#10236,.T.);
#10236 = LINE('',#10237,#10238);
#10237 = CARTESIAN_POINT('',(-0.196656434525,0.4099959,6.1069608875E-02)
  );
#10238 = VECTOR('',#10239,1.);
#10239 = DIRECTION('',(0.,-1.,0.));
#10240 = PLANE('',#10241);
#10241 = AXIS2_PLACEMENT_3D('',#10242,#10243,#10244);
#10242 = CARTESIAN_POINT('',(-0.183004549604,0.4099959,6.1069608875E-02)
  );
#10243 = DIRECTION('',(6.948984844552E-15,0.,1.));
#10244 = DIRECTION('',(1.,0.,-6.948984844552E-15));
#10245 = ADVANCED_FACE('',(#10246),#10264,.T.);
#10246 = FACE_BOUND('',#10247,.T.);
#10247 = EDGE_LOOP('',(#10248,#10256,#10257,#10258));
#10248 = ORIENTED_EDGE('',*,*,#10249,.F.);
#10249 = EDGE_CURVE('',#10221,#10250,#10252,.T.);
#10250 = VERTEX_POINT('',#10251);
#10251 = CARTESIAN_POINT('',(-0.19051152669,0.399996,7.7975903529E-02));
#10252 = LINE('',#10253,#10254);
#10253 = CARTESIAN_POINT('',(-0.196656434525,0.399996,6.1069608875E-02)
  );
#10254 = VECTOR('',#10255,1.);
#10255 = DIRECTION('',(0.34160383069,0.,0.939844041774));
#10256 = ORIENTED_EDGE('',*,*,#10235,.F.);
#10257 = ORIENTED_EDGE('',*,*,#10068,.T.);
#10258 = ORIENTED_EDGE('',*,*,#10259,.T.);
#10259 = EDGE_CURVE('',#10060,#10250,#10260,.T.);
#10260 = LINE('',#10261,#10262);
#10261 = CARTESIAN_POINT('',(-0.19051152669,0.4099959,7.7975903529E-02)
  );
#10262 = VECTOR('',#10263,1.);
#10263 = DIRECTION('',(0.,-1.,0.));
#10264 = PLANE('',#10265);
#10265 = AXIS2_PLACEMENT_3D('',#10266,#10267,#10268);
#10266 = CARTESIAN_POINT('',(-0.196656434525,0.4099959,6.1069608875E-02)
  );
#10267 = DIRECTION('',(0.939844041774,0.,-0.34160383069));
#10268 = DIRECTION('',(-0.34160383069,0.,-0.939844041774));
#10269 = ADVANCED_FACE('',(#10270),#10289,.T.);
#10270 = FACE_BOUND('',#10271,.T.);
#10271 = EDGE_LOOP('',(#10272,#10281,#10282,#10283));
#10272 = ORIENTED_EDGE('',*,*,#10273,.F.);
#10273 = EDGE_CURVE('',#10250,#10274,#10276,.T.);
#10274 = VERTEX_POINT('',#10275);
#10275 = CARTESIAN_POINT('',(-0.189877280703,0.399996,8.0824811731E-02)
  );
#10276 = B_SPLINE_CURVE_WITH_KNOTS('',3,(#10277,#10278,#10279,#10280),
  .UNSPECIFIED.,.F.,.F.,(4,4),(1.,2.),.PIECEWISE_BEZIER_KNOTS.);
#10277 = CARTESIAN_POINT('',(-0.19051152669,0.399996,7.7975903529E-02));
#10278 = CARTESIAN_POINT('',(-0.190313974661,0.399996,7.8537367189E-02)
  );
#10279 = CARTESIAN_POINT('',(-0.190106025157,0.399996,7.9473139957E-02)
  );
#10280 = CARTESIAN_POINT('',(-0.189877280703,0.399996,8.0824811731E-02)
  );
#10281 = ORIENTED_EDGE('',*,*,#10259,.F.);
#10282 = ORIENTED_EDGE('',*,*,#10059,.T.);
#10283 = ORIENTED_EDGE('',*,*,#10284,.T.);
#10284 = EDGE_CURVE('',#10052,#10274,#10285,.T.);
#10285 = LINE('',#10286,#10287);
#10286 = CARTESIAN_POINT('',(-0.189877280703,0.4099959,8.0824811731E-02)
  );
#10287 = VECTOR('',#10288,1.);
#10288 = DIRECTION('',(0.,-1.,0.));
#10289 = B_SPLINE_SURFACE_WITH_KNOTS('',3,1,(
    (#10290,#10291)
    ,(#10292,#10293)
    ,(#10294,#10295)
    ,(#10296,#10297
    )),.UNSPECIFIED.,.F.,.F.,.F.,(4,4),(2,2),(1.,2.),(0.,1.),
  .PIECEWISE_BEZIER_KNOTS.);
#10290 = CARTESIAN_POINT('',(-0.19051152669,0.4099959,7.7975903529E-02)
  );
#10291 = CARTESIAN_POINT('',(-0.19051152669,0.399996,7.7975903529E-02));
#10292 = CARTESIAN_POINT('',(-0.190313974661,0.4099959,7.8537367189E-02)
  );
#10293 = CARTESIAN_POINT('',(-0.190313974661,0.399996,7.8537367189E-02)
  );
#10294 = CARTESIAN_POINT('',(-0.190106025157,0.4099959,7.9473139957E-02)
  );
#10295 = CARTESIAN_POINT('',(-0.190106025157,0.399996,7.9473139957E-02)
  );
#10296 = CARTESIAN_POINT('',(-0.189877280703,0.4099959,8.0824811731E-02)
  );
#10297 = CARTESIAN_POINT('',(-0.189877280703,0.399996,8.0824811731E-02)
  );
#10298 = ADVANCED_FACE('',(#10299),#10317,.T.);
#10299 = FACE_BOUND('',#10300,.T.);
#10300 = EDGE_LOOP('',(#10301,#10309,#10310,#10311));
#10301 = ORIENTED_EDGE('',*,*,#10302,.F.);
#10302 = EDGE_CURVE('',#10274,#10303,#10305,.T.);
#10303 = VERTEX_POINT('',#10304);
#10304 = CARTESIAN_POINT('',(-0.189752511001,0.399996,8.0824811731E-02)
  );
#10305 = LINE('',#10306,#10307);
#10306 = CARTESIAN_POINT('',(-0.189877280703,0.399996,8.0824811731E-02)
  );
#10307 = VECTOR('',#10308,1.);
#10308 = DIRECTION('',(1.,0.,0.));
#10309 = ORIENTED_EDGE('',*,*,#10284,.F.);
#10310 = ORIENTED_EDGE('',*,*,#10051,.T.);
#10311 = ORIENTED_EDGE('',*,*,#10312,.T.);
#10312 = EDGE_CURVE('',#10043,#10303,#10313,.T.);
#10313 = LINE('',#10314,#10315);
#10314 = CARTESIAN_POINT('',(-0.189752511001,0.4099959,8.0824811731E-02)
  );
#10315 = VECTOR('',#10316,1.);
#10316 = DIRECTION('',(0.,-1.,0.));
#10317 = PLANE('',#10318);
#10318 = AXIS2_PLACEMENT_3D('',#10319,#10320,#10321);
#10319 = CARTESIAN_POINT('',(-0.189877280703,0.4099959,8.0824811731E-02)
  );
#10320 = DIRECTION('',(0.,0.,-1.));
#10321 = DIRECTION('',(-1.,0.,0.));
#10322 = ADVANCED_FACE('',(#10323),#10342,.T.);
#10323 = FACE_BOUND('',#10324,.T.);
#10324 = EDGE_LOOP('',(#10325,#10334,#10335,#10336));
#10325 = ORIENTED_EDGE('',*,*,#10326,.F.);
#10326 = EDGE_CURVE('',#10303,#10327,#10329,.T.);
#10327 = VERTEX_POINT('',#10328);
#10328 = CARTESIAN_POINT('',(-0.189087072588,0.399996,7.7975903529E-02)
  );
#10329 = B_SPLINE_CURVE_WITH_KNOTS('',3,(#10330,#10331,#10332,#10333),
  .UNSPECIFIED.,.F.,.F.,(4,4),(3.,4.),.PIECEWISE_BEZIER_KNOTS.);
#10330 = CARTESIAN_POINT('',(-0.189752511001,0.399996,8.0824811731E-02)
  );
#10331 = CARTESIAN_POINT('',(-0.189554958972,0.399996,7.9597909658E-02)
  );
#10332 = CARTESIAN_POINT('',(-0.189336611994,0.399996,7.8641341941E-02)
  );
#10333 = CARTESIAN_POINT('',(-0.189087072588,0.399996,7.7975903529E-02)
  );
#10334 = ORIENTED_EDGE('',*,*,#10312,.F.);
#10335 = ORIENTED_EDGE('',*,*,#10042,.T.);
#10336 = ORIENTED_EDGE('',*,*,#10337,.T.);
#10337 = EDGE_CURVE('',#10035,#10327,#10338,.T.);
#10338 = LINE('',#10339,#10340);
#10339 = CARTESIAN_POINT('',(-0.189087072588,0.4099959,7.7975903529E-02)
  );
#10340 = VECTOR('',#10341,1.);
#10341 = DIRECTION('',(0.,-1.,0.));
#10342 = B_SPLINE_SURFACE_WITH_KNOTS('',3,1,(
    (#10343,#10344)
    ,(#10345,#10346)
    ,(#10347,#10348)
    ,(#10349,#10350
    )),.UNSPECIFIED.,.F.,.F.,.F.,(4,4),(2,2),(3.,4.),(0.,1.),
  .PIECEWISE_BEZIER_KNOTS.);
#10343 = CARTESIAN_POINT('',(-0.189752511001,0.4099959,8.0824811731E-02)
  );
#10344 = CARTESIAN_POINT('',(-0.189752511001,0.399996,8.0824811731E-02)
  );
#10345 = CARTESIAN_POINT('',(-0.189554958972,0.4099959,7.9597909658E-02)
  );
#10346 = CARTESIAN_POINT('',(-0.189554958972,0.399996,7.9597909658E-02)
  );
#10347 = CARTESIAN_POINT('',(-0.189336611994,0.4099959,7.8641341941E-02)
  );
#10348 = CARTESIAN_POINT('',(-0.189336611994,0.399996,7.8641341941E-02)
  );
#10349 = CARTESIAN_POINT('',(-0.189087072588,0.4099959,7.7975903529E-02)
  );
#10350 = CARTESIAN_POINT('',(-0.189087072588,0.399996,7.7975903529E-02)
  );
#10351 = ADVANCED_FACE('',(#10352),#10363,.T.);
#10352 = FACE_BOUND('',#10353,.T.);
#10353 = EDGE_LOOP('',(#10354,#10360,#10361,#10362));
#10354 = ORIENTED_EDGE('',*,*,#10355,.F.);
#10355 = EDGE_CURVE('',#10327,#10219,#10356,.T.);
#10356 = LINE('',#10357,#10358);
#10357 = CARTESIAN_POINT('',(-0.189087072588,0.399996,7.7975903529E-02)
  );
#10358 = VECTOR('',#10359,1.);
#10359 = DIRECTION('',(0.338535034295,0.,-0.940953787683));
#10360 = ORIENTED_EDGE('',*,*,#10337,.F.);
#10361 = ORIENTED_EDGE('',*,*,#10034,.T.);
#10362 = ORIENTED_EDGE('',*,*,#10228,.T.);
#10363 = PLANE('',#10364);
#10364 = AXIS2_PLACEMENT_3D('',#10365,#10366,#10367);
#10365 = CARTESIAN_POINT('',(-0.189087072588,0.4099959,7.7975903529E-02)
  );
#10366 = DIRECTION('',(-0.940953787683,0.,-0.338535034295));
#10367 = DIRECTION('',(-0.338535034295,0.,0.940953787683));
#10368 = ADVANCED_FACE('',(#10369),#10377,.F.);
#10369 = FACE_BOUND('',#10370,.T.);
#10370 = EDGE_LOOP('',(#10371,#10372,#10373,#10374,#10375,#10376));
#10371 = ORIENTED_EDGE('',*,*,#10355,.T.);
#10372 = ORIENTED_EDGE('',*,*,#10218,.T.);
#10373 = ORIENTED_EDGE('',*,*,#10249,.T.);
#10374 = ORIENTED_EDGE('',*,*,#10273,.T.);
#10375 = ORIENTED_EDGE('',*,*,#10302,.T.);
#10376 = ORIENTED_EDGE('',*,*,#10326,.T.);
#10377 = PLANE('',#10378);
#10378 = AXIS2_PLACEMENT_3D('',#10379,#10380,#10381);
#10379 = CARTESIAN_POINT('',(-0.799992,0.399996,0.179998199999));
#10380 = DIRECTION('',(0.,-1.,0.));
#10381 = DIRECTION('',(0.,0.,-1.));
#10382 = ADVANCED_FACE('',(#10383,#10677),#10702,.F.);
#10383 = FACE_BOUND('',#10384,.T.);
#10384 = EDGE_LOOP('',(#10385,#10396,#10405,#10414,#10423,#10432,#10441,
    #10450,#10459,#10468,#10477,#10486,#10495,#10504,#10512,#10520,
    #10528,#10537,#10546,#10555,#10564,#10573,#10582,#10591,#10600,
    #10609,#10618,#10626,#10635,#10644,#10653,#10661,#10670));
#10385 = ORIENTED_EDGE('',*,*,#10386,.T.);
#10386 = EDGE_CURVE('',#10387,#10389,#10391,.T.);
#10387 = VERTEX_POINT('',#10388);
#10388 = CARTESIAN_POINT('',(3.9260739911E-02,0.4099959,8.5694795013E-02
    ));
#10389 = VERTEX_POINT('',#10390);
#10390 = CARTESIAN_POINT('',(6.7890992963E-02,0.4099959,0.123579270105)
  );
#10391 = B_SPLINE_CURVE_WITH_KNOTS('',3,(#10392,#10393,#10394,#10395),
  .UNSPECIFIED.,.F.,.F.,(4,4),(35.,36.),.PIECEWISE_BEZIER_KNOTS.);
#10392 = CARTESIAN_POINT('',(3.9260739911E-02,0.4099959,8.5694795013E-02
    ));
#10393 = CARTESIAN_POINT('',(3.9549930041E-02,0.4099959,0.10304645651));
#10394 = CARTESIAN_POINT('',(5.1406912888E-02,0.4099959,0.118373770552)
  );
#10395 = CARTESIAN_POINT('',(6.7890992963E-02,0.4099959,0.123579270105)
  );
#10396 = ORIENTED_EDGE('',*,*,#10397,.T.);
#10397 = EDGE_CURVE('',#10389,#10398,#10400,.T.);
#10398 = VERTEX_POINT('',#10399);
#10399 = CARTESIAN_POINT('',(8.3507502652E-02,0.4099959,0.14642563921));
#10400 = B_SPLINE_CURVE_WITH_KNOTS('',3,(#10401,#10402,#10403,#10404),
  .UNSPECIFIED.,.F.,.F.,(4,4),(0.,1.),.PIECEWISE_BEZIER_KNOTS.);
#10401 = CARTESIAN_POINT('',(6.7890992963E-02,0.4099959,0.123579270105)
  );
#10402 = CARTESIAN_POINT('',(7.1072128515E-02,0.4099959,0.132255106369)
  );
#10403 = CARTESIAN_POINT('',(7.6566829228E-02,0.4099959,0.140063358455)
  );
#10404 = CARTESIAN_POINT('',(8.3507502652E-02,0.4099959,0.14642563921));
#10405 = ORIENTED_EDGE('',*,*,#10406,.T.);
#10406 = EDGE_CURVE('',#10398,#10407,#10409,.T.);
#10407 = VERTEX_POINT('',#10408);
#10408 = CARTESIAN_POINT('',(0.12283795597,0.4099959,0.161463756228));
#10409 = B_SPLINE_CURVE_WITH_KNOTS('',3,(#10410,#10411,#10412,#10413),
  .UNSPECIFIED.,.F.,.F.,(4,4),(1.,2.),.PIECEWISE_BEZIER_KNOTS.);
#10410 = CARTESIAN_POINT('',(8.3507502652E-02,0.4099959,0.14642563921));
#10411 = CARTESIAN_POINT('',(9.4496893047E-02,0.4099959,0.155969059997)
  );
#10412 = CARTESIAN_POINT('',(0.108378228864,0.4099959,0.161463756228));
#10413 = CARTESIAN_POINT('',(0.12283795597,0.4099959,0.161463756228));
#10414 = ORIENTED_EDGE('',*,*,#10415,.T.);
#10415 = EDGE_CURVE('',#10407,#10416,#10418,.T.);
#10416 = VERTEX_POINT('',#10417);
#10417 = CARTESIAN_POINT('',(0.157541301027,0.4099959,0.150185168809));
#10418 = B_SPLINE_CURVE_WITH_KNOTS('',3,(#10419,#10420,#10421,#10422),
  .UNSPECIFIED.,.F.,.F.,(4,4),(2.,3.),.PIECEWISE_BEZIER_KNOTS.);
#10419 = CARTESIAN_POINT('',(0.12283795597,0.4099959,0.161463756228));
#10420 = CARTESIAN_POINT('',(0.135562514721,0.4099959,0.161463756228));
#10421 = CARTESIAN_POINT('',(0.147419492052,0.4099959,0.157415032708));
#10422 = CARTESIAN_POINT('',(0.157541301027,0.4099959,0.150185168809));
#10423 = ORIENTED_EDGE('',*,*,#10424,.T.);
#10424 = EDGE_CURVE('',#10416,#10425,#10427,.T.);
#10425 = VERTEX_POINT('',#10426);
#10426 = CARTESIAN_POINT('',(0.170265859778,0.4099959,0.137460608679));
#10427 = B_SPLINE_CURVE_WITH_KNOTS('',3,(#10428,#10429,#10430,#10431),
  .UNSPECIFIED.,.F.,.F.,(4,4),(3.,4.),.PIECEWISE_BEZIER_KNOTS.);
#10428 = CARTESIAN_POINT('',(0.157541301027,0.4099959,0.150185168809));
#10429 = CARTESIAN_POINT('',(0.16245761045,0.4099959,0.146714833476));
#10430 = CARTESIAN_POINT('',(0.166506332937,0.4099959,0.142376915345));
#10431 = CARTESIAN_POINT('',(0.170265859778,0.4099959,0.137460608679));
#10432 = ORIENTED_EDGE('',*,*,#10433,.T.);
#10433 = EDGE_CURVE('',#10425,#10434,#10436,.T.);
#10434 = VERTEX_POINT('',#10435);
#10435 = CARTESIAN_POINT('',(0.176917332041,0.4099959,0.138038997212));
#10436 = B_SPLINE_CURVE_WITH_KNOTS('',3,(#10437,#10438,#10439,#10440),
  .UNSPECIFIED.,.F.,.F.,(4,4),(4.,5.),.PIECEWISE_BEZIER_KNOTS.);
#10437 = CARTESIAN_POINT('',(0.170265859778,0.4099959,0.137460608679));
#10438 = CARTESIAN_POINT('',(0.172579413909,0.4099959,0.137749804324));
#10439 = CARTESIAN_POINT('',(0.174603777911,0.4099959,0.138038997212));
#10440 = CARTESIAN_POINT('',(0.176917332041,0.4099959,0.138038997212));
#10441 = ORIENTED_EDGE('',*,*,#10442,.T.);
#10442 = EDGE_CURVE('',#10434,#10443,#10445,.T.);
#10443 = VERTEX_POINT('',#10444);
#10444 = CARTESIAN_POINT('',(0.210174704387,0.4099959,0.124157658638));
#10445 = B_SPLINE_CURVE_WITH_KNOTS('',3,(#10446,#10447,#10448,#10449),
  .UNSPECIFIED.,.F.,.F.,(4,4),(5.,6.),.PIECEWISE_BEZIER_KNOTS.);
#10446 = CARTESIAN_POINT('',(0.176917332041,0.4099959,0.138038997212));
#10447 = CARTESIAN_POINT('',(0.189352697905,0.4099959,0.138038997212));
#10448 = CARTESIAN_POINT('',(0.201209672478,0.4099959,0.133122690548));
#10449 = CARTESIAN_POINT('',(0.210174704387,0.4099959,0.124157658638));
#10450 = ORIENTED_EDGE('',*,*,#10451,.T.);
#10451 = EDGE_CURVE('',#10443,#10452,#10454,.T.);
#10452 = VERTEX_POINT('',#10453);
#10453 = CARTESIAN_POINT('',(0.22376685559,0.4099959,9.1189484695E-02));
#10454 = B_SPLINE_CURVE_WITH_KNOTS('',3,(#10455,#10456,#10457,#10458),
  .UNSPECIFIED.,.F.,.F.,(4,4),(6.,7.),.PIECEWISE_BEZIER_KNOTS.);
#10455 = CARTESIAN_POINT('',(0.210174704387,0.4099959,0.124157658638));
#10456 = CARTESIAN_POINT('',(0.218850548236,0.4099959,0.115481825131));
#10457 = CARTESIAN_POINT('',(0.22376685559,0.4099959,0.1036248478));
#10458 = CARTESIAN_POINT('',(0.22376685559,0.4099959,9.1189484695E-02));
#10459 = ORIENTED_EDGE('',*,*,#10460,.T.);
#10460 = EDGE_CURVE('',#10452,#10461,#10463,.T.);
#10461 = VERTEX_POINT('',#10462);
#10462 = CARTESIAN_POINT('',(0.211620685372,0.4099959,5.966728622E-02));
#10463 = B_SPLINE_CURVE_WITH_KNOTS('',3,(#10464,#10465,#10466,#10467),
  .UNSPECIFIED.,.F.,.F.,(4,4),(7.,8.),.PIECEWISE_BEZIER_KNOTS.);
#10464 = CARTESIAN_POINT('',(0.22376685559,0.4099959,9.1189484695E-02));
#10465 = CARTESIAN_POINT('',(0.22376685559,0.4099959,7.9621703009E-02));
#10466 = CARTESIAN_POINT('',(0.219428937459,0.4099959,6.8343111453E-02)
  );
#10467 = CARTESIAN_POINT('',(0.211620685372,0.4099959,5.966728622E-02));
#10468 = ORIENTED_EDGE('',*,*,#10469,.T.);
#10469 = EDGE_CURVE('',#10461,#10470,#10472,.T.);
#10470 = VERTEX_POINT('',#10471);
#10471 = CARTESIAN_POINT('',(0.188485122001,0.4099959,4.5785950404E-02)
  );
#10472 = B_SPLINE_CURVE_WITH_KNOTS('',3,(#10473,#10474,#10475,#10476),
  .UNSPECIFIED.,.F.,.F.,(4,4),(8.,9.),.PIECEWISE_BEZIER_KNOTS.);
#10473 = CARTESIAN_POINT('',(0.211620685372,0.4099959,5.966728622E-02));
#10474 = CARTESIAN_POINT('',(0.205258405996,0.4099959,5.2726612797E-02)
  );
#10475 = CARTESIAN_POINT('',(0.197450151153,0.4099959,4.8099504535E-02)
  );
#10476 = CARTESIAN_POINT('',(0.188485122001,0.4099959,4.5785950404E-02)
  );
#10477 = ORIENTED_EDGE('',*,*,#10478,.T.);
#10478 = EDGE_CURVE('',#10470,#10479,#10481,.T.);
#10479 = VERTEX_POINT('',#10480);
#10480 = CARTESIAN_POINT('',(0.16101163774,0.4099959,2.6120723745E-02));
#10481 = B_SPLINE_CURVE_WITH_KNOTS('',3,(#10482,#10483,#10484,#10485),
  .UNSPECIFIED.,.F.,.F.,(4,4),(9.,10.),.PIECEWISE_BEZIER_KNOTS.);
#10482 = CARTESIAN_POINT('',(0.188485122001,0.4099959,4.5785950404E-02)
  );
#10483 = CARTESIAN_POINT('',(0.184725592402,0.4099959,3.4218168719E-02)
  );
#10484 = CARTESIAN_POINT('',(0.173736202007,0.4099959,2.6120723745E-02)
  );
#10485 = CARTESIAN_POINT('',(0.16101163774,0.4099959,2.6120723745E-02));
#10486 = ORIENTED_EDGE('',*,*,#10487,.T.);
#10487 = EDGE_CURVE('',#10479,#10488,#10490,.T.);
#10488 = VERTEX_POINT('',#10489);
#10489 = CARTESIAN_POINT('',(0.132092183525,0.4099959,5.5040177959E-02)
  );
#10490 = B_SPLINE_CURVE_WITH_KNOTS('',3,(#10491,#10492,#10493,#10494),
  .UNSPECIFIED.,.F.,.F.,(4,4),(10.,11.),.PIECEWISE_BEZIER_KNOTS.);
#10491 = CARTESIAN_POINT('',(0.16101163774,0.4099959,2.6120723745E-02));
#10492 = CARTESIAN_POINT('',(0.145105937922,0.4099959,2.6120723745E-02)
  );
#10493 = CARTESIAN_POINT('',(0.132092183525,0.4099959,3.9134478141E-02)
  );
#10494 = CARTESIAN_POINT('',(0.132092183525,0.4099959,5.5040177959E-02)
  );
#10495 = ORIENTED_EDGE('',*,*,#10496,.T.);
#10496 = EDGE_CURVE('',#10488,#10497,#10499,.T.);
#10497 = VERTEX_POINT('',#10498);
#10498 = CARTESIAN_POINT('',(0.132092183525,0.4099959,5.7932123381E-02)
  );
#10499 = B_SPLINE_CURVE_WITH_KNOTS('',3,(#10500,#10501,#10502,#10503),
  .UNSPECIFIED.,.F.,.F.,(4,4),(11.,12.),.PIECEWISE_BEZIER_KNOTS.);
#10500 = CARTESIAN_POINT('',(0.132092183525,0.4099959,5.5040177959E-02)
  );
#10501 = CARTESIAN_POINT('',(0.132092183525,0.4099959,5.5907759379E-02)
  );
#10502 = CARTESIAN_POINT('',(0.132092183525,0.4099959,5.6775340799E-02)
  );
#10503 = CARTESIAN_POINT('',(0.132092183525,0.4099959,5.7932123381E-02)
  );
#10504 = ORIENTED_EDGE('',*,*,#10505,.T.);
#10505 = EDGE_CURVE('',#10497,#10506,#10508,.T.);
#10506 = VERTEX_POINT('',#10507);
#10507 = CARTESIAN_POINT('',(9.1604947625E-02,0.4099959,7.9332518396E-02
    ));
#10508 = LINE('',#10509,#10510);
#10509 = CARTESIAN_POINT('',(0.132092183525,0.4099959,5.7932123381E-02)
  );
#10510 = VECTOR('',#10511,1.);
#10511 = DIRECTION('',(-0.884094950248,0.,0.467307306754));
#10512 = ORIENTED_EDGE('',*,*,#10513,.T.);
#10513 = EDGE_CURVE('',#10506,#10514,#10516,.T.);
#10514 = VERTEX_POINT('',#10515);
#10515 = CARTESIAN_POINT('',(0.100569974019,0.4099959,9.4659832439E-02)
  );
#10516 = LINE('',#10517,#10518);
#10517 = CARTESIAN_POINT('',(9.1604947625E-02,0.4099959,7.9332518396E-02
    ));
#10518 = VECTOR('',#10519,1.);
#10519 = DIRECTION('',(0.504883048649,0.,0.863187758942));
#10520 = ORIENTED_EDGE('',*,*,#10521,.T.);
#10521 = EDGE_CURVE('',#10514,#10522,#10524,.T.);
#10522 = VERTEX_POINT('',#10523);
#10523 = CARTESIAN_POINT('',(0.139322041563,0.4099959,7.4416214489E-02)
  );
#10524 = LINE('',#10525,#10526);
#10525 = CARTESIAN_POINT('',(0.100569974019,0.4099959,9.4659832439E-02)
  );
#10526 = VECTOR('',#10527,1.);
#10527 = DIRECTION('',(0.886348842796,0.,-0.463018065387));
#10528 = ORIENTED_EDGE('',*,*,#10529,.T.);
#10529 = EDGE_CURVE('',#10522,#10530,#10532,.T.);
#10530 = VERTEX_POINT('',#10531);
#10531 = CARTESIAN_POINT('',(0.161011632224,0.4099959,8.4248827818E-02)
  );
#10532 = B_SPLINE_CURVE_WITH_KNOTS('',3,(#10533,#10534,#10535,#10536),
  .UNSPECIFIED.,.F.,.F.,(4,4),(15.,16.),.PIECEWISE_BEZIER_KNOTS.);
#10533 = CARTESIAN_POINT('',(0.139322041563,0.4099959,7.4416214489E-02)
  );
#10534 = CARTESIAN_POINT('',(0.144527541115,0.4099959,8.0489300977E-02)
  );
#10535 = CARTESIAN_POINT('',(0.152335795959,0.4099959,8.4248827818E-02)
  );
#10536 = CARTESIAN_POINT('',(0.161011632224,0.4099959,8.4248827818E-02)
  );
#10537 = ORIENTED_EDGE('',*,*,#10538,.T.);
#10538 = EDGE_CURVE('',#10530,#10539,#10541,.T.);
#10539 = VERTEX_POINT('',#10540);
#10540 = CARTESIAN_POINT('',(0.188195918081,0.4099959,6.5161986935E-02)
  );
#10541 = B_SPLINE_CURVE_WITH_KNOTS('',3,(#10542,#10543,#10544,#10545),
  .UNSPECIFIED.,.F.,.F.,(4,4),(16.,17.),.PIECEWISE_BEZIER_KNOTS.);
#10542 = CARTESIAN_POINT('',(0.161011632224,0.4099959,8.4248827818E-02)
  );
#10543 = CARTESIAN_POINT('',(0.173447000845,0.4099959,8.4248827818E-02)
  );
#10544 = CARTESIAN_POINT('',(0.184147195595,0.4099959,7.6151382846E-02)
  );
#10545 = CARTESIAN_POINT('',(0.188195918081,0.4099959,6.5161986935E-02)
  );
#10546 = ORIENTED_EDGE('',*,*,#10547,.T.);
#10547 = EDGE_CURVE('',#10539,#10548,#10550,.T.);
#10548 = VERTEX_POINT('',#10549);
#10549 = CARTESIAN_POINT('',(0.20554759061,0.4099959,9.1767887017E-02));
#10550 = B_SPLINE_CURVE_WITH_KNOTS('',3,(#10551,#10552,#10553,#10554),
  .UNSPECIFIED.,.F.,.F.,(4,4),(17.,18.),.PIECEWISE_BEZIER_KNOTS.);
#10551 = CARTESIAN_POINT('',(0.188195918081,0.4099959,6.5161986935E-02)
  );
#10552 = CARTESIAN_POINT('',(0.198317727056,0.4099959,6.9789100711E-02)
  );
#10553 = CARTESIAN_POINT('',(0.20554759061,0.4099959,7.9910909686E-02));
#10554 = CARTESIAN_POINT('',(0.20554759061,0.4099959,9.1767887017E-02));
#10555 = ORIENTED_EDGE('',*,*,#10556,.T.);
#10556 = EDGE_CURVE('',#10548,#10557,#10559,.T.);
#10557 = VERTEX_POINT('',#10558);
#10558 = CARTESIAN_POINT('',(0.176628136396,0.4099959,0.120687341232));
#10559 = B_SPLINE_CURVE_WITH_KNOTS('',3,(#10560,#10561,#10562,#10563),
  .UNSPECIFIED.,.F.,.F.,(4,4),(18.,19.),.PIECEWISE_BEZIER_KNOTS.);
#10560 = CARTESIAN_POINT('',(0.20554759061,0.4099959,9.1767887017E-02));
#10561 = CARTESIAN_POINT('',(0.20554759061,0.4099959,0.107673586835));
#10562 = CARTESIAN_POINT('',(0.192533836213,0.4099959,0.120687341232));
#10563 = CARTESIAN_POINT('',(0.176628136396,0.4099959,0.120687341232));
#10564 = ORIENTED_EDGE('',*,*,#10565,.T.);
#10565 = EDGE_CURVE('',#10557,#10566,#10568,.T.);
#10566 = VERTEX_POINT('',#10567);
#10567 = CARTESIAN_POINT('',(0.161300827869,0.4099959,0.116349423099));
#10568 = B_SPLINE_CURVE_WITH_KNOTS('',3,(#10569,#10570,#10571,#10572),
  .UNSPECIFIED.,.F.,.F.,(4,4),(19.,20.),.PIECEWISE_BEZIER_KNOTS.);
#10569 = CARTESIAN_POINT('',(0.176628136396,0.4099959,0.120687341232));
#10570 = CARTESIAN_POINT('',(0.171133441198,0.4099959,0.120687341232));
#10571 = CARTESIAN_POINT('',(0.165638746001,0.4099959,0.118952172875));
#10572 = CARTESIAN_POINT('',(0.161300827869,0.4099959,0.116349423099));
#10573 = ORIENTED_EDGE('',*,*,#10574,.T.);
#10574 = EDGE_CURVE('',#10566,#10575,#10577,.T.);
#10575 = VERTEX_POINT('',#10576);
#10576 = CARTESIAN_POINT('',(0.122548765841,0.4099959,0.1441120837));
#10577 = B_SPLINE_CURVE_WITH_KNOTS('',3,(#10578,#10579,#10580,#10581),
  .UNSPECIFIED.,.F.,.F.,(4,4),(20.,21.),.PIECEWISE_BEZIER_KNOTS.);
#10578 = CARTESIAN_POINT('',(0.161300827869,0.4099959,0.116349423099));
#10579 = CARTESIAN_POINT('',(0.155806138187,0.4099959,0.132544302015));
#10580 = CARTESIAN_POINT('',(0.14076801979,0.4099959,0.1441120837));
#10581 = CARTESIAN_POINT('',(0.122548765841,0.4099959,0.1441120837));
#10582 = ORIENTED_EDGE('',*,*,#10583,.T.);
#10583 = EDGE_CURVE('',#10575,#10584,#10586,.T.);
#10584 = VERTEX_POINT('',#10585);
#10585 = CARTESIAN_POINT('',(8.2061529941E-02,0.4099959,0.107962765933)
  );
#10586 = B_SPLINE_CURVE_WITH_KNOTS('',3,(#10587,#10588,#10589,#10590),
  .UNSPECIFIED.,.F.,.F.,(4,4),(21.,22.),.PIECEWISE_BEZIER_KNOTS.);
#10587 = CARTESIAN_POINT('',(0.122548765841,0.4099959,0.1441120837));
#10588 = CARTESIAN_POINT('',(0.1017267566,0.4099959,0.1441120837));
#10589 = CARTESIAN_POINT('',(8.4375084072E-02,0.4099959,0.128206383882)
  );
#10590 = CARTESIAN_POINT('',(8.2061529941E-02,0.4099959,0.107962765933)
  );
#10591 = ORIENTED_EDGE('',*,*,#10592,.T.);
#10592 = EDGE_CURVE('',#10584,#10593,#10595,.T.);
#10593 = VERTEX_POINT('',#10594);
#10594 = CARTESIAN_POINT('',(7.974797581E-02,0.4099959,0.107962765933));
#10595 = B_SPLINE_CURVE_WITH_KNOTS('',3,(#10596,#10597,#10598,#10599),
  .UNSPECIFIED.,.F.,.F.,(4,4),(22.,23.),.PIECEWISE_BEZIER_KNOTS.);
#10596 = CARTESIAN_POINT('',(8.2061529941E-02,0.4099959,0.107962765933)
  );
#10597 = CARTESIAN_POINT('',(8.1193948521E-02,0.4099959,0.107962765933)
  );
#10598 = CARTESIAN_POINT('',(8.061555723E-02,0.4099959,0.107962765933));
#10599 = CARTESIAN_POINT('',(7.974797581E-02,0.4099959,0.107962765933));
#10600 = ORIENTED_EDGE('',*,*,#10601,.T.);
#10601 = EDGE_CURVE('',#10593,#10602,#10604,.T.);
#10602 = VERTEX_POINT('',#10603);
#10603 = CARTESIAN_POINT('',(5.719080373E-02,0.4099959,8.5405593853E-02)
  );
#10604 = B_SPLINE_CURVE_WITH_KNOTS('',3,(#10605,#10606,#10607,#10608),
  .UNSPECIFIED.,.F.,.F.,(4,4),(23.,24.),.PIECEWISE_BEZIER_KNOTS.);
#10605 = CARTESIAN_POINT('',(7.974797581E-02,0.4099959,0.107962765933));
#10606 = CARTESIAN_POINT('',(6.7312612705E-02,0.4099959,0.107962765933)
  );
#10607 = CARTESIAN_POINT('',(5.719080373E-02,0.4099959,9.7840956958E-02)
  );
#10608 = CARTESIAN_POINT('',(5.719080373E-02,0.4099959,8.5405593853E-02)
  );
#10609 = ORIENTED_EDGE('',*,*,#10610,.T.);
#10610 = EDGE_CURVE('',#10602,#10611,#10613,.T.);
#10611 = VERTEX_POINT('',#10612);
#10612 = CARTESIAN_POINT('',(7.801281297E-02,0.4099959,6.2848421771E-02)
  );
#10613 = B_SPLINE_CURVE_WITH_KNOTS('',3,(#10614,#10615,#10616,#10617),
  .UNSPECIFIED.,.F.,.F.,(4,4),(24.,25.),.PIECEWISE_BEZIER_KNOTS.);
#10614 = CARTESIAN_POINT('',(5.719080373E-02,0.4099959,8.5405593853E-02)
  );
#10615 = CARTESIAN_POINT('',(5.719080373E-02,0.4099959,7.3548616521E-02)
  );
#10616 = CARTESIAN_POINT('',(6.6155830124E-02,0.4099959,6.3716003192E-02
    ));
#10617 = CARTESIAN_POINT('',(7.801281297E-02,0.4099959,6.2848421771E-02)
  );
#10618 = ORIENTED_EDGE('',*,*,#10619,.T.);
#10619 = EDGE_CURVE('',#10611,#10620,#10622,.T.);
#10620 = VERTEX_POINT('',#10621);
#10621 = CARTESIAN_POINT('',(9.1026567367E-02,0.4099959,6.2848421771E-02
    ));
#10622 = LINE('',#10623,#10624);
#10623 = CARTESIAN_POINT('',(7.801281297E-02,0.4099959,6.2848421771E-02)
  );
#10624 = VECTOR('',#10625,1.);
#10625 = DIRECTION('',(1.,0.,-7.289728891947E-15));
#10626 = ORIENTED_EDGE('',*,*,#10627,.T.);
#10627 = EDGE_CURVE('',#10620,#10628,#10630,.T.);
#10628 = VERTEX_POINT('',#10629);
#10629 = CARTESIAN_POINT('',(9.2761730207E-02,0.4099959,6.3137611901E-02
    ));
#10630 = B_SPLINE_CURVE_WITH_KNOTS('',3,(#10631,#10632,#10633,#10634),
  .UNSPECIFIED.,.F.,.F.,(4,4),(26.,27.),.PIECEWISE_BEZIER_KNOTS.);
#10631 = CARTESIAN_POINT('',(9.1026567367E-02,0.4099959,6.2848421771E-02
    ));
#10632 = CARTESIAN_POINT('',(9.1604958657E-02,0.4099959,6.2848421771E-02
    ));
#10633 = CARTESIAN_POINT('',(9.2183349948E-02,0.4099959,6.3137611901E-02
    ));
#10634 = CARTESIAN_POINT('',(9.2761730207E-02,0.4099959,6.3137611901E-02
    ));
#10635 = ORIENTED_EDGE('',*,*,#10636,.T.);
#10636 = EDGE_CURVE('',#10628,#10637,#10639,.T.);
#10637 = VERTEX_POINT('',#10638);
#10638 = CARTESIAN_POINT('',(0.1017267566,0.4099959,5.4172585508E-02));
#10639 = B_SPLINE_CURVE_WITH_KNOTS('',3,(#10640,#10641,#10642,#10643),
  .UNSPECIFIED.,.F.,.F.,(4,4),(27.,28.),.PIECEWISE_BEZIER_KNOTS.);
#10640 = CARTESIAN_POINT('',(9.2761730207E-02,0.4099959,6.3137611901E-02
    ));
#10641 = CARTESIAN_POINT('',(9.767803963E-02,0.4099959,6.3137611901E-02)
  );
#10642 = CARTESIAN_POINT('',(0.1017267566,0.4099959,5.9088883898E-02));
#10643 = CARTESIAN_POINT('',(0.1017267566,0.4099959,5.4172585508E-02));
#10644 = ORIENTED_EDGE('',*,*,#10645,.T.);
#10645 = EDGE_CURVE('',#10637,#10646,#10648,.T.);
#10646 = VERTEX_POINT('',#10647);
#10647 = CARTESIAN_POINT('',(9.3340110466E-02,0.4099959,4.5207559114E-02
    ));
#10648 = B_SPLINE_CURVE_WITH_KNOTS('',3,(#10649,#10650,#10651,#10652),
  .UNSPECIFIED.,.F.,.F.,(4,4),(28.,29.),.PIECEWISE_BEZIER_KNOTS.);
#10649 = CARTESIAN_POINT('',(0.1017267566,0.4099959,5.4172585508E-02));
#10650 = CARTESIAN_POINT('',(0.1017267566,0.4099959,4.9545477245E-02));
#10651 = CARTESIAN_POINT('',(9.7967229759E-02,0.4099959,4.5496749243E-02
    ));
#10652 = CARTESIAN_POINT('',(9.3340110466E-02,0.4099959,4.5207559114E-02
    ));
#10653 = ORIENTED_EDGE('',*,*,#10654,.T.);
#10654 = EDGE_CURVE('',#10646,#10655,#10657,.T.);
#10655 = VERTEX_POINT('',#10656);
#10656 = CARTESIAN_POINT('',(7.6277639099E-02,0.4099959,4.5207559114E-02
    ));
#10657 = LINE('',#10658,#10659);
#10658 = CARTESIAN_POINT('',(9.3340110466E-02,0.4099959,4.5207559114E-02
    ));
#10659 = VECTOR('',#10660,1.);
#10660 = DIRECTION('',(-1.,0.,7.073592395927E-15));
#10661 = ORIENTED_EDGE('',*,*,#10662,.T.);
#10662 = EDGE_CURVE('',#10655,#10663,#10665,.T.);
#10663 = VERTEX_POINT('',#10664);
#10664 = CARTESIAN_POINT('',(4.9960940177E-02,0.4099959,5.822131351E-02)
  );
#10665 = B_SPLINE_CURVE_WITH_KNOTS('',3,(#10666,#10667,#10668,#10669),
  .UNSPECIFIED.,.F.,.F.,(4,4),(33.,34.),.PIECEWISE_BEZIER_KNOTS.);
#10666 = CARTESIAN_POINT('',(7.6277639099E-02,0.4099959,4.5207559114E-02
    ));
#10667 = CARTESIAN_POINT('',(6.6155830124E-02,0.4099959,4.6075140534E-02
    ));
#10668 = CARTESIAN_POINT('',(5.6901602568E-02,0.4099959,5.0702259827E-02
    ));
#10669 = CARTESIAN_POINT('',(4.9960940177E-02,0.4099959,5.822131351E-02)
  );
#10670 = ORIENTED_EDGE('',*,*,#10671,.T.);
#10671 = EDGE_CURVE('',#10663,#10387,#10672,.T.);
#10672 = B_SPLINE_CURVE_WITH_KNOTS('',3,(#10673,#10674,#10675,#10676),
  .UNSPECIFIED.,.F.,.F.,(4,4),(34.,35.),.PIECEWISE_BEZIER_KNOTS.);
#10673 = CARTESIAN_POINT('',(4.9960940177E-02,0.4099959,5.822131351E-02)
  );
#10674 = CARTESIAN_POINT('',(4.3020266752E-02,0.4099959,6.5740367193E-02
    ));
#10675 = CARTESIAN_POINT('',(3.9260739911E-02,0.4099959,7.5572986039E-02
    ));
#10676 = CARTESIAN_POINT('',(3.9260739911E-02,0.4099959,8.5694795013E-02
    ));
#10677 = FACE_BOUND('',#10678,.T.);
#10678 = EDGE_LOOP('',(#10679,#10693));
#10679 = ORIENTED_EDGE('',*,*,#10680,.F.);
#10680 = EDGE_CURVE('',#10681,#10683,#10685,.T.);
#10681 = VERTEX_POINT('',#10682);
#10682 = CARTESIAN_POINT('',(0.161300833385,0.4099959,4.347237421E-02));
#10683 = VERTEX_POINT('',#10684);
#10684 = CARTESIAN_POINT('',(0.161300833385,0.4099959,6.6029557322E-02)
  );
#10685 = B_SPLINE_CURVE_WITH_KNOTS('',3,(#10686,#10687,#10688,#10689,
    #10690,#10691,#10692),.UNSPECIFIED.,.F.,.F.,(4,3,4),(0.,1.,2.),
  .PIECEWISE_BEZIER_KNOTS.);
#10686 = CARTESIAN_POINT('',(0.161300833385,0.4099959,4.347237421E-02));
#10687 = CARTESIAN_POINT('',(0.154938556767,0.4099959,4.347237421E-02));
#10688 = CARTESIAN_POINT('',(0.150022247345,0.4099959,4.8677884793E-02)
  );
#10689 = CARTESIAN_POINT('',(0.150022247345,0.4099959,5.4750965766E-02)
  );
#10690 = CARTESIAN_POINT('',(0.150022247345,0.4099959,6.1113247899E-02)
  );
#10691 = CARTESIAN_POINT('',(0.155227746897,0.4099959,6.6029557322E-02)
  );
#10692 = CARTESIAN_POINT('',(0.161300833385,0.4099959,6.6029557322E-02)
  );
#10693 = ORIENTED_EDGE('',*,*,#10694,.F.);
#10694 = EDGE_CURVE('',#10683,#10681,#10695,.T.);
#10695 = B_SPLINE_CURVE_WITH_KNOTS('',3,(#10696,#10697,#10698,#10699,
    #10700,#10701),.UNSPECIFIED.,.F.,.F.,(4,2,4),(2.,3.,4.),
  .UNSPECIFIED.);
#10696 = CARTESIAN_POINT('',(0.161300833385,0.4099959,6.6029557322E-02)
  );
#10697 = CARTESIAN_POINT('',(0.167373919873,0.4099959,6.6029557322E-02)
  );
#10698 = CARTESIAN_POINT('',(0.172579419425,0.4099959,6.1113247899E-02)
  );
#10699 = CARTESIAN_POINT('',(0.172579419425,0.4099959,4.8388683632E-02)
  );
#10700 = CARTESIAN_POINT('',(0.167373919873,0.4099959,4.347237421E-02));
#10701 = CARTESIAN_POINT('',(0.161300833385,0.4099959,4.347237421E-02));
#10702 = PLANE('',#10703);
#10703 = AXIS2_PLACEMENT_3D('',#10704,#10705,#10706);
#10704 = CARTESIAN_POINT('',(4.7502782707E-02,0.4099959,0.109191843289)
  );
#10705 = DIRECTION('',(0.,-1.,0.));
#10706 = DIRECTION('',(0.,0.,-1.));
#10707 = ADVANCED_FACE('',(#10708),#10724,.F.);
#10708 = FACE_BOUND('',#10709,.F.);
#10709 = EDGE_LOOP('',(#10710,#10716,#10717,#10723));
#10710 = ORIENTED_EDGE('',*,*,#10711,.F.);
#10711 = EDGE_CURVE('',#10387,#1780,#10712,.T.);
#10712 = LINE('',#10713,#10714);
#10713 = CARTESIAN_POINT('',(3.9260739911E-02,0.4099959,8.5694795013E-02
    ));
#10714 = VECTOR('',#10715,1.);
#10715 = DIRECTION('',(0.,-1.,0.));
#10716 = ORIENTED_EDGE('',*,*,#10386,.T.);
#10717 = ORIENTED_EDGE('',*,*,#10718,.T.);
#10718 = EDGE_CURVE('',#10389,#1782,#10719,.T.);
#10719 = LINE('',#10720,#10721);
#10720 = CARTESIAN_POINT('',(6.7890992963E-02,0.4099959,0.123579270105)
  );
#10721 = VECTOR('',#10722,1.);
#10722 = DIRECTION('',(0.,-1.,0.));
#10723 = ORIENTED_EDGE('',*,*,#1779,.F.);
#10724 = B_SPLINE_SURFACE_WITH_KNOTS('',3,1,(
    (#10725,#10726)
    ,(#10727,#10728)
    ,(#10729,#10730)
    ,(#10731,#10732
    )),.UNSPECIFIED.,.F.,.F.,.F.,(4,4),(2,2),(35.,36.),(0.,1.),
  .PIECEWISE_BEZIER_KNOTS.);
#10725 = CARTESIAN_POINT('',(3.9260739911E-02,0.4099959,8.5694795013E-02
    ));
#10726 = CARTESIAN_POINT('',(3.9260739911E-02,0.399996,8.5694795013E-02)
  );
#10727 = CARTESIAN_POINT('',(3.9549930041E-02,0.4099959,0.10304645651));
#10728 = CARTESIAN_POINT('',(3.9549930041E-02,0.399996,0.10304645651));
#10729 = CARTESIAN_POINT('',(5.1406912888E-02,0.4099959,0.118373770552)
  );
#10730 = CARTESIAN_POINT('',(5.1406912888E-02,0.399996,0.118373770552));
#10731 = CARTESIAN_POINT('',(6.7890992963E-02,0.4099959,0.123579270105)
  );
#10732 = CARTESIAN_POINT('',(6.7890992963E-02,0.399996,0.123579270105));
#10733 = ADVANCED_FACE('',(#10734),#10745,.F.);
#10734 = FACE_BOUND('',#10735,.F.);
#10735 = EDGE_LOOP('',(#10736,#10737,#10738,#10744));
#10736 = ORIENTED_EDGE('',*,*,#10718,.F.);
#10737 = ORIENTED_EDGE('',*,*,#10397,.T.);
#10738 = ORIENTED_EDGE('',*,*,#10739,.T.);
#10739 = EDGE_CURVE('',#10398,#2056,#10740,.T.);
#10740 = LINE('',#10741,#10742);
#10741 = CARTESIAN_POINT('',(8.3507502652E-02,0.4099959,0.14642563921));
#10742 = VECTOR('',#10743,1.);
#10743 = DIRECTION('',(0.,-1.,0.));
#10744 = ORIENTED_EDGE('',*,*,#2064,.F.);
#10745 = B_SPLINE_SURFACE_WITH_KNOTS('',3,1,(
    (#10746,#10747)
    ,(#10748,#10749)
    ,(#10750,#10751)
    ,(#10752,#10753
    )),.UNSPECIFIED.,.F.,.F.,.F.,(4,4),(2,2),(0.,1.),(0.,1.),
  .PIECEWISE_BEZIER_KNOTS.);
#10746 = CARTESIAN_POINT('',(6.7890992963E-02,0.4099959,0.123579270105)
  );
#10747 = CARTESIAN_POINT('',(6.7890992963E-02,0.399996,0.123579270105));
#10748 = CARTESIAN_POINT('',(7.1072128515E-02,0.4099959,0.132255106369)
  );
#10749 = CARTESIAN_POINT('',(7.1072128515E-02,0.399996,0.132255106369));
#10750 = CARTESIAN_POINT('',(7.6566829228E-02,0.4099959,0.140063358455)
  );
#10751 = CARTESIAN_POINT('',(7.6566829228E-02,0.399996,0.140063358455));
#10752 = CARTESIAN_POINT('',(8.3507502652E-02,0.4099959,0.14642563921));
#10753 = CARTESIAN_POINT('',(8.3507502652E-02,0.399996,0.14642563921));
#10754 = ADVANCED_FACE('',(#10755),#10766,.F.);
#10755 = FACE_BOUND('',#10756,.F.);
#10756 = EDGE_LOOP('',(#10757,#10758,#10759,#10765));
#10757 = ORIENTED_EDGE('',*,*,#10739,.F.);
#10758 = ORIENTED_EDGE('',*,*,#10406,.T.);
#10759 = ORIENTED_EDGE('',*,*,#10760,.T.);
#10760 = EDGE_CURVE('',#10407,#2047,#10761,.T.);
#10761 = LINE('',#10762,#10763);
#10762 = CARTESIAN_POINT('',(0.12283795597,0.4099959,0.161463756228));
#10763 = VECTOR('',#10764,1.);
#10764 = DIRECTION('',(0.,-1.,0.));
#10765 = ORIENTED_EDGE('',*,*,#2055,.F.);
#10766 = B_SPLINE_SURFACE_WITH_KNOTS('',3,1,(
    (#10767,#10768)
    ,(#10769,#10770)
    ,(#10771,#10772)
    ,(#10773,#10774
    )),.UNSPECIFIED.,.F.,.F.,.F.,(4,4),(2,2),(1.,2.),(0.,1.),
  .PIECEWISE_BEZIER_KNOTS.);
#10767 = CARTESIAN_POINT('',(8.3507502652E-02,0.4099959,0.14642563921));
#10768 = CARTESIAN_POINT('',(8.3507502652E-02,0.399996,0.14642563921));
#10769 = CARTESIAN_POINT('',(9.4496893047E-02,0.4099959,0.155969059997)
  );
#10770 = CARTESIAN_POINT('',(9.4496893047E-02,0.399996,0.155969059997));
#10771 = CARTESIAN_POINT('',(0.108378228864,0.4099959,0.161463756228));
#10772 = CARTESIAN_POINT('',(0.108378228864,0.399996,0.161463756228));
#10773 = CARTESIAN_POINT('',(0.12283795597,0.4099959,0.161463756228));
#10774 = CARTESIAN_POINT('',(0.12283795597,0.399996,0.161463756228));
#10775 = ADVANCED_FACE('',(#10776),#10787,.F.);
#10776 = FACE_BOUND('',#10777,.F.);
#10777 = EDGE_LOOP('',(#10778,#10779,#10780,#10786));
#10778 = ORIENTED_EDGE('',*,*,#10760,.F.);
#10779 = ORIENTED_EDGE('',*,*,#10415,.T.);
#10780 = ORIENTED_EDGE('',*,*,#10781,.T.);
#10781 = EDGE_CURVE('',#10416,#2038,#10782,.T.);
#10782 = LINE('',#10783,#10784);
#10783 = CARTESIAN_POINT('',(0.157541301027,0.4099959,0.150185168809));
#10784 = VECTOR('',#10785,1.);
#10785 = DIRECTION('',(0.,-1.,0.));
#10786 = ORIENTED_EDGE('',*,*,#2046,.F.);
#10787 = B_SPLINE_SURFACE_WITH_KNOTS('',3,1,(
    (#10788,#10789)
    ,(#10790,#10791)
    ,(#10792,#10793)
    ,(#10794,#10795
    )),.UNSPECIFIED.,.F.,.F.,.F.,(4,4),(2,2),(2.,3.),(0.,1.),
  .PIECEWISE_BEZIER_KNOTS.);
#10788 = CARTESIAN_POINT('',(0.12283795597,0.4099959,0.161463756228));
#10789 = CARTESIAN_POINT('',(0.12283795597,0.399996,0.161463756228));
#10790 = CARTESIAN_POINT('',(0.135562514721,0.4099959,0.161463756228));
#10791 = CARTESIAN_POINT('',(0.135562514721,0.399996,0.161463756228));
#10792 = CARTESIAN_POINT('',(0.147419492052,0.4099959,0.157415032708));
#10793 = CARTESIAN_POINT('',(0.147419492052,0.399996,0.157415032708));
#10794 = CARTESIAN_POINT('',(0.157541301027,0.4099959,0.150185168809));
#10795 = CARTESIAN_POINT('',(0.157541301027,0.399996,0.150185168809));
#10796 = ADVANCED_FACE('',(#10797),#10808,.F.);
#10797 = FACE_BOUND('',#10798,.F.);
#10798 = EDGE_LOOP('',(#10799,#10800,#10801,#10807));
#10799 = ORIENTED_EDGE('',*,*,#10781,.F.);
#10800 = ORIENTED_EDGE('',*,*,#10424,.T.);
#10801 = ORIENTED_EDGE('',*,*,#10802,.T.);
#10802 = EDGE_CURVE('',#10425,#2029,#10803,.T.);
#10803 = LINE('',#10804,#10805);
#10804 = CARTESIAN_POINT('',(0.170265859778,0.4099959,0.137460608679));
#10805 = VECTOR('',#10806,1.);
#10806 = DIRECTION('',(0.,-1.,0.));
#10807 = ORIENTED_EDGE('',*,*,#2037,.F.);
#10808 = B_SPLINE_SURFACE_WITH_KNOTS('',3,1,(
    (#10809,#10810)
    ,(#10811,#10812)
    ,(#10813,#10814)
    ,(#10815,#10816
    )),.UNSPECIFIED.,.F.,.F.,.F.,(4,4),(2,2),(3.,4.),(0.,1.),
  .PIECEWISE_BEZIER_KNOTS.);
#10809 = CARTESIAN_POINT('',(0.157541301027,0.4099959,0.150185168809));
#10810 = CARTESIAN_POINT('',(0.157541301027,0.399996,0.150185168809));
#10811 = CARTESIAN_POINT('',(0.16245761045,0.4099959,0.146714833476));
#10812 = CARTESIAN_POINT('',(0.16245761045,0.399996,0.146714833476));
#10813 = CARTESIAN_POINT('',(0.166506332937,0.4099959,0.142376915345));
#10814 = CARTESIAN_POINT('',(0.166506332937,0.399996,0.142376915345));
#10815 = CARTESIAN_POINT('',(0.170265859778,0.4099959,0.137460608679));
#10816 = CARTESIAN_POINT('',(0.170265859778,0.399996,0.137460608679));
#10817 = ADVANCED_FACE('',(#10818),#10829,.F.);
#10818 = FACE_BOUND('',#10819,.F.);
#10819 = EDGE_LOOP('',(#10820,#10821,#10822,#10828));
#10820 = ORIENTED_EDGE('',*,*,#10802,.F.);
#10821 = ORIENTED_EDGE('',*,*,#10433,.T.);
#10822 = ORIENTED_EDGE('',*,*,#10823,.T.);
#10823 = EDGE_CURVE('',#10434,#2020,#10824,.T.);
#10824 = LINE('',#10825,#10826);
#10825 = CARTESIAN_POINT('',(0.176917332041,0.4099959,0.138038997212));
#10826 = VECTOR('',#10827,1.);
#10827 = DIRECTION('',(0.,-1.,0.));
#10828 = ORIENTED_EDGE('',*,*,#2028,.F.);
#10829 = B_SPLINE_SURFACE_WITH_KNOTS('',3,1,(
    (#10830,#10831)
    ,(#10832,#10833)
    ,(#10834,#10835)
    ,(#10836,#10837
    )),.UNSPECIFIED.,.F.,.F.,.F.,(4,4),(2,2),(4.,5.),(0.,1.),
  .PIECEWISE_BEZIER_KNOTS.);
#10830 = CARTESIAN_POINT('',(0.170265859778,0.4099959,0.137460608679));
#10831 = CARTESIAN_POINT('',(0.170265859778,0.399996,0.137460608679));
#10832 = CARTESIAN_POINT('',(0.172579413909,0.4099959,0.137749804324));
#10833 = CARTESIAN_POINT('',(0.172579413909,0.399996,0.137749804324));
#10834 = CARTESIAN_POINT('',(0.174603777911,0.4099959,0.138038997212));
#10835 = CARTESIAN_POINT('',(0.174603777911,0.399996,0.138038997212));
#10836 = CARTESIAN_POINT('',(0.176917332041,0.4099959,0.138038997212));
#10837 = CARTESIAN_POINT('',(0.176917332041,0.399996,0.138038997212));
#10838 = ADVANCED_FACE('',(#10839),#10850,.F.);
#10839 = FACE_BOUND('',#10840,.F.);
#10840 = EDGE_LOOP('',(#10841,#10842,#10843,#10849));
#10841 = ORIENTED_EDGE('',*,*,#10823,.F.);
#10842 = ORIENTED_EDGE('',*,*,#10442,.T.);
#10843 = ORIENTED_EDGE('',*,*,#10844,.T.);
#10844 = EDGE_CURVE('',#10443,#2011,#10845,.T.);
#10845 = LINE('',#10846,#10847);
#10846 = CARTESIAN_POINT('',(0.210174704387,0.4099959,0.124157658638));
#10847 = VECTOR('',#10848,1.);
#10848 = DIRECTION('',(0.,-1.,0.));
#10849 = ORIENTED_EDGE('',*,*,#2019,.F.);
#10850 = B_SPLINE_SURFACE_WITH_KNOTS('',3,1,(
    (#10851,#10852)
    ,(#10853,#10854)
    ,(#10855,#10856)
    ,(#10857,#10858
    )),.UNSPECIFIED.,.F.,.F.,.F.,(4,4),(2,2),(5.,6.),(0.,1.),
  .PIECEWISE_BEZIER_KNOTS.);
#10851 = CARTESIAN_POINT('',(0.176917332041,0.4099959,0.138038997212));
#10852 = CARTESIAN_POINT('',(0.176917332041,0.399996,0.138038997212));
#10853 = CARTESIAN_POINT('',(0.189352697905,0.4099959,0.138038997212));
#10854 = CARTESIAN_POINT('',(0.189352697905,0.399996,0.138038997212));
#10855 = CARTESIAN_POINT('',(0.201209672478,0.4099959,0.133122690548));
#10856 = CARTESIAN_POINT('',(0.201209672478,0.399996,0.133122690548));
#10857 = CARTESIAN_POINT('',(0.210174704387,0.4099959,0.124157658638));
#10858 = CARTESIAN_POINT('',(0.210174704387,0.399996,0.124157658638));
#10859 = ADVANCED_FACE('',(#10860),#10871,.F.);
#10860 = FACE_BOUND('',#10861,.F.);
#10861 = EDGE_LOOP('',(#10862,#10863,#10864,#10870));
#10862 = ORIENTED_EDGE('',*,*,#10844,.F.);
#10863 = ORIENTED_EDGE('',*,*,#10451,.T.);
#10864 = ORIENTED_EDGE('',*,*,#10865,.T.);
#10865 = EDGE_CURVE('',#10452,#2002,#10866,.T.);
#10866 = LINE('',#10867,#10868);
#10867 = CARTESIAN_POINT('',(0.22376685559,0.4099959,9.1189484695E-02));
#10868 = VECTOR('',#10869,1.);
#10869 = DIRECTION('',(0.,-1.,0.));
#10870 = ORIENTED_EDGE('',*,*,#2010,.F.);
#10871 = B_SPLINE_SURFACE_WITH_KNOTS('',3,1,(
    (#10872,#10873)
    ,(#10874,#10875)
    ,(#10876,#10877)
    ,(#10878,#10879
    )),.UNSPECIFIED.,.F.,.F.,.F.,(4,4),(2,2),(6.,7.),(0.,1.),
  .PIECEWISE_BEZIER_KNOTS.);
#10872 = CARTESIAN_POINT('',(0.210174704387,0.4099959,0.124157658638));
#10873 = CARTESIAN_POINT('',(0.210174704387,0.399996,0.124157658638));
#10874 = CARTESIAN_POINT('',(0.218850548236,0.4099959,0.115481825131));
#10875 = CARTESIAN_POINT('',(0.218850548236,0.399996,0.115481825131));
#10876 = CARTESIAN_POINT('',(0.22376685559,0.4099959,0.1036248478));
#10877 = CARTESIAN_POINT('',(0.22376685559,0.399996,0.1036248478));
#10878 = CARTESIAN_POINT('',(0.22376685559,0.4099959,9.1189484695E-02));
#10879 = CARTESIAN_POINT('',(0.22376685559,0.399996,9.1189484695E-02));
#10880 = ADVANCED_FACE('',(#10881),#10892,.F.);
#10881 = FACE_BOUND('',#10882,.F.);
#10882 = EDGE_LOOP('',(#10883,#10884,#10885,#10891));
#10883 = ORIENTED_EDGE('',*,*,#10865,.F.);
#10884 = ORIENTED_EDGE('',*,*,#10460,.T.);
#10885 = ORIENTED_EDGE('',*,*,#10886,.T.);
#10886 = EDGE_CURVE('',#10461,#1993,#10887,.T.);
#10887 = LINE('',#10888,#10889);
#10888 = CARTESIAN_POINT('',(0.211620685372,0.4099959,5.966728622E-02));
#10889 = VECTOR('',#10890,1.);
#10890 = DIRECTION('',(0.,-1.,0.));
#10891 = ORIENTED_EDGE('',*,*,#2001,.F.);
#10892 = B_SPLINE_SURFACE_WITH_KNOTS('',3,1,(
    (#10893,#10894)
    ,(#10895,#10896)
    ,(#10897,#10898)
    ,(#10899,#10900
    )),.UNSPECIFIED.,.F.,.F.,.F.,(4,4),(2,2),(7.,8.),(0.,1.),
  .PIECEWISE_BEZIER_KNOTS.);
#10893 = CARTESIAN_POINT('',(0.22376685559,0.4099959,9.1189484695E-02));
#10894 = CARTESIAN_POINT('',(0.22376685559,0.399996,9.1189484695E-02));
#10895 = CARTESIAN_POINT('',(0.22376685559,0.4099959,7.9621703009E-02));
#10896 = CARTESIAN_POINT('',(0.22376685559,0.399996,7.9621703009E-02));
#10897 = CARTESIAN_POINT('',(0.219428937459,0.4099959,6.8343111453E-02)
  );
#10898 = CARTESIAN_POINT('',(0.219428937459,0.399996,6.8343111453E-02));
#10899 = CARTESIAN_POINT('',(0.211620685372,0.4099959,5.966728622E-02));
#10900 = CARTESIAN_POINT('',(0.211620685372,0.399996,5.966728622E-02));
#10901 = ADVANCED_FACE('',(#10902),#10913,.F.);
#10902 = FACE_BOUND('',#10903,.F.);
#10903 = EDGE_LOOP('',(#10904,#10905,#10906,#10912));
#10904 = ORIENTED_EDGE('',*,*,#10886,.F.);
#10905 = ORIENTED_EDGE('',*,*,#10469,.T.);
#10906 = ORIENTED_EDGE('',*,*,#10907,.T.);
#10907 = EDGE_CURVE('',#10470,#1984,#10908,.T.);
#10908 = LINE('',#10909,#10910);
#10909 = CARTESIAN_POINT('',(0.188485122001,0.4099959,4.5785950404E-02)
  );
#10910 = VECTOR('',#10911,1.);
#10911 = DIRECTION('',(0.,-1.,0.));
#10912 = ORIENTED_EDGE('',*,*,#1992,.F.);
#10913 = B_SPLINE_SURFACE_WITH_KNOTS('',3,1,(
    (#10914,#10915)
    ,(#10916,#10917)
    ,(#10918,#10919)
    ,(#10920,#10921
    )),.UNSPECIFIED.,.F.,.F.,.F.,(4,4),(2,2),(8.,9.),(0.,1.),
  .PIECEWISE_BEZIER_KNOTS.);
#10914 = CARTESIAN_POINT('',(0.211620685372,0.4099959,5.966728622E-02));
#10915 = CARTESIAN_POINT('',(0.211620685372,0.399996,5.966728622E-02));
#10916 = CARTESIAN_POINT('',(0.205258405996,0.4099959,5.2726612797E-02)
  );
#10917 = CARTESIAN_POINT('',(0.205258405996,0.399996,5.2726612797E-02));
#10918 = CARTESIAN_POINT('',(0.197450151153,0.4099959,4.8099504535E-02)
  );
#10919 = CARTESIAN_POINT('',(0.197450151153,0.399996,4.8099504535E-02));
#10920 = CARTESIAN_POINT('',(0.188485122001,0.4099959,4.5785950404E-02)
  );
#10921 = CARTESIAN_POINT('',(0.188485122001,0.399996,4.5785950404E-02));
#10922 = ADVANCED_FACE('',(#10923),#10934,.F.);
#10923 = FACE_BOUND('',#10924,.F.);
#10924 = EDGE_LOOP('',(#10925,#10926,#10927,#10933));
#10925 = ORIENTED_EDGE('',*,*,#10907,.F.);
#10926 = ORIENTED_EDGE('',*,*,#10478,.T.);
#10927 = ORIENTED_EDGE('',*,*,#10928,.T.);
#10928 = EDGE_CURVE('',#10479,#1975,#10929,.T.);
#10929 = LINE('',#10930,#10931);
#10930 = CARTESIAN_POINT('',(0.16101163774,0.4099959,2.6120723745E-02));
#10931 = VECTOR('',#10932,1.);
#10932 = DIRECTION('',(0.,-1.,0.));
#10933 = ORIENTED_EDGE('',*,*,#1983,.F.);
#10934 = B_SPLINE_SURFACE_WITH_KNOTS('',3,1,(
    (#10935,#10936)
    ,(#10937,#10938)
    ,(#10939,#10940)
    ,(#10941,#10942
    )),.UNSPECIFIED.,.F.,.F.,.F.,(4,4),(2,2),(9.,10.),(0.,1.),
  .PIECEWISE_BEZIER_KNOTS.);
#10935 = CARTESIAN_POINT('',(0.188485122001,0.4099959,4.5785950404E-02)
  );
#10936 = CARTESIAN_POINT('',(0.188485122001,0.399996,4.5785950404E-02));
#10937 = CARTESIAN_POINT('',(0.184725592402,0.4099959,3.4218168719E-02)
  );
#10938 = CARTESIAN_POINT('',(0.184725592402,0.399996,3.4218168719E-02));
#10939 = CARTESIAN_POINT('',(0.173736202007,0.4099959,2.6120723745E-02)
  );
#10940 = CARTESIAN_POINT('',(0.173736202007,0.399996,2.6120723745E-02));
#10941 = CARTESIAN_POINT('',(0.16101163774,0.4099959,2.6120723745E-02));
#10942 = CARTESIAN_POINT('',(0.16101163774,0.399996,2.6120723745E-02));
#10943 = ADVANCED_FACE('',(#10944),#10955,.F.);
#10944 = FACE_BOUND('',#10945,.F.);
#10945 = EDGE_LOOP('',(#10946,#10947,#10948,#10954));
#10946 = ORIENTED_EDGE('',*,*,#10928,.F.);
#10947 = ORIENTED_EDGE('',*,*,#10487,.T.);
#10948 = ORIENTED_EDGE('',*,*,#10949,.T.);
#10949 = EDGE_CURVE('',#10488,#1966,#10950,.T.);
#10950 = LINE('',#10951,#10952);
#10951 = CARTESIAN_POINT('',(0.132092183525,0.4099959,5.5040177959E-02)
  );
#10952 = VECTOR('',#10953,1.);
#10953 = DIRECTION('',(0.,-1.,0.));
#10954 = ORIENTED_EDGE('',*,*,#1974,.F.);
#10955 = B_SPLINE_SURFACE_WITH_KNOTS('',3,1,(
    (#10956,#10957)
    ,(#10958,#10959)
    ,(#10960,#10961)
    ,(#10962,#10963
    )),.UNSPECIFIED.,.F.,.F.,.F.,(4,4),(2,2),(10.,11.),(0.,1.),
  .PIECEWISE_BEZIER_KNOTS.);
#10956 = CARTESIAN_POINT('',(0.16101163774,0.4099959,2.6120723745E-02));
#10957 = CARTESIAN_POINT('',(0.16101163774,0.399996,2.6120723745E-02));
#10958 = CARTESIAN_POINT('',(0.145105937922,0.4099959,2.6120723745E-02)
  );
#10959 = CARTESIAN_POINT('',(0.145105937922,0.399996,2.6120723745E-02));
#10960 = CARTESIAN_POINT('',(0.132092183525,0.4099959,3.9134478141E-02)
  );
#10961 = CARTESIAN_POINT('',(0.132092183525,0.399996,3.9134478141E-02));
#10962 = CARTESIAN_POINT('',(0.132092183525,0.4099959,5.5040177959E-02)
  );
#10963 = CARTESIAN_POINT('',(0.132092183525,0.399996,5.5040177959E-02));
#10964 = ADVANCED_FACE('',(#10965),#10976,.F.);
#10965 = FACE_BOUND('',#10966,.T.);
#10966 = EDGE_LOOP('',(#10967,#10968,#10974,#10975));
#10967 = ORIENTED_EDGE('',*,*,#1965,.T.);
#10968 = ORIENTED_EDGE('',*,*,#10969,.F.);
#10969 = EDGE_CURVE('',#10497,#1958,#10970,.T.);
#10970 = LINE('',#10971,#10972);
#10971 = CARTESIAN_POINT('',(0.132092183525,0.4099959,5.7932123381E-02)
  );
#10972 = VECTOR('',#10973,1.);
#10973 = DIRECTION('',(0.,-1.,0.));
#10974 = ORIENTED_EDGE('',*,*,#10496,.F.);
#10975 = ORIENTED_EDGE('',*,*,#10949,.T.);
#10976 = PLANE('',#10977);
#10977 = AXIS2_PLACEMENT_3D('',#10978,#10979,#10980);
#10978 = CARTESIAN_POINT('',(0.132092183525,0.4099959,5.5040177959E-02)
  );
#10979 = DIRECTION('',(1.,0.,0.));
#10980 = DIRECTION('',(0.,0.,-1.));
#10981 = ADVANCED_FACE('',(#10982),#10993,.F.);
#10982 = FACE_BOUND('',#10983,.T.);
#10983 = EDGE_LOOP('',(#10984,#10985,#10991,#10992));
#10984 = ORIENTED_EDGE('',*,*,#1957,.T.);
#10985 = ORIENTED_EDGE('',*,*,#10986,.F.);
#10986 = EDGE_CURVE('',#10506,#1950,#10987,.T.);
#10987 = LINE('',#10988,#10989);
#10988 = CARTESIAN_POINT('',(9.1604947625E-02,0.4099959,7.9332518396E-02
    ));
#10989 = VECTOR('',#10990,1.);
#10990 = DIRECTION('',(0.,-1.,0.));
#10991 = ORIENTED_EDGE('',*,*,#10505,.F.);
#10992 = ORIENTED_EDGE('',*,*,#10969,.T.);
#10993 = PLANE('',#10994);
#10994 = AXIS2_PLACEMENT_3D('',#10995,#10996,#10997);
#10995 = CARTESIAN_POINT('',(0.132092183525,0.4099959,5.7932123381E-02)
  );
#10996 = DIRECTION('',(0.467307306754,0.,0.884094950248));
#10997 = DIRECTION('',(0.884094950248,0.,-0.467307306754));
#10998 = ADVANCED_FACE('',(#10999),#11010,.F.);
#10999 = FACE_BOUND('',#11000,.T.);
#11000 = EDGE_LOOP('',(#11001,#11002,#11008,#11009));
#11001 = ORIENTED_EDGE('',*,*,#1949,.T.);
#11002 = ORIENTED_EDGE('',*,*,#11003,.F.);
#11003 = EDGE_CURVE('',#10514,#1942,#11004,.T.);
#11004 = LINE('',#11005,#11006);
#11005 = CARTESIAN_POINT('',(0.100569974019,0.4099959,9.4659832439E-02)
  );
#11006 = VECTOR('',#11007,1.);
#11007 = DIRECTION('',(0.,-1.,0.));
#11008 = ORIENTED_EDGE('',*,*,#10513,.F.);
#11009 = ORIENTED_EDGE('',*,*,#10986,.T.);
#11010 = PLANE('',#11011);
#11011 = AXIS2_PLACEMENT_3D('',#11012,#11013,#11014);
#11012 = CARTESIAN_POINT('',(9.1604947625E-02,0.4099959,7.9332518396E-02
    ));
#11013 = DIRECTION('',(0.863187758942,0.,-0.504883048649));
#11014 = DIRECTION('',(-0.504883048649,0.,-0.863187758942));
#11015 = ADVANCED_FACE('',(#11016),#11027,.F.);
#11016 = FACE_BOUND('',#11017,.T.);
#11017 = EDGE_LOOP('',(#11018,#11019,#11025,#11026));
#11018 = ORIENTED_EDGE('',*,*,#1941,.T.);
#11019 = ORIENTED_EDGE('',*,*,#11020,.F.);
#11020 = EDGE_CURVE('',#10522,#1933,#11021,.T.);
#11021 = LINE('',#11022,#11023);
#11022 = CARTESIAN_POINT('',(0.139322041563,0.4099959,7.4416214489E-02)
  );
#11023 = VECTOR('',#11024,1.);
#11024 = DIRECTION('',(0.,-1.,0.));
#11025 = ORIENTED_EDGE('',*,*,#10521,.F.);
#11026 = ORIENTED_EDGE('',*,*,#11003,.T.);
#11027 = PLANE('',#11028);
#11028 = AXIS2_PLACEMENT_3D('',#11029,#11030,#11031);
#11029 = CARTESIAN_POINT('',(0.100569974019,0.4099959,9.4659832439E-02)
  );
#11030 = DIRECTION('',(-0.463018065387,0.,-0.886348842796));
#11031 = DIRECTION('',(-0.886348842796,0.,0.463018065387));
#11032 = ADVANCED_FACE('',(#11033),#11044,.F.);
#11033 = FACE_BOUND('',#11034,.F.);
#11034 = EDGE_LOOP('',(#11035,#11036,#11037,#11043));
#11035 = ORIENTED_EDGE('',*,*,#11020,.F.);
#11036 = ORIENTED_EDGE('',*,*,#10529,.T.);
#11037 = ORIENTED_EDGE('',*,*,#11038,.T.);
#11038 = EDGE_CURVE('',#10530,#1924,#11039,.T.);
#11039 = LINE('',#11040,#11041);
#11040 = CARTESIAN_POINT('',(0.161011632224,0.4099959,8.4248827818E-02)
  );
#11041 = VECTOR('',#11042,1.);
#11042 = DIRECTION('',(0.,-1.,0.));
#11043 = ORIENTED_EDGE('',*,*,#1932,.F.);
#11044 = B_SPLINE_SURFACE_WITH_KNOTS('',3,1,(
    (#11045,#11046)
    ,(#11047,#11048)
    ,(#11049,#11050)
    ,(#11051,#11052
    )),.UNSPECIFIED.,.F.,.F.,.F.,(4,4),(2,2),(15.,16.),(0.,1.),
  .PIECEWISE_BEZIER_KNOTS.);
#11045 = CARTESIAN_POINT('',(0.139322041563,0.4099959,7.4416214489E-02)
  );
#11046 = CARTESIAN_POINT('',(0.139322041563,0.399996,7.4416214489E-02));
#11047 = CARTESIAN_POINT('',(0.144527541115,0.4099959,8.0489300977E-02)
  );
#11048 = CARTESIAN_POINT('',(0.144527541115,0.399996,8.0489300977E-02));
#11049 = CARTESIAN_POINT('',(0.152335795959,0.4099959,8.4248827818E-02)
  );
#11050 = CARTESIAN_POINT('',(0.152335795959,0.399996,8.4248827818E-02));
#11051 = CARTESIAN_POINT('',(0.161011632224,0.4099959,8.4248827818E-02)
  );
#11052 = CARTESIAN_POINT('',(0.161011632224,0.399996,8.4248827818E-02));
#11053 = ADVANCED_FACE('',(#11054),#11065,.F.);
#11054 = FACE_BOUND('',#11055,.F.);
#11055 = EDGE_LOOP('',(#11056,#11057,#11058,#11064));
#11056 = ORIENTED_EDGE('',*,*,#11038,.F.);
#11057 = ORIENTED_EDGE('',*,*,#10538,.T.);
#11058 = ORIENTED_EDGE('',*,*,#11059,.T.);
#11059 = EDGE_CURVE('',#10539,#1915,#11060,.T.);
#11060 = LINE('',#11061,#11062);
#11061 = CARTESIAN_POINT('',(0.188195918081,0.4099959,6.5161986935E-02)
  );
#11062 = VECTOR('',#11063,1.);
#11063 = DIRECTION('',(0.,-1.,0.));
#11064 = ORIENTED_EDGE('',*,*,#1923,.F.);
#11065 = B_SPLINE_SURFACE_WITH_KNOTS('',3,1,(
    (#11066,#11067)
    ,(#11068,#11069)
    ,(#11070,#11071)
    ,(#11072,#11073
    )),.UNSPECIFIED.,.F.,.F.,.F.,(4,4),(2,2),(16.,17.),(0.,1.),
  .PIECEWISE_BEZIER_KNOTS.);
#11066 = CARTESIAN_POINT('',(0.161011632224,0.4099959,8.4248827818E-02)
  );
#11067 = CARTESIAN_POINT('',(0.161011632224,0.399996,8.4248827818E-02));
#11068 = CARTESIAN_POINT('',(0.173447000845,0.4099959,8.4248827818E-02)
  );
#11069 = CARTESIAN_POINT('',(0.173447000845,0.399996,8.4248827818E-02));
#11070 = CARTESIAN_POINT('',(0.184147195595,0.4099959,7.6151382846E-02)
  );
#11071 = CARTESIAN_POINT('',(0.184147195595,0.399996,7.6151382846E-02));
#11072 = CARTESIAN_POINT('',(0.188195918081,0.4099959,6.5161986935E-02)
  );
#11073 = CARTESIAN_POINT('',(0.188195918081,0.399996,6.5161986935E-02));
#11074 = ADVANCED_FACE('',(#11075),#11086,.F.);
#11075 = FACE_BOUND('',#11076,.F.);
#11076 = EDGE_LOOP('',(#11077,#11078,#11079,#11085));
#11077 = ORIENTED_EDGE('',*,*,#11059,.F.);
#11078 = ORIENTED_EDGE('',*,*,#10547,.T.);
#11079 = ORIENTED_EDGE('',*,*,#11080,.T.);
#11080 = EDGE_CURVE('',#10548,#1906,#11081,.T.);
#11081 = LINE('',#11082,#11083);
#11082 = CARTESIAN_POINT('',(0.20554759061,0.4099959,9.1767887017E-02));
#11083 = VECTOR('',#11084,1.);
#11084 = DIRECTION('',(0.,-1.,0.));
#11085 = ORIENTED_EDGE('',*,*,#1914,.F.);
#11086 = B_SPLINE_SURFACE_WITH_KNOTS('',3,1,(
    (#11087,#11088)
    ,(#11089,#11090)
    ,(#11091,#11092)
    ,(#11093,#11094
    )),.UNSPECIFIED.,.F.,.F.,.F.,(4,4),(2,2),(17.,18.),(0.,1.),
  .PIECEWISE_BEZIER_KNOTS.);
#11087 = CARTESIAN_POINT('',(0.188195918081,0.4099959,6.5161986935E-02)
  );
#11088 = CARTESIAN_POINT('',(0.188195918081,0.399996,6.5161986935E-02));
#11089 = CARTESIAN_POINT('',(0.198317727056,0.4099959,6.9789100711E-02)
  );
#11090 = CARTESIAN_POINT('',(0.198317727056,0.399996,6.9789100711E-02));
#11091 = CARTESIAN_POINT('',(0.20554759061,0.4099959,7.9910909686E-02));
#11092 = CARTESIAN_POINT('',(0.20554759061,0.399996,7.9910909686E-02));
#11093 = CARTESIAN_POINT('',(0.20554759061,0.4099959,9.1767887017E-02));
#11094 = CARTESIAN_POINT('',(0.20554759061,0.399996,9.1767887017E-02));
#11095 = ADVANCED_FACE('',(#11096),#11107,.F.);
#11096 = FACE_BOUND('',#11097,.F.);
#11097 = EDGE_LOOP('',(#11098,#11099,#11100,#11106));
#11098 = ORIENTED_EDGE('',*,*,#11080,.F.);
#11099 = ORIENTED_EDGE('',*,*,#10556,.T.);
#11100 = ORIENTED_EDGE('',*,*,#11101,.T.);
#11101 = EDGE_CURVE('',#10557,#1897,#11102,.T.);
#11102 = LINE('',#11103,#11104);
#11103 = CARTESIAN_POINT('',(0.176628136396,0.4099959,0.120687341232));
#11104 = VECTOR('',#11105,1.);
#11105 = DIRECTION('',(0.,-1.,0.));
#11106 = ORIENTED_EDGE('',*,*,#1905,.F.);
#11107 = B_SPLINE_SURFACE_WITH_KNOTS('',3,1,(
    (#11108,#11109)
    ,(#11110,#11111)
    ,(#11112,#11113)
    ,(#11114,#11115
    )),.UNSPECIFIED.,.F.,.F.,.F.,(4,4),(2,2),(18.,19.),(0.,1.),
  .PIECEWISE_BEZIER_KNOTS.);
#11108 = CARTESIAN_POINT('',(0.20554759061,0.4099959,9.1767887017E-02));
#11109 = CARTESIAN_POINT('',(0.20554759061,0.399996,9.1767887017E-02));
#11110 = CARTESIAN_POINT('',(0.20554759061,0.4099959,0.107673586835));
#11111 = CARTESIAN_POINT('',(0.20554759061,0.399996,0.107673586835));
#11112 = CARTESIAN_POINT('',(0.192533836213,0.4099959,0.120687341232));
#11113 = CARTESIAN_POINT('',(0.192533836213,0.399996,0.120687341232));
#11114 = CARTESIAN_POINT('',(0.176628136396,0.4099959,0.120687341232));
#11115 = CARTESIAN_POINT('',(0.176628136396,0.399996,0.120687341232));
#11116 = ADVANCED_FACE('',(#11117),#11128,.F.);
#11117 = FACE_BOUND('',#11118,.F.);
#11118 = EDGE_LOOP('',(#11119,#11120,#11121,#11127));
#11119 = ORIENTED_EDGE('',*,*,#11101,.F.);
#11120 = ORIENTED_EDGE('',*,*,#10565,.T.);
#11121 = ORIENTED_EDGE('',*,*,#11122,.T.);
#11122 = EDGE_CURVE('',#10566,#1888,#11123,.T.);
#11123 = LINE('',#11124,#11125);
#11124 = CARTESIAN_POINT('',(0.161300827869,0.4099959,0.116349423099));
#11125 = VECTOR('',#11126,1.);
#11126 = DIRECTION('',(0.,-1.,0.));
#11127 = ORIENTED_EDGE('',*,*,#1896,.F.);
#11128 = B_SPLINE_SURFACE_WITH_KNOTS('',3,1,(
    (#11129,#11130)
    ,(#11131,#11132)
    ,(#11133,#11134)
    ,(#11135,#11136
    )),.UNSPECIFIED.,.F.,.F.,.F.,(4,4),(2,2),(19.,20.),(0.,1.),
  .PIECEWISE_BEZIER_KNOTS.);
#11129 = CARTESIAN_POINT('',(0.176628136396,0.4099959,0.120687341232));
#11130 = CARTESIAN_POINT('',(0.176628136396,0.399996,0.120687341232));
#11131 = CARTESIAN_POINT('',(0.171133441198,0.4099959,0.120687341232));
#11132 = CARTESIAN_POINT('',(0.171133441198,0.399996,0.120687341232));
#11133 = CARTESIAN_POINT('',(0.165638746001,0.4099959,0.118952172875));
#11134 = CARTESIAN_POINT('',(0.165638746001,0.399996,0.118952172875));
#11135 = CARTESIAN_POINT('',(0.161300827869,0.4099959,0.116349423099));
#11136 = CARTESIAN_POINT('',(0.161300827869,0.399996,0.116349423099));
#11137 = ADVANCED_FACE('',(#11138),#11149,.F.);
#11138 = FACE_BOUND('',#11139,.F.);
#11139 = EDGE_LOOP('',(#11140,#11141,#11142,#11148));
#11140 = ORIENTED_EDGE('',*,*,#11122,.F.);
#11141 = ORIENTED_EDGE('',*,*,#10574,.T.);
#11142 = ORIENTED_EDGE('',*,*,#11143,.T.);
#11143 = EDGE_CURVE('',#10575,#1879,#11144,.T.);
#11144 = LINE('',#11145,#11146);
#11145 = CARTESIAN_POINT('',(0.122548765841,0.4099959,0.1441120837));
#11146 = VECTOR('',#11147,1.);
#11147 = DIRECTION('',(0.,-1.,0.));
#11148 = ORIENTED_EDGE('',*,*,#1887,.F.);
#11149 = B_SPLINE_SURFACE_WITH_KNOTS('',3,1,(
    (#11150,#11151)
    ,(#11152,#11153)
    ,(#11154,#11155)
    ,(#11156,#11157
    )),.UNSPECIFIED.,.F.,.F.,.F.,(4,4),(2,2),(20.,21.),(0.,1.),
  .PIECEWISE_BEZIER_KNOTS.);
#11150 = CARTESIAN_POINT('',(0.161300827869,0.4099959,0.116349423099));
#11151 = CARTESIAN_POINT('',(0.161300827869,0.399996,0.116349423099));
#11152 = CARTESIAN_POINT('',(0.155806138187,0.4099959,0.132544302015));
#11153 = CARTESIAN_POINT('',(0.155806138187,0.399996,0.132544302015));
#11154 = CARTESIAN_POINT('',(0.14076801979,0.4099959,0.1441120837));
#11155 = CARTESIAN_POINT('',(0.14076801979,0.399996,0.1441120837));
#11156 = CARTESIAN_POINT('',(0.122548765841,0.4099959,0.1441120837));
#11157 = CARTESIAN_POINT('',(0.122548765841,0.399996,0.1441120837));
#11158 = ADVANCED_FACE('',(#11159),#11170,.F.);
#11159 = FACE_BOUND('',#11160,.F.);
#11160 = EDGE_LOOP('',(#11161,#11162,#11163,#11169));
#11161 = ORIENTED_EDGE('',*,*,#11143,.F.);
#11162 = ORIENTED_EDGE('',*,*,#10583,.T.);
#11163 = ORIENTED_EDGE('',*,*,#11164,.T.);
#11164 = EDGE_CURVE('',#10584,#1870,#11165,.T.);
#11165 = LINE('',#11166,#11167);
#11166 = CARTESIAN_POINT('',(8.2061529941E-02,0.4099959,0.107962765933)
  );
#11167 = VECTOR('',#11168,1.);
#11168 = DIRECTION('',(0.,-1.,0.));
#11169 = ORIENTED_EDGE('',*,*,#1878,.F.);
#11170 = B_SPLINE_SURFACE_WITH_KNOTS('',3,1,(
    (#11171,#11172)
    ,(#11173,#11174)
    ,(#11175,#11176)
    ,(#11177,#11178
    )),.UNSPECIFIED.,.F.,.F.,.F.,(4,4),(2,2),(21.,22.),(0.,1.),
  .PIECEWISE_BEZIER_KNOTS.);
#11171 = CARTESIAN_POINT('',(0.122548765841,0.4099959,0.1441120837));
#11172 = CARTESIAN_POINT('',(0.122548765841,0.399996,0.1441120837));
#11173 = CARTESIAN_POINT('',(0.1017267566,0.4099959,0.1441120837));
#11174 = CARTESIAN_POINT('',(0.1017267566,0.399996,0.1441120837));
#11175 = CARTESIAN_POINT('',(8.4375084072E-02,0.4099959,0.128206383882)
  );
#11176 = CARTESIAN_POINT('',(8.4375084072E-02,0.399996,0.128206383882));
#11177 = CARTESIAN_POINT('',(8.2061529941E-02,0.4099959,0.107962765933)
  );
#11178 = CARTESIAN_POINT('',(8.2061529941E-02,0.399996,0.107962765933));
#11179 = ADVANCED_FACE('',(#11180),#11191,.F.);
#11180 = FACE_BOUND('',#11181,.T.);
#11181 = EDGE_LOOP('',(#11182,#11183,#11189,#11190));
#11182 = ORIENTED_EDGE('',*,*,#1869,.T.);
#11183 = ORIENTED_EDGE('',*,*,#11184,.F.);
#11184 = EDGE_CURVE('',#10593,#1861,#11185,.T.);
#11185 = LINE('',#11186,#11187);
#11186 = CARTESIAN_POINT('',(7.974797581E-02,0.4099959,0.107962765933));
#11187 = VECTOR('',#11188,1.);
#11188 = DIRECTION('',(0.,-1.,0.));
#11189 = ORIENTED_EDGE('',*,*,#10592,.F.);
#11190 = ORIENTED_EDGE('',*,*,#11164,.T.);
#11191 = PLANE('',#11192);
#11192 = AXIS2_PLACEMENT_3D('',#11193,#11194,#11195);
#11193 = CARTESIAN_POINT('',(8.2061529941E-02,0.4099959,0.107962765933)
  );
#11194 = DIRECTION('',(5.857823445962E-15,0.,1.));
#11195 = DIRECTION('',(1.,0.,-5.857823445962E-15));
#11196 = ADVANCED_FACE('',(#11197),#11208,.F.);
#11197 = FACE_BOUND('',#11198,.F.);
#11198 = EDGE_LOOP('',(#11199,#11200,#11201,#11207));
#11199 = ORIENTED_EDGE('',*,*,#11184,.F.);
#11200 = ORIENTED_EDGE('',*,*,#10601,.T.);
#11201 = ORIENTED_EDGE('',*,*,#11202,.T.);
#11202 = EDGE_CURVE('',#10602,#1852,#11203,.T.);
#11203 = LINE('',#11204,#11205);
#11204 = CARTESIAN_POINT('',(5.719080373E-02,0.4099959,8.5405593853E-02)
  );
#11205 = VECTOR('',#11206,1.);
#11206 = DIRECTION('',(0.,-1.,0.));
#11207 = ORIENTED_EDGE('',*,*,#1860,.F.);
#11208 = B_SPLINE_SURFACE_WITH_KNOTS('',3,1,(
    (#11209,#11210)
    ,(#11211,#11212)
    ,(#11213,#11214)
    ,(#11215,#11216
    )),.UNSPECIFIED.,.F.,.F.,.F.,(4,4),(2,2),(23.,24.),(0.,1.),
  .PIECEWISE_BEZIER_KNOTS.);
#11209 = CARTESIAN_POINT('',(7.974797581E-02,0.4099959,0.107962765933));
#11210 = CARTESIAN_POINT('',(7.974797581E-02,0.399996,0.107962765933));
#11211 = CARTESIAN_POINT('',(6.7312612705E-02,0.4099959,0.107962765933)
  );
#11212 = CARTESIAN_POINT('',(6.7312612705E-02,0.399996,0.107962765933));
#11213 = CARTESIAN_POINT('',(5.719080373E-02,0.4099959,9.7840956958E-02)
  );
#11214 = CARTESIAN_POINT('',(5.719080373E-02,0.399996,9.7840956958E-02)
  );
#11215 = CARTESIAN_POINT('',(5.719080373E-02,0.4099959,8.5405593853E-02)
  );
#11216 = CARTESIAN_POINT('',(5.719080373E-02,0.399996,8.5405593853E-02)
  );
#11217 = ADVANCED_FACE('',(#11218),#11229,.F.);
#11218 = FACE_BOUND('',#11219,.F.);
#11219 = EDGE_LOOP('',(#11220,#11221,#11222,#11228));
#11220 = ORIENTED_EDGE('',*,*,#11202,.F.);
#11221 = ORIENTED_EDGE('',*,*,#10610,.T.);
#11222 = ORIENTED_EDGE('',*,*,#11223,.T.);
#11223 = EDGE_CURVE('',#10611,#1844,#11224,.T.);
#11224 = LINE('',#11225,#11226);
#11225 = CARTESIAN_POINT('',(7.801281297E-02,0.4099959,6.2848421771E-02)
  );
#11226 = VECTOR('',#11227,1.);
#11227 = DIRECTION('',(0.,-1.,0.));
#11228 = ORIENTED_EDGE('',*,*,#1851,.F.);
#11229 = B_SPLINE_SURFACE_WITH_KNOTS('',3,1,(
    (#11230,#11231)
    ,(#11232,#11233)
    ,(#11234,#11235)
    ,(#11236,#11237
    )),.UNSPECIFIED.,.F.,.F.,.F.,(4,4),(2,2),(24.,25.),(0.,1.),
  .PIECEWISE_BEZIER_KNOTS.);
#11230 = CARTESIAN_POINT('',(5.719080373E-02,0.4099959,8.5405593853E-02)
  );
#11231 = CARTESIAN_POINT('',(5.719080373E-02,0.399996,8.5405593853E-02)
  );
#11232 = CARTESIAN_POINT('',(5.719080373E-02,0.4099959,7.3548616521E-02)
  );
#11233 = CARTESIAN_POINT('',(5.719080373E-02,0.399996,7.3548616521E-02)
  );
#11234 = CARTESIAN_POINT('',(6.6155830124E-02,0.4099959,6.3716003192E-02
    ));
#11235 = CARTESIAN_POINT('',(6.6155830124E-02,0.399996,6.3716003192E-02)
  );
#11236 = CARTESIAN_POINT('',(7.801281297E-02,0.4099959,6.2848421771E-02)
  );
#11237 = CARTESIAN_POINT('',(7.801281297E-02,0.399996,6.2848421771E-02)
  );
#11238 = ADVANCED_FACE('',(#11239),#11250,.F.);
#11239 = FACE_BOUND('',#11240,.T.);
#11240 = EDGE_LOOP('',(#11241,#11242,#11248,#11249));
#11241 = ORIENTED_EDGE('',*,*,#1843,.T.);
#11242 = ORIENTED_EDGE('',*,*,#11243,.F.);
#11243 = EDGE_CURVE('',#10620,#1835,#11244,.T.);
#11244 = LINE('',#11245,#11246);
#11245 = CARTESIAN_POINT('',(9.1026567367E-02,0.4099959,6.2848421771E-02
    ));
#11246 = VECTOR('',#11247,1.);
#11247 = DIRECTION('',(0.,-1.,0.));
#11248 = ORIENTED_EDGE('',*,*,#10619,.F.);
#11249 = ORIENTED_EDGE('',*,*,#11223,.T.);
#11250 = PLANE('',#11251);
#11251 = AXIS2_PLACEMENT_3D('',#11252,#11253,#11254);
#11252 = CARTESIAN_POINT('',(7.801281297E-02,0.4099959,6.2848421771E-02)
  );
#11253 = DIRECTION('',(-7.289728891947E-15,0.,-1.));
#11254 = DIRECTION('',(-1.,0.,7.289728891947E-15));
#11255 = ADVANCED_FACE('',(#11256),#11267,.F.);
#11256 = FACE_BOUND('',#11257,.F.);
#11257 = EDGE_LOOP('',(#11258,#11259,#11260,#11266));
#11258 = ORIENTED_EDGE('',*,*,#11243,.F.);
#11259 = ORIENTED_EDGE('',*,*,#10627,.T.);
#11260 = ORIENTED_EDGE('',*,*,#11261,.T.);
#11261 = EDGE_CURVE('',#10628,#1826,#11262,.T.);
#11262 = LINE('',#11263,#11264);
#11263 = CARTESIAN_POINT('',(9.2761730207E-02,0.4099959,6.3137611901E-02
    ));
#11264 = VECTOR('',#11265,1.);
#11265 = DIRECTION('',(0.,-1.,0.));
#11266 = ORIENTED_EDGE('',*,*,#1834,.F.);
#11267 = B_SPLINE_SURFACE_WITH_KNOTS('',3,1,(
    (#11268,#11269)
    ,(#11270,#11271)
    ,(#11272,#11273)
    ,(#11274,#11275
    )),.UNSPECIFIED.,.F.,.F.,.F.,(4,4),(2,2),(26.,27.),(0.,1.),
  .PIECEWISE_BEZIER_KNOTS.);
#11268 = CARTESIAN_POINT('',(9.1026567367E-02,0.4099959,6.2848421771E-02
    ));
#11269 = CARTESIAN_POINT('',(9.1026567367E-02,0.399996,6.2848421771E-02)
  );
#11270 = CARTESIAN_POINT('',(9.1604958657E-02,0.4099959,6.2848421771E-02
    ));
#11271 = CARTESIAN_POINT('',(9.1604958657E-02,0.399996,6.2848421771E-02)
  );
#11272 = CARTESIAN_POINT('',(9.2183349948E-02,0.4099959,6.3137611901E-02
    ));
#11273 = CARTESIAN_POINT('',(9.2183349948E-02,0.399996,6.3137611901E-02)
  );
#11274 = CARTESIAN_POINT('',(9.2761730207E-02,0.4099959,6.3137611901E-02
    ));
#11275 = CARTESIAN_POINT('',(9.2761730207E-02,0.399996,6.3137611901E-02)
  );
#11276 = ADVANCED_FACE('',(#11277),#11288,.F.);
#11277 = FACE_BOUND('',#11278,.F.);
#11278 = EDGE_LOOP('',(#11279,#11280,#11281,#11287));
#11279 = ORIENTED_EDGE('',*,*,#11261,.F.);
#11280 = ORIENTED_EDGE('',*,*,#10636,.T.);
#11281 = ORIENTED_EDGE('',*,*,#11282,.T.);
#11282 = EDGE_CURVE('',#10637,#1817,#11283,.T.);
#11283 = LINE('',#11284,#11285);
#11284 = CARTESIAN_POINT('',(0.1017267566,0.4099959,5.4172585508E-02));
#11285 = VECTOR('',#11286,1.);
#11286 = DIRECTION('',(0.,-1.,0.));
#11287 = ORIENTED_EDGE('',*,*,#1825,.F.);
#11288 = B_SPLINE_SURFACE_WITH_KNOTS('',3,1,(
    (#11289,#11290)
    ,(#11291,#11292)
    ,(#11293,#11294)
    ,(#11295,#11296
    )),.UNSPECIFIED.,.F.,.F.,.F.,(4,4),(2,2),(27.,28.),(0.,1.),
  .PIECEWISE_BEZIER_KNOTS.);
#11289 = CARTESIAN_POINT('',(9.2761730207E-02,0.4099959,6.3137611901E-02
    ));
#11290 = CARTESIAN_POINT('',(9.2761730207E-02,0.399996,6.3137611901E-02)
  );
#11291 = CARTESIAN_POINT('',(9.767803963E-02,0.4099959,6.3137611901E-02)
  );
#11292 = CARTESIAN_POINT('',(9.767803963E-02,0.399996,6.3137611901E-02)
  );
#11293 = CARTESIAN_POINT('',(0.1017267566,0.4099959,5.9088883898E-02));
#11294 = CARTESIAN_POINT('',(0.1017267566,0.399996,5.9088883898E-02));
#11295 = CARTESIAN_POINT('',(0.1017267566,0.4099959,5.4172585508E-02));
#11296 = CARTESIAN_POINT('',(0.1017267566,0.399996,5.4172585508E-02));
#11297 = ADVANCED_FACE('',(#11298),#11309,.F.);
#11298 = FACE_BOUND('',#11299,.F.);
#11299 = EDGE_LOOP('',(#11300,#11301,#11302,#11308));
#11300 = ORIENTED_EDGE('',*,*,#11282,.F.);
#11301 = ORIENTED_EDGE('',*,*,#10645,.T.);
#11302 = ORIENTED_EDGE('',*,*,#11303,.T.);
#11303 = EDGE_CURVE('',#10646,#1809,#11304,.T.);
#11304 = LINE('',#11305,#11306);
#11305 = CARTESIAN_POINT('',(9.3340110466E-02,0.4099959,4.5207559114E-02
    ));
#11306 = VECTOR('',#11307,1.);
#11307 = DIRECTION('',(0.,-1.,0.));
#11308 = ORIENTED_EDGE('',*,*,#1816,.F.);
#11309 = B_SPLINE_SURFACE_WITH_KNOTS('',3,1,(
    (#11310,#11311)
    ,(#11312,#11313)
    ,(#11314,#11315)
    ,(#11316,#11317
    )),.UNSPECIFIED.,.F.,.F.,.F.,(4,4),(2,2),(28.,29.),(0.,1.),
  .PIECEWISE_BEZIER_KNOTS.);
#11310 = CARTESIAN_POINT('',(0.1017267566,0.4099959,5.4172585508E-02));
#11311 = CARTESIAN_POINT('',(0.1017267566,0.399996,5.4172585508E-02));
#11312 = CARTESIAN_POINT('',(0.1017267566,0.4099959,4.9545477245E-02));
#11313 = CARTESIAN_POINT('',(0.1017267566,0.399996,4.9545477245E-02));
#11314 = CARTESIAN_POINT('',(9.7967229759E-02,0.4099959,4.5496749243E-02
    ));
#11315 = CARTESIAN_POINT('',(9.7967229759E-02,0.399996,4.5496749243E-02)
  );
#11316 = CARTESIAN_POINT('',(9.3340110466E-02,0.4099959,4.5207559114E-02
    ));
#11317 = CARTESIAN_POINT('',(9.3340110466E-02,0.399996,4.5207559114E-02)
  );
#11318 = ADVANCED_FACE('',(#11319),#11330,.F.);
#11319 = FACE_BOUND('',#11320,.T.);
#11320 = EDGE_LOOP('',(#11321,#11322,#11328,#11329));
#11321 = ORIENTED_EDGE('',*,*,#1808,.T.);
#11322 = ORIENTED_EDGE('',*,*,#11323,.F.);
#11323 = EDGE_CURVE('',#10655,#1800,#11324,.T.);
#11324 = LINE('',#11325,#11326);
#11325 = CARTESIAN_POINT('',(7.6277639099E-02,0.4099959,4.5207559114E-02
    ));
#11326 = VECTOR('',#11327,1.);
#11327 = DIRECTION('',(0.,-1.,0.));
#11328 = ORIENTED_EDGE('',*,*,#10654,.F.);
#11329 = ORIENTED_EDGE('',*,*,#11303,.T.);
#11330 = PLANE('',#11331);
#11331 = AXIS2_PLACEMENT_3D('',#11332,#11333,#11334);
#11332 = CARTESIAN_POINT('',(7.7145220519E-02,0.4099959,4.5207559114E-02
    ));
#11333 = DIRECTION('',(1.562088735008E-14,0.,1.));
#11334 = DIRECTION('',(1.,0.,-1.562088735008E-14));
#11335 = ADVANCED_FACE('',(#11336),#11347,.F.);
#11336 = FACE_BOUND('',#11337,.F.);
#11337 = EDGE_LOOP('',(#11338,#11339,#11340,#11346));
#11338 = ORIENTED_EDGE('',*,*,#11323,.F.);
#11339 = ORIENTED_EDGE('',*,*,#10662,.T.);
#11340 = ORIENTED_EDGE('',*,*,#11341,.T.);
#11341 = EDGE_CURVE('',#10663,#1791,#11342,.T.);
#11342 = LINE('',#11343,#11344);
#11343 = CARTESIAN_POINT('',(4.9960940177E-02,0.4099959,5.822131351E-02)
  );
#11344 = VECTOR('',#11345,1.);
#11345 = DIRECTION('',(0.,-1.,0.));
#11346 = ORIENTED_EDGE('',*,*,#1799,.F.);
#11347 = B_SPLINE_SURFACE_WITH_KNOTS('',3,1,(
    (#11348,#11349)
    ,(#11350,#11351)
    ,(#11352,#11353)
    ,(#11354,#11355
    )),.UNSPECIFIED.,.F.,.F.,.F.,(4,4),(2,2),(33.,34.),(0.,1.),
  .PIECEWISE_BEZIER_KNOTS.);
#11348 = CARTESIAN_POINT('',(7.6277639099E-02,0.4099959,4.5207559114E-02
    ));
#11349 = CARTESIAN_POINT('',(7.6277639099E-02,0.399996,4.5207559114E-02)
  );
#11350 = CARTESIAN_POINT('',(6.6155830124E-02,0.4099959,4.6075140534E-02
    ));
#11351 = CARTESIAN_POINT('',(6.6155830124E-02,0.399996,4.6075140534E-02)
  );
#11352 = CARTESIAN_POINT('',(5.6901602568E-02,0.4099959,5.0702259827E-02
    ));
#11353 = CARTESIAN_POINT('',(5.6901602568E-02,0.399996,5.0702259827E-02)
  );
#11354 = CARTESIAN_POINT('',(4.9960940177E-02,0.4099959,5.822131351E-02)
  );
#11355 = CARTESIAN_POINT('',(4.9960940177E-02,0.399996,5.822131351E-02)
  );
#11356 = ADVANCED_FACE('',(#11357),#11363,.F.);
#11357 = FACE_BOUND('',#11358,.F.);
#11358 = EDGE_LOOP('',(#11359,#11360,#11361,#11362));
#11359 = ORIENTED_EDGE('',*,*,#11341,.F.);
#11360 = ORIENTED_EDGE('',*,*,#10671,.T.);
#11361 = ORIENTED_EDGE('',*,*,#10711,.T.);
#11362 = ORIENTED_EDGE('',*,*,#1790,.F.);
#11363 = B_SPLINE_SURFACE_WITH_KNOTS('',3,1,(
    (#11364,#11365)
    ,(#11366,#11367)
    ,(#11368,#11369)
    ,(#11370,#11371
    )),.UNSPECIFIED.,.F.,.F.,.F.,(4,4),(2,2),(34.,35.),(0.,1.),
  .PIECEWISE_BEZIER_KNOTS.);
#11364 = CARTESIAN_POINT('',(4.9960940177E-02,0.4099959,5.822131351E-02)
  );
#11365 = CARTESIAN_POINT('',(4.9960940177E-02,0.399996,5.822131351E-02)
  );
#11366 = CARTESIAN_POINT('',(4.3020266752E-02,0.4099959,6.5740367193E-02
    ));
#11367 = CARTESIAN_POINT('',(4.3020266752E-02,0.399996,6.5740367193E-02)
  );
#11368 = CARTESIAN_POINT('',(3.9260739911E-02,0.4099959,7.5572986039E-02
    ));
#11369 = CARTESIAN_POINT('',(3.9260739911E-02,0.399996,7.5572986039E-02)
  );
#11370 = CARTESIAN_POINT('',(3.9260739911E-02,0.4099959,8.5694795013E-02
    ));
#11371 = CARTESIAN_POINT('',(3.9260739911E-02,0.399996,8.5694795013E-02)
  );
#11372 = ADVANCED_FACE('',(#11373),#11402,.T.);
#11373 = FACE_BOUND('',#11374,.T.);
#11374 = EDGE_LOOP('',(#11375,#11389,#11395,#11396));
#11375 = ORIENTED_EDGE('',*,*,#11376,.F.);
#11376 = EDGE_CURVE('',#11377,#11379,#11381,.T.);
#11377 = VERTEX_POINT('',#11378);
#11378 = CARTESIAN_POINT('',(0.161300833385,0.399996,4.347237421E-02));
#11379 = VERTEX_POINT('',#11380);
#11380 = CARTESIAN_POINT('',(0.161300833385,0.399996,6.6029557322E-02));
#11381 = B_SPLINE_CURVE_WITH_KNOTS('',3,(#11382,#11383,#11384,#11385,
    #11386,#11387,#11388),.UNSPECIFIED.,.F.,.F.,(4,3,4),(0.,1.,2.),
  .PIECEWISE_BEZIER_KNOTS.);
#11382 = CARTESIAN_POINT('',(0.161300833385,0.399996,4.347237421E-02));
#11383 = CARTESIAN_POINT('',(0.154938556767,0.399996,4.347237421E-02));
#11384 = CARTESIAN_POINT('',(0.150022247345,0.399996,4.8677884793E-02));
#11385 = CARTESIAN_POINT('',(0.150022247345,0.399996,5.4750965766E-02));
#11386 = CARTESIAN_POINT('',(0.150022247345,0.399996,6.1113247899E-02));
#11387 = CARTESIAN_POINT('',(0.155227746897,0.399996,6.6029557322E-02));
#11388 = CARTESIAN_POINT('',(0.161300833385,0.399996,6.6029557322E-02));
#11389 = ORIENTED_EDGE('',*,*,#11390,.F.);
#11390 = EDGE_CURVE('',#10681,#11377,#11391,.T.);
#11391 = LINE('',#11392,#11393);
#11392 = CARTESIAN_POINT('',(0.161300833385,0.4099959,4.347237421E-02));
#11393 = VECTOR('',#11394,1.);
#11394 = DIRECTION('',(0.,-1.,0.));
#11395 = ORIENTED_EDGE('',*,*,#10680,.T.);
#11396 = ORIENTED_EDGE('',*,*,#11397,.T.);
#11397 = EDGE_CURVE('',#10683,#11379,#11398,.T.);
#11398 = LINE('',#11399,#11400);
#11399 = CARTESIAN_POINT('',(0.161300833385,0.4099959,6.6029557322E-02)
  );
#11400 = VECTOR('',#11401,1.);
#11401 = DIRECTION('',(0.,-1.,0.));
#11402 = B_SPLINE_SURFACE_WITH_KNOTS('',3,1,(
    (#11403,#11404)
    ,(#11405,#11406)
    ,(#11407,#11408)
    ,(#11409,#11410)
    ,(#11411,#11412)
    ,(#11413,#11414)
    ,(#11415,#11416
  )),.UNSPECIFIED.,.F.,.F.,.F.,(4,3,4),(2,2),(0.,1.,2.),(0.,1.),
  .PIECEWISE_BEZIER_KNOTS.);
#11403 = CARTESIAN_POINT('',(0.161300833385,0.4099959,4.347237421E-02));
#11404 = CARTESIAN_POINT('',(0.161300833385,0.399996,4.347237421E-02));
#11405 = CARTESIAN_POINT('',(0.154938556767,0.4099959,4.347237421E-02));
#11406 = CARTESIAN_POINT('',(0.154938556767,0.399996,4.347237421E-02));
#11407 = CARTESIAN_POINT('',(0.150022247345,0.4099959,4.8677884793E-02)
  );
#11408 = CARTESIAN_POINT('',(0.150022247345,0.399996,4.8677884793E-02));
#11409 = CARTESIAN_POINT('',(0.150022247345,0.4099959,5.4750965766E-02)
  );
#11410 = CARTESIAN_POINT('',(0.150022247345,0.399996,5.4750965766E-02));
#11411 = CARTESIAN_POINT('',(0.150022247345,0.4099959,6.1113247899E-02)
  );
#11412 = CARTESIAN_POINT('',(0.150022247345,0.399996,6.1113247899E-02));
#11413 = CARTESIAN_POINT('',(0.155227746897,0.4099959,6.6029557322E-02)
  );
#11414 = CARTESIAN_POINT('',(0.155227746897,0.399996,6.6029557322E-02));
#11415 = CARTESIAN_POINT('',(0.161300833385,0.4099959,6.6029557322E-02)
  );
#11416 = CARTESIAN_POINT('',(0.161300833385,0.399996,6.6029557322E-02));
#11417 = ADVANCED_FACE('',(#11418),#11432,.T.);
#11418 = FACE_BOUND('',#11419,.T.);
#11419 = EDGE_LOOP('',(#11420,#11429,#11430,#11431));
#11420 = ORIENTED_EDGE('',*,*,#11421,.F.);
#11421 = EDGE_CURVE('',#11379,#11377,#11422,.T.);
#11422 = B_SPLINE_CURVE_WITH_KNOTS('',3,(#11423,#11424,#11425,#11426,
    #11427,#11428),.UNSPECIFIED.,.F.,.F.,(4,2,4),(2.,3.,4.),
  .UNSPECIFIED.);
#11423 = CARTESIAN_POINT('',(0.161300833385,0.399996,6.6029557322E-02));
#11424 = CARTESIAN_POINT('',(0.167373919873,0.399996,6.6029557322E-02));
#11425 = CARTESIAN_POINT('',(0.172579419425,0.399996,6.1113247899E-02));
#11426 = CARTESIAN_POINT('',(0.172579419425,0.399996,4.8388683632E-02));
#11427 = CARTESIAN_POINT('',(0.167373919873,0.399996,4.347237421E-02));
#11428 = CARTESIAN_POINT('',(0.161300833385,0.399996,4.347237421E-02));
#11429 = ORIENTED_EDGE('',*,*,#11397,.F.);
#11430 = ORIENTED_EDGE('',*,*,#10694,.T.);
#11431 = ORIENTED_EDGE('',*,*,#11390,.T.);
#11432 = B_SPLINE_SURFACE_WITH_KNOTS('',3,1,(
    (#11433,#11434)
    ,(#11435,#11436)
    ,(#11437,#11438)
    ,(#11439,#11440)
    ,(#11441,#11442)
    ,(#11443,#11444
  )),.UNSPECIFIED.,.F.,.F.,.F.,(4,2,4),(2,2),(2.,3.,4.),(0.,1.),
  .UNSPECIFIED.);
#11433 = CARTESIAN_POINT('',(0.161300833385,0.4099959,6.6029557322E-02)
  );
#11434 = CARTESIAN_POINT('',(0.161300833385,0.399996,6.6029557322E-02));
#11435 = CARTESIAN_POINT('',(0.167373919873,0.4099959,6.6029557322E-02)
  );
#11436 = CARTESIAN_POINT('',(0.167373919873,0.399996,6.6029557322E-02));
#11437 = CARTESIAN_POINT('',(0.172579419425,0.4099959,6.1113247899E-02)
  );
#11438 = CARTESIAN_POINT('',(0.172579419425,0.399996,6.1113247899E-02));
#11439 = CARTESIAN_POINT('',(0.172579419425,0.4099959,4.8388683632E-02)
  );
#11440 = CARTESIAN_POINT('',(0.172579419425,0.399996,4.8388683632E-02));
#11441 = CARTESIAN_POINT('',(0.167373919873,0.4099959,4.347237421E-02));
#11442 = CARTESIAN_POINT('',(0.167373919873,0.399996,4.347237421E-02));
#11443 = CARTESIAN_POINT('',(0.161300833385,0.4099959,4.347237421E-02));
#11444 = CARTESIAN_POINT('',(0.161300833385,0.399996,4.347237421E-02));
#11445 = ADVANCED_FACE('',(#11446),#11450,.F.);
#11446 = FACE_BOUND('',#11447,.T.);
#11447 = EDGE_LOOP('',(#11448,#11449));
#11448 = ORIENTED_EDGE('',*,*,#11421,.T.);
#11449 = ORIENTED_EDGE('',*,*,#11376,.T.);
#11450 = PLANE('',#11451);
#11451 = AXIS2_PLACEMENT_3D('',#11452,#11453,#11454);
#11452 = CARTESIAN_POINT('',(-0.799992,0.399996,0.179998199999));
#11453 = DIRECTION('',(0.,-1.,0.));
#11454 = DIRECTION('',(0.,0.,-1.));
#11455 = ( GEOMETRIC_REPRESENTATION_CONTEXT(3) 
GLOBAL_UNCERTAINTY_ASSIGNED_CONTEXT((#11459)) 
GLOBAL_UNIT_ASSIGNED_CONTEXT((#11456,#11457,#11458)) 
REPRESENTATION_CONTEXT('Context #1',
  '3D Context with UNIT and UNCERTAINTY') );
#11456 = ( LENGTH_UNIT() NAMED_UNIT(*) SI_UNIT(.MILLI.,.METRE.) );
#11457 = ( NAMED_UNIT(*) PLANE_ANGLE_UNIT() SI_UNIT($,.RADIAN.) );
#11458 = ( NAMED_UNIT(*) SI_UNIT($,.STERADIAN.) SOLID_ANGLE_UNIT() );
#11459 = UNCERTAINTY_MEASURE_WITH_UNIT(LENGTH_MEASURE(1.E-07),#11456,
  'distance_accuracy_value','confusion accuracy');
#11460 = CONTEXT_DEPENDENT_SHAPE_REPRESENTATION(#11461,#11463);
#11461 = ( REPRESENTATION_RELATIONSHIP('','',#532,#32) 
REPRESENTATION_RELATIONSHIP_WITH_TRANSFORMATION(#11462) 
SHAPE_REPRESENTATION_RELATIONSHIP() );
#11462 = ITEM_DEFINED_TRANSFORMATION('','',#11,#37);
#11463 = PRODUCT_DEFINITION_SHAPE('Placement','Placement of an item',
  #11464);
#11464 = NEXT_ASSEMBLY_USAGE_OCCURRENCE('2',
  'LED0603-RD~LED0603-RD~afBp001','',#27,#527,$);
#11465 = PRODUCT_RELATED_PRODUCT_CATEGORY('part',$,(#529));
#11466 = MECHANICAL_DESIGN_GEOMETRIC_PRESENTATION_REPRESENTATION('',(
    #11467,#11478,#11486,#11493,#11500,#11507,#11515,#11522,#11529,
    #11536,#11543,#11550,#11557,#11564,#11571,#11578,#11585,#11592,
    #11599,#11606,#11613,#11620,#11627,#11634,#11641,#11648,#11655,
    #11662,#11669,#11676,#11683,#11690,#11697,#11704,#11711,#11718,
    #11725,#11732,#11739,#11746,#11753,#11760,#11767,#11774,#11781,
    #11788,#11795,#11802,#11809,#11816,#11823,#11830,#11837,#11844,
    #11851,#11858,#11865,#11872,#11879,#11886,#11893,#11900,#11907,
    #11914,#11921,#11929,#11936,#11943,#11950,#11957,#11964,#11971,
    #11978,#11985,#11992,#11999,#12006,#12013,#12020,#12027,#12034,
    #12041,#12048,#12055,#12062,#12069,#12076,#12083,#12090,#12097,
    #12104,#12111,#12118,#12125,#12132,#12139,#12146,#12153,#12160,
    #12167,#12174,#12181,#12188,#12195,#12202,#12209,#12216,#12223,
    #12230,#12237,#12244,#12251,#12258,#12265,#12272,#12279,#12286,
    #12293,#12300,#12307,#12314,#12321,#12328,#12335,#12342,#12349,
    #12356,#12363,#12370,#12377,#12384,#12391,#12398,#12405,#12412,
    #12419,#12426,#12433,#12440,#12447,#12454,#12461,#12468,#12475,
    #12482,#12489,#12496,#12503,#12510,#12517,#12524,#12531,#12538,
    #12545,#12552,#12559,#12566,#12573,#12580,#12587,#12594,#12601,
    #12608,#12615,#12622,#12629,#12636,#12643,#12650,#12657,#12664,
    #12671,#12678,#12685,#12692,#12699,#12706,#12713,#12720,#12727,
    #12734,#12741,#12748,#12755,#12762,#12769,#12776,#12783,#12790,
    #12797,#12804,#12811,#12818,#12825,#12832,#12839,#12846,#12853,
    #12860,#12867,#12874,#12881,#12888,#12895,#12902,#12909,#12916,
    #12923,#12930,#12937,#12944,#12951,#12958,#12965,#12972,#12979,
    #12986,#12993,#13000,#13007,#13014,#13021,#13028,#13035,#13042,
    #13049,#13056,#13063,#13070,#13077,#13084,#13091,#13098,#13105,
    #13112,#13119,#13126,#13133,#13140,#13147,#13154,#13161,#13168,
    #13175,#13182,#13189,#13196,#13203,#13210,#13217,#13224,#13231,
    #13238,#13245,#13252,#13259,#13266,#13273,#13280,#13287,#13294,
    #13301,#13308,#13315,#13322,#13329,#13336,#13343,#13350,#13357,
    #13364,#13371,#13378,#13385,#13392,#13399,#13406,#13413,#13420,
    #13427,#13434,#13441,#13448,#13455,#13462,#13469,#13476,#13483,
    #13490,#13497,#13504,#13511,#13518),#11455);
#11467 = STYLED_ITEM('color',(#11468),#533);
#11468 = PRESENTATION_STYLE_ASSIGNMENT((#11469,#11475));
#11469 = SURFACE_STYLE_USAGE(.BOTH.,#11470);
#11470 = SURFACE_SIDE_STYLE('',(#11471));
#11471 = SURFACE_STYLE_FILL_AREA(#11472);
#11472 = FILL_AREA_STYLE('',(#11473));
#11473 = FILL_AREA_STYLE_COLOUR('',#11474);
#11474 = COLOUR_RGB('',0.752941202324,0.752941202324,0.);
#11475 = CURVE_STYLE('',#11476,POSITIVE_LENGTH_MEASURE(0.1),#11477);
#11476 = DRAUGHTING_PRE_DEFINED_CURVE_FONT('continuous');
#11477 = COLOUR_RGB('',9.803921802644E-02,9.803921802644E-02,
  9.803921802644E-02);
#11478 = OVER_RIDING_STYLED_ITEM('overriding color',(#11479),#577,#11467
  );
#11479 = PRESENTATION_STYLE_ASSIGNMENT((#11480));
#11480 = SURFACE_STYLE_USAGE(.BOTH.,#11481);
#11481 = SURFACE_SIDE_STYLE('',(#11482));
#11482 = SURFACE_STYLE_FILL_AREA(#11483);
#11483 = FILL_AREA_STYLE('',(#11484));
#11484 = FILL_AREA_STYLE_COLOUR('',#11485);
#11485 = DRAUGHTING_PRE_DEFINED_COLOUR('white');
#11486 = OVER_RIDING_STYLED_ITEM('overriding color',(#11487),#2075,
  #11467);
#11487 = PRESENTATION_STYLE_ASSIGNMENT((#11488));
#11488 = SURFACE_STYLE_USAGE(.BOTH.,#11489);
#11489 = SURFACE_SIDE_STYLE('',(#11490));
#11490 = SURFACE_STYLE_FILL_AREA(#11491);
#11491 = FILL_AREA_STYLE('',(#11492));
#11492 = FILL_AREA_STYLE_COLOUR('',#11485);
#11493 = OVER_RIDING_STYLED_ITEM('overriding color',(#11494),#2140,
  #11467);
#11494 = PRESENTATION_STYLE_ASSIGNMENT((#11495));
#11495 = SURFACE_STYLE_USAGE(.BOTH.,#11496);
#11496 = SURFACE_SIDE_STYLE('',(#11497));
#11497 = SURFACE_STYLE_FILL_AREA(#11498);
#11498 = FILL_AREA_STYLE('',(#11499));
#11499 = FILL_AREA_STYLE_COLOUR('',#11485);
#11500 = OVER_RIDING_STYLED_ITEM('overriding color',(#11501),#2741,
  #11467);
#11501 = PRESENTATION_STYLE_ASSIGNMENT((#11502));
#11502 = SURFACE_STYLE_USAGE(.BOTH.,#11503);
#11503 = SURFACE_SIDE_STYLE('',(#11504));
#11504 = SURFACE_STYLE_FILL_AREA(#11505);
#11505 = FILL_AREA_STYLE('',(#11506));
#11506 = FILL_AREA_STYLE_COLOUR('',#11485);
#11507 = OVER_RIDING_STYLED_ITEM('overriding color',(#11508),#3218,
  #11467);
#11508 = PRESENTATION_STYLE_ASSIGNMENT((#11509));
#11509 = SURFACE_STYLE_USAGE(.BOTH.,#11510);
#11510 = SURFACE_SIDE_STYLE('',(#11511));
#11511 = SURFACE_STYLE_FILL_AREA(#11512);
#11512 = FILL_AREA_STYLE('',(#11513));
#11513 = FILL_AREA_STYLE_COLOUR('',#11514);
#11514 = DRAUGHTING_PRE_DEFINED_COLOUR('black');
#11515 = OVER_RIDING_STYLED_ITEM('overriding color',(#11516),#3249,
  #11467);
#11516 = PRESENTATION_STYLE_ASSIGNMENT((#11517));
#11517 = SURFACE_STYLE_USAGE(.BOTH.,#11518);
#11518 = SURFACE_SIDE_STYLE('',(#11519));
#11519 = SURFACE_STYLE_FILL_AREA(#11520);
#11520 = FILL_AREA_STYLE('',(#11521));
#11521 = FILL_AREA_STYLE_COLOUR('',#11514);
#11522 = OVER_RIDING_STYLED_ITEM('overriding color',(#11523),#3273,
  #11467);
#11523 = PRESENTATION_STYLE_ASSIGNMENT((#11524));
#11524 = SURFACE_STYLE_USAGE(.BOTH.,#11525);
#11525 = SURFACE_SIDE_STYLE('',(#11526));
#11526 = SURFACE_STYLE_FILL_AREA(#11527);
#11527 = FILL_AREA_STYLE('',(#11528));
#11528 = FILL_AREA_STYLE_COLOUR('',#11514);
#11529 = OVER_RIDING_STYLED_ITEM('overriding color',(#11530),#3297,
  #11467);
#11530 = PRESENTATION_STYLE_ASSIGNMENT((#11531));
#11531 = SURFACE_STYLE_USAGE(.BOTH.,#11532);
#11532 = SURFACE_SIDE_STYLE('',(#11533));
#11533 = SURFACE_STYLE_FILL_AREA(#11534);
#11534 = FILL_AREA_STYLE('',(#11535));
#11535 = FILL_AREA_STYLE_COLOUR('',#11514);
#11536 = OVER_RIDING_STYLED_ITEM('overriding color',(#11537),#3321,
  #11467);
#11537 = PRESENTATION_STYLE_ASSIGNMENT((#11538));
#11538 = SURFACE_STYLE_USAGE(.BOTH.,#11539);
#11539 = SURFACE_SIDE_STYLE('',(#11540));
#11540 = SURFACE_STYLE_FILL_AREA(#11541);
#11541 = FILL_AREA_STYLE('',(#11542));
#11542 = FILL_AREA_STYLE_COLOUR('',#11514);
#11543 = OVER_RIDING_STYLED_ITEM('overriding color',(#11544),#3345,
  #11467);
#11544 = PRESENTATION_STYLE_ASSIGNMENT((#11545));
#11545 = SURFACE_STYLE_USAGE(.BOTH.,#11546);
#11546 = SURFACE_SIDE_STYLE('',(#11547));
#11547 = SURFACE_STYLE_FILL_AREA(#11548);
#11548 = FILL_AREA_STYLE('',(#11549));
#11549 = FILL_AREA_STYLE_COLOUR('',#11514);
#11550 = OVER_RIDING_STYLED_ITEM('overriding color',(#11551),#3369,
  #11467);
#11551 = PRESENTATION_STYLE_ASSIGNMENT((#11552));
#11552 = SURFACE_STYLE_USAGE(.BOTH.,#11553);
#11553 = SURFACE_SIDE_STYLE('',(#11554));
#11554 = SURFACE_STYLE_FILL_AREA(#11555);
#11555 = FILL_AREA_STYLE('',(#11556));
#11556 = FILL_AREA_STYLE_COLOUR('',#11514);
#11557 = OVER_RIDING_STYLED_ITEM('overriding color',(#11558),#3393,
  #11467);
#11558 = PRESENTATION_STYLE_ASSIGNMENT((#11559));
#11559 = SURFACE_STYLE_USAGE(.BOTH.,#11560);
#11560 = SURFACE_SIDE_STYLE('',(#11561));
#11561 = SURFACE_STYLE_FILL_AREA(#11562);
#11562 = FILL_AREA_STYLE('',(#11563));
#11563 = FILL_AREA_STYLE_COLOUR('',#11514);
#11564 = OVER_RIDING_STYLED_ITEM('overriding color',(#11565),#3410,
  #11467);
#11565 = PRESENTATION_STYLE_ASSIGNMENT((#11566));
#11566 = SURFACE_STYLE_USAGE(.BOTH.,#11567);
#11567 = SURFACE_SIDE_STYLE('',(#11568));
#11568 = SURFACE_STYLE_FILL_AREA(#11569);
#11569 = FILL_AREA_STYLE('',(#11570));
#11570 = FILL_AREA_STYLE_COLOUR('',#11514);
#11571 = OVER_RIDING_STYLED_ITEM('overriding color',(#11572),#3484,
  #11467);
#11572 = PRESENTATION_STYLE_ASSIGNMENT((#11573));
#11573 = SURFACE_STYLE_USAGE(.BOTH.,#11574);
#11574 = SURFACE_SIDE_STYLE('',(#11575));
#11575 = SURFACE_STYLE_FILL_AREA(#11576);
#11576 = FILL_AREA_STYLE('',(#11577));
#11577 = FILL_AREA_STYLE_COLOUR('',#11514);
#11578 = OVER_RIDING_STYLED_ITEM('overriding color',(#11579),#3515,
  #11467);
#11579 = PRESENTATION_STYLE_ASSIGNMENT((#11580));
#11580 = SURFACE_STYLE_USAGE(.BOTH.,#11581);
#11581 = SURFACE_SIDE_STYLE('',(#11582));
#11582 = SURFACE_STYLE_FILL_AREA(#11583);
#11583 = FILL_AREA_STYLE('',(#11584));
#11584 = FILL_AREA_STYLE_COLOUR('',#11514);
#11585 = OVER_RIDING_STYLED_ITEM('overriding color',(#11586),#3539,
  #11467);
#11586 = PRESENTATION_STYLE_ASSIGNMENT((#11587));
#11587 = SURFACE_STYLE_USAGE(.BOTH.,#11588);
#11588 = SURFACE_SIDE_STYLE('',(#11589));
#11589 = SURFACE_STYLE_FILL_AREA(#11590);
#11590 = FILL_AREA_STYLE('',(#11591));
#11591 = FILL_AREA_STYLE_COLOUR('',#11514);
#11592 = OVER_RIDING_STYLED_ITEM('overriding color',(#11593),#3577,
  #11467);
#11593 = PRESENTATION_STYLE_ASSIGNMENT((#11594));
#11594 = SURFACE_STYLE_USAGE(.BOTH.,#11595);
#11595 = SURFACE_SIDE_STYLE('',(#11596));
#11596 = SURFACE_STYLE_FILL_AREA(#11597);
#11597 = FILL_AREA_STYLE('',(#11598));
#11598 = FILL_AREA_STYLE_COLOUR('',#11514);
#11599 = OVER_RIDING_STYLED_ITEM('overriding color',(#11600),#3601,
  #11467);
#11600 = PRESENTATION_STYLE_ASSIGNMENT((#11601));
#11601 = SURFACE_STYLE_USAGE(.BOTH.,#11602);
#11602 = SURFACE_SIDE_STYLE('',(#11603));
#11603 = SURFACE_STYLE_FILL_AREA(#11604);
#11604 = FILL_AREA_STYLE('',(#11605));
#11605 = FILL_AREA_STYLE_COLOUR('',#11514);
#11606 = OVER_RIDING_STYLED_ITEM('overriding color',(#11607),#3639,
  #11467);
#11607 = PRESENTATION_STYLE_ASSIGNMENT((#11608));
#11608 = SURFACE_STYLE_USAGE(.BOTH.,#11609);
#11609 = SURFACE_SIDE_STYLE('',(#11610));
#11610 = SURFACE_STYLE_FILL_AREA(#11611);
#11611 = FILL_AREA_STYLE('',(#11612));
#11612 = FILL_AREA_STYLE_COLOUR('',#11514);
#11613 = OVER_RIDING_STYLED_ITEM('overriding color',(#11614),#3656,
  #11467);
#11614 = PRESENTATION_STYLE_ASSIGNMENT((#11615));
#11615 = SURFACE_STYLE_USAGE(.BOTH.,#11616);
#11616 = SURFACE_SIDE_STYLE('',(#11617));
#11617 = SURFACE_STYLE_FILL_AREA(#11618);
#11618 = FILL_AREA_STYLE('',(#11619));
#11619 = FILL_AREA_STYLE_COLOUR('',#11514);
#11620 = OVER_RIDING_STYLED_ITEM('overriding color',(#11621),#3687,
  #11467);
#11621 = PRESENTATION_STYLE_ASSIGNMENT((#11622));
#11622 = SURFACE_STYLE_USAGE(.BOTH.,#11623);
#11623 = SURFACE_SIDE_STYLE('',(#11624));
#11624 = SURFACE_STYLE_FILL_AREA(#11625);
#11625 = FILL_AREA_STYLE('',(#11626));
#11626 = FILL_AREA_STYLE_COLOUR('',#11514);
#11627 = OVER_RIDING_STYLED_ITEM('overriding color',(#11628),#3711,
  #11467);
#11628 = PRESENTATION_STYLE_ASSIGNMENT((#11629));
#11629 = SURFACE_STYLE_USAGE(.BOTH.,#11630);
#11630 = SURFACE_SIDE_STYLE('',(#11631));
#11631 = SURFACE_STYLE_FILL_AREA(#11632);
#11632 = FILL_AREA_STYLE('',(#11633));
#11633 = FILL_AREA_STYLE_COLOUR('',#11514);
#11634 = OVER_RIDING_STYLED_ITEM('overriding color',(#11635),#3735,
  #11467);
#11635 = PRESENTATION_STYLE_ASSIGNMENT((#11636));
#11636 = SURFACE_STYLE_USAGE(.BOTH.,#11637);
#11637 = SURFACE_SIDE_STYLE('',(#11638));
#11638 = SURFACE_STYLE_FILL_AREA(#11639);
#11639 = FILL_AREA_STYLE('',(#11640));
#11640 = FILL_AREA_STYLE_COLOUR('',#11514);
#11641 = OVER_RIDING_STYLED_ITEM('overriding color',(#11642),#3809,
  #11467);
#11642 = PRESENTATION_STYLE_ASSIGNMENT((#11643));
#11643 = SURFACE_STYLE_USAGE(.BOTH.,#11644);
#11644 = SURFACE_SIDE_STYLE('',(#11645));
#11645 = SURFACE_STYLE_FILL_AREA(#11646);
#11646 = FILL_AREA_STYLE('',(#11647));
#11647 = FILL_AREA_STYLE_COLOUR('',#11514);
#11648 = OVER_RIDING_STYLED_ITEM('overriding color',(#11649),#3876,
  #11467);
#11649 = PRESENTATION_STYLE_ASSIGNMENT((#11650));
#11650 = SURFACE_STYLE_USAGE(.BOTH.,#11651);
#11651 = SURFACE_SIDE_STYLE('',(#11652));
#11652 = SURFACE_STYLE_FILL_AREA(#11653);
#11653 = FILL_AREA_STYLE('',(#11654));
#11654 = FILL_AREA_STYLE_COLOUR('',#11514);
#11655 = OVER_RIDING_STYLED_ITEM('overriding color',(#11656),#3963,
  #11467);
#11656 = PRESENTATION_STYLE_ASSIGNMENT((#11657));
#11657 = SURFACE_STYLE_USAGE(.BOTH.,#11658);
#11658 = SURFACE_SIDE_STYLE('',(#11659));
#11659 = SURFACE_STYLE_FILL_AREA(#11660);
#11660 = FILL_AREA_STYLE('',(#11661));
#11661 = FILL_AREA_STYLE_COLOUR('',#11514);
#11662 = OVER_RIDING_STYLED_ITEM('overriding color',(#11663),#3994,
  #11467);
#11663 = PRESENTATION_STYLE_ASSIGNMENT((#11664));
#11664 = SURFACE_STYLE_USAGE(.BOTH.,#11665);
#11665 = SURFACE_SIDE_STYLE('',(#11666));
#11666 = SURFACE_STYLE_FILL_AREA(#11667);
#11667 = FILL_AREA_STYLE('',(#11668));
#11668 = FILL_AREA_STYLE_COLOUR('',#11514);
#11669 = OVER_RIDING_STYLED_ITEM('overriding color',(#11670),#4068,
  #11467);
#11670 = PRESENTATION_STYLE_ASSIGNMENT((#11671));
#11671 = SURFACE_STYLE_USAGE(.BOTH.,#11672);
#11672 = SURFACE_SIDE_STYLE('',(#11673));
#11673 = SURFACE_STYLE_FILL_AREA(#11674);
#11674 = FILL_AREA_STYLE('',(#11675));
#11675 = FILL_AREA_STYLE_COLOUR('',#11514);
#11676 = OVER_RIDING_STYLED_ITEM('overriding color',(#11677),#4142,
  #11467);
#11677 = PRESENTATION_STYLE_ASSIGNMENT((#11678));
#11678 = SURFACE_STYLE_USAGE(.BOTH.,#11679);
#11679 = SURFACE_SIDE_STYLE('',(#11680));
#11680 = SURFACE_STYLE_FILL_AREA(#11681);
#11681 = FILL_AREA_STYLE('',(#11682));
#11682 = FILL_AREA_STYLE_COLOUR('',#11514);
#11683 = OVER_RIDING_STYLED_ITEM('overriding color',(#11684),#4166,
  #11467);
#11684 = PRESENTATION_STYLE_ASSIGNMENT((#11685));
#11685 = SURFACE_STYLE_USAGE(.BOTH.,#11686);
#11686 = SURFACE_SIDE_STYLE('',(#11687));
#11687 = SURFACE_STYLE_FILL_AREA(#11688);
#11688 = FILL_AREA_STYLE('',(#11689));
#11689 = FILL_AREA_STYLE_COLOUR('',#11514);
#11690 = OVER_RIDING_STYLED_ITEM('overriding color',(#11691),#4183,
  #11467);
#11691 = PRESENTATION_STYLE_ASSIGNMENT((#11692));
#11692 = SURFACE_STYLE_USAGE(.BOTH.,#11693);
#11693 = SURFACE_SIDE_STYLE('',(#11694));
#11694 = SURFACE_STYLE_FILL_AREA(#11695);
#11695 = FILL_AREA_STYLE('',(#11696));
#11696 = FILL_AREA_STYLE_COLOUR('',#11514);
#11697 = OVER_RIDING_STYLED_ITEM('overriding color',(#11698),#4214,
  #11467);
#11698 = PRESENTATION_STYLE_ASSIGNMENT((#11699));
#11699 = SURFACE_STYLE_USAGE(.BOTH.,#11700);
#11700 = SURFACE_SIDE_STYLE('',(#11701));
#11701 = SURFACE_STYLE_FILL_AREA(#11702);
#11702 = FILL_AREA_STYLE('',(#11703));
#11703 = FILL_AREA_STYLE_COLOUR('',#11514);
#11704 = OVER_RIDING_STYLED_ITEM('overriding color',(#11705),#4238,
  #11467);
#11705 = PRESENTATION_STYLE_ASSIGNMENT((#11706));
#11706 = SURFACE_STYLE_USAGE(.BOTH.,#11707);
#11707 = SURFACE_SIDE_STYLE('',(#11708));
#11708 = SURFACE_STYLE_FILL_AREA(#11709);
#11709 = FILL_AREA_STYLE('',(#11710));
#11710 = FILL_AREA_STYLE_COLOUR('',#11514);
#11711 = OVER_RIDING_STYLED_ITEM('overriding color',(#11712),#4262,
  #11467);
#11712 = PRESENTATION_STYLE_ASSIGNMENT((#11713));
#11713 = SURFACE_STYLE_USAGE(.BOTH.,#11714);
#11714 = SURFACE_SIDE_STYLE('',(#11715));
#11715 = SURFACE_STYLE_FILL_AREA(#11716);
#11716 = FILL_AREA_STYLE('',(#11717));
#11717 = FILL_AREA_STYLE_COLOUR('',#11514);
#11718 = OVER_RIDING_STYLED_ITEM('overriding color',(#11719),#4286,
  #11467);
#11719 = PRESENTATION_STYLE_ASSIGNMENT((#11720));
#11720 = SURFACE_STYLE_USAGE(.BOTH.,#11721);
#11721 = SURFACE_SIDE_STYLE('',(#11722));
#11722 = SURFACE_STYLE_FILL_AREA(#11723);
#11723 = FILL_AREA_STYLE('',(#11724));
#11724 = FILL_AREA_STYLE_COLOUR('',#11514);
#11725 = OVER_RIDING_STYLED_ITEM('overriding color',(#11726),#4310,
  #11467);
#11726 = PRESENTATION_STYLE_ASSIGNMENT((#11727));
#11727 = SURFACE_STYLE_USAGE(.BOTH.,#11728);
#11728 = SURFACE_SIDE_STYLE('',(#11729));
#11729 = SURFACE_STYLE_FILL_AREA(#11730);
#11730 = FILL_AREA_STYLE('',(#11731));
#11731 = FILL_AREA_STYLE_COLOUR('',#11514);
#11732 = OVER_RIDING_STYLED_ITEM('overriding color',(#11733),#4334,
  #11467);
#11733 = PRESENTATION_STYLE_ASSIGNMENT((#11734));
#11734 = SURFACE_STYLE_USAGE(.BOTH.,#11735);
#11735 = SURFACE_SIDE_STYLE('',(#11736));
#11736 = SURFACE_STYLE_FILL_AREA(#11737);
#11737 = FILL_AREA_STYLE('',(#11738));
#11738 = FILL_AREA_STYLE_COLOUR('',#11514);
#11739 = OVER_RIDING_STYLED_ITEM('overriding color',(#11740),#4358,
  #11467);
#11740 = PRESENTATION_STYLE_ASSIGNMENT((#11741));
#11741 = SURFACE_STYLE_USAGE(.BOTH.,#11742);
#11742 = SURFACE_SIDE_STYLE('',(#11743));
#11743 = SURFACE_STYLE_FILL_AREA(#11744);
#11744 = FILL_AREA_STYLE('',(#11745));
#11745 = FILL_AREA_STYLE_COLOUR('',#11514);
#11746 = OVER_RIDING_STYLED_ITEM('overriding color',(#11747),#4382,
  #11467);
#11747 = PRESENTATION_STYLE_ASSIGNMENT((#11748));
#11748 = SURFACE_STYLE_USAGE(.BOTH.,#11749);
#11749 = SURFACE_SIDE_STYLE('',(#11750));
#11750 = SURFACE_STYLE_FILL_AREA(#11751);
#11751 = FILL_AREA_STYLE('',(#11752));
#11752 = FILL_AREA_STYLE_COLOUR('',#11514);
#11753 = OVER_RIDING_STYLED_ITEM('overriding color',(#11754),#4406,
  #11467);
#11754 = PRESENTATION_STYLE_ASSIGNMENT((#11755));
#11755 = SURFACE_STYLE_USAGE(.BOTH.,#11756);
#11756 = SURFACE_SIDE_STYLE('',(#11757));
#11757 = SURFACE_STYLE_FILL_AREA(#11758);
#11758 = FILL_AREA_STYLE('',(#11759));
#11759 = FILL_AREA_STYLE_COLOUR('',#11514);
#11760 = OVER_RIDING_STYLED_ITEM('overriding color',(#11761),#4430,
  #11467);
#11761 = PRESENTATION_STYLE_ASSIGNMENT((#11762));
#11762 = SURFACE_STYLE_USAGE(.BOTH.,#11763);
#11763 = SURFACE_SIDE_STYLE('',(#11764));
#11764 = SURFACE_STYLE_FILL_AREA(#11765);
#11765 = FILL_AREA_STYLE('',(#11766));
#11766 = FILL_AREA_STYLE_COLOUR('',#11514);
#11767 = OVER_RIDING_STYLED_ITEM('overriding color',(#11768),#4454,
  #11467);
#11768 = PRESENTATION_STYLE_ASSIGNMENT((#11769));
#11769 = SURFACE_STYLE_USAGE(.BOTH.,#11770);
#11770 = SURFACE_SIDE_STYLE('',(#11771));
#11771 = SURFACE_STYLE_FILL_AREA(#11772);
#11772 = FILL_AREA_STYLE('',(#11773));
#11773 = FILL_AREA_STYLE_COLOUR('',#11514);
#11774 = OVER_RIDING_STYLED_ITEM('overriding color',(#11775),#4471,
  #11467);
#11775 = PRESENTATION_STYLE_ASSIGNMENT((#11776));
#11776 = SURFACE_STYLE_USAGE(.BOTH.,#11777);
#11777 = SURFACE_SIDE_STYLE('',(#11778));
#11778 = SURFACE_STYLE_FILL_AREA(#11779);
#11779 = FILL_AREA_STYLE('',(#11780));
#11780 = FILL_AREA_STYLE_COLOUR('',#11514);
#11781 = OVER_RIDING_STYLED_ITEM('overriding color',(#11782),#4491,
  #11467);
#11782 = PRESENTATION_STYLE_ASSIGNMENT((#11783));
#11783 = SURFACE_STYLE_USAGE(.BOTH.,#11784);
#11784 = SURFACE_SIDE_STYLE('',(#11785));
#11785 = SURFACE_STYLE_FILL_AREA(#11786);
#11786 = FILL_AREA_STYLE('',(#11787));
#11787 = FILL_AREA_STYLE_COLOUR('',#11514);
#11788 = OVER_RIDING_STYLED_ITEM('overriding color',(#11789),#4522,
  #11467);
#11789 = PRESENTATION_STYLE_ASSIGNMENT((#11790));
#11790 = SURFACE_STYLE_USAGE(.BOTH.,#11791);
#11791 = SURFACE_SIDE_STYLE('',(#11792));
#11792 = SURFACE_STYLE_FILL_AREA(#11793);
#11793 = FILL_AREA_STYLE('',(#11794));
#11794 = FILL_AREA_STYLE_COLOUR('',#11514);
#11795 = OVER_RIDING_STYLED_ITEM('overriding color',(#11796),#4572,
  #11467);
#11796 = PRESENTATION_STYLE_ASSIGNMENT((#11797));
#11797 = SURFACE_STYLE_USAGE(.BOTH.,#11798);
#11798 = SURFACE_SIDE_STYLE('',(#11799));
#11799 = SURFACE_STYLE_FILL_AREA(#11800);
#11800 = FILL_AREA_STYLE('',(#11801));
#11801 = FILL_AREA_STYLE_COLOUR('',#11514);
#11802 = OVER_RIDING_STYLED_ITEM('overriding color',(#11803),#4646,
  #11467);
#11803 = PRESENTATION_STYLE_ASSIGNMENT((#11804));
#11804 = SURFACE_STYLE_USAGE(.BOTH.,#11805);
#11805 = SURFACE_SIDE_STYLE('',(#11806));
#11806 = SURFACE_STYLE_FILL_AREA(#11807);
#11807 = FILL_AREA_STYLE('',(#11808));
#11808 = FILL_AREA_STYLE_COLOUR('',#11514);
#11809 = OVER_RIDING_STYLED_ITEM('overriding color',(#11810),#4720,
  #11467);
#11810 = PRESENTATION_STYLE_ASSIGNMENT((#11811));
#11811 = SURFACE_STYLE_USAGE(.BOTH.,#11812);
#11812 = SURFACE_SIDE_STYLE('',(#11813));
#11813 = SURFACE_STYLE_FILL_AREA(#11814);
#11814 = FILL_AREA_STYLE('',(#11815));
#11815 = FILL_AREA_STYLE_COLOUR('',#11514);
#11816 = OVER_RIDING_STYLED_ITEM('overriding color',(#11817),#4770,
  #11467);
#11817 = PRESENTATION_STYLE_ASSIGNMENT((#11818));
#11818 = SURFACE_STYLE_USAGE(.BOTH.,#11819);
#11819 = SURFACE_SIDE_STYLE('',(#11820));
#11820 = SURFACE_STYLE_FILL_AREA(#11821);
#11821 = FILL_AREA_STYLE('',(#11822));
#11822 = FILL_AREA_STYLE_COLOUR('',#11514);
#11823 = OVER_RIDING_STYLED_ITEM('overriding color',(#11824),#4794,
  #11467);
#11824 = PRESENTATION_STYLE_ASSIGNMENT((#11825));
#11825 = SURFACE_STYLE_USAGE(.BOTH.,#11826);
#11826 = SURFACE_SIDE_STYLE('',(#11827));
#11827 = SURFACE_STYLE_FILL_AREA(#11828);
#11828 = FILL_AREA_STYLE('',(#11829));
#11829 = FILL_AREA_STYLE_COLOUR('',#11514);
#11830 = OVER_RIDING_STYLED_ITEM('overriding color',(#11831),#4844,
  #11467);
#11831 = PRESENTATION_STYLE_ASSIGNMENT((#11832));
#11832 = SURFACE_STYLE_USAGE(.BOTH.,#11833);
#11833 = SURFACE_SIDE_STYLE('',(#11834));
#11834 = SURFACE_STYLE_FILL_AREA(#11835);
#11835 = FILL_AREA_STYLE('',(#11836));
#11836 = FILL_AREA_STYLE_COLOUR('',#11514);
#11837 = OVER_RIDING_STYLED_ITEM('overriding color',(#11838),#4918,
  #11467);
#11838 = PRESENTATION_STYLE_ASSIGNMENT((#11839));
#11839 = SURFACE_STYLE_USAGE(.BOTH.,#11840);
#11840 = SURFACE_SIDE_STYLE('',(#11841));
#11841 = SURFACE_STYLE_FILL_AREA(#11842);
#11842 = FILL_AREA_STYLE('',(#11843));
#11843 = FILL_AREA_STYLE_COLOUR('',#11514);
#11844 = OVER_RIDING_STYLED_ITEM('overriding color',(#11845),#4992,
  #11467);
#11845 = PRESENTATION_STYLE_ASSIGNMENT((#11846));
#11846 = SURFACE_STYLE_USAGE(.BOTH.,#11847);
#11847 = SURFACE_SIDE_STYLE('',(#11848));
#11848 = SURFACE_STYLE_FILL_AREA(#11849);
#11849 = FILL_AREA_STYLE('',(#11850));
#11850 = FILL_AREA_STYLE_COLOUR('',#11514);
#11851 = OVER_RIDING_STYLED_ITEM('overriding color',(#11852),#5035,
  #11467);
#11852 = PRESENTATION_STYLE_ASSIGNMENT((#11853));
#11853 = SURFACE_STYLE_USAGE(.BOTH.,#11854);
#11854 = SURFACE_SIDE_STYLE('',(#11855));
#11855 = SURFACE_STYLE_FILL_AREA(#11856);
#11856 = FILL_AREA_STYLE('',(#11857));
#11857 = FILL_AREA_STYLE_COLOUR('',#11514);
#11858 = OVER_RIDING_STYLED_ITEM('overriding color',(#11859),#5053,
  #11467);
#11859 = PRESENTATION_STYLE_ASSIGNMENT((#11860));
#11860 = SURFACE_STYLE_USAGE(.BOTH.,#11861);
#11861 = SURFACE_SIDE_STYLE('',(#11862));
#11862 = SURFACE_STYLE_FILL_AREA(#11863);
#11863 = FILL_AREA_STYLE('',(#11864));
#11864 = FILL_AREA_STYLE_COLOUR('',#11514);
#11865 = OVER_RIDING_STYLED_ITEM('overriding color',(#11866),#5084,
  #11467);
#11866 = PRESENTATION_STYLE_ASSIGNMENT((#11867));
#11867 = SURFACE_STYLE_USAGE(.BOTH.,#11868);
#11868 = SURFACE_SIDE_STYLE('',(#11869));
#11869 = SURFACE_STYLE_FILL_AREA(#11870);
#11870 = FILL_AREA_STYLE('',(#11871));
#11871 = FILL_AREA_STYLE_COLOUR('',#11514);
#11872 = OVER_RIDING_STYLED_ITEM('overriding color',(#11873),#5108,
  #11467);
#11873 = PRESENTATION_STYLE_ASSIGNMENT((#11874));
#11874 = SURFACE_STYLE_USAGE(.BOTH.,#11875);
#11875 = SURFACE_SIDE_STYLE('',(#11876));
#11876 = SURFACE_STYLE_FILL_AREA(#11877);
#11877 = FILL_AREA_STYLE('',(#11878));
#11878 = FILL_AREA_STYLE_COLOUR('',#11514);
#11879 = OVER_RIDING_STYLED_ITEM('overriding color',(#11880),#5132,
  #11467);
#11880 = PRESENTATION_STYLE_ASSIGNMENT((#11881));
#11881 = SURFACE_STYLE_USAGE(.BOTH.,#11882);
#11882 = SURFACE_SIDE_STYLE('',(#11883));
#11883 = SURFACE_STYLE_FILL_AREA(#11884);
#11884 = FILL_AREA_STYLE('',(#11885));
#11885 = FILL_AREA_STYLE_COLOUR('',#11514);
#11886 = OVER_RIDING_STYLED_ITEM('overriding color',(#11887),#5156,
  #11467);
#11887 = PRESENTATION_STYLE_ASSIGNMENT((#11888));
#11888 = SURFACE_STYLE_USAGE(.BOTH.,#11889);
#11889 = SURFACE_SIDE_STYLE('',(#11890));
#11890 = SURFACE_STYLE_FILL_AREA(#11891);
#11891 = FILL_AREA_STYLE('',(#11892));
#11892 = FILL_AREA_STYLE_COLOUR('',#11514);
#11893 = OVER_RIDING_STYLED_ITEM('overriding color',(#11894),#5180,
  #11467);
#11894 = PRESENTATION_STYLE_ASSIGNMENT((#11895));
#11895 = SURFACE_STYLE_USAGE(.BOTH.,#11896);
#11896 = SURFACE_SIDE_STYLE('',(#11897));
#11897 = SURFACE_STYLE_FILL_AREA(#11898);
#11898 = FILL_AREA_STYLE('',(#11899));
#11899 = FILL_AREA_STYLE_COLOUR('',#11514);
#11900 = OVER_RIDING_STYLED_ITEM('overriding color',(#11901),#5197,
  #11467);
#11901 = PRESENTATION_STYLE_ASSIGNMENT((#11902));
#11902 = SURFACE_STYLE_USAGE(.BOTH.,#11903);
#11903 = SURFACE_SIDE_STYLE('',(#11904));
#11904 = SURFACE_STYLE_FILL_AREA(#11905);
#11905 = FILL_AREA_STYLE('',(#11906));
#11906 = FILL_AREA_STYLE_COLOUR('',#11514);
#11907 = OVER_RIDING_STYLED_ITEM('overriding color',(#11908),#5211,
  #11467);
#11908 = PRESENTATION_STYLE_ASSIGNMENT((#11909));
#11909 = SURFACE_STYLE_USAGE(.BOTH.,#11910);
#11910 = SURFACE_SIDE_STYLE('',(#11911));
#11911 = SURFACE_STYLE_FILL_AREA(#11912);
#11912 = FILL_AREA_STYLE('',(#11913));
#11913 = FILL_AREA_STYLE_COLOUR('',#11485);
#11914 = OVER_RIDING_STYLED_ITEM('overriding color',(#11915),#5225,
  #11467);
#11915 = PRESENTATION_STYLE_ASSIGNMENT((#11916));
#11916 = SURFACE_STYLE_USAGE(.BOTH.,#11917);
#11917 = SURFACE_SIDE_STYLE('',(#11918));
#11918 = SURFACE_STYLE_FILL_AREA(#11919);
#11919 = FILL_AREA_STYLE('',(#11920));
#11920 = FILL_AREA_STYLE_COLOUR('',#11485);
#11921 = OVER_RIDING_STYLED_ITEM('overriding color',(#11922),#5238,
  #11467);
#11922 = PRESENTATION_STYLE_ASSIGNMENT((#11923));
#11923 = SURFACE_STYLE_USAGE(.BOTH.,#11924);
#11924 = SURFACE_SIDE_STYLE('',(#11925));
#11925 = SURFACE_STYLE_FILL_AREA(#11926);
#11926 = FILL_AREA_STYLE('',(#11927));
#11927 = FILL_AREA_STYLE_COLOUR('',#11928);
#11928 = COLOUR_RGB('',0.501960817233,0.501960817233,0.501960817233);
#11929 = OVER_RIDING_STYLED_ITEM('overriding color',(#11930),#5269,
  #11467);
#11930 = PRESENTATION_STYLE_ASSIGNMENT((#11931));
#11931 = SURFACE_STYLE_USAGE(.BOTH.,#11932);
#11932 = SURFACE_SIDE_STYLE('',(#11933));
#11933 = SURFACE_STYLE_FILL_AREA(#11934);
#11934 = FILL_AREA_STYLE('',(#11935));
#11935 = FILL_AREA_STYLE_COLOUR('',#11928);
#11936 = OVER_RIDING_STYLED_ITEM('overriding color',(#11937),#5293,
  #11467);
#11937 = PRESENTATION_STYLE_ASSIGNMENT((#11938));
#11938 = SURFACE_STYLE_USAGE(.BOTH.,#11939);
#11939 = SURFACE_SIDE_STYLE('',(#11940));
#11940 = SURFACE_STYLE_FILL_AREA(#11941);
#11941 = FILL_AREA_STYLE('',(#11942));
#11942 = FILL_AREA_STYLE_COLOUR('',#11928);
#11943 = OVER_RIDING_STYLED_ITEM('overriding color',(#11944),#5317,
  #11467);
#11944 = PRESENTATION_STYLE_ASSIGNMENT((#11945));
#11945 = SURFACE_STYLE_USAGE(.BOTH.,#11946);
#11946 = SURFACE_SIDE_STYLE('',(#11947));
#11947 = SURFACE_STYLE_FILL_AREA(#11948);
#11948 = FILL_AREA_STYLE('',(#11949));
#11949 = FILL_AREA_STYLE_COLOUR('',#11928);
#11950 = OVER_RIDING_STYLED_ITEM('overriding color',(#11951),#5334,
  #11467);
#11951 = PRESENTATION_STYLE_ASSIGNMENT((#11952));
#11952 = SURFACE_STYLE_USAGE(.BOTH.,#11953);
#11953 = SURFACE_SIDE_STYLE('',(#11954));
#11954 = SURFACE_STYLE_FILL_AREA(#11955);
#11955 = FILL_AREA_STYLE('',(#11956));
#11956 = FILL_AREA_STYLE_COLOUR('',#11928);
#11957 = OVER_RIDING_STYLED_ITEM('overriding color',(#11958),#5346,
  #11467);
#11958 = PRESENTATION_STYLE_ASSIGNMENT((#11959));
#11959 = SURFACE_STYLE_USAGE(.BOTH.,#11960);
#11960 = SURFACE_SIDE_STYLE('',(#11961));
#11961 = SURFACE_STYLE_FILL_AREA(#11962);
#11962 = FILL_AREA_STYLE('',(#11963));
#11963 = FILL_AREA_STYLE_COLOUR('',#11514);
#11964 = OVER_RIDING_STYLED_ITEM('overriding color',(#11965),#5377,
  #11467);
#11965 = PRESENTATION_STYLE_ASSIGNMENT((#11966));
#11966 = SURFACE_STYLE_USAGE(.BOTH.,#11967);
#11967 = SURFACE_SIDE_STYLE('',(#11968));
#11968 = SURFACE_STYLE_FILL_AREA(#11969);
#11969 = FILL_AREA_STYLE('',(#11970));
#11970 = FILL_AREA_STYLE_COLOUR('',#11514);
#11971 = OVER_RIDING_STYLED_ITEM('overriding color',(#11972),#5401,
  #11467);
#11972 = PRESENTATION_STYLE_ASSIGNMENT((#11973));
#11973 = SURFACE_STYLE_USAGE(.BOTH.,#11974);
#11974 = SURFACE_SIDE_STYLE('',(#11975));
#11975 = SURFACE_STYLE_FILL_AREA(#11976);
#11976 = FILL_AREA_STYLE('',(#11977));
#11977 = FILL_AREA_STYLE_COLOUR('',#11514);
#11978 = OVER_RIDING_STYLED_ITEM('overriding color',(#11979),#5425,
  #11467);
#11979 = PRESENTATION_STYLE_ASSIGNMENT((#11980));
#11980 = SURFACE_STYLE_USAGE(.BOTH.,#11981);
#11981 = SURFACE_SIDE_STYLE('',(#11982));
#11982 = SURFACE_STYLE_FILL_AREA(#11983);
#11983 = FILL_AREA_STYLE('',(#11984));
#11984 = FILL_AREA_STYLE_COLOUR('',#11514);
#11985 = OVER_RIDING_STYLED_ITEM('overriding color',(#11986),#5449,
  #11467);
#11986 = PRESENTATION_STYLE_ASSIGNMENT((#11987));
#11987 = SURFACE_STYLE_USAGE(.BOTH.,#11988);
#11988 = SURFACE_SIDE_STYLE('',(#11989));
#11989 = SURFACE_STYLE_FILL_AREA(#11990);
#11990 = FILL_AREA_STYLE('',(#11991));
#11991 = FILL_AREA_STYLE_COLOUR('',#11514);
#11992 = OVER_RIDING_STYLED_ITEM('overriding color',(#11993),#5473,
  #11467);
#11993 = PRESENTATION_STYLE_ASSIGNMENT((#11994));
#11994 = SURFACE_STYLE_USAGE(.BOTH.,#11995);
#11995 = SURFACE_SIDE_STYLE('',(#11996));
#11996 = SURFACE_STYLE_FILL_AREA(#11997);
#11997 = FILL_AREA_STYLE('',(#11998));
#11998 = FILL_AREA_STYLE_COLOUR('',#11514);
#11999 = OVER_RIDING_STYLED_ITEM('overriding color',(#12000),#5490,
  #11467);
#12000 = PRESENTATION_STYLE_ASSIGNMENT((#12001));
#12001 = SURFACE_STYLE_USAGE(.BOTH.,#12002);
#12002 = SURFACE_SIDE_STYLE('',(#12003));
#12003 = SURFACE_STYLE_FILL_AREA(#12004);
#12004 = FILL_AREA_STYLE('',(#12005));
#12005 = FILL_AREA_STYLE_COLOUR('',#11514);
#12006 = OVER_RIDING_STYLED_ITEM('overriding color',(#12007),#5504,
  #11467);
#12007 = PRESENTATION_STYLE_ASSIGNMENT((#12008));
#12008 = SURFACE_STYLE_USAGE(.BOTH.,#12009);
#12009 = SURFACE_SIDE_STYLE('',(#12010));
#12010 = SURFACE_STYLE_FILL_AREA(#12011);
#12011 = FILL_AREA_STYLE('',(#12012));
#12012 = FILL_AREA_STYLE_COLOUR('',#11514);
#12013 = OVER_RIDING_STYLED_ITEM('overriding color',(#12014),#5540,
  #11467);
#12014 = PRESENTATION_STYLE_ASSIGNMENT((#12015));
#12015 = SURFACE_STYLE_USAGE(.BOTH.,#12016);
#12016 = SURFACE_SIDE_STYLE('',(#12017));
#12017 = SURFACE_STYLE_FILL_AREA(#12018);
#12018 = FILL_AREA_STYLE('',(#12019));
#12019 = FILL_AREA_STYLE_COLOUR('',#11514);
#12020 = OVER_RIDING_STYLED_ITEM('overriding color',(#12021),#5564,
  #11467);
#12021 = PRESENTATION_STYLE_ASSIGNMENT((#12022));
#12022 = SURFACE_STYLE_USAGE(.BOTH.,#12023);
#12023 = SURFACE_SIDE_STYLE('',(#12024));
#12024 = SURFACE_STYLE_FILL_AREA(#12025);
#12025 = FILL_AREA_STYLE('',(#12026));
#12026 = FILL_AREA_STYLE_COLOUR('',#11514);
#12027 = OVER_RIDING_STYLED_ITEM('overriding color',(#12028),#5593,
  #11467);
#12028 = PRESENTATION_STYLE_ASSIGNMENT((#12029));
#12029 = SURFACE_STYLE_USAGE(.BOTH.,#12030);
#12030 = SURFACE_SIDE_STYLE('',(#12031));
#12031 = SURFACE_STYLE_FILL_AREA(#12032);
#12032 = FILL_AREA_STYLE('',(#12033));
#12033 = FILL_AREA_STYLE_COLOUR('',#11514);
#12034 = OVER_RIDING_STYLED_ITEM('overriding color',(#12035),#5622,
  #11467);
#12035 = PRESENTATION_STYLE_ASSIGNMENT((#12036));
#12036 = SURFACE_STYLE_USAGE(.BOTH.,#12037);
#12037 = SURFACE_SIDE_STYLE('',(#12038));
#12038 = SURFACE_STYLE_FILL_AREA(#12039);
#12039 = FILL_AREA_STYLE('',(#12040));
#12040 = FILL_AREA_STYLE_COLOUR('',#11514);
#12041 = OVER_RIDING_STYLED_ITEM('overriding color',(#12042),#5651,
  #11467);
#12042 = PRESENTATION_STYLE_ASSIGNMENT((#12043));
#12043 = SURFACE_STYLE_USAGE(.BOTH.,#12044);
#12044 = SURFACE_SIDE_STYLE('',(#12045));
#12045 = SURFACE_STYLE_FILL_AREA(#12046);
#12046 = FILL_AREA_STYLE('',(#12047));
#12047 = FILL_AREA_STYLE_COLOUR('',#11514);
#12048 = OVER_RIDING_STYLED_ITEM('overriding color',(#12049),#5680,
  #11467);
#12049 = PRESENTATION_STYLE_ASSIGNMENT((#12050));
#12050 = SURFACE_STYLE_USAGE(.BOTH.,#12051);
#12051 = SURFACE_SIDE_STYLE('',(#12052));
#12052 = SURFACE_STYLE_FILL_AREA(#12053);
#12053 = FILL_AREA_STYLE('',(#12054));
#12054 = FILL_AREA_STYLE_COLOUR('',#11514);
#12055 = OVER_RIDING_STYLED_ITEM('overriding color',(#12056),#5709,
  #11467);
#12056 = PRESENTATION_STYLE_ASSIGNMENT((#12057));
#12057 = SURFACE_STYLE_USAGE(.BOTH.,#12058);
#12058 = SURFACE_SIDE_STYLE('',(#12059));
#12059 = SURFACE_STYLE_FILL_AREA(#12060);
#12060 = FILL_AREA_STYLE('',(#12061));
#12061 = FILL_AREA_STYLE_COLOUR('',#11514);
#12062 = OVER_RIDING_STYLED_ITEM('overriding color',(#12063),#5738,
  #11467);
#12063 = PRESENTATION_STYLE_ASSIGNMENT((#12064));
#12064 = SURFACE_STYLE_USAGE(.BOTH.,#12065);
#12065 = SURFACE_SIDE_STYLE('',(#12066));
#12066 = SURFACE_STYLE_FILL_AREA(#12067);
#12067 = FILL_AREA_STYLE('',(#12068));
#12068 = FILL_AREA_STYLE_COLOUR('',#11514);
#12069 = OVER_RIDING_STYLED_ITEM('overriding color',(#12070),#5762,
  #11467);
#12070 = PRESENTATION_STYLE_ASSIGNMENT((#12071));
#12071 = SURFACE_STYLE_USAGE(.BOTH.,#12072);
#12072 = SURFACE_SIDE_STYLE('',(#12073));
#12073 = SURFACE_STYLE_FILL_AREA(#12074);
#12074 = FILL_AREA_STYLE('',(#12075));
#12075 = FILL_AREA_STYLE_COLOUR('',#11514);
#12076 = OVER_RIDING_STYLED_ITEM('overriding color',(#12077),#5791,
  #11467);
#12077 = PRESENTATION_STYLE_ASSIGNMENT((#12078));
#12078 = SURFACE_STYLE_USAGE(.BOTH.,#12079);
#12079 = SURFACE_SIDE_STYLE('',(#12080));
#12080 = SURFACE_STYLE_FILL_AREA(#12081);
#12081 = FILL_AREA_STYLE('',(#12082));
#12082 = FILL_AREA_STYLE_COLOUR('',#11514);
#12083 = OVER_RIDING_STYLED_ITEM('overriding color',(#12084),#5820,
  #11467);
#12084 = PRESENTATION_STYLE_ASSIGNMENT((#12085));
#12085 = SURFACE_STYLE_USAGE(.BOTH.,#12086);
#12086 = SURFACE_SIDE_STYLE('',(#12087));
#12087 = SURFACE_STYLE_FILL_AREA(#12088);
#12088 = FILL_AREA_STYLE('',(#12089));
#12089 = FILL_AREA_STYLE_COLOUR('',#11514);
#12090 = OVER_RIDING_STYLED_ITEM('overriding color',(#12091),#5849,
  #11467);
#12091 = PRESENTATION_STYLE_ASSIGNMENT((#12092));
#12092 = SURFACE_STYLE_USAGE(.BOTH.,#12093);
#12093 = SURFACE_SIDE_STYLE('',(#12094));
#12094 = SURFACE_STYLE_FILL_AREA(#12095);
#12095 = FILL_AREA_STYLE('',(#12096));
#12096 = FILL_AREA_STYLE_COLOUR('',#11514);
#12097 = OVER_RIDING_STYLED_ITEM('overriding color',(#12098),#5878,
  #11467);
#12098 = PRESENTATION_STYLE_ASSIGNMENT((#12099));
#12099 = SURFACE_STYLE_USAGE(.BOTH.,#12100);
#12100 = SURFACE_SIDE_STYLE('',(#12101));
#12101 = SURFACE_STYLE_FILL_AREA(#12102);
#12102 = FILL_AREA_STYLE('',(#12103));
#12103 = FILL_AREA_STYLE_COLOUR('',#11514);
#12104 = OVER_RIDING_STYLED_ITEM('overriding color',(#12105),#5900,
  #11467);
#12105 = PRESENTATION_STYLE_ASSIGNMENT((#12106));
#12106 = SURFACE_STYLE_USAGE(.BOTH.,#12107);
#12107 = SURFACE_SIDE_STYLE('',(#12108));
#12108 = SURFACE_STYLE_FILL_AREA(#12109);
#12109 = FILL_AREA_STYLE('',(#12110));
#12110 = FILL_AREA_STYLE_COLOUR('',#11514);
#12111 = OVER_RIDING_STYLED_ITEM('overriding color',(#12112),#5922,
  #11467);
#12112 = PRESENTATION_STYLE_ASSIGNMENT((#12113));
#12113 = SURFACE_STYLE_USAGE(.BOTH.,#12114);
#12114 = SURFACE_SIDE_STYLE('',(#12115));
#12115 = SURFACE_STYLE_FILL_AREA(#12116);
#12116 = FILL_AREA_STYLE('',(#12117));
#12117 = FILL_AREA_STYLE_COLOUR('',#11514);
#12118 = OVER_RIDING_STYLED_ITEM('overriding color',(#12119),#5953,
  #11467);
#12119 = PRESENTATION_STYLE_ASSIGNMENT((#12120));
#12120 = SURFACE_STYLE_USAGE(.BOTH.,#12121);
#12121 = SURFACE_SIDE_STYLE('',(#12122));
#12122 = SURFACE_STYLE_FILL_AREA(#12123);
#12123 = FILL_AREA_STYLE('',(#12124));
#12124 = FILL_AREA_STYLE_COLOUR('',#11514);
#12125 = OVER_RIDING_STYLED_ITEM('overriding color',(#12126),#5977,
  #11467);
#12126 = PRESENTATION_STYLE_ASSIGNMENT((#12127));
#12127 = SURFACE_STYLE_USAGE(.BOTH.,#12128);
#12128 = SURFACE_SIDE_STYLE('',(#12129));
#12129 = SURFACE_STYLE_FILL_AREA(#12130);
#12130 = FILL_AREA_STYLE('',(#12131));
#12131 = FILL_AREA_STYLE_COLOUR('',#11514);
#12132 = OVER_RIDING_STYLED_ITEM('overriding color',(#12133),#6001,
  #11467);
#12133 = PRESENTATION_STYLE_ASSIGNMENT((#12134));
#12134 = SURFACE_STYLE_USAGE(.BOTH.,#12135);
#12135 = SURFACE_SIDE_STYLE('',(#12136));
#12136 = SURFACE_STYLE_FILL_AREA(#12137);
#12137 = FILL_AREA_STYLE('',(#12138));
#12138 = FILL_AREA_STYLE_COLOUR('',#11514);
#12139 = OVER_RIDING_STYLED_ITEM('overriding color',(#12140),#6025,
  #11467);
#12140 = PRESENTATION_STYLE_ASSIGNMENT((#12141));
#12141 = SURFACE_STYLE_USAGE(.BOTH.,#12142);
#12142 = SURFACE_SIDE_STYLE('',(#12143));
#12143 = SURFACE_STYLE_FILL_AREA(#12144);
#12144 = FILL_AREA_STYLE('',(#12145));
#12145 = FILL_AREA_STYLE_COLOUR('',#11514);
#12146 = OVER_RIDING_STYLED_ITEM('overriding color',(#12147),#6049,
  #11467);
#12147 = PRESENTATION_STYLE_ASSIGNMENT((#12148));
#12148 = SURFACE_STYLE_USAGE(.BOTH.,#12149);
#12149 = SURFACE_SIDE_STYLE('',(#12150));
#12150 = SURFACE_STYLE_FILL_AREA(#12151);
#12151 = FILL_AREA_STYLE('',(#12152));
#12152 = FILL_AREA_STYLE_COLOUR('',#11514);
#12153 = OVER_RIDING_STYLED_ITEM('overriding color',(#12154),#6073,
  #11467);
#12154 = PRESENTATION_STYLE_ASSIGNMENT((#12155));
#12155 = SURFACE_STYLE_USAGE(.BOTH.,#12156);
#12156 = SURFACE_SIDE_STYLE('',(#12157));
#12157 = SURFACE_STYLE_FILL_AREA(#12158);
#12158 = FILL_AREA_STYLE('',(#12159));
#12159 = FILL_AREA_STYLE_COLOUR('',#11514);
#12160 = OVER_RIDING_STYLED_ITEM('overriding color',(#12161),#6097,
  #11467);
#12161 = PRESENTATION_STYLE_ASSIGNMENT((#12162));
#12162 = SURFACE_STYLE_USAGE(.BOTH.,#12163);
#12163 = SURFACE_SIDE_STYLE('',(#12164));
#12164 = SURFACE_STYLE_FILL_AREA(#12165);
#12165 = FILL_AREA_STYLE('',(#12166));
#12166 = FILL_AREA_STYLE_COLOUR('',#11514);
#12167 = OVER_RIDING_STYLED_ITEM('overriding color',(#12168),#6121,
  #11467);
#12168 = PRESENTATION_STYLE_ASSIGNMENT((#12169));
#12169 = SURFACE_STYLE_USAGE(.BOTH.,#12170);
#12170 = SURFACE_SIDE_STYLE('',(#12171));
#12171 = SURFACE_STYLE_FILL_AREA(#12172);
#12172 = FILL_AREA_STYLE('',(#12173));
#12173 = FILL_AREA_STYLE_COLOUR('',#11514);
#12174 = OVER_RIDING_STYLED_ITEM('overriding color',(#12175),#6145,
  #11467);
#12175 = PRESENTATION_STYLE_ASSIGNMENT((#12176));
#12176 = SURFACE_STYLE_USAGE(.BOTH.,#12177);
#12177 = SURFACE_SIDE_STYLE('',(#12178));
#12178 = SURFACE_STYLE_FILL_AREA(#12179);
#12179 = FILL_AREA_STYLE('',(#12180));
#12180 = FILL_AREA_STYLE_COLOUR('',#11514);
#12181 = OVER_RIDING_STYLED_ITEM('overriding color',(#12182),#6169,
  #11467);
#12182 = PRESENTATION_STYLE_ASSIGNMENT((#12183));
#12183 = SURFACE_STYLE_USAGE(.BOTH.,#12184);
#12184 = SURFACE_SIDE_STYLE('',(#12185));
#12185 = SURFACE_STYLE_FILL_AREA(#12186);
#12186 = FILL_AREA_STYLE('',(#12187));
#12187 = FILL_AREA_STYLE_COLOUR('',#11514);
#12188 = OVER_RIDING_STYLED_ITEM('overriding color',(#12189),#6193,
  #11467);
#12189 = PRESENTATION_STYLE_ASSIGNMENT((#12190));
#12190 = SURFACE_STYLE_USAGE(.BOTH.,#12191);
#12191 = SURFACE_SIDE_STYLE('',(#12192));
#12192 = SURFACE_STYLE_FILL_AREA(#12193);
#12193 = FILL_AREA_STYLE('',(#12194));
#12194 = FILL_AREA_STYLE_COLOUR('',#11514);
#12195 = OVER_RIDING_STYLED_ITEM('overriding color',(#12196),#6210,
  #11467);
#12196 = PRESENTATION_STYLE_ASSIGNMENT((#12197));
#12197 = SURFACE_STYLE_USAGE(.BOTH.,#12198);
#12198 = SURFACE_SIDE_STYLE('',(#12199));
#12199 = SURFACE_STYLE_FILL_AREA(#12200);
#12200 = FILL_AREA_STYLE('',(#12201));
#12201 = FILL_AREA_STYLE_COLOUR('',#11514);
#12202 = OVER_RIDING_STYLED_ITEM('overriding color',(#12203),#6230,
  #11467);
#12203 = PRESENTATION_STYLE_ASSIGNMENT((#12204));
#12204 = SURFACE_STYLE_USAGE(.BOTH.,#12205);
#12205 = SURFACE_SIDE_STYLE('',(#12206));
#12206 = SURFACE_STYLE_FILL_AREA(#12207);
#12207 = FILL_AREA_STYLE('',(#12208));
#12208 = FILL_AREA_STYLE_COLOUR('',#11514);
#12209 = OVER_RIDING_STYLED_ITEM('overriding color',(#12210),#6360,
  #11467);
#12210 = PRESENTATION_STYLE_ASSIGNMENT((#12211));
#12211 = SURFACE_STYLE_USAGE(.BOTH.,#12212);
#12212 = SURFACE_SIDE_STYLE('',(#12213));
#12213 = SURFACE_STYLE_FILL_AREA(#12214);
#12214 = FILL_AREA_STYLE('',(#12215));
#12215 = FILL_AREA_STYLE_COLOUR('',#11514);
#12216 = OVER_RIDING_STYLED_ITEM('overriding color',(#12217),#6382,
  #11467);
#12217 = PRESENTATION_STYLE_ASSIGNMENT((#12218));
#12218 = SURFACE_STYLE_USAGE(.BOTH.,#12219);
#12219 = SURFACE_SIDE_STYLE('',(#12220));
#12220 = SURFACE_STYLE_FILL_AREA(#12221);
#12221 = FILL_AREA_STYLE('',(#12222));
#12222 = FILL_AREA_STYLE_COLOUR('',#11514);
#12223 = OVER_RIDING_STYLED_ITEM('overriding color',(#12224),#6403,
  #11467);
#12224 = PRESENTATION_STYLE_ASSIGNMENT((#12225));
#12225 = SURFACE_STYLE_USAGE(.BOTH.,#12226);
#12226 = SURFACE_SIDE_STYLE('',(#12227));
#12227 = SURFACE_STYLE_FILL_AREA(#12228);
#12228 = FILL_AREA_STYLE('',(#12229));
#12229 = FILL_AREA_STYLE_COLOUR('',#11514);
#12230 = OVER_RIDING_STYLED_ITEM('overriding color',(#12231),#6424,
  #11467);
#12231 = PRESENTATION_STYLE_ASSIGNMENT((#12232));
#12232 = SURFACE_STYLE_USAGE(.BOTH.,#12233);
#12233 = SURFACE_SIDE_STYLE('',(#12234));
#12234 = SURFACE_STYLE_FILL_AREA(#12235);
#12235 = FILL_AREA_STYLE('',(#12236));
#12236 = FILL_AREA_STYLE_COLOUR('',#11514);
#12237 = OVER_RIDING_STYLED_ITEM('overriding color',(#12238),#6445,
  #11467);
#12238 = PRESENTATION_STYLE_ASSIGNMENT((#12239));
#12239 = SURFACE_STYLE_USAGE(.BOTH.,#12240);
#12240 = SURFACE_SIDE_STYLE('',(#12241));
#12241 = SURFACE_STYLE_FILL_AREA(#12242);
#12242 = FILL_AREA_STYLE('',(#12243));
#12243 = FILL_AREA_STYLE_COLOUR('',#11514);
#12244 = OVER_RIDING_STYLED_ITEM('overriding color',(#12245),#6466,
  #11467);
#12245 = PRESENTATION_STYLE_ASSIGNMENT((#12246));
#12246 = SURFACE_STYLE_USAGE(.BOTH.,#12247);
#12247 = SURFACE_SIDE_STYLE('',(#12248));
#12248 = SURFACE_STYLE_FILL_AREA(#12249);
#12249 = FILL_AREA_STYLE('',(#12250));
#12250 = FILL_AREA_STYLE_COLOUR('',#11514);
#12251 = OVER_RIDING_STYLED_ITEM('overriding color',(#12252),#6483,
  #11467);
#12252 = PRESENTATION_STYLE_ASSIGNMENT((#12253));
#12253 = SURFACE_STYLE_USAGE(.BOTH.,#12254);
#12254 = SURFACE_SIDE_STYLE('',(#12255));
#12255 = SURFACE_STYLE_FILL_AREA(#12256);
#12256 = FILL_AREA_STYLE('',(#12257));
#12257 = FILL_AREA_STYLE_COLOUR('',#11514);
#12258 = OVER_RIDING_STYLED_ITEM('overriding color',(#12259),#6495,
  #11467);
#12259 = PRESENTATION_STYLE_ASSIGNMENT((#12260));
#12260 = SURFACE_STYLE_USAGE(.BOTH.,#12261);
#12261 = SURFACE_SIDE_STYLE('',(#12262));
#12262 = SURFACE_STYLE_FILL_AREA(#12263);
#12263 = FILL_AREA_STYLE('',(#12264));
#12264 = FILL_AREA_STYLE_COLOUR('',#11514);
#12265 = OVER_RIDING_STYLED_ITEM('overriding color',(#12266),#6526,
  #11467);
#12266 = PRESENTATION_STYLE_ASSIGNMENT((#12267));
#12267 = SURFACE_STYLE_USAGE(.BOTH.,#12268);
#12268 = SURFACE_SIDE_STYLE('',(#12269));
#12269 = SURFACE_STYLE_FILL_AREA(#12270);
#12270 = FILL_AREA_STYLE('',(#12271));
#12271 = FILL_AREA_STYLE_COLOUR('',#11514);
#12272 = OVER_RIDING_STYLED_ITEM('overriding color',(#12273),#6550,
  #11467);
#12273 = PRESENTATION_STYLE_ASSIGNMENT((#12274));
#12274 = SURFACE_STYLE_USAGE(.BOTH.,#12275);
#12275 = SURFACE_SIDE_STYLE('',(#12276));
#12276 = SURFACE_STYLE_FILL_AREA(#12277);
#12277 = FILL_AREA_STYLE('',(#12278));
#12278 = FILL_AREA_STYLE_COLOUR('',#11514);
#12279 = OVER_RIDING_STYLED_ITEM('overriding color',(#12280),#6574,
  #11467);
#12280 = PRESENTATION_STYLE_ASSIGNMENT((#12281));
#12281 = SURFACE_STYLE_USAGE(.BOTH.,#12282);
#12282 = SURFACE_SIDE_STYLE('',(#12283));
#12283 = SURFACE_STYLE_FILL_AREA(#12284);
#12284 = FILL_AREA_STYLE('',(#12285));
#12285 = FILL_AREA_STYLE_COLOUR('',#11514);
#12286 = OVER_RIDING_STYLED_ITEM('overriding color',(#12287),#6603,
  #11467);
#12287 = PRESENTATION_STYLE_ASSIGNMENT((#12288));
#12288 = SURFACE_STYLE_USAGE(.BOTH.,#12289);
#12289 = SURFACE_SIDE_STYLE('',(#12290));
#12290 = SURFACE_STYLE_FILL_AREA(#12291);
#12291 = FILL_AREA_STYLE('',(#12292));
#12292 = FILL_AREA_STYLE_COLOUR('',#11514);
#12293 = OVER_RIDING_STYLED_ITEM('overriding color',(#12294),#6632,
  #11467);
#12294 = PRESENTATION_STYLE_ASSIGNMENT((#12295));
#12295 = SURFACE_STYLE_USAGE(.BOTH.,#12296);
#12296 = SURFACE_SIDE_STYLE('',(#12297));
#12297 = SURFACE_STYLE_FILL_AREA(#12298);
#12298 = FILL_AREA_STYLE('',(#12299));
#12299 = FILL_AREA_STYLE_COLOUR('',#11514);
#12300 = OVER_RIDING_STYLED_ITEM('overriding color',(#12301),#6661,
  #11467);
#12301 = PRESENTATION_STYLE_ASSIGNMENT((#12302));
#12302 = SURFACE_STYLE_USAGE(.BOTH.,#12303);
#12303 = SURFACE_SIDE_STYLE('',(#12304));
#12304 = SURFACE_STYLE_FILL_AREA(#12305);
#12305 = FILL_AREA_STYLE('',(#12306));
#12306 = FILL_AREA_STYLE_COLOUR('',#11514);
#12307 = OVER_RIDING_STYLED_ITEM('overriding color',(#12308),#6683,
  #11467);
#12308 = PRESENTATION_STYLE_ASSIGNMENT((#12309));
#12309 = SURFACE_STYLE_USAGE(.BOTH.,#12310);
#12310 = SURFACE_SIDE_STYLE('',(#12311));
#12311 = SURFACE_STYLE_FILL_AREA(#12312);
#12312 = FILL_AREA_STYLE('',(#12313));
#12313 = FILL_AREA_STYLE_COLOUR('',#11485);
#12314 = OVER_RIDING_STYLED_ITEM('overriding color',(#12315),#6698,
  #11467);
#12315 = PRESENTATION_STYLE_ASSIGNMENT((#12316));
#12316 = SURFACE_STYLE_USAGE(.BOTH.,#12317);
#12317 = SURFACE_SIDE_STYLE('',(#12318));
#12318 = SURFACE_STYLE_FILL_AREA(#12319);
#12319 = FILL_AREA_STYLE('',(#12320));
#12320 = FILL_AREA_STYLE_COLOUR('',#11514);
#12321 = OVER_RIDING_STYLED_ITEM('overriding color',(#12322),#6822,
  #11467);
#12322 = PRESENTATION_STYLE_ASSIGNMENT((#12323));
#12323 = SURFACE_STYLE_USAGE(.BOTH.,#12324);
#12324 = SURFACE_SIDE_STYLE('',(#12325));
#12325 = SURFACE_STYLE_FILL_AREA(#12326);
#12326 = FILL_AREA_STYLE('',(#12327));
#12327 = FILL_AREA_STYLE_COLOUR('',#11514);
#12328 = OVER_RIDING_STYLED_ITEM('overriding color',(#12329),#6844,
  #11467);
#12329 = PRESENTATION_STYLE_ASSIGNMENT((#12330));
#12330 = SURFACE_STYLE_USAGE(.BOTH.,#12331);
#12331 = SURFACE_SIDE_STYLE('',(#12332));
#12332 = SURFACE_STYLE_FILL_AREA(#12333);
#12333 = FILL_AREA_STYLE('',(#12334));
#12334 = FILL_AREA_STYLE_COLOUR('',#11514);
#12335 = OVER_RIDING_STYLED_ITEM('overriding color',(#12336),#6861,
  #11467);
#12336 = PRESENTATION_STYLE_ASSIGNMENT((#12337));
#12337 = SURFACE_STYLE_USAGE(.BOTH.,#12338);
#12338 = SURFACE_SIDE_STYLE('',(#12339));
#12339 = SURFACE_STYLE_FILL_AREA(#12340);
#12340 = FILL_AREA_STYLE('',(#12341));
#12341 = FILL_AREA_STYLE_COLOUR('',#11514);
#12342 = OVER_RIDING_STYLED_ITEM('overriding color',(#12343),#6878,
  #11467);
#12343 = PRESENTATION_STYLE_ASSIGNMENT((#12344));
#12344 = SURFACE_STYLE_USAGE(.BOTH.,#12345);
#12345 = SURFACE_SIDE_STYLE('',(#12346));
#12346 = SURFACE_STYLE_FILL_AREA(#12347);
#12347 = FILL_AREA_STYLE('',(#12348));
#12348 = FILL_AREA_STYLE_COLOUR('',#11514);
#12349 = OVER_RIDING_STYLED_ITEM('overriding color',(#12350),#6895,
  #11467);
#12350 = PRESENTATION_STYLE_ASSIGNMENT((#12351));
#12351 = SURFACE_STYLE_USAGE(.BOTH.,#12352);
#12352 = SURFACE_SIDE_STYLE('',(#12353));
#12353 = SURFACE_STYLE_FILL_AREA(#12354);
#12354 = FILL_AREA_STYLE('',(#12355));
#12355 = FILL_AREA_STYLE_COLOUR('',#11514);
#12356 = OVER_RIDING_STYLED_ITEM('overriding color',(#12357),#6912,
  #11467);
#12357 = PRESENTATION_STYLE_ASSIGNMENT((#12358));
#12358 = SURFACE_STYLE_USAGE(.BOTH.,#12359);
#12359 = SURFACE_SIDE_STYLE('',(#12360));
#12360 = SURFACE_STYLE_FILL_AREA(#12361);
#12361 = FILL_AREA_STYLE('',(#12362));
#12362 = FILL_AREA_STYLE_COLOUR('',#11514);
#12363 = OVER_RIDING_STYLED_ITEM('overriding color',(#12364),#6929,
  #11467);
#12364 = PRESENTATION_STYLE_ASSIGNMENT((#12365));
#12365 = SURFACE_STYLE_USAGE(.BOTH.,#12366);
#12366 = SURFACE_SIDE_STYLE('',(#12367));
#12367 = SURFACE_STYLE_FILL_AREA(#12368);
#12368 = FILL_AREA_STYLE('',(#12369));
#12369 = FILL_AREA_STYLE_COLOUR('',#11514);
#12370 = OVER_RIDING_STYLED_ITEM('overriding color',(#12371),#6946,
  #11467);
#12371 = PRESENTATION_STYLE_ASSIGNMENT((#12372));
#12372 = SURFACE_STYLE_USAGE(.BOTH.,#12373);
#12373 = SURFACE_SIDE_STYLE('',(#12374));
#12374 = SURFACE_STYLE_FILL_AREA(#12375);
#12375 = FILL_AREA_STYLE('',(#12376));
#12376 = FILL_AREA_STYLE_COLOUR('',#11514);
#12377 = OVER_RIDING_STYLED_ITEM('overriding color',(#12378),#6958,
  #11467);
#12378 = PRESENTATION_STYLE_ASSIGNMENT((#12379));
#12379 = SURFACE_STYLE_USAGE(.BOTH.,#12380);
#12380 = SURFACE_SIDE_STYLE('',(#12381));
#12381 = SURFACE_STYLE_FILL_AREA(#12382);
#12382 = FILL_AREA_STYLE('',(#12383));
#12383 = FILL_AREA_STYLE_COLOUR('',#11514);
#12384 = OVER_RIDING_STYLED_ITEM('overriding color',(#12385),#6989,
  #11467);
#12385 = PRESENTATION_STYLE_ASSIGNMENT((#12386));
#12386 = SURFACE_STYLE_USAGE(.BOTH.,#12387);
#12387 = SURFACE_SIDE_STYLE('',(#12388));
#12388 = SURFACE_STYLE_FILL_AREA(#12389);
#12389 = FILL_AREA_STYLE('',(#12390));
#12390 = FILL_AREA_STYLE_COLOUR('',#11514);
#12391 = OVER_RIDING_STYLED_ITEM('overriding color',(#12392),#7013,
  #11467);
#12392 = PRESENTATION_STYLE_ASSIGNMENT((#12393));
#12393 = SURFACE_STYLE_USAGE(.BOTH.,#12394);
#12394 = SURFACE_SIDE_STYLE('',(#12395));
#12395 = SURFACE_STYLE_FILL_AREA(#12396);
#12396 = FILL_AREA_STYLE('',(#12397));
#12397 = FILL_AREA_STYLE_COLOUR('',#11514);
#12398 = OVER_RIDING_STYLED_ITEM('overriding color',(#12399),#7042,
  #11467);
#12399 = PRESENTATION_STYLE_ASSIGNMENT((#12400));
#12400 = SURFACE_STYLE_USAGE(.BOTH.,#12401);
#12401 = SURFACE_SIDE_STYLE('',(#12402));
#12402 = SURFACE_STYLE_FILL_AREA(#12403);
#12403 = FILL_AREA_STYLE('',(#12404));
#12404 = FILL_AREA_STYLE_COLOUR('',#11514);
#12405 = OVER_RIDING_STYLED_ITEM('overriding color',(#12406),#7066,
  #11467);
#12406 = PRESENTATION_STYLE_ASSIGNMENT((#12407));
#12407 = SURFACE_STYLE_USAGE(.BOTH.,#12408);
#12408 = SURFACE_SIDE_STYLE('',(#12409));
#12409 = SURFACE_STYLE_FILL_AREA(#12410);
#12410 = FILL_AREA_STYLE('',(#12411));
#12411 = FILL_AREA_STYLE_COLOUR('',#11514);
#12412 = OVER_RIDING_STYLED_ITEM('overriding color',(#12413),#7095,
  #11467);
#12413 = PRESENTATION_STYLE_ASSIGNMENT((#12414));
#12414 = SURFACE_STYLE_USAGE(.BOTH.,#12415);
#12415 = SURFACE_SIDE_STYLE('',(#12416));
#12416 = SURFACE_STYLE_FILL_AREA(#12417);
#12417 = FILL_AREA_STYLE('',(#12418));
#12418 = FILL_AREA_STYLE_COLOUR('',#11514);
#12419 = OVER_RIDING_STYLED_ITEM('overriding color',(#12420),#7112,
  #11467);
#12420 = PRESENTATION_STYLE_ASSIGNMENT((#12421));
#12421 = SURFACE_STYLE_USAGE(.BOTH.,#12422);
#12422 = SURFACE_SIDE_STYLE('',(#12423));
#12423 = SURFACE_STYLE_FILL_AREA(#12424);
#12424 = FILL_AREA_STYLE('',(#12425));
#12425 = FILL_AREA_STYLE_COLOUR('',#11485);
#12426 = OVER_RIDING_STYLED_ITEM('overriding color',(#12427),#7126,
  #11467);
#12427 = PRESENTATION_STYLE_ASSIGNMENT((#12428));
#12428 = SURFACE_STYLE_USAGE(.BOTH.,#12429);
#12429 = SURFACE_SIDE_STYLE('',(#12430));
#12430 = SURFACE_STYLE_FILL_AREA(#12431);
#12431 = FILL_AREA_STYLE('',(#12432));
#12432 = FILL_AREA_STYLE_COLOUR('',#11514);
#12433 = OVER_RIDING_STYLED_ITEM('overriding color',(#12434),#7157,
  #11467);
#12434 = PRESENTATION_STYLE_ASSIGNMENT((#12435));
#12435 = SURFACE_STYLE_USAGE(.BOTH.,#12436);
#12436 = SURFACE_SIDE_STYLE('',(#12437));
#12437 = SURFACE_STYLE_FILL_AREA(#12438);
#12438 = FILL_AREA_STYLE('',(#12439));
#12439 = FILL_AREA_STYLE_COLOUR('',#11514);
#12440 = OVER_RIDING_STYLED_ITEM('overriding color',(#12441),#7181,
  #11467);
#12441 = PRESENTATION_STYLE_ASSIGNMENT((#12442));
#12442 = SURFACE_STYLE_USAGE(.BOTH.,#12443);
#12443 = SURFACE_SIDE_STYLE('',(#12444));
#12444 = SURFACE_STYLE_FILL_AREA(#12445);
#12445 = FILL_AREA_STYLE('',(#12446));
#12446 = FILL_AREA_STYLE_COLOUR('',#11514);
#12447 = OVER_RIDING_STYLED_ITEM('overriding color',(#12448),#7205,
  #11467);
#12448 = PRESENTATION_STYLE_ASSIGNMENT((#12449));
#12449 = SURFACE_STYLE_USAGE(.BOTH.,#12450);
#12450 = SURFACE_SIDE_STYLE('',(#12451));
#12451 = SURFACE_STYLE_FILL_AREA(#12452);
#12452 = FILL_AREA_STYLE('',(#12453));
#12453 = FILL_AREA_STYLE_COLOUR('',#11514);
#12454 = OVER_RIDING_STYLED_ITEM('overriding color',(#12455),#7229,
  #11467);
#12455 = PRESENTATION_STYLE_ASSIGNMENT((#12456));
#12456 = SURFACE_STYLE_USAGE(.BOTH.,#12457);
#12457 = SURFACE_SIDE_STYLE('',(#12458));
#12458 = SURFACE_STYLE_FILL_AREA(#12459);
#12459 = FILL_AREA_STYLE('',(#12460));
#12460 = FILL_AREA_STYLE_COLOUR('',#11514);
#12461 = OVER_RIDING_STYLED_ITEM('overriding color',(#12462),#7253,
  #11467);
#12462 = PRESENTATION_STYLE_ASSIGNMENT((#12463));
#12463 = SURFACE_STYLE_USAGE(.BOTH.,#12464);
#12464 = SURFACE_SIDE_STYLE('',(#12465));
#12465 = SURFACE_STYLE_FILL_AREA(#12466);
#12466 = FILL_AREA_STYLE('',(#12467));
#12467 = FILL_AREA_STYLE_COLOUR('',#11514);
#12468 = OVER_RIDING_STYLED_ITEM('overriding color',(#12469),#7277,
  #11467);
#12469 = PRESENTATION_STYLE_ASSIGNMENT((#12470));
#12470 = SURFACE_STYLE_USAGE(.BOTH.,#12471);
#12471 = SURFACE_SIDE_STYLE('',(#12472));
#12472 = SURFACE_STYLE_FILL_AREA(#12473);
#12473 = FILL_AREA_STYLE('',(#12474));
#12474 = FILL_AREA_STYLE_COLOUR('',#11514);
#12475 = OVER_RIDING_STYLED_ITEM('overriding color',(#12476),#7301,
  #11467);
#12476 = PRESENTATION_STYLE_ASSIGNMENT((#12477));
#12477 = SURFACE_STYLE_USAGE(.BOTH.,#12478);
#12478 = SURFACE_SIDE_STYLE('',(#12479));
#12479 = SURFACE_STYLE_FILL_AREA(#12480);
#12480 = FILL_AREA_STYLE('',(#12481));
#12481 = FILL_AREA_STYLE_COLOUR('',#11514);
#12482 = OVER_RIDING_STYLED_ITEM('overriding color',(#12483),#7325,
  #11467);
#12483 = PRESENTATION_STYLE_ASSIGNMENT((#12484));
#12484 = SURFACE_STYLE_USAGE(.BOTH.,#12485);
#12485 = SURFACE_SIDE_STYLE('',(#12486));
#12486 = SURFACE_STYLE_FILL_AREA(#12487);
#12487 = FILL_AREA_STYLE('',(#12488));
#12488 = FILL_AREA_STYLE_COLOUR('',#11514);
#12489 = OVER_RIDING_STYLED_ITEM('overriding color',(#12490),#7349,
  #11467);
#12490 = PRESENTATION_STYLE_ASSIGNMENT((#12491));
#12491 = SURFACE_STYLE_USAGE(.BOTH.,#12492);
#12492 = SURFACE_SIDE_STYLE('',(#12493));
#12493 = SURFACE_STYLE_FILL_AREA(#12494);
#12494 = FILL_AREA_STYLE('',(#12495));
#12495 = FILL_AREA_STYLE_COLOUR('',#11514);
#12496 = OVER_RIDING_STYLED_ITEM('overriding color',(#12497),#7373,
  #11467);
#12497 = PRESENTATION_STYLE_ASSIGNMENT((#12498));
#12498 = SURFACE_STYLE_USAGE(.BOTH.,#12499);
#12499 = SURFACE_SIDE_STYLE('',(#12500));
#12500 = SURFACE_STYLE_FILL_AREA(#12501);
#12501 = FILL_AREA_STYLE('',(#12502));
#12502 = FILL_AREA_STYLE_COLOUR('',#11514);
#12503 = OVER_RIDING_STYLED_ITEM('overriding color',(#12504),#7397,
  #11467);
#12504 = PRESENTATION_STYLE_ASSIGNMENT((#12505));
#12505 = SURFACE_STYLE_USAGE(.BOTH.,#12506);
#12506 = SURFACE_SIDE_STYLE('',(#12507));
#12507 = SURFACE_STYLE_FILL_AREA(#12508);
#12508 = FILL_AREA_STYLE('',(#12509));
#12509 = FILL_AREA_STYLE_COLOUR('',#11514);
#12510 = OVER_RIDING_STYLED_ITEM('overriding color',(#12511),#7414,
  #11467);
#12511 = PRESENTATION_STYLE_ASSIGNMENT((#12512));
#12512 = SURFACE_STYLE_USAGE(.BOTH.,#12513);
#12513 = SURFACE_SIDE_STYLE('',(#12514));
#12514 = SURFACE_STYLE_FILL_AREA(#12515);
#12515 = FILL_AREA_STYLE('',(#12516));
#12516 = FILL_AREA_STYLE_COLOUR('',#11514);
#12517 = OVER_RIDING_STYLED_ITEM('overriding color',(#12518),#7434,
  #11467);
#12518 = PRESENTATION_STYLE_ASSIGNMENT((#12519));
#12519 = SURFACE_STYLE_USAGE(.BOTH.,#12520);
#12520 = SURFACE_SIDE_STYLE('',(#12521));
#12521 = SURFACE_STYLE_FILL_AREA(#12522);
#12522 = FILL_AREA_STYLE('',(#12523));
#12523 = FILL_AREA_STYLE_COLOUR('',#11514);
#12524 = OVER_RIDING_STYLED_ITEM('overriding color',(#12525),#7634,
  #11467);
#12525 = PRESENTATION_STYLE_ASSIGNMENT((#12526));
#12526 = SURFACE_STYLE_USAGE(.BOTH.,#12527);
#12527 = SURFACE_SIDE_STYLE('',(#12528));
#12528 = SURFACE_STYLE_FILL_AREA(#12529);
#12529 = FILL_AREA_STYLE('',(#12530));
#12530 = FILL_AREA_STYLE_COLOUR('',#11514);
#12531 = OVER_RIDING_STYLED_ITEM('overriding color',(#12532),#7660,
  #11467);
#12532 = PRESENTATION_STYLE_ASSIGNMENT((#12533));
#12533 = SURFACE_STYLE_USAGE(.BOTH.,#12534);
#12534 = SURFACE_SIDE_STYLE('',(#12535));
#12535 = SURFACE_STYLE_FILL_AREA(#12536);
#12536 = FILL_AREA_STYLE('',(#12537));
#12537 = FILL_AREA_STYLE_COLOUR('',#11514);
#12538 = OVER_RIDING_STYLED_ITEM('overriding color',(#12539),#7677,
  #11467);
#12539 = PRESENTATION_STYLE_ASSIGNMENT((#12540));
#12540 = SURFACE_STYLE_USAGE(.BOTH.,#12541);
#12541 = SURFACE_SIDE_STYLE('',(#12542));
#12542 = SURFACE_STYLE_FILL_AREA(#12543);
#12543 = FILL_AREA_STYLE('',(#12544));
#12544 = FILL_AREA_STYLE_COLOUR('',#11514);
#12545 = OVER_RIDING_STYLED_ITEM('overriding color',(#12546),#7698,
  #11467);
#12546 = PRESENTATION_STYLE_ASSIGNMENT((#12547));
#12547 = SURFACE_STYLE_USAGE(.BOTH.,#12548);
#12548 = SURFACE_SIDE_STYLE('',(#12549));
#12549 = SURFACE_STYLE_FILL_AREA(#12550);
#12550 = FILL_AREA_STYLE('',(#12551));
#12551 = FILL_AREA_STYLE_COLOUR('',#11514);
#12552 = OVER_RIDING_STYLED_ITEM('overriding color',(#12553),#7719,
  #11467);
#12553 = PRESENTATION_STYLE_ASSIGNMENT((#12554));
#12554 = SURFACE_STYLE_USAGE(.BOTH.,#12555);
#12555 = SURFACE_SIDE_STYLE('',(#12556));
#12556 = SURFACE_STYLE_FILL_AREA(#12557);
#12557 = FILL_AREA_STYLE('',(#12558));
#12558 = FILL_AREA_STYLE_COLOUR('',#11514);
#12559 = OVER_RIDING_STYLED_ITEM('overriding color',(#12560),#7736,
  #11467);
#12560 = PRESENTATION_STYLE_ASSIGNMENT((#12561));
#12561 = SURFACE_STYLE_USAGE(.BOTH.,#12562);
#12562 = SURFACE_SIDE_STYLE('',(#12563));
#12563 = SURFACE_STYLE_FILL_AREA(#12564);
#12564 = FILL_AREA_STYLE('',(#12565));
#12565 = FILL_AREA_STYLE_COLOUR('',#11514);
#12566 = OVER_RIDING_STYLED_ITEM('overriding color',(#12567),#7757,
  #11467);
#12567 = PRESENTATION_STYLE_ASSIGNMENT((#12568));
#12568 = SURFACE_STYLE_USAGE(.BOTH.,#12569);
#12569 = SURFACE_SIDE_STYLE('',(#12570));
#12570 = SURFACE_STYLE_FILL_AREA(#12571);
#12571 = FILL_AREA_STYLE('',(#12572));
#12572 = FILL_AREA_STYLE_COLOUR('',#11514);
#12573 = OVER_RIDING_STYLED_ITEM('overriding color',(#12574),#7778,
  #11467);
#12574 = PRESENTATION_STYLE_ASSIGNMENT((#12575));
#12575 = SURFACE_STYLE_USAGE(.BOTH.,#12576);
#12576 = SURFACE_SIDE_STYLE('',(#12577));
#12577 = SURFACE_STYLE_FILL_AREA(#12578);
#12578 = FILL_AREA_STYLE('',(#12579));
#12579 = FILL_AREA_STYLE_COLOUR('',#11514);
#12580 = OVER_RIDING_STYLED_ITEM('overriding color',(#12581),#7799,
  #11467);
#12581 = PRESENTATION_STYLE_ASSIGNMENT((#12582));
#12582 = SURFACE_STYLE_USAGE(.BOTH.,#12583);
#12583 = SURFACE_SIDE_STYLE('',(#12584));
#12584 = SURFACE_STYLE_FILL_AREA(#12585);
#12585 = FILL_AREA_STYLE('',(#12586));
#12586 = FILL_AREA_STYLE_COLOUR('',#11514);
#12587 = OVER_RIDING_STYLED_ITEM('overriding color',(#12588),#7820,
  #11467);
#12588 = PRESENTATION_STYLE_ASSIGNMENT((#12589));
#12589 = SURFACE_STYLE_USAGE(.BOTH.,#12590);
#12590 = SURFACE_SIDE_STYLE('',(#12591));
#12591 = SURFACE_STYLE_FILL_AREA(#12592);
#12592 = FILL_AREA_STYLE('',(#12593));
#12593 = FILL_AREA_STYLE_COLOUR('',#11514);
#12594 = OVER_RIDING_STYLED_ITEM('overriding color',(#12595),#7837,
  #11467);
#12595 = PRESENTATION_STYLE_ASSIGNMENT((#12596));
#12596 = SURFACE_STYLE_USAGE(.BOTH.,#12597);
#12597 = SURFACE_SIDE_STYLE('',(#12598));
#12598 = SURFACE_STYLE_FILL_AREA(#12599);
#12599 = FILL_AREA_STYLE('',(#12600));
#12600 = FILL_AREA_STYLE_COLOUR('',#11514);
#12601 = OVER_RIDING_STYLED_ITEM('overriding color',(#12602),#7854,
  #11467);
#12602 = PRESENTATION_STYLE_ASSIGNMENT((#12603));
#12603 = SURFACE_STYLE_USAGE(.BOTH.,#12604);
#12604 = SURFACE_SIDE_STYLE('',(#12605));
#12605 = SURFACE_STYLE_FILL_AREA(#12606);
#12606 = FILL_AREA_STYLE('',(#12607));
#12607 = FILL_AREA_STYLE_COLOUR('',#11514);
#12608 = OVER_RIDING_STYLED_ITEM('overriding color',(#12609),#7871,
  #11467);
#12609 = PRESENTATION_STYLE_ASSIGNMENT((#12610));
#12610 = SURFACE_STYLE_USAGE(.BOTH.,#12611);
#12611 = SURFACE_SIDE_STYLE('',(#12612));
#12612 = SURFACE_STYLE_FILL_AREA(#12613);
#12613 = FILL_AREA_STYLE('',(#12614));
#12614 = FILL_AREA_STYLE_COLOUR('',#11514);
#12615 = OVER_RIDING_STYLED_ITEM('overriding color',(#12616),#7888,
  #11467);
#12616 = PRESENTATION_STYLE_ASSIGNMENT((#12617));
#12617 = SURFACE_STYLE_USAGE(.BOTH.,#12618);
#12618 = SURFACE_SIDE_STYLE('',(#12619));
#12619 = SURFACE_STYLE_FILL_AREA(#12620);
#12620 = FILL_AREA_STYLE('',(#12621));
#12621 = FILL_AREA_STYLE_COLOUR('',#11514);
#12622 = OVER_RIDING_STYLED_ITEM('overriding color',(#12623),#7904,
  #11467);
#12623 = PRESENTATION_STYLE_ASSIGNMENT((#12624));
#12624 = SURFACE_STYLE_USAGE(.BOTH.,#12625);
#12625 = SURFACE_SIDE_STYLE('',(#12626));
#12626 = SURFACE_STYLE_FILL_AREA(#12627);
#12627 = FILL_AREA_STYLE('',(#12628));
#12628 = FILL_AREA_STYLE_COLOUR('',#11514);
#12629 = OVER_RIDING_STYLED_ITEM('overriding color',(#12630),#7940,
  #11467);
#12630 = PRESENTATION_STYLE_ASSIGNMENT((#12631));
#12631 = SURFACE_STYLE_USAGE(.BOTH.,#12632);
#12632 = SURFACE_SIDE_STYLE('',(#12633));
#12633 = SURFACE_STYLE_FILL_AREA(#12634);
#12634 = FILL_AREA_STYLE('',(#12635));
#12635 = FILL_AREA_STYLE_COLOUR('',#11514);
#12636 = OVER_RIDING_STYLED_ITEM('overriding color',(#12637),#7969,
  #11467);
#12637 = PRESENTATION_STYLE_ASSIGNMENT((#12638));
#12638 = SURFACE_STYLE_USAGE(.BOTH.,#12639);
#12639 = SURFACE_SIDE_STYLE('',(#12640));
#12640 = SURFACE_STYLE_FILL_AREA(#12641);
#12641 = FILL_AREA_STYLE('',(#12642));
#12642 = FILL_AREA_STYLE_COLOUR('',#11514);
#12643 = OVER_RIDING_STYLED_ITEM('overriding color',(#12644),#7998,
  #11467);
#12644 = PRESENTATION_STYLE_ASSIGNMENT((#12645));
#12645 = SURFACE_STYLE_USAGE(.BOTH.,#12646);
#12646 = SURFACE_SIDE_STYLE('',(#12647));
#12647 = SURFACE_STYLE_FILL_AREA(#12648);
#12648 = FILL_AREA_STYLE('',(#12649));
#12649 = FILL_AREA_STYLE_COLOUR('',#11514);
#12650 = OVER_RIDING_STYLED_ITEM('overriding color',(#12651),#8027,
  #11467);
#12651 = PRESENTATION_STYLE_ASSIGNMENT((#12652));
#12652 = SURFACE_STYLE_USAGE(.BOTH.,#12653);
#12653 = SURFACE_SIDE_STYLE('',(#12654));
#12654 = SURFACE_STYLE_FILL_AREA(#12655);
#12655 = FILL_AREA_STYLE('',(#12656));
#12656 = FILL_AREA_STYLE_COLOUR('',#11514);
#12657 = OVER_RIDING_STYLED_ITEM('overriding color',(#12658),#8056,
  #11467);
#12658 = PRESENTATION_STYLE_ASSIGNMENT((#12659));
#12659 = SURFACE_STYLE_USAGE(.BOTH.,#12660);
#12660 = SURFACE_SIDE_STYLE('',(#12661));
#12661 = SURFACE_STYLE_FILL_AREA(#12662);
#12662 = FILL_AREA_STYLE('',(#12663));
#12663 = FILL_AREA_STYLE_COLOUR('',#11514);
#12664 = OVER_RIDING_STYLED_ITEM('overriding color',(#12665),#8085,
  #11467);
#12665 = PRESENTATION_STYLE_ASSIGNMENT((#12666));
#12666 = SURFACE_STYLE_USAGE(.BOTH.,#12667);
#12667 = SURFACE_SIDE_STYLE('',(#12668));
#12668 = SURFACE_STYLE_FILL_AREA(#12669);
#12669 = FILL_AREA_STYLE('',(#12670));
#12670 = FILL_AREA_STYLE_COLOUR('',#11514);
#12671 = OVER_RIDING_STYLED_ITEM('overriding color',(#12672),#8109,
  #11467);
#12672 = PRESENTATION_STYLE_ASSIGNMENT((#12673));
#12673 = SURFACE_STYLE_USAGE(.BOTH.,#12674);
#12674 = SURFACE_SIDE_STYLE('',(#12675));
#12675 = SURFACE_STYLE_FILL_AREA(#12676);
#12676 = FILL_AREA_STYLE('',(#12677));
#12677 = FILL_AREA_STYLE_COLOUR('',#11514);
#12678 = OVER_RIDING_STYLED_ITEM('overriding color',(#12679),#8126,
  #11467);
#12679 = PRESENTATION_STYLE_ASSIGNMENT((#12680));
#12680 = SURFACE_STYLE_USAGE(.BOTH.,#12681);
#12681 = SURFACE_SIDE_STYLE('',(#12682));
#12682 = SURFACE_STYLE_FILL_AREA(#12683);
#12683 = FILL_AREA_STYLE('',(#12684));
#12684 = FILL_AREA_STYLE_COLOUR('',#11485);
#12685 = OVER_RIDING_STYLED_ITEM('overriding color',(#12686),#8142,
  #11467);
#12686 = PRESENTATION_STYLE_ASSIGNMENT((#12687));
#12687 = SURFACE_STYLE_USAGE(.BOTH.,#12688);
#12688 = SURFACE_SIDE_STYLE('',(#12689));
#12689 = SURFACE_STYLE_FILL_AREA(#12690);
#12690 = FILL_AREA_STYLE('',(#12691));
#12691 = FILL_AREA_STYLE_COLOUR('',#11514);
#12692 = OVER_RIDING_STYLED_ITEM('overriding color',(#12693),#8178,
  #11467);
#12693 = PRESENTATION_STYLE_ASSIGNMENT((#12694));
#12694 = SURFACE_STYLE_USAGE(.BOTH.,#12695);
#12695 = SURFACE_SIDE_STYLE('',(#12696));
#12696 = SURFACE_STYLE_FILL_AREA(#12697);
#12697 = FILL_AREA_STYLE('',(#12698));
#12698 = FILL_AREA_STYLE_COLOUR('',#11514);
#12699 = OVER_RIDING_STYLED_ITEM('overriding color',(#12700),#8202,
  #11467);
#12700 = PRESENTATION_STYLE_ASSIGNMENT((#12701));
#12701 = SURFACE_STYLE_USAGE(.BOTH.,#12702);
#12702 = SURFACE_SIDE_STYLE('',(#12703));
#12703 = SURFACE_STYLE_FILL_AREA(#12704);
#12704 = FILL_AREA_STYLE('',(#12705));
#12705 = FILL_AREA_STYLE_COLOUR('',#11514);
#12706 = OVER_RIDING_STYLED_ITEM('overriding color',(#12707),#8231,
  #11467);
#12707 = PRESENTATION_STYLE_ASSIGNMENT((#12708));
#12708 = SURFACE_STYLE_USAGE(.BOTH.,#12709);
#12709 = SURFACE_SIDE_STYLE('',(#12710));
#12710 = SURFACE_STYLE_FILL_AREA(#12711);
#12711 = FILL_AREA_STYLE('',(#12712));
#12712 = FILL_AREA_STYLE_COLOUR('',#11514);
#12713 = OVER_RIDING_STYLED_ITEM('overriding color',(#12714),#8260,
  #11467);
#12714 = PRESENTATION_STYLE_ASSIGNMENT((#12715));
#12715 = SURFACE_STYLE_USAGE(.BOTH.,#12716);
#12716 = SURFACE_SIDE_STYLE('',(#12717));
#12717 = SURFACE_STYLE_FILL_AREA(#12718);
#12718 = FILL_AREA_STYLE('',(#12719));
#12719 = FILL_AREA_STYLE_COLOUR('',#11514);
#12720 = OVER_RIDING_STYLED_ITEM('overriding color',(#12721),#8289,
  #11467);
#12721 = PRESENTATION_STYLE_ASSIGNMENT((#12722));
#12722 = SURFACE_STYLE_USAGE(.BOTH.,#12723);
#12723 = SURFACE_SIDE_STYLE('',(#12724));
#12724 = SURFACE_STYLE_FILL_AREA(#12725);
#12725 = FILL_AREA_STYLE('',(#12726));
#12726 = FILL_AREA_STYLE_COLOUR('',#11514);
#12727 = OVER_RIDING_STYLED_ITEM('overriding color',(#12728),#8318,
  #11467);
#12728 = PRESENTATION_STYLE_ASSIGNMENT((#12729));
#12729 = SURFACE_STYLE_USAGE(.BOTH.,#12730);
#12730 = SURFACE_SIDE_STYLE('',(#12731));
#12731 = SURFACE_STYLE_FILL_AREA(#12732);
#12732 = FILL_AREA_STYLE('',(#12733));
#12733 = FILL_AREA_STYLE_COLOUR('',#11514);
#12734 = OVER_RIDING_STYLED_ITEM('overriding color',(#12735),#8347,
  #11467);
#12735 = PRESENTATION_STYLE_ASSIGNMENT((#12736));
#12736 = SURFACE_STYLE_USAGE(.BOTH.,#12737);
#12737 = SURFACE_SIDE_STYLE('',(#12738));
#12738 = SURFACE_STYLE_FILL_AREA(#12739);
#12739 = FILL_AREA_STYLE('',(#12740));
#12740 = FILL_AREA_STYLE_COLOUR('',#11514);
#12741 = OVER_RIDING_STYLED_ITEM('overriding color',(#12742),#8376,
  #11467);
#12742 = PRESENTATION_STYLE_ASSIGNMENT((#12743));
#12743 = SURFACE_STYLE_USAGE(.BOTH.,#12744);
#12744 = SURFACE_SIDE_STYLE('',(#12745));
#12745 = SURFACE_STYLE_FILL_AREA(#12746);
#12746 = FILL_AREA_STYLE('',(#12747));
#12747 = FILL_AREA_STYLE_COLOUR('',#11514);
#12748 = OVER_RIDING_STYLED_ITEM('overriding color',(#12749),#8405,
  #11467);
#12749 = PRESENTATION_STYLE_ASSIGNMENT((#12750));
#12750 = SURFACE_STYLE_USAGE(.BOTH.,#12751);
#12751 = SURFACE_SIDE_STYLE('',(#12752));
#12752 = SURFACE_STYLE_FILL_AREA(#12753);
#12753 = FILL_AREA_STYLE('',(#12754));
#12754 = FILL_AREA_STYLE_COLOUR('',#11514);
#12755 = OVER_RIDING_STYLED_ITEM('overriding color',(#12756),#8434,
  #11467);
#12756 = PRESENTATION_STYLE_ASSIGNMENT((#12757));
#12757 = SURFACE_STYLE_USAGE(.BOTH.,#12758);
#12758 = SURFACE_SIDE_STYLE('',(#12759));
#12759 = SURFACE_STYLE_FILL_AREA(#12760);
#12760 = FILL_AREA_STYLE('',(#12761));
#12761 = FILL_AREA_STYLE_COLOUR('',#11514);
#12762 = OVER_RIDING_STYLED_ITEM('overriding color',(#12763),#8463,
  #11467);
#12763 = PRESENTATION_STYLE_ASSIGNMENT((#12764));
#12764 = SURFACE_STYLE_USAGE(.BOTH.,#12765);
#12765 = SURFACE_SIDE_STYLE('',(#12766));
#12766 = SURFACE_STYLE_FILL_AREA(#12767);
#12767 = FILL_AREA_STYLE('',(#12768));
#12768 = FILL_AREA_STYLE_COLOUR('',#11514);
#12769 = OVER_RIDING_STYLED_ITEM('overriding color',(#12770),#8492,
  #11467);
#12770 = PRESENTATION_STYLE_ASSIGNMENT((#12771));
#12771 = SURFACE_STYLE_USAGE(.BOTH.,#12772);
#12772 = SURFACE_SIDE_STYLE('',(#12773));
#12773 = SURFACE_STYLE_FILL_AREA(#12774);
#12774 = FILL_AREA_STYLE('',(#12775));
#12775 = FILL_AREA_STYLE_COLOUR('',#11514);
#12776 = OVER_RIDING_STYLED_ITEM('overriding color',(#12777),#8516,
  #11467);
#12777 = PRESENTATION_STYLE_ASSIGNMENT((#12778));
#12778 = SURFACE_STYLE_USAGE(.BOTH.,#12779);
#12779 = SURFACE_SIDE_STYLE('',(#12780));
#12780 = SURFACE_STYLE_FILL_AREA(#12781);
#12781 = FILL_AREA_STYLE('',(#12782));
#12782 = FILL_AREA_STYLE_COLOUR('',#11514);
#12783 = OVER_RIDING_STYLED_ITEM('overriding color',(#12784),#8545,
  #11467);
#12784 = PRESENTATION_STYLE_ASSIGNMENT((#12785));
#12785 = SURFACE_STYLE_USAGE(.BOTH.,#12786);
#12786 = SURFACE_SIDE_STYLE('',(#12787));
#12787 = SURFACE_STYLE_FILL_AREA(#12788);
#12788 = FILL_AREA_STYLE('',(#12789));
#12789 = FILL_AREA_STYLE_COLOUR('',#11514);
#12790 = OVER_RIDING_STYLED_ITEM('overriding color',(#12791),#8574,
  #11467);
#12791 = PRESENTATION_STYLE_ASSIGNMENT((#12792));
#12792 = SURFACE_STYLE_USAGE(.BOTH.,#12793);
#12793 = SURFACE_SIDE_STYLE('',(#12794));
#12794 = SURFACE_STYLE_FILL_AREA(#12795);
#12795 = FILL_AREA_STYLE('',(#12796));
#12796 = FILL_AREA_STYLE_COLOUR('',#11514);
#12797 = OVER_RIDING_STYLED_ITEM('overriding color',(#12798),#8603,
  #11467);
#12798 = PRESENTATION_STYLE_ASSIGNMENT((#12799));
#12799 = SURFACE_STYLE_USAGE(.BOTH.,#12800);
#12800 = SURFACE_SIDE_STYLE('',(#12801));
#12801 = SURFACE_STYLE_FILL_AREA(#12802);
#12802 = FILL_AREA_STYLE('',(#12803));
#12803 = FILL_AREA_STYLE_COLOUR('',#11514);
#12804 = OVER_RIDING_STYLED_ITEM('overriding color',(#12805),#8632,
  #11467);
#12805 = PRESENTATION_STYLE_ASSIGNMENT((#12806));
#12806 = SURFACE_STYLE_USAGE(.BOTH.,#12807);
#12807 = SURFACE_SIDE_STYLE('',(#12808));
#12808 = SURFACE_STYLE_FILL_AREA(#12809);
#12809 = FILL_AREA_STYLE('',(#12810));
#12810 = FILL_AREA_STYLE_COLOUR('',#11514);
#12811 = OVER_RIDING_STYLED_ITEM('overriding color',(#12812),#8661,
  #11467);
#12812 = PRESENTATION_STYLE_ASSIGNMENT((#12813));
#12813 = SURFACE_STYLE_USAGE(.BOTH.,#12814);
#12814 = SURFACE_SIDE_STYLE('',(#12815));
#12815 = SURFACE_STYLE_FILL_AREA(#12816);
#12816 = FILL_AREA_STYLE('',(#12817));
#12817 = FILL_AREA_STYLE_COLOUR('',#11514);
#12818 = OVER_RIDING_STYLED_ITEM('overriding color',(#12819),#8690,
  #11467);
#12819 = PRESENTATION_STYLE_ASSIGNMENT((#12820));
#12820 = SURFACE_STYLE_USAGE(.BOTH.,#12821);
#12821 = SURFACE_SIDE_STYLE('',(#12822));
#12822 = SURFACE_STYLE_FILL_AREA(#12823);
#12823 = FILL_AREA_STYLE('',(#12824));
#12824 = FILL_AREA_STYLE_COLOUR('',#11514);
#12825 = OVER_RIDING_STYLED_ITEM('overriding color',(#12826),#8719,
  #11467);
#12826 = PRESENTATION_STYLE_ASSIGNMENT((#12827));
#12827 = SURFACE_STYLE_USAGE(.BOTH.,#12828);
#12828 = SURFACE_SIDE_STYLE('',(#12829));
#12829 = SURFACE_STYLE_FILL_AREA(#12830);
#12830 = FILL_AREA_STYLE('',(#12831));
#12831 = FILL_AREA_STYLE_COLOUR('',#11514);
#12832 = OVER_RIDING_STYLED_ITEM('overriding color',(#12833),#8741,
  #11467);
#12833 = PRESENTATION_STYLE_ASSIGNMENT((#12834));
#12834 = SURFACE_STYLE_USAGE(.BOTH.,#12835);
#12835 = SURFACE_SIDE_STYLE('',(#12836));
#12836 = SURFACE_STYLE_FILL_AREA(#12837);
#12837 = FILL_AREA_STYLE('',(#12838));
#12838 = FILL_AREA_STYLE_COLOUR('',#11514);
#12839 = OVER_RIDING_STYLED_ITEM('overriding color',(#12840),#8770,
  #11467);
#12840 = PRESENTATION_STYLE_ASSIGNMENT((#12841));
#12841 = SURFACE_STYLE_USAGE(.BOTH.,#12842);
#12842 = SURFACE_SIDE_STYLE('',(#12843));
#12843 = SURFACE_STYLE_FILL_AREA(#12844);
#12844 = FILL_AREA_STYLE('',(#12845));
#12845 = FILL_AREA_STYLE_COLOUR('',#11514);
#12846 = OVER_RIDING_STYLED_ITEM('overriding color',(#12847),#8801,
  #11467);
#12847 = PRESENTATION_STYLE_ASSIGNMENT((#12848));
#12848 = SURFACE_STYLE_USAGE(.BOTH.,#12849);
#12849 = SURFACE_SIDE_STYLE('',(#12850));
#12850 = SURFACE_STYLE_FILL_AREA(#12851);
#12851 = FILL_AREA_STYLE('',(#12852));
#12852 = FILL_AREA_STYLE_COLOUR('',#11514);
#12853 = OVER_RIDING_STYLED_ITEM('overriding color',(#12854),#8825,
  #11467);
#12854 = PRESENTATION_STYLE_ASSIGNMENT((#12855));
#12855 = SURFACE_STYLE_USAGE(.BOTH.,#12856);
#12856 = SURFACE_SIDE_STYLE('',(#12857));
#12857 = SURFACE_STYLE_FILL_AREA(#12858);
#12858 = FILL_AREA_STYLE('',(#12859));
#12859 = FILL_AREA_STYLE_COLOUR('',#11514);
#12860 = OVER_RIDING_STYLED_ITEM('overriding color',(#12861),#8854,
  #11467);
#12861 = PRESENTATION_STYLE_ASSIGNMENT((#12862));
#12862 = SURFACE_STYLE_USAGE(.BOTH.,#12863);
#12863 = SURFACE_SIDE_STYLE('',(#12864));
#12864 = SURFACE_STYLE_FILL_AREA(#12865);
#12865 = FILL_AREA_STYLE('',(#12866));
#12866 = FILL_AREA_STYLE_COLOUR('',#11514);
#12867 = OVER_RIDING_STYLED_ITEM('overriding color',(#12868),#8878,
  #11467);
#12868 = PRESENTATION_STYLE_ASSIGNMENT((#12869));
#12869 = SURFACE_STYLE_USAGE(.BOTH.,#12870);
#12870 = SURFACE_SIDE_STYLE('',(#12871));
#12871 = SURFACE_STYLE_FILL_AREA(#12872);
#12872 = FILL_AREA_STYLE('',(#12873));
#12873 = FILL_AREA_STYLE_COLOUR('',#11514);
#12874 = OVER_RIDING_STYLED_ITEM('overriding color',(#12875),#8902,
  #11467);
#12875 = PRESENTATION_STYLE_ASSIGNMENT((#12876));
#12876 = SURFACE_STYLE_USAGE(.BOTH.,#12877);
#12877 = SURFACE_SIDE_STYLE('',(#12878));
#12878 = SURFACE_STYLE_FILL_AREA(#12879);
#12879 = FILL_AREA_STYLE('',(#12880));
#12880 = FILL_AREA_STYLE_COLOUR('',#11514);
#12881 = OVER_RIDING_STYLED_ITEM('overriding color',(#12882),#8926,
  #11467);
#12882 = PRESENTATION_STYLE_ASSIGNMENT((#12883));
#12883 = SURFACE_STYLE_USAGE(.BOTH.,#12884);
#12884 = SURFACE_SIDE_STYLE('',(#12885));
#12885 = SURFACE_STYLE_FILL_AREA(#12886);
#12886 = FILL_AREA_STYLE('',(#12887));
#12887 = FILL_AREA_STYLE_COLOUR('',#11514);
#12888 = OVER_RIDING_STYLED_ITEM('overriding color',(#12889),#8950,
  #11467);
#12889 = PRESENTATION_STYLE_ASSIGNMENT((#12890));
#12890 = SURFACE_STYLE_USAGE(.BOTH.,#12891);
#12891 = SURFACE_SIDE_STYLE('',(#12892));
#12892 = SURFACE_STYLE_FILL_AREA(#12893);
#12893 = FILL_AREA_STYLE('',(#12894));
#12894 = FILL_AREA_STYLE_COLOUR('',#11514);
#12895 = OVER_RIDING_STYLED_ITEM('overriding color',(#12896),#8974,
  #11467);
#12896 = PRESENTATION_STYLE_ASSIGNMENT((#12897));
#12897 = SURFACE_STYLE_USAGE(.BOTH.,#12898);
#12898 = SURFACE_SIDE_STYLE('',(#12899));
#12899 = SURFACE_STYLE_FILL_AREA(#12900);
#12900 = FILL_AREA_STYLE('',(#12901));
#12901 = FILL_AREA_STYLE_COLOUR('',#11514);
#12902 = OVER_RIDING_STYLED_ITEM('overriding color',(#12903),#8998,
  #11467);
#12903 = PRESENTATION_STYLE_ASSIGNMENT((#12904));
#12904 = SURFACE_STYLE_USAGE(.BOTH.,#12905);
#12905 = SURFACE_SIDE_STYLE('',(#12906));
#12906 = SURFACE_STYLE_FILL_AREA(#12907);
#12907 = FILL_AREA_STYLE('',(#12908));
#12908 = FILL_AREA_STYLE_COLOUR('',#11514);
#12909 = OVER_RIDING_STYLED_ITEM('overriding color',(#12910),#9027,
  #11467);
#12910 = PRESENTATION_STYLE_ASSIGNMENT((#12911));
#12911 = SURFACE_STYLE_USAGE(.BOTH.,#12912);
#12912 = SURFACE_SIDE_STYLE('',(#12913));
#12913 = SURFACE_STYLE_FILL_AREA(#12914);
#12914 = FILL_AREA_STYLE('',(#12915));
#12915 = FILL_AREA_STYLE_COLOUR('',#11514);
#12916 = OVER_RIDING_STYLED_ITEM('overriding color',(#12917),#9056,
  #11467);
#12917 = PRESENTATION_STYLE_ASSIGNMENT((#12918));
#12918 = SURFACE_STYLE_USAGE(.BOTH.,#12919);
#12919 = SURFACE_SIDE_STYLE('',(#12920));
#12920 = SURFACE_STYLE_FILL_AREA(#12921);
#12921 = FILL_AREA_STYLE('',(#12922));
#12922 = FILL_AREA_STYLE_COLOUR('',#11514);
#12923 = OVER_RIDING_STYLED_ITEM('overriding color',(#12924),#9080,
  #11467);
#12924 = PRESENTATION_STYLE_ASSIGNMENT((#12925));
#12925 = SURFACE_STYLE_USAGE(.BOTH.,#12926);
#12926 = SURFACE_SIDE_STYLE('',(#12927));
#12927 = SURFACE_STYLE_FILL_AREA(#12928);
#12928 = FILL_AREA_STYLE('',(#12929));
#12929 = FILL_AREA_STYLE_COLOUR('',#11514);
#12930 = OVER_RIDING_STYLED_ITEM('overriding color',(#12931),#9109,
  #11467);
#12931 = PRESENTATION_STYLE_ASSIGNMENT((#12932));
#12932 = SURFACE_STYLE_USAGE(.BOTH.,#12933);
#12933 = SURFACE_SIDE_STYLE('',(#12934));
#12934 = SURFACE_STYLE_FILL_AREA(#12935);
#12935 = FILL_AREA_STYLE('',(#12936));
#12936 = FILL_AREA_STYLE_COLOUR('',#11514);
#12937 = OVER_RIDING_STYLED_ITEM('overriding color',(#12938),#9138,
  #11467);
#12938 = PRESENTATION_STYLE_ASSIGNMENT((#12939));
#12939 = SURFACE_STYLE_USAGE(.BOTH.,#12940);
#12940 = SURFACE_SIDE_STYLE('',(#12941));
#12941 = SURFACE_STYLE_FILL_AREA(#12942);
#12942 = FILL_AREA_STYLE('',(#12943));
#12943 = FILL_AREA_STYLE_COLOUR('',#11514);
#12944 = OVER_RIDING_STYLED_ITEM('overriding color',(#12945),#9155,
  #11467);
#12945 = PRESENTATION_STYLE_ASSIGNMENT((#12946));
#12946 = SURFACE_STYLE_USAGE(.BOTH.,#12947);
#12947 = SURFACE_SIDE_STYLE('',(#12948));
#12948 = SURFACE_STYLE_FILL_AREA(#12949);
#12949 = FILL_AREA_STYLE('',(#12950));
#12950 = FILL_AREA_STYLE_COLOUR('',#11514);
#12951 = OVER_RIDING_STYLED_ITEM('overriding color',(#12952),#9178,
  #11467);
#12952 = PRESENTATION_STYLE_ASSIGNMENT((#12953));
#12953 = SURFACE_STYLE_USAGE(.BOTH.,#12954);
#12954 = SURFACE_SIDE_STYLE('',(#12955));
#12955 = SURFACE_STYLE_FILL_AREA(#12956);
#12956 = FILL_AREA_STYLE('',(#12957));
#12957 = FILL_AREA_STYLE_COLOUR('',#11514);
#12958 = OVER_RIDING_STYLED_ITEM('overriding color',(#12959),#9209,
  #11467);
#12959 = PRESENTATION_STYLE_ASSIGNMENT((#12960));
#12960 = SURFACE_STYLE_USAGE(.BOTH.,#12961);
#12961 = SURFACE_SIDE_STYLE('',(#12962));
#12962 = SURFACE_STYLE_FILL_AREA(#12963);
#12963 = FILL_AREA_STYLE('',(#12964));
#12964 = FILL_AREA_STYLE_COLOUR('',#11514);
#12965 = OVER_RIDING_STYLED_ITEM('overriding color',(#12966),#9233,
  #11467);
#12966 = PRESENTATION_STYLE_ASSIGNMENT((#12967));
#12967 = SURFACE_STYLE_USAGE(.BOTH.,#12968);
#12968 = SURFACE_SIDE_STYLE('',(#12969));
#12969 = SURFACE_STYLE_FILL_AREA(#12970);
#12970 = FILL_AREA_STYLE('',(#12971));
#12971 = FILL_AREA_STYLE_COLOUR('',#11514);
#12972 = OVER_RIDING_STYLED_ITEM('overriding color',(#12973),#9257,
  #11467);
#12973 = PRESENTATION_STYLE_ASSIGNMENT((#12974));
#12974 = SURFACE_STYLE_USAGE(.BOTH.,#12975);
#12975 = SURFACE_SIDE_STYLE('',(#12976));
#12976 = SURFACE_STYLE_FILL_AREA(#12977);
#12977 = FILL_AREA_STYLE('',(#12978));
#12978 = FILL_AREA_STYLE_COLOUR('',#11514);
#12979 = OVER_RIDING_STYLED_ITEM('overriding color',(#12980),#9281,
  #11467);
#12980 = PRESENTATION_STYLE_ASSIGNMENT((#12981));
#12981 = SURFACE_STYLE_USAGE(.BOTH.,#12982);
#12982 = SURFACE_SIDE_STYLE('',(#12983));
#12983 = SURFACE_STYLE_FILL_AREA(#12984);
#12984 = FILL_AREA_STYLE('',(#12985));
#12985 = FILL_AREA_STYLE_COLOUR('',#11514);
#12986 = OVER_RIDING_STYLED_ITEM('overriding color',(#12987),#9305,
  #11467);
#12987 = PRESENTATION_STYLE_ASSIGNMENT((#12988));
#12988 = SURFACE_STYLE_USAGE(.BOTH.,#12989);
#12989 = SURFACE_SIDE_STYLE('',(#12990));
#12990 = SURFACE_STYLE_FILL_AREA(#12991);
#12991 = FILL_AREA_STYLE('',(#12992));
#12992 = FILL_AREA_STYLE_COLOUR('',#11514);
#12993 = OVER_RIDING_STYLED_ITEM('overriding color',(#12994),#9329,
  #11467);
#12994 = PRESENTATION_STYLE_ASSIGNMENT((#12995));
#12995 = SURFACE_STYLE_USAGE(.BOTH.,#12996);
#12996 = SURFACE_SIDE_STYLE('',(#12997));
#12997 = SURFACE_STYLE_FILL_AREA(#12998);
#12998 = FILL_AREA_STYLE('',(#12999));
#12999 = FILL_AREA_STYLE_COLOUR('',#11514);
#13000 = OVER_RIDING_STYLED_ITEM('overriding color',(#13001),#9353,
  #11467);
#13001 = PRESENTATION_STYLE_ASSIGNMENT((#13002));
#13002 = SURFACE_STYLE_USAGE(.BOTH.,#13003);
#13003 = SURFACE_SIDE_STYLE('',(#13004));
#13004 = SURFACE_STYLE_FILL_AREA(#13005);
#13005 = FILL_AREA_STYLE('',(#13006));
#13006 = FILL_AREA_STYLE_COLOUR('',#11514);
#13007 = OVER_RIDING_STYLED_ITEM('overriding color',(#13008),#9377,
  #11467);
#13008 = PRESENTATION_STYLE_ASSIGNMENT((#13009));
#13009 = SURFACE_STYLE_USAGE(.BOTH.,#13010);
#13010 = SURFACE_SIDE_STYLE('',(#13011));
#13011 = SURFACE_STYLE_FILL_AREA(#13012);
#13012 = FILL_AREA_STYLE('',(#13013));
#13013 = FILL_AREA_STYLE_COLOUR('',#11514);
#13014 = OVER_RIDING_STYLED_ITEM('overriding color',(#13015),#9401,
  #11467);
#13015 = PRESENTATION_STYLE_ASSIGNMENT((#13016));
#13016 = SURFACE_STYLE_USAGE(.BOTH.,#13017);
#13017 = SURFACE_SIDE_STYLE('',(#13018));
#13018 = SURFACE_STYLE_FILL_AREA(#13019);
#13019 = FILL_AREA_STYLE('',(#13020));
#13020 = FILL_AREA_STYLE_COLOUR('',#11514);
#13021 = OVER_RIDING_STYLED_ITEM('overriding color',(#13022),#9425,
  #11467);
#13022 = PRESENTATION_STYLE_ASSIGNMENT((#13023));
#13023 = SURFACE_STYLE_USAGE(.BOTH.,#13024);
#13024 = SURFACE_SIDE_STYLE('',(#13025));
#13025 = SURFACE_STYLE_FILL_AREA(#13026);
#13026 = FILL_AREA_STYLE('',(#13027));
#13027 = FILL_AREA_STYLE_COLOUR('',#11514);
#13028 = OVER_RIDING_STYLED_ITEM('overriding color',(#13029),#9449,
  #11467);
#13029 = PRESENTATION_STYLE_ASSIGNMENT((#13030));
#13030 = SURFACE_STYLE_USAGE(.BOTH.,#13031);
#13031 = SURFACE_SIDE_STYLE('',(#13032));
#13032 = SURFACE_STYLE_FILL_AREA(#13033);
#13033 = FILL_AREA_STYLE('',(#13034));
#13034 = FILL_AREA_STYLE_COLOUR('',#11514);
#13035 = OVER_RIDING_STYLED_ITEM('overriding color',(#13036),#9466,
  #11467);
#13036 = PRESENTATION_STYLE_ASSIGNMENT((#13037));
#13037 = SURFACE_STYLE_USAGE(.BOTH.,#13038);
#13038 = SURFACE_SIDE_STYLE('',(#13039));
#13039 = SURFACE_STYLE_FILL_AREA(#13040);
#13040 = FILL_AREA_STYLE('',(#13041));
#13041 = FILL_AREA_STYLE_COLOUR('',#11514);
#13042 = OVER_RIDING_STYLED_ITEM('overriding color',(#13043),#9486,
  #11467);
#13043 = PRESENTATION_STYLE_ASSIGNMENT((#13044));
#13044 = SURFACE_STYLE_USAGE(.BOTH.,#13045);
#13045 = SURFACE_SIDE_STYLE('',(#13046));
#13046 = SURFACE_STYLE_FILL_AREA(#13047);
#13047 = FILL_AREA_STYLE('',(#13048));
#13048 = FILL_AREA_STYLE_COLOUR('',#11514);
#13049 = OVER_RIDING_STYLED_ITEM('overriding color',(#13050),#9616,
  #11467);
#13050 = PRESENTATION_STYLE_ASSIGNMENT((#13051));
#13051 = SURFACE_STYLE_USAGE(.BOTH.,#13052);
#13052 = SURFACE_SIDE_STYLE('',(#13053));
#13053 = SURFACE_STYLE_FILL_AREA(#13054);
#13054 = FILL_AREA_STYLE('',(#13055));
#13055 = FILL_AREA_STYLE_COLOUR('',#11514);
#13056 = OVER_RIDING_STYLED_ITEM('overriding color',(#13057),#9638,
  #11467);
#13057 = PRESENTATION_STYLE_ASSIGNMENT((#13058));
#13058 = SURFACE_STYLE_USAGE(.BOTH.,#13059);
#13059 = SURFACE_SIDE_STYLE('',(#13060));
#13060 = SURFACE_STYLE_FILL_AREA(#13061);
#13061 = FILL_AREA_STYLE('',(#13062));
#13062 = FILL_AREA_STYLE_COLOUR('',#11514);
#13063 = OVER_RIDING_STYLED_ITEM('overriding color',(#13064),#9659,
  #11467);
#13064 = PRESENTATION_STYLE_ASSIGNMENT((#13065));
#13065 = SURFACE_STYLE_USAGE(.BOTH.,#13066);
#13066 = SURFACE_SIDE_STYLE('',(#13067));
#13067 = SURFACE_STYLE_FILL_AREA(#13068);
#13068 = FILL_AREA_STYLE('',(#13069));
#13069 = FILL_AREA_STYLE_COLOUR('',#11514);
#13070 = OVER_RIDING_STYLED_ITEM('overriding color',(#13071),#9680,
  #11467);
#13071 = PRESENTATION_STYLE_ASSIGNMENT((#13072));
#13072 = SURFACE_STYLE_USAGE(.BOTH.,#13073);
#13073 = SURFACE_SIDE_STYLE('',(#13074));
#13074 = SURFACE_STYLE_FILL_AREA(#13075);
#13075 = FILL_AREA_STYLE('',(#13076));
#13076 = FILL_AREA_STYLE_COLOUR('',#11514);
#13077 = OVER_RIDING_STYLED_ITEM('overriding color',(#13078),#9701,
  #11467);
#13078 = PRESENTATION_STYLE_ASSIGNMENT((#13079));
#13079 = SURFACE_STYLE_USAGE(.BOTH.,#13080);
#13080 = SURFACE_SIDE_STYLE('',(#13081));
#13081 = SURFACE_STYLE_FILL_AREA(#13082);
#13082 = FILL_AREA_STYLE('',(#13083));
#13083 = FILL_AREA_STYLE_COLOUR('',#11514);
#13084 = OVER_RIDING_STYLED_ITEM('overriding color',(#13085),#9722,
  #11467);
#13085 = PRESENTATION_STYLE_ASSIGNMENT((#13086));
#13086 = SURFACE_STYLE_USAGE(.BOTH.,#13087);
#13087 = SURFACE_SIDE_STYLE('',(#13088));
#13088 = SURFACE_STYLE_FILL_AREA(#13089);
#13089 = FILL_AREA_STYLE('',(#13090));
#13090 = FILL_AREA_STYLE_COLOUR('',#11514);
#13091 = OVER_RIDING_STYLED_ITEM('overriding color',(#13092),#9739,
  #11467);
#13092 = PRESENTATION_STYLE_ASSIGNMENT((#13093));
#13093 = SURFACE_STYLE_USAGE(.BOTH.,#13094);
#13094 = SURFACE_SIDE_STYLE('',(#13095));
#13095 = SURFACE_STYLE_FILL_AREA(#13096);
#13096 = FILL_AREA_STYLE('',(#13097));
#13097 = FILL_AREA_STYLE_COLOUR('',#11514);
#13098 = OVER_RIDING_STYLED_ITEM('overriding color',(#13099),#9751,
  #11467);
#13099 = PRESENTATION_STYLE_ASSIGNMENT((#13100));
#13100 = SURFACE_STYLE_USAGE(.BOTH.,#13101);
#13101 = SURFACE_SIDE_STYLE('',(#13102));
#13102 = SURFACE_STYLE_FILL_AREA(#13103);
#13103 = FILL_AREA_STYLE('',(#13104));
#13104 = FILL_AREA_STYLE_COLOUR('',#11514);
#13105 = OVER_RIDING_STYLED_ITEM('overriding color',(#13106),#9782,
  #11467);
#13106 = PRESENTATION_STYLE_ASSIGNMENT((#13107));
#13107 = SURFACE_STYLE_USAGE(.BOTH.,#13108);
#13108 = SURFACE_SIDE_STYLE('',(#13109));
#13109 = SURFACE_STYLE_FILL_AREA(#13110);
#13110 = FILL_AREA_STYLE('',(#13111));
#13111 = FILL_AREA_STYLE_COLOUR('',#11514);
#13112 = OVER_RIDING_STYLED_ITEM('overriding color',(#13113),#9806,
  #11467);
#13113 = PRESENTATION_STYLE_ASSIGNMENT((#13114));
#13114 = SURFACE_STYLE_USAGE(.BOTH.,#13115);
#13115 = SURFACE_SIDE_STYLE('',(#13116));
#13116 = SURFACE_STYLE_FILL_AREA(#13117);
#13117 = FILL_AREA_STYLE('',(#13118));
#13118 = FILL_AREA_STYLE_COLOUR('',#11514);
#13119 = OVER_RIDING_STYLED_ITEM('overriding color',(#13120),#9830,
  #11467);
#13120 = PRESENTATION_STYLE_ASSIGNMENT((#13121));
#13121 = SURFACE_STYLE_USAGE(.BOTH.,#13122);
#13122 = SURFACE_SIDE_STYLE('',(#13123));
#13123 = SURFACE_STYLE_FILL_AREA(#13124);
#13124 = FILL_AREA_STYLE('',(#13125));
#13125 = FILL_AREA_STYLE_COLOUR('',#11514);
#13126 = OVER_RIDING_STYLED_ITEM('overriding color',(#13127),#9859,
  #11467);
#13127 = PRESENTATION_STYLE_ASSIGNMENT((#13128));
#13128 = SURFACE_STYLE_USAGE(.BOTH.,#13129);
#13129 = SURFACE_SIDE_STYLE('',(#13130));
#13130 = SURFACE_STYLE_FILL_AREA(#13131);
#13131 = FILL_AREA_STYLE('',(#13132));
#13132 = FILL_AREA_STYLE_COLOUR('',#11514);
#13133 = OVER_RIDING_STYLED_ITEM('overriding color',(#13134),#9888,
  #11467);
#13134 = PRESENTATION_STYLE_ASSIGNMENT((#13135));
#13135 = SURFACE_STYLE_USAGE(.BOTH.,#13136);
#13136 = SURFACE_SIDE_STYLE('',(#13137));
#13137 = SURFACE_STYLE_FILL_AREA(#13138);
#13138 = FILL_AREA_STYLE('',(#13139));
#13139 = FILL_AREA_STYLE_COLOUR('',#11514);
#13140 = OVER_RIDING_STYLED_ITEM('overriding color',(#13141),#9917,
  #11467);
#13141 = PRESENTATION_STYLE_ASSIGNMENT((#13142));
#13142 = SURFACE_STYLE_USAGE(.BOTH.,#13143);
#13143 = SURFACE_SIDE_STYLE('',(#13144));
#13144 = SURFACE_STYLE_FILL_AREA(#13145);
#13145 = FILL_AREA_STYLE('',(#13146));
#13146 = FILL_AREA_STYLE_COLOUR('',#11514);
#13147 = OVER_RIDING_STYLED_ITEM('overriding color',(#13148),#9939,
  #11467);
#13148 = PRESENTATION_STYLE_ASSIGNMENT((#13149));
#13149 = SURFACE_STYLE_USAGE(.BOTH.,#13150);
#13150 = SURFACE_SIDE_STYLE('',(#13151));
#13151 = SURFACE_STYLE_FILL_AREA(#13152);
#13152 = FILL_AREA_STYLE('',(#13153));
#13153 = FILL_AREA_STYLE_COLOUR('',#11485);
#13154 = OVER_RIDING_STYLED_ITEM('overriding color',(#13155),#9954,
  #11467);
#13155 = PRESENTATION_STYLE_ASSIGNMENT((#13156));
#13156 = SURFACE_STYLE_USAGE(.BOTH.,#13157);
#13157 = SURFACE_SIDE_STYLE('',(#13158));
#13158 = SURFACE_STYLE_FILL_AREA(#13159);
#13159 = FILL_AREA_STYLE('',(#13160));
#13160 = FILL_AREA_STYLE_COLOUR('',#11514);
#13161 = OVER_RIDING_STYLED_ITEM('overriding color',(#13162),#10078,
  #11467);
#13162 = PRESENTATION_STYLE_ASSIGNMENT((#13163));
#13163 = SURFACE_STYLE_USAGE(.BOTH.,#13164);
#13164 = SURFACE_SIDE_STYLE('',(#13165));
#13165 = SURFACE_STYLE_FILL_AREA(#13166);
#13166 = FILL_AREA_STYLE('',(#13167));
#13167 = FILL_AREA_STYLE_COLOUR('',#11514);
#13168 = OVER_RIDING_STYLED_ITEM('overriding color',(#13169),#10100,
  #11467);
#13169 = PRESENTATION_STYLE_ASSIGNMENT((#13170));
#13170 = SURFACE_STYLE_USAGE(.BOTH.,#13171);
#13171 = SURFACE_SIDE_STYLE('',(#13172));
#13172 = SURFACE_STYLE_FILL_AREA(#13173);
#13173 = FILL_AREA_STYLE('',(#13174));
#13174 = FILL_AREA_STYLE_COLOUR('',#11514);
#13175 = OVER_RIDING_STYLED_ITEM('overriding color',(#13176),#10117,
  #11467);
#13176 = PRESENTATION_STYLE_ASSIGNMENT((#13177));
#13177 = SURFACE_STYLE_USAGE(.BOTH.,#13178);
#13178 = SURFACE_SIDE_STYLE('',(#13179));
#13179 = SURFACE_STYLE_FILL_AREA(#13180);
#13180 = FILL_AREA_STYLE('',(#13181));
#13181 = FILL_AREA_STYLE_COLOUR('',#11514);
#13182 = OVER_RIDING_STYLED_ITEM('overriding color',(#13183),#10134,
  #11467);
#13183 = PRESENTATION_STYLE_ASSIGNMENT((#13184));
#13184 = SURFACE_STYLE_USAGE(.BOTH.,#13185);
#13185 = SURFACE_SIDE_STYLE('',(#13186));
#13186 = SURFACE_STYLE_FILL_AREA(#13187);
#13187 = FILL_AREA_STYLE('',(#13188));
#13188 = FILL_AREA_STYLE_COLOUR('',#11514);
#13189 = OVER_RIDING_STYLED_ITEM('overriding color',(#13190),#10151,
  #11467);
#13190 = PRESENTATION_STYLE_ASSIGNMENT((#13191));
#13191 = SURFACE_STYLE_USAGE(.BOTH.,#13192);
#13192 = SURFACE_SIDE_STYLE('',(#13193));
#13193 = SURFACE_STYLE_FILL_AREA(#13194);
#13194 = FILL_AREA_STYLE('',(#13195));
#13195 = FILL_AREA_STYLE_COLOUR('',#11514);
#13196 = OVER_RIDING_STYLED_ITEM('overriding color',(#13197),#10168,
  #11467);
#13197 = PRESENTATION_STYLE_ASSIGNMENT((#13198));
#13198 = SURFACE_STYLE_USAGE(.BOTH.,#13199);
#13199 = SURFACE_SIDE_STYLE('',(#13200));
#13200 = SURFACE_STYLE_FILL_AREA(#13201);
#13201 = FILL_AREA_STYLE('',(#13202));
#13202 = FILL_AREA_STYLE_COLOUR('',#11514);
#13203 = OVER_RIDING_STYLED_ITEM('overriding color',(#13204),#10185,
  #11467);
#13204 = PRESENTATION_STYLE_ASSIGNMENT((#13205));
#13205 = SURFACE_STYLE_USAGE(.BOTH.,#13206);
#13206 = SURFACE_SIDE_STYLE('',(#13207));
#13207 = SURFACE_STYLE_FILL_AREA(#13208);
#13208 = FILL_AREA_STYLE('',(#13209));
#13209 = FILL_AREA_STYLE_COLOUR('',#11514);
#13210 = OVER_RIDING_STYLED_ITEM('overriding color',(#13211),#10202,
  #11467);
#13211 = PRESENTATION_STYLE_ASSIGNMENT((#13212));
#13212 = SURFACE_STYLE_USAGE(.BOTH.,#13213);
#13213 = SURFACE_SIDE_STYLE('',(#13214));
#13214 = SURFACE_STYLE_FILL_AREA(#13215);
#13215 = FILL_AREA_STYLE('',(#13216));
#13216 = FILL_AREA_STYLE_COLOUR('',#11514);
#13217 = OVER_RIDING_STYLED_ITEM('overriding color',(#13218),#10214,
  #11467);
#13218 = PRESENTATION_STYLE_ASSIGNMENT((#13219));
#13219 = SURFACE_STYLE_USAGE(.BOTH.,#13220);
#13220 = SURFACE_SIDE_STYLE('',(#13221));
#13221 = SURFACE_STYLE_FILL_AREA(#13222);
#13222 = FILL_AREA_STYLE('',(#13223));
#13223 = FILL_AREA_STYLE_COLOUR('',#11514);
#13224 = OVER_RIDING_STYLED_ITEM('overriding color',(#13225),#10245,
  #11467);
#13225 = PRESENTATION_STYLE_ASSIGNMENT((#13226));
#13226 = SURFACE_STYLE_USAGE(.BOTH.,#13227);
#13227 = SURFACE_SIDE_STYLE('',(#13228));
#13228 = SURFACE_STYLE_FILL_AREA(#13229);
#13229 = FILL_AREA_STYLE('',(#13230));
#13230 = FILL_AREA_STYLE_COLOUR('',#11514);
#13231 = OVER_RIDING_STYLED_ITEM('overriding color',(#13232),#10269,
  #11467);
#13232 = PRESENTATION_STYLE_ASSIGNMENT((#13233));
#13233 = SURFACE_STYLE_USAGE(.BOTH.,#13234);
#13234 = SURFACE_SIDE_STYLE('',(#13235));
#13235 = SURFACE_STYLE_FILL_AREA(#13236);
#13236 = FILL_AREA_STYLE('',(#13237));
#13237 = FILL_AREA_STYLE_COLOUR('',#11514);
#13238 = OVER_RIDING_STYLED_ITEM('overriding color',(#13239),#10298,
  #11467);
#13239 = PRESENTATION_STYLE_ASSIGNMENT((#13240));
#13240 = SURFACE_STYLE_USAGE(.BOTH.,#13241);
#13241 = SURFACE_SIDE_STYLE('',(#13242));
#13242 = SURFACE_STYLE_FILL_AREA(#13243);
#13243 = FILL_AREA_STYLE('',(#13244));
#13244 = FILL_AREA_STYLE_COLOUR('',#11514);
#13245 = OVER_RIDING_STYLED_ITEM('overriding color',(#13246),#10322,
  #11467);
#13246 = PRESENTATION_STYLE_ASSIGNMENT((#13247));
#13247 = SURFACE_STYLE_USAGE(.BOTH.,#13248);
#13248 = SURFACE_SIDE_STYLE('',(#13249));
#13249 = SURFACE_STYLE_FILL_AREA(#13250);
#13250 = FILL_AREA_STYLE('',(#13251));
#13251 = FILL_AREA_STYLE_COLOUR('',#11514);
#13252 = OVER_RIDING_STYLED_ITEM('overriding color',(#13253),#10351,
  #11467);
#13253 = PRESENTATION_STYLE_ASSIGNMENT((#13254));
#13254 = SURFACE_STYLE_USAGE(.BOTH.,#13255);
#13255 = SURFACE_SIDE_STYLE('',(#13256));
#13256 = SURFACE_STYLE_FILL_AREA(#13257);
#13257 = FILL_AREA_STYLE('',(#13258));
#13258 = FILL_AREA_STYLE_COLOUR('',#11514);
#13259 = OVER_RIDING_STYLED_ITEM('overriding color',(#13260),#10368,
  #11467);
#13260 = PRESENTATION_STYLE_ASSIGNMENT((#13261));
#13261 = SURFACE_STYLE_USAGE(.BOTH.,#13262);
#13262 = SURFACE_SIDE_STYLE('',(#13263));
#13263 = SURFACE_STYLE_FILL_AREA(#13264);
#13264 = FILL_AREA_STYLE('',(#13265));
#13265 = FILL_AREA_STYLE_COLOUR('',#11485);
#13266 = OVER_RIDING_STYLED_ITEM('overriding color',(#13267),#10382,
  #11467);
#13267 = PRESENTATION_STYLE_ASSIGNMENT((#13268));
#13268 = SURFACE_STYLE_USAGE(.BOTH.,#13269);
#13269 = SURFACE_SIDE_STYLE('',(#13270));
#13270 = SURFACE_STYLE_FILL_AREA(#13271);
#13271 = FILL_AREA_STYLE('',(#13272));
#13272 = FILL_AREA_STYLE_COLOUR('',#11514);
#13273 = OVER_RIDING_STYLED_ITEM('overriding color',(#13274),#10707,
  #11467);
#13274 = PRESENTATION_STYLE_ASSIGNMENT((#13275));
#13275 = SURFACE_STYLE_USAGE(.BOTH.,#13276);
#13276 = SURFACE_SIDE_STYLE('',(#13277));
#13277 = SURFACE_STYLE_FILL_AREA(#13278);
#13278 = FILL_AREA_STYLE('',(#13279));
#13279 = FILL_AREA_STYLE_COLOUR('',#11514);
#13280 = OVER_RIDING_STYLED_ITEM('overriding color',(#13281),#10733,
  #11467);
#13281 = PRESENTATION_STYLE_ASSIGNMENT((#13282));
#13282 = SURFACE_STYLE_USAGE(.BOTH.,#13283);
#13283 = SURFACE_SIDE_STYLE('',(#13284));
#13284 = SURFACE_STYLE_FILL_AREA(#13285);
#13285 = FILL_AREA_STYLE('',(#13286));
#13286 = FILL_AREA_STYLE_COLOUR('',#11514);
#13287 = OVER_RIDING_STYLED_ITEM('overriding color',(#13288),#10754,
  #11467);
#13288 = PRESENTATION_STYLE_ASSIGNMENT((#13289));
#13289 = SURFACE_STYLE_USAGE(.BOTH.,#13290);
#13290 = SURFACE_SIDE_STYLE('',(#13291));
#13291 = SURFACE_STYLE_FILL_AREA(#13292);
#13292 = FILL_AREA_STYLE('',(#13293));
#13293 = FILL_AREA_STYLE_COLOUR('',#11514);
#13294 = OVER_RIDING_STYLED_ITEM('overriding color',(#13295),#10775,
  #11467);
#13295 = PRESENTATION_STYLE_ASSIGNMENT((#13296));
#13296 = SURFACE_STYLE_USAGE(.BOTH.,#13297);
#13297 = SURFACE_SIDE_STYLE('',(#13298));
#13298 = SURFACE_STYLE_FILL_AREA(#13299);
#13299 = FILL_AREA_STYLE('',(#13300));
#13300 = FILL_AREA_STYLE_COLOUR('',#11514);
#13301 = OVER_RIDING_STYLED_ITEM('overriding color',(#13302),#10796,
  #11467);
#13302 = PRESENTATION_STYLE_ASSIGNMENT((#13303));
#13303 = SURFACE_STYLE_USAGE(.BOTH.,#13304);
#13304 = SURFACE_SIDE_STYLE('',(#13305));
#13305 = SURFACE_STYLE_FILL_AREA(#13306);
#13306 = FILL_AREA_STYLE('',(#13307));
#13307 = FILL_AREA_STYLE_COLOUR('',#11514);
#13308 = OVER_RIDING_STYLED_ITEM('overriding color',(#13309),#10817,
  #11467);
#13309 = PRESENTATION_STYLE_ASSIGNMENT((#13310));
#13310 = SURFACE_STYLE_USAGE(.BOTH.,#13311);
#13311 = SURFACE_SIDE_STYLE('',(#13312));
#13312 = SURFACE_STYLE_FILL_AREA(#13313);
#13313 = FILL_AREA_STYLE('',(#13314));
#13314 = FILL_AREA_STYLE_COLOUR('',#11514);
#13315 = OVER_RIDING_STYLED_ITEM('overriding color',(#13316),#10838,
  #11467);
#13316 = PRESENTATION_STYLE_ASSIGNMENT((#13317));
#13317 = SURFACE_STYLE_USAGE(.BOTH.,#13318);
#13318 = SURFACE_SIDE_STYLE('',(#13319));
#13319 = SURFACE_STYLE_FILL_AREA(#13320);
#13320 = FILL_AREA_STYLE('',(#13321));
#13321 = FILL_AREA_STYLE_COLOUR('',#11514);
#13322 = OVER_RIDING_STYLED_ITEM('overriding color',(#13323),#10859,
  #11467);
#13323 = PRESENTATION_STYLE_ASSIGNMENT((#13324));
#13324 = SURFACE_STYLE_USAGE(.BOTH.,#13325);
#13325 = SURFACE_SIDE_STYLE('',(#13326));
#13326 = SURFACE_STYLE_FILL_AREA(#13327);
#13327 = FILL_AREA_STYLE('',(#13328));
#13328 = FILL_AREA_STYLE_COLOUR('',#11514);
#13329 = OVER_RIDING_STYLED_ITEM('overriding color',(#13330),#10880,
  #11467);
#13330 = PRESENTATION_STYLE_ASSIGNMENT((#13331));
#13331 = SURFACE_STYLE_USAGE(.BOTH.,#13332);
#13332 = SURFACE_SIDE_STYLE('',(#13333));
#13333 = SURFACE_STYLE_FILL_AREA(#13334);
#13334 = FILL_AREA_STYLE('',(#13335));
#13335 = FILL_AREA_STYLE_COLOUR('',#11514);
#13336 = OVER_RIDING_STYLED_ITEM('overriding color',(#13337),#10901,
  #11467);
#13337 = PRESENTATION_STYLE_ASSIGNMENT((#13338));
#13338 = SURFACE_STYLE_USAGE(.BOTH.,#13339);
#13339 = SURFACE_SIDE_STYLE('',(#13340));
#13340 = SURFACE_STYLE_FILL_AREA(#13341);
#13341 = FILL_AREA_STYLE('',(#13342));
#13342 = FILL_AREA_STYLE_COLOUR('',#11514);
#13343 = OVER_RIDING_STYLED_ITEM('overriding color',(#13344),#10922,
  #11467);
#13344 = PRESENTATION_STYLE_ASSIGNMENT((#13345));
#13345 = SURFACE_STYLE_USAGE(.BOTH.,#13346);
#13346 = SURFACE_SIDE_STYLE('',(#13347));
#13347 = SURFACE_STYLE_FILL_AREA(#13348);
#13348 = FILL_AREA_STYLE('',(#13349));
#13349 = FILL_AREA_STYLE_COLOUR('',#11514);
#13350 = OVER_RIDING_STYLED_ITEM('overriding color',(#13351),#10943,
  #11467);
#13351 = PRESENTATION_STYLE_ASSIGNMENT((#13352));
#13352 = SURFACE_STYLE_USAGE(.BOTH.,#13353);
#13353 = SURFACE_SIDE_STYLE('',(#13354));
#13354 = SURFACE_STYLE_FILL_AREA(#13355);
#13355 = FILL_AREA_STYLE('',(#13356));
#13356 = FILL_AREA_STYLE_COLOUR('',#11514);
#13357 = OVER_RIDING_STYLED_ITEM('overriding color',(#13358),#10964,
  #11467);
#13358 = PRESENTATION_STYLE_ASSIGNMENT((#13359));
#13359 = SURFACE_STYLE_USAGE(.BOTH.,#13360);
#13360 = SURFACE_SIDE_STYLE('',(#13361));
#13361 = SURFACE_STYLE_FILL_AREA(#13362);
#13362 = FILL_AREA_STYLE('',(#13363));
#13363 = FILL_AREA_STYLE_COLOUR('',#11514);
#13364 = OVER_RIDING_STYLED_ITEM('overriding color',(#13365),#10981,
  #11467);
#13365 = PRESENTATION_STYLE_ASSIGNMENT((#13366));
#13366 = SURFACE_STYLE_USAGE(.BOTH.,#13367);
#13367 = SURFACE_SIDE_STYLE('',(#13368));
#13368 = SURFACE_STYLE_FILL_AREA(#13369);
#13369 = FILL_AREA_STYLE('',(#13370));
#13370 = FILL_AREA_STYLE_COLOUR('',#11514);
#13371 = OVER_RIDING_STYLED_ITEM('overriding color',(#13372),#10998,
  #11467);
#13372 = PRESENTATION_STYLE_ASSIGNMENT((#13373));
#13373 = SURFACE_STYLE_USAGE(.BOTH.,#13374);
#13374 = SURFACE_SIDE_STYLE('',(#13375));
#13375 = SURFACE_STYLE_FILL_AREA(#13376);
#13376 = FILL_AREA_STYLE('',(#13377));
#13377 = FILL_AREA_STYLE_COLOUR('',#11514);
#13378 = OVER_RIDING_STYLED_ITEM('overriding color',(#13379),#11015,
  #11467);
#13379 = PRESENTATION_STYLE_ASSIGNMENT((#13380));
#13380 = SURFACE_STYLE_USAGE(.BOTH.,#13381);
#13381 = SURFACE_SIDE_STYLE('',(#13382));
#13382 = SURFACE_STYLE_FILL_AREA(#13383);
#13383 = FILL_AREA_STYLE('',(#13384));
#13384 = FILL_AREA_STYLE_COLOUR('',#11514);
#13385 = OVER_RIDING_STYLED_ITEM('overriding color',(#13386),#11032,
  #11467);
#13386 = PRESENTATION_STYLE_ASSIGNMENT((#13387));
#13387 = SURFACE_STYLE_USAGE(.BOTH.,#13388);
#13388 = SURFACE_SIDE_STYLE('',(#13389));
#13389 = SURFACE_STYLE_FILL_AREA(#13390);
#13390 = FILL_AREA_STYLE('',(#13391));
#13391 = FILL_AREA_STYLE_COLOUR('',#11514);
#13392 = OVER_RIDING_STYLED_ITEM('overriding color',(#13393),#11053,
  #11467);
#13393 = PRESENTATION_STYLE_ASSIGNMENT((#13394));
#13394 = SURFACE_STYLE_USAGE(.BOTH.,#13395);
#13395 = SURFACE_SIDE_STYLE('',(#13396));
#13396 = SURFACE_STYLE_FILL_AREA(#13397);
#13397 = FILL_AREA_STYLE('',(#13398));
#13398 = FILL_AREA_STYLE_COLOUR('',#11514);
#13399 = OVER_RIDING_STYLED_ITEM('overriding color',(#13400),#11074,
  #11467);
#13400 = PRESENTATION_STYLE_ASSIGNMENT((#13401));
#13401 = SURFACE_STYLE_USAGE(.BOTH.,#13402);
#13402 = SURFACE_SIDE_STYLE('',(#13403));
#13403 = SURFACE_STYLE_FILL_AREA(#13404);
#13404 = FILL_AREA_STYLE('',(#13405));
#13405 = FILL_AREA_STYLE_COLOUR('',#11514);
#13406 = OVER_RIDING_STYLED_ITEM('overriding color',(#13407),#11095,
  #11467);
#13407 = PRESENTATION_STYLE_ASSIGNMENT((#13408));
#13408 = SURFACE_STYLE_USAGE(.BOTH.,#13409);
#13409 = SURFACE_SIDE_STYLE('',(#13410));
#13410 = SURFACE_STYLE_FILL_AREA(#13411);
#13411 = FILL_AREA_STYLE('',(#13412));
#13412 = FILL_AREA_STYLE_COLOUR('',#11514);
#13413 = OVER_RIDING_STYLED_ITEM('overriding color',(#13414),#11116,
  #11467);
#13414 = PRESENTATION_STYLE_ASSIGNMENT((#13415));
#13415 = SURFACE_STYLE_USAGE(.BOTH.,#13416);
#13416 = SURFACE_SIDE_STYLE('',(#13417));
#13417 = SURFACE_STYLE_FILL_AREA(#13418);
#13418 = FILL_AREA_STYLE('',(#13419));
#13419 = FILL_AREA_STYLE_COLOUR('',#11514);
#13420 = OVER_RIDING_STYLED_ITEM('overriding color',(#13421),#11137,
  #11467);
#13421 = PRESENTATION_STYLE_ASSIGNMENT((#13422));
#13422 = SURFACE_STYLE_USAGE(.BOTH.,#13423);
#13423 = SURFACE_SIDE_STYLE('',(#13424));
#13424 = SURFACE_STYLE_FILL_AREA(#13425);
#13425 = FILL_AREA_STYLE('',(#13426));
#13426 = FILL_AREA_STYLE_COLOUR('',#11514);
#13427 = OVER_RIDING_STYLED_ITEM('overriding color',(#13428),#11158,
  #11467);
#13428 = PRESENTATION_STYLE_ASSIGNMENT((#13429));
#13429 = SURFACE_STYLE_USAGE(.BOTH.,#13430);
#13430 = SURFACE_SIDE_STYLE('',(#13431));
#13431 = SURFACE_STYLE_FILL_AREA(#13432);
#13432 = FILL_AREA_STYLE('',(#13433));
#13433 = FILL_AREA_STYLE_COLOUR('',#11514);
#13434 = OVER_RIDING_STYLED_ITEM('overriding color',(#13435),#11179,
  #11467);
#13435 = PRESENTATION_STYLE_ASSIGNMENT((#13436));
#13436 = SURFACE_STYLE_USAGE(.BOTH.,#13437);
#13437 = SURFACE_SIDE_STYLE('',(#13438));
#13438 = SURFACE_STYLE_FILL_AREA(#13439);
#13439 = FILL_AREA_STYLE('',(#13440));
#13440 = FILL_AREA_STYLE_COLOUR('',#11514);
#13441 = OVER_RIDING_STYLED_ITEM('overriding color',(#13442),#11196,
  #11467);
#13442 = PRESENTATION_STYLE_ASSIGNMENT((#13443));
#13443 = SURFACE_STYLE_USAGE(.BOTH.,#13444);
#13444 = SURFACE_SIDE_STYLE('',(#13445));
#13445 = SURFACE_STYLE_FILL_AREA(#13446);
#13446 = FILL_AREA_STYLE('',(#13447));
#13447 = FILL_AREA_STYLE_COLOUR('',#11514);
#13448 = OVER_RIDING_STYLED_ITEM('overriding color',(#13449),#11217,
  #11467);
#13449 = PRESENTATION_STYLE_ASSIGNMENT((#13450));
#13450 = SURFACE_STYLE_USAGE(.BOTH.,#13451);
#13451 = SURFACE_SIDE_STYLE('',(#13452));
#13452 = SURFACE_STYLE_FILL_AREA(#13453);
#13453 = FILL_AREA_STYLE('',(#13454));
#13454 = FILL_AREA_STYLE_COLOUR('',#11514);
#13455 = OVER_RIDING_STYLED_ITEM('overriding color',(#13456),#11238,
  #11467);
#13456 = PRESENTATION_STYLE_ASSIGNMENT((#13457));
#13457 = SURFACE_STYLE_USAGE(.BOTH.,#13458);
#13458 = SURFACE_SIDE_STYLE('',(#13459));
#13459 = SURFACE_STYLE_FILL_AREA(#13460);
#13460 = FILL_AREA_STYLE('',(#13461));
#13461 = FILL_AREA_STYLE_COLOUR('',#11514);
#13462 = OVER_RIDING_STYLED_ITEM('overriding color',(#13463),#11255,
  #11467);
#13463 = PRESENTATION_STYLE_ASSIGNMENT((#13464));
#13464 = SURFACE_STYLE_USAGE(.BOTH.,#13465);
#13465 = SURFACE_SIDE_STYLE('',(#13466));
#13466 = SURFACE_STYLE_FILL_AREA(#13467);
#13467 = FILL_AREA_STYLE('',(#13468));
#13468 = FILL_AREA_STYLE_COLOUR('',#11514);
#13469 = OVER_RIDING_STYLED_ITEM('overriding color',(#13470),#11276,
  #11467);
#13470 = PRESENTATION_STYLE_ASSIGNMENT((#13471));
#13471 = SURFACE_STYLE_USAGE(.BOTH.,#13472);
#13472 = SURFACE_SIDE_STYLE('',(#13473));
#13473 = SURFACE_STYLE_FILL_AREA(#13474);
#13474 = FILL_AREA_STYLE('',(#13475));
#13475 = FILL_AREA_STYLE_COLOUR('',#11514);
#13476 = OVER_RIDING_STYLED_ITEM('overriding color',(#13477),#11297,
  #11467);
#13477 = PRESENTATION_STYLE_ASSIGNMENT((#13478));
#13478 = SURFACE_STYLE_USAGE(.BOTH.,#13479);
#13479 = SURFACE_SIDE_STYLE('',(#13480));
#13480 = SURFACE_STYLE_FILL_AREA(#13481);
#13481 = FILL_AREA_STYLE('',(#13482));
#13482 = FILL_AREA_STYLE_COLOUR('',#11514);
#13483 = OVER_RIDING_STYLED_ITEM('overriding color',(#13484),#11318,
  #11467);
#13484 = PRESENTATION_STYLE_ASSIGNMENT((#13485));
#13485 = SURFACE_STYLE_USAGE(.BOTH.,#13486);
#13486 = SURFACE_SIDE_STYLE('',(#13487));
#13487 = SURFACE_STYLE_FILL_AREA(#13488);
#13488 = FILL_AREA_STYLE('',(#13489));
#13489 = FILL_AREA_STYLE_COLOUR('',#11514);
#13490 = OVER_RIDING_STYLED_ITEM('overriding color',(#13491),#11335,
  #11467);
#13491 = PRESENTATION_STYLE_ASSIGNMENT((#13492));
#13492 = SURFACE_STYLE_USAGE(.BOTH.,#13493);
#13493 = SURFACE_SIDE_STYLE('',(#13494));
#13494 = SURFACE_STYLE_FILL_AREA(#13495);
#13495 = FILL_AREA_STYLE('',(#13496));
#13496 = FILL_AREA_STYLE_COLOUR('',#11514);
#13497 = OVER_RIDING_STYLED_ITEM('overriding color',(#13498),#11356,
  #11467);
#13498 = PRESENTATION_STYLE_ASSIGNMENT((#13499));
#13499 = SURFACE_STYLE_USAGE(.BOTH.,#13500);
#13500 = SURFACE_SIDE_STYLE('',(#13501));
#13501 = SURFACE_STYLE_FILL_AREA(#13502);
#13502 = FILL_AREA_STYLE('',(#13503));
#13503 = FILL_AREA_STYLE_COLOUR('',#11514);
#13504 = OVER_RIDING_STYLED_ITEM('overriding color',(#13505),#11372,
  #11467);
#13505 = PRESENTATION_STYLE_ASSIGNMENT((#13506));
#13506 = SURFACE_STYLE_USAGE(.BOTH.,#13507);
#13507 = SURFACE_SIDE_STYLE('',(#13508));
#13508 = SURFACE_STYLE_FILL_AREA(#13509);
#13509 = FILL_AREA_STYLE('',(#13510));
#13510 = FILL_AREA_STYLE_COLOUR('',#11514);
#13511 = OVER_RIDING_STYLED_ITEM('overriding color',(#13512),#11417,
  #11467);
#13512 = PRESENTATION_STYLE_ASSIGNMENT((#13513));
#13513 = SURFACE_STYLE_USAGE(.BOTH.,#13514);
#13514 = SURFACE_SIDE_STYLE('',(#13515));
#13515 = SURFACE_STYLE_FILL_AREA(#13516);
#13516 = FILL_AREA_STYLE('',(#13517));
#13517 = FILL_AREA_STYLE_COLOUR('',#11514);
#13518 = OVER_RIDING_STYLED_ITEM('overriding color',(#13519),#11445,
  #11467);
#13519 = PRESENTATION_STYLE_ASSIGNMENT((#13520));
#13520 = SURFACE_STYLE_USAGE(.BOTH.,#13521);
#13521 = SURFACE_SIDE_STYLE('',(#13522));
#13522 = SURFACE_STYLE_FILL_AREA(#13523);
#13523 = FILL_AREA_STYLE('',(#13524));
#13524 = FILL_AREA_STYLE_COLOUR('',#11485);
#13525 = MECHANICAL_DESIGN_GEOMETRIC_PRESENTATION_REPRESENTATION('',(
    #13526),#514);
#13526 = STYLED_ITEM('color',(#13527),#60);
#13527 = PRESENTATION_STYLE_ASSIGNMENT((#13528,#13533));
#13528 = SURFACE_STYLE_USAGE(.BOTH.,#13529);
#13529 = SURFACE_SIDE_STYLE('',(#13530));
#13530 = SURFACE_STYLE_FILL_AREA(#13531);
#13531 = FILL_AREA_STYLE('',(#13532));
#13532 = FILL_AREA_STYLE_COLOUR('',#11485);
#13533 = CURVE_STYLE('',#13534,POSITIVE_LENGTH_MEASURE(0.1),#11477);
#13534 = DRAUGHTING_PRE_DEFINED_CURVE_FONT('continuous');
ENDSEC;
END-ISO-10303-21;
