ISO-10303-21;
HEADER;
FILE_DESCRIPTION(('FreeCAD Model'),'2;1');
FILE_NAME('Open CASCADE Shape Model','2026-07-20T14:08:05',('Author'),(
    ''),'Open CASCADE STEP processor 7.8','FreeCAD','Unknown');
FILE_SCHEMA(('AUTOMOTIVE_DESIGN { 1 0 10303 214 1 1 1 1 }'));
ENDSEC;
DATA;
#1 = APPLICATION_PROTOCOL_DEFINITION('international standard',
  'automotive_design',2000,#2);
#2 = APPLICATION_CONTEXT(
  'core data for automotive mechanical design processes');
#3 = SHAPE_DEFINITION_REPRESENTATION(#4,#10);
#4 = PRODUCT_DEFINITION_SHAPE('','',#5);
#5 = PRODUCT_DEFINITION('design','',#6,#9);
#6 = PRODUCT_DEFINITION_FORMATION('','',#7);
#7 = PRODUCT(
'BUZZER1~BUZ-TH_BD9.0-P5.00-D0.6-L-FD~BUZ-TH_BD9.0-P5.00-D0.6-L-FD~C33G'
  ,
'BUZZER1~BUZ-TH_BD9.0-P5.00-D0.6-L-FD~BUZ-TH_BD9.0-P5.00-D0.6-L-FD~C33G'
  ,'',(#8));
#8 = PRODUCT_CONTEXT('',#2,'mechanical');
#9 = PRODUCT_DEFINITION_CONTEXT('part definition',#2,'design');
#10 = SHAPE_REPRESENTATION('',(#11,#15),#19);
#11 = AXIS2_PLACEMENT_3D('',#12,#13,#14);
#12 = CARTESIAN_POINT('',(0.,0.,0.));
#13 = DIRECTION('',(0.,0.,1.));
#14 = DIRECTION('',(1.,0.,-0.));
#15 = AXIS2_PLACEMENT_3D('',#16,#17,#18);
#16 = CARTESIAN_POINT('',(0.,0.,0.));
#17 = DIRECTION('',(0.,0.,1.));
#18 = DIRECTION('',(1.,0.,0.));
#19 = ( GEOMETRIC_REPRESENTATION_CONTEXT(3) 
GLOBAL_UNCERTAINTY_ASSIGNED_CONTEXT((#23)) GLOBAL_UNIT_ASSIGNED_CONTEXT(
(#20,#21,#22)) REPRESENTATION_CONTEXT('Context #1',
  '3D Context with UNIT and UNCERTAINTY') );
#20 = ( LENGTH_UNIT() NAMED_UNIT(*) SI_UNIT(.MILLI.,.METRE.) );
#21 = ( NAMED_UNIT(*) PLANE_ANGLE_UNIT() SI_UNIT($,.RADIAN.) );
#22 = ( NAMED_UNIT(*) SI_UNIT($,.STERADIAN.) SOLID_ANGLE_UNIT() );
#23 = UNCERTAINTY_MEASURE_WITH_UNIT(LENGTH_MEASURE(1.E-07),#20,
  'distance_accuracy_value','confusion accuracy');
#24 = PRODUCT_RELATED_PRODUCT_CATEGORY('part',$,(#7));
#25 = SHAPE_DEFINITION_REPRESENTATION(#26,#32);
#26 = PRODUCT_DEFINITION_SHAPE('','',#27);
#27 = PRODUCT_DEFINITION('design','',#28,#31);
#28 = PRODUCT_DEFINITION_FORMATION('','',#29);
#29 = PRODUCT(
  'BUZ-TH_BD9.0-P5.00-D0.6-L-FD~BUZ-TH_BD9.0-P5.00-D0.6-L-FD~Hu4u',
  'BUZ-TH_BD9.0-P5.00-D0.6-L-FD~BUZ-TH_BD9.0-P5.00-D0.6-L-FD~Hu4u','',(
    #30));
#30 = PRODUCT_CONTEXT('',#2,'mechanical');
#31 = PRODUCT_DEFINITION_CONTEXT('part definition',#2,'design');
#32 = ADVANCED_BREP_SHAPE_REPRESENTATION('',(#11,#33),#10626);
#33 = MANIFOLD_SOLID_BREP('',#34);
#34 = CLOSED_SHELL('',(#35,#77,#119,#161,#203,#245,#289,#321,#1815,#2317
    ,#2341,#2361,#2373,#2385,#2403,#2413,#2431,#2441,#2459,#2469,#2487,
    #2497,#2528,#2552,#2576,#2600,#2624,#2648,#2672,#2689,#2763,#2794,
    #2818,#2856,#2880,#2918,#2935,#2966,#2990,#3014,#3088,#3155,#3242,
    #3273,#3347,#3421,#3445,#3462,#3493,#3517,#3541,#3565,#3589,#3613,
    #3637,#3661,#3685,#3709,#3733,#3750,#3770,#3801,#3851,#3925,#3999,
    #4049,#4073,#4123,#4197,#4271,#4314,#4332,#4363,#4387,#4411,#4435,
    #4459,#4476,#4490,#4504,#4517,#4548,#4572,#4596,#4620,#4644,#4661,
    #4675,#4711,#4735,#4764,#4793,#4822,#4851,#4880,#4909,#4933,#4962,
    #4991,#5020,#5049,#5071,#5093,#5124,#5148,#5172,#5196,#5220,#5244,
    #5268,#5292,#5316,#5340,#5364,#5381,#5401,#5531,#5553,#5574,#5595,
    #5616,#5637,#5654,#5666,#5697,#5721,#5745,#5774,#5803,#5832,#5854,
    #5869,#5993,#6015,#6032,#6049,#6066,#6083,#6100,#6117,#6129,#6160,
    #6184,#6213,#6237,#6266,#6283,#6297,#6328,#6352,#6376,#6400,#6424,
    #6448,#6472,#6496,#6520,#6544,#6568,#6585,#6605,#6805,#6831,#6848,
    #6869,#6890,#6907,#6928,#6949,#6970,#6991,#7008,#7025,#7042,#7059,
    #7075,#7111,#7140,#7169,#7198,#7227,#7256,#7280,#7297,#7313,#7349,
    #7373,#7402,#7431,#7460,#7489,#7518,#7547,#7576,#7605,#7634,#7663,
    #7687,#7716,#7745,#7774,#7803,#7832,#7861,#7890,#7912,#7941,#7972,
    #7996,#8025,#8049,#8073,#8097,#8121,#8145,#8169,#8198,#8227,#8251,
    #8280,#8309,#8326,#8349,#8380,#8404,#8428,#8452,#8476,#8500,#8524,
    #8548,#8572,#8596,#8620,#8637,#8657,#8787,#8809,#8830,#8851,#8872,
    #8893,#8910,#8922,#8953,#8977,#9001,#9030,#9059,#9088,#9110,#9125,
    #9249,#9271,#9288,#9305,#9322,#9339,#9356,#9373,#9385,#9416,#9440,
    #9469,#9493,#9522,#9539,#9553,#9878,#9904,#9925,#9946,#9967,#9988,
    #10009,#10030,#10051,#10072,#10093,#10114,#10135,#10152,#10169,
    #10186,#10203,#10224,#10245,#10266,#10287,#10308,#10329,#10350,
    #10367,#10388,#10409,#10426,#10447,#10468,#10489,#10506,#10527,
    #10543,#10588,#10616));
#35 = ADVANCED_FACE('',(#36),#72,.F.);
#36 = FACE_BOUND('',#37,.F.);
#37 = EDGE_LOOP('',(#38,#48,#57,#65));
#38 = ORIENTED_EDGE('',*,*,#39,.T.);
#39 = EDGE_CURVE('',#40,#42,#44,.T.);
#40 = VERTEX_POINT('',#41);
#41 = CARTESIAN_POINT('',(0.319034116356,3.153329901616,5.498999999999)
  );
#42 = VERTEX_POINT('',#43);
#43 = CARTESIAN_POINT('',(0.319034116356,3.153329901616,5.5));
#44 = LINE('',#45,#46);
#45 = CARTESIAN_POINT('',(0.319034116356,3.153329901616,5.498999999999)
  );
#46 = VECTOR('',#47,1.);
#47 = DIRECTION('',(0.,0.,1.));
#48 = ORIENTED_EDGE('',*,*,#49,.F.);
#49 = EDGE_CURVE('',#50,#42,#52,.T.);
#50 = VERTEX_POINT('',#51);
#51 = CARTESIAN_POINT('',(-0.319034116356,3.153329901616,5.5));
#52 = CIRCLE('',#53,0.319034116356);
#53 = AXIS2_PLACEMENT_3D('',#54,#55,#56);
#54 = CARTESIAN_POINT('',(0.,3.153329901616,5.5));
#55 = DIRECTION('',(0.,0.,1.));
#56 = DIRECTION('',(1.,0.,-0.));
#57 = ORIENTED_EDGE('',*,*,#58,.F.);
#58 = EDGE_CURVE('',#59,#50,#61,.T.);
#59 = VERTEX_POINT('',#60);
#60 = CARTESIAN_POINT('',(-0.319034116356,3.153329901616,5.498999999999)
  );
#61 = LINE('',#62,#63);
#62 = CARTESIAN_POINT('',(-0.319034116356,3.153329901616,5.498999999999)
  );
#63 = VECTOR('',#64,1.);
#64 = DIRECTION('',(0.,0.,1.));
#65 = ORIENTED_EDGE('',*,*,#66,.T.);
#66 = EDGE_CURVE('',#59,#40,#67,.T.);
#67 = CIRCLE('',#68,0.319034116356);
#68 = AXIS2_PLACEMENT_3D('',#69,#70,#71);
#69 = CARTESIAN_POINT('',(0.,3.153329901616,5.498999999999));
#70 = DIRECTION('',(0.,0.,1.));
#71 = DIRECTION('',(1.,0.,-0.));
#72 = CYLINDRICAL_SURFACE('',#73,0.319034116356);
#73 = AXIS2_PLACEMENT_3D('',#74,#75,#76);
#74 = CARTESIAN_POINT('',(0.,3.153329901616,5.498999999999));
#75 = DIRECTION('',(0.,0.,1.));
#76 = DIRECTION('',(1.,0.,-0.));
#77 = ADVANCED_FACE('',(#78),#114,.F.);
#78 = FACE_BOUND('',#79,.F.);
#79 = EDGE_LOOP('',(#80,#90,#99,#107));
#80 = ORIENTED_EDGE('',*,*,#81,.T.);
#81 = EDGE_CURVE('',#82,#84,#86,.T.);
#82 = VERTEX_POINT('',#83);
#83 = CARTESIAN_POINT('',(0.5,0.,4.5));
#84 = VERTEX_POINT('',#85);
#85 = CARTESIAN_POINT('',(0.5,0.,5.5));
#86 = LINE('',#87,#88);
#87 = CARTESIAN_POINT('',(0.5,0.,4.5));
#88 = VECTOR('',#89,1.);
#89 = DIRECTION('',(0.,0.,1.));
#90 = ORIENTED_EDGE('',*,*,#91,.F.);
#91 = EDGE_CURVE('',#92,#84,#94,.T.);
#92 = VERTEX_POINT('',#93);
#93 = CARTESIAN_POINT('',(-0.5,6.123233995736E-17,5.5));
#94 = CIRCLE('',#95,0.5);
#95 = AXIS2_PLACEMENT_3D('',#96,#97,#98);
#96 = CARTESIAN_POINT('',(0.,0.,5.5));
#97 = DIRECTION('',(0.,0.,1.));
#98 = DIRECTION('',(1.,0.,-0.));
#99 = ORIENTED_EDGE('',*,*,#100,.F.);
#100 = EDGE_CURVE('',#101,#92,#103,.T.);
#101 = VERTEX_POINT('',#102);
#102 = CARTESIAN_POINT('',(-0.5,6.123233995736E-17,4.5));
#103 = LINE('',#104,#105);
#104 = CARTESIAN_POINT('',(-0.5,6.123233995736E-17,4.5));
#105 = VECTOR('',#106,1.);
#106 = DIRECTION('',(0.,0.,1.));
#107 = ORIENTED_EDGE('',*,*,#108,.T.);
#108 = EDGE_CURVE('',#101,#82,#109,.T.);
#109 = CIRCLE('',#110,0.5);
#110 = AXIS2_PLACEMENT_3D('',#111,#112,#113);
#111 = CARTESIAN_POINT('',(0.,0.,4.5));
#112 = DIRECTION('',(0.,0.,1.));
#113 = DIRECTION('',(1.,0.,-0.));
#114 = CYLINDRICAL_SURFACE('',#115,0.5);
#115 = AXIS2_PLACEMENT_3D('',#116,#117,#118);
#116 = CARTESIAN_POINT('',(0.,0.,4.5));
#117 = DIRECTION('',(0.,0.,1.));
#118 = DIRECTION('',(1.,0.,-0.));
#119 = ADVANCED_FACE('',(#120),#156,.T.);
#120 = FACE_BOUND('',#121,.T.);
#121 = EDGE_LOOP('',(#122,#133,#141,#150));
#122 = ORIENTED_EDGE('',*,*,#123,.F.);
#123 = EDGE_CURVE('',#124,#126,#128,.T.);
#124 = VERTEX_POINT('',#125);
#125 = CARTESIAN_POINT('',(-0.3,-2.5,-3.7));
#126 = VERTEX_POINT('',#127);
#127 = CARTESIAN_POINT('',(0.299999999999,-2.5,-3.7));
#128 = CIRCLE('',#129,0.299999999999);
#129 = AXIS2_PLACEMENT_3D('',#130,#131,#132);
#130 = CARTESIAN_POINT('',(-2.874047840756E-16,-2.5,-3.7));
#131 = DIRECTION('',(0.,0.,-1.));
#132 = DIRECTION('',(-1.,0.,0.));
#133 = ORIENTED_EDGE('',*,*,#134,.T.);
#134 = EDGE_CURVE('',#124,#135,#137,.T.);
#135 = VERTEX_POINT('',#136);
#136 = CARTESIAN_POINT('',(-0.3,-2.5,0.299999999999));
#137 = LINE('',#138,#139);
#138 = CARTESIAN_POINT('',(-0.3,-2.5,-3.7));
#139 = VECTOR('',#140,1.);
#140 = DIRECTION('',(0.,0.,1.));
#141 = ORIENTED_EDGE('',*,*,#142,.T.);
#142 = EDGE_CURVE('',#135,#143,#145,.T.);
#143 = VERTEX_POINT('',#144);
#144 = CARTESIAN_POINT('',(0.299999999999,-2.5,0.299999999999));
#145 = CIRCLE('',#146,0.299999999999);
#146 = AXIS2_PLACEMENT_3D('',#147,#148,#149);
#147 = CARTESIAN_POINT('',(-2.874047840756E-16,-2.5,0.299999999999));
#148 = DIRECTION('',(0.,0.,-1.));
#149 = DIRECTION('',(-1.,0.,0.));
#150 = ORIENTED_EDGE('',*,*,#151,.F.);
#151 = EDGE_CURVE('',#126,#143,#152,.T.);
#152 = LINE('',#153,#154);
#153 = CARTESIAN_POINT('',(0.299999999999,-2.5,-3.7));
#154 = VECTOR('',#155,1.);
#155 = DIRECTION('',(0.,0.,1.));
#156 = CYLINDRICAL_SURFACE('',#157,0.299999999999);
#157 = AXIS2_PLACEMENT_3D('',#158,#159,#160);
#158 = CARTESIAN_POINT('',(-2.874047840756E-16,-2.5,-3.7));
#159 = DIRECTION('',(0.,0.,1.));
#160 = DIRECTION('',(1.,0.,-0.));
#161 = ADVANCED_FACE('',(#162),#198,.T.);
#162 = FACE_BOUND('',#163,.T.);
#163 = EDGE_LOOP('',(#164,#175,#183,#192));
#164 = ORIENTED_EDGE('',*,*,#165,.T.);
#165 = EDGE_CURVE('',#166,#168,#170,.T.);
#166 = VERTEX_POINT('',#167);
#167 = CARTESIAN_POINT('',(0.299999999999,2.5,-5.5));
#168 = VERTEX_POINT('',#169);
#169 = CARTESIAN_POINT('',(-0.3,2.5,-5.5));
#170 = CIRCLE('',#171,0.299999999999);
#171 = AXIS2_PLACEMENT_3D('',#172,#173,#174);
#172 = CARTESIAN_POINT('',(-1.004696911836E-16,2.5,-5.5));
#173 = DIRECTION('',(0.,0.,1.));
#174 = DIRECTION('',(1.,0.,-0.));
#175 = ORIENTED_EDGE('',*,*,#176,.T.);
#176 = EDGE_CURVE('',#168,#177,#179,.T.);
#177 = VERTEX_POINT('',#178);
#178 = CARTESIAN_POINT('',(-0.3,2.5,0.299999999999));
#179 = LINE('',#180,#181);
#180 = CARTESIAN_POINT('',(-0.3,2.5,-11.84852813742));
#181 = VECTOR('',#182,1.);
#182 = DIRECTION('',(0.,0.,1.));
#183 = ORIENTED_EDGE('',*,*,#184,.T.);
#184 = EDGE_CURVE('',#177,#185,#187,.T.);
#185 = VERTEX_POINT('',#186);
#186 = CARTESIAN_POINT('',(0.299999999999,2.5,0.299999999999));
#187 = CIRCLE('',#188,0.299999999999);
#188 = AXIS2_PLACEMENT_3D('',#189,#190,#191);
#189 = CARTESIAN_POINT('',(-1.004696911836E-16,2.5,0.299999999999));
#190 = DIRECTION('',(0.,0.,-1.));
#191 = DIRECTION('',(-1.,0.,0.));
#192 = ORIENTED_EDGE('',*,*,#193,.F.);
#193 = EDGE_CURVE('',#166,#185,#194,.T.);
#194 = LINE('',#195,#196);
#195 = CARTESIAN_POINT('',(0.299999999999,2.5,-11.84852813742));
#196 = VECTOR('',#197,1.);
#197 = DIRECTION('',(0.,0.,1.));
#198 = CYLINDRICAL_SURFACE('',#199,0.299999999999);
#199 = AXIS2_PLACEMENT_3D('',#200,#201,#202);
#200 = CARTESIAN_POINT('',(-1.004696911836E-16,2.5,-11.84852813742));
#201 = DIRECTION('',(0.,0.,1.));
#202 = DIRECTION('',(1.,0.,-0.));
#203 = ADVANCED_FACE('',(#204),#240,.F.);
#204 = FACE_BOUND('',#205,.F.);
#205 = EDGE_LOOP('',(#206,#216,#225,#233));
#206 = ORIENTED_EDGE('',*,*,#207,.T.);
#207 = EDGE_CURVE('',#208,#210,#212,.T.);
#208 = VERTEX_POINT('',#209);
#209 = CARTESIAN_POINT('',(-4.,0.,0.299999999999));
#210 = VERTEX_POINT('',#211);
#211 = CARTESIAN_POINT('',(-4.,0.,0.));
#212 = LINE('',#213,#214);
#213 = CARTESIAN_POINT('',(-4.,0.,0.299999999999));
#214 = VECTOR('',#215,1.);
#215 = DIRECTION('',(0.,0.,-1.));
#216 = ORIENTED_EDGE('',*,*,#217,.F.);
#217 = EDGE_CURVE('',#218,#210,#220,.T.);
#218 = VERTEX_POINT('',#219);
#219 = CARTESIAN_POINT('',(4.,4.898587196589E-16,0.));
#220 = CIRCLE('',#221,4.);
#221 = AXIS2_PLACEMENT_3D('',#222,#223,#224);
#222 = CARTESIAN_POINT('',(0.,0.,0.));
#223 = DIRECTION('',(0.,0.,-1.));
#224 = DIRECTION('',(-1.,0.,0.));
#225 = ORIENTED_EDGE('',*,*,#226,.F.);
#226 = EDGE_CURVE('',#227,#218,#229,.T.);
#227 = VERTEX_POINT('',#228);
#228 = CARTESIAN_POINT('',(4.,4.898587196589E-16,0.299999999999));
#229 = LINE('',#230,#231);
#230 = CARTESIAN_POINT('',(4.,4.898587196589E-16,0.299999999999));
#231 = VECTOR('',#232,1.);
#232 = DIRECTION('',(0.,0.,-1.));
#233 = ORIENTED_EDGE('',*,*,#234,.T.);
#234 = EDGE_CURVE('',#227,#208,#235,.T.);
#235 = CIRCLE('',#236,4.);
#236 = AXIS2_PLACEMENT_3D('',#237,#238,#239);
#237 = CARTESIAN_POINT('',(0.,0.,0.299999999999));
#238 = DIRECTION('',(0.,0.,-1.));
#239 = DIRECTION('',(-1.,0.,0.));
#240 = CYLINDRICAL_SURFACE('',#241,4.);
#241 = AXIS2_PLACEMENT_3D('',#242,#243,#244);
#242 = CARTESIAN_POINT('',(0.,0.,0.299999999999));
#243 = DIRECTION('',(0.,0.,-1.));
#244 = DIRECTION('',(-1.,0.,0.));
#245 = ADVANCED_FACE('',(#246),#284,.T.);
#246 = FACE_BOUND('',#247,.T.);
#247 = EDGE_LOOP('',(#248,#259,#268,#277));
#248 = ORIENTED_EDGE('',*,*,#249,.F.);
#249 = EDGE_CURVE('',#250,#252,#254,.T.);
#250 = VERTEX_POINT('',#251);
#251 = CARTESIAN_POINT('',(-4.5,0.,5.299999999999));
#252 = VERTEX_POINT('',#253);
#253 = CARTESIAN_POINT('',(4.5,5.510910596163E-16,5.299999999999));
#254 = CIRCLE('',#255,4.5);
#255 = AXIS2_PLACEMENT_3D('',#256,#257,#258);
#256 = CARTESIAN_POINT('',(0.,0.,5.299999999999));
#257 = DIRECTION('',(0.,0.,-1.));
#258 = DIRECTION('',(1.,0.,0.));
#259 = ORIENTED_EDGE('',*,*,#260,.T.);
#260 = EDGE_CURVE('',#250,#261,#263,.T.);
#261 = VERTEX_POINT('',#262);
#262 = CARTESIAN_POINT('',(-4.299999999999,5.388445916248E-16,5.5));
#263 = CIRCLE('',#264,0.199999999999);
#264 = AXIS2_PLACEMENT_3D('',#265,#266,#267);
#265 = CARTESIAN_POINT('',(-4.299999999999,5.265981236333E-16,
    5.299999999999));
#266 = DIRECTION('',(1.224646799147E-16,1.,0.));
#267 = DIRECTION('',(-1.,1.224646799147E-16,0.));
#268 = ORIENTED_EDGE('',*,*,#269,.F.);
#269 = EDGE_CURVE('',#270,#261,#272,.T.);
#270 = VERTEX_POINT('',#271);
#271 = CARTESIAN_POINT('',(4.299999999999,0.,5.5));
#272 = CIRCLE('',#273,4.299999999999);
#273 = AXIS2_PLACEMENT_3D('',#274,#275,#276);
#274 = CARTESIAN_POINT('',(0.,0.,5.5));
#275 = DIRECTION('',(0.,0.,1.));
#276 = DIRECTION('',(1.,0.,-0.));
#277 = ORIENTED_EDGE('',*,*,#278,.F.);
#278 = EDGE_CURVE('',#252,#270,#279,.T.);
#279 = CIRCLE('',#280,0.199999999999);
#280 = AXIS2_PLACEMENT_3D('',#281,#282,#283);
#281 = CARTESIAN_POINT('',(4.299999999999,0.,5.299999999999));
#282 = DIRECTION('',(0.,-1.,0.));
#283 = DIRECTION('',(0.,0.,-1.));
#284 = TOROIDAL_SURFACE('',#285,4.299999999999,0.2);
#285 = AXIS2_PLACEMENT_3D('',#286,#287,#288);
#286 = CARTESIAN_POINT('',(0.,0.,5.299999999999));
#287 = DIRECTION('',(0.,0.,1.));
#288 = DIRECTION('',(1.,0.,-0.));
#289 = ADVANCED_FACE('',(#290),#316,.T.);
#290 = FACE_BOUND('',#291,.T.);
#291 = EDGE_LOOP('',(#292,#293,#301,#310));
#292 = ORIENTED_EDGE('',*,*,#249,.T.);
#293 = ORIENTED_EDGE('',*,*,#294,.T.);
#294 = EDGE_CURVE('',#252,#295,#297,.T.);
#295 = VERTEX_POINT('',#296);
#296 = CARTESIAN_POINT('',(4.5,5.510910596163E-16,0.));
#297 = LINE('',#298,#299);
#298 = CARTESIAN_POINT('',(4.5,5.510910596163E-16,5.5));
#299 = VECTOR('',#300,1.);
#300 = DIRECTION('',(0.,0.,-1.));
#301 = ORIENTED_EDGE('',*,*,#302,.T.);
#302 = EDGE_CURVE('',#295,#303,#305,.T.);
#303 = VERTEX_POINT('',#304);
#304 = CARTESIAN_POINT('',(-4.5,0.,0.));
#305 = CIRCLE('',#306,4.5);
#306 = AXIS2_PLACEMENT_3D('',#307,#308,#309);
#307 = CARTESIAN_POINT('',(0.,0.,0.));
#308 = DIRECTION('',(0.,0.,1.));
#309 = DIRECTION('',(1.,0.,-0.));
#310 = ORIENTED_EDGE('',*,*,#311,.F.);
#311 = EDGE_CURVE('',#250,#303,#312,.T.);
#312 = LINE('',#313,#314);
#313 = CARTESIAN_POINT('',(-4.5,0.,5.5));
#314 = VECTOR('',#315,1.);
#315 = DIRECTION('',(0.,0.,-1.));
#316 = CYLINDRICAL_SURFACE('',#317,4.5);
#317 = AXIS2_PLACEMENT_3D('',#318,#319,#320);
#318 = CARTESIAN_POINT('',(0.,0.,5.5));
#319 = DIRECTION('',(0.,0.,-1.));
#320 = DIRECTION('',(-1.,0.,0.));
#321 = ADVANCED_FACE('',(#322,#388,#486,#613,#802,#924,#986,#996,#1006,
    #1016,#1066,#1192,#1290,#1356,#1454,#1516),#1810,.T.);
#322 = FACE_BOUND('',#323,.T.);
#323 = EDGE_LOOP('',(#324,#334,#342,#350,#358,#366,#374,#382));
#324 = ORIENTED_EDGE('',*,*,#325,.F.);
#325 = EDGE_CURVE('',#326,#328,#330,.T.);
#326 = VERTEX_POINT('',#327);
#327 = CARTESIAN_POINT('',(-3.081906184987,1.097543477304,5.5));
#328 = VERTEX_POINT('',#329);
#329 = CARTESIAN_POINT('',(-3.081906184987,1.063855320814,5.5));
#330 = LINE('',#331,#332);
#331 = CARTESIAN_POINT('',(-3.081906184987,1.063855320814,5.5));
#332 = VECTOR('',#333,1.);
#333 = DIRECTION('',(1.287339273433E-14,-1.,0.));
#334 = ORIENTED_EDGE('',*,*,#335,.F.);
#335 = EDGE_CURVE('',#336,#326,#338,.T.);
#336 = VERTEX_POINT('',#337);
#337 = CARTESIAN_POINT('',(-2.837854206869,1.190497835021,5.5));
#338 = LINE('',#339,#340);
#339 = CARTESIAN_POINT('',(-3.081906184987,1.097543477304,5.5));
#340 = VECTOR('',#341,1.);
#341 = DIRECTION('',(-0.934510438744,-0.355935724364,0.));
#342 = ORIENTED_EDGE('',*,*,#343,.F.);
#343 = EDGE_CURVE('',#344,#336,#346,.T.);
#344 = VERTEX_POINT('',#345);
#345 = CARTESIAN_POINT('',(-2.837854206869,1.155686739984,5.5));
#346 = LINE('',#347,#348);
#347 = CARTESIAN_POINT('',(-2.837854206869,1.190497835021,5.5));
#348 = VECTOR('',#349,1.);
#349 = DIRECTION('',(0.,1.,0.));
#350 = ORIENTED_EDGE('',*,*,#351,.F.);
#351 = EDGE_CURVE('',#352,#344,#354,.T.);
#352 = VERTEX_POINT('',#353);
#353 = CARTESIAN_POINT('',(-2.904606665096,1.130794935466,5.5));
#354 = LINE('',#355,#356);
#355 = CARTESIAN_POINT('',(-2.837854206869,1.155686739984,5.5));
#356 = VECTOR('',#357,1.);
#357 = DIRECTION('',(0.936975345944,0.349395479497,0.));
#358 = ORIENTED_EDGE('',*,*,#359,.F.);
#359 = EDGE_CURVE('',#360,#352,#362,.T.);
#360 = VERTEX_POINT('',#361);
#361 = CARTESIAN_POINT('',(-2.904606665096,1.029168996725,5.5));
#362 = LINE('',#363,#364);
#363 = CARTESIAN_POINT('',(-2.904606665096,1.130794935466,5.5));
#364 = VECTOR('',#365,1.);
#365 = DIRECTION('',(-4.267423006025E-15,1.,0.));
#366 = ORIENTED_EDGE('',*,*,#367,.F.);
#367 = EDGE_CURVE('',#368,#360,#370,.T.);
#368 = VERTEX_POINT('',#369);
#369 = CARTESIAN_POINT('',(-2.837854206869,1.005712058133,5.5));
#370 = LINE('',#371,#372);
#371 = CARTESIAN_POINT('',(-2.904606665096,1.029168996725,5.5));
#372 = VECTOR('',#373,1.);
#373 = DIRECTION('',(-0.94344523308,0.331528418357,0.));
#374 = ORIENTED_EDGE('',*,*,#375,.F.);
#375 = EDGE_CURVE('',#376,#368,#378,.T.);
#376 = VERTEX_POINT('',#377);
#377 = CARTESIAN_POINT('',(-2.837854206869,0.970900963094,5.5));
#378 = LINE('',#379,#380);
#379 = CARTESIAN_POINT('',(-2.837854206869,1.005712058133,5.5));
#380 = VECTOR('',#381,1.);
#381 = DIRECTION('',(0.,1.,0.));
#382 = ORIENTED_EDGE('',*,*,#383,.F.);
#383 = EDGE_CURVE('',#328,#376,#384,.T.);
#384 = LINE('',#385,#386);
#385 = CARTESIAN_POINT('',(-2.837854206869,0.970900963094,5.5));
#386 = VECTOR('',#387,1.);
#387 = DIRECTION('',(0.934510438742,-0.355935724369,0.));
#388 = FACE_BOUND('',#389,.T.);
#389 = EDGE_LOOP('',(#390,#400,#408,#416,#424,#432,#440,#448,#456,#464,
    #472,#480));
#390 = ORIENTED_EDGE('',*,*,#391,.F.);
#391 = EDGE_CURVE('',#392,#394,#396,.T.);
#392 = VERTEX_POINT('',#393);
#393 = CARTESIAN_POINT('',(-2.86567812871,0.712562711208,5.5));
#394 = VERTEX_POINT('',#395);
#395 = CARTESIAN_POINT('',(-2.86567812871,0.612808336717,5.5));
#396 = LINE('',#397,#398);
#397 = CARTESIAN_POINT('',(-2.86567812871,0.612808336717,5.5));
#398 = VECTOR('',#399,1.);
#399 = DIRECTION('',(4.347487227578E-15,-1.,0.));
#400 = ORIENTED_EDGE('',*,*,#401,.F.);
#401 = EDGE_CURVE('',#402,#392,#404,.T.);
#402 = VERTEX_POINT('',#403);
#403 = CARTESIAN_POINT('',(-2.837854206869,0.712562711208,5.5));
#404 = LINE('',#405,#406);
#405 = CARTESIAN_POINT('',(-2.86567812871,0.712562711208,5.5));
#406 = VECTOR('',#407,1.);
#407 = DIRECTION('',(-1.,0.,0.));
#408 = ORIENTED_EDGE('',*,*,#409,.F.);
#409 = EDGE_CURVE('',#410,#402,#412,.T.);
#410 = VERTEX_POINT('',#411);
#411 = CARTESIAN_POINT('',(-2.837854206869,0.581303671852,5.5));
#412 = LINE('',#413,#414);
#413 = CARTESIAN_POINT('',(-2.837854206869,0.712562711208,5.5));
#414 = VECTOR('',#415,1.);
#415 = DIRECTION('',(-6.608015282178E-15,1.,0.));
#416 = ORIENTED_EDGE('',*,*,#417,.F.);
#417 = EDGE_CURVE('',#418,#410,#420,.T.);
#418 = VERTEX_POINT('',#419);
#419 = CARTESIAN_POINT('',(-3.081906184987,0.581303671852,5.5));
#420 = LINE('',#421,#422);
#421 = CARTESIAN_POINT('',(-2.837854206869,0.581303671852,5.5));
#422 = VECTOR('',#423,1.);
#423 = DIRECTION('',(1.,3.554004129277E-15,0.));
#424 = ORIENTED_EDGE('',*,*,#425,.F.);
#425 = EDGE_CURVE('',#426,#418,#428,.T.);
#426 = VERTEX_POINT('',#427);
#427 = CARTESIAN_POINT('',(-3.081906184987,0.707010403934,5.5));
#428 = LINE('',#429,#430);
#429 = CARTESIAN_POINT('',(-3.081906184987,0.581303671852,5.5));
#430 = VECTOR('',#431,1.);
#431 = DIRECTION('',(3.449941477354E-15,-1.,0.));
#432 = ORIENTED_EDGE('',*,*,#433,.F.);
#433 = EDGE_CURVE('',#434,#426,#436,.T.);
#434 = VERTEX_POINT('',#435);
#435 = CARTESIAN_POINT('',(-3.053832721247,0.707010403934,5.5));
#436 = LINE('',#437,#438);
#437 = CARTESIAN_POINT('',(-3.081906184987,0.707010403934,5.5));
#438 = VECTOR('',#439,1.);
#439 = DIRECTION('',(-1.,0.,0.));
#440 = ORIENTED_EDGE('',*,*,#441,.F.);
#441 = EDGE_CURVE('',#442,#434,#444,.T.);
#442 = VERTEX_POINT('',#443);
#443 = CARTESIAN_POINT('',(-3.053832721247,0.612808336717,5.5));
#444 = LINE('',#445,#446);
#445 = CARTESIAN_POINT('',(-3.053832721247,0.707010403934,5.5));
#446 = VECTOR('',#447,1.);
#447 = DIRECTION('',(-4.603729852267E-15,1.,0.));
#448 = ORIENTED_EDGE('',*,*,#449,.F.);
#449 = EDGE_CURVE('',#450,#442,#452,.T.);
#450 = VERTEX_POINT('',#451);
#451 = CARTESIAN_POINT('',(-2.975726106572,0.612808336717,5.5));
#452 = LINE('',#453,#454);
#453 = CARTESIAN_POINT('',(-3.053832721247,0.612808336717,5.5));
#454 = VECTOR('',#455,1.);
#455 = DIRECTION('',(-1.,-5.552421786569E-15,0.));
#456 = ORIENTED_EDGE('',*,*,#457,.F.);
#457 = EDGE_CURVE('',#458,#450,#460,.T.);
#458 = VERTEX_POINT('',#459);
#459 = CARTESIAN_POINT('',(-2.975726106572,0.700085616211,5.5));
#460 = LINE('',#461,#462);
#461 = CARTESIAN_POINT('',(-2.975726106572,0.612808336717,5.5));
#462 = VECTOR('',#463,1.);
#463 = DIRECTION('',(4.969000769809E-15,-1.,0.));
#464 = ORIENTED_EDGE('',*,*,#465,.F.);
#465 = EDGE_CURVE('',#466,#458,#468,.T.);
#466 = VERTEX_POINT('',#467);
#467 = CARTESIAN_POINT('',(-2.947777413782,0.700085616211,5.5));
#468 = LINE('',#469,#470);
#469 = CARTESIAN_POINT('',(-2.975726106572,0.700085616211,5.5));
#470 = VECTOR('',#471,1.);
#471 = DIRECTION('',(-1.,0.,0.));
#472 = ORIENTED_EDGE('',*,*,#473,.F.);
#473 = EDGE_CURVE('',#474,#466,#476,.T.);
#474 = VERTEX_POINT('',#475);
#475 = CARTESIAN_POINT('',(-2.947777413782,0.612808336717,5.5));
#476 = LINE('',#477,#478);
#477 = CARTESIAN_POINT('',(-2.947777413782,0.700085616211,5.5));
#478 = VECTOR('',#479,1.);
#479 = DIRECTION('',(-4.969000769809E-15,1.,0.));
#480 = ORIENTED_EDGE('',*,*,#481,.F.);
#481 = EDGE_CURVE('',#394,#474,#482,.T.);
#482 = LINE('',#483,#484);
#483 = CARTESIAN_POINT('',(-2.947777413782,0.612808336717,5.5));
#484 = VECTOR('',#485,1.);
#485 = DIRECTION('',(-1.,-5.282395195207E-15,0.));
#486 = FACE_BOUND('',#487,.T.);
#487 = EDGE_LOOP('',(#488,#498,#506,#514,#523,#532,#540,#549,#558,#566,
    #574,#582,#590,#598,#606));
#488 = ORIENTED_EDGE('',*,*,#489,.F.);
#489 = EDGE_CURVE('',#490,#492,#494,.T.);
#490 = VERTEX_POINT('',#491);
#491 = CARTESIAN_POINT('',(-3.01215922396,0.516672319774,5.5));
#492 = VERTEX_POINT('',#493);
#493 = CARTESIAN_POINT('',(-2.880900184604,0.469072202364,5.499999999999
    ));
#494 = LINE('',#495,#496);
#495 = CARTESIAN_POINT('',(-2.880900184604,0.469072202364,5.5));
#496 = VECTOR('',#497,1.);
#497 = DIRECTION('',(0.9400931104,-0.340917796218,0.));
#498 = ORIENTED_EDGE('',*,*,#499,.F.);
#499 = EDGE_CURVE('',#500,#490,#502,.T.);
#500 = VERTEX_POINT('',#501);
#501 = CARTESIAN_POINT('',(-3.01215922396,0.548364141062,5.5));
#502 = LINE('',#503,#504);
#503 = CARTESIAN_POINT('',(-3.01215922396,0.516672319774,5.5));
#504 = VECTOR('',#505,1.);
#505 = DIRECTION('',(0.,-1.,0.));
#506 = ORIENTED_EDGE('',*,*,#507,.F.);
#507 = EDGE_CURVE('',#508,#500,#510,.T.);
#508 = VERTEX_POINT('',#509);
#509 = CARTESIAN_POINT('',(-2.811527536428,0.469259358789,5.5));
#510 = LINE('',#511,#512);
#511 = CARTESIAN_POINT('',(-3.01215922396,0.548364141062,5.5));
#512 = VECTOR('',#513,1.);
#513 = DIRECTION('',(-0.930300737781,0.36679767895,0.));
#514 = ORIENTED_EDGE('',*,*,#515,.F.);
#515 = EDGE_CURVE('',#516,#508,#518,.T.);
#516 = VERTEX_POINT('',#517);
#517 = CARTESIAN_POINT('',(-2.755754921796,0.407061040235,5.499999999999
    ));
#518 = B_SPLINE_CURVE_WITH_KNOTS('',3,(#519,#520,#521,#522),
  .UNSPECIFIED.,.F.,.F.,(4,4),(1.,2.),.PIECEWISE_BEZIER_KNOTS.);
#519 = CARTESIAN_POINT('',(-2.755754921796,0.407061040235,5.499999999999
    ));
#520 = CARTESIAN_POINT('',(-2.755754921796,0.433824409001,5.499999999999
    ));
#521 = CARTESIAN_POINT('',(-2.77434579334,0.454536386694,5.499999999999)
  );
#522 = CARTESIAN_POINT('',(-2.811527536428,0.469259358789,5.5));
#523 = ORIENTED_EDGE('',*,*,#524,.F.);
#524 = EDGE_CURVE('',#525,#516,#527,.T.);
#525 = VERTEX_POINT('',#526);
#526 = CARTESIAN_POINT('',(-2.758250340795,0.387347230142,5.499999999999
    ));
#527 = B_SPLINE_CURVE_WITH_KNOTS('',3,(#528,#529,#530,#531),
  .UNSPECIFIED.,.F.,.F.,(4,4),(2.,3.),.PIECEWISE_BEZIER_KNOTS.);
#528 = CARTESIAN_POINT('',(-2.758250340795,0.387347230142,5.499999999999
    ));
#529 = CARTESIAN_POINT('',(-2.756628318446,0.392774766465,5.499999999999
    ));
#530 = CARTESIAN_POINT('',(-2.755754921796,0.399387626812,5.499999999999
    ));
#531 = CARTESIAN_POINT('',(-2.755754921796,0.407061040235,5.499999999999
    ));
#532 = ORIENTED_EDGE('',*,*,#533,.F.);
#533 = EDGE_CURVE('',#534,#525,#536,.T.);
#534 = VERTEX_POINT('',#535);
#535 = CARTESIAN_POINT('',(-2.785450407887,0.387347230142,5.5));
#536 = LINE('',#537,#538);
#537 = CARTESIAN_POINT('',(-2.758250340795,0.387347230142,5.5));
#538 = VECTOR('',#539,1.);
#539 = DIRECTION('',(1.,1.594411026766E-14,0.));
#540 = ORIENTED_EDGE('',*,*,#541,.F.);
#541 = EDGE_CURVE('',#542,#534,#544,.T.);
#542 = VERTEX_POINT('',#543);
#543 = CARTESIAN_POINT('',(-2.781956821287,0.404690392185,5.499999999999
    ));
#544 = B_SPLINE_CURVE_WITH_KNOTS('',3,(#545,#546,#547,#548),
  .UNSPECIFIED.,.F.,.F.,(4,4),(4.,5.),.PIECEWISE_BEZIER_KNOTS.);
#545 = CARTESIAN_POINT('',(-2.781956821287,0.404690392185,5.499999999999
    ));
#546 = CARTESIAN_POINT('',(-2.781956821287,0.399075699438,5.499999999999
    ));
#547 = CARTESIAN_POINT('',(-2.783079759837,0.39333623574,5.499999999999)
  );
#548 = CARTESIAN_POINT('',(-2.785450407887,0.387347230142,5.5));
#549 = ORIENTED_EDGE('',*,*,#550,.F.);
#550 = EDGE_CURVE('',#551,#542,#553,.T.);
#551 = VERTEX_POINT('',#552);
#552 = CARTESIAN_POINT('',(-2.806536698429,0.436007900625,5.499999999999
    ));
#553 = B_SPLINE_CURVE_WITH_KNOTS('',3,(#554,#555,#556,#557),
  .UNSPECIFIED.,.F.,.F.,(4,4),(5.,6.),.PIECEWISE_BEZIER_KNOTS.);
#554 = CARTESIAN_POINT('',(-2.806536698429,0.436007900625,5.499999999999
    ));
#555 = CARTESIAN_POINT('',(-2.790066933035,0.429083112903,5.499999999999
    ));
#556 = CARTESIAN_POINT('',(-2.781956821287,0.418664738581,5.499999999999
    ));
#557 = CARTESIAN_POINT('',(-2.781956821287,0.404690392185,5.499999999999
    ));
#558 = ORIENTED_EDGE('',*,*,#559,.F.);
#559 = EDGE_CURVE('',#560,#551,#562,.T.);
#560 = VERTEX_POINT('',#561);
#561 = CARTESIAN_POINT('',(-2.838228519719,0.449420777746,5.5));
#562 = LINE('',#563,#564);
#563 = CARTESIAN_POINT('',(-2.806536698429,0.436007900625,5.5));
#564 = VECTOR('',#565,1.);
#565 = DIRECTION('',(0.920917203017,-0.389758265065,0.));
#566 = ORIENTED_EDGE('',*,*,#567,.F.);
#567 = EDGE_CURVE('',#568,#560,#570,.T.);
#568 = VERTEX_POINT('',#569);
#569 = CARTESIAN_POINT('',(-3.01215922396,0.381046297169,5.5));
#570 = LINE('',#571,#572);
#571 = CARTESIAN_POINT('',(-2.838228519719,0.449420777746,5.5));
#572 = VECTOR('',#573,1.);
#573 = DIRECTION('',(0.930670322636,0.365858921669,0.));
#574 = ORIENTED_EDGE('',*,*,#575,.F.);
#575 = EDGE_CURVE('',#576,#568,#578,.T.);
#576 = VERTEX_POINT('',#577);
#577 = CARTESIAN_POINT('',(-3.01215922396,0.415233537457,5.5));
#578 = LINE('',#579,#580);
#579 = CARTESIAN_POINT('',(-3.01215922396,0.381046297169,5.5));
#580 = VECTOR('',#581,1.);
#581 = DIRECTION('',(0.,-1.,0.));
#582 = ORIENTED_EDGE('',*,*,#583,.F.);
#583 = EDGE_CURVE('',#584,#576,#586,.T.);
#584 = VERTEX_POINT('',#585);
#585 = CARTESIAN_POINT('',(-2.881149726504,0.460774934192,5.5));
#586 = LINE('',#587,#588);
#587 = CARTESIAN_POINT('',(-3.01215922396,0.415233537457,5.5));
#588 = VECTOR('',#589,1.);
#589 = DIRECTION('',(-0.94455746043,-0.328346164812,0.));
#590 = ORIENTED_EDGE('',*,*,#591,.F.);
#591 = EDGE_CURVE('',#592,#584,#594,.T.);
#592 = VERTEX_POINT('',#593);
#593 = CARTESIAN_POINT('',(-2.866801067258,0.464518062691,5.5));
#594 = LINE('',#595,#596);
#595 = CARTESIAN_POINT('',(-2.881149726504,0.460774934192,5.5));
#596 = VECTOR('',#597,1.);
#597 = DIRECTION('',(-0.967617272386,-0.252421897187,0.));
#598 = ORIENTED_EDGE('',*,*,#599,.F.);
#599 = EDGE_CURVE('',#600,#592,#602,.T.);
#600 = VERTEX_POINT('',#601);
#601 = CARTESIAN_POINT('',(-2.866801067258,0.465329073865,5.5));
#602 = LINE('',#603,#604);
#603 = CARTESIAN_POINT('',(-2.866801067258,0.464518062691,5.5));
#604 = VECTOR('',#605,1.);
#605 = DIRECTION('',(0.,-1.,0.));
#606 = ORIENTED_EDGE('',*,*,#607,.F.);
#607 = EDGE_CURVE('',#492,#600,#608,.T.);
#608 = B_SPLINE_CURVE_WITH_KNOTS('',3,(#609,#610,#611,#612),
  .UNSPECIFIED.,.F.,.F.,(4,4),(12.,13.),.PIECEWISE_BEZIER_KNOTS.);
#609 = CARTESIAN_POINT('',(-2.880900184604,0.469072202364,5.499999999999
    ));
#610 = CARTESIAN_POINT('',(-2.874786408056,0.467200638115,5.499999999999
    ));
#611 = CARTESIAN_POINT('',(-2.870045111958,0.465952928614,5.499999999999
    ));
#612 = CARTESIAN_POINT('',(-2.866801067258,0.465329073865,5.5));
#613 = FACE_BOUND('',#614,.T.);
#614 = EDGE_LOOP('',(#615,#625,#634,#643,#652,#661,#670,#679,#688,#697,
    #706,#714,#723,#732,#741,#750,#759,#768,#777,#786,#795));
#615 = ORIENTED_EDGE('',*,*,#616,.F.);
#616 = EDGE_CURVE('',#617,#619,#621,.T.);
#617 = VERTEX_POINT('',#618);
#618 = CARTESIAN_POINT('',(-2.875535033755,0.247416609764,5.5));
#619 = VERTEX_POINT('',#620);
#620 = CARTESIAN_POINT('',(-2.843967983417,0.247416609764,5.5));
#621 = LINE('',#622,#623);
#622 = CARTESIAN_POINT('',(-2.843967983417,0.247416609764,5.5));
#623 = VECTOR('',#624,1.);
#624 = DIRECTION('',(1.,0.,0.));
#625 = ORIENTED_EDGE('',*,*,#626,.F.);
#626 = EDGE_CURVE('',#627,#617,#629,.T.);
#627 = VERTEX_POINT('',#628);
#628 = CARTESIAN_POINT('',(-2.858690955512,0.297699302597,5.499999999999
    ));
#629 = B_SPLINE_CURVE_WITH_KNOTS('',3,(#630,#631,#632,#633),
  .UNSPECIFIED.,.F.,.F.,(4,4),(0.,1.),.PIECEWISE_BEZIER_KNOTS.);
#630 = CARTESIAN_POINT('',(-2.858690955512,0.297699302597,5.499999999999
    ));
#631 = CARTESIAN_POINT('',(-2.858690955512,0.279732285803,5.499999999999
    ));
#632 = CARTESIAN_POINT('',(-2.86430564826,0.263012978508,5.499999999999)
  );
#633 = CARTESIAN_POINT('',(-2.875535033755,0.247416609764,5.5));
#634 = ORIENTED_EDGE('',*,*,#635,.F.);
#635 = EDGE_CURVE('',#636,#627,#638,.T.);
#636 = VERTEX_POINT('',#637);
#637 = CARTESIAN_POINT('',(-2.882272665054,0.333758107134,5.5));
#638 = B_SPLINE_CURVE_WITH_KNOTS('',3,(#639,#640,#641,#642),
  .UNSPECIFIED.,.F.,.F.,(4,4),(1.,2.),.PIECEWISE_BEZIER_KNOTS.);
#639 = CARTESIAN_POINT('',(-2.882272665054,0.333758107134,5.5));
#640 = CARTESIAN_POINT('',(-2.866551525358,0.333758107134,5.499999999999
    ));
#641 = CARTESIAN_POINT('',(-2.858690955512,0.321717710464,5.499999999999
    ));
#642 = CARTESIAN_POINT('',(-2.858690955512,0.297699302597,5.499999999999
    ));
#643 = ORIENTED_EDGE('',*,*,#644,.F.);
#644 = EDGE_CURVE('',#645,#636,#647,.T.);
#645 = VERTEX_POINT('',#646);
#646 = CARTESIAN_POINT('',(-2.898867201397,0.325897537287,5.499999999999
    ));
#647 = B_SPLINE_CURVE_WITH_KNOTS('',3,(#648,#649,#650,#651),
  .UNSPECIFIED.,.F.,.F.,(4,4),(2.,3.),.PIECEWISE_BEZIER_KNOTS.);
#648 = CARTESIAN_POINT('',(-2.898867201397,0.325897537287,5.499999999999
    ));
#649 = CARTESIAN_POINT('',(-2.894500218149,0.331137917186,5.499999999999
    ));
#650 = CARTESIAN_POINT('',(-2.889010296352,0.333758107134,5.499999999999
    ));
#651 = CARTESIAN_POINT('',(-2.882272665054,0.333758107134,5.5));
#652 = ORIENTED_EDGE('',*,*,#653,.F.);
#653 = EDGE_CURVE('',#654,#645,#656,.T.);
#654 = VERTEX_POINT('',#655);
#655 = CARTESIAN_POINT('',(-2.914463570143,0.293893788623,5.499999999999
    ));
#656 = B_SPLINE_CURVE_WITH_KNOTS('',3,(#657,#658,#659,#660),
  .UNSPECIFIED.,.F.,.F.,(4,4),(3.,4.),.PIECEWISE_BEZIER_KNOTS.);
#657 = CARTESIAN_POINT('',(-2.914463570143,0.293893788623,5.499999999999
    ));
#658 = CARTESIAN_POINT('',(-2.908474564545,0.309989241168,5.499999999999
    ));
#659 = CARTESIAN_POINT('',(-2.903234184646,0.320657157389,5.499999999999
    ));
#660 = CARTESIAN_POINT('',(-2.898867201397,0.325897537287,5.499999999999
    ));
#661 = ORIENTED_EDGE('',*,*,#662,.F.);
#662 = EDGE_CURVE('',#663,#654,#665,.T.);
#663 = VERTEX_POINT('',#664);
#664 = CARTESIAN_POINT('',(-2.937546195885,0.256275347211,5.499999999999
    ));
#665 = B_SPLINE_CURVE_WITH_KNOTS('',3,(#666,#667,#668,#669),
  .UNSPECIFIED.,.F.,.F.,(4,4),(4.,5.),.PIECEWISE_BEZIER_KNOTS.);
#666 = CARTESIAN_POINT('',(-2.937546195885,0.256275347211,5.499999999999
    ));
#667 = CARTESIAN_POINT('',(-2.929935167938,0.262014810909,5.499999999999
    ));
#668 = CARTESIAN_POINT('',(-2.92219936904,0.274616676854,5.499999999999)
  );
#669 = CARTESIAN_POINT('',(-2.914463570143,0.293893788623,5.499999999999
    ));
#670 = ORIENTED_EDGE('',*,*,#671,.F.);
#671 = EDGE_CURVE('',#672,#663,#674,.T.);
#672 = VERTEX_POINT('',#673);
#673 = CARTESIAN_POINT('',(-2.965120575826,0.247603766188,5.499999999999
    ));
#674 = B_SPLINE_CURVE_WITH_KNOTS('',3,(#675,#676,#677,#678),
  .UNSPECIFIED.,.F.,.F.,(4,4),(5.,6.),.PIECEWISE_BEZIER_KNOTS.);
#675 = CARTESIAN_POINT('',(-2.965120575826,0.247603766188,5.499999999999
    ));
#676 = CARTESIAN_POINT('',(-2.954390274129,0.247603766188,5.499999999999
    ));
#677 = CARTESIAN_POINT('',(-2.945157223832,0.250473498037,5.499999999999
    ));
#678 = CARTESIAN_POINT('',(-2.937546195885,0.256275347211,5.499999999999
    ));
#679 = ORIENTED_EDGE('',*,*,#680,.F.);
#680 = EDGE_CURVE('',#681,#672,#683,.T.);
#681 = VERTEX_POINT('',#682);
#682 = CARTESIAN_POINT('',(-3.002302318913,0.267192805332,5.499999999999
    ));
#683 = B_SPLINE_CURVE_WITH_KNOTS('',3,(#684,#685,#686,#687),
  .UNSPECIFIED.,.F.,.F.,(4,4),(6.,7.),.PIECEWISE_BEZIER_KNOTS.);
#684 = CARTESIAN_POINT('',(-3.002302318913,0.267192805332,5.499999999999
    ));
#685 = CARTESIAN_POINT('',(-2.992944497667,0.254154241061,5.499999999999
    ));
#686 = CARTESIAN_POINT('',(-2.98059217362,0.247603766188,5.499999999999)
  );
#687 = CARTESIAN_POINT('',(-2.965120575826,0.247603766188,5.499999999999
    ));
#688 = ORIENTED_EDGE('',*,*,#689,.F.);
#689 = EDGE_CURVE('',#690,#681,#692,.T.);
#690 = VERTEX_POINT('',#691);
#691 = CARTESIAN_POINT('',(-3.016151894359,0.315479162966,5.499999999999
    ));
#692 = B_SPLINE_CURVE_WITH_KNOTS('',3,(#693,#694,#695,#696),
  .UNSPECIFIED.,.F.,.F.,(4,4),(7.,8.),.PIECEWISE_BEZIER_KNOTS.);
#693 = CARTESIAN_POINT('',(-3.016151894359,0.315479162966,5.499999999999
    ));
#694 = CARTESIAN_POINT('',(-3.016151894359,0.296389207622,5.499999999999
    ));
#695 = CARTESIAN_POINT('',(-3.011535369211,0.280293755078,5.499999999999
    ));
#696 = CARTESIAN_POINT('',(-3.002302318913,0.267192805332,5.499999999999
    ));
#697 = ORIENTED_EDGE('',*,*,#698,.F.);
#698 = EDGE_CURVE('',#699,#690,#701,.T.);
#699 = VERTEX_POINT('',#700);
#700 = CARTESIAN_POINT('',(-3.00841609546,0.356778347402,5.5));
#701 = B_SPLINE_CURVE_WITH_KNOTS('',3,(#702,#703,#704,#705),
  .UNSPECIFIED.,.F.,.F.,(4,4),(8.,9.),.PIECEWISE_BEZIER_KNOTS.);
#702 = CARTESIAN_POINT('',(-3.00841609546,0.356778347402,5.5));
#703 = CARTESIAN_POINT('',(-3.013656475359,0.344051710506,5.499999999999
    ));
#704 = CARTESIAN_POINT('',(-3.016151894359,0.33032690601,5.499999999999)
  );
#705 = CARTESIAN_POINT('',(-3.016151894359,0.315479162966,5.499999999999
    ));
#706 = ORIENTED_EDGE('',*,*,#707,.F.);
#707 = EDGE_CURVE('',#708,#699,#710,.T.);
#708 = VERTEX_POINT('',#709);
#709 = CARTESIAN_POINT('',(-2.978720609371,0.356778347402,5.499999999999
    ));
#710 = LINE('',#711,#712);
#711 = CARTESIAN_POINT('',(-3.00841609546,0.356778347402,5.5));
#712 = VECTOR('',#713,1.);
#713 = DIRECTION('',(-1.,0.,0.));
#714 = ORIENTED_EDGE('',*,*,#715,.F.);
#715 = EDGE_CURVE('',#716,#708,#718,.T.);
#716 = VERTEX_POINT('',#717);
#717 = CARTESIAN_POINT('',(-2.991322475317,0.312484660167,5.499999999999
    ));
#718 = B_SPLINE_CURVE_WITH_KNOTS('',3,(#719,#720,#721,#722),
  .UNSPECIFIED.,.F.,.F.,(4,4),(10.,11.),.PIECEWISE_BEZIER_KNOTS.);
#719 = CARTESIAN_POINT('',(-2.991322475317,0.312484660167,5.499999999999
    ));
#720 = CARTESIAN_POINT('',(-2.991322475317,0.329016811036,5.499999999999
    ));
#721 = CARTESIAN_POINT('',(-2.987080263019,0.343739783131,5.499999999999
    ));
#722 = CARTESIAN_POINT('',(-2.978720609371,0.356778347402,5.499999999999
    ));
#723 = ORIENTED_EDGE('',*,*,#724,.F.);
#724 = EDGE_CURVE('',#725,#716,#727,.T.);
#725 = VERTEX_POINT('',#726);
#726 = CARTESIAN_POINT('',(-2.984834385919,0.288403866825,5.499999999999
    ));
#727 = B_SPLINE_CURVE_WITH_KNOTS('',3,(#728,#729,#730,#731),
  .UNSPECIFIED.,.F.,.F.,(4,4),(11.,12.),.PIECEWISE_BEZIER_KNOTS.);
#728 = CARTESIAN_POINT('',(-2.984834385919,0.288403866825,5.499999999999
    ));
#729 = CARTESIAN_POINT('',(-2.989201369167,0.294580028847,5.499999999999
    ));
#730 = CARTESIAN_POINT('',(-2.991322475317,0.30262775512,5.499999999999)
  );
#731 = CARTESIAN_POINT('',(-2.991322475317,0.312484660167,5.499999999999
    ));
#732 = ORIENTED_EDGE('',*,*,#733,.F.);
#733 = EDGE_CURVE('',#734,#725,#736,.T.);
#734 = VERTEX_POINT('',#735);
#735 = CARTESIAN_POINT('',(-2.967865536725,0.279108431053,5.499999999999
    ));
#736 = B_SPLINE_CURVE_WITH_KNOTS('',3,(#737,#738,#739,#740),
  .UNSPECIFIED.,.F.,.F.,(4,4),(12.,13.),.PIECEWISE_BEZIER_KNOTS.);
#737 = CARTESIAN_POINT('',(-2.967865536725,0.279108431053,5.499999999999
    ));
#738 = CARTESIAN_POINT('',(-2.974852709922,0.279108431053,5.499999999999
    ));
#739 = CARTESIAN_POINT('',(-2.98059217362,0.282227704802,5.499999999999)
  );
#740 = CARTESIAN_POINT('',(-2.984834385919,0.288403866825,5.499999999999
    ));
#741 = ORIENTED_EDGE('',*,*,#742,.F.);
#742 = EDGE_CURVE('',#743,#734,#745,.T.);
#743 = VERTEX_POINT('',#744);
#744 = CARTESIAN_POINT('',(-2.951645313231,0.285783676875,5.499999999999
    ));
#745 = B_SPLINE_CURVE_WITH_KNOTS('',3,(#746,#747,#748,#749),
  .UNSPECIFIED.,.F.,.F.,(4,4),(13.,14.),.PIECEWISE_BEZIER_KNOTS.);
#746 = CARTESIAN_POINT('',(-2.951645313231,0.285783676875,5.499999999999
    ));
#747 = CARTESIAN_POINT('',(-2.955513212679,0.281354308152,5.499999999999
    ));
#748 = CARTESIAN_POINT('',(-2.960878363527,0.279108431053,5.499999999999
    ));
#749 = CARTESIAN_POINT('',(-2.967865536725,0.279108431053,5.499999999999
    ));
#750 = ORIENTED_EDGE('',*,*,#751,.F.);
#751 = EDGE_CURVE('',#752,#743,#754,.T.);
#752 = VERTEX_POINT('',#753);
#753 = CARTESIAN_POINT('',(-2.936672799235,0.315479162966,5.499999999999
    ));
#754 = B_SPLINE_CURVE_WITH_KNOTS('',3,(#755,#756,#757,#758),
  .UNSPECIFIED.,.F.,.F.,(4,4),(14.,15.),.PIECEWISE_BEZIER_KNOTS.);
#755 = CARTESIAN_POINT('',(-2.936672799235,0.315479162966,5.499999999999
    ));
#756 = CARTESIAN_POINT('',(-2.942661804833,0.300132336121,5.499999999999
    ));
#757 = CARTESIAN_POINT('',(-2.947652642832,0.290275431074,5.499999999999
    ));
#758 = CARTESIAN_POINT('',(-2.951645313231,0.285783676875,5.499999999999
    ));
#759 = ORIENTED_EDGE('',*,*,#760,.F.);
#760 = EDGE_CURVE('',#761,#752,#763,.T.);
#761 = VERTEX_POINT('',#762);
#762 = CARTESIAN_POINT('',(-2.914089257293,0.354906783152,5.499999999999
    ));
#763 = B_SPLINE_CURVE_WITH_KNOTS('',3,(#764,#765,#766,#767),
  .UNSPECIFIED.,.F.,.F.,(4,4),(15.,16.),.PIECEWISE_BEZIER_KNOTS.);
#764 = CARTESIAN_POINT('',(-2.914089257293,0.354906783152,5.499999999999
    ));
#765 = CARTESIAN_POINT('',(-2.92182505619,0.348044380905,5.499999999999)
  );
#766 = CARTESIAN_POINT('',(-2.929436084137,0.334943431159,5.499999999999
    ));
#767 = CARTESIAN_POINT('',(-2.936672799235,0.315479162966,5.499999999999
    ));
#768 = ORIENTED_EDGE('',*,*,#769,.F.);
#769 = EDGE_CURVE('',#770,#761,#772,.T.);
#770 = VERTEX_POINT('',#771);
#771 = CARTESIAN_POINT('',(-2.885267167852,0.365138001049,5.499999999999
    ));
#772 = B_SPLINE_CURVE_WITH_KNOTS('',3,(#773,#774,#775,#776),
  .UNSPECIFIED.,.F.,.F.,(4,4),(16.,17.),.PIECEWISE_BEZIER_KNOTS.);
#773 = CARTESIAN_POINT('',(-2.885267167852,0.365138001049,5.499999999999
    ));
#774 = CARTESIAN_POINT('',(-2.896746095249,0.365138001049,5.499999999999
    ));
#775 = CARTESIAN_POINT('',(-2.906353458396,0.361706799925,5.499999999999
    ));
#776 = CARTESIAN_POINT('',(-2.914089257293,0.354906783152,5.499999999999
    ));
#777 = ORIENTED_EDGE('',*,*,#778,.F.);
#778 = EDGE_CURVE('',#779,#770,#781,.T.);
#779 = VERTEX_POINT('',#780);
#780 = CARTESIAN_POINT('',(-2.847586340965,0.34548657643,5.499999999999)
  );
#781 = B_SPLINE_CURVE_WITH_KNOTS('',3,(#782,#783,#784,#785),
  .UNSPECIFIED.,.F.,.F.,(4,4),(17.,18.),.PIECEWISE_BEZIER_KNOTS.);
#782 = CARTESIAN_POINT('',(-2.847586340965,0.34548657643,5.499999999999)
  );
#783 = CARTESIAN_POINT('',(-2.856694620313,0.358587526176,5.499999999999
    ));
#784 = CARTESIAN_POINT('',(-2.869296486258,0.365138001049,5.499999999999
    ));
#785 = CARTESIAN_POINT('',(-2.885267167852,0.365138001049,5.499999999999
    ));
#786 = ORIENTED_EDGE('',*,*,#787,.F.);
#787 = EDGE_CURVE('',#788,#779,#790,.T.);
#788 = VERTEX_POINT('',#789);
#789 = CARTESIAN_POINT('',(-2.83373676552,0.294704799798,5.499999999999)
  );
#790 = B_SPLINE_CURVE_WITH_KNOTS('',3,(#791,#792,#793,#794),
  .UNSPECIFIED.,.F.,.F.,(4,4),(18.,19.),.PIECEWISE_BEZIER_KNOTS.);
#791 = CARTESIAN_POINT('',(-2.83373676552,0.294704799798,5.499999999999)
  );
#792 = CARTESIAN_POINT('',(-2.83373676552,0.315479162966,5.499999999999)
  );
#793 = CARTESIAN_POINT('',(-2.838353290668,0.33244801216,5.499999999999)
  );
#794 = CARTESIAN_POINT('',(-2.847586340965,0.34548657643,5.499999999999)
  );
#795 = ORIENTED_EDGE('',*,*,#796,.F.);
#796 = EDGE_CURVE('',#619,#788,#797,.T.);
#797 = B_SPLINE_CURVE_WITH_KNOTS('',3,(#798,#799,#800,#801),
  .UNSPECIFIED.,.F.,.F.,(4,4),(19.,20.),.PIECEWISE_BEZIER_KNOTS.);
#798 = CARTESIAN_POINT('',(-2.843967983417,0.247416609764,5.5));
#799 = CARTESIAN_POINT('',(-2.837230352118,0.260891872359,5.499999999999
    ));
#800 = CARTESIAN_POINT('',(-2.83373676552,0.276613012054,5.499999999999)
  );
#801 = CARTESIAN_POINT('',(-2.83373676552,0.294704799798,5.499999999999)
  );
#802 = FACE_BOUND('',#803,.T.);
#803 = EDGE_LOOP('',(#804,#814,#823,#832,#840,#848,#856,#864,#873,#882,
    #891,#900,#908,#917));
#804 = ORIENTED_EDGE('',*,*,#805,.F.);
#805 = EDGE_CURVE('',#806,#808,#810,.T.);
#806 = VERTEX_POINT('',#807);
#807 = CARTESIAN_POINT('',(-2.999931670865,8.2968497718E-02,5.5));
#808 = VERTEX_POINT('',#809);
#809 = CARTESIAN_POINT('',(-2.970236184774,8.2968497718E-02,5.5));
#810 = LINE('',#811,#812);
#811 = CARTESIAN_POINT('',(-2.970236184774,8.2968497718E-02,5.5));
#812 = VECTOR('',#813,1.);
#813 = DIRECTION('',(1.,7.302134534245E-15,0.));
#814 = ORIENTED_EDGE('',*,*,#815,.F.);
#815 = EDGE_CURVE('',#816,#806,#818,.T.);
#816 = VERTEX_POINT('',#817);
#817 = CARTESIAN_POINT('',(-3.016151894359,0.142983324649,5.499999999999
    ));
#818 = B_SPLINE_CURVE_WITH_KNOTS('',3,(#819,#820,#821,#822),
  .UNSPECIFIED.,.F.,.F.,(4,4),(0.,1.),.PIECEWISE_BEZIER_KNOTS.);
#819 = CARTESIAN_POINT('',(-3.016151894359,0.142983324649,5.499999999999
    ));
#820 = CARTESIAN_POINT('',(-3.016151894359,0.120275011757,5.499999999999
    ));
#821 = CARTESIAN_POINT('',(-3.01078674351,0.100249274288,5.499999999999)
  );
#822 = CARTESIAN_POINT('',(-2.999931670865,8.2968497718E-02,5.5));
#823 = ORIENTED_EDGE('',*,*,#824,.F.);
#824 = EDGE_CURVE('',#825,#816,#827,.T.);
#825 = VERTEX_POINT('',#826);
#826 = CARTESIAN_POINT('',(-2.95002329088,0.205992654377,5.5));
#827 = B_SPLINE_CURVE_WITH_KNOTS('',3,(#828,#829,#830,#831),
  .UNSPECIFIED.,.F.,.F.,(4,4),(1.,2.),.PIECEWISE_BEZIER_KNOTS.);
#828 = CARTESIAN_POINT('',(-2.95002329088,0.205992654377,5.5));
#829 = CARTESIAN_POINT('',(-2.994192207166,0.205992654377,5.499999999999
    ));
#830 = CARTESIAN_POINT('',(-3.016151894359,0.184968749309,5.499999999999
    ));
#831 = CARTESIAN_POINT('',(-3.016151894359,0.142983324649,5.499999999999
    ));
#832 = ORIENTED_EDGE('',*,*,#833,.F.);
#833 = EDGE_CURVE('',#834,#825,#836,.T.);
#834 = VERTEX_POINT('',#835);
#835 = CARTESIAN_POINT('',(-2.837854206869,0.205992654377,5.5));
#836 = LINE('',#837,#838);
#837 = CARTESIAN_POINT('',(-2.95002329088,0.205992654377,5.5));
#838 = VECTOR('',#839,1.);
#839 = DIRECTION('',(-1.,-1.933156862331E-15,0.));
#840 = ORIENTED_EDGE('',*,*,#841,.F.);
#841 = EDGE_CURVE('',#842,#834,#844,.T.);
#842 = VERTEX_POINT('',#843);
#843 = CARTESIAN_POINT('',(-2.837854206869,0.175423771638,5.5));
#844 = LINE('',#845,#846);
#845 = CARTESIAN_POINT('',(-2.837854206869,0.205992654377,5.5));
#846 = VECTOR('',#847,1.);
#847 = DIRECTION('',(0.,1.,0.));
#848 = ORIENTED_EDGE('',*,*,#849,.F.);
#849 = EDGE_CURVE('',#850,#842,#852,.T.);
#850 = VERTEX_POINT('',#851);
#851 = CARTESIAN_POINT('',(-2.864804732059,0.175423771638,5.5));
#852 = LINE('',#853,#854);
#853 = CARTESIAN_POINT('',(-2.837854206869,0.175423771638,5.5));
#854 = VECTOR('',#855,1.);
#855 = DIRECTION('',(1.,0.,0.));
#856 = ORIENTED_EDGE('',*,*,#857,.F.);
#857 = EDGE_CURVE('',#858,#850,#860,.T.);
#858 = VERTEX_POINT('',#859);
#859 = CARTESIAN_POINT('',(-2.864804732059,0.174612760463,5.499999999999
    ));
#860 = LINE('',#861,#862);
#861 = CARTESIAN_POINT('',(-2.864804732059,0.175423771638,5.5));
#862 = VECTOR('',#863,1.);
#863 = DIRECTION('',(0.,1.,0.));
#864 = ORIENTED_EDGE('',*,*,#865,.F.);
#865 = EDGE_CURVE('',#866,#858,#868,.T.);
#866 = VERTEX_POINT('',#867);
#867 = CARTESIAN_POINT('',(-2.83373676552,0.121210793881,5.499999999999)
  );
#868 = B_SPLINE_CURVE_WITH_KNOTS('',3,(#869,#870,#871,#872),
  .UNSPECIFIED.,.F.,.F.,(4,4),(6.,7.),.PIECEWISE_BEZIER_KNOTS.);
#869 = CARTESIAN_POINT('',(-2.83373676552,0.121210793881,5.499999999999)
  );
#870 = CARTESIAN_POINT('',(-2.83373676552,0.144730117948,5.499999999999)
  );
#871 = CARTESIAN_POINT('',(-2.844092754367,0.162572363792,5.499999999999
    ));
#872 = CARTESIAN_POINT('',(-2.864804732059,0.174612760463,5.499999999999
    ));
#873 = ORIENTED_EDGE('',*,*,#874,.F.);
#874 = EDGE_CURVE('',#875,#866,#877,.T.);
#875 = VERTEX_POINT('',#876);
#876 = CARTESIAN_POINT('',(-2.847461570015,8.0909777045E-02,
    5.499999999999));
#877 = B_SPLINE_CURVE_WITH_KNOTS('',3,(#878,#879,#880,#881),
  .UNSPECIFIED.,.F.,.F.,(4,4),(7.,8.),.PIECEWISE_BEZIER_KNOTS.);
#878 = CARTESIAN_POINT('',(-2.847461570015,8.0909777045E-02,
    5.499999999999));
#879 = CARTESIAN_POINT('',(-2.838353290668,9.0891453041E-02,
    5.499999999999));
#880 = CARTESIAN_POINT('',(-2.83373676552,0.104304330162,5.499999999999)
  );
#881 = CARTESIAN_POINT('',(-2.83373676552,0.121210793881,5.499999999999)
  );
#882 = ORIENTED_EDGE('',*,*,#883,.F.);
#883 = EDGE_CURVE('',#884,#875,#886,.T.);
#884 = VERTEX_POINT('',#885);
#885 = CARTESIAN_POINT('',(-2.884518542154,6.5937263049E-02,
    5.499999999999));
#886 = B_SPLINE_CURVE_WITH_KNOTS('',3,(#887,#888,#889,#890),
  .UNSPECIFIED.,.F.,.F.,(4,4),(8.,9.),.PIECEWISE_BEZIER_KNOTS.);
#887 = CARTESIAN_POINT('',(-2.884518542154,6.5937263049E-02,
    5.499999999999));
#888 = CARTESIAN_POINT('',(-2.868922173408,6.5937263049E-02,
    5.499999999999));
#889 = CARTESIAN_POINT('',(-2.856569849362,7.0928101048E-02,
    5.499999999999));
#890 = CARTESIAN_POINT('',(-2.847461570015,8.0909777045E-02,
    5.499999999999));
#891 = ORIENTED_EDGE('',*,*,#892,.F.);
#892 = EDGE_CURVE('',#893,#884,#895,.T.);
#893 = VERTEX_POINT('',#894);
#894 = CARTESIAN_POINT('',(-2.941414095334,0.123768598355,5.5));
#895 = B_SPLINE_CURVE_WITH_KNOTS('',3,(#896,#897,#898,#899),
  .UNSPECIFIED.,.F.,.F.,(4,4),(9.,10.),.PIECEWISE_BEZIER_KNOTS.);
#896 = CARTESIAN_POINT('',(-2.941414095334,0.123768598355,5.5));
#897 = CARTESIAN_POINT('',(-2.936048944486,8.5214374818E-02,
    5.499999999999));
#898 = CARTESIAN_POINT('',(-2.917083760092,6.5937263049E-02,
    5.499999999999));
#899 = CARTESIAN_POINT('',(-2.884518542154,6.5937263049E-02,
    5.499999999999));
#900 = ORIENTED_EDGE('',*,*,#901,.F.);
#901 = EDGE_CURVE('',#902,#893,#904,.T.);
#902 = VERTEX_POINT('',#903);
#903 = CARTESIAN_POINT('',(-2.948650810432,0.175423771638,5.499999999999
    ));
#904 = LINE('',#905,#906);
#905 = CARTESIAN_POINT('',(-2.941414095334,0.123768598355,5.5));
#906 = VECTOR('',#907,1.);
#907 = DIRECTION('',(0.138741688482,-0.990328603988,0.));
#908 = ORIENTED_EDGE('',*,*,#909,.F.);
#909 = EDGE_CURVE('',#910,#902,#912,.T.);
#910 = VERTEX_POINT('',#911);
#911 = CARTESIAN_POINT('',(-2.991322475317,0.1401135928,5.499999999999)
  );
#912 = B_SPLINE_CURVE_WITH_KNOTS('',3,(#913,#914,#915,#916),
  .UNSPECIFIED.,.F.,.F.,(4,4),(11.,12.),.PIECEWISE_BEZIER_KNOTS.);
#913 = CARTESIAN_POINT('',(-2.991322475317,0.1401135928,5.499999999999)
  );
#914 = CARTESIAN_POINT('',(-2.991322475317,0.163632916867,5.499999999999
    ));
#915 = CARTESIAN_POINT('',(-2.977098587022,0.175423771638,5.499999999999
    ));
#916 = CARTESIAN_POINT('',(-2.948650810432,0.175423771638,5.499999999999
    ));
#917 = ORIENTED_EDGE('',*,*,#918,.F.);
#918 = EDGE_CURVE('',#808,#910,#919,.T.);
#919 = B_SPLINE_CURVE_WITH_KNOTS('',3,(#920,#921,#922,#923),
  .UNSPECIFIED.,.F.,.F.,(4,4),(12.,13.),.PIECEWISE_BEZIER_KNOTS.);
#920 = CARTESIAN_POINT('',(-2.970236184774,8.2968497718E-02,5.5));
#921 = CARTESIAN_POINT('',(-2.98421053117,0.100186888813,5.499999999999)
  );
#922 = CARTESIAN_POINT('',(-2.991322475317,0.119214458681,5.499999999999
    ));
#923 = CARTESIAN_POINT('',(-2.991322475317,0.1401135928,5.499999999999)
  );
#924 = FACE_BOUND('',#925,.T.);
#925 = EDGE_LOOP('',(#926,#937,#945,#953,#961,#970,#979));
#926 = ORIENTED_EDGE('',*,*,#927,.F.);
#927 = EDGE_CURVE('',#928,#930,#932,.T.);
#928 = VERTEX_POINT('',#929);
#929 = CARTESIAN_POINT('',(-3.225018464589,0.520165906372,5.499999999999
    ));
#930 = VERTEX_POINT('',#931);
#931 = CARTESIAN_POINT('',(-3.259205704876,0.614929442865,5.499999999999
    ));
#932 = B_SPLINE_CURVE_WITH_KNOTS('',3,(#933,#934,#935,#936),
  .UNSPECIFIED.,.F.,.F.,(4,4),(5.,6.),.PIECEWISE_BEZIER_KNOTS.);
#933 = CARTESIAN_POINT('',(-3.225018464589,0.520165906372,5.499999999999
    ));
#934 = CARTESIAN_POINT('',(-3.225018464589,0.558782515383,5.499999999999
    ));
#935 = CARTESIAN_POINT('',(-3.236372621035,0.590411951198,5.499999999999
    ));
#936 = CARTESIAN_POINT('',(-3.259205704876,0.614929442865,5.499999999999
    ));
#937 = ORIENTED_EDGE('',*,*,#938,.F.);
#938 = EDGE_CURVE('',#939,#928,#941,.T.);
#939 = VERTEX_POINT('',#940);
#940 = CARTESIAN_POINT('',(-3.225018464589,0.453039135295,5.5));
#941 = LINE('',#942,#943);
#942 = CARTESIAN_POINT('',(-3.225018464589,0.520165906372,5.5));
#943 = VECTOR('',#944,1.);
#944 = DIRECTION('',(0.,1.,0.));
#945 = ORIENTED_EDGE('',*,*,#946,.F.);
#946 = EDGE_CURVE('',#947,#939,#949,.T.);
#947 = VERTEX_POINT('',#948);
#948 = CARTESIAN_POINT('',(-3.469070442706,0.453039135295,5.5));
#949 = LINE('',#950,#951);
#950 = CARTESIAN_POINT('',(-3.225018464589,0.453039135295,5.5));
#951 = VECTOR('',#952,1.);
#952 = DIRECTION('',(1.,3.554004129277E-15,0.));
#953 = ORIENTED_EDGE('',*,*,#954,.F.);
#954 = EDGE_CURVE('',#955,#947,#957,.T.);
#955 = VERTEX_POINT('',#956);
#956 = CARTESIAN_POINT('',(-3.469070442706,0.522661325372,5.5));
#957 = LINE('',#958,#959);
#958 = CARTESIAN_POINT('',(-3.469070442706,0.453039135295,5.5));
#959 = VECTOR('',#960,1.);
#960 = DIRECTION('',(0.,-1.,0.));
#961 = ORIENTED_EDGE('',*,*,#962,.F.);
#962 = EDGE_CURVE('',#963,#955,#965,.T.);
#963 = VERTEX_POINT('',#964);
#964 = CARTESIAN_POINT('',(-3.436754766667,0.614929442865,5.499999999999
    ));
#965 = B_SPLINE_CURVE_WITH_KNOTS('',3,(#966,#967,#968,#969),
  .UNSPECIFIED.,.F.,.F.,(4,4),(2.,3.),.PIECEWISE_BEZIER_KNOTS.);
#966 = CARTESIAN_POINT('',(-3.436754766667,0.614929442865,5.499999999999
    ));
#967 = CARTESIAN_POINT('',(-3.45834014101,0.590411951198,5.499999999999)
  );
#968 = CARTESIAN_POINT('',(-3.469070442706,0.559655912034,5.499999999999
    ));
#969 = CARTESIAN_POINT('',(-3.469070442706,0.522661325372,5.5));
#970 = ORIENTED_EDGE('',*,*,#971,.F.);
#971 = EDGE_CURVE('',#972,#963,#974,.T.);
#972 = VERTEX_POINT('',#973);
#973 = CARTESIAN_POINT('',(-3.350163727397,0.651736873103,5.499999999999
    ));
#974 = B_SPLINE_CURVE_WITH_KNOTS('',3,(#975,#976,#977,#978),
  .UNSPECIFIED.,.F.,.F.,(4,4),(3.,4.),.PIECEWISE_BEZIER_KNOTS.);
#975 = CARTESIAN_POINT('',(-3.350163727397,0.651736873103,5.499999999999
    ));
#976 = CARTESIAN_POINT('',(-3.386347302883,0.651736873103,5.499999999999
    ));
#977 = CARTESIAN_POINT('',(-3.415169392324,0.639446934532,5.499999999999
    ));
#978 = CARTESIAN_POINT('',(-3.436754766667,0.614929442865,5.499999999999
    ));
#979 = ORIENTED_EDGE('',*,*,#980,.F.);
#980 = EDGE_CURVE('',#930,#972,#981,.T.);
#981 = B_SPLINE_CURVE_WITH_KNOTS('',3,(#982,#983,#984,#985),
  .UNSPECIFIED.,.F.,.F.,(4,4),(4.,5.),.PIECEWISE_BEZIER_KNOTS.);
#982 = CARTESIAN_POINT('',(-3.259205704876,0.614929442865,5.499999999999
    ));
#983 = CARTESIAN_POINT('',(-3.282038788719,0.639446934532,5.499999999999
    ));
#984 = CARTESIAN_POINT('',(-3.312358129559,0.651736873103,5.499999999999
    ));
#985 = CARTESIAN_POINT('',(-3.350163727397,0.651736873103,5.499999999999
    ));
#986 = FACE_BOUND('',#987,.T.);
#987 = EDGE_LOOP('',(#988,#995));
#988 = ORIENTED_EDGE('',*,*,#989,.F.);
#989 = EDGE_CURVE('',#42,#50,#990,.T.);
#990 = CIRCLE('',#991,0.319034116356);
#991 = AXIS2_PLACEMENT_3D('',#992,#993,#994);
#992 = CARTESIAN_POINT('',(0.,3.153329901616,5.5));
#993 = DIRECTION('',(0.,0.,1.));
#994 = DIRECTION('',(1.,0.,-0.));
#995 = ORIENTED_EDGE('',*,*,#49,.F.);
#996 = FACE_BOUND('',#997,.T.);
#997 = EDGE_LOOP('',(#998,#1005));
#998 = ORIENTED_EDGE('',*,*,#999,.F.);
#999 = EDGE_CURVE('',#84,#92,#1000,.T.);
#1000 = CIRCLE('',#1001,0.5);
#1001 = AXIS2_PLACEMENT_3D('',#1002,#1003,#1004);
#1002 = CARTESIAN_POINT('',(0.,0.,5.5));
#1003 = DIRECTION('',(0.,0.,1.));
#1004 = DIRECTION('',(1.,0.,-0.));
#1005 = ORIENTED_EDGE('',*,*,#91,.F.);
#1006 = FACE_BOUND('',#1007,.T.);
#1007 = EDGE_LOOP('',(#1008,#1009));
#1008 = ORIENTED_EDGE('',*,*,#269,.T.);
#1009 = ORIENTED_EDGE('',*,*,#1010,.T.);
#1010 = EDGE_CURVE('',#261,#270,#1011,.T.);
#1011 = CIRCLE('',#1012,4.299999999999);
#1012 = AXIS2_PLACEMENT_3D('',#1013,#1014,#1015);
#1013 = CARTESIAN_POINT('',(0.,0.,5.5));
#1014 = DIRECTION('',(0.,0.,1.));
#1015 = DIRECTION('',(1.,0.,-0.));
#1016 = FACE_BOUND('',#1017,.T.);
#1017 = EDGE_LOOP('',(#1018,#1028,#1036,#1044,#1052,#1060));
#1018 = ORIENTED_EDGE('',*,*,#1019,.F.);
#1019 = EDGE_CURVE('',#1020,#1022,#1024,.T.);
#1020 = VERTEX_POINT('',#1021);
#1021 = CARTESIAN_POINT('',(-3.252842386429,3.4120670811E-02,5.5));
#1022 = VERTEX_POINT('',#1023);
#1023 = CARTESIAN_POINT('',(-3.252842386429,-6.3075899206E-02,5.5));
#1024 = LINE('',#1025,#1026);
#1025 = CARTESIAN_POINT('',(-3.252842386429,-6.3075899206E-02,5.5));
#1026 = VECTOR('',#1027,1.);
#1027 = DIRECTION('',(4.461894786142E-15,-1.,0.));
#1028 = ORIENTED_EDGE('',*,*,#1029,.F.);
#1029 = EDGE_CURVE('',#1030,#1020,#1032,.T.);
#1030 = VERTEX_POINT('',#1031);
#1031 = CARTESIAN_POINT('',(-3.225018464589,3.4120670811E-02,5.5));
#1032 = LINE('',#1033,#1034);
#1033 = CARTESIAN_POINT('',(-3.252842386429,3.4120670811E-02,5.5));
#1034 = VECTOR('',#1035,1.);
#1035 = DIRECTION('',(-1.,0.,0.));
#1036 = ORIENTED_EDGE('',*,*,#1037,.F.);
#1037 = EDGE_CURVE('',#1038,#1030,#1040,.T.);
#1038 = VERTEX_POINT('',#1039);
#1039 = CARTESIAN_POINT('',(-3.225018464589,-9.4580564071E-02,5.5));
#1040 = LINE('',#1041,#1042);
#1041 = CARTESIAN_POINT('',(-3.225018464589,3.4120670811E-02,5.5));
#1042 = VECTOR('',#1043,1.);
#1043 = DIRECTION('',(-6.739342779281E-15,1.,0.));
#1044 = ORIENTED_EDGE('',*,*,#1045,.F.);
#1045 = EDGE_CURVE('',#1046,#1038,#1048,.T.);
#1046 = VERTEX_POINT('',#1047);
#1047 = CARTESIAN_POINT('',(-3.469070442706,-9.4580564071E-02,5.5));
#1048 = LINE('',#1049,#1050);
#1049 = CARTESIAN_POINT('',(-3.225018464589,-9.4580564071E-02,5.5));
#1050 = VECTOR('',#1051,1.);
#1051 = DIRECTION('',(1.,2.665503096958E-15,0.));
#1052 = ORIENTED_EDGE('',*,*,#1053,.F.);
#1053 = EDGE_CURVE('',#1054,#1046,#1056,.T.);
#1054 = VERTEX_POINT('',#1055);
#1055 = CARTESIAN_POINT('',(-3.469070442706,-6.3075899206E-02,5.5));
#1056 = LINE('',#1057,#1058);
#1057 = CARTESIAN_POINT('',(-3.469070442706,-9.4580564071E-02,5.5));
#1058 = VECTOR('',#1059,1.);
#1059 = DIRECTION('',(0.,-1.,0.));
#1060 = ORIENTED_EDGE('',*,*,#1061,.F.);
#1061 = EDGE_CURVE('',#1022,#1054,#1062,.T.);
#1062 = LINE('',#1063,#1064);
#1063 = CARTESIAN_POINT('',(-3.469070442706,-6.3075899206E-02,5.5));
#1064 = VECTOR('',#1065,1.);
#1065 = DIRECTION('',(-1.,-4.011328376725E-15,0.));
#1066 = FACE_BOUND('',#1067,.T.);
#1067 = EDGE_LOOP('',(#1068,#1078,#1087,#1096,#1105,#1114,#1123,#1132,
    #1140,#1149,#1158,#1167,#1176,#1185));
#1068 = ORIENTED_EDGE('',*,*,#1069,.F.);
#1069 = EDGE_CURVE('',#1070,#1072,#1074,.T.);
#1070 = VERTEX_POINT('',#1071);
#1071 = CARTESIAN_POINT('',(-3.235124911535,0.226829403021,5.5));
#1072 = VERTEX_POINT('',#1073);
#1073 = CARTESIAN_POINT('',(-3.265319481426,0.226829403021,5.5));
#1074 = LINE('',#1075,#1076);
#1075 = CARTESIAN_POINT('',(-3.265319481426,0.226829403021,5.5));
#1076 = VECTOR('',#1077,1.);
#1077 = DIRECTION('',(-1.,-7.181438095803E-15,0.));
#1078 = ORIENTED_EDGE('',*,*,#1079,.F.);
#1079 = EDGE_CURVE('',#1080,#1070,#1082,.T.);
#1080 = VERTEX_POINT('',#1081);
#1081 = CARTESIAN_POINT('',(-3.22090102324,0.159265933618,5.499999999999
    ));
#1082 = B_SPLINE_CURVE_WITH_KNOTS('',3,(#1083,#1084,#1085,#1086),
  .UNSPECIFIED.,.F.,.F.,(4,4),(0.,1.),.PIECEWISE_BEZIER_KNOTS.);
#1083 = CARTESIAN_POINT('',(-3.22090102324,0.159265933618,5.499999999999
    ));
#1084 = CARTESIAN_POINT('',(-3.22090102324,0.186341229759,5.499999999999
    ));
#1085 = CARTESIAN_POINT('',(-3.225642319338,0.208862386226,
    5.499999999999));
#1086 = CARTESIAN_POINT('',(-3.235124911535,0.226829403021,5.5));
#1087 = ORIENTED_EDGE('',*,*,#1088,.F.);
#1088 = EDGE_CURVE('',#1089,#1080,#1091,.T.);
#1089 = VERTEX_POINT('',#1090);
#1090 = CARTESIAN_POINT('',(-3.254214866879,7.5419855246E-02,5.5));
#1091 = B_SPLINE_CURVE_WITH_KNOTS('',3,(#1092,#1093,#1094,#1095),
  .UNSPECIFIED.,.F.,.F.,(4,4),(1.,2.),.PIECEWISE_BEZIER_KNOTS.);
#1092 = CARTESIAN_POINT('',(-3.254214866879,7.5419855246E-02,5.5));
#1093 = CARTESIAN_POINT('',(-3.232005637787,9.6318989364E-02,
    5.499999999999));
#1094 = CARTESIAN_POINT('',(-3.22090102324,0.124267682155,5.499999999999
    ));
#1095 = CARTESIAN_POINT('',(-3.22090102324,0.159265933618,5.499999999999
    ));
#1096 = ORIENTED_EDGE('',*,*,#1097,.F.);
#1097 = EDGE_CURVE('',#1098,#1089,#1100,.T.);
#1098 = VERTEX_POINT('',#1099);
#1099 = CARTESIAN_POINT('',(-3.342427928498,4.4102346807E-02,
    5.499999999999));
#1100 = B_SPLINE_CURVE_WITH_KNOTS('',3,(#1101,#1102,#1103,#1104),
  .UNSPECIFIED.,.F.,.F.,(4,4),(2.,3.),.PIECEWISE_BEZIER_KNOTS.);
#1101 = CARTESIAN_POINT('',(-3.342427928498,4.4102346807E-02,
    5.499999999999));
#1102 = CARTESIAN_POINT('',(-3.305870040161,4.4102346807E-02,
    5.499999999999));
#1103 = CARTESIAN_POINT('',(-3.276424095971,5.4520721128E-02,
    5.499999999999));
#1104 = CARTESIAN_POINT('',(-3.254214866879,7.5419855246E-02,5.5));
#1105 = ORIENTED_EDGE('',*,*,#1106,.F.);
#1106 = EDGE_CURVE('',#1107,#1098,#1109,.T.);
#1107 = VERTEX_POINT('',#1108);
#1108 = CARTESIAN_POINT('',(-3.437253850467,7.935014017E-02,
    5.499999999999));
#1109 = B_SPLINE_CURVE_WITH_KNOTS('',3,(#1110,#1111,#1112,#1113),
  .UNSPECIFIED.,.F.,.F.,(4,4),(3.,4.),.PIECEWISE_BEZIER_KNOTS.);
#1110 = CARTESIAN_POINT('',(-3.437253850467,7.935014017E-02,
    5.499999999999));
#1111 = CARTESIAN_POINT('',(-3.413297828075,5.5830816103E-02,
    5.499999999999));
#1112 = CARTESIAN_POINT('',(-3.381730777735,4.4102346807E-02,
    5.499999999999));
#1113 = CARTESIAN_POINT('',(-3.342427928498,4.4102346807E-02,
    5.499999999999));
#1114 = ORIENTED_EDGE('',*,*,#1115,.F.);
#1115 = EDGE_CURVE('',#1116,#1107,#1118,.T.);
#1116 = VERTEX_POINT('',#1117);
#1117 = CARTESIAN_POINT('',(-3.473187884055,0.168998067715,
    5.499999999999));
#1118 = B_SPLINE_CURVE_WITH_KNOTS('',3,(#1119,#1120,#1121,#1122),
  .UNSPECIFIED.,.F.,.F.,(4,4),(4.,5.),.PIECEWISE_BEZIER_KNOTS.);
#1119 = CARTESIAN_POINT('',(-3.473187884055,0.168998067715,
    5.499999999999));
#1120 = CARTESIAN_POINT('',(-3.473187884055,0.132752106752,
    5.499999999999));
#1121 = CARTESIAN_POINT('',(-3.461209872859,0.102869464237,
    5.499999999999));
#1122 = CARTESIAN_POINT('',(-3.437253850467,7.935014017E-02,
    5.499999999999));
#1123 = ORIENTED_EDGE('',*,*,#1124,.F.);
#1124 = EDGE_CURVE('',#1125,#1116,#1127,.T.);
#1125 = VERTEX_POINT('',#1126);
#1126 = CARTESIAN_POINT('',(-3.463206208058,0.226829403021,5.5));
#1127 = B_SPLINE_CURVE_WITH_KNOTS('',3,(#1128,#1129,#1130,#1131),
  .UNSPECIFIED.,.F.,.F.,(4,4),(5.,6.),.PIECEWISE_BEZIER_KNOTS.);
#1128 = CARTESIAN_POINT('',(-3.463206208058,0.226829403021,5.5));
#1129 = CARTESIAN_POINT('',(-3.469819068407,0.211607347126,
    5.499999999999));
#1130 = CARTESIAN_POINT('',(-3.473187884055,0.192330235357,
    5.499999999999));
#1131 = CARTESIAN_POINT('',(-3.473187884055,0.168998067715,
    5.499999999999));
#1132 = ORIENTED_EDGE('',*,*,#1133,.F.);
#1133 = EDGE_CURVE('',#1134,#1125,#1136,.T.);
#1134 = VERTEX_POINT('',#1135);
#1135 = CARTESIAN_POINT('',(-3.43026667727,0.226829403021,5.499999999999
    ));
#1136 = LINE('',#1137,#1138);
#1137 = CARTESIAN_POINT('',(-3.463206208058,0.226829403021,5.5));
#1138 = VECTOR('',#1139,1.);
#1139 = DIRECTION('',(-1.,0.,0.));
#1140 = ORIENTED_EDGE('',*,*,#1141,.F.);
#1141 = EDGE_CURVE('',#1142,#1134,#1144,.T.);
#1142 = VERTEX_POINT('',#1143);
#1143 = CARTESIAN_POINT('',(-3.444740107464,0.16930999509,5.499999999999
    ));
#1144 = B_SPLINE_CURVE_WITH_KNOTS('',3,(#1145,#1146,#1147,#1148),
  .UNSPECIFIED.,.F.,.F.,(4,4),(7.,8.),.PIECEWISE_BEZIER_KNOTS.);
#1145 = CARTESIAN_POINT('',(-3.444740107464,0.16930999509,5.499999999999
    ));
#1146 = CARTESIAN_POINT('',(-3.444740107464,0.190209129207,
    5.499999999999));
#1147 = CARTESIAN_POINT('',(-3.439998811366,0.209361470027,
    5.499999999999));
#1148 = CARTESIAN_POINT('',(-3.43026667727,0.226829403021,5.499999999999
    ));
#1149 = ORIENTED_EDGE('',*,*,#1150,.F.);
#1150 = EDGE_CURVE('',#1151,#1142,#1153,.T.);
#1151 = VERTEX_POINT('',#1152);
#1152 = CARTESIAN_POINT('',(-3.417664811324,0.102807078762,
    5.499999999999));
#1153 = B_SPLINE_CURVE_WITH_KNOTS('',3,(#1154,#1155,#1156,#1157),
  .UNSPECIFIED.,.F.,.F.,(4,4),(8.,9.),.PIECEWISE_BEZIER_KNOTS.);
#1154 = CARTESIAN_POINT('',(-3.417664811324,0.102807078762,
    5.499999999999));
#1155 = CARTESIAN_POINT('',(-3.435756599067,0.119963084381,
    5.499999999999));
#1156 = CARTESIAN_POINT('',(-3.444740107464,0.142109927999,
    5.499999999999));
#1157 = CARTESIAN_POINT('',(-3.444740107464,0.16930999509,5.499999999999
    ));
#1158 = ORIENTED_EDGE('',*,*,#1159,.F.);
#1159 = EDGE_CURVE('',#1160,#1151,#1162,.T.);
#1160 = VERTEX_POINT('',#1161);
#1161 = CARTESIAN_POINT('',(-3.344299492749,7.7166648546E-02,
    5.499999999999));
#1162 = B_SPLINE_CURVE_WITH_KNOTS('',3,(#1163,#1164,#1165,#1166),
  .UNSPECIFIED.,.F.,.F.,(4,4),(9.,10.),.PIECEWISE_BEZIER_KNOTS.);
#1163 = CARTESIAN_POINT('',(-3.344299492749,7.7166648546E-02,
    5.499999999999));
#1164 = CARTESIAN_POINT('',(-3.374993146439,7.7166648546E-02,
    5.499999999999));
#1165 = CARTESIAN_POINT('',(-3.399448252629,8.5713458618E-02,
    5.499999999999));
#1166 = CARTESIAN_POINT('',(-3.417664811324,0.102807078762,
    5.499999999999));
#1167 = ORIENTED_EDGE('',*,*,#1168,.F.);
#1168 = EDGE_CURVE('',#1169,#1160,#1171,.T.);
#1169 = VERTEX_POINT('',#1170);
#1170 = CARTESIAN_POINT('',(-3.274677302672,0.101122670937,
    5.499999999999));
#1171 = B_SPLINE_CURVE_WITH_KNOTS('',3,(#1172,#1173,#1174,#1175),
  .UNSPECIFIED.,.F.,.F.,(4,4),(10.,11.),.PIECEWISE_BEZIER_KNOTS.);
#1172 = CARTESIAN_POINT('',(-3.274677302672,0.101122670937,
    5.499999999999));
#1173 = CARTESIAN_POINT('',(-3.291895693766,8.5151989343E-02,
    5.499999999999));
#1174 = CARTESIAN_POINT('',(-3.315103090459,7.7166648546E-02,
    5.499999999999));
#1175 = CARTESIAN_POINT('',(-3.344299492749,7.7166648546E-02,
    5.499999999999));
#1176 = ORIENTED_EDGE('',*,*,#1177,.F.);
#1177 = EDGE_CURVE('',#1178,#1169,#1180,.T.);
#1178 = VERTEX_POINT('',#1179);
#1179 = CARTESIAN_POINT('',(-3.24897448698,0.163820073291,5.499999999999
    ));
#1180 = B_SPLINE_CURVE_WITH_KNOTS('',3,(#1181,#1182,#1183,#1184),
  .UNSPECIFIED.,.F.,.F.,(4,4),(11.,12.),.PIECEWISE_BEZIER_KNOTS.);
#1181 = CARTESIAN_POINT('',(-3.24897448698,0.163820073291,5.499999999999
    ));
#1182 = CARTESIAN_POINT('',(-3.24897448698,0.13799248665,5.499999999999)
  );
#1183 = CARTESIAN_POINT('',(-3.257583682527,0.117093352532,
    5.499999999999));
#1184 = CARTESIAN_POINT('',(-3.274677302672,0.101122670937,
    5.499999999999));
#1185 = ORIENTED_EDGE('',*,*,#1186,.F.);
#1186 = EDGE_CURVE('',#1072,#1178,#1187,.T.);
#1187 = B_SPLINE_CURVE_WITH_KNOTS('',3,(#1188,#1189,#1190,#1191),
  .UNSPECIFIED.,.F.,.F.,(4,4),(12.,13.),.PIECEWISE_BEZIER_KNOTS.);
#1188 = CARTESIAN_POINT('',(-3.265319481426,0.226829403021,5.5));
#1189 = CARTESIAN_POINT('',(-3.254464408778,0.208987157176,
    5.499999999999));
#1190 = CARTESIAN_POINT('',(-3.24897448698,0.187963252108,5.499999999999
    ));
#1191 = CARTESIAN_POINT('',(-3.24897448698,0.163820073291,5.499999999999
    ));
#1192 = FACE_BOUND('',#1193,.T.);
#1193 = EDGE_LOOP('',(#1194,#1204,#1212,#1220,#1228,#1236,#1244,#1252,
    #1260,#1268,#1276,#1284));
#1194 = ORIENTED_EDGE('',*,*,#1195,.F.);
#1195 = EDGE_CURVE('',#1196,#1198,#1200,.T.);
#1196 = VERTEX_POINT('',#1197);
#1197 = CARTESIAN_POINT('',(-3.252842386429,0.406936269285,5.5));
#1198 = VERTEX_POINT('',#1199);
#1199 = CARTESIAN_POINT('',(-3.252842386429,0.307181894794,5.5));
#1200 = LINE('',#1201,#1202);
#1201 = CARTESIAN_POINT('',(-3.252842386429,0.307181894794,5.5));
#1202 = VECTOR('',#1203,1.);
#1203 = DIRECTION('',(4.347487227578E-15,-1.,0.));
#1204 = ORIENTED_EDGE('',*,*,#1205,.F.);
#1205 = EDGE_CURVE('',#1206,#1196,#1208,.T.);
#1206 = VERTEX_POINT('',#1207);
#1207 = CARTESIAN_POINT('',(-3.225018464589,0.406936269285,5.5));
#1208 = LINE('',#1209,#1210);
#1209 = CARTESIAN_POINT('',(-3.252842386429,0.406936269285,5.5));
#1210 = VECTOR('',#1211,1.);
#1211 = DIRECTION('',(-1.,0.,0.));
#1212 = ORIENTED_EDGE('',*,*,#1213,.F.);
#1213 = EDGE_CURVE('',#1214,#1206,#1216,.T.);
#1214 = VERTEX_POINT('',#1215);
#1215 = CARTESIAN_POINT('',(-3.225018464589,0.275677229929,5.5));
#1216 = LINE('',#1217,#1218);
#1217 = CARTESIAN_POINT('',(-3.225018464589,0.406936269285,5.5));
#1218 = VECTOR('',#1219,1.);
#1219 = DIRECTION('',(0.,1.,0.));
#1220 = ORIENTED_EDGE('',*,*,#1221,.F.);
#1221 = EDGE_CURVE('',#1222,#1214,#1224,.T.);
#1222 = VERTEX_POINT('',#1223);
#1223 = CARTESIAN_POINT('',(-3.469070442706,0.275677229929,5.5));
#1224 = LINE('',#1225,#1226);
#1225 = CARTESIAN_POINT('',(-3.225018464589,0.275677229929,5.5));
#1226 = VECTOR('',#1227,1.);
#1227 = DIRECTION('',(1.,2.665503096958E-15,0.));
#1228 = ORIENTED_EDGE('',*,*,#1229,.F.);
#1229 = EDGE_CURVE('',#1230,#1222,#1232,.T.);
#1230 = VERTEX_POINT('',#1231);
#1231 = CARTESIAN_POINT('',(-3.469070442706,0.401383962012,5.5));
#1232 = LINE('',#1233,#1234);
#1233 = CARTESIAN_POINT('',(-3.469070442706,0.275677229929,5.5));
#1234 = VECTOR('',#1235,1.);
#1235 = DIRECTION('',(3.449941477354E-15,-1.,0.));
#1236 = ORIENTED_EDGE('',*,*,#1237,.F.);
#1237 = EDGE_CURVE('',#1238,#1230,#1240,.T.);
#1238 = VERTEX_POINT('',#1239);
#1239 = CARTESIAN_POINT('',(-3.440996978966,0.401383962012,5.5));
#1240 = LINE('',#1241,#1242);
#1241 = CARTESIAN_POINT('',(-3.469070442706,0.401383962012,5.5));
#1242 = VECTOR('',#1243,1.);
#1243 = DIRECTION('',(-1.,0.,0.));
#1244 = ORIENTED_EDGE('',*,*,#1245,.F.);
#1245 = EDGE_CURVE('',#1246,#1238,#1248,.T.);
#1246 = VERTEX_POINT('',#1247);
#1247 = CARTESIAN_POINT('',(-3.440996978966,0.307181894794,5.5));
#1248 = LINE('',#1249,#1250);
#1249 = CARTESIAN_POINT('',(-3.440996978966,0.401383962012,5.5));
#1250 = VECTOR('',#1251,1.);
#1251 = DIRECTION('',(-4.603729852226E-15,1.,0.));
#1252 = ORIENTED_EDGE('',*,*,#1253,.F.);
#1253 = EDGE_CURVE('',#1254,#1246,#1256,.T.);
#1254 = VERTEX_POINT('',#1255);
#1255 = CARTESIAN_POINT('',(-3.362890364291,0.307181894794,5.5));
#1256 = LINE('',#1257,#1258);
#1257 = CARTESIAN_POINT('',(-3.440996978966,0.307181894794,5.5));
#1258 = VECTOR('',#1259,1.);
#1259 = DIRECTION('',(-1.,-2.776210893285E-15,0.));
#1260 = ORIENTED_EDGE('',*,*,#1261,.F.);
#1261 = EDGE_CURVE('',#1262,#1254,#1264,.T.);
#1262 = VERTEX_POINT('',#1263);
#1263 = CARTESIAN_POINT('',(-3.362890364291,0.394459174289,5.5));
#1264 = LINE('',#1265,#1266);
#1265 = CARTESIAN_POINT('',(-3.362890364291,0.307181894794,5.5));
#1266 = VECTOR('',#1267,1.);
#1267 = DIRECTION('',(0.,-1.,0.));
#1268 = ORIENTED_EDGE('',*,*,#1269,.F.);
#1269 = EDGE_CURVE('',#1270,#1262,#1272,.T.);
#1270 = VERTEX_POINT('',#1271);
#1271 = CARTESIAN_POINT('',(-3.334941671501,0.394459174289,5.5));
#1272 = LINE('',#1273,#1274);
#1273 = CARTESIAN_POINT('',(-3.362890364291,0.394459174289,5.5));
#1274 = VECTOR('',#1275,1.);
#1275 = DIRECTION('',(-1.,0.,0.));
#1276 = ORIENTED_EDGE('',*,*,#1277,.F.);
#1277 = EDGE_CURVE('',#1278,#1270,#1280,.T.);
#1278 = VERTEX_POINT('',#1279);
#1279 = CARTESIAN_POINT('',(-3.334941671501,0.307181894794,5.5));
#1280 = LINE('',#1281,#1282);
#1281 = CARTESIAN_POINT('',(-3.334941671501,0.394459174289,5.5));
#1282 = VECTOR('',#1283,1.);
#1283 = DIRECTION('',(-4.969000769761E-15,1.,0.));
#1284 = ORIENTED_EDGE('',*,*,#1285,.F.);
#1285 = EDGE_CURVE('',#1198,#1278,#1286,.T.);
#1286 = LINE('',#1287,#1288);
#1287 = CARTESIAN_POINT('',(-3.334941671501,0.307181894794,5.5));
#1288 = VECTOR('',#1289,1.);
#1289 = DIRECTION('',(-1.,-5.282395195207E-15,0.));
#1290 = FACE_BOUND('',#1291,.T.);
#1291 = EDGE_LOOP('',(#1292,#1302,#1310,#1318,#1326,#1334,#1342,#1350));
#1292 = ORIENTED_EDGE('',*,*,#1293,.F.);
#1293 = EDGE_CURVE('',#1294,#1296,#1298,.T.);
#1294 = VERTEX_POINT('',#1295);
#1295 = CARTESIAN_POINT('',(-3.469070442706,0.79191703538,5.5));
#1296 = VERTEX_POINT('',#1297);
#1297 = CARTESIAN_POINT('',(-3.469070442706,0.758228878892,5.5));
#1298 = LINE('',#1299,#1300);
#1299 = CARTESIAN_POINT('',(-3.469070442706,0.758228878892,5.5));
#1300 = VECTOR('',#1301,1.);
#1301 = DIRECTION('',(0.,-1.,0.));
#1302 = ORIENTED_EDGE('',*,*,#1303,.F.);
#1303 = EDGE_CURVE('',#1304,#1294,#1306,.T.);
#1304 = VERTEX_POINT('',#1305);
#1305 = CARTESIAN_POINT('',(-3.225018464589,0.8848713931,5.5));
#1306 = LINE('',#1307,#1308);
#1307 = CARTESIAN_POINT('',(-3.469070442706,0.79191703538,5.5));
#1308 = VECTOR('',#1309,1.);
#1309 = DIRECTION('',(-0.934510438742,-0.355935724369,0.));
#1310 = ORIENTED_EDGE('',*,*,#1311,.F.);
#1311 = EDGE_CURVE('',#1312,#1304,#1314,.T.);
#1312 = VERTEX_POINT('',#1313);
#1313 = CARTESIAN_POINT('',(-3.225018464589,0.850060298061,5.5));
#1314 = LINE('',#1315,#1316);
#1315 = CARTESIAN_POINT('',(-3.225018464589,0.8848713931,5.5));
#1316 = VECTOR('',#1317,1.);
#1317 = DIRECTION('',(0.,1.,0.));
#1318 = ORIENTED_EDGE('',*,*,#1319,.F.);
#1319 = EDGE_CURVE('',#1320,#1312,#1322,.T.);
#1320 = VERTEX_POINT('',#1321);
#1321 = CARTESIAN_POINT('',(-3.291770922817,0.825168493545,5.5));
#1322 = LINE('',#1323,#1324);
#1323 = CARTESIAN_POINT('',(-3.225018464589,0.850060298061,5.5));
#1324 = VECTOR('',#1325,1.);
#1325 = DIRECTION('',(0.936975345954,0.349395479469,0.));
#1326 = ORIENTED_EDGE('',*,*,#1327,.F.);
#1327 = EDGE_CURVE('',#1328,#1320,#1330,.T.);
#1328 = VERTEX_POINT('',#1329);
#1329 = CARTESIAN_POINT('',(-3.291770922817,0.723542554803,5.5));
#1330 = LINE('',#1331,#1332);
#1331 = CARTESIAN_POINT('',(-3.291770922817,0.825168493545,5.5));
#1332 = VECTOR('',#1333,1.);
#1333 = DIRECTION('',(-4.267423006025E-15,1.,0.));
#1334 = ORIENTED_EDGE('',*,*,#1335,.F.);
#1335 = EDGE_CURVE('',#1336,#1328,#1338,.T.);
#1336 = VERTEX_POINT('',#1337);
#1337 = CARTESIAN_POINT('',(-3.225018464589,0.700085616211,5.5));
#1338 = LINE('',#1339,#1340);
#1339 = CARTESIAN_POINT('',(-3.291770922817,0.723542554803,5.5));
#1340 = VECTOR('',#1341,1.);
#1341 = DIRECTION('',(-0.943445233083,0.33152841835,0.));
#1342 = ORIENTED_EDGE('',*,*,#1343,.F.);
#1343 = EDGE_CURVE('',#1344,#1336,#1346,.T.);
#1344 = VERTEX_POINT('',#1345);
#1345 = CARTESIAN_POINT('',(-3.225018464589,0.665274521174,5.5));
#1346 = LINE('',#1347,#1348);
#1347 = CARTESIAN_POINT('',(-3.225018464589,0.700085616211,5.5));
#1348 = VECTOR('',#1349,1.);
#1349 = DIRECTION('',(0.,1.,0.));
#1350 = ORIENTED_EDGE('',*,*,#1351,.F.);
#1351 = EDGE_CURVE('',#1296,#1344,#1352,.T.);
#1352 = LINE('',#1353,#1354);
#1353 = CARTESIAN_POINT('',(-3.225018464589,0.665274521174,5.5));
#1354 = VECTOR('',#1355,1.);
#1355 = DIRECTION('',(0.934510438744,-0.355935724364,0.));
#1356 = FACE_BOUND('',#1357,.T.);
#1357 = EDGE_LOOP('',(#1358,#1368,#1376,#1384,#1392,#1400,#1408,#1416,
    #1424,#1432,#1440,#1448));
#1358 = ORIENTED_EDGE('',*,*,#1359,.F.);
#1359 = EDGE_CURVE('',#1360,#1362,#1364,.T.);
#1360 = VERTEX_POINT('',#1361);
#1361 = CARTESIAN_POINT('',(-2.86567812871,3.6678475284E-02,5.5));
#1362 = VERTEX_POINT('',#1363);
#1363 = CARTESIAN_POINT('',(-2.86567812871,-6.3075899206E-02,5.5));
#1364 = LINE('',#1365,#1366);
#1365 = CARTESIAN_POINT('',(-2.86567812871,-6.3075899206E-02,5.5));
#1366 = VECTOR('',#1367,1.);
#1367 = DIRECTION('',(4.347487227542E-15,-1.,0.));
#1368 = ORIENTED_EDGE('',*,*,#1369,.F.);
#1369 = EDGE_CURVE('',#1370,#1360,#1372,.T.);
#1370 = VERTEX_POINT('',#1371);
#1371 = CARTESIAN_POINT('',(-2.837854206869,3.6678475284E-02,5.5));
#1372 = LINE('',#1373,#1374);
#1373 = CARTESIAN_POINT('',(-2.86567812871,3.6678475284E-02,5.5));
#1374 = VECTOR('',#1375,1.);
#1375 = DIRECTION('',(-1.,0.,0.));
#1376 = ORIENTED_EDGE('',*,*,#1377,.F.);
#1377 = EDGE_CURVE('',#1378,#1370,#1380,.T.);
#1378 = VERTEX_POINT('',#1379);
#1379 = CARTESIAN_POINT('',(-2.837854206869,-9.4580564071E-02,5.5));
#1380 = LINE('',#1381,#1382);
#1381 = CARTESIAN_POINT('',(-2.837854206869,3.6678475284E-02,5.5));
#1382 = VECTOR('',#1383,1.);
#1383 = DIRECTION('',(-3.304007641089E-15,1.,0.));
#1384 = ORIENTED_EDGE('',*,*,#1385,.F.);
#1385 = EDGE_CURVE('',#1386,#1378,#1388,.T.);
#1386 = VERTEX_POINT('',#1387);
#1387 = CARTESIAN_POINT('',(-3.081906184987,-9.4580564071E-02,5.5));
#1388 = LINE('',#1389,#1390);
#1389 = CARTESIAN_POINT('',(-2.837854206869,-9.4580564071E-02,5.5));
#1390 = VECTOR('',#1391,1.);
#1391 = DIRECTION('',(1.,2.665503096958E-15,0.));
#1392 = ORIENTED_EDGE('',*,*,#1393,.F.);
#1393 = EDGE_CURVE('',#1394,#1386,#1396,.T.);
#1394 = VERTEX_POINT('',#1395);
#1395 = CARTESIAN_POINT('',(-3.081906184987,3.1126168011E-02,5.5));
#1396 = LINE('',#1397,#1398);
#1397 = CARTESIAN_POINT('',(-3.081906184987,-9.4580564071E-02,5.5));
#1398 = VECTOR('',#1399,1.);
#1399 = DIRECTION('',(3.449941477354E-15,-1.,0.));
#1400 = ORIENTED_EDGE('',*,*,#1401,.F.);
#1401 = EDGE_CURVE('',#1402,#1394,#1404,.T.);
#1402 = VERTEX_POINT('',#1403);
#1403 = CARTESIAN_POINT('',(-3.053832721247,3.1126168011E-02,5.5));
#1404 = LINE('',#1405,#1406);
#1405 = CARTESIAN_POINT('',(-3.081906184987,3.1126168011E-02,5.5));
#1406 = VECTOR('',#1407,1.);
#1407 = DIRECTION('',(-1.,0.,0.));
#1408 = ORIENTED_EDGE('',*,*,#1409,.F.);
#1409 = EDGE_CURVE('',#1410,#1402,#1412,.T.);
#1410 = VERTEX_POINT('',#1411);
#1411 = CARTESIAN_POINT('',(-3.053832721247,-6.3075899206E-02,5.5));
#1412 = LINE('',#1413,#1414);
#1413 = CARTESIAN_POINT('',(-3.053832721247,3.1126168011E-02,5.5));
#1414 = VECTOR('',#1415,1.);
#1415 = DIRECTION('',(-4.603729852227E-15,1.,0.));
#1416 = ORIENTED_EDGE('',*,*,#1417,.F.);
#1417 = EDGE_CURVE('',#1418,#1410,#1420,.T.);
#1418 = VERTEX_POINT('',#1419);
#1419 = CARTESIAN_POINT('',(-2.975726106572,-6.3075899206E-02,5.5));
#1420 = LINE('',#1421,#1422);
#1421 = CARTESIAN_POINT('',(-3.053832721247,-6.3075899206E-02,5.5));
#1422 = VECTOR('',#1423,1.);
#1423 = DIRECTION('',(-1.,-2.776210893284E-15,0.));
#1424 = ORIENTED_EDGE('',*,*,#1425,.F.);
#1425 = EDGE_CURVE('',#1426,#1418,#1428,.T.);
#1426 = VERTEX_POINT('',#1427);
#1427 = CARTESIAN_POINT('',(-2.975726106572,2.4201380289E-02,5.5));
#1428 = LINE('',#1429,#1430);
#1429 = CARTESIAN_POINT('',(-2.975726106572,-6.3075899206E-02,5.5));
#1430 = VECTOR('',#1431,1.);
#1431 = DIRECTION('',(0.,-1.,0.));
#1432 = ORIENTED_EDGE('',*,*,#1433,.F.);
#1433 = EDGE_CURVE('',#1434,#1426,#1436,.T.);
#1434 = VERTEX_POINT('',#1435);
#1435 = CARTESIAN_POINT('',(-2.947777413782,2.4201380289E-02,5.5));
#1436 = LINE('',#1437,#1438);
#1437 = CARTESIAN_POINT('',(-2.975726106572,2.4201380289E-02,5.5));
#1438 = VECTOR('',#1439,1.);
#1439 = DIRECTION('',(-1.,-7.75851794299E-15,0.));
#1440 = ORIENTED_EDGE('',*,*,#1441,.F.);
#1441 = EDGE_CURVE('',#1442,#1434,#1444,.T.);
#1442 = VERTEX_POINT('',#1443);
#1443 = CARTESIAN_POINT('',(-2.947777413782,-6.3075899206E-02,5.5));
#1444 = LINE('',#1445,#1446);
#1445 = CARTESIAN_POINT('',(-2.947777413782,2.4201380289E-02,5.5));
#1446 = VECTOR('',#1447,1.);
#1447 = DIRECTION('',(-4.969000769715E-15,1.,0.));
#1448 = ORIENTED_EDGE('',*,*,#1449,.F.);
#1449 = EDGE_CURVE('',#1362,#1442,#1450,.T.);
#1450 = LINE('',#1451,#1452);
#1451 = CARTESIAN_POINT('',(-2.947777413782,-6.3075899206E-02,5.5));
#1452 = VECTOR('',#1453,1.);
#1453 = DIRECTION('',(-1.,-2.641197597603E-15,0.));
#1454 = FACE_BOUND('',#1455,.T.);
#1455 = EDGE_LOOP('',(#1456,#1467,#1475,#1483,#1491,#1500,#1509));
#1456 = ORIENTED_EDGE('',*,*,#1457,.F.);
#1457 = EDGE_CURVE('',#1458,#1460,#1462,.T.);
#1458 = VERTEX_POINT('',#1459);
#1459 = CARTESIAN_POINT('',(-2.837854206869,0.825792348295,
    5.499999999999));
#1460 = VERTEX_POINT('',#1461);
#1461 = CARTESIAN_POINT('',(-2.872041447157,0.920555884787,
    5.499999999999));
#1462 = B_SPLINE_CURVE_WITH_KNOTS('',3,(#1463,#1464,#1465,#1466),
  .UNSPECIFIED.,.F.,.F.,(4,4),(5.,6.),.PIECEWISE_BEZIER_KNOTS.);
#1463 = CARTESIAN_POINT('',(-2.837854206869,0.825792348295,
    5.499999999999));
#1464 = CARTESIAN_POINT('',(-2.837854206869,0.864408957307,
    5.499999999999));
#1465 = CARTESIAN_POINT('',(-2.849208363314,0.896038393122,
    5.499999999999));
#1466 = CARTESIAN_POINT('',(-2.872041447157,0.920555884787,
    5.499999999999));
#1467 = ORIENTED_EDGE('',*,*,#1468,.F.);
#1468 = EDGE_CURVE('',#1469,#1458,#1471,.T.);
#1469 = VERTEX_POINT('',#1470);
#1470 = CARTESIAN_POINT('',(-2.837854206869,0.758665577218,5.5));
#1471 = LINE('',#1472,#1473);
#1472 = CARTESIAN_POINT('',(-2.837854206869,0.825792348295,5.5));
#1473 = VECTOR('',#1474,1.);
#1474 = DIRECTION('',(0.,1.,0.));
#1475 = ORIENTED_EDGE('',*,*,#1476,.F.);
#1476 = EDGE_CURVE('',#1477,#1469,#1479,.T.);
#1477 = VERTEX_POINT('',#1478);
#1478 = CARTESIAN_POINT('',(-3.081906184987,0.758665577218,5.5));
#1479 = LINE('',#1480,#1481);
#1480 = CARTESIAN_POINT('',(-2.837854206869,0.758665577218,5.5));
#1481 = VECTOR('',#1482,1.);
#1482 = DIRECTION('',(1.,3.554004129277E-15,0.));
#1483 = ORIENTED_EDGE('',*,*,#1484,.F.);
#1484 = EDGE_CURVE('',#1485,#1477,#1487,.T.);
#1485 = VERTEX_POINT('',#1486);
#1486 = CARTESIAN_POINT('',(-3.081906184987,0.828287767293,5.5));
#1487 = LINE('',#1488,#1489);
#1488 = CARTESIAN_POINT('',(-3.081906184987,0.758665577218,5.5));
#1489 = VECTOR('',#1490,1.);
#1490 = DIRECTION('',(6.229061000873E-15,-1.,0.));
#1491 = ORIENTED_EDGE('',*,*,#1492,.F.);
#1492 = EDGE_CURVE('',#1493,#1485,#1495,.T.);
#1493 = VERTEX_POINT('',#1494);
#1494 = CARTESIAN_POINT('',(-3.049590508948,0.920555884787,
    5.499999999999));
#1495 = B_SPLINE_CURVE_WITH_KNOTS('',3,(#1496,#1497,#1498,#1499),
  .UNSPECIFIED.,.F.,.F.,(4,4),(2.,3.),.PIECEWISE_BEZIER_KNOTS.);
#1496 = CARTESIAN_POINT('',(-3.049590508948,0.920555884787,
    5.499999999999));
#1497 = CARTESIAN_POINT('',(-3.071175883289,0.896038393122,
    5.499999999999));
#1498 = CARTESIAN_POINT('',(-3.081906184987,0.865282353955,
    5.499999999999));
#1499 = CARTESIAN_POINT('',(-3.081906184987,0.828287767293,5.5));
#1500 = ORIENTED_EDGE('',*,*,#1501,.F.);
#1501 = EDGE_CURVE('',#1502,#1493,#1504,.T.);
#1502 = VERTEX_POINT('',#1503);
#1503 = CARTESIAN_POINT('',(-2.962999469676,0.957363315026,
    5.499999999999));
#1504 = B_SPLINE_CURVE_WITH_KNOTS('',3,(#1505,#1506,#1507,#1508),
  .UNSPECIFIED.,.F.,.F.,(4,4),(3.,4.),.PIECEWISE_BEZIER_KNOTS.);
#1505 = CARTESIAN_POINT('',(-2.962999469676,0.957363315026,
    5.499999999999));
#1506 = CARTESIAN_POINT('',(-2.999183045164,0.957363315026,
    5.499999999999));
#1507 = CARTESIAN_POINT('',(-3.028005134605,0.945073376454,
    5.499999999999));
#1508 = CARTESIAN_POINT('',(-3.049590508948,0.920555884787,
    5.499999999999));
#1509 = ORIENTED_EDGE('',*,*,#1510,.F.);
#1510 = EDGE_CURVE('',#1460,#1502,#1511,.T.);
#1511 = B_SPLINE_CURVE_WITH_KNOTS('',3,(#1512,#1513,#1514,#1515),
  .UNSPECIFIED.,.F.,.F.,(4,4),(4.,5.),.PIECEWISE_BEZIER_KNOTS.);
#1512 = CARTESIAN_POINT('',(-2.872041447157,0.920555884787,
    5.499999999999));
#1513 = CARTESIAN_POINT('',(-2.894874531,0.945073376454,5.499999999999)
  );
#1514 = CARTESIAN_POINT('',(-2.925193871838,0.957363315026,
    5.499999999999));
#1515 = CARTESIAN_POINT('',(-2.962999469676,0.957363315026,
    5.499999999999));
#1516 = FACE_BOUND('',#1517,.T.);
#1517 = EDGE_LOOP('',(#1518,#1529,#1538,#1547,#1556,#1564,#1573,#1582,
    #1591,#1599,#1608,#1617,#1626,#1635,#1644,#1653,#1662,#1671,#1680,
    #1689,#1697,#1705,#1713,#1722,#1731,#1740,#1749,#1758,#1767,#1776,
    #1785,#1794,#1803));
#1518 = ORIENTED_EDGE('',*,*,#1519,.F.);
#1519 = EDGE_CURVE('',#1520,#1522,#1524,.T.);
#1520 = VERTEX_POINT('',#1521);
#1521 = CARTESIAN_POINT('',(-3.307242763037,-0.466237636573,
    5.499999999999));
#1522 = VERTEX_POINT('',#1523);
#1523 = CARTESIAN_POINT('',(-3.444322348461,-0.559937631703,
    5.499999999999));
#1524 = B_SPLINE_CURVE_WITH_KNOTS('',3,(#1525,#1526,#1527,#1528),
  .UNSPECIFIED.,.F.,.F.,(4,4),(0.,1.),.PIECEWISE_BEZIER_KNOTS.);
#1525 = CARTESIAN_POINT('',(-3.307242763037,-0.466237636573,
    5.499999999999));
#1526 = CARTESIAN_POINT('',(-3.359298301176,-0.485324640748,
    5.499999999999));
#1527 = CARTESIAN_POINT('',(-3.406148282195,-0.518293174714,
    5.499999999999));
#1528 = CARTESIAN_POINT('',(-3.444322348461,-0.559937631703,
    5.499999999999));
#1529 = ORIENTED_EDGE('',*,*,#1530,.F.);
#1530 = EDGE_CURVE('',#1531,#1520,#1533,.T.);
#1531 = VERTEX_POINT('',#1532);
#1532 = CARTESIAN_POINT('',(-3.079933639395,-0.294454400425,
    5.499999999999));
#1533 = B_SPLINE_CURVE_WITH_KNOTS('',3,(#1534,#1535,#1536,#1537),
  .UNSPECIFIED.,.F.,.F.,(4,4),(35.,36.),.PIECEWISE_BEZIER_KNOTS.);
#1534 = CARTESIAN_POINT('',(-3.079933639395,-0.294454400425,
    5.499999999999));
#1535 = CARTESIAN_POINT('',(-3.184044649484,-0.296189558553,
    5.499999999999));
#1536 = CARTESIAN_POINT('',(-3.27600945339,-0.36733216706,5.499999999999
    ));
#1537 = CARTESIAN_POINT('',(-3.307242763037,-0.466237636573,
    5.499999999999));
#1538 = ORIENTED_EDGE('',*,*,#1539,.F.);
#1539 = EDGE_CURVE('',#1540,#1531,#1542,.T.);
#1540 = VERTEX_POINT('',#1541);
#1541 = CARTESIAN_POINT('',(-2.91509110195,-0.358656244037,5.5));
#1542 = B_SPLINE_CURVE_WITH_KNOTS('',3,(#1543,#1544,#1545,#1546),
  .UNSPECIFIED.,.F.,.F.,(4,4),(34.,35.),.PIECEWISE_BEZIER_KNOTS.);
#1543 = CARTESIAN_POINT('',(-2.91509110195,-0.358656244037,5.5));
#1544 = CARTESIAN_POINT('',(-2.960205875195,-0.317011787047,
    5.499999999999));
#1545 = CARTESIAN_POINT('',(-3.019202178231,-0.294454400425,
    5.499999999999));
#1546 = CARTESIAN_POINT('',(-3.079933639395,-0.294454400425,
    5.499999999999));
#1547 = ORIENTED_EDGE('',*,*,#1548,.F.);
#1548 = EDGE_CURVE('',#1549,#1540,#1551,.T.);
#1549 = VERTEX_POINT('',#1550);
#1550 = CARTESIAN_POINT('',(-2.837007794738,-0.516558016586,5.5));
#1551 = B_SPLINE_CURVE_WITH_KNOTS('',3,(#1552,#1553,#1554,#1555),
  .UNSPECIFIED.,.F.,.F.,(4,4),(33.,34.),.PIECEWISE_BEZIER_KNOTS.);
#1552 = CARTESIAN_POINT('',(-2.837007794738,-0.516558016586,5.5));
#1553 = CARTESIAN_POINT('',(-2.842213335314,-0.455826555423,
    5.499999999999));
#1554 = CARTESIAN_POINT('',(-2.869976328705,-0.400300634833,
    5.499999999999));
#1555 = CARTESIAN_POINT('',(-2.91509110195,-0.358656244037,5.5));
#1556 = ORIENTED_EDGE('',*,*,#1557,.F.);
#1557 = EDGE_CURVE('',#1558,#1549,#1560,.T.);
#1558 = VERTEX_POINT('',#1559);
#1559 = CARTESIAN_POINT('',(-2.837007794738,-0.618933868548,
    5.499999999999));
#1560 = LINE('',#1561,#1562);
#1561 = CARTESIAN_POINT('',(-2.837007794738,-0.521763557162,5.5));
#1562 = VECTOR('',#1563,1.);
#1563 = DIRECTION('',(0.,1.,0.));
#1564 = ORIENTED_EDGE('',*,*,#1565,.F.);
#1565 = EDGE_CURVE('',#1566,#1558,#1568,.T.);
#1566 = VERTEX_POINT('',#1567);
#1567 = CARTESIAN_POINT('',(-2.890798491008,-0.66925424856,
    5.499999999999));
#1568 = B_SPLINE_CURVE_WITH_KNOTS('',3,(#1569,#1570,#1571,#1572),
  .UNSPECIFIED.,.F.,.F.,(4,4),(28.,29.),.PIECEWISE_BEZIER_KNOTS.);
#1569 = CARTESIAN_POINT('',(-2.890798491008,-0.66925424856,
    5.499999999999));
#1570 = CARTESIAN_POINT('',(-2.863035563809,-0.66925424856,
    5.499999999999));
#1571 = CARTESIAN_POINT('',(-2.838742952866,-0.646696861938,
    5.499999999999));
#1572 = CARTESIAN_POINT('',(-2.837007794738,-0.618933868548,
    5.499999999999));
#1573 = ORIENTED_EDGE('',*,*,#1574,.F.);
#1574 = EDGE_CURVE('',#1575,#1566,#1577,.T.);
#1575 = VERTEX_POINT('',#1576);
#1576 = CARTESIAN_POINT('',(-2.944589187276,-0.615463552292,
    5.499999999999));
#1577 = B_SPLINE_CURVE_WITH_KNOTS('',3,(#1578,#1579,#1580,#1581),
  .UNSPECIFIED.,.F.,.F.,(4,4),(27.,28.),.PIECEWISE_BEZIER_KNOTS.);
#1578 = CARTESIAN_POINT('',(-2.944589187276,-0.615463552292,
    5.499999999999));
#1579 = CARTESIAN_POINT('',(-2.944589187276,-0.64496170381,
    5.499999999999));
#1580 = CARTESIAN_POINT('',(-2.920296576334,-0.66925424856,
    5.499999999999));
#1581 = CARTESIAN_POINT('',(-2.890798491008,-0.66925424856,
    5.499999999999));
#1582 = ORIENTED_EDGE('',*,*,#1583,.F.);
#1583 = EDGE_CURVE('',#1584,#1575,#1586,.T.);
#1584 = VERTEX_POINT('',#1585);
#1585 = CARTESIAN_POINT('',(-2.942854029149,-0.60505247114,5.5));
#1586 = B_SPLINE_CURVE_WITH_KNOTS('',3,(#1587,#1588,#1589,#1590),
  .UNSPECIFIED.,.F.,.F.,(4,4),(26.,27.),.PIECEWISE_BEZIER_KNOTS.);
#1587 = CARTESIAN_POINT('',(-2.942854029149,-0.60505247114,5.5));
#1588 = CARTESIAN_POINT('',(-2.942854029149,-0.608522853588,
    5.499999999999));
#1589 = CARTESIAN_POINT('',(-2.944589187276,-0.611993236036,
    5.499999999999));
#1590 = CARTESIAN_POINT('',(-2.944589187276,-0.615463552292,
    5.499999999999));
#1591 = ORIENTED_EDGE('',*,*,#1592,.F.);
#1592 = EDGE_CURVE('',#1593,#1584,#1595,.T.);
#1593 = VERTEX_POINT('',#1594);
#1594 = CARTESIAN_POINT('',(-2.942854029149,-0.526969163929,
    5.499999999999));
#1595 = LINE('',#1596,#1597);
#1596 = CARTESIAN_POINT('',(-2.942854029149,-0.526969163929,5.5));
#1597 = VECTOR('',#1598,1.);
#1598 = DIRECTION('',(0.,-1.,0.));
#1599 = ORIENTED_EDGE('',*,*,#1600,.F.);
#1600 = EDGE_CURVE('',#1601,#1593,#1603,.T.);
#1601 = VERTEX_POINT('',#1602);
#1602 = CARTESIAN_POINT('',(-3.078198415076,-0.402035859154,
    5.499999999999));
#1603 = B_SPLINE_CURVE_WITH_KNOTS('',3,(#1604,#1605,#1606,#1607),
  .UNSPECIFIED.,.F.,.F.,(4,4),(24.,25.),.PIECEWISE_BEZIER_KNOTS.);
#1604 = CARTESIAN_POINT('',(-3.078198415076,-0.402035859154,
    5.499999999999));
#1605 = CARTESIAN_POINT('',(-3.007055839664,-0.402035859154,
    5.499999999999));
#1606 = CARTESIAN_POINT('',(-2.948059569725,-0.455826555423,
    5.499999999999));
#1607 = CARTESIAN_POINT('',(-2.942854029149,-0.526969163929,
    5.499999999999));
#1608 = ORIENTED_EDGE('',*,*,#1609,.F.);
#1609 = EDGE_CURVE('',#1610,#1601,#1612,.T.);
#1610 = VERTEX_POINT('',#1611);
#1611 = CARTESIAN_POINT('',(-3.213542801003,-0.537380245081,
    5.499999999999));
#1612 = B_SPLINE_CURVE_WITH_KNOTS('',3,(#1613,#1614,#1615,#1616),
  .UNSPECIFIED.,.F.,.F.,(4,4),(23.,24.),.PIECEWISE_BEZIER_KNOTS.);
#1613 = CARTESIAN_POINT('',(-3.213542801003,-0.537380245081,
    5.499999999999));
#1614 = CARTESIAN_POINT('',(-3.213542801003,-0.462767320318,
    5.499999999999));
#1615 = CARTESIAN_POINT('',(-3.152811339839,-0.402035859154,
    5.499999999999));
#1616 = CARTESIAN_POINT('',(-3.078198415076,-0.402035859154,
    5.499999999999));
#1617 = ORIENTED_EDGE('',*,*,#1618,.F.);
#1618 = EDGE_CURVE('',#1619,#1610,#1621,.T.);
#1619 = VERTEX_POINT('',#1620);
#1620 = CARTESIAN_POINT('',(-3.213542801003,-0.55126170868,
    5.499999999999));
#1621 = B_SPLINE_CURVE_WITH_KNOTS('',3,(#1622,#1623,#1624,#1625),
  .UNSPECIFIED.,.F.,.F.,(4,4),(22.,23.),.PIECEWISE_BEZIER_KNOTS.);
#1622 = CARTESIAN_POINT('',(-3.213542801003,-0.55126170868,
    5.499999999999));
#1623 = CARTESIAN_POINT('',(-3.213542801003,-0.546056168105,
    5.499999999999));
#1624 = CARTESIAN_POINT('',(-3.213542801003,-0.542585785657,
    5.499999999999));
#1625 = CARTESIAN_POINT('',(-3.213542801003,-0.537380245081,
    5.499999999999));
#1626 = ORIENTED_EDGE('',*,*,#1627,.F.);
#1627 = EDGE_CURVE('',#1628,#1619,#1630,.T.);
#1628 = VERTEX_POINT('',#1629);
#1629 = CARTESIAN_POINT('',(-3.430440876589,-0.794187553336,
    5.499999999999));
#1630 = B_SPLINE_CURVE_WITH_KNOTS('',3,(#1631,#1632,#1633,#1634),
  .UNSPECIFIED.,.F.,.F.,(4,4),(21.,22.),.PIECEWISE_BEZIER_KNOTS.);
#1631 = CARTESIAN_POINT('',(-3.430440876589,-0.794187553336,
    5.499999999999));
#1632 = CARTESIAN_POINT('',(-3.430440876589,-0.66925424856,
    5.499999999999));
#1633 = CARTESIAN_POINT('',(-3.33500572333,-0.565143172279,
    5.499999999999));
#1634 = CARTESIAN_POINT('',(-3.213542801003,-0.55126170868,
    5.499999999999));
#1635 = ORIENTED_EDGE('',*,*,#1636,.F.);
#1636 = EDGE_CURVE('',#1637,#1628,#1639,.T.);
#1637 = VERTEX_POINT('',#1638);
#1638 = CARTESIAN_POINT('',(-3.263863247206,-1.02670225065,
    5.499999999999));
#1639 = B_SPLINE_CURVE_WITH_KNOTS('',3,(#1640,#1641,#1642,#1643),
  .UNSPECIFIED.,.F.,.F.,(4,4),(20.,21.),.PIECEWISE_BEZIER_KNOTS.);
#1640 = CARTESIAN_POINT('',(-3.263863247206,-1.02670225065,
    5.499999999999));
#1641 = CARTESIAN_POINT('',(-3.361033492402,-0.993733782876,
    5.499999999999));
#1642 = CARTESIAN_POINT('',(-3.430440876589,-0.903504170194,
    5.499999999999));
#1643 = CARTESIAN_POINT('',(-3.430440876589,-0.794187553336,
    5.499999999999));
#1644 = ORIENTED_EDGE('',*,*,#1645,.F.);
#1645 = EDGE_CURVE('',#1646,#1637,#1648,.T.);
#1646 = VERTEX_POINT('',#1647);
#1647 = CARTESIAN_POINT('',(-3.289891016277,-1.11866702146,
    5.499999999999));
#1648 = B_SPLINE_CURVE_WITH_KNOTS('',3,(#1649,#1650,#1651,#1652),
  .UNSPECIFIED.,.F.,.F.,(4,4),(19.,20.),.PIECEWISE_BEZIER_KNOTS.);
#1649 = CARTESIAN_POINT('',(-3.289891016277,-1.11866702146,
    5.499999999999));
#1650 = CARTESIAN_POINT('',(-3.289891016277,-1.085698520589,
    5.499999999999));
#1651 = CARTESIAN_POINT('',(-3.279479902031,-1.052730019719,
    5.499999999999));
#1652 = CARTESIAN_POINT('',(-3.263863247206,-1.02670225065,
    5.499999999999));
#1653 = ORIENTED_EDGE('',*,*,#1654,.F.);
#1654 = EDGE_CURVE('',#1655,#1646,#1657,.T.);
#1655 = VERTEX_POINT('',#1656);
#1656 = CARTESIAN_POINT('',(-3.116372555809,-1.292185481928,
    5.499999999999));
#1657 = B_SPLINE_CURVE_WITH_KNOTS('',3,(#1658,#1659,#1660,#1661),
  .UNSPECIFIED.,.F.,.F.,(4,4),(18.,19.),.PIECEWISE_BEZIER_KNOTS.);
#1658 = CARTESIAN_POINT('',(-3.116372555809,-1.292185481928,
    5.499999999999));
#1659 = CARTESIAN_POINT('',(-3.211807709067,-1.292185481928,
    5.499999999999));
#1660 = CARTESIAN_POINT('',(-3.289891016277,-1.214102174717,
    5.499999999999));
#1661 = CARTESIAN_POINT('',(-3.289891016277,-1.11866702146,
    5.499999999999));
#1662 = ORIENTED_EDGE('',*,*,#1663,.F.);
#1663 = EDGE_CURVE('',#1664,#1655,#1666,.T.);
#1664 = VERTEX_POINT('',#1665);
#1665 = CARTESIAN_POINT('',(-2.95673555894,-1.188074405647,
    5.499999999999));
#1666 = B_SPLINE_CURVE_WITH_KNOTS('',3,(#1667,#1668,#1669,#1670),
  .UNSPECIFIED.,.F.,.F.,(4,4),(17.,18.),.PIECEWISE_BEZIER_KNOTS.);
#1667 = CARTESIAN_POINT('',(-2.95673555894,-1.188074405647,
    5.499999999999));
#1668 = CARTESIAN_POINT('',(-2.984498519233,-1.248805866811,
    5.499999999999));
#1669 = CARTESIAN_POINT('',(-3.045229980397,-1.292185481928,
    5.499999999999));
#1670 = CARTESIAN_POINT('',(-3.116372555809,-1.292185481928,
    5.499999999999));
#1671 = ORIENTED_EDGE('',*,*,#1672,.F.);
#1672 = EDGE_CURVE('',#1673,#1664,#1675,.T.);
#1673 = VERTEX_POINT('',#1674);
#1674 = CARTESIAN_POINT('',(-3.071257749468,-1.024967059425,
    5.499999999999));
#1675 = B_SPLINE_CURVE_WITH_KNOTS('',3,(#1676,#1677,#1678,#1679),
  .UNSPECIFIED.,.F.,.F.,(4,4),(16.,17.),.PIECEWISE_BEZIER_KNOTS.);
#1676 = CARTESIAN_POINT('',(-3.071257749468,-1.024967059425,
    5.499999999999));
#1677 = CARTESIAN_POINT('',(-3.071257749468,-1.099580017285,
    5.499999999999));
#1678 = CARTESIAN_POINT('',(-3.022672593776,-1.1637818278,5.499999999999
    ));
#1679 = CARTESIAN_POINT('',(-2.95673555894,-1.188074405647,
    5.499999999999));
#1680 = ORIENTED_EDGE('',*,*,#1681,.F.);
#1681 = EDGE_CURVE('',#1682,#1673,#1684,.T.);
#1682 = VERTEX_POINT('',#1683);
#1683 = CARTESIAN_POINT('',(-3.012261479528,-0.894828214074,5.5));
#1684 = B_SPLINE_CURVE_WITH_KNOTS('',3,(#1685,#1686,#1687,#1688),
  .UNSPECIFIED.,.F.,.F.,(4,4),(15.,16.),.PIECEWISE_BEZIER_KNOTS.);
#1685 = CARTESIAN_POINT('',(-3.012261479528,-0.894828214074,5.5));
#1686 = CARTESIAN_POINT('',(-3.048700362846,-0.92606152372,
    5.499999999999));
#1687 = CARTESIAN_POINT('',(-3.071257749468,-0.972911521285,
    5.499999999999));
#1688 = CARTESIAN_POINT('',(-3.071257749468,-1.024967059425,
    5.499999999999));
#1689 = ORIENTED_EDGE('',*,*,#1690,.F.);
#1690 = EDGE_CURVE('',#1691,#1682,#1693,.T.);
#1691 = VERTEX_POINT('',#1692);
#1692 = CARTESIAN_POINT('',(-3.133724401855,-0.662313483665,5.5));
#1693 = LINE('',#1694,#1695);
#1694 = CARTESIAN_POINT('',(-3.133724401855,-0.662313483665,5.5));
#1695 = VECTOR('',#1696,1.);
#1696 = DIRECTION('',(0.463018065387,-0.886348842796,0.));
#1697 = ORIENTED_EDGE('',*,*,#1698,.F.);
#1698 = EDGE_CURVE('',#1699,#1691,#1701,.T.);
#1699 = VERTEX_POINT('',#1700);
#1700 = CARTESIAN_POINT('',(-3.04175959795,-0.608522787396,5.5));
#1701 = LINE('',#1702,#1703);
#1702 = CARTESIAN_POINT('',(-3.04175959795,-0.608522787396,5.5));
#1703 = VECTOR('',#1704,1.);
#1704 = DIRECTION('',(-0.863187758942,-0.504883048649,0.));
#1705 = ORIENTED_EDGE('',*,*,#1706,.F.);
#1706 = EDGE_CURVE('',#1707,#1699,#1709,.T.);
#1707 = VERTEX_POINT('',#1708);
#1708 = CARTESIAN_POINT('',(-2.913355943823,-0.851448632052,
    5.499999999999));
#1709 = LINE('',#1710,#1711);
#1710 = CARTESIAN_POINT('',(-2.913355943823,-0.851448632052,5.5));
#1711 = VECTOR('',#1712,1.);
#1712 = DIRECTION('',(-0.467307306754,0.884094950248,0.));
#1713 = ORIENTED_EDGE('',*,*,#1714,.F.);
#1714 = EDGE_CURVE('',#1715,#1707,#1717,.T.);
#1715 = VERTEX_POINT('',#1716);
#1716 = CARTESIAN_POINT('',(-2.896004097775,-0.851448632052,
    5.499999999999));
#1717 = B_SPLINE_CURVE_WITH_KNOTS('',3,(#1718,#1719,#1720,#1721),
  .UNSPECIFIED.,.F.,.F.,(4,4),(11.,12.),.PIECEWISE_BEZIER_KNOTS.);
#1718 = CARTESIAN_POINT('',(-2.896004097775,-0.851448632052,
    5.499999999999));
#1719 = CARTESIAN_POINT('',(-2.901209638351,-0.851448632052,
    5.499999999999));
#1720 = CARTESIAN_POINT('',(-2.906415178927,-0.851448632052,
    5.499999999999));
#1721 = CARTESIAN_POINT('',(-2.913355943823,-0.851448632052,
    5.499999999999));
#1722 = ORIENTED_EDGE('',*,*,#1723,.F.);
#1723 = EDGE_CURVE('',#1724,#1715,#1726,.T.);
#1724 = VERTEX_POINT('',#1725);
#1725 = CARTESIAN_POINT('',(-2.722485637306,-1.024967092521,
    5.499999999999));
#1726 = B_SPLINE_CURVE_WITH_KNOTS('',3,(#1727,#1728,#1729,#1730),
  .UNSPECIFIED.,.F.,.F.,(4,4),(10.,11.),.PIECEWISE_BEZIER_KNOTS.);
#1727 = CARTESIAN_POINT('',(-2.722485637306,-1.024967092521,
    5.499999999999));
#1728 = CARTESIAN_POINT('',(-2.722485637306,-0.929531939264,
    5.499999999999));
#1729 = CARTESIAN_POINT('',(-2.800568944516,-0.851448632052,
    5.499999999999));
#1730 = CARTESIAN_POINT('',(-2.896004097775,-0.851448632052,
    5.499999999999));
#1731 = ORIENTED_EDGE('',*,*,#1732,.F.);
#1732 = EDGE_CURVE('',#1733,#1724,#1735,.T.);
#1733 = VERTEX_POINT('',#1734);
#1734 = CARTESIAN_POINT('',(-2.840478177187,-1.189809646515,
    5.499999999999));
#1735 = B_SPLINE_CURVE_WITH_KNOTS('',3,(#1736,#1737,#1738,#1739),
  .UNSPECIFIED.,.F.,.F.,(4,4),(9.,10.),.PIECEWISE_BEZIER_KNOTS.);
#1736 = CARTESIAN_POINT('',(-2.840478177187,-1.189809646515,
    5.499999999999));
#1737 = CARTESIAN_POINT('',(-2.771070792998,-1.167252243345,
    5.499999999999));
#1738 = CARTESIAN_POINT('',(-2.722485637306,-1.101315241605,
    5.499999999999));
#1739 = CARTESIAN_POINT('',(-2.722485637306,-1.024967092521,
    5.499999999999));
#1740 = ORIENTED_EDGE('',*,*,#1741,.F.);
#1741 = EDGE_CURVE('',#1742,#1733,#1744,.T.);
#1742 = VERTEX_POINT('',#1743);
#1743 = CARTESIAN_POINT('',(-2.923767024973,-1.328624414889,
    5.499999999999));
#1744 = B_SPLINE_CURVE_WITH_KNOTS('',3,(#1745,#1746,#1747,#1748),
  .UNSPECIFIED.,.F.,.F.,(4,4),(8.,9.),.PIECEWISE_BEZIER_KNOTS.);
#1745 = CARTESIAN_POINT('',(-2.923767024973,-1.328624414889,
    5.499999999999));
#1746 = CARTESIAN_POINT('',(-2.882122567983,-1.290450356897,
    5.499999999999));
#1747 = CARTESIAN_POINT('',(-2.854359640786,-1.243600359332,
    5.499999999999));
#1748 = CARTESIAN_POINT('',(-2.840478177187,-1.189809646515,
    5.499999999999));
#1749 = ORIENTED_EDGE('',*,*,#1750,.F.);
#1750 = EDGE_CURVE('',#1751,#1742,#1753,.T.);
#1751 = VERTEX_POINT('',#1752);
#1752 = CARTESIAN_POINT('',(-3.11290210717,-1.401502164977,
    5.499999999999));
#1753 = B_SPLINE_CURVE_WITH_KNOTS('',3,(#1754,#1755,#1756,#1757),
  .UNSPECIFIED.,.F.,.F.,(4,4),(7.,8.),.PIECEWISE_BEZIER_KNOTS.);
#1754 = CARTESIAN_POINT('',(-3.11290210717,-1.401502164977,
    5.499999999999));
#1755 = CARTESIAN_POINT('',(-3.043494722981,-1.401502164977,
    5.499999999999));
#1756 = CARTESIAN_POINT('',(-2.975822496922,-1.375474395908,
    5.499999999999));
#1757 = CARTESIAN_POINT('',(-2.923767024973,-1.328624414889,
    5.499999999999));
#1758 = ORIENTED_EDGE('',*,*,#1759,.F.);
#1759 = EDGE_CURVE('',#1760,#1751,#1762,.T.);
#1760 = VERTEX_POINT('',#1761);
#1761 = CARTESIAN_POINT('',(-3.310713128936,-1.319948442222,
    5.499999999999));
#1762 = B_SPLINE_CURVE_WITH_KNOTS('',3,(#1763,#1764,#1765,#1766),
  .UNSPECIFIED.,.F.,.F.,(4,4),(6.,7.),.PIECEWISE_BEZIER_KNOTS.);
#1763 = CARTESIAN_POINT('',(-3.310713128936,-1.319948442222,
    5.499999999999));
#1764 = CARTESIAN_POINT('',(-3.258657607344,-1.37200402587,
    5.499999999999));
#1765 = CARTESIAN_POINT('',(-3.187515031932,-1.401502164977,
    5.499999999999));
#1766 = CARTESIAN_POINT('',(-3.11290210717,-1.401502164977,
    5.499999999999));
#1767 = ORIENTED_EDGE('',*,*,#1768,.F.);
#1768 = EDGE_CURVE('',#1769,#1760,#1771,.T.);
#1769 = VERTEX_POINT('',#1770);
#1770 = CARTESIAN_POINT('',(-3.394001993271,-1.120402212684,
    5.499999999999));
#1771 = B_SPLINE_CURVE_WITH_KNOTS('',3,(#1772,#1773,#1774,#1775),
  .UNSPECIFIED.,.F.,.F.,(4,4),(5.,6.),.PIECEWISE_BEZIER_KNOTS.);
#1772 = CARTESIAN_POINT('',(-3.394001993271,-1.120402212684,
    5.499999999999));
#1773 = CARTESIAN_POINT('',(-3.394001993271,-1.195015153995,
    5.499999999999));
#1774 = CARTESIAN_POINT('',(-3.364503858302,-1.266157712858,
    5.499999999999));
#1775 = CARTESIAN_POINT('',(-3.310713128936,-1.319948442222,
    5.499999999999));
#1776 = ORIENTED_EDGE('',*,*,#1777,.F.);
#1777 = EDGE_CURVE('',#1778,#1769,#1780,.T.);
#1778 = VERTEX_POINT('',#1779);
#1779 = CARTESIAN_POINT('',(-3.390531627372,-1.080492980014,
    5.499999999999));
#1780 = B_SPLINE_CURVE_WITH_KNOTS('',3,(#1781,#1782,#1783,#1784),
  .UNSPECIFIED.,.F.,.F.,(4,4),(4.,5.),.PIECEWISE_BEZIER_KNOTS.);
#1781 = CARTESIAN_POINT('',(-3.390531627372,-1.080492980014,
    5.499999999999));
#1782 = CARTESIAN_POINT('',(-3.392266818595,-1.094374443613,
    5.499999999999));
#1783 = CARTESIAN_POINT('',(-3.394001993271,-1.106520749084,
    5.499999999999));
#1784 = CARTESIAN_POINT('',(-3.394001993271,-1.120402212684,
    5.499999999999));
#1785 = ORIENTED_EDGE('',*,*,#1786,.F.);
#1786 = EDGE_CURVE('',#1787,#1778,#1789,.T.);
#1787 = VERTEX_POINT('',#1788);
#1788 = CARTESIAN_POINT('',(-3.466879751632,-1.004144864027,
    5.499999999999));
#1789 = B_SPLINE_CURVE_WITH_KNOTS('',3,(#1790,#1791,#1792,#1793),
  .UNSPECIFIED.,.F.,.F.,(4,4),(3.,4.),.PIECEWISE_BEZIER_KNOTS.);
#1790 = CARTESIAN_POINT('',(-3.466879751632,-1.004144864027,
    5.499999999999));
#1791 = CARTESIAN_POINT('',(-3.446057531411,-1.033643015545,
    5.499999999999));
#1792 = CARTESIAN_POINT('',(-3.420029762342,-1.057935593391,
    5.499999999999));
#1793 = CARTESIAN_POINT('',(-3.390531627372,-1.080492980014,
    5.499999999999));
#1794 = ORIENTED_EDGE('',*,*,#1795,.F.);
#1795 = EDGE_CURVE('',#1796,#1787,#1798,.T.);
#1796 = VERTEX_POINT('',#1797);
#1797 = CARTESIAN_POINT('',(-3.53455195287,-0.795922711465,
    5.499999999999));
#1798 = B_SPLINE_CURVE_WITH_KNOTS('',3,(#1799,#1800,#1801,#1802),
  .UNSPECIFIED.,.F.,.F.,(4,4),(2.,3.),.PIECEWISE_BEZIER_KNOTS.);
#1799 = CARTESIAN_POINT('',(-3.53455195287,-0.795922711465,
    5.499999999999));
#1800 = CARTESIAN_POINT('',(-3.53455195287,-0.872270827451,
    5.499999999999));
#1801 = CARTESIAN_POINT('',(-3.510259368818,-0.943413402863,
    5.499999999999));
#1802 = CARTESIAN_POINT('',(-3.466879751632,-1.004144864027,
    5.499999999999));
#1803 = ORIENTED_EDGE('',*,*,#1804,.F.);
#1804 = EDGE_CURVE('',#1522,#1796,#1805,.T.);
#1805 = B_SPLINE_CURVE_WITH_KNOTS('',3,(#1806,#1807,#1808,#1809),
  .UNSPECIFIED.,.F.,.F.,(4,4),(1.,2.),.PIECEWISE_BEZIER_KNOTS.);
#1806 = CARTESIAN_POINT('',(-3.444322348461,-0.559937631703,
    5.499999999999));
#1807 = CARTESIAN_POINT('',(-3.501583445795,-0.625874633443,
    5.499999999999));
#1808 = CARTESIAN_POINT('',(-3.53455195287,-0.70916348123,5.499999999999
    ));
#1809 = CARTESIAN_POINT('',(-3.53455195287,-0.795922711465,
    5.499999999999));
#1810 = PLANE('',#1811);
#1811 = AXIS2_PLACEMENT_3D('',#1812,#1813,#1814);
#1812 = CARTESIAN_POINT('',(0.,0.,5.5));
#1813 = DIRECTION('',(0.,0.,1.));
#1814 = DIRECTION('',(1.,0.,-0.));
#1815 = ADVANCED_FACE('',(#1816,#1882,#1892,#1902,#1912,#1986,#2084,
    #2262),#2312,.T.);
#1816 = FACE_BOUND('',#1817,.T.);
#1817 = EDGE_LOOP('',(#1818,#1828,#1836,#1844,#1852,#1860,#1868,#1876));
#1818 = ORIENTED_EDGE('',*,*,#1819,.T.);
#1819 = EDGE_CURVE('',#1820,#1822,#1824,.T.);
#1820 = VERTEX_POINT('',#1821);
#1821 = CARTESIAN_POINT('',(-0.861842983568,0.26065821948,0.299999999999
    ));
#1822 = VERTEX_POINT('',#1823);
#1823 = CARTESIAN_POINT('',(-0.9289161543,0.26065821948,0.299999999999)
  );
#1824 = LINE('',#1825,#1826);
#1825 = CARTESIAN_POINT('',(-0.861842983568,0.26065821948,0.299999999999
    ));
#1826 = VECTOR('',#1827,1.);
#1827 = DIRECTION('',(-1.,0.,0.));
#1828 = ORIENTED_EDGE('',*,*,#1829,.T.);
#1829 = EDGE_CURVE('',#1822,#1830,#1832,.T.);
#1830 = VERTEX_POINT('',#1831);
#1831 = CARTESIAN_POINT('',(-1.124038105519,-0.239341780519,
    0.299999999999));
#1832 = LINE('',#1833,#1834);
#1833 = CARTESIAN_POINT('',(-0.9289161543,0.26065821948,0.299999999999)
  );
#1834 = VECTOR('',#1835,1.);
#1835 = DIRECTION('',(-0.363542485652,-0.931577619485,0.));
#1836 = ORIENTED_EDGE('',*,*,#1837,.T.);
#1837 = EDGE_CURVE('',#1830,#1838,#1840,.T.);
#1838 = VERTEX_POINT('',#1839);
#1839 = CARTESIAN_POINT('',(-1.050867373812,-0.239341780519,
    0.299999999999));
#1840 = LINE('',#1841,#1842);
#1841 = CARTESIAN_POINT('',(-1.124038105519,-0.239341780519,
    0.299999999999));
#1842 = VECTOR('',#1843,1.);
#1843 = DIRECTION('',(1.,0.,0.));
#1844 = ORIENTED_EDGE('',*,*,#1845,.T.);
#1845 = EDGE_CURVE('',#1838,#1846,#1848,.T.);
#1846 = VERTEX_POINT('',#1847);
#1847 = CARTESIAN_POINT('',(-1.000276672593,-9.909787808E-02,
    0.299999999999));
#1848 = LINE('',#1849,#1850);
#1849 = CARTESIAN_POINT('',(-1.050867373812,-0.239341780519,
    0.299999999999));
#1850 = VECTOR('',#1851,1.);
#1851 = DIRECTION('',(0.339330377274,0.940667260544,0.));
#1852 = ORIENTED_EDGE('',*,*,#1853,.T.);
#1853 = EDGE_CURVE('',#1846,#1854,#1856,.T.);
#1854 = VERTEX_POINT('',#1855);
#1855 = CARTESIAN_POINT('',(-0.793721794544,-9.909787808E-02,
    0.299999999999));
#1856 = LINE('',#1857,#1858);
#1857 = CARTESIAN_POINT('',(-1.000276672593,-9.909787808E-02,
    0.299999999999));
#1858 = VECTOR('',#1859,1.);
#1859 = DIRECTION('',(1.,0.,0.));
#1860 = ORIENTED_EDGE('',*,*,#1861,.T.);
#1861 = EDGE_CURVE('',#1854,#1862,#1864,.T.);
#1862 = VERTEX_POINT('',#1863);
#1863 = CARTESIAN_POINT('',(-0.745989325032,-0.239341780519,
    0.299999999999));
#1864 = LINE('',#1865,#1866);
#1865 = CARTESIAN_POINT('',(-0.793721794544,-9.909787808E-02,
    0.299999999999));
#1866 = VECTOR('',#1867,1.);
#1867 = DIRECTION('',(0.322202485606,-0.946670776072,0.));
#1868 = ORIENTED_EDGE('',*,*,#1869,.T.);
#1869 = EDGE_CURVE('',#1862,#1870,#1872,.T.);
#1870 = VERTEX_POINT('',#1871);
#1871 = CARTESIAN_POINT('',(-0.672818593324,-0.239341780519,
    0.299999999999));
#1872 = LINE('',#1873,#1874);
#1873 = CARTESIAN_POINT('',(-0.745989325032,-0.239341780519,
    0.299999999999));
#1874 = VECTOR('',#1875,1.);
#1875 = DIRECTION('',(1.,0.,0.));
#1876 = ORIENTED_EDGE('',*,*,#1877,.T.);
#1877 = EDGE_CURVE('',#1870,#1820,#1878,.T.);
#1878 = LINE('',#1879,#1880);
#1879 = CARTESIAN_POINT('',(-0.672818593324,-0.239341780519,
    0.299999999999));
#1880 = VECTOR('',#1881,1.);
#1881 = DIRECTION('',(-0.353622392329,0.93538826358,0.));
#1882 = FACE_BOUND('',#1883,.T.);
#1883 = EDGE_LOOP('',(#1884,#1891));
#1884 = ORIENTED_EDGE('',*,*,#1885,.F.);
#1885 = EDGE_CURVE('',#143,#135,#1886,.T.);
#1886 = CIRCLE('',#1887,0.299999999999);
#1887 = AXIS2_PLACEMENT_3D('',#1888,#1889,#1890);
#1888 = CARTESIAN_POINT('',(-2.874047840756E-16,-2.5,0.299999999999));
#1889 = DIRECTION('',(0.,0.,-1.));
#1890 = DIRECTION('',(-1.,0.,0.));
#1891 = ORIENTED_EDGE('',*,*,#142,.F.);
#1892 = FACE_BOUND('',#1893,.T.);
#1893 = EDGE_LOOP('',(#1894,#1901));
#1894 = ORIENTED_EDGE('',*,*,#1895,.F.);
#1895 = EDGE_CURVE('',#185,#177,#1896,.T.);
#1896 = CIRCLE('',#1897,0.299999999999);
#1897 = AXIS2_PLACEMENT_3D('',#1898,#1899,#1900);
#1898 = CARTESIAN_POINT('',(-1.004696911836E-16,2.5,0.299999999999));
#1899 = DIRECTION('',(0.,0.,-1.));
#1900 = DIRECTION('',(-1.,0.,0.));
#1901 = ORIENTED_EDGE('',*,*,#184,.F.);
#1902 = FACE_BOUND('',#1903,.T.);
#1903 = EDGE_LOOP('',(#1904,#1911));
#1904 = ORIENTED_EDGE('',*,*,#1905,.T.);
#1905 = EDGE_CURVE('',#208,#227,#1906,.T.);
#1906 = CIRCLE('',#1907,4.);
#1907 = AXIS2_PLACEMENT_3D('',#1908,#1909,#1910);
#1908 = CARTESIAN_POINT('',(0.,0.,0.299999999999));
#1909 = DIRECTION('',(0.,0.,-1.));
#1910 = DIRECTION('',(-1.,0.,0.));
#1911 = ORIENTED_EDGE('',*,*,#234,.T.);
#1912 = FACE_BOUND('',#1913,.T.);
#1913 = EDGE_LOOP('',(#1914,#1940,#1948,#1956,#1964));
#1914 = ORIENTED_EDGE('',*,*,#1915,.T.);
#1915 = EDGE_CURVE('',#1916,#1918,#1920,.T.);
#1916 = VERTEX_POINT('',#1917);
#1917 = CARTESIAN_POINT('',(-0.636233227471,1.6946329236E-02,
    0.299999999999));
#1918 = VERTEX_POINT('',#1919);
#1919 = CARTESIAN_POINT('',(-0.369750757958,-0.239341780519,
    0.299999999999));
#1920 = B_SPLINE_CURVE_WITH_KNOTS('',3,(#1921,#1922,#1923,#1924,#1925,
    #1926,#1927,#1928,#1929,#1930,#1931,#1932,#1933,#1934,#1935,#1936,
    #1937,#1938,#1939),.UNSPECIFIED.,.F.,.F.,(4,1,1,1,1,1,1,1,1,1,1,1,1,
    1,1,1,4),(0.,6.8068695844E-02,0.133427432818,0.196146033813,
    0.257048592449,0.316882663159,0.376187208666,0.435960335363,
    0.496535236862,0.55746534348,0.61768686341,0.677943640696,
    0.738805284806,0.800949336766,0.86481466747,0.931024781078,1.),
  .UNSPECIFIED.);
#1921 = CARTESIAN_POINT('',(-0.636233227471,1.6946329236E-02,
    0.299999999999));
#1922 = CARTESIAN_POINT('',(-0.636031293869,7.502536983E-03,
    0.299999999999));
#1923 = CARTESIAN_POINT('',(-0.635635466071,-1.1009070162E-02,
    0.299999999999));
#1924 = CARTESIAN_POINT('',(-0.632017576755,-3.8025167701E-02,0.3));
#1925 = CARTESIAN_POINT('',(-0.626242228713,-6.3623684172E-02,
    0.299999999999));
#1926 = CARTESIAN_POINT('',(-0.618135347783,-8.7790076592E-02,0.3));
#1927 = CARTESIAN_POINT('',(-0.607639304728,-0.110506914267,
    0.299999999999));
#1928 = CARTESIAN_POINT('',(-0.594625774896,-0.131691202778,0.3));
#1929 = CARTESIAN_POINT('',(-0.579445499676,-0.151504465327,
    0.299999999999));
#1930 = CARTESIAN_POINT('',(-0.561994474892,-0.169675243961,0.3));
#1931 = CARTESIAN_POINT('',(-0.542694899108,-0.185938026035,
    0.299999999999));
#1932 = CARTESIAN_POINT('',(-0.522057480968,-0.200401432165,0.3));
#1933 = CARTESIAN_POINT('',(-0.499904892338,-0.212418594996,
    0.299999999999));
#1934 = CARTESIAN_POINT('',(-0.476426338107,-0.222237188803,0.3));
#1935 = CARTESIAN_POINT('',(-0.45166288232,-0.230032565335,
    0.299999999999));
#1936 = CARTESIAN_POINT('',(-0.425507203454,-0.235340054563,
    0.299999999999));
#1937 = CARTESIAN_POINT('',(-0.398078173186,-0.238829263867,0.3));
#1938 = CARTESIAN_POINT('',(-0.379321116448,-0.239168627831,0.3));
#1939 = CARTESIAN_POINT('',(-0.369750757958,-0.239341780519,
    0.299999999999));
#1940 = ORIENTED_EDGE('',*,*,#1941,.T.);
#1941 = EDGE_CURVE('',#1918,#1942,#1944,.T.);
#1942 = VERTEX_POINT('',#1943);
#1943 = CARTESIAN_POINT('',(-0.23379420308,-0.239341780519,
    0.299999999999));
#1944 = LINE('',#1945,#1946);
#1945 = CARTESIAN_POINT('',(-0.369750757958,-0.239341780519,
    0.299999999999));
#1946 = VECTOR('',#1947,1.);
#1947 = DIRECTION('',(1.,0.,0.));
#1948 = ORIENTED_EDGE('',*,*,#1949,.T.);
#1949 = EDGE_CURVE('',#1942,#1950,#1952,.T.);
#1950 = VERTEX_POINT('',#1951);
#1951 = CARTESIAN_POINT('',(-0.23379420308,0.26065821948,0.299999999999)
  );
#1952 = LINE('',#1953,#1954);
#1953 = CARTESIAN_POINT('',(-0.23379420308,-0.239341780519,
    0.299999999999));
#1954 = VECTOR('',#1955,1.);
#1955 = DIRECTION('',(0.,1.,0.));
#1956 = ORIENTED_EDGE('',*,*,#1957,.T.);
#1957 = EDGE_CURVE('',#1950,#1958,#1960,.T.);
#1958 = VERTEX_POINT('',#1959);
#1959 = CARTESIAN_POINT('',(-0.374895575032,0.26065821948,0.299999999999
    ));
#1960 = LINE('',#1961,#1962);
#1961 = CARTESIAN_POINT('',(-0.23379420308,0.26065821948,0.299999999999)
  );
#1962 = VECTOR('',#1963,1.);
#1963 = DIRECTION('',(-1.,0.,0.));
#1964 = ORIENTED_EDGE('',*,*,#1965,.T.);
#1965 = EDGE_CURVE('',#1958,#1916,#1966,.T.);
#1966 = B_SPLINE_CURVE_WITH_KNOTS('',3,(#1967,#1968,#1969,#1970,#1971,
    #1972,#1973,#1974,#1975,#1976,#1977,#1978,#1979,#1980,#1981,#1982,
    #1983,#1984,#1985),.UNSPECIFIED.,.F.,.F.,(4,1,1,1,1,1,1,1,1,1,1,1,1,
    1,1,1,4),(0.,6.8631178676E-02,0.134566466038,0.19832815401,
    0.26078976664,0.321999151484,0.382721746503,0.443537474035,
    0.505133429484,0.566213874764,0.626105864617,0.68534932216,
    0.744995870347,0.805415841814,0.867636266345,0.932307782302,1.),
  .UNSPECIFIED.);
#1967 = CARTESIAN_POINT('',(-0.374895575032,0.26065821948,0.299999999999
    ));
#1968 = CARTESIAN_POINT('',(-0.384081507065,0.260453473504,
    0.299999999999));
#1969 = CARTESIAN_POINT('',(-0.402092539875,0.260052024148,
    0.299999999999));
#1970 = CARTESIAN_POINT('',(-0.428504611968,0.257002546526,
    0.299999999999));
#1971 = CARTESIAN_POINT('',(-0.453702533473,0.251710711622,0.3));
#1972 = CARTESIAN_POINT('',(-0.477755596989,0.244491462257,
    0.299999999999));
#1973 = CARTESIAN_POINT('',(-0.500691664013,0.235268949985,0.3));
#1974 = CARTESIAN_POINT('',(-0.522294657915,0.223715604122,
    0.299999999999));
#1975 = CARTESIAN_POINT('',(-0.542801609943,0.210232959823,
    0.299999999999));
#1976 = CARTESIAN_POINT('',(-0.561945666177,0.194791775681,
    0.299999999999));
#1977 = CARTESIAN_POINT('',(-0.579394803956,0.177622698437,0.3));
#1978 = CARTESIAN_POINT('',(-0.59460586441,0.158845361605,0.299999999999
    ));
#1979 = CARTESIAN_POINT('',(-0.60762889458,0.138710909304,0.299999999999
    ));
#1980 = CARTESIAN_POINT('',(-0.618109006725,0.117060140377,0.3));
#1981 = CARTESIAN_POINT('',(-0.62624650095,9.4009709167E-02,
    0.299999999999));
#1982 = CARTESIAN_POINT('',(-0.632008908026,6.9576330193E-02,0.3));
#1983 = CARTESIAN_POINT('',(-0.635643381876,4.373232965E-02,
    0.299999999999));
#1984 = CARTESIAN_POINT('',(-0.636033643524,2.6009812522E-02,
    0.299999999999));
#1985 = CARTESIAN_POINT('',(-0.636233227471,1.6946329236E-02,
    0.299999999999));
#1986 = FACE_BOUND('',#1987,.T.);
#1987 = EDGE_LOOP('',(#1988,#1998,#2006,#2014,#2022,#2030,#2038,#2046,
    #2054,#2062,#2070,#2078));
#1988 = ORIENTED_EDGE('',*,*,#1989,.T.);
#1989 = EDGE_CURVE('',#1990,#1992,#1994,.T.);
#1990 = VERTEX_POINT('',#1991);
#1991 = CARTESIAN_POINT('',(6.4986284724E-02,-0.184463731739,
    0.299999999999));
#1992 = VERTEX_POINT('',#1993);
#1993 = CARTESIAN_POINT('',(-0.136233227471,-0.184463731739,
    0.299999999999));
#1994 = LINE('',#1995,#1996);
#1995 = CARTESIAN_POINT('',(6.4986284724E-02,-0.184463731739,
    0.299999999999));
#1996 = VECTOR('',#1997,1.);
#1997 = DIRECTION('',(-1.,0.,0.));
#1998 = ORIENTED_EDGE('',*,*,#1999,.T.);
#1999 = EDGE_CURVE('',#1992,#2000,#2002,.T.);
#2000 = VERTEX_POINT('',#2001);
#2001 = CARTESIAN_POINT('',(-0.136233227471,-0.239341780519,
    0.299999999999));
#2002 = LINE('',#2003,#2004);
#2003 = CARTESIAN_POINT('',(-0.136233227471,-0.184463731739,
    0.299999999999));
#2004 = VECTOR('',#2005,1.);
#2005 = DIRECTION('',(0.,-1.,0.));
#2006 = ORIENTED_EDGE('',*,*,#2007,.T.);
#2007 = EDGE_CURVE('',#2000,#2008,#2010,.T.);
#2008 = VERTEX_POINT('',#2009);
#2009 = CARTESIAN_POINT('',(0.132059455455,-0.239341780519,
    0.299999999999));
#2010 = LINE('',#2011,#2012);
#2011 = CARTESIAN_POINT('',(-0.136233227471,-0.239341780519,
    0.299999999999));
#2012 = VECTOR('',#2013,1.);
#2013 = DIRECTION('',(1.,0.,0.));
#2014 = ORIENTED_EDGE('',*,*,#2015,.T.);
#2015 = EDGE_CURVE('',#2008,#2016,#2018,.T.);
#2016 = VERTEX_POINT('',#2017);
#2017 = CARTESIAN_POINT('',(0.132059455455,0.26065821948,0.299999999999)
  );
#2018 = LINE('',#2019,#2020);
#2019 = CARTESIAN_POINT('',(0.132059455455,-0.239341780519,
    0.299999999999));
#2020 = VECTOR('',#2021,1.);
#2021 = DIRECTION('',(0.,1.,0.));
#2022 = ORIENTED_EDGE('',*,*,#2023,.T.);
#2023 = EDGE_CURVE('',#2016,#2024,#2026,.T.);
#2024 = VERTEX_POINT('',#2025);
#2025 = CARTESIAN_POINT('',(-0.124038105519,0.26065821948,0.299999999999
    ));
#2026 = LINE('',#2027,#2028);
#2027 = CARTESIAN_POINT('',(0.132059455455,0.26065821948,0.299999999999)
  );
#2028 = VECTOR('',#2029,1.);
#2029 = DIRECTION('',(-1.,0.,0.));
#2030 = ORIENTED_EDGE('',*,*,#2031,.T.);
#2031 = EDGE_CURVE('',#2024,#2032,#2034,.T.);
#2032 = VERTEX_POINT('',#2033);
#2033 = CARTESIAN_POINT('',(-0.124038105519,0.2057801707,0.299999999999)
  );
#2034 = LINE('',#2035,#2036);
#2035 = CARTESIAN_POINT('',(-0.124038105519,0.26065821948,0.299999999999
    ));
#2036 = VECTOR('',#2037,1.);
#2037 = DIRECTION('',(0.,-1.,0.));
#2038 = ORIENTED_EDGE('',*,*,#2039,.T.);
#2039 = EDGE_CURVE('',#2032,#2040,#2042,.T.);
#2040 = VERTEX_POINT('',#2041);
#2041 = CARTESIAN_POINT('',(6.4986284724E-02,0.2057801707,0.299999999999
    ));
#2042 = LINE('',#2043,#2044);
#2043 = CARTESIAN_POINT('',(-0.124038105519,0.2057801707,0.299999999999)
  );
#2044 = VECTOR('',#2045,1.);
#2045 = DIRECTION('',(1.,0.,0.));
#2046 = ORIENTED_EDGE('',*,*,#2047,.T.);
#2047 = EDGE_CURVE('',#2040,#2048,#2050,.T.);
#2048 = VERTEX_POINT('',#2049);
#2049 = CARTESIAN_POINT('',(6.4986284724E-02,4.1146024358E-02,
    0.299999999999));
#2050 = LINE('',#2051,#2052);
#2051 = CARTESIAN_POINT('',(6.4986284724E-02,0.2057801707,0.299999999999
    ));
#2052 = VECTOR('',#2053,1.);
#2053 = DIRECTION('',(0.,-1.,0.));
#2054 = ORIENTED_EDGE('',*,*,#2055,.T.);
#2055 = EDGE_CURVE('',#2048,#2056,#2058,.T.);
#2056 = VERTEX_POINT('',#2057);
#2057 = CARTESIAN_POINT('',(-0.111842983568,4.1146024358E-02,
    0.299999999999));
#2058 = LINE('',#2059,#2060);
#2059 = CARTESIAN_POINT('',(6.4986284724E-02,4.1146024358E-02,
    0.299999999999));
#2060 = VECTOR('',#2061,1.);
#2061 = DIRECTION('',(-1.,0.,0.));
#2062 = ORIENTED_EDGE('',*,*,#2063,.T.);
#2063 = EDGE_CURVE('',#2056,#2064,#2066,.T.);
#2064 = VERTEX_POINT('',#2065);
#2065 = CARTESIAN_POINT('',(-0.111842983568,-1.3732024421E-02,
    0.299999999999));
#2066 = LINE('',#2067,#2068);
#2067 = CARTESIAN_POINT('',(-0.111842983568,4.1146024358E-02,
    0.299999999999));
#2068 = VECTOR('',#2069,1.);
#2069 = DIRECTION('',(0.,-1.,0.));
#2070 = ORIENTED_EDGE('',*,*,#2071,.T.);
#2071 = EDGE_CURVE('',#2064,#2072,#2074,.T.);
#2072 = VERTEX_POINT('',#2073);
#2073 = CARTESIAN_POINT('',(6.4986284724E-02,-1.3732024421E-02,
    0.299999999999));
#2074 = LINE('',#2075,#2076);
#2075 = CARTESIAN_POINT('',(-0.111842983568,-1.3732024421E-02,
    0.299999999999));
#2076 = VECTOR('',#2077,1.);
#2077 = DIRECTION('',(1.,0.,0.));
#2078 = ORIENTED_EDGE('',*,*,#2079,.T.);
#2079 = EDGE_CURVE('',#2072,#1990,#2080,.T.);
#2080 = LINE('',#2081,#2082);
#2081 = CARTESIAN_POINT('',(6.4986284724E-02,-1.3732024421E-02,
    0.299999999999));
#2082 = VECTOR('',#2083,1.);
#2083 = DIRECTION('',(0.,-1.,0.));
#2084 = FACE_BOUND('',#2085,.T.);
#2085 = EDGE_LOOP('',(#2086,#2104,#2112,#2128,#2152,#2176,#2192,#2200,
    #2216,#2240));
#2086 = ORIENTED_EDGE('',*,*,#2087,.T.);
#2087 = EDGE_CURVE('',#2088,#2090,#2092,.T.);
#2088 = VERTEX_POINT('',#2089);
#2089 = CARTESIAN_POINT('',(0.357955034724,-0.190561292714,
    0.299999999999));
#2090 = VERTEX_POINT('',#2091);
#2091 = CARTESIAN_POINT('',(0.229620431065,-0.158549097592,
    0.299999999999));
#2092 = B_SPLINE_CURVE_WITH_KNOTS('',3,(#2093,#2094,#2095,#2096,#2097,
    #2098,#2099,#2100,#2101,#2102,#2103),.UNSPECIFIED.,.F.,.F.,(4,1,1,1,
    1,1,1,1,4),(0.,0.135294604763,0.266765657924,0.394816018835,
    0.520051654434,0.64217570297,0.762651820558,0.88183400438,1.),
  .UNSPECIFIED.);
#2093 = CARTESIAN_POINT('',(0.357955034724,-0.190561292714,
    0.299999999999));
#2094 = CARTESIAN_POINT('',(0.351917324441,-0.19048202244,0.299999999999
    ));
#2095 = CARTESIAN_POINT('',(0.340012535194,-0.190325722145,
    0.299999999999));
#2096 = CARTESIAN_POINT('',(0.322456594273,-0.18872173467,0.299999999999
    ));
#2097 = CARTESIAN_POINT('',(0.305451479882,-0.186307625013,
    0.299999999999));
#2098 = CARTESIAN_POINT('',(0.289071104455,-0.182754267652,0.3));
#2099 = CARTESIAN_POINT('',(0.273259307467,-0.178306266227,
    0.299999999999));
#2100 = CARTESIAN_POINT('',(0.258105730974,-0.172719235673,
    0.299999999999));
#2101 = CARTESIAN_POINT('',(0.243448451747,-0.16633769148,0.299999999999
    ));
#2102 = CARTESIAN_POINT('',(0.234216596129,-0.161137874681,
    0.299999999999));
#2103 = CARTESIAN_POINT('',(0.229620431065,-0.158549097592,
    0.299999999999));
#2104 = ORIENTED_EDGE('',*,*,#2105,.T.);
#2105 = EDGE_CURVE('',#2090,#2106,#2108,.T.);
#2106 = VERTEX_POINT('',#2107);
#2107 = CARTESIAN_POINT('',(0.229620431065,-0.213427146373,
    0.299999999999));
#2108 = LINE('',#2109,#2110);
#2109 = CARTESIAN_POINT('',(0.229620431065,-0.158549097592,
    0.299999999999));
#2110 = VECTOR('',#2111,1.);
#2111 = DIRECTION('',(0.,-1.,0.));
#2112 = ORIENTED_EDGE('',*,*,#2113,.T.);
#2113 = EDGE_CURVE('',#2106,#2114,#2116,.T.);
#2114 = VERTEX_POINT('',#2115);
#2115 = CARTESIAN_POINT('',(0.367196650577,-0.245439341495,
    0.299999999999));
#2116 = B_SPLINE_CURVE_WITH_KNOTS('',3,(#2117,#2118,#2119,#2120,#2121,
    #2122,#2123,#2124,#2125,#2126,#2127),.UNSPECIFIED.,.F.,.F.,(4,1,1,1,
    1,1,1,1,4),(0.,0.112448389908,0.226527675212,0.344401949326,
    0.465864972487,0.591659449352,0.722168487024,0.858606387554,1.),
  .UNSPECIFIED.);
#2117 = CARTESIAN_POINT('',(0.229620431065,-0.213427146373,
    0.299999999999));
#2118 = CARTESIAN_POINT('',(0.234312126452,-0.216016771208,
    0.299999999999));
#2119 = CARTESIAN_POINT('',(0.243763563239,-0.221233579505,
    0.299999999999));
#2120 = CARTESIAN_POINT('',(0.258878395481,-0.227670624561,0.3));
#2121 = CARTESIAN_POINT('',(0.274782861942,-0.233222878866,
    0.299999999999));
#2122 = CARTESIAN_POINT('',(0.291616168182,-0.237650303647,0.3));
#2123 = CARTESIAN_POINT('',(0.309266411339,-0.241208511522,
    0.299999999999));
#2124 = CARTESIAN_POINT('',(0.327827115956,-0.243618613215,
    0.299999999999));
#2125 = CARTESIAN_POINT('',(0.347224750422,-0.245205104721,
    0.299999999999));
#2126 = CARTESIAN_POINT('',(0.36046065376,-0.245360339589,0.299999999999
    ));
#2127 = CARTESIAN_POINT('',(0.367196650577,-0.245439341495,
    0.299999999999));
#2128 = ORIENTED_EDGE('',*,*,#2129,.T.);
#2129 = EDGE_CURVE('',#2114,#2130,#2132,.T.);
#2130 = VERTEX_POINT('',#2131);
#2131 = CARTESIAN_POINT('',(0.601571650577,1.226054846E-03,
    0.299999999999));
#2132 = B_SPLINE_CURVE_WITH_KNOTS('',3,(#2133,#2134,#2135,#2136,#2137,
    #2138,#2139,#2140,#2141,#2142,#2143,#2144,#2145,#2146,#2147,#2148,
    #2149,#2150,#2151),.UNSPECIFIED.,.F.,.F.,(4,1,1,1,1,1,1,1,1,1,1,1,1,
    1,1,1,4),(0.,6.7833248455E-02,0.132655536507,0.19505088405,
    0.255582933068,0.314799834147,0.373600472826,0.432545595326,
    0.492430629283,0.552671255962,0.612513044188,0.672610250357,
    0.733838369313,0.796594238567,0.86144979929,0.92919894235,1.),
  .UNSPECIFIED.);
#2133 = CARTESIAN_POINT('',(0.367196650577,-0.245439341495,
    0.299999999999));
#2134 = CARTESIAN_POINT('',(0.375876181353,-0.245245762952,
    0.299999999999));
#2135 = CARTESIAN_POINT('',(0.392849978685,-0.244867198369,0.3));
#2136 = CARTESIAN_POINT('',(0.417646209618,-0.24168292224,0.299999999999
    ));
#2137 = CARTESIAN_POINT('',(0.441104348008,-0.236366664792,0.3));
#2138 = CARTESIAN_POINT('',(0.463216246127,-0.228897127636,0.3));
#2139 = CARTESIAN_POINT('',(0.484059261756,-0.219458588786,
    0.299999999999));
#2140 = CARTESIAN_POINT('',(0.503525425997,-0.207791623589,
    0.299999999999));
#2141 = CARTESIAN_POINT('',(0.521485920333,-0.193804350898,
    0.299999999999));
#2142 = CARTESIAN_POINT('',(0.538178409329,-0.178060605382,
    0.299999999999));
#2143 = CARTESIAN_POINT('',(0.553072585146,-0.160445551851,0.3));
#2144 = CARTESIAN_POINT('',(0.566109625308,-0.141392209443,
    0.299999999999));
#2145 = CARTESIAN_POINT('',(0.577138899596,-0.120959840629,
    0.299999999999));
#2146 = CARTESIAN_POINT('',(0.586088410346,-9.9137228285E-02,
    0.299999999999));
#2147 = CARTESIAN_POINT('',(0.593062727055,-7.5968670489E-02,
    0.299999999999));
#2148 = CARTESIAN_POINT('',(0.597939995468,-5.1433312273E-02,
    0.299999999999));
#2149 = CARTESIAN_POINT('',(0.601109564118,-2.556557633E-02,
    0.299999999999));
#2150 = CARTESIAN_POINT('',(0.601415376331,-7.834678002E-03,
    0.299999999999));
#2151 = CARTESIAN_POINT('',(0.601571650577,1.226054846E-03,
    0.299999999999));
#2152 = ORIENTED_EDGE('',*,*,#2153,.T.);
#2153 = EDGE_CURVE('',#2130,#2154,#2156,.T.);
#2154 = VERTEX_POINT('',#2155);
#2155 = CARTESIAN_POINT('',(0.347284303016,0.266755780456,0.299999999999
    ));
#2156 = B_SPLINE_CURVE_WITH_KNOTS('',3,(#2157,#2158,#2159,#2160,#2161,
    #2162,#2163,#2164,#2165,#2166,#2167,#2168,#2169,#2170,#2171,#2172,
    #2173,#2174,#2175),.UNSPECIFIED.,.F.,.F.,(4,1,1,1,1,1,1,1,1,1,1,1,1,
    1,1,1,4),(0.,7.0643718575E-02,0.138256715508,0.203364124217,
    0.266324093803,0.327904761542,0.388737715173,0.449423528109,
    0.510861011459,0.572079396047,0.631734428731,0.691117210578,
    0.75036002949,0.810032900531,0.871362450828,0.934427141231,1.),
  .UNSPECIFIED.);
#2157 = CARTESIAN_POINT('',(0.601571650577,1.226054846E-03,
    0.299999999999));
#2158 = CARTESIAN_POINT('',(0.60135388885,1.0953810401E-02,0.3));
#2159 = CARTESIAN_POINT('',(0.6009277077,2.9991986185E-02,0.299999999999
    ));
#2160 = CARTESIAN_POINT('',(0.597540149857,5.7830465374E-02,
    0.299999999999));
#2161 = CARTESIAN_POINT('',(0.591981720655,8.4227463101E-02,0.3));
#2162 = CARTESIAN_POINT('',(0.584026878485,0.109142909441,0.299999999999
    ));
#2163 = CARTESIAN_POINT('',(0.573897033376,0.132610479233,0.299999999999
    ));
#2164 = CARTESIAN_POINT('',(0.561583575969,0.15466139818,0.299999999999)
  );
#2165 = CARTESIAN_POINT('',(0.546886425382,0.175182053073,0.3));
#2166 = CARTESIAN_POINT('',(0.530039638137,0.194032966084,0.299999999999
    ));
#2167 = CARTESIAN_POINT('',(0.511600660775,0.211119719334,0.299999999999
    ));
#2168 = CARTESIAN_POINT('',(0.491705082187,0.226029930738,0.299999999999
    ));
#2169 = CARTESIAN_POINT('',(0.470592892233,0.238630305183,0.299999999999
    ));
#2170 = CARTESIAN_POINT('',(0.448293974184,0.249003933388,0.299999999999
    ));
#2171 = CARTESIAN_POINT('',(0.424726353516,0.25692256482,0.299999999999)
  );
#2172 = CARTESIAN_POINT('',(0.400000296626,0.262609515564,0.299999999999
    ));
#2173 = CARTESIAN_POINT('',(0.374030647564,0.26613347976,0.299999999999)
  );
#2174 = CARTESIAN_POINT('',(0.356314891501,0.266545667949,0.299999999999
    ));
#2175 = CARTESIAN_POINT('',(0.347284303016,0.266755780456,0.299999999999
    ));
#2176 = ORIENTED_EDGE('',*,*,#2177,.T.);
#2177 = EDGE_CURVE('',#2154,#2178,#2180,.T.);
#2178 = VERTEX_POINT('',#2179);
#2179 = CARTESIAN_POINT('',(0.229620431065,0.246938707285,0.3));
#2180 = B_SPLINE_CURVE_WITH_KNOTS('',3,(#2181,#2182,#2183,#2184,#2185,
    #2186,#2187,#2188,#2189,#2190,#2191),.UNSPECIFIED.,.F.,.F.,(4,1,1,1,
    1,1,1,1,4),(0.,0.145186866472,0.283442610919,0.416524365928,
    0.543181123535,0.665153082637,0.781360206312,0.892756655641,1.),
  .UNSPECIFIED.);
#2181 = CARTESIAN_POINT('',(0.347284303016,0.266755780456,0.299999999999
    ));
#2182 = CARTESIAN_POINT('',(0.341470872704,0.266714108238,0.299999999999
    ));
#2183 = CARTESIAN_POINT('',(0.33012154128,0.266632753205,0.3));
#2184 = CARTESIAN_POINT('',(0.313471918796,0.265612553573,0.299999999999
    ));
#2185 = CARTESIAN_POINT('',(0.297598280232,0.264170699213,0.3));
#2186 = CARTESIAN_POINT('',(0.282477654562,0.261922388346,0.299999999999
    ));
#2187 = CARTESIAN_POINT('',(0.268110819821,0.25924600865,0.3));
#2188 = CARTESIAN_POINT('',(0.254551596341,0.255757219387,0.299999999999
    ));
#2189 = CARTESIAN_POINT('',(0.241714748173,0.251848057244,0.299999999999
    ));
#2190 = CARTESIAN_POINT('',(0.23360049282,0.2485543021,0.3));
#2191 = CARTESIAN_POINT('',(0.229620431065,0.246938707285,0.3));
#2192 = ORIENTED_EDGE('',*,*,#2193,.T.);
#2193 = EDGE_CURVE('',#2178,#2194,#2196,.T.);
#2194 = VERTEX_POINT('',#2195);
#2195 = CARTESIAN_POINT('',(0.229620431065,0.179865536553,0.299999999999
    ));
#2196 = LINE('',#2197,#2198);
#2197 = CARTESIAN_POINT('',(0.229620431065,0.246938707285,0.299999999999
    ));
#2198 = VECTOR('',#2199,1.);
#2199 = DIRECTION('',(0.,-1.,0.));
#2200 = ORIENTED_EDGE('',*,*,#2201,.T.);
#2201 = EDGE_CURVE('',#2194,#2202,#2204,.T.);
#2202 = VERTEX_POINT('',#2203);
#2203 = CARTESIAN_POINT('',(0.346712656675,0.211877731675,0.299999999999
    ));
#2204 = B_SPLINE_CURVE_WITH_KNOTS('',3,(#2205,#2206,#2207,#2208,#2209,
    #2210,#2211,#2212,#2213,#2214,#2215),.UNSPECIFIED.,.F.,.F.,(4,1,1,1,
    1,1,1,1,4),(0.,0.125279696735,0.249419970742,0.373356799492,
    0.496681278782,0.620202915743,0.745086320161,0.871269195019,1.),
  .UNSPECIFIED.);
#2205 = CARTESIAN_POINT('',(0.229620431065,0.179865536553,0.299999999999
    ));
#2206 = CARTESIAN_POINT('',(0.234060623879,0.182445623049,0.299999999999
    ));
#2207 = CARTESIAN_POINT('',(0.242900625815,0.187582330074,0.3));
#2208 = CARTESIAN_POINT('',(0.256804341622,0.194004224787,0.299999999999
    ));
#2209 = CARTESIAN_POINT('',(0.270975963198,0.199574293874,0.299999999999
    ));
#2210 = CARTESIAN_POINT('',(0.285514698975,0.204020794289,0.299999999999
    ));
#2211 = CARTESIAN_POINT('',(0.300329046472,0.207611377499,0.299999999999
    ));
#2212 = CARTESIAN_POINT('',(0.315496689142,0.210019682856,0.3));
#2213 = CARTESIAN_POINT('',(0.330988889676,0.21163999965,0.299999999999)
  );
#2214 = CARTESIAN_POINT('',(0.34143659182,0.211797961377,0.299999999999)
  );
#2215 = CARTESIAN_POINT('',(0.346712656675,0.211877731675,0.299999999999
    ));
#2216 = ORIENTED_EDGE('',*,*,#2217,.T.);
#2217 = EDGE_CURVE('',#2202,#2218,#2220,.T.);
#2218 = VERTEX_POINT('',#2219);
#2219 = CARTESIAN_POINT('',(0.534498479845,5.322853626E-03,
    0.299999999999));
#2220 = B_SPLINE_CURVE_WITH_KNOTS('',3,(#2221,#2222,#2223,#2224,#2225,
    #2226,#2227,#2228,#2229,#2230,#2231,#2232,#2233,#2234,#2235,#2236,
    #2237,#2238,#2239),.UNSPECIFIED.,.F.,.F.,(4,1,1,1,1,1,1,1,1,1,1,1,1,
    1,1,1,4),(0.,6.4603970288E-02,0.126702413962,0.186756814035,
    0.245505687365,0.303652024449,0.36150307397,0.420240222928,
    0.480033340776,0.540678134775,0.60119180638,0.662333502477,
    0.724739510297,0.789467736172,0.856504860043,0.926312095839,1.),
  .UNSPECIFIED.);
#2221 = CARTESIAN_POINT('',(0.346712656675,0.211877731675,0.299999999999
    ));
#2222 = CARTESIAN_POINT('',(0.353487337607,0.211732063632,0.3));
#2223 = CARTESIAN_POINT('',(0.366773957982,0.211446376969,0.3));
#2224 = CARTESIAN_POINT('',(0.386184696838,0.208641462126,0.299999999999
    ));
#2225 = CARTESIAN_POINT('',(0.404698393429,0.20444499251,0.3));
#2226 = CARTESIAN_POINT('',(0.422240809088,0.198303133871,0.299999999999
    ));
#2227 = CARTESIAN_POINT('',(0.438792024321,0.190376118698,0.3));
#2228 = CARTESIAN_POINT('',(0.454337686321,0.180634215042,0.299999999999
    ));
#2229 = CARTESIAN_POINT('',(0.468973266849,0.169286288855,0.299999999999
    ));
#2230 = CARTESIAN_POINT('',(0.482475505099,0.156190770228,0.3));
#2231 = CARTESIAN_POINT('',(0.494779799987,0.14170921834,0.299999999999)
  );
#2232 = CARTESIAN_POINT('',(0.505341215155,0.125745863005,0.3));
#2233 = CARTESIAN_POINT('',(0.514499565265,0.108732772961,0.299999999999
    ));
#2234 = CARTESIAN_POINT('',(0.521833554227,9.0371457844E-02,0.3));
#2235 = CARTESIAN_POINT('',(0.527513303849,7.0802795909E-02,
    0.299999999999));
#2236 = CARTESIAN_POINT('',(0.531612885864,5.0053488576E-02,
    0.299999999999));
#2237 = CARTESIAN_POINT('',(0.533988127205,2.8085266867E-02,0.3));
#2238 = CARTESIAN_POINT('',(0.534325322606,1.3045899098E-02,
    0.299999999999));
#2239 = CARTESIAN_POINT('',(0.534498479845,5.322853626E-03,
    0.299999999999));
#2240 = ORIENTED_EDGE('',*,*,#2241,.T.);
#2241 = EDGE_CURVE('',#2218,#2088,#2242,.T.);
#2242 = B_SPLINE_CURVE_WITH_KNOTS('',3,(#2243,#2244,#2245,#2246,#2247,
    #2248,#2249,#2250,#2251,#2252,#2253,#2254,#2255,#2256,#2257,#2258,
    #2259,#2260,#2261),.UNSPECIFIED.,.F.,.F.,(4,1,1,1,1,1,1,1,1,1,1,1,1,
    1,1,1,4),(0.,7.3774119374E-02,0.144079114726,0.211348518308,
    0.276076885739,0.338520915819,0.399885116693,0.460254067465,
    0.520588964391,0.580207684563,0.638632908552,0.69636454949,
    0.75400177466,0.812805681374,0.872754425525,0.935181996978,1.),
  .UNSPECIFIED.);
#2243 = CARTESIAN_POINT('',(0.534498479845,5.322853626E-03,
    0.299999999999));
#2244 = CARTESIAN_POINT('',(0.53435956992,-1.987749221E-03,
    0.299999999999));
#2245 = CARTESIAN_POINT('',(0.534088282114,-1.6265184117E-02,0.3));
#2246 = CARTESIAN_POINT('',(0.531757488802,-3.7104023079E-02,
    0.299999999999));
#2247 = CARTESIAN_POINT('',(0.527981866681,-5.6807384001E-02,
    0.299999999999));
#2248 = CARTESIAN_POINT('',(0.522675695832,-7.5357899591E-02,
    0.299999999999));
#2249 = CARTESIAN_POINT('',(0.515756643237,-9.2738402629E-02,
    0.299999999999));
#2250 = CARTESIAN_POINT('',(0.507398670194,-0.108995073056,0.3));
#2251 = CARTESIAN_POINT('',(0.497405661318,-0.124054498873,
    0.299999999999));
#2252 = CARTESIAN_POINT('',(0.485998211419,-0.137846178497,0.3));
#2253 = CARTESIAN_POINT('',(0.473332937242,-0.150214004552,
    0.299999999999));
#2254 = CARTESIAN_POINT('',(0.459675058272,-0.161075734713,0.3));
#2255 = CARTESIAN_POINT('',(0.444994818203,-0.170141898128,0.3));
#2256 = CARTESIAN_POINT('',(0.429429107865,-0.177659848569,
    0.299999999999));
#2257 = CARTESIAN_POINT('',(0.412907598339,-0.183472261166,0.3));
#2258 = CARTESIAN_POINT('',(0.395399363183,-0.187546966239,
    0.299999999999));
#2259 = CARTESIAN_POINT('',(0.376988160141,-0.190070750893,
    0.299999999999));
#2260 = CARTESIAN_POINT('',(0.364378372229,-0.190395743672,
    0.299999999999));
#2261 = CARTESIAN_POINT('',(0.357955034724,-0.190561292714,
    0.299999999999));
#2262 = FACE_BOUND('',#2263,.T.);
#2263 = EDGE_LOOP('',(#2264,#2274,#2282,#2290,#2298,#2306));
#2264 = ORIENTED_EDGE('',*,*,#2265,.T.);
#2265 = EDGE_CURVE('',#2266,#2268,#2270,.T.);
#2266 = VERTEX_POINT('',#2267);
#2267 = CARTESIAN_POINT('',(0.83327896765,-0.184463731739,0.299999999999
    ));
#2268 = VERTEX_POINT('',#2269);
#2269 = CARTESIAN_POINT('',(0.644254577406,-0.184463731739,
    0.299999999999));
#2270 = LINE('',#2271,#2272);
#2271 = CARTESIAN_POINT('',(0.83327896765,-0.184463731739,0.299999999999
    ));
#2272 = VECTOR('',#2273,1.);
#2273 = DIRECTION('',(-1.,0.,0.));
#2274 = ORIENTED_EDGE('',*,*,#2275,.T.);
#2275 = EDGE_CURVE('',#2268,#2276,#2278,.T.);
#2276 = VERTEX_POINT('',#2277);
#2277 = CARTESIAN_POINT('',(0.644254577406,-0.239341780519,
    0.299999999999));
#2278 = LINE('',#2279,#2280);
#2279 = CARTESIAN_POINT('',(0.644254577406,-0.184463731739,
    0.299999999999));
#2280 = VECTOR('',#2281,1.);
#2281 = DIRECTION('',(0.,-1.,0.));
#2282 = ORIENTED_EDGE('',*,*,#2283,.T.);
#2283 = EDGE_CURVE('',#2276,#2284,#2286,.T.);
#2284 = VERTEX_POINT('',#2285);
#2285 = CARTESIAN_POINT('',(0.900352138382,-0.239341780519,
    0.299999999999));
#2286 = LINE('',#2287,#2288);
#2287 = CARTESIAN_POINT('',(0.644254577406,-0.239341780519,
    0.299999999999));
#2288 = VECTOR('',#2289,1.);
#2289 = DIRECTION('',(1.,0.,0.));
#2290 = ORIENTED_EDGE('',*,*,#2291,.T.);
#2291 = EDGE_CURVE('',#2284,#2292,#2294,.T.);
#2292 = VERTEX_POINT('',#2293);
#2293 = CARTESIAN_POINT('',(0.900352138382,0.26065821948,0.299999999999)
  );
#2294 = LINE('',#2295,#2296);
#2295 = CARTESIAN_POINT('',(0.900352138382,-0.239341780519,
    0.299999999999));
#2296 = VECTOR('',#2297,1.);
#2297 = DIRECTION('',(0.,1.,0.));
#2298 = ORIENTED_EDGE('',*,*,#2299,.T.);
#2299 = EDGE_CURVE('',#2292,#2300,#2302,.T.);
#2300 = VERTEX_POINT('',#2301);
#2301 = CARTESIAN_POINT('',(0.83327896765,0.26065821948,0.299999999999)
  );
#2302 = LINE('',#2303,#2304);
#2303 = CARTESIAN_POINT('',(0.900352138382,0.26065821948,0.299999999999)
  );
#2304 = VECTOR('',#2305,1.);
#2305 = DIRECTION('',(-1.,0.,0.));
#2306 = ORIENTED_EDGE('',*,*,#2307,.T.);
#2307 = EDGE_CURVE('',#2300,#2266,#2308,.T.);
#2308 = LINE('',#2309,#2310);
#2309 = CARTESIAN_POINT('',(0.83327896765,0.26065821948,0.299999999999)
  );
#2310 = VECTOR('',#2311,1.);
#2311 = DIRECTION('',(0.,-1.,0.));
#2312 = PLANE('',#2313);
#2313 = AXIS2_PLACEMENT_3D('',#2314,#2315,#2316);
#2314 = CARTESIAN_POINT('',(0.,0.,0.299999999999));
#2315 = DIRECTION('',(0.,0.,-1.));
#2316 = DIRECTION('',(-1.,0.,0.));
#2317 = ADVANCED_FACE('',(#2318),#2336,.T.);
#2318 = FACE_BOUND('',#2319,.T.);
#2319 = EDGE_LOOP('',(#2320,#2321,#2328,#2329));
#2320 = ORIENTED_EDGE('',*,*,#294,.F.);
#2321 = ORIENTED_EDGE('',*,*,#2322,.T.);
#2322 = EDGE_CURVE('',#252,#250,#2323,.T.);
#2323 = CIRCLE('',#2324,4.5);
#2324 = AXIS2_PLACEMENT_3D('',#2325,#2326,#2327);
#2325 = CARTESIAN_POINT('',(0.,0.,5.299999999999));
#2326 = DIRECTION('',(0.,0.,-1.));
#2327 = DIRECTION('',(1.,0.,0.));
#2328 = ORIENTED_EDGE('',*,*,#311,.T.);
#2329 = ORIENTED_EDGE('',*,*,#2330,.T.);
#2330 = EDGE_CURVE('',#303,#295,#2331,.T.);
#2331 = CIRCLE('',#2332,4.5);
#2332 = AXIS2_PLACEMENT_3D('',#2333,#2334,#2335);
#2333 = CARTESIAN_POINT('',(0.,0.,0.));
#2334 = DIRECTION('',(0.,0.,1.));
#2335 = DIRECTION('',(1.,0.,-0.));
#2336 = CYLINDRICAL_SURFACE('',#2337,4.5);
#2337 = AXIS2_PLACEMENT_3D('',#2338,#2339,#2340);
#2338 = CARTESIAN_POINT('',(0.,0.,5.5));
#2339 = DIRECTION('',(0.,0.,-1.));
#2340 = DIRECTION('',(-1.,0.,0.));
#2341 = ADVANCED_FACE('',(#2342,#2352),#2356,.F.);
#2342 = FACE_BOUND('',#2343,.T.);
#2343 = EDGE_LOOP('',(#2344,#2351));
#2344 = ORIENTED_EDGE('',*,*,#2345,.F.);
#2345 = EDGE_CURVE('',#210,#218,#2346,.T.);
#2346 = CIRCLE('',#2347,4.);
#2347 = AXIS2_PLACEMENT_3D('',#2348,#2349,#2350);
#2348 = CARTESIAN_POINT('',(0.,0.,0.));
#2349 = DIRECTION('',(0.,0.,-1.));
#2350 = DIRECTION('',(-1.,0.,0.));
#2351 = ORIENTED_EDGE('',*,*,#217,.F.);
#2352 = FACE_BOUND('',#2353,.T.);
#2353 = EDGE_LOOP('',(#2354,#2355));
#2354 = ORIENTED_EDGE('',*,*,#2330,.F.);
#2355 = ORIENTED_EDGE('',*,*,#302,.F.);
#2356 = PLANE('',#2357);
#2357 = AXIS2_PLACEMENT_3D('',#2358,#2359,#2360);
#2358 = CARTESIAN_POINT('',(0.,0.,0.));
#2359 = DIRECTION('',(0.,0.,1.));
#2360 = DIRECTION('',(1.,0.,-0.));
#2361 = ADVANCED_FACE('',(#2362),#2368,.T.);
#2362 = FACE_BOUND('',#2363,.T.);
#2363 = EDGE_LOOP('',(#2364,#2365,#2366,#2367));
#2364 = ORIENTED_EDGE('',*,*,#260,.F.);
#2365 = ORIENTED_EDGE('',*,*,#2322,.F.);
#2366 = ORIENTED_EDGE('',*,*,#278,.T.);
#2367 = ORIENTED_EDGE('',*,*,#1010,.F.);
#2368 = TOROIDAL_SURFACE('',#2369,4.299999999999,0.2);
#2369 = AXIS2_PLACEMENT_3D('',#2370,#2371,#2372);
#2370 = CARTESIAN_POINT('',(0.,0.,5.299999999999));
#2371 = DIRECTION('',(0.,0.,1.));
#2372 = DIRECTION('',(1.,0.,-0.));
#2373 = ADVANCED_FACE('',(#2374),#2380,.F.);
#2374 = FACE_BOUND('',#2375,.F.);
#2375 = EDGE_LOOP('',(#2376,#2377,#2378,#2379));
#2376 = ORIENTED_EDGE('',*,*,#2345,.F.);
#2377 = ORIENTED_EDGE('',*,*,#207,.F.);
#2378 = ORIENTED_EDGE('',*,*,#1905,.T.);
#2379 = ORIENTED_EDGE('',*,*,#226,.T.);
#2380 = CYLINDRICAL_SURFACE('',#2381,4.);
#2381 = AXIS2_PLACEMENT_3D('',#2382,#2383,#2384);
#2382 = CARTESIAN_POINT('',(0.,0.,0.299999999999));
#2383 = DIRECTION('',(0.,0.,-1.));
#2384 = DIRECTION('',(-1.,0.,0.));
#2385 = ADVANCED_FACE('',(#2386),#2398,.T.);
#2386 = FACE_BOUND('',#2387,.T.);
#2387 = EDGE_LOOP('',(#2388,#2389,#2396,#2397));
#2388 = ORIENTED_EDGE('',*,*,#176,.F.);
#2389 = ORIENTED_EDGE('',*,*,#2390,.T.);
#2390 = EDGE_CURVE('',#168,#166,#2391,.T.);
#2391 = CIRCLE('',#2392,0.299999999999);
#2392 = AXIS2_PLACEMENT_3D('',#2393,#2394,#2395);
#2393 = CARTESIAN_POINT('',(-1.004696911836E-16,2.5,-5.5));
#2394 = DIRECTION('',(0.,0.,1.));
#2395 = DIRECTION('',(1.,0.,-0.));
#2396 = ORIENTED_EDGE('',*,*,#193,.T.);
#2397 = ORIENTED_EDGE('',*,*,#1895,.T.);
#2398 = CYLINDRICAL_SURFACE('',#2399,0.299999999999);
#2399 = AXIS2_PLACEMENT_3D('',#2400,#2401,#2402);
#2400 = CARTESIAN_POINT('',(-1.004696911836E-16,2.5,-11.84852813742));
#2401 = DIRECTION('',(0.,0.,1.));
#2402 = DIRECTION('',(1.,0.,-0.));
#2403 = ADVANCED_FACE('',(#2404),#2408,.F.);
#2404 = FACE_BOUND('',#2405,.T.);
#2405 = EDGE_LOOP('',(#2406,#2407));
#2406 = ORIENTED_EDGE('',*,*,#165,.F.);
#2407 = ORIENTED_EDGE('',*,*,#2390,.F.);
#2408 = PLANE('',#2409);
#2409 = AXIS2_PLACEMENT_3D('',#2410,#2411,#2412);
#2410 = CARTESIAN_POINT('',(0.,0.,-5.5));
#2411 = DIRECTION('',(0.,0.,1.));
#2412 = DIRECTION('',(1.,0.,-0.));
#2413 = ADVANCED_FACE('',(#2414),#2426,.T.);
#2414 = FACE_BOUND('',#2415,.T.);
#2415 = EDGE_LOOP('',(#2416,#2417,#2424,#2425));
#2416 = ORIENTED_EDGE('',*,*,#134,.F.);
#2417 = ORIENTED_EDGE('',*,*,#2418,.F.);
#2418 = EDGE_CURVE('',#126,#124,#2419,.T.);
#2419 = CIRCLE('',#2420,0.299999999999);
#2420 = AXIS2_PLACEMENT_3D('',#2421,#2422,#2423);
#2421 = CARTESIAN_POINT('',(-2.874047840756E-16,-2.5,-3.7));
#2422 = DIRECTION('',(0.,0.,-1.));
#2423 = DIRECTION('',(-1.,0.,0.));
#2424 = ORIENTED_EDGE('',*,*,#151,.T.);
#2425 = ORIENTED_EDGE('',*,*,#1885,.T.);
#2426 = CYLINDRICAL_SURFACE('',#2427,0.299999999999);
#2427 = AXIS2_PLACEMENT_3D('',#2428,#2429,#2430);
#2428 = CARTESIAN_POINT('',(-2.874047840756E-16,-2.5,-3.7));
#2429 = DIRECTION('',(0.,0.,1.));
#2430 = DIRECTION('',(1.,0.,-0.));
#2431 = ADVANCED_FACE('',(#2432),#2436,.T.);
#2432 = FACE_BOUND('',#2433,.T.);
#2433 = EDGE_LOOP('',(#2434,#2435));
#2434 = ORIENTED_EDGE('',*,*,#2418,.T.);
#2435 = ORIENTED_EDGE('',*,*,#123,.T.);
#2436 = PLANE('',#2437);
#2437 = AXIS2_PLACEMENT_3D('',#2438,#2439,#2440);
#2438 = CARTESIAN_POINT('',(-2.874047840756E-16,-2.5,-3.7));
#2439 = DIRECTION('',(0.,0.,-1.));
#2440 = DIRECTION('',(-1.,0.,0.));
#2441 = ADVANCED_FACE('',(#2442),#2454,.F.);
#2442 = FACE_BOUND('',#2443,.F.);
#2443 = EDGE_LOOP('',(#2444,#2445,#2446,#2453));
#2444 = ORIENTED_EDGE('',*,*,#999,.F.);
#2445 = ORIENTED_EDGE('',*,*,#81,.F.);
#2446 = ORIENTED_EDGE('',*,*,#2447,.T.);
#2447 = EDGE_CURVE('',#82,#101,#2448,.T.);
#2448 = CIRCLE('',#2449,0.5);
#2449 = AXIS2_PLACEMENT_3D('',#2450,#2451,#2452);
#2450 = CARTESIAN_POINT('',(0.,0.,4.5));
#2451 = DIRECTION('',(0.,0.,1.));
#2452 = DIRECTION('',(1.,0.,-0.));
#2453 = ORIENTED_EDGE('',*,*,#100,.T.);
#2454 = CYLINDRICAL_SURFACE('',#2455,0.5);
#2455 = AXIS2_PLACEMENT_3D('',#2456,#2457,#2458);
#2456 = CARTESIAN_POINT('',(0.,0.,4.5));
#2457 = DIRECTION('',(0.,0.,1.));
#2458 = DIRECTION('',(1.,0.,-0.));
#2459 = ADVANCED_FACE('',(#2460),#2464,.T.);
#2460 = FACE_BOUND('',#2461,.T.);
#2461 = EDGE_LOOP('',(#2462,#2463));
#2462 = ORIENTED_EDGE('',*,*,#2447,.T.);
#2463 = ORIENTED_EDGE('',*,*,#108,.T.);
#2464 = PLANE('',#2465);
#2465 = AXIS2_PLACEMENT_3D('',#2466,#2467,#2468);
#2466 = CARTESIAN_POINT('',(0.,0.,4.5));
#2467 = DIRECTION('',(0.,0.,1.));
#2468 = DIRECTION('',(1.,0.,-0.));
#2469 = ADVANCED_FACE('',(#2470),#2482,.F.);
#2470 = FACE_BOUND('',#2471,.F.);
#2471 = EDGE_LOOP('',(#2472,#2473,#2474,#2481));
#2472 = ORIENTED_EDGE('',*,*,#989,.F.);
#2473 = ORIENTED_EDGE('',*,*,#39,.F.);
#2474 = ORIENTED_EDGE('',*,*,#2475,.T.);
#2475 = EDGE_CURVE('',#40,#59,#2476,.T.);
#2476 = CIRCLE('',#2477,0.319034116356);
#2477 = AXIS2_PLACEMENT_3D('',#2478,#2479,#2480);
#2478 = CARTESIAN_POINT('',(0.,3.153329901616,5.498999999999));
#2479 = DIRECTION('',(0.,0.,1.));
#2480 = DIRECTION('',(1.,0.,-0.));
#2481 = ORIENTED_EDGE('',*,*,#58,.T.);
#2482 = CYLINDRICAL_SURFACE('',#2483,0.319034116356);
#2483 = AXIS2_PLACEMENT_3D('',#2484,#2485,#2486);
#2484 = CARTESIAN_POINT('',(0.,3.153329901616,5.498999999999));
#2485 = DIRECTION('',(0.,0.,1.));
#2486 = DIRECTION('',(1.,0.,-0.));
#2487 = ADVANCED_FACE('',(#2488),#2492,.T.);
#2488 = FACE_BOUND('',#2489,.T.);
#2489 = EDGE_LOOP('',(#2490,#2491));
#2490 = ORIENTED_EDGE('',*,*,#2475,.T.);
#2491 = ORIENTED_EDGE('',*,*,#66,.T.);
#2492 = PLANE('',#2493);
#2493 = AXIS2_PLACEMENT_3D('',#2494,#2495,#2496);
#2494 = CARTESIAN_POINT('',(0.,3.153329901616,5.498999999999));
#2495 = DIRECTION('',(0.,0.,1.));
#2496 = DIRECTION('',(1.,0.,-0.));
#2497 = ADVANCED_FACE('',(#2498),#2523,.T.);
#2498 = FACE_BOUND('',#2499,.T.);
#2499 = EDGE_LOOP('',(#2500,#2501,#2509,#2517));
#2500 = ORIENTED_EDGE('',*,*,#1829,.F.);
#2501 = ORIENTED_EDGE('',*,*,#2502,.F.);
#2502 = EDGE_CURVE('',#2503,#1822,#2505,.T.);
#2503 = VERTEX_POINT('',#2504);
#2504 = CARTESIAN_POINT('',(-0.9289161543,0.26065821948,0.300999999999)
  );
#2505 = LINE('',#2506,#2507);
#2506 = CARTESIAN_POINT('',(-0.9289161543,0.26065821948,0.300999999999)
  );
#2507 = VECTOR('',#2508,1.);
#2508 = DIRECTION('',(0.,0.,-1.));
#2509 = ORIENTED_EDGE('',*,*,#2510,.T.);
#2510 = EDGE_CURVE('',#2503,#2511,#2513,.T.);
#2511 = VERTEX_POINT('',#2512);
#2512 = CARTESIAN_POINT('',(-1.124038105519,-0.239341780519,
    0.300999999999));
#2513 = LINE('',#2514,#2515);
#2514 = CARTESIAN_POINT('',(-0.9289161543,0.26065821948,0.300999999999)
  );
#2515 = VECTOR('',#2516,1.);
#2516 = DIRECTION('',(-0.363542485652,-0.931577619485,0.));
#2517 = ORIENTED_EDGE('',*,*,#2518,.T.);
#2518 = EDGE_CURVE('',#2511,#1830,#2519,.T.);
#2519 = LINE('',#2520,#2521);
#2520 = CARTESIAN_POINT('',(-1.124038105519,-0.239341780519,
    0.300999999999));
#2521 = VECTOR('',#2522,1.);
#2522 = DIRECTION('',(0.,0.,-1.));
#2523 = PLANE('',#2524);
#2524 = AXIS2_PLACEMENT_3D('',#2525,#2526,#2527);
#2525 = CARTESIAN_POINT('',(-0.9289161543,0.26065821948,0.300999999999)
  );
#2526 = DIRECTION('',(0.931577619485,-0.363542485652,0.));
#2527 = DIRECTION('',(0.363542485652,0.931577619485,0.));
#2528 = ADVANCED_FACE('',(#2529),#2547,.T.);
#2529 = FACE_BOUND('',#2530,.T.);
#2530 = EDGE_LOOP('',(#2531,#2532,#2533,#2541));
#2531 = ORIENTED_EDGE('',*,*,#1837,.F.);
#2532 = ORIENTED_EDGE('',*,*,#2518,.F.);
#2533 = ORIENTED_EDGE('',*,*,#2534,.T.);
#2534 = EDGE_CURVE('',#2511,#2535,#2537,.T.);
#2535 = VERTEX_POINT('',#2536);
#2536 = CARTESIAN_POINT('',(-1.050867373812,-0.239341780519,
    0.300999999999));
#2537 = LINE('',#2538,#2539);
#2538 = CARTESIAN_POINT('',(-1.124038105519,-0.239341780519,
    0.300999999999));
#2539 = VECTOR('',#2540,1.);
#2540 = DIRECTION('',(1.,0.,0.));
#2541 = ORIENTED_EDGE('',*,*,#2542,.T.);
#2542 = EDGE_CURVE('',#2535,#1838,#2543,.T.);
#2543 = LINE('',#2544,#2545);
#2544 = CARTESIAN_POINT('',(-1.050867373812,-0.239341780519,
    0.300999999999));
#2545 = VECTOR('',#2546,1.);
#2546 = DIRECTION('',(0.,0.,-1.));
#2547 = PLANE('',#2548);
#2548 = AXIS2_PLACEMENT_3D('',#2549,#2550,#2551);
#2549 = CARTESIAN_POINT('',(-1.124038105519,-0.239341780519,
    0.300999999999));
#2550 = DIRECTION('',(0.,1.,0.));
#2551 = DIRECTION('',(0.,-0.,1.));
#2552 = ADVANCED_FACE('',(#2553),#2571,.T.);
#2553 = FACE_BOUND('',#2554,.T.);
#2554 = EDGE_LOOP('',(#2555,#2556,#2557,#2565));
#2555 = ORIENTED_EDGE('',*,*,#1845,.F.);
#2556 = ORIENTED_EDGE('',*,*,#2542,.F.);
#2557 = ORIENTED_EDGE('',*,*,#2558,.T.);
#2558 = EDGE_CURVE('',#2535,#2559,#2561,.T.);
#2559 = VERTEX_POINT('',#2560);
#2560 = CARTESIAN_POINT('',(-1.000276672593,-9.909787808E-02,
    0.300999999999));
#2561 = LINE('',#2562,#2563);
#2562 = CARTESIAN_POINT('',(-1.050867373812,-0.239341780519,
    0.300999999999));
#2563 = VECTOR('',#2564,1.);
#2564 = DIRECTION('',(0.339330377274,0.940667260544,0.));
#2565 = ORIENTED_EDGE('',*,*,#2566,.T.);
#2566 = EDGE_CURVE('',#2559,#1846,#2567,.T.);
#2567 = LINE('',#2568,#2569);
#2568 = CARTESIAN_POINT('',(-1.000276672593,-9.909787808E-02,
    0.300999999999));
#2569 = VECTOR('',#2570,1.);
#2570 = DIRECTION('',(0.,0.,-1.));
#2571 = PLANE('',#2572);
#2572 = AXIS2_PLACEMENT_3D('',#2573,#2574,#2575);
#2573 = CARTESIAN_POINT('',(-1.050867373812,-0.239341780519,
    0.300999999999));
#2574 = DIRECTION('',(-0.940667260544,0.339330377274,0.));
#2575 = DIRECTION('',(-0.339330377274,-0.940667260544,0.));
#2576 = ADVANCED_FACE('',(#2577),#2595,.T.);
#2577 = FACE_BOUND('',#2578,.T.);
#2578 = EDGE_LOOP('',(#2579,#2580,#2581,#2589));
#2579 = ORIENTED_EDGE('',*,*,#1853,.F.);
#2580 = ORIENTED_EDGE('',*,*,#2566,.F.);
#2581 = ORIENTED_EDGE('',*,*,#2582,.T.);
#2582 = EDGE_CURVE('',#2559,#2583,#2585,.T.);
#2583 = VERTEX_POINT('',#2584);
#2584 = CARTESIAN_POINT('',(-0.793721794544,-9.909787808E-02,
    0.300999999999));
#2585 = LINE('',#2586,#2587);
#2586 = CARTESIAN_POINT('',(-1.000276672593,-9.909787808E-02,
    0.300999999999));
#2587 = VECTOR('',#2588,1.);
#2588 = DIRECTION('',(1.,0.,0.));
#2589 = ORIENTED_EDGE('',*,*,#2590,.T.);
#2590 = EDGE_CURVE('',#2583,#1854,#2591,.T.);
#2591 = LINE('',#2592,#2593);
#2592 = CARTESIAN_POINT('',(-0.793721794544,-9.909787808E-02,
    0.300999999999));
#2593 = VECTOR('',#2594,1.);
#2594 = DIRECTION('',(0.,0.,-1.));
#2595 = PLANE('',#2596);
#2596 = AXIS2_PLACEMENT_3D('',#2597,#2598,#2599);
#2597 = CARTESIAN_POINT('',(-1.000276672593,-9.909787808E-02,
    0.300999999999));
#2598 = DIRECTION('',(0.,1.,0.));
#2599 = DIRECTION('',(0.,-0.,1.));
#2600 = ADVANCED_FACE('',(#2601),#2619,.T.);
#2601 = FACE_BOUND('',#2602,.T.);
#2602 = EDGE_LOOP('',(#2603,#2604,#2605,#2613));
#2603 = ORIENTED_EDGE('',*,*,#1861,.F.);
#2604 = ORIENTED_EDGE('',*,*,#2590,.F.);
#2605 = ORIENTED_EDGE('',*,*,#2606,.T.);
#2606 = EDGE_CURVE('',#2583,#2607,#2609,.T.);
#2607 = VERTEX_POINT('',#2608);
#2608 = CARTESIAN_POINT('',(-0.745989325032,-0.239341780519,
    0.300999999999));
#2609 = LINE('',#2610,#2611);
#2610 = CARTESIAN_POINT('',(-0.793721794544,-9.909787808E-02,
    0.300999999999));
#2611 = VECTOR('',#2612,1.);
#2612 = DIRECTION('',(0.322202485606,-0.946670776072,0.));
#2613 = ORIENTED_EDGE('',*,*,#2614,.T.);
#2614 = EDGE_CURVE('',#2607,#1862,#2615,.T.);
#2615 = LINE('',#2616,#2617);
#2616 = CARTESIAN_POINT('',(-0.745989325032,-0.239341780519,
    0.300999999999));
#2617 = VECTOR('',#2618,1.);
#2618 = DIRECTION('',(0.,0.,-1.));
#2619 = PLANE('',#2620);
#2620 = AXIS2_PLACEMENT_3D('',#2621,#2622,#2623);
#2621 = CARTESIAN_POINT('',(-0.793721794544,-9.909787808E-02,
    0.300999999999));
#2622 = DIRECTION('',(0.946670776072,0.322202485606,0.));
#2623 = DIRECTION('',(-0.322202485606,0.946670776072,0.));
#2624 = ADVANCED_FACE('',(#2625),#2643,.T.);
#2625 = FACE_BOUND('',#2626,.T.);
#2626 = EDGE_LOOP('',(#2627,#2628,#2629,#2637));
#2627 = ORIENTED_EDGE('',*,*,#1869,.F.);
#2628 = ORIENTED_EDGE('',*,*,#2614,.F.);
#2629 = ORIENTED_EDGE('',*,*,#2630,.T.);
#2630 = EDGE_CURVE('',#2607,#2631,#2633,.T.);
#2631 = VERTEX_POINT('',#2632);
#2632 = CARTESIAN_POINT('',(-0.672818593324,-0.239341780519,
    0.300999999999));
#2633 = LINE('',#2634,#2635);
#2634 = CARTESIAN_POINT('',(-0.745989325032,-0.239341780519,
    0.300999999999));
#2635 = VECTOR('',#2636,1.);
#2636 = DIRECTION('',(1.,0.,0.));
#2637 = ORIENTED_EDGE('',*,*,#2638,.T.);
#2638 = EDGE_CURVE('',#2631,#1870,#2639,.T.);
#2639 = LINE('',#2640,#2641);
#2640 = CARTESIAN_POINT('',(-0.672818593324,-0.239341780519,
    0.300999999999));
#2641 = VECTOR('',#2642,1.);
#2642 = DIRECTION('',(0.,0.,-1.));
#2643 = PLANE('',#2644);
#2644 = AXIS2_PLACEMENT_3D('',#2645,#2646,#2647);
#2645 = CARTESIAN_POINT('',(-0.745989325032,-0.239341780519,
    0.300999999999));
#2646 = DIRECTION('',(0.,1.,0.));
#2647 = DIRECTION('',(0.,-0.,1.));
#2648 = ADVANCED_FACE('',(#2649),#2667,.T.);
#2649 = FACE_BOUND('',#2650,.T.);
#2650 = EDGE_LOOP('',(#2651,#2652,#2653,#2661));
#2651 = ORIENTED_EDGE('',*,*,#1877,.F.);
#2652 = ORIENTED_EDGE('',*,*,#2638,.F.);
#2653 = ORIENTED_EDGE('',*,*,#2654,.T.);
#2654 = EDGE_CURVE('',#2631,#2655,#2657,.T.);
#2655 = VERTEX_POINT('',#2656);
#2656 = CARTESIAN_POINT('',(-0.861842983568,0.26065821948,0.300999999999
    ));
#2657 = LINE('',#2658,#2659);
#2658 = CARTESIAN_POINT('',(-0.672818593324,-0.239341780519,
    0.300999999999));
#2659 = VECTOR('',#2660,1.);
#2660 = DIRECTION('',(-0.353622392329,0.93538826358,0.));
#2661 = ORIENTED_EDGE('',*,*,#2662,.T.);
#2662 = EDGE_CURVE('',#2655,#1820,#2663,.T.);
#2663 = LINE('',#2664,#2665);
#2664 = CARTESIAN_POINT('',(-0.861842983568,0.26065821948,0.300999999999
    ));
#2665 = VECTOR('',#2666,1.);
#2666 = DIRECTION('',(0.,0.,-1.));
#2667 = PLANE('',#2668);
#2668 = AXIS2_PLACEMENT_3D('',#2669,#2670,#2671);
#2669 = CARTESIAN_POINT('',(-0.672818593324,-0.239341780519,
    0.300999999999));
#2670 = DIRECTION('',(-0.93538826358,-0.353622392329,0.));
#2671 = DIRECTION('',(0.353622392329,-0.93538826358,0.));
#2672 = ADVANCED_FACE('',(#2673),#2684,.T.);
#2673 = FACE_BOUND('',#2674,.T.);
#2674 = EDGE_LOOP('',(#2675,#2676,#2677,#2683));
#2675 = ORIENTED_EDGE('',*,*,#1819,.F.);
#2676 = ORIENTED_EDGE('',*,*,#2662,.F.);
#2677 = ORIENTED_EDGE('',*,*,#2678,.T.);
#2678 = EDGE_CURVE('',#2655,#2503,#2679,.T.);
#2679 = LINE('',#2680,#2681);
#2680 = CARTESIAN_POINT('',(-0.861842983568,0.26065821948,0.300999999999
    ));
#2681 = VECTOR('',#2682,1.);
#2682 = DIRECTION('',(-1.,0.,0.));
#2683 = ORIENTED_EDGE('',*,*,#2502,.T.);
#2684 = PLANE('',#2685);
#2685 = AXIS2_PLACEMENT_3D('',#2686,#2687,#2688);
#2686 = CARTESIAN_POINT('',(-0.861842983568,0.26065821948,0.300999999999
    ));
#2687 = DIRECTION('',(0.,-1.,0.));
#2688 = DIRECTION('',(0.,0.,-1.));
#2689 = ADVANCED_FACE('',(#2690,#2748),#2758,.F.);
#2690 = FACE_BOUND('',#2691,.T.);
#2691 = EDGE_LOOP('',(#2692,#2702,#2710,#2722,#2730,#2742));
#2692 = ORIENTED_EDGE('',*,*,#2693,.F.);
#2693 = EDGE_CURVE('',#2694,#2696,#2698,.T.);
#2694 = VERTEX_POINT('',#2695);
#2695 = CARTESIAN_POINT('',(-0.810585361617,-4.4219829299E-02,
    0.300999999999));
#2696 = VERTEX_POINT('',#2697);
#2697 = CARTESIAN_POINT('',(-0.977791916495,-4.4219829299E-02,
    0.300999999999));
#2698 = LINE('',#2699,#2700);
#2699 = CARTESIAN_POINT('',(-0.810585361617,-4.4219829299E-02,
    0.300999999999));
#2700 = VECTOR('',#2701,1.);
#2701 = DIRECTION('',(-1.,0.,0.));
#2702 = ORIENTED_EDGE('',*,*,#2703,.F.);
#2703 = EDGE_CURVE('',#2704,#2694,#2706,.T.);
#2704 = VERTEX_POINT('',#2705);
#2705 = CARTESIAN_POINT('',(-0.885185209178,0.164621634114,
    0.300999999999));
#2706 = LINE('',#2707,#2708);
#2707 = CARTESIAN_POINT('',(-0.885185209178,0.164621634114,
    0.300999999999));
#2708 = VECTOR('',#2709,1.);
#2709 = DIRECTION('',(0.336390827665,-0.941722470297,0.));
#2710 = ORIENTED_EDGE('',*,*,#2711,.F.);
#2711 = EDGE_CURVE('',#2712,#2704,#2714,.T.);
#2712 = VERTEX_POINT('',#2713);
#2713 = CARTESIAN_POINT('',(-0.893188257958,0.199682609724,
    0.300999999999));
#2714 = B_SPLINE_CURVE_WITH_KNOTS('',3,(#2715,#2716,#2717,#2718,#2719,
    #2720,#2721),.UNSPECIFIED.,.F.,.F.,(4,1,1,1,4),(0.,0.300541113158,
    0.567747146483,0.800033613736,1.),.UNSPECIFIED.);
#2715 = CARTESIAN_POINT('',(-0.893188257958,0.199682609724,
    0.300999999999));
#2716 = CARTESIAN_POINT('',(-0.892605216722,0.19612216358,0.300999999999
    ));
#2717 = CARTESIAN_POINT('',(-0.891503803359,0.189396184837,0.301));
#2718 = CARTESIAN_POINT('',(-0.889644559255,0.179971696108,0.301));
#2719 = CARTESIAN_POINT('',(-0.887574488961,0.171826790496,
    0.300999999999));
#2720 = CARTESIAN_POINT('',(-0.885940921143,0.166900573118,
    0.300999999999));
#2721 = CARTESIAN_POINT('',(-0.885185209178,0.164621634114,
    0.300999999999));
#2722 = ORIENTED_EDGE('',*,*,#2723,.F.);
#2723 = EDGE_CURVE('',#2724,#2712,#2726,.T.);
#2724 = VERTEX_POINT('',#2725);
#2725 = CARTESIAN_POINT('',(-0.894807922593,0.199682609724,
    0.300999999999));
#2726 = LINE('',#2727,#2728);
#2727 = CARTESIAN_POINT('',(-0.894807922593,0.199682609724,
    0.300999999999));
#2728 = VECTOR('',#2729,1.);
#2729 = DIRECTION('',(1.,0.,0.));
#2730 = ORIENTED_EDGE('',*,*,#2731,.F.);
#2731 = EDGE_CURVE('',#2732,#2724,#2734,.T.);
#2732 = VERTEX_POINT('',#2733);
#2733 = CARTESIAN_POINT('',(-0.902525148202,0.164621634114,
    0.300999999999));
#2734 = B_SPLINE_CURVE_WITH_KNOTS('',3,(#2735,#2736,#2737,#2738,#2739,
    #2740,#2741),.UNSPECIFIED.,.F.,.F.,(4,1,1,1,4),(0.,0.174481715317,
    0.398285759128,0.673897847398,1.),.UNSPECIFIED.);
#2735 = CARTESIAN_POINT('',(-0.902525148202,0.164621634114,
    0.300999999999));
#2736 = CARTESIAN_POINT('',(-0.901901195641,0.166616551341,
    0.300999999999));
#2737 = CARTESIAN_POINT('',(-0.900476912189,0.171170307134,
    0.300999999999));
#2738 = CARTESIAN_POINT('',(-0.898610508205,0.179029836921,
    0.300999999999));
#2739 = CARTESIAN_POINT('',(-0.896780616231,0.188746662911,0.301));
#2740 = CARTESIAN_POINT('',(-0.895501270594,0.195838922738,
    0.300999999999));
#2741 = CARTESIAN_POINT('',(-0.894807922593,0.199682609724,
    0.300999999999));
#2742 = ORIENTED_EDGE('',*,*,#2743,.F.);
#2743 = EDGE_CURVE('',#2696,#2732,#2744,.T.);
#2744 = LINE('',#2745,#2746);
#2745 = CARTESIAN_POINT('',(-0.977791916495,-4.4219829299E-02,
    0.300999999999));
#2746 = VECTOR('',#2747,1.);
#2747 = DIRECTION('',(0.339053795485,0.940766986967,0.));
#2748 = FACE_BOUND('',#2749,.T.);
#2749 = EDGE_LOOP('',(#2750,#2751,#2752,#2753,#2754,#2755,#2756,#2757));
#2750 = ORIENTED_EDGE('',*,*,#2510,.F.);
#2751 = ORIENTED_EDGE('',*,*,#2678,.F.);
#2752 = ORIENTED_EDGE('',*,*,#2654,.F.);
#2753 = ORIENTED_EDGE('',*,*,#2630,.F.);
#2754 = ORIENTED_EDGE('',*,*,#2606,.F.);
#2755 = ORIENTED_EDGE('',*,*,#2582,.F.);
#2756 = ORIENTED_EDGE('',*,*,#2558,.F.);
#2757 = ORIENTED_EDGE('',*,*,#2534,.F.);
#2758 = PLANE('',#2759);
#2759 = AXIS2_PLACEMENT_3D('',#2760,#2761,#2762);
#2760 = CARTESIAN_POINT('',(0.,0.,0.300999999999));
#2761 = DIRECTION('',(0.,0.,1.));
#2762 = DIRECTION('',(1.,0.,-0.));
#2763 = ADVANCED_FACE('',(#2764),#2789,.T.);
#2764 = FACE_BOUND('',#2765,.T.);
#2765 = EDGE_LOOP('',(#2766,#2776,#2782,#2783));
#2766 = ORIENTED_EDGE('',*,*,#2767,.F.);
#2767 = EDGE_CURVE('',#2768,#2770,#2772,.T.);
#2768 = VERTEX_POINT('',#2769);
#2769 = CARTESIAN_POINT('',(-0.810585361617,-4.4219829299E-02,
    0.299999999999));
#2770 = VERTEX_POINT('',#2771);
#2771 = CARTESIAN_POINT('',(-0.977791916495,-4.4219829299E-02,
    0.299999999999));
#2772 = LINE('',#2773,#2774);
#2773 = CARTESIAN_POINT('',(-0.810585361617,-4.4219829299E-02,
    0.299999999999));
#2774 = VECTOR('',#2775,1.);
#2775 = DIRECTION('',(-1.,0.,0.));
#2776 = ORIENTED_EDGE('',*,*,#2777,.F.);
#2777 = EDGE_CURVE('',#2694,#2768,#2778,.T.);
#2778 = LINE('',#2779,#2780);
#2779 = CARTESIAN_POINT('',(-0.810585361617,-4.4219829299E-02,
    0.300999999999));
#2780 = VECTOR('',#2781,1.);
#2781 = DIRECTION('',(0.,0.,-1.));
#2782 = ORIENTED_EDGE('',*,*,#2693,.T.);
#2783 = ORIENTED_EDGE('',*,*,#2784,.T.);
#2784 = EDGE_CURVE('',#2696,#2770,#2785,.T.);
#2785 = LINE('',#2786,#2787);
#2786 = CARTESIAN_POINT('',(-0.977791916495,-4.4219829299E-02,
    0.300999999999));
#2787 = VECTOR('',#2788,1.);
#2788 = DIRECTION('',(0.,0.,-1.));
#2789 = PLANE('',#2790);
#2790 = AXIS2_PLACEMENT_3D('',#2791,#2792,#2793);
#2791 = CARTESIAN_POINT('',(-0.810585361617,-4.4219829299E-02,
    0.300999999999));
#2792 = DIRECTION('',(0.,-1.,0.));
#2793 = DIRECTION('',(0.,0.,-1.));
#2794 = ADVANCED_FACE('',(#2795),#2813,.T.);
#2795 = FACE_BOUND('',#2796,.T.);
#2796 = EDGE_LOOP('',(#2797,#2805,#2811,#2812));
#2797 = ORIENTED_EDGE('',*,*,#2798,.F.);
#2798 = EDGE_CURVE('',#2799,#2768,#2801,.T.);
#2799 = VERTEX_POINT('',#2800);
#2800 = CARTESIAN_POINT('',(-0.885185209178,0.164621634114,
    0.299999999999));
#2801 = LINE('',#2802,#2803);
#2802 = CARTESIAN_POINT('',(-0.885185209178,0.164621634114,
    0.299999999999));
#2803 = VECTOR('',#2804,1.);
#2804 = DIRECTION('',(0.336390827665,-0.941722470297,0.));
#2805 = ORIENTED_EDGE('',*,*,#2806,.F.);
#2806 = EDGE_CURVE('',#2704,#2799,#2807,.T.);
#2807 = LINE('',#2808,#2809);
#2808 = CARTESIAN_POINT('',(-0.885185209178,0.164621634114,
    0.300999999999));
#2809 = VECTOR('',#2810,1.);
#2810 = DIRECTION('',(0.,0.,-1.));
#2811 = ORIENTED_EDGE('',*,*,#2703,.T.);
#2812 = ORIENTED_EDGE('',*,*,#2777,.T.);
#2813 = PLANE('',#2814);
#2814 = AXIS2_PLACEMENT_3D('',#2815,#2816,#2817);
#2815 = CARTESIAN_POINT('',(-0.885185209178,0.164621634114,
    0.300999999999));
#2816 = DIRECTION('',(0.941722470297,0.336390827665,0.));
#2817 = DIRECTION('',(-0.336390827665,0.941722470297,0.));
#2818 = ADVANCED_FACE('',(#2819),#2841,.T.);
#2819 = FACE_BOUND('',#2820,.T.);
#2820 = EDGE_LOOP('',(#2821,#2833,#2839,#2840));
#2821 = ORIENTED_EDGE('',*,*,#2822,.F.);
#2822 = EDGE_CURVE('',#2823,#2799,#2825,.T.);
#2823 = VERTEX_POINT('',#2824);
#2824 = CARTESIAN_POINT('',(-0.893188257958,0.199682609724,
    0.299999999999));
#2825 = B_SPLINE_CURVE_WITH_KNOTS('',3,(#2826,#2827,#2828,#2829,#2830,
    #2831,#2832),.UNSPECIFIED.,.F.,.F.,(4,1,1,1,4),(0.,0.300541113158,
    0.567747146483,0.800033613736,1.),.UNSPECIFIED.);
#2826 = CARTESIAN_POINT('',(-0.893188257958,0.199682609724,
    0.299999999999));
#2827 = CARTESIAN_POINT('',(-0.892605216722,0.19612216358,0.299999999999
    ));
#2828 = CARTESIAN_POINT('',(-0.891503803359,0.189396184837,0.3));
#2829 = CARTESIAN_POINT('',(-0.889644559255,0.179971696108,0.3));
#2830 = CARTESIAN_POINT('',(-0.887574488961,0.171826790496,
    0.299999999999));
#2831 = CARTESIAN_POINT('',(-0.885940921143,0.166900573118,
    0.299999999999));
#2832 = CARTESIAN_POINT('',(-0.885185209178,0.164621634114,
    0.299999999999));
#2833 = ORIENTED_EDGE('',*,*,#2834,.F.);
#2834 = EDGE_CURVE('',#2712,#2823,#2835,.T.);
#2835 = LINE('',#2836,#2837);
#2836 = CARTESIAN_POINT('',(-0.893188257958,0.199682609724,
    0.300999999999));
#2837 = VECTOR('',#2838,1.);
#2838 = DIRECTION('',(0.,0.,-1.));
#2839 = ORIENTED_EDGE('',*,*,#2711,.T.);
#2840 = ORIENTED_EDGE('',*,*,#2806,.T.);
#2841 = B_SPLINE_SURFACE_WITH_KNOTS('',3,1,(
    (#2842,#2843)
    ,(#2844,#2845)
    ,(#2846,#2847)
    ,(#2848,#2849)
    ,(#2850,#2851)
    ,(#2852,#2853)
    ,(#2854,#2855
    )),.UNSPECIFIED.,.F.,.F.,.F.,(4,1,1,1,4),(2,2),(0.,0.300541113158,
    0.567747146483,0.800033613736,1.),(0.,1.),.UNSPECIFIED.);
#2842 = CARTESIAN_POINT('',(-0.893188257958,0.199682609724,
    0.300999999999));
#2843 = CARTESIAN_POINT('',(-0.893188257958,0.199682609724,
    0.299999999999));
#2844 = CARTESIAN_POINT('',(-0.892605216722,0.19612216358,0.300999999999
    ));
#2845 = CARTESIAN_POINT('',(-0.892605216722,0.19612216358,0.299999999999
    ));
#2846 = CARTESIAN_POINT('',(-0.891503803359,0.189396184837,0.301));
#2847 = CARTESIAN_POINT('',(-0.891503803359,0.189396184837,0.3));
#2848 = CARTESIAN_POINT('',(-0.889644559255,0.179971696108,0.301));
#2849 = CARTESIAN_POINT('',(-0.889644559255,0.179971696108,0.3));
#2850 = CARTESIAN_POINT('',(-0.887574488961,0.171826790496,
    0.300999999999));
#2851 = CARTESIAN_POINT('',(-0.887574488961,0.171826790496,
    0.299999999999));
#2852 = CARTESIAN_POINT('',(-0.885940921143,0.166900573118,
    0.300999999999));
#2853 = CARTESIAN_POINT('',(-0.885940921143,0.166900573118,
    0.299999999999));
#2854 = CARTESIAN_POINT('',(-0.885185209178,0.164621634114,
    0.300999999999));
#2855 = CARTESIAN_POINT('',(-0.885185209178,0.164621634114,
    0.299999999999));
#2856 = ADVANCED_FACE('',(#2857),#2875,.T.);
#2857 = FACE_BOUND('',#2858,.T.);
#2858 = EDGE_LOOP('',(#2859,#2867,#2873,#2874));
#2859 = ORIENTED_EDGE('',*,*,#2860,.F.);
#2860 = EDGE_CURVE('',#2861,#2823,#2863,.T.);
#2861 = VERTEX_POINT('',#2862);
#2862 = CARTESIAN_POINT('',(-0.894807922593,0.199682609724,
    0.299999999999));
#2863 = LINE('',#2864,#2865);
#2864 = CARTESIAN_POINT('',(-0.894807922593,0.199682609724,
    0.299999999999));
#2865 = VECTOR('',#2866,1.);
#2866 = DIRECTION('',(1.,0.,0.));
#2867 = ORIENTED_EDGE('',*,*,#2868,.F.);
#2868 = EDGE_CURVE('',#2724,#2861,#2869,.T.);
#2869 = LINE('',#2870,#2871);
#2870 = CARTESIAN_POINT('',(-0.894807922593,0.199682609724,
    0.300999999999));
#2871 = VECTOR('',#2872,1.);
#2872 = DIRECTION('',(0.,0.,-1.));
#2873 = ORIENTED_EDGE('',*,*,#2723,.T.);
#2874 = ORIENTED_EDGE('',*,*,#2834,.T.);
#2875 = PLANE('',#2876);
#2876 = AXIS2_PLACEMENT_3D('',#2877,#2878,#2879);
#2877 = CARTESIAN_POINT('',(-0.894807922593,0.199682609724,
    0.300999999999));
#2878 = DIRECTION('',(0.,1.,0.));
#2879 = DIRECTION('',(0.,-0.,1.));
#2880 = ADVANCED_FACE('',(#2881),#2903,.T.);
#2881 = FACE_BOUND('',#2882,.T.);
#2882 = EDGE_LOOP('',(#2883,#2895,#2901,#2902));
#2883 = ORIENTED_EDGE('',*,*,#2884,.F.);
#2884 = EDGE_CURVE('',#2885,#2861,#2887,.T.);
#2885 = VERTEX_POINT('',#2886);
#2886 = CARTESIAN_POINT('',(-0.902525148202,0.164621634114,
    0.299999999999));
#2887 = B_SPLINE_CURVE_WITH_KNOTS('',3,(#2888,#2889,#2890,#2891,#2892,
    #2893,#2894),.UNSPECIFIED.,.F.,.F.,(4,1,1,1,4),(0.,0.174481715317,
    0.398285759128,0.673897847398,1.),.UNSPECIFIED.);
#2888 = CARTESIAN_POINT('',(-0.902525148202,0.164621634114,
    0.299999999999));
#2889 = CARTESIAN_POINT('',(-0.901901195641,0.166616551341,
    0.299999999999));
#2890 = CARTESIAN_POINT('',(-0.900476912189,0.171170307134,
    0.299999999999));
#2891 = CARTESIAN_POINT('',(-0.898610508205,0.179029836921,
    0.299999999999));
#2892 = CARTESIAN_POINT('',(-0.896780616231,0.188746662911,0.3));
#2893 = CARTESIAN_POINT('',(-0.895501270594,0.195838922738,
    0.299999999999));
#2894 = CARTESIAN_POINT('',(-0.894807922593,0.199682609724,
    0.299999999999));
#2895 = ORIENTED_EDGE('',*,*,#2896,.F.);
#2896 = EDGE_CURVE('',#2732,#2885,#2897,.T.);
#2897 = LINE('',#2898,#2899);
#2898 = CARTESIAN_POINT('',(-0.902525148202,0.164621634114,
    0.300999999999));
#2899 = VECTOR('',#2900,1.);
#2900 = DIRECTION('',(0.,0.,-1.));
#2901 = ORIENTED_EDGE('',*,*,#2731,.T.);
#2902 = ORIENTED_EDGE('',*,*,#2868,.T.);
#2903 = B_SPLINE_SURFACE_WITH_KNOTS('',3,1,(
    (#2904,#2905)
    ,(#2906,#2907)
    ,(#2908,#2909)
    ,(#2910,#2911)
    ,(#2912,#2913)
    ,(#2914,#2915)
    ,(#2916,#2917
    )),.UNSPECIFIED.,.F.,.F.,.F.,(4,1,1,1,4),(2,2),(0.,0.174481715317,
    0.398285759128,0.673897847398,1.),(0.,1.),.UNSPECIFIED.);
#2904 = CARTESIAN_POINT('',(-0.902525148202,0.164621634114,
    0.300999999999));
#2905 = CARTESIAN_POINT('',(-0.902525148202,0.164621634114,
    0.299999999999));
#2906 = CARTESIAN_POINT('',(-0.901901195641,0.166616551341,
    0.300999999999));
#2907 = CARTESIAN_POINT('',(-0.901901195641,0.166616551341,
    0.299999999999));
#2908 = CARTESIAN_POINT('',(-0.900476912189,0.171170307134,
    0.300999999999));
#2909 = CARTESIAN_POINT('',(-0.900476912189,0.171170307134,
    0.299999999999));
#2910 = CARTESIAN_POINT('',(-0.898610508205,0.179029836921,
    0.300999999999));
#2911 = CARTESIAN_POINT('',(-0.898610508205,0.179029836921,
    0.299999999999));
#2912 = CARTESIAN_POINT('',(-0.896780616231,0.188746662911,0.301));
#2913 = CARTESIAN_POINT('',(-0.896780616231,0.188746662911,0.3));
#2914 = CARTESIAN_POINT('',(-0.895501270594,0.195838922738,
    0.300999999999));
#2915 = CARTESIAN_POINT('',(-0.895501270594,0.195838922738,
    0.299999999999));
#2916 = CARTESIAN_POINT('',(-0.894807922593,0.199682609724,
    0.300999999999));
#2917 = CARTESIAN_POINT('',(-0.894807922593,0.199682609724,
    0.299999999999));
#2918 = ADVANCED_FACE('',(#2919),#2930,.T.);
#2919 = FACE_BOUND('',#2920,.T.);
#2920 = EDGE_LOOP('',(#2921,#2927,#2928,#2929));
#2921 = ORIENTED_EDGE('',*,*,#2922,.F.);
#2922 = EDGE_CURVE('',#2770,#2885,#2923,.T.);
#2923 = LINE('',#2924,#2925);
#2924 = CARTESIAN_POINT('',(-0.977791916495,-4.4219829299E-02,
    0.299999999999));
#2925 = VECTOR('',#2926,1.);
#2926 = DIRECTION('',(0.339053795485,0.940766986967,0.));
#2927 = ORIENTED_EDGE('',*,*,#2784,.F.);
#2928 = ORIENTED_EDGE('',*,*,#2743,.T.);
#2929 = ORIENTED_EDGE('',*,*,#2896,.T.);
#2930 = PLANE('',#2931);
#2931 = AXIS2_PLACEMENT_3D('',#2932,#2933,#2934);
#2932 = CARTESIAN_POINT('',(-0.977791916495,-4.4219829299E-02,
    0.300999999999));
#2933 = DIRECTION('',(-0.940766986967,0.339053795485,0.));
#2934 = DIRECTION('',(-0.339053795485,-0.940766986967,0.));
#2935 = ADVANCED_FACE('',(#2936),#2961,.T.);
#2936 = FACE_BOUND('',#2937,.T.);
#2937 = EDGE_LOOP('',(#2938,#2939,#2947,#2955));
#2938 = ORIENTED_EDGE('',*,*,#1941,.F.);
#2939 = ORIENTED_EDGE('',*,*,#2940,.F.);
#2940 = EDGE_CURVE('',#2941,#1918,#2943,.T.);
#2941 = VERTEX_POINT('',#2942);
#2942 = CARTESIAN_POINT('',(-0.369750757958,-0.239341780519,
    0.300999999999));
#2943 = LINE('',#2944,#2945);
#2944 = CARTESIAN_POINT('',(-0.369750757958,-0.239341780519,
    0.300999999999));
#2945 = VECTOR('',#2946,1.);
#2946 = DIRECTION('',(0.,0.,-1.));
#2947 = ORIENTED_EDGE('',*,*,#2948,.T.);
#2948 = EDGE_CURVE('',#2941,#2949,#2951,.T.);
#2949 = VERTEX_POINT('',#2950);
#2950 = CARTESIAN_POINT('',(-0.23379420308,-0.239341780519,
    0.300999999999));
#2951 = LINE('',#2952,#2953);
#2952 = CARTESIAN_POINT('',(-0.369750757958,-0.239341780519,
    0.300999999999));
#2953 = VECTOR('',#2954,1.);
#2954 = DIRECTION('',(1.,0.,0.));
#2955 = ORIENTED_EDGE('',*,*,#2956,.T.);
#2956 = EDGE_CURVE('',#2949,#1942,#2957,.T.);
#2957 = LINE('',#2958,#2959);
#2958 = CARTESIAN_POINT('',(-0.23379420308,-0.239341780519,
    0.300999999999));
#2959 = VECTOR('',#2960,1.);
#2960 = DIRECTION('',(0.,0.,-1.));
#2961 = PLANE('',#2962);
#2962 = AXIS2_PLACEMENT_3D('',#2963,#2964,#2965);
#2963 = CARTESIAN_POINT('',(-0.369750757958,-0.239341780519,
    0.300999999999));
#2964 = DIRECTION('',(0.,1.,0.));
#2965 = DIRECTION('',(0.,-0.,1.));
#2966 = ADVANCED_FACE('',(#2967),#2985,.T.);
#2967 = FACE_BOUND('',#2968,.T.);
#2968 = EDGE_LOOP('',(#2969,#2970,#2971,#2979));
#2969 = ORIENTED_EDGE('',*,*,#1949,.F.);
#2970 = ORIENTED_EDGE('',*,*,#2956,.F.);
#2971 = ORIENTED_EDGE('',*,*,#2972,.T.);
#2972 = EDGE_CURVE('',#2949,#2973,#2975,.T.);
#2973 = VERTEX_POINT('',#2974);
#2974 = CARTESIAN_POINT('',(-0.23379420308,0.26065821948,0.300999999999)
  );
#2975 = LINE('',#2976,#2977);
#2976 = CARTESIAN_POINT('',(-0.23379420308,-0.239341780519,
    0.300999999999));
#2977 = VECTOR('',#2978,1.);
#2978 = DIRECTION('',(0.,1.,0.));
#2979 = ORIENTED_EDGE('',*,*,#2980,.T.);
#2980 = EDGE_CURVE('',#2973,#1950,#2981,.T.);
#2981 = LINE('',#2982,#2983);
#2982 = CARTESIAN_POINT('',(-0.23379420308,0.26065821948,0.300999999999)
  );
#2983 = VECTOR('',#2984,1.);
#2984 = DIRECTION('',(0.,0.,-1.));
#2985 = PLANE('',#2986);
#2986 = AXIS2_PLACEMENT_3D('',#2987,#2988,#2989);
#2987 = CARTESIAN_POINT('',(-0.23379420308,-0.239341780519,
    0.300999999999));
#2988 = DIRECTION('',(-1.,0.,0.));
#2989 = DIRECTION('',(0.,0.,1.));
#2990 = ADVANCED_FACE('',(#2991),#3009,.T.);
#2991 = FACE_BOUND('',#2992,.T.);
#2992 = EDGE_LOOP('',(#2993,#2994,#2995,#3003));
#2993 = ORIENTED_EDGE('',*,*,#1957,.F.);
#2994 = ORIENTED_EDGE('',*,*,#2980,.F.);
#2995 = ORIENTED_EDGE('',*,*,#2996,.T.);
#2996 = EDGE_CURVE('',#2973,#2997,#2999,.T.);
#2997 = VERTEX_POINT('',#2998);
#2998 = CARTESIAN_POINT('',(-0.374895575032,0.26065821948,0.300999999999
    ));
#2999 = LINE('',#3000,#3001);
#3000 = CARTESIAN_POINT('',(-0.23379420308,0.26065821948,0.300999999999)
  );
#3001 = VECTOR('',#3002,1.);
#3002 = DIRECTION('',(-1.,0.,0.));
#3003 = ORIENTED_EDGE('',*,*,#3004,.T.);
#3004 = EDGE_CURVE('',#2997,#1958,#3005,.T.);
#3005 = LINE('',#3006,#3007);
#3006 = CARTESIAN_POINT('',(-0.374895575032,0.26065821948,0.300999999999
    ));
#3007 = VECTOR('',#3008,1.);
#3008 = DIRECTION('',(0.,0.,-1.));
#3009 = PLANE('',#3010);
#3010 = AXIS2_PLACEMENT_3D('',#3011,#3012,#3013);
#3011 = CARTESIAN_POINT('',(-0.23379420308,0.26065821948,0.300999999999)
  );
#3012 = DIRECTION('',(0.,-1.,0.));
#3013 = DIRECTION('',(0.,0.,-1.));
#3014 = ADVANCED_FACE('',(#3015),#3049,.T.);
#3015 = FACE_BOUND('',#3016,.T.);
#3016 = EDGE_LOOP('',(#3017,#3018,#3019,#3043));
#3017 = ORIENTED_EDGE('',*,*,#1965,.F.);
#3018 = ORIENTED_EDGE('',*,*,#3004,.F.);
#3019 = ORIENTED_EDGE('',*,*,#3020,.T.);
#3020 = EDGE_CURVE('',#2997,#3021,#3023,.T.);
#3021 = VERTEX_POINT('',#3022);
#3022 = CARTESIAN_POINT('',(-0.636233227471,1.6946329236E-02,
    0.300999999999));
#3023 = B_SPLINE_CURVE_WITH_KNOTS('',3,(#3024,#3025,#3026,#3027,#3028,
    #3029,#3030,#3031,#3032,#3033,#3034,#3035,#3036,#3037,#3038,#3039,
    #3040,#3041,#3042),.UNSPECIFIED.,.F.,.F.,(4,1,1,1,1,1,1,1,1,1,1,1,1,
    1,1,1,4),(0.,6.8631178676E-02,0.134566466038,0.19832815401,
    0.26078976664,0.321999151484,0.382721746503,0.443537474035,
    0.505133429484,0.566213874764,0.626105864617,0.68534932216,
    0.744995870347,0.805415841814,0.867636266345,0.932307782302,1.),
  .UNSPECIFIED.);
#3024 = CARTESIAN_POINT('',(-0.374895575032,0.26065821948,0.300999999999
    ));
#3025 = CARTESIAN_POINT('',(-0.384081507065,0.260453473504,
    0.300999999999));
#3026 = CARTESIAN_POINT('',(-0.402092539875,0.260052024148,
    0.300999999999));
#3027 = CARTESIAN_POINT('',(-0.428504611968,0.257002546526,
    0.300999999999));
#3028 = CARTESIAN_POINT('',(-0.453702533473,0.251710711622,0.301));
#3029 = CARTESIAN_POINT('',(-0.477755596989,0.244491462257,
    0.300999999999));
#3030 = CARTESIAN_POINT('',(-0.500691664013,0.235268949985,0.301));
#3031 = CARTESIAN_POINT('',(-0.522294657915,0.223715604122,
    0.300999999999));
#3032 = CARTESIAN_POINT('',(-0.542801609943,0.210232959823,
    0.300999999999));
#3033 = CARTESIAN_POINT('',(-0.561945666177,0.194791775681,
    0.300999999999));
#3034 = CARTESIAN_POINT('',(-0.579394803956,0.177622698437,0.301));
#3035 = CARTESIAN_POINT('',(-0.59460586441,0.158845361605,0.300999999999
    ));
#3036 = CARTESIAN_POINT('',(-0.60762889458,0.138710909304,0.300999999999
    ));
#3037 = CARTESIAN_POINT('',(-0.618109006725,0.117060140377,0.301));
#3038 = CARTESIAN_POINT('',(-0.62624650095,9.4009709167E-02,
    0.300999999999));
#3039 = CARTESIAN_POINT('',(-0.632008908026,6.9576330193E-02,0.301));
#3040 = CARTESIAN_POINT('',(-0.635643381876,4.373232965E-02,
    0.300999999999));
#3041 = CARTESIAN_POINT('',(-0.636033643524,2.6009812522E-02,
    0.300999999999));
#3042 = CARTESIAN_POINT('',(-0.636233227471,1.6946329236E-02,
    0.300999999999));
#3043 = ORIENTED_EDGE('',*,*,#3044,.T.);
#3044 = EDGE_CURVE('',#3021,#1916,#3045,.T.);
#3045 = LINE('',#3046,#3047);
#3046 = CARTESIAN_POINT('',(-0.636233227471,1.6946329236E-02,
    0.300999999999));
#3047 = VECTOR('',#3048,1.);
#3048 = DIRECTION('',(0.,0.,-1.));
#3049 = B_SPLINE_SURFACE_WITH_KNOTS('',3,1,(
    (#3050,#3051)
    ,(#3052,#3053)
    ,(#3054,#3055)
    ,(#3056,#3057)
    ,(#3058,#3059)
    ,(#3060,#3061)
    ,(#3062,#3063)
    ,(#3064,#3065)
    ,(#3066,#3067)
    ,(#3068,#3069)
    ,(#3070,#3071)
    ,(#3072,#3073)
    ,(#3074,#3075)
    ,(#3076,#3077)
    ,(#3078,#3079)
    ,(#3080,#3081)
    ,(#3082,#3083)
    ,(#3084,#3085)
    ,(#3086,#3087
    )),.UNSPECIFIED.,.F.,.F.,.F.,(4,1,1,1,1,1,1,1,1,1,1,1,1,1,1,1,4),(2,
    2),(0.,6.8631178676E-02,0.134566466038,0.19832815401,0.26078976664,
    0.321999151484,0.382721746503,0.443537474035,0.505133429484,
    0.566213874764,0.626105864617,0.68534932216,0.744995870347,
    0.805415841814,0.867636266345,0.932307782302,1.),(0.,1.),
  .UNSPECIFIED.);
#3050 = CARTESIAN_POINT('',(-0.374895575032,0.26065821948,0.300999999999
    ));
#3051 = CARTESIAN_POINT('',(-0.374895575032,0.26065821948,0.299999999999
    ));
#3052 = CARTESIAN_POINT('',(-0.384081507065,0.260453473504,
    0.300999999999));
#3053 = CARTESIAN_POINT('',(-0.384081507065,0.260453473504,
    0.299999999999));
#3054 = CARTESIAN_POINT('',(-0.402092539875,0.260052024148,
    0.300999999999));
#3055 = CARTESIAN_POINT('',(-0.402092539875,0.260052024148,
    0.299999999999));
#3056 = CARTESIAN_POINT('',(-0.428504611968,0.257002546526,
    0.300999999999));
#3057 = CARTESIAN_POINT('',(-0.428504611968,0.257002546526,
    0.299999999999));
#3058 = CARTESIAN_POINT('',(-0.453702533473,0.251710711622,0.301));
#3059 = CARTESIAN_POINT('',(-0.453702533473,0.251710711622,
    0.299999999999));
#3060 = CARTESIAN_POINT('',(-0.477755596989,0.244491462257,
    0.300999999999));
#3061 = CARTESIAN_POINT('',(-0.477755596989,0.244491462257,
    0.299999999999));
#3062 = CARTESIAN_POINT('',(-0.500691664013,0.235268949985,0.301));
#3063 = CARTESIAN_POINT('',(-0.500691664013,0.235268949985,
    0.299999999999));
#3064 = CARTESIAN_POINT('',(-0.522294657915,0.223715604122,
    0.300999999999));
#3065 = CARTESIAN_POINT('',(-0.522294657915,0.223715604122,
    0.299999999999));
#3066 = CARTESIAN_POINT('',(-0.542801609943,0.210232959823,
    0.300999999999));
#3067 = CARTESIAN_POINT('',(-0.542801609943,0.210232959823,
    0.299999999999));
#3068 = CARTESIAN_POINT('',(-0.561945666177,0.194791775681,
    0.300999999999));
#3069 = CARTESIAN_POINT('',(-0.561945666177,0.194791775681,
    0.299999999999));
#3070 = CARTESIAN_POINT('',(-0.579394803956,0.177622698437,0.301));
#3071 = CARTESIAN_POINT('',(-0.579394803956,0.177622698437,
    0.299999999999));
#3072 = CARTESIAN_POINT('',(-0.59460586441,0.158845361605,0.300999999999
    ));
#3073 = CARTESIAN_POINT('',(-0.59460586441,0.158845361605,0.299999999999
    ));
#3074 = CARTESIAN_POINT('',(-0.60762889458,0.138710909304,0.300999999999
    ));
#3075 = CARTESIAN_POINT('',(-0.60762889458,0.138710909304,0.299999999999
    ));
#3076 = CARTESIAN_POINT('',(-0.618109006725,0.117060140377,0.301));
#3077 = CARTESIAN_POINT('',(-0.618109006725,0.117060140377,
    0.299999999999));
#3078 = CARTESIAN_POINT('',(-0.62624650095,9.4009709167E-02,
    0.300999999999));
#3079 = CARTESIAN_POINT('',(-0.62624650095,9.4009709167E-02,
    0.299999999999));
#3080 = CARTESIAN_POINT('',(-0.632008908026,6.9576330193E-02,0.301));
#3081 = CARTESIAN_POINT('',(-0.632008908026,6.9576330193E-02,
    0.299999999999));
#3082 = CARTESIAN_POINT('',(-0.635643381876,4.373232965E-02,
    0.300999999999));
#3083 = CARTESIAN_POINT('',(-0.635643381876,4.373232965E-02,
    0.299999999999));
#3084 = CARTESIAN_POINT('',(-0.636033643524,2.6009812522E-02,
    0.300999999999));
#3085 = CARTESIAN_POINT('',(-0.636033643524,2.6009812522E-02,
    0.299999999999));
#3086 = CARTESIAN_POINT('',(-0.636233227471,1.6946329236E-02,
    0.300999999999));
#3087 = CARTESIAN_POINT('',(-0.636233227471,1.6946329236E-02,
    0.299999999999));
#3088 = ADVANCED_FACE('',(#3089),#3116,.T.);
#3089 = FACE_BOUND('',#3090,.T.);
#3090 = EDGE_LOOP('',(#3091,#3092,#3093,#3115));
#3091 = ORIENTED_EDGE('',*,*,#1915,.F.);
#3092 = ORIENTED_EDGE('',*,*,#3044,.F.);
#3093 = ORIENTED_EDGE('',*,*,#3094,.T.);
#3094 = EDGE_CURVE('',#3021,#2941,#3095,.T.);
#3095 = B_SPLINE_CURVE_WITH_KNOTS('',3,(#3096,#3097,#3098,#3099,#3100,
    #3101,#3102,#3103,#3104,#3105,#3106,#3107,#3108,#3109,#3110,#3111,
    #3112,#3113,#3114),.UNSPECIFIED.,.F.,.F.,(4,1,1,1,1,1,1,1,1,1,1,1,1,
    1,1,1,4),(0.,6.8068695844E-02,0.133427432818,0.196146033813,
    0.257048592449,0.316882663159,0.376187208666,0.435960335363,
    0.496535236862,0.55746534348,0.61768686341,0.677943640696,
    0.738805284806,0.800949336766,0.86481466747,0.931024781078,1.),
  .UNSPECIFIED.);
#3096 = CARTESIAN_POINT('',(-0.636233227471,1.6946329236E-02,
    0.300999999999));
#3097 = CARTESIAN_POINT('',(-0.636031293869,7.502536983E-03,
    0.300999999999));
#3098 = CARTESIAN_POINT('',(-0.635635466071,-1.1009070162E-02,
    0.300999999999));
#3099 = CARTESIAN_POINT('',(-0.632017576755,-3.8025167701E-02,0.301));
#3100 = CARTESIAN_POINT('',(-0.626242228713,-6.3623684172E-02,
    0.300999999999));
#3101 = CARTESIAN_POINT('',(-0.618135347783,-8.7790076592E-02,0.301));
#3102 = CARTESIAN_POINT('',(-0.607639304728,-0.110506914267,
    0.300999999999));
#3103 = CARTESIAN_POINT('',(-0.594625774896,-0.131691202778,0.301));
#3104 = CARTESIAN_POINT('',(-0.579445499676,-0.151504465327,
    0.300999999999));
#3105 = CARTESIAN_POINT('',(-0.561994474892,-0.169675243961,0.301));
#3106 = CARTESIAN_POINT('',(-0.542694899108,-0.185938026035,
    0.300999999999));
#3107 = CARTESIAN_POINT('',(-0.522057480968,-0.200401432165,0.301));
#3108 = CARTESIAN_POINT('',(-0.499904892338,-0.212418594996,
    0.300999999999));
#3109 = CARTESIAN_POINT('',(-0.476426338107,-0.222237188803,0.301));
#3110 = CARTESIAN_POINT('',(-0.45166288232,-0.230032565335,
    0.300999999999));
#3111 = CARTESIAN_POINT('',(-0.425507203454,-0.235340054563,
    0.300999999999));
#3112 = CARTESIAN_POINT('',(-0.398078173186,-0.238829263867,0.301));
#3113 = CARTESIAN_POINT('',(-0.379321116448,-0.239168627831,0.301));
#3114 = CARTESIAN_POINT('',(-0.369750757958,-0.239341780519,
    0.300999999999));
#3115 = ORIENTED_EDGE('',*,*,#2940,.T.);
#3116 = B_SPLINE_SURFACE_WITH_KNOTS('',3,1,(
    (#3117,#3118)
    ,(#3119,#3120)
    ,(#3121,#3122)
    ,(#3123,#3124)
    ,(#3125,#3126)
    ,(#3127,#3128)
    ,(#3129,#3130)
    ,(#3131,#3132)
    ,(#3133,#3134)
    ,(#3135,#3136)
    ,(#3137,#3138)
    ,(#3139,#3140)
    ,(#3141,#3142)
    ,(#3143,#3144)
    ,(#3145,#3146)
    ,(#3147,#3148)
    ,(#3149,#3150)
    ,(#3151,#3152)
    ,(#3153,#3154
    )),.UNSPECIFIED.,.F.,.F.,.F.,(4,1,1,1,1,1,1,1,1,1,1,1,1,1,1,1,4),(2,
    2),(0.,6.8068695844E-02,0.133427432818,0.196146033813,0.257048592449
    ,0.316882663159,0.376187208666,0.435960335363,0.496535236862,
    0.55746534348,0.61768686341,0.677943640696,0.738805284806,
    0.800949336766,0.86481466747,0.931024781078,1.),(0.,1.),
  .UNSPECIFIED.);
#3117 = CARTESIAN_POINT('',(-0.636233227471,1.6946329236E-02,
    0.300999999999));
#3118 = CARTESIAN_POINT('',(-0.636233227471,1.6946329236E-02,
    0.299999999999));
#3119 = CARTESIAN_POINT('',(-0.636031293869,7.502536983E-03,
    0.300999999999));
#3120 = CARTESIAN_POINT('',(-0.636031293869,7.502536983E-03,
    0.299999999999));
#3121 = CARTESIAN_POINT('',(-0.635635466071,-1.1009070162E-02,
    0.300999999999));
#3122 = CARTESIAN_POINT('',(-0.635635466071,-1.1009070162E-02,
    0.299999999999));
#3123 = CARTESIAN_POINT('',(-0.632017576755,-3.8025167701E-02,0.301));
#3124 = CARTESIAN_POINT('',(-0.632017576755,-3.8025167701E-02,
    0.299999999999));
#3125 = CARTESIAN_POINT('',(-0.626242228713,-6.3623684172E-02,
    0.300999999999));
#3126 = CARTESIAN_POINT('',(-0.626242228713,-6.3623684172E-02,
    0.299999999999));
#3127 = CARTESIAN_POINT('',(-0.618135347783,-8.7790076592E-02,0.301));
#3128 = CARTESIAN_POINT('',(-0.618135347783,-8.7790076592E-02,
    0.299999999999));
#3129 = CARTESIAN_POINT('',(-0.607639304728,-0.110506914267,
    0.300999999999));
#3130 = CARTESIAN_POINT('',(-0.607639304728,-0.110506914267,
    0.299999999999));
#3131 = CARTESIAN_POINT('',(-0.594625774896,-0.131691202778,0.301));
#3132 = CARTESIAN_POINT('',(-0.594625774896,-0.131691202778,0.3));
#3133 = CARTESIAN_POINT('',(-0.579445499676,-0.151504465327,
    0.300999999999));
#3134 = CARTESIAN_POINT('',(-0.579445499676,-0.151504465327,
    0.299999999999));
#3135 = CARTESIAN_POINT('',(-0.561994474892,-0.169675243961,0.301));
#3136 = CARTESIAN_POINT('',(-0.561994474892,-0.169675243961,0.3));
#3137 = CARTESIAN_POINT('',(-0.542694899108,-0.185938026035,
    0.300999999999));
#3138 = CARTESIAN_POINT('',(-0.542694899108,-0.185938026035,
    0.299999999999));
#3139 = CARTESIAN_POINT('',(-0.522057480968,-0.200401432165,0.301));
#3140 = CARTESIAN_POINT('',(-0.522057480968,-0.200401432165,0.3));
#3141 = CARTESIAN_POINT('',(-0.499904892338,-0.212418594996,
    0.300999999999));
#3142 = CARTESIAN_POINT('',(-0.499904892338,-0.212418594996,
    0.299999999999));
#3143 = CARTESIAN_POINT('',(-0.476426338107,-0.222237188803,0.301));
#3144 = CARTESIAN_POINT('',(-0.476426338107,-0.222237188803,
    0.299999999999));
#3145 = CARTESIAN_POINT('',(-0.45166288232,-0.230032565335,
    0.300999999999));
#3146 = CARTESIAN_POINT('',(-0.45166288232,-0.230032565335,
    0.299999999999));
#3147 = CARTESIAN_POINT('',(-0.425507203454,-0.235340054563,
    0.300999999999));
#3148 = CARTESIAN_POINT('',(-0.425507203454,-0.235340054563,
    0.299999999999));
#3149 = CARTESIAN_POINT('',(-0.398078173186,-0.238829263867,0.301));
#3150 = CARTESIAN_POINT('',(-0.398078173186,-0.238829263867,
    0.299999999999));
#3151 = CARTESIAN_POINT('',(-0.379321116448,-0.239168627831,0.301));
#3152 = CARTESIAN_POINT('',(-0.379321116448,-0.239168627831,
    0.299999999999));
#3153 = CARTESIAN_POINT('',(-0.369750757958,-0.239341780519,
    0.300999999999));
#3154 = CARTESIAN_POINT('',(-0.369750757958,-0.239341780519,
    0.299999999999));
#3155 = ADVANCED_FACE('',(#3156,#3230),#3237,.T.);
#3156 = FACE_BOUND('',#3157,.T.);
#3157 = EDGE_LOOP('',(#3158,#3184,#3208,#3216,#3224));
#3158 = ORIENTED_EDGE('',*,*,#3159,.F.);
#3159 = EDGE_CURVE('',#3160,#3162,#3164,.T.);
#3160 = VERTEX_POINT('',#3161);
#3161 = CARTESIAN_POINT('',(-0.569160056739,1.5517213382E-02,
    0.300999999999));
#3162 = VERTEX_POINT('',#3163);
#3163 = CARTESIAN_POINT('',(-0.374609751861,0.2057801707,0.300999999999)
  );
#3164 = B_SPLINE_CURVE_WITH_KNOTS('',3,(#3165,#3166,#3167,#3168,#3169,
    #3170,#3171,#3172,#3173,#3174,#3175,#3176,#3177,#3178,#3179,#3180,
    #3181,#3182,#3183),.UNSPECIFIED.,.F.,.F.,(4,1,1,1,1,1,1,1,1,1,1,1,1,
    1,1,1,4),(0.,7.4303796442E-02,0.144393610364,0.210499496103,
    0.273542606503,0.333824744579,0.392529672408,0.450087454599,
    0.507820611555,0.565464912776,0.623148722333,0.68129719279,
    0.740913498156,0.801855752195,0.86524123772,0.930941657046,1.),
  .UNSPECIFIED.);
#3165 = CARTESIAN_POINT('',(-0.569160056739,1.5517213382E-02,
    0.300999999999));
#3166 = CARTESIAN_POINT('',(-0.568996166448,2.3177655951E-02,0.301));
#3167 = CARTESIAN_POINT('',(-0.568677680556,3.8064095305E-02,
    0.300999999999));
#3168 = CARTESIAN_POINT('',(-0.566199573455,5.9654599238E-02,0.301));
#3169 = CARTESIAN_POINT('',(-0.562046580932,7.9798086806E-02,
    0.300999999999));
#3170 = CARTESIAN_POINT('',(-0.556142175596,9.8447460211E-02,
    0.300999999999));
#3171 = CARTESIAN_POINT('',(-0.548605910415,0.115674630185,0.301));
#3172 = CARTESIAN_POINT('',(-0.539325994665,0.131380894399,
    0.300999999999));
#3173 = CARTESIAN_POINT('',(-0.528374361138,0.145643252782,
    0.300999999999));
#3174 = CARTESIAN_POINT('',(-0.515752586925,0.158298038981,0.301));
#3175 = CARTESIAN_POINT('',(-0.501770574504,0.169423422376,
    0.300999999999));
#3176 = CARTESIAN_POINT('',(-0.486772077278,0.179214307451,0.301));
#3177 = CARTESIAN_POINT('',(-0.470626987515,0.187435127627,
    0.300999999999));
#3178 = CARTESIAN_POINT('',(-0.453461771573,0.194190590645,0.301));
#3179 = CARTESIAN_POINT('',(-0.435218335183,0.199461867428,
    0.300999999999));
#3180 = CARTESIAN_POINT('',(-0.415952648134,0.203120667897,
    0.300999999999));
#3181 = CARTESIAN_POINT('',(-0.395622477716,0.205347802785,
    0.300999999999));
#3182 = CARTESIAN_POINT('',(-0.381729389964,0.205633673615,0.301));
#3183 = CARTESIAN_POINT('',(-0.374609751861,0.2057801707,0.300999999999)
  );
#3184 = ORIENTED_EDGE('',*,*,#3185,.F.);
#3185 = EDGE_CURVE('',#3186,#3160,#3188,.T.);
#3186 = VERTEX_POINT('',#3187);
#3187 = CARTESIAN_POINT('',(-0.371846794544,-0.184463731739,
    0.300999999999));
#3188 = B_SPLINE_CURVE_WITH_KNOTS('',3,(#3189,#3190,#3191,#3192,#3193,
    #3194,#3195,#3196,#3197,#3198,#3199,#3200,#3201,#3202,#3203,#3204,
    #3205,#3206,#3207),.UNSPECIFIED.,.F.,.F.,(4,1,1,1,1,1,1,1,1,1,1,1,1,
    1,1,1,4),(0.,7.0826572555E-02,0.138169033279,0.202475331533,
    0.263973754413,0.323380320598,0.381797622713,0.439390074519,
    0.496902724545,0.554662169609,0.612741878492,0.671538836391,
    0.73165572209,0.794297811613,0.859482204979,0.927681325452,
    0.999999999999),.UNSPECIFIED.);
#3189 = CARTESIAN_POINT('',(-0.371846794544,-0.184463731739,
    0.300999999999));
#3190 = CARTESIAN_POINT('',(-0.37938057893,-0.18430087728,0.301));
#3191 = CARTESIAN_POINT('',(-0.394077544602,-0.183983179525,0.301));
#3192 = CARTESIAN_POINT('',(-0.415495822874,-0.181460278719,
    0.300999999999));
#3193 = CARTESIAN_POINT('',(-0.435654255445,-0.177408981461,
    0.300999999999));
#3194 = CARTESIAN_POINT('',(-0.45455551176,-0.171733734048,
    0.300999999999));
#3195 = CARTESIAN_POINT('',(-0.472117705251,-0.164210923693,
    0.300999999999));
#3196 = CARTESIAN_POINT('',(-0.488482511715,-0.155183124455,0.301));
#3197 = CARTESIAN_POINT('',(-0.503537527674,-0.144440214849,
    0.300999999999));
#3198 = CARTESIAN_POINT('',(-0.5172217251,-0.132102684493,0.301));
#3199 = CARTESIAN_POINT('',(-0.529419097047,-0.118231969133,
    0.300999999999));
#3200 = CARTESIAN_POINT('',(-0.540180279979,-0.103045047454,0.301));
#3201 = CARTESIAN_POINT('',(-0.549121035058,-8.6435399709E-02,
    0.300999999999));
#3202 = CARTESIAN_POINT('',(-0.556524780166,-6.8567755036E-02,0.301));
#3203 = CARTESIAN_POINT('',(-0.562182289579,-4.9363374985E-02,
    0.300999999999));
#3204 = CARTESIAN_POINT('',(-0.566283428258,-2.8899193374E-02,0.301));
#3205 = CARTESIAN_POINT('',(-0.568652212286,-7.11847406E-03,
    0.300999999999));
#3206 = CARTESIAN_POINT('',(-0.568987498729,7.82594263E-03,
    0.300999999999));
#3207 = CARTESIAN_POINT('',(-0.569160056739,1.5517213382E-02,
    0.300999999999));
#3208 = ORIENTED_EDGE('',*,*,#3209,.F.);
#3209 = EDGE_CURVE('',#3210,#3186,#3212,.T.);
#3210 = VERTEX_POINT('',#3211);
#3211 = CARTESIAN_POINT('',(-0.300867373812,-0.184463731739,
    0.300999999999));
#3212 = LINE('',#3213,#3214);
#3213 = CARTESIAN_POINT('',(-0.300867373812,-0.184463731739,
    0.300999999999));
#3214 = VECTOR('',#3215,1.);
#3215 = DIRECTION('',(-1.,0.,0.));
#3216 = ORIENTED_EDGE('',*,*,#3217,.F.);
#3217 = EDGE_CURVE('',#3218,#3210,#3220,.T.);
#3218 = VERTEX_POINT('',#3219);
#3219 = CARTESIAN_POINT('',(-0.300867373812,0.2057801707,0.300999999999)
  );
#3220 = LINE('',#3221,#3222);
#3221 = CARTESIAN_POINT('',(-0.300867373812,0.2057801707,0.300999999999)
  );
#3222 = VECTOR('',#3223,1.);
#3223 = DIRECTION('',(0.,-1.,0.));
#3224 = ORIENTED_EDGE('',*,*,#3225,.F.);
#3225 = EDGE_CURVE('',#3162,#3218,#3226,.T.);
#3226 = LINE('',#3227,#3228);
#3227 = CARTESIAN_POINT('',(-0.374609751861,0.2057801707,0.300999999999)
  );
#3228 = VECTOR('',#3229,1.);
#3229 = DIRECTION('',(1.,0.,0.));
#3230 = FACE_BOUND('',#3231,.T.);
#3231 = EDGE_LOOP('',(#3232,#3233,#3234,#3235,#3236));
#3232 = ORIENTED_EDGE('',*,*,#2948,.F.);
#3233 = ORIENTED_EDGE('',*,*,#3094,.F.);
#3234 = ORIENTED_EDGE('',*,*,#3020,.F.);
#3235 = ORIENTED_EDGE('',*,*,#2996,.F.);
#3236 = ORIENTED_EDGE('',*,*,#2972,.F.);
#3237 = PLANE('',#3238);
#3238 = AXIS2_PLACEMENT_3D('',#3239,#3240,#3241);
#3239 = CARTESIAN_POINT('',(-0.560183996882,0.195808569695,0.301));
#3240 = DIRECTION('',(-9.820422953095E-16,4.405934583832E-14,-1.));
#3241 = DIRECTION('',(0.,1.,4.405934583832E-14));
#3242 = ADVANCED_FACE('',(#3243),#3268,.T.);
#3243 = FACE_BOUND('',#3244,.T.);
#3244 = EDGE_LOOP('',(#3245,#3255,#3261,#3262));
#3245 = ORIENTED_EDGE('',*,*,#3246,.F.);
#3246 = EDGE_CURVE('',#3247,#3249,#3251,.T.);
#3247 = VERTEX_POINT('',#3248);
#3248 = CARTESIAN_POINT('',(-0.374609751861,0.2057801707,0.299999999999)
  );
#3249 = VERTEX_POINT('',#3250);
#3250 = CARTESIAN_POINT('',(-0.300867373812,0.2057801707,0.3));
#3251 = LINE('',#3252,#3253);
#3252 = CARTESIAN_POINT('',(-0.374609751861,0.2057801707,0.299999999999)
  );
#3253 = VECTOR('',#3254,1.);
#3254 = DIRECTION('',(1.,0.,0.));
#3255 = ORIENTED_EDGE('',*,*,#3256,.F.);
#3256 = EDGE_CURVE('',#3162,#3247,#3257,.T.);
#3257 = LINE('',#3258,#3259);
#3258 = CARTESIAN_POINT('',(-0.374609751861,0.2057801707,0.300999999999)
  );
#3259 = VECTOR('',#3260,1.);
#3260 = DIRECTION('',(0.,0.,-1.));
#3261 = ORIENTED_EDGE('',*,*,#3225,.T.);
#3262 = ORIENTED_EDGE('',*,*,#3263,.T.);
#3263 = EDGE_CURVE('',#3218,#3249,#3264,.T.);
#3264 = LINE('',#3265,#3266);
#3265 = CARTESIAN_POINT('',(-0.300867373812,0.2057801707,0.300999999999)
  );
#3266 = VECTOR('',#3267,1.);
#3267 = DIRECTION('',(0.,0.,-1.));
#3268 = PLANE('',#3269);
#3269 = AXIS2_PLACEMENT_3D('',#3270,#3271,#3272);
#3270 = CARTESIAN_POINT('',(-0.374609751861,0.2057801707,0.300999999999)
  );
#3271 = DIRECTION('',(0.,1.,0.));
#3272 = DIRECTION('',(0.,-0.,1.));
#3273 = ADVANCED_FACE('',(#3274),#3308,.T.);
#3274 = FACE_BOUND('',#3275,.T.);
#3275 = EDGE_LOOP('',(#3276,#3300,#3306,#3307));
#3276 = ORIENTED_EDGE('',*,*,#3277,.F.);
#3277 = EDGE_CURVE('',#3278,#3247,#3280,.T.);
#3278 = VERTEX_POINT('',#3279);
#3279 = CARTESIAN_POINT('',(-0.569160056739,1.5517213382E-02,
    0.299999999999));
#3280 = B_SPLINE_CURVE_WITH_KNOTS('',3,(#3281,#3282,#3283,#3284,#3285,
    #3286,#3287,#3288,#3289,#3290,#3291,#3292,#3293,#3294,#3295,#3296,
    #3297,#3298,#3299),.UNSPECIFIED.,.F.,.F.,(4,1,1,1,1,1,1,1,1,1,1,1,1,
    1,1,1,4),(0.,7.4303796442E-02,0.144393610364,0.210499496103,
    0.273542606503,0.333824744579,0.392529672408,0.450087454599,
    0.507820611555,0.565464912776,0.623148722333,0.68129719279,
    0.740913498156,0.801855752195,0.86524123772,0.930941657046,1.),
  .UNSPECIFIED.);
#3281 = CARTESIAN_POINT('',(-0.569160056739,1.5517213382E-02,
    0.299999999999));
#3282 = CARTESIAN_POINT('',(-0.568996166448,2.3177655951E-02,0.3));
#3283 = CARTESIAN_POINT('',(-0.568677680556,3.8064095305E-02,
    0.299999999999));
#3284 = CARTESIAN_POINT('',(-0.566199573455,5.9654599238E-02,0.3));
#3285 = CARTESIAN_POINT('',(-0.562046580932,7.9798086806E-02,
    0.299999999999));
#3286 = CARTESIAN_POINT('',(-0.556142175596,9.8447460211E-02,
    0.299999999999));
#3287 = CARTESIAN_POINT('',(-0.548605910415,0.115674630185,0.3));
#3288 = CARTESIAN_POINT('',(-0.539325994665,0.131380894399,
    0.299999999999));
#3289 = CARTESIAN_POINT('',(-0.528374361138,0.145643252782,
    0.299999999999));
#3290 = CARTESIAN_POINT('',(-0.515752586925,0.158298038981,0.3));
#3291 = CARTESIAN_POINT('',(-0.501770574504,0.169423422376,
    0.299999999999));
#3292 = CARTESIAN_POINT('',(-0.486772077278,0.179214307451,0.3));
#3293 = CARTESIAN_POINT('',(-0.470626987515,0.187435127627,
    0.299999999999));
#3294 = CARTESIAN_POINT('',(-0.453461771573,0.194190590645,0.3));
#3295 = CARTESIAN_POINT('',(-0.435218335183,0.199461867428,
    0.299999999999));
#3296 = CARTESIAN_POINT('',(-0.415952648134,0.203120667897,
    0.299999999999));
#3297 = CARTESIAN_POINT('',(-0.395622477716,0.205347802785,
    0.299999999999));
#3298 = CARTESIAN_POINT('',(-0.381729389964,0.205633673615,0.3));
#3299 = CARTESIAN_POINT('',(-0.374609751861,0.2057801707,0.299999999999)
  );
#3300 = ORIENTED_EDGE('',*,*,#3301,.F.);
#3301 = EDGE_CURVE('',#3160,#3278,#3302,.T.);
#3302 = LINE('',#3303,#3304);
#3303 = CARTESIAN_POINT('',(-0.569160056739,1.5517213382E-02,
    0.300999999999));
#3304 = VECTOR('',#3305,1.);
#3305 = DIRECTION('',(0.,0.,-1.));
#3306 = ORIENTED_EDGE('',*,*,#3159,.T.);
#3307 = ORIENTED_EDGE('',*,*,#3256,.T.);
#3308 = B_SPLINE_SURFACE_WITH_KNOTS('',3,1,(
    (#3309,#3310)
    ,(#3311,#3312)
    ,(#3313,#3314)
    ,(#3315,#3316)
    ,(#3317,#3318)
    ,(#3319,#3320)
    ,(#3321,#3322)
    ,(#3323,#3324)
    ,(#3325,#3326)
    ,(#3327,#3328)
    ,(#3329,#3330)
    ,(#3331,#3332)
    ,(#3333,#3334)
    ,(#3335,#3336)
    ,(#3337,#3338)
    ,(#3339,#3340)
    ,(#3341,#3342)
    ,(#3343,#3344)
    ,(#3345,#3346
    )),.UNSPECIFIED.,.F.,.F.,.F.,(4,1,1,1,1,1,1,1,1,1,1,1,1,1,1,1,4),(2,
    2),(0.,7.4303796442E-02,0.144393610364,0.210499496103,0.273542606503
    ,0.333824744579,0.392529672408,0.450087454599,0.507820611555,
    0.565464912776,0.623148722333,0.68129719279,0.740913498156,
    0.801855752195,0.86524123772,0.930941657046,1.),(0.,1.),
  .UNSPECIFIED.);
#3309 = CARTESIAN_POINT('',(-0.569160056739,1.5517213382E-02,
    0.300999999999));
#3310 = CARTESIAN_POINT('',(-0.569160056739,1.5517213382E-02,
    0.299999999999));
#3311 = CARTESIAN_POINT('',(-0.568996166448,2.3177655951E-02,0.301));
#3312 = CARTESIAN_POINT('',(-0.568996166448,2.3177655951E-02,0.3));
#3313 = CARTESIAN_POINT('',(-0.568677680556,3.8064095305E-02,
    0.300999999999));
#3314 = CARTESIAN_POINT('',(-0.568677680556,3.8064095305E-02,
    0.299999999999));
#3315 = CARTESIAN_POINT('',(-0.566199573455,5.9654599238E-02,0.301));
#3316 = CARTESIAN_POINT('',(-0.566199573455,5.9654599238E-02,0.3));
#3317 = CARTESIAN_POINT('',(-0.562046580932,7.9798086806E-02,
    0.300999999999));
#3318 = CARTESIAN_POINT('',(-0.562046580932,7.9798086806E-02,
    0.299999999999));
#3319 = CARTESIAN_POINT('',(-0.556142175596,9.8447460211E-02,
    0.300999999999));
#3320 = CARTESIAN_POINT('',(-0.556142175596,9.8447460211E-02,
    0.299999999999));
#3321 = CARTESIAN_POINT('',(-0.548605910415,0.115674630185,0.301));
#3322 = CARTESIAN_POINT('',(-0.548605910415,0.115674630185,0.3));
#3323 = CARTESIAN_POINT('',(-0.539325994665,0.131380894399,
    0.300999999999));
#3324 = CARTESIAN_POINT('',(-0.539325994665,0.131380894399,
    0.299999999999));
#3325 = CARTESIAN_POINT('',(-0.528374361138,0.145643252782,
    0.300999999999));
#3326 = CARTESIAN_POINT('',(-0.528374361138,0.145643252782,
    0.299999999999));
#3327 = CARTESIAN_POINT('',(-0.515752586925,0.158298038981,0.301));
#3328 = CARTESIAN_POINT('',(-0.515752586925,0.158298038981,0.3));
#3329 = CARTESIAN_POINT('',(-0.501770574504,0.169423422376,
    0.300999999999));
#3330 = CARTESIAN_POINT('',(-0.501770574504,0.169423422376,
    0.299999999999));
#3331 = CARTESIAN_POINT('',(-0.486772077278,0.179214307451,0.301));
#3332 = CARTESIAN_POINT('',(-0.486772077278,0.179214307451,0.3));
#3333 = CARTESIAN_POINT('',(-0.470626987515,0.187435127627,
    0.300999999999));
#3334 = CARTESIAN_POINT('',(-0.470626987515,0.187435127627,
    0.299999999999));
#3335 = CARTESIAN_POINT('',(-0.453461771573,0.194190590645,0.301));
#3336 = CARTESIAN_POINT('',(-0.453461771573,0.194190590645,0.3));
#3337 = CARTESIAN_POINT('',(-0.435218335183,0.199461867428,
    0.300999999999));
#3338 = CARTESIAN_POINT('',(-0.435218335183,0.199461867428,
    0.299999999999));
#3339 = CARTESIAN_POINT('',(-0.415952648134,0.203120667897,
    0.300999999999));
#3340 = CARTESIAN_POINT('',(-0.415952648134,0.203120667897,
    0.299999999999));
#3341 = CARTESIAN_POINT('',(-0.395622477716,0.205347802785,
    0.300999999999));
#3342 = CARTESIAN_POINT('',(-0.395622477716,0.205347802785,
    0.299999999999));
#3343 = CARTESIAN_POINT('',(-0.381729389964,0.205633673615,0.301));
#3344 = CARTESIAN_POINT('',(-0.381729389964,0.205633673615,0.3));
#3345 = CARTESIAN_POINT('',(-0.374609751861,0.2057801707,0.300999999999)
  );
#3346 = CARTESIAN_POINT('',(-0.374609751861,0.2057801707,0.299999999999)
  );
#3347 = ADVANCED_FACE('',(#3348),#3382,.T.);
#3348 = FACE_BOUND('',#3349,.T.);
#3349 = EDGE_LOOP('',(#3350,#3374,#3380,#3381));
#3350 = ORIENTED_EDGE('',*,*,#3351,.F.);
#3351 = EDGE_CURVE('',#3352,#3278,#3354,.T.);
#3352 = VERTEX_POINT('',#3353);
#3353 = CARTESIAN_POINT('',(-0.371846794544,-0.184463731739,
    0.299999999999));
#3354 = B_SPLINE_CURVE_WITH_KNOTS('',3,(#3355,#3356,#3357,#3358,#3359,
    #3360,#3361,#3362,#3363,#3364,#3365,#3366,#3367,#3368,#3369,#3370,
    #3371,#3372,#3373),.UNSPECIFIED.,.F.,.F.,(4,1,1,1,1,1,1,1,1,1,1,1,1,
    1,1,1,4),(0.,7.0826572555E-02,0.138169033279,0.202475331533,
    0.263973754413,0.323380320598,0.381797622713,0.439390074519,
    0.496902724545,0.554662169609,0.612741878492,0.671538836391,
    0.73165572209,0.794297811613,0.859482204979,0.927681325452,
    0.999999999999),.UNSPECIFIED.);
#3355 = CARTESIAN_POINT('',(-0.371846794544,-0.184463731739,
    0.299999999999));
#3356 = CARTESIAN_POINT('',(-0.37938057893,-0.18430087728,0.3));
#3357 = CARTESIAN_POINT('',(-0.394077544602,-0.183983179525,0.3));
#3358 = CARTESIAN_POINT('',(-0.415495822874,-0.181460278719,
    0.299999999999));
#3359 = CARTESIAN_POINT('',(-0.435654255445,-0.177408981461,
    0.299999999999));
#3360 = CARTESIAN_POINT('',(-0.45455551176,-0.171733734048,
    0.299999999999));
#3361 = CARTESIAN_POINT('',(-0.472117705251,-0.164210923693,
    0.299999999999));
#3362 = CARTESIAN_POINT('',(-0.488482511715,-0.155183124455,0.3));
#3363 = CARTESIAN_POINT('',(-0.503537527674,-0.144440214849,
    0.299999999999));
#3364 = CARTESIAN_POINT('',(-0.5172217251,-0.132102684493,0.3));
#3365 = CARTESIAN_POINT('',(-0.529419097047,-0.118231969133,
    0.299999999999));
#3366 = CARTESIAN_POINT('',(-0.540180279979,-0.103045047454,0.3));
#3367 = CARTESIAN_POINT('',(-0.549121035058,-8.6435399709E-02,
    0.299999999999));
#3368 = CARTESIAN_POINT('',(-0.556524780166,-6.8567755036E-02,0.3));
#3369 = CARTESIAN_POINT('',(-0.562182289579,-4.9363374985E-02,
    0.299999999999));
#3370 = CARTESIAN_POINT('',(-0.566283428258,-2.8899193374E-02,0.3));
#3371 = CARTESIAN_POINT('',(-0.568652212286,-7.11847406E-03,
    0.299999999999));
#3372 = CARTESIAN_POINT('',(-0.568987498729,7.82594263E-03,
    0.299999999999));
#3373 = CARTESIAN_POINT('',(-0.569160056739,1.5517213382E-02,
    0.299999999999));
#3374 = ORIENTED_EDGE('',*,*,#3375,.F.);
#3375 = EDGE_CURVE('',#3186,#3352,#3376,.T.);
#3376 = LINE('',#3377,#3378);
#3377 = CARTESIAN_POINT('',(-0.371846794544,-0.184463731739,
    0.300999999999));
#3378 = VECTOR('',#3379,1.);
#3379 = DIRECTION('',(0.,0.,-1.));
#3380 = ORIENTED_EDGE('',*,*,#3185,.T.);
#3381 = ORIENTED_EDGE('',*,*,#3301,.T.);
#3382 = B_SPLINE_SURFACE_WITH_KNOTS('',3,1,(
    (#3383,#3384)
    ,(#3385,#3386)
    ,(#3387,#3388)
    ,(#3389,#3390)
    ,(#3391,#3392)
    ,(#3393,#3394)
    ,(#3395,#3396)
    ,(#3397,#3398)
    ,(#3399,#3400)
    ,(#3401,#3402)
    ,(#3403,#3404)
    ,(#3405,#3406)
    ,(#3407,#3408)
    ,(#3409,#3410)
    ,(#3411,#3412)
    ,(#3413,#3414)
    ,(#3415,#3416)
    ,(#3417,#3418)
    ,(#3419,#3420
    )),.UNSPECIFIED.,.F.,.F.,.F.,(4,1,1,1,1,1,1,1,1,1,1,1,1,1,1,1,4),(2,
    2),(0.,7.0826572555E-02,0.138169033279,0.202475331533,0.263973754413
    ,0.323380320598,0.381797622713,0.439390074519,0.496902724545,
    0.554662169609,0.612741878492,0.671538836391,0.73165572209,
    0.794297811613,0.859482204979,0.927681325452,0.999999999999),(0.,1.)
  ,.UNSPECIFIED.);
#3383 = CARTESIAN_POINT('',(-0.371846794544,-0.184463731739,
    0.300999999999));
#3384 = CARTESIAN_POINT('',(-0.371846794544,-0.184463731739,
    0.299999999999));
#3385 = CARTESIAN_POINT('',(-0.37938057893,-0.18430087728,0.301));
#3386 = CARTESIAN_POINT('',(-0.37938057893,-0.18430087728,0.3));
#3387 = CARTESIAN_POINT('',(-0.394077544602,-0.183983179525,0.301));
#3388 = CARTESIAN_POINT('',(-0.394077544602,-0.183983179525,0.3));
#3389 = CARTESIAN_POINT('',(-0.415495822874,-0.181460278719,
    0.300999999999));
#3390 = CARTESIAN_POINT('',(-0.415495822874,-0.181460278719,
    0.299999999999));
#3391 = CARTESIAN_POINT('',(-0.435654255445,-0.177408981461,
    0.300999999999));
#3392 = CARTESIAN_POINT('',(-0.435654255445,-0.177408981461,
    0.299999999999));
#3393 = CARTESIAN_POINT('',(-0.45455551176,-0.171733734048,
    0.300999999999));
#3394 = CARTESIAN_POINT('',(-0.45455551176,-0.171733734048,
    0.299999999999));
#3395 = CARTESIAN_POINT('',(-0.472117705251,-0.164210923693,
    0.300999999999));
#3396 = CARTESIAN_POINT('',(-0.472117705251,-0.164210923693,
    0.299999999999));
#3397 = CARTESIAN_POINT('',(-0.488482511715,-0.155183124455,0.301));
#3398 = CARTESIAN_POINT('',(-0.488482511715,-0.155183124455,0.3));
#3399 = CARTESIAN_POINT('',(-0.503537527674,-0.144440214849,
    0.300999999999));
#3400 = CARTESIAN_POINT('',(-0.503537527674,-0.144440214849,
    0.299999999999));
#3401 = CARTESIAN_POINT('',(-0.5172217251,-0.132102684493,0.301));
#3402 = CARTESIAN_POINT('',(-0.5172217251,-0.132102684493,0.3));
#3403 = CARTESIAN_POINT('',(-0.529419097047,-0.118231969133,
    0.300999999999));
#3404 = CARTESIAN_POINT('',(-0.529419097047,-0.118231969133,
    0.299999999999));
#3405 = CARTESIAN_POINT('',(-0.540180279979,-0.103045047454,0.301));
#3406 = CARTESIAN_POINT('',(-0.540180279979,-0.103045047454,0.3));
#3407 = CARTESIAN_POINT('',(-0.549121035058,-8.6435399709E-02,
    0.300999999999));
#3408 = CARTESIAN_POINT('',(-0.549121035058,-8.6435399709E-02,
    0.299999999999));
#3409 = CARTESIAN_POINT('',(-0.556524780166,-6.8567755036E-02,0.301));
#3410 = CARTESIAN_POINT('',(-0.556524780166,-6.8567755036E-02,0.3));
#3411 = CARTESIAN_POINT('',(-0.562182289579,-4.9363374985E-02,
    0.300999999999));
#3412 = CARTESIAN_POINT('',(-0.562182289579,-4.9363374985E-02,
    0.299999999999));
#3413 = CARTESIAN_POINT('',(-0.566283428258,-2.8899193374E-02,0.301));
#3414 = CARTESIAN_POINT('',(-0.566283428258,-2.8899193374E-02,0.3));
#3415 = CARTESIAN_POINT('',(-0.568652212286,-7.11847406E-03,
    0.300999999999));
#3416 = CARTESIAN_POINT('',(-0.568652212286,-7.11847406E-03,
    0.299999999999));
#3417 = CARTESIAN_POINT('',(-0.568987498729,7.82594263E-03,
    0.300999999999));
#3418 = CARTESIAN_POINT('',(-0.568987498729,7.82594263E-03,
    0.299999999999));
#3419 = CARTESIAN_POINT('',(-0.569160056739,1.5517213382E-02,
    0.300999999999));
#3420 = CARTESIAN_POINT('',(-0.569160056739,1.5517213382E-02,
    0.299999999999));
#3421 = ADVANCED_FACE('',(#3422),#3440,.T.);
#3422 = FACE_BOUND('',#3423,.T.);
#3423 = EDGE_LOOP('',(#3424,#3432,#3438,#3439));
#3424 = ORIENTED_EDGE('',*,*,#3425,.F.);
#3425 = EDGE_CURVE('',#3426,#3352,#3428,.T.);
#3426 = VERTEX_POINT('',#3427);
#3427 = CARTESIAN_POINT('',(-0.300867373812,-0.184463731739,
    0.299999999999));
#3428 = LINE('',#3429,#3430);
#3429 = CARTESIAN_POINT('',(-0.300867373812,-0.184463731739,
    0.299999999999));
#3430 = VECTOR('',#3431,1.);
#3431 = DIRECTION('',(-1.,0.,0.));
#3432 = ORIENTED_EDGE('',*,*,#3433,.F.);
#3433 = EDGE_CURVE('',#3210,#3426,#3434,.T.);
#3434 = LINE('',#3435,#3436);
#3435 = CARTESIAN_POINT('',(-0.300867373812,-0.184463731739,
    0.300999999999));
#3436 = VECTOR('',#3437,1.);
#3437 = DIRECTION('',(0.,0.,-1.));
#3438 = ORIENTED_EDGE('',*,*,#3209,.T.);
#3439 = ORIENTED_EDGE('',*,*,#3375,.T.);
#3440 = PLANE('',#3441);
#3441 = AXIS2_PLACEMENT_3D('',#3442,#3443,#3444);
#3442 = CARTESIAN_POINT('',(-0.300867373812,-0.184463731739,
    0.300999999999));
#3443 = DIRECTION('',(0.,-1.,0.));
#3444 = DIRECTION('',(0.,0.,-1.));
#3445 = ADVANCED_FACE('',(#3446),#3457,.T.);
#3446 = FACE_BOUND('',#3447,.T.);
#3447 = EDGE_LOOP('',(#3448,#3454,#3455,#3456));
#3448 = ORIENTED_EDGE('',*,*,#3449,.F.);
#3449 = EDGE_CURVE('',#3249,#3426,#3450,.T.);
#3450 = LINE('',#3451,#3452);
#3451 = CARTESIAN_POINT('',(-0.300867373812,0.2057801707,0.299999999999)
  );
#3452 = VECTOR('',#3453,1.);
#3453 = DIRECTION('',(0.,-1.,0.));
#3454 = ORIENTED_EDGE('',*,*,#3263,.F.);
#3455 = ORIENTED_EDGE('',*,*,#3217,.T.);
#3456 = ORIENTED_EDGE('',*,*,#3433,.T.);
#3457 = PLANE('',#3458);
#3458 = AXIS2_PLACEMENT_3D('',#3459,#3460,#3461);
#3459 = CARTESIAN_POINT('',(-0.300867373812,0.2057801707,0.300999999999)
  );
#3460 = DIRECTION('',(1.,0.,0.));
#3461 = DIRECTION('',(0.,0.,-1.));
#3462 = ADVANCED_FACE('',(#3463),#3488,.T.);
#3463 = FACE_BOUND('',#3464,.T.);
#3464 = EDGE_LOOP('',(#3465,#3466,#3474,#3482));
#3465 = ORIENTED_EDGE('',*,*,#1999,.F.);
#3466 = ORIENTED_EDGE('',*,*,#3467,.F.);
#3467 = EDGE_CURVE('',#3468,#1992,#3470,.T.);
#3468 = VERTEX_POINT('',#3469);
#3469 = CARTESIAN_POINT('',(-0.136233227471,-0.184463731739,
    0.300999999999));
#3470 = LINE('',#3471,#3472);
#3471 = CARTESIAN_POINT('',(-0.136233227471,-0.184463731739,
    0.300999999999));
#3472 = VECTOR('',#3473,1.);
#3473 = DIRECTION('',(0.,0.,-1.));
#3474 = ORIENTED_EDGE('',*,*,#3475,.T.);
#3475 = EDGE_CURVE('',#3468,#3476,#3478,.T.);
#3476 = VERTEX_POINT('',#3477);
#3477 = CARTESIAN_POINT('',(-0.136233227471,-0.239341780519,
    0.300999999999));
#3478 = LINE('',#3479,#3480);
#3479 = CARTESIAN_POINT('',(-0.136233227471,-0.184463731739,
    0.300999999999));
#3480 = VECTOR('',#3481,1.);
#3481 = DIRECTION('',(0.,-1.,0.));
#3482 = ORIENTED_EDGE('',*,*,#3483,.T.);
#3483 = EDGE_CURVE('',#3476,#2000,#3484,.T.);
#3484 = LINE('',#3485,#3486);
#3485 = CARTESIAN_POINT('',(-0.136233227471,-0.239341780519,
    0.300999999999));
#3486 = VECTOR('',#3487,1.);
#3487 = DIRECTION('',(0.,0.,-1.));
#3488 = PLANE('',#3489);
#3489 = AXIS2_PLACEMENT_3D('',#3490,#3491,#3492);
#3490 = CARTESIAN_POINT('',(-0.136233227471,-0.184463731739,
    0.300999999999));
#3491 = DIRECTION('',(1.,0.,0.));
#3492 = DIRECTION('',(0.,0.,-1.));
#3493 = ADVANCED_FACE('',(#3494),#3512,.T.);
#3494 = FACE_BOUND('',#3495,.T.);
#3495 = EDGE_LOOP('',(#3496,#3497,#3498,#3506));
#3496 = ORIENTED_EDGE('',*,*,#2007,.F.);
#3497 = ORIENTED_EDGE('',*,*,#3483,.F.);
#3498 = ORIENTED_EDGE('',*,*,#3499,.T.);
#3499 = EDGE_CURVE('',#3476,#3500,#3502,.T.);
#3500 = VERTEX_POINT('',#3501);
#3501 = CARTESIAN_POINT('',(0.132059455455,-0.239341780519,
    0.300999999999));
#3502 = LINE('',#3503,#3504);
#3503 = CARTESIAN_POINT('',(-0.136233227471,-0.239341780519,
    0.300999999999));
#3504 = VECTOR('',#3505,1.);
#3505 = DIRECTION('',(1.,0.,0.));
#3506 = ORIENTED_EDGE('',*,*,#3507,.T.);
#3507 = EDGE_CURVE('',#3500,#2008,#3508,.T.);
#3508 = LINE('',#3509,#3510);
#3509 = CARTESIAN_POINT('',(0.132059455455,-0.239341780519,
    0.300999999999));
#3510 = VECTOR('',#3511,1.);
#3511 = DIRECTION('',(0.,0.,-1.));
#3512 = PLANE('',#3513);
#3513 = AXIS2_PLACEMENT_3D('',#3514,#3515,#3516);
#3514 = CARTESIAN_POINT('',(-0.136233227471,-0.239341780519,
    0.300999999999));
#3515 = DIRECTION('',(0.,1.,0.));
#3516 = DIRECTION('',(0.,-0.,1.));
#3517 = ADVANCED_FACE('',(#3518),#3536,.T.);
#3518 = FACE_BOUND('',#3519,.T.);
#3519 = EDGE_LOOP('',(#3520,#3521,#3522,#3530));
#3520 = ORIENTED_EDGE('',*,*,#2015,.F.);
#3521 = ORIENTED_EDGE('',*,*,#3507,.F.);
#3522 = ORIENTED_EDGE('',*,*,#3523,.T.);
#3523 = EDGE_CURVE('',#3500,#3524,#3526,.T.);
#3524 = VERTEX_POINT('',#3525);
#3525 = CARTESIAN_POINT('',(0.132059455455,0.26065821948,0.300999999999)
  );
#3526 = LINE('',#3527,#3528);
#3527 = CARTESIAN_POINT('',(0.132059455455,-0.239341780519,
    0.300999999999));
#3528 = VECTOR('',#3529,1.);
#3529 = DIRECTION('',(0.,1.,0.));
#3530 = ORIENTED_EDGE('',*,*,#3531,.T.);
#3531 = EDGE_CURVE('',#3524,#2016,#3532,.T.);
#3532 = LINE('',#3533,#3534);
#3533 = CARTESIAN_POINT('',(0.132059455455,0.26065821948,0.300999999999)
  );
#3534 = VECTOR('',#3535,1.);
#3535 = DIRECTION('',(0.,0.,-1.));
#3536 = PLANE('',#3537);
#3537 = AXIS2_PLACEMENT_3D('',#3538,#3539,#3540);
#3538 = CARTESIAN_POINT('',(0.132059455455,-0.239341780519,
    0.300999999999));
#3539 = DIRECTION('',(-1.,0.,0.));
#3540 = DIRECTION('',(0.,0.,1.));
#3541 = ADVANCED_FACE('',(#3542),#3560,.T.);
#3542 = FACE_BOUND('',#3543,.T.);
#3543 = EDGE_LOOP('',(#3544,#3545,#3546,#3554));
#3544 = ORIENTED_EDGE('',*,*,#2023,.F.);
#3545 = ORIENTED_EDGE('',*,*,#3531,.F.);
#3546 = ORIENTED_EDGE('',*,*,#3547,.T.);
#3547 = EDGE_CURVE('',#3524,#3548,#3550,.T.);
#3548 = VERTEX_POINT('',#3549);
#3549 = CARTESIAN_POINT('',(-0.124038105519,0.26065821948,0.300999999999
    ));
#3550 = LINE('',#3551,#3552);
#3551 = CARTESIAN_POINT('',(0.132059455455,0.26065821948,0.300999999999)
  );
#3552 = VECTOR('',#3553,1.);
#3553 = DIRECTION('',(-1.,0.,0.));
#3554 = ORIENTED_EDGE('',*,*,#3555,.T.);
#3555 = EDGE_CURVE('',#3548,#2024,#3556,.T.);
#3556 = LINE('',#3557,#3558);
#3557 = CARTESIAN_POINT('',(-0.124038105519,0.26065821948,0.300999999999
    ));
#3558 = VECTOR('',#3559,1.);
#3559 = DIRECTION('',(0.,0.,-1.));
#3560 = PLANE('',#3561);
#3561 = AXIS2_PLACEMENT_3D('',#3562,#3563,#3564);
#3562 = CARTESIAN_POINT('',(0.132059455455,0.26065821948,0.300999999999)
  );
#3563 = DIRECTION('',(0.,-1.,0.));
#3564 = DIRECTION('',(0.,0.,-1.));
#3565 = ADVANCED_FACE('',(#3566),#3584,.T.);
#3566 = FACE_BOUND('',#3567,.T.);
#3567 = EDGE_LOOP('',(#3568,#3569,#3570,#3578));
#3568 = ORIENTED_EDGE('',*,*,#2031,.F.);
#3569 = ORIENTED_EDGE('',*,*,#3555,.F.);
#3570 = ORIENTED_EDGE('',*,*,#3571,.T.);
#3571 = EDGE_CURVE('',#3548,#3572,#3574,.T.);
#3572 = VERTEX_POINT('',#3573);
#3573 = CARTESIAN_POINT('',(-0.124038105519,0.2057801707,0.300999999999)
  );
#3574 = LINE('',#3575,#3576);
#3575 = CARTESIAN_POINT('',(-0.124038105519,0.26065821948,0.300999999999
    ));
#3576 = VECTOR('',#3577,1.);
#3577 = DIRECTION('',(0.,-1.,0.));
#3578 = ORIENTED_EDGE('',*,*,#3579,.T.);
#3579 = EDGE_CURVE('',#3572,#2032,#3580,.T.);
#3580 = LINE('',#3581,#3582);
#3581 = CARTESIAN_POINT('',(-0.124038105519,0.2057801707,0.300999999999)
  );
#3582 = VECTOR('',#3583,1.);
#3583 = DIRECTION('',(0.,0.,-1.));
#3584 = PLANE('',#3585);
#3585 = AXIS2_PLACEMENT_3D('',#3586,#3587,#3588);
#3586 = CARTESIAN_POINT('',(-0.124038105519,0.26065821948,0.300999999999
    ));
#3587 = DIRECTION('',(1.,0.,0.));
#3588 = DIRECTION('',(0.,0.,-1.));
#3589 = ADVANCED_FACE('',(#3590),#3608,.T.);
#3590 = FACE_BOUND('',#3591,.T.);
#3591 = EDGE_LOOP('',(#3592,#3593,#3594,#3602));
#3592 = ORIENTED_EDGE('',*,*,#2039,.F.);
#3593 = ORIENTED_EDGE('',*,*,#3579,.F.);
#3594 = ORIENTED_EDGE('',*,*,#3595,.T.);
#3595 = EDGE_CURVE('',#3572,#3596,#3598,.T.);
#3596 = VERTEX_POINT('',#3597);
#3597 = CARTESIAN_POINT('',(6.4986284724E-02,0.2057801707,0.300999999999
    ));
#3598 = LINE('',#3599,#3600);
#3599 = CARTESIAN_POINT('',(-0.124038105519,0.2057801707,0.300999999999)
  );
#3600 = VECTOR('',#3601,1.);
#3601 = DIRECTION('',(1.,0.,0.));
#3602 = ORIENTED_EDGE('',*,*,#3603,.T.);
#3603 = EDGE_CURVE('',#3596,#2040,#3604,.T.);
#3604 = LINE('',#3605,#3606);
#3605 = CARTESIAN_POINT('',(6.4986284724E-02,0.2057801707,0.300999999999
    ));
#3606 = VECTOR('',#3607,1.);
#3607 = DIRECTION('',(0.,0.,-1.));
#3608 = PLANE('',#3609);
#3609 = AXIS2_PLACEMENT_3D('',#3610,#3611,#3612);
#3610 = CARTESIAN_POINT('',(-0.124038105519,0.2057801707,0.300999999999)
  );
#3611 = DIRECTION('',(0.,1.,0.));
#3612 = DIRECTION('',(0.,-0.,1.));
#3613 = ADVANCED_FACE('',(#3614),#3632,.T.);
#3614 = FACE_BOUND('',#3615,.T.);
#3615 = EDGE_LOOP('',(#3616,#3617,#3618,#3626));
#3616 = ORIENTED_EDGE('',*,*,#2047,.F.);
#3617 = ORIENTED_EDGE('',*,*,#3603,.F.);
#3618 = ORIENTED_EDGE('',*,*,#3619,.T.);
#3619 = EDGE_CURVE('',#3596,#3620,#3622,.T.);
#3620 = VERTEX_POINT('',#3621);
#3621 = CARTESIAN_POINT('',(6.4986284724E-02,4.1146024358E-02,
    0.300999999999));
#3622 = LINE('',#3623,#3624);
#3623 = CARTESIAN_POINT('',(6.4986284724E-02,0.2057801707,0.300999999999
    ));
#3624 = VECTOR('',#3625,1.);
#3625 = DIRECTION('',(0.,-1.,0.));
#3626 = ORIENTED_EDGE('',*,*,#3627,.T.);
#3627 = EDGE_CURVE('',#3620,#2048,#3628,.T.);
#3628 = LINE('',#3629,#3630);
#3629 = CARTESIAN_POINT('',(6.4986284724E-02,4.1146024358E-02,
    0.300999999999));
#3630 = VECTOR('',#3631,1.);
#3631 = DIRECTION('',(0.,0.,-1.));
#3632 = PLANE('',#3633);
#3633 = AXIS2_PLACEMENT_3D('',#3634,#3635,#3636);
#3634 = CARTESIAN_POINT('',(6.4986284724E-02,0.2057801707,0.300999999999
    ));
#3635 = DIRECTION('',(1.,0.,0.));
#3636 = DIRECTION('',(0.,0.,-1.));
#3637 = ADVANCED_FACE('',(#3638),#3656,.T.);
#3638 = FACE_BOUND('',#3639,.T.);
#3639 = EDGE_LOOP('',(#3640,#3641,#3642,#3650));
#3640 = ORIENTED_EDGE('',*,*,#2055,.F.);
#3641 = ORIENTED_EDGE('',*,*,#3627,.F.);
#3642 = ORIENTED_EDGE('',*,*,#3643,.T.);
#3643 = EDGE_CURVE('',#3620,#3644,#3646,.T.);
#3644 = VERTEX_POINT('',#3645);
#3645 = CARTESIAN_POINT('',(-0.111842983568,4.1146024358E-02,
    0.300999999999));
#3646 = LINE('',#3647,#3648);
#3647 = CARTESIAN_POINT('',(6.4986284724E-02,4.1146024358E-02,
    0.300999999999));
#3648 = VECTOR('',#3649,1.);
#3649 = DIRECTION('',(-1.,0.,0.));
#3650 = ORIENTED_EDGE('',*,*,#3651,.T.);
#3651 = EDGE_CURVE('',#3644,#2056,#3652,.T.);
#3652 = LINE('',#3653,#3654);
#3653 = CARTESIAN_POINT('',(-0.111842983568,4.1146024358E-02,
    0.300999999999));
#3654 = VECTOR('',#3655,1.);
#3655 = DIRECTION('',(0.,0.,-1.));
#3656 = PLANE('',#3657);
#3657 = AXIS2_PLACEMENT_3D('',#3658,#3659,#3660);
#3658 = CARTESIAN_POINT('',(6.4986284724E-02,4.1146024358E-02,
    0.300999999999));
#3659 = DIRECTION('',(0.,-1.,0.));
#3660 = DIRECTION('',(0.,0.,-1.));
#3661 = ADVANCED_FACE('',(#3662),#3680,.T.);
#3662 = FACE_BOUND('',#3663,.T.);
#3663 = EDGE_LOOP('',(#3664,#3665,#3666,#3674));
#3664 = ORIENTED_EDGE('',*,*,#2063,.F.);
#3665 = ORIENTED_EDGE('',*,*,#3651,.F.);
#3666 = ORIENTED_EDGE('',*,*,#3667,.T.);
#3667 = EDGE_CURVE('',#3644,#3668,#3670,.T.);
#3668 = VERTEX_POINT('',#3669);
#3669 = CARTESIAN_POINT('',(-0.111842983568,-1.3732024421E-02,
    0.300999999999));
#3670 = LINE('',#3671,#3672);
#3671 = CARTESIAN_POINT('',(-0.111842983568,4.1146024358E-02,
    0.300999999999));
#3672 = VECTOR('',#3673,1.);
#3673 = DIRECTION('',(0.,-1.,0.));
#3674 = ORIENTED_EDGE('',*,*,#3675,.T.);
#3675 = EDGE_CURVE('',#3668,#2064,#3676,.T.);
#3676 = LINE('',#3677,#3678);
#3677 = CARTESIAN_POINT('',(-0.111842983568,-1.3732024421E-02,
    0.300999999999));
#3678 = VECTOR('',#3679,1.);
#3679 = DIRECTION('',(0.,0.,-1.));
#3680 = PLANE('',#3681);
#3681 = AXIS2_PLACEMENT_3D('',#3682,#3683,#3684);
#3682 = CARTESIAN_POINT('',(-0.111842983568,4.1146024358E-02,
    0.300999999999));
#3683 = DIRECTION('',(1.,0.,0.));
#3684 = DIRECTION('',(0.,0.,-1.));
#3685 = ADVANCED_FACE('',(#3686),#3704,.T.);
#3686 = FACE_BOUND('',#3687,.T.);
#3687 = EDGE_LOOP('',(#3688,#3689,#3690,#3698));
#3688 = ORIENTED_EDGE('',*,*,#2071,.F.);
#3689 = ORIENTED_EDGE('',*,*,#3675,.F.);
#3690 = ORIENTED_EDGE('',*,*,#3691,.T.);
#3691 = EDGE_CURVE('',#3668,#3692,#3694,.T.);
#3692 = VERTEX_POINT('',#3693);
#3693 = CARTESIAN_POINT('',(6.4986284724E-02,-1.3732024421E-02,
    0.300999999999));
#3694 = LINE('',#3695,#3696);
#3695 = CARTESIAN_POINT('',(-0.111842983568,-1.3732024421E-02,
    0.300999999999));
#3696 = VECTOR('',#3697,1.);
#3697 = DIRECTION('',(1.,0.,0.));
#3698 = ORIENTED_EDGE('',*,*,#3699,.T.);
#3699 = EDGE_CURVE('',#3692,#2072,#3700,.T.);
#3700 = LINE('',#3701,#3702);
#3701 = CARTESIAN_POINT('',(6.4986284724E-02,-1.3732024421E-02,
    0.300999999999));
#3702 = VECTOR('',#3703,1.);
#3703 = DIRECTION('',(0.,0.,-1.));
#3704 = PLANE('',#3705);
#3705 = AXIS2_PLACEMENT_3D('',#3706,#3707,#3708);
#3706 = CARTESIAN_POINT('',(-0.111842983568,-1.3732024421E-02,
    0.300999999999));
#3707 = DIRECTION('',(0.,1.,0.));
#3708 = DIRECTION('',(0.,-0.,1.));
#3709 = ADVANCED_FACE('',(#3710),#3728,.T.);
#3710 = FACE_BOUND('',#3711,.T.);
#3711 = EDGE_LOOP('',(#3712,#3713,#3714,#3722));
#3712 = ORIENTED_EDGE('',*,*,#2079,.F.);
#3713 = ORIENTED_EDGE('',*,*,#3699,.F.);
#3714 = ORIENTED_EDGE('',*,*,#3715,.T.);
#3715 = EDGE_CURVE('',#3692,#3716,#3718,.T.);
#3716 = VERTEX_POINT('',#3717);
#3717 = CARTESIAN_POINT('',(6.4986284724E-02,-0.184463731739,
    0.300999999999));
#3718 = LINE('',#3719,#3720);
#3719 = CARTESIAN_POINT('',(6.4986284724E-02,-1.3732024421E-02,
    0.300999999999));
#3720 = VECTOR('',#3721,1.);
#3721 = DIRECTION('',(0.,-1.,0.));
#3722 = ORIENTED_EDGE('',*,*,#3723,.T.);
#3723 = EDGE_CURVE('',#3716,#1990,#3724,.T.);
#3724 = LINE('',#3725,#3726);
#3725 = CARTESIAN_POINT('',(6.4986284724E-02,-0.184463731739,
    0.300999999999));
#3726 = VECTOR('',#3727,1.);
#3727 = DIRECTION('',(0.,0.,-1.));
#3728 = PLANE('',#3729);
#3729 = AXIS2_PLACEMENT_3D('',#3730,#3731,#3732);
#3730 = CARTESIAN_POINT('',(6.4986284724E-02,-1.3732024421E-02,
    0.300999999999));
#3731 = DIRECTION('',(1.,0.,0.));
#3732 = DIRECTION('',(0.,0.,-1.));
#3733 = ADVANCED_FACE('',(#3734),#3745,.T.);
#3734 = FACE_BOUND('',#3735,.T.);
#3735 = EDGE_LOOP('',(#3736,#3737,#3738,#3744));
#3736 = ORIENTED_EDGE('',*,*,#1989,.F.);
#3737 = ORIENTED_EDGE('',*,*,#3723,.F.);
#3738 = ORIENTED_EDGE('',*,*,#3739,.T.);
#3739 = EDGE_CURVE('',#3716,#3468,#3740,.T.);
#3740 = LINE('',#3741,#3742);
#3741 = CARTESIAN_POINT('',(6.4986284724E-02,-0.184463731739,
    0.300999999999));
#3742 = VECTOR('',#3743,1.);
#3743 = DIRECTION('',(-1.,0.,0.));
#3744 = ORIENTED_EDGE('',*,*,#3467,.T.);
#3745 = PLANE('',#3746);
#3746 = AXIS2_PLACEMENT_3D('',#3747,#3748,#3749);
#3747 = CARTESIAN_POINT('',(6.4986284724E-02,-0.184463731739,
    0.300999999999));
#3748 = DIRECTION('',(0.,-1.,0.));
#3749 = DIRECTION('',(0.,0.,-1.));
#3750 = ADVANCED_FACE('',(#3751),#3765,.F.);
#3751 = FACE_BOUND('',#3752,.T.);
#3752 = EDGE_LOOP('',(#3753,#3754,#3755,#3756,#3757,#3758,#3759,#3760,
    #3761,#3762,#3763,#3764));
#3753 = ORIENTED_EDGE('',*,*,#3475,.F.);
#3754 = ORIENTED_EDGE('',*,*,#3739,.F.);
#3755 = ORIENTED_EDGE('',*,*,#3715,.F.);
#3756 = ORIENTED_EDGE('',*,*,#3691,.F.);
#3757 = ORIENTED_EDGE('',*,*,#3667,.F.);
#3758 = ORIENTED_EDGE('',*,*,#3643,.F.);
#3759 = ORIENTED_EDGE('',*,*,#3619,.F.);
#3760 = ORIENTED_EDGE('',*,*,#3595,.F.);
#3761 = ORIENTED_EDGE('',*,*,#3571,.F.);
#3762 = ORIENTED_EDGE('',*,*,#3547,.F.);
#3763 = ORIENTED_EDGE('',*,*,#3523,.F.);
#3764 = ORIENTED_EDGE('',*,*,#3499,.F.);
#3765 = PLANE('',#3766);
#3766 = AXIS2_PLACEMENT_3D('',#3767,#3768,#3769);
#3767 = CARTESIAN_POINT('',(0.,0.,0.300999999999));
#3768 = DIRECTION('',(0.,0.,1.));
#3769 = DIRECTION('',(1.,0.,-0.));
#3770 = ADVANCED_FACE('',(#3771),#3796,.T.);
#3771 = FACE_BOUND('',#3772,.T.);
#3772 = EDGE_LOOP('',(#3773,#3774,#3782,#3790));
#3773 = ORIENTED_EDGE('',*,*,#2105,.F.);
#3774 = ORIENTED_EDGE('',*,*,#3775,.F.);
#3775 = EDGE_CURVE('',#3776,#2090,#3778,.T.);
#3776 = VERTEX_POINT('',#3777);
#3777 = CARTESIAN_POINT('',(0.229620431065,-0.158549097592,
    0.300999999999));
#3778 = LINE('',#3779,#3780);
#3779 = CARTESIAN_POINT('',(0.229620431065,-0.158549097592,
    0.300999999999));
#3780 = VECTOR('',#3781,1.);
#3781 = DIRECTION('',(0.,0.,-1.));
#3782 = ORIENTED_EDGE('',*,*,#3783,.T.);
#3783 = EDGE_CURVE('',#3776,#3784,#3786,.T.);
#3784 = VERTEX_POINT('',#3785);
#3785 = CARTESIAN_POINT('',(0.229620431065,-0.213427146373,
    0.300999999999));
#3786 = LINE('',#3787,#3788);
#3787 = CARTESIAN_POINT('',(0.229620431065,-0.158549097592,
    0.300999999999));
#3788 = VECTOR('',#3789,1.);
#3789 = DIRECTION('',(0.,-1.,0.));
#3790 = ORIENTED_EDGE('',*,*,#3791,.T.);
#3791 = EDGE_CURVE('',#3784,#2106,#3792,.T.);
#3792 = LINE('',#3793,#3794);
#3793 = CARTESIAN_POINT('',(0.229620431065,-0.213427146373,
    0.300999999999));
#3794 = VECTOR('',#3795,1.);
#3795 = DIRECTION('',(0.,0.,-1.));
#3796 = PLANE('',#3797);
#3797 = AXIS2_PLACEMENT_3D('',#3798,#3799,#3800);
#3798 = CARTESIAN_POINT('',(0.229620431065,-0.158549097592,
    0.300999999999));
#3799 = DIRECTION('',(1.,0.,0.));
#3800 = DIRECTION('',(0.,0.,-1.));
#3801 = ADVANCED_FACE('',(#3802),#3828,.T.);
#3802 = FACE_BOUND('',#3803,.T.);
#3803 = EDGE_LOOP('',(#3804,#3805,#3806,#3822));
#3804 = ORIENTED_EDGE('',*,*,#2113,.F.);
#3805 = ORIENTED_EDGE('',*,*,#3791,.F.);
#3806 = ORIENTED_EDGE('',*,*,#3807,.T.);
#3807 = EDGE_CURVE('',#3784,#3808,#3810,.T.);
#3808 = VERTEX_POINT('',#3809);
#3809 = CARTESIAN_POINT('',(0.367196650577,-0.245439341495,
    0.300999999999));
#3810 = B_SPLINE_CURVE_WITH_KNOTS('',3,(#3811,#3812,#3813,#3814,#3815,
    #3816,#3817,#3818,#3819,#3820,#3821),.UNSPECIFIED.,.F.,.F.,(4,1,1,1,
    1,1,1,1,4),(0.,0.112448389908,0.226527675212,0.344401949326,
    0.465864972487,0.591659449352,0.722168487024,0.858606387554,1.),
  .UNSPECIFIED.);
#3811 = CARTESIAN_POINT('',(0.229620431065,-0.213427146373,
    0.300999999999));
#3812 = CARTESIAN_POINT('',(0.234312126452,-0.216016771208,
    0.300999999999));
#3813 = CARTESIAN_POINT('',(0.243763563239,-0.221233579505,
    0.300999999999));
#3814 = CARTESIAN_POINT('',(0.258878395481,-0.227670624561,0.301));
#3815 = CARTESIAN_POINT('',(0.274782861942,-0.233222878866,
    0.300999999999));
#3816 = CARTESIAN_POINT('',(0.291616168182,-0.237650303647,0.301));
#3817 = CARTESIAN_POINT('',(0.309266411339,-0.241208511522,
    0.300999999999));
#3818 = CARTESIAN_POINT('',(0.327827115956,-0.243618613215,
    0.300999999999));
#3819 = CARTESIAN_POINT('',(0.347224750422,-0.245205104721,
    0.300999999999));
#3820 = CARTESIAN_POINT('',(0.36046065376,-0.245360339589,0.300999999999
    ));
#3821 = CARTESIAN_POINT('',(0.367196650577,-0.245439341495,
    0.300999999999));
#3822 = ORIENTED_EDGE('',*,*,#3823,.T.);
#3823 = EDGE_CURVE('',#3808,#2114,#3824,.T.);
#3824 = LINE('',#3825,#3826);
#3825 = CARTESIAN_POINT('',(0.367196650577,-0.245439341495,
    0.300999999999));
#3826 = VECTOR('',#3827,1.);
#3827 = DIRECTION('',(0.,0.,-1.));
#3828 = B_SPLINE_SURFACE_WITH_KNOTS('',3,1,(
    (#3829,#3830)
    ,(#3831,#3832)
    ,(#3833,#3834)
    ,(#3835,#3836)
    ,(#3837,#3838)
    ,(#3839,#3840)
    ,(#3841,#3842)
    ,(#3843,#3844)
    ,(#3845,#3846)
    ,(#3847,#3848)
    ,(#3849,#3850
  )),.UNSPECIFIED.,.F.,.F.,.F.,(4,1,1,1,1,1,1,1,4),(2,2),(0.,
    0.112448389908,0.226527675212,0.344401949326,0.465864972487,
    0.591659449352,0.722168487024,0.858606387554,1.),(0.,1.),
  .UNSPECIFIED.);
#3829 = CARTESIAN_POINT('',(0.229620431065,-0.213427146373,
    0.300999999999));
#3830 = CARTESIAN_POINT('',(0.229620431065,-0.213427146373,
    0.299999999999));
#3831 = CARTESIAN_POINT('',(0.234312126452,-0.216016771208,
    0.300999999999));
#3832 = CARTESIAN_POINT('',(0.234312126452,-0.216016771208,
    0.299999999999));
#3833 = CARTESIAN_POINT('',(0.243763563239,-0.221233579505,
    0.300999999999));
#3834 = CARTESIAN_POINT('',(0.243763563239,-0.221233579505,
    0.299999999999));
#3835 = CARTESIAN_POINT('',(0.258878395481,-0.227670624561,0.301));
#3836 = CARTESIAN_POINT('',(0.258878395481,-0.227670624561,0.3));
#3837 = CARTESIAN_POINT('',(0.274782861942,-0.233222878866,
    0.300999999999));
#3838 = CARTESIAN_POINT('',(0.274782861942,-0.233222878866,
    0.299999999999));
#3839 = CARTESIAN_POINT('',(0.291616168182,-0.237650303647,0.301));
#3840 = CARTESIAN_POINT('',(0.291616168182,-0.237650303647,0.3));
#3841 = CARTESIAN_POINT('',(0.309266411339,-0.241208511522,
    0.300999999999));
#3842 = CARTESIAN_POINT('',(0.309266411339,-0.241208511522,
    0.299999999999));
#3843 = CARTESIAN_POINT('',(0.327827115956,-0.243618613215,
    0.300999999999));
#3844 = CARTESIAN_POINT('',(0.327827115956,-0.243618613215,
    0.299999999999));
#3845 = CARTESIAN_POINT('',(0.347224750422,-0.245205104721,
    0.300999999999));
#3846 = CARTESIAN_POINT('',(0.347224750422,-0.245205104721,
    0.299999999999));
#3847 = CARTESIAN_POINT('',(0.36046065376,-0.245360339589,0.300999999999
    ));
#3848 = CARTESIAN_POINT('',(0.36046065376,-0.245360339589,0.299999999999
    ));
#3849 = CARTESIAN_POINT('',(0.367196650577,-0.245439341495,
    0.300999999999));
#3850 = CARTESIAN_POINT('',(0.367196650577,-0.245439341495,
    0.299999999999));
#3851 = ADVANCED_FACE('',(#3852),#3886,.T.);
#3852 = FACE_BOUND('',#3853,.T.);
#3853 = EDGE_LOOP('',(#3854,#3855,#3856,#3880));
#3854 = ORIENTED_EDGE('',*,*,#2129,.F.);
#3855 = ORIENTED_EDGE('',*,*,#3823,.F.);
#3856 = ORIENTED_EDGE('',*,*,#3857,.T.);
#3857 = EDGE_CURVE('',#3808,#3858,#3860,.T.);
#3858 = VERTEX_POINT('',#3859);
#3859 = CARTESIAN_POINT('',(0.601571650577,1.226054846E-03,
    0.300999999999));
#3860 = B_SPLINE_CURVE_WITH_KNOTS('',3,(#3861,#3862,#3863,#3864,#3865,
    #3866,#3867,#3868,#3869,#3870,#3871,#3872,#3873,#3874,#3875,#3876,
    #3877,#3878,#3879),.UNSPECIFIED.,.F.,.F.,(4,1,1,1,1,1,1,1,1,1,1,1,1,
    1,1,1,4),(0.,6.7833248455E-02,0.132655536507,0.19505088405,
    0.255582933068,0.314799834147,0.373600472826,0.432545595326,
    0.492430629283,0.552671255962,0.612513044188,0.672610250357,
    0.733838369313,0.796594238567,0.86144979929,0.92919894235,1.),
  .UNSPECIFIED.);
#3861 = CARTESIAN_POINT('',(0.367196650577,-0.245439341495,
    0.300999999999));
#3862 = CARTESIAN_POINT('',(0.375876181353,-0.245245762952,
    0.300999999999));
#3863 = CARTESIAN_POINT('',(0.392849978685,-0.244867198369,0.301));
#3864 = CARTESIAN_POINT('',(0.417646209618,-0.24168292224,0.300999999999
    ));
#3865 = CARTESIAN_POINT('',(0.441104348008,-0.236366664792,0.301));
#3866 = CARTESIAN_POINT('',(0.463216246127,-0.228897127636,0.301));
#3867 = CARTESIAN_POINT('',(0.484059261756,-0.219458588786,
    0.300999999999));
#3868 = CARTESIAN_POINT('',(0.503525425997,-0.207791623589,
    0.300999999999));
#3869 = CARTESIAN_POINT('',(0.521485920333,-0.193804350898,
    0.300999999999));
#3870 = CARTESIAN_POINT('',(0.538178409329,-0.178060605382,
    0.300999999999));
#3871 = CARTESIAN_POINT('',(0.553072585146,-0.160445551851,0.301));
#3872 = CARTESIAN_POINT('',(0.566109625308,-0.141392209443,
    0.300999999999));
#3873 = CARTESIAN_POINT('',(0.577138899596,-0.120959840629,
    0.300999999999));
#3874 = CARTESIAN_POINT('',(0.586088410346,-9.9137228285E-02,
    0.300999999999));
#3875 = CARTESIAN_POINT('',(0.593062727055,-7.5968670489E-02,
    0.300999999999));
#3876 = CARTESIAN_POINT('',(0.597939995468,-5.1433312273E-02,
    0.300999999999));
#3877 = CARTESIAN_POINT('',(0.601109564118,-2.556557633E-02,
    0.300999999999));
#3878 = CARTESIAN_POINT('',(0.601415376331,-7.834678002E-03,
    0.300999999999));
#3879 = CARTESIAN_POINT('',(0.601571650577,1.226054846E-03,
    0.300999999999));
#3880 = ORIENTED_EDGE('',*,*,#3881,.T.);
#3881 = EDGE_CURVE('',#3858,#2130,#3882,.T.);
#3882 = LINE('',#3883,#3884);
#3883 = CARTESIAN_POINT('',(0.601571650577,1.226054846E-03,
    0.300999999999));
#3884 = VECTOR('',#3885,1.);
#3885 = DIRECTION('',(0.,0.,-1.));
#3886 = B_SPLINE_SURFACE_WITH_KNOTS('',3,1,(
    (#3887,#3888)
    ,(#3889,#3890)
    ,(#3891,#3892)
    ,(#3893,#3894)
    ,(#3895,#3896)
    ,(#3897,#3898)
    ,(#3899,#3900)
    ,(#3901,#3902)
    ,(#3903,#3904)
    ,(#3905,#3906)
    ,(#3907,#3908)
    ,(#3909,#3910)
    ,(#3911,#3912)
    ,(#3913,#3914)
    ,(#3915,#3916)
    ,(#3917,#3918)
    ,(#3919,#3920)
    ,(#3921,#3922)
    ,(#3923,#3924
    )),.UNSPECIFIED.,.F.,.F.,.F.,(4,1,1,1,1,1,1,1,1,1,1,1,1,1,1,1,4),(2,
    2),(0.,6.7833248455E-02,0.132655536507,0.19505088405,0.255582933068,
    0.314799834147,0.373600472826,0.432545595326,0.492430629283,
    0.552671255962,0.612513044188,0.672610250357,0.733838369313,
    0.796594238567,0.86144979929,0.92919894235,1.),(0.,1.),
  .UNSPECIFIED.);
#3887 = CARTESIAN_POINT('',(0.367196650577,-0.245439341495,
    0.300999999999));
#3888 = CARTESIAN_POINT('',(0.367196650577,-0.245439341495,
    0.299999999999));
#3889 = CARTESIAN_POINT('',(0.375876181353,-0.245245762952,
    0.300999999999));
#3890 = CARTESIAN_POINT('',(0.375876181353,-0.245245762952,
    0.299999999999));
#3891 = CARTESIAN_POINT('',(0.392849978685,-0.244867198369,0.301));
#3892 = CARTESIAN_POINT('',(0.392849978685,-0.244867198369,0.3));
#3893 = CARTESIAN_POINT('',(0.417646209618,-0.24168292224,0.300999999999
    ));
#3894 = CARTESIAN_POINT('',(0.417646209618,-0.24168292224,0.299999999999
    ));
#3895 = CARTESIAN_POINT('',(0.441104348008,-0.236366664792,0.301));
#3896 = CARTESIAN_POINT('',(0.441104348008,-0.236366664792,0.3));
#3897 = CARTESIAN_POINT('',(0.463216246127,-0.228897127636,0.301));
#3898 = CARTESIAN_POINT('',(0.463216246127,-0.228897127636,0.3));
#3899 = CARTESIAN_POINT('',(0.484059261756,-0.219458588786,
    0.300999999999));
#3900 = CARTESIAN_POINT('',(0.484059261756,-0.219458588786,
    0.299999999999));
#3901 = CARTESIAN_POINT('',(0.503525425997,-0.207791623589,
    0.300999999999));
#3902 = CARTESIAN_POINT('',(0.503525425997,-0.207791623589,
    0.299999999999));
#3903 = CARTESIAN_POINT('',(0.521485920333,-0.193804350898,
    0.300999999999));
#3904 = CARTESIAN_POINT('',(0.521485920333,-0.193804350898,
    0.299999999999));
#3905 = CARTESIAN_POINT('',(0.538178409329,-0.178060605382,
    0.300999999999));
#3906 = CARTESIAN_POINT('',(0.538178409329,-0.178060605382,
    0.299999999999));
#3907 = CARTESIAN_POINT('',(0.553072585146,-0.160445551851,0.301));
#3908 = CARTESIAN_POINT('',(0.553072585146,-0.160445551851,0.3));
#3909 = CARTESIAN_POINT('',(0.566109625308,-0.141392209443,
    0.300999999999));
#3910 = CARTESIAN_POINT('',(0.566109625308,-0.141392209443,
    0.299999999999));
#3911 = CARTESIAN_POINT('',(0.577138899596,-0.120959840629,
    0.300999999999));
#3912 = CARTESIAN_POINT('',(0.577138899596,-0.120959840629,
    0.299999999999));
#3913 = CARTESIAN_POINT('',(0.586088410346,-9.9137228285E-02,
    0.300999999999));
#3914 = CARTESIAN_POINT('',(0.586088410346,-9.9137228285E-02,
    0.299999999999));
#3915 = CARTESIAN_POINT('',(0.593062727055,-7.5968670489E-02,
    0.300999999999));
#3916 = CARTESIAN_POINT('',(0.593062727055,-7.5968670489E-02,
    0.299999999999));
#3917 = CARTESIAN_POINT('',(0.597939995468,-5.1433312273E-02,
    0.300999999999));
#3918 = CARTESIAN_POINT('',(0.597939995468,-5.1433312273E-02,
    0.299999999999));
#3919 = CARTESIAN_POINT('',(0.601109564118,-2.556557633E-02,
    0.300999999999));
#3920 = CARTESIAN_POINT('',(0.601109564118,-2.556557633E-02,
    0.299999999999));
#3921 = CARTESIAN_POINT('',(0.601415376331,-7.834678002E-03,
    0.300999999999));
#3922 = CARTESIAN_POINT('',(0.601415376331,-7.834678002E-03,
    0.299999999999));
#3923 = CARTESIAN_POINT('',(0.601571650577,1.226054846E-03,
    0.300999999999));
#3924 = CARTESIAN_POINT('',(0.601571650577,1.226054846E-03,
    0.299999999999));
#3925 = ADVANCED_FACE('',(#3926),#3960,.T.);
#3926 = FACE_BOUND('',#3927,.T.);
#3927 = EDGE_LOOP('',(#3928,#3929,#3930,#3954));
#3928 = ORIENTED_EDGE('',*,*,#2153,.F.);
#3929 = ORIENTED_EDGE('',*,*,#3881,.F.);
#3930 = ORIENTED_EDGE('',*,*,#3931,.T.);
#3931 = EDGE_CURVE('',#3858,#3932,#3934,.T.);
#3932 = VERTEX_POINT('',#3933);
#3933 = CARTESIAN_POINT('',(0.347284303016,0.266755780456,0.300999999999
    ));
#3934 = B_SPLINE_CURVE_WITH_KNOTS('',3,(#3935,#3936,#3937,#3938,#3939,
    #3940,#3941,#3942,#3943,#3944,#3945,#3946,#3947,#3948,#3949,#3950,
    #3951,#3952,#3953),.UNSPECIFIED.,.F.,.F.,(4,1,1,1,1,1,1,1,1,1,1,1,1,
    1,1,1,4),(0.,7.0643718575E-02,0.138256715508,0.203364124217,
    0.266324093803,0.327904761542,0.388737715173,0.449423528109,
    0.510861011459,0.572079396047,0.631734428731,0.691117210578,
    0.75036002949,0.810032900531,0.871362450828,0.934427141231,1.),
  .UNSPECIFIED.);
#3935 = CARTESIAN_POINT('',(0.601571650577,1.226054846E-03,
    0.300999999999));
#3936 = CARTESIAN_POINT('',(0.60135388885,1.0953810401E-02,0.301));
#3937 = CARTESIAN_POINT('',(0.6009277077,2.9991986185E-02,0.300999999999
    ));
#3938 = CARTESIAN_POINT('',(0.597540149857,5.7830465374E-02,
    0.300999999999));
#3939 = CARTESIAN_POINT('',(0.591981720655,8.4227463101E-02,0.301));
#3940 = CARTESIAN_POINT('',(0.584026878485,0.109142909441,0.300999999999
    ));
#3941 = CARTESIAN_POINT('',(0.573897033376,0.132610479233,0.300999999999
    ));
#3942 = CARTESIAN_POINT('',(0.561583575969,0.15466139818,0.300999999999)
  );
#3943 = CARTESIAN_POINT('',(0.546886425382,0.175182053073,0.301));
#3944 = CARTESIAN_POINT('',(0.530039638137,0.194032966084,0.300999999999
    ));
#3945 = CARTESIAN_POINT('',(0.511600660775,0.211119719334,0.300999999999
    ));
#3946 = CARTESIAN_POINT('',(0.491705082187,0.226029930738,0.300999999999
    ));
#3947 = CARTESIAN_POINT('',(0.470592892233,0.238630305183,0.300999999999
    ));
#3948 = CARTESIAN_POINT('',(0.448293974184,0.249003933388,0.300999999999
    ));
#3949 = CARTESIAN_POINT('',(0.424726353516,0.25692256482,0.300999999999)
  );
#3950 = CARTESIAN_POINT('',(0.400000296626,0.262609515564,0.300999999999
    ));
#3951 = CARTESIAN_POINT('',(0.374030647564,0.26613347976,0.300999999999)
  );
#3952 = CARTESIAN_POINT('',(0.356314891501,0.266545667949,0.300999999999
    ));
#3953 = CARTESIAN_POINT('',(0.347284303016,0.266755780456,0.300999999999
    ));
#3954 = ORIENTED_EDGE('',*,*,#3955,.T.);
#3955 = EDGE_CURVE('',#3932,#2154,#3956,.T.);
#3956 = LINE('',#3957,#3958);
#3957 = CARTESIAN_POINT('',(0.347284303016,0.266755780456,0.300999999999
    ));
#3958 = VECTOR('',#3959,1.);
#3959 = DIRECTION('',(0.,0.,-1.));
#3960 = B_SPLINE_SURFACE_WITH_KNOTS('',3,1,(
    (#3961,#3962)
    ,(#3963,#3964)
    ,(#3965,#3966)
    ,(#3967,#3968)
    ,(#3969,#3970)
    ,(#3971,#3972)
    ,(#3973,#3974)
    ,(#3975,#3976)
    ,(#3977,#3978)
    ,(#3979,#3980)
    ,(#3981,#3982)
    ,(#3983,#3984)
    ,(#3985,#3986)
    ,(#3987,#3988)
    ,(#3989,#3990)
    ,(#3991,#3992)
    ,(#3993,#3994)
    ,(#3995,#3996)
    ,(#3997,#3998
    )),.UNSPECIFIED.,.F.,.F.,.F.,(4,1,1,1,1,1,1,1,1,1,1,1,1,1,1,1,4),(2,
    2),(0.,7.0643718575E-02,0.138256715508,0.203364124217,0.266324093803
    ,0.327904761542,0.388737715173,0.449423528109,0.510861011459,
    0.572079396047,0.631734428731,0.691117210578,0.75036002949,
    0.810032900531,0.871362450828,0.934427141231,1.),(0.,1.),
  .UNSPECIFIED.);
#3961 = CARTESIAN_POINT('',(0.601571650577,1.226054846E-03,
    0.300999999999));
#3962 = CARTESIAN_POINT('',(0.601571650577,1.226054846E-03,
    0.299999999999));
#3963 = CARTESIAN_POINT('',(0.60135388885,1.0953810401E-02,0.301));
#3964 = CARTESIAN_POINT('',(0.60135388885,1.0953810401E-02,0.3));
#3965 = CARTESIAN_POINT('',(0.6009277077,2.9991986185E-02,0.300999999999
    ));
#3966 = CARTESIAN_POINT('',(0.6009277077,2.9991986185E-02,0.299999999999
    ));
#3967 = CARTESIAN_POINT('',(0.597540149857,5.7830465374E-02,
    0.300999999999));
#3968 = CARTESIAN_POINT('',(0.597540149857,5.7830465374E-02,
    0.299999999999));
#3969 = CARTESIAN_POINT('',(0.591981720655,8.4227463101E-02,0.301));
#3970 = CARTESIAN_POINT('',(0.591981720655,8.4227463101E-02,0.3));
#3971 = CARTESIAN_POINT('',(0.584026878485,0.109142909441,0.300999999999
    ));
#3972 = CARTESIAN_POINT('',(0.584026878485,0.109142909441,0.299999999999
    ));
#3973 = CARTESIAN_POINT('',(0.573897033376,0.132610479233,0.300999999999
    ));
#3974 = CARTESIAN_POINT('',(0.573897033376,0.132610479233,0.299999999999
    ));
#3975 = CARTESIAN_POINT('',(0.561583575969,0.15466139818,0.300999999999)
  );
#3976 = CARTESIAN_POINT('',(0.561583575969,0.15466139818,0.299999999999)
  );
#3977 = CARTESIAN_POINT('',(0.546886425382,0.175182053073,0.301));
#3978 = CARTESIAN_POINT('',(0.546886425382,0.175182053073,0.3));
#3979 = CARTESIAN_POINT('',(0.530039638137,0.194032966084,0.300999999999
    ));
#3980 = CARTESIAN_POINT('',(0.530039638137,0.194032966084,0.299999999999
    ));
#3981 = CARTESIAN_POINT('',(0.511600660775,0.211119719334,0.300999999999
    ));
#3982 = CARTESIAN_POINT('',(0.511600660775,0.211119719334,0.299999999999
    ));
#3983 = CARTESIAN_POINT('',(0.491705082187,0.226029930738,0.300999999999
    ));
#3984 = CARTESIAN_POINT('',(0.491705082187,0.226029930738,0.299999999999
    ));
#3985 = CARTESIAN_POINT('',(0.470592892233,0.238630305183,0.300999999999
    ));
#3986 = CARTESIAN_POINT('',(0.470592892233,0.238630305183,0.299999999999
    ));
#3987 = CARTESIAN_POINT('',(0.448293974184,0.249003933388,0.300999999999
    ));
#3988 = CARTESIAN_POINT('',(0.448293974184,0.249003933388,0.299999999999
    ));
#3989 = CARTESIAN_POINT('',(0.424726353516,0.25692256482,0.300999999999)
  );
#3990 = CARTESIAN_POINT('',(0.424726353516,0.25692256482,0.299999999999)
  );
#3991 = CARTESIAN_POINT('',(0.400000296626,0.262609515564,0.300999999999
    ));
#3992 = CARTESIAN_POINT('',(0.400000296626,0.262609515564,0.299999999999
    ));
#3993 = CARTESIAN_POINT('',(0.374030647564,0.26613347976,0.300999999999)
  );
#3994 = CARTESIAN_POINT('',(0.374030647564,0.26613347976,0.299999999999)
  );
#3995 = CARTESIAN_POINT('',(0.356314891501,0.266545667949,0.300999999999
    ));
#3996 = CARTESIAN_POINT('',(0.356314891501,0.266545667949,0.299999999999
    ));
#3997 = CARTESIAN_POINT('',(0.347284303016,0.266755780456,0.300999999999
    ));
#3998 = CARTESIAN_POINT('',(0.347284303016,0.266755780456,0.299999999999
    ));
#3999 = ADVANCED_FACE('',(#4000),#4026,.T.);
#4000 = FACE_BOUND('',#4001,.T.);
#4001 = EDGE_LOOP('',(#4002,#4003,#4004,#4020));
#4002 = ORIENTED_EDGE('',*,*,#2177,.F.);
#4003 = ORIENTED_EDGE('',*,*,#3955,.F.);
#4004 = ORIENTED_EDGE('',*,*,#4005,.T.);
#4005 = EDGE_CURVE('',#3932,#4006,#4008,.T.);
#4006 = VERTEX_POINT('',#4007);
#4007 = CARTESIAN_POINT('',(0.229620431065,0.246938707285,0.301));
#4008 = B_SPLINE_CURVE_WITH_KNOTS('',3,(#4009,#4010,#4011,#4012,#4013,
    #4014,#4015,#4016,#4017,#4018,#4019),.UNSPECIFIED.,.F.,.F.,(4,1,1,1,
    1,1,1,1,4),(0.,0.145186866472,0.283442610919,0.416524365928,
    0.543181123535,0.665153082637,0.781360206312,0.892756655641,1.),
  .UNSPECIFIED.);
#4009 = CARTESIAN_POINT('',(0.347284303016,0.266755780456,0.300999999999
    ));
#4010 = CARTESIAN_POINT('',(0.341470872704,0.266714108238,0.300999999999
    ));
#4011 = CARTESIAN_POINT('',(0.33012154128,0.266632753205,0.301));
#4012 = CARTESIAN_POINT('',(0.313471918796,0.265612553573,0.300999999999
    ));
#4013 = CARTESIAN_POINT('',(0.297598280232,0.264170699213,0.301));
#4014 = CARTESIAN_POINT('',(0.282477654562,0.261922388346,0.300999999999
    ));
#4015 = CARTESIAN_POINT('',(0.268110819821,0.25924600865,0.301));
#4016 = CARTESIAN_POINT('',(0.254551596341,0.255757219387,0.300999999999
    ));
#4017 = CARTESIAN_POINT('',(0.241714748173,0.251848057244,0.300999999999
    ));
#4018 = CARTESIAN_POINT('',(0.23360049282,0.2485543021,0.301));
#4019 = CARTESIAN_POINT('',(0.229620431065,0.246938707285,0.301));
#4020 = ORIENTED_EDGE('',*,*,#4021,.T.);
#4021 = EDGE_CURVE('',#4006,#2178,#4022,.T.);
#4022 = LINE('',#4023,#4024);
#4023 = CARTESIAN_POINT('',(0.229620431065,0.246938707285,0.301));
#4024 = VECTOR('',#4025,1.);
#4025 = DIRECTION('',(0.,0.,-1.));
#4026 = B_SPLINE_SURFACE_WITH_KNOTS('',3,1,(
    (#4027,#4028)
    ,(#4029,#4030)
    ,(#4031,#4032)
    ,(#4033,#4034)
    ,(#4035,#4036)
    ,(#4037,#4038)
    ,(#4039,#4040)
    ,(#4041,#4042)
    ,(#4043,#4044)
    ,(#4045,#4046)
    ,(#4047,#4048
  )),.UNSPECIFIED.,.F.,.F.,.F.,(4,1,1,1,1,1,1,1,4),(2,2),(0.,
    0.145186866472,0.283442610919,0.416524365928,0.543181123535,
    0.665153082637,0.781360206312,0.892756655641,1.),(0.,1.),
  .UNSPECIFIED.);
#4027 = CARTESIAN_POINT('',(0.347284303016,0.266755780456,0.300999999999
    ));
#4028 = CARTESIAN_POINT('',(0.347284303016,0.266755780456,0.299999999999
    ));
#4029 = CARTESIAN_POINT('',(0.341470872704,0.266714108238,0.300999999999
    ));
#4030 = CARTESIAN_POINT('',(0.341470872704,0.266714108238,0.299999999999
    ));
#4031 = CARTESIAN_POINT('',(0.33012154128,0.266632753205,0.301));
#4032 = CARTESIAN_POINT('',(0.33012154128,0.266632753205,0.3));
#4033 = CARTESIAN_POINT('',(0.313471918796,0.265612553573,0.300999999999
    ));
#4034 = CARTESIAN_POINT('',(0.313471918796,0.265612553573,0.299999999999
    ));
#4035 = CARTESIAN_POINT('',(0.297598280232,0.264170699213,0.301));
#4036 = CARTESIAN_POINT('',(0.297598280232,0.264170699213,0.3));
#4037 = CARTESIAN_POINT('',(0.282477654562,0.261922388346,0.300999999999
    ));
#4038 = CARTESIAN_POINT('',(0.282477654562,0.261922388346,0.299999999999
    ));
#4039 = CARTESIAN_POINT('',(0.268110819821,0.25924600865,0.301));
#4040 = CARTESIAN_POINT('',(0.268110819821,0.25924600865,0.3));
#4041 = CARTESIAN_POINT('',(0.254551596341,0.255757219387,0.300999999999
    ));
#4042 = CARTESIAN_POINT('',(0.254551596341,0.255757219387,0.299999999999
    ));
#4043 = CARTESIAN_POINT('',(0.241714748173,0.251848057244,0.300999999999
    ));
#4044 = CARTESIAN_POINT('',(0.241714748173,0.251848057244,0.299999999999
    ));
#4045 = CARTESIAN_POINT('',(0.23360049282,0.2485543021,0.301));
#4046 = CARTESIAN_POINT('',(0.23360049282,0.2485543021,0.3));
#4047 = CARTESIAN_POINT('',(0.229620431065,0.246938707285,0.301));
#4048 = CARTESIAN_POINT('',(0.229620431065,0.246938707285,0.3));
#4049 = ADVANCED_FACE('',(#4050),#4068,.T.);
#4050 = FACE_BOUND('',#4051,.T.);
#4051 = EDGE_LOOP('',(#4052,#4053,#4054,#4062));
#4052 = ORIENTED_EDGE('',*,*,#2193,.F.);
#4053 = ORIENTED_EDGE('',*,*,#4021,.F.);
#4054 = ORIENTED_EDGE('',*,*,#4055,.T.);
#4055 = EDGE_CURVE('',#4006,#4056,#4058,.T.);
#4056 = VERTEX_POINT('',#4057);
#4057 = CARTESIAN_POINT('',(0.229620431065,0.179865536553,0.300999999999
    ));
#4058 = LINE('',#4059,#4060);
#4059 = CARTESIAN_POINT('',(0.229620431065,0.246938707285,0.300999999999
    ));
#4060 = VECTOR('',#4061,1.);
#4061 = DIRECTION('',(0.,-1.,0.));
#4062 = ORIENTED_EDGE('',*,*,#4063,.T.);
#4063 = EDGE_CURVE('',#4056,#2194,#4064,.T.);
#4064 = LINE('',#4065,#4066);
#4065 = CARTESIAN_POINT('',(0.229620431065,0.179865536553,0.300999999999
    ));
#4066 = VECTOR('',#4067,1.);
#4067 = DIRECTION('',(0.,0.,-1.));
#4068 = PLANE('',#4069);
#4069 = AXIS2_PLACEMENT_3D('',#4070,#4071,#4072);
#4070 = CARTESIAN_POINT('',(0.229620431065,0.246938707285,0.300999999999
    ));
#4071 = DIRECTION('',(1.,0.,0.));
#4072 = DIRECTION('',(0.,0.,-1.));
#4073 = ADVANCED_FACE('',(#4074),#4100,.T.);
#4074 = FACE_BOUND('',#4075,.T.);
#4075 = EDGE_LOOP('',(#4076,#4077,#4078,#4094));
#4076 = ORIENTED_EDGE('',*,*,#2201,.F.);
#4077 = ORIENTED_EDGE('',*,*,#4063,.F.);
#4078 = ORIENTED_EDGE('',*,*,#4079,.T.);
#4079 = EDGE_CURVE('',#4056,#4080,#4082,.T.);
#4080 = VERTEX_POINT('',#4081);
#4081 = CARTESIAN_POINT('',(0.346712656675,0.211877731675,0.300999999999
    ));
#4082 = B_SPLINE_CURVE_WITH_KNOTS('',3,(#4083,#4084,#4085,#4086,#4087,
    #4088,#4089,#4090,#4091,#4092,#4093),.UNSPECIFIED.,.F.,.F.,(4,1,1,1,
    1,1,1,1,4),(0.,0.125279696735,0.249419970742,0.373356799492,
    0.496681278782,0.620202915743,0.745086320161,0.871269195019,1.),
  .UNSPECIFIED.);
#4083 = CARTESIAN_POINT('',(0.229620431065,0.179865536553,0.300999999999
    ));
#4084 = CARTESIAN_POINT('',(0.234060623879,0.182445623049,0.300999999999
    ));
#4085 = CARTESIAN_POINT('',(0.242900625815,0.187582330074,0.301));
#4086 = CARTESIAN_POINT('',(0.256804341622,0.194004224787,0.300999999999
    ));
#4087 = CARTESIAN_POINT('',(0.270975963198,0.199574293874,0.300999999999
    ));
#4088 = CARTESIAN_POINT('',(0.285514698975,0.204020794289,0.300999999999
    ));
#4089 = CARTESIAN_POINT('',(0.300329046472,0.207611377499,0.300999999999
    ));
#4090 = CARTESIAN_POINT('',(0.315496689142,0.210019682856,0.301));
#4091 = CARTESIAN_POINT('',(0.330988889676,0.21163999965,0.300999999999)
  );
#4092 = CARTESIAN_POINT('',(0.34143659182,0.211797961377,0.300999999999)
  );
#4093 = CARTESIAN_POINT('',(0.346712656675,0.211877731675,0.300999999999
    ));
#4094 = ORIENTED_EDGE('',*,*,#4095,.T.);
#4095 = EDGE_CURVE('',#4080,#2202,#4096,.T.);
#4096 = LINE('',#4097,#4098);
#4097 = CARTESIAN_POINT('',(0.346712656675,0.211877731675,0.300999999999
    ));
#4098 = VECTOR('',#4099,1.);
#4099 = DIRECTION('',(0.,0.,-1.));
#4100 = B_SPLINE_SURFACE_WITH_KNOTS('',3,1,(
    (#4101,#4102)
    ,(#4103,#4104)
    ,(#4105,#4106)
    ,(#4107,#4108)
    ,(#4109,#4110)
    ,(#4111,#4112)
    ,(#4113,#4114)
    ,(#4115,#4116)
    ,(#4117,#4118)
    ,(#4119,#4120)
    ,(#4121,#4122
  )),.UNSPECIFIED.,.F.,.F.,.F.,(4,1,1,1,1,1,1,1,4),(2,2),(0.,
    0.125279696735,0.249419970742,0.373356799492,0.496681278782,
    0.620202915743,0.745086320161,0.871269195019,1.),(0.,1.),
  .UNSPECIFIED.);
#4101 = CARTESIAN_POINT('',(0.229620431065,0.179865536553,0.300999999999
    ));
#4102 = CARTESIAN_POINT('',(0.229620431065,0.179865536553,0.299999999999
    ));
#4103 = CARTESIAN_POINT('',(0.234060623879,0.182445623049,0.300999999999
    ));
#4104 = CARTESIAN_POINT('',(0.234060623879,0.182445623049,0.299999999999
    ));
#4105 = CARTESIAN_POINT('',(0.242900625815,0.187582330074,0.301));
#4106 = CARTESIAN_POINT('',(0.242900625815,0.187582330074,0.3));
#4107 = CARTESIAN_POINT('',(0.256804341622,0.194004224787,0.300999999999
    ));
#4108 = CARTESIAN_POINT('',(0.256804341622,0.194004224787,0.299999999999
    ));
#4109 = CARTESIAN_POINT('',(0.270975963198,0.199574293874,0.300999999999
    ));
#4110 = CARTESIAN_POINT('',(0.270975963198,0.199574293874,0.299999999999
    ));
#4111 = CARTESIAN_POINT('',(0.285514698975,0.204020794289,0.300999999999
    ));
#4112 = CARTESIAN_POINT('',(0.285514698975,0.204020794289,0.299999999999
    ));
#4113 = CARTESIAN_POINT('',(0.300329046472,0.207611377499,0.300999999999
    ));
#4114 = CARTESIAN_POINT('',(0.300329046472,0.207611377499,0.299999999999
    ));
#4115 = CARTESIAN_POINT('',(0.315496689142,0.210019682856,0.301));
#4116 = CARTESIAN_POINT('',(0.315496689142,0.210019682856,0.3));
#4117 = CARTESIAN_POINT('',(0.330988889676,0.21163999965,0.300999999999)
  );
#4118 = CARTESIAN_POINT('',(0.330988889676,0.21163999965,0.299999999999)
  );
#4119 = CARTESIAN_POINT('',(0.34143659182,0.211797961377,0.300999999999)
  );
#4120 = CARTESIAN_POINT('',(0.34143659182,0.211797961377,0.299999999999)
  );
#4121 = CARTESIAN_POINT('',(0.346712656675,0.211877731675,0.300999999999
    ));
#4122 = CARTESIAN_POINT('',(0.346712656675,0.211877731675,0.299999999999
    ));
#4123 = ADVANCED_FACE('',(#4124),#4158,.T.);
#4124 = FACE_BOUND('',#4125,.T.);
#4125 = EDGE_LOOP('',(#4126,#4127,#4128,#4152));
#4126 = ORIENTED_EDGE('',*,*,#2217,.F.);
#4127 = ORIENTED_EDGE('',*,*,#4095,.F.);
#4128 = ORIENTED_EDGE('',*,*,#4129,.T.);
#4129 = EDGE_CURVE('',#4080,#4130,#4132,.T.);
#4130 = VERTEX_POINT('',#4131);
#4131 = CARTESIAN_POINT('',(0.534498479845,5.322853626E-03,
    0.300999999999));
#4132 = B_SPLINE_CURVE_WITH_KNOTS('',3,(#4133,#4134,#4135,#4136,#4137,
    #4138,#4139,#4140,#4141,#4142,#4143,#4144,#4145,#4146,#4147,#4148,
    #4149,#4150,#4151),.UNSPECIFIED.,.F.,.F.,(4,1,1,1,1,1,1,1,1,1,1,1,1,
    1,1,1,4),(0.,6.4603970288E-02,0.126702413962,0.186756814035,
    0.245505687365,0.303652024449,0.36150307397,0.420240222928,
    0.480033340776,0.540678134775,0.60119180638,0.662333502477,
    0.724739510297,0.789467736172,0.856504860043,0.926312095839,1.),
  .UNSPECIFIED.);
#4133 = CARTESIAN_POINT('',(0.346712656675,0.211877731675,0.300999999999
    ));
#4134 = CARTESIAN_POINT('',(0.353487337607,0.211732063632,0.301));
#4135 = CARTESIAN_POINT('',(0.366773957982,0.211446376969,0.301));
#4136 = CARTESIAN_POINT('',(0.386184696838,0.208641462126,0.300999999999
    ));
#4137 = CARTESIAN_POINT('',(0.404698393429,0.20444499251,0.301));
#4138 = CARTESIAN_POINT('',(0.422240809088,0.198303133871,0.300999999999
    ));
#4139 = CARTESIAN_POINT('',(0.438792024321,0.190376118698,0.301));
#4140 = CARTESIAN_POINT('',(0.454337686321,0.180634215042,0.300999999999
    ));
#4141 = CARTESIAN_POINT('',(0.468973266849,0.169286288855,0.300999999999
    ));
#4142 = CARTESIAN_POINT('',(0.482475505099,0.156190770228,0.301));
#4143 = CARTESIAN_POINT('',(0.494779799987,0.14170921834,0.300999999999)
  );
#4144 = CARTESIAN_POINT('',(0.505341215155,0.125745863005,0.301));
#4145 = CARTESIAN_POINT('',(0.514499565265,0.108732772961,0.300999999999
    ));
#4146 = CARTESIAN_POINT('',(0.521833554227,9.0371457844E-02,0.301));
#4147 = CARTESIAN_POINT('',(0.527513303849,7.0802795909E-02,
    0.300999999999));
#4148 = CARTESIAN_POINT('',(0.531612885864,5.0053488576E-02,
    0.300999999999));
#4149 = CARTESIAN_POINT('',(0.533988127205,2.8085266867E-02,0.301));
#4150 = CARTESIAN_POINT('',(0.534325322606,1.3045899098E-02,
    0.300999999999));
#4151 = CARTESIAN_POINT('',(0.534498479845,5.322853626E-03,
    0.300999999999));
#4152 = ORIENTED_EDGE('',*,*,#4153,.T.);
#4153 = EDGE_CURVE('',#4130,#2218,#4154,.T.);
#4154 = LINE('',#4155,#4156);
#4155 = CARTESIAN_POINT('',(0.534498479845,5.322853626E-03,
    0.300999999999));
#4156 = VECTOR('',#4157,1.);
#4157 = DIRECTION('',(0.,0.,-1.));
#4158 = B_SPLINE_SURFACE_WITH_KNOTS('',3,1,(
    (#4159,#4160)
    ,(#4161,#4162)
    ,(#4163,#4164)
    ,(#4165,#4166)
    ,(#4167,#4168)
    ,(#4169,#4170)
    ,(#4171,#4172)
    ,(#4173,#4174)
    ,(#4175,#4176)
    ,(#4177,#4178)
    ,(#4179,#4180)
    ,(#4181,#4182)
    ,(#4183,#4184)
    ,(#4185,#4186)
    ,(#4187,#4188)
    ,(#4189,#4190)
    ,(#4191,#4192)
    ,(#4193,#4194)
    ,(#4195,#4196
    )),.UNSPECIFIED.,.F.,.F.,.F.,(4,1,1,1,1,1,1,1,1,1,1,1,1,1,1,1,4),(2,
    2),(0.,6.4603970288E-02,0.126702413962,0.186756814035,0.245505687365
    ,0.303652024449,0.36150307397,0.420240222928,0.480033340776,
    0.540678134775,0.60119180638,0.662333502477,0.724739510297,
    0.789467736172,0.856504860043,0.926312095839,1.),(0.,1.),
  .UNSPECIFIED.);
#4159 = CARTESIAN_POINT('',(0.346712656675,0.211877731675,0.300999999999
    ));
#4160 = CARTESIAN_POINT('',(0.346712656675,0.211877731675,0.299999999999
    ));
#4161 = CARTESIAN_POINT('',(0.353487337607,0.211732063632,0.301));
#4162 = CARTESIAN_POINT('',(0.353487337607,0.211732063632,0.3));
#4163 = CARTESIAN_POINT('',(0.366773957982,0.211446376969,0.301));
#4164 = CARTESIAN_POINT('',(0.366773957982,0.211446376969,0.3));
#4165 = CARTESIAN_POINT('',(0.386184696838,0.208641462126,0.300999999999
    ));
#4166 = CARTESIAN_POINT('',(0.386184696838,0.208641462126,0.299999999999
    ));
#4167 = CARTESIAN_POINT('',(0.404698393429,0.20444499251,0.301));
#4168 = CARTESIAN_POINT('',(0.404698393429,0.20444499251,0.3));
#4169 = CARTESIAN_POINT('',(0.422240809088,0.198303133871,0.300999999999
    ));
#4170 = CARTESIAN_POINT('',(0.422240809088,0.198303133871,0.299999999999
    ));
#4171 = CARTESIAN_POINT('',(0.438792024321,0.190376118698,0.301));
#4172 = CARTESIAN_POINT('',(0.438792024321,0.190376118698,0.3));
#4173 = CARTESIAN_POINT('',(0.454337686321,0.180634215042,0.300999999999
    ));
#4174 = CARTESIAN_POINT('',(0.454337686321,0.180634215042,0.299999999999
    ));
#4175 = CARTESIAN_POINT('',(0.468973266849,0.169286288855,0.300999999999
    ));
#4176 = CARTESIAN_POINT('',(0.468973266849,0.169286288855,0.299999999999
    ));
#4177 = CARTESIAN_POINT('',(0.482475505099,0.156190770228,0.301));
#4178 = CARTESIAN_POINT('',(0.482475505099,0.156190770228,0.3));
#4179 = CARTESIAN_POINT('',(0.494779799987,0.14170921834,0.300999999999)
  );
#4180 = CARTESIAN_POINT('',(0.494779799987,0.14170921834,0.299999999999)
  );
#4181 = CARTESIAN_POINT('',(0.505341215155,0.125745863005,0.301));
#4182 = CARTESIAN_POINT('',(0.505341215155,0.125745863005,0.3));
#4183 = CARTESIAN_POINT('',(0.514499565265,0.108732772961,0.300999999999
    ));
#4184 = CARTESIAN_POINT('',(0.514499565265,0.108732772961,0.299999999999
    ));
#4185 = CARTESIAN_POINT('',(0.521833554227,9.0371457844E-02,0.301));
#4186 = CARTESIAN_POINT('',(0.521833554227,9.0371457844E-02,0.3));
#4187 = CARTESIAN_POINT('',(0.527513303849,7.0802795909E-02,
    0.300999999999));
#4188 = CARTESIAN_POINT('',(0.527513303849,7.0802795909E-02,
    0.299999999999));
#4189 = CARTESIAN_POINT('',(0.531612885864,5.0053488576E-02,
    0.300999999999));
#4190 = CARTESIAN_POINT('',(0.531612885864,5.0053488576E-02,
    0.299999999999));
#4191 = CARTESIAN_POINT('',(0.533988127205,2.8085266867E-02,0.301));
#4192 = CARTESIAN_POINT('',(0.533988127205,2.8085266867E-02,0.3));
#4193 = CARTESIAN_POINT('',(0.534325322606,1.3045899098E-02,
    0.300999999999));
#4194 = CARTESIAN_POINT('',(0.534325322606,1.3045899098E-02,
    0.299999999999));
#4195 = CARTESIAN_POINT('',(0.534498479845,5.322853626E-03,
    0.300999999999));
#4196 = CARTESIAN_POINT('',(0.534498479845,5.322853626E-03,
    0.299999999999));
#4197 = ADVANCED_FACE('',(#4198),#4232,.T.);
#4198 = FACE_BOUND('',#4199,.T.);
#4199 = EDGE_LOOP('',(#4200,#4201,#4202,#4226));
#4200 = ORIENTED_EDGE('',*,*,#2241,.F.);
#4201 = ORIENTED_EDGE('',*,*,#4153,.F.);
#4202 = ORIENTED_EDGE('',*,*,#4203,.T.);
#4203 = EDGE_CURVE('',#4130,#4204,#4206,.T.);
#4204 = VERTEX_POINT('',#4205);
#4205 = CARTESIAN_POINT('',(0.357955034724,-0.190561292714,
    0.300999999999));
#4206 = B_SPLINE_CURVE_WITH_KNOTS('',3,(#4207,#4208,#4209,#4210,#4211,
    #4212,#4213,#4214,#4215,#4216,#4217,#4218,#4219,#4220,#4221,#4222,
    #4223,#4224,#4225),.UNSPECIFIED.,.F.,.F.,(4,1,1,1,1,1,1,1,1,1,1,1,1,
    1,1,1,4),(0.,7.3774119374E-02,0.144079114726,0.211348518308,
    0.276076885739,0.338520915819,0.399885116693,0.460254067465,
    0.520588964391,0.580207684563,0.638632908552,0.69636454949,
    0.75400177466,0.812805681374,0.872754425525,0.935181996978,1.),
  .UNSPECIFIED.);
#4207 = CARTESIAN_POINT('',(0.534498479845,5.322853626E-03,
    0.300999999999));
#4208 = CARTESIAN_POINT('',(0.53435956992,-1.987749221E-03,
    0.300999999999));
#4209 = CARTESIAN_POINT('',(0.534088282114,-1.6265184117E-02,0.301));
#4210 = CARTESIAN_POINT('',(0.531757488802,-3.7104023079E-02,
    0.300999999999));
#4211 = CARTESIAN_POINT('',(0.527981866681,-5.6807384001E-02,
    0.300999999999));
#4212 = CARTESIAN_POINT('',(0.522675695832,-7.5357899591E-02,
    0.300999999999));
#4213 = CARTESIAN_POINT('',(0.515756643237,-9.2738402629E-02,
    0.300999999999));
#4214 = CARTESIAN_POINT('',(0.507398670194,-0.108995073056,0.301));
#4215 = CARTESIAN_POINT('',(0.497405661318,-0.124054498873,
    0.300999999999));
#4216 = CARTESIAN_POINT('',(0.485998211419,-0.137846178497,0.301));
#4217 = CARTESIAN_POINT('',(0.473332937242,-0.150214004552,
    0.300999999999));
#4218 = CARTESIAN_POINT('',(0.459675058272,-0.161075734713,0.301));
#4219 = CARTESIAN_POINT('',(0.444994818203,-0.170141898128,0.301));
#4220 = CARTESIAN_POINT('',(0.429429107865,-0.177659848569,
    0.300999999999));
#4221 = CARTESIAN_POINT('',(0.412907598339,-0.183472261166,0.301));
#4222 = CARTESIAN_POINT('',(0.395399363183,-0.187546966239,
    0.300999999999));
#4223 = CARTESIAN_POINT('',(0.376988160141,-0.190070750893,
    0.300999999999));
#4224 = CARTESIAN_POINT('',(0.364378372229,-0.190395743672,
    0.300999999999));
#4225 = CARTESIAN_POINT('',(0.357955034724,-0.190561292714,
    0.300999999999));
#4226 = ORIENTED_EDGE('',*,*,#4227,.T.);
#4227 = EDGE_CURVE('',#4204,#2088,#4228,.T.);
#4228 = LINE('',#4229,#4230);
#4229 = CARTESIAN_POINT('',(0.357955034724,-0.190561292714,
    0.300999999999));
#4230 = VECTOR('',#4231,1.);
#4231 = DIRECTION('',(0.,0.,-1.));
#4232 = B_SPLINE_SURFACE_WITH_KNOTS('',3,1,(
    (#4233,#4234)
    ,(#4235,#4236)
    ,(#4237,#4238)
    ,(#4239,#4240)
    ,(#4241,#4242)
    ,(#4243,#4244)
    ,(#4245,#4246)
    ,(#4247,#4248)
    ,(#4249,#4250)
    ,(#4251,#4252)
    ,(#4253,#4254)
    ,(#4255,#4256)
    ,(#4257,#4258)
    ,(#4259,#4260)
    ,(#4261,#4262)
    ,(#4263,#4264)
    ,(#4265,#4266)
    ,(#4267,#4268)
    ,(#4269,#4270
    )),.UNSPECIFIED.,.F.,.F.,.F.,(4,1,1,1,1,1,1,1,1,1,1,1,1,1,1,1,4),(2,
    2),(0.,7.3774119374E-02,0.144079114726,0.211348518308,0.276076885739
    ,0.338520915819,0.399885116693,0.460254067465,0.520588964391,
    0.580207684563,0.638632908552,0.69636454949,0.75400177466,
    0.812805681374,0.872754425525,0.935181996978,1.),(0.,1.),
  .UNSPECIFIED.);
#4233 = CARTESIAN_POINT('',(0.534498479845,5.322853626E-03,
    0.300999999999));
#4234 = CARTESIAN_POINT('',(0.534498479845,5.322853626E-03,
    0.299999999999));
#4235 = CARTESIAN_POINT('',(0.53435956992,-1.987749221E-03,
    0.300999999999));
#4236 = CARTESIAN_POINT('',(0.53435956992,-1.987749221E-03,
    0.299999999999));
#4237 = CARTESIAN_POINT('',(0.534088282114,-1.6265184117E-02,0.301));
#4238 = CARTESIAN_POINT('',(0.534088282114,-1.6265184117E-02,0.3));
#4239 = CARTESIAN_POINT('',(0.531757488802,-3.7104023079E-02,
    0.300999999999));
#4240 = CARTESIAN_POINT('',(0.531757488802,-3.7104023079E-02,
    0.299999999999));
#4241 = CARTESIAN_POINT('',(0.527981866681,-5.6807384001E-02,
    0.300999999999));
#4242 = CARTESIAN_POINT('',(0.527981866681,-5.6807384001E-02,
    0.299999999999));
#4243 = CARTESIAN_POINT('',(0.522675695832,-7.5357899591E-02,
    0.300999999999));
#4244 = CARTESIAN_POINT('',(0.522675695832,-7.5357899591E-02,
    0.299999999999));
#4245 = CARTESIAN_POINT('',(0.515756643237,-9.2738402629E-02,
    0.300999999999));
#4246 = CARTESIAN_POINT('',(0.515756643237,-9.2738402629E-02,
    0.299999999999));
#4247 = CARTESIAN_POINT('',(0.507398670194,-0.108995073056,0.301));
#4248 = CARTESIAN_POINT('',(0.507398670194,-0.108995073056,0.3));
#4249 = CARTESIAN_POINT('',(0.497405661318,-0.124054498873,
    0.300999999999));
#4250 = CARTESIAN_POINT('',(0.497405661318,-0.124054498873,
    0.299999999999));
#4251 = CARTESIAN_POINT('',(0.485998211419,-0.137846178497,0.301));
#4252 = CARTESIAN_POINT('',(0.485998211419,-0.137846178497,0.3));
#4253 = CARTESIAN_POINT('',(0.473332937242,-0.150214004552,
    0.300999999999));
#4254 = CARTESIAN_POINT('',(0.473332937242,-0.150214004552,
    0.299999999999));
#4255 = CARTESIAN_POINT('',(0.459675058272,-0.161075734713,0.301));
#4256 = CARTESIAN_POINT('',(0.459675058272,-0.161075734713,0.3));
#4257 = CARTESIAN_POINT('',(0.444994818203,-0.170141898128,0.301));
#4258 = CARTESIAN_POINT('',(0.444994818203,-0.170141898128,0.3));
#4259 = CARTESIAN_POINT('',(0.429429107865,-0.177659848569,
    0.300999999999));
#4260 = CARTESIAN_POINT('',(0.429429107865,-0.177659848569,
    0.299999999999));
#4261 = CARTESIAN_POINT('',(0.412907598339,-0.183472261166,0.301));
#4262 = CARTESIAN_POINT('',(0.412907598339,-0.183472261166,0.3));
#4263 = CARTESIAN_POINT('',(0.395399363183,-0.187546966239,
    0.300999999999));
#4264 = CARTESIAN_POINT('',(0.395399363183,-0.187546966239,
    0.299999999999));
#4265 = CARTESIAN_POINT('',(0.376988160141,-0.190070750893,
    0.300999999999));
#4266 = CARTESIAN_POINT('',(0.376988160141,-0.190070750893,
    0.299999999999));
#4267 = CARTESIAN_POINT('',(0.364378372229,-0.190395743672,
    0.300999999999));
#4268 = CARTESIAN_POINT('',(0.364378372229,-0.190395743672,
    0.299999999999));
#4269 = CARTESIAN_POINT('',(0.357955034724,-0.190561292714,
    0.300999999999));
#4270 = CARTESIAN_POINT('',(0.357955034724,-0.190561292714,
    0.299999999999));
#4271 = ADVANCED_FACE('',(#4272),#4291,.T.);
#4272 = FACE_BOUND('',#4273,.T.);
#4273 = EDGE_LOOP('',(#4274,#4275,#4276,#4290));
#4274 = ORIENTED_EDGE('',*,*,#2087,.F.);
#4275 = ORIENTED_EDGE('',*,*,#4227,.F.);
#4276 = ORIENTED_EDGE('',*,*,#4277,.T.);
#4277 = EDGE_CURVE('',#4204,#3776,#4278,.T.);
#4278 = B_SPLINE_CURVE_WITH_KNOTS('',3,(#4279,#4280,#4281,#4282,#4283,
    #4284,#4285,#4286,#4287,#4288,#4289),.UNSPECIFIED.,.F.,.F.,(4,1,1,1,
    1,1,1,1,4),(0.,0.135294604763,0.266765657924,0.394816018835,
    0.520051654434,0.64217570297,0.762651820558,0.88183400438,1.),
  .UNSPECIFIED.);
#4279 = CARTESIAN_POINT('',(0.357955034724,-0.190561292714,
    0.300999999999));
#4280 = CARTESIAN_POINT('',(0.351917324441,-0.19048202244,0.300999999999
    ));
#4281 = CARTESIAN_POINT('',(0.340012535194,-0.190325722145,
    0.300999999999));
#4282 = CARTESIAN_POINT('',(0.322456594273,-0.18872173467,0.300999999999
    ));
#4283 = CARTESIAN_POINT('',(0.305451479882,-0.186307625013,
    0.300999999999));
#4284 = CARTESIAN_POINT('',(0.289071104455,-0.182754267652,0.301));
#4285 = CARTESIAN_POINT('',(0.273259307467,-0.178306266227,
    0.300999999999));
#4286 = CARTESIAN_POINT('',(0.258105730974,-0.172719235673,
    0.300999999999));
#4287 = CARTESIAN_POINT('',(0.243448451747,-0.16633769148,0.300999999999
    ));
#4288 = CARTESIAN_POINT('',(0.234216596129,-0.161137874681,
    0.300999999999));
#4289 = CARTESIAN_POINT('',(0.229620431065,-0.158549097592,
    0.300999999999));
#4290 = ORIENTED_EDGE('',*,*,#3775,.T.);
#4291 = B_SPLINE_SURFACE_WITH_KNOTS('',3,1,(
    (#4292,#4293)
    ,(#4294,#4295)
    ,(#4296,#4297)
    ,(#4298,#4299)
    ,(#4300,#4301)
    ,(#4302,#4303)
    ,(#4304,#4305)
    ,(#4306,#4307)
    ,(#4308,#4309)
    ,(#4310,#4311)
    ,(#4312,#4313
  )),.UNSPECIFIED.,.F.,.F.,.F.,(4,1,1,1,1,1,1,1,4),(2,2),(0.,
    0.135294604763,0.266765657924,0.394816018835,0.520051654434,
    0.64217570297,0.762651820558,0.88183400438,1.),(0.,1.),
  .UNSPECIFIED.);
#4292 = CARTESIAN_POINT('',(0.357955034724,-0.190561292714,
    0.300999999999));
#4293 = CARTESIAN_POINT('',(0.357955034724,-0.190561292714,
    0.299999999999));
#4294 = CARTESIAN_POINT('',(0.351917324441,-0.19048202244,0.300999999999
    ));
#4295 = CARTESIAN_POINT('',(0.351917324441,-0.19048202244,0.299999999999
    ));
#4296 = CARTESIAN_POINT('',(0.340012535194,-0.190325722145,
    0.300999999999));
#4297 = CARTESIAN_POINT('',(0.340012535194,-0.190325722145,
    0.299999999999));
#4298 = CARTESIAN_POINT('',(0.322456594273,-0.18872173467,0.300999999999
    ));
#4299 = CARTESIAN_POINT('',(0.322456594273,-0.18872173467,0.299999999999
    ));
#4300 = CARTESIAN_POINT('',(0.305451479882,-0.186307625013,
    0.300999999999));
#4301 = CARTESIAN_POINT('',(0.305451479882,-0.186307625013,
    0.299999999999));
#4302 = CARTESIAN_POINT('',(0.289071104455,-0.182754267652,0.301));
#4303 = CARTESIAN_POINT('',(0.289071104455,-0.182754267652,
    0.299999999999));
#4304 = CARTESIAN_POINT('',(0.273259307467,-0.178306266227,
    0.300999999999));
#4305 = CARTESIAN_POINT('',(0.273259307467,-0.178306266227,
    0.299999999999));
#4306 = CARTESIAN_POINT('',(0.258105730974,-0.172719235673,
    0.300999999999));
#4307 = CARTESIAN_POINT('',(0.258105730974,-0.172719235673,
    0.299999999999));
#4308 = CARTESIAN_POINT('',(0.243448451747,-0.16633769148,0.300999999999
    ));
#4309 = CARTESIAN_POINT('',(0.243448451747,-0.16633769148,0.299999999999
    ));
#4310 = CARTESIAN_POINT('',(0.234216596129,-0.161137874681,
    0.300999999999));
#4311 = CARTESIAN_POINT('',(0.234216596129,-0.161137874681,
    0.299999999999));
#4312 = CARTESIAN_POINT('',(0.229620431065,-0.158549097592,
    0.300999999999));
#4313 = CARTESIAN_POINT('',(0.229620431065,-0.158549097592,
    0.299999999999));
#4314 = ADVANCED_FACE('',(#4315),#4327,.T.);
#4315 = FACE_BOUND('',#4316,.T.);
#4316 = EDGE_LOOP('',(#4317,#4318,#4319,#4320,#4321,#4322,#4323,#4324,
    #4325,#4326));
#4317 = ORIENTED_EDGE('',*,*,#3783,.F.);
#4318 = ORIENTED_EDGE('',*,*,#4277,.F.);
#4319 = ORIENTED_EDGE('',*,*,#4203,.F.);
#4320 = ORIENTED_EDGE('',*,*,#4129,.F.);
#4321 = ORIENTED_EDGE('',*,*,#4079,.F.);
#4322 = ORIENTED_EDGE('',*,*,#4055,.F.);
#4323 = ORIENTED_EDGE('',*,*,#4005,.F.);
#4324 = ORIENTED_EDGE('',*,*,#3931,.F.);
#4325 = ORIENTED_EDGE('',*,*,#3857,.F.);
#4326 = ORIENTED_EDGE('',*,*,#3807,.F.);
#4327 = PLANE('',#4328);
#4328 = AXIS2_PLACEMENT_3D('',#4329,#4330,#4331);
#4329 = CARTESIAN_POINT('',(0.29621445286,-0.238503008271,0.300999999999
    ));
#4330 = DIRECTION('',(1.177606025161E-13,2.342837372002E-13,-1.));
#4331 = DIRECTION('',(0.,1.,2.342837372002E-13));
#4332 = ADVANCED_FACE('',(#4333),#4358,.T.);
#4333 = FACE_BOUND('',#4334,.T.);
#4334 = EDGE_LOOP('',(#4335,#4336,#4344,#4352));
#4335 = ORIENTED_EDGE('',*,*,#2275,.F.);
#4336 = ORIENTED_EDGE('',*,*,#4337,.F.);
#4337 = EDGE_CURVE('',#4338,#2268,#4340,.T.);
#4338 = VERTEX_POINT('',#4339);
#4339 = CARTESIAN_POINT('',(0.644254577406,-0.184463731739,
    0.300999999999));
#4340 = LINE('',#4341,#4342);
#4341 = CARTESIAN_POINT('',(0.644254577406,-0.184463731739,
    0.300999999999));
#4342 = VECTOR('',#4343,1.);
#4343 = DIRECTION('',(0.,0.,-1.));
#4344 = ORIENTED_EDGE('',*,*,#4345,.T.);
#4345 = EDGE_CURVE('',#4338,#4346,#4348,.T.);
#4346 = VERTEX_POINT('',#4347);
#4347 = CARTESIAN_POINT('',(0.644254577406,-0.239341780519,
    0.300999999999));
#4348 = LINE('',#4349,#4350);
#4349 = CARTESIAN_POINT('',(0.644254577406,-0.184463731739,
    0.300999999999));
#4350 = VECTOR('',#4351,1.);
#4351 = DIRECTION('',(0.,-1.,0.));
#4352 = ORIENTED_EDGE('',*,*,#4353,.T.);
#4353 = EDGE_CURVE('',#4346,#2276,#4354,.T.);
#4354 = LINE('',#4355,#4356);
#4355 = CARTESIAN_POINT('',(0.644254577406,-0.239341780519,
    0.300999999999));
#4356 = VECTOR('',#4357,1.);
#4357 = DIRECTION('',(0.,0.,-1.));
#4358 = PLANE('',#4359);
#4359 = AXIS2_PLACEMENT_3D('',#4360,#4361,#4362);
#4360 = CARTESIAN_POINT('',(0.644254577406,-0.184463731739,
    0.300999999999));
#4361 = DIRECTION('',(1.,0.,0.));
#4362 = DIRECTION('',(0.,0.,-1.));
#4363 = ADVANCED_FACE('',(#4364),#4382,.T.);
#4364 = FACE_BOUND('',#4365,.T.);
#4365 = EDGE_LOOP('',(#4366,#4367,#4368,#4376));
#4366 = ORIENTED_EDGE('',*,*,#2283,.F.);
#4367 = ORIENTED_EDGE('',*,*,#4353,.F.);
#4368 = ORIENTED_EDGE('',*,*,#4369,.T.);
#4369 = EDGE_CURVE('',#4346,#4370,#4372,.T.);
#4370 = VERTEX_POINT('',#4371);
#4371 = CARTESIAN_POINT('',(0.900352138382,-0.239341780519,
    0.300999999999));
#4372 = LINE('',#4373,#4374);
#4373 = CARTESIAN_POINT('',(0.644254577406,-0.239341780519,
    0.300999999999));
#4374 = VECTOR('',#4375,1.);
#4375 = DIRECTION('',(1.,0.,0.));
#4376 = ORIENTED_EDGE('',*,*,#4377,.T.);
#4377 = EDGE_CURVE('',#4370,#2284,#4378,.T.);
#4378 = LINE('',#4379,#4380);
#4379 = CARTESIAN_POINT('',(0.900352138382,-0.239341780519,
    0.300999999999));
#4380 = VECTOR('',#4381,1.);
#4381 = DIRECTION('',(0.,0.,-1.));
#4382 = PLANE('',#4383);
#4383 = AXIS2_PLACEMENT_3D('',#4384,#4385,#4386);
#4384 = CARTESIAN_POINT('',(0.644254577406,-0.239341780519,
    0.300999999999));
#4385 = DIRECTION('',(0.,1.,0.));
#4386 = DIRECTION('',(0.,-0.,1.));
#4387 = ADVANCED_FACE('',(#4388),#4406,.T.);
#4388 = FACE_BOUND('',#4389,.T.);
#4389 = EDGE_LOOP('',(#4390,#4391,#4392,#4400));
#4390 = ORIENTED_EDGE('',*,*,#2291,.F.);
#4391 = ORIENTED_EDGE('',*,*,#4377,.F.);
#4392 = ORIENTED_EDGE('',*,*,#4393,.T.);
#4393 = EDGE_CURVE('',#4370,#4394,#4396,.T.);
#4394 = VERTEX_POINT('',#4395);
#4395 = CARTESIAN_POINT('',(0.900352138382,0.26065821948,0.300999999999)
  );
#4396 = LINE('',#4397,#4398);
#4397 = CARTESIAN_POINT('',(0.900352138382,-0.239341780519,
    0.300999999999));
#4398 = VECTOR('',#4399,1.);
#4399 = DIRECTION('',(0.,1.,0.));
#4400 = ORIENTED_EDGE('',*,*,#4401,.T.);
#4401 = EDGE_CURVE('',#4394,#2292,#4402,.T.);
#4402 = LINE('',#4403,#4404);
#4403 = CARTESIAN_POINT('',(0.900352138382,0.26065821948,0.300999999999)
  );
#4404 = VECTOR('',#4405,1.);
#4405 = DIRECTION('',(0.,0.,-1.));
#4406 = PLANE('',#4407);
#4407 = AXIS2_PLACEMENT_3D('',#4408,#4409,#4410);
#4408 = CARTESIAN_POINT('',(0.900352138382,-0.239341780519,
    0.300999999999));
#4409 = DIRECTION('',(-1.,0.,0.));
#4410 = DIRECTION('',(0.,0.,1.));
#4411 = ADVANCED_FACE('',(#4412),#4430,.T.);
#4412 = FACE_BOUND('',#4413,.T.);
#4413 = EDGE_LOOP('',(#4414,#4415,#4416,#4424));
#4414 = ORIENTED_EDGE('',*,*,#2299,.F.);
#4415 = ORIENTED_EDGE('',*,*,#4401,.F.);
#4416 = ORIENTED_EDGE('',*,*,#4417,.T.);
#4417 = EDGE_CURVE('',#4394,#4418,#4420,.T.);
#4418 = VERTEX_POINT('',#4419);
#4419 = CARTESIAN_POINT('',(0.83327896765,0.26065821948,0.300999999999)
  );
#4420 = LINE('',#4421,#4422);
#4421 = CARTESIAN_POINT('',(0.900352138382,0.26065821948,0.300999999999)
  );
#4422 = VECTOR('',#4423,1.);
#4423 = DIRECTION('',(-1.,0.,0.));
#4424 = ORIENTED_EDGE('',*,*,#4425,.T.);
#4425 = EDGE_CURVE('',#4418,#2300,#4426,.T.);
#4426 = LINE('',#4427,#4428);
#4427 = CARTESIAN_POINT('',(0.83327896765,0.26065821948,0.300999999999)
  );
#4428 = VECTOR('',#4429,1.);
#4429 = DIRECTION('',(0.,0.,-1.));
#4430 = PLANE('',#4431);
#4431 = AXIS2_PLACEMENT_3D('',#4432,#4433,#4434);
#4432 = CARTESIAN_POINT('',(0.900352138382,0.26065821948,0.300999999999)
  );
#4433 = DIRECTION('',(0.,-1.,0.));
#4434 = DIRECTION('',(0.,0.,-1.));
#4435 = ADVANCED_FACE('',(#4436),#4454,.T.);
#4436 = FACE_BOUND('',#4437,.T.);
#4437 = EDGE_LOOP('',(#4438,#4439,#4440,#4448));
#4438 = ORIENTED_EDGE('',*,*,#2307,.F.);
#4439 = ORIENTED_EDGE('',*,*,#4425,.F.);
#4440 = ORIENTED_EDGE('',*,*,#4441,.T.);
#4441 = EDGE_CURVE('',#4418,#4442,#4444,.T.);
#4442 = VERTEX_POINT('',#4443);
#4443 = CARTESIAN_POINT('',(0.83327896765,-0.184463731739,0.300999999999
    ));
#4444 = LINE('',#4445,#4446);
#4445 = CARTESIAN_POINT('',(0.83327896765,0.26065821948,0.300999999999)
  );
#4446 = VECTOR('',#4447,1.);
#4447 = DIRECTION('',(0.,-1.,0.));
#4448 = ORIENTED_EDGE('',*,*,#4449,.T.);
#4449 = EDGE_CURVE('',#4442,#2266,#4450,.T.);
#4450 = LINE('',#4451,#4452);
#4451 = CARTESIAN_POINT('',(0.83327896765,-0.184463731739,0.300999999999
    ));
#4452 = VECTOR('',#4453,1.);
#4453 = DIRECTION('',(0.,0.,-1.));
#4454 = PLANE('',#4455);
#4455 = AXIS2_PLACEMENT_3D('',#4456,#4457,#4458);
#4456 = CARTESIAN_POINT('',(0.83327896765,0.26065821948,0.300999999999)
  );
#4457 = DIRECTION('',(1.,0.,0.));
#4458 = DIRECTION('',(0.,0.,-1.));
#4459 = ADVANCED_FACE('',(#4460),#4471,.T.);
#4460 = FACE_BOUND('',#4461,.T.);
#4461 = EDGE_LOOP('',(#4462,#4463,#4464,#4470));
#4462 = ORIENTED_EDGE('',*,*,#2265,.F.);
#4463 = ORIENTED_EDGE('',*,*,#4449,.F.);
#4464 = ORIENTED_EDGE('',*,*,#4465,.T.);
#4465 = EDGE_CURVE('',#4442,#4338,#4466,.T.);
#4466 = LINE('',#4467,#4468);
#4467 = CARTESIAN_POINT('',(0.83327896765,-0.184463731739,0.300999999999
    ));
#4468 = VECTOR('',#4469,1.);
#4469 = DIRECTION('',(-1.,0.,0.));
#4470 = ORIENTED_EDGE('',*,*,#4337,.T.);
#4471 = PLANE('',#4472);
#4472 = AXIS2_PLACEMENT_3D('',#4473,#4474,#4475);
#4473 = CARTESIAN_POINT('',(0.83327896765,-0.184463731739,0.300999999999
    ));
#4474 = DIRECTION('',(0.,-1.,0.));
#4475 = DIRECTION('',(0.,0.,-1.));
#4476 = ADVANCED_FACE('',(#4477),#4485,.F.);
#4477 = FACE_BOUND('',#4478,.T.);
#4478 = EDGE_LOOP('',(#4479,#4480,#4481,#4482,#4483,#4484));
#4479 = ORIENTED_EDGE('',*,*,#4345,.F.);
#4480 = ORIENTED_EDGE('',*,*,#4465,.F.);
#4481 = ORIENTED_EDGE('',*,*,#4441,.F.);
#4482 = ORIENTED_EDGE('',*,*,#4417,.F.);
#4483 = ORIENTED_EDGE('',*,*,#4393,.F.);
#4484 = ORIENTED_EDGE('',*,*,#4369,.F.);
#4485 = PLANE('',#4486);
#4486 = AXIS2_PLACEMENT_3D('',#4487,#4488,#4489);
#4487 = CARTESIAN_POINT('',(0.,0.,0.300999999999));
#4488 = DIRECTION('',(0.,0.,1.));
#4489 = DIRECTION('',(1.,0.,-0.));
#4490 = ADVANCED_FACE('',(#4491),#4499,.T.);
#4491 = FACE_BOUND('',#4492,.T.);
#4492 = EDGE_LOOP('',(#4493,#4494,#4495,#4496,#4497,#4498));
#4493 = ORIENTED_EDGE('',*,*,#2798,.T.);
#4494 = ORIENTED_EDGE('',*,*,#2767,.T.);
#4495 = ORIENTED_EDGE('',*,*,#2922,.T.);
#4496 = ORIENTED_EDGE('',*,*,#2884,.T.);
#4497 = ORIENTED_EDGE('',*,*,#2860,.T.);
#4498 = ORIENTED_EDGE('',*,*,#2822,.T.);
#4499 = PLANE('',#4500);
#4500 = AXIS2_PLACEMENT_3D('',#4501,#4502,#4503);
#4501 = CARTESIAN_POINT('',(0.,0.,0.299999999999));
#4502 = DIRECTION('',(0.,0.,-1.));
#4503 = DIRECTION('',(-1.,0.,0.));
#4504 = ADVANCED_FACE('',(#4505),#4512,.T.);
#4505 = FACE_BOUND('',#4506,.T.);
#4506 = EDGE_LOOP('',(#4507,#4508,#4509,#4510,#4511));
#4507 = ORIENTED_EDGE('',*,*,#3277,.T.);
#4508 = ORIENTED_EDGE('',*,*,#3246,.T.);
#4509 = ORIENTED_EDGE('',*,*,#3449,.T.);
#4510 = ORIENTED_EDGE('',*,*,#3425,.T.);
#4511 = ORIENTED_EDGE('',*,*,#3351,.T.);
#4512 = PLANE('',#4513);
#4513 = AXIS2_PLACEMENT_3D('',#4514,#4515,#4516);
#4514 = CARTESIAN_POINT('',(0.,0.,0.299999999999));
#4515 = DIRECTION('',(0.,0.,-1.));
#4516 = DIRECTION('',(-1.,0.,0.));
#4517 = ADVANCED_FACE('',(#4518),#4543,.F.);
#4518 = FACE_BOUND('',#4519,.T.);
#4519 = EDGE_LOOP('',(#4520,#4521,#4529,#4537));
#4520 = ORIENTED_EDGE('',*,*,#1029,.T.);
#4521 = ORIENTED_EDGE('',*,*,#4522,.F.);
#4522 = EDGE_CURVE('',#4523,#1020,#4525,.T.);
#4523 = VERTEX_POINT('',#4524);
#4524 = CARTESIAN_POINT('',(-3.252842386429,3.4120670811E-02,
    5.509999999999));
#4525 = LINE('',#4526,#4527);
#4526 = CARTESIAN_POINT('',(-3.252842386429,3.4120670811E-02,
    5.509999999999));
#4527 = VECTOR('',#4528,1.);
#4528 = DIRECTION('',(0.,0.,-1.));
#4529 = ORIENTED_EDGE('',*,*,#4530,.F.);
#4530 = EDGE_CURVE('',#4531,#4523,#4533,.T.);
#4531 = VERTEX_POINT('',#4532);
#4532 = CARTESIAN_POINT('',(-3.225018464589,3.4120670811E-02,
    5.509999999999));
#4533 = LINE('',#4534,#4535);
#4534 = CARTESIAN_POINT('',(-3.252842386429,3.4120670811E-02,
    5.509999999999));
#4535 = VECTOR('',#4536,1.);
#4536 = DIRECTION('',(-1.,0.,0.));
#4537 = ORIENTED_EDGE('',*,*,#4538,.T.);
#4538 = EDGE_CURVE('',#4531,#1030,#4539,.T.);
#4539 = LINE('',#4540,#4541);
#4540 = CARTESIAN_POINT('',(-3.225018464589,3.4120670811E-02,
    5.509999999999));
#4541 = VECTOR('',#4542,1.);
#4542 = DIRECTION('',(0.,0.,-1.));
#4543 = PLANE('',#4544);
#4544 = AXIS2_PLACEMENT_3D('',#4545,#4546,#4547);
#4545 = CARTESIAN_POINT('',(-3.252842386429,3.4120670811E-02,
    5.509999999999));
#4546 = DIRECTION('',(0.,-1.,0.));
#4547 = DIRECTION('',(0.,0.,-1.));
#4548 = ADVANCED_FACE('',(#4549),#4567,.F.);
#4549 = FACE_BOUND('',#4550,.T.);
#4550 = EDGE_LOOP('',(#4551,#4552,#4560,#4566));
#4551 = ORIENTED_EDGE('',*,*,#1019,.T.);
#4552 = ORIENTED_EDGE('',*,*,#4553,.F.);
#4553 = EDGE_CURVE('',#4554,#1022,#4556,.T.);
#4554 = VERTEX_POINT('',#4555);
#4555 = CARTESIAN_POINT('',(-3.252842386429,-6.3075899206E-02,
    5.509999999999));
#4556 = LINE('',#4557,#4558);
#4557 = CARTESIAN_POINT('',(-3.252842386429,-6.3075899206E-02,
    5.509999999999));
#4558 = VECTOR('',#4559,1.);
#4559 = DIRECTION('',(0.,0.,-1.));
#4560 = ORIENTED_EDGE('',*,*,#4561,.F.);
#4561 = EDGE_CURVE('',#4523,#4554,#4562,.T.);
#4562 = LINE('',#4563,#4564);
#4563 = CARTESIAN_POINT('',(-3.252842386429,-6.3075899206E-02,
    5.509999999999));
#4564 = VECTOR('',#4565,1.);
#4565 = DIRECTION('',(4.461894786142E-15,-1.,0.));
#4566 = ORIENTED_EDGE('',*,*,#4522,.T.);
#4567 = PLANE('',#4568);
#4568 = AXIS2_PLACEMENT_3D('',#4569,#4570,#4571);
#4569 = CARTESIAN_POINT('',(-3.252842386429,-6.3075899206E-02,
    5.509999999999));
#4570 = DIRECTION('',(1.,4.461894786142E-15,0.));
#4571 = DIRECTION('',(-4.461894786142E-15,1.,0.));
#4572 = ADVANCED_FACE('',(#4573),#4591,.F.);
#4573 = FACE_BOUND('',#4574,.T.);
#4574 = EDGE_LOOP('',(#4575,#4576,#4584,#4590));
#4575 = ORIENTED_EDGE('',*,*,#1061,.T.);
#4576 = ORIENTED_EDGE('',*,*,#4577,.F.);
#4577 = EDGE_CURVE('',#4578,#1054,#4580,.T.);
#4578 = VERTEX_POINT('',#4579);
#4579 = CARTESIAN_POINT('',(-3.469070442706,-6.3075899206E-02,
    5.509999999999));
#4580 = LINE('',#4581,#4582);
#4581 = CARTESIAN_POINT('',(-3.469070442706,-6.3075899206E-02,
    5.509999999999));
#4582 = VECTOR('',#4583,1.);
#4583 = DIRECTION('',(0.,0.,-1.));
#4584 = ORIENTED_EDGE('',*,*,#4585,.F.);
#4585 = EDGE_CURVE('',#4554,#4578,#4586,.T.);
#4586 = LINE('',#4587,#4588);
#4587 = CARTESIAN_POINT('',(-3.469070442706,-6.3075899206E-02,
    5.509999999999));
#4588 = VECTOR('',#4589,1.);
#4589 = DIRECTION('',(-1.,-4.011328376725E-15,0.));
#4590 = ORIENTED_EDGE('',*,*,#4553,.T.);
#4591 = PLANE('',#4592);
#4592 = AXIS2_PLACEMENT_3D('',#4593,#4594,#4595);
#4593 = CARTESIAN_POINT('',(-3.469070442706,-6.3075899206E-02,
    5.509999999999));
#4594 = DIRECTION('',(4.011328376725E-15,-1.,0.));
#4595 = DIRECTION('',(1.,4.011328376725E-15,0.));
#4596 = ADVANCED_FACE('',(#4597),#4615,.F.);
#4597 = FACE_BOUND('',#4598,.T.);
#4598 = EDGE_LOOP('',(#4599,#4600,#4608,#4614));
#4599 = ORIENTED_EDGE('',*,*,#1053,.T.);
#4600 = ORIENTED_EDGE('',*,*,#4601,.F.);
#4601 = EDGE_CURVE('',#4602,#1046,#4604,.T.);
#4602 = VERTEX_POINT('',#4603);
#4603 = CARTESIAN_POINT('',(-3.469070442706,-9.4580564071E-02,
    5.509999999999));
#4604 = LINE('',#4605,#4606);
#4605 = CARTESIAN_POINT('',(-3.469070442706,-9.4580564071E-02,
    5.509999999999));
#4606 = VECTOR('',#4607,1.);
#4607 = DIRECTION('',(0.,0.,-1.));
#4608 = ORIENTED_EDGE('',*,*,#4609,.F.);
#4609 = EDGE_CURVE('',#4578,#4602,#4610,.T.);
#4610 = LINE('',#4611,#4612);
#4611 = CARTESIAN_POINT('',(-3.469070442706,-9.4580564071E-02,
    5.509999999999));
#4612 = VECTOR('',#4613,1.);
#4613 = DIRECTION('',(0.,-1.,0.));
#4614 = ORIENTED_EDGE('',*,*,#4577,.T.);
#4615 = PLANE('',#4616);
#4616 = AXIS2_PLACEMENT_3D('',#4617,#4618,#4619);
#4617 = CARTESIAN_POINT('',(-3.469070442706,-9.4580564071E-02,
    5.509999999999));
#4618 = DIRECTION('',(1.,0.,0.));
#4619 = DIRECTION('',(0.,0.,-1.));
#4620 = ADVANCED_FACE('',(#4621),#4639,.F.);
#4621 = FACE_BOUND('',#4622,.T.);
#4622 = EDGE_LOOP('',(#4623,#4624,#4632,#4638));
#4623 = ORIENTED_EDGE('',*,*,#1045,.T.);
#4624 = ORIENTED_EDGE('',*,*,#4625,.F.);
#4625 = EDGE_CURVE('',#4626,#1038,#4628,.T.);
#4626 = VERTEX_POINT('',#4627);
#4627 = CARTESIAN_POINT('',(-3.225018464589,-9.4580564071E-02,
    5.509999999999));
#4628 = LINE('',#4629,#4630);
#4629 = CARTESIAN_POINT('',(-3.225018464589,-9.4580564071E-02,
    5.509999999999));
#4630 = VECTOR('',#4631,1.);
#4631 = DIRECTION('',(0.,0.,-1.));
#4632 = ORIENTED_EDGE('',*,*,#4633,.F.);
#4633 = EDGE_CURVE('',#4602,#4626,#4634,.T.);
#4634 = LINE('',#4635,#4636);
#4635 = CARTESIAN_POINT('',(-3.225018464589,-9.4580564071E-02,
    5.509999999999));
#4636 = VECTOR('',#4637,1.);
#4637 = DIRECTION('',(1.,2.665503096958E-15,0.));
#4638 = ORIENTED_EDGE('',*,*,#4601,.T.);
#4639 = PLANE('',#4640);
#4640 = AXIS2_PLACEMENT_3D('',#4641,#4642,#4643);
#4641 = CARTESIAN_POINT('',(-3.225018464589,-9.4580564071E-02,
    5.509999999999));
#4642 = DIRECTION('',(-2.665503096958E-15,1.,0.));
#4643 = DIRECTION('',(-1.,-2.665503096958E-15,0.));
#4644 = ADVANCED_FACE('',(#4645),#4656,.F.);
#4645 = FACE_BOUND('',#4646,.T.);
#4646 = EDGE_LOOP('',(#4647,#4648,#4649,#4655));
#4647 = ORIENTED_EDGE('',*,*,#1037,.T.);
#4648 = ORIENTED_EDGE('',*,*,#4538,.F.);
#4649 = ORIENTED_EDGE('',*,*,#4650,.F.);
#4650 = EDGE_CURVE('',#4626,#4531,#4651,.T.);
#4651 = LINE('',#4652,#4653);
#4652 = CARTESIAN_POINT('',(-3.225018464589,3.4120670811E-02,
    5.509999999999));
#4653 = VECTOR('',#4654,1.);
#4654 = DIRECTION('',(-6.739342779281E-15,1.,0.));
#4655 = ORIENTED_EDGE('',*,*,#4625,.T.);
#4656 = PLANE('',#4657);
#4657 = AXIS2_PLACEMENT_3D('',#4658,#4659,#4660);
#4658 = CARTESIAN_POINT('',(-3.225018464589,3.4120670811E-02,
    5.509999999999));
#4659 = DIRECTION('',(-1.,-6.739342779281E-15,0.));
#4660 = DIRECTION('',(6.739342779281E-15,-1.,0.));
#4661 = ADVANCED_FACE('',(#4662),#4670,.F.);
#4662 = FACE_BOUND('',#4663,.T.);
#4663 = EDGE_LOOP('',(#4664,#4665,#4666,#4667,#4668,#4669));
#4664 = ORIENTED_EDGE('',*,*,#4530,.T.);
#4665 = ORIENTED_EDGE('',*,*,#4561,.T.);
#4666 = ORIENTED_EDGE('',*,*,#4585,.T.);
#4667 = ORIENTED_EDGE('',*,*,#4609,.T.);
#4668 = ORIENTED_EDGE('',*,*,#4633,.T.);
#4669 = ORIENTED_EDGE('',*,*,#4650,.T.);
#4670 = PLANE('',#4671);
#4671 = AXIS2_PLACEMENT_3D('',#4672,#4673,#4674);
#4672 = CARTESIAN_POINT('',(0.,0.,5.509999999999));
#4673 = DIRECTION('',(0.,0.,-1.));
#4674 = DIRECTION('',(-1.,0.,0.));
#4675 = ADVANCED_FACE('',(#4676),#4702,.F.);
#4676 = FACE_BOUND('',#4677,.F.);
#4677 = EDGE_LOOP('',(#4678,#4686,#4695,#4701));
#4678 = ORIENTED_EDGE('',*,*,#4679,.F.);
#4679 = EDGE_CURVE('',#4680,#1080,#4682,.T.);
#4680 = VERTEX_POINT('',#4681);
#4681 = CARTESIAN_POINT('',(-3.22090102324,0.159265933618,5.509999999999
    ));
#4682 = LINE('',#4683,#4684);
#4683 = CARTESIAN_POINT('',(-3.22090102324,0.159265933618,5.509999999999
    ));
#4684 = VECTOR('',#4685,1.);
#4685 = DIRECTION('',(0.,0.,-1.));
#4686 = ORIENTED_EDGE('',*,*,#4687,.T.);
#4687 = EDGE_CURVE('',#4680,#4688,#4690,.T.);
#4688 = VERTEX_POINT('',#4689);
#4689 = CARTESIAN_POINT('',(-3.235124911535,0.226829403021,
    5.509999999999));
#4690 = B_SPLINE_CURVE_WITH_KNOTS('',3,(#4691,#4692,#4693,#4694),
  .UNSPECIFIED.,.F.,.F.,(4,4),(0.,1.),.PIECEWISE_BEZIER_KNOTS.);
#4691 = CARTESIAN_POINT('',(-3.22090102324,0.159265933618,5.509999999999
    ));
#4692 = CARTESIAN_POINT('',(-3.22090102324,0.186341229759,5.509999999999
    ));
#4693 = CARTESIAN_POINT('',(-3.225642319338,0.208862386226,
    5.509999999999));
#4694 = CARTESIAN_POINT('',(-3.235124911535,0.226829403021,
    5.509999999999));
#4695 = ORIENTED_EDGE('',*,*,#4696,.T.);
#4696 = EDGE_CURVE('',#4688,#1070,#4697,.T.);
#4697 = LINE('',#4698,#4699);
#4698 = CARTESIAN_POINT('',(-3.235124911535,0.226829403021,
    5.509999999999));
#4699 = VECTOR('',#4700,1.);
#4700 = DIRECTION('',(0.,0.,-1.));
#4701 = ORIENTED_EDGE('',*,*,#1079,.F.);
#4702 = B_SPLINE_SURFACE_WITH_KNOTS('',3,1,(
    (#4703,#4704)
    ,(#4705,#4706)
    ,(#4707,#4708)
    ,(#4709,#4710
    )),.UNSPECIFIED.,.F.,.F.,.F.,(4,4),(2,2),(0.,1.),(0.,1.),
  .PIECEWISE_BEZIER_KNOTS.);
#4703 = CARTESIAN_POINT('',(-3.22090102324,0.159265933618,5.509999999999
    ));
#4704 = CARTESIAN_POINT('',(-3.22090102324,0.159265933618,5.499999999999
    ));
#4705 = CARTESIAN_POINT('',(-3.22090102324,0.186341229759,5.509999999999
    ));
#4706 = CARTESIAN_POINT('',(-3.22090102324,0.186341229759,5.499999999999
    ));
#4707 = CARTESIAN_POINT('',(-3.225642319338,0.208862386226,
    5.509999999999));
#4708 = CARTESIAN_POINT('',(-3.225642319338,0.208862386226,
    5.499999999999));
#4709 = CARTESIAN_POINT('',(-3.235124911535,0.226829403021,
    5.509999999999));
#4710 = CARTESIAN_POINT('',(-3.235124911535,0.226829403021,
    5.499999999999));
#4711 = ADVANCED_FACE('',(#4712),#4730,.F.);
#4712 = FACE_BOUND('',#4713,.T.);
#4713 = EDGE_LOOP('',(#4714,#4715,#4723,#4729));
#4714 = ORIENTED_EDGE('',*,*,#1069,.T.);
#4715 = ORIENTED_EDGE('',*,*,#4716,.F.);
#4716 = EDGE_CURVE('',#4717,#1072,#4719,.T.);
#4717 = VERTEX_POINT('',#4718);
#4718 = CARTESIAN_POINT('',(-3.265319481426,0.226829403021,
    5.509999999999));
#4719 = LINE('',#4720,#4721);
#4720 = CARTESIAN_POINT('',(-3.265319481426,0.226829403021,
    5.509999999999));
#4721 = VECTOR('',#4722,1.);
#4722 = DIRECTION('',(0.,0.,-1.));
#4723 = ORIENTED_EDGE('',*,*,#4724,.F.);
#4724 = EDGE_CURVE('',#4688,#4717,#4725,.T.);
#4725 = LINE('',#4726,#4727);
#4726 = CARTESIAN_POINT('',(-3.265319481426,0.226829403021,
    5.509999999999));
#4727 = VECTOR('',#4728,1.);
#4728 = DIRECTION('',(-1.,-7.181438095803E-15,0.));
#4729 = ORIENTED_EDGE('',*,*,#4696,.T.);
#4730 = PLANE('',#4731);
#4731 = AXIS2_PLACEMENT_3D('',#4732,#4733,#4734);
#4732 = CARTESIAN_POINT('',(-3.265319481426,0.226829403021,
    5.509999999999));
#4733 = DIRECTION('',(7.181438095803E-15,-1.,0.));
#4734 = DIRECTION('',(1.,7.181438095803E-15,0.));
#4735 = ADVANCED_FACE('',(#4736),#4755,.F.);
#4736 = FACE_BOUND('',#4737,.F.);
#4737 = EDGE_LOOP('',(#4738,#4739,#4748,#4754));
#4738 = ORIENTED_EDGE('',*,*,#4716,.F.);
#4739 = ORIENTED_EDGE('',*,*,#4740,.T.);
#4740 = EDGE_CURVE('',#4717,#4741,#4743,.T.);
#4741 = VERTEX_POINT('',#4742);
#4742 = CARTESIAN_POINT('',(-3.24897448698,0.163820073291,5.509999999999
    ));
#4743 = B_SPLINE_CURVE_WITH_KNOTS('',3,(#4744,#4745,#4746,#4747),
  .UNSPECIFIED.,.F.,.F.,(4,4),(12.,13.),.PIECEWISE_BEZIER_KNOTS.);
#4744 = CARTESIAN_POINT('',(-3.265319481426,0.226829403021,
    5.509999999999));
#4745 = CARTESIAN_POINT('',(-3.254464408778,0.208987157176,
    5.509999999999));
#4746 = CARTESIAN_POINT('',(-3.24897448698,0.187963252108,5.509999999999
    ));
#4747 = CARTESIAN_POINT('',(-3.24897448698,0.163820073291,5.509999999999
    ));
#4748 = ORIENTED_EDGE('',*,*,#4749,.T.);
#4749 = EDGE_CURVE('',#4741,#1178,#4750,.T.);
#4750 = LINE('',#4751,#4752);
#4751 = CARTESIAN_POINT('',(-3.24897448698,0.163820073291,5.509999999999
    ));
#4752 = VECTOR('',#4753,1.);
#4753 = DIRECTION('',(0.,0.,-1.));
#4754 = ORIENTED_EDGE('',*,*,#1186,.F.);
#4755 = B_SPLINE_SURFACE_WITH_KNOTS('',3,1,(
    (#4756,#4757)
    ,(#4758,#4759)
    ,(#4760,#4761)
    ,(#4762,#4763
    )),.UNSPECIFIED.,.F.,.F.,.F.,(4,4),(2,2),(12.,13.),(0.,1.),
  .PIECEWISE_BEZIER_KNOTS.);
#4756 = CARTESIAN_POINT('',(-3.265319481426,0.226829403021,
    5.509999999999));
#4757 = CARTESIAN_POINT('',(-3.265319481426,0.226829403021,
    5.499999999999));
#4758 = CARTESIAN_POINT('',(-3.254464408778,0.208987157176,
    5.509999999999));
#4759 = CARTESIAN_POINT('',(-3.254464408778,0.208987157176,
    5.499999999999));
#4760 = CARTESIAN_POINT('',(-3.24897448698,0.187963252108,5.509999999999
    ));
#4761 = CARTESIAN_POINT('',(-3.24897448698,0.187963252108,5.499999999999
    ));
#4762 = CARTESIAN_POINT('',(-3.24897448698,0.163820073291,5.509999999999
    ));
#4763 = CARTESIAN_POINT('',(-3.24897448698,0.163820073291,5.499999999999
    ));
#4764 = ADVANCED_FACE('',(#4765),#4784,.F.);
#4765 = FACE_BOUND('',#4766,.F.);
#4766 = EDGE_LOOP('',(#4767,#4768,#4777,#4783));
#4767 = ORIENTED_EDGE('',*,*,#4749,.F.);
#4768 = ORIENTED_EDGE('',*,*,#4769,.T.);
#4769 = EDGE_CURVE('',#4741,#4770,#4772,.T.);
#4770 = VERTEX_POINT('',#4771);
#4771 = CARTESIAN_POINT('',(-3.274677302672,0.101122670937,
    5.509999999999));
#4772 = B_SPLINE_CURVE_WITH_KNOTS('',3,(#4773,#4774,#4775,#4776),
  .UNSPECIFIED.,.F.,.F.,(4,4),(11.,12.),.PIECEWISE_BEZIER_KNOTS.);
#4773 = CARTESIAN_POINT('',(-3.24897448698,0.163820073291,5.509999999999
    ));
#4774 = CARTESIAN_POINT('',(-3.24897448698,0.13799248665,5.509999999999)
  );
#4775 = CARTESIAN_POINT('',(-3.257583682527,0.117093352532,
    5.509999999999));
#4776 = CARTESIAN_POINT('',(-3.274677302672,0.101122670937,
    5.509999999999));
#4777 = ORIENTED_EDGE('',*,*,#4778,.T.);
#4778 = EDGE_CURVE('',#4770,#1169,#4779,.T.);
#4779 = LINE('',#4780,#4781);
#4780 = CARTESIAN_POINT('',(-3.274677302672,0.101122670937,
    5.509999999999));
#4781 = VECTOR('',#4782,1.);
#4782 = DIRECTION('',(0.,0.,-1.));
#4783 = ORIENTED_EDGE('',*,*,#1177,.F.);
#4784 = B_SPLINE_SURFACE_WITH_KNOTS('',3,1,(
    (#4785,#4786)
    ,(#4787,#4788)
    ,(#4789,#4790)
    ,(#4791,#4792
    )),.UNSPECIFIED.,.F.,.F.,.F.,(4,4),(2,2),(11.,12.),(0.,1.),
  .PIECEWISE_BEZIER_KNOTS.);
#4785 = CARTESIAN_POINT('',(-3.24897448698,0.163820073291,5.509999999999
    ));
#4786 = CARTESIAN_POINT('',(-3.24897448698,0.163820073291,5.499999999999
    ));
#4787 = CARTESIAN_POINT('',(-3.24897448698,0.13799248665,5.509999999999)
  );
#4788 = CARTESIAN_POINT('',(-3.24897448698,0.13799248665,5.499999999999)
  );
#4789 = CARTESIAN_POINT('',(-3.257583682527,0.117093352532,
    5.509999999999));
#4790 = CARTESIAN_POINT('',(-3.257583682527,0.117093352532,
    5.499999999999));
#4791 = CARTESIAN_POINT('',(-3.274677302672,0.101122670937,
    5.509999999999));
#4792 = CARTESIAN_POINT('',(-3.274677302672,0.101122670937,
    5.499999999999));
#4793 = ADVANCED_FACE('',(#4794),#4813,.F.);
#4794 = FACE_BOUND('',#4795,.F.);
#4795 = EDGE_LOOP('',(#4796,#4797,#4806,#4812));
#4796 = ORIENTED_EDGE('',*,*,#4778,.F.);
#4797 = ORIENTED_EDGE('',*,*,#4798,.T.);
#4798 = EDGE_CURVE('',#4770,#4799,#4801,.T.);
#4799 = VERTEX_POINT('',#4800);
#4800 = CARTESIAN_POINT('',(-3.344299492749,7.7166648546E-02,
    5.509999999999));
#4801 = B_SPLINE_CURVE_WITH_KNOTS('',3,(#4802,#4803,#4804,#4805),
  .UNSPECIFIED.,.F.,.F.,(4,4),(10.,11.),.PIECEWISE_BEZIER_KNOTS.);
#4802 = CARTESIAN_POINT('',(-3.274677302672,0.101122670937,
    5.509999999999));
#4803 = CARTESIAN_POINT('',(-3.291895693766,8.5151989343E-02,
    5.509999999999));
#4804 = CARTESIAN_POINT('',(-3.315103090459,7.7166648546E-02,
    5.509999999999));
#4805 = CARTESIAN_POINT('',(-3.344299492749,7.7166648546E-02,
    5.509999999999));
#4806 = ORIENTED_EDGE('',*,*,#4807,.T.);
#4807 = EDGE_CURVE('',#4799,#1160,#4808,.T.);
#4808 = LINE('',#4809,#4810);
#4809 = CARTESIAN_POINT('',(-3.344299492749,7.7166648546E-02,
    5.509999999999));
#4810 = VECTOR('',#4811,1.);
#4811 = DIRECTION('',(0.,0.,-1.));
#4812 = ORIENTED_EDGE('',*,*,#1168,.F.);
#4813 = B_SPLINE_SURFACE_WITH_KNOTS('',3,1,(
    (#4814,#4815)
    ,(#4816,#4817)
    ,(#4818,#4819)
    ,(#4820,#4821
    )),.UNSPECIFIED.,.F.,.F.,.F.,(4,4),(2,2),(10.,11.),(0.,1.),
  .PIECEWISE_BEZIER_KNOTS.);
#4814 = CARTESIAN_POINT('',(-3.274677302672,0.101122670937,
    5.509999999999));
#4815 = CARTESIAN_POINT('',(-3.274677302672,0.101122670937,
    5.499999999999));
#4816 = CARTESIAN_POINT('',(-3.291895693766,8.5151989343E-02,
    5.509999999999));
#4817 = CARTESIAN_POINT('',(-3.291895693766,8.5151989343E-02,
    5.499999999999));
#4818 = CARTESIAN_POINT('',(-3.315103090459,7.7166648546E-02,
    5.509999999999));
#4819 = CARTESIAN_POINT('',(-3.315103090459,7.7166648546E-02,
    5.499999999999));
#4820 = CARTESIAN_POINT('',(-3.344299492749,7.7166648546E-02,
    5.509999999999));
#4821 = CARTESIAN_POINT('',(-3.344299492749,7.7166648546E-02,
    5.499999999999));
#4822 = ADVANCED_FACE('',(#4823),#4842,.F.);
#4823 = FACE_BOUND('',#4824,.F.);
#4824 = EDGE_LOOP('',(#4825,#4826,#4835,#4841));
#4825 = ORIENTED_EDGE('',*,*,#4807,.F.);
#4826 = ORIENTED_EDGE('',*,*,#4827,.T.);
#4827 = EDGE_CURVE('',#4799,#4828,#4830,.T.);
#4828 = VERTEX_POINT('',#4829);
#4829 = CARTESIAN_POINT('',(-3.417664811324,0.102807078762,
    5.509999999999));
#4830 = B_SPLINE_CURVE_WITH_KNOTS('',3,(#4831,#4832,#4833,#4834),
  .UNSPECIFIED.,.F.,.F.,(4,4),(9.,10.),.PIECEWISE_BEZIER_KNOTS.);
#4831 = CARTESIAN_POINT('',(-3.344299492749,7.7166648546E-02,
    5.509999999999));
#4832 = CARTESIAN_POINT('',(-3.374993146439,7.7166648546E-02,
    5.509999999999));
#4833 = CARTESIAN_POINT('',(-3.399448252629,8.5713458618E-02,
    5.509999999999));
#4834 = CARTESIAN_POINT('',(-3.417664811324,0.102807078762,
    5.509999999999));
#4835 = ORIENTED_EDGE('',*,*,#4836,.T.);
#4836 = EDGE_CURVE('',#4828,#1151,#4837,.T.);
#4837 = LINE('',#4838,#4839);
#4838 = CARTESIAN_POINT('',(-3.417664811324,0.102807078762,
    5.509999999999));
#4839 = VECTOR('',#4840,1.);
#4840 = DIRECTION('',(0.,0.,-1.));
#4841 = ORIENTED_EDGE('',*,*,#1159,.F.);
#4842 = B_SPLINE_SURFACE_WITH_KNOTS('',3,1,(
    (#4843,#4844)
    ,(#4845,#4846)
    ,(#4847,#4848)
    ,(#4849,#4850
    )),.UNSPECIFIED.,.F.,.F.,.F.,(4,4),(2,2),(9.,10.),(0.,1.),
  .PIECEWISE_BEZIER_KNOTS.);
#4843 = CARTESIAN_POINT('',(-3.344299492749,7.7166648546E-02,
    5.509999999999));
#4844 = CARTESIAN_POINT('',(-3.344299492749,7.7166648546E-02,
    5.499999999999));
#4845 = CARTESIAN_POINT('',(-3.374993146439,7.7166648546E-02,
    5.509999999999));
#4846 = CARTESIAN_POINT('',(-3.374993146439,7.7166648546E-02,
    5.499999999999));
#4847 = CARTESIAN_POINT('',(-3.399448252629,8.5713458618E-02,
    5.509999999999));
#4848 = CARTESIAN_POINT('',(-3.399448252629,8.5713458618E-02,
    5.499999999999));
#4849 = CARTESIAN_POINT('',(-3.417664811324,0.102807078762,
    5.509999999999));
#4850 = CARTESIAN_POINT('',(-3.417664811324,0.102807078762,
    5.499999999999));
#4851 = ADVANCED_FACE('',(#4852),#4871,.F.);
#4852 = FACE_BOUND('',#4853,.F.);
#4853 = EDGE_LOOP('',(#4854,#4855,#4864,#4870));
#4854 = ORIENTED_EDGE('',*,*,#4836,.F.);
#4855 = ORIENTED_EDGE('',*,*,#4856,.T.);
#4856 = EDGE_CURVE('',#4828,#4857,#4859,.T.);
#4857 = VERTEX_POINT('',#4858);
#4858 = CARTESIAN_POINT('',(-3.444740107464,0.16930999509,5.509999999999
    ));
#4859 = B_SPLINE_CURVE_WITH_KNOTS('',3,(#4860,#4861,#4862,#4863),
  .UNSPECIFIED.,.F.,.F.,(4,4),(8.,9.),.PIECEWISE_BEZIER_KNOTS.);
#4860 = CARTESIAN_POINT('',(-3.417664811324,0.102807078762,
    5.509999999999));
#4861 = CARTESIAN_POINT('',(-3.435756599067,0.119963084381,
    5.509999999999));
#4862 = CARTESIAN_POINT('',(-3.444740107464,0.142109927999,
    5.509999999999));
#4863 = CARTESIAN_POINT('',(-3.444740107464,0.16930999509,5.509999999999
    ));
#4864 = ORIENTED_EDGE('',*,*,#4865,.T.);
#4865 = EDGE_CURVE('',#4857,#1142,#4866,.T.);
#4866 = LINE('',#4867,#4868);
#4867 = CARTESIAN_POINT('',(-3.444740107464,0.16930999509,5.509999999999
    ));
#4868 = VECTOR('',#4869,1.);
#4869 = DIRECTION('',(0.,0.,-1.));
#4870 = ORIENTED_EDGE('',*,*,#1150,.F.);
#4871 = B_SPLINE_SURFACE_WITH_KNOTS('',3,1,(
    (#4872,#4873)
    ,(#4874,#4875)
    ,(#4876,#4877)
    ,(#4878,#4879
    )),.UNSPECIFIED.,.F.,.F.,.F.,(4,4),(2,2),(8.,9.),(0.,1.),
  .PIECEWISE_BEZIER_KNOTS.);
#4872 = CARTESIAN_POINT('',(-3.417664811324,0.102807078762,
    5.509999999999));
#4873 = CARTESIAN_POINT('',(-3.417664811324,0.102807078762,
    5.499999999999));
#4874 = CARTESIAN_POINT('',(-3.435756599067,0.119963084381,
    5.509999999999));
#4875 = CARTESIAN_POINT('',(-3.435756599067,0.119963084381,
    5.499999999999));
#4876 = CARTESIAN_POINT('',(-3.444740107464,0.142109927999,
    5.509999999999));
#4877 = CARTESIAN_POINT('',(-3.444740107464,0.142109927999,
    5.499999999999));
#4878 = CARTESIAN_POINT('',(-3.444740107464,0.16930999509,5.509999999999
    ));
#4879 = CARTESIAN_POINT('',(-3.444740107464,0.16930999509,5.499999999999
    ));
#4880 = ADVANCED_FACE('',(#4881),#4900,.F.);
#4881 = FACE_BOUND('',#4882,.F.);
#4882 = EDGE_LOOP('',(#4883,#4884,#4893,#4899));
#4883 = ORIENTED_EDGE('',*,*,#4865,.F.);
#4884 = ORIENTED_EDGE('',*,*,#4885,.T.);
#4885 = EDGE_CURVE('',#4857,#4886,#4888,.T.);
#4886 = VERTEX_POINT('',#4887);
#4887 = CARTESIAN_POINT('',(-3.43026667727,0.226829403021,5.509999999999
    ));
#4888 = B_SPLINE_CURVE_WITH_KNOTS('',3,(#4889,#4890,#4891,#4892),
  .UNSPECIFIED.,.F.,.F.,(4,4),(7.,8.),.PIECEWISE_BEZIER_KNOTS.);
#4889 = CARTESIAN_POINT('',(-3.444740107464,0.16930999509,5.509999999999
    ));
#4890 = CARTESIAN_POINT('',(-3.444740107464,0.190209129207,
    5.509999999999));
#4891 = CARTESIAN_POINT('',(-3.439998811366,0.209361470027,
    5.509999999999));
#4892 = CARTESIAN_POINT('',(-3.43026667727,0.226829403021,5.509999999999
    ));
#4893 = ORIENTED_EDGE('',*,*,#4894,.T.);
#4894 = EDGE_CURVE('',#4886,#1134,#4895,.T.);
#4895 = LINE('',#4896,#4897);
#4896 = CARTESIAN_POINT('',(-3.43026667727,0.226829403021,5.509999999999
    ));
#4897 = VECTOR('',#4898,1.);
#4898 = DIRECTION('',(0.,0.,-1.));
#4899 = ORIENTED_EDGE('',*,*,#1141,.F.);
#4900 = B_SPLINE_SURFACE_WITH_KNOTS('',3,1,(
    (#4901,#4902)
    ,(#4903,#4904)
    ,(#4905,#4906)
    ,(#4907,#4908
    )),.UNSPECIFIED.,.F.,.F.,.F.,(4,4),(2,2),(7.,8.),(0.,1.),
  .PIECEWISE_BEZIER_KNOTS.);
#4901 = CARTESIAN_POINT('',(-3.444740107464,0.16930999509,5.509999999999
    ));
#4902 = CARTESIAN_POINT('',(-3.444740107464,0.16930999509,5.499999999999
    ));
#4903 = CARTESIAN_POINT('',(-3.444740107464,0.190209129207,
    5.509999999999));
#4904 = CARTESIAN_POINT('',(-3.444740107464,0.190209129207,
    5.499999999999));
#4905 = CARTESIAN_POINT('',(-3.439998811366,0.209361470027,
    5.509999999999));
#4906 = CARTESIAN_POINT('',(-3.439998811366,0.209361470027,
    5.499999999999));
#4907 = CARTESIAN_POINT('',(-3.43026667727,0.226829403021,5.509999999999
    ));
#4908 = CARTESIAN_POINT('',(-3.43026667727,0.226829403021,5.499999999999
    ));
#4909 = ADVANCED_FACE('',(#4910),#4928,.F.);
#4910 = FACE_BOUND('',#4911,.T.);
#4911 = EDGE_LOOP('',(#4912,#4913,#4921,#4927));
#4912 = ORIENTED_EDGE('',*,*,#1133,.T.);
#4913 = ORIENTED_EDGE('',*,*,#4914,.F.);
#4914 = EDGE_CURVE('',#4915,#1125,#4917,.T.);
#4915 = VERTEX_POINT('',#4916);
#4916 = CARTESIAN_POINT('',(-3.463206208058,0.226829403021,
    5.509999999999));
#4917 = LINE('',#4918,#4919);
#4918 = CARTESIAN_POINT('',(-3.463206208058,0.226829403021,
    5.509999999999));
#4919 = VECTOR('',#4920,1.);
#4920 = DIRECTION('',(0.,0.,-1.));
#4921 = ORIENTED_EDGE('',*,*,#4922,.F.);
#4922 = EDGE_CURVE('',#4886,#4915,#4923,.T.);
#4923 = LINE('',#4924,#4925);
#4924 = CARTESIAN_POINT('',(-3.463206208058,0.226829403021,
    5.509999999999));
#4925 = VECTOR('',#4926,1.);
#4926 = DIRECTION('',(-1.,0.,0.));
#4927 = ORIENTED_EDGE('',*,*,#4894,.T.);
#4928 = PLANE('',#4929);
#4929 = AXIS2_PLACEMENT_3D('',#4930,#4931,#4932);
#4930 = CARTESIAN_POINT('',(-3.463206208058,0.226829403021,
    5.509999999999));
#4931 = DIRECTION('',(0.,-1.,0.));
#4932 = DIRECTION('',(0.,0.,-1.));
#4933 = ADVANCED_FACE('',(#4934),#4953,.F.);
#4934 = FACE_BOUND('',#4935,.F.);
#4935 = EDGE_LOOP('',(#4936,#4937,#4946,#4952));
#4936 = ORIENTED_EDGE('',*,*,#4914,.F.);
#4937 = ORIENTED_EDGE('',*,*,#4938,.T.);
#4938 = EDGE_CURVE('',#4915,#4939,#4941,.T.);
#4939 = VERTEX_POINT('',#4940);
#4940 = CARTESIAN_POINT('',(-3.473187884055,0.168998067715,
    5.509999999999));
#4941 = B_SPLINE_CURVE_WITH_KNOTS('',3,(#4942,#4943,#4944,#4945),
  .UNSPECIFIED.,.F.,.F.,(4,4),(5.,6.),.PIECEWISE_BEZIER_KNOTS.);
#4942 = CARTESIAN_POINT('',(-3.463206208058,0.226829403021,
    5.509999999999));
#4943 = CARTESIAN_POINT('',(-3.469819068407,0.211607347126,
    5.509999999999));
#4944 = CARTESIAN_POINT('',(-3.473187884055,0.192330235357,
    5.509999999999));
#4945 = CARTESIAN_POINT('',(-3.473187884055,0.168998067715,
    5.509999999999));
#4946 = ORIENTED_EDGE('',*,*,#4947,.T.);
#4947 = EDGE_CURVE('',#4939,#1116,#4948,.T.);
#4948 = LINE('',#4949,#4950);
#4949 = CARTESIAN_POINT('',(-3.473187884055,0.168998067715,
    5.509999999999));
#4950 = VECTOR('',#4951,1.);
#4951 = DIRECTION('',(0.,0.,-1.));
#4952 = ORIENTED_EDGE('',*,*,#1124,.F.);
#4953 = B_SPLINE_SURFACE_WITH_KNOTS('',3,1,(
    (#4954,#4955)
    ,(#4956,#4957)
    ,(#4958,#4959)
    ,(#4960,#4961
    )),.UNSPECIFIED.,.F.,.F.,.F.,(4,4),(2,2),(5.,6.),(0.,1.),
  .PIECEWISE_BEZIER_KNOTS.);
#4954 = CARTESIAN_POINT('',(-3.463206208058,0.226829403021,
    5.509999999999));
#4955 = CARTESIAN_POINT('',(-3.463206208058,0.226829403021,
    5.499999999999));
#4956 = CARTESIAN_POINT('',(-3.469819068407,0.211607347126,
    5.509999999999));
#4957 = CARTESIAN_POINT('',(-3.469819068407,0.211607347126,
    5.499999999999));
#4958 = CARTESIAN_POINT('',(-3.473187884055,0.192330235357,
    5.509999999999));
#4959 = CARTESIAN_POINT('',(-3.473187884055,0.192330235357,
    5.499999999999));
#4960 = CARTESIAN_POINT('',(-3.473187884055,0.168998067715,
    5.509999999999));
#4961 = CARTESIAN_POINT('',(-3.473187884055,0.168998067715,
    5.499999999999));
#4962 = ADVANCED_FACE('',(#4963),#4982,.F.);
#4963 = FACE_BOUND('',#4964,.F.);
#4964 = EDGE_LOOP('',(#4965,#4966,#4975,#4981));
#4965 = ORIENTED_EDGE('',*,*,#4947,.F.);
#4966 = ORIENTED_EDGE('',*,*,#4967,.T.);
#4967 = EDGE_CURVE('',#4939,#4968,#4970,.T.);
#4968 = VERTEX_POINT('',#4969);
#4969 = CARTESIAN_POINT('',(-3.437253850467,7.935014017E-02,
    5.509999999999));
#4970 = B_SPLINE_CURVE_WITH_KNOTS('',3,(#4971,#4972,#4973,#4974),
  .UNSPECIFIED.,.F.,.F.,(4,4),(4.,5.),.PIECEWISE_BEZIER_KNOTS.);
#4971 = CARTESIAN_POINT('',(-3.473187884055,0.168998067715,
    5.509999999999));
#4972 = CARTESIAN_POINT('',(-3.473187884055,0.132752106752,
    5.509999999999));
#4973 = CARTESIAN_POINT('',(-3.461209872859,0.102869464237,
    5.509999999999));
#4974 = CARTESIAN_POINT('',(-3.437253850467,7.935014017E-02,
    5.509999999999));
#4975 = ORIENTED_EDGE('',*,*,#4976,.T.);
#4976 = EDGE_CURVE('',#4968,#1107,#4977,.T.);
#4977 = LINE('',#4978,#4979);
#4978 = CARTESIAN_POINT('',(-3.437253850467,7.935014017E-02,
    5.509999999999));
#4979 = VECTOR('',#4980,1.);
#4980 = DIRECTION('',(0.,0.,-1.));
#4981 = ORIENTED_EDGE('',*,*,#1115,.F.);
#4982 = B_SPLINE_SURFACE_WITH_KNOTS('',3,1,(
    (#4983,#4984)
    ,(#4985,#4986)
    ,(#4987,#4988)
    ,(#4989,#4990
    )),.UNSPECIFIED.,.F.,.F.,.F.,(4,4),(2,2),(4.,5.),(0.,1.),
  .PIECEWISE_BEZIER_KNOTS.);
#4983 = CARTESIAN_POINT('',(-3.473187884055,0.168998067715,
    5.509999999999));
#4984 = CARTESIAN_POINT('',(-3.473187884055,0.168998067715,
    5.499999999999));
#4985 = CARTESIAN_POINT('',(-3.473187884055,0.132752106752,
    5.509999999999));
#4986 = CARTESIAN_POINT('',(-3.473187884055,0.132752106752,
    5.499999999999));
#4987 = CARTESIAN_POINT('',(-3.461209872859,0.102869464237,
    5.509999999999));
#4988 = CARTESIAN_POINT('',(-3.461209872859,0.102869464237,
    5.499999999999));
#4989 = CARTESIAN_POINT('',(-3.437253850467,7.935014017E-02,
    5.509999999999));
#4990 = CARTESIAN_POINT('',(-3.437253850467,7.935014017E-02,
    5.499999999999));
#4991 = ADVANCED_FACE('',(#4992),#5011,.F.);
#4992 = FACE_BOUND('',#4993,.F.);
#4993 = EDGE_LOOP('',(#4994,#4995,#5004,#5010));
#4994 = ORIENTED_EDGE('',*,*,#4976,.F.);
#4995 = ORIENTED_EDGE('',*,*,#4996,.T.);
#4996 = EDGE_CURVE('',#4968,#4997,#4999,.T.);
#4997 = VERTEX_POINT('',#4998);
#4998 = CARTESIAN_POINT('',(-3.342427928498,4.4102346807E-02,
    5.509999999999));
#4999 = B_SPLINE_CURVE_WITH_KNOTS('',3,(#5000,#5001,#5002,#5003),
  .UNSPECIFIED.,.F.,.F.,(4,4),(3.,4.),.PIECEWISE_BEZIER_KNOTS.);
#5000 = CARTESIAN_POINT('',(-3.437253850467,7.935014017E-02,
    5.509999999999));
#5001 = CARTESIAN_POINT('',(-3.413297828075,5.5830816103E-02,
    5.509999999999));
#5002 = CARTESIAN_POINT('',(-3.381730777735,4.4102346807E-02,
    5.509999999999));
#5003 = CARTESIAN_POINT('',(-3.342427928498,4.4102346807E-02,
    5.509999999999));
#5004 = ORIENTED_EDGE('',*,*,#5005,.T.);
#5005 = EDGE_CURVE('',#4997,#1098,#5006,.T.);
#5006 = LINE('',#5007,#5008);
#5007 = CARTESIAN_POINT('',(-3.342427928498,4.4102346807E-02,
    5.509999999999));
#5008 = VECTOR('',#5009,1.);
#5009 = DIRECTION('',(0.,0.,-1.));
#5010 = ORIENTED_EDGE('',*,*,#1106,.F.);
#5011 = B_SPLINE_SURFACE_WITH_KNOTS('',3,1,(
    (#5012,#5013)
    ,(#5014,#5015)
    ,(#5016,#5017)
    ,(#5018,#5019
    )),.UNSPECIFIED.,.F.,.F.,.F.,(4,4),(2,2),(3.,4.),(0.,1.),
  .PIECEWISE_BEZIER_KNOTS.);
#5012 = CARTESIAN_POINT('',(-3.437253850467,7.935014017E-02,
    5.509999999999));
#5013 = CARTESIAN_POINT('',(-3.437253850467,7.935014017E-02,
    5.499999999999));
#5014 = CARTESIAN_POINT('',(-3.413297828075,5.5830816103E-02,
    5.509999999999));
#5015 = CARTESIAN_POINT('',(-3.413297828075,5.5830816103E-02,
    5.499999999999));
#5016 = CARTESIAN_POINT('',(-3.381730777735,4.4102346807E-02,
    5.509999999999));
#5017 = CARTESIAN_POINT('',(-3.381730777735,4.4102346807E-02,
    5.499999999999));
#5018 = CARTESIAN_POINT('',(-3.342427928498,4.4102346807E-02,
    5.509999999999));
#5019 = CARTESIAN_POINT('',(-3.342427928498,4.4102346807E-02,
    5.499999999999));
#5020 = ADVANCED_FACE('',(#5021),#5040,.F.);
#5021 = FACE_BOUND('',#5022,.F.);
#5022 = EDGE_LOOP('',(#5023,#5024,#5033,#5039));
#5023 = ORIENTED_EDGE('',*,*,#5005,.F.);
#5024 = ORIENTED_EDGE('',*,*,#5025,.T.);
#5025 = EDGE_CURVE('',#4997,#5026,#5028,.T.);
#5026 = VERTEX_POINT('',#5027);
#5027 = CARTESIAN_POINT('',(-3.254214866879,7.5419855246E-02,
    5.509999999999));
#5028 = B_SPLINE_CURVE_WITH_KNOTS('',3,(#5029,#5030,#5031,#5032),
  .UNSPECIFIED.,.F.,.F.,(4,4),(2.,3.),.PIECEWISE_BEZIER_KNOTS.);
#5029 = CARTESIAN_POINT('',(-3.342427928498,4.4102346807E-02,
    5.509999999999));
#5030 = CARTESIAN_POINT('',(-3.305870040161,4.4102346807E-02,
    5.509999999999));
#5031 = CARTESIAN_POINT('',(-3.276424095971,5.4520721128E-02,
    5.509999999999));
#5032 = CARTESIAN_POINT('',(-3.254214866879,7.5419855246E-02,
    5.509999999999));
#5033 = ORIENTED_EDGE('',*,*,#5034,.T.);
#5034 = EDGE_CURVE('',#5026,#1089,#5035,.T.);
#5035 = LINE('',#5036,#5037);
#5036 = CARTESIAN_POINT('',(-3.254214866879,7.5419855246E-02,
    5.509999999999));
#5037 = VECTOR('',#5038,1.);
#5038 = DIRECTION('',(0.,0.,-1.));
#5039 = ORIENTED_EDGE('',*,*,#1097,.F.);
#5040 = B_SPLINE_SURFACE_WITH_KNOTS('',3,1,(
    (#5041,#5042)
    ,(#5043,#5044)
    ,(#5045,#5046)
    ,(#5047,#5048
    )),.UNSPECIFIED.,.F.,.F.,.F.,(4,4),(2,2),(2.,3.),(0.,1.),
  .PIECEWISE_BEZIER_KNOTS.);
#5041 = CARTESIAN_POINT('',(-3.342427928498,4.4102346807E-02,
    5.509999999999));
#5042 = CARTESIAN_POINT('',(-3.342427928498,4.4102346807E-02,
    5.499999999999));
#5043 = CARTESIAN_POINT('',(-3.305870040161,4.4102346807E-02,
    5.509999999999));
#5044 = CARTESIAN_POINT('',(-3.305870040161,4.4102346807E-02,
    5.499999999999));
#5045 = CARTESIAN_POINT('',(-3.276424095971,5.4520721128E-02,
    5.509999999999));
#5046 = CARTESIAN_POINT('',(-3.276424095971,5.4520721128E-02,
    5.499999999999));
#5047 = CARTESIAN_POINT('',(-3.254214866879,7.5419855246E-02,
    5.509999999999));
#5048 = CARTESIAN_POINT('',(-3.254214866879,7.5419855246E-02,
    5.499999999999));
#5049 = ADVANCED_FACE('',(#5050),#5062,.F.);
#5050 = FACE_BOUND('',#5051,.F.);
#5051 = EDGE_LOOP('',(#5052,#5053,#5060,#5061));
#5052 = ORIENTED_EDGE('',*,*,#5034,.F.);
#5053 = ORIENTED_EDGE('',*,*,#5054,.T.);
#5054 = EDGE_CURVE('',#5026,#4680,#5055,.T.);
#5055 = B_SPLINE_CURVE_WITH_KNOTS('',3,(#5056,#5057,#5058,#5059),
  .UNSPECIFIED.,.F.,.F.,(4,4),(1.,2.),.PIECEWISE_BEZIER_KNOTS.);
#5056 = CARTESIAN_POINT('',(-3.254214866879,7.5419855246E-02,
    5.509999999999));
#5057 = CARTESIAN_POINT('',(-3.232005637787,9.6318989364E-02,
    5.509999999999));
#5058 = CARTESIAN_POINT('',(-3.22090102324,0.124267682155,5.509999999999
    ));
#5059 = CARTESIAN_POINT('',(-3.22090102324,0.159265933618,5.509999999999
    ));
#5060 = ORIENTED_EDGE('',*,*,#4679,.T.);
#5061 = ORIENTED_EDGE('',*,*,#1088,.F.);
#5062 = B_SPLINE_SURFACE_WITH_KNOTS('',3,1,(
    (#5063,#5064)
    ,(#5065,#5066)
    ,(#5067,#5068)
    ,(#5069,#5070
    )),.UNSPECIFIED.,.F.,.F.,.F.,(4,4),(2,2),(1.,2.),(0.,1.),
  .PIECEWISE_BEZIER_KNOTS.);
#5063 = CARTESIAN_POINT('',(-3.254214866879,7.5419855246E-02,
    5.509999999999));
#5064 = CARTESIAN_POINT('',(-3.254214866879,7.5419855246E-02,
    5.499999999999));
#5065 = CARTESIAN_POINT('',(-3.232005637787,9.6318989364E-02,
    5.509999999999));
#5066 = CARTESIAN_POINT('',(-3.232005637787,9.6318989364E-02,
    5.499999999999));
#5067 = CARTESIAN_POINT('',(-3.22090102324,0.124267682155,5.509999999999
    ));
#5068 = CARTESIAN_POINT('',(-3.22090102324,0.124267682155,5.499999999999
    ));
#5069 = CARTESIAN_POINT('',(-3.22090102324,0.159265933618,5.509999999999
    ));
#5070 = CARTESIAN_POINT('',(-3.22090102324,0.159265933618,5.499999999999
    ));
#5071 = ADVANCED_FACE('',(#5072),#5088,.T.);
#5072 = FACE_BOUND('',#5073,.T.);
#5073 = EDGE_LOOP('',(#5074,#5075,#5076,#5077,#5078,#5079,#5080,#5081,
    #5082,#5083,#5084,#5085,#5086,#5087));
#5074 = ORIENTED_EDGE('',*,*,#4687,.T.);
#5075 = ORIENTED_EDGE('',*,*,#4724,.T.);
#5076 = ORIENTED_EDGE('',*,*,#4740,.T.);
#5077 = ORIENTED_EDGE('',*,*,#4769,.T.);
#5078 = ORIENTED_EDGE('',*,*,#4798,.T.);
#5079 = ORIENTED_EDGE('',*,*,#4827,.T.);
#5080 = ORIENTED_EDGE('',*,*,#4856,.T.);
#5081 = ORIENTED_EDGE('',*,*,#4885,.T.);
#5082 = ORIENTED_EDGE('',*,*,#4922,.T.);
#5083 = ORIENTED_EDGE('',*,*,#4938,.T.);
#5084 = ORIENTED_EDGE('',*,*,#4967,.T.);
#5085 = ORIENTED_EDGE('',*,*,#4996,.T.);
#5086 = ORIENTED_EDGE('',*,*,#5025,.T.);
#5087 = ORIENTED_EDGE('',*,*,#5054,.T.);
#5088 = PLANE('',#5089);
#5089 = AXIS2_PLACEMENT_3D('',#5090,#5091,#5092);
#5090 = CARTESIAN_POINT('',(-3.224456995313,0.196463273074,
    5.509999999999));
#5091 = DIRECTION('',(0.,0.,1.));
#5092 = DIRECTION('',(1.,0.,-0.));
#5093 = ADVANCED_FACE('',(#5094),#5119,.F.);
#5094 = FACE_BOUND('',#5095,.T.);
#5095 = EDGE_LOOP('',(#5096,#5097,#5105,#5113));
#5096 = ORIENTED_EDGE('',*,*,#1205,.T.);
#5097 = ORIENTED_EDGE('',*,*,#5098,.F.);
#5098 = EDGE_CURVE('',#5099,#1196,#5101,.T.);
#5099 = VERTEX_POINT('',#5100);
#5100 = CARTESIAN_POINT('',(-3.252842386429,0.406936269285,
    5.509999999999));
#5101 = LINE('',#5102,#5103);
#5102 = CARTESIAN_POINT('',(-3.252842386429,0.406936269285,
    5.509999999999));
#5103 = VECTOR('',#5104,1.);
#5104 = DIRECTION('',(0.,0.,-1.));
#5105 = ORIENTED_EDGE('',*,*,#5106,.F.);
#5106 = EDGE_CURVE('',#5107,#5099,#5109,.T.);
#5107 = VERTEX_POINT('',#5108);
#5108 = CARTESIAN_POINT('',(-3.225018464589,0.406936269285,
    5.509999999999));
#5109 = LINE('',#5110,#5111);
#5110 = CARTESIAN_POINT('',(-3.252842386429,0.406936269285,
    5.509999999999));
#5111 = VECTOR('',#5112,1.);
#5112 = DIRECTION('',(-1.,0.,0.));
#5113 = ORIENTED_EDGE('',*,*,#5114,.T.);
#5114 = EDGE_CURVE('',#5107,#1206,#5115,.T.);
#5115 = LINE('',#5116,#5117);
#5116 = CARTESIAN_POINT('',(-3.225018464589,0.406936269285,
    5.509999999999));
#5117 = VECTOR('',#5118,1.);
#5118 = DIRECTION('',(0.,0.,-1.));
#5119 = PLANE('',#5120);
#5120 = AXIS2_PLACEMENT_3D('',#5121,#5122,#5123);
#5121 = CARTESIAN_POINT('',(-3.252842386429,0.406936269285,
    5.509999999999));
#5122 = DIRECTION('',(0.,-1.,0.));
#5123 = DIRECTION('',(0.,0.,-1.));
#5124 = ADVANCED_FACE('',(#5125),#5143,.F.);
#5125 = FACE_BOUND('',#5126,.T.);
#5126 = EDGE_LOOP('',(#5127,#5128,#5136,#5142));
#5127 = ORIENTED_EDGE('',*,*,#1195,.T.);
#5128 = ORIENTED_EDGE('',*,*,#5129,.F.);
#5129 = EDGE_CURVE('',#5130,#1198,#5132,.T.);
#5130 = VERTEX_POINT('',#5131);
#5131 = CARTESIAN_POINT('',(-3.252842386429,0.307181894794,
    5.509999999999));
#5132 = LINE('',#5133,#5134);
#5133 = CARTESIAN_POINT('',(-3.252842386429,0.307181894794,
    5.509999999999));
#5134 = VECTOR('',#5135,1.);
#5135 = DIRECTION('',(0.,0.,-1.));
#5136 = ORIENTED_EDGE('',*,*,#5137,.F.);
#5137 = EDGE_CURVE('',#5099,#5130,#5138,.T.);
#5138 = LINE('',#5139,#5140);
#5139 = CARTESIAN_POINT('',(-3.252842386429,0.307181894794,
    5.509999999999));
#5140 = VECTOR('',#5141,1.);
#5141 = DIRECTION('',(4.347487227578E-15,-1.,0.));
#5142 = ORIENTED_EDGE('',*,*,#5098,.T.);
#5143 = PLANE('',#5144);
#5144 = AXIS2_PLACEMENT_3D('',#5145,#5146,#5147);
#5145 = CARTESIAN_POINT('',(-3.252842386429,0.307181894794,
    5.509999999999));
#5146 = DIRECTION('',(1.,4.347487227578E-15,0.));
#5147 = DIRECTION('',(-4.347487227578E-15,1.,0.));
#5148 = ADVANCED_FACE('',(#5149),#5167,.F.);
#5149 = FACE_BOUND('',#5150,.T.);
#5150 = EDGE_LOOP('',(#5151,#5152,#5160,#5166));
#5151 = ORIENTED_EDGE('',*,*,#1285,.T.);
#5152 = ORIENTED_EDGE('',*,*,#5153,.F.);
#5153 = EDGE_CURVE('',#5154,#1278,#5156,.T.);
#5154 = VERTEX_POINT('',#5155);
#5155 = CARTESIAN_POINT('',(-3.334941671501,0.307181894794,
    5.509999999999));
#5156 = LINE('',#5157,#5158);
#5157 = CARTESIAN_POINT('',(-3.334941671501,0.307181894794,
    5.509999999999));
#5158 = VECTOR('',#5159,1.);
#5159 = DIRECTION('',(0.,0.,-1.));
#5160 = ORIENTED_EDGE('',*,*,#5161,.F.);
#5161 = EDGE_CURVE('',#5130,#5154,#5162,.T.);
#5162 = LINE('',#5163,#5164);
#5163 = CARTESIAN_POINT('',(-3.334941671501,0.307181894794,
    5.509999999999));
#5164 = VECTOR('',#5165,1.);
#5165 = DIRECTION('',(-1.,-5.282395195207E-15,0.));
#5166 = ORIENTED_EDGE('',*,*,#5129,.T.);
#5167 = PLANE('',#5168);
#5168 = AXIS2_PLACEMENT_3D('',#5169,#5170,#5171);
#5169 = CARTESIAN_POINT('',(-3.334941671501,0.307181894794,
    5.509999999999));
#5170 = DIRECTION('',(5.282395195207E-15,-1.,0.));
#5171 = DIRECTION('',(1.,5.282395195207E-15,0.));
#5172 = ADVANCED_FACE('',(#5173),#5191,.F.);
#5173 = FACE_BOUND('',#5174,.T.);
#5174 = EDGE_LOOP('',(#5175,#5176,#5184,#5190));
#5175 = ORIENTED_EDGE('',*,*,#1277,.T.);
#5176 = ORIENTED_EDGE('',*,*,#5177,.F.);
#5177 = EDGE_CURVE('',#5178,#1270,#5180,.T.);
#5178 = VERTEX_POINT('',#5179);
#5179 = CARTESIAN_POINT('',(-3.334941671501,0.394459174289,
    5.509999999999));
#5180 = LINE('',#5181,#5182);
#5181 = CARTESIAN_POINT('',(-3.334941671501,0.394459174289,
    5.509999999999));
#5182 = VECTOR('',#5183,1.);
#5183 = DIRECTION('',(0.,0.,-1.));
#5184 = ORIENTED_EDGE('',*,*,#5185,.F.);
#5185 = EDGE_CURVE('',#5154,#5178,#5186,.T.);
#5186 = LINE('',#5187,#5188);
#5187 = CARTESIAN_POINT('',(-3.334941671501,0.394459174289,
    5.509999999999));
#5188 = VECTOR('',#5189,1.);
#5189 = DIRECTION('',(-4.969000769761E-15,1.,0.));
#5190 = ORIENTED_EDGE('',*,*,#5153,.T.);
#5191 = PLANE('',#5192);
#5192 = AXIS2_PLACEMENT_3D('',#5193,#5194,#5195);
#5193 = CARTESIAN_POINT('',(-3.334941671501,0.394459174289,
    5.509999999999));
#5194 = DIRECTION('',(-1.,-4.969000769761E-15,0.));
#5195 = DIRECTION('',(4.969000769761E-15,-1.,0.));
#5196 = ADVANCED_FACE('',(#5197),#5215,.F.);
#5197 = FACE_BOUND('',#5198,.T.);
#5198 = EDGE_LOOP('',(#5199,#5200,#5208,#5214));
#5199 = ORIENTED_EDGE('',*,*,#1269,.T.);
#5200 = ORIENTED_EDGE('',*,*,#5201,.F.);
#5201 = EDGE_CURVE('',#5202,#1262,#5204,.T.);
#5202 = VERTEX_POINT('',#5203);
#5203 = CARTESIAN_POINT('',(-3.362890364291,0.394459174289,
    5.509999999999));
#5204 = LINE('',#5205,#5206);
#5205 = CARTESIAN_POINT('',(-3.362890364291,0.394459174289,
    5.509999999999));
#5206 = VECTOR('',#5207,1.);
#5207 = DIRECTION('',(0.,0.,-1.));
#5208 = ORIENTED_EDGE('',*,*,#5209,.F.);
#5209 = EDGE_CURVE('',#5178,#5202,#5210,.T.);
#5210 = LINE('',#5211,#5212);
#5211 = CARTESIAN_POINT('',(-3.362890364291,0.394459174289,
    5.509999999999));
#5212 = VECTOR('',#5213,1.);
#5213 = DIRECTION('',(-1.,0.,0.));
#5214 = ORIENTED_EDGE('',*,*,#5177,.T.);
#5215 = PLANE('',#5216);
#5216 = AXIS2_PLACEMENT_3D('',#5217,#5218,#5219);
#5217 = CARTESIAN_POINT('',(-3.362890364291,0.394459174289,
    5.509999999999));
#5218 = DIRECTION('',(0.,-1.,0.));
#5219 = DIRECTION('',(0.,0.,-1.));
#5220 = ADVANCED_FACE('',(#5221),#5239,.F.);
#5221 = FACE_BOUND('',#5222,.T.);
#5222 = EDGE_LOOP('',(#5223,#5224,#5232,#5238));
#5223 = ORIENTED_EDGE('',*,*,#1261,.T.);
#5224 = ORIENTED_EDGE('',*,*,#5225,.F.);
#5225 = EDGE_CURVE('',#5226,#1254,#5228,.T.);
#5226 = VERTEX_POINT('',#5227);
#5227 = CARTESIAN_POINT('',(-3.362890364291,0.307181894794,
    5.509999999999));
#5228 = LINE('',#5229,#5230);
#5229 = CARTESIAN_POINT('',(-3.362890364291,0.307181894794,
    5.509999999999));
#5230 = VECTOR('',#5231,1.);
#5231 = DIRECTION('',(0.,0.,-1.));
#5232 = ORIENTED_EDGE('',*,*,#5233,.F.);
#5233 = EDGE_CURVE('',#5202,#5226,#5234,.T.);
#5234 = LINE('',#5235,#5236);
#5235 = CARTESIAN_POINT('',(-3.362890364291,0.307181894794,
    5.509999999999));
#5236 = VECTOR('',#5237,1.);
#5237 = DIRECTION('',(0.,-1.,0.));
#5238 = ORIENTED_EDGE('',*,*,#5201,.T.);
#5239 = PLANE('',#5240);
#5240 = AXIS2_PLACEMENT_3D('',#5241,#5242,#5243);
#5241 = CARTESIAN_POINT('',(-3.362890364291,0.307181894794,
    5.509999999999));
#5242 = DIRECTION('',(1.,0.,0.));
#5243 = DIRECTION('',(0.,0.,-1.));
#5244 = ADVANCED_FACE('',(#5245),#5263,.F.);
#5245 = FACE_BOUND('',#5246,.T.);
#5246 = EDGE_LOOP('',(#5247,#5248,#5256,#5262));
#5247 = ORIENTED_EDGE('',*,*,#1253,.T.);
#5248 = ORIENTED_EDGE('',*,*,#5249,.F.);
#5249 = EDGE_CURVE('',#5250,#1246,#5252,.T.);
#5250 = VERTEX_POINT('',#5251);
#5251 = CARTESIAN_POINT('',(-3.440996978966,0.307181894794,
    5.509999999999));
#5252 = LINE('',#5253,#5254);
#5253 = CARTESIAN_POINT('',(-3.440996978966,0.307181894794,
    5.509999999999));
#5254 = VECTOR('',#5255,1.);
#5255 = DIRECTION('',(0.,0.,-1.));
#5256 = ORIENTED_EDGE('',*,*,#5257,.F.);
#5257 = EDGE_CURVE('',#5226,#5250,#5258,.T.);
#5258 = LINE('',#5259,#5260);
#5259 = CARTESIAN_POINT('',(-3.440996978966,0.307181894794,
    5.509999999999));
#5260 = VECTOR('',#5261,1.);
#5261 = DIRECTION('',(-1.,-2.776210893285E-15,0.));
#5262 = ORIENTED_EDGE('',*,*,#5225,.T.);
#5263 = PLANE('',#5264);
#5264 = AXIS2_PLACEMENT_3D('',#5265,#5266,#5267);
#5265 = CARTESIAN_POINT('',(-3.440996978966,0.307181894794,
    5.509999999999));
#5266 = DIRECTION('',(2.776210893285E-15,-1.,0.));
#5267 = DIRECTION('',(1.,2.776210893285E-15,0.));
#5268 = ADVANCED_FACE('',(#5269),#5287,.F.);
#5269 = FACE_BOUND('',#5270,.T.);
#5270 = EDGE_LOOP('',(#5271,#5272,#5280,#5286));
#5271 = ORIENTED_EDGE('',*,*,#1245,.T.);
#5272 = ORIENTED_EDGE('',*,*,#5273,.F.);
#5273 = EDGE_CURVE('',#5274,#1238,#5276,.T.);
#5274 = VERTEX_POINT('',#5275);
#5275 = CARTESIAN_POINT('',(-3.440996978966,0.401383962012,
    5.509999999999));
#5276 = LINE('',#5277,#5278);
#5277 = CARTESIAN_POINT('',(-3.440996978966,0.401383962012,
    5.509999999999));
#5278 = VECTOR('',#5279,1.);
#5279 = DIRECTION('',(0.,0.,-1.));
#5280 = ORIENTED_EDGE('',*,*,#5281,.F.);
#5281 = EDGE_CURVE('',#5250,#5274,#5282,.T.);
#5282 = LINE('',#5283,#5284);
#5283 = CARTESIAN_POINT('',(-3.440996978966,0.401383962012,
    5.509999999999));
#5284 = VECTOR('',#5285,1.);
#5285 = DIRECTION('',(-4.603729852226E-15,1.,0.));
#5286 = ORIENTED_EDGE('',*,*,#5249,.T.);
#5287 = PLANE('',#5288);
#5288 = AXIS2_PLACEMENT_3D('',#5289,#5290,#5291);
#5289 = CARTESIAN_POINT('',(-3.440996978966,0.401383962012,
    5.509999999999));
#5290 = DIRECTION('',(-1.,-4.603729852226E-15,0.));
#5291 = DIRECTION('',(4.603729852226E-15,-1.,0.));
#5292 = ADVANCED_FACE('',(#5293),#5311,.F.);
#5293 = FACE_BOUND('',#5294,.T.);
#5294 = EDGE_LOOP('',(#5295,#5296,#5304,#5310));
#5295 = ORIENTED_EDGE('',*,*,#1237,.T.);
#5296 = ORIENTED_EDGE('',*,*,#5297,.F.);
#5297 = EDGE_CURVE('',#5298,#1230,#5300,.T.);
#5298 = VERTEX_POINT('',#5299);
#5299 = CARTESIAN_POINT('',(-3.469070442706,0.401383962012,
    5.509999999999));
#5300 = LINE('',#5301,#5302);
#5301 = CARTESIAN_POINT('',(-3.469070442706,0.401383962012,
    5.509999999999));
#5302 = VECTOR('',#5303,1.);
#5303 = DIRECTION('',(0.,0.,-1.));
#5304 = ORIENTED_EDGE('',*,*,#5305,.F.);
#5305 = EDGE_CURVE('',#5274,#5298,#5306,.T.);
#5306 = LINE('',#5307,#5308);
#5307 = CARTESIAN_POINT('',(-3.469070442706,0.401383962012,
    5.509999999999));
#5308 = VECTOR('',#5309,1.);
#5309 = DIRECTION('',(-1.,0.,0.));
#5310 = ORIENTED_EDGE('',*,*,#5273,.T.);
#5311 = PLANE('',#5312);
#5312 = AXIS2_PLACEMENT_3D('',#5313,#5314,#5315);
#5313 = CARTESIAN_POINT('',(-3.469070442706,0.401383962012,
    5.509999999999));
#5314 = DIRECTION('',(0.,-1.,0.));
#5315 = DIRECTION('',(0.,0.,-1.));
#5316 = ADVANCED_FACE('',(#5317),#5335,.F.);
#5317 = FACE_BOUND('',#5318,.T.);
#5318 = EDGE_LOOP('',(#5319,#5320,#5328,#5334));
#5319 = ORIENTED_EDGE('',*,*,#1229,.T.);
#5320 = ORIENTED_EDGE('',*,*,#5321,.F.);
#5321 = EDGE_CURVE('',#5322,#1222,#5324,.T.);
#5322 = VERTEX_POINT('',#5323);
#5323 = CARTESIAN_POINT('',(-3.469070442706,0.275677229929,
    5.509999999999));
#5324 = LINE('',#5325,#5326);
#5325 = CARTESIAN_POINT('',(-3.469070442706,0.275677229929,
    5.509999999999));
#5326 = VECTOR('',#5327,1.);
#5327 = DIRECTION('',(0.,0.,-1.));
#5328 = ORIENTED_EDGE('',*,*,#5329,.F.);
#5329 = EDGE_CURVE('',#5298,#5322,#5330,.T.);
#5330 = LINE('',#5331,#5332);
#5331 = CARTESIAN_POINT('',(-3.469070442706,0.275677229929,
    5.509999999999));
#5332 = VECTOR('',#5333,1.);
#5333 = DIRECTION('',(3.449941477354E-15,-1.,0.));
#5334 = ORIENTED_EDGE('',*,*,#5297,.T.);
#5335 = PLANE('',#5336);
#5336 = AXIS2_PLACEMENT_3D('',#5337,#5338,#5339);
#5337 = CARTESIAN_POINT('',(-3.469070442706,0.275677229929,
    5.509999999999));
#5338 = DIRECTION('',(1.,3.449941477354E-15,0.));
#5339 = DIRECTION('',(-3.449941477354E-15,1.,0.));
#5340 = ADVANCED_FACE('',(#5341),#5359,.F.);
#5341 = FACE_BOUND('',#5342,.T.);
#5342 = EDGE_LOOP('',(#5343,#5344,#5352,#5358));
#5343 = ORIENTED_EDGE('',*,*,#1221,.T.);
#5344 = ORIENTED_EDGE('',*,*,#5345,.F.);
#5345 = EDGE_CURVE('',#5346,#1214,#5348,.T.);
#5346 = VERTEX_POINT('',#5347);
#5347 = CARTESIAN_POINT('',(-3.225018464589,0.275677229929,
    5.509999999999));
#5348 = LINE('',#5349,#5350);
#5349 = CARTESIAN_POINT('',(-3.225018464589,0.275677229929,
    5.509999999999));
#5350 = VECTOR('',#5351,1.);
#5351 = DIRECTION('',(0.,0.,-1.));
#5352 = ORIENTED_EDGE('',*,*,#5353,.F.);
#5353 = EDGE_CURVE('',#5322,#5346,#5354,.T.);
#5354 = LINE('',#5355,#5356);
#5355 = CARTESIAN_POINT('',(-3.225018464589,0.275677229929,
    5.509999999999));
#5356 = VECTOR('',#5357,1.);
#5357 = DIRECTION('',(1.,2.665503096958E-15,0.));
#5358 = ORIENTED_EDGE('',*,*,#5321,.T.);
#5359 = PLANE('',#5360);
#5360 = AXIS2_PLACEMENT_3D('',#5361,#5362,#5363);
#5361 = CARTESIAN_POINT('',(-3.225018464589,0.275677229929,
    5.509999999999));
#5362 = DIRECTION('',(-2.665503096958E-15,1.,0.));
#5363 = DIRECTION('',(-1.,-2.665503096958E-15,0.));
#5364 = ADVANCED_FACE('',(#5365),#5376,.F.);
#5365 = FACE_BOUND('',#5366,.T.);
#5366 = EDGE_LOOP('',(#5367,#5368,#5369,#5375));
#5367 = ORIENTED_EDGE('',*,*,#1213,.T.);
#5368 = ORIENTED_EDGE('',*,*,#5114,.F.);
#5369 = ORIENTED_EDGE('',*,*,#5370,.F.);
#5370 = EDGE_CURVE('',#5346,#5107,#5371,.T.);
#5371 = LINE('',#5372,#5373);
#5372 = CARTESIAN_POINT('',(-3.225018464589,0.406936269285,
    5.509999999999));
#5373 = VECTOR('',#5374,1.);
#5374 = DIRECTION('',(0.,1.,0.));
#5375 = ORIENTED_EDGE('',*,*,#5345,.T.);
#5376 = PLANE('',#5377);
#5377 = AXIS2_PLACEMENT_3D('',#5378,#5379,#5380);
#5378 = CARTESIAN_POINT('',(-3.225018464589,0.406936269285,
    5.509999999999));
#5379 = DIRECTION('',(-1.,0.,0.));
#5380 = DIRECTION('',(0.,0.,1.));
#5381 = ADVANCED_FACE('',(#5382),#5396,.F.);
#5382 = FACE_BOUND('',#5383,.T.);
#5383 = EDGE_LOOP('',(#5384,#5385,#5386,#5387,#5388,#5389,#5390,#5391,
    #5392,#5393,#5394,#5395));
#5384 = ORIENTED_EDGE('',*,*,#5106,.T.);
#5385 = ORIENTED_EDGE('',*,*,#5137,.T.);
#5386 = ORIENTED_EDGE('',*,*,#5161,.T.);
#5387 = ORIENTED_EDGE('',*,*,#5185,.T.);
#5388 = ORIENTED_EDGE('',*,*,#5209,.T.);
#5389 = ORIENTED_EDGE('',*,*,#5233,.T.);
#5390 = ORIENTED_EDGE('',*,*,#5257,.T.);
#5391 = ORIENTED_EDGE('',*,*,#5281,.T.);
#5392 = ORIENTED_EDGE('',*,*,#5305,.T.);
#5393 = ORIENTED_EDGE('',*,*,#5329,.T.);
#5394 = ORIENTED_EDGE('',*,*,#5353,.T.);
#5395 = ORIENTED_EDGE('',*,*,#5370,.T.);
#5396 = PLANE('',#5397);
#5397 = AXIS2_PLACEMENT_3D('',#5398,#5399,#5400);
#5398 = CARTESIAN_POINT('',(0.,0.,5.509999999999));
#5399 = DIRECTION('',(0.,0.,-1.));
#5400 = DIRECTION('',(-1.,0.,0.));
#5401 = ADVANCED_FACE('',(#5402,#5464),#5526,.T.);
#5402 = FACE_BOUND('',#5403,.T.);
#5403 = EDGE_LOOP('',(#5404,#5414,#5423,#5432,#5441,#5450,#5458));
#5404 = ORIENTED_EDGE('',*,*,#5405,.T.);
#5405 = EDGE_CURVE('',#5406,#5408,#5410,.T.);
#5406 = VERTEX_POINT('',#5407);
#5407 = CARTESIAN_POINT('',(-3.225018464589,0.453039135295,
    5.509999999999));
#5408 = VERTEX_POINT('',#5409);
#5409 = CARTESIAN_POINT('',(-3.225018464589,0.520165906372,
    5.509999999999));
#5410 = LINE('',#5411,#5412);
#5411 = CARTESIAN_POINT('',(-3.225018464589,0.520165906372,
    5.509999999999));
#5412 = VECTOR('',#5413,1.);
#5413 = DIRECTION('',(0.,1.,0.));
#5414 = ORIENTED_EDGE('',*,*,#5415,.T.);
#5415 = EDGE_CURVE('',#5408,#5416,#5418,.T.);
#5416 = VERTEX_POINT('',#5417);
#5417 = CARTESIAN_POINT('',(-3.259205704876,0.614929442865,
    5.509999999999));
#5418 = B_SPLINE_CURVE_WITH_KNOTS('',3,(#5419,#5420,#5421,#5422),
  .UNSPECIFIED.,.F.,.F.,(4,4),(5.,6.),.PIECEWISE_BEZIER_KNOTS.);
#5419 = CARTESIAN_POINT('',(-3.225018464589,0.520165906372,
    5.509999999999));
#5420 = CARTESIAN_POINT('',(-3.225018464589,0.558782515383,
    5.509999999999));
#5421 = CARTESIAN_POINT('',(-3.236372621035,0.590411951198,
    5.509999999999));
#5422 = CARTESIAN_POINT('',(-3.259205704876,0.614929442865,
    5.509999999999));
#5423 = ORIENTED_EDGE('',*,*,#5424,.T.);
#5424 = EDGE_CURVE('',#5416,#5425,#5427,.T.);
#5425 = VERTEX_POINT('',#5426);
#5426 = CARTESIAN_POINT('',(-3.350163727397,0.651736873103,
    5.509999999999));
#5427 = B_SPLINE_CURVE_WITH_KNOTS('',3,(#5428,#5429,#5430,#5431),
  .UNSPECIFIED.,.F.,.F.,(4,4),(4.,5.),.PIECEWISE_BEZIER_KNOTS.);
#5428 = CARTESIAN_POINT('',(-3.259205704876,0.614929442865,
    5.509999999999));
#5429 = CARTESIAN_POINT('',(-3.282038788719,0.639446934532,
    5.509999999999));
#5430 = CARTESIAN_POINT('',(-3.312358129559,0.651736873103,
    5.509999999999));
#5431 = CARTESIAN_POINT('',(-3.350163727397,0.651736873103,
    5.509999999999));
#5432 = ORIENTED_EDGE('',*,*,#5433,.T.);
#5433 = EDGE_CURVE('',#5425,#5434,#5436,.T.);
#5434 = VERTEX_POINT('',#5435);
#5435 = CARTESIAN_POINT('',(-3.436754766667,0.614929442865,
    5.509999999999));
#5436 = B_SPLINE_CURVE_WITH_KNOTS('',3,(#5437,#5438,#5439,#5440),
  .UNSPECIFIED.,.F.,.F.,(4,4),(3.,4.),.PIECEWISE_BEZIER_KNOTS.);
#5437 = CARTESIAN_POINT('',(-3.350163727397,0.651736873103,
    5.509999999999));
#5438 = CARTESIAN_POINT('',(-3.386347302883,0.651736873103,
    5.509999999999));
#5439 = CARTESIAN_POINT('',(-3.415169392324,0.639446934532,
    5.509999999999));
#5440 = CARTESIAN_POINT('',(-3.436754766667,0.614929442865,
    5.509999999999));
#5441 = ORIENTED_EDGE('',*,*,#5442,.T.);
#5442 = EDGE_CURVE('',#5434,#5443,#5445,.T.);
#5443 = VERTEX_POINT('',#5444);
#5444 = CARTESIAN_POINT('',(-3.469070442706,0.522661325372,
    5.509999999999));
#5445 = B_SPLINE_CURVE_WITH_KNOTS('',3,(#5446,#5447,#5448,#5449),
  .UNSPECIFIED.,.F.,.F.,(4,4),(2.,3.),.PIECEWISE_BEZIER_KNOTS.);
#5446 = CARTESIAN_POINT('',(-3.436754766667,0.614929442865,
    5.509999999999));
#5447 = CARTESIAN_POINT('',(-3.45834014101,0.590411951198,5.509999999999
    ));
#5448 = CARTESIAN_POINT('',(-3.469070442706,0.559655912034,
    5.509999999999));
#5449 = CARTESIAN_POINT('',(-3.469070442706,0.522661325372,
    5.509999999999));
#5450 = ORIENTED_EDGE('',*,*,#5451,.T.);
#5451 = EDGE_CURVE('',#5443,#5452,#5454,.T.);
#5452 = VERTEX_POINT('',#5453);
#5453 = CARTESIAN_POINT('',(-3.469070442706,0.453039135295,
    5.509999999999));
#5454 = LINE('',#5455,#5456);
#5455 = CARTESIAN_POINT('',(-3.469070442706,0.453039135295,
    5.509999999999));
#5456 = VECTOR('',#5457,1.);
#5457 = DIRECTION('',(0.,-1.,0.));
#5458 = ORIENTED_EDGE('',*,*,#5459,.T.);
#5459 = EDGE_CURVE('',#5452,#5406,#5460,.T.);
#5460 = LINE('',#5461,#5462);
#5461 = CARTESIAN_POINT('',(-3.225018464589,0.453039135295,
    5.509999999999));
#5462 = VECTOR('',#5463,1.);
#5463 = DIRECTION('',(1.,3.554004129277E-15,0.));
#5464 = FACE_BOUND('',#5465,.T.);
#5465 = EDGE_LOOP('',(#5466,#5476,#5484,#5493,#5502,#5511,#5520));
#5466 = ORIENTED_EDGE('',*,*,#5467,.F.);
#5467 = EDGE_CURVE('',#5468,#5470,#5472,.T.);
#5468 = VERTEX_POINT('',#5469);
#5469 = CARTESIAN_POINT('',(-3.440996978966,0.48454380016,5.509999999999
    ));
#5470 = VERTEX_POINT('',#5471);
#5471 = CARTESIAN_POINT('',(-3.252842386429,0.48454380016,5.509999999999
    ));
#5472 = LINE('',#5473,#5474);
#5473 = CARTESIAN_POINT('',(-3.440996978966,0.48454380016,5.509999999999
    ));
#5474 = VECTOR('',#5475,1.);
#5475 = DIRECTION('',(1.,4.609835594729E-15,0.));
#5476 = ORIENTED_EDGE('',*,*,#5477,.F.);
#5477 = EDGE_CURVE('',#5478,#5468,#5480,.T.);
#5478 = VERTEX_POINT('',#5479);
#5479 = CARTESIAN_POINT('',(-3.440996978966,0.52141361587,5.509999999999
    ));
#5480 = LINE('',#5481,#5482);
#5481 = CARTESIAN_POINT('',(-3.440996978966,0.52141361587,5.509999999999
    ));
#5482 = VECTOR('',#5483,1.);
#5483 = DIRECTION('',(0.,-1.,0.));
#5484 = ORIENTED_EDGE('',*,*,#5485,.F.);
#5485 = EDGE_CURVE('',#5486,#5478,#5488,.T.);
#5486 = VERTEX_POINT('',#5487);
#5487 = CARTESIAN_POINT('',(-3.418039124173,0.591846817123,
    5.509999999999));
#5488 = B_SPLINE_CURVE_WITH_KNOTS('',3,(#5489,#5490,#5491,#5492),
  .UNSPECIFIED.,.F.,.F.,(4,4),(5.,6.),.PIECEWISE_BEZIER_KNOTS.);
#5489 = CARTESIAN_POINT('',(-3.418039124173,0.591846817123,
    5.509999999999));
#5490 = CARTESIAN_POINT('',(-3.433385951019,0.574004571278,
    5.509999999999));
#5491 = CARTESIAN_POINT('',(-3.440996978966,0.550485247211,
    5.509999999999));
#5492 = CARTESIAN_POINT('',(-3.440996978966,0.52141361587,5.509999999999
    ));
#5493 = ORIENTED_EDGE('',*,*,#5494,.F.);
#5494 = EDGE_CURVE('',#5495,#5486,#5497,.T.);
#5495 = VERTEX_POINT('',#5496);
#5496 = CARTESIAN_POINT('',(-3.349290330747,0.61861018589,5.509999999999
    ));
#5497 = B_SPLINE_CURVE_WITH_KNOTS('',3,(#5498,#5499,#5500,#5501),
  .UNSPECIFIED.,.F.,.F.,(4,4),(4.,5.),.PIECEWISE_BEZIER_KNOTS.);
#5498 = CARTESIAN_POINT('',(-3.349290330747,0.61861018589,5.509999999999
    ));
#5499 = CARTESIAN_POINT('',(-3.379734442537,0.61861018589,5.509999999999
    ));
#5500 = CARTESIAN_POINT('',(-3.402692297329,0.609689062966,
    5.509999999999));
#5501 = CARTESIAN_POINT('',(-3.418039124173,0.591846817123,
    5.509999999999));
#5502 = ORIENTED_EDGE('',*,*,#5503,.F.);
#5503 = EDGE_CURVE('',#5504,#5495,#5506,.T.);
#5504 = VERTEX_POINT('',#5505);
#5505 = CARTESIAN_POINT('',(-3.27829566022,0.592533057349,5.509999999999
    ));
#5506 = B_SPLINE_CURVE_WITH_KNOTS('',3,(#5507,#5508,#5509,#5510),
  .UNSPECIFIED.,.F.,.F.,(4,4),(3.,4.),.PIECEWISE_BEZIER_KNOTS.);
#5507 = CARTESIAN_POINT('',(-3.27829566022,0.592533057349,5.509999999999
    ));
#5508 = CARTESIAN_POINT('',(-3.295139738465,0.609938604868,
    5.509999999999));
#5509 = CARTESIAN_POINT('',(-3.318846218957,0.61861018589,5.509999999999
    ));
#5510 = CARTESIAN_POINT('',(-3.349290330747,0.61861018589,5.509999999999
    ));
#5511 = ORIENTED_EDGE('',*,*,#5512,.F.);
#5512 = EDGE_CURVE('',#5513,#5504,#5515,.T.);
#5513 = VERTEX_POINT('',#5514);
#5514 = CARTESIAN_POINT('',(-3.252842386429,0.519978749947,
    5.509999999999));
#5515 = B_SPLINE_CURVE_WITH_KNOTS('',3,(#5516,#5517,#5518,#5519),
  .UNSPECIFIED.,.F.,.F.,(4,4),(2.,3.),.PIECEWISE_BEZIER_KNOTS.);
#5516 = CARTESIAN_POINT('',(-3.252842386429,0.519978749947,
    5.509999999999));
#5517 = CARTESIAN_POINT('',(-3.252842386429,0.550984331012,
    5.509999999999));
#5518 = CARTESIAN_POINT('',(-3.261326811027,0.575189895304,
    5.509999999999));
#5519 = CARTESIAN_POINT('',(-3.27829566022,0.592533057349,5.509999999999
    ));
#5520 = ORIENTED_EDGE('',*,*,#5521,.F.);
#5521 = EDGE_CURVE('',#5470,#5513,#5522,.T.);
#5522 = LINE('',#5523,#5524);
#5523 = CARTESIAN_POINT('',(-3.252842386429,0.48454380016,5.509999999999
    ));
#5524 = VECTOR('',#5525,1.);
#5525 = DIRECTION('',(-1.223878886786E-14,1.,0.));
#5526 = PLANE('',#5527);
#5527 = AXIS2_PLACEMENT_3D('',#5528,#5529,#5530);
#5528 = CARTESIAN_POINT('',(-3.461007120065,0.573474294742,
    5.509999999999));
#5529 = DIRECTION('',(0.,0.,1.));
#5530 = DIRECTION('',(1.,0.,-0.));
#5531 = ADVANCED_FACE('',(#5532),#5548,.F.);
#5532 = FACE_BOUND('',#5533,.T.);
#5533 = EDGE_LOOP('',(#5534,#5535,#5541,#5542));
#5534 = ORIENTED_EDGE('',*,*,#938,.T.);
#5535 = ORIENTED_EDGE('',*,*,#5536,.F.);
#5536 = EDGE_CURVE('',#5408,#928,#5537,.T.);
#5537 = LINE('',#5538,#5539);
#5538 = CARTESIAN_POINT('',(-3.225018464589,0.520165906372,
    5.509999999999));
#5539 = VECTOR('',#5540,1.);
#5540 = DIRECTION('',(0.,0.,-1.));
#5541 = ORIENTED_EDGE('',*,*,#5405,.F.);
#5542 = ORIENTED_EDGE('',*,*,#5543,.T.);
#5543 = EDGE_CURVE('',#5406,#939,#5544,.T.);
#5544 = LINE('',#5545,#5546);
#5545 = CARTESIAN_POINT('',(-3.225018464589,0.453039135295,
    5.509999999999));
#5546 = VECTOR('',#5547,1.);
#5547 = DIRECTION('',(0.,0.,-1.));
#5548 = PLANE('',#5549);
#5549 = AXIS2_PLACEMENT_3D('',#5550,#5551,#5552);
#5550 = CARTESIAN_POINT('',(-3.225018464589,0.520165906372,
    5.509999999999));
#5551 = DIRECTION('',(-1.,0.,0.));
#5552 = DIRECTION('',(0.,0.,1.));
#5553 = ADVANCED_FACE('',(#5554),#5565,.F.);
#5554 = FACE_BOUND('',#5555,.F.);
#5555 = EDGE_LOOP('',(#5556,#5557,#5558,#5564));
#5556 = ORIENTED_EDGE('',*,*,#5536,.F.);
#5557 = ORIENTED_EDGE('',*,*,#5415,.T.);
#5558 = ORIENTED_EDGE('',*,*,#5559,.T.);
#5559 = EDGE_CURVE('',#5416,#930,#5560,.T.);
#5560 = LINE('',#5561,#5562);
#5561 = CARTESIAN_POINT('',(-3.259205704876,0.614929442865,
    5.509999999999));
#5562 = VECTOR('',#5563,1.);
#5563 = DIRECTION('',(0.,0.,-1.));
#5564 = ORIENTED_EDGE('',*,*,#927,.F.);
#5565 = B_SPLINE_SURFACE_WITH_KNOTS('',3,1,(
    (#5566,#5567)
    ,(#5568,#5569)
    ,(#5570,#5571)
    ,(#5572,#5573
    )),.UNSPECIFIED.,.F.,.F.,.F.,(4,4),(2,2),(5.,6.),(0.,1.),
  .PIECEWISE_BEZIER_KNOTS.);
#5566 = CARTESIAN_POINT('',(-3.225018464589,0.520165906372,
    5.509999999999));
#5567 = CARTESIAN_POINT('',(-3.225018464589,0.520165906372,
    5.499999999999));
#5568 = CARTESIAN_POINT('',(-3.225018464589,0.558782515383,
    5.509999999999));
#5569 = CARTESIAN_POINT('',(-3.225018464589,0.558782515383,
    5.499999999999));
#5570 = CARTESIAN_POINT('',(-3.236372621035,0.590411951198,
    5.509999999999));
#5571 = CARTESIAN_POINT('',(-3.236372621035,0.590411951198,
    5.499999999999));
#5572 = CARTESIAN_POINT('',(-3.259205704876,0.614929442865,
    5.509999999999));
#5573 = CARTESIAN_POINT('',(-3.259205704876,0.614929442865,
    5.499999999999));
#5574 = ADVANCED_FACE('',(#5575),#5586,.F.);
#5575 = FACE_BOUND('',#5576,.F.);
#5576 = EDGE_LOOP('',(#5577,#5578,#5579,#5585));
#5577 = ORIENTED_EDGE('',*,*,#5559,.F.);
#5578 = ORIENTED_EDGE('',*,*,#5424,.T.);
#5579 = ORIENTED_EDGE('',*,*,#5580,.T.);
#5580 = EDGE_CURVE('',#5425,#972,#5581,.T.);
#5581 = LINE('',#5582,#5583);
#5582 = CARTESIAN_POINT('',(-3.350163727397,0.651736873103,
    5.509999999999));
#5583 = VECTOR('',#5584,1.);
#5584 = DIRECTION('',(0.,0.,-1.));
#5585 = ORIENTED_EDGE('',*,*,#980,.F.);
#5586 = B_SPLINE_SURFACE_WITH_KNOTS('',3,1,(
    (#5587,#5588)
    ,(#5589,#5590)
    ,(#5591,#5592)
    ,(#5593,#5594
    )),.UNSPECIFIED.,.F.,.F.,.F.,(4,4),(2,2),(4.,5.),(0.,1.),
  .PIECEWISE_BEZIER_KNOTS.);
#5587 = CARTESIAN_POINT('',(-3.259205704876,0.614929442865,
    5.509999999999));
#5588 = CARTESIAN_POINT('',(-3.259205704876,0.614929442865,
    5.499999999999));
#5589 = CARTESIAN_POINT('',(-3.282038788719,0.639446934532,
    5.509999999999));
#5590 = CARTESIAN_POINT('',(-3.282038788719,0.639446934532,
    5.499999999999));
#5591 = CARTESIAN_POINT('',(-3.312358129559,0.651736873103,
    5.509999999999));
#5592 = CARTESIAN_POINT('',(-3.312358129559,0.651736873103,
    5.499999999999));
#5593 = CARTESIAN_POINT('',(-3.350163727397,0.651736873103,
    5.509999999999));
#5594 = CARTESIAN_POINT('',(-3.350163727397,0.651736873103,
    5.499999999999));
#5595 = ADVANCED_FACE('',(#5596),#5607,.F.);
#5596 = FACE_BOUND('',#5597,.F.);
#5597 = EDGE_LOOP('',(#5598,#5599,#5600,#5606));
#5598 = ORIENTED_EDGE('',*,*,#5580,.F.);
#5599 = ORIENTED_EDGE('',*,*,#5433,.T.);
#5600 = ORIENTED_EDGE('',*,*,#5601,.T.);
#5601 = EDGE_CURVE('',#5434,#963,#5602,.T.);
#5602 = LINE('',#5603,#5604);
#5603 = CARTESIAN_POINT('',(-3.436754766667,0.614929442865,
    5.509999999999));
#5604 = VECTOR('',#5605,1.);
#5605 = DIRECTION('',(0.,0.,-1.));
#5606 = ORIENTED_EDGE('',*,*,#971,.F.);
#5607 = B_SPLINE_SURFACE_WITH_KNOTS('',3,1,(
    (#5608,#5609)
    ,(#5610,#5611)
    ,(#5612,#5613)
    ,(#5614,#5615
    )),.UNSPECIFIED.,.F.,.F.,.F.,(4,4),(2,2),(3.,4.),(0.,1.),
  .PIECEWISE_BEZIER_KNOTS.);
#5608 = CARTESIAN_POINT('',(-3.350163727397,0.651736873103,
    5.509999999999));
#5609 = CARTESIAN_POINT('',(-3.350163727397,0.651736873103,
    5.499999999999));
#5610 = CARTESIAN_POINT('',(-3.386347302883,0.651736873103,
    5.509999999999));
#5611 = CARTESIAN_POINT('',(-3.386347302883,0.651736873103,
    5.499999999999));
#5612 = CARTESIAN_POINT('',(-3.415169392324,0.639446934532,
    5.509999999999));
#5613 = CARTESIAN_POINT('',(-3.415169392324,0.639446934532,
    5.499999999999));
#5614 = CARTESIAN_POINT('',(-3.436754766667,0.614929442865,
    5.509999999999));
#5615 = CARTESIAN_POINT('',(-3.436754766667,0.614929442865,
    5.499999999999));
#5616 = ADVANCED_FACE('',(#5617),#5628,.F.);
#5617 = FACE_BOUND('',#5618,.F.);
#5618 = EDGE_LOOP('',(#5619,#5620,#5621,#5627));
#5619 = ORIENTED_EDGE('',*,*,#5601,.F.);
#5620 = ORIENTED_EDGE('',*,*,#5442,.T.);
#5621 = ORIENTED_EDGE('',*,*,#5622,.T.);
#5622 = EDGE_CURVE('',#5443,#955,#5623,.T.);
#5623 = LINE('',#5624,#5625);
#5624 = CARTESIAN_POINT('',(-3.469070442706,0.522661325372,
    5.509999999999));
#5625 = VECTOR('',#5626,1.);
#5626 = DIRECTION('',(0.,0.,-1.));
#5627 = ORIENTED_EDGE('',*,*,#962,.F.);
#5628 = B_SPLINE_SURFACE_WITH_KNOTS('',3,1,(
    (#5629,#5630)
    ,(#5631,#5632)
    ,(#5633,#5634)
    ,(#5635,#5636
    )),.UNSPECIFIED.,.F.,.F.,.F.,(4,4),(2,2),(2.,3.),(0.,1.),
  .PIECEWISE_BEZIER_KNOTS.);
#5629 = CARTESIAN_POINT('',(-3.436754766667,0.614929442865,
    5.509999999999));
#5630 = CARTESIAN_POINT('',(-3.436754766667,0.614929442865,
    5.499999999999));
#5631 = CARTESIAN_POINT('',(-3.45834014101,0.590411951198,5.509999999999
    ));
#5632 = CARTESIAN_POINT('',(-3.45834014101,0.590411951198,5.499999999999
    ));
#5633 = CARTESIAN_POINT('',(-3.469070442706,0.559655912034,
    5.509999999999));
#5634 = CARTESIAN_POINT('',(-3.469070442706,0.559655912034,
    5.499999999999));
#5635 = CARTESIAN_POINT('',(-3.469070442706,0.522661325372,
    5.509999999999));
#5636 = CARTESIAN_POINT('',(-3.469070442706,0.522661325372,
    5.499999999999));
#5637 = ADVANCED_FACE('',(#5638),#5649,.F.);
#5638 = FACE_BOUND('',#5639,.T.);
#5639 = EDGE_LOOP('',(#5640,#5641,#5647,#5648));
#5640 = ORIENTED_EDGE('',*,*,#954,.T.);
#5641 = ORIENTED_EDGE('',*,*,#5642,.F.);
#5642 = EDGE_CURVE('',#5452,#947,#5643,.T.);
#5643 = LINE('',#5644,#5645);
#5644 = CARTESIAN_POINT('',(-3.469070442706,0.453039135295,
    5.509999999999));
#5645 = VECTOR('',#5646,1.);
#5646 = DIRECTION('',(0.,0.,-1.));
#5647 = ORIENTED_EDGE('',*,*,#5451,.F.);
#5648 = ORIENTED_EDGE('',*,*,#5622,.T.);
#5649 = PLANE('',#5650);
#5650 = AXIS2_PLACEMENT_3D('',#5651,#5652,#5653);
#5651 = CARTESIAN_POINT('',(-3.469070442706,0.453039135295,
    5.509999999999));
#5652 = DIRECTION('',(1.,0.,0.));
#5653 = DIRECTION('',(0.,0.,-1.));
#5654 = ADVANCED_FACE('',(#5655),#5661,.F.);
#5655 = FACE_BOUND('',#5656,.T.);
#5656 = EDGE_LOOP('',(#5657,#5658,#5659,#5660));
#5657 = ORIENTED_EDGE('',*,*,#946,.T.);
#5658 = ORIENTED_EDGE('',*,*,#5543,.F.);
#5659 = ORIENTED_EDGE('',*,*,#5459,.F.);
#5660 = ORIENTED_EDGE('',*,*,#5642,.T.);
#5661 = PLANE('',#5662);
#5662 = AXIS2_PLACEMENT_3D('',#5663,#5664,#5665);
#5663 = CARTESIAN_POINT('',(-3.225018464589,0.453039135295,
    5.509999999999));
#5664 = DIRECTION('',(-3.554004129277E-15,1.,0.));
#5665 = DIRECTION('',(-1.,-3.554004129277E-15,0.));
#5666 = ADVANCED_FACE('',(#5667),#5692,.T.);
#5667 = FACE_BOUND('',#5668,.T.);
#5668 = EDGE_LOOP('',(#5669,#5679,#5685,#5686));
#5669 = ORIENTED_EDGE('',*,*,#5670,.F.);
#5670 = EDGE_CURVE('',#5671,#5673,#5675,.T.);
#5671 = VERTEX_POINT('',#5672);
#5672 = CARTESIAN_POINT('',(-3.440996978966,0.52141361587,5.5));
#5673 = VERTEX_POINT('',#5674);
#5674 = CARTESIAN_POINT('',(-3.440996978966,0.48454380016,5.5));
#5675 = LINE('',#5676,#5677);
#5676 = CARTESIAN_POINT('',(-3.440996978966,0.52141361587,5.5));
#5677 = VECTOR('',#5678,1.);
#5678 = DIRECTION('',(0.,-1.,0.));
#5679 = ORIENTED_EDGE('',*,*,#5680,.F.);
#5680 = EDGE_CURVE('',#5478,#5671,#5681,.T.);
#5681 = LINE('',#5682,#5683);
#5682 = CARTESIAN_POINT('',(-3.440996978966,0.52141361587,5.509999999999
    ));
#5683 = VECTOR('',#5684,1.);
#5684 = DIRECTION('',(0.,0.,-1.));
#5685 = ORIENTED_EDGE('',*,*,#5477,.T.);
#5686 = ORIENTED_EDGE('',*,*,#5687,.T.);
#5687 = EDGE_CURVE('',#5468,#5673,#5688,.T.);
#5688 = LINE('',#5689,#5690);
#5689 = CARTESIAN_POINT('',(-3.440996978966,0.48454380016,5.509999999999
    ));
#5690 = VECTOR('',#5691,1.);
#5691 = DIRECTION('',(0.,0.,-1.));
#5692 = PLANE('',#5693);
#5693 = AXIS2_PLACEMENT_3D('',#5694,#5695,#5696);
#5694 = CARTESIAN_POINT('',(-3.440996978966,0.52141361587,5.509999999999
    ));
#5695 = DIRECTION('',(1.,0.,0.));
#5696 = DIRECTION('',(0.,0.,-1.));
#5697 = ADVANCED_FACE('',(#5698),#5716,.T.);
#5698 = FACE_BOUND('',#5699,.T.);
#5699 = EDGE_LOOP('',(#5700,#5708,#5709,#5710));
#5700 = ORIENTED_EDGE('',*,*,#5701,.F.);
#5701 = EDGE_CURVE('',#5673,#5702,#5704,.T.);
#5702 = VERTEX_POINT('',#5703);
#5703 = CARTESIAN_POINT('',(-3.252842386429,0.48454380016,5.5));
#5704 = LINE('',#5705,#5706);
#5705 = CARTESIAN_POINT('',(-3.440996978966,0.48454380016,5.5));
#5706 = VECTOR('',#5707,1.);
#5707 = DIRECTION('',(1.,4.609835594729E-15,0.));
#5708 = ORIENTED_EDGE('',*,*,#5687,.F.);
#5709 = ORIENTED_EDGE('',*,*,#5467,.T.);
#5710 = ORIENTED_EDGE('',*,*,#5711,.T.);
#5711 = EDGE_CURVE('',#5470,#5702,#5712,.T.);
#5712 = LINE('',#5713,#5714);
#5713 = CARTESIAN_POINT('',(-3.252842386429,0.48454380016,5.509999999999
    ));
#5714 = VECTOR('',#5715,1.);
#5715 = DIRECTION('',(0.,0.,-1.));
#5716 = PLANE('',#5717);
#5717 = AXIS2_PLACEMENT_3D('',#5718,#5719,#5720);
#5718 = CARTESIAN_POINT('',(-3.440996978966,0.48454380016,5.509999999999
    ));
#5719 = DIRECTION('',(-4.609835594729E-15,1.,0.));
#5720 = DIRECTION('',(-1.,-4.609835594729E-15,0.));
#5721 = ADVANCED_FACE('',(#5722),#5740,.T.);
#5722 = FACE_BOUND('',#5723,.T.);
#5723 = EDGE_LOOP('',(#5724,#5732,#5733,#5734));
#5724 = ORIENTED_EDGE('',*,*,#5725,.F.);
#5725 = EDGE_CURVE('',#5702,#5726,#5728,.T.);
#5726 = VERTEX_POINT('',#5727);
#5727 = CARTESIAN_POINT('',(-3.252842386429,0.519978749947,5.5));
#5728 = LINE('',#5729,#5730);
#5729 = CARTESIAN_POINT('',(-3.252842386429,0.48454380016,5.5));
#5730 = VECTOR('',#5731,1.);
#5731 = DIRECTION('',(-1.223878886786E-14,1.,0.));
#5732 = ORIENTED_EDGE('',*,*,#5711,.F.);
#5733 = ORIENTED_EDGE('',*,*,#5521,.T.);
#5734 = ORIENTED_EDGE('',*,*,#5735,.T.);
#5735 = EDGE_CURVE('',#5513,#5726,#5736,.T.);
#5736 = LINE('',#5737,#5738);
#5737 = CARTESIAN_POINT('',(-3.252842386429,0.519978749947,
    5.509999999999));
#5738 = VECTOR('',#5739,1.);
#5739 = DIRECTION('',(0.,0.,-1.));
#5740 = PLANE('',#5741);
#5741 = AXIS2_PLACEMENT_3D('',#5742,#5743,#5744);
#5742 = CARTESIAN_POINT('',(-3.252842386429,0.48454380016,5.509999999999
    ));
#5743 = DIRECTION('',(-1.,-1.223878886786E-14,0.));
#5744 = DIRECTION('',(1.223878886786E-14,-1.,0.));
#5745 = ADVANCED_FACE('',(#5746),#5765,.T.);
#5746 = FACE_BOUND('',#5747,.T.);
#5747 = EDGE_LOOP('',(#5748,#5757,#5758,#5759));
#5748 = ORIENTED_EDGE('',*,*,#5749,.F.);
#5749 = EDGE_CURVE('',#5726,#5750,#5752,.T.);
#5750 = VERTEX_POINT('',#5751);
#5751 = CARTESIAN_POINT('',(-3.27829566022,0.592533057349,5.5));
#5752 = B_SPLINE_CURVE_WITH_KNOTS('',3,(#5753,#5754,#5755,#5756),
  .UNSPECIFIED.,.F.,.F.,(4,4),(2.,3.),.PIECEWISE_BEZIER_KNOTS.);
#5753 = CARTESIAN_POINT('',(-3.252842386429,0.519978749947,5.5));
#5754 = CARTESIAN_POINT('',(-3.252842386429,0.550984331012,
    5.499999999999));
#5755 = CARTESIAN_POINT('',(-3.261326811027,0.575189895304,
    5.499999999999));
#5756 = CARTESIAN_POINT('',(-3.27829566022,0.592533057349,5.5));
#5757 = ORIENTED_EDGE('',*,*,#5735,.F.);
#5758 = ORIENTED_EDGE('',*,*,#5512,.T.);
#5759 = ORIENTED_EDGE('',*,*,#5760,.T.);
#5760 = EDGE_CURVE('',#5504,#5750,#5761,.T.);
#5761 = LINE('',#5762,#5763);
#5762 = CARTESIAN_POINT('',(-3.27829566022,0.592533057349,5.509999999999
    ));
#5763 = VECTOR('',#5764,1.);
#5764 = DIRECTION('',(0.,0.,-1.));
#5765 = B_SPLINE_SURFACE_WITH_KNOTS('',3,1,(
    (#5766,#5767)
    ,(#5768,#5769)
    ,(#5770,#5771)
    ,(#5772,#5773
    )),.UNSPECIFIED.,.F.,.F.,.F.,(4,4),(2,2),(2.,3.),(0.,1.),
  .PIECEWISE_BEZIER_KNOTS.);
#5766 = CARTESIAN_POINT('',(-3.252842386429,0.519978749947,
    5.509999999999));
#5767 = CARTESIAN_POINT('',(-3.252842386429,0.519978749947,5.5));
#5768 = CARTESIAN_POINT('',(-3.252842386429,0.550984331012,
    5.509999999999));
#5769 = CARTESIAN_POINT('',(-3.252842386429,0.550984331012,5.5));
#5770 = CARTESIAN_POINT('',(-3.261326811027,0.575189895304,
    5.509999999999));
#5771 = CARTESIAN_POINT('',(-3.261326811027,0.575189895304,5.5));
#5772 = CARTESIAN_POINT('',(-3.27829566022,0.592533057349,5.509999999999
    ));
#5773 = CARTESIAN_POINT('',(-3.27829566022,0.592533057349,5.5));
#5774 = ADVANCED_FACE('',(#5775),#5794,.T.);
#5775 = FACE_BOUND('',#5776,.T.);
#5776 = EDGE_LOOP('',(#5777,#5786,#5787,#5788));
#5777 = ORIENTED_EDGE('',*,*,#5778,.F.);
#5778 = EDGE_CURVE('',#5750,#5779,#5781,.T.);
#5779 = VERTEX_POINT('',#5780);
#5780 = CARTESIAN_POINT('',(-3.349290330747,0.61861018589,5.5));
#5781 = B_SPLINE_CURVE_WITH_KNOTS('',3,(#5782,#5783,#5784,#5785),
  .UNSPECIFIED.,.F.,.F.,(4,4),(3.,4.),.PIECEWISE_BEZIER_KNOTS.);
#5782 = CARTESIAN_POINT('',(-3.27829566022,0.592533057349,5.5));
#5783 = CARTESIAN_POINT('',(-3.295139738465,0.609938604868,
    5.499999999999));
#5784 = CARTESIAN_POINT('',(-3.318846218957,0.61861018589,5.499999999999
    ));
#5785 = CARTESIAN_POINT('',(-3.349290330747,0.61861018589,5.5));
#5786 = ORIENTED_EDGE('',*,*,#5760,.F.);
#5787 = ORIENTED_EDGE('',*,*,#5503,.T.);
#5788 = ORIENTED_EDGE('',*,*,#5789,.T.);
#5789 = EDGE_CURVE('',#5495,#5779,#5790,.T.);
#5790 = LINE('',#5791,#5792);
#5791 = CARTESIAN_POINT('',(-3.349290330747,0.61861018589,5.509999999999
    ));
#5792 = VECTOR('',#5793,1.);
#5793 = DIRECTION('',(0.,0.,-1.));
#5794 = B_SPLINE_SURFACE_WITH_KNOTS('',3,1,(
    (#5795,#5796)
    ,(#5797,#5798)
    ,(#5799,#5800)
    ,(#5801,#5802
    )),.UNSPECIFIED.,.F.,.F.,.F.,(4,4),(2,2),(3.,4.),(0.,1.),
  .PIECEWISE_BEZIER_KNOTS.);
#5795 = CARTESIAN_POINT('',(-3.27829566022,0.592533057349,5.509999999999
    ));
#5796 = CARTESIAN_POINT('',(-3.27829566022,0.592533057349,5.5));
#5797 = CARTESIAN_POINT('',(-3.295139738465,0.609938604868,
    5.509999999999));
#5798 = CARTESIAN_POINT('',(-3.295139738465,0.609938604868,5.5));
#5799 = CARTESIAN_POINT('',(-3.318846218957,0.61861018589,5.509999999999
    ));
#5800 = CARTESIAN_POINT('',(-3.318846218957,0.61861018589,5.5));
#5801 = CARTESIAN_POINT('',(-3.349290330747,0.61861018589,5.509999999999
    ));
#5802 = CARTESIAN_POINT('',(-3.349290330747,0.61861018589,5.5));
#5803 = ADVANCED_FACE('',(#5804),#5823,.T.);
#5804 = FACE_BOUND('',#5805,.T.);
#5805 = EDGE_LOOP('',(#5806,#5815,#5816,#5817));
#5806 = ORIENTED_EDGE('',*,*,#5807,.F.);
#5807 = EDGE_CURVE('',#5779,#5808,#5810,.T.);
#5808 = VERTEX_POINT('',#5809);
#5809 = CARTESIAN_POINT('',(-3.418039124173,0.591846817123,
    5.499999999999));
#5810 = B_SPLINE_CURVE_WITH_KNOTS('',3,(#5811,#5812,#5813,#5814),
  .UNSPECIFIED.,.F.,.F.,(4,4),(4.,5.),.PIECEWISE_BEZIER_KNOTS.);
#5811 = CARTESIAN_POINT('',(-3.349290330747,0.61861018589,5.5));
#5812 = CARTESIAN_POINT('',(-3.379734442537,0.61861018589,5.499999999999
    ));
#5813 = CARTESIAN_POINT('',(-3.402692297329,0.609689062966,
    5.499999999999));
#5814 = CARTESIAN_POINT('',(-3.418039124173,0.591846817123,
    5.499999999999));
#5815 = ORIENTED_EDGE('',*,*,#5789,.F.);
#5816 = ORIENTED_EDGE('',*,*,#5494,.T.);
#5817 = ORIENTED_EDGE('',*,*,#5818,.T.);
#5818 = EDGE_CURVE('',#5486,#5808,#5819,.T.);
#5819 = LINE('',#5820,#5821);
#5820 = CARTESIAN_POINT('',(-3.418039124173,0.591846817123,
    5.509999999999));
#5821 = VECTOR('',#5822,1.);
#5822 = DIRECTION('',(0.,0.,-1.));
#5823 = B_SPLINE_SURFACE_WITH_KNOTS('',3,1,(
    (#5824,#5825)
    ,(#5826,#5827)
    ,(#5828,#5829)
    ,(#5830,#5831
    )),.UNSPECIFIED.,.F.,.F.,.F.,(4,4),(2,2),(4.,5.),(0.,1.),
  .PIECEWISE_BEZIER_KNOTS.);
#5824 = CARTESIAN_POINT('',(-3.349290330747,0.61861018589,5.509999999999
    ));
#5825 = CARTESIAN_POINT('',(-3.349290330747,0.61861018589,5.499999999999
    ));
#5826 = CARTESIAN_POINT('',(-3.379734442537,0.61861018589,5.509999999999
    ));
#5827 = CARTESIAN_POINT('',(-3.379734442537,0.61861018589,5.499999999999
    ));
#5828 = CARTESIAN_POINT('',(-3.402692297329,0.609689062966,
    5.509999999999));
#5829 = CARTESIAN_POINT('',(-3.402692297329,0.609689062966,
    5.499999999999));
#5830 = CARTESIAN_POINT('',(-3.418039124173,0.591846817123,
    5.509999999999));
#5831 = CARTESIAN_POINT('',(-3.418039124173,0.591846817123,
    5.499999999999));
#5832 = ADVANCED_FACE('',(#5833),#5845,.T.);
#5833 = FACE_BOUND('',#5834,.T.);
#5834 = EDGE_LOOP('',(#5835,#5842,#5843,#5844));
#5835 = ORIENTED_EDGE('',*,*,#5836,.F.);
#5836 = EDGE_CURVE('',#5808,#5671,#5837,.T.);
#5837 = B_SPLINE_CURVE_WITH_KNOTS('',3,(#5838,#5839,#5840,#5841),
  .UNSPECIFIED.,.F.,.F.,(4,4),(5.,6.),.PIECEWISE_BEZIER_KNOTS.);
#5838 = CARTESIAN_POINT('',(-3.418039124173,0.591846817123,
    5.499999999999));
#5839 = CARTESIAN_POINT('',(-3.433385951019,0.574004571278,
    5.499999999999));
#5840 = CARTESIAN_POINT('',(-3.440996978966,0.550485247211,
    5.499999999999));
#5841 = CARTESIAN_POINT('',(-3.440996978966,0.52141361587,5.5));
#5842 = ORIENTED_EDGE('',*,*,#5818,.F.);
#5843 = ORIENTED_EDGE('',*,*,#5485,.T.);
#5844 = ORIENTED_EDGE('',*,*,#5680,.T.);
#5845 = B_SPLINE_SURFACE_WITH_KNOTS('',3,1,(
    (#5846,#5847)
    ,(#5848,#5849)
    ,(#5850,#5851)
    ,(#5852,#5853
    )),.UNSPECIFIED.,.F.,.F.,.F.,(4,4),(2,2),(5.,6.),(0.,1.),
  .PIECEWISE_BEZIER_KNOTS.);
#5846 = CARTESIAN_POINT('',(-3.418039124173,0.591846817123,
    5.509999999999));
#5847 = CARTESIAN_POINT('',(-3.418039124173,0.591846817123,
    5.499999999999));
#5848 = CARTESIAN_POINT('',(-3.433385951019,0.574004571278,
    5.509999999999));
#5849 = CARTESIAN_POINT('',(-3.433385951019,0.574004571278,
    5.499999999999));
#5850 = CARTESIAN_POINT('',(-3.440996978966,0.550485247211,
    5.509999999999));
#5851 = CARTESIAN_POINT('',(-3.440996978966,0.550485247211,
    5.499999999999));
#5852 = CARTESIAN_POINT('',(-3.440996978966,0.52141361587,5.509999999999
    ));
#5853 = CARTESIAN_POINT('',(-3.440996978966,0.52141361587,5.499999999999
    ));
#5854 = ADVANCED_FACE('',(#5855),#5864,.T.);
#5855 = FACE_BOUND('',#5856,.T.);
#5856 = EDGE_LOOP('',(#5857,#5858,#5859,#5860,#5861,#5862,#5863));
#5857 = ORIENTED_EDGE('',*,*,#5670,.T.);
#5858 = ORIENTED_EDGE('',*,*,#5701,.T.);
#5859 = ORIENTED_EDGE('',*,*,#5725,.T.);
#5860 = ORIENTED_EDGE('',*,*,#5749,.T.);
#5861 = ORIENTED_EDGE('',*,*,#5778,.T.);
#5862 = ORIENTED_EDGE('',*,*,#5807,.T.);
#5863 = ORIENTED_EDGE('',*,*,#5836,.T.);
#5864 = PLANE('',#5865);
#5865 = AXIS2_PLACEMENT_3D('',#5866,#5867,#5868);
#5866 = CARTESIAN_POINT('',(0.,0.,5.5));
#5867 = DIRECTION('',(0.,0.,1.));
#5868 = DIRECTION('',(1.,0.,-0.));
#5869 = ADVANCED_FACE('',(#5870,#5936),#5988,.F.);
#5870 = FACE_BOUND('',#5871,.T.);
#5871 = EDGE_LOOP('',(#5872,#5882,#5890,#5898,#5906,#5914,#5922,#5930));
#5872 = ORIENTED_EDGE('',*,*,#5873,.T.);
#5873 = EDGE_CURVE('',#5874,#5876,#5878,.T.);
#5874 = VERTEX_POINT('',#5875);
#5875 = CARTESIAN_POINT('',(-3.225018464589,0.8848713931,5.509999999999)
  );
#5876 = VERTEX_POINT('',#5877);
#5877 = CARTESIAN_POINT('',(-3.469070442706,0.79191703538,5.509999999999
    ));
#5878 = LINE('',#5879,#5880);
#5879 = CARTESIAN_POINT('',(-3.469070442706,0.79191703538,5.509999999999
    ));
#5880 = VECTOR('',#5881,1.);
#5881 = DIRECTION('',(-0.934510438742,-0.355935724369,0.));
#5882 = ORIENTED_EDGE('',*,*,#5883,.T.);
#5883 = EDGE_CURVE('',#5876,#5884,#5886,.T.);
#5884 = VERTEX_POINT('',#5885);
#5885 = CARTESIAN_POINT('',(-3.469070442706,0.758228878892,
    5.509999999999));
#5886 = LINE('',#5887,#5888);
#5887 = CARTESIAN_POINT('',(-3.469070442706,0.758228878892,
    5.509999999999));
#5888 = VECTOR('',#5889,1.);
#5889 = DIRECTION('',(0.,-1.,0.));
#5890 = ORIENTED_EDGE('',*,*,#5891,.T.);
#5891 = EDGE_CURVE('',#5884,#5892,#5894,.T.);
#5892 = VERTEX_POINT('',#5893);
#5893 = CARTESIAN_POINT('',(-3.225018464589,0.665274521174,
    5.509999999999));
#5894 = LINE('',#5895,#5896);
#5895 = CARTESIAN_POINT('',(-3.225018464589,0.665274521174,
    5.509999999999));
#5896 = VECTOR('',#5897,1.);
#5897 = DIRECTION('',(0.934510438744,-0.355935724364,0.));
#5898 = ORIENTED_EDGE('',*,*,#5899,.T.);
#5899 = EDGE_CURVE('',#5892,#5900,#5902,.T.);
#5900 = VERTEX_POINT('',#5901);
#5901 = CARTESIAN_POINT('',(-3.225018464589,0.700085616211,
    5.509999999999));
#5902 = LINE('',#5903,#5904);
#5903 = CARTESIAN_POINT('',(-3.225018464589,0.700085616211,
    5.509999999999));
#5904 = VECTOR('',#5905,1.);
#5905 = DIRECTION('',(0.,1.,0.));
#5906 = ORIENTED_EDGE('',*,*,#5907,.T.);
#5907 = EDGE_CURVE('',#5900,#5908,#5910,.T.);
#5908 = VERTEX_POINT('',#5909);
#5909 = CARTESIAN_POINT('',(-3.291770922817,0.723542554803,
    5.509999999999));
#5910 = LINE('',#5911,#5912);
#5911 = CARTESIAN_POINT('',(-3.291770922817,0.723542554803,
    5.509999999999));
#5912 = VECTOR('',#5913,1.);
#5913 = DIRECTION('',(-0.943445233083,0.33152841835,0.));
#5914 = ORIENTED_EDGE('',*,*,#5915,.T.);
#5915 = EDGE_CURVE('',#5908,#5916,#5918,.T.);
#5916 = VERTEX_POINT('',#5917);
#5917 = CARTESIAN_POINT('',(-3.291770922817,0.825168493545,
    5.509999999999));
#5918 = LINE('',#5919,#5920);
#5919 = CARTESIAN_POINT('',(-3.291770922817,0.825168493545,
    5.509999999999));
#5920 = VECTOR('',#5921,1.);
#5921 = DIRECTION('',(-4.267423006025E-15,1.,0.));
#5922 = ORIENTED_EDGE('',*,*,#5923,.T.);
#5923 = EDGE_CURVE('',#5916,#5924,#5926,.T.);
#5924 = VERTEX_POINT('',#5925);
#5925 = CARTESIAN_POINT('',(-3.225018464589,0.850060298061,
    5.509999999999));
#5926 = LINE('',#5927,#5928);
#5927 = CARTESIAN_POINT('',(-3.225018464589,0.850060298061,
    5.509999999999));
#5928 = VECTOR('',#5929,1.);
#5929 = DIRECTION('',(0.936975345954,0.349395479469,0.));
#5930 = ORIENTED_EDGE('',*,*,#5931,.T.);
#5931 = EDGE_CURVE('',#5924,#5874,#5932,.T.);
#5932 = LINE('',#5933,#5934);
#5933 = CARTESIAN_POINT('',(-3.225018464589,0.8848713931,5.509999999999)
  );
#5934 = VECTOR('',#5935,1.);
#5935 = DIRECTION('',(0.,1.,0.));
#5936 = FACE_BOUND('',#5937,.T.);
#5937 = EDGE_LOOP('',(#5938,#5948,#5956,#5965,#5973,#5982));
#5938 = ORIENTED_EDGE('',*,*,#5939,.F.);
#5939 = EDGE_CURVE('',#5940,#5942,#5944,.T.);
#5940 = VERTEX_POINT('',#5941);
#5941 = CARTESIAN_POINT('',(-3.319345302757,0.7335242308,5.509999999999)
  );
#5942 = VERTEX_POINT('',#5943);
#5943 = CARTESIAN_POINT('',(-3.319345302757,0.815436359447,
    5.509999999999));
#5944 = LINE('',#5945,#5946);
#5945 = CARTESIAN_POINT('',(-3.319345302757,0.7335242308,5.509999999999)
  );
#5946 = VECTOR('',#5947,1.);
#5947 = DIRECTION('',(-5.294464643469E-15,1.,0.));
#5948 = ORIENTED_EDGE('',*,*,#5949,.F.);
#5949 = EDGE_CURVE('',#5950,#5940,#5952,.T.);
#5950 = VERTEX_POINT('',#5951);
#5951 = CARTESIAN_POINT('',(-3.420784085073,0.770019733663,
    5.509999999999));
#5952 = LINE('',#5953,#5954);
#5953 = CARTESIAN_POINT('',(-3.420784085073,0.770019733663,
    5.509999999999));
#5954 = VECTOR('',#5955,1.);
#5955 = DIRECTION('',(0.940953787676,-0.338535034314,0.));
#5956 = ORIENTED_EDGE('',*,*,#5957,.F.);
#5957 = EDGE_CURVE('',#5958,#5950,#5960,.T.);
#5958 = VERTEX_POINT('',#5959);
#5959 = CARTESIAN_POINT('',(-3.437877705217,0.774012404062,
    5.509999999999));
#5960 = B_SPLINE_CURVE_WITH_KNOTS('',3,(#5961,#5962,#5963,#5964),
  .UNSPECIFIED.,.F.,.F.,(4,4),(3.,4.),.PIECEWISE_BEZIER_KNOTS.);
#5961 = CARTESIAN_POINT('',(-3.437877705217,0.774012404062,
    5.509999999999));
#5962 = CARTESIAN_POINT('',(-3.43051621917,0.772827080037,5.509999999999
    ));
#5963 = CARTESIAN_POINT('',(-3.424776755472,0.771516985062,
    5.509999999999));
#5964 = CARTESIAN_POINT('',(-3.420784085073,0.770019733663,
    5.509999999999));
#5965 = ORIENTED_EDGE('',*,*,#5966,.F.);
#5966 = EDGE_CURVE('',#5967,#5958,#5969,.T.);
#5967 = VERTEX_POINT('',#5968);
#5968 = CARTESIAN_POINT('',(-3.437877705217,0.774761029761,
    5.509999999999));
#5969 = LINE('',#5970,#5971);
#5970 = CARTESIAN_POINT('',(-3.437877705217,0.774761029761,
    5.509999999999));
#5971 = VECTOR('',#5972,1.);
#5972 = DIRECTION('',(0.,-1.,0.));
#5973 = ORIENTED_EDGE('',*,*,#5974,.F.);
#5974 = EDGE_CURVE('',#5975,#5967,#5977,.T.);
#5975 = VERTEX_POINT('',#5976);
#5976 = CARTESIAN_POINT('',(-3.420784085073,0.778566543735,
    5.509999999999));
#5977 = B_SPLINE_CURVE_WITH_KNOTS('',3,(#5978,#5979,#5980,#5981),
  .UNSPECIFIED.,.F.,.F.,(4,4),(1.,2.),.PIECEWISE_BEZIER_KNOTS.);
#5978 = CARTESIAN_POINT('',(-3.420784085073,0.778566543735,
    5.509999999999));
#5979 = CARTESIAN_POINT('',(-3.424152900721,0.77738121971,5.509999999999
    ));
#5980 = CARTESIAN_POINT('',(-3.429767593469,0.77613351021,5.509999999999
    ));
#5981 = CARTESIAN_POINT('',(-3.437877705217,0.774761029761,
    5.509999999999));
#5982 = ORIENTED_EDGE('',*,*,#5983,.F.);
#5983 = EDGE_CURVE('',#5942,#5975,#5984,.T.);
#5984 = LINE('',#5985,#5986);
#5985 = CARTESIAN_POINT('',(-3.319345302757,0.815436359447,
    5.509999999999));
#5986 = VECTOR('',#5987,1.);
#5987 = DIRECTION('',(-0.939844041777,-0.341603830681,0.));
#5988 = PLANE('',#5989);
#5989 = AXIS2_PLACEMENT_3D('',#5990,#5991,#5992);
#5990 = CARTESIAN_POINT('',(0.,0.,5.509999999999));
#5991 = DIRECTION('',(0.,0.,-1.));
#5992 = DIRECTION('',(-1.,0.,0.));
#5993 = ADVANCED_FACE('',(#5994),#6010,.F.);
#5994 = FACE_BOUND('',#5995,.T.);
#5995 = EDGE_LOOP('',(#5996,#5997,#6003,#6004));
#5996 = ORIENTED_EDGE('',*,*,#1303,.T.);
#5997 = ORIENTED_EDGE('',*,*,#5998,.F.);
#5998 = EDGE_CURVE('',#5876,#1294,#5999,.T.);
#5999 = LINE('',#6000,#6001);
#6000 = CARTESIAN_POINT('',(-3.469070442706,0.79191703538,5.509999999999
    ));
#6001 = VECTOR('',#6002,1.);
#6002 = DIRECTION('',(0.,0.,-1.));
#6003 = ORIENTED_EDGE('',*,*,#5873,.F.);
#6004 = ORIENTED_EDGE('',*,*,#6005,.T.);
#6005 = EDGE_CURVE('',#5874,#1304,#6006,.T.);
#6006 = LINE('',#6007,#6008);
#6007 = CARTESIAN_POINT('',(-3.225018464589,0.8848713931,5.509999999999)
  );
#6008 = VECTOR('',#6009,1.);
#6009 = DIRECTION('',(0.,0.,-1.));
#6010 = PLANE('',#6011);
#6011 = AXIS2_PLACEMENT_3D('',#6012,#6013,#6014);
#6012 = CARTESIAN_POINT('',(-3.469070442706,0.79191703538,5.509999999999
    ));
#6013 = DIRECTION('',(0.355935724369,-0.934510438742,0.));
#6014 = DIRECTION('',(0.934510438742,0.355935724369,0.));
#6015 = ADVANCED_FACE('',(#6016),#6027,.F.);
#6016 = FACE_BOUND('',#6017,.T.);
#6017 = EDGE_LOOP('',(#6018,#6019,#6025,#6026));
#6018 = ORIENTED_EDGE('',*,*,#1293,.T.);
#6019 = ORIENTED_EDGE('',*,*,#6020,.F.);
#6020 = EDGE_CURVE('',#5884,#1296,#6021,.T.);
#6021 = LINE('',#6022,#6023);
#6022 = CARTESIAN_POINT('',(-3.469070442706,0.758228878892,
    5.509999999999));
#6023 = VECTOR('',#6024,1.);
#6024 = DIRECTION('',(0.,0.,-1.));
#6025 = ORIENTED_EDGE('',*,*,#5883,.F.);
#6026 = ORIENTED_EDGE('',*,*,#5998,.T.);
#6027 = PLANE('',#6028);
#6028 = AXIS2_PLACEMENT_3D('',#6029,#6030,#6031);
#6029 = CARTESIAN_POINT('',(-3.469070442706,0.758228878892,
    5.509999999999));
#6030 = DIRECTION('',(1.,0.,0.));
#6031 = DIRECTION('',(0.,0.,-1.));
#6032 = ADVANCED_FACE('',(#6033),#6044,.F.);
#6033 = FACE_BOUND('',#6034,.T.);
#6034 = EDGE_LOOP('',(#6035,#6036,#6042,#6043));
#6035 = ORIENTED_EDGE('',*,*,#1351,.T.);
#6036 = ORIENTED_EDGE('',*,*,#6037,.F.);
#6037 = EDGE_CURVE('',#5892,#1344,#6038,.T.);
#6038 = LINE('',#6039,#6040);
#6039 = CARTESIAN_POINT('',(-3.225018464589,0.665274521174,
    5.509999999999));
#6040 = VECTOR('',#6041,1.);
#6041 = DIRECTION('',(0.,0.,-1.));
#6042 = ORIENTED_EDGE('',*,*,#5891,.F.);
#6043 = ORIENTED_EDGE('',*,*,#6020,.T.);
#6044 = PLANE('',#6045);
#6045 = AXIS2_PLACEMENT_3D('',#6046,#6047,#6048);
#6046 = CARTESIAN_POINT('',(-3.225018464589,0.665274521174,
    5.509999999999));
#6047 = DIRECTION('',(0.355935724364,0.934510438744,0.));
#6048 = DIRECTION('',(-0.934510438744,0.355935724364,0.));
#6049 = ADVANCED_FACE('',(#6050),#6061,.F.);
#6050 = FACE_BOUND('',#6051,.T.);
#6051 = EDGE_LOOP('',(#6052,#6053,#6059,#6060));
#6052 = ORIENTED_EDGE('',*,*,#1343,.T.);
#6053 = ORIENTED_EDGE('',*,*,#6054,.F.);
#6054 = EDGE_CURVE('',#5900,#1336,#6055,.T.);
#6055 = LINE('',#6056,#6057);
#6056 = CARTESIAN_POINT('',(-3.225018464589,0.700085616211,
    5.509999999999));
#6057 = VECTOR('',#6058,1.);
#6058 = DIRECTION('',(0.,0.,-1.));
#6059 = ORIENTED_EDGE('',*,*,#5899,.F.);
#6060 = ORIENTED_EDGE('',*,*,#6037,.T.);
#6061 = PLANE('',#6062);
#6062 = AXIS2_PLACEMENT_3D('',#6063,#6064,#6065);
#6063 = CARTESIAN_POINT('',(-3.225018464589,0.700085616211,
    5.509999999999));
#6064 = DIRECTION('',(-1.,0.,0.));
#6065 = DIRECTION('',(0.,0.,1.));
#6066 = ADVANCED_FACE('',(#6067),#6078,.F.);
#6067 = FACE_BOUND('',#6068,.T.);
#6068 = EDGE_LOOP('',(#6069,#6070,#6076,#6077));
#6069 = ORIENTED_EDGE('',*,*,#1335,.T.);
#6070 = ORIENTED_EDGE('',*,*,#6071,.F.);
#6071 = EDGE_CURVE('',#5908,#1328,#6072,.T.);
#6072 = LINE('',#6073,#6074);
#6073 = CARTESIAN_POINT('',(-3.291770922817,0.723542554803,
    5.509999999999));
#6074 = VECTOR('',#6075,1.);
#6075 = DIRECTION('',(0.,0.,-1.));
#6076 = ORIENTED_EDGE('',*,*,#5907,.F.);
#6077 = ORIENTED_EDGE('',*,*,#6054,.T.);
#6078 = PLANE('',#6079);
#6079 = AXIS2_PLACEMENT_3D('',#6080,#6081,#6082);
#6080 = CARTESIAN_POINT('',(-3.291770922817,0.723542554803,
    5.509999999999));
#6081 = DIRECTION('',(-0.33152841835,-0.943445233083,0.));
#6082 = DIRECTION('',(0.943445233083,-0.33152841835,0.));
#6083 = ADVANCED_FACE('',(#6084),#6095,.F.);
#6084 = FACE_BOUND('',#6085,.T.);
#6085 = EDGE_LOOP('',(#6086,#6087,#6093,#6094));
#6086 = ORIENTED_EDGE('',*,*,#1327,.T.);
#6087 = ORIENTED_EDGE('',*,*,#6088,.F.);
#6088 = EDGE_CURVE('',#5916,#1320,#6089,.T.);
#6089 = LINE('',#6090,#6091);
#6090 = CARTESIAN_POINT('',(-3.291770922817,0.825168493545,
    5.509999999999));
#6091 = VECTOR('',#6092,1.);
#6092 = DIRECTION('',(0.,0.,-1.));
#6093 = ORIENTED_EDGE('',*,*,#5915,.F.);
#6094 = ORIENTED_EDGE('',*,*,#6071,.T.);
#6095 = PLANE('',#6096);
#6096 = AXIS2_PLACEMENT_3D('',#6097,#6098,#6099);
#6097 = CARTESIAN_POINT('',(-3.291770922817,0.825168493545,
    5.509999999999));
#6098 = DIRECTION('',(-1.,-4.267423006025E-15,0.));
#6099 = DIRECTION('',(4.267423006025E-15,-1.,0.));
#6100 = ADVANCED_FACE('',(#6101),#6112,.F.);
#6101 = FACE_BOUND('',#6102,.T.);
#6102 = EDGE_LOOP('',(#6103,#6104,#6110,#6111));
#6103 = ORIENTED_EDGE('',*,*,#1319,.T.);
#6104 = ORIENTED_EDGE('',*,*,#6105,.F.);
#6105 = EDGE_CURVE('',#5924,#1312,#6106,.T.);
#6106 = LINE('',#6107,#6108);
#6107 = CARTESIAN_POINT('',(-3.225018464589,0.850060298061,
    5.509999999999));
#6108 = VECTOR('',#6109,1.);
#6109 = DIRECTION('',(0.,0.,-1.));
#6110 = ORIENTED_EDGE('',*,*,#5923,.F.);
#6111 = ORIENTED_EDGE('',*,*,#6088,.T.);
#6112 = PLANE('',#6113);
#6113 = AXIS2_PLACEMENT_3D('',#6114,#6115,#6116);
#6114 = CARTESIAN_POINT('',(-3.225018464589,0.850060298061,
    5.509999999999));
#6115 = DIRECTION('',(-0.349395479469,0.936975345954,0.));
#6116 = DIRECTION('',(-0.936975345954,-0.349395479469,0.));
#6117 = ADVANCED_FACE('',(#6118),#6124,.F.);
#6118 = FACE_BOUND('',#6119,.T.);
#6119 = EDGE_LOOP('',(#6120,#6121,#6122,#6123));
#6120 = ORIENTED_EDGE('',*,*,#1311,.T.);
#6121 = ORIENTED_EDGE('',*,*,#6005,.F.);
#6122 = ORIENTED_EDGE('',*,*,#5931,.F.);
#6123 = ORIENTED_EDGE('',*,*,#6105,.T.);
#6124 = PLANE('',#6125);
#6125 = AXIS2_PLACEMENT_3D('',#6126,#6127,#6128);
#6126 = CARTESIAN_POINT('',(-3.225018464589,0.8848713931,5.509999999999)
  );
#6127 = DIRECTION('',(-1.,0.,0.));
#6128 = DIRECTION('',(0.,0.,1.));
#6129 = ADVANCED_FACE('',(#6130),#6155,.T.);
#6130 = FACE_BOUND('',#6131,.T.);
#6131 = EDGE_LOOP('',(#6132,#6142,#6148,#6149));
#6132 = ORIENTED_EDGE('',*,*,#6133,.F.);
#6133 = EDGE_CURVE('',#6134,#6136,#6138,.T.);
#6134 = VERTEX_POINT('',#6135);
#6135 = CARTESIAN_POINT('',(-3.319345302757,0.7335242308,5.5));
#6136 = VERTEX_POINT('',#6137);
#6137 = CARTESIAN_POINT('',(-3.319345302757,0.815436359447,5.5));
#6138 = LINE('',#6139,#6140);
#6139 = CARTESIAN_POINT('',(-3.319345302757,0.7335242308,5.5));
#6140 = VECTOR('',#6141,1.);
#6141 = DIRECTION('',(-5.294464643469E-15,1.,0.));
#6142 = ORIENTED_EDGE('',*,*,#6143,.F.);
#6143 = EDGE_CURVE('',#5940,#6134,#6144,.T.);
#6144 = LINE('',#6145,#6146);
#6145 = CARTESIAN_POINT('',(-3.319345302757,0.7335242308,5.509999999999)
  );
#6146 = VECTOR('',#6147,1.);
#6147 = DIRECTION('',(0.,0.,-1.));
#6148 = ORIENTED_EDGE('',*,*,#5939,.T.);
#6149 = ORIENTED_EDGE('',*,*,#6150,.T.);
#6150 = EDGE_CURVE('',#5942,#6136,#6151,.T.);
#6151 = LINE('',#6152,#6153);
#6152 = CARTESIAN_POINT('',(-3.319345302757,0.815436359447,
    5.509999999999));
#6153 = VECTOR('',#6154,1.);
#6154 = DIRECTION('',(0.,0.,-1.));
#6155 = PLANE('',#6156);
#6156 = AXIS2_PLACEMENT_3D('',#6157,#6158,#6159);
#6157 = CARTESIAN_POINT('',(-3.319345302757,0.7335242308,5.509999999999)
  );
#6158 = DIRECTION('',(-1.,-5.294464643469E-15,0.));
#6159 = DIRECTION('',(5.294464643469E-15,-1.,0.));
#6160 = ADVANCED_FACE('',(#6161),#6179,.T.);
#6161 = FACE_BOUND('',#6162,.T.);
#6162 = EDGE_LOOP('',(#6163,#6171,#6172,#6173));
#6163 = ORIENTED_EDGE('',*,*,#6164,.F.);
#6164 = EDGE_CURVE('',#6136,#6165,#6167,.T.);
#6165 = VERTEX_POINT('',#6166);
#6166 = CARTESIAN_POINT('',(-3.420784085073,0.778566543735,5.5));
#6167 = LINE('',#6168,#6169);
#6168 = CARTESIAN_POINT('',(-3.319345302757,0.815436359447,5.5));
#6169 = VECTOR('',#6170,1.);
#6170 = DIRECTION('',(-0.939844041777,-0.341603830681,0.));
#6171 = ORIENTED_EDGE('',*,*,#6150,.F.);
#6172 = ORIENTED_EDGE('',*,*,#5983,.T.);
#6173 = ORIENTED_EDGE('',*,*,#6174,.T.);
#6174 = EDGE_CURVE('',#5975,#6165,#6175,.T.);
#6175 = LINE('',#6176,#6177);
#6176 = CARTESIAN_POINT('',(-3.420784085073,0.778566543735,
    5.509999999999));
#6177 = VECTOR('',#6178,1.);
#6178 = DIRECTION('',(0.,0.,-1.));
#6179 = PLANE('',#6180);
#6180 = AXIS2_PLACEMENT_3D('',#6181,#6182,#6183);
#6181 = CARTESIAN_POINT('',(-3.319345302757,0.815436359447,
    5.509999999999));
#6182 = DIRECTION('',(0.341603830681,-0.939844041777,0.));
#6183 = DIRECTION('',(0.939844041777,0.341603830681,0.));
#6184 = ADVANCED_FACE('',(#6185),#6204,.T.);
#6185 = FACE_BOUND('',#6186,.T.);
#6186 = EDGE_LOOP('',(#6187,#6196,#6197,#6198));
#6187 = ORIENTED_EDGE('',*,*,#6188,.F.);
#6188 = EDGE_CURVE('',#6165,#6189,#6191,.T.);
#6189 = VERTEX_POINT('',#6190);
#6190 = CARTESIAN_POINT('',(-3.437877705217,0.774761029761,5.5));
#6191 = B_SPLINE_CURVE_WITH_KNOTS('',3,(#6192,#6193,#6194,#6195),
  .UNSPECIFIED.,.F.,.F.,(4,4),(1.,2.),.PIECEWISE_BEZIER_KNOTS.);
#6192 = CARTESIAN_POINT('',(-3.420784085073,0.778566543735,5.5));
#6193 = CARTESIAN_POINT('',(-3.424152900721,0.77738121971,5.499999999999
    ));
#6194 = CARTESIAN_POINT('',(-3.429767593469,0.77613351021,5.499999999999
    ));
#6195 = CARTESIAN_POINT('',(-3.437877705217,0.774761029761,5.5));
#6196 = ORIENTED_EDGE('',*,*,#6174,.F.);
#6197 = ORIENTED_EDGE('',*,*,#5974,.T.);
#6198 = ORIENTED_EDGE('',*,*,#6199,.T.);
#6199 = EDGE_CURVE('',#5967,#6189,#6200,.T.);
#6200 = LINE('',#6201,#6202);
#6201 = CARTESIAN_POINT('',(-3.437877705217,0.774761029761,
    5.509999999999));
#6202 = VECTOR('',#6203,1.);
#6203 = DIRECTION('',(0.,0.,-1.));
#6204 = B_SPLINE_SURFACE_WITH_KNOTS('',3,1,(
    (#6205,#6206)
    ,(#6207,#6208)
    ,(#6209,#6210)
    ,(#6211,#6212
    )),.UNSPECIFIED.,.F.,.F.,.F.,(4,4),(2,2),(1.,2.),(0.,1.),
  .PIECEWISE_BEZIER_KNOTS.);
#6205 = CARTESIAN_POINT('',(-3.420784085073,0.778566543735,
    5.509999999999));
#6206 = CARTESIAN_POINT('',(-3.420784085073,0.778566543735,5.5));
#6207 = CARTESIAN_POINT('',(-3.424152900721,0.77738121971,5.509999999999
    ));
#6208 = CARTESIAN_POINT('',(-3.424152900721,0.77738121971,5.5));
#6209 = CARTESIAN_POINT('',(-3.429767593469,0.77613351021,5.509999999999
    ));
#6210 = CARTESIAN_POINT('',(-3.429767593469,0.77613351021,5.5));
#6211 = CARTESIAN_POINT('',(-3.437877705217,0.774761029761,
    5.509999999999));
#6212 = CARTESIAN_POINT('',(-3.437877705217,0.774761029761,5.5));
#6213 = ADVANCED_FACE('',(#6214),#6232,.T.);
#6214 = FACE_BOUND('',#6215,.T.);
#6215 = EDGE_LOOP('',(#6216,#6224,#6225,#6226));
#6216 = ORIENTED_EDGE('',*,*,#6217,.F.);
#6217 = EDGE_CURVE('',#6189,#6218,#6220,.T.);
#6218 = VERTEX_POINT('',#6219);
#6219 = CARTESIAN_POINT('',(-3.437877705217,0.774012404062,5.5));
#6220 = LINE('',#6221,#6222);
#6221 = CARTESIAN_POINT('',(-3.437877705217,0.774761029761,5.5));
#6222 = VECTOR('',#6223,1.);
#6223 = DIRECTION('',(0.,-1.,0.));
#6224 = ORIENTED_EDGE('',*,*,#6199,.F.);
#6225 = ORIENTED_EDGE('',*,*,#5966,.T.);
#6226 = ORIENTED_EDGE('',*,*,#6227,.T.);
#6227 = EDGE_CURVE('',#5958,#6218,#6228,.T.);
#6228 = LINE('',#6229,#6230);
#6229 = CARTESIAN_POINT('',(-3.437877705217,0.774012404062,
    5.509999999999));
#6230 = VECTOR('',#6231,1.);
#6231 = DIRECTION('',(0.,0.,-1.));
#6232 = PLANE('',#6233);
#6233 = AXIS2_PLACEMENT_3D('',#6234,#6235,#6236);
#6234 = CARTESIAN_POINT('',(-3.437877705217,0.774761029761,
    5.509999999999));
#6235 = DIRECTION('',(1.,0.,0.));
#6236 = DIRECTION('',(0.,0.,-1.));
#6237 = ADVANCED_FACE('',(#6238),#6257,.T.);
#6238 = FACE_BOUND('',#6239,.T.);
#6239 = EDGE_LOOP('',(#6240,#6249,#6250,#6251));
#6240 = ORIENTED_EDGE('',*,*,#6241,.F.);
#6241 = EDGE_CURVE('',#6218,#6242,#6244,.T.);
#6242 = VERTEX_POINT('',#6243);
#6243 = CARTESIAN_POINT('',(-3.420784085073,0.770019733663,
    5.499999999999));
#6244 = B_SPLINE_CURVE_WITH_KNOTS('',3,(#6245,#6246,#6247,#6248),
  .UNSPECIFIED.,.F.,.F.,(4,4),(3.,4.),.PIECEWISE_BEZIER_KNOTS.);
#6245 = CARTESIAN_POINT('',(-3.437877705217,0.774012404062,5.5));
#6246 = CARTESIAN_POINT('',(-3.43051621917,0.772827080037,5.499999999999
    ));
#6247 = CARTESIAN_POINT('',(-3.424776755472,0.771516985062,
    5.499999999999));
#6248 = CARTESIAN_POINT('',(-3.420784085073,0.770019733663,
    5.499999999999));
#6249 = ORIENTED_EDGE('',*,*,#6227,.F.);
#6250 = ORIENTED_EDGE('',*,*,#5957,.T.);
#6251 = ORIENTED_EDGE('',*,*,#6252,.T.);
#6252 = EDGE_CURVE('',#5950,#6242,#6253,.T.);
#6253 = LINE('',#6254,#6255);
#6254 = CARTESIAN_POINT('',(-3.420784085073,0.770019733663,
    5.509999999999));
#6255 = VECTOR('',#6256,1.);
#6256 = DIRECTION('',(0.,0.,-1.));
#6257 = B_SPLINE_SURFACE_WITH_KNOTS('',3,1,(
    (#6258,#6259)
    ,(#6260,#6261)
    ,(#6262,#6263)
    ,(#6264,#6265
    )),.UNSPECIFIED.,.F.,.F.,.F.,(4,4),(2,2),(3.,4.),(0.,1.),
  .PIECEWISE_BEZIER_KNOTS.);
#6258 = CARTESIAN_POINT('',(-3.437877705217,0.774012404062,
    5.509999999999));
#6259 = CARTESIAN_POINT('',(-3.437877705217,0.774012404062,
    5.499999999999));
#6260 = CARTESIAN_POINT('',(-3.43051621917,0.772827080037,5.509999999999
    ));
#6261 = CARTESIAN_POINT('',(-3.43051621917,0.772827080037,5.499999999999
    ));
#6262 = CARTESIAN_POINT('',(-3.424776755472,0.771516985062,
    5.509999999999));
#6263 = CARTESIAN_POINT('',(-3.424776755472,0.771516985062,
    5.499999999999));
#6264 = CARTESIAN_POINT('',(-3.420784085073,0.770019733663,
    5.509999999999));
#6265 = CARTESIAN_POINT('',(-3.420784085073,0.770019733663,
    5.499999999999));
#6266 = ADVANCED_FACE('',(#6267),#6278,.T.);
#6267 = FACE_BOUND('',#6268,.T.);
#6268 = EDGE_LOOP('',(#6269,#6275,#6276,#6277));
#6269 = ORIENTED_EDGE('',*,*,#6270,.F.);
#6270 = EDGE_CURVE('',#6242,#6134,#6271,.T.);
#6271 = LINE('',#6272,#6273);
#6272 = CARTESIAN_POINT('',(-3.420784085073,0.770019733663,5.5));
#6273 = VECTOR('',#6274,1.);
#6274 = DIRECTION('',(0.940953787676,-0.338535034314,0.));
#6275 = ORIENTED_EDGE('',*,*,#6252,.F.);
#6276 = ORIENTED_EDGE('',*,*,#5949,.T.);
#6277 = ORIENTED_EDGE('',*,*,#6143,.T.);
#6278 = PLANE('',#6279);
#6279 = AXIS2_PLACEMENT_3D('',#6280,#6281,#6282);
#6280 = CARTESIAN_POINT('',(-3.420784085073,0.770019733663,
    5.509999999999));
#6281 = DIRECTION('',(0.338535034314,0.940953787676,0.));
#6282 = DIRECTION('',(-0.940953787676,0.338535034314,0.));
#6283 = ADVANCED_FACE('',(#6284),#6292,.T.);
#6284 = FACE_BOUND('',#6285,.T.);
#6285 = EDGE_LOOP('',(#6286,#6287,#6288,#6289,#6290,#6291));
#6286 = ORIENTED_EDGE('',*,*,#6133,.T.);
#6287 = ORIENTED_EDGE('',*,*,#6164,.T.);
#6288 = ORIENTED_EDGE('',*,*,#6188,.T.);
#6289 = ORIENTED_EDGE('',*,*,#6217,.T.);
#6290 = ORIENTED_EDGE('',*,*,#6241,.T.);
#6291 = ORIENTED_EDGE('',*,*,#6270,.T.);
#6292 = PLANE('',#6293);
#6293 = AXIS2_PLACEMENT_3D('',#6294,#6295,#6296);
#6294 = CARTESIAN_POINT('',(0.,0.,5.5));
#6295 = DIRECTION('',(0.,0.,1.));
#6296 = DIRECTION('',(1.,0.,-0.));
#6297 = ADVANCED_FACE('',(#6298),#6323,.F.);
#6298 = FACE_BOUND('',#6299,.T.);
#6299 = EDGE_LOOP('',(#6300,#6301,#6309,#6317));
#6300 = ORIENTED_EDGE('',*,*,#1369,.T.);
#6301 = ORIENTED_EDGE('',*,*,#6302,.F.);
#6302 = EDGE_CURVE('',#6303,#1360,#6305,.T.);
#6303 = VERTEX_POINT('',#6304);
#6304 = CARTESIAN_POINT('',(-2.86567812871,3.6678475284E-02,
    5.509999999999));
#6305 = LINE('',#6306,#6307);
#6306 = CARTESIAN_POINT('',(-2.86567812871,3.6678475284E-02,
    5.509999999999));
#6307 = VECTOR('',#6308,1.);
#6308 = DIRECTION('',(0.,0.,-1.));
#6309 = ORIENTED_EDGE('',*,*,#6310,.F.);
#6310 = EDGE_CURVE('',#6311,#6303,#6313,.T.);
#6311 = VERTEX_POINT('',#6312);
#6312 = CARTESIAN_POINT('',(-2.837854206869,3.6678475284E-02,
    5.509999999999));
#6313 = LINE('',#6314,#6315);
#6314 = CARTESIAN_POINT('',(-2.86567812871,3.6678475284E-02,
    5.509999999999));
#6315 = VECTOR('',#6316,1.);
#6316 = DIRECTION('',(-1.,0.,0.));
#6317 = ORIENTED_EDGE('',*,*,#6318,.T.);
#6318 = EDGE_CURVE('',#6311,#1370,#6319,.T.);
#6319 = LINE('',#6320,#6321);
#6320 = CARTESIAN_POINT('',(-2.837854206869,3.6678475284E-02,
    5.509999999999));
#6321 = VECTOR('',#6322,1.);
#6322 = DIRECTION('',(0.,0.,-1.));
#6323 = PLANE('',#6324);
#6324 = AXIS2_PLACEMENT_3D('',#6325,#6326,#6327);
#6325 = CARTESIAN_POINT('',(-2.86567812871,3.6678475284E-02,
    5.509999999999));
#6326 = DIRECTION('',(0.,-1.,0.));
#6327 = DIRECTION('',(0.,0.,-1.));
#6328 = ADVANCED_FACE('',(#6329),#6347,.F.);
#6329 = FACE_BOUND('',#6330,.T.);
#6330 = EDGE_LOOP('',(#6331,#6332,#6340,#6346));
#6331 = ORIENTED_EDGE('',*,*,#1359,.T.);
#6332 = ORIENTED_EDGE('',*,*,#6333,.F.);
#6333 = EDGE_CURVE('',#6334,#1362,#6336,.T.);
#6334 = VERTEX_POINT('',#6335);
#6335 = CARTESIAN_POINT('',(-2.86567812871,-6.3075899206E-02,
    5.509999999999));
#6336 = LINE('',#6337,#6338);
#6337 = CARTESIAN_POINT('',(-2.86567812871,-6.3075899206E-02,
    5.509999999999));
#6338 = VECTOR('',#6339,1.);
#6339 = DIRECTION('',(0.,0.,-1.));
#6340 = ORIENTED_EDGE('',*,*,#6341,.F.);
#6341 = EDGE_CURVE('',#6303,#6334,#6342,.T.);
#6342 = LINE('',#6343,#6344);
#6343 = CARTESIAN_POINT('',(-2.86567812871,-6.3075899206E-02,
    5.509999999999));
#6344 = VECTOR('',#6345,1.);
#6345 = DIRECTION('',(4.347487227542E-15,-1.,0.));
#6346 = ORIENTED_EDGE('',*,*,#6302,.T.);
#6347 = PLANE('',#6348);
#6348 = AXIS2_PLACEMENT_3D('',#6349,#6350,#6351);
#6349 = CARTESIAN_POINT('',(-2.86567812871,-6.3075899206E-02,
    5.509999999999));
#6350 = DIRECTION('',(1.,4.347487227542E-15,0.));
#6351 = DIRECTION('',(-4.347487227542E-15,1.,0.));
#6352 = ADVANCED_FACE('',(#6353),#6371,.F.);
#6353 = FACE_BOUND('',#6354,.T.);
#6354 = EDGE_LOOP('',(#6355,#6356,#6364,#6370));
#6355 = ORIENTED_EDGE('',*,*,#1449,.T.);
#6356 = ORIENTED_EDGE('',*,*,#6357,.F.);
#6357 = EDGE_CURVE('',#6358,#1442,#6360,.T.);
#6358 = VERTEX_POINT('',#6359);
#6359 = CARTESIAN_POINT('',(-2.947777413782,-6.3075899206E-02,
    5.509999999999));
#6360 = LINE('',#6361,#6362);
#6361 = CARTESIAN_POINT('',(-2.947777413782,-6.3075899206E-02,
    5.509999999999));
#6362 = VECTOR('',#6363,1.);
#6363 = DIRECTION('',(0.,0.,-1.));
#6364 = ORIENTED_EDGE('',*,*,#6365,.F.);
#6365 = EDGE_CURVE('',#6334,#6358,#6366,.T.);
#6366 = LINE('',#6367,#6368);
#6367 = CARTESIAN_POINT('',(-2.947777413782,-6.3075899206E-02,
    5.509999999999));
#6368 = VECTOR('',#6369,1.);
#6369 = DIRECTION('',(-1.,-2.641197597603E-15,0.));
#6370 = ORIENTED_EDGE('',*,*,#6333,.T.);
#6371 = PLANE('',#6372);
#6372 = AXIS2_PLACEMENT_3D('',#6373,#6374,#6375);
#6373 = CARTESIAN_POINT('',(-2.947777413782,-6.3075899206E-02,
    5.509999999999));
#6374 = DIRECTION('',(2.641197597603E-15,-1.,0.));
#6375 = DIRECTION('',(1.,2.641197597603E-15,0.));
#6376 = ADVANCED_FACE('',(#6377),#6395,.F.);
#6377 = FACE_BOUND('',#6378,.T.);
#6378 = EDGE_LOOP('',(#6379,#6380,#6388,#6394));
#6379 = ORIENTED_EDGE('',*,*,#1441,.T.);
#6380 = ORIENTED_EDGE('',*,*,#6381,.F.);
#6381 = EDGE_CURVE('',#6382,#1434,#6384,.T.);
#6382 = VERTEX_POINT('',#6383);
#6383 = CARTESIAN_POINT('',(-2.947777413782,2.4201380289E-02,
    5.509999999999));
#6384 = LINE('',#6385,#6386);
#6385 = CARTESIAN_POINT('',(-2.947777413782,2.4201380289E-02,
    5.509999999999));
#6386 = VECTOR('',#6387,1.);
#6387 = DIRECTION('',(0.,0.,-1.));
#6388 = ORIENTED_EDGE('',*,*,#6389,.F.);
#6389 = EDGE_CURVE('',#6358,#6382,#6390,.T.);
#6390 = LINE('',#6391,#6392);
#6391 = CARTESIAN_POINT('',(-2.947777413782,2.4201380289E-02,
    5.509999999999));
#6392 = VECTOR('',#6393,1.);
#6393 = DIRECTION('',(-4.969000769715E-15,1.,0.));
#6394 = ORIENTED_EDGE('',*,*,#6357,.T.);
#6395 = PLANE('',#6396);
#6396 = AXIS2_PLACEMENT_3D('',#6397,#6398,#6399);
#6397 = CARTESIAN_POINT('',(-2.947777413782,2.4201380289E-02,
    5.509999999999));
#6398 = DIRECTION('',(-1.,-4.969000769715E-15,0.));
#6399 = DIRECTION('',(4.969000769715E-15,-1.,0.));
#6400 = ADVANCED_FACE('',(#6401),#6419,.F.);
#6401 = FACE_BOUND('',#6402,.T.);
#6402 = EDGE_LOOP('',(#6403,#6404,#6412,#6418));
#6403 = ORIENTED_EDGE('',*,*,#1433,.T.);
#6404 = ORIENTED_EDGE('',*,*,#6405,.F.);
#6405 = EDGE_CURVE('',#6406,#1426,#6408,.T.);
#6406 = VERTEX_POINT('',#6407);
#6407 = CARTESIAN_POINT('',(-2.975726106572,2.4201380289E-02,
    5.509999999999));
#6408 = LINE('',#6409,#6410);
#6409 = CARTESIAN_POINT('',(-2.975726106572,2.4201380289E-02,
    5.509999999999));
#6410 = VECTOR('',#6411,1.);
#6411 = DIRECTION('',(0.,0.,-1.));
#6412 = ORIENTED_EDGE('',*,*,#6413,.F.);
#6413 = EDGE_CURVE('',#6382,#6406,#6414,.T.);
#6414 = LINE('',#6415,#6416);
#6415 = CARTESIAN_POINT('',(-2.975726106572,2.4201380289E-02,
    5.509999999999));
#6416 = VECTOR('',#6417,1.);
#6417 = DIRECTION('',(-1.,-7.75851794299E-15,0.));
#6418 = ORIENTED_EDGE('',*,*,#6381,.T.);
#6419 = PLANE('',#6420);
#6420 = AXIS2_PLACEMENT_3D('',#6421,#6422,#6423);
#6421 = CARTESIAN_POINT('',(-2.975726106572,2.4201380289E-02,
    5.509999999999));
#6422 = DIRECTION('',(7.75851794299E-15,-1.,0.));
#6423 = DIRECTION('',(1.,7.75851794299E-15,0.));
#6424 = ADVANCED_FACE('',(#6425),#6443,.F.);
#6425 = FACE_BOUND('',#6426,.T.);
#6426 = EDGE_LOOP('',(#6427,#6428,#6436,#6442));
#6427 = ORIENTED_EDGE('',*,*,#1425,.T.);
#6428 = ORIENTED_EDGE('',*,*,#6429,.F.);
#6429 = EDGE_CURVE('',#6430,#1418,#6432,.T.);
#6430 = VERTEX_POINT('',#6431);
#6431 = CARTESIAN_POINT('',(-2.975726106572,-6.3075899206E-02,
    5.509999999999));
#6432 = LINE('',#6433,#6434);
#6433 = CARTESIAN_POINT('',(-2.975726106572,-6.3075899206E-02,
    5.509999999999));
#6434 = VECTOR('',#6435,1.);
#6435 = DIRECTION('',(0.,0.,-1.));
#6436 = ORIENTED_EDGE('',*,*,#6437,.F.);
#6437 = EDGE_CURVE('',#6406,#6430,#6438,.T.);
#6438 = LINE('',#6439,#6440);
#6439 = CARTESIAN_POINT('',(-2.975726106572,-6.3075899206E-02,
    5.509999999999));
#6440 = VECTOR('',#6441,1.);
#6441 = DIRECTION('',(0.,-1.,0.));
#6442 = ORIENTED_EDGE('',*,*,#6405,.T.);
#6443 = PLANE('',#6444);
#6444 = AXIS2_PLACEMENT_3D('',#6445,#6446,#6447);
#6445 = CARTESIAN_POINT('',(-2.975726106572,-6.3075899206E-02,
    5.509999999999));
#6446 = DIRECTION('',(1.,0.,0.));
#6447 = DIRECTION('',(0.,0.,-1.));
#6448 = ADVANCED_FACE('',(#6449),#6467,.F.);
#6449 = FACE_BOUND('',#6450,.T.);
#6450 = EDGE_LOOP('',(#6451,#6452,#6460,#6466));
#6451 = ORIENTED_EDGE('',*,*,#1417,.T.);
#6452 = ORIENTED_EDGE('',*,*,#6453,.F.);
#6453 = EDGE_CURVE('',#6454,#1410,#6456,.T.);
#6454 = VERTEX_POINT('',#6455);
#6455 = CARTESIAN_POINT('',(-3.053832721247,-6.3075899206E-02,
    5.509999999999));
#6456 = LINE('',#6457,#6458);
#6457 = CARTESIAN_POINT('',(-3.053832721247,-6.3075899206E-02,
    5.509999999999));
#6458 = VECTOR('',#6459,1.);
#6459 = DIRECTION('',(0.,0.,-1.));
#6460 = ORIENTED_EDGE('',*,*,#6461,.F.);
#6461 = EDGE_CURVE('',#6430,#6454,#6462,.T.);
#6462 = LINE('',#6463,#6464);
#6463 = CARTESIAN_POINT('',(-3.053832721247,-6.3075899206E-02,
    5.509999999999));
#6464 = VECTOR('',#6465,1.);
#6465 = DIRECTION('',(-1.,-2.776210893284E-15,0.));
#6466 = ORIENTED_EDGE('',*,*,#6429,.T.);
#6467 = PLANE('',#6468);
#6468 = AXIS2_PLACEMENT_3D('',#6469,#6470,#6471);
#6469 = CARTESIAN_POINT('',(-3.053832721247,-6.3075899206E-02,
    5.509999999999));
#6470 = DIRECTION('',(2.776210893284E-15,-1.,0.));
#6471 = DIRECTION('',(1.,2.776210893284E-15,0.));
#6472 = ADVANCED_FACE('',(#6473),#6491,.F.);
#6473 = FACE_BOUND('',#6474,.T.);
#6474 = EDGE_LOOP('',(#6475,#6476,#6484,#6490));
#6475 = ORIENTED_EDGE('',*,*,#1409,.T.);
#6476 = ORIENTED_EDGE('',*,*,#6477,.F.);
#6477 = EDGE_CURVE('',#6478,#1402,#6480,.T.);
#6478 = VERTEX_POINT('',#6479);
#6479 = CARTESIAN_POINT('',(-3.053832721247,3.1126168011E-02,
    5.509999999999));
#6480 = LINE('',#6481,#6482);
#6481 = CARTESIAN_POINT('',(-3.053832721247,3.1126168011E-02,
    5.509999999999));
#6482 = VECTOR('',#6483,1.);
#6483 = DIRECTION('',(0.,0.,-1.));
#6484 = ORIENTED_EDGE('',*,*,#6485,.F.);
#6485 = EDGE_CURVE('',#6454,#6478,#6486,.T.);
#6486 = LINE('',#6487,#6488);
#6487 = CARTESIAN_POINT('',(-3.053832721247,3.1126168011E-02,
    5.509999999999));
#6488 = VECTOR('',#6489,1.);
#6489 = DIRECTION('',(-4.603729852227E-15,1.,0.));
#6490 = ORIENTED_EDGE('',*,*,#6453,.T.);
#6491 = PLANE('',#6492);
#6492 = AXIS2_PLACEMENT_3D('',#6493,#6494,#6495);
#6493 = CARTESIAN_POINT('',(-3.053832721247,3.1126168011E-02,
    5.509999999999));
#6494 = DIRECTION('',(-1.,-4.603729852227E-15,0.));
#6495 = DIRECTION('',(4.603729852227E-15,-1.,0.));
#6496 = ADVANCED_FACE('',(#6497),#6515,.F.);
#6497 = FACE_BOUND('',#6498,.T.);
#6498 = EDGE_LOOP('',(#6499,#6500,#6508,#6514));
#6499 = ORIENTED_EDGE('',*,*,#1401,.T.);
#6500 = ORIENTED_EDGE('',*,*,#6501,.F.);
#6501 = EDGE_CURVE('',#6502,#1394,#6504,.T.);
#6502 = VERTEX_POINT('',#6503);
#6503 = CARTESIAN_POINT('',(-3.081906184987,3.1126168011E-02,
    5.509999999999));
#6504 = LINE('',#6505,#6506);
#6505 = CARTESIAN_POINT('',(-3.081906184987,3.1126168011E-02,
    5.509999999999));
#6506 = VECTOR('',#6507,1.);
#6507 = DIRECTION('',(0.,0.,-1.));
#6508 = ORIENTED_EDGE('',*,*,#6509,.F.);
#6509 = EDGE_CURVE('',#6478,#6502,#6510,.T.);
#6510 = LINE('',#6511,#6512);
#6511 = CARTESIAN_POINT('',(-3.081906184987,3.1126168011E-02,
    5.509999999999));
#6512 = VECTOR('',#6513,1.);
#6513 = DIRECTION('',(-1.,0.,0.));
#6514 = ORIENTED_EDGE('',*,*,#6477,.T.);
#6515 = PLANE('',#6516);
#6516 = AXIS2_PLACEMENT_3D('',#6517,#6518,#6519);
#6517 = CARTESIAN_POINT('',(-3.081906184987,3.1126168011E-02,
    5.509999999999));
#6518 = DIRECTION('',(0.,-1.,0.));
#6519 = DIRECTION('',(0.,0.,-1.));
#6520 = ADVANCED_FACE('',(#6521),#6539,.F.);
#6521 = FACE_BOUND('',#6522,.T.);
#6522 = EDGE_LOOP('',(#6523,#6524,#6532,#6538));
#6523 = ORIENTED_EDGE('',*,*,#1393,.T.);
#6524 = ORIENTED_EDGE('',*,*,#6525,.F.);
#6525 = EDGE_CURVE('',#6526,#1386,#6528,.T.);
#6526 = VERTEX_POINT('',#6527);
#6527 = CARTESIAN_POINT('',(-3.081906184987,-9.4580564071E-02,
    5.509999999999));
#6528 = LINE('',#6529,#6530);
#6529 = CARTESIAN_POINT('',(-3.081906184987,-9.4580564071E-02,
    5.509999999999));
#6530 = VECTOR('',#6531,1.);
#6531 = DIRECTION('',(0.,0.,-1.));
#6532 = ORIENTED_EDGE('',*,*,#6533,.F.);
#6533 = EDGE_CURVE('',#6502,#6526,#6534,.T.);
#6534 = LINE('',#6535,#6536);
#6535 = CARTESIAN_POINT('',(-3.081906184987,-9.4580564071E-02,
    5.509999999999));
#6536 = VECTOR('',#6537,1.);
#6537 = DIRECTION('',(3.449941477354E-15,-1.,0.));
#6538 = ORIENTED_EDGE('',*,*,#6501,.T.);
#6539 = PLANE('',#6540);
#6540 = AXIS2_PLACEMENT_3D('',#6541,#6542,#6543);
#6541 = CARTESIAN_POINT('',(-3.081906184987,-9.4580564071E-02,
    5.509999999999));
#6542 = DIRECTION('',(1.,3.449941477354E-15,0.));
#6543 = DIRECTION('',(-3.449941477354E-15,1.,0.));
#6544 = ADVANCED_FACE('',(#6545),#6563,.F.);
#6545 = FACE_BOUND('',#6546,.T.);
#6546 = EDGE_LOOP('',(#6547,#6548,#6556,#6562));
#6547 = ORIENTED_EDGE('',*,*,#1385,.T.);
#6548 = ORIENTED_EDGE('',*,*,#6549,.F.);
#6549 = EDGE_CURVE('',#6550,#1378,#6552,.T.);
#6550 = VERTEX_POINT('',#6551);
#6551 = CARTESIAN_POINT('',(-2.837854206869,-9.4580564071E-02,
    5.509999999999));
#6552 = LINE('',#6553,#6554);
#6553 = CARTESIAN_POINT('',(-2.837854206869,-9.4580564071E-02,
    5.509999999999));
#6554 = VECTOR('',#6555,1.);
#6555 = DIRECTION('',(0.,0.,-1.));
#6556 = ORIENTED_EDGE('',*,*,#6557,.F.);
#6557 = EDGE_CURVE('',#6526,#6550,#6558,.T.);
#6558 = LINE('',#6559,#6560);
#6559 = CARTESIAN_POINT('',(-2.837854206869,-9.4580564071E-02,
    5.509999999999));
#6560 = VECTOR('',#6561,1.);
#6561 = DIRECTION('',(1.,2.665503096958E-15,0.));
#6562 = ORIENTED_EDGE('',*,*,#6525,.T.);
#6563 = PLANE('',#6564);
#6564 = AXIS2_PLACEMENT_3D('',#6565,#6566,#6567);
#6565 = CARTESIAN_POINT('',(-2.837854206869,-9.4580564071E-02,
    5.509999999999));
#6566 = DIRECTION('',(-2.665503096958E-15,1.,0.));
#6567 = DIRECTION('',(-1.,-2.665503096958E-15,0.));
#6568 = ADVANCED_FACE('',(#6569),#6580,.F.);
#6569 = FACE_BOUND('',#6570,.T.);
#6570 = EDGE_LOOP('',(#6571,#6572,#6573,#6579));
#6571 = ORIENTED_EDGE('',*,*,#1377,.T.);
#6572 = ORIENTED_EDGE('',*,*,#6318,.F.);
#6573 = ORIENTED_EDGE('',*,*,#6574,.F.);
#6574 = EDGE_CURVE('',#6550,#6311,#6575,.T.);
#6575 = LINE('',#6576,#6577);
#6576 = CARTESIAN_POINT('',(-2.837854206869,3.6678475284E-02,
    5.509999999999));
#6577 = VECTOR('',#6578,1.);
#6578 = DIRECTION('',(-3.304007641089E-15,1.,0.));
#6579 = ORIENTED_EDGE('',*,*,#6549,.T.);
#6580 = PLANE('',#6581);
#6581 = AXIS2_PLACEMENT_3D('',#6582,#6583,#6584);
#6582 = CARTESIAN_POINT('',(-2.837854206869,3.6678475284E-02,
    5.509999999999));
#6583 = DIRECTION('',(-1.,-3.304007641089E-15,0.));
#6584 = DIRECTION('',(3.304007641089E-15,-1.,0.));
#6585 = ADVANCED_FACE('',(#6586),#6600,.F.);
#6586 = FACE_BOUND('',#6587,.T.);
#6587 = EDGE_LOOP('',(#6588,#6589,#6590,#6591,#6592,#6593,#6594,#6595,
    #6596,#6597,#6598,#6599));
#6588 = ORIENTED_EDGE('',*,*,#6310,.T.);
#6589 = ORIENTED_EDGE('',*,*,#6341,.T.);
#6590 = ORIENTED_EDGE('',*,*,#6365,.T.);
#6591 = ORIENTED_EDGE('',*,*,#6389,.T.);
#6592 = ORIENTED_EDGE('',*,*,#6413,.T.);
#6593 = ORIENTED_EDGE('',*,*,#6437,.T.);
#6594 = ORIENTED_EDGE('',*,*,#6461,.T.);
#6595 = ORIENTED_EDGE('',*,*,#6485,.T.);
#6596 = ORIENTED_EDGE('',*,*,#6509,.T.);
#6597 = ORIENTED_EDGE('',*,*,#6533,.T.);
#6598 = ORIENTED_EDGE('',*,*,#6557,.T.);
#6599 = ORIENTED_EDGE('',*,*,#6574,.T.);
#6600 = PLANE('',#6601);
#6601 = AXIS2_PLACEMENT_3D('',#6602,#6603,#6604);
#6602 = CARTESIAN_POINT('',(0.,0.,5.509999999999));
#6603 = DIRECTION('',(0.,0.,-1.));
#6604 = DIRECTION('',(-1.,0.,0.));
#6605 = ADVANCED_FACE('',(#6606,#6728),#6800,.T.);
#6606 = FACE_BOUND('',#6607,.T.);
#6607 = EDGE_LOOP('',(#6608,#6619,#6627,#6636,#6645,#6653,#6662,#6671,
    #6680,#6689,#6697,#6705,#6713,#6721));
#6608 = ORIENTED_EDGE('',*,*,#6609,.T.);
#6609 = EDGE_CURVE('',#6610,#6612,#6614,.T.);
#6610 = VERTEX_POINT('',#6611);
#6611 = CARTESIAN_POINT('',(-3.016151894359,0.142983324649,
    5.509999999999));
#6612 = VERTEX_POINT('',#6613);
#6613 = CARTESIAN_POINT('',(-2.999931670865,8.2968497718E-02,
    5.509999999999));
#6614 = B_SPLINE_CURVE_WITH_KNOTS('',3,(#6615,#6616,#6617,#6618),
  .UNSPECIFIED.,.F.,.F.,(4,4),(0.,1.),.PIECEWISE_BEZIER_KNOTS.);
#6615 = CARTESIAN_POINT('',(-3.016151894359,0.142983324649,
    5.509999999999));
#6616 = CARTESIAN_POINT('',(-3.016151894359,0.120275011757,
    5.509999999999));
#6617 = CARTESIAN_POINT('',(-3.01078674351,0.100249274288,5.509999999999
    ));
#6618 = CARTESIAN_POINT('',(-2.999931670865,8.2968497718E-02,
    5.509999999999));
#6619 = ORIENTED_EDGE('',*,*,#6620,.T.);
#6620 = EDGE_CURVE('',#6612,#6621,#6623,.T.);
#6621 = VERTEX_POINT('',#6622);
#6622 = CARTESIAN_POINT('',(-2.970236184774,8.2968497718E-02,
    5.509999999999));
#6623 = LINE('',#6624,#6625);
#6624 = CARTESIAN_POINT('',(-2.970236184774,8.2968497718E-02,
    5.509999999999));
#6625 = VECTOR('',#6626,1.);
#6626 = DIRECTION('',(1.,7.302134534245E-15,0.));
#6627 = ORIENTED_EDGE('',*,*,#6628,.T.);
#6628 = EDGE_CURVE('',#6621,#6629,#6631,.T.);
#6629 = VERTEX_POINT('',#6630);
#6630 = CARTESIAN_POINT('',(-2.991322475317,0.1401135928,5.509999999999)
  );
#6631 = B_SPLINE_CURVE_WITH_KNOTS('',3,(#6632,#6633,#6634,#6635),
  .UNSPECIFIED.,.F.,.F.,(4,4),(12.,13.),.PIECEWISE_BEZIER_KNOTS.);
#6632 = CARTESIAN_POINT('',(-2.970236184774,8.2968497718E-02,
    5.509999999999));
#6633 = CARTESIAN_POINT('',(-2.98421053117,0.100186888813,5.509999999999
    ));
#6634 = CARTESIAN_POINT('',(-2.991322475317,0.119214458681,
    5.509999999999));
#6635 = CARTESIAN_POINT('',(-2.991322475317,0.1401135928,5.509999999999)
  );
#6636 = ORIENTED_EDGE('',*,*,#6637,.T.);
#6637 = EDGE_CURVE('',#6629,#6638,#6640,.T.);
#6638 = VERTEX_POINT('',#6639);
#6639 = CARTESIAN_POINT('',(-2.948650810432,0.175423771638,
    5.509999999999));
#6640 = B_SPLINE_CURVE_WITH_KNOTS('',3,(#6641,#6642,#6643,#6644),
  .UNSPECIFIED.,.F.,.F.,(4,4),(11.,12.),.PIECEWISE_BEZIER_KNOTS.);
#6641 = CARTESIAN_POINT('',(-2.991322475317,0.1401135928,5.509999999999)
  );
#6642 = CARTESIAN_POINT('',(-2.991322475317,0.163632916867,
    5.509999999999));
#6643 = CARTESIAN_POINT('',(-2.977098587022,0.175423771638,
    5.509999999999));
#6644 = CARTESIAN_POINT('',(-2.948650810432,0.175423771638,
    5.509999999999));
#6645 = ORIENTED_EDGE('',*,*,#6646,.T.);
#6646 = EDGE_CURVE('',#6638,#6647,#6649,.T.);
#6647 = VERTEX_POINT('',#6648);
#6648 = CARTESIAN_POINT('',(-2.941414095334,0.123768598355,
    5.509999999999));
#6649 = LINE('',#6650,#6651);
#6650 = CARTESIAN_POINT('',(-2.941414095334,0.123768598355,
    5.509999999999));
#6651 = VECTOR('',#6652,1.);
#6652 = DIRECTION('',(0.138741688482,-0.990328603988,0.));
#6653 = ORIENTED_EDGE('',*,*,#6654,.T.);
#6654 = EDGE_CURVE('',#6647,#6655,#6657,.T.);
#6655 = VERTEX_POINT('',#6656);
#6656 = CARTESIAN_POINT('',(-2.884518542154,6.5937263049E-02,
    5.509999999999));
#6657 = B_SPLINE_CURVE_WITH_KNOTS('',3,(#6658,#6659,#6660,#6661),
  .UNSPECIFIED.,.F.,.F.,(4,4),(9.,10.),.PIECEWISE_BEZIER_KNOTS.);
#6658 = CARTESIAN_POINT('',(-2.941414095334,0.123768598355,
    5.509999999999));
#6659 = CARTESIAN_POINT('',(-2.936048944486,8.5214374818E-02,
    5.509999999999));
#6660 = CARTESIAN_POINT('',(-2.917083760092,6.5937263049E-02,
    5.509999999999));
#6661 = CARTESIAN_POINT('',(-2.884518542154,6.5937263049E-02,
    5.509999999999));
#6662 = ORIENTED_EDGE('',*,*,#6663,.T.);
#6663 = EDGE_CURVE('',#6655,#6664,#6666,.T.);
#6664 = VERTEX_POINT('',#6665);
#6665 = CARTESIAN_POINT('',(-2.847461570015,8.0909777045E-02,
    5.509999999999));
#6666 = B_SPLINE_CURVE_WITH_KNOTS('',3,(#6667,#6668,#6669,#6670),
  .UNSPECIFIED.,.F.,.F.,(4,4),(8.,9.),.PIECEWISE_BEZIER_KNOTS.);
#6667 = CARTESIAN_POINT('',(-2.884518542154,6.5937263049E-02,
    5.509999999999));
#6668 = CARTESIAN_POINT('',(-2.868922173408,6.5937263049E-02,
    5.509999999999));
#6669 = CARTESIAN_POINT('',(-2.856569849362,7.0928101048E-02,
    5.509999999999));
#6670 = CARTESIAN_POINT('',(-2.847461570015,8.0909777045E-02,
    5.509999999999));
#6671 = ORIENTED_EDGE('',*,*,#6672,.T.);
#6672 = EDGE_CURVE('',#6664,#6673,#6675,.T.);
#6673 = VERTEX_POINT('',#6674);
#6674 = CARTESIAN_POINT('',(-2.83373676552,0.121210793881,5.509999999999
    ));
#6675 = B_SPLINE_CURVE_WITH_KNOTS('',3,(#6676,#6677,#6678,#6679),
  .UNSPECIFIED.,.F.,.F.,(4,4),(7.,8.),.PIECEWISE_BEZIER_KNOTS.);
#6676 = CARTESIAN_POINT('',(-2.847461570015,8.0909777045E-02,
    5.509999999999));
#6677 = CARTESIAN_POINT('',(-2.838353290668,9.0891453041E-02,
    5.509999999999));
#6678 = CARTESIAN_POINT('',(-2.83373676552,0.104304330162,5.509999999999
    ));
#6679 = CARTESIAN_POINT('',(-2.83373676552,0.121210793881,5.509999999999
    ));
#6680 = ORIENTED_EDGE('',*,*,#6681,.T.);
#6681 = EDGE_CURVE('',#6673,#6682,#6684,.T.);
#6682 = VERTEX_POINT('',#6683);
#6683 = CARTESIAN_POINT('',(-2.864804732059,0.174612760463,
    5.509999999999));
#6684 = B_SPLINE_CURVE_WITH_KNOTS('',3,(#6685,#6686,#6687,#6688),
  .UNSPECIFIED.,.F.,.F.,(4,4),(6.,7.),.PIECEWISE_BEZIER_KNOTS.);
#6685 = CARTESIAN_POINT('',(-2.83373676552,0.121210793881,5.509999999999
    ));
#6686 = CARTESIAN_POINT('',(-2.83373676552,0.144730117948,5.509999999999
    ));
#6687 = CARTESIAN_POINT('',(-2.844092754367,0.162572363792,
    5.509999999999));
#6688 = CARTESIAN_POINT('',(-2.864804732059,0.174612760463,
    5.509999999999));
#6689 = ORIENTED_EDGE('',*,*,#6690,.T.);
#6690 = EDGE_CURVE('',#6682,#6691,#6693,.T.);
#6691 = VERTEX_POINT('',#6692);
#6692 = CARTESIAN_POINT('',(-2.864804732059,0.175423771638,
    5.509999999999));
#6693 = LINE('',#6694,#6695);
#6694 = CARTESIAN_POINT('',(-2.864804732059,0.175423771638,
    5.509999999999));
#6695 = VECTOR('',#6696,1.);
#6696 = DIRECTION('',(0.,1.,0.));
#6697 = ORIENTED_EDGE('',*,*,#6698,.T.);
#6698 = EDGE_CURVE('',#6691,#6699,#6701,.T.);
#6699 = VERTEX_POINT('',#6700);
#6700 = CARTESIAN_POINT('',(-2.837854206869,0.175423771638,
    5.509999999999));
#6701 = LINE('',#6702,#6703);
#6702 = CARTESIAN_POINT('',(-2.837854206869,0.175423771638,
    5.509999999999));
#6703 = VECTOR('',#6704,1.);
#6704 = DIRECTION('',(1.,0.,0.));
#6705 = ORIENTED_EDGE('',*,*,#6706,.T.);
#6706 = EDGE_CURVE('',#6699,#6707,#6709,.T.);
#6707 = VERTEX_POINT('',#6708);
#6708 = CARTESIAN_POINT('',(-2.837854206869,0.205992654377,
    5.509999999999));
#6709 = LINE('',#6710,#6711);
#6710 = CARTESIAN_POINT('',(-2.837854206869,0.205992654377,
    5.509999999999));
#6711 = VECTOR('',#6712,1.);
#6712 = DIRECTION('',(0.,1.,0.));
#6713 = ORIENTED_EDGE('',*,*,#6714,.T.);
#6714 = EDGE_CURVE('',#6707,#6715,#6717,.T.);
#6715 = VERTEX_POINT('',#6716);
#6716 = CARTESIAN_POINT('',(-2.95002329088,0.205992654377,5.509999999999
    ));
#6717 = LINE('',#6718,#6719);
#6718 = CARTESIAN_POINT('',(-2.95002329088,0.205992654377,5.509999999999
    ));
#6719 = VECTOR('',#6720,1.);
#6720 = DIRECTION('',(-1.,-1.933156862331E-15,0.));
#6721 = ORIENTED_EDGE('',*,*,#6722,.T.);
#6722 = EDGE_CURVE('',#6715,#6610,#6723,.T.);
#6723 = B_SPLINE_CURVE_WITH_KNOTS('',3,(#6724,#6725,#6726,#6727),
  .UNSPECIFIED.,.F.,.F.,(4,4),(1.,2.),.PIECEWISE_BEZIER_KNOTS.);
#6724 = CARTESIAN_POINT('',(-2.95002329088,0.205992654377,5.509999999999
    ));
#6725 = CARTESIAN_POINT('',(-2.994192207166,0.205992654377,
    5.509999999999));
#6726 = CARTESIAN_POINT('',(-3.016151894359,0.184968749309,
    5.509999999999));
#6727 = CARTESIAN_POINT('',(-3.016151894359,0.142983324649,
    5.509999999999));
#6728 = FACE_BOUND('',#6729,.T.);
#6729 = EDGE_LOOP('',(#6730,#6741,#6750,#6758,#6766,#6775,#6784,#6793));
#6730 = ORIENTED_EDGE('',*,*,#6731,.F.);
#6731 = EDGE_CURVE('',#6732,#6734,#6736,.T.);
#6732 = VERTEX_POINT('',#6733);
#6733 = CARTESIAN_POINT('',(-2.909098419294,0.105052955862,
    5.509999999999));
#6734 = VERTEX_POINT('',#6735);
#6735 = CARTESIAN_POINT('',(-2.887013961152,9.6942844114E-02,
    5.509999999999));
#6736 = B_SPLINE_CURVE_WITH_KNOTS('',3,(#6737,#6738,#6739,#6740),
  .UNSPECIFIED.,.F.,.F.,(4,4),(1.,2.),.PIECEWISE_BEZIER_KNOTS.);
#6737 = CARTESIAN_POINT('',(-2.909098419294,0.105052955862,
    5.509999999999));
#6738 = CARTESIAN_POINT('',(-2.903858039397,9.9687805013E-02,
    5.509999999999));
#6739 = CARTESIAN_POINT('',(-2.896496553349,9.6942844114E-02,
    5.509999999999));
#6740 = CARTESIAN_POINT('',(-2.887013961152,9.6942844114E-02,
    5.509999999999));
#6741 = ORIENTED_EDGE('',*,*,#6742,.F.);
#6742 = EDGE_CURVE('',#6743,#6732,#6745,.T.);
#6743 = VERTEX_POINT('',#6744);
#6744 = CARTESIAN_POINT('',(-2.919828720991,0.134623671001,
    5.509999999999));
#6745 = B_SPLINE_CURVE_WITH_KNOTS('',3,(#6746,#6747,#6748,#6749),
  .UNSPECIFIED.,.F.,.F.,(4,4),(0.,1.),.PIECEWISE_BEZIER_KNOTS.);
#6746 = CARTESIAN_POINT('',(-2.919828720991,0.134623671001,
    5.509999999999));
#6747 = CARTESIAN_POINT('',(-2.917832385791,0.120337397231,
    5.509999999999));
#6748 = CARTESIAN_POINT('',(-2.914338799193,0.110480492184,
    5.509999999999));
#6749 = CARTESIAN_POINT('',(-2.909098419294,0.105052955862,
    5.509999999999));
#6750 = ORIENTED_EDGE('',*,*,#6751,.F.);
#6751 = EDGE_CURVE('',#6752,#6743,#6754,.T.);
#6752 = VERTEX_POINT('',#6753);
#6753 = CARTESIAN_POINT('',(-2.92531864279,0.175423771638,5.509999999999
    ));
#6754 = LINE('',#6755,#6756);
#6755 = CARTESIAN_POINT('',(-2.92531864279,0.175423771638,5.509999999999
    ));
#6756 = VECTOR('',#6757,1.);
#6757 = DIRECTION('',(0.133354764893,-0.9910683663,0.));
#6758 = ORIENTED_EDGE('',*,*,#6759,.F.);
#6759 = EDGE_CURVE('',#6760,#6752,#6762,.T.);
#6760 = VERTEX_POINT('',#6761);
#6761 = CARTESIAN_POINT('',(-2.908599335495,0.175423771638,
    5.509999999999));
#6762 = LINE('',#6763,#6764);
#6763 = CARTESIAN_POINT('',(-2.908599335495,0.175423771638,
    5.509999999999));
#6764 = VECTOR('',#6765,1.);
#6765 = DIRECTION('',(-1.,0.,0.));
#6766 = ORIENTED_EDGE('',*,*,#6767,.F.);
#6767 = EDGE_CURVE('',#6768,#6760,#6770,.T.);
#6768 = VERTEX_POINT('',#6769);
#6769 = CARTESIAN_POINT('',(-2.873039614757,0.162322821892,
    5.509999999999));
#6770 = B_SPLINE_CURVE_WITH_KNOTS('',3,(#6771,#6772,#6773,#6774),
  .UNSPECIFIED.,.F.,.F.,(4,4),(5.,6.),.PIECEWISE_BEZIER_KNOTS.);
#6771 = CARTESIAN_POINT('',(-2.873039614757,0.162322821892,
    5.509999999999));
#6772 = CARTESIAN_POINT('',(-2.882397436003,0.171056788389,
    5.509999999999));
#6773 = CARTESIAN_POINT('',(-2.894250676249,0.175423771638,
    5.509999999999));
#6774 = CARTESIAN_POINT('',(-2.908599335495,0.175423771638,
    5.509999999999));
#6775 = ORIENTED_EDGE('',*,*,#6776,.F.);
#6776 = EDGE_CURVE('',#6777,#6768,#6779,.T.);
#6777 = VERTEX_POINT('',#6778);
#6778 = CARTESIAN_POINT('',(-2.858815726462,0.129133749203,
    5.509999999999));
#6779 = B_SPLINE_CURVE_WITH_KNOTS('',3,(#6780,#6781,#6782,#6783),
  .UNSPECIFIED.,.F.,.F.,(4,4),(4.,5.),.PIECEWISE_BEZIER_KNOTS.);
#6780 = CARTESIAN_POINT('',(-2.858815726462,0.129133749203,
    5.509999999999));
#6781 = CARTESIAN_POINT('',(-2.858815726462,0.142546626324,
    5.509999999999));
#6782 = CARTESIAN_POINT('',(-2.86355702256,0.15365124087,5.509999999999)
  );
#6783 = CARTESIAN_POINT('',(-2.873039614757,0.162322821892,
    5.509999999999));
#6784 = ORIENTED_EDGE('',*,*,#6785,.F.);
#6785 = EDGE_CURVE('',#6786,#6777,#6788,.T.);
#6786 = VERTEX_POINT('',#6787);
#6787 = CARTESIAN_POINT('',(-2.866676296308,0.105801581561,
    5.509999999999));
#6788 = B_SPLINE_CURVE_WITH_KNOTS('',3,(#6789,#6790,#6791,#6792),
  .UNSPECIFIED.,.F.,.F.,(4,4),(3.,4.),.PIECEWISE_BEZIER_KNOTS.);
#6789 = CARTESIAN_POINT('',(-2.866676296308,0.105801581561,
    5.509999999999));
#6790 = CARTESIAN_POINT('',(-2.861435916411,0.111665816209,
    5.509999999999));
#6791 = CARTESIAN_POINT('',(-2.858815726462,0.119464000581,
    5.509999999999));
#6792 = CARTESIAN_POINT('',(-2.858815726462,0.129133749203,
    5.509999999999));
#6793 = ORIENTED_EDGE('',*,*,#6794,.F.);
#6794 = EDGE_CURVE('',#6734,#6786,#6795,.T.);
#6795 = B_SPLINE_CURVE_WITH_KNOTS('',3,(#6796,#6797,#6798,#6799),
  .UNSPECIFIED.,.F.,.F.,(4,4),(2.,3.),.PIECEWISE_BEZIER_KNOTS.);
#6796 = CARTESIAN_POINT('',(-2.887013961152,9.6942844114E-02,
    5.509999999999));
#6797 = CARTESIAN_POINT('',(-2.878654307506,9.6942844114E-02,
    5.509999999999));
#6798 = CARTESIAN_POINT('',(-2.871916676207,9.9874961438E-02,
    5.509999999999));
#6799 = CARTESIAN_POINT('',(-2.866676296308,0.105801581561,
    5.509999999999));
#6800 = PLANE('',#6801);
#6801 = AXIS2_PLACEMENT_3D('',#6802,#6803,#6804);
#6802 = CARTESIAN_POINT('',(-3.012112434854,0.110940585063,
    5.509999999999));
#6803 = DIRECTION('',(0.,0.,1.));
#6804 = DIRECTION('',(1.,0.,-0.));
#6805 = ADVANCED_FACE('',(#6806),#6822,.F.);
#6806 = FACE_BOUND('',#6807,.F.);
#6807 = EDGE_LOOP('',(#6808,#6814,#6815,#6821));
#6808 = ORIENTED_EDGE('',*,*,#6809,.F.);
#6809 = EDGE_CURVE('',#6610,#816,#6810,.T.);
#6810 = LINE('',#6811,#6812);
#6811 = CARTESIAN_POINT('',(-3.016151894359,0.142983324649,
    5.509999999999));
#6812 = VECTOR('',#6813,1.);
#6813 = DIRECTION('',(0.,0.,-1.));
#6814 = ORIENTED_EDGE('',*,*,#6609,.T.);
#6815 = ORIENTED_EDGE('',*,*,#6816,.T.);
#6816 = EDGE_CURVE('',#6612,#806,#6817,.T.);
#6817 = LINE('',#6818,#6819);
#6818 = CARTESIAN_POINT('',(-2.999931670865,8.2968497718E-02,
    5.509999999999));
#6819 = VECTOR('',#6820,1.);
#6820 = DIRECTION('',(0.,0.,-1.));
#6821 = ORIENTED_EDGE('',*,*,#815,.F.);
#6822 = B_SPLINE_SURFACE_WITH_KNOTS('',3,1,(
    (#6823,#6824)
    ,(#6825,#6826)
    ,(#6827,#6828)
    ,(#6829,#6830
    )),.UNSPECIFIED.,.F.,.F.,.F.,(4,4),(2,2),(0.,1.),(0.,1.),
  .PIECEWISE_BEZIER_KNOTS.);
#6823 = CARTESIAN_POINT('',(-3.016151894359,0.142983324649,
    5.509999999999));
#6824 = CARTESIAN_POINT('',(-3.016151894359,0.142983324649,
    5.499999999999));
#6825 = CARTESIAN_POINT('',(-3.016151894359,0.120275011757,
    5.509999999999));
#6826 = CARTESIAN_POINT('',(-3.016151894359,0.120275011757,
    5.499999999999));
#6827 = CARTESIAN_POINT('',(-3.01078674351,0.100249274288,5.509999999999
    ));
#6828 = CARTESIAN_POINT('',(-3.01078674351,0.100249274288,5.499999999999
    ));
#6829 = CARTESIAN_POINT('',(-2.999931670865,8.2968497718E-02,
    5.509999999999));
#6830 = CARTESIAN_POINT('',(-2.999931670865,8.2968497718E-02,
    5.499999999999));
#6831 = ADVANCED_FACE('',(#6832),#6843,.F.);
#6832 = FACE_BOUND('',#6833,.T.);
#6833 = EDGE_LOOP('',(#6834,#6835,#6841,#6842));
#6834 = ORIENTED_EDGE('',*,*,#805,.T.);
#6835 = ORIENTED_EDGE('',*,*,#6836,.F.);
#6836 = EDGE_CURVE('',#6621,#808,#6837,.T.);
#6837 = LINE('',#6838,#6839);
#6838 = CARTESIAN_POINT('',(-2.970236184774,8.2968497718E-02,
    5.509999999999));
#6839 = VECTOR('',#6840,1.);
#6840 = DIRECTION('',(0.,0.,-1.));
#6841 = ORIENTED_EDGE('',*,*,#6620,.F.);
#6842 = ORIENTED_EDGE('',*,*,#6816,.T.);
#6843 = PLANE('',#6844);
#6844 = AXIS2_PLACEMENT_3D('',#6845,#6846,#6847);
#6845 = CARTESIAN_POINT('',(-2.970236184774,8.2968497718E-02,
    5.509999999999));
#6846 = DIRECTION('',(-7.302134534245E-15,1.,0.));
#6847 = DIRECTION('',(-1.,-7.302134534245E-15,0.));
#6848 = ADVANCED_FACE('',(#6849),#6860,.F.);
#6849 = FACE_BOUND('',#6850,.F.);
#6850 = EDGE_LOOP('',(#6851,#6852,#6853,#6859));
#6851 = ORIENTED_EDGE('',*,*,#6836,.F.);
#6852 = ORIENTED_EDGE('',*,*,#6628,.T.);
#6853 = ORIENTED_EDGE('',*,*,#6854,.T.);
#6854 = EDGE_CURVE('',#6629,#910,#6855,.T.);
#6855 = LINE('',#6856,#6857);
#6856 = CARTESIAN_POINT('',(-2.991322475317,0.1401135928,5.509999999999)
  );
#6857 = VECTOR('',#6858,1.);
#6858 = DIRECTION('',(0.,0.,-1.));
#6859 = ORIENTED_EDGE('',*,*,#918,.F.);
#6860 = B_SPLINE_SURFACE_WITH_KNOTS('',3,1,(
    (#6861,#6862)
    ,(#6863,#6864)
    ,(#6865,#6866)
    ,(#6867,#6868
    )),.UNSPECIFIED.,.F.,.F.,.F.,(4,4),(2,2),(12.,13.),(0.,1.),
  .PIECEWISE_BEZIER_KNOTS.);
#6861 = CARTESIAN_POINT('',(-2.970236184774,8.2968497718E-02,
    5.509999999999));
#6862 = CARTESIAN_POINT('',(-2.970236184774,8.2968497718E-02,
    5.499999999999));
#6863 = CARTESIAN_POINT('',(-2.98421053117,0.100186888813,5.509999999999
    ));
#6864 = CARTESIAN_POINT('',(-2.98421053117,0.100186888813,5.499999999999
    ));
#6865 = CARTESIAN_POINT('',(-2.991322475317,0.119214458681,
    5.509999999999));
#6866 = CARTESIAN_POINT('',(-2.991322475317,0.119214458681,
    5.499999999999));
#6867 = CARTESIAN_POINT('',(-2.991322475317,0.1401135928,5.509999999999)
  );
#6868 = CARTESIAN_POINT('',(-2.991322475317,0.1401135928,5.499999999999)
  );
#6869 = ADVANCED_FACE('',(#6870),#6881,.F.);
#6870 = FACE_BOUND('',#6871,.F.);
#6871 = EDGE_LOOP('',(#6872,#6873,#6874,#6880));
#6872 = ORIENTED_EDGE('',*,*,#6854,.F.);
#6873 = ORIENTED_EDGE('',*,*,#6637,.T.);
#6874 = ORIENTED_EDGE('',*,*,#6875,.T.);
#6875 = EDGE_CURVE('',#6638,#902,#6876,.T.);
#6876 = LINE('',#6877,#6878);
#6877 = CARTESIAN_POINT('',(-2.948650810432,0.175423771638,
    5.509999999999));
#6878 = VECTOR('',#6879,1.);
#6879 = DIRECTION('',(0.,0.,-1.));
#6880 = ORIENTED_EDGE('',*,*,#909,.F.);
#6881 = B_SPLINE_SURFACE_WITH_KNOTS('',3,1,(
    (#6882,#6883)
    ,(#6884,#6885)
    ,(#6886,#6887)
    ,(#6888,#6889
    )),.UNSPECIFIED.,.F.,.F.,.F.,(4,4),(2,2),(11.,12.),(0.,1.),
  .PIECEWISE_BEZIER_KNOTS.);
#6882 = CARTESIAN_POINT('',(-2.991322475317,0.1401135928,5.509999999999)
  );
#6883 = CARTESIAN_POINT('',(-2.991322475317,0.1401135928,5.499999999999)
  );
#6884 = CARTESIAN_POINT('',(-2.991322475317,0.163632916867,
    5.509999999999));
#6885 = CARTESIAN_POINT('',(-2.991322475317,0.163632916867,
    5.499999999999));
#6886 = CARTESIAN_POINT('',(-2.977098587022,0.175423771638,
    5.509999999999));
#6887 = CARTESIAN_POINT('',(-2.977098587022,0.175423771638,
    5.499999999999));
#6888 = CARTESIAN_POINT('',(-2.948650810432,0.175423771638,
    5.509999999999));
#6889 = CARTESIAN_POINT('',(-2.948650810432,0.175423771638,
    5.499999999999));
#6890 = ADVANCED_FACE('',(#6891),#6902,.F.);
#6891 = FACE_BOUND('',#6892,.T.);
#6892 = EDGE_LOOP('',(#6893,#6894,#6900,#6901));
#6893 = ORIENTED_EDGE('',*,*,#901,.T.);
#6894 = ORIENTED_EDGE('',*,*,#6895,.F.);
#6895 = EDGE_CURVE('',#6647,#893,#6896,.T.);
#6896 = LINE('',#6897,#6898);
#6897 = CARTESIAN_POINT('',(-2.941414095334,0.123768598355,
    5.509999999999));
#6898 = VECTOR('',#6899,1.);
#6899 = DIRECTION('',(0.,0.,-1.));
#6900 = ORIENTED_EDGE('',*,*,#6646,.F.);
#6901 = ORIENTED_EDGE('',*,*,#6875,.T.);
#6902 = PLANE('',#6903);
#6903 = AXIS2_PLACEMENT_3D('',#6904,#6905,#6906);
#6904 = CARTESIAN_POINT('',(-2.941414095334,0.123768598355,
    5.509999999999));
#6905 = DIRECTION('',(0.990328603988,0.138741688482,0.));
#6906 = DIRECTION('',(-0.138741688482,0.990328603988,0.));
#6907 = ADVANCED_FACE('',(#6908),#6919,.F.);
#6908 = FACE_BOUND('',#6909,.F.);
#6909 = EDGE_LOOP('',(#6910,#6911,#6912,#6918));
#6910 = ORIENTED_EDGE('',*,*,#6895,.F.);
#6911 = ORIENTED_EDGE('',*,*,#6654,.T.);
#6912 = ORIENTED_EDGE('',*,*,#6913,.T.);
#6913 = EDGE_CURVE('',#6655,#884,#6914,.T.);
#6914 = LINE('',#6915,#6916);
#6915 = CARTESIAN_POINT('',(-2.884518542154,6.5937263049E-02,
    5.509999999999));
#6916 = VECTOR('',#6917,1.);
#6917 = DIRECTION('',(0.,0.,-1.));
#6918 = ORIENTED_EDGE('',*,*,#892,.F.);
#6919 = B_SPLINE_SURFACE_WITH_KNOTS('',3,1,(
    (#6920,#6921)
    ,(#6922,#6923)
    ,(#6924,#6925)
    ,(#6926,#6927
    )),.UNSPECIFIED.,.F.,.F.,.F.,(4,4),(2,2),(9.,10.),(0.,1.),
  .PIECEWISE_BEZIER_KNOTS.);
#6920 = CARTESIAN_POINT('',(-2.941414095334,0.123768598355,
    5.509999999999));
#6921 = CARTESIAN_POINT('',(-2.941414095334,0.123768598355,
    5.499999999999));
#6922 = CARTESIAN_POINT('',(-2.936048944486,8.5214374818E-02,
    5.509999999999));
#6923 = CARTESIAN_POINT('',(-2.936048944486,8.5214374818E-02,
    5.499999999999));
#6924 = CARTESIAN_POINT('',(-2.917083760092,6.5937263049E-02,
    5.509999999999));
#6925 = CARTESIAN_POINT('',(-2.917083760092,6.5937263049E-02,
    5.499999999999));
#6926 = CARTESIAN_POINT('',(-2.884518542154,6.5937263049E-02,
    5.509999999999));
#6927 = CARTESIAN_POINT('',(-2.884518542154,6.5937263049E-02,
    5.499999999999));
#6928 = ADVANCED_FACE('',(#6929),#6940,.F.);
#6929 = FACE_BOUND('',#6930,.F.);
#6930 = EDGE_LOOP('',(#6931,#6932,#6933,#6939));
#6931 = ORIENTED_EDGE('',*,*,#6913,.F.);
#6932 = ORIENTED_EDGE('',*,*,#6663,.T.);
#6933 = ORIENTED_EDGE('',*,*,#6934,.T.);
#6934 = EDGE_CURVE('',#6664,#875,#6935,.T.);
#6935 = LINE('',#6936,#6937);
#6936 = CARTESIAN_POINT('',(-2.847461570015,8.0909777045E-02,
    5.509999999999));
#6937 = VECTOR('',#6938,1.);
#6938 = DIRECTION('',(0.,0.,-1.));
#6939 = ORIENTED_EDGE('',*,*,#883,.F.);
#6940 = B_SPLINE_SURFACE_WITH_KNOTS('',3,1,(
    (#6941,#6942)
    ,(#6943,#6944)
    ,(#6945,#6946)
    ,(#6947,#6948
    )),.UNSPECIFIED.,.F.,.F.,.F.,(4,4),(2,2),(8.,9.),(0.,1.),
  .PIECEWISE_BEZIER_KNOTS.);
#6941 = CARTESIAN_POINT('',(-2.884518542154,6.5937263049E-02,
    5.509999999999));
#6942 = CARTESIAN_POINT('',(-2.884518542154,6.5937263049E-02,
    5.499999999999));
#6943 = CARTESIAN_POINT('',(-2.868922173408,6.5937263049E-02,
    5.509999999999));
#6944 = CARTESIAN_POINT('',(-2.868922173408,6.5937263049E-02,
    5.499999999999));
#6945 = CARTESIAN_POINT('',(-2.856569849362,7.0928101048E-02,
    5.509999999999));
#6946 = CARTESIAN_POINT('',(-2.856569849362,7.0928101048E-02,
    5.499999999999));
#6947 = CARTESIAN_POINT('',(-2.847461570015,8.0909777045E-02,
    5.509999999999));
#6948 = CARTESIAN_POINT('',(-2.847461570015,8.0909777045E-02,
    5.499999999999));
#6949 = ADVANCED_FACE('',(#6950),#6961,.F.);
#6950 = FACE_BOUND('',#6951,.F.);
#6951 = EDGE_LOOP('',(#6952,#6953,#6954,#6960));
#6952 = ORIENTED_EDGE('',*,*,#6934,.F.);
#6953 = ORIENTED_EDGE('',*,*,#6672,.T.);
#6954 = ORIENTED_EDGE('',*,*,#6955,.T.);
#6955 = EDGE_CURVE('',#6673,#866,#6956,.T.);
#6956 = LINE('',#6957,#6958);
#6957 = CARTESIAN_POINT('',(-2.83373676552,0.121210793881,5.509999999999
    ));
#6958 = VECTOR('',#6959,1.);
#6959 = DIRECTION('',(0.,0.,-1.));
#6960 = ORIENTED_EDGE('',*,*,#874,.F.);
#6961 = B_SPLINE_SURFACE_WITH_KNOTS('',3,1,(
    (#6962,#6963)
    ,(#6964,#6965)
    ,(#6966,#6967)
    ,(#6968,#6969
    )),.UNSPECIFIED.,.F.,.F.,.F.,(4,4),(2,2),(7.,8.),(0.,1.),
  .PIECEWISE_BEZIER_KNOTS.);
#6962 = CARTESIAN_POINT('',(-2.847461570015,8.0909777045E-02,
    5.509999999999));
#6963 = CARTESIAN_POINT('',(-2.847461570015,8.0909777045E-02,
    5.499999999999));
#6964 = CARTESIAN_POINT('',(-2.838353290668,9.0891453041E-02,
    5.509999999999));
#6965 = CARTESIAN_POINT('',(-2.838353290668,9.0891453041E-02,
    5.499999999999));
#6966 = CARTESIAN_POINT('',(-2.83373676552,0.104304330162,5.509999999999
    ));
#6967 = CARTESIAN_POINT('',(-2.83373676552,0.104304330162,5.499999999999
    ));
#6968 = CARTESIAN_POINT('',(-2.83373676552,0.121210793881,5.509999999999
    ));
#6969 = CARTESIAN_POINT('',(-2.83373676552,0.121210793881,5.499999999999
    ));
#6970 = ADVANCED_FACE('',(#6971),#6982,.F.);
#6971 = FACE_BOUND('',#6972,.F.);
#6972 = EDGE_LOOP('',(#6973,#6974,#6975,#6981));
#6973 = ORIENTED_EDGE('',*,*,#6955,.F.);
#6974 = ORIENTED_EDGE('',*,*,#6681,.T.);
#6975 = ORIENTED_EDGE('',*,*,#6976,.T.);
#6976 = EDGE_CURVE('',#6682,#858,#6977,.T.);
#6977 = LINE('',#6978,#6979);
#6978 = CARTESIAN_POINT('',(-2.864804732059,0.174612760463,
    5.509999999999));
#6979 = VECTOR('',#6980,1.);
#6980 = DIRECTION('',(0.,0.,-1.));
#6981 = ORIENTED_EDGE('',*,*,#865,.F.);
#6982 = B_SPLINE_SURFACE_WITH_KNOTS('',3,1,(
    (#6983,#6984)
    ,(#6985,#6986)
    ,(#6987,#6988)
    ,(#6989,#6990
    )),.UNSPECIFIED.,.F.,.F.,.F.,(4,4),(2,2),(6.,7.),(0.,1.),
  .PIECEWISE_BEZIER_KNOTS.);
#6983 = CARTESIAN_POINT('',(-2.83373676552,0.121210793881,5.509999999999
    ));
#6984 = CARTESIAN_POINT('',(-2.83373676552,0.121210793881,5.499999999999
    ));
#6985 = CARTESIAN_POINT('',(-2.83373676552,0.144730117948,5.509999999999
    ));
#6986 = CARTESIAN_POINT('',(-2.83373676552,0.144730117948,5.499999999999
    ));
#6987 = CARTESIAN_POINT('',(-2.844092754367,0.162572363792,
    5.509999999999));
#6988 = CARTESIAN_POINT('',(-2.844092754367,0.162572363792,
    5.499999999999));
#6989 = CARTESIAN_POINT('',(-2.864804732059,0.174612760463,
    5.509999999999));
#6990 = CARTESIAN_POINT('',(-2.864804732059,0.174612760463,
    5.499999999999));
#6991 = ADVANCED_FACE('',(#6992),#7003,.F.);
#6992 = FACE_BOUND('',#6993,.T.);
#6993 = EDGE_LOOP('',(#6994,#6995,#7001,#7002));
#6994 = ORIENTED_EDGE('',*,*,#857,.T.);
#6995 = ORIENTED_EDGE('',*,*,#6996,.F.);
#6996 = EDGE_CURVE('',#6691,#850,#6997,.T.);
#6997 = LINE('',#6998,#6999);
#6998 = CARTESIAN_POINT('',(-2.864804732059,0.175423771638,
    5.509999999999));
#6999 = VECTOR('',#7000,1.);
#7000 = DIRECTION('',(0.,0.,-1.));
#7001 = ORIENTED_EDGE('',*,*,#6690,.F.);
#7002 = ORIENTED_EDGE('',*,*,#6976,.T.);
#7003 = PLANE('',#7004);
#7004 = AXIS2_PLACEMENT_3D('',#7005,#7006,#7007);
#7005 = CARTESIAN_POINT('',(-2.864804732059,0.175423771638,
    5.509999999999));
#7006 = DIRECTION('',(-1.,0.,0.));
#7007 = DIRECTION('',(0.,0.,1.));
#7008 = ADVANCED_FACE('',(#7009),#7020,.F.);
#7009 = FACE_BOUND('',#7010,.T.);
#7010 = EDGE_LOOP('',(#7011,#7012,#7018,#7019));
#7011 = ORIENTED_EDGE('',*,*,#849,.T.);
#7012 = ORIENTED_EDGE('',*,*,#7013,.F.);
#7013 = EDGE_CURVE('',#6699,#842,#7014,.T.);
#7014 = LINE('',#7015,#7016);
#7015 = CARTESIAN_POINT('',(-2.837854206869,0.175423771638,
    5.509999999999));
#7016 = VECTOR('',#7017,1.);
#7017 = DIRECTION('',(0.,0.,-1.));
#7018 = ORIENTED_EDGE('',*,*,#6698,.F.);
#7019 = ORIENTED_EDGE('',*,*,#6996,.T.);
#7020 = PLANE('',#7021);
#7021 = AXIS2_PLACEMENT_3D('',#7022,#7023,#7024);
#7022 = CARTESIAN_POINT('',(-2.837854206869,0.175423771638,
    5.509999999999));
#7023 = DIRECTION('',(0.,1.,0.));
#7024 = DIRECTION('',(0.,-0.,1.));
#7025 = ADVANCED_FACE('',(#7026),#7037,.F.);
#7026 = FACE_BOUND('',#7027,.T.);
#7027 = EDGE_LOOP('',(#7028,#7029,#7035,#7036));
#7028 = ORIENTED_EDGE('',*,*,#841,.T.);
#7029 = ORIENTED_EDGE('',*,*,#7030,.F.);
#7030 = EDGE_CURVE('',#6707,#834,#7031,.T.);
#7031 = LINE('',#7032,#7033);
#7032 = CARTESIAN_POINT('',(-2.837854206869,0.205992654377,
    5.509999999999));
#7033 = VECTOR('',#7034,1.);
#7034 = DIRECTION('',(0.,0.,-1.));
#7035 = ORIENTED_EDGE('',*,*,#6706,.F.);
#7036 = ORIENTED_EDGE('',*,*,#7013,.T.);
#7037 = PLANE('',#7038);
#7038 = AXIS2_PLACEMENT_3D('',#7039,#7040,#7041);
#7039 = CARTESIAN_POINT('',(-2.837854206869,0.205992654377,
    5.509999999999));
#7040 = DIRECTION('',(-1.,0.,0.));
#7041 = DIRECTION('',(0.,0.,1.));
#7042 = ADVANCED_FACE('',(#7043),#7054,.F.);
#7043 = FACE_BOUND('',#7044,.T.);
#7044 = EDGE_LOOP('',(#7045,#7046,#7052,#7053));
#7045 = ORIENTED_EDGE('',*,*,#833,.T.);
#7046 = ORIENTED_EDGE('',*,*,#7047,.F.);
#7047 = EDGE_CURVE('',#6715,#825,#7048,.T.);
#7048 = LINE('',#7049,#7050);
#7049 = CARTESIAN_POINT('',(-2.95002329088,0.205992654377,5.509999999999
    ));
#7050 = VECTOR('',#7051,1.);
#7051 = DIRECTION('',(0.,0.,-1.));
#7052 = ORIENTED_EDGE('',*,*,#6714,.F.);
#7053 = ORIENTED_EDGE('',*,*,#7030,.T.);
#7054 = PLANE('',#7055);
#7055 = AXIS2_PLACEMENT_3D('',#7056,#7057,#7058);
#7056 = CARTESIAN_POINT('',(-2.95002329088,0.205992654377,5.509999999999
    ));
#7057 = DIRECTION('',(1.933156862331E-15,-1.,0.));
#7058 = DIRECTION('',(1.,1.933156862331E-15,0.));
#7059 = ADVANCED_FACE('',(#7060),#7066,.F.);
#7060 = FACE_BOUND('',#7061,.F.);
#7061 = EDGE_LOOP('',(#7062,#7063,#7064,#7065));
#7062 = ORIENTED_EDGE('',*,*,#7047,.F.);
#7063 = ORIENTED_EDGE('',*,*,#6722,.T.);
#7064 = ORIENTED_EDGE('',*,*,#6809,.T.);
#7065 = ORIENTED_EDGE('',*,*,#824,.F.);
#7066 = B_SPLINE_SURFACE_WITH_KNOTS('',3,1,(
    (#7067,#7068)
    ,(#7069,#7070)
    ,(#7071,#7072)
    ,(#7073,#7074
    )),.UNSPECIFIED.,.F.,.F.,.F.,(4,4),(2,2),(1.,2.),(0.,1.),
  .PIECEWISE_BEZIER_KNOTS.);
#7067 = CARTESIAN_POINT('',(-2.95002329088,0.205992654377,5.509999999999
    ));
#7068 = CARTESIAN_POINT('',(-2.95002329088,0.205992654377,5.499999999999
    ));
#7069 = CARTESIAN_POINT('',(-2.994192207166,0.205992654377,
    5.509999999999));
#7070 = CARTESIAN_POINT('',(-2.994192207166,0.205992654377,
    5.499999999999));
#7071 = CARTESIAN_POINT('',(-3.016151894359,0.184968749309,
    5.509999999999));
#7072 = CARTESIAN_POINT('',(-3.016151894359,0.184968749309,
    5.499999999999));
#7073 = CARTESIAN_POINT('',(-3.016151894359,0.142983324649,
    5.509999999999));
#7074 = CARTESIAN_POINT('',(-3.016151894359,0.142983324649,
    5.499999999999));
#7075 = ADVANCED_FACE('',(#7076),#7102,.T.);
#7076 = FACE_BOUND('',#7077,.T.);
#7077 = EDGE_LOOP('',(#7078,#7089,#7095,#7096));
#7078 = ORIENTED_EDGE('',*,*,#7079,.F.);
#7079 = EDGE_CURVE('',#7080,#7082,#7084,.T.);
#7080 = VERTEX_POINT('',#7081);
#7081 = CARTESIAN_POINT('',(-2.919828720991,0.134623671001,5.5));
#7082 = VERTEX_POINT('',#7083);
#7083 = CARTESIAN_POINT('',(-2.909098419294,0.105052955862,5.5));
#7084 = B_SPLINE_CURVE_WITH_KNOTS('',3,(#7085,#7086,#7087,#7088),
  .UNSPECIFIED.,.F.,.F.,(4,4),(0.,1.),.PIECEWISE_BEZIER_KNOTS.);
#7085 = CARTESIAN_POINT('',(-2.919828720991,0.134623671001,5.5));
#7086 = CARTESIAN_POINT('',(-2.917832385791,0.120337397231,
    5.499999999999));
#7087 = CARTESIAN_POINT('',(-2.914338799193,0.110480492184,
    5.499999999999));
#7088 = CARTESIAN_POINT('',(-2.909098419294,0.105052955862,5.5));
#7089 = ORIENTED_EDGE('',*,*,#7090,.F.);
#7090 = EDGE_CURVE('',#6743,#7080,#7091,.T.);
#7091 = LINE('',#7092,#7093);
#7092 = CARTESIAN_POINT('',(-2.919828720991,0.134623671001,
    5.509999999999));
#7093 = VECTOR('',#7094,1.);
#7094 = DIRECTION('',(0.,0.,-1.));
#7095 = ORIENTED_EDGE('',*,*,#6742,.T.);
#7096 = ORIENTED_EDGE('',*,*,#7097,.T.);
#7097 = EDGE_CURVE('',#6732,#7082,#7098,.T.);
#7098 = LINE('',#7099,#7100);
#7099 = CARTESIAN_POINT('',(-2.909098419294,0.105052955862,
    5.509999999999));
#7100 = VECTOR('',#7101,1.);
#7101 = DIRECTION('',(0.,0.,-1.));
#7102 = B_SPLINE_SURFACE_WITH_KNOTS('',3,1,(
    (#7103,#7104)
    ,(#7105,#7106)
    ,(#7107,#7108)
    ,(#7109,#7110
    )),.UNSPECIFIED.,.F.,.F.,.F.,(4,4),(2,2),(0.,1.),(0.,1.),
  .PIECEWISE_BEZIER_KNOTS.);
#7103 = CARTESIAN_POINT('',(-2.919828720991,0.134623671001,
    5.509999999999));
#7104 = CARTESIAN_POINT('',(-2.919828720991,0.134623671001,5.5));
#7105 = CARTESIAN_POINT('',(-2.917832385791,0.120337397231,
    5.509999999999));
#7106 = CARTESIAN_POINT('',(-2.917832385791,0.120337397231,5.5));
#7107 = CARTESIAN_POINT('',(-2.914338799193,0.110480492184,
    5.509999999999));
#7108 = CARTESIAN_POINT('',(-2.914338799193,0.110480492184,5.5));
#7109 = CARTESIAN_POINT('',(-2.909098419294,0.105052955862,
    5.509999999999));
#7110 = CARTESIAN_POINT('',(-2.909098419294,0.105052955862,5.5));
#7111 = ADVANCED_FACE('',(#7112),#7131,.T.);
#7112 = FACE_BOUND('',#7113,.T.);
#7113 = EDGE_LOOP('',(#7114,#7123,#7124,#7125));
#7114 = ORIENTED_EDGE('',*,*,#7115,.F.);
#7115 = EDGE_CURVE('',#7082,#7116,#7118,.T.);
#7116 = VERTEX_POINT('',#7117);
#7117 = CARTESIAN_POINT('',(-2.887013961152,9.6942844114E-02,5.5));
#7118 = B_SPLINE_CURVE_WITH_KNOTS('',3,(#7119,#7120,#7121,#7122),
  .UNSPECIFIED.,.F.,.F.,(4,4),(1.,2.),.PIECEWISE_BEZIER_KNOTS.);
#7119 = CARTESIAN_POINT('',(-2.909098419294,0.105052955862,5.5));
#7120 = CARTESIAN_POINT('',(-2.903858039397,9.9687805013E-02,
    5.499999999999));
#7121 = CARTESIAN_POINT('',(-2.896496553349,9.6942844114E-02,
    5.499999999999));
#7122 = CARTESIAN_POINT('',(-2.887013961152,9.6942844114E-02,5.5));
#7123 = ORIENTED_EDGE('',*,*,#7097,.F.);
#7124 = ORIENTED_EDGE('',*,*,#6731,.T.);
#7125 = ORIENTED_EDGE('',*,*,#7126,.T.);
#7126 = EDGE_CURVE('',#6734,#7116,#7127,.T.);
#7127 = LINE('',#7128,#7129);
#7128 = CARTESIAN_POINT('',(-2.887013961152,9.6942844114E-02,
    5.509999999999));
#7129 = VECTOR('',#7130,1.);
#7130 = DIRECTION('',(0.,0.,-1.));
#7131 = B_SPLINE_SURFACE_WITH_KNOTS('',3,1,(
    (#7132,#7133)
    ,(#7134,#7135)
    ,(#7136,#7137)
    ,(#7138,#7139
    )),.UNSPECIFIED.,.F.,.F.,.F.,(4,4),(2,2),(1.,2.),(0.,1.),
  .PIECEWISE_BEZIER_KNOTS.);
#7132 = CARTESIAN_POINT('',(-2.909098419294,0.105052955862,
    5.509999999999));
#7133 = CARTESIAN_POINT('',(-2.909098419294,0.105052955862,5.5));
#7134 = CARTESIAN_POINT('',(-2.903858039397,9.9687805013E-02,
    5.509999999999));
#7135 = CARTESIAN_POINT('',(-2.903858039397,9.9687805013E-02,5.5));
#7136 = CARTESIAN_POINT('',(-2.896496553349,9.6942844114E-02,
    5.509999999999));
#7137 = CARTESIAN_POINT('',(-2.896496553349,9.6942844114E-02,5.5));
#7138 = CARTESIAN_POINT('',(-2.887013961152,9.6942844114E-02,
    5.509999999999));
#7139 = CARTESIAN_POINT('',(-2.887013961152,9.6942844114E-02,5.5));
#7140 = ADVANCED_FACE('',(#7141),#7160,.T.);
#7141 = FACE_BOUND('',#7142,.T.);
#7142 = EDGE_LOOP('',(#7143,#7152,#7153,#7154));
#7143 = ORIENTED_EDGE('',*,*,#7144,.F.);
#7144 = EDGE_CURVE('',#7116,#7145,#7147,.T.);
#7145 = VERTEX_POINT('',#7146);
#7146 = CARTESIAN_POINT('',(-2.866676296308,0.105801581561,5.5));
#7147 = B_SPLINE_CURVE_WITH_KNOTS('',3,(#7148,#7149,#7150,#7151),
  .UNSPECIFIED.,.F.,.F.,(4,4),(2.,3.),.PIECEWISE_BEZIER_KNOTS.);
#7148 = CARTESIAN_POINT('',(-2.887013961152,9.6942844114E-02,5.5));
#7149 = CARTESIAN_POINT('',(-2.878654307506,9.6942844114E-02,
    5.499999999999));
#7150 = CARTESIAN_POINT('',(-2.871916676207,9.9874961438E-02,
    5.499999999999));
#7151 = CARTESIAN_POINT('',(-2.866676296308,0.105801581561,5.5));
#7152 = ORIENTED_EDGE('',*,*,#7126,.F.);
#7153 = ORIENTED_EDGE('',*,*,#6794,.T.);
#7154 = ORIENTED_EDGE('',*,*,#7155,.T.);
#7155 = EDGE_CURVE('',#6786,#7145,#7156,.T.);
#7156 = LINE('',#7157,#7158);
#7157 = CARTESIAN_POINT('',(-2.866676296308,0.105801581561,
    5.509999999999));
#7158 = VECTOR('',#7159,1.);
#7159 = DIRECTION('',(0.,0.,-1.));
#7160 = B_SPLINE_SURFACE_WITH_KNOTS('',3,1,(
    (#7161,#7162)
    ,(#7163,#7164)
    ,(#7165,#7166)
    ,(#7167,#7168
    )),.UNSPECIFIED.,.F.,.F.,.F.,(4,4),(2,2),(2.,3.),(0.,1.),
  .PIECEWISE_BEZIER_KNOTS.);
#7161 = CARTESIAN_POINT('',(-2.887013961152,9.6942844114E-02,
    5.509999999999));
#7162 = CARTESIAN_POINT('',(-2.887013961152,9.6942844114E-02,5.5));
#7163 = CARTESIAN_POINT('',(-2.878654307506,9.6942844114E-02,
    5.509999999999));
#7164 = CARTESIAN_POINT('',(-2.878654307506,9.6942844114E-02,5.5));
#7165 = CARTESIAN_POINT('',(-2.871916676207,9.9874961438E-02,
    5.509999999999));
#7166 = CARTESIAN_POINT('',(-2.871916676207,9.9874961438E-02,5.5));
#7167 = CARTESIAN_POINT('',(-2.866676296308,0.105801581561,
    5.509999999999));
#7168 = CARTESIAN_POINT('',(-2.866676296308,0.105801581561,5.5));
#7169 = ADVANCED_FACE('',(#7170),#7189,.T.);
#7170 = FACE_BOUND('',#7171,.T.);
#7171 = EDGE_LOOP('',(#7172,#7181,#7182,#7183));
#7172 = ORIENTED_EDGE('',*,*,#7173,.F.);
#7173 = EDGE_CURVE('',#7145,#7174,#7176,.T.);
#7174 = VERTEX_POINT('',#7175);
#7175 = CARTESIAN_POINT('',(-2.858815726462,0.129133749203,5.5));
#7176 = B_SPLINE_CURVE_WITH_KNOTS('',3,(#7177,#7178,#7179,#7180),
  .UNSPECIFIED.,.F.,.F.,(4,4),(3.,4.),.PIECEWISE_BEZIER_KNOTS.);
#7177 = CARTESIAN_POINT('',(-2.866676296308,0.105801581561,5.5));
#7178 = CARTESIAN_POINT('',(-2.861435916411,0.111665816209,
    5.499999999999));
#7179 = CARTESIAN_POINT('',(-2.858815726462,0.119464000581,
    5.499999999999));
#7180 = CARTESIAN_POINT('',(-2.858815726462,0.129133749203,5.5));
#7181 = ORIENTED_EDGE('',*,*,#7155,.F.);
#7182 = ORIENTED_EDGE('',*,*,#6785,.T.);
#7183 = ORIENTED_EDGE('',*,*,#7184,.T.);
#7184 = EDGE_CURVE('',#6777,#7174,#7185,.T.);
#7185 = LINE('',#7186,#7187);
#7186 = CARTESIAN_POINT('',(-2.858815726462,0.129133749203,
    5.509999999999));
#7187 = VECTOR('',#7188,1.);
#7188 = DIRECTION('',(0.,0.,-1.));
#7189 = B_SPLINE_SURFACE_WITH_KNOTS('',3,1,(
    (#7190,#7191)
    ,(#7192,#7193)
    ,(#7194,#7195)
    ,(#7196,#7197
    )),.UNSPECIFIED.,.F.,.F.,.F.,(4,4),(2,2),(3.,4.),(0.,1.),
  .PIECEWISE_BEZIER_KNOTS.);
#7190 = CARTESIAN_POINT('',(-2.866676296308,0.105801581561,
    5.509999999999));
#7191 = CARTESIAN_POINT('',(-2.866676296308,0.105801581561,5.5));
#7192 = CARTESIAN_POINT('',(-2.861435916411,0.111665816209,
    5.509999999999));
#7193 = CARTESIAN_POINT('',(-2.861435916411,0.111665816209,5.5));
#7194 = CARTESIAN_POINT('',(-2.858815726462,0.119464000581,
    5.509999999999));
#7195 = CARTESIAN_POINT('',(-2.858815726462,0.119464000581,5.5));
#7196 = CARTESIAN_POINT('',(-2.858815726462,0.129133749203,
    5.509999999999));
#7197 = CARTESIAN_POINT('',(-2.858815726462,0.129133749203,5.5));
#7198 = ADVANCED_FACE('',(#7199),#7218,.T.);
#7199 = FACE_BOUND('',#7200,.T.);
#7200 = EDGE_LOOP('',(#7201,#7210,#7211,#7212));
#7201 = ORIENTED_EDGE('',*,*,#7202,.F.);
#7202 = EDGE_CURVE('',#7174,#7203,#7205,.T.);
#7203 = VERTEX_POINT('',#7204);
#7204 = CARTESIAN_POINT('',(-2.873039614757,0.162322821892,5.5));
#7205 = B_SPLINE_CURVE_WITH_KNOTS('',3,(#7206,#7207,#7208,#7209),
  .UNSPECIFIED.,.F.,.F.,(4,4),(4.,5.),.PIECEWISE_BEZIER_KNOTS.);
#7206 = CARTESIAN_POINT('',(-2.858815726462,0.129133749203,5.5));
#7207 = CARTESIAN_POINT('',(-2.858815726462,0.142546626324,
    5.499999999999));
#7208 = CARTESIAN_POINT('',(-2.86355702256,0.15365124087,5.499999999999)
  );
#7209 = CARTESIAN_POINT('',(-2.873039614757,0.162322821892,5.5));
#7210 = ORIENTED_EDGE('',*,*,#7184,.F.);
#7211 = ORIENTED_EDGE('',*,*,#6776,.T.);
#7212 = ORIENTED_EDGE('',*,*,#7213,.T.);
#7213 = EDGE_CURVE('',#6768,#7203,#7214,.T.);
#7214 = LINE('',#7215,#7216);
#7215 = CARTESIAN_POINT('',(-2.873039614757,0.162322821892,
    5.509999999999));
#7216 = VECTOR('',#7217,1.);
#7217 = DIRECTION('',(0.,0.,-1.));
#7218 = B_SPLINE_SURFACE_WITH_KNOTS('',3,1,(
    (#7219,#7220)
    ,(#7221,#7222)
    ,(#7223,#7224)
    ,(#7225,#7226
    )),.UNSPECIFIED.,.F.,.F.,.F.,(4,4),(2,2),(4.,5.),(0.,1.),
  .PIECEWISE_BEZIER_KNOTS.);
#7219 = CARTESIAN_POINT('',(-2.858815726462,0.129133749203,
    5.509999999999));
#7220 = CARTESIAN_POINT('',(-2.858815726462,0.129133749203,5.5));
#7221 = CARTESIAN_POINT('',(-2.858815726462,0.142546626324,
    5.509999999999));
#7222 = CARTESIAN_POINT('',(-2.858815726462,0.142546626324,5.5));
#7223 = CARTESIAN_POINT('',(-2.86355702256,0.15365124087,5.509999999999)
  );
#7224 = CARTESIAN_POINT('',(-2.86355702256,0.15365124087,5.5));
#7225 = CARTESIAN_POINT('',(-2.873039614757,0.162322821892,
    5.509999999999));
#7226 = CARTESIAN_POINT('',(-2.873039614757,0.162322821892,5.5));
#7227 = ADVANCED_FACE('',(#7228),#7247,.T.);
#7228 = FACE_BOUND('',#7229,.T.);
#7229 = EDGE_LOOP('',(#7230,#7239,#7240,#7241));
#7230 = ORIENTED_EDGE('',*,*,#7231,.F.);
#7231 = EDGE_CURVE('',#7203,#7232,#7234,.T.);
#7232 = VERTEX_POINT('',#7233);
#7233 = CARTESIAN_POINT('',(-2.908599335495,0.175423771638,5.5));
#7234 = B_SPLINE_CURVE_WITH_KNOTS('',3,(#7235,#7236,#7237,#7238),
  .UNSPECIFIED.,.F.,.F.,(4,4),(5.,6.),.PIECEWISE_BEZIER_KNOTS.);
#7235 = CARTESIAN_POINT('',(-2.873039614757,0.162322821892,5.5));
#7236 = CARTESIAN_POINT('',(-2.882397436003,0.171056788389,
    5.499999999999));
#7237 = CARTESIAN_POINT('',(-2.894250676249,0.175423771638,
    5.499999999999));
#7238 = CARTESIAN_POINT('',(-2.908599335495,0.175423771638,5.5));
#7239 = ORIENTED_EDGE('',*,*,#7213,.F.);
#7240 = ORIENTED_EDGE('',*,*,#6767,.T.);
#7241 = ORIENTED_EDGE('',*,*,#7242,.T.);
#7242 = EDGE_CURVE('',#6760,#7232,#7243,.T.);
#7243 = LINE('',#7244,#7245);
#7244 = CARTESIAN_POINT('',(-2.908599335495,0.175423771638,
    5.509999999999));
#7245 = VECTOR('',#7246,1.);
#7246 = DIRECTION('',(0.,0.,-1.));
#7247 = B_SPLINE_SURFACE_WITH_KNOTS('',3,1,(
    (#7248,#7249)
    ,(#7250,#7251)
    ,(#7252,#7253)
    ,(#7254,#7255
    )),.UNSPECIFIED.,.F.,.F.,.F.,(4,4),(2,2),(5.,6.),(0.,1.),
  .PIECEWISE_BEZIER_KNOTS.);
#7248 = CARTESIAN_POINT('',(-2.873039614757,0.162322821892,
    5.509999999999));
#7249 = CARTESIAN_POINT('',(-2.873039614757,0.162322821892,5.5));
#7250 = CARTESIAN_POINT('',(-2.882397436003,0.171056788389,
    5.509999999999));
#7251 = CARTESIAN_POINT('',(-2.882397436003,0.171056788389,5.5));
#7252 = CARTESIAN_POINT('',(-2.894250676249,0.175423771638,
    5.509999999999));
#7253 = CARTESIAN_POINT('',(-2.894250676249,0.175423771638,5.5));
#7254 = CARTESIAN_POINT('',(-2.908599335495,0.175423771638,
    5.509999999999));
#7255 = CARTESIAN_POINT('',(-2.908599335495,0.175423771638,5.5));
#7256 = ADVANCED_FACE('',(#7257),#7275,.T.);
#7257 = FACE_BOUND('',#7258,.T.);
#7258 = EDGE_LOOP('',(#7259,#7267,#7268,#7269));
#7259 = ORIENTED_EDGE('',*,*,#7260,.F.);
#7260 = EDGE_CURVE('',#7232,#7261,#7263,.T.);
#7261 = VERTEX_POINT('',#7262);
#7262 = CARTESIAN_POINT('',(-2.92531864279,0.175423771638,5.5));
#7263 = LINE('',#7264,#7265);
#7264 = CARTESIAN_POINT('',(-2.908599335495,0.175423771638,5.5));
#7265 = VECTOR('',#7266,1.);
#7266 = DIRECTION('',(-1.,0.,0.));
#7267 = ORIENTED_EDGE('',*,*,#7242,.F.);
#7268 = ORIENTED_EDGE('',*,*,#6759,.T.);
#7269 = ORIENTED_EDGE('',*,*,#7270,.T.);
#7270 = EDGE_CURVE('',#6752,#7261,#7271,.T.);
#7271 = LINE('',#7272,#7273);
#7272 = CARTESIAN_POINT('',(-2.92531864279,0.175423771638,5.509999999999
    ));
#7273 = VECTOR('',#7274,1.);
#7274 = DIRECTION('',(0.,0.,-1.));
#7275 = PLANE('',#7276);
#7276 = AXIS2_PLACEMENT_3D('',#7277,#7278,#7279);
#7277 = CARTESIAN_POINT('',(-2.908599335495,0.175423771638,
    5.509999999999));
#7278 = DIRECTION('',(0.,-1.,0.));
#7279 = DIRECTION('',(0.,0.,-1.));
#7280 = ADVANCED_FACE('',(#7281),#7292,.T.);
#7281 = FACE_BOUND('',#7282,.T.);
#7282 = EDGE_LOOP('',(#7283,#7289,#7290,#7291));
#7283 = ORIENTED_EDGE('',*,*,#7284,.F.);
#7284 = EDGE_CURVE('',#7261,#7080,#7285,.T.);
#7285 = LINE('',#7286,#7287);
#7286 = CARTESIAN_POINT('',(-2.92531864279,0.175423771638,5.5));
#7287 = VECTOR('',#7288,1.);
#7288 = DIRECTION('',(0.133354764893,-0.9910683663,0.));
#7289 = ORIENTED_EDGE('',*,*,#7270,.F.);
#7290 = ORIENTED_EDGE('',*,*,#6751,.T.);
#7291 = ORIENTED_EDGE('',*,*,#7090,.T.);
#7292 = PLANE('',#7293);
#7293 = AXIS2_PLACEMENT_3D('',#7294,#7295,#7296);
#7294 = CARTESIAN_POINT('',(-2.92531864279,0.175423771638,5.509999999999
    ));
#7295 = DIRECTION('',(0.9910683663,0.133354764893,0.));
#7296 = DIRECTION('',(-0.133354764893,0.9910683663,0.));
#7297 = ADVANCED_FACE('',(#7298),#7308,.T.);
#7298 = FACE_BOUND('',#7299,.T.);
#7299 = EDGE_LOOP('',(#7300,#7301,#7302,#7303,#7304,#7305,#7306,#7307));
#7300 = ORIENTED_EDGE('',*,*,#7079,.T.);
#7301 = ORIENTED_EDGE('',*,*,#7115,.T.);
#7302 = ORIENTED_EDGE('',*,*,#7144,.T.);
#7303 = ORIENTED_EDGE('',*,*,#7173,.T.);
#7304 = ORIENTED_EDGE('',*,*,#7202,.T.);
#7305 = ORIENTED_EDGE('',*,*,#7231,.T.);
#7306 = ORIENTED_EDGE('',*,*,#7260,.T.);
#7307 = ORIENTED_EDGE('',*,*,#7284,.T.);
#7308 = PLANE('',#7309);
#7309 = AXIS2_PLACEMENT_3D('',#7310,#7311,#7312);
#7310 = CARTESIAN_POINT('',(0.,0.,5.5));
#7311 = DIRECTION('',(0.,0.,1.));
#7312 = DIRECTION('',(1.,0.,-0.));
#7313 = ADVANCED_FACE('',(#7314),#7340,.F.);
#7314 = FACE_BOUND('',#7315,.F.);
#7315 = EDGE_LOOP('',(#7316,#7324,#7333,#7339));
#7316 = ORIENTED_EDGE('',*,*,#7317,.F.);
#7317 = EDGE_CURVE('',#7318,#627,#7320,.T.);
#7318 = VERTEX_POINT('',#7319);
#7319 = CARTESIAN_POINT('',(-2.858690955512,0.297699302597,
    5.509999999999));
#7320 = LINE('',#7321,#7322);
#7321 = CARTESIAN_POINT('',(-2.858690955512,0.297699302597,
    5.509999999999));
#7322 = VECTOR('',#7323,1.);
#7323 = DIRECTION('',(0.,0.,-1.));
#7324 = ORIENTED_EDGE('',*,*,#7325,.T.);
#7325 = EDGE_CURVE('',#7318,#7326,#7328,.T.);
#7326 = VERTEX_POINT('',#7327);
#7327 = CARTESIAN_POINT('',(-2.875535033755,0.247416609764,
    5.509999999999));
#7328 = B_SPLINE_CURVE_WITH_KNOTS('',3,(#7329,#7330,#7331,#7332),
  .UNSPECIFIED.,.F.,.F.,(4,4),(0.,1.),.PIECEWISE_BEZIER_KNOTS.);
#7329 = CARTESIAN_POINT('',(-2.858690955512,0.297699302597,
    5.509999999999));
#7330 = CARTESIAN_POINT('',(-2.858690955512,0.279732285803,
    5.509999999999));
#7331 = CARTESIAN_POINT('',(-2.86430564826,0.263012978508,5.509999999999
    ));
#7332 = CARTESIAN_POINT('',(-2.875535033755,0.247416609764,
    5.509999999999));
#7333 = ORIENTED_EDGE('',*,*,#7334,.T.);
#7334 = EDGE_CURVE('',#7326,#617,#7335,.T.);
#7335 = LINE('',#7336,#7337);
#7336 = CARTESIAN_POINT('',(-2.875535033755,0.247416609764,
    5.509999999999));
#7337 = VECTOR('',#7338,1.);
#7338 = DIRECTION('',(0.,0.,-1.));
#7339 = ORIENTED_EDGE('',*,*,#626,.F.);
#7340 = B_SPLINE_SURFACE_WITH_KNOTS('',3,1,(
    (#7341,#7342)
    ,(#7343,#7344)
    ,(#7345,#7346)
    ,(#7347,#7348
    )),.UNSPECIFIED.,.F.,.F.,.F.,(4,4),(2,2),(0.,1.),(0.,1.),
  .PIECEWISE_BEZIER_KNOTS.);
#7341 = CARTESIAN_POINT('',(-2.858690955512,0.297699302597,
    5.509999999999));
#7342 = CARTESIAN_POINT('',(-2.858690955512,0.297699302597,
    5.499999999999));
#7343 = CARTESIAN_POINT('',(-2.858690955512,0.279732285803,
    5.509999999999));
#7344 = CARTESIAN_POINT('',(-2.858690955512,0.279732285803,
    5.499999999999));
#7345 = CARTESIAN_POINT('',(-2.86430564826,0.263012978508,5.509999999999
    ));
#7346 = CARTESIAN_POINT('',(-2.86430564826,0.263012978508,5.499999999999
    ));
#7347 = CARTESIAN_POINT('',(-2.875535033755,0.247416609764,
    5.509999999999));
#7348 = CARTESIAN_POINT('',(-2.875535033755,0.247416609764,
    5.499999999999));
#7349 = ADVANCED_FACE('',(#7350),#7368,.F.);
#7350 = FACE_BOUND('',#7351,.T.);
#7351 = EDGE_LOOP('',(#7352,#7353,#7361,#7367));
#7352 = ORIENTED_EDGE('',*,*,#616,.T.);
#7353 = ORIENTED_EDGE('',*,*,#7354,.F.);
#7354 = EDGE_CURVE('',#7355,#619,#7357,.T.);
#7355 = VERTEX_POINT('',#7356);
#7356 = CARTESIAN_POINT('',(-2.843967983417,0.247416609764,
    5.509999999999));
#7357 = LINE('',#7358,#7359);
#7358 = CARTESIAN_POINT('',(-2.843967983417,0.247416609764,
    5.509999999999));
#7359 = VECTOR('',#7360,1.);
#7360 = DIRECTION('',(0.,0.,-1.));
#7361 = ORIENTED_EDGE('',*,*,#7362,.F.);
#7362 = EDGE_CURVE('',#7326,#7355,#7363,.T.);
#7363 = LINE('',#7364,#7365);
#7364 = CARTESIAN_POINT('',(-2.843967983417,0.247416609764,
    5.509999999999));
#7365 = VECTOR('',#7366,1.);
#7366 = DIRECTION('',(1.,0.,0.));
#7367 = ORIENTED_EDGE('',*,*,#7334,.T.);
#7368 = PLANE('',#7369);
#7369 = AXIS2_PLACEMENT_3D('',#7370,#7371,#7372);
#7370 = CARTESIAN_POINT('',(-2.843967983417,0.247416609764,
    5.509999999999));
#7371 = DIRECTION('',(0.,1.,0.));
#7372 = DIRECTION('',(0.,-0.,1.));
#7373 = ADVANCED_FACE('',(#7374),#7393,.F.);
#7374 = FACE_BOUND('',#7375,.F.);
#7375 = EDGE_LOOP('',(#7376,#7377,#7386,#7392));
#7376 = ORIENTED_EDGE('',*,*,#7354,.F.);
#7377 = ORIENTED_EDGE('',*,*,#7378,.T.);
#7378 = EDGE_CURVE('',#7355,#7379,#7381,.T.);
#7379 = VERTEX_POINT('',#7380);
#7380 = CARTESIAN_POINT('',(-2.83373676552,0.294704799798,5.509999999999
    ));
#7381 = B_SPLINE_CURVE_WITH_KNOTS('',3,(#7382,#7383,#7384,#7385),
  .UNSPECIFIED.,.F.,.F.,(4,4),(19.,20.),.PIECEWISE_BEZIER_KNOTS.);
#7382 = CARTESIAN_POINT('',(-2.843967983417,0.247416609764,
    5.509999999999));
#7383 = CARTESIAN_POINT('',(-2.837230352118,0.260891872359,
    5.509999999999));
#7384 = CARTESIAN_POINT('',(-2.83373676552,0.276613012054,5.509999999999
    ));
#7385 = CARTESIAN_POINT('',(-2.83373676552,0.294704799798,5.509999999999
    ));
#7386 = ORIENTED_EDGE('',*,*,#7387,.T.);
#7387 = EDGE_CURVE('',#7379,#788,#7388,.T.);
#7388 = LINE('',#7389,#7390);
#7389 = CARTESIAN_POINT('',(-2.83373676552,0.294704799798,5.509999999999
    ));
#7390 = VECTOR('',#7391,1.);
#7391 = DIRECTION('',(0.,0.,-1.));
#7392 = ORIENTED_EDGE('',*,*,#796,.F.);
#7393 = B_SPLINE_SURFACE_WITH_KNOTS('',3,1,(
    (#7394,#7395)
    ,(#7396,#7397)
    ,(#7398,#7399)
    ,(#7400,#7401
    )),.UNSPECIFIED.,.F.,.F.,.F.,(4,4),(2,2),(19.,20.),(0.,1.),
  .PIECEWISE_BEZIER_KNOTS.);
#7394 = CARTESIAN_POINT('',(-2.843967983417,0.247416609764,
    5.509999999999));
#7395 = CARTESIAN_POINT('',(-2.843967983417,0.247416609764,
    5.499999999999));
#7396 = CARTESIAN_POINT('',(-2.837230352118,0.260891872359,
    5.509999999999));
#7397 = CARTESIAN_POINT('',(-2.837230352118,0.260891872359,
    5.499999999999));
#7398 = CARTESIAN_POINT('',(-2.83373676552,0.276613012054,5.509999999999
    ));
#7399 = CARTESIAN_POINT('',(-2.83373676552,0.276613012054,5.499999999999
    ));
#7400 = CARTESIAN_POINT('',(-2.83373676552,0.294704799798,5.509999999999
    ));
#7401 = CARTESIAN_POINT('',(-2.83373676552,0.294704799798,5.499999999999
    ));
#7402 = ADVANCED_FACE('',(#7403),#7422,.F.);
#7403 = FACE_BOUND('',#7404,.F.);
#7404 = EDGE_LOOP('',(#7405,#7406,#7415,#7421));
#7405 = ORIENTED_EDGE('',*,*,#7387,.F.);
#7406 = ORIENTED_EDGE('',*,*,#7407,.T.);
#7407 = EDGE_CURVE('',#7379,#7408,#7410,.T.);
#7408 = VERTEX_POINT('',#7409);
#7409 = CARTESIAN_POINT('',(-2.847586340965,0.34548657643,5.509999999999
    ));
#7410 = B_SPLINE_CURVE_WITH_KNOTS('',3,(#7411,#7412,#7413,#7414),
  .UNSPECIFIED.,.F.,.F.,(4,4),(18.,19.),.PIECEWISE_BEZIER_KNOTS.);
#7411 = CARTESIAN_POINT('',(-2.83373676552,0.294704799798,5.509999999999
    ));
#7412 = CARTESIAN_POINT('',(-2.83373676552,0.315479162966,5.509999999999
    ));
#7413 = CARTESIAN_POINT('',(-2.838353290668,0.33244801216,5.509999999999
    ));
#7414 = CARTESIAN_POINT('',(-2.847586340965,0.34548657643,5.509999999999
    ));
#7415 = ORIENTED_EDGE('',*,*,#7416,.T.);
#7416 = EDGE_CURVE('',#7408,#779,#7417,.T.);
#7417 = LINE('',#7418,#7419);
#7418 = CARTESIAN_POINT('',(-2.847586340965,0.34548657643,5.509999999999
    ));
#7419 = VECTOR('',#7420,1.);
#7420 = DIRECTION('',(0.,0.,-1.));
#7421 = ORIENTED_EDGE('',*,*,#787,.F.);
#7422 = B_SPLINE_SURFACE_WITH_KNOTS('',3,1,(
    (#7423,#7424)
    ,(#7425,#7426)
    ,(#7427,#7428)
    ,(#7429,#7430
    )),.UNSPECIFIED.,.F.,.F.,.F.,(4,4),(2,2),(18.,19.),(0.,1.),
  .PIECEWISE_BEZIER_KNOTS.);
#7423 = CARTESIAN_POINT('',(-2.83373676552,0.294704799798,5.509999999999
    ));
#7424 = CARTESIAN_POINT('',(-2.83373676552,0.294704799798,5.499999999999
    ));
#7425 = CARTESIAN_POINT('',(-2.83373676552,0.315479162966,5.509999999999
    ));
#7426 = CARTESIAN_POINT('',(-2.83373676552,0.315479162966,5.499999999999
    ));
#7427 = CARTESIAN_POINT('',(-2.838353290668,0.33244801216,5.509999999999
    ));
#7428 = CARTESIAN_POINT('',(-2.838353290668,0.33244801216,5.499999999999
    ));
#7429 = CARTESIAN_POINT('',(-2.847586340965,0.34548657643,5.509999999999
    ));
#7430 = CARTESIAN_POINT('',(-2.847586340965,0.34548657643,5.499999999999
    ));
#7431 = ADVANCED_FACE('',(#7432),#7451,.F.);
#7432 = FACE_BOUND('',#7433,.F.);
#7433 = EDGE_LOOP('',(#7434,#7435,#7444,#7450));
#7434 = ORIENTED_EDGE('',*,*,#7416,.F.);
#7435 = ORIENTED_EDGE('',*,*,#7436,.T.);
#7436 = EDGE_CURVE('',#7408,#7437,#7439,.T.);
#7437 = VERTEX_POINT('',#7438);
#7438 = CARTESIAN_POINT('',(-2.885267167852,0.365138001049,
    5.509999999999));
#7439 = B_SPLINE_CURVE_WITH_KNOTS('',3,(#7440,#7441,#7442,#7443),
  .UNSPECIFIED.,.F.,.F.,(4,4),(17.,18.),.PIECEWISE_BEZIER_KNOTS.);
#7440 = CARTESIAN_POINT('',(-2.847586340965,0.34548657643,5.509999999999
    ));
#7441 = CARTESIAN_POINT('',(-2.856694620313,0.358587526176,
    5.509999999999));
#7442 = CARTESIAN_POINT('',(-2.869296486258,0.365138001049,
    5.509999999999));
#7443 = CARTESIAN_POINT('',(-2.885267167852,0.365138001049,
    5.509999999999));
#7444 = ORIENTED_EDGE('',*,*,#7445,.T.);
#7445 = EDGE_CURVE('',#7437,#770,#7446,.T.);
#7446 = LINE('',#7447,#7448);
#7447 = CARTESIAN_POINT('',(-2.885267167852,0.365138001049,
    5.509999999999));
#7448 = VECTOR('',#7449,1.);
#7449 = DIRECTION('',(0.,0.,-1.));
#7450 = ORIENTED_EDGE('',*,*,#778,.F.);
#7451 = B_SPLINE_SURFACE_WITH_KNOTS('',3,1,(
    (#7452,#7453)
    ,(#7454,#7455)
    ,(#7456,#7457)
    ,(#7458,#7459
    )),.UNSPECIFIED.,.F.,.F.,.F.,(4,4),(2,2),(17.,18.),(0.,1.),
  .PIECEWISE_BEZIER_KNOTS.);
#7452 = CARTESIAN_POINT('',(-2.847586340965,0.34548657643,5.509999999999
    ));
#7453 = CARTESIAN_POINT('',(-2.847586340965,0.34548657643,5.499999999999
    ));
#7454 = CARTESIAN_POINT('',(-2.856694620313,0.358587526176,
    5.509999999999));
#7455 = CARTESIAN_POINT('',(-2.856694620313,0.358587526176,
    5.499999999999));
#7456 = CARTESIAN_POINT('',(-2.869296486258,0.365138001049,
    5.509999999999));
#7457 = CARTESIAN_POINT('',(-2.869296486258,0.365138001049,
    5.499999999999));
#7458 = CARTESIAN_POINT('',(-2.885267167852,0.365138001049,
    5.509999999999));
#7459 = CARTESIAN_POINT('',(-2.885267167852,0.365138001049,
    5.499999999999));
#7460 = ADVANCED_FACE('',(#7461),#7480,.F.);
#7461 = FACE_BOUND('',#7462,.F.);
#7462 = EDGE_LOOP('',(#7463,#7464,#7473,#7479));
#7463 = ORIENTED_EDGE('',*,*,#7445,.F.);
#7464 = ORIENTED_EDGE('',*,*,#7465,.T.);
#7465 = EDGE_CURVE('',#7437,#7466,#7468,.T.);
#7466 = VERTEX_POINT('',#7467);
#7467 = CARTESIAN_POINT('',(-2.914089257293,0.354906783152,
    5.509999999999));
#7468 = B_SPLINE_CURVE_WITH_KNOTS('',3,(#7469,#7470,#7471,#7472),
  .UNSPECIFIED.,.F.,.F.,(4,4),(16.,17.),.PIECEWISE_BEZIER_KNOTS.);
#7469 = CARTESIAN_POINT('',(-2.885267167852,0.365138001049,
    5.509999999999));
#7470 = CARTESIAN_POINT('',(-2.896746095249,0.365138001049,
    5.509999999999));
#7471 = CARTESIAN_POINT('',(-2.906353458396,0.361706799925,
    5.509999999999));
#7472 = CARTESIAN_POINT('',(-2.914089257293,0.354906783152,
    5.509999999999));
#7473 = ORIENTED_EDGE('',*,*,#7474,.T.);
#7474 = EDGE_CURVE('',#7466,#761,#7475,.T.);
#7475 = LINE('',#7476,#7477);
#7476 = CARTESIAN_POINT('',(-2.914089257293,0.354906783152,
    5.509999999999));
#7477 = VECTOR('',#7478,1.);
#7478 = DIRECTION('',(0.,0.,-1.));
#7479 = ORIENTED_EDGE('',*,*,#769,.F.);
#7480 = B_SPLINE_SURFACE_WITH_KNOTS('',3,1,(
    (#7481,#7482)
    ,(#7483,#7484)
    ,(#7485,#7486)
    ,(#7487,#7488
    )),.UNSPECIFIED.,.F.,.F.,.F.,(4,4),(2,2),(16.,17.),(0.,1.),
  .PIECEWISE_BEZIER_KNOTS.);
#7481 = CARTESIAN_POINT('',(-2.885267167852,0.365138001049,
    5.509999999999));
#7482 = CARTESIAN_POINT('',(-2.885267167852,0.365138001049,
    5.499999999999));
#7483 = CARTESIAN_POINT('',(-2.896746095249,0.365138001049,
    5.509999999999));
#7484 = CARTESIAN_POINT('',(-2.896746095249,0.365138001049,
    5.499999999999));
#7485 = CARTESIAN_POINT('',(-2.906353458396,0.361706799925,
    5.509999999999));
#7486 = CARTESIAN_POINT('',(-2.906353458396,0.361706799925,
    5.499999999999));
#7487 = CARTESIAN_POINT('',(-2.914089257293,0.354906783152,
    5.509999999999));
#7488 = CARTESIAN_POINT('',(-2.914089257293,0.354906783152,
    5.499999999999));
#7489 = ADVANCED_FACE('',(#7490),#7509,.F.);
#7490 = FACE_BOUND('',#7491,.F.);
#7491 = EDGE_LOOP('',(#7492,#7493,#7502,#7508));
#7492 = ORIENTED_EDGE('',*,*,#7474,.F.);
#7493 = ORIENTED_EDGE('',*,*,#7494,.T.);
#7494 = EDGE_CURVE('',#7466,#7495,#7497,.T.);
#7495 = VERTEX_POINT('',#7496);
#7496 = CARTESIAN_POINT('',(-2.936672799235,0.315479162966,
    5.509999999999));
#7497 = B_SPLINE_CURVE_WITH_KNOTS('',3,(#7498,#7499,#7500,#7501),
  .UNSPECIFIED.,.F.,.F.,(4,4),(15.,16.),.PIECEWISE_BEZIER_KNOTS.);
#7498 = CARTESIAN_POINT('',(-2.914089257293,0.354906783152,
    5.509999999999));
#7499 = CARTESIAN_POINT('',(-2.92182505619,0.348044380905,5.509999999999
    ));
#7500 = CARTESIAN_POINT('',(-2.929436084137,0.334943431159,
    5.509999999999));
#7501 = CARTESIAN_POINT('',(-2.936672799235,0.315479162966,
    5.509999999999));
#7502 = ORIENTED_EDGE('',*,*,#7503,.T.);
#7503 = EDGE_CURVE('',#7495,#752,#7504,.T.);
#7504 = LINE('',#7505,#7506);
#7505 = CARTESIAN_POINT('',(-2.936672799235,0.315479162966,
    5.509999999999));
#7506 = VECTOR('',#7507,1.);
#7507 = DIRECTION('',(0.,0.,-1.));
#7508 = ORIENTED_EDGE('',*,*,#760,.F.);
#7509 = B_SPLINE_SURFACE_WITH_KNOTS('',3,1,(
    (#7510,#7511)
    ,(#7512,#7513)
    ,(#7514,#7515)
    ,(#7516,#7517
    )),.UNSPECIFIED.,.F.,.F.,.F.,(4,4),(2,2),(15.,16.),(0.,1.),
  .PIECEWISE_BEZIER_KNOTS.);
#7510 = CARTESIAN_POINT('',(-2.914089257293,0.354906783152,
    5.509999999999));
#7511 = CARTESIAN_POINT('',(-2.914089257293,0.354906783152,
    5.499999999999));
#7512 = CARTESIAN_POINT('',(-2.92182505619,0.348044380905,5.509999999999
    ));
#7513 = CARTESIAN_POINT('',(-2.92182505619,0.348044380905,5.499999999999
    ));
#7514 = CARTESIAN_POINT('',(-2.929436084137,0.334943431159,
    5.509999999999));
#7515 = CARTESIAN_POINT('',(-2.929436084137,0.334943431159,
    5.499999999999));
#7516 = CARTESIAN_POINT('',(-2.936672799235,0.315479162966,
    5.509999999999));
#7517 = CARTESIAN_POINT('',(-2.936672799235,0.315479162966,
    5.499999999999));
#7518 = ADVANCED_FACE('',(#7519),#7538,.F.);
#7519 = FACE_BOUND('',#7520,.F.);
#7520 = EDGE_LOOP('',(#7521,#7522,#7531,#7537));
#7521 = ORIENTED_EDGE('',*,*,#7503,.F.);
#7522 = ORIENTED_EDGE('',*,*,#7523,.T.);
#7523 = EDGE_CURVE('',#7495,#7524,#7526,.T.);
#7524 = VERTEX_POINT('',#7525);
#7525 = CARTESIAN_POINT('',(-2.951645313231,0.285783676875,
    5.509999999999));
#7526 = B_SPLINE_CURVE_WITH_KNOTS('',3,(#7527,#7528,#7529,#7530),
  .UNSPECIFIED.,.F.,.F.,(4,4),(14.,15.),.PIECEWISE_BEZIER_KNOTS.);
#7527 = CARTESIAN_POINT('',(-2.936672799235,0.315479162966,
    5.509999999999));
#7528 = CARTESIAN_POINT('',(-2.942661804833,0.300132336121,
    5.509999999999));
#7529 = CARTESIAN_POINT('',(-2.947652642832,0.290275431074,
    5.509999999999));
#7530 = CARTESIAN_POINT('',(-2.951645313231,0.285783676875,
    5.509999999999));
#7531 = ORIENTED_EDGE('',*,*,#7532,.T.);
#7532 = EDGE_CURVE('',#7524,#743,#7533,.T.);
#7533 = LINE('',#7534,#7535);
#7534 = CARTESIAN_POINT('',(-2.951645313231,0.285783676875,
    5.509999999999));
#7535 = VECTOR('',#7536,1.);
#7536 = DIRECTION('',(0.,0.,-1.));
#7537 = ORIENTED_EDGE('',*,*,#751,.F.);
#7538 = B_SPLINE_SURFACE_WITH_KNOTS('',3,1,(
    (#7539,#7540)
    ,(#7541,#7542)
    ,(#7543,#7544)
    ,(#7545,#7546
    )),.UNSPECIFIED.,.F.,.F.,.F.,(4,4),(2,2),(14.,15.),(0.,1.),
  .PIECEWISE_BEZIER_KNOTS.);
#7539 = CARTESIAN_POINT('',(-2.936672799235,0.315479162966,
    5.509999999999));
#7540 = CARTESIAN_POINT('',(-2.936672799235,0.315479162966,
    5.499999999999));
#7541 = CARTESIAN_POINT('',(-2.942661804833,0.300132336121,
    5.509999999999));
#7542 = CARTESIAN_POINT('',(-2.942661804833,0.300132336121,
    5.499999999999));
#7543 = CARTESIAN_POINT('',(-2.947652642832,0.290275431074,
    5.509999999999));
#7544 = CARTESIAN_POINT('',(-2.947652642832,0.290275431074,
    5.499999999999));
#7545 = CARTESIAN_POINT('',(-2.951645313231,0.285783676875,
    5.509999999999));
#7546 = CARTESIAN_POINT('',(-2.951645313231,0.285783676875,
    5.499999999999));
#7547 = ADVANCED_FACE('',(#7548),#7567,.F.);
#7548 = FACE_BOUND('',#7549,.F.);
#7549 = EDGE_LOOP('',(#7550,#7551,#7560,#7566));
#7550 = ORIENTED_EDGE('',*,*,#7532,.F.);
#7551 = ORIENTED_EDGE('',*,*,#7552,.T.);
#7552 = EDGE_CURVE('',#7524,#7553,#7555,.T.);
#7553 = VERTEX_POINT('',#7554);
#7554 = CARTESIAN_POINT('',(-2.967865536725,0.279108431053,
    5.509999999999));
#7555 = B_SPLINE_CURVE_WITH_KNOTS('',3,(#7556,#7557,#7558,#7559),
  .UNSPECIFIED.,.F.,.F.,(4,4),(13.,14.),.PIECEWISE_BEZIER_KNOTS.);
#7556 = CARTESIAN_POINT('',(-2.951645313231,0.285783676875,
    5.509999999999));
#7557 = CARTESIAN_POINT('',(-2.955513212679,0.281354308152,
    5.509999999999));
#7558 = CARTESIAN_POINT('',(-2.960878363527,0.279108431053,
    5.509999999999));
#7559 = CARTESIAN_POINT('',(-2.967865536725,0.279108431053,
    5.509999999999));
#7560 = ORIENTED_EDGE('',*,*,#7561,.T.);
#7561 = EDGE_CURVE('',#7553,#734,#7562,.T.);
#7562 = LINE('',#7563,#7564);
#7563 = CARTESIAN_POINT('',(-2.967865536725,0.279108431053,
    5.509999999999));
#7564 = VECTOR('',#7565,1.);
#7565 = DIRECTION('',(0.,0.,-1.));
#7566 = ORIENTED_EDGE('',*,*,#742,.F.);
#7567 = B_SPLINE_SURFACE_WITH_KNOTS('',3,1,(
    (#7568,#7569)
    ,(#7570,#7571)
    ,(#7572,#7573)
    ,(#7574,#7575
    )),.UNSPECIFIED.,.F.,.F.,.F.,(4,4),(2,2),(13.,14.),(0.,1.),
  .PIECEWISE_BEZIER_KNOTS.);
#7568 = CARTESIAN_POINT('',(-2.951645313231,0.285783676875,
    5.509999999999));
#7569 = CARTESIAN_POINT('',(-2.951645313231,0.285783676875,
    5.499999999999));
#7570 = CARTESIAN_POINT('',(-2.955513212679,0.281354308152,
    5.509999999999));
#7571 = CARTESIAN_POINT('',(-2.955513212679,0.281354308152,
    5.499999999999));
#7572 = CARTESIAN_POINT('',(-2.960878363527,0.279108431053,
    5.509999999999));
#7573 = CARTESIAN_POINT('',(-2.960878363527,0.279108431053,
    5.499999999999));
#7574 = CARTESIAN_POINT('',(-2.967865536725,0.279108431053,
    5.509999999999));
#7575 = CARTESIAN_POINT('',(-2.967865536725,0.279108431053,
    5.499999999999));
#7576 = ADVANCED_FACE('',(#7577),#7596,.F.);
#7577 = FACE_BOUND('',#7578,.F.);
#7578 = EDGE_LOOP('',(#7579,#7580,#7589,#7595));
#7579 = ORIENTED_EDGE('',*,*,#7561,.F.);
#7580 = ORIENTED_EDGE('',*,*,#7581,.T.);
#7581 = EDGE_CURVE('',#7553,#7582,#7584,.T.);
#7582 = VERTEX_POINT('',#7583);
#7583 = CARTESIAN_POINT('',(-2.984834385919,0.288403866825,
    5.509999999999));
#7584 = B_SPLINE_CURVE_WITH_KNOTS('',3,(#7585,#7586,#7587,#7588),
  .UNSPECIFIED.,.F.,.F.,(4,4),(12.,13.),.PIECEWISE_BEZIER_KNOTS.);
#7585 = CARTESIAN_POINT('',(-2.967865536725,0.279108431053,
    5.509999999999));
#7586 = CARTESIAN_POINT('',(-2.974852709922,0.279108431053,
    5.509999999999));
#7587 = CARTESIAN_POINT('',(-2.98059217362,0.282227704802,5.509999999999
    ));
#7588 = CARTESIAN_POINT('',(-2.984834385919,0.288403866825,
    5.509999999999));
#7589 = ORIENTED_EDGE('',*,*,#7590,.T.);
#7590 = EDGE_CURVE('',#7582,#725,#7591,.T.);
#7591 = LINE('',#7592,#7593);
#7592 = CARTESIAN_POINT('',(-2.984834385919,0.288403866825,
    5.509999999999));
#7593 = VECTOR('',#7594,1.);
#7594 = DIRECTION('',(0.,0.,-1.));
#7595 = ORIENTED_EDGE('',*,*,#733,.F.);
#7596 = B_SPLINE_SURFACE_WITH_KNOTS('',3,1,(
    (#7597,#7598)
    ,(#7599,#7600)
    ,(#7601,#7602)
    ,(#7603,#7604
    )),.UNSPECIFIED.,.F.,.F.,.F.,(4,4),(2,2),(12.,13.),(0.,1.),
  .PIECEWISE_BEZIER_KNOTS.);
#7597 = CARTESIAN_POINT('',(-2.967865536725,0.279108431053,
    5.509999999999));
#7598 = CARTESIAN_POINT('',(-2.967865536725,0.279108431053,
    5.499999999999));
#7599 = CARTESIAN_POINT('',(-2.974852709922,0.279108431053,
    5.509999999999));
#7600 = CARTESIAN_POINT('',(-2.974852709922,0.279108431053,
    5.499999999999));
#7601 = CARTESIAN_POINT('',(-2.98059217362,0.282227704802,5.509999999999
    ));
#7602 = CARTESIAN_POINT('',(-2.98059217362,0.282227704802,5.499999999999
    ));
#7603 = CARTESIAN_POINT('',(-2.984834385919,0.288403866825,
    5.509999999999));
#7604 = CARTESIAN_POINT('',(-2.984834385919,0.288403866825,
    5.499999999999));
#7605 = ADVANCED_FACE('',(#7606),#7625,.F.);
#7606 = FACE_BOUND('',#7607,.F.);
#7607 = EDGE_LOOP('',(#7608,#7609,#7618,#7624));
#7608 = ORIENTED_EDGE('',*,*,#7590,.F.);
#7609 = ORIENTED_EDGE('',*,*,#7610,.T.);
#7610 = EDGE_CURVE('',#7582,#7611,#7613,.T.);
#7611 = VERTEX_POINT('',#7612);
#7612 = CARTESIAN_POINT('',(-2.991322475317,0.312484660167,
    5.509999999999));
#7613 = B_SPLINE_CURVE_WITH_KNOTS('',3,(#7614,#7615,#7616,#7617),
  .UNSPECIFIED.,.F.,.F.,(4,4),(11.,12.),.PIECEWISE_BEZIER_KNOTS.);
#7614 = CARTESIAN_POINT('',(-2.984834385919,0.288403866825,
    5.509999999999));
#7615 = CARTESIAN_POINT('',(-2.989201369167,0.294580028847,
    5.509999999999));
#7616 = CARTESIAN_POINT('',(-2.991322475317,0.30262775512,5.509999999999
    ));
#7617 = CARTESIAN_POINT('',(-2.991322475317,0.312484660167,
    5.509999999999));
#7618 = ORIENTED_EDGE('',*,*,#7619,.T.);
#7619 = EDGE_CURVE('',#7611,#716,#7620,.T.);
#7620 = LINE('',#7621,#7622);
#7621 = CARTESIAN_POINT('',(-2.991322475317,0.312484660167,
    5.509999999999));
#7622 = VECTOR('',#7623,1.);
#7623 = DIRECTION('',(0.,0.,-1.));
#7624 = ORIENTED_EDGE('',*,*,#724,.F.);
#7625 = B_SPLINE_SURFACE_WITH_KNOTS('',3,1,(
    (#7626,#7627)
    ,(#7628,#7629)
    ,(#7630,#7631)
    ,(#7632,#7633
    )),.UNSPECIFIED.,.F.,.F.,.F.,(4,4),(2,2),(11.,12.),(0.,1.),
  .PIECEWISE_BEZIER_KNOTS.);
#7626 = CARTESIAN_POINT('',(-2.984834385919,0.288403866825,
    5.509999999999));
#7627 = CARTESIAN_POINT('',(-2.984834385919,0.288403866825,
    5.499999999999));
#7628 = CARTESIAN_POINT('',(-2.989201369167,0.294580028847,
    5.509999999999));
#7629 = CARTESIAN_POINT('',(-2.989201369167,0.294580028847,
    5.499999999999));
#7630 = CARTESIAN_POINT('',(-2.991322475317,0.30262775512,5.509999999999
    ));
#7631 = CARTESIAN_POINT('',(-2.991322475317,0.30262775512,5.499999999999
    ));
#7632 = CARTESIAN_POINT('',(-2.991322475317,0.312484660167,
    5.509999999999));
#7633 = CARTESIAN_POINT('',(-2.991322475317,0.312484660167,
    5.499999999999));
#7634 = ADVANCED_FACE('',(#7635),#7654,.F.);
#7635 = FACE_BOUND('',#7636,.F.);
#7636 = EDGE_LOOP('',(#7637,#7638,#7647,#7653));
#7637 = ORIENTED_EDGE('',*,*,#7619,.F.);
#7638 = ORIENTED_EDGE('',*,*,#7639,.T.);
#7639 = EDGE_CURVE('',#7611,#7640,#7642,.T.);
#7640 = VERTEX_POINT('',#7641);
#7641 = CARTESIAN_POINT('',(-2.978720609371,0.356778347402,
    5.509999999999));
#7642 = B_SPLINE_CURVE_WITH_KNOTS('',3,(#7643,#7644,#7645,#7646),
  .UNSPECIFIED.,.F.,.F.,(4,4),(10.,11.),.PIECEWISE_BEZIER_KNOTS.);
#7643 = CARTESIAN_POINT('',(-2.991322475317,0.312484660167,
    5.509999999999));
#7644 = CARTESIAN_POINT('',(-2.991322475317,0.329016811036,
    5.509999999999));
#7645 = CARTESIAN_POINT('',(-2.987080263019,0.343739783131,
    5.509999999999));
#7646 = CARTESIAN_POINT('',(-2.978720609371,0.356778347402,
    5.509999999999));
#7647 = ORIENTED_EDGE('',*,*,#7648,.T.);
#7648 = EDGE_CURVE('',#7640,#708,#7649,.T.);
#7649 = LINE('',#7650,#7651);
#7650 = CARTESIAN_POINT('',(-2.978720609371,0.356778347402,
    5.509999999999));
#7651 = VECTOR('',#7652,1.);
#7652 = DIRECTION('',(0.,0.,-1.));
#7653 = ORIENTED_EDGE('',*,*,#715,.F.);
#7654 = B_SPLINE_SURFACE_WITH_KNOTS('',3,1,(
    (#7655,#7656)
    ,(#7657,#7658)
    ,(#7659,#7660)
    ,(#7661,#7662
    )),.UNSPECIFIED.,.F.,.F.,.F.,(4,4),(2,2),(10.,11.),(0.,1.),
  .PIECEWISE_BEZIER_KNOTS.);
#7655 = CARTESIAN_POINT('',(-2.991322475317,0.312484660167,
    5.509999999999));
#7656 = CARTESIAN_POINT('',(-2.991322475317,0.312484660167,
    5.499999999999));
#7657 = CARTESIAN_POINT('',(-2.991322475317,0.329016811036,
    5.509999999999));
#7658 = CARTESIAN_POINT('',(-2.991322475317,0.329016811036,
    5.499999999999));
#7659 = CARTESIAN_POINT('',(-2.987080263019,0.343739783131,
    5.509999999999));
#7660 = CARTESIAN_POINT('',(-2.987080263019,0.343739783131,
    5.499999999999));
#7661 = CARTESIAN_POINT('',(-2.978720609371,0.356778347402,
    5.509999999999));
#7662 = CARTESIAN_POINT('',(-2.978720609371,0.356778347402,
    5.499999999999));
#7663 = ADVANCED_FACE('',(#7664),#7682,.F.);
#7664 = FACE_BOUND('',#7665,.T.);
#7665 = EDGE_LOOP('',(#7666,#7667,#7675,#7681));
#7666 = ORIENTED_EDGE('',*,*,#707,.T.);
#7667 = ORIENTED_EDGE('',*,*,#7668,.F.);
#7668 = EDGE_CURVE('',#7669,#699,#7671,.T.);
#7669 = VERTEX_POINT('',#7670);
#7670 = CARTESIAN_POINT('',(-3.00841609546,0.356778347402,5.509999999999
    ));
#7671 = LINE('',#7672,#7673);
#7672 = CARTESIAN_POINT('',(-3.00841609546,0.356778347402,5.509999999999
    ));
#7673 = VECTOR('',#7674,1.);
#7674 = DIRECTION('',(0.,0.,-1.));
#7675 = ORIENTED_EDGE('',*,*,#7676,.F.);
#7676 = EDGE_CURVE('',#7640,#7669,#7677,.T.);
#7677 = LINE('',#7678,#7679);
#7678 = CARTESIAN_POINT('',(-3.00841609546,0.356778347402,5.509999999999
    ));
#7679 = VECTOR('',#7680,1.);
#7680 = DIRECTION('',(-1.,0.,0.));
#7681 = ORIENTED_EDGE('',*,*,#7648,.T.);
#7682 = PLANE('',#7683);
#7683 = AXIS2_PLACEMENT_3D('',#7684,#7685,#7686);
#7684 = CARTESIAN_POINT('',(-3.00841609546,0.356778347402,5.509999999999
    ));
#7685 = DIRECTION('',(0.,-1.,0.));
#7686 = DIRECTION('',(0.,0.,-1.));
#7687 = ADVANCED_FACE('',(#7688),#7707,.F.);
#7688 = FACE_BOUND('',#7689,.F.);
#7689 = EDGE_LOOP('',(#7690,#7691,#7700,#7706));
#7690 = ORIENTED_EDGE('',*,*,#7668,.F.);
#7691 = ORIENTED_EDGE('',*,*,#7692,.T.);
#7692 = EDGE_CURVE('',#7669,#7693,#7695,.T.);
#7693 = VERTEX_POINT('',#7694);
#7694 = CARTESIAN_POINT('',(-3.016151894359,0.315479162966,
    5.509999999999));
#7695 = B_SPLINE_CURVE_WITH_KNOTS('',3,(#7696,#7697,#7698,#7699),
  .UNSPECIFIED.,.F.,.F.,(4,4),(8.,9.),.PIECEWISE_BEZIER_KNOTS.);
#7696 = CARTESIAN_POINT('',(-3.00841609546,0.356778347402,5.509999999999
    ));
#7697 = CARTESIAN_POINT('',(-3.013656475359,0.344051710506,
    5.509999999999));
#7698 = CARTESIAN_POINT('',(-3.016151894359,0.33032690601,5.509999999999
    ));
#7699 = CARTESIAN_POINT('',(-3.016151894359,0.315479162966,
    5.509999999999));
#7700 = ORIENTED_EDGE('',*,*,#7701,.T.);
#7701 = EDGE_CURVE('',#7693,#690,#7702,.T.);
#7702 = LINE('',#7703,#7704);
#7703 = CARTESIAN_POINT('',(-3.016151894359,0.315479162966,
    5.509999999999));
#7704 = VECTOR('',#7705,1.);
#7705 = DIRECTION('',(0.,0.,-1.));
#7706 = ORIENTED_EDGE('',*,*,#698,.F.);
#7707 = B_SPLINE_SURFACE_WITH_KNOTS('',3,1,(
    (#7708,#7709)
    ,(#7710,#7711)
    ,(#7712,#7713)
    ,(#7714,#7715
    )),.UNSPECIFIED.,.F.,.F.,.F.,(4,4),(2,2),(8.,9.),(0.,1.),
  .PIECEWISE_BEZIER_KNOTS.);
#7708 = CARTESIAN_POINT('',(-3.00841609546,0.356778347402,5.509999999999
    ));
#7709 = CARTESIAN_POINT('',(-3.00841609546,0.356778347402,5.499999999999
    ));
#7710 = CARTESIAN_POINT('',(-3.013656475359,0.344051710506,
    5.509999999999));
#7711 = CARTESIAN_POINT('',(-3.013656475359,0.344051710506,
    5.499999999999));
#7712 = CARTESIAN_POINT('',(-3.016151894359,0.33032690601,5.509999999999
    ));
#7713 = CARTESIAN_POINT('',(-3.016151894359,0.33032690601,5.499999999999
    ));
#7714 = CARTESIAN_POINT('',(-3.016151894359,0.315479162966,
    5.509999999999));
#7715 = CARTESIAN_POINT('',(-3.016151894359,0.315479162966,
    5.499999999999));
#7716 = ADVANCED_FACE('',(#7717),#7736,.F.);
#7717 = FACE_BOUND('',#7718,.F.);
#7718 = EDGE_LOOP('',(#7719,#7720,#7729,#7735));
#7719 = ORIENTED_EDGE('',*,*,#7701,.F.);
#7720 = ORIENTED_EDGE('',*,*,#7721,.T.);
#7721 = EDGE_CURVE('',#7693,#7722,#7724,.T.);
#7722 = VERTEX_POINT('',#7723);
#7723 = CARTESIAN_POINT('',(-3.002302318913,0.267192805332,
    5.509999999999));
#7724 = B_SPLINE_CURVE_WITH_KNOTS('',3,(#7725,#7726,#7727,#7728),
  .UNSPECIFIED.,.F.,.F.,(4,4),(7.,8.),.PIECEWISE_BEZIER_KNOTS.);
#7725 = CARTESIAN_POINT('',(-3.016151894359,0.315479162966,
    5.509999999999));
#7726 = CARTESIAN_POINT('',(-3.016151894359,0.296389207622,
    5.509999999999));
#7727 = CARTESIAN_POINT('',(-3.011535369211,0.280293755078,
    5.509999999999));
#7728 = CARTESIAN_POINT('',(-3.002302318913,0.267192805332,
    5.509999999999));
#7729 = ORIENTED_EDGE('',*,*,#7730,.T.);
#7730 = EDGE_CURVE('',#7722,#681,#7731,.T.);
#7731 = LINE('',#7732,#7733);
#7732 = CARTESIAN_POINT('',(-3.002302318913,0.267192805332,
    5.509999999999));
#7733 = VECTOR('',#7734,1.);
#7734 = DIRECTION('',(0.,0.,-1.));
#7735 = ORIENTED_EDGE('',*,*,#689,.F.);
#7736 = B_SPLINE_SURFACE_WITH_KNOTS('',3,1,(
    (#7737,#7738)
    ,(#7739,#7740)
    ,(#7741,#7742)
    ,(#7743,#7744
    )),.UNSPECIFIED.,.F.,.F.,.F.,(4,4),(2,2),(7.,8.),(0.,1.),
  .PIECEWISE_BEZIER_KNOTS.);
#7737 = CARTESIAN_POINT('',(-3.016151894359,0.315479162966,
    5.509999999999));
#7738 = CARTESIAN_POINT('',(-3.016151894359,0.315479162966,
    5.499999999999));
#7739 = CARTESIAN_POINT('',(-3.016151894359,0.296389207622,
    5.509999999999));
#7740 = CARTESIAN_POINT('',(-3.016151894359,0.296389207622,
    5.499999999999));
#7741 = CARTESIAN_POINT('',(-3.011535369211,0.280293755078,
    5.509999999999));
#7742 = CARTESIAN_POINT('',(-3.011535369211,0.280293755078,
    5.499999999999));
#7743 = CARTESIAN_POINT('',(-3.002302318913,0.267192805332,
    5.509999999999));
#7744 = CARTESIAN_POINT('',(-3.002302318913,0.267192805332,
    5.499999999999));
#7745 = ADVANCED_FACE('',(#7746),#7765,.F.);
#7746 = FACE_BOUND('',#7747,.F.);
#7747 = EDGE_LOOP('',(#7748,#7749,#7758,#7764));
#7748 = ORIENTED_EDGE('',*,*,#7730,.F.);
#7749 = ORIENTED_EDGE('',*,*,#7750,.T.);
#7750 = EDGE_CURVE('',#7722,#7751,#7753,.T.);
#7751 = VERTEX_POINT('',#7752);
#7752 = CARTESIAN_POINT('',(-2.965120575826,0.247603766188,
    5.509999999999));
#7753 = B_SPLINE_CURVE_WITH_KNOTS('',3,(#7754,#7755,#7756,#7757),
  .UNSPECIFIED.,.F.,.F.,(4,4),(6.,7.),.PIECEWISE_BEZIER_KNOTS.);
#7754 = CARTESIAN_POINT('',(-3.002302318913,0.267192805332,
    5.509999999999));
#7755 = CARTESIAN_POINT('',(-2.992944497667,0.254154241061,
    5.509999999999));
#7756 = CARTESIAN_POINT('',(-2.98059217362,0.247603766188,5.509999999999
    ));
#7757 = CARTESIAN_POINT('',(-2.965120575826,0.247603766188,
    5.509999999999));
#7758 = ORIENTED_EDGE('',*,*,#7759,.T.);
#7759 = EDGE_CURVE('',#7751,#672,#7760,.T.);
#7760 = LINE('',#7761,#7762);
#7761 = CARTESIAN_POINT('',(-2.965120575826,0.247603766188,
    5.509999999999));
#7762 = VECTOR('',#7763,1.);
#7763 = DIRECTION('',(0.,0.,-1.));
#7764 = ORIENTED_EDGE('',*,*,#680,.F.);
#7765 = B_SPLINE_SURFACE_WITH_KNOTS('',3,1,(
    (#7766,#7767)
    ,(#7768,#7769)
    ,(#7770,#7771)
    ,(#7772,#7773
    )),.UNSPECIFIED.,.F.,.F.,.F.,(4,4),(2,2),(6.,7.),(0.,1.),
  .PIECEWISE_BEZIER_KNOTS.);
#7766 = CARTESIAN_POINT('',(-3.002302318913,0.267192805332,
    5.509999999999));
#7767 = CARTESIAN_POINT('',(-3.002302318913,0.267192805332,
    5.499999999999));
#7768 = CARTESIAN_POINT('',(-2.992944497667,0.254154241061,
    5.509999999999));
#7769 = CARTESIAN_POINT('',(-2.992944497667,0.254154241061,
    5.499999999999));
#7770 = CARTESIAN_POINT('',(-2.98059217362,0.247603766188,5.509999999999
    ));
#7771 = CARTESIAN_POINT('',(-2.98059217362,0.247603766188,5.499999999999
    ));
#7772 = CARTESIAN_POINT('',(-2.965120575826,0.247603766188,
    5.509999999999));
#7773 = CARTESIAN_POINT('',(-2.965120575826,0.247603766188,
    5.499999999999));
#7774 = ADVANCED_FACE('',(#7775),#7794,.F.);
#7775 = FACE_BOUND('',#7776,.F.);
#7776 = EDGE_LOOP('',(#7777,#7778,#7787,#7793));
#7777 = ORIENTED_EDGE('',*,*,#7759,.F.);
#7778 = ORIENTED_EDGE('',*,*,#7779,.T.);
#7779 = EDGE_CURVE('',#7751,#7780,#7782,.T.);
#7780 = VERTEX_POINT('',#7781);
#7781 = CARTESIAN_POINT('',(-2.937546195885,0.256275347211,
    5.509999999999));
#7782 = B_SPLINE_CURVE_WITH_KNOTS('',3,(#7783,#7784,#7785,#7786),
  .UNSPECIFIED.,.F.,.F.,(4,4),(5.,6.),.PIECEWISE_BEZIER_KNOTS.);
#7783 = CARTESIAN_POINT('',(-2.965120575826,0.247603766188,
    5.509999999999));
#7784 = CARTESIAN_POINT('',(-2.954390274129,0.247603766188,
    5.509999999999));
#7785 = CARTESIAN_POINT('',(-2.945157223832,0.250473498037,
    5.509999999999));
#7786 = CARTESIAN_POINT('',(-2.937546195885,0.256275347211,
    5.509999999999));
#7787 = ORIENTED_EDGE('',*,*,#7788,.T.);
#7788 = EDGE_CURVE('',#7780,#663,#7789,.T.);
#7789 = LINE('',#7790,#7791);
#7790 = CARTESIAN_POINT('',(-2.937546195885,0.256275347211,
    5.509999999999));
#7791 = VECTOR('',#7792,1.);
#7792 = DIRECTION('',(0.,0.,-1.));
#7793 = ORIENTED_EDGE('',*,*,#671,.F.);
#7794 = B_SPLINE_SURFACE_WITH_KNOTS('',3,1,(
    (#7795,#7796)
    ,(#7797,#7798)
    ,(#7799,#7800)
    ,(#7801,#7802
    )),.UNSPECIFIED.,.F.,.F.,.F.,(4,4),(2,2),(5.,6.),(0.,1.),
  .PIECEWISE_BEZIER_KNOTS.);
#7795 = CARTESIAN_POINT('',(-2.965120575826,0.247603766188,
    5.509999999999));
#7796 = CARTESIAN_POINT('',(-2.965120575826,0.247603766188,
    5.499999999999));
#7797 = CARTESIAN_POINT('',(-2.954390274129,0.247603766188,
    5.509999999999));
#7798 = CARTESIAN_POINT('',(-2.954390274129,0.247603766188,
    5.499999999999));
#7799 = CARTESIAN_POINT('',(-2.945157223832,0.250473498037,
    5.509999999999));
#7800 = CARTESIAN_POINT('',(-2.945157223832,0.250473498037,
    5.499999999999));
#7801 = CARTESIAN_POINT('',(-2.937546195885,0.256275347211,
    5.509999999999));
#7802 = CARTESIAN_POINT('',(-2.937546195885,0.256275347211,
    5.499999999999));
#7803 = ADVANCED_FACE('',(#7804),#7823,.F.);
#7804 = FACE_BOUND('',#7805,.F.);
#7805 = EDGE_LOOP('',(#7806,#7807,#7816,#7822));
#7806 = ORIENTED_EDGE('',*,*,#7788,.F.);
#7807 = ORIENTED_EDGE('',*,*,#7808,.T.);
#7808 = EDGE_CURVE('',#7780,#7809,#7811,.T.);
#7809 = VERTEX_POINT('',#7810);
#7810 = CARTESIAN_POINT('',(-2.914463570143,0.293893788623,
    5.509999999999));
#7811 = B_SPLINE_CURVE_WITH_KNOTS('',3,(#7812,#7813,#7814,#7815),
  .UNSPECIFIED.,.F.,.F.,(4,4),(4.,5.),.PIECEWISE_BEZIER_KNOTS.);
#7812 = CARTESIAN_POINT('',(-2.937546195885,0.256275347211,
    5.509999999999));
#7813 = CARTESIAN_POINT('',(-2.929935167938,0.262014810909,
    5.509999999999));
#7814 = CARTESIAN_POINT('',(-2.92219936904,0.274616676854,5.509999999999
    ));
#7815 = CARTESIAN_POINT('',(-2.914463570143,0.293893788623,
    5.509999999999));
#7816 = ORIENTED_EDGE('',*,*,#7817,.T.);
#7817 = EDGE_CURVE('',#7809,#654,#7818,.T.);
#7818 = LINE('',#7819,#7820);
#7819 = CARTESIAN_POINT('',(-2.914463570143,0.293893788623,
    5.509999999999));
#7820 = VECTOR('',#7821,1.);
#7821 = DIRECTION('',(0.,0.,-1.));
#7822 = ORIENTED_EDGE('',*,*,#662,.F.);
#7823 = B_SPLINE_SURFACE_WITH_KNOTS('',3,1,(
    (#7824,#7825)
    ,(#7826,#7827)
    ,(#7828,#7829)
    ,(#7830,#7831
    )),.UNSPECIFIED.,.F.,.F.,.F.,(4,4),(2,2),(4.,5.),(0.,1.),
  .PIECEWISE_BEZIER_KNOTS.);
#7824 = CARTESIAN_POINT('',(-2.937546195885,0.256275347211,
    5.509999999999));
#7825 = CARTESIAN_POINT('',(-2.937546195885,0.256275347211,
    5.499999999999));
#7826 = CARTESIAN_POINT('',(-2.929935167938,0.262014810909,
    5.509999999999));
#7827 = CARTESIAN_POINT('',(-2.929935167938,0.262014810909,
    5.499999999999));
#7828 = CARTESIAN_POINT('',(-2.92219936904,0.274616676854,5.509999999999
    ));
#7829 = CARTESIAN_POINT('',(-2.92219936904,0.274616676854,5.499999999999
    ));
#7830 = CARTESIAN_POINT('',(-2.914463570143,0.293893788623,
    5.509999999999));
#7831 = CARTESIAN_POINT('',(-2.914463570143,0.293893788623,
    5.499999999999));
#7832 = ADVANCED_FACE('',(#7833),#7852,.F.);
#7833 = FACE_BOUND('',#7834,.F.);
#7834 = EDGE_LOOP('',(#7835,#7836,#7845,#7851));
#7835 = ORIENTED_EDGE('',*,*,#7817,.F.);
#7836 = ORIENTED_EDGE('',*,*,#7837,.T.);
#7837 = EDGE_CURVE('',#7809,#7838,#7840,.T.);
#7838 = VERTEX_POINT('',#7839);
#7839 = CARTESIAN_POINT('',(-2.898867201397,0.325897537287,
    5.509999999999));
#7840 = B_SPLINE_CURVE_WITH_KNOTS('',3,(#7841,#7842,#7843,#7844),
  .UNSPECIFIED.,.F.,.F.,(4,4),(3.,4.),.PIECEWISE_BEZIER_KNOTS.);
#7841 = CARTESIAN_POINT('',(-2.914463570143,0.293893788623,
    5.509999999999));
#7842 = CARTESIAN_POINT('',(-2.908474564545,0.309989241168,
    5.509999999999));
#7843 = CARTESIAN_POINT('',(-2.903234184646,0.320657157389,
    5.509999999999));
#7844 = CARTESIAN_POINT('',(-2.898867201397,0.325897537287,
    5.509999999999));
#7845 = ORIENTED_EDGE('',*,*,#7846,.T.);
#7846 = EDGE_CURVE('',#7838,#645,#7847,.T.);
#7847 = LINE('',#7848,#7849);
#7848 = CARTESIAN_POINT('',(-2.898867201397,0.325897537287,
    5.509999999999));
#7849 = VECTOR('',#7850,1.);
#7850 = DIRECTION('',(0.,0.,-1.));
#7851 = ORIENTED_EDGE('',*,*,#653,.F.);
#7852 = B_SPLINE_SURFACE_WITH_KNOTS('',3,1,(
    (#7853,#7854)
    ,(#7855,#7856)
    ,(#7857,#7858)
    ,(#7859,#7860
    )),.UNSPECIFIED.,.F.,.F.,.F.,(4,4),(2,2),(3.,4.),(0.,1.),
  .PIECEWISE_BEZIER_KNOTS.);
#7853 = CARTESIAN_POINT('',(-2.914463570143,0.293893788623,
    5.509999999999));
#7854 = CARTESIAN_POINT('',(-2.914463570143,0.293893788623,
    5.499999999999));
#7855 = CARTESIAN_POINT('',(-2.908474564545,0.309989241168,
    5.509999999999));
#7856 = CARTESIAN_POINT('',(-2.908474564545,0.309989241168,
    5.499999999999));
#7857 = CARTESIAN_POINT('',(-2.903234184646,0.320657157389,
    5.509999999999));
#7858 = CARTESIAN_POINT('',(-2.903234184646,0.320657157389,
    5.499999999999));
#7859 = CARTESIAN_POINT('',(-2.898867201397,0.325897537287,
    5.509999999999));
#7860 = CARTESIAN_POINT('',(-2.898867201397,0.325897537287,
    5.499999999999));
#7861 = ADVANCED_FACE('',(#7862),#7881,.F.);
#7862 = FACE_BOUND('',#7863,.F.);
#7863 = EDGE_LOOP('',(#7864,#7865,#7874,#7880));
#7864 = ORIENTED_EDGE('',*,*,#7846,.F.);
#7865 = ORIENTED_EDGE('',*,*,#7866,.T.);
#7866 = EDGE_CURVE('',#7838,#7867,#7869,.T.);
#7867 = VERTEX_POINT('',#7868);
#7868 = CARTESIAN_POINT('',(-2.882272665054,0.333758107134,
    5.509999999999));
#7869 = B_SPLINE_CURVE_WITH_KNOTS('',3,(#7870,#7871,#7872,#7873),
  .UNSPECIFIED.,.F.,.F.,(4,4),(2.,3.),.PIECEWISE_BEZIER_KNOTS.);
#7870 = CARTESIAN_POINT('',(-2.898867201397,0.325897537287,
    5.509999999999));
#7871 = CARTESIAN_POINT('',(-2.894500218149,0.331137917186,
    5.509999999999));
#7872 = CARTESIAN_POINT('',(-2.889010296352,0.333758107134,
    5.509999999999));
#7873 = CARTESIAN_POINT('',(-2.882272665054,0.333758107134,
    5.509999999999));
#7874 = ORIENTED_EDGE('',*,*,#7875,.T.);
#7875 = EDGE_CURVE('',#7867,#636,#7876,.T.);
#7876 = LINE('',#7877,#7878);
#7877 = CARTESIAN_POINT('',(-2.882272665054,0.333758107134,
    5.509999999999));
#7878 = VECTOR('',#7879,1.);
#7879 = DIRECTION('',(0.,0.,-1.));
#7880 = ORIENTED_EDGE('',*,*,#644,.F.);
#7881 = B_SPLINE_SURFACE_WITH_KNOTS('',3,1,(
    (#7882,#7883)
    ,(#7884,#7885)
    ,(#7886,#7887)
    ,(#7888,#7889
    )),.UNSPECIFIED.,.F.,.F.,.F.,(4,4),(2,2),(2.,3.),(0.,1.),
  .PIECEWISE_BEZIER_KNOTS.);
#7882 = CARTESIAN_POINT('',(-2.898867201397,0.325897537287,
    5.509999999999));
#7883 = CARTESIAN_POINT('',(-2.898867201397,0.325897537287,
    5.499999999999));
#7884 = CARTESIAN_POINT('',(-2.894500218149,0.331137917186,
    5.509999999999));
#7885 = CARTESIAN_POINT('',(-2.894500218149,0.331137917186,
    5.499999999999));
#7886 = CARTESIAN_POINT('',(-2.889010296352,0.333758107134,
    5.509999999999));
#7887 = CARTESIAN_POINT('',(-2.889010296352,0.333758107134,
    5.499999999999));
#7888 = CARTESIAN_POINT('',(-2.882272665054,0.333758107134,
    5.509999999999));
#7889 = CARTESIAN_POINT('',(-2.882272665054,0.333758107134,
    5.499999999999));
#7890 = ADVANCED_FACE('',(#7891),#7903,.F.);
#7891 = FACE_BOUND('',#7892,.F.);
#7892 = EDGE_LOOP('',(#7893,#7894,#7901,#7902));
#7893 = ORIENTED_EDGE('',*,*,#7875,.F.);
#7894 = ORIENTED_EDGE('',*,*,#7895,.T.);
#7895 = EDGE_CURVE('',#7867,#7318,#7896,.T.);
#7896 = B_SPLINE_CURVE_WITH_KNOTS('',3,(#7897,#7898,#7899,#7900),
  .UNSPECIFIED.,.F.,.F.,(4,4),(1.,2.),.PIECEWISE_BEZIER_KNOTS.);
#7897 = CARTESIAN_POINT('',(-2.882272665054,0.333758107134,
    5.509999999999));
#7898 = CARTESIAN_POINT('',(-2.866551525358,0.333758107134,
    5.509999999999));
#7899 = CARTESIAN_POINT('',(-2.858690955512,0.321717710464,
    5.509999999999));
#7900 = CARTESIAN_POINT('',(-2.858690955512,0.297699302597,
    5.509999999999));
#7901 = ORIENTED_EDGE('',*,*,#7317,.T.);
#7902 = ORIENTED_EDGE('',*,*,#635,.F.);
#7903 = B_SPLINE_SURFACE_WITH_KNOTS('',3,1,(
    (#7904,#7905)
    ,(#7906,#7907)
    ,(#7908,#7909)
    ,(#7910,#7911
    )),.UNSPECIFIED.,.F.,.F.,.F.,(4,4),(2,2),(1.,2.),(0.,1.),
  .PIECEWISE_BEZIER_KNOTS.);
#7904 = CARTESIAN_POINT('',(-2.882272665054,0.333758107134,
    5.509999999999));
#7905 = CARTESIAN_POINT('',(-2.882272665054,0.333758107134,
    5.499999999999));
#7906 = CARTESIAN_POINT('',(-2.866551525358,0.333758107134,
    5.509999999999));
#7907 = CARTESIAN_POINT('',(-2.866551525358,0.333758107134,
    5.499999999999));
#7908 = CARTESIAN_POINT('',(-2.858690955512,0.321717710464,
    5.509999999999));
#7909 = CARTESIAN_POINT('',(-2.858690955512,0.321717710464,
    5.499999999999));
#7910 = CARTESIAN_POINT('',(-2.858690955512,0.297699302597,
    5.509999999999));
#7911 = CARTESIAN_POINT('',(-2.858690955512,0.297699302597,
    5.499999999999));
#7912 = ADVANCED_FACE('',(#7913),#7936,.F.);
#7913 = FACE_BOUND('',#7914,.T.);
#7914 = EDGE_LOOP('',(#7915,#7916,#7917,#7918,#7919,#7920,#7921,#7922,
    #7923,#7924,#7925,#7926,#7927,#7928,#7929,#7930,#7931,#7932,#7933,
    #7934,#7935));
#7915 = ORIENTED_EDGE('',*,*,#7325,.T.);
#7916 = ORIENTED_EDGE('',*,*,#7362,.T.);
#7917 = ORIENTED_EDGE('',*,*,#7378,.T.);
#7918 = ORIENTED_EDGE('',*,*,#7407,.T.);
#7919 = ORIENTED_EDGE('',*,*,#7436,.T.);
#7920 = ORIENTED_EDGE('',*,*,#7465,.T.);
#7921 = ORIENTED_EDGE('',*,*,#7494,.T.);
#7922 = ORIENTED_EDGE('',*,*,#7523,.T.);
#7923 = ORIENTED_EDGE('',*,*,#7552,.T.);
#7924 = ORIENTED_EDGE('',*,*,#7581,.T.);
#7925 = ORIENTED_EDGE('',*,*,#7610,.T.);
#7926 = ORIENTED_EDGE('',*,*,#7639,.T.);
#7927 = ORIENTED_EDGE('',*,*,#7676,.T.);
#7928 = ORIENTED_EDGE('',*,*,#7692,.T.);
#7929 = ORIENTED_EDGE('',*,*,#7721,.T.);
#7930 = ORIENTED_EDGE('',*,*,#7750,.T.);
#7931 = ORIENTED_EDGE('',*,*,#7779,.T.);
#7932 = ORIENTED_EDGE('',*,*,#7808,.T.);
#7933 = ORIENTED_EDGE('',*,*,#7837,.T.);
#7934 = ORIENTED_EDGE('',*,*,#7866,.T.);
#7935 = ORIENTED_EDGE('',*,*,#7895,.T.);
#7936 = PLANE('',#7937);
#7937 = AXIS2_PLACEMENT_3D('',#7938,#7939,#7940);
#7938 = CARTESIAN_POINT('',(-2.862901975073,0.271668963162,
    5.509999999999));
#7939 = DIRECTION('',(0.,0.,-1.));
#7940 = DIRECTION('',(-1.,0.,0.));
#7941 = ADVANCED_FACE('',(#7942),#7967,.F.);
#7942 = FACE_BOUND('',#7943,.T.);
#7943 = EDGE_LOOP('',(#7944,#7945,#7953,#7961));
#7944 = ORIENTED_EDGE('',*,*,#499,.T.);
#7945 = ORIENTED_EDGE('',*,*,#7946,.F.);
#7946 = EDGE_CURVE('',#7947,#490,#7949,.T.);
#7947 = VERTEX_POINT('',#7948);
#7948 = CARTESIAN_POINT('',(-3.01215922396,0.516672319774,5.509999999999
    ));
#7949 = LINE('',#7950,#7951);
#7950 = CARTESIAN_POINT('',(-3.01215922396,0.516672319774,5.509999999999
    ));
#7951 = VECTOR('',#7952,1.);
#7952 = DIRECTION('',(0.,0.,-1.));
#7953 = ORIENTED_EDGE('',*,*,#7954,.F.);
#7954 = EDGE_CURVE('',#7955,#7947,#7957,.T.);
#7955 = VERTEX_POINT('',#7956);
#7956 = CARTESIAN_POINT('',(-3.01215922396,0.548364141062,5.509999999999
    ));
#7957 = LINE('',#7958,#7959);
#7958 = CARTESIAN_POINT('',(-3.01215922396,0.516672319774,5.509999999999
    ));
#7959 = VECTOR('',#7960,1.);
#7960 = DIRECTION('',(0.,-1.,0.));
#7961 = ORIENTED_EDGE('',*,*,#7962,.T.);
#7962 = EDGE_CURVE('',#7955,#500,#7963,.T.);
#7963 = LINE('',#7964,#7965);
#7964 = CARTESIAN_POINT('',(-3.01215922396,0.548364141062,5.509999999999
    ));
#7965 = VECTOR('',#7966,1.);
#7966 = DIRECTION('',(0.,0.,-1.));
#7967 = PLANE('',#7968);
#7968 = AXIS2_PLACEMENT_3D('',#7969,#7970,#7971);
#7969 = CARTESIAN_POINT('',(-3.01215922396,0.516672319774,5.509999999999
    ));
#7970 = DIRECTION('',(1.,0.,0.));
#7971 = DIRECTION('',(0.,0.,-1.));
#7972 = ADVANCED_FACE('',(#7973),#7991,.F.);
#7973 = FACE_BOUND('',#7974,.T.);
#7974 = EDGE_LOOP('',(#7975,#7976,#7984,#7990));
#7975 = ORIENTED_EDGE('',*,*,#489,.T.);
#7976 = ORIENTED_EDGE('',*,*,#7977,.F.);
#7977 = EDGE_CURVE('',#7978,#492,#7980,.T.);
#7978 = VERTEX_POINT('',#7979);
#7979 = CARTESIAN_POINT('',(-2.880900184604,0.469072202364,
    5.509999999999));
#7980 = LINE('',#7981,#7982);
#7981 = CARTESIAN_POINT('',(-2.880900184604,0.469072202364,
    5.509999999999));
#7982 = VECTOR('',#7983,1.);
#7983 = DIRECTION('',(0.,0.,-1.));
#7984 = ORIENTED_EDGE('',*,*,#7985,.F.);
#7985 = EDGE_CURVE('',#7947,#7978,#7986,.T.);
#7986 = LINE('',#7987,#7988);
#7987 = CARTESIAN_POINT('',(-2.880900184604,0.469072202364,
    5.509999999999));
#7988 = VECTOR('',#7989,1.);
#7989 = DIRECTION('',(0.9400931104,-0.340917796218,0.));
#7990 = ORIENTED_EDGE('',*,*,#7946,.T.);
#7991 = PLANE('',#7992);
#7992 = AXIS2_PLACEMENT_3D('',#7993,#7994,#7995);
#7993 = CARTESIAN_POINT('',(-2.880900184604,0.469072202364,
    5.509999999999));
#7994 = DIRECTION('',(0.340917796218,0.9400931104,0.));
#7995 = DIRECTION('',(-0.9400931104,0.340917796218,0.));
#7996 = ADVANCED_FACE('',(#7997),#8016,.F.);
#7997 = FACE_BOUND('',#7998,.F.);
#7998 = EDGE_LOOP('',(#7999,#8000,#8009,#8015));
#7999 = ORIENTED_EDGE('',*,*,#7977,.F.);
#8000 = ORIENTED_EDGE('',*,*,#8001,.T.);
#8001 = EDGE_CURVE('',#7978,#8002,#8004,.T.);
#8002 = VERTEX_POINT('',#8003);
#8003 = CARTESIAN_POINT('',(-2.866801067258,0.465329073865,
    5.509999999999));
#8004 = B_SPLINE_CURVE_WITH_KNOTS('',3,(#8005,#8006,#8007,#8008),
  .UNSPECIFIED.,.F.,.F.,(4,4),(12.,13.),.PIECEWISE_BEZIER_KNOTS.);
#8005 = CARTESIAN_POINT('',(-2.880900184604,0.469072202364,
    5.509999999999));
#8006 = CARTESIAN_POINT('',(-2.874786408056,0.467200638115,
    5.509999999999));
#8007 = CARTESIAN_POINT('',(-2.870045111958,0.465952928614,
    5.509999999999));
#8008 = CARTESIAN_POINT('',(-2.866801067258,0.465329073865,
    5.509999999999));
#8009 = ORIENTED_EDGE('',*,*,#8010,.T.);
#8010 = EDGE_CURVE('',#8002,#600,#8011,.T.);
#8011 = LINE('',#8012,#8013);
#8012 = CARTESIAN_POINT('',(-2.866801067258,0.465329073865,
    5.509999999999));
#8013 = VECTOR('',#8014,1.);
#8014 = DIRECTION('',(0.,0.,-1.));
#8015 = ORIENTED_EDGE('',*,*,#607,.F.);
#8016 = B_SPLINE_SURFACE_WITH_KNOTS('',3,1,(
    (#8017,#8018)
    ,(#8019,#8020)
    ,(#8021,#8022)
    ,(#8023,#8024
    )),.UNSPECIFIED.,.F.,.F.,.F.,(4,4),(2,2),(12.,13.),(0.,1.),
  .PIECEWISE_BEZIER_KNOTS.);
#8017 = CARTESIAN_POINT('',(-2.880900184604,0.469072202364,
    5.509999999999));
#8018 = CARTESIAN_POINT('',(-2.880900184604,0.469072202364,
    5.499999999999));
#8019 = CARTESIAN_POINT('',(-2.874786408056,0.467200638115,
    5.509999999999));
#8020 = CARTESIAN_POINT('',(-2.874786408056,0.467200638115,
    5.499999999999));
#8021 = CARTESIAN_POINT('',(-2.870045111958,0.465952928614,
    5.509999999999));
#8022 = CARTESIAN_POINT('',(-2.870045111958,0.465952928614,
    5.499999999999));
#8023 = CARTESIAN_POINT('',(-2.866801067258,0.465329073865,
    5.509999999999));
#8024 = CARTESIAN_POINT('',(-2.866801067258,0.465329073865,
    5.499999999999));
#8025 = ADVANCED_FACE('',(#8026),#8044,.F.);
#8026 = FACE_BOUND('',#8027,.T.);
#8027 = EDGE_LOOP('',(#8028,#8029,#8037,#8043));
#8028 = ORIENTED_EDGE('',*,*,#599,.T.);
#8029 = ORIENTED_EDGE('',*,*,#8030,.F.);
#8030 = EDGE_CURVE('',#8031,#592,#8033,.T.);
#8031 = VERTEX_POINT('',#8032);
#8032 = CARTESIAN_POINT('',(-2.866801067258,0.464518062691,
    5.509999999999));
#8033 = LINE('',#8034,#8035);
#8034 = CARTESIAN_POINT('',(-2.866801067258,0.464518062691,
    5.509999999999));
#8035 = VECTOR('',#8036,1.);
#8036 = DIRECTION('',(0.,0.,-1.));
#8037 = ORIENTED_EDGE('',*,*,#8038,.F.);
#8038 = EDGE_CURVE('',#8002,#8031,#8039,.T.);
#8039 = LINE('',#8040,#8041);
#8040 = CARTESIAN_POINT('',(-2.866801067258,0.464518062691,
    5.509999999999));
#8041 = VECTOR('',#8042,1.);
#8042 = DIRECTION('',(0.,-1.,0.));
#8043 = ORIENTED_EDGE('',*,*,#8010,.T.);
#8044 = PLANE('',#8045);
#8045 = AXIS2_PLACEMENT_3D('',#8046,#8047,#8048);
#8046 = CARTESIAN_POINT('',(-2.866801067258,0.464518062691,
    5.509999999999));
#8047 = DIRECTION('',(1.,0.,0.));
#8048 = DIRECTION('',(0.,0.,-1.));
#8049 = ADVANCED_FACE('',(#8050),#8068,.F.);
#8050 = FACE_BOUND('',#8051,.T.);
#8051 = EDGE_LOOP('',(#8052,#8053,#8061,#8067));
#8052 = ORIENTED_EDGE('',*,*,#591,.T.);
#8053 = ORIENTED_EDGE('',*,*,#8054,.F.);
#8054 = EDGE_CURVE('',#8055,#584,#8057,.T.);
#8055 = VERTEX_POINT('',#8056);
#8056 = CARTESIAN_POINT('',(-2.881149726504,0.460774934192,
    5.509999999999));
#8057 = LINE('',#8058,#8059);
#8058 = CARTESIAN_POINT('',(-2.881149726504,0.460774934192,
    5.509999999999));
#8059 = VECTOR('',#8060,1.);
#8060 = DIRECTION('',(0.,0.,-1.));
#8061 = ORIENTED_EDGE('',*,*,#8062,.F.);
#8062 = EDGE_CURVE('',#8031,#8055,#8063,.T.);
#8063 = LINE('',#8064,#8065);
#8064 = CARTESIAN_POINT('',(-2.881149726504,0.460774934192,
    5.509999999999));
#8065 = VECTOR('',#8066,1.);
#8066 = DIRECTION('',(-0.967617272386,-0.252421897187,0.));
#8067 = ORIENTED_EDGE('',*,*,#8030,.T.);
#8068 = PLANE('',#8069);
#8069 = AXIS2_PLACEMENT_3D('',#8070,#8071,#8072);
#8070 = CARTESIAN_POINT('',(-2.881149726504,0.460774934192,
    5.509999999999));
#8071 = DIRECTION('',(0.252421897187,-0.967617272386,0.));
#8072 = DIRECTION('',(0.967617272386,0.252421897187,0.));
#8073 = ADVANCED_FACE('',(#8074),#8092,.F.);
#8074 = FACE_BOUND('',#8075,.T.);
#8075 = EDGE_LOOP('',(#8076,#8077,#8085,#8091));
#8076 = ORIENTED_EDGE('',*,*,#583,.T.);
#8077 = ORIENTED_EDGE('',*,*,#8078,.F.);
#8078 = EDGE_CURVE('',#8079,#576,#8081,.T.);
#8079 = VERTEX_POINT('',#8080);
#8080 = CARTESIAN_POINT('',(-3.01215922396,0.415233537457,5.509999999999
    ));
#8081 = LINE('',#8082,#8083);
#8082 = CARTESIAN_POINT('',(-3.01215922396,0.415233537457,5.509999999999
    ));
#8083 = VECTOR('',#8084,1.);
#8084 = DIRECTION('',(0.,0.,-1.));
#8085 = ORIENTED_EDGE('',*,*,#8086,.F.);
#8086 = EDGE_CURVE('',#8055,#8079,#8087,.T.);
#8087 = LINE('',#8088,#8089);
#8088 = CARTESIAN_POINT('',(-3.01215922396,0.415233537457,5.509999999999
    ));
#8089 = VECTOR('',#8090,1.);
#8090 = DIRECTION('',(-0.94455746043,-0.328346164812,0.));
#8091 = ORIENTED_EDGE('',*,*,#8054,.T.);
#8092 = PLANE('',#8093);
#8093 = AXIS2_PLACEMENT_3D('',#8094,#8095,#8096);
#8094 = CARTESIAN_POINT('',(-3.01215922396,0.415233537457,5.509999999999
    ));
#8095 = DIRECTION('',(0.328346164812,-0.94455746043,0.));
#8096 = DIRECTION('',(0.94455746043,0.328346164812,0.));
#8097 = ADVANCED_FACE('',(#8098),#8116,.F.);
#8098 = FACE_BOUND('',#8099,.T.);
#8099 = EDGE_LOOP('',(#8100,#8101,#8109,#8115));
#8100 = ORIENTED_EDGE('',*,*,#575,.T.);
#8101 = ORIENTED_EDGE('',*,*,#8102,.F.);
#8102 = EDGE_CURVE('',#8103,#568,#8105,.T.);
#8103 = VERTEX_POINT('',#8104);
#8104 = CARTESIAN_POINT('',(-3.01215922396,0.381046297169,5.509999999999
    ));
#8105 = LINE('',#8106,#8107);
#8106 = CARTESIAN_POINT('',(-3.01215922396,0.381046297169,5.509999999999
    ));
#8107 = VECTOR('',#8108,1.);
#8108 = DIRECTION('',(0.,0.,-1.));
#8109 = ORIENTED_EDGE('',*,*,#8110,.F.);
#8110 = EDGE_CURVE('',#8079,#8103,#8111,.T.);
#8111 = LINE('',#8112,#8113);
#8112 = CARTESIAN_POINT('',(-3.01215922396,0.381046297169,5.509999999999
    ));
#8113 = VECTOR('',#8114,1.);
#8114 = DIRECTION('',(0.,-1.,0.));
#8115 = ORIENTED_EDGE('',*,*,#8078,.T.);
#8116 = PLANE('',#8117);
#8117 = AXIS2_PLACEMENT_3D('',#8118,#8119,#8120);
#8118 = CARTESIAN_POINT('',(-3.01215922396,0.381046297169,5.509999999999
    ));
#8119 = DIRECTION('',(1.,0.,0.));
#8120 = DIRECTION('',(0.,0.,-1.));
#8121 = ADVANCED_FACE('',(#8122),#8140,.F.);
#8122 = FACE_BOUND('',#8123,.T.);
#8123 = EDGE_LOOP('',(#8124,#8125,#8133,#8139));
#8124 = ORIENTED_EDGE('',*,*,#567,.T.);
#8125 = ORIENTED_EDGE('',*,*,#8126,.F.);
#8126 = EDGE_CURVE('',#8127,#560,#8129,.T.);
#8127 = VERTEX_POINT('',#8128);
#8128 = CARTESIAN_POINT('',(-2.838228519719,0.449420777746,
    5.509999999999));
#8129 = LINE('',#8130,#8131);
#8130 = CARTESIAN_POINT('',(-2.838228519719,0.449420777746,
    5.509999999999));
#8131 = VECTOR('',#8132,1.);
#8132 = DIRECTION('',(0.,0.,-1.));
#8133 = ORIENTED_EDGE('',*,*,#8134,.F.);
#8134 = EDGE_CURVE('',#8103,#8127,#8135,.T.);
#8135 = LINE('',#8136,#8137);
#8136 = CARTESIAN_POINT('',(-2.838228519719,0.449420777746,
    5.509999999999));
#8137 = VECTOR('',#8138,1.);
#8138 = DIRECTION('',(0.930670322636,0.365858921669,0.));
#8139 = ORIENTED_EDGE('',*,*,#8102,.T.);
#8140 = PLANE('',#8141);
#8141 = AXIS2_PLACEMENT_3D('',#8142,#8143,#8144);
#8142 = CARTESIAN_POINT('',(-2.838228519719,0.449420777746,
    5.509999999999));
#8143 = DIRECTION('',(-0.365858921669,0.930670322636,0.));
#8144 = DIRECTION('',(-0.930670322636,-0.365858921669,0.));
#8145 = ADVANCED_FACE('',(#8146),#8164,.F.);
#8146 = FACE_BOUND('',#8147,.T.);
#8147 = EDGE_LOOP('',(#8148,#8149,#8157,#8163));
#8148 = ORIENTED_EDGE('',*,*,#559,.T.);
#8149 = ORIENTED_EDGE('',*,*,#8150,.F.);
#8150 = EDGE_CURVE('',#8151,#551,#8153,.T.);
#8151 = VERTEX_POINT('',#8152);
#8152 = CARTESIAN_POINT('',(-2.806536698429,0.436007900625,
    5.509999999999));
#8153 = LINE('',#8154,#8155);
#8154 = CARTESIAN_POINT('',(-2.806536698429,0.436007900625,
    5.509999999999));
#8155 = VECTOR('',#8156,1.);
#8156 = DIRECTION('',(0.,0.,-1.));
#8157 = ORIENTED_EDGE('',*,*,#8158,.F.);
#8158 = EDGE_CURVE('',#8127,#8151,#8159,.T.);
#8159 = LINE('',#8160,#8161);
#8160 = CARTESIAN_POINT('',(-2.806536698429,0.436007900625,
    5.509999999999));
#8161 = VECTOR('',#8162,1.);
#8162 = DIRECTION('',(0.920917203017,-0.389758265065,0.));
#8163 = ORIENTED_EDGE('',*,*,#8126,.T.);
#8164 = PLANE('',#8165);
#8165 = AXIS2_PLACEMENT_3D('',#8166,#8167,#8168);
#8166 = CARTESIAN_POINT('',(-2.806536698429,0.436007900625,
    5.509999999999));
#8167 = DIRECTION('',(0.389758265065,0.920917203017,0.));
#8168 = DIRECTION('',(-0.920917203017,0.389758265065,0.));
#8169 = ADVANCED_FACE('',(#8170),#8189,.F.);
#8170 = FACE_BOUND('',#8171,.F.);
#8171 = EDGE_LOOP('',(#8172,#8173,#8182,#8188));
#8172 = ORIENTED_EDGE('',*,*,#8150,.F.);
#8173 = ORIENTED_EDGE('',*,*,#8174,.T.);
#8174 = EDGE_CURVE('',#8151,#8175,#8177,.T.);
#8175 = VERTEX_POINT('',#8176);
#8176 = CARTESIAN_POINT('',(-2.781956821287,0.404690392185,
    5.509999999999));
#8177 = B_SPLINE_CURVE_WITH_KNOTS('',3,(#8178,#8179,#8180,#8181),
  .UNSPECIFIED.,.F.,.F.,(4,4),(5.,6.),.PIECEWISE_BEZIER_KNOTS.);
#8178 = CARTESIAN_POINT('',(-2.806536698429,0.436007900625,
    5.509999999999));
#8179 = CARTESIAN_POINT('',(-2.790066933035,0.429083112903,
    5.509999999999));
#8180 = CARTESIAN_POINT('',(-2.781956821287,0.418664738581,
    5.509999999999));
#8181 = CARTESIAN_POINT('',(-2.781956821287,0.404690392185,
    5.509999999999));
#8182 = ORIENTED_EDGE('',*,*,#8183,.T.);
#8183 = EDGE_CURVE('',#8175,#542,#8184,.T.);
#8184 = LINE('',#8185,#8186);
#8185 = CARTESIAN_POINT('',(-2.781956821287,0.404690392185,
    5.509999999999));
#8186 = VECTOR('',#8187,1.);
#8187 = DIRECTION('',(0.,0.,-1.));
#8188 = ORIENTED_EDGE('',*,*,#550,.F.);
#8189 = B_SPLINE_SURFACE_WITH_KNOTS('',3,1,(
    (#8190,#8191)
    ,(#8192,#8193)
    ,(#8194,#8195)
    ,(#8196,#8197
    )),.UNSPECIFIED.,.F.,.F.,.F.,(4,4),(2,2),(5.,6.),(0.,1.),
  .PIECEWISE_BEZIER_KNOTS.);
#8190 = CARTESIAN_POINT('',(-2.806536698429,0.436007900625,
    5.509999999999));
#8191 = CARTESIAN_POINT('',(-2.806536698429,0.436007900625,
    5.499999999999));
#8192 = CARTESIAN_POINT('',(-2.790066933035,0.429083112903,
    5.509999999999));
#8193 = CARTESIAN_POINT('',(-2.790066933035,0.429083112903,
    5.499999999999));
#8194 = CARTESIAN_POINT('',(-2.781956821287,0.418664738581,
    5.509999999999));
#8195 = CARTESIAN_POINT('',(-2.781956821287,0.418664738581,
    5.499999999999));
#8196 = CARTESIAN_POINT('',(-2.781956821287,0.404690392185,
    5.509999999999));
#8197 = CARTESIAN_POINT('',(-2.781956821287,0.404690392185,
    5.499999999999));
#8198 = ADVANCED_FACE('',(#8199),#8218,.F.);
#8199 = FACE_BOUND('',#8200,.F.);
#8200 = EDGE_LOOP('',(#8201,#8202,#8211,#8217));
#8201 = ORIENTED_EDGE('',*,*,#8183,.F.);
#8202 = ORIENTED_EDGE('',*,*,#8203,.T.);
#8203 = EDGE_CURVE('',#8175,#8204,#8206,.T.);
#8204 = VERTEX_POINT('',#8205);
#8205 = CARTESIAN_POINT('',(-2.785450407887,0.387347230142,
    5.509999999999));
#8206 = B_SPLINE_CURVE_WITH_KNOTS('',3,(#8207,#8208,#8209,#8210),
  .UNSPECIFIED.,.F.,.F.,(4,4),(4.,5.),.PIECEWISE_BEZIER_KNOTS.);
#8207 = CARTESIAN_POINT('',(-2.781956821287,0.404690392185,
    5.509999999999));
#8208 = CARTESIAN_POINT('',(-2.781956821287,0.399075699438,
    5.509999999999));
#8209 = CARTESIAN_POINT('',(-2.783079759837,0.39333623574,5.509999999999
    ));
#8210 = CARTESIAN_POINT('',(-2.785450407887,0.387347230142,
    5.509999999999));
#8211 = ORIENTED_EDGE('',*,*,#8212,.T.);
#8212 = EDGE_CURVE('',#8204,#534,#8213,.T.);
#8213 = LINE('',#8214,#8215);
#8214 = CARTESIAN_POINT('',(-2.785450407887,0.387347230142,
    5.509999999999));
#8215 = VECTOR('',#8216,1.);
#8216 = DIRECTION('',(0.,0.,-1.));
#8217 = ORIENTED_EDGE('',*,*,#541,.F.);
#8218 = B_SPLINE_SURFACE_WITH_KNOTS('',3,1,(
    (#8219,#8220)
    ,(#8221,#8222)
    ,(#8223,#8224)
    ,(#8225,#8226
    )),.UNSPECIFIED.,.F.,.F.,.F.,(4,4),(2,2),(4.,5.),(0.,1.),
  .PIECEWISE_BEZIER_KNOTS.);
#8219 = CARTESIAN_POINT('',(-2.781956821287,0.404690392185,
    5.509999999999));
#8220 = CARTESIAN_POINT('',(-2.781956821287,0.404690392185,
    5.499999999999));
#8221 = CARTESIAN_POINT('',(-2.781956821287,0.399075699438,
    5.509999999999));
#8222 = CARTESIAN_POINT('',(-2.781956821287,0.399075699438,
    5.499999999999));
#8223 = CARTESIAN_POINT('',(-2.783079759837,0.39333623574,5.509999999999
    ));
#8224 = CARTESIAN_POINT('',(-2.783079759837,0.39333623574,5.499999999999
    ));
#8225 = CARTESIAN_POINT('',(-2.785450407887,0.387347230142,
    5.509999999999));
#8226 = CARTESIAN_POINT('',(-2.785450407887,0.387347230142,
    5.499999999999));
#8227 = ADVANCED_FACE('',(#8228),#8246,.F.);
#8228 = FACE_BOUND('',#8229,.T.);
#8229 = EDGE_LOOP('',(#8230,#8231,#8239,#8245));
#8230 = ORIENTED_EDGE('',*,*,#533,.T.);
#8231 = ORIENTED_EDGE('',*,*,#8232,.F.);
#8232 = EDGE_CURVE('',#8233,#525,#8235,.T.);
#8233 = VERTEX_POINT('',#8234);
#8234 = CARTESIAN_POINT('',(-2.758250340795,0.387347230142,
    5.509999999999));
#8235 = LINE('',#8236,#8237);
#8236 = CARTESIAN_POINT('',(-2.758250340795,0.387347230142,
    5.509999999999));
#8237 = VECTOR('',#8238,1.);
#8238 = DIRECTION('',(0.,0.,-1.));
#8239 = ORIENTED_EDGE('',*,*,#8240,.F.);
#8240 = EDGE_CURVE('',#8204,#8233,#8241,.T.);
#8241 = LINE('',#8242,#8243);
#8242 = CARTESIAN_POINT('',(-2.758250340795,0.387347230142,
    5.509999999999));
#8243 = VECTOR('',#8244,1.);
#8244 = DIRECTION('',(1.,1.594411026766E-14,0.));
#8245 = ORIENTED_EDGE('',*,*,#8212,.T.);
#8246 = PLANE('',#8247);
#8247 = AXIS2_PLACEMENT_3D('',#8248,#8249,#8250);
#8248 = CARTESIAN_POINT('',(-2.758250340795,0.387347230142,
    5.509999999999));
#8249 = DIRECTION('',(-1.594411026766E-14,1.,0.));
#8250 = DIRECTION('',(-1.,-1.594411026766E-14,0.));
#8251 = ADVANCED_FACE('',(#8252),#8271,.F.);
#8252 = FACE_BOUND('',#8253,.F.);
#8253 = EDGE_LOOP('',(#8254,#8255,#8264,#8270));
#8254 = ORIENTED_EDGE('',*,*,#8232,.F.);
#8255 = ORIENTED_EDGE('',*,*,#8256,.T.);
#8256 = EDGE_CURVE('',#8233,#8257,#8259,.T.);
#8257 = VERTEX_POINT('',#8258);
#8258 = CARTESIAN_POINT('',(-2.755754921796,0.407061040235,
    5.509999999999));
#8259 = B_SPLINE_CURVE_WITH_KNOTS('',3,(#8260,#8261,#8262,#8263),
  .UNSPECIFIED.,.F.,.F.,(4,4),(2.,3.),.PIECEWISE_BEZIER_KNOTS.);
#8260 = CARTESIAN_POINT('',(-2.758250340795,0.387347230142,
    5.509999999999));
#8261 = CARTESIAN_POINT('',(-2.756628318446,0.392774766465,
    5.509999999999));
#8262 = CARTESIAN_POINT('',(-2.755754921796,0.399387626812,
    5.509999999999));
#8263 = CARTESIAN_POINT('',(-2.755754921796,0.407061040235,
    5.509999999999));
#8264 = ORIENTED_EDGE('',*,*,#8265,.T.);
#8265 = EDGE_CURVE('',#8257,#516,#8266,.T.);
#8266 = LINE('',#8267,#8268);
#8267 = CARTESIAN_POINT('',(-2.755754921796,0.407061040235,
    5.509999999999));
#8268 = VECTOR('',#8269,1.);
#8269 = DIRECTION('',(0.,0.,-1.));
#8270 = ORIENTED_EDGE('',*,*,#524,.F.);
#8271 = B_SPLINE_SURFACE_WITH_KNOTS('',3,1,(
    (#8272,#8273)
    ,(#8274,#8275)
    ,(#8276,#8277)
    ,(#8278,#8279
    )),.UNSPECIFIED.,.F.,.F.,.F.,(4,4),(2,2),(2.,3.),(0.,1.),
  .PIECEWISE_BEZIER_KNOTS.);
#8272 = CARTESIAN_POINT('',(-2.758250340795,0.387347230142,
    5.509999999999));
#8273 = CARTESIAN_POINT('',(-2.758250340795,0.387347230142,
    5.499999999999));
#8274 = CARTESIAN_POINT('',(-2.756628318446,0.392774766465,
    5.509999999999));
#8275 = CARTESIAN_POINT('',(-2.756628318446,0.392774766465,
    5.499999999999));
#8276 = CARTESIAN_POINT('',(-2.755754921796,0.399387626812,
    5.509999999999));
#8277 = CARTESIAN_POINT('',(-2.755754921796,0.399387626812,
    5.499999999999));
#8278 = CARTESIAN_POINT('',(-2.755754921796,0.407061040235,
    5.509999999999));
#8279 = CARTESIAN_POINT('',(-2.755754921796,0.407061040235,
    5.499999999999));
#8280 = ADVANCED_FACE('',(#8281),#8300,.F.);
#8281 = FACE_BOUND('',#8282,.F.);
#8282 = EDGE_LOOP('',(#8283,#8284,#8293,#8299));
#8283 = ORIENTED_EDGE('',*,*,#8265,.F.);
#8284 = ORIENTED_EDGE('',*,*,#8285,.T.);
#8285 = EDGE_CURVE('',#8257,#8286,#8288,.T.);
#8286 = VERTEX_POINT('',#8287);
#8287 = CARTESIAN_POINT('',(-2.811527536428,0.469259358789,
    5.509999999999));
#8288 = B_SPLINE_CURVE_WITH_KNOTS('',3,(#8289,#8290,#8291,#8292),
  .UNSPECIFIED.,.F.,.F.,(4,4),(1.,2.),.PIECEWISE_BEZIER_KNOTS.);
#8289 = CARTESIAN_POINT('',(-2.755754921796,0.407061040235,
    5.509999999999));
#8290 = CARTESIAN_POINT('',(-2.755754921796,0.433824409001,
    5.509999999999));
#8291 = CARTESIAN_POINT('',(-2.77434579334,0.454536386694,5.509999999999
    ));
#8292 = CARTESIAN_POINT('',(-2.811527536428,0.469259358789,
    5.509999999999));
#8293 = ORIENTED_EDGE('',*,*,#8294,.T.);
#8294 = EDGE_CURVE('',#8286,#508,#8295,.T.);
#8295 = LINE('',#8296,#8297);
#8296 = CARTESIAN_POINT('',(-2.811527536428,0.469259358789,
    5.509999999999));
#8297 = VECTOR('',#8298,1.);
#8298 = DIRECTION('',(0.,0.,-1.));
#8299 = ORIENTED_EDGE('',*,*,#515,.F.);
#8300 = B_SPLINE_SURFACE_WITH_KNOTS('',3,1,(
    (#8301,#8302)
    ,(#8303,#8304)
    ,(#8305,#8306)
    ,(#8307,#8308
    )),.UNSPECIFIED.,.F.,.F.,.F.,(4,4),(2,2),(1.,2.),(0.,1.),
  .PIECEWISE_BEZIER_KNOTS.);
#8301 = CARTESIAN_POINT('',(-2.755754921796,0.407061040235,
    5.509999999999));
#8302 = CARTESIAN_POINT('',(-2.755754921796,0.407061040235,
    5.499999999999));
#8303 = CARTESIAN_POINT('',(-2.755754921796,0.433824409001,
    5.509999999999));
#8304 = CARTESIAN_POINT('',(-2.755754921796,0.433824409001,
    5.499999999999));
#8305 = CARTESIAN_POINT('',(-2.77434579334,0.454536386694,5.509999999999
    ));
#8306 = CARTESIAN_POINT('',(-2.77434579334,0.454536386694,5.499999999999
    ));
#8307 = CARTESIAN_POINT('',(-2.811527536428,0.469259358789,
    5.509999999999));
#8308 = CARTESIAN_POINT('',(-2.811527536428,0.469259358789,
    5.499999999999));
#8309 = ADVANCED_FACE('',(#8310),#8321,.F.);
#8310 = FACE_BOUND('',#8311,.T.);
#8311 = EDGE_LOOP('',(#8312,#8313,#8314,#8320));
#8312 = ORIENTED_EDGE('',*,*,#507,.T.);
#8313 = ORIENTED_EDGE('',*,*,#7962,.F.);
#8314 = ORIENTED_EDGE('',*,*,#8315,.F.);
#8315 = EDGE_CURVE('',#8286,#7955,#8316,.T.);
#8316 = LINE('',#8317,#8318);
#8317 = CARTESIAN_POINT('',(-3.01215922396,0.548364141062,5.509999999999
    ));
#8318 = VECTOR('',#8319,1.);
#8319 = DIRECTION('',(-0.930300737781,0.36679767895,0.));
#8320 = ORIENTED_EDGE('',*,*,#8294,.T.);
#8321 = PLANE('',#8322);
#8322 = AXIS2_PLACEMENT_3D('',#8323,#8324,#8325);
#8323 = CARTESIAN_POINT('',(-3.01215922396,0.548364141062,5.509999999999
    ));
#8324 = DIRECTION('',(-0.36679767895,-0.930300737781,0.));
#8325 = DIRECTION('',(0.930300737781,-0.36679767895,0.));
#8326 = ADVANCED_FACE('',(#8327),#8344,.T.);
#8327 = FACE_BOUND('',#8328,.T.);
#8328 = EDGE_LOOP('',(#8329,#8330,#8331,#8332,#8333,#8334,#8335,#8336,
    #8337,#8338,#8339,#8340,#8341,#8342,#8343));
#8329 = ORIENTED_EDGE('',*,*,#7954,.T.);
#8330 = ORIENTED_EDGE('',*,*,#7985,.T.);
#8331 = ORIENTED_EDGE('',*,*,#8001,.T.);
#8332 = ORIENTED_EDGE('',*,*,#8038,.T.);
#8333 = ORIENTED_EDGE('',*,*,#8062,.T.);
#8334 = ORIENTED_EDGE('',*,*,#8086,.T.);
#8335 = ORIENTED_EDGE('',*,*,#8110,.T.);
#8336 = ORIENTED_EDGE('',*,*,#8134,.T.);
#8337 = ORIENTED_EDGE('',*,*,#8158,.T.);
#8338 = ORIENTED_EDGE('',*,*,#8174,.T.);
#8339 = ORIENTED_EDGE('',*,*,#8203,.T.);
#8340 = ORIENTED_EDGE('',*,*,#8240,.T.);
#8341 = ORIENTED_EDGE('',*,*,#8256,.T.);
#8342 = ORIENTED_EDGE('',*,*,#8285,.T.);
#8343 = ORIENTED_EDGE('',*,*,#8315,.T.);
#8344 = PLANE('',#8345);
#8345 = AXIS2_PLACEMENT_3D('',#8346,#8347,#8348);
#8346 = CARTESIAN_POINT('',(-2.769698075454,0.442675348264,
    5.509999999999));
#8347 = DIRECTION('',(0.,0.,1.));
#8348 = DIRECTION('',(1.,0.,-0.));
#8349 = ADVANCED_FACE('',(#8350),#8375,.F.);
#8350 = FACE_BOUND('',#8351,.T.);
#8351 = EDGE_LOOP('',(#8352,#8353,#8361,#8369));
#8352 = ORIENTED_EDGE('',*,*,#401,.T.);
#8353 = ORIENTED_EDGE('',*,*,#8354,.F.);
#8354 = EDGE_CURVE('',#8355,#392,#8357,.T.);
#8355 = VERTEX_POINT('',#8356);
#8356 = CARTESIAN_POINT('',(-2.86567812871,0.712562711208,5.509999999999
    ));
#8357 = LINE('',#8358,#8359);
#8358 = CARTESIAN_POINT('',(-2.86567812871,0.712562711208,5.509999999999
    ));
#8359 = VECTOR('',#8360,1.);
#8360 = DIRECTION('',(0.,0.,-1.));
#8361 = ORIENTED_EDGE('',*,*,#8362,.F.);
#8362 = EDGE_CURVE('',#8363,#8355,#8365,.T.);
#8363 = VERTEX_POINT('',#8364);
#8364 = CARTESIAN_POINT('',(-2.837854206869,0.712562711208,
    5.509999999999));
#8365 = LINE('',#8366,#8367);
#8366 = CARTESIAN_POINT('',(-2.86567812871,0.712562711208,5.509999999999
    ));
#8367 = VECTOR('',#8368,1.);
#8368 = DIRECTION('',(-1.,0.,0.));
#8369 = ORIENTED_EDGE('',*,*,#8370,.T.);
#8370 = EDGE_CURVE('',#8363,#402,#8371,.T.);
#8371 = LINE('',#8372,#8373);
#8372 = CARTESIAN_POINT('',(-2.837854206869,0.712562711208,
    5.509999999999));
#8373 = VECTOR('',#8374,1.);
#8374 = DIRECTION('',(0.,0.,-1.));
#8375 = PLANE('',#8376);
#8376 = AXIS2_PLACEMENT_3D('',#8377,#8378,#8379);
#8377 = CARTESIAN_POINT('',(-2.86567812871,0.712562711208,5.509999999999
    ));
#8378 = DIRECTION('',(0.,-1.,0.));
#8379 = DIRECTION('',(0.,0.,-1.));
#8380 = ADVANCED_FACE('',(#8381),#8399,.F.);
#8381 = FACE_BOUND('',#8382,.T.);
#8382 = EDGE_LOOP('',(#8383,#8384,#8392,#8398));
#8383 = ORIENTED_EDGE('',*,*,#391,.T.);
#8384 = ORIENTED_EDGE('',*,*,#8385,.F.);
#8385 = EDGE_CURVE('',#8386,#394,#8388,.T.);
#8386 = VERTEX_POINT('',#8387);
#8387 = CARTESIAN_POINT('',(-2.86567812871,0.612808336717,5.509999999999
    ));
#8388 = LINE('',#8389,#8390);
#8389 = CARTESIAN_POINT('',(-2.86567812871,0.612808336717,5.509999999999
    ));
#8390 = VECTOR('',#8391,1.);
#8391 = DIRECTION('',(0.,0.,-1.));
#8392 = ORIENTED_EDGE('',*,*,#8393,.F.);
#8393 = EDGE_CURVE('',#8355,#8386,#8394,.T.);
#8394 = LINE('',#8395,#8396);
#8395 = CARTESIAN_POINT('',(-2.86567812871,0.612808336717,5.509999999999
    ));
#8396 = VECTOR('',#8397,1.);
#8397 = DIRECTION('',(4.347487227578E-15,-1.,0.));
#8398 = ORIENTED_EDGE('',*,*,#8354,.T.);
#8399 = PLANE('',#8400);
#8400 = AXIS2_PLACEMENT_3D('',#8401,#8402,#8403);
#8401 = CARTESIAN_POINT('',(-2.86567812871,0.612808336717,5.509999999999
    ));
#8402 = DIRECTION('',(1.,4.347487227578E-15,0.));
#8403 = DIRECTION('',(-4.347487227578E-15,1.,0.));
#8404 = ADVANCED_FACE('',(#8405),#8423,.F.);
#8405 = FACE_BOUND('',#8406,.T.);
#8406 = EDGE_LOOP('',(#8407,#8408,#8416,#8422));
#8407 = ORIENTED_EDGE('',*,*,#481,.T.);
#8408 = ORIENTED_EDGE('',*,*,#8409,.F.);
#8409 = EDGE_CURVE('',#8410,#474,#8412,.T.);
#8410 = VERTEX_POINT('',#8411);
#8411 = CARTESIAN_POINT('',(-2.947777413782,0.612808336717,
    5.509999999999));
#8412 = LINE('',#8413,#8414);
#8413 = CARTESIAN_POINT('',(-2.947777413782,0.612808336717,
    5.509999999999));
#8414 = VECTOR('',#8415,1.);
#8415 = DIRECTION('',(0.,0.,-1.));
#8416 = ORIENTED_EDGE('',*,*,#8417,.F.);
#8417 = EDGE_CURVE('',#8386,#8410,#8418,.T.);
#8418 = LINE('',#8419,#8420);
#8419 = CARTESIAN_POINT('',(-2.947777413782,0.612808336717,
    5.509999999999));
#8420 = VECTOR('',#8421,1.);
#8421 = DIRECTION('',(-1.,-5.282395195207E-15,0.));
#8422 = ORIENTED_EDGE('',*,*,#8385,.T.);
#8423 = PLANE('',#8424);
#8424 = AXIS2_PLACEMENT_3D('',#8425,#8426,#8427);
#8425 = CARTESIAN_POINT('',(-2.947777413782,0.612808336717,
    5.509999999999));
#8426 = DIRECTION('',(5.282395195207E-15,-1.,0.));
#8427 = DIRECTION('',(1.,5.282395195207E-15,0.));
#8428 = ADVANCED_FACE('',(#8429),#8447,.F.);
#8429 = FACE_BOUND('',#8430,.T.);
#8430 = EDGE_LOOP('',(#8431,#8432,#8440,#8446));
#8431 = ORIENTED_EDGE('',*,*,#473,.T.);
#8432 = ORIENTED_EDGE('',*,*,#8433,.F.);
#8433 = EDGE_CURVE('',#8434,#466,#8436,.T.);
#8434 = VERTEX_POINT('',#8435);
#8435 = CARTESIAN_POINT('',(-2.947777413782,0.700085616211,
    5.509999999999));
#8436 = LINE('',#8437,#8438);
#8437 = CARTESIAN_POINT('',(-2.947777413782,0.700085616211,
    5.509999999999));
#8438 = VECTOR('',#8439,1.);
#8439 = DIRECTION('',(0.,0.,-1.));
#8440 = ORIENTED_EDGE('',*,*,#8441,.F.);
#8441 = EDGE_CURVE('',#8410,#8434,#8442,.T.);
#8442 = LINE('',#8443,#8444);
#8443 = CARTESIAN_POINT('',(-2.947777413782,0.700085616211,
    5.509999999999));
#8444 = VECTOR('',#8445,1.);
#8445 = DIRECTION('',(-4.969000769809E-15,1.,0.));
#8446 = ORIENTED_EDGE('',*,*,#8409,.T.);
#8447 = PLANE('',#8448);
#8448 = AXIS2_PLACEMENT_3D('',#8449,#8450,#8451);
#8449 = CARTESIAN_POINT('',(-2.947777413782,0.700085616211,
    5.509999999999));
#8450 = DIRECTION('',(-1.,-4.969000769809E-15,0.));
#8451 = DIRECTION('',(4.969000769809E-15,-1.,0.));
#8452 = ADVANCED_FACE('',(#8453),#8471,.F.);
#8453 = FACE_BOUND('',#8454,.T.);
#8454 = EDGE_LOOP('',(#8455,#8456,#8464,#8470));
#8455 = ORIENTED_EDGE('',*,*,#465,.T.);
#8456 = ORIENTED_EDGE('',*,*,#8457,.F.);
#8457 = EDGE_CURVE('',#8458,#458,#8460,.T.);
#8458 = VERTEX_POINT('',#8459);
#8459 = CARTESIAN_POINT('',(-2.975726106572,0.700085616211,
    5.509999999999));
#8460 = LINE('',#8461,#8462);
#8461 = CARTESIAN_POINT('',(-2.975726106572,0.700085616211,
    5.509999999999));
#8462 = VECTOR('',#8463,1.);
#8463 = DIRECTION('',(0.,0.,-1.));
#8464 = ORIENTED_EDGE('',*,*,#8465,.F.);
#8465 = EDGE_CURVE('',#8434,#8458,#8466,.T.);
#8466 = LINE('',#8467,#8468);
#8467 = CARTESIAN_POINT('',(-2.975726106572,0.700085616211,
    5.509999999999));
#8468 = VECTOR('',#8469,1.);
#8469 = DIRECTION('',(-1.,0.,0.));
#8470 = ORIENTED_EDGE('',*,*,#8433,.T.);
#8471 = PLANE('',#8472);
#8472 = AXIS2_PLACEMENT_3D('',#8473,#8474,#8475);
#8473 = CARTESIAN_POINT('',(-2.975726106572,0.700085616211,
    5.509999999999));
#8474 = DIRECTION('',(0.,-1.,0.));
#8475 = DIRECTION('',(0.,0.,-1.));
#8476 = ADVANCED_FACE('',(#8477),#8495,.F.);
#8477 = FACE_BOUND('',#8478,.T.);
#8478 = EDGE_LOOP('',(#8479,#8480,#8488,#8494));
#8479 = ORIENTED_EDGE('',*,*,#457,.T.);
#8480 = ORIENTED_EDGE('',*,*,#8481,.F.);
#8481 = EDGE_CURVE('',#8482,#450,#8484,.T.);
#8482 = VERTEX_POINT('',#8483);
#8483 = CARTESIAN_POINT('',(-2.975726106572,0.612808336717,
    5.509999999999));
#8484 = LINE('',#8485,#8486);
#8485 = CARTESIAN_POINT('',(-2.975726106572,0.612808336717,
    5.509999999999));
#8486 = VECTOR('',#8487,1.);
#8487 = DIRECTION('',(0.,0.,-1.));
#8488 = ORIENTED_EDGE('',*,*,#8489,.F.);
#8489 = EDGE_CURVE('',#8458,#8482,#8490,.T.);
#8490 = LINE('',#8491,#8492);
#8491 = CARTESIAN_POINT('',(-2.975726106572,0.612808336717,
    5.509999999999));
#8492 = VECTOR('',#8493,1.);
#8493 = DIRECTION('',(4.969000769809E-15,-1.,0.));
#8494 = ORIENTED_EDGE('',*,*,#8457,.T.);
#8495 = PLANE('',#8496);
#8496 = AXIS2_PLACEMENT_3D('',#8497,#8498,#8499);
#8497 = CARTESIAN_POINT('',(-2.975726106572,0.612808336717,
    5.509999999999));
#8498 = DIRECTION('',(1.,4.969000769809E-15,0.));
#8499 = DIRECTION('',(-4.969000769809E-15,1.,0.));
#8500 = ADVANCED_FACE('',(#8501),#8519,.F.);
#8501 = FACE_BOUND('',#8502,.T.);
#8502 = EDGE_LOOP('',(#8503,#8504,#8512,#8518));
#8503 = ORIENTED_EDGE('',*,*,#449,.T.);
#8504 = ORIENTED_EDGE('',*,*,#8505,.F.);
#8505 = EDGE_CURVE('',#8506,#442,#8508,.T.);
#8506 = VERTEX_POINT('',#8507);
#8507 = CARTESIAN_POINT('',(-3.053832721247,0.612808336717,
    5.509999999999));
#8508 = LINE('',#8509,#8510);
#8509 = CARTESIAN_POINT('',(-3.053832721247,0.612808336717,
    5.509999999999));
#8510 = VECTOR('',#8511,1.);
#8511 = DIRECTION('',(0.,0.,-1.));
#8512 = ORIENTED_EDGE('',*,*,#8513,.F.);
#8513 = EDGE_CURVE('',#8482,#8506,#8514,.T.);
#8514 = LINE('',#8515,#8516);
#8515 = CARTESIAN_POINT('',(-3.053832721247,0.612808336717,
    5.509999999999));
#8516 = VECTOR('',#8517,1.);
#8517 = DIRECTION('',(-1.,-5.552421786569E-15,0.));
#8518 = ORIENTED_EDGE('',*,*,#8481,.T.);
#8519 = PLANE('',#8520);
#8520 = AXIS2_PLACEMENT_3D('',#8521,#8522,#8523);
#8521 = CARTESIAN_POINT('',(-3.053832721247,0.612808336717,
    5.509999999999));
#8522 = DIRECTION('',(5.552421786569E-15,-1.,0.));
#8523 = DIRECTION('',(1.,5.552421786569E-15,0.));
#8524 = ADVANCED_FACE('',(#8525),#8543,.F.);
#8525 = FACE_BOUND('',#8526,.T.);
#8526 = EDGE_LOOP('',(#8527,#8528,#8536,#8542));
#8527 = ORIENTED_EDGE('',*,*,#441,.T.);
#8528 = ORIENTED_EDGE('',*,*,#8529,.F.);
#8529 = EDGE_CURVE('',#8530,#434,#8532,.T.);
#8530 = VERTEX_POINT('',#8531);
#8531 = CARTESIAN_POINT('',(-3.053832721247,0.707010403934,
    5.509999999999));
#8532 = LINE('',#8533,#8534);
#8533 = CARTESIAN_POINT('',(-3.053832721247,0.707010403934,
    5.509999999999));
#8534 = VECTOR('',#8535,1.);
#8535 = DIRECTION('',(0.,0.,-1.));
#8536 = ORIENTED_EDGE('',*,*,#8537,.F.);
#8537 = EDGE_CURVE('',#8506,#8530,#8538,.T.);
#8538 = LINE('',#8539,#8540);
#8539 = CARTESIAN_POINT('',(-3.053832721247,0.707010403934,
    5.509999999999));
#8540 = VECTOR('',#8541,1.);
#8541 = DIRECTION('',(-4.603729852267E-15,1.,0.));
#8542 = ORIENTED_EDGE('',*,*,#8505,.T.);
#8543 = PLANE('',#8544);
#8544 = AXIS2_PLACEMENT_3D('',#8545,#8546,#8547);
#8545 = CARTESIAN_POINT('',(-3.053832721247,0.707010403934,
    5.509999999999));
#8546 = DIRECTION('',(-1.,-4.603729852267E-15,0.));
#8547 = DIRECTION('',(4.603729852267E-15,-1.,0.));
#8548 = ADVANCED_FACE('',(#8549),#8567,.F.);
#8549 = FACE_BOUND('',#8550,.T.);
#8550 = EDGE_LOOP('',(#8551,#8552,#8560,#8566));
#8551 = ORIENTED_EDGE('',*,*,#433,.T.);
#8552 = ORIENTED_EDGE('',*,*,#8553,.F.);
#8553 = EDGE_CURVE('',#8554,#426,#8556,.T.);
#8554 = VERTEX_POINT('',#8555);
#8555 = CARTESIAN_POINT('',(-3.081906184987,0.707010403934,
    5.509999999999));
#8556 = LINE('',#8557,#8558);
#8557 = CARTESIAN_POINT('',(-3.081906184987,0.707010403934,
    5.509999999999));
#8558 = VECTOR('',#8559,1.);
#8559 = DIRECTION('',(0.,0.,-1.));
#8560 = ORIENTED_EDGE('',*,*,#8561,.F.);
#8561 = EDGE_CURVE('',#8530,#8554,#8562,.T.);
#8562 = LINE('',#8563,#8564);
#8563 = CARTESIAN_POINT('',(-3.081906184987,0.707010403934,
    5.509999999999));
#8564 = VECTOR('',#8565,1.);
#8565 = DIRECTION('',(-1.,0.,0.));
#8566 = ORIENTED_EDGE('',*,*,#8529,.T.);
#8567 = PLANE('',#8568);
#8568 = AXIS2_PLACEMENT_3D('',#8569,#8570,#8571);
#8569 = CARTESIAN_POINT('',(-3.081906184987,0.707010403934,
    5.509999999999));
#8570 = DIRECTION('',(0.,-1.,0.));
#8571 = DIRECTION('',(0.,0.,-1.));
#8572 = ADVANCED_FACE('',(#8573),#8591,.F.);
#8573 = FACE_BOUND('',#8574,.T.);
#8574 = EDGE_LOOP('',(#8575,#8576,#8584,#8590));
#8575 = ORIENTED_EDGE('',*,*,#425,.T.);
#8576 = ORIENTED_EDGE('',*,*,#8577,.F.);
#8577 = EDGE_CURVE('',#8578,#418,#8580,.T.);
#8578 = VERTEX_POINT('',#8579);
#8579 = CARTESIAN_POINT('',(-3.081906184987,0.581303671852,
    5.509999999999));
#8580 = LINE('',#8581,#8582);
#8581 = CARTESIAN_POINT('',(-3.081906184987,0.581303671852,
    5.509999999999));
#8582 = VECTOR('',#8583,1.);
#8583 = DIRECTION('',(0.,0.,-1.));
#8584 = ORIENTED_EDGE('',*,*,#8585,.F.);
#8585 = EDGE_CURVE('',#8554,#8578,#8586,.T.);
#8586 = LINE('',#8587,#8588);
#8587 = CARTESIAN_POINT('',(-3.081906184987,0.581303671852,
    5.509999999999));
#8588 = VECTOR('',#8589,1.);
#8589 = DIRECTION('',(3.449941477354E-15,-1.,0.));
#8590 = ORIENTED_EDGE('',*,*,#8553,.T.);
#8591 = PLANE('',#8592);
#8592 = AXIS2_PLACEMENT_3D('',#8593,#8594,#8595);
#8593 = CARTESIAN_POINT('',(-3.081906184987,0.581303671852,
    5.509999999999));
#8594 = DIRECTION('',(1.,3.449941477354E-15,0.));
#8595 = DIRECTION('',(-3.449941477354E-15,1.,0.));
#8596 = ADVANCED_FACE('',(#8597),#8615,.F.);
#8597 = FACE_BOUND('',#8598,.T.);
#8598 = EDGE_LOOP('',(#8599,#8600,#8608,#8614));
#8599 = ORIENTED_EDGE('',*,*,#417,.T.);
#8600 = ORIENTED_EDGE('',*,*,#8601,.F.);
#8601 = EDGE_CURVE('',#8602,#410,#8604,.T.);
#8602 = VERTEX_POINT('',#8603);
#8603 = CARTESIAN_POINT('',(-2.837854206869,0.581303671852,
    5.509999999999));
#8604 = LINE('',#8605,#8606);
#8605 = CARTESIAN_POINT('',(-2.837854206869,0.581303671852,
    5.509999999999));
#8606 = VECTOR('',#8607,1.);
#8607 = DIRECTION('',(0.,0.,-1.));
#8608 = ORIENTED_EDGE('',*,*,#8609,.F.);
#8609 = EDGE_CURVE('',#8578,#8602,#8610,.T.);
#8610 = LINE('',#8611,#8612);
#8611 = CARTESIAN_POINT('',(-2.837854206869,0.581303671852,
    5.509999999999));
#8612 = VECTOR('',#8613,1.);
#8613 = DIRECTION('',(1.,3.554004129277E-15,0.));
#8614 = ORIENTED_EDGE('',*,*,#8577,.T.);
#8615 = PLANE('',#8616);
#8616 = AXIS2_PLACEMENT_3D('',#8617,#8618,#8619);
#8617 = CARTESIAN_POINT('',(-2.837854206869,0.581303671852,
    5.509999999999));
#8618 = DIRECTION('',(-3.554004129277E-15,1.,0.));
#8619 = DIRECTION('',(-1.,-3.554004129277E-15,0.));
#8620 = ADVANCED_FACE('',(#8621),#8632,.F.);
#8621 = FACE_BOUND('',#8622,.T.);
#8622 = EDGE_LOOP('',(#8623,#8624,#8625,#8631));
#8623 = ORIENTED_EDGE('',*,*,#409,.T.);
#8624 = ORIENTED_EDGE('',*,*,#8370,.F.);
#8625 = ORIENTED_EDGE('',*,*,#8626,.F.);
#8626 = EDGE_CURVE('',#8602,#8363,#8627,.T.);
#8627 = LINE('',#8628,#8629);
#8628 = CARTESIAN_POINT('',(-2.837854206869,0.712562711208,
    5.509999999999));
#8629 = VECTOR('',#8630,1.);
#8630 = DIRECTION('',(-6.608015282178E-15,1.,0.));
#8631 = ORIENTED_EDGE('',*,*,#8601,.T.);
#8632 = PLANE('',#8633);
#8633 = AXIS2_PLACEMENT_3D('',#8634,#8635,#8636);
#8634 = CARTESIAN_POINT('',(-2.837854206869,0.712562711208,
    5.509999999999));
#8635 = DIRECTION('',(-1.,-6.608015282178E-15,0.));
#8636 = DIRECTION('',(6.608015282178E-15,-1.,0.));
#8637 = ADVANCED_FACE('',(#8638),#8652,.F.);
#8638 = FACE_BOUND('',#8639,.T.);
#8639 = EDGE_LOOP('',(#8640,#8641,#8642,#8643,#8644,#8645,#8646,#8647,
    #8648,#8649,#8650,#8651));
#8640 = ORIENTED_EDGE('',*,*,#8362,.T.);
#8641 = ORIENTED_EDGE('',*,*,#8393,.T.);
#8642 = ORIENTED_EDGE('',*,*,#8417,.T.);
#8643 = ORIENTED_EDGE('',*,*,#8441,.T.);
#8644 = ORIENTED_EDGE('',*,*,#8465,.T.);
#8645 = ORIENTED_EDGE('',*,*,#8489,.T.);
#8646 = ORIENTED_EDGE('',*,*,#8513,.T.);
#8647 = ORIENTED_EDGE('',*,*,#8537,.T.);
#8648 = ORIENTED_EDGE('',*,*,#8561,.T.);
#8649 = ORIENTED_EDGE('',*,*,#8585,.T.);
#8650 = ORIENTED_EDGE('',*,*,#8609,.T.);
#8651 = ORIENTED_EDGE('',*,*,#8626,.T.);
#8652 = PLANE('',#8653);
#8653 = AXIS2_PLACEMENT_3D('',#8654,#8655,#8656);
#8654 = CARTESIAN_POINT('',(0.,0.,5.509999999999));
#8655 = DIRECTION('',(0.,0.,-1.));
#8656 = DIRECTION('',(-1.,0.,0.));
#8657 = ADVANCED_FACE('',(#8658,#8720),#8782,.T.);
#8658 = FACE_BOUND('',#8659,.T.);
#8659 = EDGE_LOOP('',(#8660,#8670,#8679,#8688,#8697,#8706,#8714));
#8660 = ORIENTED_EDGE('',*,*,#8661,.T.);
#8661 = EDGE_CURVE('',#8662,#8664,#8666,.T.);
#8662 = VERTEX_POINT('',#8663);
#8663 = CARTESIAN_POINT('',(-2.837854206869,0.758665577218,
    5.509999999999));
#8664 = VERTEX_POINT('',#8665);
#8665 = CARTESIAN_POINT('',(-2.837854206869,0.825792348295,
    5.509999999999));
#8666 = LINE('',#8667,#8668);
#8667 = CARTESIAN_POINT('',(-2.837854206869,0.825792348295,
    5.509999999999));
#8668 = VECTOR('',#8669,1.);
#8669 = DIRECTION('',(0.,1.,0.));
#8670 = ORIENTED_EDGE('',*,*,#8671,.T.);
#8671 = EDGE_CURVE('',#8664,#8672,#8674,.T.);
#8672 = VERTEX_POINT('',#8673);
#8673 = CARTESIAN_POINT('',(-2.872041447157,0.920555884787,
    5.509999999999));
#8674 = B_SPLINE_CURVE_WITH_KNOTS('',3,(#8675,#8676,#8677,#8678),
  .UNSPECIFIED.,.F.,.F.,(4,4),(5.,6.),.PIECEWISE_BEZIER_KNOTS.);
#8675 = CARTESIAN_POINT('',(-2.837854206869,0.825792348295,
    5.509999999999));
#8676 = CARTESIAN_POINT('',(-2.837854206869,0.864408957307,
    5.509999999999));
#8677 = CARTESIAN_POINT('',(-2.849208363314,0.896038393122,
    5.509999999999));
#8678 = CARTESIAN_POINT('',(-2.872041447157,0.920555884787,
    5.509999999999));
#8679 = ORIENTED_EDGE('',*,*,#8680,.T.);
#8680 = EDGE_CURVE('',#8672,#8681,#8683,.T.);
#8681 = VERTEX_POINT('',#8682);
#8682 = CARTESIAN_POINT('',(-2.962999469676,0.957363315026,
    5.509999999999));
#8683 = B_SPLINE_CURVE_WITH_KNOTS('',3,(#8684,#8685,#8686,#8687),
  .UNSPECIFIED.,.F.,.F.,(4,4),(4.,5.),.PIECEWISE_BEZIER_KNOTS.);
#8684 = CARTESIAN_POINT('',(-2.872041447157,0.920555884787,
    5.509999999999));
#8685 = CARTESIAN_POINT('',(-2.894874531,0.945073376454,5.509999999999)
  );
#8686 = CARTESIAN_POINT('',(-2.925193871838,0.957363315026,
    5.509999999999));
#8687 = CARTESIAN_POINT('',(-2.962999469676,0.957363315026,
    5.509999999999));
#8688 = ORIENTED_EDGE('',*,*,#8689,.T.);
#8689 = EDGE_CURVE('',#8681,#8690,#8692,.T.);
#8690 = VERTEX_POINT('',#8691);
#8691 = CARTESIAN_POINT('',(-3.049590508948,0.920555884787,
    5.509999999999));
#8692 = B_SPLINE_CURVE_WITH_KNOTS('',3,(#8693,#8694,#8695,#8696),
  .UNSPECIFIED.,.F.,.F.,(4,4),(3.,4.),.PIECEWISE_BEZIER_KNOTS.);
#8693 = CARTESIAN_POINT('',(-2.962999469676,0.957363315026,
    5.509999999999));
#8694 = CARTESIAN_POINT('',(-2.999183045164,0.957363315026,
    5.509999999999));
#8695 = CARTESIAN_POINT('',(-3.028005134605,0.945073376454,
    5.509999999999));
#8696 = CARTESIAN_POINT('',(-3.049590508948,0.920555884787,
    5.509999999999));
#8697 = ORIENTED_EDGE('',*,*,#8698,.T.);
#8698 = EDGE_CURVE('',#8690,#8699,#8701,.T.);
#8699 = VERTEX_POINT('',#8700);
#8700 = CARTESIAN_POINT('',(-3.081906184987,0.828287767293,
    5.509999999999));
#8701 = B_SPLINE_CURVE_WITH_KNOTS('',3,(#8702,#8703,#8704,#8705),
  .UNSPECIFIED.,.F.,.F.,(4,4),(2.,3.),.PIECEWISE_BEZIER_KNOTS.);
#8702 = CARTESIAN_POINT('',(-3.049590508948,0.920555884787,
    5.509999999999));
#8703 = CARTESIAN_POINT('',(-3.071175883289,0.896038393122,
    5.509999999999));
#8704 = CARTESIAN_POINT('',(-3.081906184987,0.865282353955,
    5.509999999999));
#8705 = CARTESIAN_POINT('',(-3.081906184987,0.828287767293,
    5.509999999999));
#8706 = ORIENTED_EDGE('',*,*,#8707,.T.);
#8707 = EDGE_CURVE('',#8699,#8708,#8710,.T.);
#8708 = VERTEX_POINT('',#8709);
#8709 = CARTESIAN_POINT('',(-3.081906184987,0.758665577218,
    5.509999999999));
#8710 = LINE('',#8711,#8712);
#8711 = CARTESIAN_POINT('',(-3.081906184987,0.758665577218,
    5.509999999999));
#8712 = VECTOR('',#8713,1.);
#8713 = DIRECTION('',(6.229061000873E-15,-1.,0.));
#8714 = ORIENTED_EDGE('',*,*,#8715,.T.);
#8715 = EDGE_CURVE('',#8708,#8662,#8716,.T.);
#8716 = LINE('',#8717,#8718);
#8717 = CARTESIAN_POINT('',(-2.837854206869,0.758665577218,
    5.509999999999));
#8718 = VECTOR('',#8719,1.);
#8719 = DIRECTION('',(1.,3.554004129277E-15,0.));
#8720 = FACE_BOUND('',#8721,.T.);
#8721 = EDGE_LOOP('',(#8722,#8732,#8740,#8749,#8758,#8767,#8776));
#8722 = ORIENTED_EDGE('',*,*,#8723,.F.);
#8723 = EDGE_CURVE('',#8724,#8726,#8728,.T.);
#8724 = VERTEX_POINT('',#8725);
#8725 = CARTESIAN_POINT('',(-3.053832721247,0.790170242081,
    5.509999999999));
#8726 = VERTEX_POINT('',#8727);
#8727 = CARTESIAN_POINT('',(-2.86567812871,0.790170242081,5.509999999999
    ));
#8728 = LINE('',#8729,#8730);
#8729 = CARTESIAN_POINT('',(-3.053832721247,0.790170242081,
    5.509999999999));
#8730 = VECTOR('',#8731,1.);
#8731 = DIRECTION('',(1.,4.609835594729E-15,0.));
#8732 = ORIENTED_EDGE('',*,*,#8733,.F.);
#8733 = EDGE_CURVE('',#8734,#8724,#8736,.T.);
#8734 = VERTEX_POINT('',#8735);
#8735 = CARTESIAN_POINT('',(-3.053832721247,0.827040057794,
    5.509999999999));
#8736 = LINE('',#8737,#8738);
#8737 = CARTESIAN_POINT('',(-3.053832721247,0.827040057794,
    5.509999999999));
#8738 = VECTOR('',#8739,1.);
#8739 = DIRECTION('',(0.,-1.,0.));
#8740 = ORIENTED_EDGE('',*,*,#8741,.F.);
#8741 = EDGE_CURVE('',#8742,#8734,#8744,.T.);
#8742 = VERTEX_POINT('',#8743);
#8743 = CARTESIAN_POINT('',(-3.030874866454,0.897473259044,
    5.509999999999));
#8744 = B_SPLINE_CURVE_WITH_KNOTS('',3,(#8745,#8746,#8747,#8748),
  .UNSPECIFIED.,.F.,.F.,(4,4),(5.,6.),.PIECEWISE_BEZIER_KNOTS.);
#8745 = CARTESIAN_POINT('',(-3.030874866454,0.897473259044,
    5.509999999999));
#8746 = CARTESIAN_POINT('',(-3.046221693298,0.879631013201,
    5.509999999999));
#8747 = CARTESIAN_POINT('',(-3.053832721247,0.856111689134,
    5.509999999999));
#8748 = CARTESIAN_POINT('',(-3.053832721247,0.827040057794,
    5.509999999999));
#8749 = ORIENTED_EDGE('',*,*,#8750,.F.);
#8750 = EDGE_CURVE('',#8751,#8742,#8753,.T.);
#8751 = VERTEX_POINT('',#8752);
#8752 = CARTESIAN_POINT('',(-2.962126073027,0.92423662781,5.509999999999
    ));
#8753 = B_SPLINE_CURVE_WITH_KNOTS('',3,(#8754,#8755,#8756,#8757),
  .UNSPECIFIED.,.F.,.F.,(4,4),(4.,5.),.PIECEWISE_BEZIER_KNOTS.);
#8754 = CARTESIAN_POINT('',(-2.962126073027,0.92423662781,5.509999999999
    ));
#8755 = CARTESIAN_POINT('',(-2.992570184817,0.92423662781,5.509999999999
    ));
#8756 = CARTESIAN_POINT('',(-3.015528039608,0.915315504888,
    5.509999999999));
#8757 = CARTESIAN_POINT('',(-3.030874866454,0.897473259044,
    5.509999999999));
#8758 = ORIENTED_EDGE('',*,*,#8759,.F.);
#8759 = EDGE_CURVE('',#8760,#8751,#8762,.T.);
#8760 = VERTEX_POINT('',#8761);
#8761 = CARTESIAN_POINT('',(-2.8911314025,0.89815949927,5.509999999999)
  );
#8762 = B_SPLINE_CURVE_WITH_KNOTS('',3,(#8763,#8764,#8765,#8766),
  .UNSPECIFIED.,.F.,.F.,(4,4),(3.,4.),.PIECEWISE_BEZIER_KNOTS.);
#8763 = CARTESIAN_POINT('',(-2.8911314025,0.89815949927,5.509999999999)
  );
#8764 = CARTESIAN_POINT('',(-2.907975480746,0.915565046789,
    5.509999999999));
#8765 = CARTESIAN_POINT('',(-2.931681961237,0.92423662781,5.509999999999
    ));
#8766 = CARTESIAN_POINT('',(-2.962126073027,0.92423662781,5.509999999999
    ));
#8767 = ORIENTED_EDGE('',*,*,#8768,.F.);
#8768 = EDGE_CURVE('',#8769,#8760,#8771,.T.);
#8769 = VERTEX_POINT('',#8770);
#8770 = CARTESIAN_POINT('',(-2.86567812871,0.825605191869,5.509999999999
    ));
#8771 = B_SPLINE_CURVE_WITH_KNOTS('',3,(#8772,#8773,#8774,#8775),
  .UNSPECIFIED.,.F.,.F.,(4,4),(2.,3.),.PIECEWISE_BEZIER_KNOTS.);
#8772 = CARTESIAN_POINT('',(-2.86567812871,0.825605191869,5.509999999999
    ));
#8773 = CARTESIAN_POINT('',(-2.86567812871,0.856610772933,5.509999999999
    ));
#8774 = CARTESIAN_POINT('',(-2.874162553306,0.880816337226,
    5.509999999999));
#8775 = CARTESIAN_POINT('',(-2.8911314025,0.89815949927,5.509999999999)
  );
#8776 = ORIENTED_EDGE('',*,*,#8777,.F.);
#8777 = EDGE_CURVE('',#8726,#8769,#8778,.T.);
#8778 = LINE('',#8779,#8780);
#8779 = CARTESIAN_POINT('',(-2.86567812871,0.790170242081,5.509999999999
    ));
#8780 = VECTOR('',#8781,1.);
#8781 = DIRECTION('',(0.,1.,0.));
#8782 = PLANE('',#8783);
#8783 = AXIS2_PLACEMENT_3D('',#8784,#8785,#8786);
#8784 = CARTESIAN_POINT('',(-3.073842862345,0.879100736664,
    5.509999999999));
#8785 = DIRECTION('',(0.,0.,1.));
#8786 = DIRECTION('',(1.,0.,-0.));
#8787 = ADVANCED_FACE('',(#8788),#8804,.F.);
#8788 = FACE_BOUND('',#8789,.T.);
#8789 = EDGE_LOOP('',(#8790,#8791,#8797,#8798));
#8790 = ORIENTED_EDGE('',*,*,#1468,.T.);
#8791 = ORIENTED_EDGE('',*,*,#8792,.F.);
#8792 = EDGE_CURVE('',#8664,#1458,#8793,.T.);
#8793 = LINE('',#8794,#8795);
#8794 = CARTESIAN_POINT('',(-2.837854206869,0.825792348295,
    5.509999999999));
#8795 = VECTOR('',#8796,1.);
#8796 = DIRECTION('',(0.,0.,-1.));
#8797 = ORIENTED_EDGE('',*,*,#8661,.F.);
#8798 = ORIENTED_EDGE('',*,*,#8799,.T.);
#8799 = EDGE_CURVE('',#8662,#1469,#8800,.T.);
#8800 = LINE('',#8801,#8802);
#8801 = CARTESIAN_POINT('',(-2.837854206869,0.758665577218,
    5.509999999999));
#8802 = VECTOR('',#8803,1.);
#8803 = DIRECTION('',(0.,0.,-1.));
#8804 = PLANE('',#8805);
#8805 = AXIS2_PLACEMENT_3D('',#8806,#8807,#8808);
#8806 = CARTESIAN_POINT('',(-2.837854206869,0.825792348295,
    5.509999999999));
#8807 = DIRECTION('',(-1.,0.,0.));
#8808 = DIRECTION('',(0.,0.,1.));
#8809 = ADVANCED_FACE('',(#8810),#8821,.F.);
#8810 = FACE_BOUND('',#8811,.F.);
#8811 = EDGE_LOOP('',(#8812,#8813,#8814,#8820));
#8812 = ORIENTED_EDGE('',*,*,#8792,.F.);
#8813 = ORIENTED_EDGE('',*,*,#8671,.T.);
#8814 = ORIENTED_EDGE('',*,*,#8815,.T.);
#8815 = EDGE_CURVE('',#8672,#1460,#8816,.T.);
#8816 = LINE('',#8817,#8818);
#8817 = CARTESIAN_POINT('',(-2.872041447157,0.920555884787,
    5.509999999999));
#8818 = VECTOR('',#8819,1.);
#8819 = DIRECTION('',(0.,0.,-1.));
#8820 = ORIENTED_EDGE('',*,*,#1457,.F.);
#8821 = B_SPLINE_SURFACE_WITH_KNOTS('',3,1,(
    (#8822,#8823)
    ,(#8824,#8825)
    ,(#8826,#8827)
    ,(#8828,#8829
    )),.UNSPECIFIED.,.F.,.F.,.F.,(4,4),(2,2),(5.,6.),(0.,1.),
  .PIECEWISE_BEZIER_KNOTS.);
#8822 = CARTESIAN_POINT('',(-2.837854206869,0.825792348295,
    5.509999999999));
#8823 = CARTESIAN_POINT('',(-2.837854206869,0.825792348295,
    5.499999999999));
#8824 = CARTESIAN_POINT('',(-2.837854206869,0.864408957307,
    5.509999999999));
#8825 = CARTESIAN_POINT('',(-2.837854206869,0.864408957307,
    5.499999999999));
#8826 = CARTESIAN_POINT('',(-2.849208363314,0.896038393122,
    5.509999999999));
#8827 = CARTESIAN_POINT('',(-2.849208363314,0.896038393122,
    5.499999999999));
#8828 = CARTESIAN_POINT('',(-2.872041447157,0.920555884787,
    5.509999999999));
#8829 = CARTESIAN_POINT('',(-2.872041447157,0.920555884787,
    5.499999999999));
#8830 = ADVANCED_FACE('',(#8831),#8842,.F.);
#8831 = FACE_BOUND('',#8832,.F.);
#8832 = EDGE_LOOP('',(#8833,#8834,#8835,#8841));
#8833 = ORIENTED_EDGE('',*,*,#8815,.F.);
#8834 = ORIENTED_EDGE('',*,*,#8680,.T.);
#8835 = ORIENTED_EDGE('',*,*,#8836,.T.);
#8836 = EDGE_CURVE('',#8681,#1502,#8837,.T.);
#8837 = LINE('',#8838,#8839);
#8838 = CARTESIAN_POINT('',(-2.962999469676,0.957363315026,
    5.509999999999));
#8839 = VECTOR('',#8840,1.);
#8840 = DIRECTION('',(0.,0.,-1.));
#8841 = ORIENTED_EDGE('',*,*,#1510,.F.);
#8842 = B_SPLINE_SURFACE_WITH_KNOTS('',3,1,(
    (#8843,#8844)
    ,(#8845,#8846)
    ,(#8847,#8848)
    ,(#8849,#8850
    )),.UNSPECIFIED.,.F.,.F.,.F.,(4,4),(2,2),(4.,5.),(0.,1.),
  .PIECEWISE_BEZIER_KNOTS.);
#8843 = CARTESIAN_POINT('',(-2.872041447157,0.920555884787,
    5.509999999999));
#8844 = CARTESIAN_POINT('',(-2.872041447157,0.920555884787,
    5.499999999999));
#8845 = CARTESIAN_POINT('',(-2.894874531,0.945073376454,5.509999999999)
  );
#8846 = CARTESIAN_POINT('',(-2.894874531,0.945073376454,5.499999999999)
  );
#8847 = CARTESIAN_POINT('',(-2.925193871838,0.957363315026,
    5.509999999999));
#8848 = CARTESIAN_POINT('',(-2.925193871838,0.957363315026,
    5.499999999999));
#8849 = CARTESIAN_POINT('',(-2.962999469676,0.957363315026,
    5.509999999999));
#8850 = CARTESIAN_POINT('',(-2.962999469676,0.957363315026,
    5.499999999999));
#8851 = ADVANCED_FACE('',(#8852),#8863,.F.);
#8852 = FACE_BOUND('',#8853,.F.);
#8853 = EDGE_LOOP('',(#8854,#8855,#8856,#8862));
#8854 = ORIENTED_EDGE('',*,*,#8836,.F.);
#8855 = ORIENTED_EDGE('',*,*,#8689,.T.);
#8856 = ORIENTED_EDGE('',*,*,#8857,.T.);
#8857 = EDGE_CURVE('',#8690,#1493,#8858,.T.);
#8858 = LINE('',#8859,#8860);
#8859 = CARTESIAN_POINT('',(-3.049590508948,0.920555884787,
    5.509999999999));
#8860 = VECTOR('',#8861,1.);
#8861 = DIRECTION('',(0.,0.,-1.));
#8862 = ORIENTED_EDGE('',*,*,#1501,.F.);
#8863 = B_SPLINE_SURFACE_WITH_KNOTS('',3,1,(
    (#8864,#8865)
    ,(#8866,#8867)
    ,(#8868,#8869)
    ,(#8870,#8871
    )),.UNSPECIFIED.,.F.,.F.,.F.,(4,4),(2,2),(3.,4.),(0.,1.),
  .PIECEWISE_BEZIER_KNOTS.);
#8864 = CARTESIAN_POINT('',(-2.962999469676,0.957363315026,
    5.509999999999));
#8865 = CARTESIAN_POINT('',(-2.962999469676,0.957363315026,
    5.499999999999));
#8866 = CARTESIAN_POINT('',(-2.999183045164,0.957363315026,
    5.509999999999));
#8867 = CARTESIAN_POINT('',(-2.999183045164,0.957363315026,
    5.499999999999));
#8868 = CARTESIAN_POINT('',(-3.028005134605,0.945073376454,
    5.509999999999));
#8869 = CARTESIAN_POINT('',(-3.028005134605,0.945073376454,
    5.499999999999));
#8870 = CARTESIAN_POINT('',(-3.049590508948,0.920555884787,
    5.509999999999));
#8871 = CARTESIAN_POINT('',(-3.049590508948,0.920555884787,
    5.499999999999));
#8872 = ADVANCED_FACE('',(#8873),#8884,.F.);
#8873 = FACE_BOUND('',#8874,.F.);
#8874 = EDGE_LOOP('',(#8875,#8876,#8877,#8883));
#8875 = ORIENTED_EDGE('',*,*,#8857,.F.);
#8876 = ORIENTED_EDGE('',*,*,#8698,.T.);
#8877 = ORIENTED_EDGE('',*,*,#8878,.T.);
#8878 = EDGE_CURVE('',#8699,#1485,#8879,.T.);
#8879 = LINE('',#8880,#8881);
#8880 = CARTESIAN_POINT('',(-3.081906184987,0.828287767293,
    5.509999999999));
#8881 = VECTOR('',#8882,1.);
#8882 = DIRECTION('',(0.,0.,-1.));
#8883 = ORIENTED_EDGE('',*,*,#1492,.F.);
#8884 = B_SPLINE_SURFACE_WITH_KNOTS('',3,1,(
    (#8885,#8886)
    ,(#8887,#8888)
    ,(#8889,#8890)
    ,(#8891,#8892
    )),.UNSPECIFIED.,.F.,.F.,.F.,(4,4),(2,2),(2.,3.),(0.,1.),
  .PIECEWISE_BEZIER_KNOTS.);
#8885 = CARTESIAN_POINT('',(-3.049590508948,0.920555884787,
    5.509999999999));
#8886 = CARTESIAN_POINT('',(-3.049590508948,0.920555884787,
    5.499999999999));
#8887 = CARTESIAN_POINT('',(-3.071175883289,0.896038393122,
    5.509999999999));
#8888 = CARTESIAN_POINT('',(-3.071175883289,0.896038393122,
    5.499999999999));
#8889 = CARTESIAN_POINT('',(-3.081906184987,0.865282353955,
    5.509999999999));
#8890 = CARTESIAN_POINT('',(-3.081906184987,0.865282353955,
    5.499999999999));
#8891 = CARTESIAN_POINT('',(-3.081906184987,0.828287767293,
    5.509999999999));
#8892 = CARTESIAN_POINT('',(-3.081906184987,0.828287767293,
    5.499999999999));
#8893 = ADVANCED_FACE('',(#8894),#8905,.F.);
#8894 = FACE_BOUND('',#8895,.T.);
#8895 = EDGE_LOOP('',(#8896,#8897,#8903,#8904));
#8896 = ORIENTED_EDGE('',*,*,#1484,.T.);
#8897 = ORIENTED_EDGE('',*,*,#8898,.F.);
#8898 = EDGE_CURVE('',#8708,#1477,#8899,.T.);
#8899 = LINE('',#8900,#8901);
#8900 = CARTESIAN_POINT('',(-3.081906184987,0.758665577218,
    5.509999999999));
#8901 = VECTOR('',#8902,1.);
#8902 = DIRECTION('',(0.,0.,-1.));
#8903 = ORIENTED_EDGE('',*,*,#8707,.F.);
#8904 = ORIENTED_EDGE('',*,*,#8878,.T.);
#8905 = PLANE('',#8906);
#8906 = AXIS2_PLACEMENT_3D('',#8907,#8908,#8909);
#8907 = CARTESIAN_POINT('',(-3.081906184987,0.758665577218,
    5.509999999999));
#8908 = DIRECTION('',(1.,6.229061000873E-15,0.));
#8909 = DIRECTION('',(-6.229061000873E-15,1.,0.));
#8910 = ADVANCED_FACE('',(#8911),#8917,.F.);
#8911 = FACE_BOUND('',#8912,.T.);
#8912 = EDGE_LOOP('',(#8913,#8914,#8915,#8916));
#8913 = ORIENTED_EDGE('',*,*,#1476,.T.);
#8914 = ORIENTED_EDGE('',*,*,#8799,.F.);
#8915 = ORIENTED_EDGE('',*,*,#8715,.F.);
#8916 = ORIENTED_EDGE('',*,*,#8898,.T.);
#8917 = PLANE('',#8918);
#8918 = AXIS2_PLACEMENT_3D('',#8919,#8920,#8921);
#8919 = CARTESIAN_POINT('',(-2.837854206869,0.758665577218,
    5.509999999999));
#8920 = DIRECTION('',(-3.554004129277E-15,1.,0.));
#8921 = DIRECTION('',(-1.,-3.554004129277E-15,0.));
#8922 = ADVANCED_FACE('',(#8923),#8948,.T.);
#8923 = FACE_BOUND('',#8924,.T.);
#8924 = EDGE_LOOP('',(#8925,#8935,#8941,#8942));
#8925 = ORIENTED_EDGE('',*,*,#8926,.F.);
#8926 = EDGE_CURVE('',#8927,#8929,#8931,.T.);
#8927 = VERTEX_POINT('',#8928);
#8928 = CARTESIAN_POINT('',(-3.053832721247,0.827040057794,5.5));
#8929 = VERTEX_POINT('',#8930);
#8930 = CARTESIAN_POINT('',(-3.053832721247,0.790170242081,5.5));
#8931 = LINE('',#8932,#8933);
#8932 = CARTESIAN_POINT('',(-3.053832721247,0.827040057794,5.5));
#8933 = VECTOR('',#8934,1.);
#8934 = DIRECTION('',(0.,-1.,0.));
#8935 = ORIENTED_EDGE('',*,*,#8936,.F.);
#8936 = EDGE_CURVE('',#8734,#8927,#8937,.T.);
#8937 = LINE('',#8938,#8939);
#8938 = CARTESIAN_POINT('',(-3.053832721247,0.827040057794,
    5.509999999999));
#8939 = VECTOR('',#8940,1.);
#8940 = DIRECTION('',(0.,0.,-1.));
#8941 = ORIENTED_EDGE('',*,*,#8733,.T.);
#8942 = ORIENTED_EDGE('',*,*,#8943,.T.);
#8943 = EDGE_CURVE('',#8724,#8929,#8944,.T.);
#8944 = LINE('',#8945,#8946);
#8945 = CARTESIAN_POINT('',(-3.053832721247,0.790170242081,
    5.509999999999));
#8946 = VECTOR('',#8947,1.);
#8947 = DIRECTION('',(0.,0.,-1.));
#8948 = PLANE('',#8949);
#8949 = AXIS2_PLACEMENT_3D('',#8950,#8951,#8952);
#8950 = CARTESIAN_POINT('',(-3.053832721247,0.827040057794,
    5.509999999999));
#8951 = DIRECTION('',(1.,0.,0.));
#8952 = DIRECTION('',(0.,0.,-1.));
#8953 = ADVANCED_FACE('',(#8954),#8972,.T.);
#8954 = FACE_BOUND('',#8955,.T.);
#8955 = EDGE_LOOP('',(#8956,#8964,#8965,#8966));
#8956 = ORIENTED_EDGE('',*,*,#8957,.F.);
#8957 = EDGE_CURVE('',#8929,#8958,#8960,.T.);
#8958 = VERTEX_POINT('',#8959);
#8959 = CARTESIAN_POINT('',(-2.86567812871,0.790170242081,5.5));
#8960 = LINE('',#8961,#8962);
#8961 = CARTESIAN_POINT('',(-3.053832721247,0.790170242081,5.5));
#8962 = VECTOR('',#8963,1.);
#8963 = DIRECTION('',(1.,4.609835594729E-15,0.));
#8964 = ORIENTED_EDGE('',*,*,#8943,.F.);
#8965 = ORIENTED_EDGE('',*,*,#8723,.T.);
#8966 = ORIENTED_EDGE('',*,*,#8967,.T.);
#8967 = EDGE_CURVE('',#8726,#8958,#8968,.T.);
#8968 = LINE('',#8969,#8970);
#8969 = CARTESIAN_POINT('',(-2.86567812871,0.790170242081,5.509999999999
    ));
#8970 = VECTOR('',#8971,1.);
#8971 = DIRECTION('',(0.,0.,-1.));
#8972 = PLANE('',#8973);
#8973 = AXIS2_PLACEMENT_3D('',#8974,#8975,#8976);
#8974 = CARTESIAN_POINT('',(-3.053832721247,0.790170242081,
    5.509999999999));
#8975 = DIRECTION('',(-4.609835594729E-15,1.,0.));
#8976 = DIRECTION('',(-1.,-4.609835594729E-15,0.));
#8977 = ADVANCED_FACE('',(#8978),#8996,.T.);
#8978 = FACE_BOUND('',#8979,.T.);
#8979 = EDGE_LOOP('',(#8980,#8988,#8989,#8990));
#8980 = ORIENTED_EDGE('',*,*,#8981,.F.);
#8981 = EDGE_CURVE('',#8958,#8982,#8984,.T.);
#8982 = VERTEX_POINT('',#8983);
#8983 = CARTESIAN_POINT('',(-2.86567812871,0.825605191869,5.5));
#8984 = LINE('',#8985,#8986);
#8985 = CARTESIAN_POINT('',(-2.86567812871,0.790170242081,5.5));
#8986 = VECTOR('',#8987,1.);
#8987 = DIRECTION('',(0.,1.,0.));
#8988 = ORIENTED_EDGE('',*,*,#8967,.F.);
#8989 = ORIENTED_EDGE('',*,*,#8777,.T.);
#8990 = ORIENTED_EDGE('',*,*,#8991,.T.);
#8991 = EDGE_CURVE('',#8769,#8982,#8992,.T.);
#8992 = LINE('',#8993,#8994);
#8993 = CARTESIAN_POINT('',(-2.86567812871,0.825605191869,5.509999999999
    ));
#8994 = VECTOR('',#8995,1.);
#8995 = DIRECTION('',(0.,0.,-1.));
#8996 = PLANE('',#8997);
#8997 = AXIS2_PLACEMENT_3D('',#8998,#8999,#9000);
#8998 = CARTESIAN_POINT('',(-2.86567812871,0.790170242081,5.509999999999
    ));
#8999 = DIRECTION('',(-1.,0.,0.));
#9000 = DIRECTION('',(0.,0.,1.));
#9001 = ADVANCED_FACE('',(#9002),#9021,.T.);
#9002 = FACE_BOUND('',#9003,.T.);
#9003 = EDGE_LOOP('',(#9004,#9013,#9014,#9015));
#9004 = ORIENTED_EDGE('',*,*,#9005,.F.);
#9005 = EDGE_CURVE('',#8982,#9006,#9008,.T.);
#9006 = VERTEX_POINT('',#9007);
#9007 = CARTESIAN_POINT('',(-2.8911314025,0.89815949927,5.5));
#9008 = B_SPLINE_CURVE_WITH_KNOTS('',3,(#9009,#9010,#9011,#9012),
  .UNSPECIFIED.,.F.,.F.,(4,4),(2.,3.),.PIECEWISE_BEZIER_KNOTS.);
#9009 = CARTESIAN_POINT('',(-2.86567812871,0.825605191869,5.5));
#9010 = CARTESIAN_POINT('',(-2.86567812871,0.856610772933,5.499999999999
    ));
#9011 = CARTESIAN_POINT('',(-2.874162553306,0.880816337226,
    5.499999999999));
#9012 = CARTESIAN_POINT('',(-2.8911314025,0.89815949927,5.5));
#9013 = ORIENTED_EDGE('',*,*,#8991,.F.);
#9014 = ORIENTED_EDGE('',*,*,#8768,.T.);
#9015 = ORIENTED_EDGE('',*,*,#9016,.T.);
#9016 = EDGE_CURVE('',#8760,#9006,#9017,.T.);
#9017 = LINE('',#9018,#9019);
#9018 = CARTESIAN_POINT('',(-2.8911314025,0.89815949927,5.509999999999)
  );
#9019 = VECTOR('',#9020,1.);
#9020 = DIRECTION('',(0.,0.,-1.));
#9021 = B_SPLINE_SURFACE_WITH_KNOTS('',3,1,(
    (#9022,#9023)
    ,(#9024,#9025)
    ,(#9026,#9027)
    ,(#9028,#9029
    )),.UNSPECIFIED.,.F.,.F.,.F.,(4,4),(2,2),(2.,3.),(0.,1.),
  .PIECEWISE_BEZIER_KNOTS.);
#9022 = CARTESIAN_POINT('',(-2.86567812871,0.825605191869,5.509999999999
    ));
#9023 = CARTESIAN_POINT('',(-2.86567812871,0.825605191869,5.5));
#9024 = CARTESIAN_POINT('',(-2.86567812871,0.856610772933,5.509999999999
    ));
#9025 = CARTESIAN_POINT('',(-2.86567812871,0.856610772933,5.5));
#9026 = CARTESIAN_POINT('',(-2.874162553306,0.880816337226,
    5.509999999999));
#9027 = CARTESIAN_POINT('',(-2.874162553306,0.880816337226,5.5));
#9028 = CARTESIAN_POINT('',(-2.8911314025,0.89815949927,5.509999999999)
  );
#9029 = CARTESIAN_POINT('',(-2.8911314025,0.89815949927,5.5));
#9030 = ADVANCED_FACE('',(#9031),#9050,.T.);
#9031 = FACE_BOUND('',#9032,.T.);
#9032 = EDGE_LOOP('',(#9033,#9042,#9043,#9044));
#9033 = ORIENTED_EDGE('',*,*,#9034,.F.);
#9034 = EDGE_CURVE('',#9006,#9035,#9037,.T.);
#9035 = VERTEX_POINT('',#9036);
#9036 = CARTESIAN_POINT('',(-2.962126073027,0.92423662781,5.5));
#9037 = B_SPLINE_CURVE_WITH_KNOTS('',3,(#9038,#9039,#9040,#9041),
  .UNSPECIFIED.,.F.,.F.,(4,4),(3.,4.),.PIECEWISE_BEZIER_KNOTS.);
#9038 = CARTESIAN_POINT('',(-2.8911314025,0.89815949927,5.5));
#9039 = CARTESIAN_POINT('',(-2.907975480746,0.915565046789,
    5.499999999999));
#9040 = CARTESIAN_POINT('',(-2.931681961237,0.92423662781,5.499999999999
    ));
#9041 = CARTESIAN_POINT('',(-2.962126073027,0.92423662781,5.5));
#9042 = ORIENTED_EDGE('',*,*,#9016,.F.);
#9043 = ORIENTED_EDGE('',*,*,#8759,.T.);
#9044 = ORIENTED_EDGE('',*,*,#9045,.T.);
#9045 = EDGE_CURVE('',#8751,#9035,#9046,.T.);
#9046 = LINE('',#9047,#9048);
#9047 = CARTESIAN_POINT('',(-2.962126073027,0.92423662781,5.509999999999
    ));
#9048 = VECTOR('',#9049,1.);
#9049 = DIRECTION('',(0.,0.,-1.));
#9050 = B_SPLINE_SURFACE_WITH_KNOTS('',3,1,(
    (#9051,#9052)
    ,(#9053,#9054)
    ,(#9055,#9056)
    ,(#9057,#9058
    )),.UNSPECIFIED.,.F.,.F.,.F.,(4,4),(2,2),(3.,4.),(0.,1.),
  .PIECEWISE_BEZIER_KNOTS.);
#9051 = CARTESIAN_POINT('',(-2.8911314025,0.89815949927,5.509999999999)
  );
#9052 = CARTESIAN_POINT('',(-2.8911314025,0.89815949927,5.5));
#9053 = CARTESIAN_POINT('',(-2.907975480746,0.915565046789,
    5.509999999999));
#9054 = CARTESIAN_POINT('',(-2.907975480746,0.915565046789,5.5));
#9055 = CARTESIAN_POINT('',(-2.931681961237,0.92423662781,5.509999999999
    ));
#9056 = CARTESIAN_POINT('',(-2.931681961237,0.92423662781,5.5));
#9057 = CARTESIAN_POINT('',(-2.962126073027,0.92423662781,5.509999999999
    ));
#9058 = CARTESIAN_POINT('',(-2.962126073027,0.92423662781,5.5));
#9059 = ADVANCED_FACE('',(#9060),#9079,.T.);
#9060 = FACE_BOUND('',#9061,.T.);
#9061 = EDGE_LOOP('',(#9062,#9071,#9072,#9073));
#9062 = ORIENTED_EDGE('',*,*,#9063,.F.);
#9063 = EDGE_CURVE('',#9035,#9064,#9066,.T.);
#9064 = VERTEX_POINT('',#9065);
#9065 = CARTESIAN_POINT('',(-3.030874866454,0.897473259044,
    5.499999999999));
#9066 = B_SPLINE_CURVE_WITH_KNOTS('',3,(#9067,#9068,#9069,#9070),
  .UNSPECIFIED.,.F.,.F.,(4,4),(4.,5.),.PIECEWISE_BEZIER_KNOTS.);
#9067 = CARTESIAN_POINT('',(-2.962126073027,0.92423662781,5.5));
#9068 = CARTESIAN_POINT('',(-2.992570184817,0.92423662781,5.499999999999
    ));
#9069 = CARTESIAN_POINT('',(-3.015528039608,0.915315504888,
    5.499999999999));
#9070 = CARTESIAN_POINT('',(-3.030874866454,0.897473259044,
    5.499999999999));
#9071 = ORIENTED_EDGE('',*,*,#9045,.F.);
#9072 = ORIENTED_EDGE('',*,*,#8750,.T.);
#9073 = ORIENTED_EDGE('',*,*,#9074,.T.);
#9074 = EDGE_CURVE('',#8742,#9064,#9075,.T.);
#9075 = LINE('',#9076,#9077);
#9076 = CARTESIAN_POINT('',(-3.030874866454,0.897473259044,
    5.509999999999));
#9077 = VECTOR('',#9078,1.);
#9078 = DIRECTION('',(0.,0.,-1.));
#9079 = B_SPLINE_SURFACE_WITH_KNOTS('',3,1,(
    (#9080,#9081)
    ,(#9082,#9083)
    ,(#9084,#9085)
    ,(#9086,#9087
    )),.UNSPECIFIED.,.F.,.F.,.F.,(4,4),(2,2),(4.,5.),(0.,1.),
  .PIECEWISE_BEZIER_KNOTS.);
#9080 = CARTESIAN_POINT('',(-2.962126073027,0.92423662781,5.509999999999
    ));
#9081 = CARTESIAN_POINT('',(-2.962126073027,0.92423662781,5.499999999999
    ));
#9082 = CARTESIAN_POINT('',(-2.992570184817,0.92423662781,5.509999999999
    ));
#9083 = CARTESIAN_POINT('',(-2.992570184817,0.92423662781,5.499999999999
    ));
#9084 = CARTESIAN_POINT('',(-3.015528039608,0.915315504888,
    5.509999999999));
#9085 = CARTESIAN_POINT('',(-3.015528039608,0.915315504888,
    5.499999999999));
#9086 = CARTESIAN_POINT('',(-3.030874866454,0.897473259044,
    5.509999999999));
#9087 = CARTESIAN_POINT('',(-3.030874866454,0.897473259044,
    5.499999999999));
#9088 = ADVANCED_FACE('',(#9089),#9101,.T.);
#9089 = FACE_BOUND('',#9090,.T.);
#9090 = EDGE_LOOP('',(#9091,#9098,#9099,#9100));
#9091 = ORIENTED_EDGE('',*,*,#9092,.F.);
#9092 = EDGE_CURVE('',#9064,#8927,#9093,.T.);
#9093 = B_SPLINE_CURVE_WITH_KNOTS('',3,(#9094,#9095,#9096,#9097),
  .UNSPECIFIED.,.F.,.F.,(4,4),(5.,6.),.PIECEWISE_BEZIER_KNOTS.);
#9094 = CARTESIAN_POINT('',(-3.030874866454,0.897473259044,
    5.499999999999));
#9095 = CARTESIAN_POINT('',(-3.046221693298,0.879631013201,
    5.499999999999));
#9096 = CARTESIAN_POINT('',(-3.053832721247,0.856111689134,
    5.499999999999));
#9097 = CARTESIAN_POINT('',(-3.053832721247,0.827040057794,5.5));
#9098 = ORIENTED_EDGE('',*,*,#9074,.F.);
#9099 = ORIENTED_EDGE('',*,*,#8741,.T.);
#9100 = ORIENTED_EDGE('',*,*,#8936,.T.);
#9101 = B_SPLINE_SURFACE_WITH_KNOTS('',3,1,(
    (#9102,#9103)
    ,(#9104,#9105)
    ,(#9106,#9107)
    ,(#9108,#9109
    )),.UNSPECIFIED.,.F.,.F.,.F.,(4,4),(2,2),(5.,6.),(0.,1.),
  .PIECEWISE_BEZIER_KNOTS.);
#9102 = CARTESIAN_POINT('',(-3.030874866454,0.897473259044,
    5.509999999999));
#9103 = CARTESIAN_POINT('',(-3.030874866454,0.897473259044,
    5.499999999999));
#9104 = CARTESIAN_POINT('',(-3.046221693298,0.879631013201,
    5.509999999999));
#9105 = CARTESIAN_POINT('',(-3.046221693298,0.879631013201,
    5.499999999999));
#9106 = CARTESIAN_POINT('',(-3.053832721247,0.856111689134,
    5.509999999999));
#9107 = CARTESIAN_POINT('',(-3.053832721247,0.856111689134,
    5.499999999999));
#9108 = CARTESIAN_POINT('',(-3.053832721247,0.827040057794,
    5.509999999999));
#9109 = CARTESIAN_POINT('',(-3.053832721247,0.827040057794,
    5.499999999999));
#9110 = ADVANCED_FACE('',(#9111),#9120,.T.);
#9111 = FACE_BOUND('',#9112,.T.);
#9112 = EDGE_LOOP('',(#9113,#9114,#9115,#9116,#9117,#9118,#9119));
#9113 = ORIENTED_EDGE('',*,*,#8926,.T.);
#9114 = ORIENTED_EDGE('',*,*,#8957,.T.);
#9115 = ORIENTED_EDGE('',*,*,#8981,.T.);
#9116 = ORIENTED_EDGE('',*,*,#9005,.T.);
#9117 = ORIENTED_EDGE('',*,*,#9034,.T.);
#9118 = ORIENTED_EDGE('',*,*,#9063,.T.);
#9119 = ORIENTED_EDGE('',*,*,#9092,.T.);
#9120 = PLANE('',#9121);
#9121 = AXIS2_PLACEMENT_3D('',#9122,#9123,#9124);
#9122 = CARTESIAN_POINT('',(0.,0.,5.5));
#9123 = DIRECTION('',(0.,0.,1.));
#9124 = DIRECTION('',(1.,0.,-0.));
#9125 = ADVANCED_FACE('',(#9126,#9192),#9244,.F.);
#9126 = FACE_BOUND('',#9127,.T.);
#9127 = EDGE_LOOP('',(#9128,#9138,#9146,#9154,#9162,#9170,#9178,#9186));
#9128 = ORIENTED_EDGE('',*,*,#9129,.T.);
#9129 = EDGE_CURVE('',#9130,#9132,#9134,.T.);
#9130 = VERTEX_POINT('',#9131);
#9131 = CARTESIAN_POINT('',(-2.837854206869,1.190497835021,
    5.509999999999));
#9132 = VERTEX_POINT('',#9133);
#9133 = CARTESIAN_POINT('',(-3.081906184987,1.097543477304,
    5.509999999999));
#9134 = LINE('',#9135,#9136);
#9135 = CARTESIAN_POINT('',(-3.081906184987,1.097543477304,
    5.509999999999));
#9136 = VECTOR('',#9137,1.);
#9137 = DIRECTION('',(-0.934510438744,-0.355935724364,0.));
#9138 = ORIENTED_EDGE('',*,*,#9139,.T.);
#9139 = EDGE_CURVE('',#9132,#9140,#9142,.T.);
#9140 = VERTEX_POINT('',#9141);
#9141 = CARTESIAN_POINT('',(-3.081906184987,1.063855320814,
    5.509999999999));
#9142 = LINE('',#9143,#9144);
#9143 = CARTESIAN_POINT('',(-3.081906184987,1.063855320814,
    5.509999999999));
#9144 = VECTOR('',#9145,1.);
#9145 = DIRECTION('',(1.287339273433E-14,-1.,0.));
#9146 = ORIENTED_EDGE('',*,*,#9147,.T.);
#9147 = EDGE_CURVE('',#9140,#9148,#9150,.T.);
#9148 = VERTEX_POINT('',#9149);
#9149 = CARTESIAN_POINT('',(-2.837854206869,0.970900963094,
    5.509999999999));
#9150 = LINE('',#9151,#9152);
#9151 = CARTESIAN_POINT('',(-2.837854206869,0.970900963094,
    5.509999999999));
#9152 = VECTOR('',#9153,1.);
#9153 = DIRECTION('',(0.934510438742,-0.355935724369,0.));
#9154 = ORIENTED_EDGE('',*,*,#9155,.T.);
#9155 = EDGE_CURVE('',#9148,#9156,#9158,.T.);
#9156 = VERTEX_POINT('',#9157);
#9157 = CARTESIAN_POINT('',(-2.837854206869,1.005712058133,
    5.509999999999));
#9158 = LINE('',#9159,#9160);
#9159 = CARTESIAN_POINT('',(-2.837854206869,1.005712058133,
    5.509999999999));
#9160 = VECTOR('',#9161,1.);
#9161 = DIRECTION('',(0.,1.,0.));
#9162 = ORIENTED_EDGE('',*,*,#9163,.T.);
#9163 = EDGE_CURVE('',#9156,#9164,#9166,.T.);
#9164 = VERTEX_POINT('',#9165);
#9165 = CARTESIAN_POINT('',(-2.904606665096,1.029168996725,
    5.509999999999));
#9166 = LINE('',#9167,#9168);
#9167 = CARTESIAN_POINT('',(-2.904606665096,1.029168996725,
    5.509999999999));
#9168 = VECTOR('',#9169,1.);
#9169 = DIRECTION('',(-0.94344523308,0.331528418357,0.));
#9170 = ORIENTED_EDGE('',*,*,#9171,.T.);
#9171 = EDGE_CURVE('',#9164,#9172,#9174,.T.);
#9172 = VERTEX_POINT('',#9173);
#9173 = CARTESIAN_POINT('',(-2.904606665096,1.130794935466,
    5.509999999999));
#9174 = LINE('',#9175,#9176);
#9175 = CARTESIAN_POINT('',(-2.904606665096,1.130794935466,
    5.509999999999));
#9176 = VECTOR('',#9177,1.);
#9177 = DIRECTION('',(-4.267423006025E-15,1.,0.));
#9178 = ORIENTED_EDGE('',*,*,#9179,.T.);
#9179 = EDGE_CURVE('',#9172,#9180,#9182,.T.);
#9180 = VERTEX_POINT('',#9181);
#9181 = CARTESIAN_POINT('',(-2.837854206869,1.155686739984,
    5.509999999999));
#9182 = LINE('',#9183,#9184);
#9183 = CARTESIAN_POINT('',(-2.837854206869,1.155686739984,
    5.509999999999));
#9184 = VECTOR('',#9185,1.);
#9185 = DIRECTION('',(0.936975345944,0.349395479497,0.));
#9186 = ORIENTED_EDGE('',*,*,#9187,.T.);
#9187 = EDGE_CURVE('',#9180,#9130,#9188,.T.);
#9188 = LINE('',#9189,#9190);
#9189 = CARTESIAN_POINT('',(-2.837854206869,1.190497835021,
    5.509999999999));
#9190 = VECTOR('',#9191,1.);
#9191 = DIRECTION('',(0.,1.,0.));
#9192 = FACE_BOUND('',#9193,.T.);
#9193 = EDGE_LOOP('',(#9194,#9204,#9212,#9221,#9229,#9238));
#9194 = ORIENTED_EDGE('',*,*,#9195,.F.);
#9195 = EDGE_CURVE('',#9196,#9198,#9200,.T.);
#9196 = VERTEX_POINT('',#9197);
#9197 = CARTESIAN_POINT('',(-2.932181045036,1.039150672723,
    5.509999999999));
#9198 = VERTEX_POINT('',#9199);
#9199 = CARTESIAN_POINT('',(-2.932181045036,1.121062801371,
    5.509999999999));
#9200 = LINE('',#9201,#9202);
#9201 = CARTESIAN_POINT('',(-2.932181045036,1.039150672723,
    5.509999999999));
#9202 = VECTOR('',#9203,1.);
#9203 = DIRECTION('',(-5.294464643468E-15,1.,0.));
#9204 = ORIENTED_EDGE('',*,*,#9205,.F.);
#9205 = EDGE_CURVE('',#9206,#9196,#9208,.T.);
#9206 = VERTEX_POINT('',#9207);
#9207 = CARTESIAN_POINT('',(-3.033619827353,1.075646175584,
    5.509999999999));
#9208 = LINE('',#9209,#9210);
#9209 = CARTESIAN_POINT('',(-3.033619827353,1.075646175584,
    5.509999999999));
#9210 = VECTOR('',#9211,1.);
#9211 = DIRECTION('',(0.940953787683,-0.338535034295,0.));
#9212 = ORIENTED_EDGE('',*,*,#9213,.F.);
#9213 = EDGE_CURVE('',#9214,#9206,#9216,.T.);
#9214 = VERTEX_POINT('',#9215);
#9215 = CARTESIAN_POINT('',(-3.050713447496,1.079638845984,
    5.509999999999));
#9216 = B_SPLINE_CURVE_WITH_KNOTS('',3,(#9217,#9218,#9219,#9220),
  .UNSPECIFIED.,.F.,.F.,(4,4),(3.,4.),.PIECEWISE_BEZIER_KNOTS.);
#9217 = CARTESIAN_POINT('',(-3.050713447496,1.079638845984,
    5.509999999999));
#9218 = CARTESIAN_POINT('',(-3.043351961449,1.078453521959,
    5.509999999999));
#9219 = CARTESIAN_POINT('',(-3.037612497751,1.077143426986,
    5.509999999999));
#9220 = CARTESIAN_POINT('',(-3.033619827353,1.075646175584,
    5.509999999999));
#9221 = ORIENTED_EDGE('',*,*,#9222,.F.);
#9222 = EDGE_CURVE('',#9223,#9214,#9225,.T.);
#9223 = VERTEX_POINT('',#9224);
#9224 = CARTESIAN_POINT('',(-3.050713447496,1.080387471684,
    5.509999999999));
#9225 = LINE('',#9226,#9227);
#9226 = CARTESIAN_POINT('',(-3.050713447496,1.080387471684,
    5.509999999999));
#9227 = VECTOR('',#9228,1.);
#9228 = DIRECTION('',(0.,-1.,0.));
#9229 = ORIENTED_EDGE('',*,*,#9230,.F.);
#9230 = EDGE_CURVE('',#9231,#9223,#9233,.T.);
#9231 = VERTEX_POINT('',#9232);
#9232 = CARTESIAN_POINT('',(-3.033619827353,1.084192985657,
    5.509999999999));
#9233 = B_SPLINE_CURVE_WITH_KNOTS('',3,(#9234,#9235,#9236,#9237),
  .UNSPECIFIED.,.F.,.F.,(4,4),(1.,2.),.PIECEWISE_BEZIER_KNOTS.);
#9234 = CARTESIAN_POINT('',(-3.033619827353,1.084192985657,
    5.509999999999));
#9235 = CARTESIAN_POINT('',(-3.036988643002,1.083007661634,
    5.509999999999));
#9236 = CARTESIAN_POINT('',(-3.04260333575,1.081759952132,5.509999999999
    ));
#9237 = CARTESIAN_POINT('',(-3.050713447496,1.080387471684,
    5.509999999999));
#9238 = ORIENTED_EDGE('',*,*,#9239,.F.);
#9239 = EDGE_CURVE('',#9198,#9231,#9240,.T.);
#9240 = LINE('',#9241,#9242);
#9241 = CARTESIAN_POINT('',(-2.932181045036,1.121062801371,
    5.509999999999));
#9242 = VECTOR('',#9243,1.);
#9243 = DIRECTION('',(-0.939844041774,-0.34160383069,0.));
#9244 = PLANE('',#9245);
#9245 = AXIS2_PLACEMENT_3D('',#9246,#9247,#9248);
#9246 = CARTESIAN_POINT('',(0.,0.,5.509999999999));
#9247 = DIRECTION('',(0.,0.,-1.));
#9248 = DIRECTION('',(-1.,0.,0.));
#9249 = ADVANCED_FACE('',(#9250),#9266,.F.);
#9250 = FACE_BOUND('',#9251,.T.);
#9251 = EDGE_LOOP('',(#9252,#9253,#9259,#9260));
#9252 = ORIENTED_EDGE('',*,*,#335,.T.);
#9253 = ORIENTED_EDGE('',*,*,#9254,.F.);
#9254 = EDGE_CURVE('',#9132,#326,#9255,.T.);
#9255 = LINE('',#9256,#9257);
#9256 = CARTESIAN_POINT('',(-3.081906184987,1.097543477304,
    5.509999999999));
#9257 = VECTOR('',#9258,1.);
#9258 = DIRECTION('',(0.,0.,-1.));
#9259 = ORIENTED_EDGE('',*,*,#9129,.F.);
#9260 = ORIENTED_EDGE('',*,*,#9261,.T.);
#9261 = EDGE_CURVE('',#9130,#336,#9262,.T.);
#9262 = LINE('',#9263,#9264);
#9263 = CARTESIAN_POINT('',(-2.837854206869,1.190497835021,
    5.509999999999));
#9264 = VECTOR('',#9265,1.);
#9265 = DIRECTION('',(0.,0.,-1.));
#9266 = PLANE('',#9267);
#9267 = AXIS2_PLACEMENT_3D('',#9268,#9269,#9270);
#9268 = CARTESIAN_POINT('',(-3.081906184987,1.097543477304,
    5.509999999999));
#9269 = DIRECTION('',(0.355935724364,-0.934510438744,0.));
#9270 = DIRECTION('',(0.934510438744,0.355935724364,0.));
#9271 = ADVANCED_FACE('',(#9272),#9283,.F.);
#9272 = FACE_BOUND('',#9273,.T.);
#9273 = EDGE_LOOP('',(#9274,#9275,#9281,#9282));
#9274 = ORIENTED_EDGE('',*,*,#325,.T.);
#9275 = ORIENTED_EDGE('',*,*,#9276,.F.);
#9276 = EDGE_CURVE('',#9140,#328,#9277,.T.);
#9277 = LINE('',#9278,#9279);
#9278 = CARTESIAN_POINT('',(-3.081906184987,1.063855320814,
    5.509999999999));
#9279 = VECTOR('',#9280,1.);
#9280 = DIRECTION('',(0.,0.,-1.));
#9281 = ORIENTED_EDGE('',*,*,#9139,.F.);
#9282 = ORIENTED_EDGE('',*,*,#9254,.T.);
#9283 = PLANE('',#9284);
#9284 = AXIS2_PLACEMENT_3D('',#9285,#9286,#9287);
#9285 = CARTESIAN_POINT('',(-3.081906184987,1.063855320814,
    5.509999999999));
#9286 = DIRECTION('',(1.,1.287339273433E-14,0.));
#9287 = DIRECTION('',(-1.287339273433E-14,1.,0.));
#9288 = ADVANCED_FACE('',(#9289),#9300,.F.);
#9289 = FACE_BOUND('',#9290,.T.);
#9290 = EDGE_LOOP('',(#9291,#9292,#9298,#9299));
#9291 = ORIENTED_EDGE('',*,*,#383,.T.);
#9292 = ORIENTED_EDGE('',*,*,#9293,.F.);
#9293 = EDGE_CURVE('',#9148,#376,#9294,.T.);
#9294 = LINE('',#9295,#9296);
#9295 = CARTESIAN_POINT('',(-2.837854206869,0.970900963094,
    5.509999999999));
#9296 = VECTOR('',#9297,1.);
#9297 = DIRECTION('',(0.,0.,-1.));
#9298 = ORIENTED_EDGE('',*,*,#9147,.F.);
#9299 = ORIENTED_EDGE('',*,*,#9276,.T.);
#9300 = PLANE('',#9301);
#9301 = AXIS2_PLACEMENT_3D('',#9302,#9303,#9304);
#9302 = CARTESIAN_POINT('',(-2.837854206869,0.970900963094,
    5.509999999999));
#9303 = DIRECTION('',(0.355935724369,0.934510438742,0.));
#9304 = DIRECTION('',(-0.934510438742,0.355935724369,0.));
#9305 = ADVANCED_FACE('',(#9306),#9317,.F.);
#9306 = FACE_BOUND('',#9307,.T.);
#9307 = EDGE_LOOP('',(#9308,#9309,#9315,#9316));
#9308 = ORIENTED_EDGE('',*,*,#375,.T.);
#9309 = ORIENTED_EDGE('',*,*,#9310,.F.);
#9310 = EDGE_CURVE('',#9156,#368,#9311,.T.);
#9311 = LINE('',#9312,#9313);
#9312 = CARTESIAN_POINT('',(-2.837854206869,1.005712058133,
    5.509999999999));
#9313 = VECTOR('',#9314,1.);
#9314 = DIRECTION('',(0.,0.,-1.));
#9315 = ORIENTED_EDGE('',*,*,#9155,.F.);
#9316 = ORIENTED_EDGE('',*,*,#9293,.T.);
#9317 = PLANE('',#9318);
#9318 = AXIS2_PLACEMENT_3D('',#9319,#9320,#9321);
#9319 = CARTESIAN_POINT('',(-2.837854206869,1.005712058133,
    5.509999999999));
#9320 = DIRECTION('',(-1.,0.,0.));
#9321 = DIRECTION('',(0.,0.,1.));
#9322 = ADVANCED_FACE('',(#9323),#9334,.F.);
#9323 = FACE_BOUND('',#9324,.T.);
#9324 = EDGE_LOOP('',(#9325,#9326,#9332,#9333));
#9325 = ORIENTED_EDGE('',*,*,#367,.T.);
#9326 = ORIENTED_EDGE('',*,*,#9327,.F.);
#9327 = EDGE_CURVE('',#9164,#360,#9328,.T.);
#9328 = LINE('',#9329,#9330);
#9329 = CARTESIAN_POINT('',(-2.904606665096,1.029168996725,
    5.509999999999));
#9330 = VECTOR('',#9331,1.);
#9331 = DIRECTION('',(0.,0.,-1.));
#9332 = ORIENTED_EDGE('',*,*,#9163,.F.);
#9333 = ORIENTED_EDGE('',*,*,#9310,.T.);
#9334 = PLANE('',#9335);
#9335 = AXIS2_PLACEMENT_3D('',#9336,#9337,#9338);
#9336 = CARTESIAN_POINT('',(-2.904606665096,1.029168996725,
    5.509999999999));
#9337 = DIRECTION('',(-0.331528418357,-0.94344523308,0.));
#9338 = DIRECTION('',(0.94344523308,-0.331528418357,0.));
#9339 = ADVANCED_FACE('',(#9340),#9351,.F.);
#9340 = FACE_BOUND('',#9341,.T.);
#9341 = EDGE_LOOP('',(#9342,#9343,#9349,#9350));
#9342 = ORIENTED_EDGE('',*,*,#359,.T.);
#9343 = ORIENTED_EDGE('',*,*,#9344,.F.);
#9344 = EDGE_CURVE('',#9172,#352,#9345,.T.);
#9345 = LINE('',#9346,#9347);
#9346 = CARTESIAN_POINT('',(-2.904606665096,1.130794935466,
    5.509999999999));
#9347 = VECTOR('',#9348,1.);
#9348 = DIRECTION('',(0.,0.,-1.));
#9349 = ORIENTED_EDGE('',*,*,#9171,.F.);
#9350 = ORIENTED_EDGE('',*,*,#9327,.T.);
#9351 = PLANE('',#9352);
#9352 = AXIS2_PLACEMENT_3D('',#9353,#9354,#9355);
#9353 = CARTESIAN_POINT('',(-2.904606665096,1.130794935466,
    5.509999999999));
#9354 = DIRECTION('',(-1.,-4.267423006025E-15,0.));
#9355 = DIRECTION('',(4.267423006025E-15,-1.,0.));
#9356 = ADVANCED_FACE('',(#9357),#9368,.F.);
#9357 = FACE_BOUND('',#9358,.T.);
#9358 = EDGE_LOOP('',(#9359,#9360,#9366,#9367));
#9359 = ORIENTED_EDGE('',*,*,#351,.T.);
#9360 = ORIENTED_EDGE('',*,*,#9361,.F.);
#9361 = EDGE_CURVE('',#9180,#344,#9362,.T.);
#9362 = LINE('',#9363,#9364);
#9363 = CARTESIAN_POINT('',(-2.837854206869,1.155686739984,
    5.509999999999));
#9364 = VECTOR('',#9365,1.);
#9365 = DIRECTION('',(0.,0.,-1.));
#9366 = ORIENTED_EDGE('',*,*,#9179,.F.);
#9367 = ORIENTED_EDGE('',*,*,#9344,.T.);
#9368 = PLANE('',#9369);
#9369 = AXIS2_PLACEMENT_3D('',#9370,#9371,#9372);
#9370 = CARTESIAN_POINT('',(-2.837854206869,1.155686739984,
    5.509999999999));
#9371 = DIRECTION('',(-0.349395479497,0.936975345944,0.));
#9372 = DIRECTION('',(-0.936975345944,-0.349395479497,0.));
#9373 = ADVANCED_FACE('',(#9374),#9380,.F.);
#9374 = FACE_BOUND('',#9375,.T.);
#9375 = EDGE_LOOP('',(#9376,#9377,#9378,#9379));
#9376 = ORIENTED_EDGE('',*,*,#343,.T.);
#9377 = ORIENTED_EDGE('',*,*,#9261,.F.);
#9378 = ORIENTED_EDGE('',*,*,#9187,.F.);
#9379 = ORIENTED_EDGE('',*,*,#9361,.T.);
#9380 = PLANE('',#9381);
#9381 = AXIS2_PLACEMENT_3D('',#9382,#9383,#9384);
#9382 = CARTESIAN_POINT('',(-2.837854206869,1.190497835021,
    5.509999999999));
#9383 = DIRECTION('',(-1.,0.,0.));
#9384 = DIRECTION('',(0.,0.,1.));
#9385 = ADVANCED_FACE('',(#9386),#9411,.T.);
#9386 = FACE_BOUND('',#9387,.T.);
#9387 = EDGE_LOOP('',(#9388,#9398,#9404,#9405));
#9388 = ORIENTED_EDGE('',*,*,#9389,.F.);
#9389 = EDGE_CURVE('',#9390,#9392,#9394,.T.);
#9390 = VERTEX_POINT('',#9391);
#9391 = CARTESIAN_POINT('',(-2.932181045036,1.039150672723,5.5));
#9392 = VERTEX_POINT('',#9393);
#9393 = CARTESIAN_POINT('',(-2.932181045036,1.121062801371,5.5));
#9394 = LINE('',#9395,#9396);
#9395 = CARTESIAN_POINT('',(-2.932181045036,1.039150672723,5.5));
#9396 = VECTOR('',#9397,1.);
#9397 = DIRECTION('',(-5.294464643468E-15,1.,0.));
#9398 = ORIENTED_EDGE('',*,*,#9399,.F.);
#9399 = EDGE_CURVE('',#9196,#9390,#9400,.T.);
#9400 = LINE('',#9401,#9402);
#9401 = CARTESIAN_POINT('',(-2.932181045036,1.039150672723,
    5.509999999999));
#9402 = VECTOR('',#9403,1.);
#9403 = DIRECTION('',(0.,0.,-1.));
#9404 = ORIENTED_EDGE('',*,*,#9195,.T.);
#9405 = ORIENTED_EDGE('',*,*,#9406,.T.);
#9406 = EDGE_CURVE('',#9198,#9392,#9407,.T.);
#9407 = LINE('',#9408,#9409);
#9408 = CARTESIAN_POINT('',(-2.932181045036,1.121062801371,
    5.509999999999));
#9409 = VECTOR('',#9410,1.);
#9410 = DIRECTION('',(0.,0.,-1.));
#9411 = PLANE('',#9412);
#9412 = AXIS2_PLACEMENT_3D('',#9413,#9414,#9415);
#9413 = CARTESIAN_POINT('',(-2.932181045036,1.039150672723,
    5.509999999999));
#9414 = DIRECTION('',(-1.,-5.294464643468E-15,0.));
#9415 = DIRECTION('',(5.294464643468E-15,-1.,0.));
#9416 = ADVANCED_FACE('',(#9417),#9435,.T.);
#9417 = FACE_BOUND('',#9418,.T.);
#9418 = EDGE_LOOP('',(#9419,#9427,#9428,#9429));
#9419 = ORIENTED_EDGE('',*,*,#9420,.F.);
#9420 = EDGE_CURVE('',#9392,#9421,#9423,.T.);
#9421 = VERTEX_POINT('',#9422);
#9422 = CARTESIAN_POINT('',(-3.033619827353,1.084192985657,5.5));
#9423 = LINE('',#9424,#9425);
#9424 = CARTESIAN_POINT('',(-2.932181045036,1.121062801371,5.5));
#9425 = VECTOR('',#9426,1.);
#9426 = DIRECTION('',(-0.939844041774,-0.34160383069,0.));
#9427 = ORIENTED_EDGE('',*,*,#9406,.F.);
#9428 = ORIENTED_EDGE('',*,*,#9239,.T.);
#9429 = ORIENTED_EDGE('',*,*,#9430,.T.);
#9430 = EDGE_CURVE('',#9231,#9421,#9431,.T.);
#9431 = LINE('',#9432,#9433);
#9432 = CARTESIAN_POINT('',(-3.033619827353,1.084192985657,
    5.509999999999));
#9433 = VECTOR('',#9434,1.);
#9434 = DIRECTION('',(0.,0.,-1.));
#9435 = PLANE('',#9436);
#9436 = AXIS2_PLACEMENT_3D('',#9437,#9438,#9439);
#9437 = CARTESIAN_POINT('',(-2.932181045036,1.121062801371,
    5.509999999999));
#9438 = DIRECTION('',(0.34160383069,-0.939844041774,0.));
#9439 = DIRECTION('',(0.939844041774,0.34160383069,0.));
#9440 = ADVANCED_FACE('',(#9441),#9460,.T.);
#9441 = FACE_BOUND('',#9442,.T.);
#9442 = EDGE_LOOP('',(#9443,#9452,#9453,#9454));
#9443 = ORIENTED_EDGE('',*,*,#9444,.F.);
#9444 = EDGE_CURVE('',#9421,#9445,#9447,.T.);
#9445 = VERTEX_POINT('',#9446);
#9446 = CARTESIAN_POINT('',(-3.050713447496,1.080387471684,5.5));
#9447 = B_SPLINE_CURVE_WITH_KNOTS('',3,(#9448,#9449,#9450,#9451),
  .UNSPECIFIED.,.F.,.F.,(4,4),(1.,2.),.PIECEWISE_BEZIER_KNOTS.);
#9448 = CARTESIAN_POINT('',(-3.033619827353,1.084192985657,5.5));
#9449 = CARTESIAN_POINT('',(-3.036988643002,1.083007661634,
    5.499999999999));
#9450 = CARTESIAN_POINT('',(-3.04260333575,1.081759952132,5.499999999999
    ));
#9451 = CARTESIAN_POINT('',(-3.050713447496,1.080387471684,5.5));
#9452 = ORIENTED_EDGE('',*,*,#9430,.F.);
#9453 = ORIENTED_EDGE('',*,*,#9230,.T.);
#9454 = ORIENTED_EDGE('',*,*,#9455,.T.);
#9455 = EDGE_CURVE('',#9223,#9445,#9456,.T.);
#9456 = LINE('',#9457,#9458);
#9457 = CARTESIAN_POINT('',(-3.050713447496,1.080387471684,
    5.509999999999));
#9458 = VECTOR('',#9459,1.);
#9459 = DIRECTION('',(0.,0.,-1.));
#9460 = B_SPLINE_SURFACE_WITH_KNOTS('',3,1,(
    (#9461,#9462)
    ,(#9463,#9464)
    ,(#9465,#9466)
    ,(#9467,#9468
    )),.UNSPECIFIED.,.F.,.F.,.F.,(4,4),(2,2),(1.,2.),(0.,1.),
  .PIECEWISE_BEZIER_KNOTS.);
#9461 = CARTESIAN_POINT('',(-3.033619827353,1.084192985657,
    5.509999999999));
#9462 = CARTESIAN_POINT('',(-3.033619827353,1.084192985657,5.5));
#9463 = CARTESIAN_POINT('',(-3.036988643002,1.083007661634,
    5.509999999999));
#9464 = CARTESIAN_POINT('',(-3.036988643002,1.083007661634,5.5));
#9465 = CARTESIAN_POINT('',(-3.04260333575,1.081759952132,5.509999999999
    ));
#9466 = CARTESIAN_POINT('',(-3.04260333575,1.081759952132,5.5));
#9467 = CARTESIAN_POINT('',(-3.050713447496,1.080387471684,
    5.509999999999));
#9468 = CARTESIAN_POINT('',(-3.050713447496,1.080387471684,5.5));
#9469 = ADVANCED_FACE('',(#9470),#9488,.T.);
#9470 = FACE_BOUND('',#9471,.T.);
#9471 = EDGE_LOOP('',(#9472,#9480,#9481,#9482));
#9472 = ORIENTED_EDGE('',*,*,#9473,.F.);
#9473 = EDGE_CURVE('',#9445,#9474,#9476,.T.);
#9474 = VERTEX_POINT('',#9475);
#9475 = CARTESIAN_POINT('',(-3.050713447496,1.079638845984,5.5));
#9476 = LINE('',#9477,#9478);
#9477 = CARTESIAN_POINT('',(-3.050713447496,1.080387471684,5.5));
#9478 = VECTOR('',#9479,1.);
#9479 = DIRECTION('',(0.,-1.,0.));
#9480 = ORIENTED_EDGE('',*,*,#9455,.F.);
#9481 = ORIENTED_EDGE('',*,*,#9222,.T.);
#9482 = ORIENTED_EDGE('',*,*,#9483,.T.);
#9483 = EDGE_CURVE('',#9214,#9474,#9484,.T.);
#9484 = LINE('',#9485,#9486);
#9485 = CARTESIAN_POINT('',(-3.050713447496,1.079638845984,
    5.509999999999));
#9486 = VECTOR('',#9487,1.);
#9487 = DIRECTION('',(0.,0.,-1.));
#9488 = PLANE('',#9489);
#9489 = AXIS2_PLACEMENT_3D('',#9490,#9491,#9492);
#9490 = CARTESIAN_POINT('',(-3.050713447496,1.080387471684,
    5.509999999999));
#9491 = DIRECTION('',(1.,0.,0.));
#9492 = DIRECTION('',(0.,0.,-1.));
#9493 = ADVANCED_FACE('',(#9494),#9513,.T.);
#9494 = FACE_BOUND('',#9495,.T.);
#9495 = EDGE_LOOP('',(#9496,#9505,#9506,#9507));
#9496 = ORIENTED_EDGE('',*,*,#9497,.F.);
#9497 = EDGE_CURVE('',#9474,#9498,#9500,.T.);
#9498 = VERTEX_POINT('',#9499);
#9499 = CARTESIAN_POINT('',(-3.033619827353,1.075646175584,
    5.499999999999));
#9500 = B_SPLINE_CURVE_WITH_KNOTS('',3,(#9501,#9502,#9503,#9504),
  .UNSPECIFIED.,.F.,.F.,(4,4),(3.,4.),.PIECEWISE_BEZIER_KNOTS.);
#9501 = CARTESIAN_POINT('',(-3.050713447496,1.079638845984,5.5));
#9502 = CARTESIAN_POINT('',(-3.043351961449,1.078453521959,
    5.499999999999));
#9503 = CARTESIAN_POINT('',(-3.037612497751,1.077143426986,
    5.499999999999));
#9504 = CARTESIAN_POINT('',(-3.033619827353,1.075646175584,
    5.499999999999));
#9505 = ORIENTED_EDGE('',*,*,#9483,.F.);
#9506 = ORIENTED_EDGE('',*,*,#9213,.T.);
#9507 = ORIENTED_EDGE('',*,*,#9508,.T.);
#9508 = EDGE_CURVE('',#9206,#9498,#9509,.T.);
#9509 = LINE('',#9510,#9511);
#9510 = CARTESIAN_POINT('',(-3.033619827353,1.075646175584,
    5.509999999999));
#9511 = VECTOR('',#9512,1.);
#9512 = DIRECTION('',(0.,0.,-1.));
#9513 = B_SPLINE_SURFACE_WITH_KNOTS('',3,1,(
    (#9514,#9515)
    ,(#9516,#9517)
    ,(#9518,#9519)
    ,(#9520,#9521
    )),.UNSPECIFIED.,.F.,.F.,.F.,(4,4),(2,2),(3.,4.),(0.,1.),
  .PIECEWISE_BEZIER_KNOTS.);
#9514 = CARTESIAN_POINT('',(-3.050713447496,1.079638845984,
    5.509999999999));
#9515 = CARTESIAN_POINT('',(-3.050713447496,1.079638845984,
    5.499999999999));
#9516 = CARTESIAN_POINT('',(-3.043351961449,1.078453521959,
    5.509999999999));
#9517 = CARTESIAN_POINT('',(-3.043351961449,1.078453521959,
    5.499999999999));
#9518 = CARTESIAN_POINT('',(-3.037612497751,1.077143426986,
    5.509999999999));
#9519 = CARTESIAN_POINT('',(-3.037612497751,1.077143426986,
    5.499999999999));
#9520 = CARTESIAN_POINT('',(-3.033619827353,1.075646175584,
    5.509999999999));
#9521 = CARTESIAN_POINT('',(-3.033619827353,1.075646175584,
    5.499999999999));
#9522 = ADVANCED_FACE('',(#9523),#9534,.T.);
#9523 = FACE_BOUND('',#9524,.T.);
#9524 = EDGE_LOOP('',(#9525,#9531,#9532,#9533));
#9525 = ORIENTED_EDGE('',*,*,#9526,.F.);
#9526 = EDGE_CURVE('',#9498,#9390,#9527,.T.);
#9527 = LINE('',#9528,#9529);
#9528 = CARTESIAN_POINT('',(-3.033619827353,1.075646175584,5.5));
#9529 = VECTOR('',#9530,1.);
#9530 = DIRECTION('',(0.940953787683,-0.338535034295,0.));
#9531 = ORIENTED_EDGE('',*,*,#9508,.F.);
#9532 = ORIENTED_EDGE('',*,*,#9205,.T.);
#9533 = ORIENTED_EDGE('',*,*,#9399,.T.);
#9534 = PLANE('',#9535);
#9535 = AXIS2_PLACEMENT_3D('',#9536,#9537,#9538);
#9536 = CARTESIAN_POINT('',(-3.033619827353,1.075646175584,
    5.509999999999));
#9537 = DIRECTION('',(0.338535034295,0.940953787683,0.));
#9538 = DIRECTION('',(-0.940953787683,0.338535034295,0.));
#9539 = ADVANCED_FACE('',(#9540),#9548,.T.);
#9540 = FACE_BOUND('',#9541,.T.);
#9541 = EDGE_LOOP('',(#9542,#9543,#9544,#9545,#9546,#9547));
#9542 = ORIENTED_EDGE('',*,*,#9389,.T.);
#9543 = ORIENTED_EDGE('',*,*,#9420,.T.);
#9544 = ORIENTED_EDGE('',*,*,#9444,.T.);
#9545 = ORIENTED_EDGE('',*,*,#9473,.T.);
#9546 = ORIENTED_EDGE('',*,*,#9497,.T.);
#9547 = ORIENTED_EDGE('',*,*,#9526,.T.);
#9548 = PLANE('',#9549);
#9549 = AXIS2_PLACEMENT_3D('',#9550,#9551,#9552);
#9550 = CARTESIAN_POINT('',(0.,0.,5.5));
#9551 = DIRECTION('',(0.,0.,1.));
#9552 = DIRECTION('',(1.,0.,-0.));
#9553 = ADVANCED_FACE('',(#9554,#9848),#9873,.F.);
#9554 = FACE_BOUND('',#9555,.T.);
#9555 = EDGE_LOOP('',(#9556,#9567,#9576,#9585,#9594,#9603,#9612,#9621,
    #9630,#9639,#9648,#9657,#9666,#9675,#9683,#9691,#9699,#9708,#9717,
    #9726,#9735,#9744,#9753,#9762,#9771,#9780,#9789,#9797,#9806,#9815,
    #9824,#9832,#9841));
#9556 = ORIENTED_EDGE('',*,*,#9557,.T.);
#9557 = EDGE_CURVE('',#9558,#9560,#9562,.T.);
#9558 = VERTEX_POINT('',#9559);
#9559 = CARTESIAN_POINT('',(-3.079933639395,-0.294454400425,
    5.509999999999));
#9560 = VERTEX_POINT('',#9561);
#9561 = CARTESIAN_POINT('',(-3.307242763037,-0.466237636573,
    5.509999999999));
#9562 = B_SPLINE_CURVE_WITH_KNOTS('',3,(#9563,#9564,#9565,#9566),
  .UNSPECIFIED.,.F.,.F.,(4,4),(35.,36.),.PIECEWISE_BEZIER_KNOTS.);
#9563 = CARTESIAN_POINT('',(-3.079933639395,-0.294454400425,
    5.509999999999));
#9564 = CARTESIAN_POINT('',(-3.184044649484,-0.296189558553,
    5.509999999999));
#9565 = CARTESIAN_POINT('',(-3.27600945339,-0.36733216706,5.509999999999
    ));
#9566 = CARTESIAN_POINT('',(-3.307242763037,-0.466237636573,
    5.509999999999));
#9567 = ORIENTED_EDGE('',*,*,#9568,.T.);
#9568 = EDGE_CURVE('',#9560,#9569,#9571,.T.);
#9569 = VERTEX_POINT('',#9570);
#9570 = CARTESIAN_POINT('',(-3.444322348461,-0.559937631703,
    5.509999999999));
#9571 = B_SPLINE_CURVE_WITH_KNOTS('',3,(#9572,#9573,#9574,#9575),
  .UNSPECIFIED.,.F.,.F.,(4,4),(0.,1.),.PIECEWISE_BEZIER_KNOTS.);
#9572 = CARTESIAN_POINT('',(-3.307242763037,-0.466237636573,
    5.509999999999));
#9573 = CARTESIAN_POINT('',(-3.359298301176,-0.485324640748,
    5.509999999999));
#9574 = CARTESIAN_POINT('',(-3.406148282195,-0.518293174714,
    5.509999999999));
#9575 = CARTESIAN_POINT('',(-3.444322348461,-0.559937631703,
    5.509999999999));
#9576 = ORIENTED_EDGE('',*,*,#9577,.T.);
#9577 = EDGE_CURVE('',#9569,#9578,#9580,.T.);
#9578 = VERTEX_POINT('',#9579);
#9579 = CARTESIAN_POINT('',(-3.53455195287,-0.795922711465,
    5.509999999999));
#9580 = B_SPLINE_CURVE_WITH_KNOTS('',3,(#9581,#9582,#9583,#9584),
  .UNSPECIFIED.,.F.,.F.,(4,4),(1.,2.),.PIECEWISE_BEZIER_KNOTS.);
#9581 = CARTESIAN_POINT('',(-3.444322348461,-0.559937631703,
    5.509999999999));
#9582 = CARTESIAN_POINT('',(-3.501583445795,-0.625874633443,
    5.509999999999));
#9583 = CARTESIAN_POINT('',(-3.53455195287,-0.70916348123,5.509999999999
    ));
#9584 = CARTESIAN_POINT('',(-3.53455195287,-0.795922711465,
    5.509999999999));
#9585 = ORIENTED_EDGE('',*,*,#9586,.T.);
#9586 = EDGE_CURVE('',#9578,#9587,#9589,.T.);
#9587 = VERTEX_POINT('',#9588);
#9588 = CARTESIAN_POINT('',(-3.466879751632,-1.004144864027,
    5.509999999999));
#9589 = B_SPLINE_CURVE_WITH_KNOTS('',3,(#9590,#9591,#9592,#9593),
  .UNSPECIFIED.,.F.,.F.,(4,4),(2.,3.),.PIECEWISE_BEZIER_KNOTS.);
#9590 = CARTESIAN_POINT('',(-3.53455195287,-0.795922711465,
    5.509999999999));
#9591 = CARTESIAN_POINT('',(-3.53455195287,-0.872270827451,
    5.509999999999));
#9592 = CARTESIAN_POINT('',(-3.510259368818,-0.943413402863,
    5.509999999999));
#9593 = CARTESIAN_POINT('',(-3.466879751632,-1.004144864027,
    5.509999999999));
#9594 = ORIENTED_EDGE('',*,*,#9595,.T.);
#9595 = EDGE_CURVE('',#9587,#9596,#9598,.T.);
#9596 = VERTEX_POINT('',#9597);
#9597 = CARTESIAN_POINT('',(-3.390531627372,-1.080492980014,
    5.509999999999));
#9598 = B_SPLINE_CURVE_WITH_KNOTS('',3,(#9599,#9600,#9601,#9602),
  .UNSPECIFIED.,.F.,.F.,(4,4),(3.,4.),.PIECEWISE_BEZIER_KNOTS.);
#9599 = CARTESIAN_POINT('',(-3.466879751632,-1.004144864027,
    5.509999999999));
#9600 = CARTESIAN_POINT('',(-3.446057531411,-1.033643015545,
    5.509999999999));
#9601 = CARTESIAN_POINT('',(-3.420029762342,-1.057935593391,
    5.509999999999));
#9602 = CARTESIAN_POINT('',(-3.390531627372,-1.080492980014,
    5.509999999999));
#9603 = ORIENTED_EDGE('',*,*,#9604,.T.);
#9604 = EDGE_CURVE('',#9596,#9605,#9607,.T.);
#9605 = VERTEX_POINT('',#9606);
#9606 = CARTESIAN_POINT('',(-3.394001993271,-1.120402212684,
    5.509999999999));
#9607 = B_SPLINE_CURVE_WITH_KNOTS('',3,(#9608,#9609,#9610,#9611),
  .UNSPECIFIED.,.F.,.F.,(4,4),(4.,5.),.PIECEWISE_BEZIER_KNOTS.);
#9608 = CARTESIAN_POINT('',(-3.390531627372,-1.080492980014,
    5.509999999999));
#9609 = CARTESIAN_POINT('',(-3.392266818595,-1.094374443613,
    5.509999999999));
#9610 = CARTESIAN_POINT('',(-3.394001993271,-1.106520749084,
    5.509999999999));
#9611 = CARTESIAN_POINT('',(-3.394001993271,-1.120402212684,
    5.509999999999));
#9612 = ORIENTED_EDGE('',*,*,#9613,.T.);
#9613 = EDGE_CURVE('',#9605,#9614,#9616,.T.);
#9614 = VERTEX_POINT('',#9615);
#9615 = CARTESIAN_POINT('',(-3.310713128936,-1.319948442222,
    5.509999999999));
#9616 = B_SPLINE_CURVE_WITH_KNOTS('',3,(#9617,#9618,#9619,#9620),
  .UNSPECIFIED.,.F.,.F.,(4,4),(5.,6.),.PIECEWISE_BEZIER_KNOTS.);
#9617 = CARTESIAN_POINT('',(-3.394001993271,-1.120402212684,
    5.509999999999));
#9618 = CARTESIAN_POINT('',(-3.394001993271,-1.195015153995,
    5.509999999999));
#9619 = CARTESIAN_POINT('',(-3.364503858302,-1.266157712858,
    5.509999999999));
#9620 = CARTESIAN_POINT('',(-3.310713128936,-1.319948442222,
    5.509999999999));
#9621 = ORIENTED_EDGE('',*,*,#9622,.T.);
#9622 = EDGE_CURVE('',#9614,#9623,#9625,.T.);
#9623 = VERTEX_POINT('',#9624);
#9624 = CARTESIAN_POINT('',(-3.11290210717,-1.401502164977,
    5.509999999999));
#9625 = B_SPLINE_CURVE_WITH_KNOTS('',3,(#9626,#9627,#9628,#9629),
  .UNSPECIFIED.,.F.,.F.,(4,4),(6.,7.),.PIECEWISE_BEZIER_KNOTS.);
#9626 = CARTESIAN_POINT('',(-3.310713128936,-1.319948442222,
    5.509999999999));
#9627 = CARTESIAN_POINT('',(-3.258657607344,-1.37200402587,
    5.509999999999));
#9628 = CARTESIAN_POINT('',(-3.187515031932,-1.401502164977,
    5.509999999999));
#9629 = CARTESIAN_POINT('',(-3.11290210717,-1.401502164977,
    5.509999999999));
#9630 = ORIENTED_EDGE('',*,*,#9631,.T.);
#9631 = EDGE_CURVE('',#9623,#9632,#9634,.T.);
#9632 = VERTEX_POINT('',#9633);
#9633 = CARTESIAN_POINT('',(-2.923767024973,-1.328624414889,
    5.509999999999));
#9634 = B_SPLINE_CURVE_WITH_KNOTS('',3,(#9635,#9636,#9637,#9638),
  .UNSPECIFIED.,.F.,.F.,(4,4),(7.,8.),.PIECEWISE_BEZIER_KNOTS.);
#9635 = CARTESIAN_POINT('',(-3.11290210717,-1.401502164977,
    5.509999999999));
#9636 = CARTESIAN_POINT('',(-3.043494722981,-1.401502164977,
    5.509999999999));
#9637 = CARTESIAN_POINT('',(-2.975822496922,-1.375474395908,
    5.509999999999));
#9638 = CARTESIAN_POINT('',(-2.923767024973,-1.328624414889,
    5.509999999999));
#9639 = ORIENTED_EDGE('',*,*,#9640,.T.);
#9640 = EDGE_CURVE('',#9632,#9641,#9643,.T.);
#9641 = VERTEX_POINT('',#9642);
#9642 = CARTESIAN_POINT('',(-2.840478177187,-1.189809646515,
    5.509999999999));
#9643 = B_SPLINE_CURVE_WITH_KNOTS('',3,(#9644,#9645,#9646,#9647),
  .UNSPECIFIED.,.F.,.F.,(4,4),(8.,9.),.PIECEWISE_BEZIER_KNOTS.);
#9644 = CARTESIAN_POINT('',(-2.923767024973,-1.328624414889,
    5.509999999999));
#9645 = CARTESIAN_POINT('',(-2.882122567983,-1.290450356897,
    5.509999999999));
#9646 = CARTESIAN_POINT('',(-2.854359640786,-1.243600359332,
    5.509999999999));
#9647 = CARTESIAN_POINT('',(-2.840478177187,-1.189809646515,
    5.509999999999));
#9648 = ORIENTED_EDGE('',*,*,#9649,.T.);
#9649 = EDGE_CURVE('',#9641,#9650,#9652,.T.);
#9650 = VERTEX_POINT('',#9651);
#9651 = CARTESIAN_POINT('',(-2.722485637306,-1.024967092521,
    5.509999999999));
#9652 = B_SPLINE_CURVE_WITH_KNOTS('',3,(#9653,#9654,#9655,#9656),
  .UNSPECIFIED.,.F.,.F.,(4,4),(9.,10.),.PIECEWISE_BEZIER_KNOTS.);
#9653 = CARTESIAN_POINT('',(-2.840478177187,-1.189809646515,
    5.509999999999));
#9654 = CARTESIAN_POINT('',(-2.771070792998,-1.167252243345,
    5.509999999999));
#9655 = CARTESIAN_POINT('',(-2.722485637306,-1.101315241605,
    5.509999999999));
#9656 = CARTESIAN_POINT('',(-2.722485637306,-1.024967092521,
    5.509999999999));
#9657 = ORIENTED_EDGE('',*,*,#9658,.T.);
#9658 = EDGE_CURVE('',#9650,#9659,#9661,.T.);
#9659 = VERTEX_POINT('',#9660);
#9660 = CARTESIAN_POINT('',(-2.896004097775,-0.851448632052,
    5.509999999999));
#9661 = B_SPLINE_CURVE_WITH_KNOTS('',3,(#9662,#9663,#9664,#9665),
  .UNSPECIFIED.,.F.,.F.,(4,4),(10.,11.),.PIECEWISE_BEZIER_KNOTS.);
#9662 = CARTESIAN_POINT('',(-2.722485637306,-1.024967092521,
    5.509999999999));
#9663 = CARTESIAN_POINT('',(-2.722485637306,-0.929531939264,
    5.509999999999));
#9664 = CARTESIAN_POINT('',(-2.800568944516,-0.851448632052,
    5.509999999999));
#9665 = CARTESIAN_POINT('',(-2.896004097775,-0.851448632052,
    5.509999999999));
#9666 = ORIENTED_EDGE('',*,*,#9667,.T.);
#9667 = EDGE_CURVE('',#9659,#9668,#9670,.T.);
#9668 = VERTEX_POINT('',#9669);
#9669 = CARTESIAN_POINT('',(-2.913355943823,-0.851448632052,
    5.509999999999));
#9670 = B_SPLINE_CURVE_WITH_KNOTS('',3,(#9671,#9672,#9673,#9674),
  .UNSPECIFIED.,.F.,.F.,(4,4),(11.,12.),.PIECEWISE_BEZIER_KNOTS.);
#9671 = CARTESIAN_POINT('',(-2.896004097775,-0.851448632052,
    5.509999999999));
#9672 = CARTESIAN_POINT('',(-2.901209638351,-0.851448632052,
    5.509999999999));
#9673 = CARTESIAN_POINT('',(-2.906415178927,-0.851448632052,
    5.509999999999));
#9674 = CARTESIAN_POINT('',(-2.913355943823,-0.851448632052,
    5.509999999999));
#9675 = ORIENTED_EDGE('',*,*,#9676,.T.);
#9676 = EDGE_CURVE('',#9668,#9677,#9679,.T.);
#9677 = VERTEX_POINT('',#9678);
#9678 = CARTESIAN_POINT('',(-3.04175959795,-0.608522787396,
    5.509999999999));
#9679 = LINE('',#9680,#9681);
#9680 = CARTESIAN_POINT('',(-2.913355943823,-0.851448632052,
    5.509999999999));
#9681 = VECTOR('',#9682,1.);
#9682 = DIRECTION('',(-0.467307306754,0.884094950248,0.));
#9683 = ORIENTED_EDGE('',*,*,#9684,.T.);
#9684 = EDGE_CURVE('',#9677,#9685,#9687,.T.);
#9685 = VERTEX_POINT('',#9686);
#9686 = CARTESIAN_POINT('',(-3.133724401855,-0.662313483665,
    5.509999999999));
#9687 = LINE('',#9688,#9689);
#9688 = CARTESIAN_POINT('',(-3.04175959795,-0.608522787396,
    5.509999999999));
#9689 = VECTOR('',#9690,1.);
#9690 = DIRECTION('',(-0.863187758942,-0.504883048649,0.));
#9691 = ORIENTED_EDGE('',*,*,#9692,.T.);
#9692 = EDGE_CURVE('',#9685,#9693,#9695,.T.);
#9693 = VERTEX_POINT('',#9694);
#9694 = CARTESIAN_POINT('',(-3.012261479528,-0.894828214074,
    5.509999999999));
#9695 = LINE('',#9696,#9697);
#9696 = CARTESIAN_POINT('',(-3.133724401855,-0.662313483665,
    5.509999999999));
#9697 = VECTOR('',#9698,1.);
#9698 = DIRECTION('',(0.463018065387,-0.886348842796,0.));
#9699 = ORIENTED_EDGE('',*,*,#9700,.T.);
#9700 = EDGE_CURVE('',#9693,#9701,#9703,.T.);
#9701 = VERTEX_POINT('',#9702);
#9702 = CARTESIAN_POINT('',(-3.071257749468,-1.024967059425,
    5.509999999999));
#9703 = B_SPLINE_CURVE_WITH_KNOTS('',3,(#9704,#9705,#9706,#9707),
  .UNSPECIFIED.,.F.,.F.,(4,4),(15.,16.),.PIECEWISE_BEZIER_KNOTS.);
#9704 = CARTESIAN_POINT('',(-3.012261479528,-0.894828214074,
    5.509999999999));
#9705 = CARTESIAN_POINT('',(-3.048700362846,-0.92606152372,
    5.509999999999));
#9706 = CARTESIAN_POINT('',(-3.071257749468,-0.972911521285,
    5.509999999999));
#9707 = CARTESIAN_POINT('',(-3.071257749468,-1.024967059425,
    5.509999999999));
#9708 = ORIENTED_EDGE('',*,*,#9709,.T.);
#9709 = EDGE_CURVE('',#9701,#9710,#9712,.T.);
#9710 = VERTEX_POINT('',#9711);
#9711 = CARTESIAN_POINT('',(-2.95673555894,-1.188074405647,
    5.509999999999));
#9712 = B_SPLINE_CURVE_WITH_KNOTS('',3,(#9713,#9714,#9715,#9716),
  .UNSPECIFIED.,.F.,.F.,(4,4),(16.,17.),.PIECEWISE_BEZIER_KNOTS.);
#9713 = CARTESIAN_POINT('',(-3.071257749468,-1.024967059425,
    5.509999999999));
#9714 = CARTESIAN_POINT('',(-3.071257749468,-1.099580017285,
    5.509999999999));
#9715 = CARTESIAN_POINT('',(-3.022672593776,-1.1637818278,5.509999999999
    ));
#9716 = CARTESIAN_POINT('',(-2.95673555894,-1.188074405647,
    5.509999999999));
#9717 = ORIENTED_EDGE('',*,*,#9718,.T.);
#9718 = EDGE_CURVE('',#9710,#9719,#9721,.T.);
#9719 = VERTEX_POINT('',#9720);
#9720 = CARTESIAN_POINT('',(-3.116372555809,-1.292185481928,
    5.509999999999));
#9721 = B_SPLINE_CURVE_WITH_KNOTS('',3,(#9722,#9723,#9724,#9725),
  .UNSPECIFIED.,.F.,.F.,(4,4),(17.,18.),.PIECEWISE_BEZIER_KNOTS.);
#9722 = CARTESIAN_POINT('',(-2.95673555894,-1.188074405647,
    5.509999999999));
#9723 = CARTESIAN_POINT('',(-2.984498519233,-1.248805866811,
    5.509999999999));
#9724 = CARTESIAN_POINT('',(-3.045229980397,-1.292185481928,
    5.509999999999));
#9725 = CARTESIAN_POINT('',(-3.116372555809,-1.292185481928,
    5.509999999999));
#9726 = ORIENTED_EDGE('',*,*,#9727,.T.);
#9727 = EDGE_CURVE('',#9719,#9728,#9730,.T.);
#9728 = VERTEX_POINT('',#9729);
#9729 = CARTESIAN_POINT('',(-3.289891016277,-1.11866702146,
    5.509999999999));
#9730 = B_SPLINE_CURVE_WITH_KNOTS('',3,(#9731,#9732,#9733,#9734),
  .UNSPECIFIED.,.F.,.F.,(4,4),(18.,19.),.PIECEWISE_BEZIER_KNOTS.);
#9731 = CARTESIAN_POINT('',(-3.116372555809,-1.292185481928,
    5.509999999999));
#9732 = CARTESIAN_POINT('',(-3.211807709067,-1.292185481928,
    5.509999999999));
#9733 = CARTESIAN_POINT('',(-3.289891016277,-1.214102174717,
    5.509999999999));
#9734 = CARTESIAN_POINT('',(-3.289891016277,-1.11866702146,
    5.509999999999));
#9735 = ORIENTED_EDGE('',*,*,#9736,.T.);
#9736 = EDGE_CURVE('',#9728,#9737,#9739,.T.);
#9737 = VERTEX_POINT('',#9738);
#9738 = CARTESIAN_POINT('',(-3.263863247206,-1.02670225065,
    5.509999999999));
#9739 = B_SPLINE_CURVE_WITH_KNOTS('',3,(#9740,#9741,#9742,#9743),
  .UNSPECIFIED.,.F.,.F.,(4,4),(19.,20.),.PIECEWISE_BEZIER_KNOTS.);
#9740 = CARTESIAN_POINT('',(-3.289891016277,-1.11866702146,
    5.509999999999));
#9741 = CARTESIAN_POINT('',(-3.289891016277,-1.085698520589,
    5.509999999999));
#9742 = CARTESIAN_POINT('',(-3.279479902031,-1.052730019719,
    5.509999999999));
#9743 = CARTESIAN_POINT('',(-3.263863247206,-1.02670225065,
    5.509999999999));
#9744 = ORIENTED_EDGE('',*,*,#9745,.T.);
#9745 = EDGE_CURVE('',#9737,#9746,#9748,.T.);
#9746 = VERTEX_POINT('',#9747);
#9747 = CARTESIAN_POINT('',(-3.430440876589,-0.794187553336,
    5.509999999999));
#9748 = B_SPLINE_CURVE_WITH_KNOTS('',3,(#9749,#9750,#9751,#9752),
  .UNSPECIFIED.,.F.,.F.,(4,4),(20.,21.),.PIECEWISE_BEZIER_KNOTS.);
#9749 = CARTESIAN_POINT('',(-3.263863247206,-1.02670225065,
    5.509999999999));
#9750 = CARTESIAN_POINT('',(-3.361033492402,-0.993733782876,
    5.509999999999));
#9751 = CARTESIAN_POINT('',(-3.430440876589,-0.903504170194,
    5.509999999999));
#9752 = CARTESIAN_POINT('',(-3.430440876589,-0.794187553336,
    5.509999999999));
#9753 = ORIENTED_EDGE('',*,*,#9754,.T.);
#9754 = EDGE_CURVE('',#9746,#9755,#9757,.T.);
#9755 = VERTEX_POINT('',#9756);
#9756 = CARTESIAN_POINT('',(-3.213542801003,-0.55126170868,
    5.509999999999));
#9757 = B_SPLINE_CURVE_WITH_KNOTS('',3,(#9758,#9759,#9760,#9761),
  .UNSPECIFIED.,.F.,.F.,(4,4),(21.,22.),.PIECEWISE_BEZIER_KNOTS.);
#9758 = CARTESIAN_POINT('',(-3.430440876589,-0.794187553336,
    5.509999999999));
#9759 = CARTESIAN_POINT('',(-3.430440876589,-0.66925424856,
    5.509999999999));
#9760 = CARTESIAN_POINT('',(-3.33500572333,-0.565143172279,
    5.509999999999));
#9761 = CARTESIAN_POINT('',(-3.213542801003,-0.55126170868,
    5.509999999999));
#9762 = ORIENTED_EDGE('',*,*,#9763,.T.);
#9763 = EDGE_CURVE('',#9755,#9764,#9766,.T.);
#9764 = VERTEX_POINT('',#9765);
#9765 = CARTESIAN_POINT('',(-3.213542801003,-0.537380245081,
    5.509999999999));
#9766 = B_SPLINE_CURVE_WITH_KNOTS('',3,(#9767,#9768,#9769,#9770),
  .UNSPECIFIED.,.F.,.F.,(4,4),(22.,23.),.PIECEWISE_BEZIER_KNOTS.);
#9767 = CARTESIAN_POINT('',(-3.213542801003,-0.55126170868,
    5.509999999999));
#9768 = CARTESIAN_POINT('',(-3.213542801003,-0.546056168105,
    5.509999999999));
#9769 = CARTESIAN_POINT('',(-3.213542801003,-0.542585785657,
    5.509999999999));
#9770 = CARTESIAN_POINT('',(-3.213542801003,-0.537380245081,
    5.509999999999));
#9771 = ORIENTED_EDGE('',*,*,#9772,.T.);
#9772 = EDGE_CURVE('',#9764,#9773,#9775,.T.);
#9773 = VERTEX_POINT('',#9774);
#9774 = CARTESIAN_POINT('',(-3.078198415076,-0.402035859154,
    5.509999999999));
#9775 = B_SPLINE_CURVE_WITH_KNOTS('',3,(#9776,#9777,#9778,#9779),
  .UNSPECIFIED.,.F.,.F.,(4,4),(23.,24.),.PIECEWISE_BEZIER_KNOTS.);
#9776 = CARTESIAN_POINT('',(-3.213542801003,-0.537380245081,
    5.509999999999));
#9777 = CARTESIAN_POINT('',(-3.213542801003,-0.462767320318,
    5.509999999999));
#9778 = CARTESIAN_POINT('',(-3.152811339839,-0.402035859154,
    5.509999999999));
#9779 = CARTESIAN_POINT('',(-3.078198415076,-0.402035859154,
    5.509999999999));
#9780 = ORIENTED_EDGE('',*,*,#9781,.T.);
#9781 = EDGE_CURVE('',#9773,#9782,#9784,.T.);
#9782 = VERTEX_POINT('',#9783);
#9783 = CARTESIAN_POINT('',(-2.942854029149,-0.526969163929,
    5.509999999999));
#9784 = B_SPLINE_CURVE_WITH_KNOTS('',3,(#9785,#9786,#9787,#9788),
  .UNSPECIFIED.,.F.,.F.,(4,4),(24.,25.),.PIECEWISE_BEZIER_KNOTS.);
#9785 = CARTESIAN_POINT('',(-3.078198415076,-0.402035859154,
    5.509999999999));
#9786 = CARTESIAN_POINT('',(-3.007055839664,-0.402035859154,
    5.509999999999));
#9787 = CARTESIAN_POINT('',(-2.948059569725,-0.455826555423,
    5.509999999999));
#9788 = CARTESIAN_POINT('',(-2.942854029149,-0.526969163929,
    5.509999999999));
#9789 = ORIENTED_EDGE('',*,*,#9790,.T.);
#9790 = EDGE_CURVE('',#9782,#9791,#9793,.T.);
#9791 = VERTEX_POINT('',#9792);
#9792 = CARTESIAN_POINT('',(-2.942854029149,-0.60505247114,
    5.509999999999));
#9793 = LINE('',#9794,#9795);
#9794 = CARTESIAN_POINT('',(-2.942854029149,-0.526969163929,
    5.509999999999));
#9795 = VECTOR('',#9796,1.);
#9796 = DIRECTION('',(0.,-1.,0.));
#9797 = ORIENTED_EDGE('',*,*,#9798,.T.);
#9798 = EDGE_CURVE('',#9791,#9799,#9801,.T.);
#9799 = VERTEX_POINT('',#9800);
#9800 = CARTESIAN_POINT('',(-2.944589187276,-0.615463552292,
    5.509999999999));
#9801 = B_SPLINE_CURVE_WITH_KNOTS('',3,(#9802,#9803,#9804,#9805),
  .UNSPECIFIED.,.F.,.F.,(4,4),(26.,27.),.PIECEWISE_BEZIER_KNOTS.);
#9802 = CARTESIAN_POINT('',(-2.942854029149,-0.60505247114,
    5.509999999999));
#9803 = CARTESIAN_POINT('',(-2.942854029149,-0.608522853588,
    5.509999999999));
#9804 = CARTESIAN_POINT('',(-2.944589187276,-0.611993236036,
    5.509999999999));
#9805 = CARTESIAN_POINT('',(-2.944589187276,-0.615463552292,
    5.509999999999));
#9806 = ORIENTED_EDGE('',*,*,#9807,.T.);
#9807 = EDGE_CURVE('',#9799,#9808,#9810,.T.);
#9808 = VERTEX_POINT('',#9809);
#9809 = CARTESIAN_POINT('',(-2.890798491008,-0.66925424856,
    5.509999999999));
#9810 = B_SPLINE_CURVE_WITH_KNOTS('',3,(#9811,#9812,#9813,#9814),
  .UNSPECIFIED.,.F.,.F.,(4,4),(27.,28.),.PIECEWISE_BEZIER_KNOTS.);
#9811 = CARTESIAN_POINT('',(-2.944589187276,-0.615463552292,
    5.509999999999));
#9812 = CARTESIAN_POINT('',(-2.944589187276,-0.64496170381,
    5.509999999999));
#9813 = CARTESIAN_POINT('',(-2.920296576334,-0.66925424856,
    5.509999999999));
#9814 = CARTESIAN_POINT('',(-2.890798491008,-0.66925424856,
    5.509999999999));
#9815 = ORIENTED_EDGE('',*,*,#9816,.T.);
#9816 = EDGE_CURVE('',#9808,#9817,#9819,.T.);
#9817 = VERTEX_POINT('',#9818);
#9818 = CARTESIAN_POINT('',(-2.837007794738,-0.618933868548,
    5.509999999999));
#9819 = B_SPLINE_CURVE_WITH_KNOTS('',3,(#9820,#9821,#9822,#9823),
  .UNSPECIFIED.,.F.,.F.,(4,4),(28.,29.),.PIECEWISE_BEZIER_KNOTS.);
#9820 = CARTESIAN_POINT('',(-2.890798491008,-0.66925424856,
    5.509999999999));
#9821 = CARTESIAN_POINT('',(-2.863035563809,-0.66925424856,
    5.509999999999));
#9822 = CARTESIAN_POINT('',(-2.838742952866,-0.646696861938,
    5.509999999999));
#9823 = CARTESIAN_POINT('',(-2.837007794738,-0.618933868548,
    5.509999999999));
#9824 = ORIENTED_EDGE('',*,*,#9825,.T.);
#9825 = EDGE_CURVE('',#9817,#9826,#9828,.T.);
#9826 = VERTEX_POINT('',#9827);
#9827 = CARTESIAN_POINT('',(-2.837007794738,-0.516558016586,
    5.509999999999));
#9828 = LINE('',#9829,#9830);
#9829 = CARTESIAN_POINT('',(-2.837007794738,-0.618933868548,
    5.509999999999));
#9830 = VECTOR('',#9831,1.);
#9831 = DIRECTION('',(-4.715728263951E-15,1.,0.));
#9832 = ORIENTED_EDGE('',*,*,#9833,.T.);
#9833 = EDGE_CURVE('',#9826,#9834,#9836,.T.);
#9834 = VERTEX_POINT('',#9835);
#9835 = CARTESIAN_POINT('',(-2.91509110195,-0.358656244037,
    5.509999999999));
#9836 = B_SPLINE_CURVE_WITH_KNOTS('',3,(#9837,#9838,#9839,#9840),
  .UNSPECIFIED.,.F.,.F.,(4,4),(33.,34.),.PIECEWISE_BEZIER_KNOTS.);
#9837 = CARTESIAN_POINT('',(-2.837007794738,-0.516558016586,
    5.509999999999));
#9838 = CARTESIAN_POINT('',(-2.842213335314,-0.455826555423,
    5.509999999999));
#9839 = CARTESIAN_POINT('',(-2.869976328705,-0.400300634833,
    5.509999999999));
#9840 = CARTESIAN_POINT('',(-2.91509110195,-0.358656244037,
    5.509999999999));
#9841 = ORIENTED_EDGE('',*,*,#9842,.T.);
#9842 = EDGE_CURVE('',#9834,#9558,#9843,.T.);
#9843 = B_SPLINE_CURVE_WITH_KNOTS('',3,(#9844,#9845,#9846,#9847),
  .UNSPECIFIED.,.F.,.F.,(4,4),(34.,35.),.PIECEWISE_BEZIER_KNOTS.);
#9844 = CARTESIAN_POINT('',(-2.91509110195,-0.358656244037,
    5.509999999999));
#9845 = CARTESIAN_POINT('',(-2.960205875195,-0.317011787047,
    5.509999999999));
#9846 = CARTESIAN_POINT('',(-3.019202178231,-0.294454400425,
    5.509999999999));
#9847 = CARTESIAN_POINT('',(-3.079933639395,-0.294454400425,
    5.509999999999));
#9848 = FACE_BOUND('',#9849,.T.);
#9849 = EDGE_LOOP('',(#9850,#9864));
#9850 = ORIENTED_EDGE('',*,*,#9851,.F.);
#9851 = EDGE_CURVE('',#9852,#9854,#9856,.T.);
#9852 = VERTEX_POINT('',#9853);
#9853 = CARTESIAN_POINT('',(-2.826596581203,-1.026702283746,
    5.509999999999));
#9854 = VERTEX_POINT('',#9855);
#9855 = CARTESIAN_POINT('',(-2.961941033322,-1.026702283746,
    5.509999999999));
#9856 = B_SPLINE_CURVE_WITH_KNOTS('',3,(#9857,#9858,#9859,#9860,#9861,
    #9862,#9863),.UNSPECIFIED.,.F.,.F.,(4,3,4),(0.,1.,2.),
  .PIECEWISE_BEZIER_KNOTS.);
#9857 = CARTESIAN_POINT('',(-2.826596581203,-1.026702283746,
    5.509999999999));
#9858 = CARTESIAN_POINT('',(-2.826596581203,-0.9885282423,5.509999999999
    ));
#9859 = CARTESIAN_POINT('',(-2.857829957041,-0.959030090782,
    5.509999999999));
#9860 = CARTESIAN_POINT('',(-2.894268807263,-0.959030090782,
    5.509999999999));
#9861 = CARTESIAN_POINT('',(-2.932442881804,-0.959030090782,
    5.509999999999));
#9862 = CARTESIAN_POINT('',(-2.961941033322,-0.990263400428,
    5.509999999999));
#9863 = CARTESIAN_POINT('',(-2.961941033322,-1.026702283746,
    5.509999999999));
#9864 = ORIENTED_EDGE('',*,*,#9865,.F.);
#9865 = EDGE_CURVE('',#9854,#9852,#9866,.T.);
#9866 = B_SPLINE_CURVE_WITH_KNOTS('',3,(#9867,#9868,#9869,#9870,#9871,
    #9872),.UNSPECIFIED.,.F.,.F.,(4,2,4),(2.,3.,4.),.UNSPECIFIED.);
#9867 = CARTESIAN_POINT('',(-2.961941033322,-1.026702283746,
    5.509999999999));
#9868 = CARTESIAN_POINT('',(-2.961941033322,-1.063141167063,
    5.509999999999));
#9869 = CARTESIAN_POINT('',(-2.932442881804,-1.094374476709,
    5.509999999999));
#9870 = CARTESIAN_POINT('',(-2.856094732722,-1.094374476709,
    5.509999999999));
#9871 = CARTESIAN_POINT('',(-2.826596581203,-1.063141167063,
    5.509999999999));
#9872 = CARTESIAN_POINT('',(-2.826596581203,-1.026702283746,
    5.509999999999));
#9873 = PLANE('',#9874);
#9874 = AXIS2_PLACEMENT_3D('',#9875,#9876,#9877);
#9875 = CARTESIAN_POINT('',(-3.220917338882,-0.34390715173,
    5.509999999999));
#9876 = DIRECTION('',(0.,0.,-1.));
#9877 = DIRECTION('',(-1.,0.,0.));
#9878 = ADVANCED_FACE('',(#9879),#9895,.F.);
#9879 = FACE_BOUND('',#9880,.F.);
#9880 = EDGE_LOOP('',(#9881,#9887,#9888,#9894));
#9881 = ORIENTED_EDGE('',*,*,#9882,.F.);
#9882 = EDGE_CURVE('',#9558,#1531,#9883,.T.);
#9883 = LINE('',#9884,#9885);
#9884 = CARTESIAN_POINT('',(-3.079933639395,-0.294454400425,
    5.509999999999));
#9885 = VECTOR('',#9886,1.);
#9886 = DIRECTION('',(0.,0.,-1.));
#9887 = ORIENTED_EDGE('',*,*,#9557,.T.);
#9888 = ORIENTED_EDGE('',*,*,#9889,.T.);
#9889 = EDGE_CURVE('',#9560,#1520,#9890,.T.);
#9890 = LINE('',#9891,#9892);
#9891 = CARTESIAN_POINT('',(-3.307242763037,-0.466237636573,
    5.509999999999));
#9892 = VECTOR('',#9893,1.);
#9893 = DIRECTION('',(0.,0.,-1.));
#9894 = ORIENTED_EDGE('',*,*,#1530,.F.);
#9895 = B_SPLINE_SURFACE_WITH_KNOTS('',3,1,(
    (#9896,#9897)
    ,(#9898,#9899)
    ,(#9900,#9901)
    ,(#9902,#9903
    )),.UNSPECIFIED.,.F.,.F.,.F.,(4,4),(2,2),(35.,36.),(0.,1.),
  .PIECEWISE_BEZIER_KNOTS.);
#9896 = CARTESIAN_POINT('',(-3.079933639395,-0.294454400425,
    5.509999999999));
#9897 = CARTESIAN_POINT('',(-3.079933639395,-0.294454400425,
    5.499999999999));
#9898 = CARTESIAN_POINT('',(-3.184044649484,-0.296189558553,
    5.509999999999));
#9899 = CARTESIAN_POINT('',(-3.184044649484,-0.296189558553,
    5.499999999999));
#9900 = CARTESIAN_POINT('',(-3.27600945339,-0.36733216706,5.509999999999
    ));
#9901 = CARTESIAN_POINT('',(-3.27600945339,-0.36733216706,5.499999999999
    ));
#9902 = CARTESIAN_POINT('',(-3.307242763037,-0.466237636573,
    5.509999999999));
#9903 = CARTESIAN_POINT('',(-3.307242763037,-0.466237636573,
    5.499999999999));
#9904 = ADVANCED_FACE('',(#9905),#9916,.F.);
#9905 = FACE_BOUND('',#9906,.F.);
#9906 = EDGE_LOOP('',(#9907,#9908,#9909,#9915));
#9907 = ORIENTED_EDGE('',*,*,#9889,.F.);
#9908 = ORIENTED_EDGE('',*,*,#9568,.T.);
#9909 = ORIENTED_EDGE('',*,*,#9910,.T.);
#9910 = EDGE_CURVE('',#9569,#1522,#9911,.T.);
#9911 = LINE('',#9912,#9913);
#9912 = CARTESIAN_POINT('',(-3.444322348461,-0.559937631703,
    5.509999999999));
#9913 = VECTOR('',#9914,1.);
#9914 = DIRECTION('',(0.,0.,-1.));
#9915 = ORIENTED_EDGE('',*,*,#1519,.F.);
#9916 = B_SPLINE_SURFACE_WITH_KNOTS('',3,1,(
    (#9917,#9918)
    ,(#9919,#9920)
    ,(#9921,#9922)
    ,(#9923,#9924
    )),.UNSPECIFIED.,.F.,.F.,.F.,(4,4),(2,2),(0.,1.),(0.,1.),
  .PIECEWISE_BEZIER_KNOTS.);
#9917 = CARTESIAN_POINT('',(-3.307242763037,-0.466237636573,
    5.509999999999));
#9918 = CARTESIAN_POINT('',(-3.307242763037,-0.466237636573,
    5.499999999999));
#9919 = CARTESIAN_POINT('',(-3.359298301176,-0.485324640748,
    5.509999999999));
#9920 = CARTESIAN_POINT('',(-3.359298301176,-0.485324640748,
    5.499999999999));
#9921 = CARTESIAN_POINT('',(-3.406148282195,-0.518293174714,
    5.509999999999));
#9922 = CARTESIAN_POINT('',(-3.406148282195,-0.518293174714,
    5.499999999999));
#9923 = CARTESIAN_POINT('',(-3.444322348461,-0.559937631703,
    5.509999999999));
#9924 = CARTESIAN_POINT('',(-3.444322348461,-0.559937631703,
    5.499999999999));
#9925 = ADVANCED_FACE('',(#9926),#9937,.F.);
#9926 = FACE_BOUND('',#9927,.F.);
#9927 = EDGE_LOOP('',(#9928,#9929,#9930,#9936));
#9928 = ORIENTED_EDGE('',*,*,#9910,.F.);
#9929 = ORIENTED_EDGE('',*,*,#9577,.T.);
#9930 = ORIENTED_EDGE('',*,*,#9931,.T.);
#9931 = EDGE_CURVE('',#9578,#1796,#9932,.T.);
#9932 = LINE('',#9933,#9934);
#9933 = CARTESIAN_POINT('',(-3.53455195287,-0.795922711465,
    5.509999999999));
#9934 = VECTOR('',#9935,1.);
#9935 = DIRECTION('',(0.,0.,-1.));
#9936 = ORIENTED_EDGE('',*,*,#1804,.F.);
#9937 = B_SPLINE_SURFACE_WITH_KNOTS('',3,1,(
    (#9938,#9939)
    ,(#9940,#9941)
    ,(#9942,#9943)
    ,(#9944,#9945
    )),.UNSPECIFIED.,.F.,.F.,.F.,(4,4),(2,2),(1.,2.),(0.,1.),
  .PIECEWISE_BEZIER_KNOTS.);
#9938 = CARTESIAN_POINT('',(-3.444322348461,-0.559937631703,
    5.509999999999));
#9939 = CARTESIAN_POINT('',(-3.444322348461,-0.559937631703,
    5.499999999999));
#9940 = CARTESIAN_POINT('',(-3.501583445795,-0.625874633443,
    5.509999999999));
#9941 = CARTESIAN_POINT('',(-3.501583445795,-0.625874633443,
    5.499999999999));
#9942 = CARTESIAN_POINT('',(-3.53455195287,-0.70916348123,5.509999999999
    ));
#9943 = CARTESIAN_POINT('',(-3.53455195287,-0.70916348123,5.499999999999
    ));
#9944 = CARTESIAN_POINT('',(-3.53455195287,-0.795922711465,
    5.509999999999));
#9945 = CARTESIAN_POINT('',(-3.53455195287,-0.795922711465,
    5.499999999999));
#9946 = ADVANCED_FACE('',(#9947),#9958,.F.);
#9947 = FACE_BOUND('',#9948,.F.);
#9948 = EDGE_LOOP('',(#9949,#9950,#9951,#9957));
#9949 = ORIENTED_EDGE('',*,*,#9931,.F.);
#9950 = ORIENTED_EDGE('',*,*,#9586,.T.);
#9951 = ORIENTED_EDGE('',*,*,#9952,.T.);
#9952 = EDGE_CURVE('',#9587,#1787,#9953,.T.);
#9953 = LINE('',#9954,#9955);
#9954 = CARTESIAN_POINT('',(-3.466879751632,-1.004144864027,
    5.509999999999));
#9955 = VECTOR('',#9956,1.);
#9956 = DIRECTION('',(0.,0.,-1.));
#9957 = ORIENTED_EDGE('',*,*,#1795,.F.);
#9958 = B_SPLINE_SURFACE_WITH_KNOTS('',3,1,(
    (#9959,#9960)
    ,(#9961,#9962)
    ,(#9963,#9964)
    ,(#9965,#9966
    )),.UNSPECIFIED.,.F.,.F.,.F.,(4,4),(2,2),(2.,3.),(0.,1.),
  .PIECEWISE_BEZIER_KNOTS.);
#9959 = CARTESIAN_POINT('',(-3.53455195287,-0.795922711465,
    5.509999999999));
#9960 = CARTESIAN_POINT('',(-3.53455195287,-0.795922711465,
    5.499999999999));
#9961 = CARTESIAN_POINT('',(-3.53455195287,-0.872270827451,
    5.509999999999));
#9962 = CARTESIAN_POINT('',(-3.53455195287,-0.872270827451,
    5.499999999999));
#9963 = CARTESIAN_POINT('',(-3.510259368818,-0.943413402863,
    5.509999999999));
#9964 = CARTESIAN_POINT('',(-3.510259368818,-0.943413402863,
    5.499999999999));
#9965 = CARTESIAN_POINT('',(-3.466879751632,-1.004144864027,
    5.509999999999));
#9966 = CARTESIAN_POINT('',(-3.466879751632,-1.004144864027,
    5.499999999999));
#9967 = ADVANCED_FACE('',(#9968),#9979,.F.);
#9968 = FACE_BOUND('',#9969,.F.);
#9969 = EDGE_LOOP('',(#9970,#9971,#9972,#9978));
#9970 = ORIENTED_EDGE('',*,*,#9952,.F.);
#9971 = ORIENTED_EDGE('',*,*,#9595,.T.);
#9972 = ORIENTED_EDGE('',*,*,#9973,.T.);
#9973 = EDGE_CURVE('',#9596,#1778,#9974,.T.);
#9974 = LINE('',#9975,#9976);
#9975 = CARTESIAN_POINT('',(-3.390531627372,-1.080492980014,
    5.509999999999));
#9976 = VECTOR('',#9977,1.);
#9977 = DIRECTION('',(0.,0.,-1.));
#9978 = ORIENTED_EDGE('',*,*,#1786,.F.);
#9979 = B_SPLINE_SURFACE_WITH_KNOTS('',3,1,(
    (#9980,#9981)
    ,(#9982,#9983)
    ,(#9984,#9985)
    ,(#9986,#9987
    )),.UNSPECIFIED.,.F.,.F.,.F.,(4,4),(2,2),(3.,4.),(0.,1.),
  .PIECEWISE_BEZIER_KNOTS.);
#9980 = CARTESIAN_POINT('',(-3.466879751632,-1.004144864027,
    5.509999999999));
#9981 = CARTESIAN_POINT('',(-3.466879751632,-1.004144864027,
    5.499999999999));
#9982 = CARTESIAN_POINT('',(-3.446057531411,-1.033643015545,
    5.509999999999));
#9983 = CARTESIAN_POINT('',(-3.446057531411,-1.033643015545,
    5.499999999999));
#9984 = CARTESIAN_POINT('',(-3.420029762342,-1.057935593391,
    5.509999999999));
#9985 = CARTESIAN_POINT('',(-3.420029762342,-1.057935593391,
    5.499999999999));
#9986 = CARTESIAN_POINT('',(-3.390531627372,-1.080492980014,
    5.509999999999));
#9987 = CARTESIAN_POINT('',(-3.390531627372,-1.080492980014,
    5.499999999999));
#9988 = ADVANCED_FACE('',(#9989),#10000,.F.);
#9989 = FACE_BOUND('',#9990,.F.);
#9990 = EDGE_LOOP('',(#9991,#9992,#9993,#9999));
#9991 = ORIENTED_EDGE('',*,*,#9973,.F.);
#9992 = ORIENTED_EDGE('',*,*,#9604,.T.);
#9993 = ORIENTED_EDGE('',*,*,#9994,.T.);
#9994 = EDGE_CURVE('',#9605,#1769,#9995,.T.);
#9995 = LINE('',#9996,#9997);
#9996 = CARTESIAN_POINT('',(-3.394001993271,-1.120402212684,
    5.509999999999));
#9997 = VECTOR('',#9998,1.);
#9998 = DIRECTION('',(0.,0.,-1.));
#9999 = ORIENTED_EDGE('',*,*,#1777,.F.);
#10000 = B_SPLINE_SURFACE_WITH_KNOTS('',3,1,(
    (#10001,#10002)
    ,(#10003,#10004)
    ,(#10005,#10006)
    ,(#10007,#10008
    )),.UNSPECIFIED.,.F.,.F.,.F.,(4,4),(2,2),(4.,5.),(0.,1.),
  .PIECEWISE_BEZIER_KNOTS.);
#10001 = CARTESIAN_POINT('',(-3.390531627372,-1.080492980014,
    5.509999999999));
#10002 = CARTESIAN_POINT('',(-3.390531627372,-1.080492980014,
    5.499999999999));
#10003 = CARTESIAN_POINT('',(-3.392266818595,-1.094374443613,
    5.509999999999));
#10004 = CARTESIAN_POINT('',(-3.392266818595,-1.094374443613,
    5.499999999999));
#10005 = CARTESIAN_POINT('',(-3.394001993271,-1.106520749084,
    5.509999999999));
#10006 = CARTESIAN_POINT('',(-3.394001993271,-1.106520749084,
    5.499999999999));
#10007 = CARTESIAN_POINT('',(-3.394001993271,-1.120402212684,
    5.509999999999));
#10008 = CARTESIAN_POINT('',(-3.394001993271,-1.120402212684,
    5.499999999999));
#10009 = ADVANCED_FACE('',(#10010),#10021,.F.);
#10010 = FACE_BOUND('',#10011,.F.);
#10011 = EDGE_LOOP('',(#10012,#10013,#10014,#10020));
#10012 = ORIENTED_EDGE('',*,*,#9994,.F.);
#10013 = ORIENTED_EDGE('',*,*,#9613,.T.);
#10014 = ORIENTED_EDGE('',*,*,#10015,.T.);
#10015 = EDGE_CURVE('',#9614,#1760,#10016,.T.);
#10016 = LINE('',#10017,#10018);
#10017 = CARTESIAN_POINT('',(-3.310713128936,-1.319948442222,
    5.509999999999));
#10018 = VECTOR('',#10019,1.);
#10019 = DIRECTION('',(0.,0.,-1.));
#10020 = ORIENTED_EDGE('',*,*,#1768,.F.);
#10021 = B_SPLINE_SURFACE_WITH_KNOTS('',3,1,(
    (#10022,#10023)
    ,(#10024,#10025)
    ,(#10026,#10027)
    ,(#10028,#10029
    )),.UNSPECIFIED.,.F.,.F.,.F.,(4,4),(2,2),(5.,6.),(0.,1.),
  .PIECEWISE_BEZIER_KNOTS.);
#10022 = CARTESIAN_POINT('',(-3.394001993271,-1.120402212684,
    5.509999999999));
#10023 = CARTESIAN_POINT('',(-3.394001993271,-1.120402212684,
    5.499999999999));
#10024 = CARTESIAN_POINT('',(-3.394001993271,-1.195015153995,
    5.509999999999));
#10025 = CARTESIAN_POINT('',(-3.394001993271,-1.195015153995,
    5.499999999999));
#10026 = CARTESIAN_POINT('',(-3.364503858302,-1.266157712858,
    5.509999999999));
#10027 = CARTESIAN_POINT('',(-3.364503858302,-1.266157712858,
    5.499999999999));
#10028 = CARTESIAN_POINT('',(-3.310713128936,-1.319948442222,
    5.509999999999));
#10029 = CARTESIAN_POINT('',(-3.310713128936,-1.319948442222,
    5.499999999999));
#10030 = ADVANCED_FACE('',(#10031),#10042,.F.);
#10031 = FACE_BOUND('',#10032,.F.);
#10032 = EDGE_LOOP('',(#10033,#10034,#10035,#10041));
#10033 = ORIENTED_EDGE('',*,*,#10015,.F.);
#10034 = ORIENTED_EDGE('',*,*,#9622,.T.);
#10035 = ORIENTED_EDGE('',*,*,#10036,.T.);
#10036 = EDGE_CURVE('',#9623,#1751,#10037,.T.);
#10037 = LINE('',#10038,#10039);
#10038 = CARTESIAN_POINT('',(-3.11290210717,-1.401502164977,
    5.509999999999));
#10039 = VECTOR('',#10040,1.);
#10040 = DIRECTION('',(0.,0.,-1.));
#10041 = ORIENTED_EDGE('',*,*,#1759,.F.);
#10042 = B_SPLINE_SURFACE_WITH_KNOTS('',3,1,(
    (#10043,#10044)
    ,(#10045,#10046)
    ,(#10047,#10048)
    ,(#10049,#10050
    )),.UNSPECIFIED.,.F.,.F.,.F.,(4,4),(2,2),(6.,7.),(0.,1.),
  .PIECEWISE_BEZIER_KNOTS.);
#10043 = CARTESIAN_POINT('',(-3.310713128936,-1.319948442222,
    5.509999999999));
#10044 = CARTESIAN_POINT('',(-3.310713128936,-1.319948442222,
    5.499999999999));
#10045 = CARTESIAN_POINT('',(-3.258657607344,-1.37200402587,
    5.509999999999));
#10046 = CARTESIAN_POINT('',(-3.258657607344,-1.37200402587,
    5.499999999999));
#10047 = CARTESIAN_POINT('',(-3.187515031932,-1.401502164977,
    5.509999999999));
#10048 = CARTESIAN_POINT('',(-3.187515031932,-1.401502164977,
    5.499999999999));
#10049 = CARTESIAN_POINT('',(-3.11290210717,-1.401502164977,
    5.509999999999));
#10050 = CARTESIAN_POINT('',(-3.11290210717,-1.401502164977,
    5.499999999999));
#10051 = ADVANCED_FACE('',(#10052),#10063,.F.);
#10052 = FACE_BOUND('',#10053,.F.);
#10053 = EDGE_LOOP('',(#10054,#10055,#10056,#10062));
#10054 = ORIENTED_EDGE('',*,*,#10036,.F.);
#10055 = ORIENTED_EDGE('',*,*,#9631,.T.);
#10056 = ORIENTED_EDGE('',*,*,#10057,.T.);
#10057 = EDGE_CURVE('',#9632,#1742,#10058,.T.);
#10058 = LINE('',#10059,#10060);
#10059 = CARTESIAN_POINT('',(-2.923767024973,-1.328624414889,
    5.509999999999));
#10060 = VECTOR('',#10061,1.);
#10061 = DIRECTION('',(0.,0.,-1.));
#10062 = ORIENTED_EDGE('',*,*,#1750,.F.);
#10063 = B_SPLINE_SURFACE_WITH_KNOTS('',3,1,(
    (#10064,#10065)
    ,(#10066,#10067)
    ,(#10068,#10069)
    ,(#10070,#10071
    )),.UNSPECIFIED.,.F.,.F.,.F.,(4,4),(2,2),(7.,8.),(0.,1.),
  .PIECEWISE_BEZIER_KNOTS.);
#10064 = CARTESIAN_POINT('',(-3.11290210717,-1.401502164977,
    5.509999999999));
#10065 = CARTESIAN_POINT('',(-3.11290210717,-1.401502164977,
    5.499999999999));
#10066 = CARTESIAN_POINT('',(-3.043494722981,-1.401502164977,
    5.509999999999));
#10067 = CARTESIAN_POINT('',(-3.043494722981,-1.401502164977,
    5.499999999999));
#10068 = CARTESIAN_POINT('',(-2.975822496922,-1.375474395908,
    5.509999999999));
#10069 = CARTESIAN_POINT('',(-2.975822496922,-1.375474395908,
    5.499999999999));
#10070 = CARTESIAN_POINT('',(-2.923767024973,-1.328624414889,
    5.509999999999));
#10071 = CARTESIAN_POINT('',(-2.923767024973,-1.328624414889,
    5.499999999999));
#10072 = ADVANCED_FACE('',(#10073),#10084,.F.);
#10073 = FACE_BOUND('',#10074,.F.);
#10074 = EDGE_LOOP('',(#10075,#10076,#10077,#10083));
#10075 = ORIENTED_EDGE('',*,*,#10057,.F.);
#10076 = ORIENTED_EDGE('',*,*,#9640,.T.);
#10077 = ORIENTED_EDGE('',*,*,#10078,.T.);
#10078 = EDGE_CURVE('',#9641,#1733,#10079,.T.);
#10079 = LINE('',#10080,#10081);
#10080 = CARTESIAN_POINT('',(-2.840478177187,-1.189809646515,
    5.509999999999));
#10081 = VECTOR('',#10082,1.);
#10082 = DIRECTION('',(0.,0.,-1.));
#10083 = ORIENTED_EDGE('',*,*,#1741,.F.);
#10084 = B_SPLINE_SURFACE_WITH_KNOTS('',3,1,(
    (#10085,#10086)
    ,(#10087,#10088)
    ,(#10089,#10090)
    ,(#10091,#10092
    )),.UNSPECIFIED.,.F.,.F.,.F.,(4,4),(2,2),(8.,9.),(0.,1.),
  .PIECEWISE_BEZIER_KNOTS.);
#10085 = CARTESIAN_POINT('',(-2.923767024973,-1.328624414889,
    5.509999999999));
#10086 = CARTESIAN_POINT('',(-2.923767024973,-1.328624414889,
    5.499999999999));
#10087 = CARTESIAN_POINT('',(-2.882122567983,-1.290450356897,
    5.509999999999));
#10088 = CARTESIAN_POINT('',(-2.882122567983,-1.290450356897,
    5.499999999999));
#10089 = CARTESIAN_POINT('',(-2.854359640786,-1.243600359332,
    5.509999999999));
#10090 = CARTESIAN_POINT('',(-2.854359640786,-1.243600359332,
    5.499999999999));
#10091 = CARTESIAN_POINT('',(-2.840478177187,-1.189809646515,
    5.509999999999));
#10092 = CARTESIAN_POINT('',(-2.840478177187,-1.189809646515,
    5.499999999999));
#10093 = ADVANCED_FACE('',(#10094),#10105,.F.);
#10094 = FACE_BOUND('',#10095,.F.);
#10095 = EDGE_LOOP('',(#10096,#10097,#10098,#10104));
#10096 = ORIENTED_EDGE('',*,*,#10078,.F.);
#10097 = ORIENTED_EDGE('',*,*,#9649,.T.);
#10098 = ORIENTED_EDGE('',*,*,#10099,.T.);
#10099 = EDGE_CURVE('',#9650,#1724,#10100,.T.);
#10100 = LINE('',#10101,#10102);
#10101 = CARTESIAN_POINT('',(-2.722485637306,-1.024967092521,
    5.509999999999));
#10102 = VECTOR('',#10103,1.);
#10103 = DIRECTION('',(0.,0.,-1.));
#10104 = ORIENTED_EDGE('',*,*,#1732,.F.);
#10105 = B_SPLINE_SURFACE_WITH_KNOTS('',3,1,(
    (#10106,#10107)
    ,(#10108,#10109)
    ,(#10110,#10111)
    ,(#10112,#10113
    )),.UNSPECIFIED.,.F.,.F.,.F.,(4,4),(2,2),(9.,10.),(0.,1.),
  .PIECEWISE_BEZIER_KNOTS.);
#10106 = CARTESIAN_POINT('',(-2.840478177187,-1.189809646515,
    5.509999999999));
#10107 = CARTESIAN_POINT('',(-2.840478177187,-1.189809646515,
    5.499999999999));
#10108 = CARTESIAN_POINT('',(-2.771070792998,-1.167252243345,
    5.509999999999));
#10109 = CARTESIAN_POINT('',(-2.771070792998,-1.167252243345,
    5.499999999999));
#10110 = CARTESIAN_POINT('',(-2.722485637306,-1.101315241605,
    5.509999999999));
#10111 = CARTESIAN_POINT('',(-2.722485637306,-1.101315241605,
    5.499999999999));
#10112 = CARTESIAN_POINT('',(-2.722485637306,-1.024967092521,
    5.509999999999));
#10113 = CARTESIAN_POINT('',(-2.722485637306,-1.024967092521,
    5.499999999999));
#10114 = ADVANCED_FACE('',(#10115),#10126,.F.);
#10115 = FACE_BOUND('',#10116,.F.);
#10116 = EDGE_LOOP('',(#10117,#10118,#10119,#10125));
#10117 = ORIENTED_EDGE('',*,*,#10099,.F.);
#10118 = ORIENTED_EDGE('',*,*,#9658,.T.);
#10119 = ORIENTED_EDGE('',*,*,#10120,.T.);
#10120 = EDGE_CURVE('',#9659,#1715,#10121,.T.);
#10121 = LINE('',#10122,#10123);
#10122 = CARTESIAN_POINT('',(-2.896004097775,-0.851448632052,
    5.509999999999));
#10123 = VECTOR('',#10124,1.);
#10124 = DIRECTION('',(0.,0.,-1.));
#10125 = ORIENTED_EDGE('',*,*,#1723,.F.);
#10126 = B_SPLINE_SURFACE_WITH_KNOTS('',3,1,(
    (#10127,#10128)
    ,(#10129,#10130)
    ,(#10131,#10132)
    ,(#10133,#10134
    )),.UNSPECIFIED.,.F.,.F.,.F.,(4,4),(2,2),(10.,11.),(0.,1.),
  .PIECEWISE_BEZIER_KNOTS.);
#10127 = CARTESIAN_POINT('',(-2.722485637306,-1.024967092521,
    5.509999999999));
#10128 = CARTESIAN_POINT('',(-2.722485637306,-1.024967092521,
    5.499999999999));
#10129 = CARTESIAN_POINT('',(-2.722485637306,-0.929531939264,
    5.509999999999));
#10130 = CARTESIAN_POINT('',(-2.722485637306,-0.929531939264,
    5.499999999999));
#10131 = CARTESIAN_POINT('',(-2.800568944516,-0.851448632052,
    5.509999999999));
#10132 = CARTESIAN_POINT('',(-2.800568944516,-0.851448632052,
    5.499999999999));
#10133 = CARTESIAN_POINT('',(-2.896004097775,-0.851448632052,
    5.509999999999));
#10134 = CARTESIAN_POINT('',(-2.896004097775,-0.851448632052,
    5.499999999999));
#10135 = ADVANCED_FACE('',(#10136),#10147,.F.);
#10136 = FACE_BOUND('',#10137,.T.);
#10137 = EDGE_LOOP('',(#10138,#10139,#10145,#10146));
#10138 = ORIENTED_EDGE('',*,*,#1714,.T.);
#10139 = ORIENTED_EDGE('',*,*,#10140,.F.);
#10140 = EDGE_CURVE('',#9668,#1707,#10141,.T.);
#10141 = LINE('',#10142,#10143);
#10142 = CARTESIAN_POINT('',(-2.913355943823,-0.851448632052,
    5.509999999999));
#10143 = VECTOR('',#10144,1.);
#10144 = DIRECTION('',(0.,0.,-1.));
#10145 = ORIENTED_EDGE('',*,*,#9667,.F.);
#10146 = ORIENTED_EDGE('',*,*,#10120,.T.);
#10147 = PLANE('',#10148);
#10148 = AXIS2_PLACEMENT_3D('',#10149,#10150,#10151);
#10149 = CARTESIAN_POINT('',(-2.896004097775,-0.851448632052,
    5.509999999999));
#10150 = DIRECTION('',(6.248339049841E-15,-1.,0.));
#10151 = DIRECTION('',(1.,6.248339049841E-15,0.));
#10152 = ADVANCED_FACE('',(#10153),#10164,.F.);
#10153 = FACE_BOUND('',#10154,.T.);
#10154 = EDGE_LOOP('',(#10155,#10156,#10162,#10163));
#10155 = ORIENTED_EDGE('',*,*,#1706,.T.);
#10156 = ORIENTED_EDGE('',*,*,#10157,.F.);
#10157 = EDGE_CURVE('',#9677,#1699,#10158,.T.);
#10158 = LINE('',#10159,#10160);
#10159 = CARTESIAN_POINT('',(-3.04175959795,-0.608522787396,
    5.509999999999));
#10160 = VECTOR('',#10161,1.);
#10161 = DIRECTION('',(0.,0.,-1.));
#10162 = ORIENTED_EDGE('',*,*,#9676,.F.);
#10163 = ORIENTED_EDGE('',*,*,#10140,.T.);
#10164 = PLANE('',#10165);
#10165 = AXIS2_PLACEMENT_3D('',#10166,#10167,#10168);
#10166 = CARTESIAN_POINT('',(-2.913355943823,-0.851448632052,
    5.509999999999));
#10167 = DIRECTION('',(-0.884094950248,-0.467307306754,0.));
#10168 = DIRECTION('',(0.467307306754,-0.884094950248,0.));
#10169 = ADVANCED_FACE('',(#10170),#10181,.F.);
#10170 = FACE_BOUND('',#10171,.T.);
#10171 = EDGE_LOOP('',(#10172,#10173,#10179,#10180));
#10172 = ORIENTED_EDGE('',*,*,#1698,.T.);
#10173 = ORIENTED_EDGE('',*,*,#10174,.F.);
#10174 = EDGE_CURVE('',#9685,#1691,#10175,.T.);
#10175 = LINE('',#10176,#10177);
#10176 = CARTESIAN_POINT('',(-3.133724401855,-0.662313483665,
    5.509999999999));
#10177 = VECTOR('',#10178,1.);
#10178 = DIRECTION('',(0.,0.,-1.));
#10179 = ORIENTED_EDGE('',*,*,#9684,.F.);
#10180 = ORIENTED_EDGE('',*,*,#10157,.T.);
#10181 = PLANE('',#10182);
#10182 = AXIS2_PLACEMENT_3D('',#10183,#10184,#10185);
#10183 = CARTESIAN_POINT('',(-3.04175959795,-0.608522787396,
    5.509999999999));
#10184 = DIRECTION('',(0.504883048649,-0.863187758942,0.));
#10185 = DIRECTION('',(0.863187758942,0.504883048649,0.));
#10186 = ADVANCED_FACE('',(#10187),#10198,.F.);
#10187 = FACE_BOUND('',#10188,.T.);
#10188 = EDGE_LOOP('',(#10189,#10190,#10196,#10197));
#10189 = ORIENTED_EDGE('',*,*,#1690,.T.);
#10190 = ORIENTED_EDGE('',*,*,#10191,.F.);
#10191 = EDGE_CURVE('',#9693,#1682,#10192,.T.);
#10192 = LINE('',#10193,#10194);
#10193 = CARTESIAN_POINT('',(-3.012261479528,-0.894828214074,
    5.509999999999));
#10194 = VECTOR('',#10195,1.);
#10195 = DIRECTION('',(0.,0.,-1.));
#10196 = ORIENTED_EDGE('',*,*,#9692,.F.);
#10197 = ORIENTED_EDGE('',*,*,#10174,.T.);
#10198 = PLANE('',#10199);
#10199 = AXIS2_PLACEMENT_3D('',#10200,#10201,#10202);
#10200 = CARTESIAN_POINT('',(-3.133724401855,-0.662313483665,
    5.509999999999));
#10201 = DIRECTION('',(0.886348842796,0.463018065387,0.));
#10202 = DIRECTION('',(-0.463018065387,0.886348842796,0.));
#10203 = ADVANCED_FACE('',(#10204),#10215,.F.);
#10204 = FACE_BOUND('',#10205,.F.);
#10205 = EDGE_LOOP('',(#10206,#10207,#10208,#10214));
#10206 = ORIENTED_EDGE('',*,*,#10191,.F.);
#10207 = ORIENTED_EDGE('',*,*,#9700,.T.);
#10208 = ORIENTED_EDGE('',*,*,#10209,.T.);
#10209 = EDGE_CURVE('',#9701,#1673,#10210,.T.);
#10210 = LINE('',#10211,#10212);
#10211 = CARTESIAN_POINT('',(-3.071257749468,-1.024967059425,
    5.509999999999));
#10212 = VECTOR('',#10213,1.);
#10213 = DIRECTION('',(0.,0.,-1.));
#10214 = ORIENTED_EDGE('',*,*,#1681,.F.);
#10215 = B_SPLINE_SURFACE_WITH_KNOTS('',3,1,(
    (#10216,#10217)
    ,(#10218,#10219)
    ,(#10220,#10221)
    ,(#10222,#10223
    )),.UNSPECIFIED.,.F.,.F.,.F.,(4,4),(2,2),(15.,16.),(0.,1.),
  .PIECEWISE_BEZIER_KNOTS.);
#10216 = CARTESIAN_POINT('',(-3.012261479528,-0.894828214074,
    5.509999999999));
#10217 = CARTESIAN_POINT('',(-3.012261479528,-0.894828214074,
    5.499999999999));
#10218 = CARTESIAN_POINT('',(-3.048700362846,-0.92606152372,
    5.509999999999));
#10219 = CARTESIAN_POINT('',(-3.048700362846,-0.92606152372,
    5.499999999999));
#10220 = CARTESIAN_POINT('',(-3.071257749468,-0.972911521285,
    5.509999999999));
#10221 = CARTESIAN_POINT('',(-3.071257749468,-0.972911521285,
    5.499999999999));
#10222 = CARTESIAN_POINT('',(-3.071257749468,-1.024967059425,
    5.509999999999));
#10223 = CARTESIAN_POINT('',(-3.071257749468,-1.024967059425,
    5.499999999999));
#10224 = ADVANCED_FACE('',(#10225),#10236,.F.);
#10225 = FACE_BOUND('',#10226,.F.);
#10226 = EDGE_LOOP('',(#10227,#10228,#10229,#10235));
#10227 = ORIENTED_EDGE('',*,*,#10209,.F.);
#10228 = ORIENTED_EDGE('',*,*,#9709,.T.);
#10229 = ORIENTED_EDGE('',*,*,#10230,.T.);
#10230 = EDGE_CURVE('',#9710,#1664,#10231,.T.);
#10231 = LINE('',#10232,#10233);
#10232 = CARTESIAN_POINT('',(-2.95673555894,-1.188074405647,
    5.509999999999));
#10233 = VECTOR('',#10234,1.);
#10234 = DIRECTION('',(0.,0.,-1.));
#10235 = ORIENTED_EDGE('',*,*,#1672,.F.);
#10236 = B_SPLINE_SURFACE_WITH_KNOTS('',3,1,(
    (#10237,#10238)
    ,(#10239,#10240)
    ,(#10241,#10242)
    ,(#10243,#10244
    )),.UNSPECIFIED.,.F.,.F.,.F.,(4,4),(2,2),(16.,17.),(0.,1.),
  .PIECEWISE_BEZIER_KNOTS.);
#10237 = CARTESIAN_POINT('',(-3.071257749468,-1.024967059425,
    5.509999999999));
#10238 = CARTESIAN_POINT('',(-3.071257749468,-1.024967059425,
    5.499999999999));
#10239 = CARTESIAN_POINT('',(-3.071257749468,-1.099580017285,
    5.509999999999));
#10240 = CARTESIAN_POINT('',(-3.071257749468,-1.099580017285,
    5.499999999999));
#10241 = CARTESIAN_POINT('',(-3.022672593776,-1.1637818278,
    5.509999999999));
#10242 = CARTESIAN_POINT('',(-3.022672593776,-1.1637818278,
    5.499999999999));
#10243 = CARTESIAN_POINT('',(-2.95673555894,-1.188074405647,
    5.509999999999));
#10244 = CARTESIAN_POINT('',(-2.95673555894,-1.188074405647,
    5.499999999999));
#10245 = ADVANCED_FACE('',(#10246),#10257,.F.);
#10246 = FACE_BOUND('',#10247,.F.);
#10247 = EDGE_LOOP('',(#10248,#10249,#10250,#10256));
#10248 = ORIENTED_EDGE('',*,*,#10230,.F.);
#10249 = ORIENTED_EDGE('',*,*,#9718,.T.);
#10250 = ORIENTED_EDGE('',*,*,#10251,.T.);
#10251 = EDGE_CURVE('',#9719,#1655,#10252,.T.);
#10252 = LINE('',#10253,#10254);
#10253 = CARTESIAN_POINT('',(-3.116372555809,-1.292185481928,
    5.509999999999));
#10254 = VECTOR('',#10255,1.);
#10255 = DIRECTION('',(0.,0.,-1.));
#10256 = ORIENTED_EDGE('',*,*,#1663,.F.);
#10257 = B_SPLINE_SURFACE_WITH_KNOTS('',3,1,(
    (#10258,#10259)
    ,(#10260,#10261)
    ,(#10262,#10263)
    ,(#10264,#10265
    )),.UNSPECIFIED.,.F.,.F.,.F.,(4,4),(2,2),(17.,18.),(0.,1.),
  .PIECEWISE_BEZIER_KNOTS.);
#10258 = CARTESIAN_POINT('',(-2.95673555894,-1.188074405647,
    5.509999999999));
#10259 = CARTESIAN_POINT('',(-2.95673555894,-1.188074405647,
    5.499999999999));
#10260 = CARTESIAN_POINT('',(-2.984498519233,-1.248805866811,
    5.509999999999));
#10261 = CARTESIAN_POINT('',(-2.984498519233,-1.248805866811,
    5.499999999999));
#10262 = CARTESIAN_POINT('',(-3.045229980397,-1.292185481928,
    5.509999999999));
#10263 = CARTESIAN_POINT('',(-3.045229980397,-1.292185481928,
    5.499999999999));
#10264 = CARTESIAN_POINT('',(-3.116372555809,-1.292185481928,
    5.509999999999));
#10265 = CARTESIAN_POINT('',(-3.116372555809,-1.292185481928,
    5.499999999999));
#10266 = ADVANCED_FACE('',(#10267),#10278,.F.);
#10267 = FACE_BOUND('',#10268,.F.);
#10268 = EDGE_LOOP('',(#10269,#10270,#10271,#10277));
#10269 = ORIENTED_EDGE('',*,*,#10251,.F.);
#10270 = ORIENTED_EDGE('',*,*,#9727,.T.);
#10271 = ORIENTED_EDGE('',*,*,#10272,.T.);
#10272 = EDGE_CURVE('',#9728,#1646,#10273,.T.);
#10273 = LINE('',#10274,#10275);
#10274 = CARTESIAN_POINT('',(-3.289891016277,-1.11866702146,
    5.509999999999));
#10275 = VECTOR('',#10276,1.);
#10276 = DIRECTION('',(0.,0.,-1.));
#10277 = ORIENTED_EDGE('',*,*,#1654,.F.);
#10278 = B_SPLINE_SURFACE_WITH_KNOTS('',3,1,(
    (#10279,#10280)
    ,(#10281,#10282)
    ,(#10283,#10284)
    ,(#10285,#10286
    )),.UNSPECIFIED.,.F.,.F.,.F.,(4,4),(2,2),(18.,19.),(0.,1.),
  .PIECEWISE_BEZIER_KNOTS.);
#10279 = CARTESIAN_POINT('',(-3.116372555809,-1.292185481928,
    5.509999999999));
#10280 = CARTESIAN_POINT('',(-3.116372555809,-1.292185481928,
    5.499999999999));
#10281 = CARTESIAN_POINT('',(-3.211807709067,-1.292185481928,
    5.509999999999));
#10282 = CARTESIAN_POINT('',(-3.211807709067,-1.292185481928,
    5.499999999999));
#10283 = CARTESIAN_POINT('',(-3.289891016277,-1.214102174717,
    5.509999999999));
#10284 = CARTESIAN_POINT('',(-3.289891016277,-1.214102174717,
    5.499999999999));
#10285 = CARTESIAN_POINT('',(-3.289891016277,-1.11866702146,
    5.509999999999));
#10286 = CARTESIAN_POINT('',(-3.289891016277,-1.11866702146,
    5.499999999999));
#10287 = ADVANCED_FACE('',(#10288),#10299,.F.);
#10288 = FACE_BOUND('',#10289,.F.);
#10289 = EDGE_LOOP('',(#10290,#10291,#10292,#10298));
#10290 = ORIENTED_EDGE('',*,*,#10272,.F.);
#10291 = ORIENTED_EDGE('',*,*,#9736,.T.);
#10292 = ORIENTED_EDGE('',*,*,#10293,.T.);
#10293 = EDGE_CURVE('',#9737,#1637,#10294,.T.);
#10294 = LINE('',#10295,#10296);
#10295 = CARTESIAN_POINT('',(-3.263863247206,-1.02670225065,
    5.509999999999));
#10296 = VECTOR('',#10297,1.);
#10297 = DIRECTION('',(0.,0.,-1.));
#10298 = ORIENTED_EDGE('',*,*,#1645,.F.);
#10299 = B_SPLINE_SURFACE_WITH_KNOTS('',3,1,(
    (#10300,#10301)
    ,(#10302,#10303)
    ,(#10304,#10305)
    ,(#10306,#10307
    )),.UNSPECIFIED.,.F.,.F.,.F.,(4,4),(2,2),(19.,20.),(0.,1.),
  .PIECEWISE_BEZIER_KNOTS.);
#10300 = CARTESIAN_POINT('',(-3.289891016277,-1.11866702146,
    5.509999999999));
#10301 = CARTESIAN_POINT('',(-3.289891016277,-1.11866702146,
    5.499999999999));
#10302 = CARTESIAN_POINT('',(-3.289891016277,-1.085698520589,
    5.509999999999));
#10303 = CARTESIAN_POINT('',(-3.289891016277,-1.085698520589,
    5.499999999999));
#10304 = CARTESIAN_POINT('',(-3.279479902031,-1.052730019719,
    5.509999999999));
#10305 = CARTESIAN_POINT('',(-3.279479902031,-1.052730019719,
    5.499999999999));
#10306 = CARTESIAN_POINT('',(-3.263863247206,-1.02670225065,
    5.509999999999));
#10307 = CARTESIAN_POINT('',(-3.263863247206,-1.02670225065,
    5.499999999999));
#10308 = ADVANCED_FACE('',(#10309),#10320,.F.);
#10309 = FACE_BOUND('',#10310,.F.);
#10310 = EDGE_LOOP('',(#10311,#10312,#10313,#10319));
#10311 = ORIENTED_EDGE('',*,*,#10293,.F.);
#10312 = ORIENTED_EDGE('',*,*,#9745,.T.);
#10313 = ORIENTED_EDGE('',*,*,#10314,.T.);
#10314 = EDGE_CURVE('',#9746,#1628,#10315,.T.);
#10315 = LINE('',#10316,#10317);
#10316 = CARTESIAN_POINT('',(-3.430440876589,-0.794187553336,
    5.509999999999));
#10317 = VECTOR('',#10318,1.);
#10318 = DIRECTION('',(0.,0.,-1.));
#10319 = ORIENTED_EDGE('',*,*,#1636,.F.);
#10320 = B_SPLINE_SURFACE_WITH_KNOTS('',3,1,(
    (#10321,#10322)
    ,(#10323,#10324)
    ,(#10325,#10326)
    ,(#10327,#10328
    )),.UNSPECIFIED.,.F.,.F.,.F.,(4,4),(2,2),(20.,21.),(0.,1.),
  .PIECEWISE_BEZIER_KNOTS.);
#10321 = CARTESIAN_POINT('',(-3.263863247206,-1.02670225065,
    5.509999999999));
#10322 = CARTESIAN_POINT('',(-3.263863247206,-1.02670225065,
    5.499999999999));
#10323 = CARTESIAN_POINT('',(-3.361033492402,-0.993733782876,
    5.509999999999));
#10324 = CARTESIAN_POINT('',(-3.361033492402,-0.993733782876,
    5.499999999999));
#10325 = CARTESIAN_POINT('',(-3.430440876589,-0.903504170194,
    5.509999999999));
#10326 = CARTESIAN_POINT('',(-3.430440876589,-0.903504170194,
    5.499999999999));
#10327 = CARTESIAN_POINT('',(-3.430440876589,-0.794187553336,
    5.509999999999));
#10328 = CARTESIAN_POINT('',(-3.430440876589,-0.794187553336,
    5.499999999999));
#10329 = ADVANCED_FACE('',(#10330),#10341,.F.);
#10330 = FACE_BOUND('',#10331,.F.);
#10331 = EDGE_LOOP('',(#10332,#10333,#10334,#10340));
#10332 = ORIENTED_EDGE('',*,*,#10314,.F.);
#10333 = ORIENTED_EDGE('',*,*,#9754,.T.);
#10334 = ORIENTED_EDGE('',*,*,#10335,.T.);
#10335 = EDGE_CURVE('',#9755,#1619,#10336,.T.);
#10336 = LINE('',#10337,#10338);
#10337 = CARTESIAN_POINT('',(-3.213542801003,-0.55126170868,
    5.509999999999));
#10338 = VECTOR('',#10339,1.);
#10339 = DIRECTION('',(0.,0.,-1.));
#10340 = ORIENTED_EDGE('',*,*,#1627,.F.);
#10341 = B_SPLINE_SURFACE_WITH_KNOTS('',3,1,(
    (#10342,#10343)
    ,(#10344,#10345)
    ,(#10346,#10347)
    ,(#10348,#10349
    )),.UNSPECIFIED.,.F.,.F.,.F.,(4,4),(2,2),(21.,22.),(0.,1.),
  .PIECEWISE_BEZIER_KNOTS.);
#10342 = CARTESIAN_POINT('',(-3.430440876589,-0.794187553336,
    5.509999999999));
#10343 = CARTESIAN_POINT('',(-3.430440876589,-0.794187553336,
    5.499999999999));
#10344 = CARTESIAN_POINT('',(-3.430440876589,-0.66925424856,
    5.509999999999));
#10345 = CARTESIAN_POINT('',(-3.430440876589,-0.66925424856,
    5.499999999999));
#10346 = CARTESIAN_POINT('',(-3.33500572333,-0.565143172279,
    5.509999999999));
#10347 = CARTESIAN_POINT('',(-3.33500572333,-0.565143172279,
    5.499999999999));
#10348 = CARTESIAN_POINT('',(-3.213542801003,-0.55126170868,
    5.509999999999));
#10349 = CARTESIAN_POINT('',(-3.213542801003,-0.55126170868,
    5.499999999999));
#10350 = ADVANCED_FACE('',(#10351),#10362,.F.);
#10351 = FACE_BOUND('',#10352,.T.);
#10352 = EDGE_LOOP('',(#10353,#10354,#10360,#10361));
#10353 = ORIENTED_EDGE('',*,*,#1618,.T.);
#10354 = ORIENTED_EDGE('',*,*,#10355,.F.);
#10355 = EDGE_CURVE('',#9764,#1610,#10356,.T.);
#10356 = LINE('',#10357,#10358);
#10357 = CARTESIAN_POINT('',(-3.213542801003,-0.537380245081,
    5.509999999999));
#10358 = VECTOR('',#10359,1.);
#10359 = DIRECTION('',(0.,0.,-1.));
#10360 = ORIENTED_EDGE('',*,*,#9763,.F.);
#10361 = ORIENTED_EDGE('',*,*,#10335,.T.);
#10362 = PLANE('',#10363);
#10363 = AXIS2_PLACEMENT_3D('',#10364,#10365,#10366);
#10364 = CARTESIAN_POINT('',(-3.213542801003,-0.55126170868,
    5.509999999999));
#10365 = DIRECTION('',(-1.,0.,0.));
#10366 = DIRECTION('',(0.,0.,1.));
#10367 = ADVANCED_FACE('',(#10368),#10379,.F.);
#10368 = FACE_BOUND('',#10369,.F.);
#10369 = EDGE_LOOP('',(#10370,#10371,#10372,#10378));
#10370 = ORIENTED_EDGE('',*,*,#10355,.F.);
#10371 = ORIENTED_EDGE('',*,*,#9772,.T.);
#10372 = ORIENTED_EDGE('',*,*,#10373,.T.);
#10373 = EDGE_CURVE('',#9773,#1601,#10374,.T.);
#10374 = LINE('',#10375,#10376);
#10375 = CARTESIAN_POINT('',(-3.078198415076,-0.402035859154,
    5.509999999999));
#10376 = VECTOR('',#10377,1.);
#10377 = DIRECTION('',(0.,0.,-1.));
#10378 = ORIENTED_EDGE('',*,*,#1609,.F.);
#10379 = B_SPLINE_SURFACE_WITH_KNOTS('',3,1,(
    (#10380,#10381)
    ,(#10382,#10383)
    ,(#10384,#10385)
    ,(#10386,#10387
    )),.UNSPECIFIED.,.F.,.F.,.F.,(4,4),(2,2),(23.,24.),(0.,1.),
  .PIECEWISE_BEZIER_KNOTS.);
#10380 = CARTESIAN_POINT('',(-3.213542801003,-0.537380245081,
    5.509999999999));
#10381 = CARTESIAN_POINT('',(-3.213542801003,-0.537380245081,
    5.499999999999));
#10382 = CARTESIAN_POINT('',(-3.213542801003,-0.462767320318,
    5.509999999999));
#10383 = CARTESIAN_POINT('',(-3.213542801003,-0.462767320318,
    5.499999999999));
#10384 = CARTESIAN_POINT('',(-3.152811339839,-0.402035859154,
    5.509999999999));
#10385 = CARTESIAN_POINT('',(-3.152811339839,-0.402035859154,
    5.499999999999));
#10386 = CARTESIAN_POINT('',(-3.078198415076,-0.402035859154,
    5.509999999999));
#10387 = CARTESIAN_POINT('',(-3.078198415076,-0.402035859154,
    5.499999999999));
#10388 = ADVANCED_FACE('',(#10389),#10400,.F.);
#10389 = FACE_BOUND('',#10390,.F.);
#10390 = EDGE_LOOP('',(#10391,#10392,#10393,#10399));
#10391 = ORIENTED_EDGE('',*,*,#10373,.F.);
#10392 = ORIENTED_EDGE('',*,*,#9781,.T.);
#10393 = ORIENTED_EDGE('',*,*,#10394,.T.);
#10394 = EDGE_CURVE('',#9782,#1593,#10395,.T.);
#10395 = LINE('',#10396,#10397);
#10396 = CARTESIAN_POINT('',(-2.942854029149,-0.526969163929,
    5.509999999999));
#10397 = VECTOR('',#10398,1.);
#10398 = DIRECTION('',(0.,0.,-1.));
#10399 = ORIENTED_EDGE('',*,*,#1600,.F.);
#10400 = B_SPLINE_SURFACE_WITH_KNOTS('',3,1,(
    (#10401,#10402)
    ,(#10403,#10404)
    ,(#10405,#10406)
    ,(#10407,#10408
    )),.UNSPECIFIED.,.F.,.F.,.F.,(4,4),(2,2),(24.,25.),(0.,1.),
  .PIECEWISE_BEZIER_KNOTS.);
#10401 = CARTESIAN_POINT('',(-3.078198415076,-0.402035859154,
    5.509999999999));
#10402 = CARTESIAN_POINT('',(-3.078198415076,-0.402035859154,
    5.499999999999));
#10403 = CARTESIAN_POINT('',(-3.007055839664,-0.402035859154,
    5.509999999999));
#10404 = CARTESIAN_POINT('',(-3.007055839664,-0.402035859154,
    5.499999999999));
#10405 = CARTESIAN_POINT('',(-2.948059569725,-0.455826555423,
    5.509999999999));
#10406 = CARTESIAN_POINT('',(-2.948059569725,-0.455826555423,
    5.499999999999));
#10407 = CARTESIAN_POINT('',(-2.942854029149,-0.526969163929,
    5.509999999999));
#10408 = CARTESIAN_POINT('',(-2.942854029149,-0.526969163929,
    5.499999999999));
#10409 = ADVANCED_FACE('',(#10410),#10421,.F.);
#10410 = FACE_BOUND('',#10411,.T.);
#10411 = EDGE_LOOP('',(#10412,#10413,#10419,#10420));
#10412 = ORIENTED_EDGE('',*,*,#1592,.T.);
#10413 = ORIENTED_EDGE('',*,*,#10414,.F.);
#10414 = EDGE_CURVE('',#9791,#1584,#10415,.T.);
#10415 = LINE('',#10416,#10417);
#10416 = CARTESIAN_POINT('',(-2.942854029149,-0.60505247114,
    5.509999999999));
#10417 = VECTOR('',#10418,1.);
#10418 = DIRECTION('',(0.,0.,-1.));
#10419 = ORIENTED_EDGE('',*,*,#9790,.F.);
#10420 = ORIENTED_EDGE('',*,*,#10394,.T.);
#10421 = PLANE('',#10422);
#10422 = AXIS2_PLACEMENT_3D('',#10423,#10424,#10425);
#10423 = CARTESIAN_POINT('',(-2.942854029149,-0.526969163929,
    5.509999999999));
#10424 = DIRECTION('',(1.,0.,0.));
#10425 = DIRECTION('',(0.,0.,-1.));
#10426 = ADVANCED_FACE('',(#10427),#10438,.F.);
#10427 = FACE_BOUND('',#10428,.F.);
#10428 = EDGE_LOOP('',(#10429,#10430,#10431,#10437));
#10429 = ORIENTED_EDGE('',*,*,#10414,.F.);
#10430 = ORIENTED_EDGE('',*,*,#9798,.T.);
#10431 = ORIENTED_EDGE('',*,*,#10432,.T.);
#10432 = EDGE_CURVE('',#9799,#1575,#10433,.T.);
#10433 = LINE('',#10434,#10435);
#10434 = CARTESIAN_POINT('',(-2.944589187276,-0.615463552292,
    5.509999999999));
#10435 = VECTOR('',#10436,1.);
#10436 = DIRECTION('',(0.,0.,-1.));
#10437 = ORIENTED_EDGE('',*,*,#1583,.F.);
#10438 = B_SPLINE_SURFACE_WITH_KNOTS('',3,1,(
    (#10439,#10440)
    ,(#10441,#10442)
    ,(#10443,#10444)
    ,(#10445,#10446
    )),.UNSPECIFIED.,.F.,.F.,.F.,(4,4),(2,2),(26.,27.),(0.,1.),
  .PIECEWISE_BEZIER_KNOTS.);
#10439 = CARTESIAN_POINT('',(-2.942854029149,-0.60505247114,
    5.509999999999));
#10440 = CARTESIAN_POINT('',(-2.942854029149,-0.60505247114,
    5.499999999999));
#10441 = CARTESIAN_POINT('',(-2.942854029149,-0.608522853588,
    5.509999999999));
#10442 = CARTESIAN_POINT('',(-2.942854029149,-0.608522853588,
    5.499999999999));
#10443 = CARTESIAN_POINT('',(-2.944589187276,-0.611993236036,
    5.509999999999));
#10444 = CARTESIAN_POINT('',(-2.944589187276,-0.611993236036,
    5.499999999999));
#10445 = CARTESIAN_POINT('',(-2.944589187276,-0.615463552292,
    5.509999999999));
#10446 = CARTESIAN_POINT('',(-2.944589187276,-0.615463552292,
    5.499999999999));
#10447 = ADVANCED_FACE('',(#10448),#10459,.F.);
#10448 = FACE_BOUND('',#10449,.F.);
#10449 = EDGE_LOOP('',(#10450,#10451,#10452,#10458));
#10450 = ORIENTED_EDGE('',*,*,#10432,.F.);
#10451 = ORIENTED_EDGE('',*,*,#9807,.T.);
#10452 = ORIENTED_EDGE('',*,*,#10453,.T.);
#10453 = EDGE_CURVE('',#9808,#1566,#10454,.T.);
#10454 = LINE('',#10455,#10456);
#10455 = CARTESIAN_POINT('',(-2.890798491008,-0.66925424856,
    5.509999999999));
#10456 = VECTOR('',#10457,1.);
#10457 = DIRECTION('',(0.,0.,-1.));
#10458 = ORIENTED_EDGE('',*,*,#1574,.F.);
#10459 = B_SPLINE_SURFACE_WITH_KNOTS('',3,1,(
    (#10460,#10461)
    ,(#10462,#10463)
    ,(#10464,#10465)
    ,(#10466,#10467
    )),.UNSPECIFIED.,.F.,.F.,.F.,(4,4),(2,2),(27.,28.),(0.,1.),
  .PIECEWISE_BEZIER_KNOTS.);
#10460 = CARTESIAN_POINT('',(-2.944589187276,-0.615463552292,
    5.509999999999));
#10461 = CARTESIAN_POINT('',(-2.944589187276,-0.615463552292,
    5.499999999999));
#10462 = CARTESIAN_POINT('',(-2.944589187276,-0.64496170381,
    5.509999999999));
#10463 = CARTESIAN_POINT('',(-2.944589187276,-0.64496170381,
    5.499999999999));
#10464 = CARTESIAN_POINT('',(-2.920296576334,-0.66925424856,
    5.509999999999));
#10465 = CARTESIAN_POINT('',(-2.920296576334,-0.66925424856,
    5.499999999999));
#10466 = CARTESIAN_POINT('',(-2.890798491008,-0.66925424856,
    5.509999999999));
#10467 = CARTESIAN_POINT('',(-2.890798491008,-0.66925424856,
    5.499999999999));
#10468 = ADVANCED_FACE('',(#10469),#10480,.F.);
#10469 = FACE_BOUND('',#10470,.F.);
#10470 = EDGE_LOOP('',(#10471,#10472,#10473,#10479));
#10471 = ORIENTED_EDGE('',*,*,#10453,.F.);
#10472 = ORIENTED_EDGE('',*,*,#9816,.T.);
#10473 = ORIENTED_EDGE('',*,*,#10474,.T.);
#10474 = EDGE_CURVE('',#9817,#1558,#10475,.T.);
#10475 = LINE('',#10476,#10477);
#10476 = CARTESIAN_POINT('',(-2.837007794738,-0.618933868548,
    5.509999999999));
#10477 = VECTOR('',#10478,1.);
#10478 = DIRECTION('',(0.,0.,-1.));
#10479 = ORIENTED_EDGE('',*,*,#1565,.F.);
#10480 = B_SPLINE_SURFACE_WITH_KNOTS('',3,1,(
    (#10481,#10482)
    ,(#10483,#10484)
    ,(#10485,#10486)
    ,(#10487,#10488
    )),.UNSPECIFIED.,.F.,.F.,.F.,(4,4),(2,2),(28.,29.),(0.,1.),
  .PIECEWISE_BEZIER_KNOTS.);
#10481 = CARTESIAN_POINT('',(-2.890798491008,-0.66925424856,
    5.509999999999));
#10482 = CARTESIAN_POINT('',(-2.890798491008,-0.66925424856,
    5.499999999999));
#10483 = CARTESIAN_POINT('',(-2.863035563809,-0.66925424856,
    5.509999999999));
#10484 = CARTESIAN_POINT('',(-2.863035563809,-0.66925424856,
    5.499999999999));
#10485 = CARTESIAN_POINT('',(-2.838742952866,-0.646696861938,
    5.509999999999));
#10486 = CARTESIAN_POINT('',(-2.838742952866,-0.646696861938,
    5.499999999999));
#10487 = CARTESIAN_POINT('',(-2.837007794738,-0.618933868548,
    5.509999999999));
#10488 = CARTESIAN_POINT('',(-2.837007794738,-0.618933868548,
    5.499999999999));
#10489 = ADVANCED_FACE('',(#10490),#10501,.F.);
#10490 = FACE_BOUND('',#10491,.T.);
#10491 = EDGE_LOOP('',(#10492,#10493,#10499,#10500));
#10492 = ORIENTED_EDGE('',*,*,#1557,.T.);
#10493 = ORIENTED_EDGE('',*,*,#10494,.F.);
#10494 = EDGE_CURVE('',#9826,#1549,#10495,.T.);
#10495 = LINE('',#10496,#10497);
#10496 = CARTESIAN_POINT('',(-2.837007794738,-0.516558016586,
    5.509999999999));
#10497 = VECTOR('',#10498,1.);
#10498 = DIRECTION('',(0.,0.,-1.));
#10499 = ORIENTED_EDGE('',*,*,#9825,.F.);
#10500 = ORIENTED_EDGE('',*,*,#10474,.T.);
#10501 = PLANE('',#10502);
#10502 = AXIS2_PLACEMENT_3D('',#10503,#10504,#10505);
#10503 = CARTESIAN_POINT('',(-2.837007794738,-0.521763557162,
    5.509999999999));
#10504 = DIRECTION('',(-1.,0.,0.));
#10505 = DIRECTION('',(0.,0.,1.));
#10506 = ADVANCED_FACE('',(#10507),#10518,.F.);
#10507 = FACE_BOUND('',#10508,.F.);
#10508 = EDGE_LOOP('',(#10509,#10510,#10511,#10517));
#10509 = ORIENTED_EDGE('',*,*,#10494,.F.);
#10510 = ORIENTED_EDGE('',*,*,#9833,.T.);
#10511 = ORIENTED_EDGE('',*,*,#10512,.T.);
#10512 = EDGE_CURVE('',#9834,#1540,#10513,.T.);
#10513 = LINE('',#10514,#10515);
#10514 = CARTESIAN_POINT('',(-2.91509110195,-0.358656244037,
    5.509999999999));
#10515 = VECTOR('',#10516,1.);
#10516 = DIRECTION('',(0.,0.,-1.));
#10517 = ORIENTED_EDGE('',*,*,#1548,.F.);
#10518 = B_SPLINE_SURFACE_WITH_KNOTS('',3,1,(
    (#10519,#10520)
    ,(#10521,#10522)
    ,(#10523,#10524)
    ,(#10525,#10526
    )),.UNSPECIFIED.,.F.,.F.,.F.,(4,4),(2,2),(33.,34.),(0.,1.),
  .PIECEWISE_BEZIER_KNOTS.);
#10519 = CARTESIAN_POINT('',(-2.837007794738,-0.516558016586,
    5.509999999999));
#10520 = CARTESIAN_POINT('',(-2.837007794738,-0.516558016586,5.5));
#10521 = CARTESIAN_POINT('',(-2.842213335314,-0.455826555423,
    5.509999999999));
#10522 = CARTESIAN_POINT('',(-2.842213335314,-0.455826555423,5.5));
#10523 = CARTESIAN_POINT('',(-2.869976328705,-0.400300634833,
    5.509999999999));
#10524 = CARTESIAN_POINT('',(-2.869976328705,-0.400300634833,5.5));
#10525 = CARTESIAN_POINT('',(-2.91509110195,-0.358656244037,
    5.509999999999));
#10526 = CARTESIAN_POINT('',(-2.91509110195,-0.358656244037,5.5));
#10527 = ADVANCED_FACE('',(#10528),#10534,.F.);
#10528 = FACE_BOUND('',#10529,.F.);
#10529 = EDGE_LOOP('',(#10530,#10531,#10532,#10533));
#10530 = ORIENTED_EDGE('',*,*,#10512,.F.);
#10531 = ORIENTED_EDGE('',*,*,#9842,.T.);
#10532 = ORIENTED_EDGE('',*,*,#9882,.T.);
#10533 = ORIENTED_EDGE('',*,*,#1539,.F.);
#10534 = B_SPLINE_SURFACE_WITH_KNOTS('',3,1,(
    (#10535,#10536)
    ,(#10537,#10538)
    ,(#10539,#10540)
    ,(#10541,#10542
    )),.UNSPECIFIED.,.F.,.F.,.F.,(4,4),(2,2),(34.,35.),(0.,1.),
  .PIECEWISE_BEZIER_KNOTS.);
#10535 = CARTESIAN_POINT('',(-2.91509110195,-0.358656244037,
    5.509999999999));
#10536 = CARTESIAN_POINT('',(-2.91509110195,-0.358656244037,
    5.499999999999));
#10537 = CARTESIAN_POINT('',(-2.960205875195,-0.317011787047,
    5.509999999999));
#10538 = CARTESIAN_POINT('',(-2.960205875195,-0.317011787047,
    5.499999999999));
#10539 = CARTESIAN_POINT('',(-3.019202178231,-0.294454400425,
    5.509999999999));
#10540 = CARTESIAN_POINT('',(-3.019202178231,-0.294454400425,
    5.499999999999));
#10541 = CARTESIAN_POINT('',(-3.079933639395,-0.294454400425,
    5.509999999999));
#10542 = CARTESIAN_POINT('',(-3.079933639395,-0.294454400425,
    5.499999999999));
#10543 = ADVANCED_FACE('',(#10544),#10573,.T.);
#10544 = FACE_BOUND('',#10545,.T.);
#10545 = EDGE_LOOP('',(#10546,#10560,#10566,#10567));
#10546 = ORIENTED_EDGE('',*,*,#10547,.F.);
#10547 = EDGE_CURVE('',#10548,#10550,#10552,.T.);
#10548 = VERTEX_POINT('',#10549);
#10549 = CARTESIAN_POINT('',(-2.826596581203,-1.026702283746,5.5));
#10550 = VERTEX_POINT('',#10551);
#10551 = CARTESIAN_POINT('',(-2.961941033322,-1.026702283746,
    5.499999999999));
#10552 = B_SPLINE_CURVE_WITH_KNOTS('',3,(#10553,#10554,#10555,#10556,
    #10557,#10558,#10559),.UNSPECIFIED.,.F.,.F.,(4,3,4),(0.,1.,2.),
  .PIECEWISE_BEZIER_KNOTS.);
#10553 = CARTESIAN_POINT('',(-2.826596581203,-1.026702283746,5.5));
#10554 = CARTESIAN_POINT('',(-2.826596581203,-0.9885282423,
    5.499999999999));
#10555 = CARTESIAN_POINT('',(-2.857829957041,-0.959030090782,
    5.499999999999));
#10556 = CARTESIAN_POINT('',(-2.894268807263,-0.959030090782,
    5.499999999999));
#10557 = CARTESIAN_POINT('',(-2.932442881804,-0.959030090782,
    5.499999999999));
#10558 = CARTESIAN_POINT('',(-2.961941033322,-0.990263400428,
    5.499999999999));
#10559 = CARTESIAN_POINT('',(-2.961941033322,-1.026702283746,
    5.499999999999));
#10560 = ORIENTED_EDGE('',*,*,#10561,.F.);
#10561 = EDGE_CURVE('',#9852,#10548,#10562,.T.);
#10562 = LINE('',#10563,#10564);
#10563 = CARTESIAN_POINT('',(-2.826596581203,-1.026702283746,
    5.509999999999));
#10564 = VECTOR('',#10565,1.);
#10565 = DIRECTION('',(0.,0.,-1.));
#10566 = ORIENTED_EDGE('',*,*,#9851,.T.);
#10567 = ORIENTED_EDGE('',*,*,#10568,.T.);
#10568 = EDGE_CURVE('',#9854,#10550,#10569,.T.);
#10569 = LINE('',#10570,#10571);
#10570 = CARTESIAN_POINT('',(-2.961941033322,-1.026702283746,
    5.509999999999));
#10571 = VECTOR('',#10572,1.);
#10572 = DIRECTION('',(0.,0.,-1.));
#10573 = B_SPLINE_SURFACE_WITH_KNOTS('',3,1,(
    (#10574,#10575)
    ,(#10576,#10577)
    ,(#10578,#10579)
    ,(#10580,#10581)
    ,(#10582,#10583)
    ,(#10584,#10585)
    ,(#10586,#10587
  )),.UNSPECIFIED.,.F.,.F.,.F.,(4,3,4),(2,2),(0.,1.,2.),(0.,1.),
  .PIECEWISE_BEZIER_KNOTS.);
#10574 = CARTESIAN_POINT('',(-2.826596581203,-1.026702283746,
    5.509999999999));
#10575 = CARTESIAN_POINT('',(-2.826596581203,-1.026702283746,
    5.499999999999));
#10576 = CARTESIAN_POINT('',(-2.826596581203,-0.9885282423,
    5.509999999999));
#10577 = CARTESIAN_POINT('',(-2.826596581203,-0.9885282423,
    5.499999999999));
#10578 = CARTESIAN_POINT('',(-2.857829957041,-0.959030090782,
    5.509999999999));
#10579 = CARTESIAN_POINT('',(-2.857829957041,-0.959030090782,
    5.499999999999));
#10580 = CARTESIAN_POINT('',(-2.894268807263,-0.959030090782,
    5.509999999999));
#10581 = CARTESIAN_POINT('',(-2.894268807263,-0.959030090782,
    5.499999999999));
#10582 = CARTESIAN_POINT('',(-2.932442881804,-0.959030090782,
    5.509999999999));
#10583 = CARTESIAN_POINT('',(-2.932442881804,-0.959030090782,
    5.499999999999));
#10584 = CARTESIAN_POINT('',(-2.961941033322,-0.990263400428,
    5.509999999999));
#10585 = CARTESIAN_POINT('',(-2.961941033322,-0.990263400428,
    5.499999999999));
#10586 = CARTESIAN_POINT('',(-2.961941033322,-1.026702283746,
    5.509999999999));
#10587 = CARTESIAN_POINT('',(-2.961941033322,-1.026702283746,
    5.499999999999));
#10588 = ADVANCED_FACE('',(#10589),#10603,.T.);
#10589 = FACE_BOUND('',#10590,.T.);
#10590 = EDGE_LOOP('',(#10591,#10600,#10601,#10602));
#10591 = ORIENTED_EDGE('',*,*,#10592,.F.);
#10592 = EDGE_CURVE('',#10550,#10548,#10593,.T.);
#10593 = B_SPLINE_CURVE_WITH_KNOTS('',3,(#10594,#10595,#10596,#10597,
    #10598,#10599),.UNSPECIFIED.,.F.,.F.,(4,2,4),(2.,3.,4.),
  .UNSPECIFIED.);
#10594 = CARTESIAN_POINT('',(-2.961941033322,-1.026702283746,
    5.499999999999));
#10595 = CARTESIAN_POINT('',(-2.961941033322,-1.063141167063,
    5.499999999999));
#10596 = CARTESIAN_POINT('',(-2.932442881804,-1.094374476709,
    5.499999999999));
#10597 = CARTESIAN_POINT('',(-2.856094732722,-1.094374476709,
    5.499999999999));
#10598 = CARTESIAN_POINT('',(-2.826596581203,-1.063141167063,
    5.499999999999));
#10599 = CARTESIAN_POINT('',(-2.826596581203,-1.026702283746,5.5));
#10600 = ORIENTED_EDGE('',*,*,#10568,.F.);
#10601 = ORIENTED_EDGE('',*,*,#9865,.T.);
#10602 = ORIENTED_EDGE('',*,*,#10561,.T.);
#10603 = B_SPLINE_SURFACE_WITH_KNOTS('',3,1,(
    (#10604,#10605)
    ,(#10606,#10607)
    ,(#10608,#10609)
    ,(#10610,#10611)
    ,(#10612,#10613)
    ,(#10614,#10615
  )),.UNSPECIFIED.,.F.,.F.,.F.,(4,2,4),(2,2),(2.,3.,4.),(0.,1.),
  .UNSPECIFIED.);
#10604 = CARTESIAN_POINT('',(-2.961941033322,-1.026702283746,
    5.509999999999));
#10605 = CARTESIAN_POINT('',(-2.961941033322,-1.026702283746,
    5.499999999999));
#10606 = CARTESIAN_POINT('',(-2.961941033322,-1.063141167063,
    5.509999999999));
#10607 = CARTESIAN_POINT('',(-2.961941033322,-1.063141167063,
    5.499999999999));
#10608 = CARTESIAN_POINT('',(-2.932442881804,-1.094374476709,
    5.509999999999));
#10609 = CARTESIAN_POINT('',(-2.932442881804,-1.094374476709,
    5.499999999999));
#10610 = CARTESIAN_POINT('',(-2.856094732722,-1.094374476709,
    5.509999999999));
#10611 = CARTESIAN_POINT('',(-2.856094732722,-1.094374476709,
    5.499999999999));
#10612 = CARTESIAN_POINT('',(-2.826596581203,-1.063141167063,
    5.509999999999));
#10613 = CARTESIAN_POINT('',(-2.826596581203,-1.063141167063,
    5.499999999999));
#10614 = CARTESIAN_POINT('',(-2.826596581203,-1.026702283746,
    5.509999999999));
#10615 = CARTESIAN_POINT('',(-2.826596581203,-1.026702283746,
    5.499999999999));
#10616 = ADVANCED_FACE('',(#10617),#10621,.T.);
#10617 = FACE_BOUND('',#10618,.T.);
#10618 = EDGE_LOOP('',(#10619,#10620));
#10619 = ORIENTED_EDGE('',*,*,#10547,.T.);
#10620 = ORIENTED_EDGE('',*,*,#10592,.T.);
#10621 = PLANE('',#10622);
#10622 = AXIS2_PLACEMENT_3D('',#10623,#10624,#10625);
#10623 = CARTESIAN_POINT('',(0.,0.,5.5));
#10624 = DIRECTION('',(0.,0.,1.));
#10625 = DIRECTION('',(1.,0.,-0.));
#10626 = ( GEOMETRIC_REPRESENTATION_CONTEXT(3) 
GLOBAL_UNCERTAINTY_ASSIGNED_CONTEXT((#10630)) 
GLOBAL_UNIT_ASSIGNED_CONTEXT((#10627,#10628,#10629)) 
REPRESENTATION_CONTEXT('Context #1',
  '3D Context with UNIT and UNCERTAINTY') );
#10627 = ( LENGTH_UNIT() NAMED_UNIT(*) SI_UNIT(.MILLI.,.METRE.) );
#10628 = ( NAMED_UNIT(*) PLANE_ANGLE_UNIT() SI_UNIT($,.RADIAN.) );
#10629 = ( NAMED_UNIT(*) SI_UNIT($,.STERADIAN.) SOLID_ANGLE_UNIT() );
#10630 = UNCERTAINTY_MEASURE_WITH_UNIT(LENGTH_MEASURE(1.E-07),#10627,
  'distance_accuracy_value','confusion accuracy');
#10631 = CONTEXT_DEPENDENT_SHAPE_REPRESENTATION(#10632,#10634);
#10632 = ( REPRESENTATION_RELATIONSHIP('','',#32,#10) 
REPRESENTATION_RELATIONSHIP_WITH_TRANSFORMATION(#10633) 
SHAPE_REPRESENTATION_RELATIONSHIP() );
#10633 = ITEM_DEFINED_TRANSFORMATION('','',#11,#15);
#10634 = PRODUCT_DEFINITION_SHAPE('Placement','Placement of an item',
  #10635);
#10635 = NEXT_ASSEMBLY_USAGE_OCCURRENCE('4',
  'BUZ-TH_BD9.0-P5.00-D0.6-L-FD~BUZ-TH_BD9.0-P5.00-D0.6-L-FD~Hu4u','',#5
  ,#27,$);
#10636 = PRODUCT_RELATED_PRODUCT_CATEGORY('part',$,(#29));
#10637 = MECHANICAL_DESIGN_GEOMETRIC_PRESENTATION_REPRESENTATION('',(
    #10638,#10649,#10657,#10665,#10672,#10679,#10686,#10693,#10700,
    #10707,#10714,#10721,#10728,#10735,#10742,#10749,#10756,#10763,
    #10770,#10777,#10785,#10792,#10799,#10806,#10813,#10820,#10827,
    #10834,#10841,#10848,#10855,#10862,#10869,#10876,#10883,#10890,
    #10897,#10904,#10911,#10918,#10925,#10932,#10939,#10946,#10953,
    #10960,#10967,#10974,#10981,#10988,#10995,#11002,#11009,#11016,
    #11023,#11030,#11037,#11044,#11051,#11058,#11065,#11072,#11079,
    #11086,#11093,#11100,#11107,#11114,#11121,#11128,#11135,#11142,
    #11149,#11156,#11163,#11170,#11177,#11184,#11191,#11198,#11205,
    #11212,#11219,#11226,#11233,#11240,#11247,#11254,#11261,#11268,
    #11275,#11282,#11289,#11296,#11303,#11310,#11317,#11324,#11331,
    #11338,#11345,#11352,#11359,#11366,#11373,#11380,#11387,#11394,
    #11401,#11408,#11415,#11422,#11429,#11436,#11443,#11450,#11457,
    #11464,#11471,#11478,#11485,#11492,#11499,#11506,#11513,#11520,
    #11527,#11534,#11541,#11548,#11555,#11562,#11569,#11576,#11583,
    #11590,#11597,#11604,#11611,#11618,#11625,#11632,#11639,#11646,
    #11653,#11660,#11667,#11674,#11681,#11688,#11695,#11702,#11709,
    #11716,#11723,#11730,#11737,#11744,#11751,#11758,#11765,#11772,
    #11779,#11786,#11793,#11800,#11807,#11814,#11821,#11828,#11835,
    #11842,#11849,#11856,#11863,#11870,#11877,#11884,#11891,#11898,
    #11905,#11912,#11919,#11926,#11933,#11940,#11947,#11954,#11961,
    #11968,#11975,#11982,#11989,#11996,#12003,#12010,#12017,#12024,
    #12031,#12038,#12045,#12052,#12059,#12066,#12073,#12080,#12087,
    #12094,#12101,#12108,#12115,#12122,#12129,#12136,#12143,#12150,
    #12157,#12164,#12171,#12178,#12185,#12192,#12199,#12206,#12213,
    #12220,#12227,#12234,#12241,#12248,#12255,#12262,#12269,#12276,
    #12283,#12290,#12297,#12304,#12311,#12318,#12325,#12332,#12339,
    #12346,#12353,#12360,#12367,#12374,#12381,#12388,#12395,#12402,
    #12409,#12416,#12423,#12430,#12437,#12444,#12451,#12458,#12465,
    #12472,#12479,#12486,#12493,#12500,#12507,#12514,#12521,#12528,
    #12535,#12542,#12549,#12556,#12563,#12570,#12577,#12584,#12591,
    #12598,#12605,#12612,#12619,#12626,#12633,#12640,#12647,#12654,
    #12661,#12668,#12675,#12682,#12689,#12696,#12703,#12710,#12717,
    #12724,#12731,#12738,#12745,#12752),#10626);
#10638 = STYLED_ITEM('color',(#10639),#33);
#10639 = PRESENTATION_STYLE_ASSIGNMENT((#10640,#10646));
#10640 = SURFACE_STYLE_USAGE(.BOTH.,#10641);
#10641 = SURFACE_SIDE_STYLE('',(#10642));
#10642 = SURFACE_STYLE_FILL_AREA(#10643);
#10643 = FILL_AREA_STYLE('',(#10644));
#10644 = FILL_AREA_STYLE_COLOUR('',#10645);
#10645 = COLOUR_RGB('',0.752941202324,0.752941202324,0.752941202324);
#10646 = CURVE_STYLE('',#10647,POSITIVE_LENGTH_MEASURE(0.1),#10648);
#10647 = DRAUGHTING_PRE_DEFINED_CURVE_FONT('continuous');
#10648 = COLOUR_RGB('',9.803921802644E-02,9.803921802644E-02,
  9.803921802644E-02);
#10649 = OVER_RIDING_STYLED_ITEM('overriding color',(#10650),#77,#10638
  );
#10650 = PRESENTATION_STYLE_ASSIGNMENT((#10651));
#10651 = SURFACE_STYLE_USAGE(.BOTH.,#10652);
#10652 = SURFACE_SIDE_STYLE('',(#10653));
#10653 = SURFACE_STYLE_FILL_AREA(#10654);
#10654 = FILL_AREA_STYLE('',(#10655));
#10655 = FILL_AREA_STYLE_COLOUR('',#10656);
#10656 = COLOUR_RGB('',0.25098037884,0.25098037884,0.25098037884);
#10657 = OVER_RIDING_STYLED_ITEM('overriding color',(#10658),#119,#10638
  );
#10658 = PRESENTATION_STYLE_ASSIGNMENT((#10659));
#10659 = SURFACE_STYLE_USAGE(.BOTH.,#10660);
#10660 = SURFACE_SIDE_STYLE('',(#10661));
#10661 = SURFACE_STYLE_FILL_AREA(#10662);
#10662 = FILL_AREA_STYLE('',(#10663));
#10663 = FILL_AREA_STYLE_COLOUR('',#10664);
#10664 = DRAUGHTING_PRE_DEFINED_COLOUR('white');
#10665 = OVER_RIDING_STYLED_ITEM('overriding color',(#10666),#161,#10638
  );
#10666 = PRESENTATION_STYLE_ASSIGNMENT((#10667));
#10667 = SURFACE_STYLE_USAGE(.BOTH.,#10668);
#10668 = SURFACE_SIDE_STYLE('',(#10669));
#10669 = SURFACE_STYLE_FILL_AREA(#10670);
#10670 = FILL_AREA_STYLE('',(#10671));
#10671 = FILL_AREA_STYLE_COLOUR('',#10664);
#10672 = OVER_RIDING_STYLED_ITEM('overriding color',(#10673),#203,#10638
  );
#10673 = PRESENTATION_STYLE_ASSIGNMENT((#10674));
#10674 = SURFACE_STYLE_USAGE(.BOTH.,#10675);
#10675 = SURFACE_SIDE_STYLE('',(#10676));
#10676 = SURFACE_STYLE_FILL_AREA(#10677);
#10677 = FILL_AREA_STYLE('',(#10678));
#10678 = FILL_AREA_STYLE_COLOUR('',#10656);
#10679 = OVER_RIDING_STYLED_ITEM('overriding color',(#10680),#245,#10638
  );
#10680 = PRESENTATION_STYLE_ASSIGNMENT((#10681));
#10681 = SURFACE_STYLE_USAGE(.BOTH.,#10682);
#10682 = SURFACE_SIDE_STYLE('',(#10683));
#10683 = SURFACE_STYLE_FILL_AREA(#10684);
#10684 = FILL_AREA_STYLE('',(#10685));
#10685 = FILL_AREA_STYLE_COLOUR('',#10656);
#10686 = OVER_RIDING_STYLED_ITEM('overriding color',(#10687),#289,#10638
  );
#10687 = PRESENTATION_STYLE_ASSIGNMENT((#10688));
#10688 = SURFACE_STYLE_USAGE(.BOTH.,#10689);
#10689 = SURFACE_SIDE_STYLE('',(#10690));
#10690 = SURFACE_STYLE_FILL_AREA(#10691);
#10691 = FILL_AREA_STYLE('',(#10692));
#10692 = FILL_AREA_STYLE_COLOUR('',#10656);
#10693 = OVER_RIDING_STYLED_ITEM('overriding color',(#10694),#321,#10638
  );
#10694 = PRESENTATION_STYLE_ASSIGNMENT((#10695));
#10695 = SURFACE_STYLE_USAGE(.BOTH.,#10696);
#10696 = SURFACE_SIDE_STYLE('',(#10697));
#10697 = SURFACE_STYLE_FILL_AREA(#10698);
#10698 = FILL_AREA_STYLE('',(#10699));
#10699 = FILL_AREA_STYLE_COLOUR('',#10656);
#10700 = OVER_RIDING_STYLED_ITEM('overriding color',(#10701),#1815,
  #10638);
#10701 = PRESENTATION_STYLE_ASSIGNMENT((#10702));
#10702 = SURFACE_STYLE_USAGE(.BOTH.,#10703);
#10703 = SURFACE_SIDE_STYLE('',(#10704));
#10704 = SURFACE_STYLE_FILL_AREA(#10705);
#10705 = FILL_AREA_STYLE('',(#10706));
#10706 = FILL_AREA_STYLE_COLOUR('',#10656);
#10707 = OVER_RIDING_STYLED_ITEM('overriding color',(#10708),#2317,
  #10638);
#10708 = PRESENTATION_STYLE_ASSIGNMENT((#10709));
#10709 = SURFACE_STYLE_USAGE(.BOTH.,#10710);
#10710 = SURFACE_SIDE_STYLE('',(#10711));
#10711 = SURFACE_STYLE_FILL_AREA(#10712);
#10712 = FILL_AREA_STYLE('',(#10713));
#10713 = FILL_AREA_STYLE_COLOUR('',#10656);
#10714 = OVER_RIDING_STYLED_ITEM('overriding color',(#10715),#2341,
  #10638);
#10715 = PRESENTATION_STYLE_ASSIGNMENT((#10716));
#10716 = SURFACE_STYLE_USAGE(.BOTH.,#10717);
#10717 = SURFACE_SIDE_STYLE('',(#10718));
#10718 = SURFACE_STYLE_FILL_AREA(#10719);
#10719 = FILL_AREA_STYLE('',(#10720));
#10720 = FILL_AREA_STYLE_COLOUR('',#10656);
#10721 = OVER_RIDING_STYLED_ITEM('overriding color',(#10722),#2361,
  #10638);
#10722 = PRESENTATION_STYLE_ASSIGNMENT((#10723));
#10723 = SURFACE_STYLE_USAGE(.BOTH.,#10724);
#10724 = SURFACE_SIDE_STYLE('',(#10725));
#10725 = SURFACE_STYLE_FILL_AREA(#10726);
#10726 = FILL_AREA_STYLE('',(#10727));
#10727 = FILL_AREA_STYLE_COLOUR('',#10656);
#10728 = OVER_RIDING_STYLED_ITEM('overriding color',(#10729),#2373,
  #10638);
#10729 = PRESENTATION_STYLE_ASSIGNMENT((#10730));
#10730 = SURFACE_STYLE_USAGE(.BOTH.,#10731);
#10731 = SURFACE_SIDE_STYLE('',(#10732));
#10732 = SURFACE_STYLE_FILL_AREA(#10733);
#10733 = FILL_AREA_STYLE('',(#10734));
#10734 = FILL_AREA_STYLE_COLOUR('',#10656);
#10735 = OVER_RIDING_STYLED_ITEM('overriding color',(#10736),#2385,
  #10638);
#10736 = PRESENTATION_STYLE_ASSIGNMENT((#10737));
#10737 = SURFACE_STYLE_USAGE(.BOTH.,#10738);
#10738 = SURFACE_SIDE_STYLE('',(#10739));
#10739 = SURFACE_STYLE_FILL_AREA(#10740);
#10740 = FILL_AREA_STYLE('',(#10741));
#10741 = FILL_AREA_STYLE_COLOUR('',#10664);
#10742 = OVER_RIDING_STYLED_ITEM('overriding color',(#10743),#2403,
  #10638);
#10743 = PRESENTATION_STYLE_ASSIGNMENT((#10744));
#10744 = SURFACE_STYLE_USAGE(.BOTH.,#10745);
#10745 = SURFACE_SIDE_STYLE('',(#10746));
#10746 = SURFACE_STYLE_FILL_AREA(#10747);
#10747 = FILL_AREA_STYLE('',(#10748));
#10748 = FILL_AREA_STYLE_COLOUR('',#10664);
#10749 = OVER_RIDING_STYLED_ITEM('overriding color',(#10750),#2413,
  #10638);
#10750 = PRESENTATION_STYLE_ASSIGNMENT((#10751));
#10751 = SURFACE_STYLE_USAGE(.BOTH.,#10752);
#10752 = SURFACE_SIDE_STYLE('',(#10753));
#10753 = SURFACE_STYLE_FILL_AREA(#10754);
#10754 = FILL_AREA_STYLE('',(#10755));
#10755 = FILL_AREA_STYLE_COLOUR('',#10664);
#10756 = OVER_RIDING_STYLED_ITEM('overriding color',(#10757),#2431,
  #10638);
#10757 = PRESENTATION_STYLE_ASSIGNMENT((#10758));
#10758 = SURFACE_STYLE_USAGE(.BOTH.,#10759);
#10759 = SURFACE_SIDE_STYLE('',(#10760));
#10760 = SURFACE_STYLE_FILL_AREA(#10761);
#10761 = FILL_AREA_STYLE('',(#10762));
#10762 = FILL_AREA_STYLE_COLOUR('',#10664);
#10763 = OVER_RIDING_STYLED_ITEM('overriding color',(#10764),#2441,
  #10638);
#10764 = PRESENTATION_STYLE_ASSIGNMENT((#10765));
#10765 = SURFACE_STYLE_USAGE(.BOTH.,#10766);
#10766 = SURFACE_SIDE_STYLE('',(#10767));
#10767 = SURFACE_STYLE_FILL_AREA(#10768);
#10768 = FILL_AREA_STYLE('',(#10769));
#10769 = FILL_AREA_STYLE_COLOUR('',#10656);
#10770 = OVER_RIDING_STYLED_ITEM('overriding color',(#10771),#2459,
  #10638);
#10771 = PRESENTATION_STYLE_ASSIGNMENT((#10772));
#10772 = SURFACE_STYLE_USAGE(.BOTH.,#10773);
#10773 = SURFACE_SIDE_STYLE('',(#10774));
#10774 = SURFACE_STYLE_FILL_AREA(#10775);
#10775 = FILL_AREA_STYLE('',(#10776));
#10776 = FILL_AREA_STYLE_COLOUR('',#10656);
#10777 = OVER_RIDING_STYLED_ITEM('overriding color',(#10778),#2497,
  #10638);
#10778 = PRESENTATION_STYLE_ASSIGNMENT((#10779));
#10779 = SURFACE_STYLE_USAGE(.BOTH.,#10780);
#10780 = SURFACE_SIDE_STYLE('',(#10781));
#10781 = SURFACE_STYLE_FILL_AREA(#10782);
#10782 = FILL_AREA_STYLE('',(#10783));
#10783 = FILL_AREA_STYLE_COLOUR('',#10784);
#10784 = DRAUGHTING_PRE_DEFINED_COLOUR('black');
#10785 = OVER_RIDING_STYLED_ITEM('overriding color',(#10786),#2528,
  #10638);
#10786 = PRESENTATION_STYLE_ASSIGNMENT((#10787));
#10787 = SURFACE_STYLE_USAGE(.BOTH.,#10788);
#10788 = SURFACE_SIDE_STYLE('',(#10789));
#10789 = SURFACE_STYLE_FILL_AREA(#10790);
#10790 = FILL_AREA_STYLE('',(#10791));
#10791 = FILL_AREA_STYLE_COLOUR('',#10784);
#10792 = OVER_RIDING_STYLED_ITEM('overriding color',(#10793),#2552,
  #10638);
#10793 = PRESENTATION_STYLE_ASSIGNMENT((#10794));
#10794 = SURFACE_STYLE_USAGE(.BOTH.,#10795);
#10795 = SURFACE_SIDE_STYLE('',(#10796));
#10796 = SURFACE_STYLE_FILL_AREA(#10797);
#10797 = FILL_AREA_STYLE('',(#10798));
#10798 = FILL_AREA_STYLE_COLOUR('',#10784);
#10799 = OVER_RIDING_STYLED_ITEM('overriding color',(#10800),#2576,
  #10638);
#10800 = PRESENTATION_STYLE_ASSIGNMENT((#10801));
#10801 = SURFACE_STYLE_USAGE(.BOTH.,#10802);
#10802 = SURFACE_SIDE_STYLE('',(#10803));
#10803 = SURFACE_STYLE_FILL_AREA(#10804);
#10804 = FILL_AREA_STYLE('',(#10805));
#10805 = FILL_AREA_STYLE_COLOUR('',#10784);
#10806 = OVER_RIDING_STYLED_ITEM('overriding color',(#10807),#2600,
  #10638);
#10807 = PRESENTATION_STYLE_ASSIGNMENT((#10808));
#10808 = SURFACE_STYLE_USAGE(.BOTH.,#10809);
#10809 = SURFACE_SIDE_STYLE('',(#10810));
#10810 = SURFACE_STYLE_FILL_AREA(#10811);
#10811 = FILL_AREA_STYLE('',(#10812));
#10812 = FILL_AREA_STYLE_COLOUR('',#10784);
#10813 = OVER_RIDING_STYLED_ITEM('overriding color',(#10814),#2624,
  #10638);
#10814 = PRESENTATION_STYLE_ASSIGNMENT((#10815));
#10815 = SURFACE_STYLE_USAGE(.BOTH.,#10816);
#10816 = SURFACE_SIDE_STYLE('',(#10817));
#10817 = SURFACE_STYLE_FILL_AREA(#10818);
#10818 = FILL_AREA_STYLE('',(#10819));
#10819 = FILL_AREA_STYLE_COLOUR('',#10784);
#10820 = OVER_RIDING_STYLED_ITEM('overriding color',(#10821),#2648,
  #10638);
#10821 = PRESENTATION_STYLE_ASSIGNMENT((#10822));
#10822 = SURFACE_STYLE_USAGE(.BOTH.,#10823);
#10823 = SURFACE_SIDE_STYLE('',(#10824));
#10824 = SURFACE_STYLE_FILL_AREA(#10825);
#10825 = FILL_AREA_STYLE('',(#10826));
#10826 = FILL_AREA_STYLE_COLOUR('',#10784);
#10827 = OVER_RIDING_STYLED_ITEM('overriding color',(#10828),#2672,
  #10638);
#10828 = PRESENTATION_STYLE_ASSIGNMENT((#10829));
#10829 = SURFACE_STYLE_USAGE(.BOTH.,#10830);
#10830 = SURFACE_SIDE_STYLE('',(#10831));
#10831 = SURFACE_STYLE_FILL_AREA(#10832);
#10832 = FILL_AREA_STYLE('',(#10833));
#10833 = FILL_AREA_STYLE_COLOUR('',#10784);
#10834 = OVER_RIDING_STYLED_ITEM('overriding color',(#10835),#2689,
  #10638);
#10835 = PRESENTATION_STYLE_ASSIGNMENT((#10836));
#10836 = SURFACE_STYLE_USAGE(.BOTH.,#10837);
#10837 = SURFACE_SIDE_STYLE('',(#10838));
#10838 = SURFACE_STYLE_FILL_AREA(#10839);
#10839 = FILL_AREA_STYLE('',(#10840));
#10840 = FILL_AREA_STYLE_COLOUR('',#10784);
#10841 = OVER_RIDING_STYLED_ITEM('overriding color',(#10842),#2763,
  #10638);
#10842 = PRESENTATION_STYLE_ASSIGNMENT((#10843));
#10843 = SURFACE_STYLE_USAGE(.BOTH.,#10844);
#10844 = SURFACE_SIDE_STYLE('',(#10845));
#10845 = SURFACE_STYLE_FILL_AREA(#10846);
#10846 = FILL_AREA_STYLE('',(#10847));
#10847 = FILL_AREA_STYLE_COLOUR('',#10784);
#10848 = OVER_RIDING_STYLED_ITEM('overriding color',(#10849),#2794,
  #10638);
#10849 = PRESENTATION_STYLE_ASSIGNMENT((#10850));
#10850 = SURFACE_STYLE_USAGE(.BOTH.,#10851);
#10851 = SURFACE_SIDE_STYLE('',(#10852));
#10852 = SURFACE_STYLE_FILL_AREA(#10853);
#10853 = FILL_AREA_STYLE('',(#10854));
#10854 = FILL_AREA_STYLE_COLOUR('',#10784);
#10855 = OVER_RIDING_STYLED_ITEM('overriding color',(#10856),#2818,
  #10638);
#10856 = PRESENTATION_STYLE_ASSIGNMENT((#10857));
#10857 = SURFACE_STYLE_USAGE(.BOTH.,#10858);
#10858 = SURFACE_SIDE_STYLE('',(#10859));
#10859 = SURFACE_STYLE_FILL_AREA(#10860);
#10860 = FILL_AREA_STYLE('',(#10861));
#10861 = FILL_AREA_STYLE_COLOUR('',#10784);
#10862 = OVER_RIDING_STYLED_ITEM('overriding color',(#10863),#2856,
  #10638);
#10863 = PRESENTATION_STYLE_ASSIGNMENT((#10864));
#10864 = SURFACE_STYLE_USAGE(.BOTH.,#10865);
#10865 = SURFACE_SIDE_STYLE('',(#10866));
#10866 = SURFACE_STYLE_FILL_AREA(#10867);
#10867 = FILL_AREA_STYLE('',(#10868));
#10868 = FILL_AREA_STYLE_COLOUR('',#10784);
#10869 = OVER_RIDING_STYLED_ITEM('overriding color',(#10870),#2880,
  #10638);
#10870 = PRESENTATION_STYLE_ASSIGNMENT((#10871));
#10871 = SURFACE_STYLE_USAGE(.BOTH.,#10872);
#10872 = SURFACE_SIDE_STYLE('',(#10873));
#10873 = SURFACE_STYLE_FILL_AREA(#10874);
#10874 = FILL_AREA_STYLE('',(#10875));
#10875 = FILL_AREA_STYLE_COLOUR('',#10784);
#10876 = OVER_RIDING_STYLED_ITEM('overriding color',(#10877),#2918,
  #10638);
#10877 = PRESENTATION_STYLE_ASSIGNMENT((#10878));
#10878 = SURFACE_STYLE_USAGE(.BOTH.,#10879);
#10879 = SURFACE_SIDE_STYLE('',(#10880));
#10880 = SURFACE_STYLE_FILL_AREA(#10881);
#10881 = FILL_AREA_STYLE('',(#10882));
#10882 = FILL_AREA_STYLE_COLOUR('',#10784);
#10883 = OVER_RIDING_STYLED_ITEM('overriding color',(#10884),#2935,
  #10638);
#10884 = PRESENTATION_STYLE_ASSIGNMENT((#10885));
#10885 = SURFACE_STYLE_USAGE(.BOTH.,#10886);
#10886 = SURFACE_SIDE_STYLE('',(#10887));
#10887 = SURFACE_STYLE_FILL_AREA(#10888);
#10888 = FILL_AREA_STYLE('',(#10889));
#10889 = FILL_AREA_STYLE_COLOUR('',#10784);
#10890 = OVER_RIDING_STYLED_ITEM('overriding color',(#10891),#2966,
  #10638);
#10891 = PRESENTATION_STYLE_ASSIGNMENT((#10892));
#10892 = SURFACE_STYLE_USAGE(.BOTH.,#10893);
#10893 = SURFACE_SIDE_STYLE('',(#10894));
#10894 = SURFACE_STYLE_FILL_AREA(#10895);
#10895 = FILL_AREA_STYLE('',(#10896));
#10896 = FILL_AREA_STYLE_COLOUR('',#10784);
#10897 = OVER_RIDING_STYLED_ITEM('overriding color',(#10898),#2990,
  #10638);
#10898 = PRESENTATION_STYLE_ASSIGNMENT((#10899));
#10899 = SURFACE_STYLE_USAGE(.BOTH.,#10900);
#10900 = SURFACE_SIDE_STYLE('',(#10901));
#10901 = SURFACE_STYLE_FILL_AREA(#10902);
#10902 = FILL_AREA_STYLE('',(#10903));
#10903 = FILL_AREA_STYLE_COLOUR('',#10784);
#10904 = OVER_RIDING_STYLED_ITEM('overriding color',(#10905),#3014,
  #10638);
#10905 = PRESENTATION_STYLE_ASSIGNMENT((#10906));
#10906 = SURFACE_STYLE_USAGE(.BOTH.,#10907);
#10907 = SURFACE_SIDE_STYLE('',(#10908));
#10908 = SURFACE_STYLE_FILL_AREA(#10909);
#10909 = FILL_AREA_STYLE('',(#10910));
#10910 = FILL_AREA_STYLE_COLOUR('',#10784);
#10911 = OVER_RIDING_STYLED_ITEM('overriding color',(#10912),#3088,
  #10638);
#10912 = PRESENTATION_STYLE_ASSIGNMENT((#10913));
#10913 = SURFACE_STYLE_USAGE(.BOTH.,#10914);
#10914 = SURFACE_SIDE_STYLE('',(#10915));
#10915 = SURFACE_STYLE_FILL_AREA(#10916);
#10916 = FILL_AREA_STYLE('',(#10917));
#10917 = FILL_AREA_STYLE_COLOUR('',#10784);
#10918 = OVER_RIDING_STYLED_ITEM('overriding color',(#10919),#3155,
  #10638);
#10919 = PRESENTATION_STYLE_ASSIGNMENT((#10920));
#10920 = SURFACE_STYLE_USAGE(.BOTH.,#10921);
#10921 = SURFACE_SIDE_STYLE('',(#10922));
#10922 = SURFACE_STYLE_FILL_AREA(#10923);
#10923 = FILL_AREA_STYLE('',(#10924));
#10924 = FILL_AREA_STYLE_COLOUR('',#10784);
#10925 = OVER_RIDING_STYLED_ITEM('overriding color',(#10926),#3242,
  #10638);
#10926 = PRESENTATION_STYLE_ASSIGNMENT((#10927));
#10927 = SURFACE_STYLE_USAGE(.BOTH.,#10928);
#10928 = SURFACE_SIDE_STYLE('',(#10929));
#10929 = SURFACE_STYLE_FILL_AREA(#10930);
#10930 = FILL_AREA_STYLE('',(#10931));
#10931 = FILL_AREA_STYLE_COLOUR('',#10784);
#10932 = OVER_RIDING_STYLED_ITEM('overriding color',(#10933),#3273,
  #10638);
#10933 = PRESENTATION_STYLE_ASSIGNMENT((#10934));
#10934 = SURFACE_STYLE_USAGE(.BOTH.,#10935);
#10935 = SURFACE_SIDE_STYLE('',(#10936));
#10936 = SURFACE_STYLE_FILL_AREA(#10937);
#10937 = FILL_AREA_STYLE('',(#10938));
#10938 = FILL_AREA_STYLE_COLOUR('',#10784);
#10939 = OVER_RIDING_STYLED_ITEM('overriding color',(#10940),#3347,
  #10638);
#10940 = PRESENTATION_STYLE_ASSIGNMENT((#10941));
#10941 = SURFACE_STYLE_USAGE(.BOTH.,#10942);
#10942 = SURFACE_SIDE_STYLE('',(#10943));
#10943 = SURFACE_STYLE_FILL_AREA(#10944);
#10944 = FILL_AREA_STYLE('',(#10945));
#10945 = FILL_AREA_STYLE_COLOUR('',#10784);
#10946 = OVER_RIDING_STYLED_ITEM('overriding color',(#10947),#3421,
  #10638);
#10947 = PRESENTATION_STYLE_ASSIGNMENT((#10948));
#10948 = SURFACE_STYLE_USAGE(.BOTH.,#10949);
#10949 = SURFACE_SIDE_STYLE('',(#10950));
#10950 = SURFACE_STYLE_FILL_AREA(#10951);
#10951 = FILL_AREA_STYLE('',(#10952));
#10952 = FILL_AREA_STYLE_COLOUR('',#10784);
#10953 = OVER_RIDING_STYLED_ITEM('overriding color',(#10954),#3445,
  #10638);
#10954 = PRESENTATION_STYLE_ASSIGNMENT((#10955));
#10955 = SURFACE_STYLE_USAGE(.BOTH.,#10956);
#10956 = SURFACE_SIDE_STYLE('',(#10957));
#10957 = SURFACE_STYLE_FILL_AREA(#10958);
#10958 = FILL_AREA_STYLE('',(#10959));
#10959 = FILL_AREA_STYLE_COLOUR('',#10784);
#10960 = OVER_RIDING_STYLED_ITEM('overriding color',(#10961),#3462,
  #10638);
#10961 = PRESENTATION_STYLE_ASSIGNMENT((#10962));
#10962 = SURFACE_STYLE_USAGE(.BOTH.,#10963);
#10963 = SURFACE_SIDE_STYLE('',(#10964));
#10964 = SURFACE_STYLE_FILL_AREA(#10965);
#10965 = FILL_AREA_STYLE('',(#10966));
#10966 = FILL_AREA_STYLE_COLOUR('',#10784);
#10967 = OVER_RIDING_STYLED_ITEM('overriding color',(#10968),#3493,
  #10638);
#10968 = PRESENTATION_STYLE_ASSIGNMENT((#10969));
#10969 = SURFACE_STYLE_USAGE(.BOTH.,#10970);
#10970 = SURFACE_SIDE_STYLE('',(#10971));
#10971 = SURFACE_STYLE_FILL_AREA(#10972);
#10972 = FILL_AREA_STYLE('',(#10973));
#10973 = FILL_AREA_STYLE_COLOUR('',#10784);
#10974 = OVER_RIDING_STYLED_ITEM('overriding color',(#10975),#3517,
  #10638);
#10975 = PRESENTATION_STYLE_ASSIGNMENT((#10976));
#10976 = SURFACE_STYLE_USAGE(.BOTH.,#10977);
#10977 = SURFACE_SIDE_STYLE('',(#10978));
#10978 = SURFACE_STYLE_FILL_AREA(#10979);
#10979 = FILL_AREA_STYLE('',(#10980));
#10980 = FILL_AREA_STYLE_COLOUR('',#10784);
#10981 = OVER_RIDING_STYLED_ITEM('overriding color',(#10982),#3541,
  #10638);
#10982 = PRESENTATION_STYLE_ASSIGNMENT((#10983));
#10983 = SURFACE_STYLE_USAGE(.BOTH.,#10984);
#10984 = SURFACE_SIDE_STYLE('',(#10985));
#10985 = SURFACE_STYLE_FILL_AREA(#10986);
#10986 = FILL_AREA_STYLE('',(#10987));
#10987 = FILL_AREA_STYLE_COLOUR('',#10784);
#10988 = OVER_RIDING_STYLED_ITEM('overriding color',(#10989),#3565,
  #10638);
#10989 = PRESENTATION_STYLE_ASSIGNMENT((#10990));
#10990 = SURFACE_STYLE_USAGE(.BOTH.,#10991);
#10991 = SURFACE_SIDE_STYLE('',(#10992));
#10992 = SURFACE_STYLE_FILL_AREA(#10993);
#10993 = FILL_AREA_STYLE('',(#10994));
#10994 = FILL_AREA_STYLE_COLOUR('',#10784);
#10995 = OVER_RIDING_STYLED_ITEM('overriding color',(#10996),#3589,
  #10638);
#10996 = PRESENTATION_STYLE_ASSIGNMENT((#10997));
#10997 = SURFACE_STYLE_USAGE(.BOTH.,#10998);
#10998 = SURFACE_SIDE_STYLE('',(#10999));
#10999 = SURFACE_STYLE_FILL_AREA(#11000);
#11000 = FILL_AREA_STYLE('',(#11001));
#11001 = FILL_AREA_STYLE_COLOUR('',#10784);
#11002 = OVER_RIDING_STYLED_ITEM('overriding color',(#11003),#3613,
  #10638);
#11003 = PRESENTATION_STYLE_ASSIGNMENT((#11004));
#11004 = SURFACE_STYLE_USAGE(.BOTH.,#11005);
#11005 = SURFACE_SIDE_STYLE('',(#11006));
#11006 = SURFACE_STYLE_FILL_AREA(#11007);
#11007 = FILL_AREA_STYLE('',(#11008));
#11008 = FILL_AREA_STYLE_COLOUR('',#10784);
#11009 = OVER_RIDING_STYLED_ITEM('overriding color',(#11010),#3637,
  #10638);
#11010 = PRESENTATION_STYLE_ASSIGNMENT((#11011));
#11011 = SURFACE_STYLE_USAGE(.BOTH.,#11012);
#11012 = SURFACE_SIDE_STYLE('',(#11013));
#11013 = SURFACE_STYLE_FILL_AREA(#11014);
#11014 = FILL_AREA_STYLE('',(#11015));
#11015 = FILL_AREA_STYLE_COLOUR('',#10784);
#11016 = OVER_RIDING_STYLED_ITEM('overriding color',(#11017),#3661,
  #10638);
#11017 = PRESENTATION_STYLE_ASSIGNMENT((#11018));
#11018 = SURFACE_STYLE_USAGE(.BOTH.,#11019);
#11019 = SURFACE_SIDE_STYLE('',(#11020));
#11020 = SURFACE_STYLE_FILL_AREA(#11021);
#11021 = FILL_AREA_STYLE('',(#11022));
#11022 = FILL_AREA_STYLE_COLOUR('',#10784);
#11023 = OVER_RIDING_STYLED_ITEM('overriding color',(#11024),#3685,
  #10638);
#11024 = PRESENTATION_STYLE_ASSIGNMENT((#11025));
#11025 = SURFACE_STYLE_USAGE(.BOTH.,#11026);
#11026 = SURFACE_SIDE_STYLE('',(#11027));
#11027 = SURFACE_STYLE_FILL_AREA(#11028);
#11028 = FILL_AREA_STYLE('',(#11029));
#11029 = FILL_AREA_STYLE_COLOUR('',#10784);
#11030 = OVER_RIDING_STYLED_ITEM('overriding color',(#11031),#3709,
  #10638);
#11031 = PRESENTATION_STYLE_ASSIGNMENT((#11032));
#11032 = SURFACE_STYLE_USAGE(.BOTH.,#11033);
#11033 = SURFACE_SIDE_STYLE('',(#11034));
#11034 = SURFACE_STYLE_FILL_AREA(#11035);
#11035 = FILL_AREA_STYLE('',(#11036));
#11036 = FILL_AREA_STYLE_COLOUR('',#10784);
#11037 = OVER_RIDING_STYLED_ITEM('overriding color',(#11038),#3733,
  #10638);
#11038 = PRESENTATION_STYLE_ASSIGNMENT((#11039));
#11039 = SURFACE_STYLE_USAGE(.BOTH.,#11040);
#11040 = SURFACE_SIDE_STYLE('',(#11041));
#11041 = SURFACE_STYLE_FILL_AREA(#11042);
#11042 = FILL_AREA_STYLE('',(#11043));
#11043 = FILL_AREA_STYLE_COLOUR('',#10784);
#11044 = OVER_RIDING_STYLED_ITEM('overriding color',(#11045),#3750,
  #10638);
#11045 = PRESENTATION_STYLE_ASSIGNMENT((#11046));
#11046 = SURFACE_STYLE_USAGE(.BOTH.,#11047);
#11047 = SURFACE_SIDE_STYLE('',(#11048));
#11048 = SURFACE_STYLE_FILL_AREA(#11049);
#11049 = FILL_AREA_STYLE('',(#11050));
#11050 = FILL_AREA_STYLE_COLOUR('',#10784);
#11051 = OVER_RIDING_STYLED_ITEM('overriding color',(#11052),#3770,
  #10638);
#11052 = PRESENTATION_STYLE_ASSIGNMENT((#11053));
#11053 = SURFACE_STYLE_USAGE(.BOTH.,#11054);
#11054 = SURFACE_SIDE_STYLE('',(#11055));
#11055 = SURFACE_STYLE_FILL_AREA(#11056);
#11056 = FILL_AREA_STYLE('',(#11057));
#11057 = FILL_AREA_STYLE_COLOUR('',#10784);
#11058 = OVER_RIDING_STYLED_ITEM('overriding color',(#11059),#3801,
  #10638);
#11059 = PRESENTATION_STYLE_ASSIGNMENT((#11060));
#11060 = SURFACE_STYLE_USAGE(.BOTH.,#11061);
#11061 = SURFACE_SIDE_STYLE('',(#11062));
#11062 = SURFACE_STYLE_FILL_AREA(#11063);
#11063 = FILL_AREA_STYLE('',(#11064));
#11064 = FILL_AREA_STYLE_COLOUR('',#10784);
#11065 = OVER_RIDING_STYLED_ITEM('overriding color',(#11066),#3851,
  #10638);
#11066 = PRESENTATION_STYLE_ASSIGNMENT((#11067));
#11067 = SURFACE_STYLE_USAGE(.BOTH.,#11068);
#11068 = SURFACE_SIDE_STYLE('',(#11069));
#11069 = SURFACE_STYLE_FILL_AREA(#11070);
#11070 = FILL_AREA_STYLE('',(#11071));
#11071 = FILL_AREA_STYLE_COLOUR('',#10784);
#11072 = OVER_RIDING_STYLED_ITEM('overriding color',(#11073),#3925,
  #10638);
#11073 = PRESENTATION_STYLE_ASSIGNMENT((#11074));
#11074 = SURFACE_STYLE_USAGE(.BOTH.,#11075);
#11075 = SURFACE_SIDE_STYLE('',(#11076));
#11076 = SURFACE_STYLE_FILL_AREA(#11077);
#11077 = FILL_AREA_STYLE('',(#11078));
#11078 = FILL_AREA_STYLE_COLOUR('',#10784);
#11079 = OVER_RIDING_STYLED_ITEM('overriding color',(#11080),#3999,
  #10638);
#11080 = PRESENTATION_STYLE_ASSIGNMENT((#11081));
#11081 = SURFACE_STYLE_USAGE(.BOTH.,#11082);
#11082 = SURFACE_SIDE_STYLE('',(#11083));
#11083 = SURFACE_STYLE_FILL_AREA(#11084);
#11084 = FILL_AREA_STYLE('',(#11085));
#11085 = FILL_AREA_STYLE_COLOUR('',#10784);
#11086 = OVER_RIDING_STYLED_ITEM('overriding color',(#11087),#4049,
  #10638);
#11087 = PRESENTATION_STYLE_ASSIGNMENT((#11088));
#11088 = SURFACE_STYLE_USAGE(.BOTH.,#11089);
#11089 = SURFACE_SIDE_STYLE('',(#11090));
#11090 = SURFACE_STYLE_FILL_AREA(#11091);
#11091 = FILL_AREA_STYLE('',(#11092));
#11092 = FILL_AREA_STYLE_COLOUR('',#10784);
#11093 = OVER_RIDING_STYLED_ITEM('overriding color',(#11094),#4073,
  #10638);
#11094 = PRESENTATION_STYLE_ASSIGNMENT((#11095));
#11095 = SURFACE_STYLE_USAGE(.BOTH.,#11096);
#11096 = SURFACE_SIDE_STYLE('',(#11097));
#11097 = SURFACE_STYLE_FILL_AREA(#11098);
#11098 = FILL_AREA_STYLE('',(#11099));
#11099 = FILL_AREA_STYLE_COLOUR('',#10784);
#11100 = OVER_RIDING_STYLED_ITEM('overriding color',(#11101),#4123,
  #10638);
#11101 = PRESENTATION_STYLE_ASSIGNMENT((#11102));
#11102 = SURFACE_STYLE_USAGE(.BOTH.,#11103);
#11103 = SURFACE_SIDE_STYLE('',(#11104));
#11104 = SURFACE_STYLE_FILL_AREA(#11105);
#11105 = FILL_AREA_STYLE('',(#11106));
#11106 = FILL_AREA_STYLE_COLOUR('',#10784);
#11107 = OVER_RIDING_STYLED_ITEM('overriding color',(#11108),#4197,
  #10638);
#11108 = PRESENTATION_STYLE_ASSIGNMENT((#11109));
#11109 = SURFACE_STYLE_USAGE(.BOTH.,#11110);
#11110 = SURFACE_SIDE_STYLE('',(#11111));
#11111 = SURFACE_STYLE_FILL_AREA(#11112);
#11112 = FILL_AREA_STYLE('',(#11113));
#11113 = FILL_AREA_STYLE_COLOUR('',#10784);
#11114 = OVER_RIDING_STYLED_ITEM('overriding color',(#11115),#4271,
  #10638);
#11115 = PRESENTATION_STYLE_ASSIGNMENT((#11116));
#11116 = SURFACE_STYLE_USAGE(.BOTH.,#11117);
#11117 = SURFACE_SIDE_STYLE('',(#11118));
#11118 = SURFACE_STYLE_FILL_AREA(#11119);
#11119 = FILL_AREA_STYLE('',(#11120));
#11120 = FILL_AREA_STYLE_COLOUR('',#10784);
#11121 = OVER_RIDING_STYLED_ITEM('overriding color',(#11122),#4314,
  #10638);
#11122 = PRESENTATION_STYLE_ASSIGNMENT((#11123));
#11123 = SURFACE_STYLE_USAGE(.BOTH.,#11124);
#11124 = SURFACE_SIDE_STYLE('',(#11125));
#11125 = SURFACE_STYLE_FILL_AREA(#11126);
#11126 = FILL_AREA_STYLE('',(#11127));
#11127 = FILL_AREA_STYLE_COLOUR('',#10784);
#11128 = OVER_RIDING_STYLED_ITEM('overriding color',(#11129),#4332,
  #10638);
#11129 = PRESENTATION_STYLE_ASSIGNMENT((#11130));
#11130 = SURFACE_STYLE_USAGE(.BOTH.,#11131);
#11131 = SURFACE_SIDE_STYLE('',(#11132));
#11132 = SURFACE_STYLE_FILL_AREA(#11133);
#11133 = FILL_AREA_STYLE('',(#11134));
#11134 = FILL_AREA_STYLE_COLOUR('',#10784);
#11135 = OVER_RIDING_STYLED_ITEM('overriding color',(#11136),#4363,
  #10638);
#11136 = PRESENTATION_STYLE_ASSIGNMENT((#11137));
#11137 = SURFACE_STYLE_USAGE(.BOTH.,#11138);
#11138 = SURFACE_SIDE_STYLE('',(#11139));
#11139 = SURFACE_STYLE_FILL_AREA(#11140);
#11140 = FILL_AREA_STYLE('',(#11141));
#11141 = FILL_AREA_STYLE_COLOUR('',#10784);
#11142 = OVER_RIDING_STYLED_ITEM('overriding color',(#11143),#4387,
  #10638);
#11143 = PRESENTATION_STYLE_ASSIGNMENT((#11144));
#11144 = SURFACE_STYLE_USAGE(.BOTH.,#11145);
#11145 = SURFACE_SIDE_STYLE('',(#11146));
#11146 = SURFACE_STYLE_FILL_AREA(#11147);
#11147 = FILL_AREA_STYLE('',(#11148));
#11148 = FILL_AREA_STYLE_COLOUR('',#10784);
#11149 = OVER_RIDING_STYLED_ITEM('overriding color',(#11150),#4411,
  #10638);
#11150 = PRESENTATION_STYLE_ASSIGNMENT((#11151));
#11151 = SURFACE_STYLE_USAGE(.BOTH.,#11152);
#11152 = SURFACE_SIDE_STYLE('',(#11153));
#11153 = SURFACE_STYLE_FILL_AREA(#11154);
#11154 = FILL_AREA_STYLE('',(#11155));
#11155 = FILL_AREA_STYLE_COLOUR('',#10784);
#11156 = OVER_RIDING_STYLED_ITEM('overriding color',(#11157),#4435,
  #10638);
#11157 = PRESENTATION_STYLE_ASSIGNMENT((#11158));
#11158 = SURFACE_STYLE_USAGE(.BOTH.,#11159);
#11159 = SURFACE_SIDE_STYLE('',(#11160));
#11160 = SURFACE_STYLE_FILL_AREA(#11161);
#11161 = FILL_AREA_STYLE('',(#11162));
#11162 = FILL_AREA_STYLE_COLOUR('',#10784);
#11163 = OVER_RIDING_STYLED_ITEM('overriding color',(#11164),#4459,
  #10638);
#11164 = PRESENTATION_STYLE_ASSIGNMENT((#11165));
#11165 = SURFACE_STYLE_USAGE(.BOTH.,#11166);
#11166 = SURFACE_SIDE_STYLE('',(#11167));
#11167 = SURFACE_STYLE_FILL_AREA(#11168);
#11168 = FILL_AREA_STYLE('',(#11169));
#11169 = FILL_AREA_STYLE_COLOUR('',#10784);
#11170 = OVER_RIDING_STYLED_ITEM('overriding color',(#11171),#4476,
  #10638);
#11171 = PRESENTATION_STYLE_ASSIGNMENT((#11172));
#11172 = SURFACE_STYLE_USAGE(.BOTH.,#11173);
#11173 = SURFACE_SIDE_STYLE('',(#11174));
#11174 = SURFACE_STYLE_FILL_AREA(#11175);
#11175 = FILL_AREA_STYLE('',(#11176));
#11176 = FILL_AREA_STYLE_COLOUR('',#10784);
#11177 = OVER_RIDING_STYLED_ITEM('overriding color',(#11178),#4490,
  #10638);
#11178 = PRESENTATION_STYLE_ASSIGNMENT((#11179));
#11179 = SURFACE_STYLE_USAGE(.BOTH.,#11180);
#11180 = SURFACE_SIDE_STYLE('',(#11181));
#11181 = SURFACE_STYLE_FILL_AREA(#11182);
#11182 = FILL_AREA_STYLE('',(#11183));
#11183 = FILL_AREA_STYLE_COLOUR('',#10656);
#11184 = OVER_RIDING_STYLED_ITEM('overriding color',(#11185),#4504,
  #10638);
#11185 = PRESENTATION_STYLE_ASSIGNMENT((#11186));
#11186 = SURFACE_STYLE_USAGE(.BOTH.,#11187);
#11187 = SURFACE_SIDE_STYLE('',(#11188));
#11188 = SURFACE_STYLE_FILL_AREA(#11189);
#11189 = FILL_AREA_STYLE('',(#11190));
#11190 = FILL_AREA_STYLE_COLOUR('',#10656);
#11191 = OVER_RIDING_STYLED_ITEM('overriding color',(#11192),#4517,
  #10638);
#11192 = PRESENTATION_STYLE_ASSIGNMENT((#11193));
#11193 = SURFACE_STYLE_USAGE(.BOTH.,#11194);
#11194 = SURFACE_SIDE_STYLE('',(#11195));
#11195 = SURFACE_STYLE_FILL_AREA(#11196);
#11196 = FILL_AREA_STYLE('',(#11197));
#11197 = FILL_AREA_STYLE_COLOUR('',#10664);
#11198 = OVER_RIDING_STYLED_ITEM('overriding color',(#11199),#4548,
  #10638);
#11199 = PRESENTATION_STYLE_ASSIGNMENT((#11200));
#11200 = SURFACE_STYLE_USAGE(.BOTH.,#11201);
#11201 = SURFACE_SIDE_STYLE('',(#11202));
#11202 = SURFACE_STYLE_FILL_AREA(#11203);
#11203 = FILL_AREA_STYLE('',(#11204));
#11204 = FILL_AREA_STYLE_COLOUR('',#10664);
#11205 = OVER_RIDING_STYLED_ITEM('overriding color',(#11206),#4572,
  #10638);
#11206 = PRESENTATION_STYLE_ASSIGNMENT((#11207));
#11207 = SURFACE_STYLE_USAGE(.BOTH.,#11208);
#11208 = SURFACE_SIDE_STYLE('',(#11209));
#11209 = SURFACE_STYLE_FILL_AREA(#11210);
#11210 = FILL_AREA_STYLE('',(#11211));
#11211 = FILL_AREA_STYLE_COLOUR('',#10664);
#11212 = OVER_RIDING_STYLED_ITEM('overriding color',(#11213),#4596,
  #10638);
#11213 = PRESENTATION_STYLE_ASSIGNMENT((#11214));
#11214 = SURFACE_STYLE_USAGE(.BOTH.,#11215);
#11215 = SURFACE_SIDE_STYLE('',(#11216));
#11216 = SURFACE_STYLE_FILL_AREA(#11217);
#11217 = FILL_AREA_STYLE('',(#11218));
#11218 = FILL_AREA_STYLE_COLOUR('',#10664);
#11219 = OVER_RIDING_STYLED_ITEM('overriding color',(#11220),#4620,
  #10638);
#11220 = PRESENTATION_STYLE_ASSIGNMENT((#11221));
#11221 = SURFACE_STYLE_USAGE(.BOTH.,#11222);
#11222 = SURFACE_SIDE_STYLE('',(#11223));
#11223 = SURFACE_STYLE_FILL_AREA(#11224);
#11224 = FILL_AREA_STYLE('',(#11225));
#11225 = FILL_AREA_STYLE_COLOUR('',#10664);
#11226 = OVER_RIDING_STYLED_ITEM('overriding color',(#11227),#4644,
  #10638);
#11227 = PRESENTATION_STYLE_ASSIGNMENT((#11228));
#11228 = SURFACE_STYLE_USAGE(.BOTH.,#11229);
#11229 = SURFACE_SIDE_STYLE('',(#11230));
#11230 = SURFACE_STYLE_FILL_AREA(#11231);
#11231 = FILL_AREA_STYLE('',(#11232));
#11232 = FILL_AREA_STYLE_COLOUR('',#10664);
#11233 = OVER_RIDING_STYLED_ITEM('overriding color',(#11234),#4661,
  #10638);
#11234 = PRESENTATION_STYLE_ASSIGNMENT((#11235));
#11235 = SURFACE_STYLE_USAGE(.BOTH.,#11236);
#11236 = SURFACE_SIDE_STYLE('',(#11237));
#11237 = SURFACE_STYLE_FILL_AREA(#11238);
#11238 = FILL_AREA_STYLE('',(#11239));
#11239 = FILL_AREA_STYLE_COLOUR('',#10664);
#11240 = OVER_RIDING_STYLED_ITEM('overriding color',(#11241),#4675,
  #10638);
#11241 = PRESENTATION_STYLE_ASSIGNMENT((#11242));
#11242 = SURFACE_STYLE_USAGE(.BOTH.,#11243);
#11243 = SURFACE_SIDE_STYLE('',(#11244));
#11244 = SURFACE_STYLE_FILL_AREA(#11245);
#11245 = FILL_AREA_STYLE('',(#11246));
#11246 = FILL_AREA_STYLE_COLOUR('',#10664);
#11247 = OVER_RIDING_STYLED_ITEM('overriding color',(#11248),#4711,
  #10638);
#11248 = PRESENTATION_STYLE_ASSIGNMENT((#11249));
#11249 = SURFACE_STYLE_USAGE(.BOTH.,#11250);
#11250 = SURFACE_SIDE_STYLE('',(#11251));
#11251 = SURFACE_STYLE_FILL_AREA(#11252);
#11252 = FILL_AREA_STYLE('',(#11253));
#11253 = FILL_AREA_STYLE_COLOUR('',#10664);
#11254 = OVER_RIDING_STYLED_ITEM('overriding color',(#11255),#4735,
  #10638);
#11255 = PRESENTATION_STYLE_ASSIGNMENT((#11256));
#11256 = SURFACE_STYLE_USAGE(.BOTH.,#11257);
#11257 = SURFACE_SIDE_STYLE('',(#11258));
#11258 = SURFACE_STYLE_FILL_AREA(#11259);
#11259 = FILL_AREA_STYLE('',(#11260));
#11260 = FILL_AREA_STYLE_COLOUR('',#10664);
#11261 = OVER_RIDING_STYLED_ITEM('overriding color',(#11262),#4764,
  #10638);
#11262 = PRESENTATION_STYLE_ASSIGNMENT((#11263));
#11263 = SURFACE_STYLE_USAGE(.BOTH.,#11264);
#11264 = SURFACE_SIDE_STYLE('',(#11265));
#11265 = SURFACE_STYLE_FILL_AREA(#11266);
#11266 = FILL_AREA_STYLE('',(#11267));
#11267 = FILL_AREA_STYLE_COLOUR('',#10664);
#11268 = OVER_RIDING_STYLED_ITEM('overriding color',(#11269),#4793,
  #10638);
#11269 = PRESENTATION_STYLE_ASSIGNMENT((#11270));
#11270 = SURFACE_STYLE_USAGE(.BOTH.,#11271);
#11271 = SURFACE_SIDE_STYLE('',(#11272));
#11272 = SURFACE_STYLE_FILL_AREA(#11273);
#11273 = FILL_AREA_STYLE('',(#11274));
#11274 = FILL_AREA_STYLE_COLOUR('',#10664);
#11275 = OVER_RIDING_STYLED_ITEM('overriding color',(#11276),#4822,
  #10638);
#11276 = PRESENTATION_STYLE_ASSIGNMENT((#11277));
#11277 = SURFACE_STYLE_USAGE(.BOTH.,#11278);
#11278 = SURFACE_SIDE_STYLE('',(#11279));
#11279 = SURFACE_STYLE_FILL_AREA(#11280);
#11280 = FILL_AREA_STYLE('',(#11281));
#11281 = FILL_AREA_STYLE_COLOUR('',#10664);
#11282 = OVER_RIDING_STYLED_ITEM('overriding color',(#11283),#4851,
  #10638);
#11283 = PRESENTATION_STYLE_ASSIGNMENT((#11284));
#11284 = SURFACE_STYLE_USAGE(.BOTH.,#11285);
#11285 = SURFACE_SIDE_STYLE('',(#11286));
#11286 = SURFACE_STYLE_FILL_AREA(#11287);
#11287 = FILL_AREA_STYLE('',(#11288));
#11288 = FILL_AREA_STYLE_COLOUR('',#10664);
#11289 = OVER_RIDING_STYLED_ITEM('overriding color',(#11290),#4880,
  #10638);
#11290 = PRESENTATION_STYLE_ASSIGNMENT((#11291));
#11291 = SURFACE_STYLE_USAGE(.BOTH.,#11292);
#11292 = SURFACE_SIDE_STYLE('',(#11293));
#11293 = SURFACE_STYLE_FILL_AREA(#11294);
#11294 = FILL_AREA_STYLE('',(#11295));
#11295 = FILL_AREA_STYLE_COLOUR('',#10664);
#11296 = OVER_RIDING_STYLED_ITEM('overriding color',(#11297),#4909,
  #10638);
#11297 = PRESENTATION_STYLE_ASSIGNMENT((#11298));
#11298 = SURFACE_STYLE_USAGE(.BOTH.,#11299);
#11299 = SURFACE_SIDE_STYLE('',(#11300));
#11300 = SURFACE_STYLE_FILL_AREA(#11301);
#11301 = FILL_AREA_STYLE('',(#11302));
#11302 = FILL_AREA_STYLE_COLOUR('',#10664);
#11303 = OVER_RIDING_STYLED_ITEM('overriding color',(#11304),#4933,
  #10638);
#11304 = PRESENTATION_STYLE_ASSIGNMENT((#11305));
#11305 = SURFACE_STYLE_USAGE(.BOTH.,#11306);
#11306 = SURFACE_SIDE_STYLE('',(#11307));
#11307 = SURFACE_STYLE_FILL_AREA(#11308);
#11308 = FILL_AREA_STYLE('',(#11309));
#11309 = FILL_AREA_STYLE_COLOUR('',#10664);
#11310 = OVER_RIDING_STYLED_ITEM('overriding color',(#11311),#4962,
  #10638);
#11311 = PRESENTATION_STYLE_ASSIGNMENT((#11312));
#11312 = SURFACE_STYLE_USAGE(.BOTH.,#11313);
#11313 = SURFACE_SIDE_STYLE('',(#11314));
#11314 = SURFACE_STYLE_FILL_AREA(#11315);
#11315 = FILL_AREA_STYLE('',(#11316));
#11316 = FILL_AREA_STYLE_COLOUR('',#10664);
#11317 = OVER_RIDING_STYLED_ITEM('overriding color',(#11318),#4991,
  #10638);
#11318 = PRESENTATION_STYLE_ASSIGNMENT((#11319));
#11319 = SURFACE_STYLE_USAGE(.BOTH.,#11320);
#11320 = SURFACE_SIDE_STYLE('',(#11321));
#11321 = SURFACE_STYLE_FILL_AREA(#11322);
#11322 = FILL_AREA_STYLE('',(#11323));
#11323 = FILL_AREA_STYLE_COLOUR('',#10664);
#11324 = OVER_RIDING_STYLED_ITEM('overriding color',(#11325),#5020,
  #10638);
#11325 = PRESENTATION_STYLE_ASSIGNMENT((#11326));
#11326 = SURFACE_STYLE_USAGE(.BOTH.,#11327);
#11327 = SURFACE_SIDE_STYLE('',(#11328));
#11328 = SURFACE_STYLE_FILL_AREA(#11329);
#11329 = FILL_AREA_STYLE('',(#11330));
#11330 = FILL_AREA_STYLE_COLOUR('',#10664);
#11331 = OVER_RIDING_STYLED_ITEM('overriding color',(#11332),#5049,
  #10638);
#11332 = PRESENTATION_STYLE_ASSIGNMENT((#11333));
#11333 = SURFACE_STYLE_USAGE(.BOTH.,#11334);
#11334 = SURFACE_SIDE_STYLE('',(#11335));
#11335 = SURFACE_STYLE_FILL_AREA(#11336);
#11336 = FILL_AREA_STYLE('',(#11337));
#11337 = FILL_AREA_STYLE_COLOUR('',#10664);
#11338 = OVER_RIDING_STYLED_ITEM('overriding color',(#11339),#5071,
  #10638);
#11339 = PRESENTATION_STYLE_ASSIGNMENT((#11340));
#11340 = SURFACE_STYLE_USAGE(.BOTH.,#11341);
#11341 = SURFACE_SIDE_STYLE('',(#11342));
#11342 = SURFACE_STYLE_FILL_AREA(#11343);
#11343 = FILL_AREA_STYLE('',(#11344));
#11344 = FILL_AREA_STYLE_COLOUR('',#10664);
#11345 = OVER_RIDING_STYLED_ITEM('overriding color',(#11346),#5093,
  #10638);
#11346 = PRESENTATION_STYLE_ASSIGNMENT((#11347));
#11347 = SURFACE_STYLE_USAGE(.BOTH.,#11348);
#11348 = SURFACE_SIDE_STYLE('',(#11349));
#11349 = SURFACE_STYLE_FILL_AREA(#11350);
#11350 = FILL_AREA_STYLE('',(#11351));
#11351 = FILL_AREA_STYLE_COLOUR('',#10664);
#11352 = OVER_RIDING_STYLED_ITEM('overriding color',(#11353),#5124,
  #10638);
#11353 = PRESENTATION_STYLE_ASSIGNMENT((#11354));
#11354 = SURFACE_STYLE_USAGE(.BOTH.,#11355);
#11355 = SURFACE_SIDE_STYLE('',(#11356));
#11356 = SURFACE_STYLE_FILL_AREA(#11357);
#11357 = FILL_AREA_STYLE('',(#11358));
#11358 = FILL_AREA_STYLE_COLOUR('',#10664);
#11359 = OVER_RIDING_STYLED_ITEM('overriding color',(#11360),#5148,
  #10638);
#11360 = PRESENTATION_STYLE_ASSIGNMENT((#11361));
#11361 = SURFACE_STYLE_USAGE(.BOTH.,#11362);
#11362 = SURFACE_SIDE_STYLE('',(#11363));
#11363 = SURFACE_STYLE_FILL_AREA(#11364);
#11364 = FILL_AREA_STYLE('',(#11365));
#11365 = FILL_AREA_STYLE_COLOUR('',#10664);
#11366 = OVER_RIDING_STYLED_ITEM('overriding color',(#11367),#5172,
  #10638);
#11367 = PRESENTATION_STYLE_ASSIGNMENT((#11368));
#11368 = SURFACE_STYLE_USAGE(.BOTH.,#11369);
#11369 = SURFACE_SIDE_STYLE('',(#11370));
#11370 = SURFACE_STYLE_FILL_AREA(#11371);
#11371 = FILL_AREA_STYLE('',(#11372));
#11372 = FILL_AREA_STYLE_COLOUR('',#10664);
#11373 = OVER_RIDING_STYLED_ITEM('overriding color',(#11374),#5196,
  #10638);
#11374 = PRESENTATION_STYLE_ASSIGNMENT((#11375));
#11375 = SURFACE_STYLE_USAGE(.BOTH.,#11376);
#11376 = SURFACE_SIDE_STYLE('',(#11377));
#11377 = SURFACE_STYLE_FILL_AREA(#11378);
#11378 = FILL_AREA_STYLE('',(#11379));
#11379 = FILL_AREA_STYLE_COLOUR('',#10664);
#11380 = OVER_RIDING_STYLED_ITEM('overriding color',(#11381),#5220,
  #10638);
#11381 = PRESENTATION_STYLE_ASSIGNMENT((#11382));
#11382 = SURFACE_STYLE_USAGE(.BOTH.,#11383);
#11383 = SURFACE_SIDE_STYLE('',(#11384));
#11384 = SURFACE_STYLE_FILL_AREA(#11385);
#11385 = FILL_AREA_STYLE('',(#11386));
#11386 = FILL_AREA_STYLE_COLOUR('',#10664);
#11387 = OVER_RIDING_STYLED_ITEM('overriding color',(#11388),#5244,
  #10638);
#11388 = PRESENTATION_STYLE_ASSIGNMENT((#11389));
#11389 = SURFACE_STYLE_USAGE(.BOTH.,#11390);
#11390 = SURFACE_SIDE_STYLE('',(#11391));
#11391 = SURFACE_STYLE_FILL_AREA(#11392);
#11392 = FILL_AREA_STYLE('',(#11393));
#11393 = FILL_AREA_STYLE_COLOUR('',#10664);
#11394 = OVER_RIDING_STYLED_ITEM('overriding color',(#11395),#5268,
  #10638);
#11395 = PRESENTATION_STYLE_ASSIGNMENT((#11396));
#11396 = SURFACE_STYLE_USAGE(.BOTH.,#11397);
#11397 = SURFACE_SIDE_STYLE('',(#11398));
#11398 = SURFACE_STYLE_FILL_AREA(#11399);
#11399 = FILL_AREA_STYLE('',(#11400));
#11400 = FILL_AREA_STYLE_COLOUR('',#10664);
#11401 = OVER_RIDING_STYLED_ITEM('overriding color',(#11402),#5292,
  #10638);
#11402 = PRESENTATION_STYLE_ASSIGNMENT((#11403));
#11403 = SURFACE_STYLE_USAGE(.BOTH.,#11404);
#11404 = SURFACE_SIDE_STYLE('',(#11405));
#11405 = SURFACE_STYLE_FILL_AREA(#11406);
#11406 = FILL_AREA_STYLE('',(#11407));
#11407 = FILL_AREA_STYLE_COLOUR('',#10664);
#11408 = OVER_RIDING_STYLED_ITEM('overriding color',(#11409),#5316,
  #10638);
#11409 = PRESENTATION_STYLE_ASSIGNMENT((#11410));
#11410 = SURFACE_STYLE_USAGE(.BOTH.,#11411);
#11411 = SURFACE_SIDE_STYLE('',(#11412));
#11412 = SURFACE_STYLE_FILL_AREA(#11413);
#11413 = FILL_AREA_STYLE('',(#11414));
#11414 = FILL_AREA_STYLE_COLOUR('',#10664);
#11415 = OVER_RIDING_STYLED_ITEM('overriding color',(#11416),#5340,
  #10638);
#11416 = PRESENTATION_STYLE_ASSIGNMENT((#11417));
#11417 = SURFACE_STYLE_USAGE(.BOTH.,#11418);
#11418 = SURFACE_SIDE_STYLE('',(#11419));
#11419 = SURFACE_STYLE_FILL_AREA(#11420);
#11420 = FILL_AREA_STYLE('',(#11421));
#11421 = FILL_AREA_STYLE_COLOUR('',#10664);
#11422 = OVER_RIDING_STYLED_ITEM('overriding color',(#11423),#5364,
  #10638);
#11423 = PRESENTATION_STYLE_ASSIGNMENT((#11424));
#11424 = SURFACE_STYLE_USAGE(.BOTH.,#11425);
#11425 = SURFACE_SIDE_STYLE('',(#11426));
#11426 = SURFACE_STYLE_FILL_AREA(#11427);
#11427 = FILL_AREA_STYLE('',(#11428));
#11428 = FILL_AREA_STYLE_COLOUR('',#10664);
#11429 = OVER_RIDING_STYLED_ITEM('overriding color',(#11430),#5381,
  #10638);
#11430 = PRESENTATION_STYLE_ASSIGNMENT((#11431));
#11431 = SURFACE_STYLE_USAGE(.BOTH.,#11432);
#11432 = SURFACE_SIDE_STYLE('',(#11433));
#11433 = SURFACE_STYLE_FILL_AREA(#11434);
#11434 = FILL_AREA_STYLE('',(#11435));
#11435 = FILL_AREA_STYLE_COLOUR('',#10664);
#11436 = OVER_RIDING_STYLED_ITEM('overriding color',(#11437),#5401,
  #10638);
#11437 = PRESENTATION_STYLE_ASSIGNMENT((#11438));
#11438 = SURFACE_STYLE_USAGE(.BOTH.,#11439);
#11439 = SURFACE_SIDE_STYLE('',(#11440));
#11440 = SURFACE_STYLE_FILL_AREA(#11441);
#11441 = FILL_AREA_STYLE('',(#11442));
#11442 = FILL_AREA_STYLE_COLOUR('',#10664);
#11443 = OVER_RIDING_STYLED_ITEM('overriding color',(#11444),#5531,
  #10638);
#11444 = PRESENTATION_STYLE_ASSIGNMENT((#11445));
#11445 = SURFACE_STYLE_USAGE(.BOTH.,#11446);
#11446 = SURFACE_SIDE_STYLE('',(#11447));
#11447 = SURFACE_STYLE_FILL_AREA(#11448);
#11448 = FILL_AREA_STYLE('',(#11449));
#11449 = FILL_AREA_STYLE_COLOUR('',#10664);
#11450 = OVER_RIDING_STYLED_ITEM('overriding color',(#11451),#5553,
  #10638);
#11451 = PRESENTATION_STYLE_ASSIGNMENT((#11452));
#11452 = SURFACE_STYLE_USAGE(.BOTH.,#11453);
#11453 = SURFACE_SIDE_STYLE('',(#11454));
#11454 = SURFACE_STYLE_FILL_AREA(#11455);
#11455 = FILL_AREA_STYLE('',(#11456));
#11456 = FILL_AREA_STYLE_COLOUR('',#10664);
#11457 = OVER_RIDING_STYLED_ITEM('overriding color',(#11458),#5574,
  #10638);
#11458 = PRESENTATION_STYLE_ASSIGNMENT((#11459));
#11459 = SURFACE_STYLE_USAGE(.BOTH.,#11460);
#11460 = SURFACE_SIDE_STYLE('',(#11461));
#11461 = SURFACE_STYLE_FILL_AREA(#11462);
#11462 = FILL_AREA_STYLE('',(#11463));
#11463 = FILL_AREA_STYLE_COLOUR('',#10664);
#11464 = OVER_RIDING_STYLED_ITEM('overriding color',(#11465),#5595,
  #10638);
#11465 = PRESENTATION_STYLE_ASSIGNMENT((#11466));
#11466 = SURFACE_STYLE_USAGE(.BOTH.,#11467);
#11467 = SURFACE_SIDE_STYLE('',(#11468));
#11468 = SURFACE_STYLE_FILL_AREA(#11469);
#11469 = FILL_AREA_STYLE('',(#11470));
#11470 = FILL_AREA_STYLE_COLOUR('',#10664);
#11471 = OVER_RIDING_STYLED_ITEM('overriding color',(#11472),#5616,
  #10638);
#11472 = PRESENTATION_STYLE_ASSIGNMENT((#11473));
#11473 = SURFACE_STYLE_USAGE(.BOTH.,#11474);
#11474 = SURFACE_SIDE_STYLE('',(#11475));
#11475 = SURFACE_STYLE_FILL_AREA(#11476);
#11476 = FILL_AREA_STYLE('',(#11477));
#11477 = FILL_AREA_STYLE_COLOUR('',#10664);
#11478 = OVER_RIDING_STYLED_ITEM('overriding color',(#11479),#5637,
  #10638);
#11479 = PRESENTATION_STYLE_ASSIGNMENT((#11480));
#11480 = SURFACE_STYLE_USAGE(.BOTH.,#11481);
#11481 = SURFACE_SIDE_STYLE('',(#11482));
#11482 = SURFACE_STYLE_FILL_AREA(#11483);
#11483 = FILL_AREA_STYLE('',(#11484));
#11484 = FILL_AREA_STYLE_COLOUR('',#10664);
#11485 = OVER_RIDING_STYLED_ITEM('overriding color',(#11486),#5654,
  #10638);
#11486 = PRESENTATION_STYLE_ASSIGNMENT((#11487));
#11487 = SURFACE_STYLE_USAGE(.BOTH.,#11488);
#11488 = SURFACE_SIDE_STYLE('',(#11489));
#11489 = SURFACE_STYLE_FILL_AREA(#11490);
#11490 = FILL_AREA_STYLE('',(#11491));
#11491 = FILL_AREA_STYLE_COLOUR('',#10664);
#11492 = OVER_RIDING_STYLED_ITEM('overriding color',(#11493),#5666,
  #10638);
#11493 = PRESENTATION_STYLE_ASSIGNMENT((#11494));
#11494 = SURFACE_STYLE_USAGE(.BOTH.,#11495);
#11495 = SURFACE_SIDE_STYLE('',(#11496));
#11496 = SURFACE_STYLE_FILL_AREA(#11497);
#11497 = FILL_AREA_STYLE('',(#11498));
#11498 = FILL_AREA_STYLE_COLOUR('',#10664);
#11499 = OVER_RIDING_STYLED_ITEM('overriding color',(#11500),#5697,
  #10638);
#11500 = PRESENTATION_STYLE_ASSIGNMENT((#11501));
#11501 = SURFACE_STYLE_USAGE(.BOTH.,#11502);
#11502 = SURFACE_SIDE_STYLE('',(#11503));
#11503 = SURFACE_STYLE_FILL_AREA(#11504);
#11504 = FILL_AREA_STYLE('',(#11505));
#11505 = FILL_AREA_STYLE_COLOUR('',#10664);
#11506 = OVER_RIDING_STYLED_ITEM('overriding color',(#11507),#5721,
  #10638);
#11507 = PRESENTATION_STYLE_ASSIGNMENT((#11508));
#11508 = SURFACE_STYLE_USAGE(.BOTH.,#11509);
#11509 = SURFACE_SIDE_STYLE('',(#11510));
#11510 = SURFACE_STYLE_FILL_AREA(#11511);
#11511 = FILL_AREA_STYLE('',(#11512));
#11512 = FILL_AREA_STYLE_COLOUR('',#10664);
#11513 = OVER_RIDING_STYLED_ITEM('overriding color',(#11514),#5745,
  #10638);
#11514 = PRESENTATION_STYLE_ASSIGNMENT((#11515));
#11515 = SURFACE_STYLE_USAGE(.BOTH.,#11516);
#11516 = SURFACE_SIDE_STYLE('',(#11517));
#11517 = SURFACE_STYLE_FILL_AREA(#11518);
#11518 = FILL_AREA_STYLE('',(#11519));
#11519 = FILL_AREA_STYLE_COLOUR('',#10664);
#11520 = OVER_RIDING_STYLED_ITEM('overriding color',(#11521),#5774,
  #10638);
#11521 = PRESENTATION_STYLE_ASSIGNMENT((#11522));
#11522 = SURFACE_STYLE_USAGE(.BOTH.,#11523);
#11523 = SURFACE_SIDE_STYLE('',(#11524));
#11524 = SURFACE_STYLE_FILL_AREA(#11525);
#11525 = FILL_AREA_STYLE('',(#11526));
#11526 = FILL_AREA_STYLE_COLOUR('',#10664);
#11527 = OVER_RIDING_STYLED_ITEM('overriding color',(#11528),#5803,
  #10638);
#11528 = PRESENTATION_STYLE_ASSIGNMENT((#11529));
#11529 = SURFACE_STYLE_USAGE(.BOTH.,#11530);
#11530 = SURFACE_SIDE_STYLE('',(#11531));
#11531 = SURFACE_STYLE_FILL_AREA(#11532);
#11532 = FILL_AREA_STYLE('',(#11533));
#11533 = FILL_AREA_STYLE_COLOUR('',#10664);
#11534 = OVER_RIDING_STYLED_ITEM('overriding color',(#11535),#5832,
  #10638);
#11535 = PRESENTATION_STYLE_ASSIGNMENT((#11536));
#11536 = SURFACE_STYLE_USAGE(.BOTH.,#11537);
#11537 = SURFACE_SIDE_STYLE('',(#11538));
#11538 = SURFACE_STYLE_FILL_AREA(#11539);
#11539 = FILL_AREA_STYLE('',(#11540));
#11540 = FILL_AREA_STYLE_COLOUR('',#10664);
#11541 = OVER_RIDING_STYLED_ITEM('overriding color',(#11542),#5854,
  #10638);
#11542 = PRESENTATION_STYLE_ASSIGNMENT((#11543));
#11543 = SURFACE_STYLE_USAGE(.BOTH.,#11544);
#11544 = SURFACE_SIDE_STYLE('',(#11545));
#11545 = SURFACE_STYLE_FILL_AREA(#11546);
#11546 = FILL_AREA_STYLE('',(#11547));
#11547 = FILL_AREA_STYLE_COLOUR('',#10656);
#11548 = OVER_RIDING_STYLED_ITEM('overriding color',(#11549),#5869,
  #10638);
#11549 = PRESENTATION_STYLE_ASSIGNMENT((#11550));
#11550 = SURFACE_STYLE_USAGE(.BOTH.,#11551);
#11551 = SURFACE_SIDE_STYLE('',(#11552));
#11552 = SURFACE_STYLE_FILL_AREA(#11553);
#11553 = FILL_AREA_STYLE('',(#11554));
#11554 = FILL_AREA_STYLE_COLOUR('',#10664);
#11555 = OVER_RIDING_STYLED_ITEM('overriding color',(#11556),#5993,
  #10638);
#11556 = PRESENTATION_STYLE_ASSIGNMENT((#11557));
#11557 = SURFACE_STYLE_USAGE(.BOTH.,#11558);
#11558 = SURFACE_SIDE_STYLE('',(#11559));
#11559 = SURFACE_STYLE_FILL_AREA(#11560);
#11560 = FILL_AREA_STYLE('',(#11561));
#11561 = FILL_AREA_STYLE_COLOUR('',#10664);
#11562 = OVER_RIDING_STYLED_ITEM('overriding color',(#11563),#6015,
  #10638);
#11563 = PRESENTATION_STYLE_ASSIGNMENT((#11564));
#11564 = SURFACE_STYLE_USAGE(.BOTH.,#11565);
#11565 = SURFACE_SIDE_STYLE('',(#11566));
#11566 = SURFACE_STYLE_FILL_AREA(#11567);
#11567 = FILL_AREA_STYLE('',(#11568));
#11568 = FILL_AREA_STYLE_COLOUR('',#10664);
#11569 = OVER_RIDING_STYLED_ITEM('overriding color',(#11570),#6032,
  #10638);
#11570 = PRESENTATION_STYLE_ASSIGNMENT((#11571));
#11571 = SURFACE_STYLE_USAGE(.BOTH.,#11572);
#11572 = SURFACE_SIDE_STYLE('',(#11573));
#11573 = SURFACE_STYLE_FILL_AREA(#11574);
#11574 = FILL_AREA_STYLE('',(#11575));
#11575 = FILL_AREA_STYLE_COLOUR('',#10664);
#11576 = OVER_RIDING_STYLED_ITEM('overriding color',(#11577),#6049,
  #10638);
#11577 = PRESENTATION_STYLE_ASSIGNMENT((#11578));
#11578 = SURFACE_STYLE_USAGE(.BOTH.,#11579);
#11579 = SURFACE_SIDE_STYLE('',(#11580));
#11580 = SURFACE_STYLE_FILL_AREA(#11581);
#11581 = FILL_AREA_STYLE('',(#11582));
#11582 = FILL_AREA_STYLE_COLOUR('',#10664);
#11583 = OVER_RIDING_STYLED_ITEM('overriding color',(#11584),#6066,
  #10638);
#11584 = PRESENTATION_STYLE_ASSIGNMENT((#11585));
#11585 = SURFACE_STYLE_USAGE(.BOTH.,#11586);
#11586 = SURFACE_SIDE_STYLE('',(#11587));
#11587 = SURFACE_STYLE_FILL_AREA(#11588);
#11588 = FILL_AREA_STYLE('',(#11589));
#11589 = FILL_AREA_STYLE_COLOUR('',#10664);
#11590 = OVER_RIDING_STYLED_ITEM('overriding color',(#11591),#6083,
  #10638);
#11591 = PRESENTATION_STYLE_ASSIGNMENT((#11592));
#11592 = SURFACE_STYLE_USAGE(.BOTH.,#11593);
#11593 = SURFACE_SIDE_STYLE('',(#11594));
#11594 = SURFACE_STYLE_FILL_AREA(#11595);
#11595 = FILL_AREA_STYLE('',(#11596));
#11596 = FILL_AREA_STYLE_COLOUR('',#10664);
#11597 = OVER_RIDING_STYLED_ITEM('overriding color',(#11598),#6100,
  #10638);
#11598 = PRESENTATION_STYLE_ASSIGNMENT((#11599));
#11599 = SURFACE_STYLE_USAGE(.BOTH.,#11600);
#11600 = SURFACE_SIDE_STYLE('',(#11601));
#11601 = SURFACE_STYLE_FILL_AREA(#11602);
#11602 = FILL_AREA_STYLE('',(#11603));
#11603 = FILL_AREA_STYLE_COLOUR('',#10664);
#11604 = OVER_RIDING_STYLED_ITEM('overriding color',(#11605),#6117,
  #10638);
#11605 = PRESENTATION_STYLE_ASSIGNMENT((#11606));
#11606 = SURFACE_STYLE_USAGE(.BOTH.,#11607);
#11607 = SURFACE_SIDE_STYLE('',(#11608));
#11608 = SURFACE_STYLE_FILL_AREA(#11609);
#11609 = FILL_AREA_STYLE('',(#11610));
#11610 = FILL_AREA_STYLE_COLOUR('',#10664);
#11611 = OVER_RIDING_STYLED_ITEM('overriding color',(#11612),#6129,
  #10638);
#11612 = PRESENTATION_STYLE_ASSIGNMENT((#11613));
#11613 = SURFACE_STYLE_USAGE(.BOTH.,#11614);
#11614 = SURFACE_SIDE_STYLE('',(#11615));
#11615 = SURFACE_STYLE_FILL_AREA(#11616);
#11616 = FILL_AREA_STYLE('',(#11617));
#11617 = FILL_AREA_STYLE_COLOUR('',#10664);
#11618 = OVER_RIDING_STYLED_ITEM('overriding color',(#11619),#6160,
  #10638);
#11619 = PRESENTATION_STYLE_ASSIGNMENT((#11620));
#11620 = SURFACE_STYLE_USAGE(.BOTH.,#11621);
#11621 = SURFACE_SIDE_STYLE('',(#11622));
#11622 = SURFACE_STYLE_FILL_AREA(#11623);
#11623 = FILL_AREA_STYLE('',(#11624));
#11624 = FILL_AREA_STYLE_COLOUR('',#10664);
#11625 = OVER_RIDING_STYLED_ITEM('overriding color',(#11626),#6184,
  #10638);
#11626 = PRESENTATION_STYLE_ASSIGNMENT((#11627));
#11627 = SURFACE_STYLE_USAGE(.BOTH.,#11628);
#11628 = SURFACE_SIDE_STYLE('',(#11629));
#11629 = SURFACE_STYLE_FILL_AREA(#11630);
#11630 = FILL_AREA_STYLE('',(#11631));
#11631 = FILL_AREA_STYLE_COLOUR('',#10664);
#11632 = OVER_RIDING_STYLED_ITEM('overriding color',(#11633),#6213,
  #10638);
#11633 = PRESENTATION_STYLE_ASSIGNMENT((#11634));
#11634 = SURFACE_STYLE_USAGE(.BOTH.,#11635);
#11635 = SURFACE_SIDE_STYLE('',(#11636));
#11636 = SURFACE_STYLE_FILL_AREA(#11637);
#11637 = FILL_AREA_STYLE('',(#11638));
#11638 = FILL_AREA_STYLE_COLOUR('',#10664);
#11639 = OVER_RIDING_STYLED_ITEM('overriding color',(#11640),#6237,
  #10638);
#11640 = PRESENTATION_STYLE_ASSIGNMENT((#11641));
#11641 = SURFACE_STYLE_USAGE(.BOTH.,#11642);
#11642 = SURFACE_SIDE_STYLE('',(#11643));
#11643 = SURFACE_STYLE_FILL_AREA(#11644);
#11644 = FILL_AREA_STYLE('',(#11645));
#11645 = FILL_AREA_STYLE_COLOUR('',#10664);
#11646 = OVER_RIDING_STYLED_ITEM('overriding color',(#11647),#6266,
  #10638);
#11647 = PRESENTATION_STYLE_ASSIGNMENT((#11648));
#11648 = SURFACE_STYLE_USAGE(.BOTH.,#11649);
#11649 = SURFACE_SIDE_STYLE('',(#11650));
#11650 = SURFACE_STYLE_FILL_AREA(#11651);
#11651 = FILL_AREA_STYLE('',(#11652));
#11652 = FILL_AREA_STYLE_COLOUR('',#10664);
#11653 = OVER_RIDING_STYLED_ITEM('overriding color',(#11654),#6283,
  #10638);
#11654 = PRESENTATION_STYLE_ASSIGNMENT((#11655));
#11655 = SURFACE_STYLE_USAGE(.BOTH.,#11656);
#11656 = SURFACE_SIDE_STYLE('',(#11657));
#11657 = SURFACE_STYLE_FILL_AREA(#11658);
#11658 = FILL_AREA_STYLE('',(#11659));
#11659 = FILL_AREA_STYLE_COLOUR('',#10656);
#11660 = OVER_RIDING_STYLED_ITEM('overriding color',(#11661),#6297,
  #10638);
#11661 = PRESENTATION_STYLE_ASSIGNMENT((#11662));
#11662 = SURFACE_STYLE_USAGE(.BOTH.,#11663);
#11663 = SURFACE_SIDE_STYLE('',(#11664));
#11664 = SURFACE_STYLE_FILL_AREA(#11665);
#11665 = FILL_AREA_STYLE('',(#11666));
#11666 = FILL_AREA_STYLE_COLOUR('',#10664);
#11667 = OVER_RIDING_STYLED_ITEM('overriding color',(#11668),#6328,
  #10638);
#11668 = PRESENTATION_STYLE_ASSIGNMENT((#11669));
#11669 = SURFACE_STYLE_USAGE(.BOTH.,#11670);
#11670 = SURFACE_SIDE_STYLE('',(#11671));
#11671 = SURFACE_STYLE_FILL_AREA(#11672);
#11672 = FILL_AREA_STYLE('',(#11673));
#11673 = FILL_AREA_STYLE_COLOUR('',#10664);
#11674 = OVER_RIDING_STYLED_ITEM('overriding color',(#11675),#6352,
  #10638);
#11675 = PRESENTATION_STYLE_ASSIGNMENT((#11676));
#11676 = SURFACE_STYLE_USAGE(.BOTH.,#11677);
#11677 = SURFACE_SIDE_STYLE('',(#11678));
#11678 = SURFACE_STYLE_FILL_AREA(#11679);
#11679 = FILL_AREA_STYLE('',(#11680));
#11680 = FILL_AREA_STYLE_COLOUR('',#10664);
#11681 = OVER_RIDING_STYLED_ITEM('overriding color',(#11682),#6376,
  #10638);
#11682 = PRESENTATION_STYLE_ASSIGNMENT((#11683));
#11683 = SURFACE_STYLE_USAGE(.BOTH.,#11684);
#11684 = SURFACE_SIDE_STYLE('',(#11685));
#11685 = SURFACE_STYLE_FILL_AREA(#11686);
#11686 = FILL_AREA_STYLE('',(#11687));
#11687 = FILL_AREA_STYLE_COLOUR('',#10664);
#11688 = OVER_RIDING_STYLED_ITEM('overriding color',(#11689),#6400,
  #10638);
#11689 = PRESENTATION_STYLE_ASSIGNMENT((#11690));
#11690 = SURFACE_STYLE_USAGE(.BOTH.,#11691);
#11691 = SURFACE_SIDE_STYLE('',(#11692));
#11692 = SURFACE_STYLE_FILL_AREA(#11693);
#11693 = FILL_AREA_STYLE('',(#11694));
#11694 = FILL_AREA_STYLE_COLOUR('',#10664);
#11695 = OVER_RIDING_STYLED_ITEM('overriding color',(#11696),#6424,
  #10638);
#11696 = PRESENTATION_STYLE_ASSIGNMENT((#11697));
#11697 = SURFACE_STYLE_USAGE(.BOTH.,#11698);
#11698 = SURFACE_SIDE_STYLE('',(#11699));
#11699 = SURFACE_STYLE_FILL_AREA(#11700);
#11700 = FILL_AREA_STYLE('',(#11701));
#11701 = FILL_AREA_STYLE_COLOUR('',#10664);
#11702 = OVER_RIDING_STYLED_ITEM('overriding color',(#11703),#6448,
  #10638);
#11703 = PRESENTATION_STYLE_ASSIGNMENT((#11704));
#11704 = SURFACE_STYLE_USAGE(.BOTH.,#11705);
#11705 = SURFACE_SIDE_STYLE('',(#11706));
#11706 = SURFACE_STYLE_FILL_AREA(#11707);
#11707 = FILL_AREA_STYLE('',(#11708));
#11708 = FILL_AREA_STYLE_COLOUR('',#10664);
#11709 = OVER_RIDING_STYLED_ITEM('overriding color',(#11710),#6472,
  #10638);
#11710 = PRESENTATION_STYLE_ASSIGNMENT((#11711));
#11711 = SURFACE_STYLE_USAGE(.BOTH.,#11712);
#11712 = SURFACE_SIDE_STYLE('',(#11713));
#11713 = SURFACE_STYLE_FILL_AREA(#11714);
#11714 = FILL_AREA_STYLE('',(#11715));
#11715 = FILL_AREA_STYLE_COLOUR('',#10664);
#11716 = OVER_RIDING_STYLED_ITEM('overriding color',(#11717),#6496,
  #10638);
#11717 = PRESENTATION_STYLE_ASSIGNMENT((#11718));
#11718 = SURFACE_STYLE_USAGE(.BOTH.,#11719);
#11719 = SURFACE_SIDE_STYLE('',(#11720));
#11720 = SURFACE_STYLE_FILL_AREA(#11721);
#11721 = FILL_AREA_STYLE('',(#11722));
#11722 = FILL_AREA_STYLE_COLOUR('',#10664);
#11723 = OVER_RIDING_STYLED_ITEM('overriding color',(#11724),#6520,
  #10638);
#11724 = PRESENTATION_STYLE_ASSIGNMENT((#11725));
#11725 = SURFACE_STYLE_USAGE(.BOTH.,#11726);
#11726 = SURFACE_SIDE_STYLE('',(#11727));
#11727 = SURFACE_STYLE_FILL_AREA(#11728);
#11728 = FILL_AREA_STYLE('',(#11729));
#11729 = FILL_AREA_STYLE_COLOUR('',#10664);
#11730 = OVER_RIDING_STYLED_ITEM('overriding color',(#11731),#6544,
  #10638);
#11731 = PRESENTATION_STYLE_ASSIGNMENT((#11732));
#11732 = SURFACE_STYLE_USAGE(.BOTH.,#11733);
#11733 = SURFACE_SIDE_STYLE('',(#11734));
#11734 = SURFACE_STYLE_FILL_AREA(#11735);
#11735 = FILL_AREA_STYLE('',(#11736));
#11736 = FILL_AREA_STYLE_COLOUR('',#10664);
#11737 = OVER_RIDING_STYLED_ITEM('overriding color',(#11738),#6568,
  #10638);
#11738 = PRESENTATION_STYLE_ASSIGNMENT((#11739));
#11739 = SURFACE_STYLE_USAGE(.BOTH.,#11740);
#11740 = SURFACE_SIDE_STYLE('',(#11741));
#11741 = SURFACE_STYLE_FILL_AREA(#11742);
#11742 = FILL_AREA_STYLE('',(#11743));
#11743 = FILL_AREA_STYLE_COLOUR('',#10664);
#11744 = OVER_RIDING_STYLED_ITEM('overriding color',(#11745),#6585,
  #10638);
#11745 = PRESENTATION_STYLE_ASSIGNMENT((#11746));
#11746 = SURFACE_STYLE_USAGE(.BOTH.,#11747);
#11747 = SURFACE_SIDE_STYLE('',(#11748));
#11748 = SURFACE_STYLE_FILL_AREA(#11749);
#11749 = FILL_AREA_STYLE('',(#11750));
#11750 = FILL_AREA_STYLE_COLOUR('',#10664);
#11751 = OVER_RIDING_STYLED_ITEM('overriding color',(#11752),#6605,
  #10638);
#11752 = PRESENTATION_STYLE_ASSIGNMENT((#11753));
#11753 = SURFACE_STYLE_USAGE(.BOTH.,#11754);
#11754 = SURFACE_SIDE_STYLE('',(#11755));
#11755 = SURFACE_STYLE_FILL_AREA(#11756);
#11756 = FILL_AREA_STYLE('',(#11757));
#11757 = FILL_AREA_STYLE_COLOUR('',#10664);
#11758 = OVER_RIDING_STYLED_ITEM('overriding color',(#11759),#6805,
  #10638);
#11759 = PRESENTATION_STYLE_ASSIGNMENT((#11760));
#11760 = SURFACE_STYLE_USAGE(.BOTH.,#11761);
#11761 = SURFACE_SIDE_STYLE('',(#11762));
#11762 = SURFACE_STYLE_FILL_AREA(#11763);
#11763 = FILL_AREA_STYLE('',(#11764));
#11764 = FILL_AREA_STYLE_COLOUR('',#10664);
#11765 = OVER_RIDING_STYLED_ITEM('overriding color',(#11766),#6831,
  #10638);
#11766 = PRESENTATION_STYLE_ASSIGNMENT((#11767));
#11767 = SURFACE_STYLE_USAGE(.BOTH.,#11768);
#11768 = SURFACE_SIDE_STYLE('',(#11769));
#11769 = SURFACE_STYLE_FILL_AREA(#11770);
#11770 = FILL_AREA_STYLE('',(#11771));
#11771 = FILL_AREA_STYLE_COLOUR('',#10664);
#11772 = OVER_RIDING_STYLED_ITEM('overriding color',(#11773),#6848,
  #10638);
#11773 = PRESENTATION_STYLE_ASSIGNMENT((#11774));
#11774 = SURFACE_STYLE_USAGE(.BOTH.,#11775);
#11775 = SURFACE_SIDE_STYLE('',(#11776));
#11776 = SURFACE_STYLE_FILL_AREA(#11777);
#11777 = FILL_AREA_STYLE('',(#11778));
#11778 = FILL_AREA_STYLE_COLOUR('',#10664);
#11779 = OVER_RIDING_STYLED_ITEM('overriding color',(#11780),#6869,
  #10638);
#11780 = PRESENTATION_STYLE_ASSIGNMENT((#11781));
#11781 = SURFACE_STYLE_USAGE(.BOTH.,#11782);
#11782 = SURFACE_SIDE_STYLE('',(#11783));
#11783 = SURFACE_STYLE_FILL_AREA(#11784);
#11784 = FILL_AREA_STYLE('',(#11785));
#11785 = FILL_AREA_STYLE_COLOUR('',#10664);
#11786 = OVER_RIDING_STYLED_ITEM('overriding color',(#11787),#6890,
  #10638);
#11787 = PRESENTATION_STYLE_ASSIGNMENT((#11788));
#11788 = SURFACE_STYLE_USAGE(.BOTH.,#11789);
#11789 = SURFACE_SIDE_STYLE('',(#11790));
#11790 = SURFACE_STYLE_FILL_AREA(#11791);
#11791 = FILL_AREA_STYLE('',(#11792));
#11792 = FILL_AREA_STYLE_COLOUR('',#10664);
#11793 = OVER_RIDING_STYLED_ITEM('overriding color',(#11794),#6907,
  #10638);
#11794 = PRESENTATION_STYLE_ASSIGNMENT((#11795));
#11795 = SURFACE_STYLE_USAGE(.BOTH.,#11796);
#11796 = SURFACE_SIDE_STYLE('',(#11797));
#11797 = SURFACE_STYLE_FILL_AREA(#11798);
#11798 = FILL_AREA_STYLE('',(#11799));
#11799 = FILL_AREA_STYLE_COLOUR('',#10664);
#11800 = OVER_RIDING_STYLED_ITEM('overriding color',(#11801),#6928,
  #10638);
#11801 = PRESENTATION_STYLE_ASSIGNMENT((#11802));
#11802 = SURFACE_STYLE_USAGE(.BOTH.,#11803);
#11803 = SURFACE_SIDE_STYLE('',(#11804));
#11804 = SURFACE_STYLE_FILL_AREA(#11805);
#11805 = FILL_AREA_STYLE('',(#11806));
#11806 = FILL_AREA_STYLE_COLOUR('',#10664);
#11807 = OVER_RIDING_STYLED_ITEM('overriding color',(#11808),#6949,
  #10638);
#11808 = PRESENTATION_STYLE_ASSIGNMENT((#11809));
#11809 = SURFACE_STYLE_USAGE(.BOTH.,#11810);
#11810 = SURFACE_SIDE_STYLE('',(#11811));
#11811 = SURFACE_STYLE_FILL_AREA(#11812);
#11812 = FILL_AREA_STYLE('',(#11813));
#11813 = FILL_AREA_STYLE_COLOUR('',#10664);
#11814 = OVER_RIDING_STYLED_ITEM('overriding color',(#11815),#6970,
  #10638);
#11815 = PRESENTATION_STYLE_ASSIGNMENT((#11816));
#11816 = SURFACE_STYLE_USAGE(.BOTH.,#11817);
#11817 = SURFACE_SIDE_STYLE('',(#11818));
#11818 = SURFACE_STYLE_FILL_AREA(#11819);
#11819 = FILL_AREA_STYLE('',(#11820));
#11820 = FILL_AREA_STYLE_COLOUR('',#10664);
#11821 = OVER_RIDING_STYLED_ITEM('overriding color',(#11822),#6991,
  #10638);
#11822 = PRESENTATION_STYLE_ASSIGNMENT((#11823));
#11823 = SURFACE_STYLE_USAGE(.BOTH.,#11824);
#11824 = SURFACE_SIDE_STYLE('',(#11825));
#11825 = SURFACE_STYLE_FILL_AREA(#11826);
#11826 = FILL_AREA_STYLE('',(#11827));
#11827 = FILL_AREA_STYLE_COLOUR('',#10664);
#11828 = OVER_RIDING_STYLED_ITEM('overriding color',(#11829),#7008,
  #10638);
#11829 = PRESENTATION_STYLE_ASSIGNMENT((#11830));
#11830 = SURFACE_STYLE_USAGE(.BOTH.,#11831);
#11831 = SURFACE_SIDE_STYLE('',(#11832));
#11832 = SURFACE_STYLE_FILL_AREA(#11833);
#11833 = FILL_AREA_STYLE('',(#11834));
#11834 = FILL_AREA_STYLE_COLOUR('',#10664);
#11835 = OVER_RIDING_STYLED_ITEM('overriding color',(#11836),#7025,
  #10638);
#11836 = PRESENTATION_STYLE_ASSIGNMENT((#11837));
#11837 = SURFACE_STYLE_USAGE(.BOTH.,#11838);
#11838 = SURFACE_SIDE_STYLE('',(#11839));
#11839 = SURFACE_STYLE_FILL_AREA(#11840);
#11840 = FILL_AREA_STYLE('',(#11841));
#11841 = FILL_AREA_STYLE_COLOUR('',#10664);
#11842 = OVER_RIDING_STYLED_ITEM('overriding color',(#11843),#7042,
  #10638);
#11843 = PRESENTATION_STYLE_ASSIGNMENT((#11844));
#11844 = SURFACE_STYLE_USAGE(.BOTH.,#11845);
#11845 = SURFACE_SIDE_STYLE('',(#11846));
#11846 = SURFACE_STYLE_FILL_AREA(#11847);
#11847 = FILL_AREA_STYLE('',(#11848));
#11848 = FILL_AREA_STYLE_COLOUR('',#10664);
#11849 = OVER_RIDING_STYLED_ITEM('overriding color',(#11850),#7059,
  #10638);
#11850 = PRESENTATION_STYLE_ASSIGNMENT((#11851));
#11851 = SURFACE_STYLE_USAGE(.BOTH.,#11852);
#11852 = SURFACE_SIDE_STYLE('',(#11853));
#11853 = SURFACE_STYLE_FILL_AREA(#11854);
#11854 = FILL_AREA_STYLE('',(#11855));
#11855 = FILL_AREA_STYLE_COLOUR('',#10664);
#11856 = OVER_RIDING_STYLED_ITEM('overriding color',(#11857),#7075,
  #10638);
#11857 = PRESENTATION_STYLE_ASSIGNMENT((#11858));
#11858 = SURFACE_STYLE_USAGE(.BOTH.,#11859);
#11859 = SURFACE_SIDE_STYLE('',(#11860));
#11860 = SURFACE_STYLE_FILL_AREA(#11861);
#11861 = FILL_AREA_STYLE('',(#11862));
#11862 = FILL_AREA_STYLE_COLOUR('',#10664);
#11863 = OVER_RIDING_STYLED_ITEM('overriding color',(#11864),#7111,
  #10638);
#11864 = PRESENTATION_STYLE_ASSIGNMENT((#11865));
#11865 = SURFACE_STYLE_USAGE(.BOTH.,#11866);
#11866 = SURFACE_SIDE_STYLE('',(#11867));
#11867 = SURFACE_STYLE_FILL_AREA(#11868);
#11868 = FILL_AREA_STYLE('',(#11869));
#11869 = FILL_AREA_STYLE_COLOUR('',#10664);
#11870 = OVER_RIDING_STYLED_ITEM('overriding color',(#11871),#7140,
  #10638);
#11871 = PRESENTATION_STYLE_ASSIGNMENT((#11872));
#11872 = SURFACE_STYLE_USAGE(.BOTH.,#11873);
#11873 = SURFACE_SIDE_STYLE('',(#11874));
#11874 = SURFACE_STYLE_FILL_AREA(#11875);
#11875 = FILL_AREA_STYLE('',(#11876));
#11876 = FILL_AREA_STYLE_COLOUR('',#10664);
#11877 = OVER_RIDING_STYLED_ITEM('overriding color',(#11878),#7169,
  #10638);
#11878 = PRESENTATION_STYLE_ASSIGNMENT((#11879));
#11879 = SURFACE_STYLE_USAGE(.BOTH.,#11880);
#11880 = SURFACE_SIDE_STYLE('',(#11881));
#11881 = SURFACE_STYLE_FILL_AREA(#11882);
#11882 = FILL_AREA_STYLE('',(#11883));
#11883 = FILL_AREA_STYLE_COLOUR('',#10664);
#11884 = OVER_RIDING_STYLED_ITEM('overriding color',(#11885),#7198,
  #10638);
#11885 = PRESENTATION_STYLE_ASSIGNMENT((#11886));
#11886 = SURFACE_STYLE_USAGE(.BOTH.,#11887);
#11887 = SURFACE_SIDE_STYLE('',(#11888));
#11888 = SURFACE_STYLE_FILL_AREA(#11889);
#11889 = FILL_AREA_STYLE('',(#11890));
#11890 = FILL_AREA_STYLE_COLOUR('',#10664);
#11891 = OVER_RIDING_STYLED_ITEM('overriding color',(#11892),#7227,
  #10638);
#11892 = PRESENTATION_STYLE_ASSIGNMENT((#11893));
#11893 = SURFACE_STYLE_USAGE(.BOTH.,#11894);
#11894 = SURFACE_SIDE_STYLE('',(#11895));
#11895 = SURFACE_STYLE_FILL_AREA(#11896);
#11896 = FILL_AREA_STYLE('',(#11897));
#11897 = FILL_AREA_STYLE_COLOUR('',#10664);
#11898 = OVER_RIDING_STYLED_ITEM('overriding color',(#11899),#7256,
  #10638);
#11899 = PRESENTATION_STYLE_ASSIGNMENT((#11900));
#11900 = SURFACE_STYLE_USAGE(.BOTH.,#11901);
#11901 = SURFACE_SIDE_STYLE('',(#11902));
#11902 = SURFACE_STYLE_FILL_AREA(#11903);
#11903 = FILL_AREA_STYLE('',(#11904));
#11904 = FILL_AREA_STYLE_COLOUR('',#10664);
#11905 = OVER_RIDING_STYLED_ITEM('overriding color',(#11906),#7280,
  #10638);
#11906 = PRESENTATION_STYLE_ASSIGNMENT((#11907));
#11907 = SURFACE_STYLE_USAGE(.BOTH.,#11908);
#11908 = SURFACE_SIDE_STYLE('',(#11909));
#11909 = SURFACE_STYLE_FILL_AREA(#11910);
#11910 = FILL_AREA_STYLE('',(#11911));
#11911 = FILL_AREA_STYLE_COLOUR('',#10664);
#11912 = OVER_RIDING_STYLED_ITEM('overriding color',(#11913),#7297,
  #10638);
#11913 = PRESENTATION_STYLE_ASSIGNMENT((#11914));
#11914 = SURFACE_STYLE_USAGE(.BOTH.,#11915);
#11915 = SURFACE_SIDE_STYLE('',(#11916));
#11916 = SURFACE_STYLE_FILL_AREA(#11917);
#11917 = FILL_AREA_STYLE('',(#11918));
#11918 = FILL_AREA_STYLE_COLOUR('',#10656);
#11919 = OVER_RIDING_STYLED_ITEM('overriding color',(#11920),#7313,
  #10638);
#11920 = PRESENTATION_STYLE_ASSIGNMENT((#11921));
#11921 = SURFACE_STYLE_USAGE(.BOTH.,#11922);
#11922 = SURFACE_SIDE_STYLE('',(#11923));
#11923 = SURFACE_STYLE_FILL_AREA(#11924);
#11924 = FILL_AREA_STYLE('',(#11925));
#11925 = FILL_AREA_STYLE_COLOUR('',#10664);
#11926 = OVER_RIDING_STYLED_ITEM('overriding color',(#11927),#7349,
  #10638);
#11927 = PRESENTATION_STYLE_ASSIGNMENT((#11928));
#11928 = SURFACE_STYLE_USAGE(.BOTH.,#11929);
#11929 = SURFACE_SIDE_STYLE('',(#11930));
#11930 = SURFACE_STYLE_FILL_AREA(#11931);
#11931 = FILL_AREA_STYLE('',(#11932));
#11932 = FILL_AREA_STYLE_COLOUR('',#10664);
#11933 = OVER_RIDING_STYLED_ITEM('overriding color',(#11934),#7373,
  #10638);
#11934 = PRESENTATION_STYLE_ASSIGNMENT((#11935));
#11935 = SURFACE_STYLE_USAGE(.BOTH.,#11936);
#11936 = SURFACE_SIDE_STYLE('',(#11937));
#11937 = SURFACE_STYLE_FILL_AREA(#11938);
#11938 = FILL_AREA_STYLE('',(#11939));
#11939 = FILL_AREA_STYLE_COLOUR('',#10664);
#11940 = OVER_RIDING_STYLED_ITEM('overriding color',(#11941),#7402,
  #10638);
#11941 = PRESENTATION_STYLE_ASSIGNMENT((#11942));
#11942 = SURFACE_STYLE_USAGE(.BOTH.,#11943);
#11943 = SURFACE_SIDE_STYLE('',(#11944));
#11944 = SURFACE_STYLE_FILL_AREA(#11945);
#11945 = FILL_AREA_STYLE('',(#11946));
#11946 = FILL_AREA_STYLE_COLOUR('',#10664);
#11947 = OVER_RIDING_STYLED_ITEM('overriding color',(#11948),#7431,
  #10638);
#11948 = PRESENTATION_STYLE_ASSIGNMENT((#11949));
#11949 = SURFACE_STYLE_USAGE(.BOTH.,#11950);
#11950 = SURFACE_SIDE_STYLE('',(#11951));
#11951 = SURFACE_STYLE_FILL_AREA(#11952);
#11952 = FILL_AREA_STYLE('',(#11953));
#11953 = FILL_AREA_STYLE_COLOUR('',#10664);
#11954 = OVER_RIDING_STYLED_ITEM('overriding color',(#11955),#7460,
  #10638);
#11955 = PRESENTATION_STYLE_ASSIGNMENT((#11956));
#11956 = SURFACE_STYLE_USAGE(.BOTH.,#11957);
#11957 = SURFACE_SIDE_STYLE('',(#11958));
#11958 = SURFACE_STYLE_FILL_AREA(#11959);
#11959 = FILL_AREA_STYLE('',(#11960));
#11960 = FILL_AREA_STYLE_COLOUR('',#10664);
#11961 = OVER_RIDING_STYLED_ITEM('overriding color',(#11962),#7489,
  #10638);
#11962 = PRESENTATION_STYLE_ASSIGNMENT((#11963));
#11963 = SURFACE_STYLE_USAGE(.BOTH.,#11964);
#11964 = SURFACE_SIDE_STYLE('',(#11965));
#11965 = SURFACE_STYLE_FILL_AREA(#11966);
#11966 = FILL_AREA_STYLE('',(#11967));
#11967 = FILL_AREA_STYLE_COLOUR('',#10664);
#11968 = OVER_RIDING_STYLED_ITEM('overriding color',(#11969),#7518,
  #10638);
#11969 = PRESENTATION_STYLE_ASSIGNMENT((#11970));
#11970 = SURFACE_STYLE_USAGE(.BOTH.,#11971);
#11971 = SURFACE_SIDE_STYLE('',(#11972));
#11972 = SURFACE_STYLE_FILL_AREA(#11973);
#11973 = FILL_AREA_STYLE('',(#11974));
#11974 = FILL_AREA_STYLE_COLOUR('',#10664);
#11975 = OVER_RIDING_STYLED_ITEM('overriding color',(#11976),#7547,
  #10638);
#11976 = PRESENTATION_STYLE_ASSIGNMENT((#11977));
#11977 = SURFACE_STYLE_USAGE(.BOTH.,#11978);
#11978 = SURFACE_SIDE_STYLE('',(#11979));
#11979 = SURFACE_STYLE_FILL_AREA(#11980);
#11980 = FILL_AREA_STYLE('',(#11981));
#11981 = FILL_AREA_STYLE_COLOUR('',#10664);
#11982 = OVER_RIDING_STYLED_ITEM('overriding color',(#11983),#7576,
  #10638);
#11983 = PRESENTATION_STYLE_ASSIGNMENT((#11984));
#11984 = SURFACE_STYLE_USAGE(.BOTH.,#11985);
#11985 = SURFACE_SIDE_STYLE('',(#11986));
#11986 = SURFACE_STYLE_FILL_AREA(#11987);
#11987 = FILL_AREA_STYLE('',(#11988));
#11988 = FILL_AREA_STYLE_COLOUR('',#10664);
#11989 = OVER_RIDING_STYLED_ITEM('overriding color',(#11990),#7605,
  #10638);
#11990 = PRESENTATION_STYLE_ASSIGNMENT((#11991));
#11991 = SURFACE_STYLE_USAGE(.BOTH.,#11992);
#11992 = SURFACE_SIDE_STYLE('',(#11993));
#11993 = SURFACE_STYLE_FILL_AREA(#11994);
#11994 = FILL_AREA_STYLE('',(#11995));
#11995 = FILL_AREA_STYLE_COLOUR('',#10664);
#11996 = OVER_RIDING_STYLED_ITEM('overriding color',(#11997),#7634,
  #10638);
#11997 = PRESENTATION_STYLE_ASSIGNMENT((#11998));
#11998 = SURFACE_STYLE_USAGE(.BOTH.,#11999);
#11999 = SURFACE_SIDE_STYLE('',(#12000));
#12000 = SURFACE_STYLE_FILL_AREA(#12001);
#12001 = FILL_AREA_STYLE('',(#12002));
#12002 = FILL_AREA_STYLE_COLOUR('',#10664);
#12003 = OVER_RIDING_STYLED_ITEM('overriding color',(#12004),#7663,
  #10638);
#12004 = PRESENTATION_STYLE_ASSIGNMENT((#12005));
#12005 = SURFACE_STYLE_USAGE(.BOTH.,#12006);
#12006 = SURFACE_SIDE_STYLE('',(#12007));
#12007 = SURFACE_STYLE_FILL_AREA(#12008);
#12008 = FILL_AREA_STYLE('',(#12009));
#12009 = FILL_AREA_STYLE_COLOUR('',#10664);
#12010 = OVER_RIDING_STYLED_ITEM('overriding color',(#12011),#7687,
  #10638);
#12011 = PRESENTATION_STYLE_ASSIGNMENT((#12012));
#12012 = SURFACE_STYLE_USAGE(.BOTH.,#12013);
#12013 = SURFACE_SIDE_STYLE('',(#12014));
#12014 = SURFACE_STYLE_FILL_AREA(#12015);
#12015 = FILL_AREA_STYLE('',(#12016));
#12016 = FILL_AREA_STYLE_COLOUR('',#10664);
#12017 = OVER_RIDING_STYLED_ITEM('overriding color',(#12018),#7716,
  #10638);
#12018 = PRESENTATION_STYLE_ASSIGNMENT((#12019));
#12019 = SURFACE_STYLE_USAGE(.BOTH.,#12020);
#12020 = SURFACE_SIDE_STYLE('',(#12021));
#12021 = SURFACE_STYLE_FILL_AREA(#12022);
#12022 = FILL_AREA_STYLE('',(#12023));
#12023 = FILL_AREA_STYLE_COLOUR('',#10664);
#12024 = OVER_RIDING_STYLED_ITEM('overriding color',(#12025),#7745,
  #10638);
#12025 = PRESENTATION_STYLE_ASSIGNMENT((#12026));
#12026 = SURFACE_STYLE_USAGE(.BOTH.,#12027);
#12027 = SURFACE_SIDE_STYLE('',(#12028));
#12028 = SURFACE_STYLE_FILL_AREA(#12029);
#12029 = FILL_AREA_STYLE('',(#12030));
#12030 = FILL_AREA_STYLE_COLOUR('',#10664);
#12031 = OVER_RIDING_STYLED_ITEM('overriding color',(#12032),#7774,
  #10638);
#12032 = PRESENTATION_STYLE_ASSIGNMENT((#12033));
#12033 = SURFACE_STYLE_USAGE(.BOTH.,#12034);
#12034 = SURFACE_SIDE_STYLE('',(#12035));
#12035 = SURFACE_STYLE_FILL_AREA(#12036);
#12036 = FILL_AREA_STYLE('',(#12037));
#12037 = FILL_AREA_STYLE_COLOUR('',#10664);
#12038 = OVER_RIDING_STYLED_ITEM('overriding color',(#12039),#7803,
  #10638);
#12039 = PRESENTATION_STYLE_ASSIGNMENT((#12040));
#12040 = SURFACE_STYLE_USAGE(.BOTH.,#12041);
#12041 = SURFACE_SIDE_STYLE('',(#12042));
#12042 = SURFACE_STYLE_FILL_AREA(#12043);
#12043 = FILL_AREA_STYLE('',(#12044));
#12044 = FILL_AREA_STYLE_COLOUR('',#10664);
#12045 = OVER_RIDING_STYLED_ITEM('overriding color',(#12046),#7832,
  #10638);
#12046 = PRESENTATION_STYLE_ASSIGNMENT((#12047));
#12047 = SURFACE_STYLE_USAGE(.BOTH.,#12048);
#12048 = SURFACE_SIDE_STYLE('',(#12049));
#12049 = SURFACE_STYLE_FILL_AREA(#12050);
#12050 = FILL_AREA_STYLE('',(#12051));
#12051 = FILL_AREA_STYLE_COLOUR('',#10664);
#12052 = OVER_RIDING_STYLED_ITEM('overriding color',(#12053),#7861,
  #10638);
#12053 = PRESENTATION_STYLE_ASSIGNMENT((#12054));
#12054 = SURFACE_STYLE_USAGE(.BOTH.,#12055);
#12055 = SURFACE_SIDE_STYLE('',(#12056));
#12056 = SURFACE_STYLE_FILL_AREA(#12057);
#12057 = FILL_AREA_STYLE('',(#12058));
#12058 = FILL_AREA_STYLE_COLOUR('',#10664);
#12059 = OVER_RIDING_STYLED_ITEM('overriding color',(#12060),#7890,
  #10638);
#12060 = PRESENTATION_STYLE_ASSIGNMENT((#12061));
#12061 = SURFACE_STYLE_USAGE(.BOTH.,#12062);
#12062 = SURFACE_SIDE_STYLE('',(#12063));
#12063 = SURFACE_STYLE_FILL_AREA(#12064);
#12064 = FILL_AREA_STYLE('',(#12065));
#12065 = FILL_AREA_STYLE_COLOUR('',#10664);
#12066 = OVER_RIDING_STYLED_ITEM('overriding color',(#12067),#7912,
  #10638);
#12067 = PRESENTATION_STYLE_ASSIGNMENT((#12068));
#12068 = SURFACE_STYLE_USAGE(.BOTH.,#12069);
#12069 = SURFACE_SIDE_STYLE('',(#12070));
#12070 = SURFACE_STYLE_FILL_AREA(#12071);
#12071 = FILL_AREA_STYLE('',(#12072));
#12072 = FILL_AREA_STYLE_COLOUR('',#10664);
#12073 = OVER_RIDING_STYLED_ITEM('overriding color',(#12074),#7941,
  #10638);
#12074 = PRESENTATION_STYLE_ASSIGNMENT((#12075));
#12075 = SURFACE_STYLE_USAGE(.BOTH.,#12076);
#12076 = SURFACE_SIDE_STYLE('',(#12077));
#12077 = SURFACE_STYLE_FILL_AREA(#12078);
#12078 = FILL_AREA_STYLE('',(#12079));
#12079 = FILL_AREA_STYLE_COLOUR('',#10664);
#12080 = OVER_RIDING_STYLED_ITEM('overriding color',(#12081),#7972,
  #10638);
#12081 = PRESENTATION_STYLE_ASSIGNMENT((#12082));
#12082 = SURFACE_STYLE_USAGE(.BOTH.,#12083);
#12083 = SURFACE_SIDE_STYLE('',(#12084));
#12084 = SURFACE_STYLE_FILL_AREA(#12085);
#12085 = FILL_AREA_STYLE('',(#12086));
#12086 = FILL_AREA_STYLE_COLOUR('',#10664);
#12087 = OVER_RIDING_STYLED_ITEM('overriding color',(#12088),#7996,
  #10638);
#12088 = PRESENTATION_STYLE_ASSIGNMENT((#12089));
#12089 = SURFACE_STYLE_USAGE(.BOTH.,#12090);
#12090 = SURFACE_SIDE_STYLE('',(#12091));
#12091 = SURFACE_STYLE_FILL_AREA(#12092);
#12092 = FILL_AREA_STYLE('',(#12093));
#12093 = FILL_AREA_STYLE_COLOUR('',#10664);
#12094 = OVER_RIDING_STYLED_ITEM('overriding color',(#12095),#8025,
  #10638);
#12095 = PRESENTATION_STYLE_ASSIGNMENT((#12096));
#12096 = SURFACE_STYLE_USAGE(.BOTH.,#12097);
#12097 = SURFACE_SIDE_STYLE('',(#12098));
#12098 = SURFACE_STYLE_FILL_AREA(#12099);
#12099 = FILL_AREA_STYLE('',(#12100));
#12100 = FILL_AREA_STYLE_COLOUR('',#10664);
#12101 = OVER_RIDING_STYLED_ITEM('overriding color',(#12102),#8049,
  #10638);
#12102 = PRESENTATION_STYLE_ASSIGNMENT((#12103));
#12103 = SURFACE_STYLE_USAGE(.BOTH.,#12104);
#12104 = SURFACE_SIDE_STYLE('',(#12105));
#12105 = SURFACE_STYLE_FILL_AREA(#12106);
#12106 = FILL_AREA_STYLE('',(#12107));
#12107 = FILL_AREA_STYLE_COLOUR('',#10664);
#12108 = OVER_RIDING_STYLED_ITEM('overriding color',(#12109),#8073,
  #10638);
#12109 = PRESENTATION_STYLE_ASSIGNMENT((#12110));
#12110 = SURFACE_STYLE_USAGE(.BOTH.,#12111);
#12111 = SURFACE_SIDE_STYLE('',(#12112));
#12112 = SURFACE_STYLE_FILL_AREA(#12113);
#12113 = FILL_AREA_STYLE('',(#12114));
#12114 = FILL_AREA_STYLE_COLOUR('',#10664);
#12115 = OVER_RIDING_STYLED_ITEM('overriding color',(#12116),#8097,
  #10638);
#12116 = PRESENTATION_STYLE_ASSIGNMENT((#12117));
#12117 = SURFACE_STYLE_USAGE(.BOTH.,#12118);
#12118 = SURFACE_SIDE_STYLE('',(#12119));
#12119 = SURFACE_STYLE_FILL_AREA(#12120);
#12120 = FILL_AREA_STYLE('',(#12121));
#12121 = FILL_AREA_STYLE_COLOUR('',#10664);
#12122 = OVER_RIDING_STYLED_ITEM('overriding color',(#12123),#8121,
  #10638);
#12123 = PRESENTATION_STYLE_ASSIGNMENT((#12124));
#12124 = SURFACE_STYLE_USAGE(.BOTH.,#12125);
#12125 = SURFACE_SIDE_STYLE('',(#12126));
#12126 = SURFACE_STYLE_FILL_AREA(#12127);
#12127 = FILL_AREA_STYLE('',(#12128));
#12128 = FILL_AREA_STYLE_COLOUR('',#10664);
#12129 = OVER_RIDING_STYLED_ITEM('overriding color',(#12130),#8145,
  #10638);
#12130 = PRESENTATION_STYLE_ASSIGNMENT((#12131));
#12131 = SURFACE_STYLE_USAGE(.BOTH.,#12132);
#12132 = SURFACE_SIDE_STYLE('',(#12133));
#12133 = SURFACE_STYLE_FILL_AREA(#12134);
#12134 = FILL_AREA_STYLE('',(#12135));
#12135 = FILL_AREA_STYLE_COLOUR('',#10664);
#12136 = OVER_RIDING_STYLED_ITEM('overriding color',(#12137),#8169,
  #10638);
#12137 = PRESENTATION_STYLE_ASSIGNMENT((#12138));
#12138 = SURFACE_STYLE_USAGE(.BOTH.,#12139);
#12139 = SURFACE_SIDE_STYLE('',(#12140));
#12140 = SURFACE_STYLE_FILL_AREA(#12141);
#12141 = FILL_AREA_STYLE('',(#12142));
#12142 = FILL_AREA_STYLE_COLOUR('',#10664);
#12143 = OVER_RIDING_STYLED_ITEM('overriding color',(#12144),#8198,
  #10638);
#12144 = PRESENTATION_STYLE_ASSIGNMENT((#12145));
#12145 = SURFACE_STYLE_USAGE(.BOTH.,#12146);
#12146 = SURFACE_SIDE_STYLE('',(#12147));
#12147 = SURFACE_STYLE_FILL_AREA(#12148);
#12148 = FILL_AREA_STYLE('',(#12149));
#12149 = FILL_AREA_STYLE_COLOUR('',#10664);
#12150 = OVER_RIDING_STYLED_ITEM('overriding color',(#12151),#8227,
  #10638);
#12151 = PRESENTATION_STYLE_ASSIGNMENT((#12152));
#12152 = SURFACE_STYLE_USAGE(.BOTH.,#12153);
#12153 = SURFACE_SIDE_STYLE('',(#12154));
#12154 = SURFACE_STYLE_FILL_AREA(#12155);
#12155 = FILL_AREA_STYLE('',(#12156));
#12156 = FILL_AREA_STYLE_COLOUR('',#10664);
#12157 = OVER_RIDING_STYLED_ITEM('overriding color',(#12158),#8251,
  #10638);
#12158 = PRESENTATION_STYLE_ASSIGNMENT((#12159));
#12159 = SURFACE_STYLE_USAGE(.BOTH.,#12160);
#12160 = SURFACE_SIDE_STYLE('',(#12161));
#12161 = SURFACE_STYLE_FILL_AREA(#12162);
#12162 = FILL_AREA_STYLE('',(#12163));
#12163 = FILL_AREA_STYLE_COLOUR('',#10664);
#12164 = OVER_RIDING_STYLED_ITEM('overriding color',(#12165),#8280,
  #10638);
#12165 = PRESENTATION_STYLE_ASSIGNMENT((#12166));
#12166 = SURFACE_STYLE_USAGE(.BOTH.,#12167);
#12167 = SURFACE_SIDE_STYLE('',(#12168));
#12168 = SURFACE_STYLE_FILL_AREA(#12169);
#12169 = FILL_AREA_STYLE('',(#12170));
#12170 = FILL_AREA_STYLE_COLOUR('',#10664);
#12171 = OVER_RIDING_STYLED_ITEM('overriding color',(#12172),#8309,
  #10638);
#12172 = PRESENTATION_STYLE_ASSIGNMENT((#12173));
#12173 = SURFACE_STYLE_USAGE(.BOTH.,#12174);
#12174 = SURFACE_SIDE_STYLE('',(#12175));
#12175 = SURFACE_STYLE_FILL_AREA(#12176);
#12176 = FILL_AREA_STYLE('',(#12177));
#12177 = FILL_AREA_STYLE_COLOUR('',#10664);
#12178 = OVER_RIDING_STYLED_ITEM('overriding color',(#12179),#8326,
  #10638);
#12179 = PRESENTATION_STYLE_ASSIGNMENT((#12180));
#12180 = SURFACE_STYLE_USAGE(.BOTH.,#12181);
#12181 = SURFACE_SIDE_STYLE('',(#12182));
#12182 = SURFACE_STYLE_FILL_AREA(#12183);
#12183 = FILL_AREA_STYLE('',(#12184));
#12184 = FILL_AREA_STYLE_COLOUR('',#10664);
#12185 = OVER_RIDING_STYLED_ITEM('overriding color',(#12186),#8349,
  #10638);
#12186 = PRESENTATION_STYLE_ASSIGNMENT((#12187));
#12187 = SURFACE_STYLE_USAGE(.BOTH.,#12188);
#12188 = SURFACE_SIDE_STYLE('',(#12189));
#12189 = SURFACE_STYLE_FILL_AREA(#12190);
#12190 = FILL_AREA_STYLE('',(#12191));
#12191 = FILL_AREA_STYLE_COLOUR('',#10664);
#12192 = OVER_RIDING_STYLED_ITEM('overriding color',(#12193),#8380,
  #10638);
#12193 = PRESENTATION_STYLE_ASSIGNMENT((#12194));
#12194 = SURFACE_STYLE_USAGE(.BOTH.,#12195);
#12195 = SURFACE_SIDE_STYLE('',(#12196));
#12196 = SURFACE_STYLE_FILL_AREA(#12197);
#12197 = FILL_AREA_STYLE('',(#12198));
#12198 = FILL_AREA_STYLE_COLOUR('',#10664);
#12199 = OVER_RIDING_STYLED_ITEM('overriding color',(#12200),#8404,
  #10638);
#12200 = PRESENTATION_STYLE_ASSIGNMENT((#12201));
#12201 = SURFACE_STYLE_USAGE(.BOTH.,#12202);
#12202 = SURFACE_SIDE_STYLE('',(#12203));
#12203 = SURFACE_STYLE_FILL_AREA(#12204);
#12204 = FILL_AREA_STYLE('',(#12205));
#12205 = FILL_AREA_STYLE_COLOUR('',#10664);
#12206 = OVER_RIDING_STYLED_ITEM('overriding color',(#12207),#8428,
  #10638);
#12207 = PRESENTATION_STYLE_ASSIGNMENT((#12208));
#12208 = SURFACE_STYLE_USAGE(.BOTH.,#12209);
#12209 = SURFACE_SIDE_STYLE('',(#12210));
#12210 = SURFACE_STYLE_FILL_AREA(#12211);
#12211 = FILL_AREA_STYLE('',(#12212));
#12212 = FILL_AREA_STYLE_COLOUR('',#10664);
#12213 = OVER_RIDING_STYLED_ITEM('overriding color',(#12214),#8452,
  #10638);
#12214 = PRESENTATION_STYLE_ASSIGNMENT((#12215));
#12215 = SURFACE_STYLE_USAGE(.BOTH.,#12216);
#12216 = SURFACE_SIDE_STYLE('',(#12217));
#12217 = SURFACE_STYLE_FILL_AREA(#12218);
#12218 = FILL_AREA_STYLE('',(#12219));
#12219 = FILL_AREA_STYLE_COLOUR('',#10664);
#12220 = OVER_RIDING_STYLED_ITEM('overriding color',(#12221),#8476,
  #10638);
#12221 = PRESENTATION_STYLE_ASSIGNMENT((#12222));
#12222 = SURFACE_STYLE_USAGE(.BOTH.,#12223);
#12223 = SURFACE_SIDE_STYLE('',(#12224));
#12224 = SURFACE_STYLE_FILL_AREA(#12225);
#12225 = FILL_AREA_STYLE('',(#12226));
#12226 = FILL_AREA_STYLE_COLOUR('',#10664);
#12227 = OVER_RIDING_STYLED_ITEM('overriding color',(#12228),#8500,
  #10638);
#12228 = PRESENTATION_STYLE_ASSIGNMENT((#12229));
#12229 = SURFACE_STYLE_USAGE(.BOTH.,#12230);
#12230 = SURFACE_SIDE_STYLE('',(#12231));
#12231 = SURFACE_STYLE_FILL_AREA(#12232);
#12232 = FILL_AREA_STYLE('',(#12233));
#12233 = FILL_AREA_STYLE_COLOUR('',#10664);
#12234 = OVER_RIDING_STYLED_ITEM('overriding color',(#12235),#8524,
  #10638);
#12235 = PRESENTATION_STYLE_ASSIGNMENT((#12236));
#12236 = SURFACE_STYLE_USAGE(.BOTH.,#12237);
#12237 = SURFACE_SIDE_STYLE('',(#12238));
#12238 = SURFACE_STYLE_FILL_AREA(#12239);
#12239 = FILL_AREA_STYLE('',(#12240));
#12240 = FILL_AREA_STYLE_COLOUR('',#10664);
#12241 = OVER_RIDING_STYLED_ITEM('overriding color',(#12242),#8548,
  #10638);
#12242 = PRESENTATION_STYLE_ASSIGNMENT((#12243));
#12243 = SURFACE_STYLE_USAGE(.BOTH.,#12244);
#12244 = SURFACE_SIDE_STYLE('',(#12245));
#12245 = SURFACE_STYLE_FILL_AREA(#12246);
#12246 = FILL_AREA_STYLE('',(#12247));
#12247 = FILL_AREA_STYLE_COLOUR('',#10664);
#12248 = OVER_RIDING_STYLED_ITEM('overriding color',(#12249),#8572,
  #10638);
#12249 = PRESENTATION_STYLE_ASSIGNMENT((#12250));
#12250 = SURFACE_STYLE_USAGE(.BOTH.,#12251);
#12251 = SURFACE_SIDE_STYLE('',(#12252));
#12252 = SURFACE_STYLE_FILL_AREA(#12253);
#12253 = FILL_AREA_STYLE('',(#12254));
#12254 = FILL_AREA_STYLE_COLOUR('',#10664);
#12255 = OVER_RIDING_STYLED_ITEM('overriding color',(#12256),#8596,
  #10638);
#12256 = PRESENTATION_STYLE_ASSIGNMENT((#12257));
#12257 = SURFACE_STYLE_USAGE(.BOTH.,#12258);
#12258 = SURFACE_SIDE_STYLE('',(#12259));
#12259 = SURFACE_STYLE_FILL_AREA(#12260);
#12260 = FILL_AREA_STYLE('',(#12261));
#12261 = FILL_AREA_STYLE_COLOUR('',#10664);
#12262 = OVER_RIDING_STYLED_ITEM('overriding color',(#12263),#8620,
  #10638);
#12263 = PRESENTATION_STYLE_ASSIGNMENT((#12264));
#12264 = SURFACE_STYLE_USAGE(.BOTH.,#12265);
#12265 = SURFACE_SIDE_STYLE('',(#12266));
#12266 = SURFACE_STYLE_FILL_AREA(#12267);
#12267 = FILL_AREA_STYLE('',(#12268));
#12268 = FILL_AREA_STYLE_COLOUR('',#10664);
#12269 = OVER_RIDING_STYLED_ITEM('overriding color',(#12270),#8637,
  #10638);
#12270 = PRESENTATION_STYLE_ASSIGNMENT((#12271));
#12271 = SURFACE_STYLE_USAGE(.BOTH.,#12272);
#12272 = SURFACE_SIDE_STYLE('',(#12273));
#12273 = SURFACE_STYLE_FILL_AREA(#12274);
#12274 = FILL_AREA_STYLE('',(#12275));
#12275 = FILL_AREA_STYLE_COLOUR('',#10664);
#12276 = OVER_RIDING_STYLED_ITEM('overriding color',(#12277),#8657,
  #10638);
#12277 = PRESENTATION_STYLE_ASSIGNMENT((#12278));
#12278 = SURFACE_STYLE_USAGE(.BOTH.,#12279);
#12279 = SURFACE_SIDE_STYLE('',(#12280));
#12280 = SURFACE_STYLE_FILL_AREA(#12281);
#12281 = FILL_AREA_STYLE('',(#12282));
#12282 = FILL_AREA_STYLE_COLOUR('',#10664);
#12283 = OVER_RIDING_STYLED_ITEM('overriding color',(#12284),#8787,
  #10638);
#12284 = PRESENTATION_STYLE_ASSIGNMENT((#12285));
#12285 = SURFACE_STYLE_USAGE(.BOTH.,#12286);
#12286 = SURFACE_SIDE_STYLE('',(#12287));
#12287 = SURFACE_STYLE_FILL_AREA(#12288);
#12288 = FILL_AREA_STYLE('',(#12289));
#12289 = FILL_AREA_STYLE_COLOUR('',#10664);
#12290 = OVER_RIDING_STYLED_ITEM('overriding color',(#12291),#8809,
  #10638);
#12291 = PRESENTATION_STYLE_ASSIGNMENT((#12292));
#12292 = SURFACE_STYLE_USAGE(.BOTH.,#12293);
#12293 = SURFACE_SIDE_STYLE('',(#12294));
#12294 = SURFACE_STYLE_FILL_AREA(#12295);
#12295 = FILL_AREA_STYLE('',(#12296));
#12296 = FILL_AREA_STYLE_COLOUR('',#10664);
#12297 = OVER_RIDING_STYLED_ITEM('overriding color',(#12298),#8830,
  #10638);
#12298 = PRESENTATION_STYLE_ASSIGNMENT((#12299));
#12299 = SURFACE_STYLE_USAGE(.BOTH.,#12300);
#12300 = SURFACE_SIDE_STYLE('',(#12301));
#12301 = SURFACE_STYLE_FILL_AREA(#12302);
#12302 = FILL_AREA_STYLE('',(#12303));
#12303 = FILL_AREA_STYLE_COLOUR('',#10664);
#12304 = OVER_RIDING_STYLED_ITEM('overriding color',(#12305),#8851,
  #10638);
#12305 = PRESENTATION_STYLE_ASSIGNMENT((#12306));
#12306 = SURFACE_STYLE_USAGE(.BOTH.,#12307);
#12307 = SURFACE_SIDE_STYLE('',(#12308));
#12308 = SURFACE_STYLE_FILL_AREA(#12309);
#12309 = FILL_AREA_STYLE('',(#12310));
#12310 = FILL_AREA_STYLE_COLOUR('',#10664);
#12311 = OVER_RIDING_STYLED_ITEM('overriding color',(#12312),#8872,
  #10638);
#12312 = PRESENTATION_STYLE_ASSIGNMENT((#12313));
#12313 = SURFACE_STYLE_USAGE(.BOTH.,#12314);
#12314 = SURFACE_SIDE_STYLE('',(#12315));
#12315 = SURFACE_STYLE_FILL_AREA(#12316);
#12316 = FILL_AREA_STYLE('',(#12317));
#12317 = FILL_AREA_STYLE_COLOUR('',#10664);
#12318 = OVER_RIDING_STYLED_ITEM('overriding color',(#12319),#8893,
  #10638);
#12319 = PRESENTATION_STYLE_ASSIGNMENT((#12320));
#12320 = SURFACE_STYLE_USAGE(.BOTH.,#12321);
#12321 = SURFACE_SIDE_STYLE('',(#12322));
#12322 = SURFACE_STYLE_FILL_AREA(#12323);
#12323 = FILL_AREA_STYLE('',(#12324));
#12324 = FILL_AREA_STYLE_COLOUR('',#10664);
#12325 = OVER_RIDING_STYLED_ITEM('overriding color',(#12326),#8910,
  #10638);
#12326 = PRESENTATION_STYLE_ASSIGNMENT((#12327));
#12327 = SURFACE_STYLE_USAGE(.BOTH.,#12328);
#12328 = SURFACE_SIDE_STYLE('',(#12329));
#12329 = SURFACE_STYLE_FILL_AREA(#12330);
#12330 = FILL_AREA_STYLE('',(#12331));
#12331 = FILL_AREA_STYLE_COLOUR('',#10664);
#12332 = OVER_RIDING_STYLED_ITEM('overriding color',(#12333),#8922,
  #10638);
#12333 = PRESENTATION_STYLE_ASSIGNMENT((#12334));
#12334 = SURFACE_STYLE_USAGE(.BOTH.,#12335);
#12335 = SURFACE_SIDE_STYLE('',(#12336));
#12336 = SURFACE_STYLE_FILL_AREA(#12337);
#12337 = FILL_AREA_STYLE('',(#12338));
#12338 = FILL_AREA_STYLE_COLOUR('',#10664);
#12339 = OVER_RIDING_STYLED_ITEM('overriding color',(#12340),#8953,
  #10638);
#12340 = PRESENTATION_STYLE_ASSIGNMENT((#12341));
#12341 = SURFACE_STYLE_USAGE(.BOTH.,#12342);
#12342 = SURFACE_SIDE_STYLE('',(#12343));
#12343 = SURFACE_STYLE_FILL_AREA(#12344);
#12344 = FILL_AREA_STYLE('',(#12345));
#12345 = FILL_AREA_STYLE_COLOUR('',#10664);
#12346 = OVER_RIDING_STYLED_ITEM('overriding color',(#12347),#8977,
  #10638);
#12347 = PRESENTATION_STYLE_ASSIGNMENT((#12348));
#12348 = SURFACE_STYLE_USAGE(.BOTH.,#12349);
#12349 = SURFACE_SIDE_STYLE('',(#12350));
#12350 = SURFACE_STYLE_FILL_AREA(#12351);
#12351 = FILL_AREA_STYLE('',(#12352));
#12352 = FILL_AREA_STYLE_COLOUR('',#10664);
#12353 = OVER_RIDING_STYLED_ITEM('overriding color',(#12354),#9001,
  #10638);
#12354 = PRESENTATION_STYLE_ASSIGNMENT((#12355));
#12355 = SURFACE_STYLE_USAGE(.BOTH.,#12356);
#12356 = SURFACE_SIDE_STYLE('',(#12357));
#12357 = SURFACE_STYLE_FILL_AREA(#12358);
#12358 = FILL_AREA_STYLE('',(#12359));
#12359 = FILL_AREA_STYLE_COLOUR('',#10664);
#12360 = OVER_RIDING_STYLED_ITEM('overriding color',(#12361),#9030,
  #10638);
#12361 = PRESENTATION_STYLE_ASSIGNMENT((#12362));
#12362 = SURFACE_STYLE_USAGE(.BOTH.,#12363);
#12363 = SURFACE_SIDE_STYLE('',(#12364));
#12364 = SURFACE_STYLE_FILL_AREA(#12365);
#12365 = FILL_AREA_STYLE('',(#12366));
#12366 = FILL_AREA_STYLE_COLOUR('',#10664);
#12367 = OVER_RIDING_STYLED_ITEM('overriding color',(#12368),#9059,
  #10638);
#12368 = PRESENTATION_STYLE_ASSIGNMENT((#12369));
#12369 = SURFACE_STYLE_USAGE(.BOTH.,#12370);
#12370 = SURFACE_SIDE_STYLE('',(#12371));
#12371 = SURFACE_STYLE_FILL_AREA(#12372);
#12372 = FILL_AREA_STYLE('',(#12373));
#12373 = FILL_AREA_STYLE_COLOUR('',#10664);
#12374 = OVER_RIDING_STYLED_ITEM('overriding color',(#12375),#9088,
  #10638);
#12375 = PRESENTATION_STYLE_ASSIGNMENT((#12376));
#12376 = SURFACE_STYLE_USAGE(.BOTH.,#12377);
#12377 = SURFACE_SIDE_STYLE('',(#12378));
#12378 = SURFACE_STYLE_FILL_AREA(#12379);
#12379 = FILL_AREA_STYLE('',(#12380));
#12380 = FILL_AREA_STYLE_COLOUR('',#10664);
#12381 = OVER_RIDING_STYLED_ITEM('overriding color',(#12382),#9110,
  #10638);
#12382 = PRESENTATION_STYLE_ASSIGNMENT((#12383));
#12383 = SURFACE_STYLE_USAGE(.BOTH.,#12384);
#12384 = SURFACE_SIDE_STYLE('',(#12385));
#12385 = SURFACE_STYLE_FILL_AREA(#12386);
#12386 = FILL_AREA_STYLE('',(#12387));
#12387 = FILL_AREA_STYLE_COLOUR('',#10656);
#12388 = OVER_RIDING_STYLED_ITEM('overriding color',(#12389),#9125,
  #10638);
#12389 = PRESENTATION_STYLE_ASSIGNMENT((#12390));
#12390 = SURFACE_STYLE_USAGE(.BOTH.,#12391);
#12391 = SURFACE_SIDE_STYLE('',(#12392));
#12392 = SURFACE_STYLE_FILL_AREA(#12393);
#12393 = FILL_AREA_STYLE('',(#12394));
#12394 = FILL_AREA_STYLE_COLOUR('',#10664);
#12395 = OVER_RIDING_STYLED_ITEM('overriding color',(#12396),#9249,
  #10638);
#12396 = PRESENTATION_STYLE_ASSIGNMENT((#12397));
#12397 = SURFACE_STYLE_USAGE(.BOTH.,#12398);
#12398 = SURFACE_SIDE_STYLE('',(#12399));
#12399 = SURFACE_STYLE_FILL_AREA(#12400);
#12400 = FILL_AREA_STYLE('',(#12401));
#12401 = FILL_AREA_STYLE_COLOUR('',#10664);
#12402 = OVER_RIDING_STYLED_ITEM('overriding color',(#12403),#9271,
  #10638);
#12403 = PRESENTATION_STYLE_ASSIGNMENT((#12404));
#12404 = SURFACE_STYLE_USAGE(.BOTH.,#12405);
#12405 = SURFACE_SIDE_STYLE('',(#12406));
#12406 = SURFACE_STYLE_FILL_AREA(#12407);
#12407 = FILL_AREA_STYLE('',(#12408));
#12408 = FILL_AREA_STYLE_COLOUR('',#10664);
#12409 = OVER_RIDING_STYLED_ITEM('overriding color',(#12410),#9288,
  #10638);
#12410 = PRESENTATION_STYLE_ASSIGNMENT((#12411));
#12411 = SURFACE_STYLE_USAGE(.BOTH.,#12412);
#12412 = SURFACE_SIDE_STYLE('',(#12413));
#12413 = SURFACE_STYLE_FILL_AREA(#12414);
#12414 = FILL_AREA_STYLE('',(#12415));
#12415 = FILL_AREA_STYLE_COLOUR('',#10664);
#12416 = OVER_RIDING_STYLED_ITEM('overriding color',(#12417),#9305,
  #10638);
#12417 = PRESENTATION_STYLE_ASSIGNMENT((#12418));
#12418 = SURFACE_STYLE_USAGE(.BOTH.,#12419);
#12419 = SURFACE_SIDE_STYLE('',(#12420));
#12420 = SURFACE_STYLE_FILL_AREA(#12421);
#12421 = FILL_AREA_STYLE('',(#12422));
#12422 = FILL_AREA_STYLE_COLOUR('',#10664);
#12423 = OVER_RIDING_STYLED_ITEM('overriding color',(#12424),#9322,
  #10638);
#12424 = PRESENTATION_STYLE_ASSIGNMENT((#12425));
#12425 = SURFACE_STYLE_USAGE(.BOTH.,#12426);
#12426 = SURFACE_SIDE_STYLE('',(#12427));
#12427 = SURFACE_STYLE_FILL_AREA(#12428);
#12428 = FILL_AREA_STYLE('',(#12429));
#12429 = FILL_AREA_STYLE_COLOUR('',#10664);
#12430 = OVER_RIDING_STYLED_ITEM('overriding color',(#12431),#9339,
  #10638);
#12431 = PRESENTATION_STYLE_ASSIGNMENT((#12432));
#12432 = SURFACE_STYLE_USAGE(.BOTH.,#12433);
#12433 = SURFACE_SIDE_STYLE('',(#12434));
#12434 = SURFACE_STYLE_FILL_AREA(#12435);
#12435 = FILL_AREA_STYLE('',(#12436));
#12436 = FILL_AREA_STYLE_COLOUR('',#10664);
#12437 = OVER_RIDING_STYLED_ITEM('overriding color',(#12438),#9356,
  #10638);
#12438 = PRESENTATION_STYLE_ASSIGNMENT((#12439));
#12439 = SURFACE_STYLE_USAGE(.BOTH.,#12440);
#12440 = SURFACE_SIDE_STYLE('',(#12441));
#12441 = SURFACE_STYLE_FILL_AREA(#12442);
#12442 = FILL_AREA_STYLE('',(#12443));
#12443 = FILL_AREA_STYLE_COLOUR('',#10664);
#12444 = OVER_RIDING_STYLED_ITEM('overriding color',(#12445),#9373,
  #10638);
#12445 = PRESENTATION_STYLE_ASSIGNMENT((#12446));
#12446 = SURFACE_STYLE_USAGE(.BOTH.,#12447);
#12447 = SURFACE_SIDE_STYLE('',(#12448));
#12448 = SURFACE_STYLE_FILL_AREA(#12449);
#12449 = FILL_AREA_STYLE('',(#12450));
#12450 = FILL_AREA_STYLE_COLOUR('',#10664);
#12451 = OVER_RIDING_STYLED_ITEM('overriding color',(#12452),#9385,
  #10638);
#12452 = PRESENTATION_STYLE_ASSIGNMENT((#12453));
#12453 = SURFACE_STYLE_USAGE(.BOTH.,#12454);
#12454 = SURFACE_SIDE_STYLE('',(#12455));
#12455 = SURFACE_STYLE_FILL_AREA(#12456);
#12456 = FILL_AREA_STYLE('',(#12457));
#12457 = FILL_AREA_STYLE_COLOUR('',#10664);
#12458 = OVER_RIDING_STYLED_ITEM('overriding color',(#12459),#9416,
  #10638);
#12459 = PRESENTATION_STYLE_ASSIGNMENT((#12460));
#12460 = SURFACE_STYLE_USAGE(.BOTH.,#12461);
#12461 = SURFACE_SIDE_STYLE('',(#12462));
#12462 = SURFACE_STYLE_FILL_AREA(#12463);
#12463 = FILL_AREA_STYLE('',(#12464));
#12464 = FILL_AREA_STYLE_COLOUR('',#10664);
#12465 = OVER_RIDING_STYLED_ITEM('overriding color',(#12466),#9440,
  #10638);
#12466 = PRESENTATION_STYLE_ASSIGNMENT((#12467));
#12467 = SURFACE_STYLE_USAGE(.BOTH.,#12468);
#12468 = SURFACE_SIDE_STYLE('',(#12469));
#12469 = SURFACE_STYLE_FILL_AREA(#12470);
#12470 = FILL_AREA_STYLE('',(#12471));
#12471 = FILL_AREA_STYLE_COLOUR('',#10664);
#12472 = OVER_RIDING_STYLED_ITEM('overriding color',(#12473),#9469,
  #10638);
#12473 = PRESENTATION_STYLE_ASSIGNMENT((#12474));
#12474 = SURFACE_STYLE_USAGE(.BOTH.,#12475);
#12475 = SURFACE_SIDE_STYLE('',(#12476));
#12476 = SURFACE_STYLE_FILL_AREA(#12477);
#12477 = FILL_AREA_STYLE('',(#12478));
#12478 = FILL_AREA_STYLE_COLOUR('',#10664);
#12479 = OVER_RIDING_STYLED_ITEM('overriding color',(#12480),#9493,
  #10638);
#12480 = PRESENTATION_STYLE_ASSIGNMENT((#12481));
#12481 = SURFACE_STYLE_USAGE(.BOTH.,#12482);
#12482 = SURFACE_SIDE_STYLE('',(#12483));
#12483 = SURFACE_STYLE_FILL_AREA(#12484);
#12484 = FILL_AREA_STYLE('',(#12485));
#12485 = FILL_AREA_STYLE_COLOUR('',#10664);
#12486 = OVER_RIDING_STYLED_ITEM('overriding color',(#12487),#9522,
  #10638);
#12487 = PRESENTATION_STYLE_ASSIGNMENT((#12488));
#12488 = SURFACE_STYLE_USAGE(.BOTH.,#12489);
#12489 = SURFACE_SIDE_STYLE('',(#12490));
#12490 = SURFACE_STYLE_FILL_AREA(#12491);
#12491 = FILL_AREA_STYLE('',(#12492));
#12492 = FILL_AREA_STYLE_COLOUR('',#10664);
#12493 = OVER_RIDING_STYLED_ITEM('overriding color',(#12494),#9539,
  #10638);
#12494 = PRESENTATION_STYLE_ASSIGNMENT((#12495));
#12495 = SURFACE_STYLE_USAGE(.BOTH.,#12496);
#12496 = SURFACE_SIDE_STYLE('',(#12497));
#12497 = SURFACE_STYLE_FILL_AREA(#12498);
#12498 = FILL_AREA_STYLE('',(#12499));
#12499 = FILL_AREA_STYLE_COLOUR('',#10656);
#12500 = OVER_RIDING_STYLED_ITEM('overriding color',(#12501),#9553,
  #10638);
#12501 = PRESENTATION_STYLE_ASSIGNMENT((#12502));
#12502 = SURFACE_STYLE_USAGE(.BOTH.,#12503);
#12503 = SURFACE_SIDE_STYLE('',(#12504));
#12504 = SURFACE_STYLE_FILL_AREA(#12505);
#12505 = FILL_AREA_STYLE('',(#12506));
#12506 = FILL_AREA_STYLE_COLOUR('',#10664);
#12507 = OVER_RIDING_STYLED_ITEM('overriding color',(#12508),#9878,
  #10638);
#12508 = PRESENTATION_STYLE_ASSIGNMENT((#12509));
#12509 = SURFACE_STYLE_USAGE(.BOTH.,#12510);
#12510 = SURFACE_SIDE_STYLE('',(#12511));
#12511 = SURFACE_STYLE_FILL_AREA(#12512);
#12512 = FILL_AREA_STYLE('',(#12513));
#12513 = FILL_AREA_STYLE_COLOUR('',#10664);
#12514 = OVER_RIDING_STYLED_ITEM('overriding color',(#12515),#9904,
  #10638);
#12515 = PRESENTATION_STYLE_ASSIGNMENT((#12516));
#12516 = SURFACE_STYLE_USAGE(.BOTH.,#12517);
#12517 = SURFACE_SIDE_STYLE('',(#12518));
#12518 = SURFACE_STYLE_FILL_AREA(#12519);
#12519 = FILL_AREA_STYLE('',(#12520));
#12520 = FILL_AREA_STYLE_COLOUR('',#10664);
#12521 = OVER_RIDING_STYLED_ITEM('overriding color',(#12522),#9925,
  #10638);
#12522 = PRESENTATION_STYLE_ASSIGNMENT((#12523));
#12523 = SURFACE_STYLE_USAGE(.BOTH.,#12524);
#12524 = SURFACE_SIDE_STYLE('',(#12525));
#12525 = SURFACE_STYLE_FILL_AREA(#12526);
#12526 = FILL_AREA_STYLE('',(#12527));
#12527 = FILL_AREA_STYLE_COLOUR('',#10664);
#12528 = OVER_RIDING_STYLED_ITEM('overriding color',(#12529),#9946,
  #10638);
#12529 = PRESENTATION_STYLE_ASSIGNMENT((#12530));
#12530 = SURFACE_STYLE_USAGE(.BOTH.,#12531);
#12531 = SURFACE_SIDE_STYLE('',(#12532));
#12532 = SURFACE_STYLE_FILL_AREA(#12533);
#12533 = FILL_AREA_STYLE('',(#12534));
#12534 = FILL_AREA_STYLE_COLOUR('',#10664);
#12535 = OVER_RIDING_STYLED_ITEM('overriding color',(#12536),#9967,
  #10638);
#12536 = PRESENTATION_STYLE_ASSIGNMENT((#12537));
#12537 = SURFACE_STYLE_USAGE(.BOTH.,#12538);
#12538 = SURFACE_SIDE_STYLE('',(#12539));
#12539 = SURFACE_STYLE_FILL_AREA(#12540);
#12540 = FILL_AREA_STYLE('',(#12541));
#12541 = FILL_AREA_STYLE_COLOUR('',#10664);
#12542 = OVER_RIDING_STYLED_ITEM('overriding color',(#12543),#9988,
  #10638);
#12543 = PRESENTATION_STYLE_ASSIGNMENT((#12544));
#12544 = SURFACE_STYLE_USAGE(.BOTH.,#12545);
#12545 = SURFACE_SIDE_STYLE('',(#12546));
#12546 = SURFACE_STYLE_FILL_AREA(#12547);
#12547 = FILL_AREA_STYLE('',(#12548));
#12548 = FILL_AREA_STYLE_COLOUR('',#10664);
#12549 = OVER_RIDING_STYLED_ITEM('overriding color',(#12550),#10009,
  #10638);
#12550 = PRESENTATION_STYLE_ASSIGNMENT((#12551));
#12551 = SURFACE_STYLE_USAGE(.BOTH.,#12552);
#12552 = SURFACE_SIDE_STYLE('',(#12553));
#12553 = SURFACE_STYLE_FILL_AREA(#12554);
#12554 = FILL_AREA_STYLE('',(#12555));
#12555 = FILL_AREA_STYLE_COLOUR('',#10664);
#12556 = OVER_RIDING_STYLED_ITEM('overriding color',(#12557),#10030,
  #10638);
#12557 = PRESENTATION_STYLE_ASSIGNMENT((#12558));
#12558 = SURFACE_STYLE_USAGE(.BOTH.,#12559);
#12559 = SURFACE_SIDE_STYLE('',(#12560));
#12560 = SURFACE_STYLE_FILL_AREA(#12561);
#12561 = FILL_AREA_STYLE('',(#12562));
#12562 = FILL_AREA_STYLE_COLOUR('',#10664);
#12563 = OVER_RIDING_STYLED_ITEM('overriding color',(#12564),#10051,
  #10638);
#12564 = PRESENTATION_STYLE_ASSIGNMENT((#12565));
#12565 = SURFACE_STYLE_USAGE(.BOTH.,#12566);
#12566 = SURFACE_SIDE_STYLE('',(#12567));
#12567 = SURFACE_STYLE_FILL_AREA(#12568);
#12568 = FILL_AREA_STYLE('',(#12569));
#12569 = FILL_AREA_STYLE_COLOUR('',#10664);
#12570 = OVER_RIDING_STYLED_ITEM('overriding color',(#12571),#10072,
  #10638);
#12571 = PRESENTATION_STYLE_ASSIGNMENT((#12572));
#12572 = SURFACE_STYLE_USAGE(.BOTH.,#12573);
#12573 = SURFACE_SIDE_STYLE('',(#12574));
#12574 = SURFACE_STYLE_FILL_AREA(#12575);
#12575 = FILL_AREA_STYLE('',(#12576));
#12576 = FILL_AREA_STYLE_COLOUR('',#10664);
#12577 = OVER_RIDING_STYLED_ITEM('overriding color',(#12578),#10093,
  #10638);
#12578 = PRESENTATION_STYLE_ASSIGNMENT((#12579));
#12579 = SURFACE_STYLE_USAGE(.BOTH.,#12580);
#12580 = SURFACE_SIDE_STYLE('',(#12581));
#12581 = SURFACE_STYLE_FILL_AREA(#12582);
#12582 = FILL_AREA_STYLE('',(#12583));
#12583 = FILL_AREA_STYLE_COLOUR('',#10664);
#12584 = OVER_RIDING_STYLED_ITEM('overriding color',(#12585),#10114,
  #10638);
#12585 = PRESENTATION_STYLE_ASSIGNMENT((#12586));
#12586 = SURFACE_STYLE_USAGE(.BOTH.,#12587);
#12587 = SURFACE_SIDE_STYLE('',(#12588));
#12588 = SURFACE_STYLE_FILL_AREA(#12589);
#12589 = FILL_AREA_STYLE('',(#12590));
#12590 = FILL_AREA_STYLE_COLOUR('',#10664);
#12591 = OVER_RIDING_STYLED_ITEM('overriding color',(#12592),#10135,
  #10638);
#12592 = PRESENTATION_STYLE_ASSIGNMENT((#12593));
#12593 = SURFACE_STYLE_USAGE(.BOTH.,#12594);
#12594 = SURFACE_SIDE_STYLE('',(#12595));
#12595 = SURFACE_STYLE_FILL_AREA(#12596);
#12596 = FILL_AREA_STYLE('',(#12597));
#12597 = FILL_AREA_STYLE_COLOUR('',#10664);
#12598 = OVER_RIDING_STYLED_ITEM('overriding color',(#12599),#10152,
  #10638);
#12599 = PRESENTATION_STYLE_ASSIGNMENT((#12600));
#12600 = SURFACE_STYLE_USAGE(.BOTH.,#12601);
#12601 = SURFACE_SIDE_STYLE('',(#12602));
#12602 = SURFACE_STYLE_FILL_AREA(#12603);
#12603 = FILL_AREA_STYLE('',(#12604));
#12604 = FILL_AREA_STYLE_COLOUR('',#10664);
#12605 = OVER_RIDING_STYLED_ITEM('overriding color',(#12606),#10169,
  #10638);
#12606 = PRESENTATION_STYLE_ASSIGNMENT((#12607));
#12607 = SURFACE_STYLE_USAGE(.BOTH.,#12608);
#12608 = SURFACE_SIDE_STYLE('',(#12609));
#12609 = SURFACE_STYLE_FILL_AREA(#12610);
#12610 = FILL_AREA_STYLE('',(#12611));
#12611 = FILL_AREA_STYLE_COLOUR('',#10664);
#12612 = OVER_RIDING_STYLED_ITEM('overriding color',(#12613),#10186,
  #10638);
#12613 = PRESENTATION_STYLE_ASSIGNMENT((#12614));
#12614 = SURFACE_STYLE_USAGE(.BOTH.,#12615);
#12615 = SURFACE_SIDE_STYLE('',(#12616));
#12616 = SURFACE_STYLE_FILL_AREA(#12617);
#12617 = FILL_AREA_STYLE('',(#12618));
#12618 = FILL_AREA_STYLE_COLOUR('',#10664);
#12619 = OVER_RIDING_STYLED_ITEM('overriding color',(#12620),#10203,
  #10638);
#12620 = PRESENTATION_STYLE_ASSIGNMENT((#12621));
#12621 = SURFACE_STYLE_USAGE(.BOTH.,#12622);
#12622 = SURFACE_SIDE_STYLE('',(#12623));
#12623 = SURFACE_STYLE_FILL_AREA(#12624);
#12624 = FILL_AREA_STYLE('',(#12625));
#12625 = FILL_AREA_STYLE_COLOUR('',#10664);
#12626 = OVER_RIDING_STYLED_ITEM('overriding color',(#12627),#10224,
  #10638);
#12627 = PRESENTATION_STYLE_ASSIGNMENT((#12628));
#12628 = SURFACE_STYLE_USAGE(.BOTH.,#12629);
#12629 = SURFACE_SIDE_STYLE('',(#12630));
#12630 = SURFACE_STYLE_FILL_AREA(#12631);
#12631 = FILL_AREA_STYLE('',(#12632));
#12632 = FILL_AREA_STYLE_COLOUR('',#10664);
#12633 = OVER_RIDING_STYLED_ITEM('overriding color',(#12634),#10245,
  #10638);
#12634 = PRESENTATION_STYLE_ASSIGNMENT((#12635));
#12635 = SURFACE_STYLE_USAGE(.BOTH.,#12636);
#12636 = SURFACE_SIDE_STYLE('',(#12637));
#12637 = SURFACE_STYLE_FILL_AREA(#12638);
#12638 = FILL_AREA_STYLE('',(#12639));
#12639 = FILL_AREA_STYLE_COLOUR('',#10664);
#12640 = OVER_RIDING_STYLED_ITEM('overriding color',(#12641),#10266,
  #10638);
#12641 = PRESENTATION_STYLE_ASSIGNMENT((#12642));
#12642 = SURFACE_STYLE_USAGE(.BOTH.,#12643);
#12643 = SURFACE_SIDE_STYLE('',(#12644));
#12644 = SURFACE_STYLE_FILL_AREA(#12645);
#12645 = FILL_AREA_STYLE('',(#12646));
#12646 = FILL_AREA_STYLE_COLOUR('',#10664);
#12647 = OVER_RIDING_STYLED_ITEM('overriding color',(#12648),#10287,
  #10638);
#12648 = PRESENTATION_STYLE_ASSIGNMENT((#12649));
#12649 = SURFACE_STYLE_USAGE(.BOTH.,#12650);
#12650 = SURFACE_SIDE_STYLE('',(#12651));
#12651 = SURFACE_STYLE_FILL_AREA(#12652);
#12652 = FILL_AREA_STYLE('',(#12653));
#12653 = FILL_AREA_STYLE_COLOUR('',#10664);
#12654 = OVER_RIDING_STYLED_ITEM('overriding color',(#12655),#10308,
  #10638);
#12655 = PRESENTATION_STYLE_ASSIGNMENT((#12656));
#12656 = SURFACE_STYLE_USAGE(.BOTH.,#12657);
#12657 = SURFACE_SIDE_STYLE('',(#12658));
#12658 = SURFACE_STYLE_FILL_AREA(#12659);
#12659 = FILL_AREA_STYLE('',(#12660));
#12660 = FILL_AREA_STYLE_COLOUR('',#10664);
#12661 = OVER_RIDING_STYLED_ITEM('overriding color',(#12662),#10329,
  #10638);
#12662 = PRESENTATION_STYLE_ASSIGNMENT((#12663));
#12663 = SURFACE_STYLE_USAGE(.BOTH.,#12664);
#12664 = SURFACE_SIDE_STYLE('',(#12665));
#12665 = SURFACE_STYLE_FILL_AREA(#12666);
#12666 = FILL_AREA_STYLE('',(#12667));
#12667 = FILL_AREA_STYLE_COLOUR('',#10664);
#12668 = OVER_RIDING_STYLED_ITEM('overriding color',(#12669),#10350,
  #10638);
#12669 = PRESENTATION_STYLE_ASSIGNMENT((#12670));
#12670 = SURFACE_STYLE_USAGE(.BOTH.,#12671);
#12671 = SURFACE_SIDE_STYLE('',(#12672));
#12672 = SURFACE_STYLE_FILL_AREA(#12673);
#12673 = FILL_AREA_STYLE('',(#12674));
#12674 = FILL_AREA_STYLE_COLOUR('',#10664);
#12675 = OVER_RIDING_STYLED_ITEM('overriding color',(#12676),#10367,
  #10638);
#12676 = PRESENTATION_STYLE_ASSIGNMENT((#12677));
#12677 = SURFACE_STYLE_USAGE(.BOTH.,#12678);
#12678 = SURFACE_SIDE_STYLE('',(#12679));
#12679 = SURFACE_STYLE_FILL_AREA(#12680);
#12680 = FILL_AREA_STYLE('',(#12681));
#12681 = FILL_AREA_STYLE_COLOUR('',#10664);
#12682 = OVER_RIDING_STYLED_ITEM('overriding color',(#12683),#10388,
  #10638);
#12683 = PRESENTATION_STYLE_ASSIGNMENT((#12684));
#12684 = SURFACE_STYLE_USAGE(.BOTH.,#12685);
#12685 = SURFACE_SIDE_STYLE('',(#12686));
#12686 = SURFACE_STYLE_FILL_AREA(#12687);
#12687 = FILL_AREA_STYLE('',(#12688));
#12688 = FILL_AREA_STYLE_COLOUR('',#10664);
#12689 = OVER_RIDING_STYLED_ITEM('overriding color',(#12690),#10409,
  #10638);
#12690 = PRESENTATION_STYLE_ASSIGNMENT((#12691));
#12691 = SURFACE_STYLE_USAGE(.BOTH.,#12692);
#12692 = SURFACE_SIDE_STYLE('',(#12693));
#12693 = SURFACE_STYLE_FILL_AREA(#12694);
#12694 = FILL_AREA_STYLE('',(#12695));
#12695 = FILL_AREA_STYLE_COLOUR('',#10664);
#12696 = OVER_RIDING_STYLED_ITEM('overriding color',(#12697),#10426,
  #10638);
#12697 = PRESENTATION_STYLE_ASSIGNMENT((#12698));
#12698 = SURFACE_STYLE_USAGE(.BOTH.,#12699);
#12699 = SURFACE_SIDE_STYLE('',(#12700));
#12700 = SURFACE_STYLE_FILL_AREA(#12701);
#12701 = FILL_AREA_STYLE('',(#12702));
#12702 = FILL_AREA_STYLE_COLOUR('',#10664);
#12703 = OVER_RIDING_STYLED_ITEM('overriding color',(#12704),#10447,
  #10638);
#12704 = PRESENTATION_STYLE_ASSIGNMENT((#12705));
#12705 = SURFACE_STYLE_USAGE(.BOTH.,#12706);
#12706 = SURFACE_SIDE_STYLE('',(#12707));
#12707 = SURFACE_STYLE_FILL_AREA(#12708);
#12708 = FILL_AREA_STYLE('',(#12709));
#12709 = FILL_AREA_STYLE_COLOUR('',#10664);
#12710 = OVER_RIDING_STYLED_ITEM('overriding color',(#12711),#10468,
  #10638);
#12711 = PRESENTATION_STYLE_ASSIGNMENT((#12712));
#12712 = SURFACE_STYLE_USAGE(.BOTH.,#12713);
#12713 = SURFACE_SIDE_STYLE('',(#12714));
#12714 = SURFACE_STYLE_FILL_AREA(#12715);
#12715 = FILL_AREA_STYLE('',(#12716));
#12716 = FILL_AREA_STYLE_COLOUR('',#10664);
#12717 = OVER_RIDING_STYLED_ITEM('overriding color',(#12718),#10489,
  #10638);
#12718 = PRESENTATION_STYLE_ASSIGNMENT((#12719));
#12719 = SURFACE_STYLE_USAGE(.BOTH.,#12720);
#12720 = SURFACE_SIDE_STYLE('',(#12721));
#12721 = SURFACE_STYLE_FILL_AREA(#12722);
#12722 = FILL_AREA_STYLE('',(#12723));
#12723 = FILL_AREA_STYLE_COLOUR('',#10664);
#12724 = OVER_RIDING_STYLED_ITEM('overriding color',(#12725),#10506,
  #10638);
#12725 = PRESENTATION_STYLE_ASSIGNMENT((#12726));
#12726 = SURFACE_STYLE_USAGE(.BOTH.,#12727);
#12727 = SURFACE_SIDE_STYLE('',(#12728));
#12728 = SURFACE_STYLE_FILL_AREA(#12729);
#12729 = FILL_AREA_STYLE('',(#12730));
#12730 = FILL_AREA_STYLE_COLOUR('',#10664);
#12731 = OVER_RIDING_STYLED_ITEM('overriding color',(#12732),#10527,
  #10638);
#12732 = PRESENTATION_STYLE_ASSIGNMENT((#12733));
#12733 = SURFACE_STYLE_USAGE(.BOTH.,#12734);
#12734 = SURFACE_SIDE_STYLE('',(#12735));
#12735 = SURFACE_STYLE_FILL_AREA(#12736);
#12736 = FILL_AREA_STYLE('',(#12737));
#12737 = FILL_AREA_STYLE_COLOUR('',#10664);
#12738 = OVER_RIDING_STYLED_ITEM('overriding color',(#12739),#10543,
  #10638);
#12739 = PRESENTATION_STYLE_ASSIGNMENT((#12740));
#12740 = SURFACE_STYLE_USAGE(.BOTH.,#12741);
#12741 = SURFACE_SIDE_STYLE('',(#12742));
#12742 = SURFACE_STYLE_FILL_AREA(#12743);
#12743 = FILL_AREA_STYLE('',(#12744));
#12744 = FILL_AREA_STYLE_COLOUR('',#10664);
#12745 = OVER_RIDING_STYLED_ITEM('overriding color',(#12746),#10588,
  #10638);
#12746 = PRESENTATION_STYLE_ASSIGNMENT((#12747));
#12747 = SURFACE_STYLE_USAGE(.BOTH.,#12748);
#12748 = SURFACE_SIDE_STYLE('',(#12749));
#12749 = SURFACE_STYLE_FILL_AREA(#12750);
#12750 = FILL_AREA_STYLE('',(#12751));
#12751 = FILL_AREA_STYLE_COLOUR('',#10664);
#12752 = OVER_RIDING_STYLED_ITEM('overriding color',(#12753),#10616,
  #10638);
#12753 = PRESENTATION_STYLE_ASSIGNMENT((#12754));
#12754 = SURFACE_STYLE_USAGE(.BOTH.,#12755);
#12755 = SURFACE_SIDE_STYLE('',(#12756));
#12756 = SURFACE_STYLE_FILL_AREA(#12757);
#12757 = FILL_AREA_STYLE('',(#12758));
#12758 = FILL_AREA_STYLE_COLOUR('',#10656);
ENDSEC;
END-ISO-10303-21;
