ISO-10303-21;
HEADER;
FILE_DESCRIPTION(('FreeCAD Model'),'2;1');
FILE_NAME('Open CASCADE Shape Model','2026-07-28T11:08:31',('Author'),(
    ''),'Open CASCADE STEP processor 7.8','FreeCAD','Unknown');
FILE_SCHEMA(('AUTOMOTIVE_DESIGN { 1 0 10303 214 1 1 1 1 }'));
ENDSEC;
DATA;
#1 = APPLICATION_PROTOCOL_DEFINITION('international standard',
  'automotive_design',2000,#2);
#2 = APPLICATION_CONTEXT(
  'core data for automotive mechanical design processes');
#3 = SHAPE_DEFINITION_REPRESENTATION(#4,#10);
#4 = PRODUCT_DEFINITION_SHAPE('','',#5);
#5 = PRODUCT_DEFINITION('design','',#6,#9);
#6 = PRODUCT_DEFINITION_FORMATION('','',#7);
#7 = PRODUCT(
'U1~SOP-8_L4.9-W3.9-P1.27-LS6.0-BL~SOP-8_
L4.9-W3.9-P1.27-LS6.0-BL-1~Kr20',
'U1~SOP-8_L4.9-W3.9-P1.27-LS6.0-BL~SOP-8_
L4.9-W3.9-P1.27-LS6.0-BL-1~Kr20','',(#8));
#8 = PRODUCT_CONTEXT('',#2,'mechanical');
#9 = PRODUCT_DEFINITION_CONTEXT('part definition',#2,'design');
#10 = SHAPE_REPRESENTATION('',(#11,#15),#19);
#11 = AXIS2_PLACEMENT_3D('',#12,#13,#14);
#12 = CARTESIAN_POINT('',(0.,0.,0.));
#13 = DIRECTION('',(0.,0.,1.));
#14 = DIRECTION('',(1.,0.,-0.));
#15 = AXIS2_PLACEMENT_3D('',#16,#17,#18);
#16 = CARTESIAN_POINT('',(0.,0.,0.));
#17 = DIRECTION('',(0.,0.,1.));
#18 = DIRECTION('',(1.,0.,0.));
#19 = ( GEOMETRIC_REPRESENTATION_CONTEXT(3) 
GLOBAL_UNCERTAINTY_ASSIGNED_CONTEXT((#23)) GLOBAL_UNIT_ASSIGNED_CONTEXT(
(#20,#21,#22)) REPRESENTATION_CONTEXT('Context #1',
  '3D Context with UNIT and UNCERTAINTY') );
#20 = ( LENGTH_UNIT() NAMED_UNIT(*) SI_UNIT(.MILLI.,.METRE.) );
#21 = ( NAMED_UNIT(*) PLANE_ANGLE_UNIT() SI_UNIT($,.RADIAN.) );
#22 = ( NAMED_UNIT(*) SI_UNIT($,.STERADIAN.) SOLID_ANGLE_UNIT() );
#23 = UNCERTAINTY_MEASURE_WITH_UNIT(LENGTH_MEASURE(2.E-06),#20,
  'distance_accuracy_value','confusion accuracy');
#24 = PRODUCT_RELATED_PRODUCT_CATEGORY('part',$,(#7));
#25 = SHAPE_DEFINITION_REPRESENTATION(#26,#32);
#26 = PRODUCT_DEFINITION_SHAPE('','',#27);
#27 = PRODUCT_DEFINITION('design','',#28,#31);
#28 = PRODUCT_DEFINITION_FORMATION('','',#29);
#29 = PRODUCT(
'SOP-8_L4.9-W3.9-P1.27-LS6.0-BL~SOP-8_L4.9-W3.9-P1.27-LS6.0-BL-1~L6m014'
  ,
'SOP-8_L4.9-W3.9-P1.27-LS6.0-BL~SOP-8_L4.9-W3.9-P1.27-LS6.0-BL-1~L6m014'
  ,'',(#30));
#30 = PRODUCT_CONTEXT('',#2,'mechanical');
#31 = PRODUCT_DEFINITION_CONTEXT('part definition',#2,'design');
#32 = SHAPE_REPRESENTATION('',(#11,#33,#37,#41,#45,#49,#53,#57,#61,#65,
    #69,#73,#77,#81,#85),#89);
#33 = AXIS2_PLACEMENT_3D('',#34,#35,#36);
#34 = CARTESIAN_POINT('',(0.,0.,0.));
#35 = DIRECTION('',(0.,0.,1.));
#36 = DIRECTION('',(1.,0.,0.));
#37 = AXIS2_PLACEMENT_3D('',#38,#39,#40);
#38 = CARTESIAN_POINT('',(0.,0.,0.));
#39 = DIRECTION('',(0.,0.,1.));
#40 = DIRECTION('',(1.,0.,0.));
#41 = AXIS2_PLACEMENT_3D('',#42,#43,#44);
#42 = CARTESIAN_POINT('',(0.,0.,0.));
#43 = DIRECTION('',(0.,0.,1.));
#44 = DIRECTION('',(1.,0.,0.));
#45 = AXIS2_PLACEMENT_3D('',#46,#47,#48);
#46 = CARTESIAN_POINT('',(0.,0.,0.));
#47 = DIRECTION('',(0.,0.,1.));
#48 = DIRECTION('',(1.,0.,0.));
#49 = AXIS2_PLACEMENT_3D('',#50,#51,#52);
#50 = CARTESIAN_POINT('',(0.,0.,0.));
#51 = DIRECTION('',(0.,0.,1.));
#52 = DIRECTION('',(1.,0.,0.));
#53 = AXIS2_PLACEMENT_3D('',#54,#55,#56);
#54 = CARTESIAN_POINT('',(0.,0.,0.));
#55 = DIRECTION('',(0.,0.,1.));
#56 = DIRECTION('',(1.,0.,0.));
#57 = AXIS2_PLACEMENT_3D('',#58,#59,#60);
#58 = CARTESIAN_POINT('',(0.,0.,0.));
#59 = DIRECTION('',(0.,0.,1.));
#60 = DIRECTION('',(1.,0.,0.));
#61 = AXIS2_PLACEMENT_3D('',#62,#63,#64);
#62 = CARTESIAN_POINT('',(0.,0.,0.));
#63 = DIRECTION('',(0.,0.,1.));
#64 = DIRECTION('',(1.,0.,0.));
#65 = AXIS2_PLACEMENT_3D('',#66,#67,#68);
#66 = CARTESIAN_POINT('',(0.,0.,0.));
#67 = DIRECTION('',(0.,0.,1.));
#68 = DIRECTION('',(1.,0.,0.));
#69 = AXIS2_PLACEMENT_3D('',#70,#71,#72);
#70 = CARTESIAN_POINT('',(0.,0.,0.));
#71 = DIRECTION('',(0.,0.,1.));
#72 = DIRECTION('',(1.,0.,0.));
#73 = AXIS2_PLACEMENT_3D('',#74,#75,#76);
#74 = CARTESIAN_POINT('',(0.,0.,0.));
#75 = DIRECTION('',(0.,0.,1.));
#76 = DIRECTION('',(1.,0.,0.));
#77 = AXIS2_PLACEMENT_3D('',#78,#79,#80);
#78 = CARTESIAN_POINT('',(0.,0.,0.));
#79 = DIRECTION('',(0.,0.,1.));
#80 = DIRECTION('',(1.,0.,0.));
#81 = AXIS2_PLACEMENT_3D('',#82,#83,#84);
#82 = CARTESIAN_POINT('',(0.,0.,0.));
#83 = DIRECTION('',(0.,0.,1.));
#84 = DIRECTION('',(1.,0.,0.));
#85 = AXIS2_PLACEMENT_3D('',#86,#87,#88);
#86 = CARTESIAN_POINT('',(0.,0.,0.));
#87 = DIRECTION('',(0.,0.,1.));
#88 = DIRECTION('',(1.,0.,0.));
#89 = ( GEOMETRIC_REPRESENTATION_CONTEXT(3) 
GLOBAL_UNCERTAINTY_ASSIGNED_CONTEXT((#93)) GLOBAL_UNIT_ASSIGNED_CONTEXT(
(#90,#91,#92)) REPRESENTATION_CONTEXT('Context #1',
  '3D Context with UNIT and UNCERTAINTY') );
#90 = ( LENGTH_UNIT() NAMED_UNIT(*) SI_UNIT(.MILLI.,.METRE.) );
#91 = ( NAMED_UNIT(*) PLANE_ANGLE_UNIT() SI_UNIT($,.RADIAN.) );
#92 = ( NAMED_UNIT(*) SI_UNIT($,.STERADIAN.) SOLID_ANGLE_UNIT() );
#93 = UNCERTAINTY_MEASURE_WITH_UNIT(LENGTH_MEASURE(2.E-06),#90,
  'distance_accuracy_value','confusion accuracy');
#94 = CONTEXT_DEPENDENT_SHAPE_REPRESENTATION(#95,#97);
#95 = ( REPRESENTATION_RELATIONSHIP('','',#32,#10) 
REPRESENTATION_RELATIONSHIP_WITH_TRANSFORMATION(#96) 
SHAPE_REPRESENTATION_RELATIONSHIP() );
#96 = ITEM_DEFINED_TRANSFORMATION('','',#11,#15);
#97 = PRODUCT_DEFINITION_SHAPE('Placement','Placement of an item',#98);
#98 = NEXT_ASSEMBLY_USAGE_OCCURRENCE('129',
'SOP-8_L4.9-W3.9-P1.27-LS6.0-BL~SOP-8_L4.9-W3.9-P1.27-LS6.0-BL-1~L6m014'
  ,'',#5,#27,$);
#99 = PRODUCT_RELATED_PRODUCT_CATEGORY('part',$,(#29));
#100 = SHAPE_DEFINITION_REPRESENTATION(#101,#107);
#101 = PRODUCT_DEFINITION_SHAPE('','',#102);
#102 = PRODUCT_DEFINITION('design','',#103,#106);
#103 = PRODUCT_DEFINITION_FORMATION('','',#104);
#104 = PRODUCT(
  'SOP-8_L4.9-W3.9-P1.27-LS6.0-BL~SOP-8_L4.9-W3.9-P1.27-LS6.0-BL-1~L6m6'
  ,
  'SOP-8_L4.9-W3.9-P1.27-LS6.0-BL~SOP-8_L4.9-W3.9-P1.27-LS6.0-BL-1~L6m6'
  ,'',(#105));
#105 = PRODUCT_CONTEXT('',#2,'mechanical');
#106 = PRODUCT_DEFINITION_CONTEXT('part definition',#2,'design');
#107 = ADVANCED_BREP_SHAPE_REPRESENTATION('',(#11,#108),#7458);
#108 = MANIFOLD_SOLID_BREP('',#109);
#109 = CLOSED_SHELL('',(#110,#152,#694,#734,#774,#814,#854,#894,#934,
    #974,#1014,#1047,#1087,#1120,#1151,#1184,#1215,#1248,#1270,#1314,
    #1366,#1393,#1425,#1450,#1502,#1527,#1552,#1620,#1652,#1676,#1701,
    #1753,#1778,#1802,#1827,#1872,#1930,#1961,#1979,#1997,#2022,#2047,
    #2065,#2083,#2102,#2134,#2152,#2170,#2194,#2220,#2237,#2262,#2280,
    #2298,#2316,#2333,#2358,#2370,#2388,#2398,#2438,#2469,#2500,#2533,
    #2564,#2597,#2619,#2650,#2683,#2714,#2738,#2758,#2778,#2818,#2849,
    #2880,#2913,#2944,#2977,#2999,#3030,#3063,#3094,#3120,#3138,#3158,
    #3198,#3229,#3260,#3293,#3324,#3357,#3379,#3410,#3443,#3474,#3500,
    #3518,#3538,#3578,#3609,#3640,#3673,#3704,#3737,#3759,#3790,#3823,
    #3854,#3880,#3898,#3918,#3958,#3989,#4020,#4053,#4084,#4117,#4139,
    #4170,#4203,#4234,#4260,#4278,#4298,#4338,#4369,#4400,#4433,#4464,
    #4497,#4519,#4550,#4583,#4614,#4640,#4658,#4678,#4718,#4749,#4780,
    #4813,#4844,#4877,#4899,#4930,#4963,#4994,#5020,#5038,#5058,#5098,
    #5129,#5160,#5193,#5224,#5257,#5279,#5310,#5343,#5374,#5400,#5418,
    #5438,#5469,#5493,#5517,#5541,#5565,#5589,#5613,#5630,#5704,#5735,
    #5759,#5797,#5821,#5859,#5876,#5907,#5931,#5955,#6029,#6096,#6183,
    #6214,#6288,#6362,#6386,#6403,#6434,#6458,#6482,#6506,#6530,#6554,
    #6578,#6602,#6626,#6650,#6674,#6691,#6711,#6742,#6792,#6866,#6940,
    #6990,#7014,#7064,#7138,#7212,#7255,#7273,#7304,#7328,#7352,#7376,
    #7400,#7417,#7431,#7445));
#110 = ADVANCED_FACE('',(#111),#147,.F.);
#111 = FACE_BOUND('',#112,.F.);
#112 = EDGE_LOOP('',(#113,#123,#132,#140));
#113 = ORIENTED_EDGE('',*,*,#114,.T.);
#114 = EDGE_CURVE('',#115,#117,#119,.T.);
#115 = VERTEX_POINT('',#116);
#116 = CARTESIAN_POINT('',(-1.537856737002,-0.897336962743,
    0.679999999999));
#117 = VERTEX_POINT('',#118);
#118 = CARTESIAN_POINT('',(-1.537856737002,-0.897336962743,
    0.699999999999));
#119 = LINE('',#120,#121);
#120 = CARTESIAN_POINT('',(-1.537856737002,-0.897336962743,
    0.679999999999));
#121 = VECTOR('',#122,1.);
#122 = DIRECTION('',(0.,0.,1.));
#123 = ORIENTED_EDGE('',*,*,#124,.F.);
#124 = EDGE_CURVE('',#125,#117,#127,.T.);
#125 = VERTEX_POINT('',#126);
#126 = CARTESIAN_POINT('',(-1.837856737002,-0.897336962743,
    0.699999999999));
#127 = CIRCLE('',#128,0.149999999999);
#128 = AXIS2_PLACEMENT_3D('',#129,#130,#131);
#129 = CARTESIAN_POINT('',(-1.687856737002,-0.897336962743,
    0.699999999999));
#130 = DIRECTION('',(0.,0.,1.));
#131 = DIRECTION('',(1.,0.,-0.));
#132 = ORIENTED_EDGE('',*,*,#133,.F.);
#133 = EDGE_CURVE('',#134,#125,#136,.T.);
#134 = VERTEX_POINT('',#135);
#135 = CARTESIAN_POINT('',(-1.837856737002,-0.897336962743,
    0.679999999999));
#136 = LINE('',#137,#138);
#137 = CARTESIAN_POINT('',(-1.837856737002,-0.897336962743,
    0.679999999999));
#138 = VECTOR('',#139,1.);
#139 = DIRECTION('',(0.,0.,1.));
#140 = ORIENTED_EDGE('',*,*,#141,.T.);
#141 = EDGE_CURVE('',#134,#115,#142,.T.);
#142 = CIRCLE('',#143,0.149999999999);
#143 = AXIS2_PLACEMENT_3D('',#144,#145,#146);
#144 = CARTESIAN_POINT('',(-1.687856737002,-0.897336962743,
    0.679999999999));
#145 = DIRECTION('',(0.,0.,1.));
#146 = DIRECTION('',(1.,0.,-0.));
#147 = CYLINDRICAL_SURFACE('',#148,0.149999999999);
#148 = AXIS2_PLACEMENT_3D('',#149,#150,#151);
#149 = CARTESIAN_POINT('',(-1.687856737002,-0.897336962743,
    0.679999999999));
#150 = DIRECTION('',(0.,0.,1.));
#151 = DIRECTION('',(1.,0.,-0.));
#152 = ADVANCED_FACE('',(#153,#219,#289,#363,#461,#639),#689,.T.);
#153 = FACE_BOUND('',#154,.T.);
#154 = EDGE_LOOP('',(#155,#165,#173,#181,#189,#197,#205,#213));
#155 = ORIENTED_EDGE('',*,*,#156,.T.);
#156 = EDGE_CURVE('',#157,#159,#161,.T.);
#157 = VERTEX_POINT('',#158);
#158 = CARTESIAN_POINT('',(-0.780487804878,0.239996308924,
    -0.699999999999));
#159 = VERTEX_POINT('',#160);
#160 = CARTESIAN_POINT('',(-0.847560975609,0.239996308924,
    -0.699999999999));
#161 = LINE('',#162,#163);
#162 = CARTESIAN_POINT('',(-0.780487804878,0.239996308924,
    -0.699999999999));
#163 = VECTOR('',#164,1.);
#164 = DIRECTION('',(-1.,0.,0.));
#165 = ORIENTED_EDGE('',*,*,#166,.T.);
#166 = EDGE_CURVE('',#159,#167,#169,.T.);
#167 = VERTEX_POINT('',#168);
#168 = CARTESIAN_POINT('',(-1.042682926829,-0.260003691075,
    -0.699999999999));
#169 = LINE('',#170,#171);
#170 = CARTESIAN_POINT('',(-0.847560975609,0.239996308924,
    -0.699999999999));
#171 = VECTOR('',#172,1.);
#172 = DIRECTION('',(-0.363542485652,-0.931577619485,0.));
#173 = ORIENTED_EDGE('',*,*,#174,.T.);
#174 = EDGE_CURVE('',#167,#175,#177,.T.);
#175 = VERTEX_POINT('',#176);
#176 = CARTESIAN_POINT('',(-0.969512195121,-0.260003691075,
    -0.699999999999));
#177 = LINE('',#178,#179);
#178 = CARTESIAN_POINT('',(-1.042682926829,-0.260003691075,
    -0.699999999999));
#179 = VECTOR('',#180,1.);
#180 = DIRECTION('',(1.,0.,0.));
#181 = ORIENTED_EDGE('',*,*,#182,.T.);
#182 = EDGE_CURVE('',#175,#183,#185,.T.);
#183 = VERTEX_POINT('',#184);
#184 = CARTESIAN_POINT('',(-0.918921493902,-0.119759788636,
    -0.699999999999));
#185 = LINE('',#186,#187);
#186 = CARTESIAN_POINT('',(-0.969512195121,-0.260003691075,
    -0.699999999999));
#187 = VECTOR('',#188,1.);
#188 = DIRECTION('',(0.339330377274,0.940667260544,0.));
#189 = ORIENTED_EDGE('',*,*,#190,.T.);
#190 = EDGE_CURVE('',#183,#191,#193,.T.);
#191 = VERTEX_POINT('',#192);
#192 = CARTESIAN_POINT('',(-0.712366615853,-0.119759788636,
    -0.699999999999));
#193 = LINE('',#194,#195);
#194 = CARTESIAN_POINT('',(-0.918921493902,-0.119759788636,
    -0.699999999999));
#195 = VECTOR('',#196,1.);
#196 = DIRECTION('',(1.,0.,0.));
#197 = ORIENTED_EDGE('',*,*,#198,.T.);
#198 = EDGE_CURVE('',#191,#199,#201,.T.);
#199 = VERTEX_POINT('',#200);
#200 = CARTESIAN_POINT('',(-0.664634146341,-0.260003691075,
    -0.699999999999));
#201 = LINE('',#202,#203);
#202 = CARTESIAN_POINT('',(-0.712366615853,-0.119759788636,
    -0.699999999999));
#203 = VECTOR('',#204,1.);
#204 = DIRECTION('',(0.322202485606,-0.946670776072,0.));
#205 = ORIENTED_EDGE('',*,*,#206,.T.);
#206 = EDGE_CURVE('',#199,#207,#209,.T.);
#207 = VERTEX_POINT('',#208);
#208 = CARTESIAN_POINT('',(-0.591463414634,-0.260003691075,
    -0.699999999999));
#209 = LINE('',#210,#211);
#210 = CARTESIAN_POINT('',(-0.664634146341,-0.260003691075,
    -0.699999999999));
#211 = VECTOR('',#212,1.);
#212 = DIRECTION('',(1.,0.,0.));
#213 = ORIENTED_EDGE('',*,*,#214,.T.);
#214 = EDGE_CURVE('',#207,#157,#215,.T.);
#215 = LINE('',#216,#217);
#216 = CARTESIAN_POINT('',(-0.591463414634,-0.260003691075,
    -0.699999999999));
#217 = VECTOR('',#218,1.);
#218 = DIRECTION('',(-0.353622392329,0.93538826358,0.));
#219 = FACE_BOUND('',#220,.T.);
#220 = EDGE_LOOP('',(#221,#231,#240,#248,#257,#265,#274,#282));
#221 = ORIENTED_EDGE('',*,*,#222,.T.);
#222 = EDGE_CURVE('',#223,#225,#227,.T.);
#223 = VERTEX_POINT('',#224);
#224 = CARTESIAN_POINT('',(2.25,-1.787856737002,-0.699999999999));
#225 = VERTEX_POINT('',#226);
#226 = CARTESIAN_POINT('',(-2.249999999999,-1.787856737002,
    -0.699999999999));
#227 = LINE('',#228,#229);
#228 = CARTESIAN_POINT('',(-2.249999999999,-1.787856737002,
    -0.699999999999));
#229 = VECTOR('',#230,1.);
#230 = DIRECTION('',(-1.,0.,0.));
#231 = ORIENTED_EDGE('',*,*,#232,.T.);
#232 = EDGE_CURVE('',#225,#233,#235,.T.);
#233 = VERTEX_POINT('',#234);
#234 = CARTESIAN_POINT('',(-2.287856737002,-1.749999999999,
    -0.699999999999));
#235 = CIRCLE('',#236,3.7856737002E-02);
#236 = AXIS2_PLACEMENT_3D('',#237,#238,#239);
#237 = CARTESIAN_POINT('',(-2.249999999999,-1.749999999999,
    -0.699999999999));
#238 = DIRECTION('',(0.,0.,-1.));
#239 = DIRECTION('',(-1.,0.,0.));
#240 = ORIENTED_EDGE('',*,*,#241,.T.);
#241 = EDGE_CURVE('',#233,#242,#244,.T.);
#242 = VERTEX_POINT('',#243);
#243 = CARTESIAN_POINT('',(-2.287856737002,1.75,-0.699999999999));
#244 = LINE('',#245,#246);
#245 = CARTESIAN_POINT('',(-2.287856737002,-1.749999999999,
    -0.699999999999));
#246 = VECTOR('',#247,1.);
#247 = DIRECTION('',(0.,1.,0.));
#248 = ORIENTED_EDGE('',*,*,#249,.T.);
#249 = EDGE_CURVE('',#242,#250,#252,.T.);
#250 = VERTEX_POINT('',#251);
#251 = CARTESIAN_POINT('',(-2.249999999999,1.787856737002,
    -0.699999999999));
#252 = CIRCLE('',#253,3.7856737002E-02);
#253 = AXIS2_PLACEMENT_3D('',#254,#255,#256);
#254 = CARTESIAN_POINT('',(-2.249999999999,1.75,-0.699999999999));
#255 = DIRECTION('',(0.,0.,-1.));
#256 = DIRECTION('',(-1.,0.,0.));
#257 = ORIENTED_EDGE('',*,*,#258,.T.);
#258 = EDGE_CURVE('',#250,#259,#261,.T.);
#259 = VERTEX_POINT('',#260);
#260 = CARTESIAN_POINT('',(2.25,1.787856737002,-0.699999999999));
#261 = LINE('',#262,#263);
#262 = CARTESIAN_POINT('',(-2.249999999999,1.787856737002,
    -0.699999999999));
#263 = VECTOR('',#264,1.);
#264 = DIRECTION('',(1.,0.,0.));
#265 = ORIENTED_EDGE('',*,*,#266,.T.);
#266 = EDGE_CURVE('',#259,#267,#269,.T.);
#267 = VERTEX_POINT('',#268);
#268 = CARTESIAN_POINT('',(2.287856737002,1.75,-0.699999999999));
#269 = CIRCLE('',#270,3.7856737002E-02);
#270 = AXIS2_PLACEMENT_3D('',#271,#272,#273);
#271 = CARTESIAN_POINT('',(2.25,1.75,-0.699999999999));
#272 = DIRECTION('',(0.,0.,-1.));
#273 = DIRECTION('',(-1.,0.,0.));
#274 = ORIENTED_EDGE('',*,*,#275,.T.);
#275 = EDGE_CURVE('',#267,#276,#278,.T.);
#276 = VERTEX_POINT('',#277);
#277 = CARTESIAN_POINT('',(2.287856737002,-1.749999999999,
    -0.699999999999));
#278 = LINE('',#279,#280);
#279 = CARTESIAN_POINT('',(2.287856737002,-1.749999999999,
    -0.699999999999));
#280 = VECTOR('',#281,1.);
#281 = DIRECTION('',(0.,-1.,0.));
#282 = ORIENTED_EDGE('',*,*,#283,.T.);
#283 = EDGE_CURVE('',#276,#223,#284,.T.);
#284 = CIRCLE('',#285,3.7856737002E-02);
#285 = AXIS2_PLACEMENT_3D('',#286,#287,#288);
#286 = CARTESIAN_POINT('',(2.25,-1.749999999999,-0.699999999999));
#287 = DIRECTION('',(0.,0.,-1.));
#288 = DIRECTION('',(-1.,0.,0.));
#289 = FACE_BOUND('',#290,.T.);
#290 = EDGE_LOOP('',(#291,#317,#325,#333,#341));
#291 = ORIENTED_EDGE('',*,*,#292,.T.);
#292 = EDGE_CURVE('',#293,#295,#297,.T.);
#293 = VERTEX_POINT('',#294);
#294 = CARTESIAN_POINT('',(-0.55487804878,-3.715581319E-03,
    -0.699999999999));
#295 = VERTEX_POINT('',#296);
#296 = CARTESIAN_POINT('',(-0.288395579268,-0.260003691075,
    -0.699999999999));
#297 = B_SPLINE_CURVE_WITH_KNOTS('',3,(#298,#299,#300,#301,#302,#303,
    #304,#305,#306,#307,#308,#309,#310,#311,#312,#313,#314,#315,#316),
  .UNSPECIFIED.,.F.,.F.,(4,1,1,1,1,1,1,1,1,1,1,1,1,1,1,1,4),(0.,
    6.8068695844E-02,0.133427432818,0.196146033813,0.257048592449,
    0.316882663159,0.376187208666,0.435960335363,0.496535236862,
    0.55746534348,0.61768686341,0.677943640696,0.738805284806,
    0.800949336766,0.86481466747,0.931024781078,1.),.UNSPECIFIED.);
#298 = CARTESIAN_POINT('',(-0.55487804878,-3.715581319E-03,
    -0.699999999999));
#299 = CARTESIAN_POINT('',(-0.554676115179,-1.3159373572E-02,
    -0.699999999999));
#300 = CARTESIAN_POINT('',(-0.55428028738,-3.1670980718E-02,-0.7));
#301 = CARTESIAN_POINT('',(-0.550662398064,-5.8687078257E-02,
    -0.699999999999));
#302 = CARTESIAN_POINT('',(-0.544887050022,-8.4285594728E-02,-0.7));
#303 = CARTESIAN_POINT('',(-0.536780169092,-0.108451987148,-0.7));
#304 = CARTESIAN_POINT('',(-0.526284126037,-0.131168824822,
    -0.699999999999));
#305 = CARTESIAN_POINT('',(-0.513270596205,-0.152353113334,-0.7));
#306 = CARTESIAN_POINT('',(-0.498090320986,-0.172166375883,-0.7));
#307 = CARTESIAN_POINT('',(-0.480639296202,-0.190337154517,
    -0.699999999999));
#308 = CARTESIAN_POINT('',(-0.461339720418,-0.206599936591,-0.7));
#309 = CARTESIAN_POINT('',(-0.440702302277,-0.221063342721,
    -0.699999999999));
#310 = CARTESIAN_POINT('',(-0.418549713648,-0.233080505552,
    -0.699999999999));
#311 = CARTESIAN_POINT('',(-0.395071159416,-0.242899099359,-0.7));
#312 = CARTESIAN_POINT('',(-0.37030770363,-0.25069447589,-0.699999999999
    ));
#313 = CARTESIAN_POINT('',(-0.344152024763,-0.256001965119,
    -0.699999999999));
#314 = CARTESIAN_POINT('',(-0.316722994495,-0.259491174423,
    -0.699999999999));
#315 = CARTESIAN_POINT('',(-0.297965937757,-0.259830538387,-0.7));
#316 = CARTESIAN_POINT('',(-0.288395579268,-0.260003691075,
    -0.699999999999));
#317 = ORIENTED_EDGE('',*,*,#318,.T.);
#318 = EDGE_CURVE('',#295,#319,#321,.T.);
#319 = VERTEX_POINT('',#320);
#320 = CARTESIAN_POINT('',(-0.15243902439,-0.260003691075,
    -0.699999999999));
#321 = LINE('',#322,#323);
#322 = CARTESIAN_POINT('',(-0.288395579268,-0.260003691075,
    -0.699999999999));
#323 = VECTOR('',#324,1.);
#324 = DIRECTION('',(1.,0.,0.));
#325 = ORIENTED_EDGE('',*,*,#326,.T.);
#326 = EDGE_CURVE('',#319,#327,#329,.T.);
#327 = VERTEX_POINT('',#328);
#328 = CARTESIAN_POINT('',(-0.15243902439,0.239996308924,-0.699999999999
    ));
#329 = LINE('',#330,#331);
#330 = CARTESIAN_POINT('',(-0.15243902439,-0.260003691075,
    -0.699999999999));
#331 = VECTOR('',#332,1.);
#332 = DIRECTION('',(0.,1.,0.));
#333 = ORIENTED_EDGE('',*,*,#334,.T.);
#334 = EDGE_CURVE('',#327,#335,#337,.T.);
#335 = VERTEX_POINT('',#336);
#336 = CARTESIAN_POINT('',(-0.293540396341,0.239996308924,
    -0.699999999999));
#337 = LINE('',#338,#339);
#338 = CARTESIAN_POINT('',(-0.15243902439,0.239996308924,-0.699999999999
    ));
#339 = VECTOR('',#340,1.);
#340 = DIRECTION('',(-1.,0.,0.));
#341 = ORIENTED_EDGE('',*,*,#342,.T.);
#342 = EDGE_CURVE('',#335,#293,#343,.T.);
#343 = B_SPLINE_CURVE_WITH_KNOTS('',3,(#344,#345,#346,#347,#348,#349,
    #350,#351,#352,#353,#354,#355,#356,#357,#358,#359,#360,#361,#362),
  .UNSPECIFIED.,.F.,.F.,(4,1,1,1,1,1,1,1,1,1,1,1,1,1,1,1,4),(0.,
    6.8631178676E-02,0.134566466038,0.19832815401,0.26078976664,
    0.321999151484,0.382721746503,0.443537474035,0.505133429484,
    0.566213874764,0.626105864617,0.68534932216,0.744995870347,
    0.805415841814,0.867636266345,0.932307782302,1.),.UNSPECIFIED.);
#344 = CARTESIAN_POINT('',(-0.293540396341,0.239996308924,
    -0.699999999999));
#345 = CARTESIAN_POINT('',(-0.302726328374,0.239791562948,-0.7));
#346 = CARTESIAN_POINT('',(-0.320737361185,0.239390113592,-0.7));
#347 = CARTESIAN_POINT('',(-0.347149433278,0.236340635971,
    -0.699999999999));
#348 = CARTESIAN_POINT('',(-0.372347354783,0.231048801066,-0.7));
#349 = CARTESIAN_POINT('',(-0.396400418298,0.223829551701,
    -0.699999999999));
#350 = CARTESIAN_POINT('',(-0.419336485322,0.214607039429,-0.7));
#351 = CARTESIAN_POINT('',(-0.440939479225,0.203053693566,
    -0.699999999999));
#352 = CARTESIAN_POINT('',(-0.461446431252,0.189571049267,
    -0.699999999999));
#353 = CARTESIAN_POINT('',(-0.480590487486,0.174129865125,
    -0.699999999999));
#354 = CARTESIAN_POINT('',(-0.498039625265,0.156960787881,
    -0.699999999999));
#355 = CARTESIAN_POINT('',(-0.51325068572,0.138183451049,-0.7));
#356 = CARTESIAN_POINT('',(-0.526273715889,0.118048998748,
    -0.699999999999));
#357 = CARTESIAN_POINT('',(-0.536753828035,9.6398229821E-02,-0.7));
#358 = CARTESIAN_POINT('',(-0.544891322259,7.3347798611E-02,
    -0.699999999999));
#359 = CARTESIAN_POINT('',(-0.550653729335,4.8914419637E-02,-0.7));
#360 = CARTESIAN_POINT('',(-0.554288203186,2.3070419094E-02,
    -0.699999999999));
#361 = CARTESIAN_POINT('',(-0.554678464833,5.347901966E-03,-0.7));
#362 = CARTESIAN_POINT('',(-0.55487804878,-3.715581319E-03,
    -0.699999999999));
#363 = FACE_BOUND('',#364,.T.);
#364 = EDGE_LOOP('',(#365,#375,#383,#391,#399,#407,#415,#423,#431,#439,
    #447,#455));
#365 = ORIENTED_EDGE('',*,*,#366,.T.);
#366 = EDGE_CURVE('',#367,#369,#371,.T.);
#367 = VERTEX_POINT('',#368);
#368 = CARTESIAN_POINT('',(0.146341463414,-0.205125642294,
    -0.699999999999));
#369 = VERTEX_POINT('',#370);
#370 = CARTESIAN_POINT('',(-5.487804878E-02,-0.205125642294,
    -0.699999999999));
#371 = LINE('',#372,#373);
#372 = CARTESIAN_POINT('',(0.146341463414,-0.205125642294,
    -0.699999999999));
#373 = VECTOR('',#374,1.);
#374 = DIRECTION('',(-1.,0.,0.));
#375 = ORIENTED_EDGE('',*,*,#376,.T.);
#376 = EDGE_CURVE('',#369,#377,#379,.T.);
#377 = VERTEX_POINT('',#378);
#378 = CARTESIAN_POINT('',(-5.487804878E-02,-0.260003691075,
    -0.699999999999));
#379 = LINE('',#380,#381);
#380 = CARTESIAN_POINT('',(-5.487804878E-02,-0.205125642294,
    -0.699999999999));
#381 = VECTOR('',#382,1.);
#382 = DIRECTION('',(0.,-1.,0.));
#383 = ORIENTED_EDGE('',*,*,#384,.T.);
#384 = EDGE_CURVE('',#377,#385,#387,.T.);
#385 = VERTEX_POINT('',#386);
#386 = CARTESIAN_POINT('',(0.213414634146,-0.260003691075,
    -0.699999999999));
#387 = LINE('',#388,#389);
#388 = CARTESIAN_POINT('',(-5.487804878E-02,-0.260003691075,
    -0.699999999999));
#389 = VECTOR('',#390,1.);
#390 = DIRECTION('',(1.,0.,0.));
#391 = ORIENTED_EDGE('',*,*,#392,.T.);
#392 = EDGE_CURVE('',#385,#393,#395,.T.);
#393 = VERTEX_POINT('',#394);
#394 = CARTESIAN_POINT('',(0.213414634146,0.239996308924,-0.699999999999
    ));
#395 = LINE('',#396,#397);
#396 = CARTESIAN_POINT('',(0.213414634146,-0.260003691075,
    -0.699999999999));
#397 = VECTOR('',#398,1.);
#398 = DIRECTION('',(0.,1.,0.));
#399 = ORIENTED_EDGE('',*,*,#400,.T.);
#400 = EDGE_CURVE('',#393,#401,#403,.T.);
#401 = VERTEX_POINT('',#402);
#402 = CARTESIAN_POINT('',(-4.2682926829E-02,0.239996308924,
    -0.699999999999));
#403 = LINE('',#404,#405);
#404 = CARTESIAN_POINT('',(0.213414634146,0.239996308924,-0.699999999999
    ));
#405 = VECTOR('',#406,1.);
#406 = DIRECTION('',(-1.,0.,0.));
#407 = ORIENTED_EDGE('',*,*,#408,.T.);
#408 = EDGE_CURVE('',#401,#409,#411,.T.);
#409 = VERTEX_POINT('',#410);
#410 = CARTESIAN_POINT('',(-4.2682926829E-02,0.185118260144,
    -0.699999999999));
#411 = LINE('',#412,#413);
#412 = CARTESIAN_POINT('',(-4.2682926829E-02,0.239996308924,
    -0.699999999999));
#413 = VECTOR('',#414,1.);
#414 = DIRECTION('',(0.,-1.,0.));
#415 = ORIENTED_EDGE('',*,*,#416,.T.);
#416 = EDGE_CURVE('',#409,#417,#419,.T.);
#417 = VERTEX_POINT('',#418);
#418 = CARTESIAN_POINT('',(0.146341463414,0.185118260144,-0.699999999999
    ));
#419 = LINE('',#420,#421);
#420 = CARTESIAN_POINT('',(-4.2682926829E-02,0.185118260144,
    -0.699999999999));
#421 = VECTOR('',#422,1.);
#422 = DIRECTION('',(1.,0.,0.));
#423 = ORIENTED_EDGE('',*,*,#424,.T.);
#424 = EDGE_CURVE('',#417,#425,#427,.T.);
#425 = VERTEX_POINT('',#426);
#426 = CARTESIAN_POINT('',(0.146341463414,2.0484113802E-02,
    -0.699999999999));
#427 = LINE('',#428,#429);
#428 = CARTESIAN_POINT('',(0.146341463414,0.185118260144,-0.699999999999
    ));
#429 = VECTOR('',#430,1.);
#430 = DIRECTION('',(0.,-1.,0.));
#431 = ORIENTED_EDGE('',*,*,#432,.T.);
#432 = EDGE_CURVE('',#425,#433,#435,.T.);
#433 = VERTEX_POINT('',#434);
#434 = CARTESIAN_POINT('',(-3.0487804878E-02,2.0484113802E-02,
    -0.699999999999));
#435 = LINE('',#436,#437);
#436 = CARTESIAN_POINT('',(0.146341463414,2.0484113802E-02,
    -0.699999999999));
#437 = VECTOR('',#438,1.);
#438 = DIRECTION('',(-1.,0.,0.));
#439 = ORIENTED_EDGE('',*,*,#440,.T.);
#440 = EDGE_CURVE('',#433,#441,#443,.T.);
#441 = VERTEX_POINT('',#442);
#442 = CARTESIAN_POINT('',(-3.0487804878E-02,-3.4393934977E-02,
    -0.699999999999));
#443 = LINE('',#444,#445);
#444 = CARTESIAN_POINT('',(-3.0487804878E-02,2.0484113802E-02,
    -0.699999999999));
#445 = VECTOR('',#446,1.);
#446 = DIRECTION('',(0.,-1.,0.));
#447 = ORIENTED_EDGE('',*,*,#448,.T.);
#448 = EDGE_CURVE('',#441,#449,#451,.T.);
#449 = VERTEX_POINT('',#450);
#450 = CARTESIAN_POINT('',(0.146341463414,-3.4393934977E-02,
    -0.699999999999));
#451 = LINE('',#452,#453);
#452 = CARTESIAN_POINT('',(-3.0487804878E-02,-3.4393934977E-02,
    -0.699999999999));
#453 = VECTOR('',#454,1.);
#454 = DIRECTION('',(1.,0.,0.));
#455 = ORIENTED_EDGE('',*,*,#456,.T.);
#456 = EDGE_CURVE('',#449,#367,#457,.T.);
#457 = LINE('',#458,#459);
#458 = CARTESIAN_POINT('',(0.146341463414,-3.4393934977E-02,
    -0.699999999999));
#459 = VECTOR('',#460,1.);
#460 = DIRECTION('',(0.,-1.,0.));
#461 = FACE_BOUND('',#462,.T.);
#462 = EDGE_LOOP('',(#463,#481,#489,#505,#529,#553,#569,#577,#593,#617)
  );
#463 = ORIENTED_EDGE('',*,*,#464,.T.);
#464 = EDGE_CURVE('',#465,#467,#469,.T.);
#465 = VERTEX_POINT('',#466);
#466 = CARTESIAN_POINT('',(0.439310213414,-0.21122320327,-0.699999999999
    ));
#467 = VERTEX_POINT('',#468);
#468 = CARTESIAN_POINT('',(0.310975609756,-0.179211008148,-0.7));
#469 = B_SPLINE_CURVE_WITH_KNOTS('',3,(#470,#471,#472,#473,#474,#475,
    #476,#477,#478,#479,#480),.UNSPECIFIED.,.F.,.F.,(4,1,1,1,1,1,1,1,4),
  (0.,0.135294604763,0.266765657924,0.394816018835,0.520051654434,
    0.64217570297,0.762651820558,0.88183400438,1.),.UNSPECIFIED.);
#470 = CARTESIAN_POINT('',(0.439310213414,-0.21122320327,-0.699999999999
    ));
#471 = CARTESIAN_POINT('',(0.433272503131,-0.211143932996,-0.7));
#472 = CARTESIAN_POINT('',(0.421367713884,-0.210987632701,-0.7));
#473 = CARTESIAN_POINT('',(0.403811772964,-0.209383645226,
    -0.699999999999));
#474 = CARTESIAN_POINT('',(0.386806658573,-0.206969535569,-0.7));
#475 = CARTESIAN_POINT('',(0.370426283146,-0.203416178208,
    -0.699999999999));
#476 = CARTESIAN_POINT('',(0.354614486157,-0.198968176783,
    -0.699999999999));
#477 = CARTESIAN_POINT('',(0.339460909665,-0.193381146229,
    -0.699999999999));
#478 = CARTESIAN_POINT('',(0.324803630437,-0.186999602036,
    -0.699999999999));
#479 = CARTESIAN_POINT('',(0.31557177482,-0.181799785237,-0.7));
#480 = CARTESIAN_POINT('',(0.310975609756,-0.179211008148,-0.7));
#481 = ORIENTED_EDGE('',*,*,#482,.T.);
#482 = EDGE_CURVE('',#467,#483,#485,.T.);
#483 = VERTEX_POINT('',#484);
#484 = CARTESIAN_POINT('',(0.310975609756,-0.234089056929,
    -0.699999999999));
#485 = LINE('',#486,#487);
#486 = CARTESIAN_POINT('',(0.310975609756,-0.179211008148,
    -0.699999999999));
#487 = VECTOR('',#488,1.);
#488 = DIRECTION('',(0.,-1.,0.));
#489 = ORIENTED_EDGE('',*,*,#490,.T.);
#490 = EDGE_CURVE('',#483,#491,#493,.T.);
#491 = VERTEX_POINT('',#492);
#492 = CARTESIAN_POINT('',(0.448551829268,-0.26610125205,-0.699999999999
    ));
#493 = B_SPLINE_CURVE_WITH_KNOTS('',3,(#494,#495,#496,#497,#498,#499,
    #500,#501,#502,#503,#504),.UNSPECIFIED.,.F.,.F.,(4,1,1,1,1,1,1,1,4),
  (0.,0.112448389908,0.226527675212,0.344401949326,0.465864972487,
    0.591659449352,0.722168487024,0.858606387554,1.),.UNSPECIFIED.);
#494 = CARTESIAN_POINT('',(0.310975609756,-0.234089056929,
    -0.699999999999));
#495 = CARTESIAN_POINT('',(0.315667305143,-0.236678681763,
    -0.699999999999));
#496 = CARTESIAN_POINT('',(0.325118741929,-0.241895490061,
    -0.699999999999));
#497 = CARTESIAN_POINT('',(0.340233574172,-0.248332535117,-0.7));
#498 = CARTESIAN_POINT('',(0.356138040633,-0.253884789422,
    -0.699999999999));
#499 = CARTESIAN_POINT('',(0.372971346873,-0.258312214203,
    -0.699999999999));
#500 = CARTESIAN_POINT('',(0.390621590029,-0.261870422078,
    -0.699999999999));
#501 = CARTESIAN_POINT('',(0.409182294647,-0.264280523771,-0.7));
#502 = CARTESIAN_POINT('',(0.428579929112,-0.265867015277,-0.7));
#503 = CARTESIAN_POINT('',(0.441815832451,-0.266022250145,-0.7));
#504 = CARTESIAN_POINT('',(0.448551829268,-0.26610125205,-0.699999999999
    ));
#505 = ORIENTED_EDGE('',*,*,#506,.T.);
#506 = EDGE_CURVE('',#491,#507,#509,.T.);
#507 = VERTEX_POINT('',#508);
#508 = CARTESIAN_POINT('',(0.682926829268,-1.9435855709E-02,
    -0.699999999999));
#509 = B_SPLINE_CURVE_WITH_KNOTS('',3,(#510,#511,#512,#513,#514,#515,
    #516,#517,#518,#519,#520,#521,#522,#523,#524,#525,#526,#527,#528),
  .UNSPECIFIED.,.F.,.F.,(4,1,1,1,1,1,1,1,1,1,1,1,1,1,1,1,4),(0.,
    6.7833248455E-02,0.132655536507,0.19505088405,0.255582933068,
    0.314799834147,0.373600472826,0.432545595326,0.492430629283,
    0.552671255962,0.612513044188,0.672610250357,0.733838369313,
    0.796594238567,0.86144979929,0.92919894235,1.),.UNSPECIFIED.);
#510 = CARTESIAN_POINT('',(0.448551829268,-0.26610125205,-0.699999999999
    ));
#511 = CARTESIAN_POINT('',(0.457231360044,-0.265907673508,
    -0.699999999999));
#512 = CARTESIAN_POINT('',(0.474205157376,-0.265529108925,
    -0.699999999999));
#513 = CARTESIAN_POINT('',(0.499001388309,-0.262344832796,-0.7));
#514 = CARTESIAN_POINT('',(0.522459526699,-0.257028575347,
    -0.699999999999));
#515 = CARTESIAN_POINT('',(0.544571424817,-0.249559038191,-0.7));
#516 = CARTESIAN_POINT('',(0.565414440447,-0.240120499342,
    -0.699999999999));
#517 = CARTESIAN_POINT('',(0.584880604688,-0.228453534144,-0.7));
#518 = CARTESIAN_POINT('',(0.602841099023,-0.214466261454,-0.7));
#519 = CARTESIAN_POINT('',(0.619533588019,-0.198722515938,
    -0.699999999999));
#520 = CARTESIAN_POINT('',(0.634427763837,-0.181107462407,
    -0.699999999999));
#521 = CARTESIAN_POINT('',(0.647464803998,-0.162054119999,
    -0.699999999999));
#522 = CARTESIAN_POINT('',(0.658494078287,-0.141621751185,
    -0.699999999999));
#523 = CARTESIAN_POINT('',(0.667443589037,-0.119799138841,
    -0.699999999999));
#524 = CARTESIAN_POINT('',(0.674417905746,-9.6630581045E-02,
    -0.699999999999));
#525 = CARTESIAN_POINT('',(0.679295174159,-7.2095222829E-02,
    -0.699999999999));
#526 = CARTESIAN_POINT('',(0.682464742809,-4.6227486886E-02,
    -0.699999999999));
#527 = CARTESIAN_POINT('',(0.682770555022,-2.8496588557E-02,
    -0.699999999999));
#528 = CARTESIAN_POINT('',(0.682926829268,-1.9435855709E-02,
    -0.699999999999));
#529 = ORIENTED_EDGE('',*,*,#530,.T.);
#530 = EDGE_CURVE('',#507,#531,#533,.T.);
#531 = VERTEX_POINT('',#532);
#532 = CARTESIAN_POINT('',(0.428639481707,0.2460938699,-0.699999999999)
  );
#533 = B_SPLINE_CURVE_WITH_KNOTS('',3,(#534,#535,#536,#537,#538,#539,
    #540,#541,#542,#543,#544,#545,#546,#547,#548,#549,#550,#551,#552),
  .UNSPECIFIED.,.F.,.F.,(4,1,1,1,1,1,1,1,1,1,1,1,1,1,1,1,4),(0.,
    7.0643718575E-02,0.138256715508,0.203364124217,0.266324093803,
    0.327904761542,0.388737715173,0.449423528109,0.510861011459,
    0.572079396047,0.631734428731,0.691117210578,0.75036002949,
    0.810032900531,0.871362450828,0.934427141231,0.999999999999),
  .UNSPECIFIED.);
#534 = CARTESIAN_POINT('',(0.682926829268,-1.9435855709E-02,
    -0.699999999999));
#535 = CARTESIAN_POINT('',(0.68270906754,-9.708100154E-03,
    -0.699999999999));
#536 = CARTESIAN_POINT('',(0.68228288639,9.330075629E-03,-0.7));
#537 = CARTESIAN_POINT('',(0.678895328547,3.7168554818E-02,
    -0.699999999999));
#538 = CARTESIAN_POINT('',(0.673336899346,6.3565552545E-02,
    -0.699999999999));
#539 = CARTESIAN_POINT('',(0.665382057176,8.8480998885E-02,-0.7));
#540 = CARTESIAN_POINT('',(0.655252212067,0.111948568677,-0.699999999999
    ));
#541 = CARTESIAN_POINT('',(0.64293875466,0.133999487624,-0.699999999999)
  );
#542 = CARTESIAN_POINT('',(0.628241604073,0.154520142518,-0.7));
#543 = CARTESIAN_POINT('',(0.611394816827,0.173371055528,-0.7));
#544 = CARTESIAN_POINT('',(0.592955839466,0.190457808778,-0.699999999999
    ));
#545 = CARTESIAN_POINT('',(0.573060260878,0.205368020182,-0.7));
#546 = CARTESIAN_POINT('',(0.551948070924,0.217968394627,-0.699999999999
    ));
#547 = CARTESIAN_POINT('',(0.529649152874,0.228342022832,-0.699999999999
    ));
#548 = CARTESIAN_POINT('',(0.506081532207,0.236260654264,-0.699999999999
    ));
#549 = CARTESIAN_POINT('',(0.481355475316,0.241947605008,-0.699999999999
    ));
#550 = CARTESIAN_POINT('',(0.455385826254,0.245471569204,-0.699999999999
    ));
#551 = CARTESIAN_POINT('',(0.437670070192,0.245883757393,-0.699999999999
    ));
#552 = CARTESIAN_POINT('',(0.428639481707,0.2460938699,-0.699999999999)
  );
#553 = ORIENTED_EDGE('',*,*,#554,.T.);
#554 = EDGE_CURVE('',#531,#555,#557,.T.);
#555 = VERTEX_POINT('',#556);
#556 = CARTESIAN_POINT('',(0.310975609756,0.226276796729,-0.7));
#557 = B_SPLINE_CURVE_WITH_KNOTS('',3,(#558,#559,#560,#561,#562,#563,
    #564,#565,#566,#567,#568),.UNSPECIFIED.,.F.,.F.,(4,1,1,1,1,1,1,1,4),
  (0.,0.145186866472,0.283442610919,0.416524365928,0.543181123535,
    0.665153082637,0.781360206312,0.892756655641,0.999999999999),
  .UNSPECIFIED.);
#558 = CARTESIAN_POINT('',(0.428639481707,0.2460938699,-0.699999999999)
  );
#559 = CARTESIAN_POINT('',(0.422826051395,0.246052197682,-0.699999999999
    ));
#560 = CARTESIAN_POINT('',(0.411476719971,0.24597084265,-0.7));
#561 = CARTESIAN_POINT('',(0.394827097487,0.244950643017,-0.699999999999
    ));
#562 = CARTESIAN_POINT('',(0.378953458923,0.243508788658,-0.7));
#563 = CARTESIAN_POINT('',(0.363832833252,0.24126047779,-0.699999999999)
  );
#564 = CARTESIAN_POINT('',(0.349465998512,0.238584098094,-0.7));
#565 = CARTESIAN_POINT('',(0.335906775031,0.235095308831,-0.699999999999
    ));
#566 = CARTESIAN_POINT('',(0.323069926864,0.231186146688,-0.699999999999
    ));
#567 = CARTESIAN_POINT('',(0.314955671511,0.227892391544,-0.7));
#568 = CARTESIAN_POINT('',(0.310975609756,0.226276796729,-0.7));
#569 = ORIENTED_EDGE('',*,*,#570,.T.);
#570 = EDGE_CURVE('',#555,#571,#573,.T.);
#571 = VERTEX_POINT('',#572);
#572 = CARTESIAN_POINT('',(0.310975609756,0.159203625997,-0.699999999999
    ));
#573 = LINE('',#574,#575);
#574 = CARTESIAN_POINT('',(0.310975609756,0.226276796729,-0.699999999999
    ));
#575 = VECTOR('',#576,1.);
#576 = DIRECTION('',(0.,-1.,0.));
#577 = ORIENTED_EDGE('',*,*,#578,.T.);
#578 = EDGE_CURVE('',#571,#579,#581,.T.);
#579 = VERTEX_POINT('',#580);
#580 = CARTESIAN_POINT('',(0.428067835365,0.191215821119,-0.699999999999
    ));
#581 = B_SPLINE_CURVE_WITH_KNOTS('',3,(#582,#583,#584,#585,#586,#587,
    #588,#589,#590,#591,#592),.UNSPECIFIED.,.F.,.F.,(4,1,1,1,1,1,1,1,4),
  (0.,0.125279696735,0.249419970742,0.373356799492,0.496681278782,
    0.620202915743,0.745086320161,0.871269195019,1.),.UNSPECIFIED.);
#582 = CARTESIAN_POINT('',(0.310975609756,0.159203625997,-0.699999999999
    ));
#583 = CARTESIAN_POINT('',(0.315415802569,0.161783712493,-0.7));
#584 = CARTESIAN_POINT('',(0.324255804506,0.166920419518,-0.7));
#585 = CARTESIAN_POINT('',(0.338159520313,0.173342314231,-0.699999999999
    ));
#586 = CARTESIAN_POINT('',(0.352331141888,0.178912383318,-0.7));
#587 = CARTESIAN_POINT('',(0.366869877666,0.183358883733,-0.699999999999
    ));
#588 = CARTESIAN_POINT('',(0.381684225163,0.186949466943,-0.7));
#589 = CARTESIAN_POINT('',(0.396851867833,0.1893577723,-0.7));
#590 = CARTESIAN_POINT('',(0.412344068367,0.190978089094,-0.699999999999
    ));
#591 = CARTESIAN_POINT('',(0.422791770511,0.191136050821,-0.699999999999
    ));
#592 = CARTESIAN_POINT('',(0.428067835365,0.191215821119,-0.699999999999
    ));
#593 = ORIENTED_EDGE('',*,*,#594,.T.);
#594 = EDGE_CURVE('',#579,#595,#597,.T.);
#595 = VERTEX_POINT('',#596);
#596 = CARTESIAN_POINT('',(0.615853658536,-1.5339056929E-02,
    -0.699999999999));
#597 = B_SPLINE_CURVE_WITH_KNOTS('',3,(#598,#599,#600,#601,#602,#603,
    #604,#605,#606,#607,#608,#609,#610,#611,#612,#613,#614,#615,#616),
  .UNSPECIFIED.,.F.,.F.,(4,1,1,1,1,1,1,1,1,1,1,1,1,1,1,1,4),(0.,
    6.4603970288E-02,0.126702413962,0.186756814035,0.245505687365,
    0.303652024449,0.36150307397,0.420240222928,0.480033340776,
    0.540678134775,0.60119180638,0.662333502477,0.724739510297,
    0.789467736172,0.856504860043,0.926312095839,1.),.UNSPECIFIED.);
#598 = CARTESIAN_POINT('',(0.428067835365,0.191215821119,-0.699999999999
    ));
#599 = CARTESIAN_POINT('',(0.434842516298,0.191070153076,-0.699999999999
    ));
#600 = CARTESIAN_POINT('',(0.448129136673,0.190784466413,-0.699999999999
    ));
#601 = CARTESIAN_POINT('',(0.467539875528,0.187979551571,-0.7));
#602 = CARTESIAN_POINT('',(0.486053572119,0.183783081954,-0.699999999999
    ));
#603 = CARTESIAN_POINT('',(0.503595987779,0.177641223315,-0.699999999999
    ));
#604 = CARTESIAN_POINT('',(0.520147203012,0.169714208142,-0.7));
#605 = CARTESIAN_POINT('',(0.535692865011,0.159972304486,-0.699999999999
    ));
#606 = CARTESIAN_POINT('',(0.55032844554,0.148624378299,-0.699999999999)
  );
#607 = CARTESIAN_POINT('',(0.56383068379,0.135528859672,-0.7));
#608 = CARTESIAN_POINT('',(0.576134978678,0.121047307784,-0.699999999999
    ));
#609 = CARTESIAN_POINT('',(0.586696393845,0.105083952449,-0.7));
#610 = CARTESIAN_POINT('',(0.595854743956,8.8070862405E-02,
    -0.699999999999));
#611 = CARTESIAN_POINT('',(0.603188732918,6.9709547288E-02,-0.7));
#612 = CARTESIAN_POINT('',(0.60886848254,5.0140885354E-02,
    -0.699999999999));
#613 = CARTESIAN_POINT('',(0.612968064555,2.9391578021E-02,-0.7));
#614 = CARTESIAN_POINT('',(0.615343305896,7.423356311E-03,
    -0.699999999999));
#615 = CARTESIAN_POINT('',(0.615680501296,-7.616011457E-03,
    -0.699999999999));
#616 = CARTESIAN_POINT('',(0.615853658536,-1.5339056929E-02,
    -0.699999999999));
#617 = ORIENTED_EDGE('',*,*,#618,.T.);
#618 = EDGE_CURVE('',#595,#465,#619,.T.);
#619 = B_SPLINE_CURVE_WITH_KNOTS('',3,(#620,#621,#622,#623,#624,#625,
    #626,#627,#628,#629,#630,#631,#632,#633,#634,#635,#636,#637,#638),
  .UNSPECIFIED.,.F.,.F.,(4,1,1,1,1,1,1,1,1,1,1,1,1,1,1,1,4),(0.,
    7.3774119374E-02,0.144079114726,0.211348518308,0.276076885739,
    0.338520915819,0.399885116693,0.460254067465,0.520588964391,
    0.580207684563,0.638632908552,0.69636454949,0.75400177466,
    0.812805681374,0.872754425525,0.935181996978,1.),.UNSPECIFIED.);
#620 = CARTESIAN_POINT('',(0.615853658536,-1.5339056929E-02,
    -0.699999999999));
#621 = CARTESIAN_POINT('',(0.615714748611,-2.2649659776E-02,-0.7));
#622 = CARTESIAN_POINT('',(0.615443460804,-3.6927094673E-02,-0.7));
#623 = CARTESIAN_POINT('',(0.613112667493,-5.7765933635E-02,
    -0.699999999999));
#624 = CARTESIAN_POINT('',(0.609337045371,-7.7469294557E-02,-0.7));
#625 = CARTESIAN_POINT('',(0.604030874522,-9.6019810147E-02,
    -0.699999999999));
#626 = CARTESIAN_POINT('',(0.597111821928,-0.113400313185,
    -0.699999999999));
#627 = CARTESIAN_POINT('',(0.588753848885,-0.129656983612,
    -0.699999999999));
#628 = CARTESIAN_POINT('',(0.578760840008,-0.144716409429,-0.7));
#629 = CARTESIAN_POINT('',(0.56735339011,-0.158508089053,-0.699999999999
    ));
#630 = CARTESIAN_POINT('',(0.554688115932,-0.170875915108,
    -0.699999999999));
#631 = CARTESIAN_POINT('',(0.541030236963,-0.181737645269,-0.7));
#632 = CARTESIAN_POINT('',(0.526349996894,-0.190803808684,
    -0.699999999999));
#633 = CARTESIAN_POINT('',(0.510784286556,-0.198321759125,-0.7));
#634 = CARTESIAN_POINT('',(0.49426277703,-0.204134171722,-0.699999999999
    ));
#635 = CARTESIAN_POINT('',(0.476754541874,-0.208208876795,-0.7));
#636 = CARTESIAN_POINT('',(0.458343338831,-0.210732661449,
    -0.699999999999));
#637 = CARTESIAN_POINT('',(0.44573355092,-0.211057654228,-0.7));
#638 = CARTESIAN_POINT('',(0.439310213414,-0.21122320327,-0.699999999999
    ));
#639 = FACE_BOUND('',#640,.T.);
#640 = EDGE_LOOP('',(#641,#651,#659,#667,#675,#683));
#641 = ORIENTED_EDGE('',*,*,#642,.T.);
#642 = EDGE_CURVE('',#643,#645,#647,.T.);
#643 = VERTEX_POINT('',#644);
#644 = CARTESIAN_POINT('',(0.914634146341,-0.205125642294,
    -0.699999999999));
#645 = VERTEX_POINT('',#646);
#646 = CARTESIAN_POINT('',(0.725609756097,-0.205125642294,
    -0.699999999999));
#647 = LINE('',#648,#649);
#648 = CARTESIAN_POINT('',(0.914634146341,-0.205125642294,
    -0.699999999999));
#649 = VECTOR('',#650,1.);
#650 = DIRECTION('',(-1.,0.,0.));
#651 = ORIENTED_EDGE('',*,*,#652,.T.);
#652 = EDGE_CURVE('',#645,#653,#655,.T.);
#653 = VERTEX_POINT('',#654);
#654 = CARTESIAN_POINT('',(0.725609756097,-0.260003691075,
    -0.699999999999));
#655 = LINE('',#656,#657);
#656 = CARTESIAN_POINT('',(0.725609756097,-0.205125642294,
    -0.699999999999));
#657 = VECTOR('',#658,1.);
#658 = DIRECTION('',(0.,-1.,0.));
#659 = ORIENTED_EDGE('',*,*,#660,.T.);
#660 = EDGE_CURVE('',#653,#661,#663,.T.);
#661 = VERTEX_POINT('',#662);
#662 = CARTESIAN_POINT('',(0.981707317073,-0.260003691075,
    -0.699999999999));
#663 = LINE('',#664,#665);
#664 = CARTESIAN_POINT('',(0.725609756097,-0.260003691075,
    -0.699999999999));
#665 = VECTOR('',#666,1.);
#666 = DIRECTION('',(1.,0.,0.));
#667 = ORIENTED_EDGE('',*,*,#668,.T.);
#668 = EDGE_CURVE('',#661,#669,#671,.T.);
#669 = VERTEX_POINT('',#670);
#670 = CARTESIAN_POINT('',(0.981707317073,0.239996308924,-0.699999999999
    ));
#671 = LINE('',#672,#673);
#672 = CARTESIAN_POINT('',(0.981707317073,-0.260003691075,
    -0.699999999999));
#673 = VECTOR('',#674,1.);
#674 = DIRECTION('',(0.,1.,0.));
#675 = ORIENTED_EDGE('',*,*,#676,.T.);
#676 = EDGE_CURVE('',#669,#677,#679,.T.);
#677 = VERTEX_POINT('',#678);
#678 = CARTESIAN_POINT('',(0.914634146341,0.239996308924,-0.699999999999
    ));
#679 = LINE('',#680,#681);
#680 = CARTESIAN_POINT('',(0.981707317073,0.239996308924,-0.699999999999
    ));
#681 = VECTOR('',#682,1.);
#682 = DIRECTION('',(-1.,0.,0.));
#683 = ORIENTED_EDGE('',*,*,#684,.T.);
#684 = EDGE_CURVE('',#677,#643,#685,.T.);
#685 = LINE('',#686,#687);
#686 = CARTESIAN_POINT('',(0.914634146341,0.239996308924,-0.699999999999
    ));
#687 = VECTOR('',#688,1.);
#688 = DIRECTION('',(0.,-1.,0.));
#689 = PLANE('',#690);
#690 = AXIS2_PLACEMENT_3D('',#691,#692,#693);
#691 = CARTESIAN_POINT('',(-2.249999999999,-1.749999999999,
    -0.699999999999));
#692 = DIRECTION('',(0.,0.,-1.));
#693 = DIRECTION('',(1.,0.,0.));
#694 = ADVANCED_FACE('',(#695),#729,.F.);
#695 = FACE_BOUND('',#696,.T.);
#696 = EDGE_LOOP('',(#697,#707,#715,#723));
#697 = ORIENTED_EDGE('',*,*,#698,.T.);
#698 = EDGE_CURVE('',#699,#701,#703,.T.);
#699 = VERTEX_POINT('',#700);
#700 = CARTESIAN_POINT('',(-2.12,-1.949999999999,-0.1));
#701 = VERTEX_POINT('',#702);
#702 = CARTESIAN_POINT('',(-2.12,-1.949999999999,0.1));
#703 = LINE('',#704,#705);
#704 = CARTESIAN_POINT('',(-2.12,-1.95,-0.1));
#705 = VECTOR('',#706,1.);
#706 = DIRECTION('',(0.,0.,1.));
#707 = ORIENTED_EDGE('',*,*,#708,.F.);
#708 = EDGE_CURVE('',#709,#701,#711,.T.);
#709 = VERTEX_POINT('',#710);
#710 = CARTESIAN_POINT('',(-2.249999999999,-1.949999999999,0.1));
#711 = LINE('',#712,#713);
#712 = CARTESIAN_POINT('',(-2.249999999999,-1.949999999999,0.1));
#713 = VECTOR('',#714,1.);
#714 = DIRECTION('',(1.,0.,0.));
#715 = ORIENTED_EDGE('',*,*,#716,.T.);
#716 = EDGE_CURVE('',#709,#717,#719,.T.);
#717 = VERTEX_POINT('',#718);
#718 = CARTESIAN_POINT('',(-2.249999999999,-1.949999999999,-0.1));
#719 = LINE('',#720,#721);
#720 = CARTESIAN_POINT('',(-2.249999999999,-1.949999999999,0.1));
#721 = VECTOR('',#722,1.);
#722 = DIRECTION('',(0.,0.,-1.));
#723 = ORIENTED_EDGE('',*,*,#724,.T.);
#724 = EDGE_CURVE('',#717,#699,#725,.T.);
#725 = LINE('',#726,#727);
#726 = CARTESIAN_POINT('',(-2.249999999999,-1.949999999999,-0.1));
#727 = VECTOR('',#728,1.);
#728 = DIRECTION('',(1.,0.,0.));
#729 = PLANE('',#730);
#730 = AXIS2_PLACEMENT_3D('',#731,#732,#733);
#731 = CARTESIAN_POINT('',(-2.249999999999,-1.949999999999,0.1));
#732 = DIRECTION('',(0.,1.,0.));
#733 = DIRECTION('',(0.,-0.,1.));
#734 = ADVANCED_FACE('',(#735),#769,.F.);
#735 = FACE_BOUND('',#736,.T.);
#736 = EDGE_LOOP('',(#737,#747,#755,#763));
#737 = ORIENTED_EDGE('',*,*,#738,.F.);
#738 = EDGE_CURVE('',#739,#741,#743,.T.);
#739 = VERTEX_POINT('',#740);
#740 = CARTESIAN_POINT('',(-1.69,-1.949999999999,0.1));
#741 = VERTEX_POINT('',#742);
#742 = CARTESIAN_POINT('',(-0.85,-1.949999999999,0.1));
#743 = LINE('',#744,#745);
#744 = CARTESIAN_POINT('',(-2.249999999999,-1.949999999999,0.1));
#745 = VECTOR('',#746,1.);
#746 = DIRECTION('',(1.,0.,0.));
#747 = ORIENTED_EDGE('',*,*,#748,.F.);
#748 = EDGE_CURVE('',#749,#739,#751,.T.);
#749 = VERTEX_POINT('',#750);
#750 = CARTESIAN_POINT('',(-1.69,-1.95,-0.1));
#751 = LINE('',#752,#753);
#752 = CARTESIAN_POINT('',(-1.69,-1.95,-0.1));
#753 = VECTOR('',#754,1.);
#754 = DIRECTION('',(0.,0.,1.));
#755 = ORIENTED_EDGE('',*,*,#756,.T.);
#756 = EDGE_CURVE('',#749,#757,#759,.T.);
#757 = VERTEX_POINT('',#758);
#758 = CARTESIAN_POINT('',(-0.85,-1.949999999999,-0.1));
#759 = LINE('',#760,#761);
#760 = CARTESIAN_POINT('',(-2.249999999999,-1.949999999999,-0.1));
#761 = VECTOR('',#762,1.);
#762 = DIRECTION('',(1.,0.,0.));
#763 = ORIENTED_EDGE('',*,*,#764,.T.);
#764 = EDGE_CURVE('',#757,#741,#765,.T.);
#765 = LINE('',#766,#767);
#766 = CARTESIAN_POINT('',(-0.85,-1.95,-0.1));
#767 = VECTOR('',#768,1.);
#768 = DIRECTION('',(0.,0.,1.));
#769 = PLANE('',#770);
#770 = AXIS2_PLACEMENT_3D('',#771,#772,#773);
#771 = CARTESIAN_POINT('',(-2.249999999999,-1.949999999999,0.1));
#772 = DIRECTION('',(0.,1.,0.));
#773 = DIRECTION('',(0.,-0.,1.));
#774 = ADVANCED_FACE('',(#775),#809,.F.);
#775 = FACE_BOUND('',#776,.T.);
#776 = EDGE_LOOP('',(#777,#787,#795,#803));
#777 = ORIENTED_EDGE('',*,*,#778,.F.);
#778 = EDGE_CURVE('',#779,#781,#783,.T.);
#779 = VERTEX_POINT('',#780);
#780 = CARTESIAN_POINT('',(-0.42,-1.949999999999,0.1));
#781 = VERTEX_POINT('',#782);
#782 = CARTESIAN_POINT('',(0.419999999999,-1.949999999999,0.1));
#783 = LINE('',#784,#785);
#784 = CARTESIAN_POINT('',(-2.249999999999,-1.949999999999,0.1));
#785 = VECTOR('',#786,1.);
#786 = DIRECTION('',(1.,0.,0.));
#787 = ORIENTED_EDGE('',*,*,#788,.F.);
#788 = EDGE_CURVE('',#789,#779,#791,.T.);
#789 = VERTEX_POINT('',#790);
#790 = CARTESIAN_POINT('',(-0.42,-1.95,-0.1));
#791 = LINE('',#792,#793);
#792 = CARTESIAN_POINT('',(-0.42,-1.95,-0.1));
#793 = VECTOR('',#794,1.);
#794 = DIRECTION('',(0.,0.,1.));
#795 = ORIENTED_EDGE('',*,*,#796,.T.);
#796 = EDGE_CURVE('',#789,#797,#799,.T.);
#797 = VERTEX_POINT('',#798);
#798 = CARTESIAN_POINT('',(0.42,-1.949999999999,-0.1));
#799 = LINE('',#800,#801);
#800 = CARTESIAN_POINT('',(-2.249999999999,-1.949999999999,-0.1));
#801 = VECTOR('',#802,1.);
#802 = DIRECTION('',(1.,0.,0.));
#803 = ORIENTED_EDGE('',*,*,#804,.T.);
#804 = EDGE_CURVE('',#797,#781,#805,.T.);
#805 = LINE('',#806,#807);
#806 = CARTESIAN_POINT('',(0.42,-1.95,-0.1));
#807 = VECTOR('',#808,1.);
#808 = DIRECTION('',(0.,0.,1.));
#809 = PLANE('',#810);
#810 = AXIS2_PLACEMENT_3D('',#811,#812,#813);
#811 = CARTESIAN_POINT('',(-2.249999999999,-1.949999999999,0.1));
#812 = DIRECTION('',(0.,1.,0.));
#813 = DIRECTION('',(0.,-0.,1.));
#814 = ADVANCED_FACE('',(#815),#849,.F.);
#815 = FACE_BOUND('',#816,.T.);
#816 = EDGE_LOOP('',(#817,#827,#835,#843));
#817 = ORIENTED_EDGE('',*,*,#818,.F.);
#818 = EDGE_CURVE('',#819,#821,#823,.T.);
#819 = VERTEX_POINT('',#820);
#820 = CARTESIAN_POINT('',(0.849999999999,-1.949999999999,0.1));
#821 = VERTEX_POINT('',#822);
#822 = CARTESIAN_POINT('',(1.689999999999,-1.949999999999,0.1));
#823 = LINE('',#824,#825);
#824 = CARTESIAN_POINT('',(-2.249999999999,-1.949999999999,0.1));
#825 = VECTOR('',#826,1.);
#826 = DIRECTION('',(1.,0.,0.));
#827 = ORIENTED_EDGE('',*,*,#828,.F.);
#828 = EDGE_CURVE('',#829,#819,#831,.T.);
#829 = VERTEX_POINT('',#830);
#830 = CARTESIAN_POINT('',(0.849999999999,-1.95,-0.1));
#831 = LINE('',#832,#833);
#832 = CARTESIAN_POINT('',(0.849999999999,-1.95,-0.1));
#833 = VECTOR('',#834,1.);
#834 = DIRECTION('',(0.,0.,1.));
#835 = ORIENTED_EDGE('',*,*,#836,.T.);
#836 = EDGE_CURVE('',#829,#837,#839,.T.);
#837 = VERTEX_POINT('',#838);
#838 = CARTESIAN_POINT('',(1.689999999999,-1.949999999999,-0.1));
#839 = LINE('',#840,#841);
#840 = CARTESIAN_POINT('',(-2.249999999999,-1.949999999999,-0.1));
#841 = VECTOR('',#842,1.);
#842 = DIRECTION('',(1.,0.,0.));
#843 = ORIENTED_EDGE('',*,*,#844,.T.);
#844 = EDGE_CURVE('',#837,#821,#845,.T.);
#845 = LINE('',#846,#847);
#846 = CARTESIAN_POINT('',(1.69,-1.95,-0.1));
#847 = VECTOR('',#848,1.);
#848 = DIRECTION('',(0.,0.,1.));
#849 = PLANE('',#850);
#850 = AXIS2_PLACEMENT_3D('',#851,#852,#853);
#851 = CARTESIAN_POINT('',(-2.249999999999,-1.949999999999,0.1));
#852 = DIRECTION('',(0.,1.,0.));
#853 = DIRECTION('',(0.,-0.,1.));
#854 = ADVANCED_FACE('',(#855),#889,.F.);
#855 = FACE_BOUND('',#856,.T.);
#856 = EDGE_LOOP('',(#857,#867,#875,#883));
#857 = ORIENTED_EDGE('',*,*,#858,.F.);
#858 = EDGE_CURVE('',#859,#861,#863,.T.);
#859 = VERTEX_POINT('',#860);
#860 = CARTESIAN_POINT('',(-2.12,1.95,-0.1));
#861 = VERTEX_POINT('',#862);
#862 = CARTESIAN_POINT('',(-2.12,1.95,0.1));
#863 = LINE('',#864,#865);
#864 = CARTESIAN_POINT('',(-2.12,1.95,-0.1));
#865 = VECTOR('',#866,1.);
#866 = DIRECTION('',(0.,0.,1.));
#867 = ORIENTED_EDGE('',*,*,#868,.T.);
#868 = EDGE_CURVE('',#859,#869,#871,.T.);
#869 = VERTEX_POINT('',#870);
#870 = CARTESIAN_POINT('',(-2.249999999999,1.95,-0.1));
#871 = LINE('',#872,#873);
#872 = CARTESIAN_POINT('',(-2.249999999999,1.95,-0.1));
#873 = VECTOR('',#874,1.);
#874 = DIRECTION('',(-1.,0.,0.));
#875 = ORIENTED_EDGE('',*,*,#876,.F.);
#876 = EDGE_CURVE('',#877,#869,#879,.T.);
#877 = VERTEX_POINT('',#878);
#878 = CARTESIAN_POINT('',(-2.249999999999,1.95,0.1));
#879 = LINE('',#880,#881);
#880 = CARTESIAN_POINT('',(-2.249999999999,1.95,0.1));
#881 = VECTOR('',#882,1.);
#882 = DIRECTION('',(0.,0.,-1.));
#883 = ORIENTED_EDGE('',*,*,#884,.F.);
#884 = EDGE_CURVE('',#861,#877,#885,.T.);
#885 = LINE('',#886,#887);
#886 = CARTESIAN_POINT('',(-2.249999999999,1.95,0.1));
#887 = VECTOR('',#888,1.);
#888 = DIRECTION('',(-1.,0.,0.));
#889 = PLANE('',#890);
#890 = AXIS2_PLACEMENT_3D('',#891,#892,#893);
#891 = CARTESIAN_POINT('',(-2.249999999999,1.95,0.1));
#892 = DIRECTION('',(0.,-1.,0.));
#893 = DIRECTION('',(0.,0.,-1.));
#894 = ADVANCED_FACE('',(#895),#929,.F.);
#895 = FACE_BOUND('',#896,.T.);
#896 = EDGE_LOOP('',(#897,#907,#915,#923));
#897 = ORIENTED_EDGE('',*,*,#898,.T.);
#898 = EDGE_CURVE('',#899,#901,#903,.T.);
#899 = VERTEX_POINT('',#900);
#900 = CARTESIAN_POINT('',(-0.85,1.95,-0.1));
#901 = VERTEX_POINT('',#902);
#902 = CARTESIAN_POINT('',(-1.69,1.95,-0.1));
#903 = LINE('',#904,#905);
#904 = CARTESIAN_POINT('',(-2.249999999999,1.95,-0.1));
#905 = VECTOR('',#906,1.);
#906 = DIRECTION('',(-1.,0.,0.));
#907 = ORIENTED_EDGE('',*,*,#908,.T.);
#908 = EDGE_CURVE('',#901,#909,#911,.T.);
#909 = VERTEX_POINT('',#910);
#910 = CARTESIAN_POINT('',(-1.69,1.95,0.1));
#911 = LINE('',#912,#913);
#912 = CARTESIAN_POINT('',(-1.69,1.95,-0.1));
#913 = VECTOR('',#914,1.);
#914 = DIRECTION('',(0.,0.,1.));
#915 = ORIENTED_EDGE('',*,*,#916,.F.);
#916 = EDGE_CURVE('',#917,#909,#919,.T.);
#917 = VERTEX_POINT('',#918);
#918 = CARTESIAN_POINT('',(-0.85,1.95,0.1));
#919 = LINE('',#920,#921);
#920 = CARTESIAN_POINT('',(-2.249999999999,1.95,0.1));
#921 = VECTOR('',#922,1.);
#922 = DIRECTION('',(-1.,0.,0.));
#923 = ORIENTED_EDGE('',*,*,#924,.F.);
#924 = EDGE_CURVE('',#899,#917,#925,.T.);
#925 = LINE('',#926,#927);
#926 = CARTESIAN_POINT('',(-0.85,1.95,-0.1));
#927 = VECTOR('',#928,1.);
#928 = DIRECTION('',(0.,0.,1.));
#929 = PLANE('',#930);
#930 = AXIS2_PLACEMENT_3D('',#931,#932,#933);
#931 = CARTESIAN_POINT('',(-2.249999999999,1.95,0.1));
#932 = DIRECTION('',(0.,-1.,0.));
#933 = DIRECTION('',(0.,0.,-1.));
#934 = ADVANCED_FACE('',(#935),#969,.F.);
#935 = FACE_BOUND('',#936,.T.);
#936 = EDGE_LOOP('',(#937,#947,#955,#963));
#937 = ORIENTED_EDGE('',*,*,#938,.T.);
#938 = EDGE_CURVE('',#939,#941,#943,.T.);
#939 = VERTEX_POINT('',#940);
#940 = CARTESIAN_POINT('',(0.42,1.95,-0.1));
#941 = VERTEX_POINT('',#942);
#942 = CARTESIAN_POINT('',(-0.42,1.95,-0.1));
#943 = LINE('',#944,#945);
#944 = CARTESIAN_POINT('',(-2.249999999999,1.95,-0.1));
#945 = VECTOR('',#946,1.);
#946 = DIRECTION('',(-1.,0.,0.));
#947 = ORIENTED_EDGE('',*,*,#948,.T.);
#948 = EDGE_CURVE('',#941,#949,#951,.T.);
#949 = VERTEX_POINT('',#950);
#950 = CARTESIAN_POINT('',(-0.42,1.95,0.1));
#951 = LINE('',#952,#953);
#952 = CARTESIAN_POINT('',(-0.42,1.95,-0.1));
#953 = VECTOR('',#954,1.);
#954 = DIRECTION('',(0.,0.,1.));
#955 = ORIENTED_EDGE('',*,*,#956,.F.);
#956 = EDGE_CURVE('',#957,#949,#959,.T.);
#957 = VERTEX_POINT('',#958);
#958 = CARTESIAN_POINT('',(0.42,1.95,0.1));
#959 = LINE('',#960,#961);
#960 = CARTESIAN_POINT('',(-2.249999999999,1.95,0.1));
#961 = VECTOR('',#962,1.);
#962 = DIRECTION('',(-1.,0.,0.));
#963 = ORIENTED_EDGE('',*,*,#964,.F.);
#964 = EDGE_CURVE('',#939,#957,#965,.T.);
#965 = LINE('',#966,#967);
#966 = CARTESIAN_POINT('',(0.42,1.95,-0.1));
#967 = VECTOR('',#968,1.);
#968 = DIRECTION('',(0.,0.,1.));
#969 = PLANE('',#970);
#970 = AXIS2_PLACEMENT_3D('',#971,#972,#973);
#971 = CARTESIAN_POINT('',(-2.249999999999,1.95,0.1));
#972 = DIRECTION('',(0.,-1.,0.));
#973 = DIRECTION('',(0.,0.,-1.));
#974 = ADVANCED_FACE('',(#975),#1009,.F.);
#975 = FACE_BOUND('',#976,.T.);
#976 = EDGE_LOOP('',(#977,#987,#995,#1003));
#977 = ORIENTED_EDGE('',*,*,#978,.T.);
#978 = EDGE_CURVE('',#979,#981,#983,.T.);
#979 = VERTEX_POINT('',#980);
#980 = CARTESIAN_POINT('',(1.69,1.95,-0.1));
#981 = VERTEX_POINT('',#982);
#982 = CARTESIAN_POINT('',(0.85,1.95,-0.1));
#983 = LINE('',#984,#985);
#984 = CARTESIAN_POINT('',(-2.249999999999,1.95,-0.1));
#985 = VECTOR('',#986,1.);
#986 = DIRECTION('',(-1.,0.,0.));
#987 = ORIENTED_EDGE('',*,*,#988,.T.);
#988 = EDGE_CURVE('',#981,#989,#991,.T.);
#989 = VERTEX_POINT('',#990);
#990 = CARTESIAN_POINT('',(0.85,1.95,0.1));
#991 = LINE('',#992,#993);
#992 = CARTESIAN_POINT('',(0.849999999999,1.95,-0.1));
#993 = VECTOR('',#994,1.);
#994 = DIRECTION('',(0.,0.,1.));
#995 = ORIENTED_EDGE('',*,*,#996,.F.);
#996 = EDGE_CURVE('',#997,#989,#999,.T.);
#997 = VERTEX_POINT('',#998);
#998 = CARTESIAN_POINT('',(1.689999999999,1.95,0.1));
#999 = LINE('',#1000,#1001);
#1000 = CARTESIAN_POINT('',(-2.249999999999,1.95,0.1));
#1001 = VECTOR('',#1002,1.);
#1002 = DIRECTION('',(-1.,0.,0.));
#1003 = ORIENTED_EDGE('',*,*,#1004,.F.);
#1004 = EDGE_CURVE('',#979,#997,#1005,.T.);
#1005 = LINE('',#1006,#1007);
#1006 = CARTESIAN_POINT('',(1.69,1.95,-0.1));
#1007 = VECTOR('',#1008,1.);
#1008 = DIRECTION('',(0.,0.,1.));
#1009 = PLANE('',#1010);
#1010 = AXIS2_PLACEMENT_3D('',#1011,#1012,#1013);
#1011 = CARTESIAN_POINT('',(-2.249999999999,1.95,0.1));
#1012 = DIRECTION('',(0.,-1.,0.));
#1013 = DIRECTION('',(0.,0.,-1.));
#1014 = ADVANCED_FACE('',(#1015),#1042,.T.);
#1015 = FACE_BOUND('',#1016,.T.);
#1016 = EDGE_LOOP('',(#1017,#1026,#1027,#1036));
#1017 = ORIENTED_EDGE('',*,*,#1018,.T.);
#1018 = EDGE_CURVE('',#1019,#717,#1021,.T.);
#1019 = VERTEX_POINT('',#1020);
#1020 = CARTESIAN_POINT('',(-2.449999999999,-1.749999999999,-0.1));
#1021 = CIRCLE('',#1022,0.2);
#1022 = AXIS2_PLACEMENT_3D('',#1023,#1024,#1025);
#1023 = CARTESIAN_POINT('',(-2.249999999999,-1.749999999999,-0.1));
#1024 = DIRECTION('',(0.,0.,1.));
#1025 = DIRECTION('',(-1.,0.,0.));
#1026 = ORIENTED_EDGE('',*,*,#716,.F.);
#1027 = ORIENTED_EDGE('',*,*,#1028,.F.);
#1028 = EDGE_CURVE('',#1029,#709,#1031,.T.);
#1029 = VERTEX_POINT('',#1030);
#1030 = CARTESIAN_POINT('',(-2.449999999999,-1.749999999999,0.1));
#1031 = CIRCLE('',#1032,0.2);
#1032 = AXIS2_PLACEMENT_3D('',#1033,#1034,#1035);
#1033 = CARTESIAN_POINT('',(-2.249999999999,-1.749999999999,0.1));
#1034 = DIRECTION('',(0.,0.,1.));
#1035 = DIRECTION('',(-1.,0.,0.));
#1036 = ORIENTED_EDGE('',*,*,#1037,.T.);
#1037 = EDGE_CURVE('',#1029,#1019,#1038,.T.);
#1038 = LINE('',#1039,#1040);
#1039 = CARTESIAN_POINT('',(-2.449999999999,-1.749999999999,0.1));
#1040 = VECTOR('',#1041,1.);
#1041 = DIRECTION('',(0.,0.,-1.));
#1042 = CYLINDRICAL_SURFACE('',#1043,0.2);
#1043 = AXIS2_PLACEMENT_3D('',#1044,#1045,#1046);
#1044 = CARTESIAN_POINT('',(-2.249999999999,-1.749999999999,0.1));
#1045 = DIRECTION('',(0.,0.,-1.));
#1046 = DIRECTION('',(-1.,0.,0.));
#1047 = ADVANCED_FACE('',(#1048),#1082,.F.);
#1048 = FACE_BOUND('',#1049,.T.);
#1049 = EDGE_LOOP('',(#1050,#1060,#1068,#1076));
#1050 = ORIENTED_EDGE('',*,*,#1051,.F.);
#1051 = EDGE_CURVE('',#1052,#1054,#1056,.T.);
#1052 = VERTEX_POINT('',#1053);
#1053 = CARTESIAN_POINT('',(2.12,-1.949999999999,0.1));
#1054 = VERTEX_POINT('',#1055);
#1055 = CARTESIAN_POINT('',(2.25,-1.949999999999,0.1));
#1056 = LINE('',#1057,#1058);
#1057 = CARTESIAN_POINT('',(-2.249999999999,-1.949999999999,0.1));
#1058 = VECTOR('',#1059,1.);
#1059 = DIRECTION('',(1.,0.,0.));
#1060 = ORIENTED_EDGE('',*,*,#1061,.F.);
#1061 = EDGE_CURVE('',#1062,#1052,#1064,.T.);
#1062 = VERTEX_POINT('',#1063);
#1063 = CARTESIAN_POINT('',(2.119999999999,-1.95,-0.1));
#1064 = LINE('',#1065,#1066);
#1065 = CARTESIAN_POINT('',(2.12,-1.95,-0.1));
#1066 = VECTOR('',#1067,1.);
#1067 = DIRECTION('',(0.,0.,1.));
#1068 = ORIENTED_EDGE('',*,*,#1069,.T.);
#1069 = EDGE_CURVE('',#1062,#1070,#1072,.T.);
#1070 = VERTEX_POINT('',#1071);
#1071 = CARTESIAN_POINT('',(2.25,-1.949999999999,-0.1));
#1072 = LINE('',#1073,#1074);
#1073 = CARTESIAN_POINT('',(-2.249999999999,-1.949999999999,-0.1));
#1074 = VECTOR('',#1075,1.);
#1075 = DIRECTION('',(1.,0.,0.));
#1076 = ORIENTED_EDGE('',*,*,#1077,.F.);
#1077 = EDGE_CURVE('',#1054,#1070,#1078,.T.);
#1078 = LINE('',#1079,#1080);
#1079 = CARTESIAN_POINT('',(2.25,-1.949999999999,0.1));
#1080 = VECTOR('',#1081,1.);
#1081 = DIRECTION('',(0.,0.,-1.));
#1082 = PLANE('',#1083);
#1083 = AXIS2_PLACEMENT_3D('',#1084,#1085,#1086);
#1084 = CARTESIAN_POINT('',(-2.249999999999,-1.949999999999,0.1));
#1085 = DIRECTION('',(0.,1.,0.));
#1086 = DIRECTION('',(0.,-0.,1.));
#1087 = ADVANCED_FACE('',(#1088),#1115,.T.);
#1088 = FACE_BOUND('',#1089,.T.);
#1089 = EDGE_LOOP('',(#1090,#1099,#1107,#1114));
#1090 = ORIENTED_EDGE('',*,*,#1091,.T.);
#1091 = EDGE_CURVE('',#1070,#1092,#1094,.T.);
#1092 = VERTEX_POINT('',#1093);
#1093 = CARTESIAN_POINT('',(2.45,-1.749999999999,-0.1));
#1094 = CIRCLE('',#1095,0.2);
#1095 = AXIS2_PLACEMENT_3D('',#1096,#1097,#1098);
#1096 = CARTESIAN_POINT('',(2.25,-1.749999999999,-0.1));
#1097 = DIRECTION('',(0.,0.,1.));
#1098 = DIRECTION('',(1.,0.,-0.));
#1099 = ORIENTED_EDGE('',*,*,#1100,.F.);
#1100 = EDGE_CURVE('',#1101,#1092,#1103,.T.);
#1101 = VERTEX_POINT('',#1102);
#1102 = CARTESIAN_POINT('',(2.45,-1.749999999999,0.1));
#1103 = LINE('',#1104,#1105);
#1104 = CARTESIAN_POINT('',(2.45,-1.749999999999,0.1));
#1105 = VECTOR('',#1106,1.);
#1106 = DIRECTION('',(0.,0.,-1.));
#1107 = ORIENTED_EDGE('',*,*,#1108,.F.);
#1108 = EDGE_CURVE('',#1054,#1101,#1109,.T.);
#1109 = CIRCLE('',#1110,0.2);
#1110 = AXIS2_PLACEMENT_3D('',#1111,#1112,#1113);
#1111 = CARTESIAN_POINT('',(2.25,-1.749999999999,0.1));
#1112 = DIRECTION('',(0.,0.,1.));
#1113 = DIRECTION('',(1.,0.,-0.));
#1114 = ORIENTED_EDGE('',*,*,#1077,.T.);
#1115 = CYLINDRICAL_SURFACE('',#1116,0.2);
#1116 = AXIS2_PLACEMENT_3D('',#1117,#1118,#1119);
#1117 = CARTESIAN_POINT('',(2.25,-1.749999999999,0.1));
#1118 = DIRECTION('',(0.,0.,-1.));
#1119 = DIRECTION('',(-1.,0.,0.));
#1120 = ADVANCED_FACE('',(#1121),#1146,.F.);
#1121 = FACE_BOUND('',#1122,.T.);
#1122 = EDGE_LOOP('',(#1123,#1131,#1139,#1145));
#1123 = ORIENTED_EDGE('',*,*,#1124,.T.);
#1124 = EDGE_CURVE('',#1092,#1125,#1127,.T.);
#1125 = VERTEX_POINT('',#1126);
#1126 = CARTESIAN_POINT('',(2.45,1.75,-0.1));
#1127 = LINE('',#1128,#1129);
#1128 = CARTESIAN_POINT('',(2.45,-1.749999999999,-0.1));
#1129 = VECTOR('',#1130,1.);
#1130 = DIRECTION('',(0.,1.,0.));
#1131 = ORIENTED_EDGE('',*,*,#1132,.F.);
#1132 = EDGE_CURVE('',#1133,#1125,#1135,.T.);
#1133 = VERTEX_POINT('',#1134);
#1134 = CARTESIAN_POINT('',(2.45,1.75,0.1));
#1135 = LINE('',#1136,#1137);
#1136 = CARTESIAN_POINT('',(2.45,1.75,0.1));
#1137 = VECTOR('',#1138,1.);
#1138 = DIRECTION('',(0.,0.,-1.));
#1139 = ORIENTED_EDGE('',*,*,#1140,.F.);
#1140 = EDGE_CURVE('',#1101,#1133,#1141,.T.);
#1141 = LINE('',#1142,#1143);
#1142 = CARTESIAN_POINT('',(2.45,-1.749999999999,0.1));
#1143 = VECTOR('',#1144,1.);
#1144 = DIRECTION('',(0.,1.,0.));
#1145 = ORIENTED_EDGE('',*,*,#1100,.T.);
#1146 = PLANE('',#1147);
#1147 = AXIS2_PLACEMENT_3D('',#1148,#1149,#1150);
#1148 = CARTESIAN_POINT('',(2.45,-1.749999999999,0.1));
#1149 = DIRECTION('',(-1.,0.,0.));
#1150 = DIRECTION('',(0.,0.,1.));
#1151 = ADVANCED_FACE('',(#1152),#1179,.T.);
#1152 = FACE_BOUND('',#1153,.T.);
#1153 = EDGE_LOOP('',(#1154,#1163,#1171,#1178));
#1154 = ORIENTED_EDGE('',*,*,#1155,.T.);
#1155 = EDGE_CURVE('',#1125,#1156,#1158,.T.);
#1156 = VERTEX_POINT('',#1157);
#1157 = CARTESIAN_POINT('',(2.25,1.95,-0.1));
#1158 = CIRCLE('',#1159,0.2);
#1159 = AXIS2_PLACEMENT_3D('',#1160,#1161,#1162);
#1160 = CARTESIAN_POINT('',(2.25,1.75,-0.1));
#1161 = DIRECTION('',(0.,0.,1.));
#1162 = DIRECTION('',(-1.,0.,0.));
#1163 = ORIENTED_EDGE('',*,*,#1164,.F.);
#1164 = EDGE_CURVE('',#1165,#1156,#1167,.T.);
#1165 = VERTEX_POINT('',#1166);
#1166 = CARTESIAN_POINT('',(2.25,1.95,0.1));
#1167 = LINE('',#1168,#1169);
#1168 = CARTESIAN_POINT('',(2.25,1.95,0.1));
#1169 = VECTOR('',#1170,1.);
#1170 = DIRECTION('',(0.,0.,-1.));
#1171 = ORIENTED_EDGE('',*,*,#1172,.F.);
#1172 = EDGE_CURVE('',#1133,#1165,#1173,.T.);
#1173 = CIRCLE('',#1174,0.2);
#1174 = AXIS2_PLACEMENT_3D('',#1175,#1176,#1177);
#1175 = CARTESIAN_POINT('',(2.25,1.75,0.1));
#1176 = DIRECTION('',(0.,0.,1.));
#1177 = DIRECTION('',(-1.,0.,0.));
#1178 = ORIENTED_EDGE('',*,*,#1132,.T.);
#1179 = CYLINDRICAL_SURFACE('',#1180,0.2);
#1180 = AXIS2_PLACEMENT_3D('',#1181,#1182,#1183);
#1181 = CARTESIAN_POINT('',(2.25,1.75,0.1));
#1182 = DIRECTION('',(0.,0.,-1.));
#1183 = DIRECTION('',(-1.,0.,0.));
#1184 = ADVANCED_FACE('',(#1185),#1210,.F.);
#1185 = FACE_BOUND('',#1186,.T.);
#1186 = EDGE_LOOP('',(#1187,#1195,#1203,#1209));
#1187 = ORIENTED_EDGE('',*,*,#1188,.T.);
#1188 = EDGE_CURVE('',#1156,#1189,#1191,.T.);
#1189 = VERTEX_POINT('',#1190);
#1190 = CARTESIAN_POINT('',(2.119999999999,1.95,-0.1));
#1191 = LINE('',#1192,#1193);
#1192 = CARTESIAN_POINT('',(-2.249999999999,1.95,-0.1));
#1193 = VECTOR('',#1194,1.);
#1194 = DIRECTION('',(-1.,0.,0.));
#1195 = ORIENTED_EDGE('',*,*,#1196,.T.);
#1196 = EDGE_CURVE('',#1189,#1197,#1199,.T.);
#1197 = VERTEX_POINT('',#1198);
#1198 = CARTESIAN_POINT('',(2.119999999999,1.95,0.1));
#1199 = LINE('',#1200,#1201);
#1200 = CARTESIAN_POINT('',(2.12,1.95,-0.1));
#1201 = VECTOR('',#1202,1.);
#1202 = DIRECTION('',(0.,0.,1.));
#1203 = ORIENTED_EDGE('',*,*,#1204,.F.);
#1204 = EDGE_CURVE('',#1165,#1197,#1205,.T.);
#1205 = LINE('',#1206,#1207);
#1206 = CARTESIAN_POINT('',(-2.249999999999,1.95,0.1));
#1207 = VECTOR('',#1208,1.);
#1208 = DIRECTION('',(-1.,0.,0.));
#1209 = ORIENTED_EDGE('',*,*,#1164,.T.);
#1210 = PLANE('',#1211);
#1211 = AXIS2_PLACEMENT_3D('',#1212,#1213,#1214);
#1212 = CARTESIAN_POINT('',(-2.249999999999,1.95,0.1));
#1213 = DIRECTION('',(0.,-1.,0.));
#1214 = DIRECTION('',(0.,0.,-1.));
#1215 = ADVANCED_FACE('',(#1216),#1243,.T.);
#1216 = FACE_BOUND('',#1217,.T.);
#1217 = EDGE_LOOP('',(#1218,#1227,#1235,#1242));
#1218 = ORIENTED_EDGE('',*,*,#1219,.T.);
#1219 = EDGE_CURVE('',#869,#1220,#1222,.T.);
#1220 = VERTEX_POINT('',#1221);
#1221 = CARTESIAN_POINT('',(-2.449999999999,1.75,-0.1));
#1222 = CIRCLE('',#1223,0.2);
#1223 = AXIS2_PLACEMENT_3D('',#1224,#1225,#1226);
#1224 = CARTESIAN_POINT('',(-2.249999999999,1.75,-0.1));
#1225 = DIRECTION('',(0.,0.,1.));
#1226 = DIRECTION('',(-1.,0.,0.));
#1227 = ORIENTED_EDGE('',*,*,#1228,.F.);
#1228 = EDGE_CURVE('',#1229,#1220,#1231,.T.);
#1229 = VERTEX_POINT('',#1230);
#1230 = CARTESIAN_POINT('',(-2.449999999999,1.75,0.1));
#1231 = LINE('',#1232,#1233);
#1232 = CARTESIAN_POINT('',(-2.449999999999,1.75,0.1));
#1233 = VECTOR('',#1234,1.);
#1234 = DIRECTION('',(0.,0.,-1.));
#1235 = ORIENTED_EDGE('',*,*,#1236,.F.);
#1236 = EDGE_CURVE('',#877,#1229,#1237,.T.);
#1237 = CIRCLE('',#1238,0.2);
#1238 = AXIS2_PLACEMENT_3D('',#1239,#1240,#1241);
#1239 = CARTESIAN_POINT('',(-2.249999999999,1.75,0.1));
#1240 = DIRECTION('',(0.,0.,1.));
#1241 = DIRECTION('',(-1.,0.,0.));
#1242 = ORIENTED_EDGE('',*,*,#876,.T.);
#1243 = CYLINDRICAL_SURFACE('',#1244,0.2);
#1244 = AXIS2_PLACEMENT_3D('',#1245,#1246,#1247);
#1245 = CARTESIAN_POINT('',(-2.249999999999,1.75,0.1));
#1246 = DIRECTION('',(0.,0.,-1.));
#1247 = DIRECTION('',(-1.,0.,0.));
#1248 = ADVANCED_FACE('',(#1249),#1265,.F.);
#1249 = FACE_BOUND('',#1250,.T.);
#1250 = EDGE_LOOP('',(#1251,#1257,#1258,#1264));
#1251 = ORIENTED_EDGE('',*,*,#1252,.T.);
#1252 = EDGE_CURVE('',#1220,#1019,#1253,.T.);
#1253 = LINE('',#1254,#1255);
#1254 = CARTESIAN_POINT('',(-2.449999999999,-1.749999999999,-0.1));
#1255 = VECTOR('',#1256,1.);
#1256 = DIRECTION('',(0.,-1.,0.));
#1257 = ORIENTED_EDGE('',*,*,#1037,.F.);
#1258 = ORIENTED_EDGE('',*,*,#1259,.F.);
#1259 = EDGE_CURVE('',#1229,#1029,#1260,.T.);
#1260 = LINE('',#1261,#1262);
#1261 = CARTESIAN_POINT('',(-2.449999999999,-1.749999999999,0.1));
#1262 = VECTOR('',#1263,1.);
#1263 = DIRECTION('',(0.,-1.,0.));
#1264 = ORIENTED_EDGE('',*,*,#1228,.T.);
#1265 = PLANE('',#1266);
#1266 = AXIS2_PLACEMENT_3D('',#1267,#1268,#1269);
#1267 = CARTESIAN_POINT('',(-2.449999999999,-1.749999999999,0.1));
#1268 = DIRECTION('',(1.,0.,0.));
#1269 = DIRECTION('',(0.,0.,-1.));
#1270 = ADVANCED_FACE('',(#1271),#1309,.T.);
#1271 = FACE_BOUND('',#1272,.T.);
#1272 = EDGE_LOOP('',(#1273,#1281,#1302,#1308));
#1273 = ORIENTED_EDGE('',*,*,#1274,.F.);
#1274 = EDGE_CURVE('',#1275,#709,#1277,.T.);
#1275 = VERTEX_POINT('',#1276);
#1276 = CARTESIAN_POINT('',(-2.249999999999,-1.917938059967,
    0.361123546778));
#1277 = LINE('',#1278,#1279);
#1278 = CARTESIAN_POINT('',(-2.249999999999,-1.949999999999,0.1));
#1279 = VECTOR('',#1280,1.);
#1280 = DIRECTION('',(0.,-0.121869343405,-0.992546151641));
#1281 = ORIENTED_EDGE('',*,*,#1282,.T.);
#1282 = EDGE_CURVE('',#1275,#1283,#1285,.T.);
#1283 = VERTEX_POINT('',#1284);
#1284 = CARTESIAN_POINT('',(-2.411349269979,-1.749999999999,
    0.414784934982));
#1285 = B_SPLINE_CURVE_WITH_KNOTS('',3,(#1286,#1287,#1288,#1289,#1290,
    #1291,#1292,#1293,#1294,#1295,#1296,#1297,#1298,#1299,#1300,#1301),
  .UNSPECIFIED.,.F.,.F.,(4,3,3,3,3,4),(0.,5.070133562766E-05,
    1.02160795E-04,1.55379608E-04,2.11396442E-04,2.65367098E-04),
  .UNSPECIFIED.);
#1286 = CARTESIAN_POINT('',(-2.249999999999,-1.917938059967,
    0.361123546778));
#1287 = CARTESIAN_POINT('',(-2.266900445209,-1.917938059967,
    0.361123546778));
#1288 = CARTESIAN_POINT('',(-2.284022376527,-1.915196160028,
    0.362054614599));
#1289 = CARTESIAN_POINT('',(-2.299999999999,-1.909976186897,
    0.36381315858));
#1290 = CARTESIAN_POINT('',(-2.316220241791,-1.904676949093,
    0.365598405844));
#1291 = CARTESIAN_POINT('',(-2.331687815967,-1.896694580347,
    0.368278564517));
#1292 = CARTESIAN_POINT('',(-2.345266769834,-1.886740315757,
    0.371578549552));
#1293 = CARTESIAN_POINT('',(-2.359310264474,-1.876445512286,
    0.374991428233));
#1294 = CARTESIAN_POINT('',(-2.371703116297,-1.863785320452,
    0.379150247684));
#1295 = CARTESIAN_POINT('',(-2.38162077617,-1.849784128904,
    0.383673202357));
#1296 = CARTESIAN_POINT('',(-2.392053952404,-1.8350551605,0.388431258572
    ));
#1297 = CARTESIAN_POINT('',(-2.400024833304,-1.818461879193,
    0.393713216877));
#1298 = CARTESIAN_POINT('',(-2.405013306355,-1.801291131706,
    0.39907170014));
#1299 = CARTESIAN_POINT('',(-2.409825209709,-1.784728152097,
    0.404240516996));
#1300 = CARTESIAN_POINT('',(-2.411985456311,-1.767232311092,
    0.409603613097));
#1301 = CARTESIAN_POINT('',(-2.411349269979,-1.749999999999,
    0.414784934982));
#1302 = ORIENTED_EDGE('',*,*,#1303,.T.);
#1303 = EDGE_CURVE('',#1283,#1029,#1304,.T.);
#1304 = LINE('',#1305,#1306);
#1305 = CARTESIAN_POINT('',(-2.449999999999,-1.749999999999,0.1));
#1306 = VECTOR('',#1307,1.);
#1307 = DIRECTION('',(-0.121869343405,0.,-0.992546151641));
#1308 = ORIENTED_EDGE('',*,*,#1028,.T.);
#1309 = CONICAL_SURFACE('',#1310,0.2,0.122173047639);
#1310 = AXIS2_PLACEMENT_3D('',#1311,#1312,#1313);
#1311 = CARTESIAN_POINT('',(-2.249999999999,-1.749999999999,0.1));
#1312 = DIRECTION('',(0.,0.,-1.));
#1313 = DIRECTION('',(1.,0.,0.));
#1314 = ADVANCED_FACE('',(#1315),#1361,.T.);
#1315 = FACE_BOUND('',#1316,.T.);
#1316 = EDGE_LOOP('',(#1317,#1325,#1331,#1332,#1333,#1339,#1340,#1346,
    #1347,#1353,#1354,#1360));
#1317 = ORIENTED_EDGE('',*,*,#1318,.F.);
#1318 = EDGE_CURVE('',#1319,#1054,#1321,.T.);
#1319 = VERTEX_POINT('',#1320);
#1320 = CARTESIAN_POINT('',(2.25,-1.917938059967,0.361123546778));
#1321 = LINE('',#1322,#1323);
#1322 = CARTESIAN_POINT('',(2.25,-1.949999999999,0.1));
#1323 = VECTOR('',#1324,1.);
#1324 = DIRECTION('',(0.,-0.121869343405,-0.992546151641));
#1325 = ORIENTED_EDGE('',*,*,#1326,.T.);
#1326 = EDGE_CURVE('',#1319,#1275,#1327,.T.);
#1327 = LINE('',#1328,#1329);
#1328 = CARTESIAN_POINT('',(-2.249999999999,-1.917938059967,
    0.361123546778));
#1329 = VECTOR('',#1330,1.);
#1330 = DIRECTION('',(-1.,0.,0.));
#1331 = ORIENTED_EDGE('',*,*,#1274,.T.);
#1332 = ORIENTED_EDGE('',*,*,#708,.T.);
#1333 = ORIENTED_EDGE('',*,*,#1334,.F.);
#1334 = EDGE_CURVE('',#739,#701,#1335,.T.);
#1335 = LINE('',#1336,#1337);
#1336 = CARTESIAN_POINT('',(-1.69,-1.95,0.1));
#1337 = VECTOR('',#1338,1.);
#1338 = DIRECTION('',(-1.,0.,0.));
#1339 = ORIENTED_EDGE('',*,*,#738,.T.);
#1340 = ORIENTED_EDGE('',*,*,#1341,.F.);
#1341 = EDGE_CURVE('',#779,#741,#1342,.T.);
#1342 = LINE('',#1343,#1344);
#1343 = CARTESIAN_POINT('',(-0.42,-1.95,0.1));
#1344 = VECTOR('',#1345,1.);
#1345 = DIRECTION('',(-1.,0.,0.));
#1346 = ORIENTED_EDGE('',*,*,#778,.T.);
#1347 = ORIENTED_EDGE('',*,*,#1348,.F.);
#1348 = EDGE_CURVE('',#819,#781,#1349,.T.);
#1349 = LINE('',#1350,#1351);
#1350 = CARTESIAN_POINT('',(0.849999999999,-1.95,0.1));
#1351 = VECTOR('',#1352,1.);
#1352 = DIRECTION('',(-1.,0.,0.));
#1353 = ORIENTED_EDGE('',*,*,#818,.T.);
#1354 = ORIENTED_EDGE('',*,*,#1355,.F.);
#1355 = EDGE_CURVE('',#1052,#821,#1356,.T.);
#1356 = LINE('',#1357,#1358);
#1357 = CARTESIAN_POINT('',(2.12,-1.95,0.1));
#1358 = VECTOR('',#1359,1.);
#1359 = DIRECTION('',(-1.,0.,0.));
#1360 = ORIENTED_EDGE('',*,*,#1051,.T.);
#1361 = PLANE('',#1362);
#1362 = AXIS2_PLACEMENT_3D('',#1363,#1364,#1365);
#1363 = CARTESIAN_POINT('',(-2.249999999999,-1.949999999999,0.1));
#1364 = DIRECTION('',(0.,-0.992546151641,0.121869343405));
#1365 = DIRECTION('',(0.,-0.121869343405,-0.992546151641));
#1366 = ADVANCED_FACE('',(#1367),#1388,.T.);
#1367 = FACE_BOUND('',#1368,.T.);
#1368 = EDGE_LOOP('',(#1369,#1377,#1386,#1387));
#1369 = ORIENTED_EDGE('',*,*,#1370,.F.);
#1370 = EDGE_CURVE('',#1371,#1101,#1373,.T.);
#1371 = VERTEX_POINT('',#1372);
#1372 = CARTESIAN_POINT('',(2.411349269979,-1.749999999999,
    0.414784934982));
#1373 = LINE('',#1374,#1375);
#1374 = CARTESIAN_POINT('',(2.45,-1.749999999999,0.1));
#1375 = VECTOR('',#1376,1.);
#1376 = DIRECTION('',(0.121869343405,0.,-0.992546151641));
#1377 = ORIENTED_EDGE('',*,*,#1378,.T.);
#1378 = EDGE_CURVE('',#1371,#1319,#1379,.T.);
#1379 = B_SPLINE_CURVE_WITH_KNOTS('',3,(#1380,#1381,#1382,#1383,#1384,
    #1385),.UNSPECIFIED.,.F.,.F.,(4,2,4),(0.,1.33030433E-04,
    2.66060867E-04),.UNSPECIFIED.);
#1380 = CARTESIAN_POINT('',(2.411349269979,-1.749999999999,
    0.414784934982));
#1381 = CARTESIAN_POINT('',(2.412932198489,-1.792876615129,
    0.401893016822));
#1382 = CARTESIAN_POINT('',(2.397021367163,-1.835556218416,
    0.388358615436));
#1383 = CARTESIAN_POINT('',(2.338271085385,-1.898250530988,
    0.367860416762));
#1384 = CARTESIAN_POINT('',(2.294868713045,-1.917938059967,
    0.361123546778));
#1385 = CARTESIAN_POINT('',(2.25,-1.917938059967,0.361123546778));
#1386 = ORIENTED_EDGE('',*,*,#1318,.T.);
#1387 = ORIENTED_EDGE('',*,*,#1108,.T.);
#1388 = CONICAL_SURFACE('',#1389,0.2,0.122173047639);
#1389 = AXIS2_PLACEMENT_3D('',#1390,#1391,#1392);
#1390 = CARTESIAN_POINT('',(2.25,-1.749999999999,0.1));
#1391 = DIRECTION('',(0.,0.,-1.));
#1392 = DIRECTION('',(1.,0.,0.));
#1393 = ADVANCED_FACE('',(#1394),#1420,.T.);
#1394 = FACE_BOUND('',#1395,.T.);
#1395 = EDGE_LOOP('',(#1396,#1404,#1412,#1418,#1419));
#1396 = ORIENTED_EDGE('',*,*,#1397,.F.);
#1397 = EDGE_CURVE('',#1398,#1133,#1400,.T.);
#1398 = VERTEX_POINT('',#1399);
#1399 = CARTESIAN_POINT('',(2.387111352166,1.75,0.61218693434));
#1400 = LINE('',#1401,#1402);
#1401 = CARTESIAN_POINT('',(2.45,1.75,0.1));
#1402 = VECTOR('',#1403,1.);
#1403 = DIRECTION('',(0.121869343405,0.,-0.992546151641));
#1404 = ORIENTED_EDGE('',*,*,#1405,.T.);
#1405 = EDGE_CURVE('',#1398,#1406,#1408,.T.);
#1406 = VERTEX_POINT('',#1407);
#1407 = CARTESIAN_POINT('',(2.387111352166,-1.497336962743,0.61218693434
    ));
#1408 = LINE('',#1409,#1410);
#1409 = CARTESIAN_POINT('',(2.387111352166,-1.531769724072,0.61218693434
    ));
#1410 = VECTOR('',#1411,1.);
#1411 = DIRECTION('',(0.,-1.,0.));
#1412 = ORIENTED_EDGE('',*,*,#1413,.T.);
#1413 = EDGE_CURVE('',#1406,#1371,#1414,.T.);
#1414 = LINE('',#1415,#1416);
#1415 = CARTESIAN_POINT('',(2.405960726292,-1.693828268378,
    0.458671101514));
#1416 = VECTOR('',#1417,1.);
#1417 = DIRECTION('',(7.537865839703E-02,-0.785768848722,-0.613909907263
    ));
#1418 = ORIENTED_EDGE('',*,*,#1370,.T.);
#1419 = ORIENTED_EDGE('',*,*,#1140,.T.);
#1420 = PLANE('',#1421);
#1421 = AXIS2_PLACEMENT_3D('',#1422,#1423,#1424);
#1422 = CARTESIAN_POINT('',(2.45,-1.749999999999,0.1));
#1423 = DIRECTION('',(0.992546151641,0.,0.121869343405));
#1424 = DIRECTION('',(0.121869343405,0.,-0.992546151641));
#1425 = ADVANCED_FACE('',(#1426),#1445,.T.);
#1426 = FACE_BOUND('',#1427,.T.);
#1427 = EDGE_LOOP('',(#1428,#1436,#1443,#1444));
#1428 = ORIENTED_EDGE('',*,*,#1429,.F.);
#1429 = EDGE_CURVE('',#1430,#1165,#1432,.T.);
#1430 = VERTEX_POINT('',#1431);
#1431 = CARTESIAN_POINT('',(2.25,1.887111352166,0.61218693434));
#1432 = LINE('',#1433,#1434);
#1433 = CARTESIAN_POINT('',(2.25,1.95,0.1));
#1434 = VECTOR('',#1435,1.);
#1435 = DIRECTION('',(0.,0.121869343405,-0.992546151641));
#1436 = ORIENTED_EDGE('',*,*,#1437,.T.);
#1437 = EDGE_CURVE('',#1430,#1398,#1438,.T.);
#1438 = CIRCLE('',#1439,0.137111352166);
#1439 = AXIS2_PLACEMENT_3D('',#1440,#1441,#1442);
#1440 = CARTESIAN_POINT('',(2.25,1.75,0.61218693434));
#1441 = DIRECTION('',(0.,0.,-1.));
#1442 = DIRECTION('',(-1.,0.,0.));
#1443 = ORIENTED_EDGE('',*,*,#1397,.T.);
#1444 = ORIENTED_EDGE('',*,*,#1172,.T.);
#1445 = CONICAL_SURFACE('',#1446,0.2,0.122173047639);
#1446 = AXIS2_PLACEMENT_3D('',#1447,#1448,#1449);
#1447 = CARTESIAN_POINT('',(2.25,1.75,0.1));
#1448 = DIRECTION('',(0.,0.,-1.));
#1449 = DIRECTION('',(1.,0.,0.));
#1450 = ADVANCED_FACE('',(#1451),#1497,.T.);
#1451 = FACE_BOUND('',#1452,.T.);
#1452 = EDGE_LOOP('',(#1453,#1461,#1467,#1468,#1469,#1475,#1476,#1482,
    #1483,#1489,#1490,#1496));
#1453 = ORIENTED_EDGE('',*,*,#1454,.F.);
#1454 = EDGE_CURVE('',#1455,#877,#1457,.T.);
#1455 = VERTEX_POINT('',#1456);
#1456 = CARTESIAN_POINT('',(-2.249999999999,1.887111352166,0.61218693434
    ));
#1457 = LINE('',#1458,#1459);
#1458 = CARTESIAN_POINT('',(-2.249999999999,1.95,0.1));
#1459 = VECTOR('',#1460,1.);
#1460 = DIRECTION('',(0.,0.121869343405,-0.992546151641));
#1461 = ORIENTED_EDGE('',*,*,#1462,.T.);
#1462 = EDGE_CURVE('',#1455,#1430,#1463,.T.);
#1463 = LINE('',#1464,#1465);
#1464 = CARTESIAN_POINT('',(2.25,1.887111352166,0.61218693434));
#1465 = VECTOR('',#1466,1.);
#1466 = DIRECTION('',(1.,0.,0.));
#1467 = ORIENTED_EDGE('',*,*,#1429,.T.);
#1468 = ORIENTED_EDGE('',*,*,#1204,.T.);
#1469 = ORIENTED_EDGE('',*,*,#1470,.T.);
#1470 = EDGE_CURVE('',#1197,#997,#1471,.T.);
#1471 = LINE('',#1472,#1473);
#1472 = CARTESIAN_POINT('',(2.12,1.95,0.1));
#1473 = VECTOR('',#1474,1.);
#1474 = DIRECTION('',(-1.,0.,0.));
#1475 = ORIENTED_EDGE('',*,*,#996,.T.);
#1476 = ORIENTED_EDGE('',*,*,#1477,.T.);
#1477 = EDGE_CURVE('',#989,#957,#1478,.T.);
#1478 = LINE('',#1479,#1480);
#1479 = CARTESIAN_POINT('',(0.849999999999,1.95,0.1));
#1480 = VECTOR('',#1481,1.);
#1481 = DIRECTION('',(-1.,0.,0.));
#1482 = ORIENTED_EDGE('',*,*,#956,.T.);
#1483 = ORIENTED_EDGE('',*,*,#1484,.T.);
#1484 = EDGE_CURVE('',#949,#917,#1485,.T.);
#1485 = LINE('',#1486,#1487);
#1486 = CARTESIAN_POINT('',(-0.42,1.95,0.1));
#1487 = VECTOR('',#1488,1.);
#1488 = DIRECTION('',(-1.,0.,0.));
#1489 = ORIENTED_EDGE('',*,*,#916,.T.);
#1490 = ORIENTED_EDGE('',*,*,#1491,.T.);
#1491 = EDGE_CURVE('',#909,#861,#1492,.T.);
#1492 = LINE('',#1493,#1494);
#1493 = CARTESIAN_POINT('',(-1.69,1.95,0.1));
#1494 = VECTOR('',#1495,1.);
#1495 = DIRECTION('',(-1.,0.,0.));
#1496 = ORIENTED_EDGE('',*,*,#884,.T.);
#1497 = PLANE('',#1498);
#1498 = AXIS2_PLACEMENT_3D('',#1499,#1500,#1501);
#1499 = CARTESIAN_POINT('',(2.25,1.95,0.1));
#1500 = DIRECTION('',(0.,0.992546151641,0.121869343405));
#1501 = DIRECTION('',(0.,-0.121869343405,0.992546151641));
#1502 = ADVANCED_FACE('',(#1503),#1522,.T.);
#1503 = FACE_BOUND('',#1504,.T.);
#1504 = EDGE_LOOP('',(#1505,#1513,#1520,#1521));
#1505 = ORIENTED_EDGE('',*,*,#1506,.F.);
#1506 = EDGE_CURVE('',#1507,#1229,#1509,.T.);
#1507 = VERTEX_POINT('',#1508);
#1508 = CARTESIAN_POINT('',(-2.387111352166,1.75,0.61218693434));
#1509 = LINE('',#1510,#1511);
#1510 = CARTESIAN_POINT('',(-2.449999999999,1.75,0.1));
#1511 = VECTOR('',#1512,1.);
#1512 = DIRECTION('',(-0.121869343405,0.,-0.992546151641));
#1513 = ORIENTED_EDGE('',*,*,#1514,.T.);
#1514 = EDGE_CURVE('',#1507,#1455,#1515,.T.);
#1515 = CIRCLE('',#1516,0.137111352166);
#1516 = AXIS2_PLACEMENT_3D('',#1517,#1518,#1519);
#1517 = CARTESIAN_POINT('',(-2.249999999999,1.75,0.61218693434));
#1518 = DIRECTION('',(0.,0.,-1.));
#1519 = DIRECTION('',(-1.,0.,0.));
#1520 = ORIENTED_EDGE('',*,*,#1454,.T.);
#1521 = ORIENTED_EDGE('',*,*,#1236,.T.);
#1522 = CONICAL_SURFACE('',#1523,0.2,0.122173047639);
#1523 = AXIS2_PLACEMENT_3D('',#1524,#1525,#1526);
#1524 = CARTESIAN_POINT('',(-2.249999999999,1.75,0.1));
#1525 = DIRECTION('',(0.,0.,-1.));
#1526 = DIRECTION('',(1.,0.,0.));
#1527 = ADVANCED_FACE('',(#1528),#1547,.T.);
#1528 = FACE_BOUND('',#1529,.T.);
#1529 = EDGE_LOOP('',(#1530,#1538,#1544,#1545,#1546));
#1530 = ORIENTED_EDGE('',*,*,#1531,.T.);
#1531 = EDGE_CURVE('',#1283,#1532,#1534,.T.);
#1532 = VERTEX_POINT('',#1533);
#1533 = CARTESIAN_POINT('',(-2.387111352166,-1.497336962743,
    0.61218693434));
#1534 = LINE('',#1535,#1536);
#1535 = CARTESIAN_POINT('',(-2.38502593682,-1.47559799245,0.629171279365
    ));
#1536 = VECTOR('',#1537,1.);
#1537 = DIRECTION('',(7.537865839703E-02,0.785768848722,0.613909907263)
  );
#1538 = ORIENTED_EDGE('',*,*,#1539,.T.);
#1539 = EDGE_CURVE('',#1532,#1507,#1540,.T.);
#1540 = LINE('',#1541,#1542);
#1541 = CARTESIAN_POINT('',(-2.387111352166,1.75,0.61218693434));
#1542 = VECTOR('',#1543,1.);
#1543 = DIRECTION('',(0.,1.,0.));
#1544 = ORIENTED_EDGE('',*,*,#1506,.T.);
#1545 = ORIENTED_EDGE('',*,*,#1259,.T.);
#1546 = ORIENTED_EDGE('',*,*,#1303,.F.);
#1547 = PLANE('',#1548);
#1548 = AXIS2_PLACEMENT_3D('',#1549,#1550,#1551);
#1549 = CARTESIAN_POINT('',(-2.449999999999,1.75,0.1));
#1550 = DIRECTION('',(-0.992546151641,0.,0.121869343405));
#1551 = DIRECTION('',(0.121869343405,0.,0.992546151641));
#1552 = ADVANCED_FACE('',(#1553,#1563),#1615,.T.);
#1553 = FACE_BOUND('',#1554,.T.);
#1554 = EDGE_LOOP('',(#1555,#1562));
#1555 = ORIENTED_EDGE('',*,*,#1556,.F.);
#1556 = EDGE_CURVE('',#117,#125,#1557,.T.);
#1557 = CIRCLE('',#1558,0.149999999999);
#1558 = AXIS2_PLACEMENT_3D('',#1559,#1560,#1561);
#1559 = CARTESIAN_POINT('',(-1.687856737002,-0.897336962743,
    0.699999999999));
#1560 = DIRECTION('',(0.,0.,1.));
#1561 = DIRECTION('',(1.,0.,-0.));
#1562 = ORIENTED_EDGE('',*,*,#124,.F.);
#1563 = FACE_BOUND('',#1564,.T.);
#1564 = EDGE_LOOP('',(#1565,#1575,#1583,#1591,#1600,#1608));
#1565 = ORIENTED_EDGE('',*,*,#1566,.T.);
#1566 = EDGE_CURVE('',#1567,#1569,#1571,.T.);
#1567 = VERTEX_POINT('',#1568);
#1568 = CARTESIAN_POINT('',(-2.287856737002,1.75,0.699999999999));
#1569 = VERTEX_POINT('',#1570);
#1570 = CARTESIAN_POINT('',(-2.287856737002,-1.497336962743,
    0.699999999999));
#1571 = LINE('',#1572,#1573);
#1572 = CARTESIAN_POINT('',(-2.287856737002,-1.531769724072,
    0.699999999999));
#1573 = VECTOR('',#1574,1.);
#1574 = DIRECTION('',(0.,-1.,0.));
#1575 = ORIENTED_EDGE('',*,*,#1576,.T.);
#1576 = EDGE_CURVE('',#1569,#1577,#1579,.T.);
#1577 = VERTEX_POINT('',#1578);
#1578 = CARTESIAN_POINT('',(2.287856737002,-1.497336962743,
    0.699999999999));
#1579 = LINE('',#1580,#1581);
#1580 = CARTESIAN_POINT('',(-2.249999999999,-1.497336962743,
    0.699999999999));
#1581 = VECTOR('',#1582,1.);
#1582 = DIRECTION('',(1.,0.,0.));
#1583 = ORIENTED_EDGE('',*,*,#1584,.T.);
#1584 = EDGE_CURVE('',#1577,#1585,#1587,.T.);
#1585 = VERTEX_POINT('',#1586);
#1586 = CARTESIAN_POINT('',(2.287856737002,1.75,0.699999999999));
#1587 = LINE('',#1588,#1589);
#1588 = CARTESIAN_POINT('',(2.287856737002,1.75,0.699999999999));
#1589 = VECTOR('',#1590,1.);
#1590 = DIRECTION('',(0.,1.,0.));
#1591 = ORIENTED_EDGE('',*,*,#1592,.T.);
#1592 = EDGE_CURVE('',#1585,#1593,#1595,.T.);
#1593 = VERTEX_POINT('',#1594);
#1594 = CARTESIAN_POINT('',(2.25,1.787856737002,0.699999999999));
#1595 = CIRCLE('',#1596,3.7856737002E-02);
#1596 = AXIS2_PLACEMENT_3D('',#1597,#1598,#1599);
#1597 = CARTESIAN_POINT('',(2.25,1.75,0.699999999999));
#1598 = DIRECTION('',(0.,0.,1.));
#1599 = DIRECTION('',(1.,0.,-0.));
#1600 = ORIENTED_EDGE('',*,*,#1601,.T.);
#1601 = EDGE_CURVE('',#1593,#1602,#1604,.T.);
#1602 = VERTEX_POINT('',#1603);
#1603 = CARTESIAN_POINT('',(-2.249999999999,1.787856737002,
    0.699999999999));
#1604 = LINE('',#1605,#1606);
#1605 = CARTESIAN_POINT('',(-2.249999999999,1.787856737002,
    0.699999999999));
#1606 = VECTOR('',#1607,1.);
#1607 = DIRECTION('',(-1.,0.,0.));
#1608 = ORIENTED_EDGE('',*,*,#1609,.T.);
#1609 = EDGE_CURVE('',#1602,#1567,#1610,.T.);
#1610 = CIRCLE('',#1611,3.7856737002E-02);
#1611 = AXIS2_PLACEMENT_3D('',#1612,#1613,#1614);
#1612 = CARTESIAN_POINT('',(-2.249999999999,1.75,0.699999999999));
#1613 = DIRECTION('',(0.,0.,1.));
#1614 = DIRECTION('',(1.,0.,-0.));
#1615 = PLANE('',#1616);
#1616 = AXIS2_PLACEMENT_3D('',#1617,#1618,#1619);
#1617 = CARTESIAN_POINT('',(-2.249999999999,-1.749999999999,
    0.699999999999));
#1618 = DIRECTION('',(0.,0.,1.));
#1619 = DIRECTION('',(1.,0.,-0.));
#1620 = ADVANCED_FACE('',(#1621),#1647,.T.);
#1621 = FACE_BOUND('',#1622,.T.);
#1622 = EDGE_LOOP('',(#1623,#1631,#1640,#1646));
#1623 = ORIENTED_EDGE('',*,*,#1624,.F.);
#1624 = EDGE_CURVE('',#1625,#1019,#1627,.T.);
#1625 = VERTEX_POINT('',#1626);
#1626 = CARTESIAN_POINT('',(-2.387111352166,-1.749999999999,
    -0.61218693434));
#1627 = LINE('',#1628,#1629);
#1628 = CARTESIAN_POINT('',(-2.449999999999,-1.749999999999,-0.1));
#1629 = VECTOR('',#1630,1.);
#1630 = DIRECTION('',(-0.121869343405,0.,0.992546151641));
#1631 = ORIENTED_EDGE('',*,*,#1632,.T.);
#1632 = EDGE_CURVE('',#1625,#1633,#1635,.T.);
#1633 = VERTEX_POINT('',#1634);
#1634 = CARTESIAN_POINT('',(-2.249999999999,-1.887111352166,
    -0.61218693434));
#1635 = CIRCLE('',#1636,0.137111352166);
#1636 = AXIS2_PLACEMENT_3D('',#1637,#1638,#1639);
#1637 = CARTESIAN_POINT('',(-2.249999999999,-1.749999999999,
    -0.61218693434));
#1638 = DIRECTION('',(0.,0.,1.));
#1639 = DIRECTION('',(-1.,0.,0.));
#1640 = ORIENTED_EDGE('',*,*,#1641,.T.);
#1641 = EDGE_CURVE('',#1633,#717,#1642,.T.);
#1642 = LINE('',#1643,#1644);
#1643 = CARTESIAN_POINT('',(-2.249999999999,-1.949999999999,-0.1));
#1644 = VECTOR('',#1645,1.);
#1645 = DIRECTION('',(0.,-0.121869343405,0.992546151641));
#1646 = ORIENTED_EDGE('',*,*,#1018,.F.);
#1647 = CONICAL_SURFACE('',#1648,0.2,0.122173047639);
#1648 = AXIS2_PLACEMENT_3D('',#1649,#1650,#1651);
#1649 = CARTESIAN_POINT('',(-2.249999999999,-1.749999999999,-0.1));
#1650 = DIRECTION('',(0.,0.,1.));
#1651 = DIRECTION('',(1.,0.,-0.));
#1652 = ADVANCED_FACE('',(#1653),#1671,.T.);
#1653 = FACE_BOUND('',#1654,.T.);
#1654 = EDGE_LOOP('',(#1655,#1663,#1669,#1670));
#1655 = ORIENTED_EDGE('',*,*,#1656,.F.);
#1656 = EDGE_CURVE('',#1657,#1220,#1659,.T.);
#1657 = VERTEX_POINT('',#1658);
#1658 = CARTESIAN_POINT('',(-2.387111352166,1.75,-0.61218693434));
#1659 = LINE('',#1660,#1661);
#1660 = CARTESIAN_POINT('',(-2.449999999999,1.75,-0.1));
#1661 = VECTOR('',#1662,1.);
#1662 = DIRECTION('',(-0.121869343405,0.,0.992546151641));
#1663 = ORIENTED_EDGE('',*,*,#1664,.T.);
#1664 = EDGE_CURVE('',#1657,#1625,#1665,.T.);
#1665 = LINE('',#1666,#1667);
#1666 = CARTESIAN_POINT('',(-2.387111352166,1.75,-0.61218693434));
#1667 = VECTOR('',#1668,1.);
#1668 = DIRECTION('',(0.,-1.,0.));
#1669 = ORIENTED_EDGE('',*,*,#1624,.T.);
#1670 = ORIENTED_EDGE('',*,*,#1252,.F.);
#1671 = PLANE('',#1672);
#1672 = AXIS2_PLACEMENT_3D('',#1673,#1674,#1675);
#1673 = CARTESIAN_POINT('',(-2.449999999999,1.75,-0.1));
#1674 = DIRECTION('',(-0.992546151641,0.,-0.121869343405));
#1675 = DIRECTION('',(-0.121869343405,0.,0.992546151641));
#1676 = ADVANCED_FACE('',(#1677),#1696,.T.);
#1677 = FACE_BOUND('',#1678,.T.);
#1678 = EDGE_LOOP('',(#1679,#1687,#1694,#1695));
#1679 = ORIENTED_EDGE('',*,*,#1680,.F.);
#1680 = EDGE_CURVE('',#1681,#869,#1683,.T.);
#1681 = VERTEX_POINT('',#1682);
#1682 = CARTESIAN_POINT('',(-2.25,1.887111352166,-0.61218693434));
#1683 = LINE('',#1684,#1685);
#1684 = CARTESIAN_POINT('',(-2.25,1.95,-0.1));
#1685 = VECTOR('',#1686,1.);
#1686 = DIRECTION('',(0.,0.121869343405,0.992546151641));
#1687 = ORIENTED_EDGE('',*,*,#1688,.T.);
#1688 = EDGE_CURVE('',#1681,#1657,#1689,.T.);
#1689 = CIRCLE('',#1690,0.137111352166);
#1690 = AXIS2_PLACEMENT_3D('',#1691,#1692,#1693);
#1691 = CARTESIAN_POINT('',(-2.249999999999,1.75,-0.61218693434));
#1692 = DIRECTION('',(0.,0.,1.));
#1693 = DIRECTION('',(-1.,1.581491474413E-15,0.));
#1694 = ORIENTED_EDGE('',*,*,#1656,.T.);
#1695 = ORIENTED_EDGE('',*,*,#1219,.F.);
#1696 = CONICAL_SURFACE('',#1697,0.2,0.122173047639);
#1697 = AXIS2_PLACEMENT_3D('',#1698,#1699,#1700);
#1698 = CARTESIAN_POINT('',(-2.249999999999,1.75,-0.1));
#1699 = DIRECTION('',(0.,0.,1.));
#1700 = DIRECTION('',(1.,0.,-0.));
#1701 = ADVANCED_FACE('',(#1702),#1748,.T.);
#1702 = FACE_BOUND('',#1703,.T.);
#1703 = EDGE_LOOP('',(#1704,#1712,#1718,#1719,#1720,#1726,#1727,#1733,
    #1734,#1740,#1741,#1747));
#1704 = ORIENTED_EDGE('',*,*,#1705,.F.);
#1705 = EDGE_CURVE('',#1706,#1156,#1708,.T.);
#1706 = VERTEX_POINT('',#1707);
#1707 = CARTESIAN_POINT('',(2.25,1.887111352166,-0.61218693434));
#1708 = LINE('',#1709,#1710);
#1709 = CARTESIAN_POINT('',(2.25,1.95,-0.1));
#1710 = VECTOR('',#1711,1.);
#1711 = DIRECTION('',(0.,0.121869343405,0.992546151641));
#1712 = ORIENTED_EDGE('',*,*,#1713,.T.);
#1713 = EDGE_CURVE('',#1706,#1681,#1714,.T.);
#1714 = LINE('',#1715,#1716);
#1715 = CARTESIAN_POINT('',(2.25,1.887111352166,-0.61218693434));
#1716 = VECTOR('',#1717,1.);
#1717 = DIRECTION('',(-1.,0.,0.));
#1718 = ORIENTED_EDGE('',*,*,#1680,.T.);
#1719 = ORIENTED_EDGE('',*,*,#868,.F.);
#1720 = ORIENTED_EDGE('',*,*,#1721,.F.);
#1721 = EDGE_CURVE('',#901,#859,#1722,.T.);
#1722 = LINE('',#1723,#1724);
#1723 = CARTESIAN_POINT('',(-1.69,1.95,-0.1));
#1724 = VECTOR('',#1725,1.);
#1725 = DIRECTION('',(-1.,0.,0.));
#1726 = ORIENTED_EDGE('',*,*,#898,.F.);
#1727 = ORIENTED_EDGE('',*,*,#1728,.F.);
#1728 = EDGE_CURVE('',#941,#899,#1729,.T.);
#1729 = LINE('',#1730,#1731);
#1730 = CARTESIAN_POINT('',(-0.42,1.95,-0.1));
#1731 = VECTOR('',#1732,1.);
#1732 = DIRECTION('',(-1.,0.,0.));
#1733 = ORIENTED_EDGE('',*,*,#938,.F.);
#1734 = ORIENTED_EDGE('',*,*,#1735,.F.);
#1735 = EDGE_CURVE('',#981,#939,#1736,.T.);
#1736 = LINE('',#1737,#1738);
#1737 = CARTESIAN_POINT('',(0.849999999999,1.95,-0.1));
#1738 = VECTOR('',#1739,1.);
#1739 = DIRECTION('',(-1.,0.,0.));
#1740 = ORIENTED_EDGE('',*,*,#978,.F.);
#1741 = ORIENTED_EDGE('',*,*,#1742,.F.);
#1742 = EDGE_CURVE('',#1189,#979,#1743,.T.);
#1743 = LINE('',#1744,#1745);
#1744 = CARTESIAN_POINT('',(2.12,1.95,-0.1));
#1745 = VECTOR('',#1746,1.);
#1746 = DIRECTION('',(-1.,0.,0.));
#1747 = ORIENTED_EDGE('',*,*,#1188,.F.);
#1748 = PLANE('',#1749);
#1749 = AXIS2_PLACEMENT_3D('',#1750,#1751,#1752);
#1750 = CARTESIAN_POINT('',(2.25,1.95,-0.1));
#1751 = DIRECTION('',(0.,0.992546151641,-0.121869343405));
#1752 = DIRECTION('',(0.,0.121869343405,0.992546151641));
#1753 = ADVANCED_FACE('',(#1754),#1773,.T.);
#1754 = FACE_BOUND('',#1755,.T.);
#1755 = EDGE_LOOP('',(#1756,#1764,#1771,#1772));
#1756 = ORIENTED_EDGE('',*,*,#1757,.F.);
#1757 = EDGE_CURVE('',#1758,#1125,#1760,.T.);
#1758 = VERTEX_POINT('',#1759);
#1759 = CARTESIAN_POINT('',(2.387111352166,1.75,-0.61218693434));
#1760 = LINE('',#1761,#1762);
#1761 = CARTESIAN_POINT('',(2.45,1.75,-0.1));
#1762 = VECTOR('',#1763,1.);
#1763 = DIRECTION('',(0.121869343405,0.,0.992546151641));
#1764 = ORIENTED_EDGE('',*,*,#1765,.T.);
#1765 = EDGE_CURVE('',#1758,#1706,#1766,.T.);
#1766 = CIRCLE('',#1767,0.137111352166);
#1767 = AXIS2_PLACEMENT_3D('',#1768,#1769,#1770);
#1768 = CARTESIAN_POINT('',(2.25,1.75,-0.61218693434));
#1769 = DIRECTION('',(0.,0.,1.));
#1770 = DIRECTION('',(-1.,0.,0.));
#1771 = ORIENTED_EDGE('',*,*,#1705,.T.);
#1772 = ORIENTED_EDGE('',*,*,#1155,.F.);
#1773 = CONICAL_SURFACE('',#1774,0.2,0.122173047639);
#1774 = AXIS2_PLACEMENT_3D('',#1775,#1776,#1777);
#1775 = CARTESIAN_POINT('',(2.25,1.75,-0.1));
#1776 = DIRECTION('',(0.,0.,1.));
#1777 = DIRECTION('',(1.,0.,-0.));
#1778 = ADVANCED_FACE('',(#1779),#1797,.T.);
#1779 = FACE_BOUND('',#1780,.T.);
#1780 = EDGE_LOOP('',(#1781,#1789,#1795,#1796));
#1781 = ORIENTED_EDGE('',*,*,#1782,.F.);
#1782 = EDGE_CURVE('',#1783,#1092,#1785,.T.);
#1783 = VERTEX_POINT('',#1784);
#1784 = CARTESIAN_POINT('',(2.387111352166,-1.749999999999,
    -0.61218693434));
#1785 = LINE('',#1786,#1787);
#1786 = CARTESIAN_POINT('',(2.45,-1.749999999999,-0.1));
#1787 = VECTOR('',#1788,1.);
#1788 = DIRECTION('',(0.121869343405,0.,0.992546151641));
#1789 = ORIENTED_EDGE('',*,*,#1790,.T.);
#1790 = EDGE_CURVE('',#1783,#1758,#1791,.T.);
#1791 = LINE('',#1792,#1793);
#1792 = CARTESIAN_POINT('',(2.387111352166,-1.749999999999,
    -0.61218693434));
#1793 = VECTOR('',#1794,1.);
#1794 = DIRECTION('',(0.,1.,0.));
#1795 = ORIENTED_EDGE('',*,*,#1757,.T.);
#1796 = ORIENTED_EDGE('',*,*,#1124,.F.);
#1797 = PLANE('',#1798);
#1798 = AXIS2_PLACEMENT_3D('',#1799,#1800,#1801);
#1799 = CARTESIAN_POINT('',(2.45,-1.749999999999,-0.1));
#1800 = DIRECTION('',(0.992546151641,0.,-0.121869343405));
#1801 = DIRECTION('',(-0.121869343405,0.,-0.992546151641));
#1802 = ADVANCED_FACE('',(#1803),#1822,.T.);
#1803 = FACE_BOUND('',#1804,.T.);
#1804 = EDGE_LOOP('',(#1805,#1813,#1820,#1821));
#1805 = ORIENTED_EDGE('',*,*,#1806,.F.);
#1806 = EDGE_CURVE('',#1807,#1070,#1809,.T.);
#1807 = VERTEX_POINT('',#1808);
#1808 = CARTESIAN_POINT('',(2.25,-1.887111352166,-0.61218693434));
#1809 = LINE('',#1810,#1811);
#1810 = CARTESIAN_POINT('',(2.25,-1.949999999999,-0.1));
#1811 = VECTOR('',#1812,1.);
#1812 = DIRECTION('',(0.,-0.121869343405,0.992546151641));
#1813 = ORIENTED_EDGE('',*,*,#1814,.T.);
#1814 = EDGE_CURVE('',#1807,#1783,#1815,.T.);
#1815 = CIRCLE('',#1816,0.137111352166);
#1816 = AXIS2_PLACEMENT_3D('',#1817,#1818,#1819);
#1817 = CARTESIAN_POINT('',(2.25,-1.749999999999,-0.61218693434));
#1818 = DIRECTION('',(0.,0.,1.));
#1819 = DIRECTION('',(-1.,0.,0.));
#1820 = ORIENTED_EDGE('',*,*,#1782,.T.);
#1821 = ORIENTED_EDGE('',*,*,#1091,.F.);
#1822 = CONICAL_SURFACE('',#1823,0.2,0.122173047639);
#1823 = AXIS2_PLACEMENT_3D('',#1824,#1825,#1826);
#1824 = CARTESIAN_POINT('',(2.25,-1.749999999999,-0.1));
#1825 = DIRECTION('',(0.,0.,1.));
#1826 = DIRECTION('',(1.,0.,-0.));
#1827 = ADVANCED_FACE('',(#1828),#1867,.T.);
#1828 = FACE_BOUND('',#1829,.T.);
#1829 = EDGE_LOOP('',(#1830,#1831,#1837,#1838,#1839,#1845,#1846,#1852,
    #1853,#1859,#1860,#1866));
#1830 = ORIENTED_EDGE('',*,*,#1641,.F.);
#1831 = ORIENTED_EDGE('',*,*,#1832,.T.);
#1832 = EDGE_CURVE('',#1633,#1807,#1833,.T.);
#1833 = LINE('',#1834,#1835);
#1834 = CARTESIAN_POINT('',(-2.249999999999,-1.887111352166,
    -0.61218693434));
#1835 = VECTOR('',#1836,1.);
#1836 = DIRECTION('',(1.,0.,0.));
#1837 = ORIENTED_EDGE('',*,*,#1806,.T.);
#1838 = ORIENTED_EDGE('',*,*,#1069,.F.);
#1839 = ORIENTED_EDGE('',*,*,#1840,.T.);
#1840 = EDGE_CURVE('',#1062,#837,#1841,.T.);
#1841 = LINE('',#1842,#1843);
#1842 = CARTESIAN_POINT('',(2.12,-1.95,-0.1));
#1843 = VECTOR('',#1844,1.);
#1844 = DIRECTION('',(-1.,0.,0.));
#1845 = ORIENTED_EDGE('',*,*,#836,.F.);
#1846 = ORIENTED_EDGE('',*,*,#1847,.T.);
#1847 = EDGE_CURVE('',#829,#797,#1848,.T.);
#1848 = LINE('',#1849,#1850);
#1849 = CARTESIAN_POINT('',(0.849999999999,-1.95,-0.1));
#1850 = VECTOR('',#1851,1.);
#1851 = DIRECTION('',(-1.,0.,0.));
#1852 = ORIENTED_EDGE('',*,*,#796,.F.);
#1853 = ORIENTED_EDGE('',*,*,#1854,.T.);
#1854 = EDGE_CURVE('',#789,#757,#1855,.T.);
#1855 = LINE('',#1856,#1857);
#1856 = CARTESIAN_POINT('',(-0.42,-1.95,-0.1));
#1857 = VECTOR('',#1858,1.);
#1858 = DIRECTION('',(-1.,0.,0.));
#1859 = ORIENTED_EDGE('',*,*,#756,.F.);
#1860 = ORIENTED_EDGE('',*,*,#1861,.T.);
#1861 = EDGE_CURVE('',#749,#699,#1862,.T.);
#1862 = LINE('',#1863,#1864);
#1863 = CARTESIAN_POINT('',(-1.69,-1.95,-0.1));
#1864 = VECTOR('',#1865,1.);
#1865 = DIRECTION('',(-1.,0.,0.));
#1866 = ORIENTED_EDGE('',*,*,#724,.F.);
#1867 = PLANE('',#1868);
#1868 = AXIS2_PLACEMENT_3D('',#1869,#1870,#1871);
#1869 = CARTESIAN_POINT('',(-2.249999999999,-1.949999999999,-0.1));
#1870 = DIRECTION('',(0.,-0.992546151641,-0.121869343405));
#1871 = DIRECTION('',(0.,0.121869343405,-0.992546151641));
#1872 = ADVANCED_FACE('',(#1873),#1925,.F.);
#1873 = FACE_BOUND('',#1874,.T.);
#1874 = EDGE_LOOP('',(#1875,#1885,#1893,#1902,#1910,#1919));
#1875 = ORIENTED_EDGE('',*,*,#1876,.T.);
#1876 = EDGE_CURVE('',#1877,#1879,#1881,.T.);
#1877 = VERTEX_POINT('',#1878);
#1878 = CARTESIAN_POINT('',(2.287856737002,-1.558903110275,0.67880107536
    ));
#1879 = VERTEX_POINT('',#1880);
#1880 = CARTESIAN_POINT('',(-2.287856737002,-1.558903110275,
    0.67880107536));
#1881 = LINE('',#1882,#1883);
#1882 = CARTESIAN_POINT('',(-2.249999999999,-1.558903110275,
    0.67880107536));
#1883 = VECTOR('',#1884,1.);
#1884 = DIRECTION('',(-1.,0.,0.));
#1885 = ORIENTED_EDGE('',*,*,#1886,.T.);
#1886 = EDGE_CURVE('',#1879,#1887,#1889,.T.);
#1887 = VERTEX_POINT('',#1888);
#1888 = CARTESIAN_POINT('',(-2.312094654815,-1.811566147532,
    0.481399076002));
#1889 = LINE('',#1890,#1891);
#1890 = CARTESIAN_POINT('',(-2.306706111127,-1.75539441591,
    0.525285242534));
#1891 = VECTOR('',#1892,1.);
#1892 = DIRECTION('',(-7.537865839703E-02,-0.785768848722,
    -0.613909907263));
#1893 = ORIENTED_EDGE('',*,*,#1894,.T.);
#1894 = EDGE_CURVE('',#1887,#1895,#1897,.T.);
#1895 = VERTEX_POINT('',#1896);
#1896 = CARTESIAN_POINT('',(-2.249999999999,-1.880249592335,
    0.427737687798));
#1897 = ( BOUNDED_CURVE() B_SPLINE_CURVE(3,(#1898,#1899,#1900,#1901),
.UNSPECIFIED.,.F.,.F.) B_SPLINE_CURVE_WITH_KNOTS((4,4),(4.616311422325,
6.283185307179),.PIECEWISE_BEZIER_KNOTS.) CURVE() 
GEOMETRIC_REPRESENTATION_ITEM() RATIONAL_B_SPLINE_CURVE((1.,
0.78155703428,0.78155703428,1.)) REPRESENTATION_ITEM('') );
#1898 = CARTESIAN_POINT('',(-2.312094654815,-1.811566147532,
    0.481399076002));
#1899 = CARTESIAN_POINT('',(-2.315873332126,-1.850956168315,
    0.450624218936));
#1900 = CARTESIAN_POINT('',(-2.289390020783,-1.880249592335,
    0.427737687798));
#1901 = CARTESIAN_POINT('',(-2.249999999999,-1.880249592335,
    0.427737687798));
#1902 = ORIENTED_EDGE('',*,*,#1903,.T.);
#1903 = EDGE_CURVE('',#1895,#1904,#1906,.T.);
#1904 = VERTEX_POINT('',#1905);
#1905 = CARTESIAN_POINT('',(2.25,-1.880249592335,0.427737687798));
#1906 = LINE('',#1907,#1908);
#1907 = CARTESIAN_POINT('',(2.25,-1.880249592335,0.427737687798));
#1908 = VECTOR('',#1909,1.);
#1909 = DIRECTION('',(1.,0.,0.));
#1910 = ORIENTED_EDGE('',*,*,#1911,.T.);
#1911 = EDGE_CURVE('',#1904,#1912,#1914,.T.);
#1912 = VERTEX_POINT('',#1913);
#1913 = CARTESIAN_POINT('',(2.312094654815,-1.811566147532,
    0.481399076002));
#1914 = ( BOUNDED_CURVE() B_SPLINE_CURVE(3,(#1915,#1916,#1917,#1918),
.UNSPECIFIED.,.F.,.F.) B_SPLINE_CURVE_WITH_KNOTS((4,4),(0.,
1.666873884853),.PIECEWISE_BEZIER_KNOTS.) CURVE() 
GEOMETRIC_REPRESENTATION_ITEM() RATIONAL_B_SPLINE_CURVE((1.,
0.78155703428,0.78155703428,1.)) REPRESENTATION_ITEM('') );
#1915 = CARTESIAN_POINT('',(2.25,-1.880249592335,0.427737687798));
#1916 = CARTESIAN_POINT('',(2.289390020783,-1.880249592335,
    0.427737687798));
#1917 = CARTESIAN_POINT('',(2.315873332126,-1.850956168315,
    0.450624218936));
#1918 = CARTESIAN_POINT('',(2.312094654815,-1.811566147532,
    0.481399076002));
#1919 = ORIENTED_EDGE('',*,*,#1920,.T.);
#1920 = EDGE_CURVE('',#1912,#1877,#1921,.T.);
#1921 = LINE('',#1922,#1923);
#1922 = CARTESIAN_POINT('',(2.285771321656,-1.537164139983,
    0.695785420385));
#1923 = VECTOR('',#1924,1.);
#1924 = DIRECTION('',(-7.537865839703E-02,0.785768848722,0.613909907263)
  );
#1925 = PLANE('',#1926);
#1926 = AXIS2_PLACEMENT_3D('',#1927,#1928,#1929);
#1927 = CARTESIAN_POINT('',(-2.249999999999,-1.531769724072,
    0.699999999999));
#1928 = DIRECTION('',(0.,0.615661475326,-0.788010753607));
#1929 = DIRECTION('',(1.,0.,0.));
#1930 = ADVANCED_FACE('',(#1931),#1949,.T.);
#1931 = FACE_BOUND('',#1932,.T.);
#1932 = EDGE_LOOP('',(#1933,#1940,#1941,#1948));
#1933 = ORIENTED_EDGE('',*,*,#1934,.F.);
#1934 = EDGE_CURVE('',#267,#1758,#1935,.T.);
#1935 = CIRCLE('',#1936,0.1);
#1936 = AXIS2_PLACEMENT_3D('',#1937,#1938,#1939);
#1937 = CARTESIAN_POINT('',(2.287856737002,1.75,-0.599999999999));
#1938 = DIRECTION('',(0.,-1.,0.));
#1939 = DIRECTION('',(0.,0.,-1.));
#1940 = ORIENTED_EDGE('',*,*,#266,.F.);
#1941 = ORIENTED_EDGE('',*,*,#1942,.F.);
#1942 = EDGE_CURVE('',#1706,#259,#1943,.T.);
#1943 = CIRCLE('',#1944,0.1);
#1944 = AXIS2_PLACEMENT_3D('',#1945,#1946,#1947);
#1945 = CARTESIAN_POINT('',(2.25,1.787856737002,-0.599999999999));
#1946 = DIRECTION('',(-1.,0.,0.));
#1947 = DIRECTION('',(0.,0.,1.));
#1948 = ORIENTED_EDGE('',*,*,#1765,.F.);
#1949 = SURFACE_OF_REVOLUTION('',#1950,#1958);
#1950 = B_SPLINE_CURVE_WITH_KNOTS('',6,(#1951,#1952,#1953,#1954,#1955,
    #1956,#1957),.UNSPECIFIED.,.F.,.F.,(7,7),(0.122173047645,
    1.570796326795),.PIECEWISE_BEZIER_KNOTS.);
#1951 = CARTESIAN_POINT('',(2.112888647834,1.75,-0.61218693434));
#1952 = CARTESIAN_POINT('',(2.115831027299,1.75,-0.636150692022));
#1953 = CARTESIAN_POINT('',(2.125715132554,1.75,-0.659260777066));
#1954 = CARTESIAN_POINT('',(2.142240056837,1.75,-0.679011201512));
#1955 = CARTESIAN_POINT('',(2.163857146286,1.75,-0.693005980256));
#1956 = CARTESIAN_POINT('',(2.187999541679,1.75,-0.699999999999));
#1957 = CARTESIAN_POINT('',(2.212143262998,1.75,-0.699999999999));
#1958 = AXIS1_PLACEMENT('',#1959,#1960);
#1959 = CARTESIAN_POINT('',(2.25,1.75,-0.599999999999));
#1960 = DIRECTION('',(0.,0.,-1.));
#1961 = ADVANCED_FACE('',(#1962),#1974,.T.);
#1962 = FACE_BOUND('',#1963,.T.);
#1963 = EDGE_LOOP('',(#1964,#1965,#1966,#1973));
#1964 = ORIENTED_EDGE('',*,*,#1942,.T.);
#1965 = ORIENTED_EDGE('',*,*,#258,.F.);
#1966 = ORIENTED_EDGE('',*,*,#1967,.F.);
#1967 = EDGE_CURVE('',#1681,#250,#1968,.T.);
#1968 = CIRCLE('',#1969,0.1);
#1969 = AXIS2_PLACEMENT_3D('',#1970,#1971,#1972);
#1970 = CARTESIAN_POINT('',(-2.25,1.787856737002,-0.599999999999));
#1971 = DIRECTION('',(-1.,-5.324931507144E-16,-4.336808689942E-15));
#1972 = DIRECTION('',(-4.336808689942E-15,0.,1.));
#1973 = ORIENTED_EDGE('',*,*,#1713,.F.);
#1974 = CYLINDRICAL_SURFACE('',#1975,0.1);
#1975 = AXIS2_PLACEMENT_3D('',#1976,#1977,#1978);
#1976 = CARTESIAN_POINT('',(2.25,1.787856737002,-0.599999999999));
#1977 = DIRECTION('',(-1.,0.,0.));
#1978 = DIRECTION('',(0.,0.,1.));
#1979 = ADVANCED_FACE('',(#1980),#1992,.T.);
#1980 = FACE_BOUND('',#1981,.T.);
#1981 = EDGE_LOOP('',(#1982,#1983,#1984,#1991));
#1982 = ORIENTED_EDGE('',*,*,#1934,.T.);
#1983 = ORIENTED_EDGE('',*,*,#1790,.F.);
#1984 = ORIENTED_EDGE('',*,*,#1985,.F.);
#1985 = EDGE_CURVE('',#276,#1783,#1986,.T.);
#1986 = CIRCLE('',#1987,0.1);
#1987 = AXIS2_PLACEMENT_3D('',#1988,#1989,#1990);
#1988 = CARTESIAN_POINT('',(2.287856737002,-1.749999999999,
    -0.599999999999));
#1989 = DIRECTION('',(0.,-1.,0.));
#1990 = DIRECTION('',(0.,0.,-1.));
#1991 = ORIENTED_EDGE('',*,*,#275,.F.);
#1992 = CYLINDRICAL_SURFACE('',#1993,0.1);
#1993 = AXIS2_PLACEMENT_3D('',#1994,#1995,#1996);
#1994 = CARTESIAN_POINT('',(2.287856737002,-1.749999999999,
    -0.599999999999));
#1995 = DIRECTION('',(0.,1.,0.));
#1996 = DIRECTION('',(0.,-0.,1.));
#1997 = ADVANCED_FACE('',(#1998),#2010,.T.);
#1998 = FACE_BOUND('',#1999,.T.);
#1999 = EDGE_LOOP('',(#2000,#2001,#2002,#2009));
#2000 = ORIENTED_EDGE('',*,*,#1967,.T.);
#2001 = ORIENTED_EDGE('',*,*,#249,.F.);
#2002 = ORIENTED_EDGE('',*,*,#2003,.F.);
#2003 = EDGE_CURVE('',#1657,#242,#2004,.T.);
#2004 = CIRCLE('',#2005,0.1);
#2005 = AXIS2_PLACEMENT_3D('',#2006,#2007,#2008);
#2006 = CARTESIAN_POINT('',(-2.287856737002,1.75,-0.599999999999));
#2007 = DIRECTION('',(0.,-1.,0.));
#2008 = DIRECTION('',(0.,0.,-1.));
#2009 = ORIENTED_EDGE('',*,*,#1688,.F.);
#2010 = SURFACE_OF_REVOLUTION('',#2011,#2019);
#2011 = B_SPLINE_CURVE_WITH_KNOTS('',6,(#2012,#2013,#2014,#2015,#2016,
    #2017,#2018),.UNSPECIFIED.,.F.,.F.,(7,7),(0.122173047643,
    1.570796326795),.PIECEWISE_BEZIER_KNOTS.);
#2012 = CARTESIAN_POINT('',(-2.387111352165,1.75,-0.61218693434));
#2013 = CARTESIAN_POINT('',(-2.3841689727,1.75,-0.636150692022));
#2014 = CARTESIAN_POINT('',(-2.374284867445,1.75,-0.659260777066));
#2015 = CARTESIAN_POINT('',(-2.357759943162,1.75,-0.679011201512));
#2016 = CARTESIAN_POINT('',(-2.336142853713,1.75,-0.693005980256));
#2017 = CARTESIAN_POINT('',(-2.31200045832,1.75,-0.699999999999));
#2018 = CARTESIAN_POINT('',(-2.287856737001,1.75,-0.699999999999));
#2019 = AXIS1_PLACEMENT('',#2020,#2021);
#2020 = CARTESIAN_POINT('',(-2.249999999999,1.75,-0.599999999999));
#2021 = DIRECTION('',(0.,0.,-1.));
#2022 = ADVANCED_FACE('',(#2023),#2035,.T.);
#2023 = FACE_BOUND('',#2024,.T.);
#2024 = EDGE_LOOP('',(#2025,#2026,#2027,#2034));
#2025 = ORIENTED_EDGE('',*,*,#1985,.T.);
#2026 = ORIENTED_EDGE('',*,*,#1814,.F.);
#2027 = ORIENTED_EDGE('',*,*,#2028,.F.);
#2028 = EDGE_CURVE('',#223,#1807,#2029,.T.);
#2029 = CIRCLE('',#2030,0.1);
#2030 = AXIS2_PLACEMENT_3D('',#2031,#2032,#2033);
#2031 = CARTESIAN_POINT('',(2.25,-1.787856737002,-0.599999999999));
#2032 = DIRECTION('',(-1.,-4.369377366251E-15,0.));
#2033 = DIRECTION('',(4.369377366251E-15,-1.,0.));
#2034 = ORIENTED_EDGE('',*,*,#283,.F.);
#2035 = SURFACE_OF_REVOLUTION('',#2036,#2044);
#2036 = B_SPLINE_CURVE_WITH_KNOTS('',6,(#2037,#2038,#2039,#2040,#2041,
    #2042,#2043),.UNSPECIFIED.,.F.,.F.,(7,7),(0.122173047635,
    1.570796326795),.PIECEWISE_BEZIER_KNOTS.);
#2037 = CARTESIAN_POINT('',(2.112888647834,-1.749999999999,
    -0.612186934339));
#2038 = CARTESIAN_POINT('',(2.115831027298,-1.749999999999,
    -0.636150692021));
#2039 = CARTESIAN_POINT('',(2.125715132554,-1.749999999999,
    -0.659260777066));
#2040 = CARTESIAN_POINT('',(2.142240056837,-1.749999999999,
    -0.679011201511));
#2041 = CARTESIAN_POINT('',(2.163857146286,-1.749999999999,
    -0.693005980256));
#2042 = CARTESIAN_POINT('',(2.187999541679,-1.749999999999,
    -0.699999999999));
#2043 = CARTESIAN_POINT('',(2.212143262998,-1.749999999999,
    -0.699999999999));
#2044 = AXIS1_PLACEMENT('',#2045,#2046);
#2045 = CARTESIAN_POINT('',(2.25,-1.749999999999,-0.599999999999));
#2046 = DIRECTION('',(0.,0.,-1.));
#2047 = ADVANCED_FACE('',(#2048),#2060,.T.);
#2048 = FACE_BOUND('',#2049,.T.);
#2049 = EDGE_LOOP('',(#2050,#2051,#2052,#2059));
#2050 = ORIENTED_EDGE('',*,*,#2003,.T.);
#2051 = ORIENTED_EDGE('',*,*,#241,.F.);
#2052 = ORIENTED_EDGE('',*,*,#2053,.F.);
#2053 = EDGE_CURVE('',#1625,#233,#2054,.T.);
#2054 = CIRCLE('',#2055,0.1);
#2055 = AXIS2_PLACEMENT_3D('',#2056,#2057,#2058);
#2056 = CARTESIAN_POINT('',(-2.287856737002,-1.749999999999,
    -0.599999999999));
#2057 = DIRECTION('',(0.,-1.,0.));
#2058 = DIRECTION('',(0.,0.,-1.));
#2059 = ORIENTED_EDGE('',*,*,#1664,.F.);
#2060 = CYLINDRICAL_SURFACE('',#2061,0.1);
#2061 = AXIS2_PLACEMENT_3D('',#2062,#2063,#2064);
#2062 = CARTESIAN_POINT('',(-2.287856737002,1.75,-0.599999999999));
#2063 = DIRECTION('',(0.,-1.,0.));
#2064 = DIRECTION('',(0.,0.,-1.));
#2065 = ADVANCED_FACE('',(#2066),#2078,.T.);
#2066 = FACE_BOUND('',#2067,.T.);
#2067 = EDGE_LOOP('',(#2068,#2069,#2070,#2077));
#2068 = ORIENTED_EDGE('',*,*,#2028,.T.);
#2069 = ORIENTED_EDGE('',*,*,#1832,.F.);
#2070 = ORIENTED_EDGE('',*,*,#2071,.F.);
#2071 = EDGE_CURVE('',#225,#1633,#2072,.T.);
#2072 = CIRCLE('',#2073,0.1);
#2073 = AXIS2_PLACEMENT_3D('',#2074,#2075,#2076);
#2074 = CARTESIAN_POINT('',(-2.249999999999,-1.787856737002,
    -0.599999999999));
#2075 = DIRECTION('',(-1.,0.,0.));
#2076 = DIRECTION('',(0.,0.,1.));
#2077 = ORIENTED_EDGE('',*,*,#222,.F.);
#2078 = CYLINDRICAL_SURFACE('',#2079,0.1);
#2079 = AXIS2_PLACEMENT_3D('',#2080,#2081,#2082);
#2080 = CARTESIAN_POINT('',(-2.249999999999,-1.787856737002,
    -0.599999999999));
#2081 = DIRECTION('',(1.,0.,0.));
#2082 = DIRECTION('',(0.,0.,-1.));
#2083 = ADVANCED_FACE('',(#2084),#2090,.T.);
#2084 = FACE_BOUND('',#2085,.T.);
#2085 = EDGE_LOOP('',(#2086,#2087,#2088,#2089));
#2086 = ORIENTED_EDGE('',*,*,#2053,.T.);
#2087 = ORIENTED_EDGE('',*,*,#232,.F.);
#2088 = ORIENTED_EDGE('',*,*,#2071,.T.);
#2089 = ORIENTED_EDGE('',*,*,#1632,.F.);
#2090 = SURFACE_OF_REVOLUTION('',#2091,#2099);
#2091 = B_SPLINE_CURVE_WITH_KNOTS('',6,(#2092,#2093,#2094,#2095,#2096,
    #2097,#2098),.UNSPECIFIED.,.F.,.F.,(7,7),(0.122173047635,
    1.570796326795),.PIECEWISE_BEZIER_KNOTS.);
#2092 = CARTESIAN_POINT('',(-2.387111352165,-1.749999999999,
    -0.612186934339));
#2093 = CARTESIAN_POINT('',(-2.384168972701,-1.749999999999,
    -0.636150692021));
#2094 = CARTESIAN_POINT('',(-2.374284867445,-1.749999999999,
    -0.659260777066));
#2095 = CARTESIAN_POINT('',(-2.357759943162,-1.749999999999,
    -0.679011201511));
#2096 = CARTESIAN_POINT('',(-2.336142853713,-1.749999999999,
    -0.693005980256));
#2097 = CARTESIAN_POINT('',(-2.31200045832,-1.749999999999,
    -0.699999999999));
#2098 = CARTESIAN_POINT('',(-2.287856737001,-1.749999999999,
    -0.699999999999));
#2099 = AXIS1_PLACEMENT('',#2100,#2101);
#2100 = CARTESIAN_POINT('',(-2.249999999999,-1.749999999999,
    -0.599999999999));
#2101 = DIRECTION('',(0.,0.,-1.));
#2102 = ADVANCED_FACE('',(#2103),#2121,.T.);
#2103 = FACE_BOUND('',#2104,.T.);
#2104 = EDGE_LOOP('',(#2105,#2112,#2113,#2120));
#2105 = ORIENTED_EDGE('',*,*,#2106,.F.);
#2106 = EDGE_CURVE('',#1283,#1887,#2107,.T.);
#2107 = CIRCLE('',#2108,0.1);
#2108 = AXIS2_PLACEMENT_3D('',#2109,#2110,#2111);
#2109 = CARTESIAN_POINT('',(-2.312094654815,-1.749999999999,
    0.402598000641));
#2110 = DIRECTION('',(7.537865839703E-02,0.785768848722,0.613909907263)
  );
#2111 = DIRECTION('',(8.069933610244E-15,-0.615661475326,0.788010753607)
  );
#2112 = ORIENTED_EDGE('',*,*,#1282,.F.);
#2113 = ORIENTED_EDGE('',*,*,#2114,.F.);
#2114 = EDGE_CURVE('',#1895,#1275,#2115,.T.);
#2115 = CIRCLE('',#2116,9.9999999999E-02);
#2116 = AXIS2_PLACEMENT_3D('',#2117,#2118,#2119);
#2117 = CARTESIAN_POINT('',(-2.249999999999,-1.818683444803,
    0.348936612437));
#2118 = DIRECTION('',(1.,0.,0.));
#2119 = DIRECTION('',(0.,0.,-1.));
#2120 = ORIENTED_EDGE('',*,*,#1894,.F.);
#2121 = ( BOUNDED_SURFACE() B_SPLINE_SURFACE(3,2,(
    (#2122,#2123,#2124)
    ,(#2125,#2126,#2127)
    ,(#2128,#2129,#2130)
    ,(#2131,#2132,#2133
)),.UNSPECIFIED.,.F.,.F.,.F.) B_SPLINE_SURFACE_WITH_KNOTS((4,4),(3,3),(
    0.,1.666873884853),(0.,1.),.PIECEWISE_BEZIER_KNOTS.) 
GEOMETRIC_REPRESENTATION_ITEM() RATIONAL_B_SPLINE_SURFACE((
    (1.,0.923879532511,1.)
    ,(1.,0.925022726434,1.)
    ,(1.,0.857514384605,1.)
,(1.,0.740281822395,1.))) REPRESENTATION_ITEM('') SURFACE() );
#2122 = CARTESIAN_POINT('',(-2.249999999999,-1.880249592335,
    0.427737687798));
#2123 = CARTESIAN_POINT('',(-2.249999999999,-1.912890066479,
    0.402236154507));
#2124 = CARTESIAN_POINT('',(-2.249999999999,-1.917938059967,
    0.361123546778));
#2125 = CARTESIAN_POINT('',(-2.286285304021,-1.8802495548,0.427737717124
    ));
#2126 = CARTESIAN_POINT('',(-2.313628328584,-1.912890045695,
    0.402236170746));
#2127 = CARTESIAN_POINT('',(-2.336936252133,-1.917938055606,
    0.361123582296));
#2128 = CARTESIAN_POINT('',(-2.315573853705,-1.847834508739,
    0.453063126694));
#2129 = CARTESIAN_POINT('',(-2.381270529934,-1.864422954416,
    0.440102812521));
#2130 = CARTESIAN_POINT('',(-2.414825493761,-1.84416045529,
    0.386473364239));
#2131 = CARTESIAN_POINT('',(-2.312094654815,-1.811566147532,
    0.481399076002));
#2132 = CARTESIAN_POINT('',(-2.402652596616,-1.806171731621,
    0.485613655617));
#2133 = CARTESIAN_POINT('',(-2.411349269979,-1.749999999999,
    0.414784934982));
#2134 = ADVANCED_FACE('',(#2135),#2147,.T.);
#2135 = FACE_BOUND('',#2136,.T.);
#2136 = EDGE_LOOP('',(#2137,#2138,#2139,#2146));
#2137 = ORIENTED_EDGE('',*,*,#2114,.T.);
#2138 = ORIENTED_EDGE('',*,*,#1326,.F.);
#2139 = ORIENTED_EDGE('',*,*,#2140,.F.);
#2140 = EDGE_CURVE('',#1904,#1319,#2141,.T.);
#2141 = CIRCLE('',#2142,9.9999999999E-02);
#2142 = AXIS2_PLACEMENT_3D('',#2143,#2144,#2145);
#2143 = CARTESIAN_POINT('',(2.25,-1.818683444803,0.348936612437));
#2144 = DIRECTION('',(1.,0.,0.));
#2145 = DIRECTION('',(0.,0.,-1.));
#2146 = ORIENTED_EDGE('',*,*,#1903,.F.);
#2147 = CYLINDRICAL_SURFACE('',#2148,9.9999999999E-02);
#2148 = AXIS2_PLACEMENT_3D('',#2149,#2150,#2151);
#2149 = CARTESIAN_POINT('',(-2.249999999999,-1.818683444803,
    0.348936612437));
#2150 = DIRECTION('',(1.,0.,0.));
#2151 = DIRECTION('',(0.,0.,-1.));
#2152 = ADVANCED_FACE('',(#2153),#2165,.T.);
#2153 = FACE_BOUND('',#2154,.T.);
#2154 = EDGE_LOOP('',(#2155,#2156,#2157,#2164));
#2155 = ORIENTED_EDGE('',*,*,#2106,.T.);
#2156 = ORIENTED_EDGE('',*,*,#1886,.F.);
#2157 = ORIENTED_EDGE('',*,*,#2158,.F.);
#2158 = EDGE_CURVE('',#1532,#1879,#2159,.T.);
#2159 = CIRCLE('',#2160,0.1);
#2160 = AXIS2_PLACEMENT_3D('',#2161,#2162,#2163);
#2161 = CARTESIAN_POINT('',(-2.287856737002,-1.497336962743,
    0.599999999999));
#2162 = DIRECTION('',(7.537865839703E-02,0.785768848722,0.613909907263)
  );
#2163 = DIRECTION('',(8.069933610244E-15,-0.615661475326,0.788010753607)
  );
#2164 = ORIENTED_EDGE('',*,*,#1531,.F.);
#2165 = CYLINDRICAL_SURFACE('',#2166,0.1);
#2166 = AXIS2_PLACEMENT_3D('',#2167,#2168,#2169);
#2167 = CARTESIAN_POINT('',(-2.11957545518,0.256875594104,1.970541056502
    ));
#2168 = DIRECTION('',(-7.537865839703E-02,-0.785768848722,
    -0.613909907263));
#2169 = DIRECTION('',(-8.069933610244E-15,0.615661475326,-0.788010753607
    ));
#2170 = ADVANCED_FACE('',(#2171),#2189,.T.);
#2171 = FACE_BOUND('',#2172,.T.);
#2172 = EDGE_LOOP('',(#2173,#2180,#2181,#2188));
#2173 = ORIENTED_EDGE('',*,*,#2174,.F.);
#2174 = EDGE_CURVE('',#1507,#1567,#2175,.T.);
#2175 = CIRCLE('',#2176,0.1);
#2176 = AXIS2_PLACEMENT_3D('',#2177,#2178,#2179);
#2177 = CARTESIAN_POINT('',(-2.287856737002,1.75,0.599999999999));
#2178 = DIRECTION('',(0.,1.,0.));
#2179 = DIRECTION('',(0.,-0.,1.));
#2180 = ORIENTED_EDGE('',*,*,#1539,.F.);
#2181 = ORIENTED_EDGE('',*,*,#2182,.F.);
#2182 = EDGE_CURVE('',#1569,#1532,#2183,.T.);
#2183 = CIRCLE('',#2184,9.9999999999E-02);
#2184 = AXIS2_PLACEMENT_3D('',#2185,#2186,#2187);
#2185 = CARTESIAN_POINT('',(-2.287856737002,-1.497336962743,
    0.599999999999));
#2186 = DIRECTION('',(4.369377366251E-15,-1.,0.));
#2187 = DIRECTION('',(1.,4.369377366251E-15,0.));
#2188 = ORIENTED_EDGE('',*,*,#1566,.F.);
#2189 = CYLINDRICAL_SURFACE('',#2190,0.1);
#2190 = AXIS2_PLACEMENT_3D('',#2191,#2192,#2193);
#2191 = CARTESIAN_POINT('',(-2.287856737002,-1.749999999999,
    0.599999999999));
#2192 = DIRECTION('',(0.,-1.,0.));
#2193 = DIRECTION('',(0.,0.,-1.));
#2194 = ADVANCED_FACE('',(#2195),#2207,.T.);
#2195 = FACE_BOUND('',#2196,.T.);
#2196 = EDGE_LOOP('',(#2197,#2198,#2199,#2206));
#2197 = ORIENTED_EDGE('',*,*,#2140,.T.);
#2198 = ORIENTED_EDGE('',*,*,#1378,.F.);
#2199 = ORIENTED_EDGE('',*,*,#2200,.F.);
#2200 = EDGE_CURVE('',#1912,#1371,#2201,.T.);
#2201 = CIRCLE('',#2202,9.9999999999E-02);
#2202 = AXIS2_PLACEMENT_3D('',#2203,#2204,#2205);
#2203 = CARTESIAN_POINT('',(2.312094654815,-1.749999999999,
    0.402598000641));
#2204 = DIRECTION('',(-7.537865839703E-02,0.785768848722,0.613909907263)
  );
#2205 = DIRECTION('',(-8.069933610244E-15,-0.615661475326,0.788010753607
    ));
#2206 = ORIENTED_EDGE('',*,*,#1911,.F.);
#2207 = ( BOUNDED_SURFACE() B_SPLINE_SURFACE(3,2,(
    (#2208,#2209,#2210)
    ,(#2211,#2212,#2213)
    ,(#2214,#2215,#2216)
    ,(#2217,#2218,#2219
)),.UNSPECIFIED.,.F.,.F.,.F.) B_SPLINE_SURFACE_WITH_KNOTS((4,4),(3,3),(
    4.616311422325,6.283185307179),(0.,1.),.PIECEWISE_BEZIER_KNOTS.) 
GEOMETRIC_REPRESENTATION_ITEM() RATIONAL_B_SPLINE_SURFACE((
    (1.,0.740281822395,1.)
    ,(1.,0.857514384605,1.)
    ,(1.,0.925022726434,1.)
,(1.,0.923879532511,1.))) REPRESENTATION_ITEM('') SURFACE() );
#2208 = CARTESIAN_POINT('',(2.312094654815,-1.811566147532,
    0.481399076002));
#2209 = CARTESIAN_POINT('',(2.402652596616,-1.806171731621,
    0.485613655617));
#2210 = CARTESIAN_POINT('',(2.411349269979,-1.749999999999,
    0.414784934982));
#2211 = CARTESIAN_POINT('',(2.315573853705,-1.847834508739,
    0.453063126694));
#2212 = CARTESIAN_POINT('',(2.381270529934,-1.864422954416,
    0.440102812521));
#2213 = CARTESIAN_POINT('',(2.414825493761,-1.84416045529,0.386473364239
    ));
#2214 = CARTESIAN_POINT('',(2.286285304021,-1.8802495548,0.427737717124)
  );
#2215 = CARTESIAN_POINT('',(2.313628328584,-1.912890045695,
    0.402236170746));
#2216 = CARTESIAN_POINT('',(2.336936252133,-1.917938055606,
    0.361123582296));
#2217 = CARTESIAN_POINT('',(2.25,-1.880249592335,0.427737687798));
#2218 = CARTESIAN_POINT('',(2.25,-1.912890066479,0.402236154507));
#2219 = CARTESIAN_POINT('',(2.25,-1.917938059967,0.361123546778));
#2220 = ADVANCED_FACE('',(#2221),#2232,.T.);
#2221 = FACE_BOUND('',#2222,.T.);
#2222 = EDGE_LOOP('',(#2223,#2224,#2225));
#2223 = ORIENTED_EDGE('',*,*,#2182,.T.);
#2224 = ORIENTED_EDGE('',*,*,#2158,.T.);
#2225 = ORIENTED_EDGE('',*,*,#2226,.F.);
#2226 = EDGE_CURVE('',#1569,#1879,#2227,.T.);
#2227 = CIRCLE('',#2228,0.1);
#2228 = AXIS2_PLACEMENT_3D('',#2229,#2230,#2231);
#2229 = CARTESIAN_POINT('',(-2.287856737002,-1.497336962743,
    0.599999999999));
#2230 = DIRECTION('',(1.,5.550861993113E-15,4.336808689942E-15));
#2231 = DIRECTION('',(5.550861993113E-15,-1.,-2.168404344971E-15));
#2232 = SPHERICAL_SURFACE('',#2233,0.1);
#2233 = AXIS2_PLACEMENT_3D('',#2234,#2235,#2236);
#2234 = CARTESIAN_POINT('',(-2.287856737002,-1.497336962743,
    0.599999999999));
#2235 = DIRECTION('',(0.,1.,0.));
#2236 = DIRECTION('',(1.,0.,0.));
#2237 = ADVANCED_FACE('',(#2238),#2250,.T.);
#2238 = FACE_BOUND('',#2239,.T.);
#2239 = EDGE_LOOP('',(#2240,#2241,#2242,#2249));
#2240 = ORIENTED_EDGE('',*,*,#2174,.T.);
#2241 = ORIENTED_EDGE('',*,*,#1609,.F.);
#2242 = ORIENTED_EDGE('',*,*,#2243,.F.);
#2243 = EDGE_CURVE('',#1455,#1602,#2244,.T.);
#2244 = CIRCLE('',#2245,0.1);
#2245 = AXIS2_PLACEMENT_3D('',#2246,#2247,#2248);
#2246 = CARTESIAN_POINT('',(-2.249999999999,1.787856737002,
    0.599999999999));
#2247 = DIRECTION('',(1.,0.,0.));
#2248 = DIRECTION('',(0.,0.,-1.));
#2249 = ORIENTED_EDGE('',*,*,#1514,.F.);
#2250 = SURFACE_OF_REVOLUTION('',#2251,#2259);
#2251 = B_SPLINE_CURVE_WITH_KNOTS('',6,(#2252,#2253,#2254,#2255,#2256,
    #2257,#2258),.UNSPECIFIED.,.F.,.F.,(7,7),(0.122173047643,
    1.570796326795),.PIECEWISE_BEZIER_KNOTS.);
#2252 = CARTESIAN_POINT('',(-2.112888647833,1.75,0.61218693434));
#2253 = CARTESIAN_POINT('',(-2.115831027298,1.75,0.636150692022));
#2254 = CARTESIAN_POINT('',(-2.125715132553,1.75,0.659260777066));
#2255 = CARTESIAN_POINT('',(-2.142240056836,1.75,0.679011201512));
#2256 = CARTESIAN_POINT('',(-2.163857146285,1.75,0.693005980256));
#2257 = CARTESIAN_POINT('',(-2.187999541678,1.75,0.699999999999));
#2258 = CARTESIAN_POINT('',(-2.212143262997,1.75,0.699999999999));
#2259 = AXIS1_PLACEMENT('',#2260,#2261);
#2260 = CARTESIAN_POINT('',(-2.249999999999,1.75,0.599999999999));
#2261 = DIRECTION('',(0.,0.,1.));
#2262 = ADVANCED_FACE('',(#2263),#2275,.T.);
#2263 = FACE_BOUND('',#2264,.T.);
#2264 = EDGE_LOOP('',(#2265,#2266,#2267,#2274));
#2265 = ORIENTED_EDGE('',*,*,#2200,.T.);
#2266 = ORIENTED_EDGE('',*,*,#1413,.F.);
#2267 = ORIENTED_EDGE('',*,*,#2268,.F.);
#2268 = EDGE_CURVE('',#1877,#1406,#2269,.T.);
#2269 = CIRCLE('',#2270,9.9999999999E-02);
#2270 = AXIS2_PLACEMENT_3D('',#2271,#2272,#2273);
#2271 = CARTESIAN_POINT('',(2.287856737002,-1.497336962743,
    0.599999999999));
#2272 = DIRECTION('',(-7.537865839703E-02,0.785768848722,0.613909907263)
  );
#2273 = DIRECTION('',(-8.069933610244E-15,-0.615661475326,0.788010753607
    ));
#2274 = ORIENTED_EDGE('',*,*,#1920,.F.);
#2275 = CYLINDRICAL_SURFACE('',#2276,0.1);
#2276 = AXIS2_PLACEMENT_3D('',#2277,#2278,#2279);
#2277 = CARTESIAN_POINT('',(2.326881160875,-1.904138798573,
    0.282171572829));
#2278 = DIRECTION('',(-7.537865839703E-02,0.785768848722,0.613909907263)
  );
#2279 = DIRECTION('',(-8.069933610244E-15,-0.615661475326,0.788010753607
    ));
#2280 = ADVANCED_FACE('',(#2281),#2293,.T.);
#2281 = FACE_BOUND('',#2282,.T.);
#2282 = EDGE_LOOP('',(#2283,#2284,#2285,#2292));
#2283 = ORIENTED_EDGE('',*,*,#2226,.T.);
#2284 = ORIENTED_EDGE('',*,*,#1876,.F.);
#2285 = ORIENTED_EDGE('',*,*,#2286,.F.);
#2286 = EDGE_CURVE('',#1577,#1877,#2287,.T.);
#2287 = CIRCLE('',#2288,0.1);
#2288 = AXIS2_PLACEMENT_3D('',#2289,#2290,#2291);
#2289 = CARTESIAN_POINT('',(2.287856737002,-1.497336962743,
    0.599999999999));
#2290 = DIRECTION('',(1.,0.,0.));
#2291 = DIRECTION('',(0.,0.,-1.));
#2292 = ORIENTED_EDGE('',*,*,#1576,.F.);
#2293 = CYLINDRICAL_SURFACE('',#2294,0.1);
#2294 = AXIS2_PLACEMENT_3D('',#2295,#2296,#2297);
#2295 = CARTESIAN_POINT('',(-2.249999999999,-1.497336962743,
    0.599999999999));
#2296 = DIRECTION('',(-1.,0.,0.));
#2297 = DIRECTION('',(0.,0.,1.));
#2298 = ADVANCED_FACE('',(#2299),#2311,.T.);
#2299 = FACE_BOUND('',#2300,.T.);
#2300 = EDGE_LOOP('',(#2301,#2302,#2303,#2310));
#2301 = ORIENTED_EDGE('',*,*,#2243,.T.);
#2302 = ORIENTED_EDGE('',*,*,#1601,.F.);
#2303 = ORIENTED_EDGE('',*,*,#2304,.F.);
#2304 = EDGE_CURVE('',#1430,#1593,#2305,.T.);
#2305 = CIRCLE('',#2306,0.1);
#2306 = AXIS2_PLACEMENT_3D('',#2307,#2308,#2309);
#2307 = CARTESIAN_POINT('',(2.25,1.787856737002,0.599999999999));
#2308 = DIRECTION('',(1.,0.,0.));
#2309 = DIRECTION('',(0.,0.,-1.));
#2310 = ORIENTED_EDGE('',*,*,#1462,.F.);
#2311 = CYLINDRICAL_SURFACE('',#2312,0.1);
#2312 = AXIS2_PLACEMENT_3D('',#2313,#2314,#2315);
#2313 = CARTESIAN_POINT('',(-2.249999999999,1.787856737002,
    0.599999999999));
#2314 = DIRECTION('',(-1.,0.,0.));
#2315 = DIRECTION('',(0.,0.,1.));
#2316 = ADVANCED_FACE('',(#2317),#2328,.T.);
#2317 = FACE_BOUND('',#2318,.T.);
#2318 = EDGE_LOOP('',(#2319,#2320,#2321));
#2319 = ORIENTED_EDGE('',*,*,#2286,.T.);
#2320 = ORIENTED_EDGE('',*,*,#2268,.T.);
#2321 = ORIENTED_EDGE('',*,*,#2322,.F.);
#2322 = EDGE_CURVE('',#1577,#1406,#2323,.T.);
#2323 = CIRCLE('',#2324,0.1);
#2324 = AXIS2_PLACEMENT_3D('',#2325,#2326,#2327);
#2325 = CARTESIAN_POINT('',(2.287856737002,-1.497336962743,
    0.599999999999));
#2326 = DIRECTION('',(0.,1.,0.));
#2327 = DIRECTION('',(-4.336808689942E-15,0.,-1.));
#2328 = SPHERICAL_SURFACE('',#2329,0.1);
#2329 = AXIS2_PLACEMENT_3D('',#2330,#2331,#2332);
#2330 = CARTESIAN_POINT('',(2.287856737002,-1.497336962743,
    0.599999999999));
#2331 = DIRECTION('',(0.,1.,0.));
#2332 = DIRECTION('',(1.,0.,0.));
#2333 = ADVANCED_FACE('',(#2334),#2346,.T.);
#2334 = FACE_BOUND('',#2335,.T.);
#2335 = EDGE_LOOP('',(#2336,#2337,#2338,#2345));
#2336 = ORIENTED_EDGE('',*,*,#2304,.T.);
#2337 = ORIENTED_EDGE('',*,*,#1592,.F.);
#2338 = ORIENTED_EDGE('',*,*,#2339,.F.);
#2339 = EDGE_CURVE('',#1398,#1585,#2340,.T.);
#2340 = CIRCLE('',#2341,0.1);
#2341 = AXIS2_PLACEMENT_3D('',#2342,#2343,#2344);
#2342 = CARTESIAN_POINT('',(2.287856737002,1.75,0.599999999999));
#2343 = DIRECTION('',(0.,-1.,0.));
#2344 = DIRECTION('',(0.,0.,-1.));
#2345 = ORIENTED_EDGE('',*,*,#1437,.F.);
#2346 = SURFACE_OF_REVOLUTION('',#2347,#2355);
#2347 = B_SPLINE_CURVE_WITH_KNOTS('',6,(#2348,#2349,#2350,#2351,#2352,
    #2353,#2354),.UNSPECIFIED.,.F.,.F.,(7,7),(0.122173047645,
    1.570796326795),.PIECEWISE_BEZIER_KNOTS.);
#2348 = CARTESIAN_POINT('',(2.387111352166,1.75,0.61218693434));
#2349 = CARTESIAN_POINT('',(2.384168972701,1.75,0.636150692022));
#2350 = CARTESIAN_POINT('',(2.374284867446,1.75,0.659260777066));
#2351 = CARTESIAN_POINT('',(2.357759943163,1.75,0.679011201512));
#2352 = CARTESIAN_POINT('',(2.336142853714,1.75,0.693005980256));
#2353 = CARTESIAN_POINT('',(2.312000458321,1.75,0.699999999999));
#2354 = CARTESIAN_POINT('',(2.287856737002,1.75,0.699999999999));
#2355 = AXIS1_PLACEMENT('',#2356,#2357);
#2356 = CARTESIAN_POINT('',(2.25,1.75,0.599999999999));
#2357 = DIRECTION('',(0.,0.,1.));
#2358 = ADVANCED_FACE('',(#2359),#2365,.T.);
#2359 = FACE_BOUND('',#2360,.T.);
#2360 = EDGE_LOOP('',(#2361,#2362,#2363,#2364));
#2361 = ORIENTED_EDGE('',*,*,#2322,.T.);
#2362 = ORIENTED_EDGE('',*,*,#1405,.F.);
#2363 = ORIENTED_EDGE('',*,*,#2339,.T.);
#2364 = ORIENTED_EDGE('',*,*,#1584,.F.);
#2365 = CYLINDRICAL_SURFACE('',#2366,0.1);
#2366 = AXIS2_PLACEMENT_3D('',#2367,#2368,#2369);
#2367 = CARTESIAN_POINT('',(2.287856737002,-1.749999999999,
    0.599999999999));
#2368 = DIRECTION('',(0.,1.,0.));
#2369 = DIRECTION('',(0.,-0.,1.));
#2370 = ADVANCED_FACE('',(#2371),#2383,.F.);
#2371 = FACE_BOUND('',#2372,.F.);
#2372 = EDGE_LOOP('',(#2373,#2374,#2375,#2382));
#2373 = ORIENTED_EDGE('',*,*,#1556,.F.);
#2374 = ORIENTED_EDGE('',*,*,#114,.F.);
#2375 = ORIENTED_EDGE('',*,*,#2376,.T.);
#2376 = EDGE_CURVE('',#115,#134,#2377,.T.);
#2377 = CIRCLE('',#2378,0.149999999999);
#2378 = AXIS2_PLACEMENT_3D('',#2379,#2380,#2381);
#2379 = CARTESIAN_POINT('',(-1.687856737002,-0.897336962743,
    0.679999999999));
#2380 = DIRECTION('',(0.,0.,1.));
#2381 = DIRECTION('',(1.,0.,-0.));
#2382 = ORIENTED_EDGE('',*,*,#133,.T.);
#2383 = CYLINDRICAL_SURFACE('',#2384,0.149999999999);
#2384 = AXIS2_PLACEMENT_3D('',#2385,#2386,#2387);
#2385 = CARTESIAN_POINT('',(-1.687856737002,-0.897336962743,
    0.679999999999));
#2386 = DIRECTION('',(0.,0.,1.));
#2387 = DIRECTION('',(1.,0.,-0.));
#2388 = ADVANCED_FACE('',(#2389),#2393,.T.);
#2389 = FACE_BOUND('',#2390,.T.);
#2390 = EDGE_LOOP('',(#2391,#2392));
#2391 = ORIENTED_EDGE('',*,*,#2376,.T.);
#2392 = ORIENTED_EDGE('',*,*,#141,.T.);
#2393 = PLANE('',#2394);
#2394 = AXIS2_PLACEMENT_3D('',#2395,#2396,#2397);
#2395 = CARTESIAN_POINT('',(-1.687856737002,-0.897336962743,
    0.679999999999));
#2396 = DIRECTION('',(0.,0.,1.));
#2397 = DIRECTION('',(1.,0.,-0.));
#2398 = ADVANCED_FACE('',(#2399),#2433,.F.);
#2399 = FACE_BOUND('',#2400,.T.);
#2400 = EDGE_LOOP('',(#2401,#2411,#2419,#2427));
#2401 = ORIENTED_EDGE('',*,*,#2402,.T.);
#2402 = EDGE_CURVE('',#2403,#2405,#2407,.T.);
#2403 = VERTEX_POINT('',#2404);
#2404 = CARTESIAN_POINT('',(1.69,2.6,-0.799999999999));
#2405 = VERTEX_POINT('',#2406);
#2406 = CARTESIAN_POINT('',(1.69,3.,-0.799999999999));
#2407 = LINE('',#2408,#2409);
#2408 = CARTESIAN_POINT('',(1.69,2.6,-0.799999999999));
#2409 = VECTOR('',#2410,1.);
#2410 = DIRECTION('',(0.,1.,0.));
#2411 = ORIENTED_EDGE('',*,*,#2412,.F.);
#2412 = EDGE_CURVE('',#2413,#2405,#2415,.T.);
#2413 = VERTEX_POINT('',#2414);
#2414 = CARTESIAN_POINT('',(2.12,3.,-0.799999999999));
#2415 = LINE('',#2416,#2417);
#2416 = CARTESIAN_POINT('',(2.12,3.,-0.799999999999));
#2417 = VECTOR('',#2418,1.);
#2418 = DIRECTION('',(-1.,0.,0.));
#2419 = ORIENTED_EDGE('',*,*,#2420,.F.);
#2420 = EDGE_CURVE('',#2421,#2413,#2423,.T.);
#2421 = VERTEX_POINT('',#2422);
#2422 = CARTESIAN_POINT('',(2.12,2.6,-0.799999999999));
#2423 = LINE('',#2424,#2425);
#2424 = CARTESIAN_POINT('',(2.12,2.6,-0.799999999999));
#2425 = VECTOR('',#2426,1.);
#2426 = DIRECTION('',(0.,1.,0.));
#2427 = ORIENTED_EDGE('',*,*,#2428,.T.);
#2428 = EDGE_CURVE('',#2421,#2403,#2429,.T.);
#2429 = LINE('',#2430,#2431);
#2430 = CARTESIAN_POINT('',(2.12,2.6,-0.799999999999));
#2431 = VECTOR('',#2432,1.);
#2432 = DIRECTION('',(-1.,0.,0.));
#2433 = PLANE('',#2434);
#2434 = AXIS2_PLACEMENT_3D('',#2435,#2436,#2437);
#2435 = CARTESIAN_POINT('',(2.12,2.6,-0.799999999999));
#2436 = DIRECTION('',(0.,0.,1.));
#2437 = DIRECTION('',(1.,0.,-0.));
#2438 = ADVANCED_FACE('',(#2439),#2464,.T.);
#2439 = FACE_BOUND('',#2440,.T.);
#2440 = EDGE_LOOP('',(#2441,#2449,#2457,#2463));
#2441 = ORIENTED_EDGE('',*,*,#2442,.F.);
#2442 = EDGE_CURVE('',#2443,#2405,#2445,.T.);
#2443 = VERTEX_POINT('',#2444);
#2444 = CARTESIAN_POINT('',(1.69,3.,-0.599999999999));
#2445 = LINE('',#2446,#2447);
#2446 = CARTESIAN_POINT('',(1.69,3.,-0.599999999999));
#2447 = VECTOR('',#2448,1.);
#2448 = DIRECTION('',(0.,0.,-1.));
#2449 = ORIENTED_EDGE('',*,*,#2450,.F.);
#2450 = EDGE_CURVE('',#2451,#2443,#2453,.T.);
#2451 = VERTEX_POINT('',#2452);
#2452 = CARTESIAN_POINT('',(2.12,3.,-0.599999999999));
#2453 = LINE('',#2454,#2455);
#2454 = CARTESIAN_POINT('',(2.12,3.,-0.599999999999));
#2455 = VECTOR('',#2456,1.);
#2456 = DIRECTION('',(-1.,0.,0.));
#2457 = ORIENTED_EDGE('',*,*,#2458,.T.);
#2458 = EDGE_CURVE('',#2451,#2413,#2459,.T.);
#2459 = LINE('',#2460,#2461);
#2460 = CARTESIAN_POINT('',(2.12,3.,-0.599999999999));
#2461 = VECTOR('',#2462,1.);
#2462 = DIRECTION('',(0.,0.,-1.));
#2463 = ORIENTED_EDGE('',*,*,#2412,.T.);
#2464 = PLANE('',#2465);
#2465 = AXIS2_PLACEMENT_3D('',#2466,#2467,#2468);
#2466 = CARTESIAN_POINT('',(2.12,3.,-0.599999999999));
#2467 = DIRECTION('',(0.,1.,0.));
#2468 = DIRECTION('',(0.,-0.,1.));
#2469 = ADVANCED_FACE('',(#2470),#2495,.T.);
#2470 = FACE_BOUND('',#2471,.T.);
#2471 = EDGE_LOOP('',(#2472,#2480,#2488,#2494));
#2472 = ORIENTED_EDGE('',*,*,#2473,.F.);
#2473 = EDGE_CURVE('',#2474,#2443,#2476,.T.);
#2474 = VERTEX_POINT('',#2475);
#2475 = CARTESIAN_POINT('',(1.69,2.6,-0.6));
#2476 = LINE('',#2477,#2478);
#2477 = CARTESIAN_POINT('',(1.69,2.6,-0.599999999999));
#2478 = VECTOR('',#2479,1.);
#2479 = DIRECTION('',(0.,1.,0.));
#2480 = ORIENTED_EDGE('',*,*,#2481,.F.);
#2481 = EDGE_CURVE('',#2482,#2474,#2484,.T.);
#2482 = VERTEX_POINT('',#2483);
#2483 = CARTESIAN_POINT('',(2.12,2.6,-0.6));
#2484 = LINE('',#2485,#2486);
#2485 = CARTESIAN_POINT('',(2.12,2.6,-0.6));
#2486 = VECTOR('',#2487,1.);
#2487 = DIRECTION('',(-1.,0.,0.));
#2488 = ORIENTED_EDGE('',*,*,#2489,.T.);
#2489 = EDGE_CURVE('',#2482,#2451,#2490,.T.);
#2490 = LINE('',#2491,#2492);
#2491 = CARTESIAN_POINT('',(2.12,2.6,-0.599999999999));
#2492 = VECTOR('',#2493,1.);
#2493 = DIRECTION('',(0.,1.,0.));
#2494 = ORIENTED_EDGE('',*,*,#2450,.T.);
#2495 = PLANE('',#2496);
#2496 = AXIS2_PLACEMENT_3D('',#2497,#2498,#2499);
#2497 = CARTESIAN_POINT('',(2.12,2.6,-0.599999999999));
#2498 = DIRECTION('',(0.,0.,1.));
#2499 = DIRECTION('',(1.,0.,-0.));
#2500 = ADVANCED_FACE('',(#2501),#2528,.F.);
#2501 = FACE_BOUND('',#2502,.F.);
#2502 = EDGE_LOOP('',(#2503,#2504,#2513,#2521));
#2503 = ORIENTED_EDGE('',*,*,#2481,.F.);
#2504 = ORIENTED_EDGE('',*,*,#2505,.F.);
#2505 = EDGE_CURVE('',#2506,#2482,#2508,.T.);
#2506 = VERTEX_POINT('',#2507);
#2507 = CARTESIAN_POINT('',(2.12,2.55,-0.549999999999));
#2508 = CIRCLE('',#2509,5.E-02);
#2509 = AXIS2_PLACEMENT_3D('',#2510,#2511,#2512);
#2510 = CARTESIAN_POINT('',(2.12,2.6,-0.549999999999));
#2511 = DIRECTION('',(1.,0.,0.));
#2512 = DIRECTION('',(0.,0.,-1.));
#2513 = ORIENTED_EDGE('',*,*,#2514,.T.);
#2514 = EDGE_CURVE('',#2506,#2515,#2517,.T.);
#2515 = VERTEX_POINT('',#2516);
#2516 = CARTESIAN_POINT('',(1.69,2.55,-0.549999999999));
#2517 = LINE('',#2518,#2519);
#2518 = CARTESIAN_POINT('',(2.12,2.55,-0.549999999999));
#2519 = VECTOR('',#2520,1.);
#2520 = DIRECTION('',(-1.,0.,0.));
#2521 = ORIENTED_EDGE('',*,*,#2522,.T.);
#2522 = EDGE_CURVE('',#2515,#2474,#2523,.T.);
#2523 = CIRCLE('',#2524,5.E-02);
#2524 = AXIS2_PLACEMENT_3D('',#2525,#2526,#2527);
#2525 = CARTESIAN_POINT('',(1.69,2.6,-0.549999999999));
#2526 = DIRECTION('',(1.,0.,0.));
#2527 = DIRECTION('',(0.,0.,-1.));
#2528 = CYLINDRICAL_SURFACE('',#2529,5.E-02);
#2529 = AXIS2_PLACEMENT_3D('',#2530,#2531,#2532);
#2530 = CARTESIAN_POINT('',(2.12,2.6,-0.549999999999));
#2531 = DIRECTION('',(-1.,0.,0.));
#2532 = DIRECTION('',(0.,0.,1.));
#2533 = ADVANCED_FACE('',(#2534),#2559,.T.);
#2534 = FACE_BOUND('',#2535,.T.);
#2535 = EDGE_LOOP('',(#2536,#2544,#2552,#2558));
#2536 = ORIENTED_EDGE('',*,*,#2537,.F.);
#2537 = EDGE_CURVE('',#2538,#2515,#2540,.T.);
#2538 = VERTEX_POINT('',#2539);
#2539 = CARTESIAN_POINT('',(1.69,2.55,-0.149999999999));
#2540 = LINE('',#2541,#2542);
#2541 = CARTESIAN_POINT('',(1.69,2.55,-0.15));
#2542 = VECTOR('',#2543,1.);
#2543 = DIRECTION('',(0.,0.,-1.));
#2544 = ORIENTED_EDGE('',*,*,#2545,.F.);
#2545 = EDGE_CURVE('',#2546,#2538,#2548,.T.);
#2546 = VERTEX_POINT('',#2547);
#2547 = CARTESIAN_POINT('',(2.12,2.55,-0.149999999999));
#2548 = LINE('',#2549,#2550);
#2549 = CARTESIAN_POINT('',(2.12,2.55,-0.149999999999));
#2550 = VECTOR('',#2551,1.);
#2551 = DIRECTION('',(-1.,0.,0.));
#2552 = ORIENTED_EDGE('',*,*,#2553,.T.);
#2553 = EDGE_CURVE('',#2546,#2506,#2554,.T.);
#2554 = LINE('',#2555,#2556);
#2555 = CARTESIAN_POINT('',(2.12,2.55,-0.15));
#2556 = VECTOR('',#2557,1.);
#2557 = DIRECTION('',(0.,0.,-1.));
#2558 = ORIENTED_EDGE('',*,*,#2514,.T.);
#2559 = PLANE('',#2560);
#2560 = AXIS2_PLACEMENT_3D('',#2561,#2562,#2563);
#2561 = CARTESIAN_POINT('',(2.12,2.55,-0.15));
#2562 = DIRECTION('',(0.,1.,0.));
#2563 = DIRECTION('',(0.,-0.,1.));
#2564 = ADVANCED_FACE('',(#2565),#2592,.T.);
#2565 = FACE_BOUND('',#2566,.T.);
#2566 = EDGE_LOOP('',(#2567,#2576,#2584,#2591));
#2567 = ORIENTED_EDGE('',*,*,#2568,.F.);
#2568 = EDGE_CURVE('',#2569,#2538,#2571,.T.);
#2569 = VERTEX_POINT('',#2570);
#2570 = CARTESIAN_POINT('',(1.69,2.299999999999,9.9999999999E-02));
#2571 = CIRCLE('',#2572,0.25);
#2572 = AXIS2_PLACEMENT_3D('',#2573,#2574,#2575);
#2573 = CARTESIAN_POINT('',(1.69,2.299999999999,-0.15));
#2574 = DIRECTION('',(-1.,0.,0.));
#2575 = DIRECTION('',(0.,0.,1.));
#2576 = ORIENTED_EDGE('',*,*,#2577,.F.);
#2577 = EDGE_CURVE('',#2578,#2569,#2580,.T.);
#2578 = VERTEX_POINT('',#2579);
#2579 = CARTESIAN_POINT('',(2.12,2.299999999999,9.9999999999E-02));
#2580 = LINE('',#2581,#2582);
#2581 = CARTESIAN_POINT('',(2.12,2.299999999999,9.9999999999E-02));
#2582 = VECTOR('',#2583,1.);
#2583 = DIRECTION('',(-1.,0.,0.));
#2584 = ORIENTED_EDGE('',*,*,#2585,.T.);
#2585 = EDGE_CURVE('',#2578,#2546,#2586,.T.);
#2586 = CIRCLE('',#2587,0.25);
#2587 = AXIS2_PLACEMENT_3D('',#2588,#2589,#2590);
#2588 = CARTESIAN_POINT('',(2.12,2.299999999999,-0.15));
#2589 = DIRECTION('',(-1.,0.,0.));
#2590 = DIRECTION('',(0.,0.,1.));
#2591 = ORIENTED_EDGE('',*,*,#2545,.T.);
#2592 = CYLINDRICAL_SURFACE('',#2593,0.25);
#2593 = AXIS2_PLACEMENT_3D('',#2594,#2595,#2596);
#2594 = CARTESIAN_POINT('',(2.12,2.299999999999,-0.15));
#2595 = DIRECTION('',(-1.,0.,0.));
#2596 = DIRECTION('',(0.,0.,1.));
#2597 = ADVANCED_FACE('',(#2598),#2614,.T.);
#2598 = FACE_BOUND('',#2599,.T.);
#2599 = EDGE_LOOP('',(#2600,#2606,#2607,#2613));
#2600 = ORIENTED_EDGE('',*,*,#2601,.F.);
#2601 = EDGE_CURVE('',#997,#2569,#2602,.T.);
#2602 = LINE('',#2603,#2604);
#2603 = CARTESIAN_POINT('',(1.69,1.95,0.1));
#2604 = VECTOR('',#2605,1.);
#2605 = DIRECTION('',(0.,1.,-3.872150616019E-17));
#2606 = ORIENTED_EDGE('',*,*,#1470,.F.);
#2607 = ORIENTED_EDGE('',*,*,#2608,.T.);
#2608 = EDGE_CURVE('',#1197,#2578,#2609,.T.);
#2609 = LINE('',#2610,#2611);
#2610 = CARTESIAN_POINT('',(2.12,1.95,0.1));
#2611 = VECTOR('',#2612,1.);
#2612 = DIRECTION('',(0.,1.,-3.872150616019E-17));
#2613 = ORIENTED_EDGE('',*,*,#2577,.T.);
#2614 = PLANE('',#2615);
#2615 = AXIS2_PLACEMENT_3D('',#2616,#2617,#2618);
#2616 = CARTESIAN_POINT('',(2.12,1.95,0.1));
#2617 = DIRECTION('',(0.,3.872150616019E-17,1.));
#2618 = DIRECTION('',(0.,-1.,3.872150616019E-17));
#2619 = ADVANCED_FACE('',(#2620),#2645,.F.);
#2620 = FACE_BOUND('',#2621,.T.);
#2621 = EDGE_LOOP('',(#2622,#2630,#2638,#2644));
#2622 = ORIENTED_EDGE('',*,*,#2623,.T.);
#2623 = EDGE_CURVE('',#979,#2624,#2626,.T.);
#2624 = VERTEX_POINT('',#2625);
#2625 = CARTESIAN_POINT('',(1.69,2.299999999999,-9.9999999999E-02));
#2626 = LINE('',#2627,#2628);
#2627 = CARTESIAN_POINT('',(1.69,1.95,-0.1));
#2628 = VECTOR('',#2629,1.);
#2629 = DIRECTION('',(0.,1.,-3.872150616019E-17));
#2630 = ORIENTED_EDGE('',*,*,#2631,.F.);
#2631 = EDGE_CURVE('',#2632,#2624,#2634,.T.);
#2632 = VERTEX_POINT('',#2633);
#2633 = CARTESIAN_POINT('',(2.12,2.299999999999,-9.9999999999E-02));
#2634 = LINE('',#2635,#2636);
#2635 = CARTESIAN_POINT('',(2.12,2.299999999999,-9.9999999999E-02));
#2636 = VECTOR('',#2637,1.);
#2637 = DIRECTION('',(-1.,0.,0.));
#2638 = ORIENTED_EDGE('',*,*,#2639,.F.);
#2639 = EDGE_CURVE('',#1189,#2632,#2640,.T.);
#2640 = LINE('',#2641,#2642);
#2641 = CARTESIAN_POINT('',(2.12,1.95,-0.1));
#2642 = VECTOR('',#2643,1.);
#2643 = DIRECTION('',(0.,1.,-3.872150616019E-17));
#2644 = ORIENTED_EDGE('',*,*,#1742,.T.);
#2645 = PLANE('',#2646);
#2646 = AXIS2_PLACEMENT_3D('',#2647,#2648,#2649);
#2647 = CARTESIAN_POINT('',(2.12,1.95,-0.1));
#2648 = DIRECTION('',(0.,3.872150616019E-17,1.));
#2649 = DIRECTION('',(0.,-1.,3.872150616019E-17));
#2650 = ADVANCED_FACE('',(#2651),#2678,.F.);
#2651 = FACE_BOUND('',#2652,.F.);
#2652 = EDGE_LOOP('',(#2653,#2654,#2663,#2671));
#2653 = ORIENTED_EDGE('',*,*,#2631,.F.);
#2654 = ORIENTED_EDGE('',*,*,#2655,.T.);
#2655 = EDGE_CURVE('',#2632,#2656,#2658,.T.);
#2656 = VERTEX_POINT('',#2657);
#2657 = CARTESIAN_POINT('',(2.12,2.35,-0.149999999999));
#2658 = CIRCLE('',#2659,5.E-02);
#2659 = AXIS2_PLACEMENT_3D('',#2660,#2661,#2662);
#2660 = CARTESIAN_POINT('',(2.12,2.299999999999,-0.15));
#2661 = DIRECTION('',(-1.,0.,0.));
#2662 = DIRECTION('',(0.,0.,-1.));
#2663 = ORIENTED_EDGE('',*,*,#2664,.T.);
#2664 = EDGE_CURVE('',#2656,#2665,#2667,.T.);
#2665 = VERTEX_POINT('',#2666);
#2666 = CARTESIAN_POINT('',(1.69,2.35,-0.149999999999));
#2667 = LINE('',#2668,#2669);
#2668 = CARTESIAN_POINT('',(2.12,2.35,-0.149999999999));
#2669 = VECTOR('',#2670,1.);
#2670 = DIRECTION('',(-1.,0.,0.));
#2671 = ORIENTED_EDGE('',*,*,#2672,.F.);
#2672 = EDGE_CURVE('',#2624,#2665,#2673,.T.);
#2673 = CIRCLE('',#2674,5.E-02);
#2674 = AXIS2_PLACEMENT_3D('',#2675,#2676,#2677);
#2675 = CARTESIAN_POINT('',(1.69,2.299999999999,-0.15));
#2676 = DIRECTION('',(-1.,0.,0.));
#2677 = DIRECTION('',(0.,0.,-1.));
#2678 = CYLINDRICAL_SURFACE('',#2679,5.E-02);
#2679 = AXIS2_PLACEMENT_3D('',#2680,#2681,#2682);
#2680 = CARTESIAN_POINT('',(2.12,2.299999999999,-0.15));
#2681 = DIRECTION('',(-1.,0.,0.));
#2682 = DIRECTION('',(0.,0.,1.));
#2683 = ADVANCED_FACE('',(#2684),#2709,.F.);
#2684 = FACE_BOUND('',#2685,.T.);
#2685 = EDGE_LOOP('',(#2686,#2694,#2702,#2708));
#2686 = ORIENTED_EDGE('',*,*,#2687,.T.);
#2687 = EDGE_CURVE('',#2665,#2688,#2690,.T.);
#2688 = VERTEX_POINT('',#2689);
#2689 = CARTESIAN_POINT('',(1.69,2.35,-0.549999999999));
#2690 = LINE('',#2691,#2692);
#2691 = CARTESIAN_POINT('',(1.69,2.35,-0.15));
#2692 = VECTOR('',#2693,1.);
#2693 = DIRECTION('',(0.,0.,-1.));
#2694 = ORIENTED_EDGE('',*,*,#2695,.F.);
#2695 = EDGE_CURVE('',#2696,#2688,#2698,.T.);
#2696 = VERTEX_POINT('',#2697);
#2697 = CARTESIAN_POINT('',(2.12,2.35,-0.549999999999));
#2698 = LINE('',#2699,#2700);
#2699 = CARTESIAN_POINT('',(2.12,2.35,-0.549999999999));
#2700 = VECTOR('',#2701,1.);
#2701 = DIRECTION('',(-1.,0.,0.));
#2702 = ORIENTED_EDGE('',*,*,#2703,.F.);
#2703 = EDGE_CURVE('',#2656,#2696,#2704,.T.);
#2704 = LINE('',#2705,#2706);
#2705 = CARTESIAN_POINT('',(2.12,2.35,-0.15));
#2706 = VECTOR('',#2707,1.);
#2707 = DIRECTION('',(0.,0.,-1.));
#2708 = ORIENTED_EDGE('',*,*,#2664,.T.);
#2709 = PLANE('',#2710);
#2710 = AXIS2_PLACEMENT_3D('',#2711,#2712,#2713);
#2711 = CARTESIAN_POINT('',(2.12,2.35,-0.15));
#2712 = DIRECTION('',(0.,1.,0.));
#2713 = DIRECTION('',(0.,-0.,1.));
#2714 = ADVANCED_FACE('',(#2715),#2733,.T.);
#2715 = FACE_BOUND('',#2716,.T.);
#2716 = EDGE_LOOP('',(#2717,#2724,#2725,#2732));
#2717 = ORIENTED_EDGE('',*,*,#2718,.T.);
#2718 = EDGE_CURVE('',#2688,#2403,#2719,.T.);
#2719 = CIRCLE('',#2720,0.25);
#2720 = AXIS2_PLACEMENT_3D('',#2721,#2722,#2723);
#2721 = CARTESIAN_POINT('',(1.69,2.6,-0.549999999999));
#2722 = DIRECTION('',(1.,0.,0.));
#2723 = DIRECTION('',(0.,0.,-1.));
#2724 = ORIENTED_EDGE('',*,*,#2428,.F.);
#2725 = ORIENTED_EDGE('',*,*,#2726,.F.);
#2726 = EDGE_CURVE('',#2696,#2421,#2727,.T.);
#2727 = CIRCLE('',#2728,0.25);
#2728 = AXIS2_PLACEMENT_3D('',#2729,#2730,#2731);
#2729 = CARTESIAN_POINT('',(2.12,2.6,-0.549999999999));
#2730 = DIRECTION('',(1.,0.,0.));
#2731 = DIRECTION('',(0.,0.,-1.));
#2732 = ORIENTED_EDGE('',*,*,#2695,.T.);
#2733 = CYLINDRICAL_SURFACE('',#2734,0.25);
#2734 = AXIS2_PLACEMENT_3D('',#2735,#2736,#2737);
#2735 = CARTESIAN_POINT('',(2.12,2.6,-0.549999999999));
#2736 = DIRECTION('',(-1.,0.,0.));
#2737 = DIRECTION('',(0.,0.,1.));
#2738 = ADVANCED_FACE('',(#2739),#2753,.T.);
#2739 = FACE_BOUND('',#2740,.T.);
#2740 = EDGE_LOOP('',(#2741,#2742,#2743,#2744,#2745,#2746,#2747,#2748,
    #2749,#2750,#2751,#2752));
#2741 = ORIENTED_EDGE('',*,*,#2420,.T.);
#2742 = ORIENTED_EDGE('',*,*,#2458,.F.);
#2743 = ORIENTED_EDGE('',*,*,#2489,.F.);
#2744 = ORIENTED_EDGE('',*,*,#2505,.F.);
#2745 = ORIENTED_EDGE('',*,*,#2553,.F.);
#2746 = ORIENTED_EDGE('',*,*,#2585,.F.);
#2747 = ORIENTED_EDGE('',*,*,#2608,.F.);
#2748 = ORIENTED_EDGE('',*,*,#1196,.F.);
#2749 = ORIENTED_EDGE('',*,*,#2639,.T.);
#2750 = ORIENTED_EDGE('',*,*,#2655,.T.);
#2751 = ORIENTED_EDGE('',*,*,#2703,.T.);
#2752 = ORIENTED_EDGE('',*,*,#2726,.T.);
#2753 = PLANE('',#2754);
#2754 = AXIS2_PLACEMENT_3D('',#2755,#2756,#2757);
#2755 = CARTESIAN_POINT('',(2.12,2.6,-0.549999999999));
#2756 = DIRECTION('',(1.,0.,0.));
#2757 = DIRECTION('',(0.,0.,-1.));
#2758 = ADVANCED_FACE('',(#2759),#2773,.F.);
#2759 = FACE_BOUND('',#2760,.T.);
#2760 = EDGE_LOOP('',(#2761,#2762,#2763,#2764,#2765,#2766,#2767,#2768,
    #2769,#2770,#2771,#2772));
#2761 = ORIENTED_EDGE('',*,*,#2402,.F.);
#2762 = ORIENTED_EDGE('',*,*,#2718,.F.);
#2763 = ORIENTED_EDGE('',*,*,#2687,.F.);
#2764 = ORIENTED_EDGE('',*,*,#2672,.F.);
#2765 = ORIENTED_EDGE('',*,*,#2623,.F.);
#2766 = ORIENTED_EDGE('',*,*,#1004,.T.);
#2767 = ORIENTED_EDGE('',*,*,#2601,.T.);
#2768 = ORIENTED_EDGE('',*,*,#2568,.T.);
#2769 = ORIENTED_EDGE('',*,*,#2537,.T.);
#2770 = ORIENTED_EDGE('',*,*,#2522,.T.);
#2771 = ORIENTED_EDGE('',*,*,#2473,.T.);
#2772 = ORIENTED_EDGE('',*,*,#2442,.T.);
#2773 = PLANE('',#2774);
#2774 = AXIS2_PLACEMENT_3D('',#2775,#2776,#2777);
#2775 = CARTESIAN_POINT('',(1.69,2.6,-0.549999999999));
#2776 = DIRECTION('',(1.,0.,0.));
#2777 = DIRECTION('',(0.,0.,-1.));
#2778 = ADVANCED_FACE('',(#2779),#2813,.F.);
#2779 = FACE_BOUND('',#2780,.T.);
#2780 = EDGE_LOOP('',(#2781,#2791,#2799,#2807));
#2781 = ORIENTED_EDGE('',*,*,#2782,.T.);
#2782 = EDGE_CURVE('',#2783,#2785,#2787,.T.);
#2783 = VERTEX_POINT('',#2784);
#2784 = CARTESIAN_POINT('',(0.42,2.6,-0.799999999999));
#2785 = VERTEX_POINT('',#2786);
#2786 = CARTESIAN_POINT('',(0.42,3.,-0.799999999999));
#2787 = LINE('',#2788,#2789);
#2788 = CARTESIAN_POINT('',(0.42,2.6,-0.799999999999));
#2789 = VECTOR('',#2790,1.);
#2790 = DIRECTION('',(0.,1.,0.));
#2791 = ORIENTED_EDGE('',*,*,#2792,.F.);
#2792 = EDGE_CURVE('',#2793,#2785,#2795,.T.);
#2793 = VERTEX_POINT('',#2794);
#2794 = CARTESIAN_POINT('',(0.849999999999,3.,-0.799999999999));
#2795 = LINE('',#2796,#2797);
#2796 = CARTESIAN_POINT('',(0.849999999999,3.,-0.799999999999));
#2797 = VECTOR('',#2798,1.);
#2798 = DIRECTION('',(-1.,0.,0.));
#2799 = ORIENTED_EDGE('',*,*,#2800,.F.);
#2800 = EDGE_CURVE('',#2801,#2793,#2803,.T.);
#2801 = VERTEX_POINT('',#2802);
#2802 = CARTESIAN_POINT('',(0.849999999999,2.6,-0.799999999999));
#2803 = LINE('',#2804,#2805);
#2804 = CARTESIAN_POINT('',(0.849999999999,2.6,-0.799999999999));
#2805 = VECTOR('',#2806,1.);
#2806 = DIRECTION('',(0.,1.,0.));
#2807 = ORIENTED_EDGE('',*,*,#2808,.T.);
#2808 = EDGE_CURVE('',#2801,#2783,#2809,.T.);
#2809 = LINE('',#2810,#2811);
#2810 = CARTESIAN_POINT('',(0.849999999999,2.6,-0.799999999999));
#2811 = VECTOR('',#2812,1.);
#2812 = DIRECTION('',(-1.,0.,0.));
#2813 = PLANE('',#2814);
#2814 = AXIS2_PLACEMENT_3D('',#2815,#2816,#2817);
#2815 = CARTESIAN_POINT('',(0.849999999999,2.6,-0.799999999999));
#2816 = DIRECTION('',(0.,0.,1.));
#2817 = DIRECTION('',(1.,0.,-0.));
#2818 = ADVANCED_FACE('',(#2819),#2844,.T.);
#2819 = FACE_BOUND('',#2820,.T.);
#2820 = EDGE_LOOP('',(#2821,#2829,#2837,#2843));
#2821 = ORIENTED_EDGE('',*,*,#2822,.F.);
#2822 = EDGE_CURVE('',#2823,#2785,#2825,.T.);
#2823 = VERTEX_POINT('',#2824);
#2824 = CARTESIAN_POINT('',(0.42,3.,-0.599999999999));
#2825 = LINE('',#2826,#2827);
#2826 = CARTESIAN_POINT('',(0.42,3.,-0.599999999999));
#2827 = VECTOR('',#2828,1.);
#2828 = DIRECTION('',(0.,0.,-1.));
#2829 = ORIENTED_EDGE('',*,*,#2830,.F.);
#2830 = EDGE_CURVE('',#2831,#2823,#2833,.T.);
#2831 = VERTEX_POINT('',#2832);
#2832 = CARTESIAN_POINT('',(0.849999999999,3.,-0.599999999999));
#2833 = LINE('',#2834,#2835);
#2834 = CARTESIAN_POINT('',(0.849999999999,3.,-0.599999999999));
#2835 = VECTOR('',#2836,1.);
#2836 = DIRECTION('',(-1.,0.,0.));
#2837 = ORIENTED_EDGE('',*,*,#2838,.T.);
#2838 = EDGE_CURVE('',#2831,#2793,#2839,.T.);
#2839 = LINE('',#2840,#2841);
#2840 = CARTESIAN_POINT('',(0.849999999999,3.,-0.599999999999));
#2841 = VECTOR('',#2842,1.);
#2842 = DIRECTION('',(0.,0.,-1.));
#2843 = ORIENTED_EDGE('',*,*,#2792,.T.);
#2844 = PLANE('',#2845);
#2845 = AXIS2_PLACEMENT_3D('',#2846,#2847,#2848);
#2846 = CARTESIAN_POINT('',(0.849999999999,3.,-0.599999999999));
#2847 = DIRECTION('',(0.,1.,0.));
#2848 = DIRECTION('',(0.,-0.,1.));
#2849 = ADVANCED_FACE('',(#2850),#2875,.T.);
#2850 = FACE_BOUND('',#2851,.T.);
#2851 = EDGE_LOOP('',(#2852,#2860,#2868,#2874));
#2852 = ORIENTED_EDGE('',*,*,#2853,.F.);
#2853 = EDGE_CURVE('',#2854,#2823,#2856,.T.);
#2854 = VERTEX_POINT('',#2855);
#2855 = CARTESIAN_POINT('',(0.42,2.6,-0.6));
#2856 = LINE('',#2857,#2858);
#2857 = CARTESIAN_POINT('',(0.42,2.6,-0.599999999999));
#2858 = VECTOR('',#2859,1.);
#2859 = DIRECTION('',(0.,1.,0.));
#2860 = ORIENTED_EDGE('',*,*,#2861,.F.);
#2861 = EDGE_CURVE('',#2862,#2854,#2864,.T.);
#2862 = VERTEX_POINT('',#2863);
#2863 = CARTESIAN_POINT('',(0.849999999999,2.6,-0.6));
#2864 = LINE('',#2865,#2866);
#2865 = CARTESIAN_POINT('',(0.849999999999,2.6,-0.6));
#2866 = VECTOR('',#2867,1.);
#2867 = DIRECTION('',(-1.,0.,0.));
#2868 = ORIENTED_EDGE('',*,*,#2869,.T.);
#2869 = EDGE_CURVE('',#2862,#2831,#2870,.T.);
#2870 = LINE('',#2871,#2872);
#2871 = CARTESIAN_POINT('',(0.849999999999,2.6,-0.599999999999));
#2872 = VECTOR('',#2873,1.);
#2873 = DIRECTION('',(0.,1.,0.));
#2874 = ORIENTED_EDGE('',*,*,#2830,.T.);
#2875 = PLANE('',#2876);
#2876 = AXIS2_PLACEMENT_3D('',#2877,#2878,#2879);
#2877 = CARTESIAN_POINT('',(0.849999999999,2.6,-0.599999999999));
#2878 = DIRECTION('',(0.,0.,1.));
#2879 = DIRECTION('',(1.,0.,-0.));
#2880 = ADVANCED_FACE('',(#2881),#2908,.F.);
#2881 = FACE_BOUND('',#2882,.F.);
#2882 = EDGE_LOOP('',(#2883,#2884,#2893,#2901));
#2883 = ORIENTED_EDGE('',*,*,#2861,.F.);
#2884 = ORIENTED_EDGE('',*,*,#2885,.F.);
#2885 = EDGE_CURVE('',#2886,#2862,#2888,.T.);
#2886 = VERTEX_POINT('',#2887);
#2887 = CARTESIAN_POINT('',(0.849999999999,2.55,-0.549999999999));
#2888 = CIRCLE('',#2889,5.E-02);
#2889 = AXIS2_PLACEMENT_3D('',#2890,#2891,#2892);
#2890 = CARTESIAN_POINT('',(0.849999999999,2.6,-0.549999999999));
#2891 = DIRECTION('',(1.,0.,0.));
#2892 = DIRECTION('',(0.,0.,-1.));
#2893 = ORIENTED_EDGE('',*,*,#2894,.T.);
#2894 = EDGE_CURVE('',#2886,#2895,#2897,.T.);
#2895 = VERTEX_POINT('',#2896);
#2896 = CARTESIAN_POINT('',(0.42,2.55,-0.549999999999));
#2897 = LINE('',#2898,#2899);
#2898 = CARTESIAN_POINT('',(0.849999999999,2.55,-0.549999999999));
#2899 = VECTOR('',#2900,1.);
#2900 = DIRECTION('',(-1.,0.,0.));
#2901 = ORIENTED_EDGE('',*,*,#2902,.T.);
#2902 = EDGE_CURVE('',#2895,#2854,#2903,.T.);
#2903 = CIRCLE('',#2904,5.E-02);
#2904 = AXIS2_PLACEMENT_3D('',#2905,#2906,#2907);
#2905 = CARTESIAN_POINT('',(0.42,2.6,-0.549999999999));
#2906 = DIRECTION('',(1.,0.,0.));
#2907 = DIRECTION('',(0.,0.,-1.));
#2908 = CYLINDRICAL_SURFACE('',#2909,5.E-02);
#2909 = AXIS2_PLACEMENT_3D('',#2910,#2911,#2912);
#2910 = CARTESIAN_POINT('',(0.849999999999,2.6,-0.549999999999));
#2911 = DIRECTION('',(-1.,0.,0.));
#2912 = DIRECTION('',(0.,0.,1.));
#2913 = ADVANCED_FACE('',(#2914),#2939,.T.);
#2914 = FACE_BOUND('',#2915,.T.);
#2915 = EDGE_LOOP('',(#2916,#2924,#2932,#2938));
#2916 = ORIENTED_EDGE('',*,*,#2917,.F.);
#2917 = EDGE_CURVE('',#2918,#2895,#2920,.T.);
#2918 = VERTEX_POINT('',#2919);
#2919 = CARTESIAN_POINT('',(0.42,2.55,-0.149999999999));
#2920 = LINE('',#2921,#2922);
#2921 = CARTESIAN_POINT('',(0.42,2.55,-0.15));
#2922 = VECTOR('',#2923,1.);
#2923 = DIRECTION('',(0.,0.,-1.));
#2924 = ORIENTED_EDGE('',*,*,#2925,.F.);
#2925 = EDGE_CURVE('',#2926,#2918,#2928,.T.);
#2926 = VERTEX_POINT('',#2927);
#2927 = CARTESIAN_POINT('',(0.849999999999,2.55,-0.149999999999));
#2928 = LINE('',#2929,#2930);
#2929 = CARTESIAN_POINT('',(0.849999999999,2.55,-0.149999999999));
#2930 = VECTOR('',#2931,1.);
#2931 = DIRECTION('',(-1.,0.,0.));
#2932 = ORIENTED_EDGE('',*,*,#2933,.T.);
#2933 = EDGE_CURVE('',#2926,#2886,#2934,.T.);
#2934 = LINE('',#2935,#2936);
#2935 = CARTESIAN_POINT('',(0.849999999999,2.55,-0.15));
#2936 = VECTOR('',#2937,1.);
#2937 = DIRECTION('',(0.,0.,-1.));
#2938 = ORIENTED_EDGE('',*,*,#2894,.T.);
#2939 = PLANE('',#2940);
#2940 = AXIS2_PLACEMENT_3D('',#2941,#2942,#2943);
#2941 = CARTESIAN_POINT('',(0.849999999999,2.55,-0.15));
#2942 = DIRECTION('',(0.,1.,0.));
#2943 = DIRECTION('',(0.,-0.,1.));
#2944 = ADVANCED_FACE('',(#2945),#2972,.T.);
#2945 = FACE_BOUND('',#2946,.T.);
#2946 = EDGE_LOOP('',(#2947,#2956,#2964,#2971));
#2947 = ORIENTED_EDGE('',*,*,#2948,.F.);
#2948 = EDGE_CURVE('',#2949,#2918,#2951,.T.);
#2949 = VERTEX_POINT('',#2950);
#2950 = CARTESIAN_POINT('',(0.42,2.299999999999,9.9999999999E-02));
#2951 = CIRCLE('',#2952,0.25);
#2952 = AXIS2_PLACEMENT_3D('',#2953,#2954,#2955);
#2953 = CARTESIAN_POINT('',(0.42,2.299999999999,-0.15));
#2954 = DIRECTION('',(-1.,0.,0.));
#2955 = DIRECTION('',(0.,0.,1.));
#2956 = ORIENTED_EDGE('',*,*,#2957,.F.);
#2957 = EDGE_CURVE('',#2958,#2949,#2960,.T.);
#2958 = VERTEX_POINT('',#2959);
#2959 = CARTESIAN_POINT('',(0.849999999999,2.299999999999,
    9.9999999999E-02));
#2960 = LINE('',#2961,#2962);
#2961 = CARTESIAN_POINT('',(0.849999999999,2.299999999999,
    9.9999999999E-02));
#2962 = VECTOR('',#2963,1.);
#2963 = DIRECTION('',(-1.,0.,0.));
#2964 = ORIENTED_EDGE('',*,*,#2965,.T.);
#2965 = EDGE_CURVE('',#2958,#2926,#2966,.T.);
#2966 = CIRCLE('',#2967,0.25);
#2967 = AXIS2_PLACEMENT_3D('',#2968,#2969,#2970);
#2968 = CARTESIAN_POINT('',(0.849999999999,2.299999999999,-0.15));
#2969 = DIRECTION('',(-1.,0.,0.));
#2970 = DIRECTION('',(0.,0.,1.));
#2971 = ORIENTED_EDGE('',*,*,#2925,.T.);
#2972 = CYLINDRICAL_SURFACE('',#2973,0.25);
#2973 = AXIS2_PLACEMENT_3D('',#2974,#2975,#2976);
#2974 = CARTESIAN_POINT('',(0.849999999999,2.299999999999,-0.15));
#2975 = DIRECTION('',(-1.,0.,0.));
#2976 = DIRECTION('',(0.,0.,1.));
#2977 = ADVANCED_FACE('',(#2978),#2994,.T.);
#2978 = FACE_BOUND('',#2979,.T.);
#2979 = EDGE_LOOP('',(#2980,#2986,#2987,#2993));
#2980 = ORIENTED_EDGE('',*,*,#2981,.F.);
#2981 = EDGE_CURVE('',#957,#2949,#2982,.T.);
#2982 = LINE('',#2983,#2984);
#2983 = CARTESIAN_POINT('',(0.42,1.95,0.1));
#2984 = VECTOR('',#2985,1.);
#2985 = DIRECTION('',(0.,1.,-3.872150616019E-17));
#2986 = ORIENTED_EDGE('',*,*,#1477,.F.);
#2987 = ORIENTED_EDGE('',*,*,#2988,.T.);
#2988 = EDGE_CURVE('',#989,#2958,#2989,.T.);
#2989 = LINE('',#2990,#2991);
#2990 = CARTESIAN_POINT('',(0.849999999999,1.95,0.1));
#2991 = VECTOR('',#2992,1.);
#2992 = DIRECTION('',(0.,1.,-3.872150616019E-17));
#2993 = ORIENTED_EDGE('',*,*,#2957,.T.);
#2994 = PLANE('',#2995);
#2995 = AXIS2_PLACEMENT_3D('',#2996,#2997,#2998);
#2996 = CARTESIAN_POINT('',(0.849999999999,1.95,0.1));
#2997 = DIRECTION('',(0.,3.872150616019E-17,1.));
#2998 = DIRECTION('',(0.,-1.,3.872150616019E-17));
#2999 = ADVANCED_FACE('',(#3000),#3025,.F.);
#3000 = FACE_BOUND('',#3001,.T.);
#3001 = EDGE_LOOP('',(#3002,#3010,#3018,#3024));
#3002 = ORIENTED_EDGE('',*,*,#3003,.T.);
#3003 = EDGE_CURVE('',#939,#3004,#3006,.T.);
#3004 = VERTEX_POINT('',#3005);
#3005 = CARTESIAN_POINT('',(0.42,2.299999999999,-9.9999999999E-02));
#3006 = LINE('',#3007,#3008);
#3007 = CARTESIAN_POINT('',(0.42,1.95,-0.1));
#3008 = VECTOR('',#3009,1.);
#3009 = DIRECTION('',(0.,1.,-3.872150616019E-17));
#3010 = ORIENTED_EDGE('',*,*,#3011,.F.);
#3011 = EDGE_CURVE('',#3012,#3004,#3014,.T.);
#3012 = VERTEX_POINT('',#3013);
#3013 = CARTESIAN_POINT('',(0.849999999999,2.299999999999,
    -9.9999999999E-02));
#3014 = LINE('',#3015,#3016);
#3015 = CARTESIAN_POINT('',(0.849999999999,2.299999999999,
    -9.9999999999E-02));
#3016 = VECTOR('',#3017,1.);
#3017 = DIRECTION('',(-1.,0.,0.));
#3018 = ORIENTED_EDGE('',*,*,#3019,.F.);
#3019 = EDGE_CURVE('',#981,#3012,#3020,.T.);
#3020 = LINE('',#3021,#3022);
#3021 = CARTESIAN_POINT('',(0.849999999999,1.95,-0.1));
#3022 = VECTOR('',#3023,1.);
#3023 = DIRECTION('',(0.,1.,-3.872150616019E-17));
#3024 = ORIENTED_EDGE('',*,*,#1735,.T.);
#3025 = PLANE('',#3026);
#3026 = AXIS2_PLACEMENT_3D('',#3027,#3028,#3029);
#3027 = CARTESIAN_POINT('',(0.849999999999,1.95,-0.1));
#3028 = DIRECTION('',(0.,3.872150616019E-17,1.));
#3029 = DIRECTION('',(0.,-1.,3.872150616019E-17));
#3030 = ADVANCED_FACE('',(#3031),#3058,.F.);
#3031 = FACE_BOUND('',#3032,.F.);
#3032 = EDGE_LOOP('',(#3033,#3034,#3043,#3051));
#3033 = ORIENTED_EDGE('',*,*,#3011,.F.);
#3034 = ORIENTED_EDGE('',*,*,#3035,.T.);
#3035 = EDGE_CURVE('',#3012,#3036,#3038,.T.);
#3036 = VERTEX_POINT('',#3037);
#3037 = CARTESIAN_POINT('',(0.849999999999,2.35,-0.149999999999));
#3038 = CIRCLE('',#3039,5.E-02);
#3039 = AXIS2_PLACEMENT_3D('',#3040,#3041,#3042);
#3040 = CARTESIAN_POINT('',(0.849999999999,2.299999999999,-0.15));
#3041 = DIRECTION('',(-1.,0.,0.));
#3042 = DIRECTION('',(0.,0.,-1.));
#3043 = ORIENTED_EDGE('',*,*,#3044,.T.);
#3044 = EDGE_CURVE('',#3036,#3045,#3047,.T.);
#3045 = VERTEX_POINT('',#3046);
#3046 = CARTESIAN_POINT('',(0.42,2.35,-0.149999999999));
#3047 = LINE('',#3048,#3049);
#3048 = CARTESIAN_POINT('',(0.849999999999,2.35,-0.149999999999));
#3049 = VECTOR('',#3050,1.);
#3050 = DIRECTION('',(-1.,0.,0.));
#3051 = ORIENTED_EDGE('',*,*,#3052,.F.);
#3052 = EDGE_CURVE('',#3004,#3045,#3053,.T.);
#3053 = CIRCLE('',#3054,5.E-02);
#3054 = AXIS2_PLACEMENT_3D('',#3055,#3056,#3057);
#3055 = CARTESIAN_POINT('',(0.42,2.299999999999,-0.15));
#3056 = DIRECTION('',(-1.,0.,0.));
#3057 = DIRECTION('',(0.,0.,-1.));
#3058 = CYLINDRICAL_SURFACE('',#3059,5.E-02);
#3059 = AXIS2_PLACEMENT_3D('',#3060,#3061,#3062);
#3060 = CARTESIAN_POINT('',(0.849999999999,2.299999999999,-0.15));
#3061 = DIRECTION('',(-1.,0.,0.));
#3062 = DIRECTION('',(0.,0.,1.));
#3063 = ADVANCED_FACE('',(#3064),#3089,.F.);
#3064 = FACE_BOUND('',#3065,.T.);
#3065 = EDGE_LOOP('',(#3066,#3074,#3082,#3088));
#3066 = ORIENTED_EDGE('',*,*,#3067,.T.);
#3067 = EDGE_CURVE('',#3045,#3068,#3070,.T.);
#3068 = VERTEX_POINT('',#3069);
#3069 = CARTESIAN_POINT('',(0.42,2.35,-0.549999999999));
#3070 = LINE('',#3071,#3072);
#3071 = CARTESIAN_POINT('',(0.42,2.35,-0.15));
#3072 = VECTOR('',#3073,1.);
#3073 = DIRECTION('',(0.,0.,-1.));
#3074 = ORIENTED_EDGE('',*,*,#3075,.F.);
#3075 = EDGE_CURVE('',#3076,#3068,#3078,.T.);
#3076 = VERTEX_POINT('',#3077);
#3077 = CARTESIAN_POINT('',(0.849999999999,2.35,-0.549999999999));
#3078 = LINE('',#3079,#3080);
#3079 = CARTESIAN_POINT('',(0.849999999999,2.35,-0.549999999999));
#3080 = VECTOR('',#3081,1.);
#3081 = DIRECTION('',(-1.,0.,0.));
#3082 = ORIENTED_EDGE('',*,*,#3083,.F.);
#3083 = EDGE_CURVE('',#3036,#3076,#3084,.T.);
#3084 = LINE('',#3085,#3086);
#3085 = CARTESIAN_POINT('',(0.849999999999,2.35,-0.15));
#3086 = VECTOR('',#3087,1.);
#3087 = DIRECTION('',(0.,0.,-1.));
#3088 = ORIENTED_EDGE('',*,*,#3044,.T.);
#3089 = PLANE('',#3090);
#3090 = AXIS2_PLACEMENT_3D('',#3091,#3092,#3093);
#3091 = CARTESIAN_POINT('',(0.849999999999,2.35,-0.15));
#3092 = DIRECTION('',(0.,1.,0.));
#3093 = DIRECTION('',(0.,-0.,1.));
#3094 = ADVANCED_FACE('',(#3095),#3115,.T.);
#3095 = FACE_BOUND('',#3096,.T.);
#3096 = EDGE_LOOP('',(#3097,#3098,#3099,#3100,#3101,#3102,#3103,#3104,
    #3105,#3106,#3107,#3108));
#3097 = ORIENTED_EDGE('',*,*,#2800,.T.);
#3098 = ORIENTED_EDGE('',*,*,#2838,.F.);
#3099 = ORIENTED_EDGE('',*,*,#2869,.F.);
#3100 = ORIENTED_EDGE('',*,*,#2885,.F.);
#3101 = ORIENTED_EDGE('',*,*,#2933,.F.);
#3102 = ORIENTED_EDGE('',*,*,#2965,.F.);
#3103 = ORIENTED_EDGE('',*,*,#2988,.F.);
#3104 = ORIENTED_EDGE('',*,*,#988,.F.);
#3105 = ORIENTED_EDGE('',*,*,#3019,.T.);
#3106 = ORIENTED_EDGE('',*,*,#3035,.T.);
#3107 = ORIENTED_EDGE('',*,*,#3083,.T.);
#3108 = ORIENTED_EDGE('',*,*,#3109,.T.);
#3109 = EDGE_CURVE('',#3076,#2801,#3110,.T.);
#3110 = CIRCLE('',#3111,0.25);
#3111 = AXIS2_PLACEMENT_3D('',#3112,#3113,#3114);
#3112 = CARTESIAN_POINT('',(0.849999999999,2.6,-0.549999999999));
#3113 = DIRECTION('',(1.,0.,0.));
#3114 = DIRECTION('',(0.,0.,-1.));
#3115 = PLANE('',#3116);
#3116 = AXIS2_PLACEMENT_3D('',#3117,#3118,#3119);
#3117 = CARTESIAN_POINT('',(0.849999999999,2.6,-0.549999999999));
#3118 = DIRECTION('',(1.,0.,0.));
#3119 = DIRECTION('',(0.,0.,-1.));
#3120 = ADVANCED_FACE('',(#3121),#3133,.T.);
#3121 = FACE_BOUND('',#3122,.T.);
#3122 = EDGE_LOOP('',(#3123,#3130,#3131,#3132));
#3123 = ORIENTED_EDGE('',*,*,#3124,.T.);
#3124 = EDGE_CURVE('',#3068,#2783,#3125,.T.);
#3125 = CIRCLE('',#3126,0.25);
#3126 = AXIS2_PLACEMENT_3D('',#3127,#3128,#3129);
#3127 = CARTESIAN_POINT('',(0.42,2.6,-0.549999999999));
#3128 = DIRECTION('',(1.,0.,0.));
#3129 = DIRECTION('',(0.,0.,-1.));
#3130 = ORIENTED_EDGE('',*,*,#2808,.F.);
#3131 = ORIENTED_EDGE('',*,*,#3109,.F.);
#3132 = ORIENTED_EDGE('',*,*,#3075,.T.);
#3133 = CYLINDRICAL_SURFACE('',#3134,0.25);
#3134 = AXIS2_PLACEMENT_3D('',#3135,#3136,#3137);
#3135 = CARTESIAN_POINT('',(0.849999999999,2.6,-0.549999999999));
#3136 = DIRECTION('',(-1.,0.,0.));
#3137 = DIRECTION('',(0.,0.,1.));
#3138 = ADVANCED_FACE('',(#3139),#3153,.F.);
#3139 = FACE_BOUND('',#3140,.T.);
#3140 = EDGE_LOOP('',(#3141,#3142,#3143,#3144,#3145,#3146,#3147,#3148,
    #3149,#3150,#3151,#3152));
#3141 = ORIENTED_EDGE('',*,*,#2782,.F.);
#3142 = ORIENTED_EDGE('',*,*,#3124,.F.);
#3143 = ORIENTED_EDGE('',*,*,#3067,.F.);
#3144 = ORIENTED_EDGE('',*,*,#3052,.F.);
#3145 = ORIENTED_EDGE('',*,*,#3003,.F.);
#3146 = ORIENTED_EDGE('',*,*,#964,.T.);
#3147 = ORIENTED_EDGE('',*,*,#2981,.T.);
#3148 = ORIENTED_EDGE('',*,*,#2948,.T.);
#3149 = ORIENTED_EDGE('',*,*,#2917,.T.);
#3150 = ORIENTED_EDGE('',*,*,#2902,.T.);
#3151 = ORIENTED_EDGE('',*,*,#2853,.T.);
#3152 = ORIENTED_EDGE('',*,*,#2822,.T.);
#3153 = PLANE('',#3154);
#3154 = AXIS2_PLACEMENT_3D('',#3155,#3156,#3157);
#3155 = CARTESIAN_POINT('',(0.42,2.6,-0.549999999999));
#3156 = DIRECTION('',(1.,0.,0.));
#3157 = DIRECTION('',(0.,0.,-1.));
#3158 = ADVANCED_FACE('',(#3159),#3193,.F.);
#3159 = FACE_BOUND('',#3160,.T.);
#3160 = EDGE_LOOP('',(#3161,#3171,#3179,#3187));
#3161 = ORIENTED_EDGE('',*,*,#3162,.T.);
#3162 = EDGE_CURVE('',#3163,#3165,#3167,.T.);
#3163 = VERTEX_POINT('',#3164);
#3164 = CARTESIAN_POINT('',(-0.85,2.6,-0.799999999999));
#3165 = VERTEX_POINT('',#3166);
#3166 = CARTESIAN_POINT('',(-0.85,3.,-0.799999999999));
#3167 = LINE('',#3168,#3169);
#3168 = CARTESIAN_POINT('',(-0.85,2.6,-0.799999999999));
#3169 = VECTOR('',#3170,1.);
#3170 = DIRECTION('',(0.,1.,0.));
#3171 = ORIENTED_EDGE('',*,*,#3172,.F.);
#3172 = EDGE_CURVE('',#3173,#3165,#3175,.T.);
#3173 = VERTEX_POINT('',#3174);
#3174 = CARTESIAN_POINT('',(-0.42,3.,-0.799999999999));
#3175 = LINE('',#3176,#3177);
#3176 = CARTESIAN_POINT('',(-0.42,3.,-0.799999999999));
#3177 = VECTOR('',#3178,1.);
#3178 = DIRECTION('',(-1.,0.,0.));
#3179 = ORIENTED_EDGE('',*,*,#3180,.F.);
#3180 = EDGE_CURVE('',#3181,#3173,#3183,.T.);
#3181 = VERTEX_POINT('',#3182);
#3182 = CARTESIAN_POINT('',(-0.42,2.6,-0.799999999999));
#3183 = LINE('',#3184,#3185);
#3184 = CARTESIAN_POINT('',(-0.42,2.6,-0.799999999999));
#3185 = VECTOR('',#3186,1.);
#3186 = DIRECTION('',(0.,1.,0.));
#3187 = ORIENTED_EDGE('',*,*,#3188,.T.);
#3188 = EDGE_CURVE('',#3181,#3163,#3189,.T.);
#3189 = LINE('',#3190,#3191);
#3190 = CARTESIAN_POINT('',(-0.42,2.6,-0.799999999999));
#3191 = VECTOR('',#3192,1.);
#3192 = DIRECTION('',(-1.,0.,0.));
#3193 = PLANE('',#3194);
#3194 = AXIS2_PLACEMENT_3D('',#3195,#3196,#3197);
#3195 = CARTESIAN_POINT('',(-0.42,2.6,-0.799999999999));
#3196 = DIRECTION('',(0.,0.,1.));
#3197 = DIRECTION('',(1.,0.,-0.));
#3198 = ADVANCED_FACE('',(#3199),#3224,.T.);
#3199 = FACE_BOUND('',#3200,.T.);
#3200 = EDGE_LOOP('',(#3201,#3209,#3217,#3223));
#3201 = ORIENTED_EDGE('',*,*,#3202,.F.);
#3202 = EDGE_CURVE('',#3203,#3165,#3205,.T.);
#3203 = VERTEX_POINT('',#3204);
#3204 = CARTESIAN_POINT('',(-0.85,3.,-0.599999999999));
#3205 = LINE('',#3206,#3207);
#3206 = CARTESIAN_POINT('',(-0.85,3.,-0.599999999999));
#3207 = VECTOR('',#3208,1.);
#3208 = DIRECTION('',(0.,0.,-1.));
#3209 = ORIENTED_EDGE('',*,*,#3210,.F.);
#3210 = EDGE_CURVE('',#3211,#3203,#3213,.T.);
#3211 = VERTEX_POINT('',#3212);
#3212 = CARTESIAN_POINT('',(-0.42,3.,-0.599999999999));
#3213 = LINE('',#3214,#3215);
#3214 = CARTESIAN_POINT('',(-0.42,3.,-0.599999999999));
#3215 = VECTOR('',#3216,1.);
#3216 = DIRECTION('',(-1.,0.,0.));
#3217 = ORIENTED_EDGE('',*,*,#3218,.T.);
#3218 = EDGE_CURVE('',#3211,#3173,#3219,.T.);
#3219 = LINE('',#3220,#3221);
#3220 = CARTESIAN_POINT('',(-0.42,3.,-0.599999999999));
#3221 = VECTOR('',#3222,1.);
#3222 = DIRECTION('',(0.,0.,-1.));
#3223 = ORIENTED_EDGE('',*,*,#3172,.T.);
#3224 = PLANE('',#3225);
#3225 = AXIS2_PLACEMENT_3D('',#3226,#3227,#3228);
#3226 = CARTESIAN_POINT('',(-0.42,3.,-0.599999999999));
#3227 = DIRECTION('',(0.,1.,0.));
#3228 = DIRECTION('',(0.,-0.,1.));
#3229 = ADVANCED_FACE('',(#3230),#3255,.T.);
#3230 = FACE_BOUND('',#3231,.T.);
#3231 = EDGE_LOOP('',(#3232,#3240,#3248,#3254));
#3232 = ORIENTED_EDGE('',*,*,#3233,.F.);
#3233 = EDGE_CURVE('',#3234,#3203,#3236,.T.);
#3234 = VERTEX_POINT('',#3235);
#3235 = CARTESIAN_POINT('',(-0.85,2.6,-0.6));
#3236 = LINE('',#3237,#3238);
#3237 = CARTESIAN_POINT('',(-0.85,2.6,-0.599999999999));
#3238 = VECTOR('',#3239,1.);
#3239 = DIRECTION('',(0.,1.,0.));
#3240 = ORIENTED_EDGE('',*,*,#3241,.F.);
#3241 = EDGE_CURVE('',#3242,#3234,#3244,.T.);
#3242 = VERTEX_POINT('',#3243);
#3243 = CARTESIAN_POINT('',(-0.42,2.6,-0.6));
#3244 = LINE('',#3245,#3246);
#3245 = CARTESIAN_POINT('',(-0.42,2.6,-0.6));
#3246 = VECTOR('',#3247,1.);
#3247 = DIRECTION('',(-1.,0.,0.));
#3248 = ORIENTED_EDGE('',*,*,#3249,.T.);
#3249 = EDGE_CURVE('',#3242,#3211,#3250,.T.);
#3250 = LINE('',#3251,#3252);
#3251 = CARTESIAN_POINT('',(-0.42,2.6,-0.599999999999));
#3252 = VECTOR('',#3253,1.);
#3253 = DIRECTION('',(0.,1.,0.));
#3254 = ORIENTED_EDGE('',*,*,#3210,.T.);
#3255 = PLANE('',#3256);
#3256 = AXIS2_PLACEMENT_3D('',#3257,#3258,#3259);
#3257 = CARTESIAN_POINT('',(-0.42,2.6,-0.599999999999));
#3258 = DIRECTION('',(0.,0.,1.));
#3259 = DIRECTION('',(1.,0.,-0.));
#3260 = ADVANCED_FACE('',(#3261),#3288,.F.);
#3261 = FACE_BOUND('',#3262,.F.);
#3262 = EDGE_LOOP('',(#3263,#3264,#3273,#3281));
#3263 = ORIENTED_EDGE('',*,*,#3241,.F.);
#3264 = ORIENTED_EDGE('',*,*,#3265,.F.);
#3265 = EDGE_CURVE('',#3266,#3242,#3268,.T.);
#3266 = VERTEX_POINT('',#3267);
#3267 = CARTESIAN_POINT('',(-0.42,2.55,-0.549999999999));
#3268 = CIRCLE('',#3269,5.E-02);
#3269 = AXIS2_PLACEMENT_3D('',#3270,#3271,#3272);
#3270 = CARTESIAN_POINT('',(-0.42,2.6,-0.549999999999));
#3271 = DIRECTION('',(1.,0.,0.));
#3272 = DIRECTION('',(0.,0.,-1.));
#3273 = ORIENTED_EDGE('',*,*,#3274,.T.);
#3274 = EDGE_CURVE('',#3266,#3275,#3277,.T.);
#3275 = VERTEX_POINT('',#3276);
#3276 = CARTESIAN_POINT('',(-0.85,2.55,-0.549999999999));
#3277 = LINE('',#3278,#3279);
#3278 = CARTESIAN_POINT('',(-0.42,2.55,-0.549999999999));
#3279 = VECTOR('',#3280,1.);
#3280 = DIRECTION('',(-1.,0.,0.));
#3281 = ORIENTED_EDGE('',*,*,#3282,.T.);
#3282 = EDGE_CURVE('',#3275,#3234,#3283,.T.);
#3283 = CIRCLE('',#3284,5.E-02);
#3284 = AXIS2_PLACEMENT_3D('',#3285,#3286,#3287);
#3285 = CARTESIAN_POINT('',(-0.85,2.6,-0.549999999999));
#3286 = DIRECTION('',(1.,0.,0.));
#3287 = DIRECTION('',(0.,0.,-1.));
#3288 = CYLINDRICAL_SURFACE('',#3289,5.E-02);
#3289 = AXIS2_PLACEMENT_3D('',#3290,#3291,#3292);
#3290 = CARTESIAN_POINT('',(-0.42,2.6,-0.549999999999));
#3291 = DIRECTION('',(-1.,0.,0.));
#3292 = DIRECTION('',(0.,0.,1.));
#3293 = ADVANCED_FACE('',(#3294),#3319,.T.);
#3294 = FACE_BOUND('',#3295,.T.);
#3295 = EDGE_LOOP('',(#3296,#3304,#3312,#3318));
#3296 = ORIENTED_EDGE('',*,*,#3297,.F.);
#3297 = EDGE_CURVE('',#3298,#3275,#3300,.T.);
#3298 = VERTEX_POINT('',#3299);
#3299 = CARTESIAN_POINT('',(-0.85,2.55,-0.149999999999));
#3300 = LINE('',#3301,#3302);
#3301 = CARTESIAN_POINT('',(-0.85,2.55,-0.15));
#3302 = VECTOR('',#3303,1.);
#3303 = DIRECTION('',(0.,0.,-1.));
#3304 = ORIENTED_EDGE('',*,*,#3305,.F.);
#3305 = EDGE_CURVE('',#3306,#3298,#3308,.T.);
#3306 = VERTEX_POINT('',#3307);
#3307 = CARTESIAN_POINT('',(-0.42,2.55,-0.149999999999));
#3308 = LINE('',#3309,#3310);
#3309 = CARTESIAN_POINT('',(-0.42,2.55,-0.149999999999));
#3310 = VECTOR('',#3311,1.);
#3311 = DIRECTION('',(-1.,0.,0.));
#3312 = ORIENTED_EDGE('',*,*,#3313,.T.);
#3313 = EDGE_CURVE('',#3306,#3266,#3314,.T.);
#3314 = LINE('',#3315,#3316);
#3315 = CARTESIAN_POINT('',(-0.42,2.55,-0.15));
#3316 = VECTOR('',#3317,1.);
#3317 = DIRECTION('',(0.,0.,-1.));
#3318 = ORIENTED_EDGE('',*,*,#3274,.T.);
#3319 = PLANE('',#3320);
#3320 = AXIS2_PLACEMENT_3D('',#3321,#3322,#3323);
#3321 = CARTESIAN_POINT('',(-0.42,2.55,-0.15));
#3322 = DIRECTION('',(0.,1.,0.));
#3323 = DIRECTION('',(0.,-0.,1.));
#3324 = ADVANCED_FACE('',(#3325),#3352,.T.);
#3325 = FACE_BOUND('',#3326,.T.);
#3326 = EDGE_LOOP('',(#3327,#3336,#3344,#3351));
#3327 = ORIENTED_EDGE('',*,*,#3328,.F.);
#3328 = EDGE_CURVE('',#3329,#3298,#3331,.T.);
#3329 = VERTEX_POINT('',#3330);
#3330 = CARTESIAN_POINT('',(-0.85,2.299999999999,9.9999999999E-02));
#3331 = CIRCLE('',#3332,0.25);
#3332 = AXIS2_PLACEMENT_3D('',#3333,#3334,#3335);
#3333 = CARTESIAN_POINT('',(-0.85,2.299999999999,-0.15));
#3334 = DIRECTION('',(-1.,0.,0.));
#3335 = DIRECTION('',(0.,0.,1.));
#3336 = ORIENTED_EDGE('',*,*,#3337,.F.);
#3337 = EDGE_CURVE('',#3338,#3329,#3340,.T.);
#3338 = VERTEX_POINT('',#3339);
#3339 = CARTESIAN_POINT('',(-0.42,2.299999999999,9.9999999999E-02));
#3340 = LINE('',#3341,#3342);
#3341 = CARTESIAN_POINT('',(-0.42,2.299999999999,9.9999999999E-02));
#3342 = VECTOR('',#3343,1.);
#3343 = DIRECTION('',(-1.,0.,0.));
#3344 = ORIENTED_EDGE('',*,*,#3345,.T.);
#3345 = EDGE_CURVE('',#3338,#3306,#3346,.T.);
#3346 = CIRCLE('',#3347,0.25);
#3347 = AXIS2_PLACEMENT_3D('',#3348,#3349,#3350);
#3348 = CARTESIAN_POINT('',(-0.42,2.299999999999,-0.15));
#3349 = DIRECTION('',(-1.,0.,0.));
#3350 = DIRECTION('',(0.,0.,1.));
#3351 = ORIENTED_EDGE('',*,*,#3305,.T.);
#3352 = CYLINDRICAL_SURFACE('',#3353,0.25);
#3353 = AXIS2_PLACEMENT_3D('',#3354,#3355,#3356);
#3354 = CARTESIAN_POINT('',(-0.42,2.299999999999,-0.15));
#3355 = DIRECTION('',(-1.,0.,0.));
#3356 = DIRECTION('',(0.,0.,1.));
#3357 = ADVANCED_FACE('',(#3358),#3374,.T.);
#3358 = FACE_BOUND('',#3359,.T.);
#3359 = EDGE_LOOP('',(#3360,#3366,#3367,#3373));
#3360 = ORIENTED_EDGE('',*,*,#3361,.F.);
#3361 = EDGE_CURVE('',#917,#3329,#3362,.T.);
#3362 = LINE('',#3363,#3364);
#3363 = CARTESIAN_POINT('',(-0.85,1.95,0.1));
#3364 = VECTOR('',#3365,1.);
#3365 = DIRECTION('',(0.,1.,-3.872150616019E-17));
#3366 = ORIENTED_EDGE('',*,*,#1484,.F.);
#3367 = ORIENTED_EDGE('',*,*,#3368,.T.);
#3368 = EDGE_CURVE('',#949,#3338,#3369,.T.);
#3369 = LINE('',#3370,#3371);
#3370 = CARTESIAN_POINT('',(-0.42,1.95,0.1));
#3371 = VECTOR('',#3372,1.);
#3372 = DIRECTION('',(0.,1.,-3.872150616019E-17));
#3373 = ORIENTED_EDGE('',*,*,#3337,.T.);
#3374 = PLANE('',#3375);
#3375 = AXIS2_PLACEMENT_3D('',#3376,#3377,#3378);
#3376 = CARTESIAN_POINT('',(-0.42,1.95,0.1));
#3377 = DIRECTION('',(0.,3.872150616019E-17,1.));
#3378 = DIRECTION('',(0.,-1.,3.872150616019E-17));
#3379 = ADVANCED_FACE('',(#3380),#3405,.F.);
#3380 = FACE_BOUND('',#3381,.T.);
#3381 = EDGE_LOOP('',(#3382,#3390,#3398,#3404));
#3382 = ORIENTED_EDGE('',*,*,#3383,.T.);
#3383 = EDGE_CURVE('',#899,#3384,#3386,.T.);
#3384 = VERTEX_POINT('',#3385);
#3385 = CARTESIAN_POINT('',(-0.85,2.299999999999,-9.9999999999E-02));
#3386 = LINE('',#3387,#3388);
#3387 = CARTESIAN_POINT('',(-0.85,1.95,-0.1));
#3388 = VECTOR('',#3389,1.);
#3389 = DIRECTION('',(0.,1.,-3.872150616019E-17));
#3390 = ORIENTED_EDGE('',*,*,#3391,.F.);
#3391 = EDGE_CURVE('',#3392,#3384,#3394,.T.);
#3392 = VERTEX_POINT('',#3393);
#3393 = CARTESIAN_POINT('',(-0.42,2.299999999999,-9.9999999999E-02));
#3394 = LINE('',#3395,#3396);
#3395 = CARTESIAN_POINT('',(-0.42,2.299999999999,-9.9999999999E-02));
#3396 = VECTOR('',#3397,1.);
#3397 = DIRECTION('',(-1.,0.,0.));
#3398 = ORIENTED_EDGE('',*,*,#3399,.F.);
#3399 = EDGE_CURVE('',#941,#3392,#3400,.T.);
#3400 = LINE('',#3401,#3402);
#3401 = CARTESIAN_POINT('',(-0.42,1.95,-0.1));
#3402 = VECTOR('',#3403,1.);
#3403 = DIRECTION('',(0.,1.,-3.872150616019E-17));
#3404 = ORIENTED_EDGE('',*,*,#1728,.T.);
#3405 = PLANE('',#3406);
#3406 = AXIS2_PLACEMENT_3D('',#3407,#3408,#3409);
#3407 = CARTESIAN_POINT('',(-0.42,1.95,-0.1));
#3408 = DIRECTION('',(0.,3.872150616019E-17,1.));
#3409 = DIRECTION('',(0.,-1.,3.872150616019E-17));
#3410 = ADVANCED_FACE('',(#3411),#3438,.F.);
#3411 = FACE_BOUND('',#3412,.F.);
#3412 = EDGE_LOOP('',(#3413,#3414,#3423,#3431));
#3413 = ORIENTED_EDGE('',*,*,#3391,.F.);
#3414 = ORIENTED_EDGE('',*,*,#3415,.T.);
#3415 = EDGE_CURVE('',#3392,#3416,#3418,.T.);
#3416 = VERTEX_POINT('',#3417);
#3417 = CARTESIAN_POINT('',(-0.42,2.35,-0.149999999999));
#3418 = CIRCLE('',#3419,5.E-02);
#3419 = AXIS2_PLACEMENT_3D('',#3420,#3421,#3422);
#3420 = CARTESIAN_POINT('',(-0.42,2.299999999999,-0.15));
#3421 = DIRECTION('',(-1.,0.,0.));
#3422 = DIRECTION('',(0.,0.,-1.));
#3423 = ORIENTED_EDGE('',*,*,#3424,.T.);
#3424 = EDGE_CURVE('',#3416,#3425,#3427,.T.);
#3425 = VERTEX_POINT('',#3426);
#3426 = CARTESIAN_POINT('',(-0.85,2.35,-0.149999999999));
#3427 = LINE('',#3428,#3429);
#3428 = CARTESIAN_POINT('',(-0.42,2.35,-0.149999999999));
#3429 = VECTOR('',#3430,1.);
#3430 = DIRECTION('',(-1.,0.,0.));
#3431 = ORIENTED_EDGE('',*,*,#3432,.F.);
#3432 = EDGE_CURVE('',#3384,#3425,#3433,.T.);
#3433 = CIRCLE('',#3434,5.E-02);
#3434 = AXIS2_PLACEMENT_3D('',#3435,#3436,#3437);
#3435 = CARTESIAN_POINT('',(-0.85,2.299999999999,-0.15));
#3436 = DIRECTION('',(-1.,0.,0.));
#3437 = DIRECTION('',(0.,0.,-1.));
#3438 = CYLINDRICAL_SURFACE('',#3439,5.E-02);
#3439 = AXIS2_PLACEMENT_3D('',#3440,#3441,#3442);
#3440 = CARTESIAN_POINT('',(-0.42,2.299999999999,-0.15));
#3441 = DIRECTION('',(-1.,0.,0.));
#3442 = DIRECTION('',(0.,0.,1.));
#3443 = ADVANCED_FACE('',(#3444),#3469,.F.);
#3444 = FACE_BOUND('',#3445,.T.);
#3445 = EDGE_LOOP('',(#3446,#3454,#3462,#3468));
#3446 = ORIENTED_EDGE('',*,*,#3447,.T.);
#3447 = EDGE_CURVE('',#3425,#3448,#3450,.T.);
#3448 = VERTEX_POINT('',#3449);
#3449 = CARTESIAN_POINT('',(-0.85,2.35,-0.549999999999));
#3450 = LINE('',#3451,#3452);
#3451 = CARTESIAN_POINT('',(-0.85,2.35,-0.15));
#3452 = VECTOR('',#3453,1.);
#3453 = DIRECTION('',(0.,0.,-1.));
#3454 = ORIENTED_EDGE('',*,*,#3455,.F.);
#3455 = EDGE_CURVE('',#3456,#3448,#3458,.T.);
#3456 = VERTEX_POINT('',#3457);
#3457 = CARTESIAN_POINT('',(-0.42,2.35,-0.549999999999));
#3458 = LINE('',#3459,#3460);
#3459 = CARTESIAN_POINT('',(-0.42,2.35,-0.549999999999));
#3460 = VECTOR('',#3461,1.);
#3461 = DIRECTION('',(-1.,0.,0.));
#3462 = ORIENTED_EDGE('',*,*,#3463,.F.);
#3463 = EDGE_CURVE('',#3416,#3456,#3464,.T.);
#3464 = LINE('',#3465,#3466);
#3465 = CARTESIAN_POINT('',(-0.42,2.35,-0.15));
#3466 = VECTOR('',#3467,1.);
#3467 = DIRECTION('',(0.,0.,-1.));
#3468 = ORIENTED_EDGE('',*,*,#3424,.T.);
#3469 = PLANE('',#3470);
#3470 = AXIS2_PLACEMENT_3D('',#3471,#3472,#3473);
#3471 = CARTESIAN_POINT('',(-0.42,2.35,-0.15));
#3472 = DIRECTION('',(0.,1.,0.));
#3473 = DIRECTION('',(0.,-0.,1.));
#3474 = ADVANCED_FACE('',(#3475),#3495,.T.);
#3475 = FACE_BOUND('',#3476,.T.);
#3476 = EDGE_LOOP('',(#3477,#3478,#3479,#3480,#3481,#3482,#3483,#3484,
    #3485,#3486,#3487,#3488));
#3477 = ORIENTED_EDGE('',*,*,#3180,.T.);
#3478 = ORIENTED_EDGE('',*,*,#3218,.F.);
#3479 = ORIENTED_EDGE('',*,*,#3249,.F.);
#3480 = ORIENTED_EDGE('',*,*,#3265,.F.);
#3481 = ORIENTED_EDGE('',*,*,#3313,.F.);
#3482 = ORIENTED_EDGE('',*,*,#3345,.F.);
#3483 = ORIENTED_EDGE('',*,*,#3368,.F.);
#3484 = ORIENTED_EDGE('',*,*,#948,.F.);
#3485 = ORIENTED_EDGE('',*,*,#3399,.T.);
#3486 = ORIENTED_EDGE('',*,*,#3415,.T.);
#3487 = ORIENTED_EDGE('',*,*,#3463,.T.);
#3488 = ORIENTED_EDGE('',*,*,#3489,.T.);
#3489 = EDGE_CURVE('',#3456,#3181,#3490,.T.);
#3490 = CIRCLE('',#3491,0.25);
#3491 = AXIS2_PLACEMENT_3D('',#3492,#3493,#3494);
#3492 = CARTESIAN_POINT('',(-0.42,2.6,-0.549999999999));
#3493 = DIRECTION('',(1.,0.,0.));
#3494 = DIRECTION('',(0.,0.,-1.));
#3495 = PLANE('',#3496);
#3496 = AXIS2_PLACEMENT_3D('',#3497,#3498,#3499);
#3497 = CARTESIAN_POINT('',(-0.42,2.6,-0.549999999999));
#3498 = DIRECTION('',(1.,0.,0.));
#3499 = DIRECTION('',(0.,0.,-1.));
#3500 = ADVANCED_FACE('',(#3501),#3513,.T.);
#3501 = FACE_BOUND('',#3502,.T.);
#3502 = EDGE_LOOP('',(#3503,#3510,#3511,#3512));
#3503 = ORIENTED_EDGE('',*,*,#3504,.T.);
#3504 = EDGE_CURVE('',#3448,#3163,#3505,.T.);
#3505 = CIRCLE('',#3506,0.25);
#3506 = AXIS2_PLACEMENT_3D('',#3507,#3508,#3509);
#3507 = CARTESIAN_POINT('',(-0.85,2.6,-0.549999999999));
#3508 = DIRECTION('',(1.,0.,0.));
#3509 = DIRECTION('',(0.,0.,-1.));
#3510 = ORIENTED_EDGE('',*,*,#3188,.F.);
#3511 = ORIENTED_EDGE('',*,*,#3489,.F.);
#3512 = ORIENTED_EDGE('',*,*,#3455,.T.);
#3513 = CYLINDRICAL_SURFACE('',#3514,0.25);
#3514 = AXIS2_PLACEMENT_3D('',#3515,#3516,#3517);
#3515 = CARTESIAN_POINT('',(-0.42,2.6,-0.549999999999));
#3516 = DIRECTION('',(-1.,0.,0.));
#3517 = DIRECTION('',(0.,0.,1.));
#3518 = ADVANCED_FACE('',(#3519),#3533,.F.);
#3519 = FACE_BOUND('',#3520,.T.);
#3520 = EDGE_LOOP('',(#3521,#3522,#3523,#3524,#3525,#3526,#3527,#3528,
    #3529,#3530,#3531,#3532));
#3521 = ORIENTED_EDGE('',*,*,#3162,.F.);
#3522 = ORIENTED_EDGE('',*,*,#3504,.F.);
#3523 = ORIENTED_EDGE('',*,*,#3447,.F.);
#3524 = ORIENTED_EDGE('',*,*,#3432,.F.);
#3525 = ORIENTED_EDGE('',*,*,#3383,.F.);
#3526 = ORIENTED_EDGE('',*,*,#924,.T.);
#3527 = ORIENTED_EDGE('',*,*,#3361,.T.);
#3528 = ORIENTED_EDGE('',*,*,#3328,.T.);
#3529 = ORIENTED_EDGE('',*,*,#3297,.T.);
#3530 = ORIENTED_EDGE('',*,*,#3282,.T.);
#3531 = ORIENTED_EDGE('',*,*,#3233,.T.);
#3532 = ORIENTED_EDGE('',*,*,#3202,.T.);
#3533 = PLANE('',#3534);
#3534 = AXIS2_PLACEMENT_3D('',#3535,#3536,#3537);
#3535 = CARTESIAN_POINT('',(-0.85,2.6,-0.549999999999));
#3536 = DIRECTION('',(1.,0.,0.));
#3537 = DIRECTION('',(0.,0.,-1.));
#3538 = ADVANCED_FACE('',(#3539),#3573,.F.);
#3539 = FACE_BOUND('',#3540,.T.);
#3540 = EDGE_LOOP('',(#3541,#3551,#3559,#3567));
#3541 = ORIENTED_EDGE('',*,*,#3542,.T.);
#3542 = EDGE_CURVE('',#3543,#3545,#3547,.T.);
#3543 = VERTEX_POINT('',#3544);
#3544 = CARTESIAN_POINT('',(-2.12,2.6,-0.799999999999));
#3545 = VERTEX_POINT('',#3546);
#3546 = CARTESIAN_POINT('',(-2.12,3.,-0.799999999999));
#3547 = LINE('',#3548,#3549);
#3548 = CARTESIAN_POINT('',(-2.12,2.6,-0.799999999999));
#3549 = VECTOR('',#3550,1.);
#3550 = DIRECTION('',(0.,1.,0.));
#3551 = ORIENTED_EDGE('',*,*,#3552,.F.);
#3552 = EDGE_CURVE('',#3553,#3545,#3555,.T.);
#3553 = VERTEX_POINT('',#3554);
#3554 = CARTESIAN_POINT('',(-1.69,3.,-0.799999999999));
#3555 = LINE('',#3556,#3557);
#3556 = CARTESIAN_POINT('',(-1.69,3.,-0.799999999999));
#3557 = VECTOR('',#3558,1.);
#3558 = DIRECTION('',(-1.,0.,0.));
#3559 = ORIENTED_EDGE('',*,*,#3560,.F.);
#3560 = EDGE_CURVE('',#3561,#3553,#3563,.T.);
#3561 = VERTEX_POINT('',#3562);
#3562 = CARTESIAN_POINT('',(-1.69,2.6,-0.799999999999));
#3563 = LINE('',#3564,#3565);
#3564 = CARTESIAN_POINT('',(-1.69,2.6,-0.799999999999));
#3565 = VECTOR('',#3566,1.);
#3566 = DIRECTION('',(0.,1.,0.));
#3567 = ORIENTED_EDGE('',*,*,#3568,.T.);
#3568 = EDGE_CURVE('',#3561,#3543,#3569,.T.);
#3569 = LINE('',#3570,#3571);
#3570 = CARTESIAN_POINT('',(-1.69,2.6,-0.799999999999));
#3571 = VECTOR('',#3572,1.);
#3572 = DIRECTION('',(-1.,0.,0.));
#3573 = PLANE('',#3574);
#3574 = AXIS2_PLACEMENT_3D('',#3575,#3576,#3577);
#3575 = CARTESIAN_POINT('',(-1.69,2.6,-0.799999999999));
#3576 = DIRECTION('',(0.,0.,1.));
#3577 = DIRECTION('',(1.,0.,-0.));
#3578 = ADVANCED_FACE('',(#3579),#3604,.T.);
#3579 = FACE_BOUND('',#3580,.T.);
#3580 = EDGE_LOOP('',(#3581,#3589,#3597,#3603));
#3581 = ORIENTED_EDGE('',*,*,#3582,.F.);
#3582 = EDGE_CURVE('',#3583,#3545,#3585,.T.);
#3583 = VERTEX_POINT('',#3584);
#3584 = CARTESIAN_POINT('',(-2.12,3.,-0.599999999999));
#3585 = LINE('',#3586,#3587);
#3586 = CARTESIAN_POINT('',(-2.12,3.,-0.599999999999));
#3587 = VECTOR('',#3588,1.);
#3588 = DIRECTION('',(0.,0.,-1.));
#3589 = ORIENTED_EDGE('',*,*,#3590,.F.);
#3590 = EDGE_CURVE('',#3591,#3583,#3593,.T.);
#3591 = VERTEX_POINT('',#3592);
#3592 = CARTESIAN_POINT('',(-1.69,3.,-0.599999999999));
#3593 = LINE('',#3594,#3595);
#3594 = CARTESIAN_POINT('',(-1.69,3.,-0.599999999999));
#3595 = VECTOR('',#3596,1.);
#3596 = DIRECTION('',(-1.,0.,0.));
#3597 = ORIENTED_EDGE('',*,*,#3598,.T.);
#3598 = EDGE_CURVE('',#3591,#3553,#3599,.T.);
#3599 = LINE('',#3600,#3601);
#3600 = CARTESIAN_POINT('',(-1.69,3.,-0.599999999999));
#3601 = VECTOR('',#3602,1.);
#3602 = DIRECTION('',(0.,0.,-1.));
#3603 = ORIENTED_EDGE('',*,*,#3552,.T.);
#3604 = PLANE('',#3605);
#3605 = AXIS2_PLACEMENT_3D('',#3606,#3607,#3608);
#3606 = CARTESIAN_POINT('',(-1.69,3.,-0.599999999999));
#3607 = DIRECTION('',(0.,1.,0.));
#3608 = DIRECTION('',(0.,-0.,1.));
#3609 = ADVANCED_FACE('',(#3610),#3635,.T.);
#3610 = FACE_BOUND('',#3611,.T.);
#3611 = EDGE_LOOP('',(#3612,#3620,#3628,#3634));
#3612 = ORIENTED_EDGE('',*,*,#3613,.F.);
#3613 = EDGE_CURVE('',#3614,#3583,#3616,.T.);
#3614 = VERTEX_POINT('',#3615);
#3615 = CARTESIAN_POINT('',(-2.12,2.6,-0.6));
#3616 = LINE('',#3617,#3618);
#3617 = CARTESIAN_POINT('',(-2.12,2.6,-0.599999999999));
#3618 = VECTOR('',#3619,1.);
#3619 = DIRECTION('',(0.,1.,0.));
#3620 = ORIENTED_EDGE('',*,*,#3621,.F.);
#3621 = EDGE_CURVE('',#3622,#3614,#3624,.T.);
#3622 = VERTEX_POINT('',#3623);
#3623 = CARTESIAN_POINT('',(-1.69,2.6,-0.6));
#3624 = LINE('',#3625,#3626);
#3625 = CARTESIAN_POINT('',(-1.69,2.6,-0.6));
#3626 = VECTOR('',#3627,1.);
#3627 = DIRECTION('',(-1.,0.,0.));
#3628 = ORIENTED_EDGE('',*,*,#3629,.T.);
#3629 = EDGE_CURVE('',#3622,#3591,#3630,.T.);
#3630 = LINE('',#3631,#3632);
#3631 = CARTESIAN_POINT('',(-1.69,2.6,-0.599999999999));
#3632 = VECTOR('',#3633,1.);
#3633 = DIRECTION('',(0.,1.,0.));
#3634 = ORIENTED_EDGE('',*,*,#3590,.T.);
#3635 = PLANE('',#3636);
#3636 = AXIS2_PLACEMENT_3D('',#3637,#3638,#3639);
#3637 = CARTESIAN_POINT('',(-1.69,2.6,-0.599999999999));
#3638 = DIRECTION('',(0.,0.,1.));
#3639 = DIRECTION('',(1.,0.,-0.));
#3640 = ADVANCED_FACE('',(#3641),#3668,.F.);
#3641 = FACE_BOUND('',#3642,.F.);
#3642 = EDGE_LOOP('',(#3643,#3644,#3653,#3661));
#3643 = ORIENTED_EDGE('',*,*,#3621,.F.);
#3644 = ORIENTED_EDGE('',*,*,#3645,.F.);
#3645 = EDGE_CURVE('',#3646,#3622,#3648,.T.);
#3646 = VERTEX_POINT('',#3647);
#3647 = CARTESIAN_POINT('',(-1.69,2.55,-0.549999999999));
#3648 = CIRCLE('',#3649,5.E-02);
#3649 = AXIS2_PLACEMENT_3D('',#3650,#3651,#3652);
#3650 = CARTESIAN_POINT('',(-1.69,2.6,-0.549999999999));
#3651 = DIRECTION('',(1.,0.,0.));
#3652 = DIRECTION('',(0.,0.,-1.));
#3653 = ORIENTED_EDGE('',*,*,#3654,.T.);
#3654 = EDGE_CURVE('',#3646,#3655,#3657,.T.);
#3655 = VERTEX_POINT('',#3656);
#3656 = CARTESIAN_POINT('',(-2.12,2.55,-0.549999999999));
#3657 = LINE('',#3658,#3659);
#3658 = CARTESIAN_POINT('',(-1.69,2.55,-0.549999999999));
#3659 = VECTOR('',#3660,1.);
#3660 = DIRECTION('',(-1.,0.,0.));
#3661 = ORIENTED_EDGE('',*,*,#3662,.T.);
#3662 = EDGE_CURVE('',#3655,#3614,#3663,.T.);
#3663 = CIRCLE('',#3664,5.E-02);
#3664 = AXIS2_PLACEMENT_3D('',#3665,#3666,#3667);
#3665 = CARTESIAN_POINT('',(-2.12,2.6,-0.549999999999));
#3666 = DIRECTION('',(1.,0.,0.));
#3667 = DIRECTION('',(0.,0.,-1.));
#3668 = CYLINDRICAL_SURFACE('',#3669,5.E-02);
#3669 = AXIS2_PLACEMENT_3D('',#3670,#3671,#3672);
#3670 = CARTESIAN_POINT('',(-1.69,2.6,-0.549999999999));
#3671 = DIRECTION('',(-1.,0.,0.));
#3672 = DIRECTION('',(0.,0.,1.));
#3673 = ADVANCED_FACE('',(#3674),#3699,.T.);
#3674 = FACE_BOUND('',#3675,.T.);
#3675 = EDGE_LOOP('',(#3676,#3684,#3692,#3698));
#3676 = ORIENTED_EDGE('',*,*,#3677,.F.);
#3677 = EDGE_CURVE('',#3678,#3655,#3680,.T.);
#3678 = VERTEX_POINT('',#3679);
#3679 = CARTESIAN_POINT('',(-2.12,2.55,-0.149999999999));
#3680 = LINE('',#3681,#3682);
#3681 = CARTESIAN_POINT('',(-2.12,2.55,-0.15));
#3682 = VECTOR('',#3683,1.);
#3683 = DIRECTION('',(0.,0.,-1.));
#3684 = ORIENTED_EDGE('',*,*,#3685,.F.);
#3685 = EDGE_CURVE('',#3686,#3678,#3688,.T.);
#3686 = VERTEX_POINT('',#3687);
#3687 = CARTESIAN_POINT('',(-1.69,2.55,-0.149999999999));
#3688 = LINE('',#3689,#3690);
#3689 = CARTESIAN_POINT('',(-1.69,2.55,-0.149999999999));
#3690 = VECTOR('',#3691,1.);
#3691 = DIRECTION('',(-1.,0.,0.));
#3692 = ORIENTED_EDGE('',*,*,#3693,.T.);
#3693 = EDGE_CURVE('',#3686,#3646,#3694,.T.);
#3694 = LINE('',#3695,#3696);
#3695 = CARTESIAN_POINT('',(-1.69,2.55,-0.15));
#3696 = VECTOR('',#3697,1.);
#3697 = DIRECTION('',(0.,0.,-1.));
#3698 = ORIENTED_EDGE('',*,*,#3654,.T.);
#3699 = PLANE('',#3700);
#3700 = AXIS2_PLACEMENT_3D('',#3701,#3702,#3703);
#3701 = CARTESIAN_POINT('',(-1.69,2.55,-0.15));
#3702 = DIRECTION('',(0.,1.,0.));
#3703 = DIRECTION('',(0.,-0.,1.));
#3704 = ADVANCED_FACE('',(#3705),#3732,.T.);
#3705 = FACE_BOUND('',#3706,.T.);
#3706 = EDGE_LOOP('',(#3707,#3716,#3724,#3731));
#3707 = ORIENTED_EDGE('',*,*,#3708,.F.);
#3708 = EDGE_CURVE('',#3709,#3678,#3711,.T.);
#3709 = VERTEX_POINT('',#3710);
#3710 = CARTESIAN_POINT('',(-2.12,2.299999999999,9.9999999999E-02));
#3711 = CIRCLE('',#3712,0.25);
#3712 = AXIS2_PLACEMENT_3D('',#3713,#3714,#3715);
#3713 = CARTESIAN_POINT('',(-2.12,2.299999999999,-0.15));
#3714 = DIRECTION('',(-1.,0.,0.));
#3715 = DIRECTION('',(0.,0.,1.));
#3716 = ORIENTED_EDGE('',*,*,#3717,.F.);
#3717 = EDGE_CURVE('',#3718,#3709,#3720,.T.);
#3718 = VERTEX_POINT('',#3719);
#3719 = CARTESIAN_POINT('',(-1.69,2.299999999999,9.9999999999E-02));
#3720 = LINE('',#3721,#3722);
#3721 = CARTESIAN_POINT('',(-1.69,2.299999999999,9.9999999999E-02));
#3722 = VECTOR('',#3723,1.);
#3723 = DIRECTION('',(-1.,0.,0.));
#3724 = ORIENTED_EDGE('',*,*,#3725,.T.);
#3725 = EDGE_CURVE('',#3718,#3686,#3726,.T.);
#3726 = CIRCLE('',#3727,0.25);
#3727 = AXIS2_PLACEMENT_3D('',#3728,#3729,#3730);
#3728 = CARTESIAN_POINT('',(-1.69,2.299999999999,-0.15));
#3729 = DIRECTION('',(-1.,0.,0.));
#3730 = DIRECTION('',(0.,0.,1.));
#3731 = ORIENTED_EDGE('',*,*,#3685,.T.);
#3732 = CYLINDRICAL_SURFACE('',#3733,0.25);
#3733 = AXIS2_PLACEMENT_3D('',#3734,#3735,#3736);
#3734 = CARTESIAN_POINT('',(-1.69,2.299999999999,-0.15));
#3735 = DIRECTION('',(-1.,0.,0.));
#3736 = DIRECTION('',(0.,0.,1.));
#3737 = ADVANCED_FACE('',(#3738),#3754,.T.);
#3738 = FACE_BOUND('',#3739,.T.);
#3739 = EDGE_LOOP('',(#3740,#3746,#3747,#3753));
#3740 = ORIENTED_EDGE('',*,*,#3741,.F.);
#3741 = EDGE_CURVE('',#861,#3709,#3742,.T.);
#3742 = LINE('',#3743,#3744);
#3743 = CARTESIAN_POINT('',(-2.12,1.95,0.1));
#3744 = VECTOR('',#3745,1.);
#3745 = DIRECTION('',(0.,1.,-3.872150616019E-17));
#3746 = ORIENTED_EDGE('',*,*,#1491,.F.);
#3747 = ORIENTED_EDGE('',*,*,#3748,.T.);
#3748 = EDGE_CURVE('',#909,#3718,#3749,.T.);
#3749 = LINE('',#3750,#3751);
#3750 = CARTESIAN_POINT('',(-1.69,1.95,0.1));
#3751 = VECTOR('',#3752,1.);
#3752 = DIRECTION('',(0.,1.,-3.872150616019E-17));
#3753 = ORIENTED_EDGE('',*,*,#3717,.T.);
#3754 = PLANE('',#3755);
#3755 = AXIS2_PLACEMENT_3D('',#3756,#3757,#3758);
#3756 = CARTESIAN_POINT('',(-1.69,1.95,0.1));
#3757 = DIRECTION('',(0.,3.872150616019E-17,1.));
#3758 = DIRECTION('',(0.,-1.,3.872150616019E-17));
#3759 = ADVANCED_FACE('',(#3760),#3785,.F.);
#3760 = FACE_BOUND('',#3761,.T.);
#3761 = EDGE_LOOP('',(#3762,#3770,#3778,#3784));
#3762 = ORIENTED_EDGE('',*,*,#3763,.T.);
#3763 = EDGE_CURVE('',#859,#3764,#3766,.T.);
#3764 = VERTEX_POINT('',#3765);
#3765 = CARTESIAN_POINT('',(-2.12,2.299999999999,-9.9999999999E-02));
#3766 = LINE('',#3767,#3768);
#3767 = CARTESIAN_POINT('',(-2.12,1.95,-0.1));
#3768 = VECTOR('',#3769,1.);
#3769 = DIRECTION('',(0.,1.,-3.872150616019E-17));
#3770 = ORIENTED_EDGE('',*,*,#3771,.F.);
#3771 = EDGE_CURVE('',#3772,#3764,#3774,.T.);
#3772 = VERTEX_POINT('',#3773);
#3773 = CARTESIAN_POINT('',(-1.69,2.299999999999,-9.9999999999E-02));
#3774 = LINE('',#3775,#3776);
#3775 = CARTESIAN_POINT('',(-1.69,2.299999999999,-9.9999999999E-02));
#3776 = VECTOR('',#3777,1.);
#3777 = DIRECTION('',(-1.,0.,0.));
#3778 = ORIENTED_EDGE('',*,*,#3779,.F.);
#3779 = EDGE_CURVE('',#901,#3772,#3780,.T.);
#3780 = LINE('',#3781,#3782);
#3781 = CARTESIAN_POINT('',(-1.69,1.95,-0.1));
#3782 = VECTOR('',#3783,1.);
#3783 = DIRECTION('',(0.,1.,-3.872150616019E-17));
#3784 = ORIENTED_EDGE('',*,*,#1721,.T.);
#3785 = PLANE('',#3786);
#3786 = AXIS2_PLACEMENT_3D('',#3787,#3788,#3789);
#3787 = CARTESIAN_POINT('',(-1.69,1.95,-0.1));
#3788 = DIRECTION('',(0.,3.872150616019E-17,1.));
#3789 = DIRECTION('',(0.,-1.,3.872150616019E-17));
#3790 = ADVANCED_FACE('',(#3791),#3818,.F.);
#3791 = FACE_BOUND('',#3792,.F.);
#3792 = EDGE_LOOP('',(#3793,#3794,#3803,#3811));
#3793 = ORIENTED_EDGE('',*,*,#3771,.F.);
#3794 = ORIENTED_EDGE('',*,*,#3795,.T.);
#3795 = EDGE_CURVE('',#3772,#3796,#3798,.T.);
#3796 = VERTEX_POINT('',#3797);
#3797 = CARTESIAN_POINT('',(-1.69,2.35,-0.149999999999));
#3798 = CIRCLE('',#3799,5.E-02);
#3799 = AXIS2_PLACEMENT_3D('',#3800,#3801,#3802);
#3800 = CARTESIAN_POINT('',(-1.69,2.299999999999,-0.15));
#3801 = DIRECTION('',(-1.,0.,0.));
#3802 = DIRECTION('',(0.,0.,-1.));
#3803 = ORIENTED_EDGE('',*,*,#3804,.T.);
#3804 = EDGE_CURVE('',#3796,#3805,#3807,.T.);
#3805 = VERTEX_POINT('',#3806);
#3806 = CARTESIAN_POINT('',(-2.12,2.35,-0.149999999999));
#3807 = LINE('',#3808,#3809);
#3808 = CARTESIAN_POINT('',(-1.69,2.35,-0.149999999999));
#3809 = VECTOR('',#3810,1.);
#3810 = DIRECTION('',(-1.,0.,0.));
#3811 = ORIENTED_EDGE('',*,*,#3812,.F.);
#3812 = EDGE_CURVE('',#3764,#3805,#3813,.T.);
#3813 = CIRCLE('',#3814,5.E-02);
#3814 = AXIS2_PLACEMENT_3D('',#3815,#3816,#3817);
#3815 = CARTESIAN_POINT('',(-2.12,2.299999999999,-0.15));
#3816 = DIRECTION('',(-1.,0.,0.));
#3817 = DIRECTION('',(0.,0.,-1.));
#3818 = CYLINDRICAL_SURFACE('',#3819,5.E-02);
#3819 = AXIS2_PLACEMENT_3D('',#3820,#3821,#3822);
#3820 = CARTESIAN_POINT('',(-1.69,2.299999999999,-0.15));
#3821 = DIRECTION('',(-1.,0.,0.));
#3822 = DIRECTION('',(0.,0.,1.));
#3823 = ADVANCED_FACE('',(#3824),#3849,.F.);
#3824 = FACE_BOUND('',#3825,.T.);
#3825 = EDGE_LOOP('',(#3826,#3834,#3842,#3848));
#3826 = ORIENTED_EDGE('',*,*,#3827,.T.);
#3827 = EDGE_CURVE('',#3805,#3828,#3830,.T.);
#3828 = VERTEX_POINT('',#3829);
#3829 = CARTESIAN_POINT('',(-2.12,2.35,-0.549999999999));
#3830 = LINE('',#3831,#3832);
#3831 = CARTESIAN_POINT('',(-2.12,2.35,-0.15));
#3832 = VECTOR('',#3833,1.);
#3833 = DIRECTION('',(0.,0.,-1.));
#3834 = ORIENTED_EDGE('',*,*,#3835,.F.);
#3835 = EDGE_CURVE('',#3836,#3828,#3838,.T.);
#3836 = VERTEX_POINT('',#3837);
#3837 = CARTESIAN_POINT('',(-1.69,2.35,-0.549999999999));
#3838 = LINE('',#3839,#3840);
#3839 = CARTESIAN_POINT('',(-1.69,2.35,-0.549999999999));
#3840 = VECTOR('',#3841,1.);
#3841 = DIRECTION('',(-1.,0.,0.));
#3842 = ORIENTED_EDGE('',*,*,#3843,.F.);
#3843 = EDGE_CURVE('',#3796,#3836,#3844,.T.);
#3844 = LINE('',#3845,#3846);
#3845 = CARTESIAN_POINT('',(-1.69,2.35,-0.15));
#3846 = VECTOR('',#3847,1.);
#3847 = DIRECTION('',(0.,0.,-1.));
#3848 = ORIENTED_EDGE('',*,*,#3804,.T.);
#3849 = PLANE('',#3850);
#3850 = AXIS2_PLACEMENT_3D('',#3851,#3852,#3853);
#3851 = CARTESIAN_POINT('',(-1.69,2.35,-0.15));
#3852 = DIRECTION('',(0.,1.,0.));
#3853 = DIRECTION('',(0.,-0.,1.));
#3854 = ADVANCED_FACE('',(#3855),#3875,.T.);
#3855 = FACE_BOUND('',#3856,.T.);
#3856 = EDGE_LOOP('',(#3857,#3858,#3859,#3860,#3861,#3862,#3863,#3864,
    #3865,#3866,#3867,#3868));
#3857 = ORIENTED_EDGE('',*,*,#3560,.T.);
#3858 = ORIENTED_EDGE('',*,*,#3598,.F.);
#3859 = ORIENTED_EDGE('',*,*,#3629,.F.);
#3860 = ORIENTED_EDGE('',*,*,#3645,.F.);
#3861 = ORIENTED_EDGE('',*,*,#3693,.F.);
#3862 = ORIENTED_EDGE('',*,*,#3725,.F.);
#3863 = ORIENTED_EDGE('',*,*,#3748,.F.);
#3864 = ORIENTED_EDGE('',*,*,#908,.F.);
#3865 = ORIENTED_EDGE('',*,*,#3779,.T.);
#3866 = ORIENTED_EDGE('',*,*,#3795,.T.);
#3867 = ORIENTED_EDGE('',*,*,#3843,.T.);
#3868 = ORIENTED_EDGE('',*,*,#3869,.T.);
#3869 = EDGE_CURVE('',#3836,#3561,#3870,.T.);
#3870 = CIRCLE('',#3871,0.25);
#3871 = AXIS2_PLACEMENT_3D('',#3872,#3873,#3874);
#3872 = CARTESIAN_POINT('',(-1.69,2.6,-0.549999999999));
#3873 = DIRECTION('',(1.,0.,0.));
#3874 = DIRECTION('',(0.,0.,-1.));
#3875 = PLANE('',#3876);
#3876 = AXIS2_PLACEMENT_3D('',#3877,#3878,#3879);
#3877 = CARTESIAN_POINT('',(-1.69,2.6,-0.549999999999));
#3878 = DIRECTION('',(1.,0.,0.));
#3879 = DIRECTION('',(0.,0.,-1.));
#3880 = ADVANCED_FACE('',(#3881),#3893,.T.);
#3881 = FACE_BOUND('',#3882,.T.);
#3882 = EDGE_LOOP('',(#3883,#3890,#3891,#3892));
#3883 = ORIENTED_EDGE('',*,*,#3884,.T.);
#3884 = EDGE_CURVE('',#3828,#3543,#3885,.T.);
#3885 = CIRCLE('',#3886,0.25);
#3886 = AXIS2_PLACEMENT_3D('',#3887,#3888,#3889);
#3887 = CARTESIAN_POINT('',(-2.12,2.6,-0.549999999999));
#3888 = DIRECTION('',(1.,0.,0.));
#3889 = DIRECTION('',(0.,0.,-1.));
#3890 = ORIENTED_EDGE('',*,*,#3568,.F.);
#3891 = ORIENTED_EDGE('',*,*,#3869,.F.);
#3892 = ORIENTED_EDGE('',*,*,#3835,.T.);
#3893 = CYLINDRICAL_SURFACE('',#3894,0.25);
#3894 = AXIS2_PLACEMENT_3D('',#3895,#3896,#3897);
#3895 = CARTESIAN_POINT('',(-1.69,2.6,-0.549999999999));
#3896 = DIRECTION('',(-1.,0.,0.));
#3897 = DIRECTION('',(0.,0.,1.));
#3898 = ADVANCED_FACE('',(#3899),#3913,.F.);
#3899 = FACE_BOUND('',#3900,.T.);
#3900 = EDGE_LOOP('',(#3901,#3902,#3903,#3904,#3905,#3906,#3907,#3908,
    #3909,#3910,#3911,#3912));
#3901 = ORIENTED_EDGE('',*,*,#3542,.F.);
#3902 = ORIENTED_EDGE('',*,*,#3884,.F.);
#3903 = ORIENTED_EDGE('',*,*,#3827,.F.);
#3904 = ORIENTED_EDGE('',*,*,#3812,.F.);
#3905 = ORIENTED_EDGE('',*,*,#3763,.F.);
#3906 = ORIENTED_EDGE('',*,*,#858,.T.);
#3907 = ORIENTED_EDGE('',*,*,#3741,.T.);
#3908 = ORIENTED_EDGE('',*,*,#3708,.T.);
#3909 = ORIENTED_EDGE('',*,*,#3677,.T.);
#3910 = ORIENTED_EDGE('',*,*,#3662,.T.);
#3911 = ORIENTED_EDGE('',*,*,#3613,.T.);
#3912 = ORIENTED_EDGE('',*,*,#3582,.T.);
#3913 = PLANE('',#3914);
#3914 = AXIS2_PLACEMENT_3D('',#3915,#3916,#3917);
#3915 = CARTESIAN_POINT('',(-2.12,2.6,-0.549999999999));
#3916 = DIRECTION('',(1.,0.,0.));
#3917 = DIRECTION('',(0.,0.,-1.));
#3918 = ADVANCED_FACE('',(#3919),#3953,.F.);
#3919 = FACE_BOUND('',#3920,.T.);
#3920 = EDGE_LOOP('',(#3921,#3931,#3939,#3947));
#3921 = ORIENTED_EDGE('',*,*,#3922,.F.);
#3922 = EDGE_CURVE('',#3923,#3925,#3927,.T.);
#3923 = VERTEX_POINT('',#3924);
#3924 = CARTESIAN_POINT('',(1.69,-2.6,-0.799999999999));
#3925 = VERTEX_POINT('',#3926);
#3926 = CARTESIAN_POINT('',(1.69,-3.,-0.799999999999));
#3927 = LINE('',#3928,#3929);
#3928 = CARTESIAN_POINT('',(1.69,-2.6,-0.799999999999));
#3929 = VECTOR('',#3930,1.);
#3930 = DIRECTION('',(0.,-1.,0.));
#3931 = ORIENTED_EDGE('',*,*,#3932,.F.);
#3932 = EDGE_CURVE('',#3933,#3923,#3935,.T.);
#3933 = VERTEX_POINT('',#3934);
#3934 = CARTESIAN_POINT('',(2.12,-2.6,-0.799999999999));
#3935 = LINE('',#3936,#3937);
#3936 = CARTESIAN_POINT('',(2.12,-2.6,-0.799999999999));
#3937 = VECTOR('',#3938,1.);
#3938 = DIRECTION('',(-1.,0.,0.));
#3939 = ORIENTED_EDGE('',*,*,#3940,.T.);
#3940 = EDGE_CURVE('',#3933,#3941,#3943,.T.);
#3941 = VERTEX_POINT('',#3942);
#3942 = CARTESIAN_POINT('',(2.12,-3.,-0.799999999999));
#3943 = LINE('',#3944,#3945);
#3944 = CARTESIAN_POINT('',(2.12,-2.6,-0.799999999999));
#3945 = VECTOR('',#3946,1.);
#3946 = DIRECTION('',(0.,-1.,0.));
#3947 = ORIENTED_EDGE('',*,*,#3948,.T.);
#3948 = EDGE_CURVE('',#3941,#3925,#3949,.T.);
#3949 = LINE('',#3950,#3951);
#3950 = CARTESIAN_POINT('',(2.12,-3.,-0.799999999999));
#3951 = VECTOR('',#3952,1.);
#3952 = DIRECTION('',(-1.,0.,0.));
#3953 = PLANE('',#3954);
#3954 = AXIS2_PLACEMENT_3D('',#3955,#3956,#3957);
#3955 = CARTESIAN_POINT('',(2.12,-2.6,-0.799999999999));
#3956 = DIRECTION('',(0.,0.,1.));
#3957 = DIRECTION('',(1.,0.,-0.));
#3958 = ADVANCED_FACE('',(#3959),#3984,.T.);
#3959 = FACE_BOUND('',#3960,.T.);
#3960 = EDGE_LOOP('',(#3961,#3969,#3970,#3978));
#3961 = ORIENTED_EDGE('',*,*,#3962,.T.);
#3962 = EDGE_CURVE('',#3963,#3925,#3965,.T.);
#3963 = VERTEX_POINT('',#3964);
#3964 = CARTESIAN_POINT('',(1.69,-3.,-0.599999999999));
#3965 = LINE('',#3966,#3967);
#3966 = CARTESIAN_POINT('',(1.69,-3.,-0.599999999999));
#3967 = VECTOR('',#3968,1.);
#3968 = DIRECTION('',(0.,0.,-1.));
#3969 = ORIENTED_EDGE('',*,*,#3948,.F.);
#3970 = ORIENTED_EDGE('',*,*,#3971,.F.);
#3971 = EDGE_CURVE('',#3972,#3941,#3974,.T.);
#3972 = VERTEX_POINT('',#3973);
#3973 = CARTESIAN_POINT('',(2.12,-3.,-0.599999999999));
#3974 = LINE('',#3975,#3976);
#3975 = CARTESIAN_POINT('',(2.12,-3.,-0.599999999999));
#3976 = VECTOR('',#3977,1.);
#3977 = DIRECTION('',(0.,0.,-1.));
#3978 = ORIENTED_EDGE('',*,*,#3979,.T.);
#3979 = EDGE_CURVE('',#3972,#3963,#3980,.T.);
#3980 = LINE('',#3981,#3982);
#3981 = CARTESIAN_POINT('',(2.12,-3.,-0.599999999999));
#3982 = VECTOR('',#3983,1.);
#3983 = DIRECTION('',(-1.,0.,0.));
#3984 = PLANE('',#3985);
#3985 = AXIS2_PLACEMENT_3D('',#3986,#3987,#3988);
#3986 = CARTESIAN_POINT('',(2.12,-3.,-0.599999999999));
#3987 = DIRECTION('',(0.,-1.,0.));
#3988 = DIRECTION('',(0.,0.,1.));
#3989 = ADVANCED_FACE('',(#3990),#4015,.T.);
#3990 = FACE_BOUND('',#3991,.T.);
#3991 = EDGE_LOOP('',(#3992,#4000,#4001,#4009));
#3992 = ORIENTED_EDGE('',*,*,#3993,.T.);
#3993 = EDGE_CURVE('',#3994,#3963,#3996,.T.);
#3994 = VERTEX_POINT('',#3995);
#3995 = CARTESIAN_POINT('',(1.69,-2.6,-0.6));
#3996 = LINE('',#3997,#3998);
#3997 = CARTESIAN_POINT('',(1.69,-2.6,-0.599999999999));
#3998 = VECTOR('',#3999,1.);
#3999 = DIRECTION('',(0.,-1.,0.));
#4000 = ORIENTED_EDGE('',*,*,#3979,.F.);
#4001 = ORIENTED_EDGE('',*,*,#4002,.F.);
#4002 = EDGE_CURVE('',#4003,#3972,#4005,.T.);
#4003 = VERTEX_POINT('',#4004);
#4004 = CARTESIAN_POINT('',(2.12,-2.6,-0.6));
#4005 = LINE('',#4006,#4007);
#4006 = CARTESIAN_POINT('',(2.12,-2.6,-0.599999999999));
#4007 = VECTOR('',#4008,1.);
#4008 = DIRECTION('',(0.,-1.,0.));
#4009 = ORIENTED_EDGE('',*,*,#4010,.T.);
#4010 = EDGE_CURVE('',#4003,#3994,#4011,.T.);
#4011 = LINE('',#4012,#4013);
#4012 = CARTESIAN_POINT('',(2.12,-2.6,-0.6));
#4013 = VECTOR('',#4014,1.);
#4014 = DIRECTION('',(-1.,0.,0.));
#4015 = PLANE('',#4016);
#4016 = AXIS2_PLACEMENT_3D('',#4017,#4018,#4019);
#4017 = CARTESIAN_POINT('',(2.12,-2.6,-0.599999999999));
#4018 = DIRECTION('',(0.,0.,1.));
#4019 = DIRECTION('',(1.,0.,-0.));
#4020 = ADVANCED_FACE('',(#4021),#4048,.F.);
#4021 = FACE_BOUND('',#4022,.F.);
#4022 = EDGE_LOOP('',(#4023,#4033,#4040,#4041));
#4023 = ORIENTED_EDGE('',*,*,#4024,.F.);
#4024 = EDGE_CURVE('',#4025,#4027,#4029,.T.);
#4025 = VERTEX_POINT('',#4026);
#4026 = CARTESIAN_POINT('',(2.12,-2.55,-0.549999999999));
#4027 = VERTEX_POINT('',#4028);
#4028 = CARTESIAN_POINT('',(1.69,-2.55,-0.549999999999));
#4029 = LINE('',#4030,#4031);
#4030 = CARTESIAN_POINT('',(2.12,-2.55,-0.549999999999));
#4031 = VECTOR('',#4032,1.);
#4032 = DIRECTION('',(-1.,0.,0.));
#4033 = ORIENTED_EDGE('',*,*,#4034,.T.);
#4034 = EDGE_CURVE('',#4025,#4003,#4035,.T.);
#4035 = CIRCLE('',#4036,5.E-02);
#4036 = AXIS2_PLACEMENT_3D('',#4037,#4038,#4039);
#4037 = CARTESIAN_POINT('',(2.12,-2.6,-0.549999999999));
#4038 = DIRECTION('',(-1.,0.,0.));
#4039 = DIRECTION('',(0.,0.,-1.));
#4040 = ORIENTED_EDGE('',*,*,#4010,.T.);
#4041 = ORIENTED_EDGE('',*,*,#4042,.F.);
#4042 = EDGE_CURVE('',#4027,#3994,#4043,.T.);
#4043 = CIRCLE('',#4044,5.E-02);
#4044 = AXIS2_PLACEMENT_3D('',#4045,#4046,#4047);
#4045 = CARTESIAN_POINT('',(1.69,-2.6,-0.549999999999));
#4046 = DIRECTION('',(-1.,0.,0.));
#4047 = DIRECTION('',(0.,0.,-1.));
#4048 = CYLINDRICAL_SURFACE('',#4049,5.E-02);
#4049 = AXIS2_PLACEMENT_3D('',#4050,#4051,#4052);
#4050 = CARTESIAN_POINT('',(2.12,-2.6,-0.549999999999));
#4051 = DIRECTION('',(-1.,0.,0.));
#4052 = DIRECTION('',(0.,0.,1.));
#4053 = ADVANCED_FACE('',(#4054),#4079,.T.);
#4054 = FACE_BOUND('',#4055,.T.);
#4055 = EDGE_LOOP('',(#4056,#4064,#4065,#4073));
#4056 = ORIENTED_EDGE('',*,*,#4057,.T.);
#4057 = EDGE_CURVE('',#4058,#4027,#4060,.T.);
#4058 = VERTEX_POINT('',#4059);
#4059 = CARTESIAN_POINT('',(1.69,-2.55,-0.149999999999));
#4060 = LINE('',#4061,#4062);
#4061 = CARTESIAN_POINT('',(1.69,-2.55,-0.15));
#4062 = VECTOR('',#4063,1.);
#4063 = DIRECTION('',(0.,0.,-1.));
#4064 = ORIENTED_EDGE('',*,*,#4024,.F.);
#4065 = ORIENTED_EDGE('',*,*,#4066,.F.);
#4066 = EDGE_CURVE('',#4067,#4025,#4069,.T.);
#4067 = VERTEX_POINT('',#4068);
#4068 = CARTESIAN_POINT('',(2.12,-2.55,-0.149999999999));
#4069 = LINE('',#4070,#4071);
#4070 = CARTESIAN_POINT('',(2.12,-2.55,-0.15));
#4071 = VECTOR('',#4072,1.);
#4072 = DIRECTION('',(0.,0.,-1.));
#4073 = ORIENTED_EDGE('',*,*,#4074,.T.);
#4074 = EDGE_CURVE('',#4067,#4058,#4075,.T.);
#4075 = LINE('',#4076,#4077);
#4076 = CARTESIAN_POINT('',(2.12,-2.55,-0.149999999999));
#4077 = VECTOR('',#4078,1.);
#4078 = DIRECTION('',(-1.,0.,0.));
#4079 = PLANE('',#4080);
#4080 = AXIS2_PLACEMENT_3D('',#4081,#4082,#4083);
#4081 = CARTESIAN_POINT('',(2.12,-2.55,-0.15));
#4082 = DIRECTION('',(0.,-1.,0.));
#4083 = DIRECTION('',(0.,0.,1.));
#4084 = ADVANCED_FACE('',(#4085),#4112,.T.);
#4085 = FACE_BOUND('',#4086,.T.);
#4086 = EDGE_LOOP('',(#4087,#4096,#4097,#4106));
#4087 = ORIENTED_EDGE('',*,*,#4088,.T.);
#4088 = EDGE_CURVE('',#4089,#4058,#4091,.T.);
#4089 = VERTEX_POINT('',#4090);
#4090 = CARTESIAN_POINT('',(1.69,-2.299999999999,9.9999999999E-02));
#4091 = CIRCLE('',#4092,0.25);
#4092 = AXIS2_PLACEMENT_3D('',#4093,#4094,#4095);
#4093 = CARTESIAN_POINT('',(1.69,-2.299999999999,-0.15));
#4094 = DIRECTION('',(1.,0.,-0.));
#4095 = DIRECTION('',(0.,0.,1.));
#4096 = ORIENTED_EDGE('',*,*,#4074,.F.);
#4097 = ORIENTED_EDGE('',*,*,#4098,.F.);
#4098 = EDGE_CURVE('',#4099,#4067,#4101,.T.);
#4099 = VERTEX_POINT('',#4100);
#4100 = CARTESIAN_POINT('',(2.12,-2.299999999999,9.9999999999E-02));
#4101 = CIRCLE('',#4102,0.25);
#4102 = AXIS2_PLACEMENT_3D('',#4103,#4104,#4105);
#4103 = CARTESIAN_POINT('',(2.12,-2.299999999999,-0.15));
#4104 = DIRECTION('',(1.,0.,-0.));
#4105 = DIRECTION('',(0.,0.,1.));
#4106 = ORIENTED_EDGE('',*,*,#4107,.T.);
#4107 = EDGE_CURVE('',#4099,#4089,#4108,.T.);
#4108 = LINE('',#4109,#4110);
#4109 = CARTESIAN_POINT('',(2.12,-2.299999999999,9.9999999999E-02));
#4110 = VECTOR('',#4111,1.);
#4111 = DIRECTION('',(-1.,0.,0.));
#4112 = CYLINDRICAL_SURFACE('',#4113,0.25);
#4113 = AXIS2_PLACEMENT_3D('',#4114,#4115,#4116);
#4114 = CARTESIAN_POINT('',(2.12,-2.299999999999,-0.15));
#4115 = DIRECTION('',(-1.,0.,0.));
#4116 = DIRECTION('',(0.,0.,1.));
#4117 = ADVANCED_FACE('',(#4118),#4134,.T.);
#4118 = FACE_BOUND('',#4119,.T.);
#4119 = EDGE_LOOP('',(#4120,#4126,#4127,#4133));
#4120 = ORIENTED_EDGE('',*,*,#4121,.T.);
#4121 = EDGE_CURVE('',#821,#4089,#4122,.T.);
#4122 = LINE('',#4123,#4124);
#4123 = CARTESIAN_POINT('',(1.69,-1.95,0.1));
#4124 = VECTOR('',#4125,1.);
#4125 = DIRECTION('',(0.,-1.,-3.872150616019E-17));
#4126 = ORIENTED_EDGE('',*,*,#4107,.F.);
#4127 = ORIENTED_EDGE('',*,*,#4128,.F.);
#4128 = EDGE_CURVE('',#1052,#4099,#4129,.T.);
#4129 = LINE('',#4130,#4131);
#4130 = CARTESIAN_POINT('',(2.12,-1.95,0.1));
#4131 = VECTOR('',#4132,1.);
#4132 = DIRECTION('',(0.,-1.,-3.872150616019E-17));
#4133 = ORIENTED_EDGE('',*,*,#1355,.T.);
#4134 = PLANE('',#4135);
#4135 = AXIS2_PLACEMENT_3D('',#4136,#4137,#4138);
#4136 = CARTESIAN_POINT('',(2.12,-1.95,0.1));
#4137 = DIRECTION('',(0.,-3.872150616019E-17,1.));
#4138 = DIRECTION('',(0.,1.,3.872150616019E-17));
#4139 = ADVANCED_FACE('',(#4140),#4165,.F.);
#4140 = FACE_BOUND('',#4141,.T.);
#4141 = EDGE_LOOP('',(#4142,#4150,#4151,#4159));
#4142 = ORIENTED_EDGE('',*,*,#4143,.F.);
#4143 = EDGE_CURVE('',#837,#4144,#4146,.T.);
#4144 = VERTEX_POINT('',#4145);
#4145 = CARTESIAN_POINT('',(1.69,-2.299999999999,-9.9999999999E-02));
#4146 = LINE('',#4147,#4148);
#4147 = CARTESIAN_POINT('',(1.69,-1.95,-0.1));
#4148 = VECTOR('',#4149,1.);
#4149 = DIRECTION('',(0.,-1.,-3.872150616019E-17));
#4150 = ORIENTED_EDGE('',*,*,#1840,.F.);
#4151 = ORIENTED_EDGE('',*,*,#4152,.T.);
#4152 = EDGE_CURVE('',#1062,#4153,#4155,.T.);
#4153 = VERTEX_POINT('',#4154);
#4154 = CARTESIAN_POINT('',(2.12,-2.299999999999,-9.9999999999E-02));
#4155 = LINE('',#4156,#4157);
#4156 = CARTESIAN_POINT('',(2.12,-1.95,-0.1));
#4157 = VECTOR('',#4158,1.);
#4158 = DIRECTION('',(0.,-1.,-3.872150616019E-17));
#4159 = ORIENTED_EDGE('',*,*,#4160,.T.);
#4160 = EDGE_CURVE('',#4153,#4144,#4161,.T.);
#4161 = LINE('',#4162,#4163);
#4162 = CARTESIAN_POINT('',(2.12,-2.299999999999,-9.9999999999E-02));
#4163 = VECTOR('',#4164,1.);
#4164 = DIRECTION('',(-1.,0.,0.));
#4165 = PLANE('',#4166);
#4166 = AXIS2_PLACEMENT_3D('',#4167,#4168,#4169);
#4167 = CARTESIAN_POINT('',(2.12,-1.95,-0.1));
#4168 = DIRECTION('',(0.,-3.872150616019E-17,1.));
#4169 = DIRECTION('',(0.,1.,3.872150616019E-17));
#4170 = ADVANCED_FACE('',(#4171),#4198,.F.);
#4171 = FACE_BOUND('',#4172,.F.);
#4172 = EDGE_LOOP('',(#4173,#4183,#4190,#4191));
#4173 = ORIENTED_EDGE('',*,*,#4174,.F.);
#4174 = EDGE_CURVE('',#4175,#4177,#4179,.T.);
#4175 = VERTEX_POINT('',#4176);
#4176 = CARTESIAN_POINT('',(2.12,-2.35,-0.149999999999));
#4177 = VERTEX_POINT('',#4178);
#4178 = CARTESIAN_POINT('',(1.69,-2.35,-0.149999999999));
#4179 = LINE('',#4180,#4181);
#4180 = CARTESIAN_POINT('',(2.12,-2.35,-0.149999999999));
#4181 = VECTOR('',#4182,1.);
#4182 = DIRECTION('',(-1.,0.,0.));
#4183 = ORIENTED_EDGE('',*,*,#4184,.F.);
#4184 = EDGE_CURVE('',#4153,#4175,#4185,.T.);
#4185 = CIRCLE('',#4186,5.E-02);
#4186 = AXIS2_PLACEMENT_3D('',#4187,#4188,#4189);
#4187 = CARTESIAN_POINT('',(2.12,-2.299999999999,-0.15));
#4188 = DIRECTION('',(1.,0.,0.));
#4189 = DIRECTION('',(0.,0.,-1.));
#4190 = ORIENTED_EDGE('',*,*,#4160,.T.);
#4191 = ORIENTED_EDGE('',*,*,#4192,.T.);
#4192 = EDGE_CURVE('',#4144,#4177,#4193,.T.);
#4193 = CIRCLE('',#4194,5.E-02);
#4194 = AXIS2_PLACEMENT_3D('',#4195,#4196,#4197);
#4195 = CARTESIAN_POINT('',(1.69,-2.299999999999,-0.15));
#4196 = DIRECTION('',(1.,0.,0.));
#4197 = DIRECTION('',(0.,0.,-1.));
#4198 = CYLINDRICAL_SURFACE('',#4199,5.E-02);
#4199 = AXIS2_PLACEMENT_3D('',#4200,#4201,#4202);
#4200 = CARTESIAN_POINT('',(2.12,-2.299999999999,-0.15));
#4201 = DIRECTION('',(-1.,0.,0.));
#4202 = DIRECTION('',(0.,0.,1.));
#4203 = ADVANCED_FACE('',(#4204),#4229,.F.);
#4204 = FACE_BOUND('',#4205,.T.);
#4205 = EDGE_LOOP('',(#4206,#4214,#4215,#4223));
#4206 = ORIENTED_EDGE('',*,*,#4207,.F.);
#4207 = EDGE_CURVE('',#4177,#4208,#4210,.T.);
#4208 = VERTEX_POINT('',#4209);
#4209 = CARTESIAN_POINT('',(1.69,-2.35,-0.549999999999));
#4210 = LINE('',#4211,#4212);
#4211 = CARTESIAN_POINT('',(1.69,-2.35,-0.15));
#4212 = VECTOR('',#4213,1.);
#4213 = DIRECTION('',(0.,0.,-1.));
#4214 = ORIENTED_EDGE('',*,*,#4174,.F.);
#4215 = ORIENTED_EDGE('',*,*,#4216,.T.);
#4216 = EDGE_CURVE('',#4175,#4217,#4219,.T.);
#4217 = VERTEX_POINT('',#4218);
#4218 = CARTESIAN_POINT('',(2.12,-2.35,-0.549999999999));
#4219 = LINE('',#4220,#4221);
#4220 = CARTESIAN_POINT('',(2.12,-2.35,-0.15));
#4221 = VECTOR('',#4222,1.);
#4222 = DIRECTION('',(0.,0.,-1.));
#4223 = ORIENTED_EDGE('',*,*,#4224,.T.);
#4224 = EDGE_CURVE('',#4217,#4208,#4225,.T.);
#4225 = LINE('',#4226,#4227);
#4226 = CARTESIAN_POINT('',(2.12,-2.35,-0.549999999999));
#4227 = VECTOR('',#4228,1.);
#4228 = DIRECTION('',(-1.,0.,0.));
#4229 = PLANE('',#4230);
#4230 = AXIS2_PLACEMENT_3D('',#4231,#4232,#4233);
#4231 = CARTESIAN_POINT('',(2.12,-2.35,-0.15));
#4232 = DIRECTION('',(0.,-1.,0.));
#4233 = DIRECTION('',(0.,0.,1.));
#4234 = ADVANCED_FACE('',(#4235),#4255,.T.);
#4235 = FACE_BOUND('',#4236,.T.);
#4236 = EDGE_LOOP('',(#4237,#4238,#4245,#4246,#4247,#4248,#4249,#4250,
    #4251,#4252,#4253,#4254));
#4237 = ORIENTED_EDGE('',*,*,#3940,.F.);
#4238 = ORIENTED_EDGE('',*,*,#4239,.F.);
#4239 = EDGE_CURVE('',#4217,#3933,#4240,.T.);
#4240 = CIRCLE('',#4241,0.25);
#4241 = AXIS2_PLACEMENT_3D('',#4242,#4243,#4244);
#4242 = CARTESIAN_POINT('',(2.12,-2.6,-0.549999999999));
#4243 = DIRECTION('',(-1.,0.,0.));
#4244 = DIRECTION('',(0.,0.,-1.));
#4245 = ORIENTED_EDGE('',*,*,#4216,.F.);
#4246 = ORIENTED_EDGE('',*,*,#4184,.F.);
#4247 = ORIENTED_EDGE('',*,*,#4152,.F.);
#4248 = ORIENTED_EDGE('',*,*,#1061,.T.);
#4249 = ORIENTED_EDGE('',*,*,#4128,.T.);
#4250 = ORIENTED_EDGE('',*,*,#4098,.T.);
#4251 = ORIENTED_EDGE('',*,*,#4066,.T.);
#4252 = ORIENTED_EDGE('',*,*,#4034,.T.);
#4253 = ORIENTED_EDGE('',*,*,#4002,.T.);
#4254 = ORIENTED_EDGE('',*,*,#3971,.T.);
#4255 = PLANE('',#4256);
#4256 = AXIS2_PLACEMENT_3D('',#4257,#4258,#4259);
#4257 = CARTESIAN_POINT('',(2.12,-2.6,-0.549999999999));
#4258 = DIRECTION('',(1.,0.,0.));
#4259 = DIRECTION('',(0.,0.,-1.));
#4260 = ADVANCED_FACE('',(#4261),#4273,.T.);
#4261 = FACE_BOUND('',#4262,.T.);
#4262 = EDGE_LOOP('',(#4263,#4270,#4271,#4272));
#4263 = ORIENTED_EDGE('',*,*,#4264,.F.);
#4264 = EDGE_CURVE('',#4208,#3923,#4265,.T.);
#4265 = CIRCLE('',#4266,0.25);
#4266 = AXIS2_PLACEMENT_3D('',#4267,#4268,#4269);
#4267 = CARTESIAN_POINT('',(1.69,-2.6,-0.549999999999));
#4268 = DIRECTION('',(-1.,0.,0.));
#4269 = DIRECTION('',(0.,0.,-1.));
#4270 = ORIENTED_EDGE('',*,*,#4224,.F.);
#4271 = ORIENTED_EDGE('',*,*,#4239,.T.);
#4272 = ORIENTED_EDGE('',*,*,#3932,.T.);
#4273 = CYLINDRICAL_SURFACE('',#4274,0.25);
#4274 = AXIS2_PLACEMENT_3D('',#4275,#4276,#4277);
#4275 = CARTESIAN_POINT('',(2.12,-2.6,-0.549999999999));
#4276 = DIRECTION('',(-1.,0.,0.));
#4277 = DIRECTION('',(0.,0.,1.));
#4278 = ADVANCED_FACE('',(#4279),#4293,.F.);
#4279 = FACE_BOUND('',#4280,.T.);
#4280 = EDGE_LOOP('',(#4281,#4282,#4283,#4284,#4285,#4286,#4287,#4288,
    #4289,#4290,#4291,#4292));
#4281 = ORIENTED_EDGE('',*,*,#3922,.T.);
#4282 = ORIENTED_EDGE('',*,*,#3962,.F.);
#4283 = ORIENTED_EDGE('',*,*,#3993,.F.);
#4284 = ORIENTED_EDGE('',*,*,#4042,.F.);
#4285 = ORIENTED_EDGE('',*,*,#4057,.F.);
#4286 = ORIENTED_EDGE('',*,*,#4088,.F.);
#4287 = ORIENTED_EDGE('',*,*,#4121,.F.);
#4288 = ORIENTED_EDGE('',*,*,#844,.F.);
#4289 = ORIENTED_EDGE('',*,*,#4143,.T.);
#4290 = ORIENTED_EDGE('',*,*,#4192,.T.);
#4291 = ORIENTED_EDGE('',*,*,#4207,.T.);
#4292 = ORIENTED_EDGE('',*,*,#4264,.T.);
#4293 = PLANE('',#4294);
#4294 = AXIS2_PLACEMENT_3D('',#4295,#4296,#4297);
#4295 = CARTESIAN_POINT('',(1.69,-2.6,-0.549999999999));
#4296 = DIRECTION('',(1.,0.,0.));
#4297 = DIRECTION('',(0.,0.,-1.));
#4298 = ADVANCED_FACE('',(#4299),#4333,.F.);
#4299 = FACE_BOUND('',#4300,.T.);
#4300 = EDGE_LOOP('',(#4301,#4311,#4319,#4327));
#4301 = ORIENTED_EDGE('',*,*,#4302,.F.);
#4302 = EDGE_CURVE('',#4303,#4305,#4307,.T.);
#4303 = VERTEX_POINT('',#4304);
#4304 = CARTESIAN_POINT('',(0.42,-2.6,-0.799999999999));
#4305 = VERTEX_POINT('',#4306);
#4306 = CARTESIAN_POINT('',(0.42,-3.,-0.799999999999));
#4307 = LINE('',#4308,#4309);
#4308 = CARTESIAN_POINT('',(0.42,-2.6,-0.799999999999));
#4309 = VECTOR('',#4310,1.);
#4310 = DIRECTION('',(0.,-1.,0.));
#4311 = ORIENTED_EDGE('',*,*,#4312,.F.);
#4312 = EDGE_CURVE('',#4313,#4303,#4315,.T.);
#4313 = VERTEX_POINT('',#4314);
#4314 = CARTESIAN_POINT('',(0.849999999999,-2.6,-0.799999999999));
#4315 = LINE('',#4316,#4317);
#4316 = CARTESIAN_POINT('',(0.849999999999,-2.6,-0.799999999999));
#4317 = VECTOR('',#4318,1.);
#4318 = DIRECTION('',(-1.,0.,0.));
#4319 = ORIENTED_EDGE('',*,*,#4320,.T.);
#4320 = EDGE_CURVE('',#4313,#4321,#4323,.T.);
#4321 = VERTEX_POINT('',#4322);
#4322 = CARTESIAN_POINT('',(0.849999999999,-3.,-0.799999999999));
#4323 = LINE('',#4324,#4325);
#4324 = CARTESIAN_POINT('',(0.849999999999,-2.6,-0.799999999999));
#4325 = VECTOR('',#4326,1.);
#4326 = DIRECTION('',(0.,-1.,0.));
#4327 = ORIENTED_EDGE('',*,*,#4328,.T.);
#4328 = EDGE_CURVE('',#4321,#4305,#4329,.T.);
#4329 = LINE('',#4330,#4331);
#4330 = CARTESIAN_POINT('',(0.849999999999,-3.,-0.799999999999));
#4331 = VECTOR('',#4332,1.);
#4332 = DIRECTION('',(-1.,0.,0.));
#4333 = PLANE('',#4334);
#4334 = AXIS2_PLACEMENT_3D('',#4335,#4336,#4337);
#4335 = CARTESIAN_POINT('',(0.849999999999,-2.6,-0.799999999999));
#4336 = DIRECTION('',(0.,0.,1.));
#4337 = DIRECTION('',(1.,0.,-0.));
#4338 = ADVANCED_FACE('',(#4339),#4364,.T.);
#4339 = FACE_BOUND('',#4340,.T.);
#4340 = EDGE_LOOP('',(#4341,#4349,#4350,#4358));
#4341 = ORIENTED_EDGE('',*,*,#4342,.T.);
#4342 = EDGE_CURVE('',#4343,#4305,#4345,.T.);
#4343 = VERTEX_POINT('',#4344);
#4344 = CARTESIAN_POINT('',(0.42,-3.,-0.599999999999));
#4345 = LINE('',#4346,#4347);
#4346 = CARTESIAN_POINT('',(0.42,-3.,-0.599999999999));
#4347 = VECTOR('',#4348,1.);
#4348 = DIRECTION('',(0.,0.,-1.));
#4349 = ORIENTED_EDGE('',*,*,#4328,.F.);
#4350 = ORIENTED_EDGE('',*,*,#4351,.F.);
#4351 = EDGE_CURVE('',#4352,#4321,#4354,.T.);
#4352 = VERTEX_POINT('',#4353);
#4353 = CARTESIAN_POINT('',(0.849999999999,-3.,-0.599999999999));
#4354 = LINE('',#4355,#4356);
#4355 = CARTESIAN_POINT('',(0.849999999999,-3.,-0.599999999999));
#4356 = VECTOR('',#4357,1.);
#4357 = DIRECTION('',(0.,0.,-1.));
#4358 = ORIENTED_EDGE('',*,*,#4359,.T.);
#4359 = EDGE_CURVE('',#4352,#4343,#4360,.T.);
#4360 = LINE('',#4361,#4362);
#4361 = CARTESIAN_POINT('',(0.849999999999,-3.,-0.599999999999));
#4362 = VECTOR('',#4363,1.);
#4363 = DIRECTION('',(-1.,0.,0.));
#4364 = PLANE('',#4365);
#4365 = AXIS2_PLACEMENT_3D('',#4366,#4367,#4368);
#4366 = CARTESIAN_POINT('',(0.849999999999,-3.,-0.599999999999));
#4367 = DIRECTION('',(0.,-1.,0.));
#4368 = DIRECTION('',(0.,0.,1.));
#4369 = ADVANCED_FACE('',(#4370),#4395,.T.);
#4370 = FACE_BOUND('',#4371,.T.);
#4371 = EDGE_LOOP('',(#4372,#4380,#4381,#4389));
#4372 = ORIENTED_EDGE('',*,*,#4373,.T.);
#4373 = EDGE_CURVE('',#4374,#4343,#4376,.T.);
#4374 = VERTEX_POINT('',#4375);
#4375 = CARTESIAN_POINT('',(0.42,-2.6,-0.6));
#4376 = LINE('',#4377,#4378);
#4377 = CARTESIAN_POINT('',(0.42,-2.6,-0.599999999999));
#4378 = VECTOR('',#4379,1.);
#4379 = DIRECTION('',(0.,-1.,0.));
#4380 = ORIENTED_EDGE('',*,*,#4359,.F.);
#4381 = ORIENTED_EDGE('',*,*,#4382,.F.);
#4382 = EDGE_CURVE('',#4383,#4352,#4385,.T.);
#4383 = VERTEX_POINT('',#4384);
#4384 = CARTESIAN_POINT('',(0.849999999999,-2.6,-0.6));
#4385 = LINE('',#4386,#4387);
#4386 = CARTESIAN_POINT('',(0.849999999999,-2.6,-0.599999999999));
#4387 = VECTOR('',#4388,1.);
#4388 = DIRECTION('',(0.,-1.,0.));
#4389 = ORIENTED_EDGE('',*,*,#4390,.T.);
#4390 = EDGE_CURVE('',#4383,#4374,#4391,.T.);
#4391 = LINE('',#4392,#4393);
#4392 = CARTESIAN_POINT('',(0.849999999999,-2.6,-0.6));
#4393 = VECTOR('',#4394,1.);
#4394 = DIRECTION('',(-1.,0.,0.));
#4395 = PLANE('',#4396);
#4396 = AXIS2_PLACEMENT_3D('',#4397,#4398,#4399);
#4397 = CARTESIAN_POINT('',(0.849999999999,-2.6,-0.599999999999));
#4398 = DIRECTION('',(0.,0.,1.));
#4399 = DIRECTION('',(1.,0.,-0.));
#4400 = ADVANCED_FACE('',(#4401),#4428,.F.);
#4401 = FACE_BOUND('',#4402,.F.);
#4402 = EDGE_LOOP('',(#4403,#4413,#4420,#4421));
#4403 = ORIENTED_EDGE('',*,*,#4404,.F.);
#4404 = EDGE_CURVE('',#4405,#4407,#4409,.T.);
#4405 = VERTEX_POINT('',#4406);
#4406 = CARTESIAN_POINT('',(0.849999999999,-2.55,-0.549999999999));
#4407 = VERTEX_POINT('',#4408);
#4408 = CARTESIAN_POINT('',(0.42,-2.55,-0.549999999999));
#4409 = LINE('',#4410,#4411);
#4410 = CARTESIAN_POINT('',(0.849999999999,-2.55,-0.549999999999));
#4411 = VECTOR('',#4412,1.);
#4412 = DIRECTION('',(-1.,0.,0.));
#4413 = ORIENTED_EDGE('',*,*,#4414,.T.);
#4414 = EDGE_CURVE('',#4405,#4383,#4415,.T.);
#4415 = CIRCLE('',#4416,5.E-02);
#4416 = AXIS2_PLACEMENT_3D('',#4417,#4418,#4419);
#4417 = CARTESIAN_POINT('',(0.849999999999,-2.6,-0.549999999999));
#4418 = DIRECTION('',(-1.,0.,0.));
#4419 = DIRECTION('',(0.,0.,-1.));
#4420 = ORIENTED_EDGE('',*,*,#4390,.T.);
#4421 = ORIENTED_EDGE('',*,*,#4422,.F.);
#4422 = EDGE_CURVE('',#4407,#4374,#4423,.T.);
#4423 = CIRCLE('',#4424,5.E-02);
#4424 = AXIS2_PLACEMENT_3D('',#4425,#4426,#4427);
#4425 = CARTESIAN_POINT('',(0.42,-2.6,-0.549999999999));
#4426 = DIRECTION('',(-1.,0.,0.));
#4427 = DIRECTION('',(0.,0.,-1.));
#4428 = CYLINDRICAL_SURFACE('',#4429,5.E-02);
#4429 = AXIS2_PLACEMENT_3D('',#4430,#4431,#4432);
#4430 = CARTESIAN_POINT('',(0.849999999999,-2.6,-0.549999999999));
#4431 = DIRECTION('',(-1.,0.,0.));
#4432 = DIRECTION('',(0.,0.,1.));
#4433 = ADVANCED_FACE('',(#4434),#4459,.T.);
#4434 = FACE_BOUND('',#4435,.T.);
#4435 = EDGE_LOOP('',(#4436,#4444,#4445,#4453));
#4436 = ORIENTED_EDGE('',*,*,#4437,.T.);
#4437 = EDGE_CURVE('',#4438,#4407,#4440,.T.);
#4438 = VERTEX_POINT('',#4439);
#4439 = CARTESIAN_POINT('',(0.42,-2.55,-0.149999999999));
#4440 = LINE('',#4441,#4442);
#4441 = CARTESIAN_POINT('',(0.42,-2.55,-0.15));
#4442 = VECTOR('',#4443,1.);
#4443 = DIRECTION('',(0.,0.,-1.));
#4444 = ORIENTED_EDGE('',*,*,#4404,.F.);
#4445 = ORIENTED_EDGE('',*,*,#4446,.F.);
#4446 = EDGE_CURVE('',#4447,#4405,#4449,.T.);
#4447 = VERTEX_POINT('',#4448);
#4448 = CARTESIAN_POINT('',(0.849999999999,-2.55,-0.149999999999));
#4449 = LINE('',#4450,#4451);
#4450 = CARTESIAN_POINT('',(0.849999999999,-2.55,-0.15));
#4451 = VECTOR('',#4452,1.);
#4452 = DIRECTION('',(0.,0.,-1.));
#4453 = ORIENTED_EDGE('',*,*,#4454,.T.);
#4454 = EDGE_CURVE('',#4447,#4438,#4455,.T.);
#4455 = LINE('',#4456,#4457);
#4456 = CARTESIAN_POINT('',(0.849999999999,-2.55,-0.149999999999));
#4457 = VECTOR('',#4458,1.);
#4458 = DIRECTION('',(-1.,0.,0.));
#4459 = PLANE('',#4460);
#4460 = AXIS2_PLACEMENT_3D('',#4461,#4462,#4463);
#4461 = CARTESIAN_POINT('',(0.849999999999,-2.55,-0.15));
#4462 = DIRECTION('',(0.,-1.,0.));
#4463 = DIRECTION('',(0.,0.,1.));
#4464 = ADVANCED_FACE('',(#4465),#4492,.T.);
#4465 = FACE_BOUND('',#4466,.T.);
#4466 = EDGE_LOOP('',(#4467,#4476,#4477,#4486));
#4467 = ORIENTED_EDGE('',*,*,#4468,.T.);
#4468 = EDGE_CURVE('',#4469,#4438,#4471,.T.);
#4469 = VERTEX_POINT('',#4470);
#4470 = CARTESIAN_POINT('',(0.42,-2.299999999999,9.9999999999E-02));
#4471 = CIRCLE('',#4472,0.25);
#4472 = AXIS2_PLACEMENT_3D('',#4473,#4474,#4475);
#4473 = CARTESIAN_POINT('',(0.42,-2.299999999999,-0.15));
#4474 = DIRECTION('',(1.,0.,-0.));
#4475 = DIRECTION('',(0.,0.,1.));
#4476 = ORIENTED_EDGE('',*,*,#4454,.F.);
#4477 = ORIENTED_EDGE('',*,*,#4478,.F.);
#4478 = EDGE_CURVE('',#4479,#4447,#4481,.T.);
#4479 = VERTEX_POINT('',#4480);
#4480 = CARTESIAN_POINT('',(0.849999999999,-2.299999999999,
    9.9999999999E-02));
#4481 = CIRCLE('',#4482,0.25);
#4482 = AXIS2_PLACEMENT_3D('',#4483,#4484,#4485);
#4483 = CARTESIAN_POINT('',(0.849999999999,-2.299999999999,-0.15));
#4484 = DIRECTION('',(1.,0.,-0.));
#4485 = DIRECTION('',(0.,0.,1.));
#4486 = ORIENTED_EDGE('',*,*,#4487,.T.);
#4487 = EDGE_CURVE('',#4479,#4469,#4488,.T.);
#4488 = LINE('',#4489,#4490);
#4489 = CARTESIAN_POINT('',(0.849999999999,-2.299999999999,
    9.9999999999E-02));
#4490 = VECTOR('',#4491,1.);
#4491 = DIRECTION('',(-1.,0.,0.));
#4492 = CYLINDRICAL_SURFACE('',#4493,0.25);
#4493 = AXIS2_PLACEMENT_3D('',#4494,#4495,#4496);
#4494 = CARTESIAN_POINT('',(0.849999999999,-2.299999999999,-0.15));
#4495 = DIRECTION('',(-1.,0.,0.));
#4496 = DIRECTION('',(0.,0.,1.));
#4497 = ADVANCED_FACE('',(#4498),#4514,.T.);
#4498 = FACE_BOUND('',#4499,.T.);
#4499 = EDGE_LOOP('',(#4500,#4506,#4507,#4513));
#4500 = ORIENTED_EDGE('',*,*,#4501,.T.);
#4501 = EDGE_CURVE('',#781,#4469,#4502,.T.);
#4502 = LINE('',#4503,#4504);
#4503 = CARTESIAN_POINT('',(0.42,-1.95,0.1));
#4504 = VECTOR('',#4505,1.);
#4505 = DIRECTION('',(0.,-1.,-3.872150616019E-17));
#4506 = ORIENTED_EDGE('',*,*,#4487,.F.);
#4507 = ORIENTED_EDGE('',*,*,#4508,.F.);
#4508 = EDGE_CURVE('',#819,#4479,#4509,.T.);
#4509 = LINE('',#4510,#4511);
#4510 = CARTESIAN_POINT('',(0.849999999999,-1.95,0.1));
#4511 = VECTOR('',#4512,1.);
#4512 = DIRECTION('',(0.,-1.,-3.872150616019E-17));
#4513 = ORIENTED_EDGE('',*,*,#1348,.T.);
#4514 = PLANE('',#4515);
#4515 = AXIS2_PLACEMENT_3D('',#4516,#4517,#4518);
#4516 = CARTESIAN_POINT('',(0.849999999999,-1.95,0.1));
#4517 = DIRECTION('',(0.,-3.872150616019E-17,1.));
#4518 = DIRECTION('',(0.,1.,3.872150616019E-17));
#4519 = ADVANCED_FACE('',(#4520),#4545,.F.);
#4520 = FACE_BOUND('',#4521,.T.);
#4521 = EDGE_LOOP('',(#4522,#4530,#4531,#4539));
#4522 = ORIENTED_EDGE('',*,*,#4523,.F.);
#4523 = EDGE_CURVE('',#797,#4524,#4526,.T.);
#4524 = VERTEX_POINT('',#4525);
#4525 = CARTESIAN_POINT('',(0.42,-2.299999999999,-9.9999999999E-02));
#4526 = LINE('',#4527,#4528);
#4527 = CARTESIAN_POINT('',(0.42,-1.95,-0.1));
#4528 = VECTOR('',#4529,1.);
#4529 = DIRECTION('',(0.,-1.,-3.872150616019E-17));
#4530 = ORIENTED_EDGE('',*,*,#1847,.F.);
#4531 = ORIENTED_EDGE('',*,*,#4532,.T.);
#4532 = EDGE_CURVE('',#829,#4533,#4535,.T.);
#4533 = VERTEX_POINT('',#4534);
#4534 = CARTESIAN_POINT('',(0.849999999999,-2.299999999999,
    -9.9999999999E-02));
#4535 = LINE('',#4536,#4537);
#4536 = CARTESIAN_POINT('',(0.849999999999,-1.95,-0.1));
#4537 = VECTOR('',#4538,1.);
#4538 = DIRECTION('',(0.,-1.,-3.872150616019E-17));
#4539 = ORIENTED_EDGE('',*,*,#4540,.T.);
#4540 = EDGE_CURVE('',#4533,#4524,#4541,.T.);
#4541 = LINE('',#4542,#4543);
#4542 = CARTESIAN_POINT('',(0.849999999999,-2.299999999999,
    -9.9999999999E-02));
#4543 = VECTOR('',#4544,1.);
#4544 = DIRECTION('',(-1.,0.,0.));
#4545 = PLANE('',#4546);
#4546 = AXIS2_PLACEMENT_3D('',#4547,#4548,#4549);
#4547 = CARTESIAN_POINT('',(0.849999999999,-1.95,-0.1));
#4548 = DIRECTION('',(0.,-3.872150616019E-17,1.));
#4549 = DIRECTION('',(0.,1.,3.872150616019E-17));
#4550 = ADVANCED_FACE('',(#4551),#4578,.F.);
#4551 = FACE_BOUND('',#4552,.F.);
#4552 = EDGE_LOOP('',(#4553,#4563,#4570,#4571));
#4553 = ORIENTED_EDGE('',*,*,#4554,.F.);
#4554 = EDGE_CURVE('',#4555,#4557,#4559,.T.);
#4555 = VERTEX_POINT('',#4556);
#4556 = CARTESIAN_POINT('',(0.849999999999,-2.35,-0.149999999999));
#4557 = VERTEX_POINT('',#4558);
#4558 = CARTESIAN_POINT('',(0.42,-2.35,-0.149999999999));
#4559 = LINE('',#4560,#4561);
#4560 = CARTESIAN_POINT('',(0.849999999999,-2.35,-0.149999999999));
#4561 = VECTOR('',#4562,1.);
#4562 = DIRECTION('',(-1.,0.,0.));
#4563 = ORIENTED_EDGE('',*,*,#4564,.F.);
#4564 = EDGE_CURVE('',#4533,#4555,#4565,.T.);
#4565 = CIRCLE('',#4566,5.E-02);
#4566 = AXIS2_PLACEMENT_3D('',#4567,#4568,#4569);
#4567 = CARTESIAN_POINT('',(0.849999999999,-2.299999999999,-0.15));
#4568 = DIRECTION('',(1.,0.,0.));
#4569 = DIRECTION('',(0.,0.,-1.));
#4570 = ORIENTED_EDGE('',*,*,#4540,.T.);
#4571 = ORIENTED_EDGE('',*,*,#4572,.T.);
#4572 = EDGE_CURVE('',#4524,#4557,#4573,.T.);
#4573 = CIRCLE('',#4574,5.E-02);
#4574 = AXIS2_PLACEMENT_3D('',#4575,#4576,#4577);
#4575 = CARTESIAN_POINT('',(0.42,-2.299999999999,-0.15));
#4576 = DIRECTION('',(1.,0.,0.));
#4577 = DIRECTION('',(0.,0.,-1.));
#4578 = CYLINDRICAL_SURFACE('',#4579,5.E-02);
#4579 = AXIS2_PLACEMENT_3D('',#4580,#4581,#4582);
#4580 = CARTESIAN_POINT('',(0.849999999999,-2.299999999999,-0.15));
#4581 = DIRECTION('',(-1.,0.,0.));
#4582 = DIRECTION('',(0.,0.,1.));
#4583 = ADVANCED_FACE('',(#4584),#4609,.F.);
#4584 = FACE_BOUND('',#4585,.T.);
#4585 = EDGE_LOOP('',(#4586,#4594,#4595,#4603));
#4586 = ORIENTED_EDGE('',*,*,#4587,.F.);
#4587 = EDGE_CURVE('',#4557,#4588,#4590,.T.);
#4588 = VERTEX_POINT('',#4589);
#4589 = CARTESIAN_POINT('',(0.42,-2.35,-0.549999999999));
#4590 = LINE('',#4591,#4592);
#4591 = CARTESIAN_POINT('',(0.42,-2.35,-0.15));
#4592 = VECTOR('',#4593,1.);
#4593 = DIRECTION('',(0.,0.,-1.));
#4594 = ORIENTED_EDGE('',*,*,#4554,.F.);
#4595 = ORIENTED_EDGE('',*,*,#4596,.T.);
#4596 = EDGE_CURVE('',#4555,#4597,#4599,.T.);
#4597 = VERTEX_POINT('',#4598);
#4598 = CARTESIAN_POINT('',(0.849999999999,-2.35,-0.549999999999));
#4599 = LINE('',#4600,#4601);
#4600 = CARTESIAN_POINT('',(0.849999999999,-2.35,-0.15));
#4601 = VECTOR('',#4602,1.);
#4602 = DIRECTION('',(0.,0.,-1.));
#4603 = ORIENTED_EDGE('',*,*,#4604,.T.);
#4604 = EDGE_CURVE('',#4597,#4588,#4605,.T.);
#4605 = LINE('',#4606,#4607);
#4606 = CARTESIAN_POINT('',(0.849999999999,-2.35,-0.549999999999));
#4607 = VECTOR('',#4608,1.);
#4608 = DIRECTION('',(-1.,0.,0.));
#4609 = PLANE('',#4610);
#4610 = AXIS2_PLACEMENT_3D('',#4611,#4612,#4613);
#4611 = CARTESIAN_POINT('',(0.849999999999,-2.35,-0.15));
#4612 = DIRECTION('',(0.,-1.,0.));
#4613 = DIRECTION('',(0.,0.,1.));
#4614 = ADVANCED_FACE('',(#4615),#4635,.T.);
#4615 = FACE_BOUND('',#4616,.T.);
#4616 = EDGE_LOOP('',(#4617,#4618,#4625,#4626,#4627,#4628,#4629,#4630,
    #4631,#4632,#4633,#4634));
#4617 = ORIENTED_EDGE('',*,*,#4320,.F.);
#4618 = ORIENTED_EDGE('',*,*,#4619,.F.);
#4619 = EDGE_CURVE('',#4597,#4313,#4620,.T.);
#4620 = CIRCLE('',#4621,0.25);
#4621 = AXIS2_PLACEMENT_3D('',#4622,#4623,#4624);
#4622 = CARTESIAN_POINT('',(0.849999999999,-2.6,-0.549999999999));
#4623 = DIRECTION('',(-1.,0.,0.));
#4624 = DIRECTION('',(0.,0.,-1.));
#4625 = ORIENTED_EDGE('',*,*,#4596,.F.);
#4626 = ORIENTED_EDGE('',*,*,#4564,.F.);
#4627 = ORIENTED_EDGE('',*,*,#4532,.F.);
#4628 = ORIENTED_EDGE('',*,*,#828,.T.);
#4629 = ORIENTED_EDGE('',*,*,#4508,.T.);
#4630 = ORIENTED_EDGE('',*,*,#4478,.T.);
#4631 = ORIENTED_EDGE('',*,*,#4446,.T.);
#4632 = ORIENTED_EDGE('',*,*,#4414,.T.);
#4633 = ORIENTED_EDGE('',*,*,#4382,.T.);
#4634 = ORIENTED_EDGE('',*,*,#4351,.T.);
#4635 = PLANE('',#4636);
#4636 = AXIS2_PLACEMENT_3D('',#4637,#4638,#4639);
#4637 = CARTESIAN_POINT('',(0.849999999999,-2.6,-0.549999999999));
#4638 = DIRECTION('',(1.,0.,0.));
#4639 = DIRECTION('',(0.,0.,-1.));
#4640 = ADVANCED_FACE('',(#4641),#4653,.T.);
#4641 = FACE_BOUND('',#4642,.T.);
#4642 = EDGE_LOOP('',(#4643,#4650,#4651,#4652));
#4643 = ORIENTED_EDGE('',*,*,#4644,.F.);
#4644 = EDGE_CURVE('',#4588,#4303,#4645,.T.);
#4645 = CIRCLE('',#4646,0.25);
#4646 = AXIS2_PLACEMENT_3D('',#4647,#4648,#4649);
#4647 = CARTESIAN_POINT('',(0.42,-2.6,-0.549999999999));
#4648 = DIRECTION('',(-1.,0.,0.));
#4649 = DIRECTION('',(0.,0.,-1.));
#4650 = ORIENTED_EDGE('',*,*,#4604,.F.);
#4651 = ORIENTED_EDGE('',*,*,#4619,.T.);
#4652 = ORIENTED_EDGE('',*,*,#4312,.T.);
#4653 = CYLINDRICAL_SURFACE('',#4654,0.25);
#4654 = AXIS2_PLACEMENT_3D('',#4655,#4656,#4657);
#4655 = CARTESIAN_POINT('',(0.849999999999,-2.6,-0.549999999999));
#4656 = DIRECTION('',(-1.,0.,0.));
#4657 = DIRECTION('',(0.,0.,1.));
#4658 = ADVANCED_FACE('',(#4659),#4673,.F.);
#4659 = FACE_BOUND('',#4660,.T.);
#4660 = EDGE_LOOP('',(#4661,#4662,#4663,#4664,#4665,#4666,#4667,#4668,
    #4669,#4670,#4671,#4672));
#4661 = ORIENTED_EDGE('',*,*,#4302,.T.);
#4662 = ORIENTED_EDGE('',*,*,#4342,.F.);
#4663 = ORIENTED_EDGE('',*,*,#4373,.F.);
#4664 = ORIENTED_EDGE('',*,*,#4422,.F.);
#4665 = ORIENTED_EDGE('',*,*,#4437,.F.);
#4666 = ORIENTED_EDGE('',*,*,#4468,.F.);
#4667 = ORIENTED_EDGE('',*,*,#4501,.F.);
#4668 = ORIENTED_EDGE('',*,*,#804,.F.);
#4669 = ORIENTED_EDGE('',*,*,#4523,.T.);
#4670 = ORIENTED_EDGE('',*,*,#4572,.T.);
#4671 = ORIENTED_EDGE('',*,*,#4587,.T.);
#4672 = ORIENTED_EDGE('',*,*,#4644,.T.);
#4673 = PLANE('',#4674);
#4674 = AXIS2_PLACEMENT_3D('',#4675,#4676,#4677);
#4675 = CARTESIAN_POINT('',(0.42,-2.6,-0.549999999999));
#4676 = DIRECTION('',(1.,0.,0.));
#4677 = DIRECTION('',(0.,0.,-1.));
#4678 = ADVANCED_FACE('',(#4679),#4713,.F.);
#4679 = FACE_BOUND('',#4680,.T.);
#4680 = EDGE_LOOP('',(#4681,#4691,#4699,#4707));
#4681 = ORIENTED_EDGE('',*,*,#4682,.F.);
#4682 = EDGE_CURVE('',#4683,#4685,#4687,.T.);
#4683 = VERTEX_POINT('',#4684);
#4684 = CARTESIAN_POINT('',(-0.85,-2.6,-0.799999999999));
#4685 = VERTEX_POINT('',#4686);
#4686 = CARTESIAN_POINT('',(-0.85,-3.,-0.799999999999));
#4687 = LINE('',#4688,#4689);
#4688 = CARTESIAN_POINT('',(-0.85,-2.6,-0.799999999999));
#4689 = VECTOR('',#4690,1.);
#4690 = DIRECTION('',(0.,-1.,0.));
#4691 = ORIENTED_EDGE('',*,*,#4692,.F.);
#4692 = EDGE_CURVE('',#4693,#4683,#4695,.T.);
#4693 = VERTEX_POINT('',#4694);
#4694 = CARTESIAN_POINT('',(-0.42,-2.6,-0.799999999999));
#4695 = LINE('',#4696,#4697);
#4696 = CARTESIAN_POINT('',(-0.42,-2.6,-0.799999999999));
#4697 = VECTOR('',#4698,1.);
#4698 = DIRECTION('',(-1.,0.,0.));
#4699 = ORIENTED_EDGE('',*,*,#4700,.T.);
#4700 = EDGE_CURVE('',#4693,#4701,#4703,.T.);
#4701 = VERTEX_POINT('',#4702);
#4702 = CARTESIAN_POINT('',(-0.42,-3.,-0.799999999999));
#4703 = LINE('',#4704,#4705);
#4704 = CARTESIAN_POINT('',(-0.42,-2.6,-0.799999999999));
#4705 = VECTOR('',#4706,1.);
#4706 = DIRECTION('',(0.,-1.,0.));
#4707 = ORIENTED_EDGE('',*,*,#4708,.T.);
#4708 = EDGE_CURVE('',#4701,#4685,#4709,.T.);
#4709 = LINE('',#4710,#4711);
#4710 = CARTESIAN_POINT('',(-0.42,-3.,-0.799999999999));
#4711 = VECTOR('',#4712,1.);
#4712 = DIRECTION('',(-1.,0.,0.));
#4713 = PLANE('',#4714);
#4714 = AXIS2_PLACEMENT_3D('',#4715,#4716,#4717);
#4715 = CARTESIAN_POINT('',(-0.42,-2.6,-0.799999999999));
#4716 = DIRECTION('',(0.,0.,1.));
#4717 = DIRECTION('',(1.,0.,-0.));
#4718 = ADVANCED_FACE('',(#4719),#4744,.T.);
#4719 = FACE_BOUND('',#4720,.T.);
#4720 = EDGE_LOOP('',(#4721,#4729,#4730,#4738));
#4721 = ORIENTED_EDGE('',*,*,#4722,.T.);
#4722 = EDGE_CURVE('',#4723,#4685,#4725,.T.);
#4723 = VERTEX_POINT('',#4724);
#4724 = CARTESIAN_POINT('',(-0.85,-3.,-0.599999999999));
#4725 = LINE('',#4726,#4727);
#4726 = CARTESIAN_POINT('',(-0.85,-3.,-0.599999999999));
#4727 = VECTOR('',#4728,1.);
#4728 = DIRECTION('',(0.,0.,-1.));
#4729 = ORIENTED_EDGE('',*,*,#4708,.F.);
#4730 = ORIENTED_EDGE('',*,*,#4731,.F.);
#4731 = EDGE_CURVE('',#4732,#4701,#4734,.T.);
#4732 = VERTEX_POINT('',#4733);
#4733 = CARTESIAN_POINT('',(-0.42,-3.,-0.599999999999));
#4734 = LINE('',#4735,#4736);
#4735 = CARTESIAN_POINT('',(-0.42,-3.,-0.599999999999));
#4736 = VECTOR('',#4737,1.);
#4737 = DIRECTION('',(0.,0.,-1.));
#4738 = ORIENTED_EDGE('',*,*,#4739,.T.);
#4739 = EDGE_CURVE('',#4732,#4723,#4740,.T.);
#4740 = LINE('',#4741,#4742);
#4741 = CARTESIAN_POINT('',(-0.42,-3.,-0.599999999999));
#4742 = VECTOR('',#4743,1.);
#4743 = DIRECTION('',(-1.,0.,0.));
#4744 = PLANE('',#4745);
#4745 = AXIS2_PLACEMENT_3D('',#4746,#4747,#4748);
#4746 = CARTESIAN_POINT('',(-0.42,-3.,-0.599999999999));
#4747 = DIRECTION('',(0.,-1.,0.));
#4748 = DIRECTION('',(0.,0.,1.));
#4749 = ADVANCED_FACE('',(#4750),#4775,.T.);
#4750 = FACE_BOUND('',#4751,.T.);
#4751 = EDGE_LOOP('',(#4752,#4760,#4761,#4769));
#4752 = ORIENTED_EDGE('',*,*,#4753,.T.);
#4753 = EDGE_CURVE('',#4754,#4723,#4756,.T.);
#4754 = VERTEX_POINT('',#4755);
#4755 = CARTESIAN_POINT('',(-0.85,-2.6,-0.6));
#4756 = LINE('',#4757,#4758);
#4757 = CARTESIAN_POINT('',(-0.85,-2.6,-0.599999999999));
#4758 = VECTOR('',#4759,1.);
#4759 = DIRECTION('',(0.,-1.,0.));
#4760 = ORIENTED_EDGE('',*,*,#4739,.F.);
#4761 = ORIENTED_EDGE('',*,*,#4762,.F.);
#4762 = EDGE_CURVE('',#4763,#4732,#4765,.T.);
#4763 = VERTEX_POINT('',#4764);
#4764 = CARTESIAN_POINT('',(-0.42,-2.6,-0.6));
#4765 = LINE('',#4766,#4767);
#4766 = CARTESIAN_POINT('',(-0.42,-2.6,-0.599999999999));
#4767 = VECTOR('',#4768,1.);
#4768 = DIRECTION('',(0.,-1.,0.));
#4769 = ORIENTED_EDGE('',*,*,#4770,.T.);
#4770 = EDGE_CURVE('',#4763,#4754,#4771,.T.);
#4771 = LINE('',#4772,#4773);
#4772 = CARTESIAN_POINT('',(-0.42,-2.6,-0.6));
#4773 = VECTOR('',#4774,1.);
#4774 = DIRECTION('',(-1.,0.,0.));
#4775 = PLANE('',#4776);
#4776 = AXIS2_PLACEMENT_3D('',#4777,#4778,#4779);
#4777 = CARTESIAN_POINT('',(-0.42,-2.6,-0.599999999999));
#4778 = DIRECTION('',(0.,0.,1.));
#4779 = DIRECTION('',(1.,0.,-0.));
#4780 = ADVANCED_FACE('',(#4781),#4808,.F.);
#4781 = FACE_BOUND('',#4782,.F.);
#4782 = EDGE_LOOP('',(#4783,#4793,#4800,#4801));
#4783 = ORIENTED_EDGE('',*,*,#4784,.F.);
#4784 = EDGE_CURVE('',#4785,#4787,#4789,.T.);
#4785 = VERTEX_POINT('',#4786);
#4786 = CARTESIAN_POINT('',(-0.42,-2.55,-0.549999999999));
#4787 = VERTEX_POINT('',#4788);
#4788 = CARTESIAN_POINT('',(-0.85,-2.55,-0.549999999999));
#4789 = LINE('',#4790,#4791);
#4790 = CARTESIAN_POINT('',(-0.42,-2.55,-0.549999999999));
#4791 = VECTOR('',#4792,1.);
#4792 = DIRECTION('',(-1.,0.,0.));
#4793 = ORIENTED_EDGE('',*,*,#4794,.T.);
#4794 = EDGE_CURVE('',#4785,#4763,#4795,.T.);
#4795 = CIRCLE('',#4796,5.E-02);
#4796 = AXIS2_PLACEMENT_3D('',#4797,#4798,#4799);
#4797 = CARTESIAN_POINT('',(-0.42,-2.6,-0.549999999999));
#4798 = DIRECTION('',(-1.,0.,0.));
#4799 = DIRECTION('',(0.,0.,-1.));
#4800 = ORIENTED_EDGE('',*,*,#4770,.T.);
#4801 = ORIENTED_EDGE('',*,*,#4802,.F.);
#4802 = EDGE_CURVE('',#4787,#4754,#4803,.T.);
#4803 = CIRCLE('',#4804,5.E-02);
#4804 = AXIS2_PLACEMENT_3D('',#4805,#4806,#4807);
#4805 = CARTESIAN_POINT('',(-0.85,-2.6,-0.549999999999));
#4806 = DIRECTION('',(-1.,0.,0.));
#4807 = DIRECTION('',(0.,0.,-1.));
#4808 = CYLINDRICAL_SURFACE('',#4809,5.E-02);
#4809 = AXIS2_PLACEMENT_3D('',#4810,#4811,#4812);
#4810 = CARTESIAN_POINT('',(-0.42,-2.6,-0.549999999999));
#4811 = DIRECTION('',(-1.,0.,0.));
#4812 = DIRECTION('',(0.,0.,1.));
#4813 = ADVANCED_FACE('',(#4814),#4839,.T.);
#4814 = FACE_BOUND('',#4815,.T.);
#4815 = EDGE_LOOP('',(#4816,#4824,#4825,#4833));
#4816 = ORIENTED_EDGE('',*,*,#4817,.T.);
#4817 = EDGE_CURVE('',#4818,#4787,#4820,.T.);
#4818 = VERTEX_POINT('',#4819);
#4819 = CARTESIAN_POINT('',(-0.85,-2.55,-0.149999999999));
#4820 = LINE('',#4821,#4822);
#4821 = CARTESIAN_POINT('',(-0.85,-2.55,-0.15));
#4822 = VECTOR('',#4823,1.);
#4823 = DIRECTION('',(0.,0.,-1.));
#4824 = ORIENTED_EDGE('',*,*,#4784,.F.);
#4825 = ORIENTED_EDGE('',*,*,#4826,.F.);
#4826 = EDGE_CURVE('',#4827,#4785,#4829,.T.);
#4827 = VERTEX_POINT('',#4828);
#4828 = CARTESIAN_POINT('',(-0.42,-2.55,-0.149999999999));
#4829 = LINE('',#4830,#4831);
#4830 = CARTESIAN_POINT('',(-0.42,-2.55,-0.15));
#4831 = VECTOR('',#4832,1.);
#4832 = DIRECTION('',(0.,0.,-1.));
#4833 = ORIENTED_EDGE('',*,*,#4834,.T.);
#4834 = EDGE_CURVE('',#4827,#4818,#4835,.T.);
#4835 = LINE('',#4836,#4837);
#4836 = CARTESIAN_POINT('',(-0.42,-2.55,-0.149999999999));
#4837 = VECTOR('',#4838,1.);
#4838 = DIRECTION('',(-1.,0.,0.));
#4839 = PLANE('',#4840);
#4840 = AXIS2_PLACEMENT_3D('',#4841,#4842,#4843);
#4841 = CARTESIAN_POINT('',(-0.42,-2.55,-0.15));
#4842 = DIRECTION('',(0.,-1.,0.));
#4843 = DIRECTION('',(0.,0.,1.));
#4844 = ADVANCED_FACE('',(#4845),#4872,.T.);
#4845 = FACE_BOUND('',#4846,.T.);
#4846 = EDGE_LOOP('',(#4847,#4856,#4857,#4866));
#4847 = ORIENTED_EDGE('',*,*,#4848,.T.);
#4848 = EDGE_CURVE('',#4849,#4818,#4851,.T.);
#4849 = VERTEX_POINT('',#4850);
#4850 = CARTESIAN_POINT('',(-0.85,-2.299999999999,9.9999999999E-02));
#4851 = CIRCLE('',#4852,0.25);
#4852 = AXIS2_PLACEMENT_3D('',#4853,#4854,#4855);
#4853 = CARTESIAN_POINT('',(-0.85,-2.299999999999,-0.15));
#4854 = DIRECTION('',(1.,0.,-0.));
#4855 = DIRECTION('',(0.,0.,1.));
#4856 = ORIENTED_EDGE('',*,*,#4834,.F.);
#4857 = ORIENTED_EDGE('',*,*,#4858,.F.);
#4858 = EDGE_CURVE('',#4859,#4827,#4861,.T.);
#4859 = VERTEX_POINT('',#4860);
#4860 = CARTESIAN_POINT('',(-0.42,-2.299999999999,9.9999999999E-02));
#4861 = CIRCLE('',#4862,0.25);
#4862 = AXIS2_PLACEMENT_3D('',#4863,#4864,#4865);
#4863 = CARTESIAN_POINT('',(-0.42,-2.299999999999,-0.15));
#4864 = DIRECTION('',(1.,0.,-0.));
#4865 = DIRECTION('',(0.,0.,1.));
#4866 = ORIENTED_EDGE('',*,*,#4867,.T.);
#4867 = EDGE_CURVE('',#4859,#4849,#4868,.T.);
#4868 = LINE('',#4869,#4870);
#4869 = CARTESIAN_POINT('',(-0.42,-2.299999999999,9.9999999999E-02));
#4870 = VECTOR('',#4871,1.);
#4871 = DIRECTION('',(-1.,0.,0.));
#4872 = CYLINDRICAL_SURFACE('',#4873,0.25);
#4873 = AXIS2_PLACEMENT_3D('',#4874,#4875,#4876);
#4874 = CARTESIAN_POINT('',(-0.42,-2.299999999999,-0.15));
#4875 = DIRECTION('',(-1.,0.,0.));
#4876 = DIRECTION('',(0.,0.,1.));
#4877 = ADVANCED_FACE('',(#4878),#4894,.T.);
#4878 = FACE_BOUND('',#4879,.T.);
#4879 = EDGE_LOOP('',(#4880,#4886,#4887,#4893));
#4880 = ORIENTED_EDGE('',*,*,#4881,.T.);
#4881 = EDGE_CURVE('',#741,#4849,#4882,.T.);
#4882 = LINE('',#4883,#4884);
#4883 = CARTESIAN_POINT('',(-0.85,-1.95,0.1));
#4884 = VECTOR('',#4885,1.);
#4885 = DIRECTION('',(0.,-1.,-3.872150616019E-17));
#4886 = ORIENTED_EDGE('',*,*,#4867,.F.);
#4887 = ORIENTED_EDGE('',*,*,#4888,.F.);
#4888 = EDGE_CURVE('',#779,#4859,#4889,.T.);
#4889 = LINE('',#4890,#4891);
#4890 = CARTESIAN_POINT('',(-0.42,-1.95,0.1));
#4891 = VECTOR('',#4892,1.);
#4892 = DIRECTION('',(0.,-1.,-3.872150616019E-17));
#4893 = ORIENTED_EDGE('',*,*,#1341,.T.);
#4894 = PLANE('',#4895);
#4895 = AXIS2_PLACEMENT_3D('',#4896,#4897,#4898);
#4896 = CARTESIAN_POINT('',(-0.42,-1.95,0.1));
#4897 = DIRECTION('',(0.,-3.872150616019E-17,1.));
#4898 = DIRECTION('',(0.,1.,3.872150616019E-17));
#4899 = ADVANCED_FACE('',(#4900),#4925,.F.);
#4900 = FACE_BOUND('',#4901,.T.);
#4901 = EDGE_LOOP('',(#4902,#4910,#4911,#4919));
#4902 = ORIENTED_EDGE('',*,*,#4903,.F.);
#4903 = EDGE_CURVE('',#757,#4904,#4906,.T.);
#4904 = VERTEX_POINT('',#4905);
#4905 = CARTESIAN_POINT('',(-0.85,-2.299999999999,-9.9999999999E-02));
#4906 = LINE('',#4907,#4908);
#4907 = CARTESIAN_POINT('',(-0.85,-1.95,-0.1));
#4908 = VECTOR('',#4909,1.);
#4909 = DIRECTION('',(0.,-1.,-3.872150616019E-17));
#4910 = ORIENTED_EDGE('',*,*,#1854,.F.);
#4911 = ORIENTED_EDGE('',*,*,#4912,.T.);
#4912 = EDGE_CURVE('',#789,#4913,#4915,.T.);
#4913 = VERTEX_POINT('',#4914);
#4914 = CARTESIAN_POINT('',(-0.42,-2.299999999999,-9.9999999999E-02));
#4915 = LINE('',#4916,#4917);
#4916 = CARTESIAN_POINT('',(-0.42,-1.95,-0.1));
#4917 = VECTOR('',#4918,1.);
#4918 = DIRECTION('',(0.,-1.,-3.872150616019E-17));
#4919 = ORIENTED_EDGE('',*,*,#4920,.T.);
#4920 = EDGE_CURVE('',#4913,#4904,#4921,.T.);
#4921 = LINE('',#4922,#4923);
#4922 = CARTESIAN_POINT('',(-0.42,-2.299999999999,-9.9999999999E-02));
#4923 = VECTOR('',#4924,1.);
#4924 = DIRECTION('',(-1.,0.,0.));
#4925 = PLANE('',#4926);
#4926 = AXIS2_PLACEMENT_3D('',#4927,#4928,#4929);
#4927 = CARTESIAN_POINT('',(-0.42,-1.95,-0.1));
#4928 = DIRECTION('',(0.,-3.872150616019E-17,1.));
#4929 = DIRECTION('',(0.,1.,3.872150616019E-17));
#4930 = ADVANCED_FACE('',(#4931),#4958,.F.);
#4931 = FACE_BOUND('',#4932,.F.);
#4932 = EDGE_LOOP('',(#4933,#4943,#4950,#4951));
#4933 = ORIENTED_EDGE('',*,*,#4934,.F.);
#4934 = EDGE_CURVE('',#4935,#4937,#4939,.T.);
#4935 = VERTEX_POINT('',#4936);
#4936 = CARTESIAN_POINT('',(-0.42,-2.35,-0.149999999999));
#4937 = VERTEX_POINT('',#4938);
#4938 = CARTESIAN_POINT('',(-0.85,-2.35,-0.149999999999));
#4939 = LINE('',#4940,#4941);
#4940 = CARTESIAN_POINT('',(-0.42,-2.35,-0.149999999999));
#4941 = VECTOR('',#4942,1.);
#4942 = DIRECTION('',(-1.,0.,0.));
#4943 = ORIENTED_EDGE('',*,*,#4944,.F.);
#4944 = EDGE_CURVE('',#4913,#4935,#4945,.T.);
#4945 = CIRCLE('',#4946,5.E-02);
#4946 = AXIS2_PLACEMENT_3D('',#4947,#4948,#4949);
#4947 = CARTESIAN_POINT('',(-0.42,-2.299999999999,-0.15));
#4948 = DIRECTION('',(1.,0.,0.));
#4949 = DIRECTION('',(0.,0.,-1.));
#4950 = ORIENTED_EDGE('',*,*,#4920,.T.);
#4951 = ORIENTED_EDGE('',*,*,#4952,.T.);
#4952 = EDGE_CURVE('',#4904,#4937,#4953,.T.);
#4953 = CIRCLE('',#4954,5.E-02);
#4954 = AXIS2_PLACEMENT_3D('',#4955,#4956,#4957);
#4955 = CARTESIAN_POINT('',(-0.85,-2.299999999999,-0.15));
#4956 = DIRECTION('',(1.,0.,0.));
#4957 = DIRECTION('',(0.,0.,-1.));
#4958 = CYLINDRICAL_SURFACE('',#4959,5.E-02);
#4959 = AXIS2_PLACEMENT_3D('',#4960,#4961,#4962);
#4960 = CARTESIAN_POINT('',(-0.42,-2.299999999999,-0.15));
#4961 = DIRECTION('',(-1.,0.,0.));
#4962 = DIRECTION('',(0.,0.,1.));
#4963 = ADVANCED_FACE('',(#4964),#4989,.F.);
#4964 = FACE_BOUND('',#4965,.T.);
#4965 = EDGE_LOOP('',(#4966,#4974,#4975,#4983));
#4966 = ORIENTED_EDGE('',*,*,#4967,.F.);
#4967 = EDGE_CURVE('',#4937,#4968,#4970,.T.);
#4968 = VERTEX_POINT('',#4969);
#4969 = CARTESIAN_POINT('',(-0.85,-2.35,-0.549999999999));
#4970 = LINE('',#4971,#4972);
#4971 = CARTESIAN_POINT('',(-0.85,-2.35,-0.15));
#4972 = VECTOR('',#4973,1.);
#4973 = DIRECTION('',(0.,0.,-1.));
#4974 = ORIENTED_EDGE('',*,*,#4934,.F.);
#4975 = ORIENTED_EDGE('',*,*,#4976,.T.);
#4976 = EDGE_CURVE('',#4935,#4977,#4979,.T.);
#4977 = VERTEX_POINT('',#4978);
#4978 = CARTESIAN_POINT('',(-0.42,-2.35,-0.549999999999));
#4979 = LINE('',#4980,#4981);
#4980 = CARTESIAN_POINT('',(-0.42,-2.35,-0.15));
#4981 = VECTOR('',#4982,1.);
#4982 = DIRECTION('',(0.,0.,-1.));
#4983 = ORIENTED_EDGE('',*,*,#4984,.T.);
#4984 = EDGE_CURVE('',#4977,#4968,#4985,.T.);
#4985 = LINE('',#4986,#4987);
#4986 = CARTESIAN_POINT('',(-0.42,-2.35,-0.549999999999));
#4987 = VECTOR('',#4988,1.);
#4988 = DIRECTION('',(-1.,0.,0.));
#4989 = PLANE('',#4990);
#4990 = AXIS2_PLACEMENT_3D('',#4991,#4992,#4993);
#4991 = CARTESIAN_POINT('',(-0.42,-2.35,-0.15));
#4992 = DIRECTION('',(0.,-1.,0.));
#4993 = DIRECTION('',(0.,0.,1.));
#4994 = ADVANCED_FACE('',(#4995),#5015,.T.);
#4995 = FACE_BOUND('',#4996,.T.);
#4996 = EDGE_LOOP('',(#4997,#4998,#5005,#5006,#5007,#5008,#5009,#5010,
    #5011,#5012,#5013,#5014));
#4997 = ORIENTED_EDGE('',*,*,#4700,.F.);
#4998 = ORIENTED_EDGE('',*,*,#4999,.F.);
#4999 = EDGE_CURVE('',#4977,#4693,#5000,.T.);
#5000 = CIRCLE('',#5001,0.25);
#5001 = AXIS2_PLACEMENT_3D('',#5002,#5003,#5004);
#5002 = CARTESIAN_POINT('',(-0.42,-2.6,-0.549999999999));
#5003 = DIRECTION('',(-1.,0.,0.));
#5004 = DIRECTION('',(0.,0.,-1.));
#5005 = ORIENTED_EDGE('',*,*,#4976,.F.);
#5006 = ORIENTED_EDGE('',*,*,#4944,.F.);
#5007 = ORIENTED_EDGE('',*,*,#4912,.F.);
#5008 = ORIENTED_EDGE('',*,*,#788,.T.);
#5009 = ORIENTED_EDGE('',*,*,#4888,.T.);
#5010 = ORIENTED_EDGE('',*,*,#4858,.T.);
#5011 = ORIENTED_EDGE('',*,*,#4826,.T.);
#5012 = ORIENTED_EDGE('',*,*,#4794,.T.);
#5013 = ORIENTED_EDGE('',*,*,#4762,.T.);
#5014 = ORIENTED_EDGE('',*,*,#4731,.T.);
#5015 = PLANE('',#5016);
#5016 = AXIS2_PLACEMENT_3D('',#5017,#5018,#5019);
#5017 = CARTESIAN_POINT('',(-0.42,-2.6,-0.549999999999));
#5018 = DIRECTION('',(1.,0.,0.));
#5019 = DIRECTION('',(0.,0.,-1.));
#5020 = ADVANCED_FACE('',(#5021),#5033,.T.);
#5021 = FACE_BOUND('',#5022,.T.);
#5022 = EDGE_LOOP('',(#5023,#5030,#5031,#5032));
#5023 = ORIENTED_EDGE('',*,*,#5024,.F.);
#5024 = EDGE_CURVE('',#4968,#4683,#5025,.T.);
#5025 = CIRCLE('',#5026,0.25);
#5026 = AXIS2_PLACEMENT_3D('',#5027,#5028,#5029);
#5027 = CARTESIAN_POINT('',(-0.85,-2.6,-0.549999999999));
#5028 = DIRECTION('',(-1.,0.,0.));
#5029 = DIRECTION('',(0.,0.,-1.));
#5030 = ORIENTED_EDGE('',*,*,#4984,.F.);
#5031 = ORIENTED_EDGE('',*,*,#4999,.T.);
#5032 = ORIENTED_EDGE('',*,*,#4692,.T.);
#5033 = CYLINDRICAL_SURFACE('',#5034,0.25);
#5034 = AXIS2_PLACEMENT_3D('',#5035,#5036,#5037);
#5035 = CARTESIAN_POINT('',(-0.42,-2.6,-0.549999999999));
#5036 = DIRECTION('',(-1.,0.,0.));
#5037 = DIRECTION('',(0.,0.,1.));
#5038 = ADVANCED_FACE('',(#5039),#5053,.F.);
#5039 = FACE_BOUND('',#5040,.T.);
#5040 = EDGE_LOOP('',(#5041,#5042,#5043,#5044,#5045,#5046,#5047,#5048,
    #5049,#5050,#5051,#5052));
#5041 = ORIENTED_EDGE('',*,*,#4682,.T.);
#5042 = ORIENTED_EDGE('',*,*,#4722,.F.);
#5043 = ORIENTED_EDGE('',*,*,#4753,.F.);
#5044 = ORIENTED_EDGE('',*,*,#4802,.F.);
#5045 = ORIENTED_EDGE('',*,*,#4817,.F.);
#5046 = ORIENTED_EDGE('',*,*,#4848,.F.);
#5047 = ORIENTED_EDGE('',*,*,#4881,.F.);
#5048 = ORIENTED_EDGE('',*,*,#764,.F.);
#5049 = ORIENTED_EDGE('',*,*,#4903,.T.);
#5050 = ORIENTED_EDGE('',*,*,#4952,.T.);
#5051 = ORIENTED_EDGE('',*,*,#4967,.T.);
#5052 = ORIENTED_EDGE('',*,*,#5024,.T.);
#5053 = PLANE('',#5054);
#5054 = AXIS2_PLACEMENT_3D('',#5055,#5056,#5057);
#5055 = CARTESIAN_POINT('',(-0.85,-2.6,-0.549999999999));
#5056 = DIRECTION('',(1.,0.,0.));
#5057 = DIRECTION('',(0.,0.,-1.));
#5058 = ADVANCED_FACE('',(#5059),#5093,.F.);
#5059 = FACE_BOUND('',#5060,.T.);
#5060 = EDGE_LOOP('',(#5061,#5071,#5079,#5087));
#5061 = ORIENTED_EDGE('',*,*,#5062,.F.);
#5062 = EDGE_CURVE('',#5063,#5065,#5067,.T.);
#5063 = VERTEX_POINT('',#5064);
#5064 = CARTESIAN_POINT('',(-2.12,-2.6,-0.799999999999));
#5065 = VERTEX_POINT('',#5066);
#5066 = CARTESIAN_POINT('',(-2.12,-3.,-0.799999999999));
#5067 = LINE('',#5068,#5069);
#5068 = CARTESIAN_POINT('',(-2.12,-2.6,-0.799999999999));
#5069 = VECTOR('',#5070,1.);
#5070 = DIRECTION('',(0.,-1.,0.));
#5071 = ORIENTED_EDGE('',*,*,#5072,.F.);
#5072 = EDGE_CURVE('',#5073,#5063,#5075,.T.);
#5073 = VERTEX_POINT('',#5074);
#5074 = CARTESIAN_POINT('',(-1.69,-2.6,-0.799999999999));
#5075 = LINE('',#5076,#5077);
#5076 = CARTESIAN_POINT('',(-1.69,-2.6,-0.799999999999));
#5077 = VECTOR('',#5078,1.);
#5078 = DIRECTION('',(-1.,0.,0.));
#5079 = ORIENTED_EDGE('',*,*,#5080,.T.);
#5080 = EDGE_CURVE('',#5073,#5081,#5083,.T.);
#5081 = VERTEX_POINT('',#5082);
#5082 = CARTESIAN_POINT('',(-1.69,-3.,-0.799999999999));
#5083 = LINE('',#5084,#5085);
#5084 = CARTESIAN_POINT('',(-1.69,-2.6,-0.799999999999));
#5085 = VECTOR('',#5086,1.);
#5086 = DIRECTION('',(0.,-1.,0.));
#5087 = ORIENTED_EDGE('',*,*,#5088,.T.);
#5088 = EDGE_CURVE('',#5081,#5065,#5089,.T.);
#5089 = LINE('',#5090,#5091);
#5090 = CARTESIAN_POINT('',(-1.69,-3.,-0.799999999999));
#5091 = VECTOR('',#5092,1.);
#5092 = DIRECTION('',(-1.,0.,0.));
#5093 = PLANE('',#5094);
#5094 = AXIS2_PLACEMENT_3D('',#5095,#5096,#5097);
#5095 = CARTESIAN_POINT('',(-1.69,-2.6,-0.799999999999));
#5096 = DIRECTION('',(0.,0.,1.));
#5097 = DIRECTION('',(1.,0.,-0.));
#5098 = ADVANCED_FACE('',(#5099),#5124,.T.);
#5099 = FACE_BOUND('',#5100,.T.);
#5100 = EDGE_LOOP('',(#5101,#5109,#5110,#5118));
#5101 = ORIENTED_EDGE('',*,*,#5102,.T.);
#5102 = EDGE_CURVE('',#5103,#5065,#5105,.T.);
#5103 = VERTEX_POINT('',#5104);
#5104 = CARTESIAN_POINT('',(-2.12,-3.,-0.599999999999));
#5105 = LINE('',#5106,#5107);
#5106 = CARTESIAN_POINT('',(-2.12,-3.,-0.599999999999));
#5107 = VECTOR('',#5108,1.);
#5108 = DIRECTION('',(0.,0.,-1.));
#5109 = ORIENTED_EDGE('',*,*,#5088,.F.);
#5110 = ORIENTED_EDGE('',*,*,#5111,.F.);
#5111 = EDGE_CURVE('',#5112,#5081,#5114,.T.);
#5112 = VERTEX_POINT('',#5113);
#5113 = CARTESIAN_POINT('',(-1.69,-3.,-0.599999999999));
#5114 = LINE('',#5115,#5116);
#5115 = CARTESIAN_POINT('',(-1.69,-3.,-0.599999999999));
#5116 = VECTOR('',#5117,1.);
#5117 = DIRECTION('',(0.,0.,-1.));
#5118 = ORIENTED_EDGE('',*,*,#5119,.T.);
#5119 = EDGE_CURVE('',#5112,#5103,#5120,.T.);
#5120 = LINE('',#5121,#5122);
#5121 = CARTESIAN_POINT('',(-1.69,-3.,-0.599999999999));
#5122 = VECTOR('',#5123,1.);
#5123 = DIRECTION('',(-1.,0.,0.));
#5124 = PLANE('',#5125);
#5125 = AXIS2_PLACEMENT_3D('',#5126,#5127,#5128);
#5126 = CARTESIAN_POINT('',(-1.69,-3.,-0.599999999999));
#5127 = DIRECTION('',(0.,-1.,0.));
#5128 = DIRECTION('',(0.,0.,1.));
#5129 = ADVANCED_FACE('',(#5130),#5155,.T.);
#5130 = FACE_BOUND('',#5131,.T.);
#5131 = EDGE_LOOP('',(#5132,#5140,#5141,#5149));
#5132 = ORIENTED_EDGE('',*,*,#5133,.T.);
#5133 = EDGE_CURVE('',#5134,#5103,#5136,.T.);
#5134 = VERTEX_POINT('',#5135);
#5135 = CARTESIAN_POINT('',(-2.12,-2.6,-0.6));
#5136 = LINE('',#5137,#5138);
#5137 = CARTESIAN_POINT('',(-2.12,-2.6,-0.599999999999));
#5138 = VECTOR('',#5139,1.);
#5139 = DIRECTION('',(0.,-1.,0.));
#5140 = ORIENTED_EDGE('',*,*,#5119,.F.);
#5141 = ORIENTED_EDGE('',*,*,#5142,.F.);
#5142 = EDGE_CURVE('',#5143,#5112,#5145,.T.);
#5143 = VERTEX_POINT('',#5144);
#5144 = CARTESIAN_POINT('',(-1.69,-2.6,-0.6));
#5145 = LINE('',#5146,#5147);
#5146 = CARTESIAN_POINT('',(-1.69,-2.6,-0.599999999999));
#5147 = VECTOR('',#5148,1.);
#5148 = DIRECTION('',(0.,-1.,0.));
#5149 = ORIENTED_EDGE('',*,*,#5150,.T.);
#5150 = EDGE_CURVE('',#5143,#5134,#5151,.T.);
#5151 = LINE('',#5152,#5153);
#5152 = CARTESIAN_POINT('',(-1.69,-2.6,-0.6));
#5153 = VECTOR('',#5154,1.);
#5154 = DIRECTION('',(-1.,0.,0.));
#5155 = PLANE('',#5156);
#5156 = AXIS2_PLACEMENT_3D('',#5157,#5158,#5159);
#5157 = CARTESIAN_POINT('',(-1.69,-2.6,-0.599999999999));
#5158 = DIRECTION('',(0.,0.,1.));
#5159 = DIRECTION('',(1.,0.,-0.));
#5160 = ADVANCED_FACE('',(#5161),#5188,.F.);
#5161 = FACE_BOUND('',#5162,.F.);
#5162 = EDGE_LOOP('',(#5163,#5173,#5180,#5181));
#5163 = ORIENTED_EDGE('',*,*,#5164,.F.);
#5164 = EDGE_CURVE('',#5165,#5167,#5169,.T.);
#5165 = VERTEX_POINT('',#5166);
#5166 = CARTESIAN_POINT('',(-1.69,-2.55,-0.549999999999));
#5167 = VERTEX_POINT('',#5168);
#5168 = CARTESIAN_POINT('',(-2.12,-2.55,-0.549999999999));
#5169 = LINE('',#5170,#5171);
#5170 = CARTESIAN_POINT('',(-1.69,-2.55,-0.549999999999));
#5171 = VECTOR('',#5172,1.);
#5172 = DIRECTION('',(-1.,0.,0.));
#5173 = ORIENTED_EDGE('',*,*,#5174,.T.);
#5174 = EDGE_CURVE('',#5165,#5143,#5175,.T.);
#5175 = CIRCLE('',#5176,5.E-02);
#5176 = AXIS2_PLACEMENT_3D('',#5177,#5178,#5179);
#5177 = CARTESIAN_POINT('',(-1.69,-2.6,-0.549999999999));
#5178 = DIRECTION('',(-1.,0.,0.));
#5179 = DIRECTION('',(0.,0.,-1.));
#5180 = ORIENTED_EDGE('',*,*,#5150,.T.);
#5181 = ORIENTED_EDGE('',*,*,#5182,.F.);
#5182 = EDGE_CURVE('',#5167,#5134,#5183,.T.);
#5183 = CIRCLE('',#5184,5.E-02);
#5184 = AXIS2_PLACEMENT_3D('',#5185,#5186,#5187);
#5185 = CARTESIAN_POINT('',(-2.12,-2.6,-0.549999999999));
#5186 = DIRECTION('',(-1.,0.,0.));
#5187 = DIRECTION('',(0.,0.,-1.));
#5188 = CYLINDRICAL_SURFACE('',#5189,5.E-02);
#5189 = AXIS2_PLACEMENT_3D('',#5190,#5191,#5192);
#5190 = CARTESIAN_POINT('',(-1.69,-2.6,-0.549999999999));
#5191 = DIRECTION('',(-1.,0.,0.));
#5192 = DIRECTION('',(0.,0.,1.));
#5193 = ADVANCED_FACE('',(#5194),#5219,.T.);
#5194 = FACE_BOUND('',#5195,.T.);
#5195 = EDGE_LOOP('',(#5196,#5204,#5205,#5213));
#5196 = ORIENTED_EDGE('',*,*,#5197,.T.);
#5197 = EDGE_CURVE('',#5198,#5167,#5200,.T.);
#5198 = VERTEX_POINT('',#5199);
#5199 = CARTESIAN_POINT('',(-2.12,-2.55,-0.149999999999));
#5200 = LINE('',#5201,#5202);
#5201 = CARTESIAN_POINT('',(-2.12,-2.55,-0.15));
#5202 = VECTOR('',#5203,1.);
#5203 = DIRECTION('',(0.,0.,-1.));
#5204 = ORIENTED_EDGE('',*,*,#5164,.F.);
#5205 = ORIENTED_EDGE('',*,*,#5206,.F.);
#5206 = EDGE_CURVE('',#5207,#5165,#5209,.T.);
#5207 = VERTEX_POINT('',#5208);
#5208 = CARTESIAN_POINT('',(-1.69,-2.55,-0.149999999999));
#5209 = LINE('',#5210,#5211);
#5210 = CARTESIAN_POINT('',(-1.69,-2.55,-0.15));
#5211 = VECTOR('',#5212,1.);
#5212 = DIRECTION('',(0.,0.,-1.));
#5213 = ORIENTED_EDGE('',*,*,#5214,.T.);
#5214 = EDGE_CURVE('',#5207,#5198,#5215,.T.);
#5215 = LINE('',#5216,#5217);
#5216 = CARTESIAN_POINT('',(-1.69,-2.55,-0.149999999999));
#5217 = VECTOR('',#5218,1.);
#5218 = DIRECTION('',(-1.,0.,0.));
#5219 = PLANE('',#5220);
#5220 = AXIS2_PLACEMENT_3D('',#5221,#5222,#5223);
#5221 = CARTESIAN_POINT('',(-1.69,-2.55,-0.15));
#5222 = DIRECTION('',(0.,-1.,0.));
#5223 = DIRECTION('',(0.,0.,1.));
#5224 = ADVANCED_FACE('',(#5225),#5252,.T.);
#5225 = FACE_BOUND('',#5226,.T.);
#5226 = EDGE_LOOP('',(#5227,#5236,#5237,#5246));
#5227 = ORIENTED_EDGE('',*,*,#5228,.T.);
#5228 = EDGE_CURVE('',#5229,#5198,#5231,.T.);
#5229 = VERTEX_POINT('',#5230);
#5230 = CARTESIAN_POINT('',(-2.12,-2.299999999999,9.9999999999E-02));
#5231 = CIRCLE('',#5232,0.25);
#5232 = AXIS2_PLACEMENT_3D('',#5233,#5234,#5235);
#5233 = CARTESIAN_POINT('',(-2.12,-2.299999999999,-0.15));
#5234 = DIRECTION('',(1.,0.,-0.));
#5235 = DIRECTION('',(0.,0.,1.));
#5236 = ORIENTED_EDGE('',*,*,#5214,.F.);
#5237 = ORIENTED_EDGE('',*,*,#5238,.F.);
#5238 = EDGE_CURVE('',#5239,#5207,#5241,.T.);
#5239 = VERTEX_POINT('',#5240);
#5240 = CARTESIAN_POINT('',(-1.69,-2.299999999999,9.9999999999E-02));
#5241 = CIRCLE('',#5242,0.25);
#5242 = AXIS2_PLACEMENT_3D('',#5243,#5244,#5245);
#5243 = CARTESIAN_POINT('',(-1.69,-2.299999999999,-0.15));
#5244 = DIRECTION('',(1.,0.,-0.));
#5245 = DIRECTION('',(0.,0.,1.));
#5246 = ORIENTED_EDGE('',*,*,#5247,.T.);
#5247 = EDGE_CURVE('',#5239,#5229,#5248,.T.);
#5248 = LINE('',#5249,#5250);
#5249 = CARTESIAN_POINT('',(-1.69,-2.299999999999,9.9999999999E-02));
#5250 = VECTOR('',#5251,1.);
#5251 = DIRECTION('',(-1.,0.,0.));
#5252 = CYLINDRICAL_SURFACE('',#5253,0.25);
#5253 = AXIS2_PLACEMENT_3D('',#5254,#5255,#5256);
#5254 = CARTESIAN_POINT('',(-1.69,-2.299999999999,-0.15));
#5255 = DIRECTION('',(-1.,0.,0.));
#5256 = DIRECTION('',(0.,0.,1.));
#5257 = ADVANCED_FACE('',(#5258),#5274,.T.);
#5258 = FACE_BOUND('',#5259,.T.);
#5259 = EDGE_LOOP('',(#5260,#5266,#5267,#5273));
#5260 = ORIENTED_EDGE('',*,*,#5261,.T.);
#5261 = EDGE_CURVE('',#701,#5229,#5262,.T.);
#5262 = LINE('',#5263,#5264);
#5263 = CARTESIAN_POINT('',(-2.12,-1.95,0.1));
#5264 = VECTOR('',#5265,1.);
#5265 = DIRECTION('',(0.,-1.,-3.872150616019E-17));
#5266 = ORIENTED_EDGE('',*,*,#5247,.F.);
#5267 = ORIENTED_EDGE('',*,*,#5268,.F.);
#5268 = EDGE_CURVE('',#739,#5239,#5269,.T.);
#5269 = LINE('',#5270,#5271);
#5270 = CARTESIAN_POINT('',(-1.69,-1.95,0.1));
#5271 = VECTOR('',#5272,1.);
#5272 = DIRECTION('',(0.,-1.,-3.872150616019E-17));
#5273 = ORIENTED_EDGE('',*,*,#1334,.T.);
#5274 = PLANE('',#5275);
#5275 = AXIS2_PLACEMENT_3D('',#5276,#5277,#5278);
#5276 = CARTESIAN_POINT('',(-1.69,-1.95,0.1));
#5277 = DIRECTION('',(0.,-3.872150616019E-17,1.));
#5278 = DIRECTION('',(0.,1.,3.872150616019E-17));
#5279 = ADVANCED_FACE('',(#5280),#5305,.F.);
#5280 = FACE_BOUND('',#5281,.T.);
#5281 = EDGE_LOOP('',(#5282,#5290,#5291,#5299));
#5282 = ORIENTED_EDGE('',*,*,#5283,.F.);
#5283 = EDGE_CURVE('',#699,#5284,#5286,.T.);
#5284 = VERTEX_POINT('',#5285);
#5285 = CARTESIAN_POINT('',(-2.12,-2.299999999999,-9.9999999999E-02));
#5286 = LINE('',#5287,#5288);
#5287 = CARTESIAN_POINT('',(-2.12,-1.95,-0.1));
#5288 = VECTOR('',#5289,1.);
#5289 = DIRECTION('',(0.,-1.,-3.872150616019E-17));
#5290 = ORIENTED_EDGE('',*,*,#1861,.F.);
#5291 = ORIENTED_EDGE('',*,*,#5292,.T.);
#5292 = EDGE_CURVE('',#749,#5293,#5295,.T.);
#5293 = VERTEX_POINT('',#5294);
#5294 = CARTESIAN_POINT('',(-1.69,-2.299999999999,-9.9999999999E-02));
#5295 = LINE('',#5296,#5297);
#5296 = CARTESIAN_POINT('',(-1.69,-1.95,-0.1));
#5297 = VECTOR('',#5298,1.);
#5298 = DIRECTION('',(0.,-1.,-3.872150616019E-17));
#5299 = ORIENTED_EDGE('',*,*,#5300,.T.);
#5300 = EDGE_CURVE('',#5293,#5284,#5301,.T.);
#5301 = LINE('',#5302,#5303);
#5302 = CARTESIAN_POINT('',(-1.69,-2.299999999999,-9.9999999999E-02));
#5303 = VECTOR('',#5304,1.);
#5304 = DIRECTION('',(-1.,0.,0.));
#5305 = PLANE('',#5306);
#5306 = AXIS2_PLACEMENT_3D('',#5307,#5308,#5309);
#5307 = CARTESIAN_POINT('',(-1.69,-1.95,-0.1));
#5308 = DIRECTION('',(0.,-3.872150616019E-17,1.));
#5309 = DIRECTION('',(0.,1.,3.872150616019E-17));
#5310 = ADVANCED_FACE('',(#5311),#5338,.F.);
#5311 = FACE_BOUND('',#5312,.F.);
#5312 = EDGE_LOOP('',(#5313,#5323,#5330,#5331));
#5313 = ORIENTED_EDGE('',*,*,#5314,.F.);
#5314 = EDGE_CURVE('',#5315,#5317,#5319,.T.);
#5315 = VERTEX_POINT('',#5316);
#5316 = CARTESIAN_POINT('',(-1.69,-2.35,-0.149999999999));
#5317 = VERTEX_POINT('',#5318);
#5318 = CARTESIAN_POINT('',(-2.12,-2.35,-0.149999999999));
#5319 = LINE('',#5320,#5321);
#5320 = CARTESIAN_POINT('',(-1.69,-2.35,-0.149999999999));
#5321 = VECTOR('',#5322,1.);
#5322 = DIRECTION('',(-1.,0.,0.));
#5323 = ORIENTED_EDGE('',*,*,#5324,.F.);
#5324 = EDGE_CURVE('',#5293,#5315,#5325,.T.);
#5325 = CIRCLE('',#5326,5.E-02);
#5326 = AXIS2_PLACEMENT_3D('',#5327,#5328,#5329);
#5327 = CARTESIAN_POINT('',(-1.69,-2.299999999999,-0.15));
#5328 = DIRECTION('',(1.,0.,0.));
#5329 = DIRECTION('',(0.,0.,-1.));
#5330 = ORIENTED_EDGE('',*,*,#5300,.T.);
#5331 = ORIENTED_EDGE('',*,*,#5332,.T.);
#5332 = EDGE_CURVE('',#5284,#5317,#5333,.T.);
#5333 = CIRCLE('',#5334,5.E-02);
#5334 = AXIS2_PLACEMENT_3D('',#5335,#5336,#5337);
#5335 = CARTESIAN_POINT('',(-2.12,-2.299999999999,-0.15));
#5336 = DIRECTION('',(1.,0.,0.));
#5337 = DIRECTION('',(0.,0.,-1.));
#5338 = CYLINDRICAL_SURFACE('',#5339,5.E-02);
#5339 = AXIS2_PLACEMENT_3D('',#5340,#5341,#5342);
#5340 = CARTESIAN_POINT('',(-1.69,-2.299999999999,-0.15));
#5341 = DIRECTION('',(-1.,0.,0.));
#5342 = DIRECTION('',(0.,0.,1.));
#5343 = ADVANCED_FACE('',(#5344),#5369,.F.);
#5344 = FACE_BOUND('',#5345,.T.);
#5345 = EDGE_LOOP('',(#5346,#5354,#5355,#5363));
#5346 = ORIENTED_EDGE('',*,*,#5347,.F.);
#5347 = EDGE_CURVE('',#5317,#5348,#5350,.T.);
#5348 = VERTEX_POINT('',#5349);
#5349 = CARTESIAN_POINT('',(-2.12,-2.35,-0.549999999999));
#5350 = LINE('',#5351,#5352);
#5351 = CARTESIAN_POINT('',(-2.12,-2.35,-0.15));
#5352 = VECTOR('',#5353,1.);
#5353 = DIRECTION('',(0.,0.,-1.));
#5354 = ORIENTED_EDGE('',*,*,#5314,.F.);
#5355 = ORIENTED_EDGE('',*,*,#5356,.T.);
#5356 = EDGE_CURVE('',#5315,#5357,#5359,.T.);
#5357 = VERTEX_POINT('',#5358);
#5358 = CARTESIAN_POINT('',(-1.69,-2.35,-0.549999999999));
#5359 = LINE('',#5360,#5361);
#5360 = CARTESIAN_POINT('',(-1.69,-2.35,-0.15));
#5361 = VECTOR('',#5362,1.);
#5362 = DIRECTION('',(0.,0.,-1.));
#5363 = ORIENTED_EDGE('',*,*,#5364,.T.);
#5364 = EDGE_CURVE('',#5357,#5348,#5365,.T.);
#5365 = LINE('',#5366,#5367);
#5366 = CARTESIAN_POINT('',(-1.69,-2.35,-0.549999999999));
#5367 = VECTOR('',#5368,1.);
#5368 = DIRECTION('',(-1.,0.,0.));
#5369 = PLANE('',#5370);
#5370 = AXIS2_PLACEMENT_3D('',#5371,#5372,#5373);
#5371 = CARTESIAN_POINT('',(-1.69,-2.35,-0.15));
#5372 = DIRECTION('',(0.,-1.,0.));
#5373 = DIRECTION('',(0.,0.,1.));
#5374 = ADVANCED_FACE('',(#5375),#5395,.T.);
#5375 = FACE_BOUND('',#5376,.T.);
#5376 = EDGE_LOOP('',(#5377,#5378,#5385,#5386,#5387,#5388,#5389,#5390,
    #5391,#5392,#5393,#5394));
#5377 = ORIENTED_EDGE('',*,*,#5080,.F.);
#5378 = ORIENTED_EDGE('',*,*,#5379,.F.);
#5379 = EDGE_CURVE('',#5357,#5073,#5380,.T.);
#5380 = CIRCLE('',#5381,0.25);
#5381 = AXIS2_PLACEMENT_3D('',#5382,#5383,#5384);
#5382 = CARTESIAN_POINT('',(-1.69,-2.6,-0.549999999999));
#5383 = DIRECTION('',(-1.,0.,0.));
#5384 = DIRECTION('',(0.,0.,-1.));
#5385 = ORIENTED_EDGE('',*,*,#5356,.F.);
#5386 = ORIENTED_EDGE('',*,*,#5324,.F.);
#5387 = ORIENTED_EDGE('',*,*,#5292,.F.);
#5388 = ORIENTED_EDGE('',*,*,#748,.T.);
#5389 = ORIENTED_EDGE('',*,*,#5268,.T.);
#5390 = ORIENTED_EDGE('',*,*,#5238,.T.);
#5391 = ORIENTED_EDGE('',*,*,#5206,.T.);
#5392 = ORIENTED_EDGE('',*,*,#5174,.T.);
#5393 = ORIENTED_EDGE('',*,*,#5142,.T.);
#5394 = ORIENTED_EDGE('',*,*,#5111,.T.);
#5395 = PLANE('',#5396);
#5396 = AXIS2_PLACEMENT_3D('',#5397,#5398,#5399);
#5397 = CARTESIAN_POINT('',(-1.69,-2.6,-0.549999999999));
#5398 = DIRECTION('',(1.,0.,0.));
#5399 = DIRECTION('',(0.,0.,-1.));
#5400 = ADVANCED_FACE('',(#5401),#5413,.T.);
#5401 = FACE_BOUND('',#5402,.T.);
#5402 = EDGE_LOOP('',(#5403,#5410,#5411,#5412));
#5403 = ORIENTED_EDGE('',*,*,#5404,.F.);
#5404 = EDGE_CURVE('',#5348,#5063,#5405,.T.);
#5405 = CIRCLE('',#5406,0.25);
#5406 = AXIS2_PLACEMENT_3D('',#5407,#5408,#5409);
#5407 = CARTESIAN_POINT('',(-2.12,-2.6,-0.549999999999));
#5408 = DIRECTION('',(-1.,0.,0.));
#5409 = DIRECTION('',(0.,0.,-1.));
#5410 = ORIENTED_EDGE('',*,*,#5364,.F.);
#5411 = ORIENTED_EDGE('',*,*,#5379,.T.);
#5412 = ORIENTED_EDGE('',*,*,#5072,.T.);
#5413 = CYLINDRICAL_SURFACE('',#5414,0.25);
#5414 = AXIS2_PLACEMENT_3D('',#5415,#5416,#5417);
#5415 = CARTESIAN_POINT('',(-1.69,-2.6,-0.549999999999));
#5416 = DIRECTION('',(-1.,0.,0.));
#5417 = DIRECTION('',(0.,0.,1.));
#5418 = ADVANCED_FACE('',(#5419),#5433,.F.);
#5419 = FACE_BOUND('',#5420,.T.);
#5420 = EDGE_LOOP('',(#5421,#5422,#5423,#5424,#5425,#5426,#5427,#5428,
    #5429,#5430,#5431,#5432));
#5421 = ORIENTED_EDGE('',*,*,#5062,.T.);
#5422 = ORIENTED_EDGE('',*,*,#5102,.F.);
#5423 = ORIENTED_EDGE('',*,*,#5133,.F.);
#5424 = ORIENTED_EDGE('',*,*,#5182,.F.);
#5425 = ORIENTED_EDGE('',*,*,#5197,.F.);
#5426 = ORIENTED_EDGE('',*,*,#5228,.F.);
#5427 = ORIENTED_EDGE('',*,*,#5261,.F.);
#5428 = ORIENTED_EDGE('',*,*,#698,.F.);
#5429 = ORIENTED_EDGE('',*,*,#5283,.T.);
#5430 = ORIENTED_EDGE('',*,*,#5332,.T.);
#5431 = ORIENTED_EDGE('',*,*,#5347,.T.);
#5432 = ORIENTED_EDGE('',*,*,#5404,.T.);
#5433 = PLANE('',#5434);
#5434 = AXIS2_PLACEMENT_3D('',#5435,#5436,#5437);
#5435 = CARTESIAN_POINT('',(-2.12,-2.6,-0.549999999999));
#5436 = DIRECTION('',(1.,0.,0.));
#5437 = DIRECTION('',(0.,0.,-1.));
#5438 = ADVANCED_FACE('',(#5439),#5464,.T.);
#5439 = FACE_BOUND('',#5440,.T.);
#5440 = EDGE_LOOP('',(#5441,#5442,#5450,#5458));
#5441 = ORIENTED_EDGE('',*,*,#166,.F.);
#5442 = ORIENTED_EDGE('',*,*,#5443,.F.);
#5443 = EDGE_CURVE('',#5444,#159,#5446,.T.);
#5444 = VERTEX_POINT('',#5445);
#5445 = CARTESIAN_POINT('',(-0.847560975609,0.239996308924,
    -0.679999999999));
#5446 = LINE('',#5447,#5448);
#5447 = CARTESIAN_POINT('',(-0.847560975609,0.239996308924,
    -0.679999999999));
#5448 = VECTOR('',#5449,1.);
#5449 = DIRECTION('',(0.,0.,-1.));
#5450 = ORIENTED_EDGE('',*,*,#5451,.T.);
#5451 = EDGE_CURVE('',#5444,#5452,#5454,.T.);
#5452 = VERTEX_POINT('',#5453);
#5453 = CARTESIAN_POINT('',(-1.042682926829,-0.260003691075,
    -0.679999999999));
#5454 = LINE('',#5455,#5456);
#5455 = CARTESIAN_POINT('',(-0.847560975609,0.239996308924,
    -0.679999999999));
#5456 = VECTOR('',#5457,1.);
#5457 = DIRECTION('',(-0.363542485652,-0.931577619485,0.));
#5458 = ORIENTED_EDGE('',*,*,#5459,.T.);
#5459 = EDGE_CURVE('',#5452,#167,#5460,.T.);
#5460 = LINE('',#5461,#5462);
#5461 = CARTESIAN_POINT('',(-1.042682926829,-0.260003691075,
    -0.679999999999));
#5462 = VECTOR('',#5463,1.);
#5463 = DIRECTION('',(0.,0.,-1.));
#5464 = PLANE('',#5465);
#5465 = AXIS2_PLACEMENT_3D('',#5466,#5467,#5468);
#5466 = CARTESIAN_POINT('',(-0.847560975609,0.239996308924,
    -0.679999999999));
#5467 = DIRECTION('',(0.931577619485,-0.363542485652,0.));
#5468 = DIRECTION('',(0.363542485652,0.931577619485,0.));
#5469 = ADVANCED_FACE('',(#5470),#5488,.T.);
#5470 = FACE_BOUND('',#5471,.T.);
#5471 = EDGE_LOOP('',(#5472,#5473,#5474,#5482));
#5472 = ORIENTED_EDGE('',*,*,#174,.F.);
#5473 = ORIENTED_EDGE('',*,*,#5459,.F.);
#5474 = ORIENTED_EDGE('',*,*,#5475,.T.);
#5475 = EDGE_CURVE('',#5452,#5476,#5478,.T.);
#5476 = VERTEX_POINT('',#5477);
#5477 = CARTESIAN_POINT('',(-0.969512195121,-0.260003691075,
    -0.679999999999));
#5478 = LINE('',#5479,#5480);
#5479 = CARTESIAN_POINT('',(-1.042682926829,-0.260003691075,
    -0.679999999999));
#5480 = VECTOR('',#5481,1.);
#5481 = DIRECTION('',(1.,0.,0.));
#5482 = ORIENTED_EDGE('',*,*,#5483,.T.);
#5483 = EDGE_CURVE('',#5476,#175,#5484,.T.);
#5484 = LINE('',#5485,#5486);
#5485 = CARTESIAN_POINT('',(-0.969512195121,-0.260003691075,
    -0.679999999999));
#5486 = VECTOR('',#5487,1.);
#5487 = DIRECTION('',(0.,0.,-1.));
#5488 = PLANE('',#5489);
#5489 = AXIS2_PLACEMENT_3D('',#5490,#5491,#5492);
#5490 = CARTESIAN_POINT('',(-1.042682926829,-0.260003691075,
    -0.679999999999));
#5491 = DIRECTION('',(0.,1.,0.));
#5492 = DIRECTION('',(0.,-0.,1.));
#5493 = ADVANCED_FACE('',(#5494),#5512,.T.);
#5494 = FACE_BOUND('',#5495,.T.);
#5495 = EDGE_LOOP('',(#5496,#5497,#5498,#5506));
#5496 = ORIENTED_EDGE('',*,*,#182,.F.);
#5497 = ORIENTED_EDGE('',*,*,#5483,.F.);
#5498 = ORIENTED_EDGE('',*,*,#5499,.T.);
#5499 = EDGE_CURVE('',#5476,#5500,#5502,.T.);
#5500 = VERTEX_POINT('',#5501);
#5501 = CARTESIAN_POINT('',(-0.918921493902,-0.119759788636,
    -0.679999999999));
#5502 = LINE('',#5503,#5504);
#5503 = CARTESIAN_POINT('',(-0.969512195121,-0.260003691075,
    -0.679999999999));
#5504 = VECTOR('',#5505,1.);
#5505 = DIRECTION('',(0.339330377274,0.940667260544,0.));
#5506 = ORIENTED_EDGE('',*,*,#5507,.T.);
#5507 = EDGE_CURVE('',#5500,#183,#5508,.T.);
#5508 = LINE('',#5509,#5510);
#5509 = CARTESIAN_POINT('',(-0.918921493902,-0.119759788636,
    -0.679999999999));
#5510 = VECTOR('',#5511,1.);
#5511 = DIRECTION('',(0.,0.,-1.));
#5512 = PLANE('',#5513);
#5513 = AXIS2_PLACEMENT_3D('',#5514,#5515,#5516);
#5514 = CARTESIAN_POINT('',(-0.969512195121,-0.260003691075,
    -0.679999999999));
#5515 = DIRECTION('',(-0.940667260544,0.339330377274,0.));
#5516 = DIRECTION('',(-0.339330377274,-0.940667260544,0.));
#5517 = ADVANCED_FACE('',(#5518),#5536,.T.);
#5518 = FACE_BOUND('',#5519,.T.);
#5519 = EDGE_LOOP('',(#5520,#5521,#5522,#5530));
#5520 = ORIENTED_EDGE('',*,*,#190,.F.);
#5521 = ORIENTED_EDGE('',*,*,#5507,.F.);
#5522 = ORIENTED_EDGE('',*,*,#5523,.T.);
#5523 = EDGE_CURVE('',#5500,#5524,#5526,.T.);
#5524 = VERTEX_POINT('',#5525);
#5525 = CARTESIAN_POINT('',(-0.712366615853,-0.119759788636,
    -0.679999999999));
#5526 = LINE('',#5527,#5528);
#5527 = CARTESIAN_POINT('',(-0.918921493902,-0.119759788636,
    -0.679999999999));
#5528 = VECTOR('',#5529,1.);
#5529 = DIRECTION('',(1.,0.,0.));
#5530 = ORIENTED_EDGE('',*,*,#5531,.T.);
#5531 = EDGE_CURVE('',#5524,#191,#5532,.T.);
#5532 = LINE('',#5533,#5534);
#5533 = CARTESIAN_POINT('',(-0.712366615853,-0.119759788636,
    -0.679999999999));
#5534 = VECTOR('',#5535,1.);
#5535 = DIRECTION('',(0.,0.,-1.));
#5536 = PLANE('',#5537);
#5537 = AXIS2_PLACEMENT_3D('',#5538,#5539,#5540);
#5538 = CARTESIAN_POINT('',(-0.918921493902,-0.119759788636,
    -0.679999999999));
#5539 = DIRECTION('',(0.,1.,0.));
#5540 = DIRECTION('',(0.,-0.,1.));
#5541 = ADVANCED_FACE('',(#5542),#5560,.T.);
#5542 = FACE_BOUND('',#5543,.T.);
#5543 = EDGE_LOOP('',(#5544,#5545,#5546,#5554));
#5544 = ORIENTED_EDGE('',*,*,#198,.F.);
#5545 = ORIENTED_EDGE('',*,*,#5531,.F.);
#5546 = ORIENTED_EDGE('',*,*,#5547,.T.);
#5547 = EDGE_CURVE('',#5524,#5548,#5550,.T.);
#5548 = VERTEX_POINT('',#5549);
#5549 = CARTESIAN_POINT('',(-0.664634146341,-0.260003691075,
    -0.679999999999));
#5550 = LINE('',#5551,#5552);
#5551 = CARTESIAN_POINT('',(-0.712366615853,-0.119759788636,
    -0.679999999999));
#5552 = VECTOR('',#5553,1.);
#5553 = DIRECTION('',(0.322202485606,-0.946670776072,0.));
#5554 = ORIENTED_EDGE('',*,*,#5555,.T.);
#5555 = EDGE_CURVE('',#5548,#199,#5556,.T.);
#5556 = LINE('',#5557,#5558);
#5557 = CARTESIAN_POINT('',(-0.664634146341,-0.260003691075,
    -0.679999999999));
#5558 = VECTOR('',#5559,1.);
#5559 = DIRECTION('',(0.,0.,-1.));
#5560 = PLANE('',#5561);
#5561 = AXIS2_PLACEMENT_3D('',#5562,#5563,#5564);
#5562 = CARTESIAN_POINT('',(-0.712366615853,-0.119759788636,
    -0.679999999999));
#5563 = DIRECTION('',(0.946670776072,0.322202485606,0.));
#5564 = DIRECTION('',(-0.322202485606,0.946670776072,0.));
#5565 = ADVANCED_FACE('',(#5566),#5584,.T.);
#5566 = FACE_BOUND('',#5567,.T.);
#5567 = EDGE_LOOP('',(#5568,#5569,#5570,#5578));
#5568 = ORIENTED_EDGE('',*,*,#206,.F.);
#5569 = ORIENTED_EDGE('',*,*,#5555,.F.);
#5570 = ORIENTED_EDGE('',*,*,#5571,.T.);
#5571 = EDGE_CURVE('',#5548,#5572,#5574,.T.);
#5572 = VERTEX_POINT('',#5573);
#5573 = CARTESIAN_POINT('',(-0.591463414634,-0.260003691075,
    -0.679999999999));
#5574 = LINE('',#5575,#5576);
#5575 = CARTESIAN_POINT('',(-0.664634146341,-0.260003691075,
    -0.679999999999));
#5576 = VECTOR('',#5577,1.);
#5577 = DIRECTION('',(1.,0.,0.));
#5578 = ORIENTED_EDGE('',*,*,#5579,.T.);
#5579 = EDGE_CURVE('',#5572,#207,#5580,.T.);
#5580 = LINE('',#5581,#5582);
#5581 = CARTESIAN_POINT('',(-0.591463414634,-0.260003691075,
    -0.679999999999));
#5582 = VECTOR('',#5583,1.);
#5583 = DIRECTION('',(0.,0.,-1.));
#5584 = PLANE('',#5585);
#5585 = AXIS2_PLACEMENT_3D('',#5586,#5587,#5588);
#5586 = CARTESIAN_POINT('',(-0.664634146341,-0.260003691075,
    -0.679999999999));
#5587 = DIRECTION('',(0.,1.,0.));
#5588 = DIRECTION('',(0.,-0.,1.));
#5589 = ADVANCED_FACE('',(#5590),#5608,.T.);
#5590 = FACE_BOUND('',#5591,.T.);
#5591 = EDGE_LOOP('',(#5592,#5593,#5594,#5602));
#5592 = ORIENTED_EDGE('',*,*,#214,.F.);
#5593 = ORIENTED_EDGE('',*,*,#5579,.F.);
#5594 = ORIENTED_EDGE('',*,*,#5595,.T.);
#5595 = EDGE_CURVE('',#5572,#5596,#5598,.T.);
#5596 = VERTEX_POINT('',#5597);
#5597 = CARTESIAN_POINT('',(-0.780487804878,0.239996308924,
    -0.679999999999));
#5598 = LINE('',#5599,#5600);
#5599 = CARTESIAN_POINT('',(-0.591463414634,-0.260003691075,
    -0.679999999999));
#5600 = VECTOR('',#5601,1.);
#5601 = DIRECTION('',(-0.353622392329,0.93538826358,0.));
#5602 = ORIENTED_EDGE('',*,*,#5603,.T.);
#5603 = EDGE_CURVE('',#5596,#157,#5604,.T.);
#5604 = LINE('',#5605,#5606);
#5605 = CARTESIAN_POINT('',(-0.780487804878,0.239996308924,
    -0.679999999999));
#5606 = VECTOR('',#5607,1.);
#5607 = DIRECTION('',(0.,0.,-1.));
#5608 = PLANE('',#5609);
#5609 = AXIS2_PLACEMENT_3D('',#5610,#5611,#5612);
#5610 = CARTESIAN_POINT('',(-0.591463414634,-0.260003691075,
    -0.679999999999));
#5611 = DIRECTION('',(-0.93538826358,-0.353622392329,0.));
#5612 = DIRECTION('',(0.353622392329,-0.93538826358,0.));
#5613 = ADVANCED_FACE('',(#5614),#5625,.T.);
#5614 = FACE_BOUND('',#5615,.T.);
#5615 = EDGE_LOOP('',(#5616,#5617,#5618,#5624));
#5616 = ORIENTED_EDGE('',*,*,#156,.F.);
#5617 = ORIENTED_EDGE('',*,*,#5603,.F.);
#5618 = ORIENTED_EDGE('',*,*,#5619,.T.);
#5619 = EDGE_CURVE('',#5596,#5444,#5620,.T.);
#5620 = LINE('',#5621,#5622);
#5621 = CARTESIAN_POINT('',(-0.780487804878,0.239996308924,
    -0.679999999999));
#5622 = VECTOR('',#5623,1.);
#5623 = DIRECTION('',(-1.,0.,0.));
#5624 = ORIENTED_EDGE('',*,*,#5443,.T.);
#5625 = PLANE('',#5626);
#5626 = AXIS2_PLACEMENT_3D('',#5627,#5628,#5629);
#5627 = CARTESIAN_POINT('',(-0.780487804878,0.239996308924,
    -0.679999999999));
#5628 = DIRECTION('',(0.,-1.,0.));
#5629 = DIRECTION('',(0.,0.,-1.));
#5630 = ADVANCED_FACE('',(#5631,#5689),#5699,.F.);
#5631 = FACE_BOUND('',#5632,.T.);
#5632 = EDGE_LOOP('',(#5633,#5643,#5651,#5663,#5671,#5683));
#5633 = ORIENTED_EDGE('',*,*,#5634,.F.);
#5634 = EDGE_CURVE('',#5635,#5637,#5639,.T.);
#5635 = VERTEX_POINT('',#5636);
#5636 = CARTESIAN_POINT('',(-0.729230182926,-6.4881739855E-02,
    -0.679999999999));
#5637 = VERTEX_POINT('',#5638);
#5638 = CARTESIAN_POINT('',(-0.896436737804,-6.4881739855E-02,
    -0.679999999999));
#5639 = LINE('',#5640,#5641);
#5640 = CARTESIAN_POINT('',(-0.729230182926,-6.4881739855E-02,
    -0.679999999999));
#5641 = VECTOR('',#5642,1.);
#5642 = DIRECTION('',(-1.,0.,0.));
#5643 = ORIENTED_EDGE('',*,*,#5644,.F.);
#5644 = EDGE_CURVE('',#5645,#5635,#5647,.T.);
#5645 = VERTEX_POINT('',#5646);
#5646 = CARTESIAN_POINT('',(-0.803830030487,0.143959723558,
    -0.679999999999));
#5647 = LINE('',#5648,#5649);
#5648 = CARTESIAN_POINT('',(-0.803830030487,0.143959723558,
    -0.679999999999));
#5649 = VECTOR('',#5650,1.);
#5650 = DIRECTION('',(0.336390827665,-0.941722470297,0.));
#5651 = ORIENTED_EDGE('',*,*,#5652,.F.);
#5652 = EDGE_CURVE('',#5653,#5645,#5655,.T.);
#5653 = VERTEX_POINT('',#5654);
#5654 = CARTESIAN_POINT('',(-0.811833079268,0.179020699168,
    -0.679999999999));
#5655 = B_SPLINE_CURVE_WITH_KNOTS('',3,(#5656,#5657,#5658,#5659,#5660,
    #5661,#5662),.UNSPECIFIED.,.F.,.F.,(4,1,1,1,4),(0.,0.300541113158,
    0.567747146483,0.800033613736,1.),.UNSPECIFIED.);
#5656 = CARTESIAN_POINT('',(-0.811833079268,0.179020699168,
    -0.679999999999));
#5657 = CARTESIAN_POINT('',(-0.811250038032,0.175460253024,
    -0.679999999999));
#5658 = CARTESIAN_POINT('',(-0.810148624669,0.168734274281,
    -0.679999999999));
#5659 = CARTESIAN_POINT('',(-0.808289380565,0.159309785552,-0.68));
#5660 = CARTESIAN_POINT('',(-0.80621931027,0.151164879941,
    -0.679999999999));
#5661 = CARTESIAN_POINT('',(-0.804585742452,0.146238662562,
    -0.679999999999));
#5662 = CARTESIAN_POINT('',(-0.803830030487,0.143959723558,
    -0.679999999999));
#5663 = ORIENTED_EDGE('',*,*,#5664,.F.);
#5664 = EDGE_CURVE('',#5665,#5653,#5667,.T.);
#5665 = VERTEX_POINT('',#5666);
#5666 = CARTESIAN_POINT('',(-0.813452743902,0.179020699168,
    -0.679999999999));
#5667 = LINE('',#5668,#5669);
#5668 = CARTESIAN_POINT('',(-0.813452743902,0.179020699168,
    -0.679999999999));
#5669 = VECTOR('',#5670,1.);
#5670 = DIRECTION('',(1.,0.,0.));
#5671 = ORIENTED_EDGE('',*,*,#5672,.F.);
#5672 = EDGE_CURVE('',#5673,#5665,#5675,.T.);
#5673 = VERTEX_POINT('',#5674);
#5674 = CARTESIAN_POINT('',(-0.821169969512,0.143959723558,
    -0.679999999999));
#5675 = B_SPLINE_CURVE_WITH_KNOTS('',3,(#5676,#5677,#5678,#5679,#5680,
    #5681,#5682),.UNSPECIFIED.,.F.,.F.,(4,1,1,1,4),(0.,0.174481715317,
    0.398285759128,0.673897847398,1.),.UNSPECIFIED.);
#5676 = CARTESIAN_POINT('',(-0.821169969512,0.143959723558,
    -0.679999999999));
#5677 = CARTESIAN_POINT('',(-0.82054601695,0.145954640785,
    -0.679999999999));
#5678 = CARTESIAN_POINT('',(-0.819121733499,0.150508396578,
    -0.679999999999));
#5679 = CARTESIAN_POINT('',(-0.817255329514,0.158367926365,
    -0.679999999999));
#5680 = CARTESIAN_POINT('',(-0.81542543754,0.168084752355,-0.68));
#5681 = CARTESIAN_POINT('',(-0.814146091903,0.175177012183,
    -0.679999999999));
#5682 = CARTESIAN_POINT('',(-0.813452743902,0.179020699168,
    -0.679999999999));
#5683 = ORIENTED_EDGE('',*,*,#5684,.F.);
#5684 = EDGE_CURVE('',#5637,#5673,#5685,.T.);
#5685 = LINE('',#5686,#5687);
#5686 = CARTESIAN_POINT('',(-0.896436737804,-6.4881739855E-02,
    -0.679999999999));
#5687 = VECTOR('',#5688,1.);
#5688 = DIRECTION('',(0.339053795485,0.940766986967,0.));
#5689 = FACE_BOUND('',#5690,.T.);
#5690 = EDGE_LOOP('',(#5691,#5692,#5693,#5694,#5695,#5696,#5697,#5698));
#5691 = ORIENTED_EDGE('',*,*,#5451,.F.);
#5692 = ORIENTED_EDGE('',*,*,#5619,.F.);
#5693 = ORIENTED_EDGE('',*,*,#5595,.F.);
#5694 = ORIENTED_EDGE('',*,*,#5571,.F.);
#5695 = ORIENTED_EDGE('',*,*,#5547,.F.);
#5696 = ORIENTED_EDGE('',*,*,#5523,.F.);
#5697 = ORIENTED_EDGE('',*,*,#5499,.F.);
#5698 = ORIENTED_EDGE('',*,*,#5475,.F.);
#5699 = PLANE('',#5700);
#5700 = AXIS2_PLACEMENT_3D('',#5701,#5702,#5703);
#5701 = CARTESIAN_POINT('',(0.,0.,-0.679999999999));
#5702 = DIRECTION('',(0.,0.,1.));
#5703 = DIRECTION('',(1.,0.,-0.));
#5704 = ADVANCED_FACE('',(#5705),#5730,.T.);
#5705 = FACE_BOUND('',#5706,.T.);
#5706 = EDGE_LOOP('',(#5707,#5717,#5723,#5724));
#5707 = ORIENTED_EDGE('',*,*,#5708,.F.);
#5708 = EDGE_CURVE('',#5709,#5711,#5713,.T.);
#5709 = VERTEX_POINT('',#5710);
#5710 = CARTESIAN_POINT('',(-0.729230182926,-6.4881739855E-02,
    -0.699999999999));
#5711 = VERTEX_POINT('',#5712);
#5712 = CARTESIAN_POINT('',(-0.896436737804,-6.4881739855E-02,
    -0.699999999999));
#5713 = LINE('',#5714,#5715);
#5714 = CARTESIAN_POINT('',(-0.729230182926,-6.4881739855E-02,
    -0.699999999999));
#5715 = VECTOR('',#5716,1.);
#5716 = DIRECTION('',(-1.,0.,0.));
#5717 = ORIENTED_EDGE('',*,*,#5718,.F.);
#5718 = EDGE_CURVE('',#5635,#5709,#5719,.T.);
#5719 = LINE('',#5720,#5721);
#5720 = CARTESIAN_POINT('',(-0.729230182926,-6.4881739855E-02,
    -0.679999999999));
#5721 = VECTOR('',#5722,1.);
#5722 = DIRECTION('',(0.,0.,-1.));
#5723 = ORIENTED_EDGE('',*,*,#5634,.T.);
#5724 = ORIENTED_EDGE('',*,*,#5725,.T.);
#5725 = EDGE_CURVE('',#5637,#5711,#5726,.T.);
#5726 = LINE('',#5727,#5728);
#5727 = CARTESIAN_POINT('',(-0.896436737804,-6.4881739855E-02,
    -0.679999999999));
#5728 = VECTOR('',#5729,1.);
#5729 = DIRECTION('',(0.,0.,-1.));
#5730 = PLANE('',#5731);
#5731 = AXIS2_PLACEMENT_3D('',#5732,#5733,#5734);
#5732 = CARTESIAN_POINT('',(-0.729230182926,-6.4881739855E-02,
    -0.679999999999));
#5733 = DIRECTION('',(0.,-1.,0.));
#5734 = DIRECTION('',(0.,0.,-1.));
#5735 = ADVANCED_FACE('',(#5736),#5754,.T.);
#5736 = FACE_BOUND('',#5737,.T.);
#5737 = EDGE_LOOP('',(#5738,#5746,#5752,#5753));
#5738 = ORIENTED_EDGE('',*,*,#5739,.F.);
#5739 = EDGE_CURVE('',#5740,#5709,#5742,.T.);
#5740 = VERTEX_POINT('',#5741);
#5741 = CARTESIAN_POINT('',(-0.803830030487,0.143959723558,
    -0.699999999999));
#5742 = LINE('',#5743,#5744);
#5743 = CARTESIAN_POINT('',(-0.803830030487,0.143959723558,
    -0.699999999999));
#5744 = VECTOR('',#5745,1.);
#5745 = DIRECTION('',(0.336390827665,-0.941722470297,0.));
#5746 = ORIENTED_EDGE('',*,*,#5747,.F.);
#5747 = EDGE_CURVE('',#5645,#5740,#5748,.T.);
#5748 = LINE('',#5749,#5750);
#5749 = CARTESIAN_POINT('',(-0.803830030487,0.143959723558,
    -0.679999999999));
#5750 = VECTOR('',#5751,1.);
#5751 = DIRECTION('',(0.,0.,-1.));
#5752 = ORIENTED_EDGE('',*,*,#5644,.T.);
#5753 = ORIENTED_EDGE('',*,*,#5718,.T.);
#5754 = PLANE('',#5755);
#5755 = AXIS2_PLACEMENT_3D('',#5756,#5757,#5758);
#5756 = CARTESIAN_POINT('',(-0.803830030487,0.143959723558,
    -0.679999999999));
#5757 = DIRECTION('',(0.941722470297,0.336390827665,0.));
#5758 = DIRECTION('',(-0.336390827665,0.941722470297,0.));
#5759 = ADVANCED_FACE('',(#5760),#5782,.T.);
#5760 = FACE_BOUND('',#5761,.T.);
#5761 = EDGE_LOOP('',(#5762,#5774,#5780,#5781));
#5762 = ORIENTED_EDGE('',*,*,#5763,.F.);
#5763 = EDGE_CURVE('',#5764,#5740,#5766,.T.);
#5764 = VERTEX_POINT('',#5765);
#5765 = CARTESIAN_POINT('',(-0.811833079268,0.179020699168,
    -0.699999999999));
#5766 = B_SPLINE_CURVE_WITH_KNOTS('',3,(#5767,#5768,#5769,#5770,#5771,
    #5772,#5773),.UNSPECIFIED.,.F.,.F.,(4,1,1,1,4),(0.,0.300541113158,
    0.567747146483,0.800033613736,1.),.UNSPECIFIED.);
#5767 = CARTESIAN_POINT('',(-0.811833079268,0.179020699168,
    -0.699999999999));
#5768 = CARTESIAN_POINT('',(-0.811250038032,0.175460253024,
    -0.699999999999));
#5769 = CARTESIAN_POINT('',(-0.810148624669,0.168734274281,
    -0.699999999999));
#5770 = CARTESIAN_POINT('',(-0.808289380565,0.159309785552,-0.7));
#5771 = CARTESIAN_POINT('',(-0.80621931027,0.151164879941,
    -0.699999999999));
#5772 = CARTESIAN_POINT('',(-0.804585742452,0.146238662562,
    -0.699999999999));
#5773 = CARTESIAN_POINT('',(-0.803830030487,0.143959723558,
    -0.699999999999));
#5774 = ORIENTED_EDGE('',*,*,#5775,.F.);
#5775 = EDGE_CURVE('',#5653,#5764,#5776,.T.);
#5776 = LINE('',#5777,#5778);
#5777 = CARTESIAN_POINT('',(-0.811833079268,0.179020699168,
    -0.679999999999));
#5778 = VECTOR('',#5779,1.);
#5779 = DIRECTION('',(0.,0.,-1.));
#5780 = ORIENTED_EDGE('',*,*,#5652,.T.);
#5781 = ORIENTED_EDGE('',*,*,#5747,.T.);
#5782 = B_SPLINE_SURFACE_WITH_KNOTS('',3,1,(
    (#5783,#5784)
    ,(#5785,#5786)
    ,(#5787,#5788)
    ,(#5789,#5790)
    ,(#5791,#5792)
    ,(#5793,#5794)
    ,(#5795,#5796
    )),.UNSPECIFIED.,.F.,.F.,.F.,(4,1,1,1,4),(2,2),(0.,0.300541113158,
    0.567747146483,0.800033613736,1.),(0.,1.),.UNSPECIFIED.);
#5783 = CARTESIAN_POINT('',(-0.811833079268,0.179020699168,
    -0.679999999999));
#5784 = CARTESIAN_POINT('',(-0.811833079268,0.179020699168,
    -0.699999999999));
#5785 = CARTESIAN_POINT('',(-0.811250038032,0.175460253024,
    -0.679999999999));
#5786 = CARTESIAN_POINT('',(-0.811250038032,0.175460253024,
    -0.699999999999));
#5787 = CARTESIAN_POINT('',(-0.810148624669,0.168734274281,
    -0.679999999999));
#5788 = CARTESIAN_POINT('',(-0.810148624669,0.168734274281,
    -0.699999999999));
#5789 = CARTESIAN_POINT('',(-0.808289380565,0.159309785552,-0.68));
#5790 = CARTESIAN_POINT('',(-0.808289380565,0.159309785552,-0.7));
#5791 = CARTESIAN_POINT('',(-0.80621931027,0.151164879941,
    -0.679999999999));
#5792 = CARTESIAN_POINT('',(-0.80621931027,0.151164879941,
    -0.699999999999));
#5793 = CARTESIAN_POINT('',(-0.804585742452,0.146238662562,
    -0.679999999999));
#5794 = CARTESIAN_POINT('',(-0.804585742452,0.146238662562,
    -0.699999999999));
#5795 = CARTESIAN_POINT('',(-0.803830030487,0.143959723558,
    -0.679999999999));
#5796 = CARTESIAN_POINT('',(-0.803830030487,0.143959723558,
    -0.699999999999));
#5797 = ADVANCED_FACE('',(#5798),#5816,.T.);
#5798 = FACE_BOUND('',#5799,.T.);
#5799 = EDGE_LOOP('',(#5800,#5808,#5814,#5815));
#5800 = ORIENTED_EDGE('',*,*,#5801,.F.);
#5801 = EDGE_CURVE('',#5802,#5764,#5804,.T.);
#5802 = VERTEX_POINT('',#5803);
#5803 = CARTESIAN_POINT('',(-0.813452743902,0.179020699168,
    -0.699999999999));
#5804 = LINE('',#5805,#5806);
#5805 = CARTESIAN_POINT('',(-0.813452743902,0.179020699168,
    -0.699999999999));
#5806 = VECTOR('',#5807,1.);
#5807 = DIRECTION('',(1.,0.,0.));
#5808 = ORIENTED_EDGE('',*,*,#5809,.F.);
#5809 = EDGE_CURVE('',#5665,#5802,#5810,.T.);
#5810 = LINE('',#5811,#5812);
#5811 = CARTESIAN_POINT('',(-0.813452743902,0.179020699168,
    -0.679999999999));
#5812 = VECTOR('',#5813,1.);
#5813 = DIRECTION('',(0.,0.,-1.));
#5814 = ORIENTED_EDGE('',*,*,#5664,.T.);
#5815 = ORIENTED_EDGE('',*,*,#5775,.T.);
#5816 = PLANE('',#5817);
#5817 = AXIS2_PLACEMENT_3D('',#5818,#5819,#5820);
#5818 = CARTESIAN_POINT('',(-0.813452743902,0.179020699168,
    -0.679999999999));
#5819 = DIRECTION('',(0.,1.,0.));
#5820 = DIRECTION('',(0.,-0.,1.));
#5821 = ADVANCED_FACE('',(#5822),#5844,.T.);
#5822 = FACE_BOUND('',#5823,.T.);
#5823 = EDGE_LOOP('',(#5824,#5836,#5842,#5843));
#5824 = ORIENTED_EDGE('',*,*,#5825,.F.);
#5825 = EDGE_CURVE('',#5826,#5802,#5828,.T.);
#5826 = VERTEX_POINT('',#5827);
#5827 = CARTESIAN_POINT('',(-0.821169969512,0.143959723558,
    -0.699999999999));
#5828 = B_SPLINE_CURVE_WITH_KNOTS('',3,(#5829,#5830,#5831,#5832,#5833,
    #5834,#5835),.UNSPECIFIED.,.F.,.F.,(4,1,1,1,4),(0.,0.174481715317,
    0.398285759128,0.673897847398,1.),.UNSPECIFIED.);
#5829 = CARTESIAN_POINT('',(-0.821169969512,0.143959723558,
    -0.699999999999));
#5830 = CARTESIAN_POINT('',(-0.82054601695,0.145954640785,
    -0.699999999999));
#5831 = CARTESIAN_POINT('',(-0.819121733499,0.150508396578,
    -0.699999999999));
#5832 = CARTESIAN_POINT('',(-0.817255329514,0.158367926365,
    -0.699999999999));
#5833 = CARTESIAN_POINT('',(-0.81542543754,0.168084752355,-0.7));
#5834 = CARTESIAN_POINT('',(-0.814146091903,0.175177012183,
    -0.699999999999));
#5835 = CARTESIAN_POINT('',(-0.813452743902,0.179020699168,
    -0.699999999999));
#5836 = ORIENTED_EDGE('',*,*,#5837,.F.);
#5837 = EDGE_CURVE('',#5673,#5826,#5838,.T.);
#5838 = LINE('',#5839,#5840);
#5839 = CARTESIAN_POINT('',(-0.821169969512,0.143959723558,
    -0.679999999999));
#5840 = VECTOR('',#5841,1.);
#5841 = DIRECTION('',(0.,0.,-1.));
#5842 = ORIENTED_EDGE('',*,*,#5672,.T.);
#5843 = ORIENTED_EDGE('',*,*,#5809,.T.);
#5844 = B_SPLINE_SURFACE_WITH_KNOTS('',3,1,(
    (#5845,#5846)
    ,(#5847,#5848)
    ,(#5849,#5850)
    ,(#5851,#5852)
    ,(#5853,#5854)
    ,(#5855,#5856)
    ,(#5857,#5858
    )),.UNSPECIFIED.,.F.,.F.,.F.,(4,1,1,1,4),(2,2),(0.,0.174481715317,
    0.398285759128,0.673897847398,1.),(0.,1.),.UNSPECIFIED.);
#5845 = CARTESIAN_POINT('',(-0.821169969512,0.143959723558,
    -0.679999999999));
#5846 = CARTESIAN_POINT('',(-0.821169969512,0.143959723558,
    -0.699999999999));
#5847 = CARTESIAN_POINT('',(-0.82054601695,0.145954640785,
    -0.679999999999));
#5848 = CARTESIAN_POINT('',(-0.82054601695,0.145954640785,
    -0.699999999999));
#5849 = CARTESIAN_POINT('',(-0.819121733499,0.150508396578,
    -0.679999999999));
#5850 = CARTESIAN_POINT('',(-0.819121733499,0.150508396578,
    -0.699999999999));
#5851 = CARTESIAN_POINT('',(-0.817255329514,0.158367926365,
    -0.679999999999));
#5852 = CARTESIAN_POINT('',(-0.817255329514,0.158367926365,
    -0.699999999999));
#5853 = CARTESIAN_POINT('',(-0.81542543754,0.168084752355,-0.68));
#5854 = CARTESIAN_POINT('',(-0.81542543754,0.168084752355,-0.7));
#5855 = CARTESIAN_POINT('',(-0.814146091903,0.175177012183,
    -0.679999999999));
#5856 = CARTESIAN_POINT('',(-0.814146091903,0.175177012183,
    -0.699999999999));
#5857 = CARTESIAN_POINT('',(-0.813452743902,0.179020699168,
    -0.679999999999));
#5858 = CARTESIAN_POINT('',(-0.813452743902,0.179020699168,
    -0.699999999999));
#5859 = ADVANCED_FACE('',(#5860),#5871,.T.);
#5860 = FACE_BOUND('',#5861,.T.);
#5861 = EDGE_LOOP('',(#5862,#5868,#5869,#5870));
#5862 = ORIENTED_EDGE('',*,*,#5863,.F.);
#5863 = EDGE_CURVE('',#5711,#5826,#5864,.T.);
#5864 = LINE('',#5865,#5866);
#5865 = CARTESIAN_POINT('',(-0.896436737804,-6.4881739855E-02,
    -0.699999999999));
#5866 = VECTOR('',#5867,1.);
#5867 = DIRECTION('',(0.339053795485,0.940766986967,0.));
#5868 = ORIENTED_EDGE('',*,*,#5725,.F.);
#5869 = ORIENTED_EDGE('',*,*,#5684,.T.);
#5870 = ORIENTED_EDGE('',*,*,#5837,.T.);
#5871 = PLANE('',#5872);
#5872 = AXIS2_PLACEMENT_3D('',#5873,#5874,#5875);
#5873 = CARTESIAN_POINT('',(-0.896436737804,-6.4881739855E-02,
    -0.679999999999));
#5874 = DIRECTION('',(-0.940766986967,0.339053795485,0.));
#5875 = DIRECTION('',(-0.339053795485,-0.940766986967,0.));
#5876 = ADVANCED_FACE('',(#5877),#5902,.T.);
#5877 = FACE_BOUND('',#5878,.T.);
#5878 = EDGE_LOOP('',(#5879,#5880,#5888,#5896));
#5879 = ORIENTED_EDGE('',*,*,#318,.F.);
#5880 = ORIENTED_EDGE('',*,*,#5881,.F.);
#5881 = EDGE_CURVE('',#5882,#295,#5884,.T.);
#5882 = VERTEX_POINT('',#5883);
#5883 = CARTESIAN_POINT('',(-0.288395579268,-0.260003691075,
    -0.679999999999));
#5884 = LINE('',#5885,#5886);
#5885 = CARTESIAN_POINT('',(-0.288395579268,-0.260003691075,
    -0.679999999999));
#5886 = VECTOR('',#5887,1.);
#5887 = DIRECTION('',(0.,0.,-1.));
#5888 = ORIENTED_EDGE('',*,*,#5889,.T.);
#5889 = EDGE_CURVE('',#5882,#5890,#5892,.T.);
#5890 = VERTEX_POINT('',#5891);
#5891 = CARTESIAN_POINT('',(-0.15243902439,-0.260003691075,
    -0.679999999999));
#5892 = LINE('',#5893,#5894);
#5893 = CARTESIAN_POINT('',(-0.288395579268,-0.260003691075,
    -0.679999999999));
#5894 = VECTOR('',#5895,1.);
#5895 = DIRECTION('',(1.,0.,0.));
#5896 = ORIENTED_EDGE('',*,*,#5897,.T.);
#5897 = EDGE_CURVE('',#5890,#319,#5898,.T.);
#5898 = LINE('',#5899,#5900);
#5899 = CARTESIAN_POINT('',(-0.15243902439,-0.260003691075,
    -0.679999999999));
#5900 = VECTOR('',#5901,1.);
#5901 = DIRECTION('',(0.,0.,-1.));
#5902 = PLANE('',#5903);
#5903 = AXIS2_PLACEMENT_3D('',#5904,#5905,#5906);
#5904 = CARTESIAN_POINT('',(-0.288395579268,-0.260003691075,
    -0.679999999999));
#5905 = DIRECTION('',(0.,1.,0.));
#5906 = DIRECTION('',(0.,-0.,1.));
#5907 = ADVANCED_FACE('',(#5908),#5926,.T.);
#5908 = FACE_BOUND('',#5909,.T.);
#5909 = EDGE_LOOP('',(#5910,#5911,#5912,#5920));
#5910 = ORIENTED_EDGE('',*,*,#326,.F.);
#5911 = ORIENTED_EDGE('',*,*,#5897,.F.);
#5912 = ORIENTED_EDGE('',*,*,#5913,.T.);
#5913 = EDGE_CURVE('',#5890,#5914,#5916,.T.);
#5914 = VERTEX_POINT('',#5915);
#5915 = CARTESIAN_POINT('',(-0.15243902439,0.239996308924,
    -0.679999999999));
#5916 = LINE('',#5917,#5918);
#5917 = CARTESIAN_POINT('',(-0.15243902439,-0.260003691075,
    -0.679999999999));
#5918 = VECTOR('',#5919,1.);
#5919 = DIRECTION('',(0.,1.,0.));
#5920 = ORIENTED_EDGE('',*,*,#5921,.T.);
#5921 = EDGE_CURVE('',#5914,#327,#5922,.T.);
#5922 = LINE('',#5923,#5924);
#5923 = CARTESIAN_POINT('',(-0.15243902439,0.239996308924,
    -0.679999999999));
#5924 = VECTOR('',#5925,1.);
#5925 = DIRECTION('',(0.,0.,-1.));
#5926 = PLANE('',#5927);
#5927 = AXIS2_PLACEMENT_3D('',#5928,#5929,#5930);
#5928 = CARTESIAN_POINT('',(-0.15243902439,-0.260003691075,
    -0.679999999999));
#5929 = DIRECTION('',(-1.,0.,0.));
#5930 = DIRECTION('',(0.,0.,1.));
#5931 = ADVANCED_FACE('',(#5932),#5950,.T.);
#5932 = FACE_BOUND('',#5933,.T.);
#5933 = EDGE_LOOP('',(#5934,#5935,#5936,#5944));
#5934 = ORIENTED_EDGE('',*,*,#334,.F.);
#5935 = ORIENTED_EDGE('',*,*,#5921,.F.);
#5936 = ORIENTED_EDGE('',*,*,#5937,.T.);
#5937 = EDGE_CURVE('',#5914,#5938,#5940,.T.);
#5938 = VERTEX_POINT('',#5939);
#5939 = CARTESIAN_POINT('',(-0.293540396341,0.239996308924,
    -0.679999999999));
#5940 = LINE('',#5941,#5942);
#5941 = CARTESIAN_POINT('',(-0.15243902439,0.239996308924,
    -0.679999999999));
#5942 = VECTOR('',#5943,1.);
#5943 = DIRECTION('',(-1.,0.,0.));
#5944 = ORIENTED_EDGE('',*,*,#5945,.T.);
#5945 = EDGE_CURVE('',#5938,#335,#5946,.T.);
#5946 = LINE('',#5947,#5948);
#5947 = CARTESIAN_POINT('',(-0.293540396341,0.239996308924,
    -0.679999999999));
#5948 = VECTOR('',#5949,1.);
#5949 = DIRECTION('',(0.,0.,-1.));
#5950 = PLANE('',#5951);
#5951 = AXIS2_PLACEMENT_3D('',#5952,#5953,#5954);
#5952 = CARTESIAN_POINT('',(-0.15243902439,0.239996308924,
    -0.679999999999));
#5953 = DIRECTION('',(0.,-1.,0.));
#5954 = DIRECTION('',(0.,0.,-1.));
#5955 = ADVANCED_FACE('',(#5956),#5990,.T.);
#5956 = FACE_BOUND('',#5957,.T.);
#5957 = EDGE_LOOP('',(#5958,#5959,#5960,#5984));
#5958 = ORIENTED_EDGE('',*,*,#342,.F.);
#5959 = ORIENTED_EDGE('',*,*,#5945,.F.);
#5960 = ORIENTED_EDGE('',*,*,#5961,.T.);
#5961 = EDGE_CURVE('',#5938,#5962,#5964,.T.);
#5962 = VERTEX_POINT('',#5963);
#5963 = CARTESIAN_POINT('',(-0.55487804878,-3.715581319E-03,
    -0.679999999999));
#5964 = B_SPLINE_CURVE_WITH_KNOTS('',3,(#5965,#5966,#5967,#5968,#5969,
    #5970,#5971,#5972,#5973,#5974,#5975,#5976,#5977,#5978,#5979,#5980,
    #5981,#5982,#5983),.UNSPECIFIED.,.F.,.F.,(4,1,1,1,1,1,1,1,1,1,1,1,1,
    1,1,1,4),(0.,6.8631178676E-02,0.134566466038,0.19832815401,
    0.26078976664,0.321999151484,0.382721746503,0.443537474035,
    0.505133429484,0.566213874764,0.626105864617,0.68534932216,
    0.744995870347,0.805415841814,0.867636266345,0.932307782302,1.),
  .UNSPECIFIED.);
#5965 = CARTESIAN_POINT('',(-0.293540396341,0.239996308924,
    -0.679999999999));
#5966 = CARTESIAN_POINT('',(-0.302726328374,0.239791562948,-0.68));
#5967 = CARTESIAN_POINT('',(-0.320737361185,0.239390113592,-0.68));
#5968 = CARTESIAN_POINT('',(-0.347149433278,0.236340635971,
    -0.679999999999));
#5969 = CARTESIAN_POINT('',(-0.372347354783,0.231048801066,-0.68));
#5970 = CARTESIAN_POINT('',(-0.396400418298,0.223829551701,
    -0.679999999999));
#5971 = CARTESIAN_POINT('',(-0.419336485322,0.214607039429,-0.68));
#5972 = CARTESIAN_POINT('',(-0.440939479225,0.203053693566,
    -0.679999999999));
#5973 = CARTESIAN_POINT('',(-0.461446431252,0.189571049267,
    -0.679999999999));
#5974 = CARTESIAN_POINT('',(-0.480590487486,0.174129865125,
    -0.679999999999));
#5975 = CARTESIAN_POINT('',(-0.498039625265,0.156960787881,
    -0.679999999999));
#5976 = CARTESIAN_POINT('',(-0.51325068572,0.138183451049,-0.68));
#5977 = CARTESIAN_POINT('',(-0.526273715889,0.118048998748,
    -0.679999999999));
#5978 = CARTESIAN_POINT('',(-0.536753828035,9.6398229821E-02,-0.68));
#5979 = CARTESIAN_POINT('',(-0.544891322259,7.3347798611E-02,
    -0.679999999999));
#5980 = CARTESIAN_POINT('',(-0.550653729335,4.8914419637E-02,-0.68));
#5981 = CARTESIAN_POINT('',(-0.554288203186,2.3070419094E-02,
    -0.679999999999));
#5982 = CARTESIAN_POINT('',(-0.554678464833,5.347901966E-03,-0.68));
#5983 = CARTESIAN_POINT('',(-0.55487804878,-3.715581319E-03,
    -0.679999999999));
#5984 = ORIENTED_EDGE('',*,*,#5985,.T.);
#5985 = EDGE_CURVE('',#5962,#293,#5986,.T.);
#5986 = LINE('',#5987,#5988);
#5987 = CARTESIAN_POINT('',(-0.55487804878,-3.715581319E-03,
    -0.679999999999));
#5988 = VECTOR('',#5989,1.);
#5989 = DIRECTION('',(0.,0.,-1.));
#5990 = B_SPLINE_SURFACE_WITH_KNOTS('',3,1,(
    (#5991,#5992)
    ,(#5993,#5994)
    ,(#5995,#5996)
    ,(#5997,#5998)
    ,(#5999,#6000)
    ,(#6001,#6002)
    ,(#6003,#6004)
    ,(#6005,#6006)
    ,(#6007,#6008)
    ,(#6009,#6010)
    ,(#6011,#6012)
    ,(#6013,#6014)
    ,(#6015,#6016)
    ,(#6017,#6018)
    ,(#6019,#6020)
    ,(#6021,#6022)
    ,(#6023,#6024)
    ,(#6025,#6026)
    ,(#6027,#6028
    )),.UNSPECIFIED.,.F.,.F.,.F.,(4,1,1,1,1,1,1,1,1,1,1,1,1,1,1,1,4),(2,
    2),(0.,6.8631178676E-02,0.134566466038,0.19832815401,0.26078976664,
    0.321999151484,0.382721746503,0.443537474035,0.505133429484,
    0.566213874764,0.626105864617,0.68534932216,0.744995870347,
    0.805415841814,0.867636266345,0.932307782302,1.),(0.,1.),
  .UNSPECIFIED.);
#5991 = CARTESIAN_POINT('',(-0.293540396341,0.239996308924,
    -0.679999999999));
#5992 = CARTESIAN_POINT('',(-0.293540396341,0.239996308924,
    -0.699999999999));
#5993 = CARTESIAN_POINT('',(-0.302726328374,0.239791562948,-0.68));
#5994 = CARTESIAN_POINT('',(-0.302726328374,0.239791562948,-0.7));
#5995 = CARTESIAN_POINT('',(-0.320737361185,0.239390113592,-0.68));
#5996 = CARTESIAN_POINT('',(-0.320737361185,0.239390113592,-0.7));
#5997 = CARTESIAN_POINT('',(-0.347149433278,0.236340635971,
    -0.679999999999));
#5998 = CARTESIAN_POINT('',(-0.347149433278,0.236340635971,
    -0.699999999999));
#5999 = CARTESIAN_POINT('',(-0.372347354783,0.231048801066,-0.68));
#6000 = CARTESIAN_POINT('',(-0.372347354783,0.231048801066,-0.7));
#6001 = CARTESIAN_POINT('',(-0.396400418298,0.223829551701,
    -0.679999999999));
#6002 = CARTESIAN_POINT('',(-0.396400418298,0.223829551701,
    -0.699999999999));
#6003 = CARTESIAN_POINT('',(-0.419336485322,0.214607039429,-0.68));
#6004 = CARTESIAN_POINT('',(-0.419336485322,0.214607039429,-0.7));
#6005 = CARTESIAN_POINT('',(-0.440939479225,0.203053693566,
    -0.679999999999));
#6006 = CARTESIAN_POINT('',(-0.440939479225,0.203053693566,
    -0.699999999999));
#6007 = CARTESIAN_POINT('',(-0.461446431252,0.189571049267,
    -0.679999999999));
#6008 = CARTESIAN_POINT('',(-0.461446431252,0.189571049267,
    -0.699999999999));
#6009 = CARTESIAN_POINT('',(-0.480590487486,0.174129865125,
    -0.679999999999));
#6010 = CARTESIAN_POINT('',(-0.480590487486,0.174129865125,
    -0.699999999999));
#6011 = CARTESIAN_POINT('',(-0.498039625265,0.156960787881,
    -0.679999999999));
#6012 = CARTESIAN_POINT('',(-0.498039625265,0.156960787881,
    -0.699999999999));
#6013 = CARTESIAN_POINT('',(-0.51325068572,0.138183451049,-0.68));
#6014 = CARTESIAN_POINT('',(-0.51325068572,0.138183451049,-0.7));
#6015 = CARTESIAN_POINT('',(-0.526273715889,0.118048998748,
    -0.679999999999));
#6016 = CARTESIAN_POINT('',(-0.526273715889,0.118048998748,
    -0.699999999999));
#6017 = CARTESIAN_POINT('',(-0.536753828035,9.6398229821E-02,-0.68));
#6018 = CARTESIAN_POINT('',(-0.536753828035,9.6398229821E-02,-0.7));
#6019 = CARTESIAN_POINT('',(-0.544891322259,7.3347798611E-02,
    -0.679999999999));
#6020 = CARTESIAN_POINT('',(-0.544891322259,7.3347798611E-02,
    -0.699999999999));
#6021 = CARTESIAN_POINT('',(-0.550653729335,4.8914419637E-02,-0.68));
#6022 = CARTESIAN_POINT('',(-0.550653729335,4.8914419637E-02,-0.7));
#6023 = CARTESIAN_POINT('',(-0.554288203186,2.3070419094E-02,
    -0.679999999999));
#6024 = CARTESIAN_POINT('',(-0.554288203186,2.3070419094E-02,
    -0.699999999999));
#6025 = CARTESIAN_POINT('',(-0.554678464833,5.347901966E-03,-0.68));
#6026 = CARTESIAN_POINT('',(-0.554678464833,5.347901966E-03,-0.7));
#6027 = CARTESIAN_POINT('',(-0.55487804878,-3.715581319E-03,
    -0.679999999999));
#6028 = CARTESIAN_POINT('',(-0.55487804878,-3.715581319E-03,
    -0.699999999999));
#6029 = ADVANCED_FACE('',(#6030),#6057,.T.);
#6030 = FACE_BOUND('',#6031,.T.);
#6031 = EDGE_LOOP('',(#6032,#6033,#6034,#6056));
#6032 = ORIENTED_EDGE('',*,*,#292,.F.);
#6033 = ORIENTED_EDGE('',*,*,#5985,.F.);
#6034 = ORIENTED_EDGE('',*,*,#6035,.T.);
#6035 = EDGE_CURVE('',#5962,#5882,#6036,.T.);
#6036 = B_SPLINE_CURVE_WITH_KNOTS('',3,(#6037,#6038,#6039,#6040,#6041,
    #6042,#6043,#6044,#6045,#6046,#6047,#6048,#6049,#6050,#6051,#6052,
    #6053,#6054,#6055),.UNSPECIFIED.,.F.,.F.,(4,1,1,1,1,1,1,1,1,1,1,1,1,
    1,1,1,4),(0.,6.8068695844E-02,0.133427432818,0.196146033813,
    0.257048592449,0.316882663159,0.376187208666,0.435960335363,
    0.496535236862,0.55746534348,0.61768686341,0.677943640696,
    0.738805284806,0.800949336766,0.86481466747,0.931024781078,1.),
  .UNSPECIFIED.);
#6037 = CARTESIAN_POINT('',(-0.55487804878,-3.715581319E-03,
    -0.679999999999));
#6038 = CARTESIAN_POINT('',(-0.554676115179,-1.3159373572E-02,
    -0.679999999999));
#6039 = CARTESIAN_POINT('',(-0.55428028738,-3.1670980718E-02,-0.68));
#6040 = CARTESIAN_POINT('',(-0.550662398064,-5.8687078257E-02,
    -0.679999999999));
#6041 = CARTESIAN_POINT('',(-0.544887050022,-8.4285594728E-02,-0.68));
#6042 = CARTESIAN_POINT('',(-0.536780169092,-0.108451987148,-0.68));
#6043 = CARTESIAN_POINT('',(-0.526284126037,-0.131168824822,
    -0.679999999999));
#6044 = CARTESIAN_POINT('',(-0.513270596205,-0.152353113334,-0.68));
#6045 = CARTESIAN_POINT('',(-0.498090320986,-0.172166375883,-0.68));
#6046 = CARTESIAN_POINT('',(-0.480639296202,-0.190337154517,
    -0.679999999999));
#6047 = CARTESIAN_POINT('',(-0.461339720418,-0.206599936591,-0.68));
#6048 = CARTESIAN_POINT('',(-0.440702302277,-0.221063342721,
    -0.679999999999));
#6049 = CARTESIAN_POINT('',(-0.418549713648,-0.233080505552,
    -0.679999999999));
#6050 = CARTESIAN_POINT('',(-0.395071159416,-0.242899099359,-0.68));
#6051 = CARTESIAN_POINT('',(-0.37030770363,-0.25069447589,
    -0.679999999999));
#6052 = CARTESIAN_POINT('',(-0.344152024763,-0.256001965119,
    -0.679999999999));
#6053 = CARTESIAN_POINT('',(-0.316722994495,-0.259491174423,
    -0.679999999999));
#6054 = CARTESIAN_POINT('',(-0.297965937757,-0.259830538387,-0.68));
#6055 = CARTESIAN_POINT('',(-0.288395579268,-0.260003691075,
    -0.679999999999));
#6056 = ORIENTED_EDGE('',*,*,#5881,.T.);
#6057 = B_SPLINE_SURFACE_WITH_KNOTS('',3,1,(
    (#6058,#6059)
    ,(#6060,#6061)
    ,(#6062,#6063)
    ,(#6064,#6065)
    ,(#6066,#6067)
    ,(#6068,#6069)
    ,(#6070,#6071)
    ,(#6072,#6073)
    ,(#6074,#6075)
    ,(#6076,#6077)
    ,(#6078,#6079)
    ,(#6080,#6081)
    ,(#6082,#6083)
    ,(#6084,#6085)
    ,(#6086,#6087)
    ,(#6088,#6089)
    ,(#6090,#6091)
    ,(#6092,#6093)
    ,(#6094,#6095
    )),.UNSPECIFIED.,.F.,.F.,.F.,(4,1,1,1,1,1,1,1,1,1,1,1,1,1,1,1,4),(2,
    2),(0.,6.8068695844E-02,0.133427432818,0.196146033813,0.257048592449
    ,0.316882663159,0.376187208666,0.435960335363,0.496535236862,
    0.55746534348,0.61768686341,0.677943640696,0.738805284806,
    0.800949336766,0.86481466747,0.931024781078,1.),(0.,1.),
  .UNSPECIFIED.);
#6058 = CARTESIAN_POINT('',(-0.55487804878,-3.715581319E-03,
    -0.679999999999));
#6059 = CARTESIAN_POINT('',(-0.55487804878,-3.715581319E-03,
    -0.699999999999));
#6060 = CARTESIAN_POINT('',(-0.554676115179,-1.3159373572E-02,
    -0.679999999999));
#6061 = CARTESIAN_POINT('',(-0.554676115179,-1.3159373572E-02,
    -0.699999999999));
#6062 = CARTESIAN_POINT('',(-0.55428028738,-3.1670980718E-02,-0.68));
#6063 = CARTESIAN_POINT('',(-0.55428028738,-3.1670980718E-02,-0.7));
#6064 = CARTESIAN_POINT('',(-0.550662398064,-5.8687078257E-02,
    -0.679999999999));
#6065 = CARTESIAN_POINT('',(-0.550662398064,-5.8687078257E-02,
    -0.699999999999));
#6066 = CARTESIAN_POINT('',(-0.544887050022,-8.4285594728E-02,-0.68));
#6067 = CARTESIAN_POINT('',(-0.544887050022,-8.4285594728E-02,-0.7));
#6068 = CARTESIAN_POINT('',(-0.536780169092,-0.108451987148,-0.68));
#6069 = CARTESIAN_POINT('',(-0.536780169092,-0.108451987148,-0.7));
#6070 = CARTESIAN_POINT('',(-0.526284126037,-0.131168824822,
    -0.679999999999));
#6071 = CARTESIAN_POINT('',(-0.526284126037,-0.131168824822,
    -0.699999999999));
#6072 = CARTESIAN_POINT('',(-0.513270596205,-0.152353113334,-0.68));
#6073 = CARTESIAN_POINT('',(-0.513270596205,-0.152353113334,-0.7));
#6074 = CARTESIAN_POINT('',(-0.498090320986,-0.172166375883,-0.68));
#6075 = CARTESIAN_POINT('',(-0.498090320986,-0.172166375883,-0.7));
#6076 = CARTESIAN_POINT('',(-0.480639296202,-0.190337154517,
    -0.679999999999));
#6077 = CARTESIAN_POINT('',(-0.480639296202,-0.190337154517,
    -0.699999999999));
#6078 = CARTESIAN_POINT('',(-0.461339720418,-0.206599936591,-0.68));
#6079 = CARTESIAN_POINT('',(-0.461339720418,-0.206599936591,-0.7));
#6080 = CARTESIAN_POINT('',(-0.440702302277,-0.221063342721,
    -0.679999999999));
#6081 = CARTESIAN_POINT('',(-0.440702302277,-0.221063342721,
    -0.699999999999));
#6082 = CARTESIAN_POINT('',(-0.418549713648,-0.233080505552,
    -0.679999999999));
#6083 = CARTESIAN_POINT('',(-0.418549713648,-0.233080505552,
    -0.699999999999));
#6084 = CARTESIAN_POINT('',(-0.395071159416,-0.242899099359,-0.68));
#6085 = CARTESIAN_POINT('',(-0.395071159416,-0.242899099359,-0.7));
#6086 = CARTESIAN_POINT('',(-0.37030770363,-0.25069447589,
    -0.679999999999));
#6087 = CARTESIAN_POINT('',(-0.37030770363,-0.25069447589,
    -0.699999999999));
#6088 = CARTESIAN_POINT('',(-0.344152024763,-0.256001965119,
    -0.679999999999));
#6089 = CARTESIAN_POINT('',(-0.344152024763,-0.256001965119,
    -0.699999999999));
#6090 = CARTESIAN_POINT('',(-0.316722994495,-0.259491174423,
    -0.679999999999));
#6091 = CARTESIAN_POINT('',(-0.316722994495,-0.259491174423,
    -0.699999999999));
#6092 = CARTESIAN_POINT('',(-0.297965937757,-0.259830538387,-0.68));
#6093 = CARTESIAN_POINT('',(-0.297965937757,-0.259830538387,-0.7));
#6094 = CARTESIAN_POINT('',(-0.288395579268,-0.260003691075,
    -0.679999999999));
#6095 = CARTESIAN_POINT('',(-0.288395579268,-0.260003691075,
    -0.699999999999));
#6096 = ADVANCED_FACE('',(#6097,#6171),#6178,.T.);
#6097 = FACE_BOUND('',#6098,.T.);
#6098 = EDGE_LOOP('',(#6099,#6125,#6149,#6157,#6165));
#6099 = ORIENTED_EDGE('',*,*,#6100,.F.);
#6100 = EDGE_CURVE('',#6101,#6103,#6105,.T.);
#6101 = VERTEX_POINT('',#6102);
#6102 = CARTESIAN_POINT('',(-0.487804878048,-5.144697172E-03,
    -0.679999999999));
#6103 = VERTEX_POINT('',#6104);
#6104 = CARTESIAN_POINT('',(-0.29325457317,0.185118260144,
    -0.679999999999));
#6105 = B_SPLINE_CURVE_WITH_KNOTS('',3,(#6106,#6107,#6108,#6109,#6110,
    #6111,#6112,#6113,#6114,#6115,#6116,#6117,#6118,#6119,#6120,#6121,
    #6122,#6123,#6124),.UNSPECIFIED.,.F.,.F.,(4,1,1,1,1,1,1,1,1,1,1,1,1,
    1,1,1,4),(0.,7.4303796442E-02,0.144393610364,0.210499496103,
    0.273542606503,0.333824744579,0.392529672408,0.450087454599,
    0.507820611555,0.565464912776,0.623148722333,0.68129719279,
    0.740913498156,0.801855752195,0.86524123772,0.930941657046,1.),
  .UNSPECIFIED.);
#6106 = CARTESIAN_POINT('',(-0.487804878048,-5.144697172E-03,
    -0.679999999999));
#6107 = CARTESIAN_POINT('',(-0.487640987757,2.515745395E-03,
    -0.679999999999));
#6108 = CARTESIAN_POINT('',(-0.487322501866,1.7402184749E-02,-0.68));
#6109 = CARTESIAN_POINT('',(-0.484844394765,3.8992688683E-02,-0.68));
#6110 = CARTESIAN_POINT('',(-0.480691402242,5.9136176251E-02,
    -0.679999999999));
#6111 = CARTESIAN_POINT('',(-0.474786996905,7.7785549655E-02,
    -0.679999999999));
#6112 = CARTESIAN_POINT('',(-0.467250731725,9.5012719629E-02,-0.68));
#6113 = CARTESIAN_POINT('',(-0.457970815975,0.110718983843,-0.68));
#6114 = CARTESIAN_POINT('',(-0.447019182448,0.124981342226,-0.68));
#6115 = CARTESIAN_POINT('',(-0.434397408235,0.137636128425,
    -0.679999999999));
#6116 = CARTESIAN_POINT('',(-0.420415395814,0.14876151182,
    -0.679999999999));
#6117 = CARTESIAN_POINT('',(-0.405416898588,0.158552396896,
    -0.679999999999));
#6118 = CARTESIAN_POINT('',(-0.389271808824,0.166773217071,-0.68));
#6119 = CARTESIAN_POINT('',(-0.372106592883,0.173528680089,
    -0.679999999999));
#6120 = CARTESIAN_POINT('',(-0.353863156493,0.178799956872,-0.68));
#6121 = CARTESIAN_POINT('',(-0.334597469443,0.182458757341,
    -0.679999999999));
#6122 = CARTESIAN_POINT('',(-0.314267299026,0.18468589223,
    -0.679999999999));
#6123 = CARTESIAN_POINT('',(-0.300374211273,0.184971763059,-0.68));
#6124 = CARTESIAN_POINT('',(-0.29325457317,0.185118260144,
    -0.679999999999));
#6125 = ORIENTED_EDGE('',*,*,#6126,.F.);
#6126 = EDGE_CURVE('',#6127,#6101,#6129,.T.);
#6127 = VERTEX_POINT('',#6128);
#6128 = CARTESIAN_POINT('',(-0.290491615853,-0.205125642294,
    -0.679999999999));
#6129 = B_SPLINE_CURVE_WITH_KNOTS('',3,(#6130,#6131,#6132,#6133,#6134,
    #6135,#6136,#6137,#6138,#6139,#6140,#6141,#6142,#6143,#6144,#6145,
    #6146,#6147,#6148),.UNSPECIFIED.,.F.,.F.,(4,1,1,1,1,1,1,1,1,1,1,1,1,
    1,1,1,4),(0.,7.0826572555E-02,0.138169033279,0.202475331533,
    0.263973754413,0.323380320598,0.381797622713,0.439390074519,
    0.496902724545,0.554662169609,0.612741878492,0.671538836391,
    0.73165572209,0.794297811613,0.859482204979,0.927681325452,1.),
  .UNSPECIFIED.);
#6130 = CARTESIAN_POINT('',(-0.290491615853,-0.205125642294,
    -0.679999999999));
#6131 = CARTESIAN_POINT('',(-0.298025400239,-0.204962787836,
    -0.679999999999));
#6132 = CARTESIAN_POINT('',(-0.312722365911,-0.204645090081,-0.68));
#6133 = CARTESIAN_POINT('',(-0.334140644183,-0.202122189275,
    -0.679999999999));
#6134 = CARTESIAN_POINT('',(-0.354299076754,-0.198070892016,-0.68));
#6135 = CARTESIAN_POINT('',(-0.37320033307,-0.192395644604,
    -0.679999999999));
#6136 = CARTESIAN_POINT('',(-0.39076252656,-0.184872834249,
    -0.679999999999));
#6137 = CARTESIAN_POINT('',(-0.407127333024,-0.175845035011,-0.68));
#6138 = CARTESIAN_POINT('',(-0.422182348983,-0.165102125405,
    -0.679999999999));
#6139 = CARTESIAN_POINT('',(-0.43586654641,-0.152764595049,
    -0.679999999999));
#6140 = CARTESIAN_POINT('',(-0.448063918356,-0.138893879689,-0.68));
#6141 = CARTESIAN_POINT('',(-0.458825101288,-0.12370695801,
    -0.679999999999));
#6142 = CARTESIAN_POINT('',(-0.467765856368,-0.107097310265,-0.68));
#6143 = CARTESIAN_POINT('',(-0.475169601475,-8.9229665592E-02,
    -0.679999999999));
#6144 = CARTESIAN_POINT('',(-0.480827110889,-7.0025285541E-02,
    -0.679999999999));
#6145 = CARTESIAN_POINT('',(-0.484928249568,-4.956110393E-02,-0.68));
#6146 = CARTESIAN_POINT('',(-0.487297033596,-2.7780384615E-02,
    -0.679999999999));
#6147 = CARTESIAN_POINT('',(-0.487632320038,-1.2835967924E-02,
    -0.679999999999));
#6148 = CARTESIAN_POINT('',(-0.487804878048,-5.144697172E-03,
    -0.679999999999));
#6149 = ORIENTED_EDGE('',*,*,#6150,.F.);
#6150 = EDGE_CURVE('',#6151,#6127,#6153,.T.);
#6151 = VERTEX_POINT('',#6152);
#6152 = CARTESIAN_POINT('',(-0.219512195121,-0.205125642294,
    -0.679999999999));
#6153 = LINE('',#6154,#6155);
#6154 = CARTESIAN_POINT('',(-0.219512195121,-0.205125642294,
    -0.679999999999));
#6155 = VECTOR('',#6156,1.);
#6156 = DIRECTION('',(-1.,0.,0.));
#6157 = ORIENTED_EDGE('',*,*,#6158,.F.);
#6158 = EDGE_CURVE('',#6159,#6151,#6161,.T.);
#6159 = VERTEX_POINT('',#6160);
#6160 = CARTESIAN_POINT('',(-0.219512195121,0.185118260144,
    -0.679999999999));
#6161 = LINE('',#6162,#6163);
#6162 = CARTESIAN_POINT('',(-0.219512195121,0.185118260144,
    -0.679999999999));
#6163 = VECTOR('',#6164,1.);
#6164 = DIRECTION('',(0.,-1.,0.));
#6165 = ORIENTED_EDGE('',*,*,#6166,.F.);
#6166 = EDGE_CURVE('',#6103,#6159,#6167,.T.);
#6167 = LINE('',#6168,#6169);
#6168 = CARTESIAN_POINT('',(-0.29325457317,0.185118260144,
    -0.679999999999));
#6169 = VECTOR('',#6170,1.);
#6170 = DIRECTION('',(1.,0.,0.));
#6171 = FACE_BOUND('',#6172,.T.);
#6172 = EDGE_LOOP('',(#6173,#6174,#6175,#6176,#6177));
#6173 = ORIENTED_EDGE('',*,*,#5889,.F.);
#6174 = ORIENTED_EDGE('',*,*,#6035,.F.);
#6175 = ORIENTED_EDGE('',*,*,#5961,.F.);
#6176 = ORIENTED_EDGE('',*,*,#5937,.F.);
#6177 = ORIENTED_EDGE('',*,*,#5913,.F.);
#6178 = PLANE('',#6179);
#6179 = AXIS2_PLACEMENT_3D('',#6180,#6181,#6182);
#6180 = CARTESIAN_POINT('',(-0.478828818191,0.175146659139,
    -0.679999999999));
#6181 = DIRECTION('',(3.70321774852E-14,-6.023787776278E-13,-1.));
#6182 = DIRECTION('',(0.,1.,-6.023787776278E-13));
#6183 = ADVANCED_FACE('',(#6184),#6209,.T.);
#6184 = FACE_BOUND('',#6185,.T.);
#6185 = EDGE_LOOP('',(#6186,#6196,#6202,#6203));
#6186 = ORIENTED_EDGE('',*,*,#6187,.F.);
#6187 = EDGE_CURVE('',#6188,#6190,#6192,.T.);
#6188 = VERTEX_POINT('',#6189);
#6189 = CARTESIAN_POINT('',(-0.29325457317,0.185118260144,
    -0.699999999999));
#6190 = VERTEX_POINT('',#6191);
#6191 = CARTESIAN_POINT('',(-0.219512195121,0.185118260144,
    -0.699999999999));
#6192 = LINE('',#6193,#6194);
#6193 = CARTESIAN_POINT('',(-0.29325457317,0.185118260144,
    -0.699999999999));
#6194 = VECTOR('',#6195,1.);
#6195 = DIRECTION('',(1.,0.,0.));
#6196 = ORIENTED_EDGE('',*,*,#6197,.F.);
#6197 = EDGE_CURVE('',#6103,#6188,#6198,.T.);
#6198 = LINE('',#6199,#6200);
#6199 = CARTESIAN_POINT('',(-0.29325457317,0.185118260144,
    -0.679999999999));
#6200 = VECTOR('',#6201,1.);
#6201 = DIRECTION('',(0.,0.,-1.));
#6202 = ORIENTED_EDGE('',*,*,#6166,.T.);
#6203 = ORIENTED_EDGE('',*,*,#6204,.T.);
#6204 = EDGE_CURVE('',#6159,#6190,#6205,.T.);
#6205 = LINE('',#6206,#6207);
#6206 = CARTESIAN_POINT('',(-0.219512195121,0.185118260144,
    -0.679999999999));
#6207 = VECTOR('',#6208,1.);
#6208 = DIRECTION('',(0.,0.,-1.));
#6209 = PLANE('',#6210);
#6210 = AXIS2_PLACEMENT_3D('',#6211,#6212,#6213);
#6211 = CARTESIAN_POINT('',(-0.29325457317,0.185118260144,
    -0.679999999999));
#6212 = DIRECTION('',(0.,1.,0.));
#6213 = DIRECTION('',(0.,-0.,1.));
#6214 = ADVANCED_FACE('',(#6215),#6249,.T.);
#6215 = FACE_BOUND('',#6216,.T.);
#6216 = EDGE_LOOP('',(#6217,#6241,#6247,#6248));
#6217 = ORIENTED_EDGE('',*,*,#6218,.F.);
#6218 = EDGE_CURVE('',#6219,#6188,#6221,.T.);
#6219 = VERTEX_POINT('',#6220);
#6220 = CARTESIAN_POINT('',(-0.487804878048,-5.144697172E-03,
    -0.699999999999));
#6221 = B_SPLINE_CURVE_WITH_KNOTS('',3,(#6222,#6223,#6224,#6225,#6226,
    #6227,#6228,#6229,#6230,#6231,#6232,#6233,#6234,#6235,#6236,#6237,
    #6238,#6239,#6240),.UNSPECIFIED.,.F.,.F.,(4,1,1,1,1,1,1,1,1,1,1,1,1,
    1,1,1,4),(0.,7.4303796442E-02,0.144393610364,0.210499496103,
    0.273542606503,0.333824744579,0.392529672408,0.450087454599,
    0.507820611555,0.565464912776,0.623148722333,0.68129719279,
    0.740913498156,0.801855752195,0.86524123772,0.930941657046,1.),
  .UNSPECIFIED.);
#6222 = CARTESIAN_POINT('',(-0.487804878048,-5.144697172E-03,
    -0.699999999999));
#6223 = CARTESIAN_POINT('',(-0.487640987757,2.515745395E-03,
    -0.699999999999));
#6224 = CARTESIAN_POINT('',(-0.487322501866,1.7402184749E-02,-0.7));
#6225 = CARTESIAN_POINT('',(-0.484844394765,3.8992688683E-02,-0.7));
#6226 = CARTESIAN_POINT('',(-0.480691402242,5.9136176251E-02,
    -0.699999999999));
#6227 = CARTESIAN_POINT('',(-0.474786996905,7.7785549655E-02,
    -0.699999999999));
#6228 = CARTESIAN_POINT('',(-0.467250731725,9.5012719629E-02,-0.7));
#6229 = CARTESIAN_POINT('',(-0.457970815975,0.110718983843,-0.7));
#6230 = CARTESIAN_POINT('',(-0.447019182448,0.124981342226,-0.7));
#6231 = CARTESIAN_POINT('',(-0.434397408235,0.137636128425,
    -0.699999999999));
#6232 = CARTESIAN_POINT('',(-0.420415395814,0.14876151182,
    -0.699999999999));
#6233 = CARTESIAN_POINT('',(-0.405416898588,0.158552396896,
    -0.699999999999));
#6234 = CARTESIAN_POINT('',(-0.389271808824,0.166773217071,-0.7));
#6235 = CARTESIAN_POINT('',(-0.372106592883,0.173528680089,
    -0.699999999999));
#6236 = CARTESIAN_POINT('',(-0.353863156493,0.178799956872,-0.7));
#6237 = CARTESIAN_POINT('',(-0.334597469443,0.182458757341,
    -0.699999999999));
#6238 = CARTESIAN_POINT('',(-0.314267299026,0.18468589223,
    -0.699999999999));
#6239 = CARTESIAN_POINT('',(-0.300374211273,0.184971763059,-0.7));
#6240 = CARTESIAN_POINT('',(-0.29325457317,0.185118260144,
    -0.699999999999));
#6241 = ORIENTED_EDGE('',*,*,#6242,.F.);
#6242 = EDGE_CURVE('',#6101,#6219,#6243,.T.);
#6243 = LINE('',#6244,#6245);
#6244 = CARTESIAN_POINT('',(-0.487804878048,-5.144697172E-03,
    -0.679999999999));
#6245 = VECTOR('',#6246,1.);
#6246 = DIRECTION('',(0.,0.,-1.));
#6247 = ORIENTED_EDGE('',*,*,#6100,.T.);
#6248 = ORIENTED_EDGE('',*,*,#6197,.T.);
#6249 = B_SPLINE_SURFACE_WITH_KNOTS('',3,1,(
    (#6250,#6251)
    ,(#6252,#6253)
    ,(#6254,#6255)
    ,(#6256,#6257)
    ,(#6258,#6259)
    ,(#6260,#6261)
    ,(#6262,#6263)
    ,(#6264,#6265)
    ,(#6266,#6267)
    ,(#6268,#6269)
    ,(#6270,#6271)
    ,(#6272,#6273)
    ,(#6274,#6275)
    ,(#6276,#6277)
    ,(#6278,#6279)
    ,(#6280,#6281)
    ,(#6282,#6283)
    ,(#6284,#6285)
    ,(#6286,#6287
    )),.UNSPECIFIED.,.F.,.F.,.F.,(4,1,1,1,1,1,1,1,1,1,1,1,1,1,1,1,4),(2,
    2),(0.,7.4303796442E-02,0.144393610364,0.210499496103,0.273542606503
    ,0.333824744579,0.392529672408,0.450087454599,0.507820611555,
    0.565464912776,0.623148722333,0.68129719279,0.740913498156,
    0.801855752195,0.86524123772,0.930941657046,1.),(0.,1.),
  .UNSPECIFIED.);
#6250 = CARTESIAN_POINT('',(-0.487804878048,-5.144697172E-03,
    -0.679999999999));
#6251 = CARTESIAN_POINT('',(-0.487804878048,-5.144697172E-03,
    -0.699999999999));
#6252 = CARTESIAN_POINT('',(-0.487640987757,2.515745395E-03,
    -0.679999999999));
#6253 = CARTESIAN_POINT('',(-0.487640987757,2.515745395E-03,
    -0.699999999999));
#6254 = CARTESIAN_POINT('',(-0.487322501866,1.7402184749E-02,-0.68));
#6255 = CARTESIAN_POINT('',(-0.487322501866,1.7402184749E-02,-0.7));
#6256 = CARTESIAN_POINT('',(-0.484844394765,3.8992688683E-02,-0.68));
#6257 = CARTESIAN_POINT('',(-0.484844394765,3.8992688683E-02,-0.7));
#6258 = CARTESIAN_POINT('',(-0.480691402242,5.9136176251E-02,
    -0.679999999999));
#6259 = CARTESIAN_POINT('',(-0.480691402242,5.9136176251E-02,
    -0.699999999999));
#6260 = CARTESIAN_POINT('',(-0.474786996905,7.7785549655E-02,
    -0.679999999999));
#6261 = CARTESIAN_POINT('',(-0.474786996905,7.7785549655E-02,
    -0.699999999999));
#6262 = CARTESIAN_POINT('',(-0.467250731725,9.5012719629E-02,-0.68));
#6263 = CARTESIAN_POINT('',(-0.467250731725,9.5012719629E-02,-0.7));
#6264 = CARTESIAN_POINT('',(-0.457970815975,0.110718983843,-0.68));
#6265 = CARTESIAN_POINT('',(-0.457970815975,0.110718983843,-0.7));
#6266 = CARTESIAN_POINT('',(-0.447019182448,0.124981342226,-0.68));
#6267 = CARTESIAN_POINT('',(-0.447019182448,0.124981342226,-0.7));
#6268 = CARTESIAN_POINT('',(-0.434397408235,0.137636128425,
    -0.679999999999));
#6269 = CARTESIAN_POINT('',(-0.434397408235,0.137636128425,
    -0.699999999999));
#6270 = CARTESIAN_POINT('',(-0.420415395814,0.14876151182,
    -0.679999999999));
#6271 = CARTESIAN_POINT('',(-0.420415395814,0.14876151182,
    -0.699999999999));
#6272 = CARTESIAN_POINT('',(-0.405416898588,0.158552396896,
    -0.679999999999));
#6273 = CARTESIAN_POINT('',(-0.405416898588,0.158552396896,
    -0.699999999999));
#6274 = CARTESIAN_POINT('',(-0.389271808824,0.166773217071,-0.68));
#6275 = CARTESIAN_POINT('',(-0.389271808824,0.166773217071,-0.7));
#6276 = CARTESIAN_POINT('',(-0.372106592883,0.173528680089,
    -0.679999999999));
#6277 = CARTESIAN_POINT('',(-0.372106592883,0.173528680089,
    -0.699999999999));
#6278 = CARTESIAN_POINT('',(-0.353863156493,0.178799956872,-0.68));
#6279 = CARTESIAN_POINT('',(-0.353863156493,0.178799956872,-0.7));
#6280 = CARTESIAN_POINT('',(-0.334597469443,0.182458757341,
    -0.679999999999));
#6281 = CARTESIAN_POINT('',(-0.334597469443,0.182458757341,
    -0.699999999999));
#6282 = CARTESIAN_POINT('',(-0.314267299026,0.18468589223,
    -0.679999999999));
#6283 = CARTESIAN_POINT('',(-0.314267299026,0.18468589223,
    -0.699999999999));
#6284 = CARTESIAN_POINT('',(-0.300374211273,0.184971763059,-0.68));
#6285 = CARTESIAN_POINT('',(-0.300374211273,0.184971763059,-0.7));
#6286 = CARTESIAN_POINT('',(-0.29325457317,0.185118260144,
    -0.679999999999));
#6287 = CARTESIAN_POINT('',(-0.29325457317,0.185118260144,
    -0.699999999999));
#6288 = ADVANCED_FACE('',(#6289),#6323,.T.);
#6289 = FACE_BOUND('',#6290,.T.);
#6290 = EDGE_LOOP('',(#6291,#6315,#6321,#6322));
#6291 = ORIENTED_EDGE('',*,*,#6292,.F.);
#6292 = EDGE_CURVE('',#6293,#6219,#6295,.T.);
#6293 = VERTEX_POINT('',#6294);
#6294 = CARTESIAN_POINT('',(-0.290491615853,-0.205125642294,
    -0.699999999999));
#6295 = B_SPLINE_CURVE_WITH_KNOTS('',3,(#6296,#6297,#6298,#6299,#6300,
    #6301,#6302,#6303,#6304,#6305,#6306,#6307,#6308,#6309,#6310,#6311,
    #6312,#6313,#6314),.UNSPECIFIED.,.F.,.F.,(4,1,1,1,1,1,1,1,1,1,1,1,1,
    1,1,1,4),(0.,7.0826572555E-02,0.138169033279,0.202475331533,
    0.263973754413,0.323380320598,0.381797622713,0.439390074519,
    0.496902724545,0.554662169609,0.612741878492,0.671538836391,
    0.73165572209,0.794297811613,0.859482204979,0.927681325452,1.),
  .UNSPECIFIED.);
#6296 = CARTESIAN_POINT('',(-0.290491615853,-0.205125642294,
    -0.699999999999));
#6297 = CARTESIAN_POINT('',(-0.298025400239,-0.204962787836,
    -0.699999999999));
#6298 = CARTESIAN_POINT('',(-0.312722365911,-0.204645090081,-0.7));
#6299 = CARTESIAN_POINT('',(-0.334140644183,-0.202122189275,
    -0.699999999999));
#6300 = CARTESIAN_POINT('',(-0.354299076754,-0.198070892016,-0.7));
#6301 = CARTESIAN_POINT('',(-0.37320033307,-0.192395644604,
    -0.699999999999));
#6302 = CARTESIAN_POINT('',(-0.39076252656,-0.184872834249,
    -0.699999999999));
#6303 = CARTESIAN_POINT('',(-0.407127333024,-0.175845035011,-0.7));
#6304 = CARTESIAN_POINT('',(-0.422182348983,-0.165102125405,
    -0.699999999999));
#6305 = CARTESIAN_POINT('',(-0.43586654641,-0.152764595049,
    -0.699999999999));
#6306 = CARTESIAN_POINT('',(-0.448063918356,-0.138893879689,-0.7));
#6307 = CARTESIAN_POINT('',(-0.458825101288,-0.12370695801,
    -0.699999999999));
#6308 = CARTESIAN_POINT('',(-0.467765856368,-0.107097310265,-0.7));
#6309 = CARTESIAN_POINT('',(-0.475169601475,-8.9229665592E-02,
    -0.699999999999));
#6310 = CARTESIAN_POINT('',(-0.480827110889,-7.0025285541E-02,
    -0.699999999999));
#6311 = CARTESIAN_POINT('',(-0.484928249568,-4.956110393E-02,-0.7));
#6312 = CARTESIAN_POINT('',(-0.487297033596,-2.7780384615E-02,
    -0.699999999999));
#6313 = CARTESIAN_POINT('',(-0.487632320038,-1.2835967924E-02,
    -0.699999999999));
#6314 = CARTESIAN_POINT('',(-0.487804878048,-5.144697172E-03,
    -0.699999999999));
#6315 = ORIENTED_EDGE('',*,*,#6316,.F.);
#6316 = EDGE_CURVE('',#6127,#6293,#6317,.T.);
#6317 = LINE('',#6318,#6319);
#6318 = CARTESIAN_POINT('',(-0.290491615853,-0.205125642294,
    -0.679999999999));
#6319 = VECTOR('',#6320,1.);
#6320 = DIRECTION('',(0.,0.,-1.));
#6321 = ORIENTED_EDGE('',*,*,#6126,.T.);
#6322 = ORIENTED_EDGE('',*,*,#6242,.T.);
#6323 = B_SPLINE_SURFACE_WITH_KNOTS('',3,1,(
    (#6324,#6325)
    ,(#6326,#6327)
    ,(#6328,#6329)
    ,(#6330,#6331)
    ,(#6332,#6333)
    ,(#6334,#6335)
    ,(#6336,#6337)
    ,(#6338,#6339)
    ,(#6340,#6341)
    ,(#6342,#6343)
    ,(#6344,#6345)
    ,(#6346,#6347)
    ,(#6348,#6349)
    ,(#6350,#6351)
    ,(#6352,#6353)
    ,(#6354,#6355)
    ,(#6356,#6357)
    ,(#6358,#6359)
    ,(#6360,#6361
    )),.UNSPECIFIED.,.F.,.F.,.F.,(4,1,1,1,1,1,1,1,1,1,1,1,1,1,1,1,4),(2,
    2),(0.,7.0826572555E-02,0.138169033279,0.202475331533,0.263973754413
    ,0.323380320598,0.381797622713,0.439390074519,0.496902724545,
    0.554662169609,0.612741878492,0.671538836391,0.73165572209,
    0.794297811613,0.859482204979,0.927681325452,1.),(0.,1.),
  .UNSPECIFIED.);
#6324 = CARTESIAN_POINT('',(-0.290491615853,-0.205125642294,
    -0.679999999999));
#6325 = CARTESIAN_POINT('',(-0.290491615853,-0.205125642294,
    -0.699999999999));
#6326 = CARTESIAN_POINT('',(-0.298025400239,-0.204962787836,
    -0.679999999999));
#6327 = CARTESIAN_POINT('',(-0.298025400239,-0.204962787836,
    -0.699999999999));
#6328 = CARTESIAN_POINT('',(-0.312722365911,-0.204645090081,-0.68));
#6329 = CARTESIAN_POINT('',(-0.312722365911,-0.204645090081,-0.7));
#6330 = CARTESIAN_POINT('',(-0.334140644183,-0.202122189275,
    -0.679999999999));
#6331 = CARTESIAN_POINT('',(-0.334140644183,-0.202122189275,
    -0.699999999999));
#6332 = CARTESIAN_POINT('',(-0.354299076754,-0.198070892016,-0.68));
#6333 = CARTESIAN_POINT('',(-0.354299076754,-0.198070892016,-0.7));
#6334 = CARTESIAN_POINT('',(-0.37320033307,-0.192395644604,
    -0.679999999999));
#6335 = CARTESIAN_POINT('',(-0.37320033307,-0.192395644604,
    -0.699999999999));
#6336 = CARTESIAN_POINT('',(-0.39076252656,-0.184872834249,
    -0.679999999999));
#6337 = CARTESIAN_POINT('',(-0.39076252656,-0.184872834249,
    -0.699999999999));
#6338 = CARTESIAN_POINT('',(-0.407127333024,-0.175845035011,-0.68));
#6339 = CARTESIAN_POINT('',(-0.407127333024,-0.175845035011,-0.7));
#6340 = CARTESIAN_POINT('',(-0.422182348983,-0.165102125405,
    -0.679999999999));
#6341 = CARTESIAN_POINT('',(-0.422182348983,-0.165102125405,
    -0.699999999999));
#6342 = CARTESIAN_POINT('',(-0.43586654641,-0.152764595049,
    -0.679999999999));
#6343 = CARTESIAN_POINT('',(-0.43586654641,-0.152764595049,
    -0.699999999999));
#6344 = CARTESIAN_POINT('',(-0.448063918356,-0.138893879689,-0.68));
#6345 = CARTESIAN_POINT('',(-0.448063918356,-0.138893879689,-0.7));
#6346 = CARTESIAN_POINT('',(-0.458825101288,-0.12370695801,
    -0.679999999999));
#6347 = CARTESIAN_POINT('',(-0.458825101288,-0.12370695801,
    -0.699999999999));
#6348 = CARTESIAN_POINT('',(-0.467765856368,-0.107097310265,-0.68));
#6349 = CARTESIAN_POINT('',(-0.467765856368,-0.107097310265,-0.7));
#6350 = CARTESIAN_POINT('',(-0.475169601475,-8.9229665592E-02,
    -0.679999999999));
#6351 = CARTESIAN_POINT('',(-0.475169601475,-8.9229665592E-02,
    -0.699999999999));
#6352 = CARTESIAN_POINT('',(-0.480827110889,-7.0025285541E-02,
    -0.679999999999));
#6353 = CARTESIAN_POINT('',(-0.480827110889,-7.0025285541E-02,
    -0.699999999999));
#6354 = CARTESIAN_POINT('',(-0.484928249568,-4.956110393E-02,-0.68));
#6355 = CARTESIAN_POINT('',(-0.484928249568,-4.956110393E-02,-0.7));
#6356 = CARTESIAN_POINT('',(-0.487297033596,-2.7780384615E-02,
    -0.679999999999));
#6357 = CARTESIAN_POINT('',(-0.487297033596,-2.7780384615E-02,
    -0.699999999999));
#6358 = CARTESIAN_POINT('',(-0.487632320038,-1.2835967924E-02,
    -0.679999999999));
#6359 = CARTESIAN_POINT('',(-0.487632320038,-1.2835967924E-02,
    -0.699999999999));
#6360 = CARTESIAN_POINT('',(-0.487804878048,-5.144697172E-03,
    -0.679999999999));
#6361 = CARTESIAN_POINT('',(-0.487804878048,-5.144697172E-03,
    -0.699999999999));
#6362 = ADVANCED_FACE('',(#6363),#6381,.T.);
#6363 = FACE_BOUND('',#6364,.T.);
#6364 = EDGE_LOOP('',(#6365,#6373,#6379,#6380));
#6365 = ORIENTED_EDGE('',*,*,#6366,.F.);
#6366 = EDGE_CURVE('',#6367,#6293,#6369,.T.);
#6367 = VERTEX_POINT('',#6368);
#6368 = CARTESIAN_POINT('',(-0.219512195121,-0.205125642294,
    -0.699999999999));
#6369 = LINE('',#6370,#6371);
#6370 = CARTESIAN_POINT('',(-0.219512195121,-0.205125642294,
    -0.699999999999));
#6371 = VECTOR('',#6372,1.);
#6372 = DIRECTION('',(-1.,0.,0.));
#6373 = ORIENTED_EDGE('',*,*,#6374,.F.);
#6374 = EDGE_CURVE('',#6151,#6367,#6375,.T.);
#6375 = LINE('',#6376,#6377);
#6376 = CARTESIAN_POINT('',(-0.219512195121,-0.205125642294,
    -0.679999999999));
#6377 = VECTOR('',#6378,1.);
#6378 = DIRECTION('',(0.,0.,-1.));
#6379 = ORIENTED_EDGE('',*,*,#6150,.T.);
#6380 = ORIENTED_EDGE('',*,*,#6316,.T.);
#6381 = PLANE('',#6382);
#6382 = AXIS2_PLACEMENT_3D('',#6383,#6384,#6385);
#6383 = CARTESIAN_POINT('',(-0.219512195121,-0.205125642294,
    -0.679999999999));
#6384 = DIRECTION('',(0.,-1.,0.));
#6385 = DIRECTION('',(0.,0.,-1.));
#6386 = ADVANCED_FACE('',(#6387),#6398,.T.);
#6387 = FACE_BOUND('',#6388,.T.);
#6388 = EDGE_LOOP('',(#6389,#6395,#6396,#6397));
#6389 = ORIENTED_EDGE('',*,*,#6390,.F.);
#6390 = EDGE_CURVE('',#6190,#6367,#6391,.T.);
#6391 = LINE('',#6392,#6393);
#6392 = CARTESIAN_POINT('',(-0.219512195121,0.185118260144,
    -0.699999999999));
#6393 = VECTOR('',#6394,1.);
#6394 = DIRECTION('',(0.,-1.,0.));
#6395 = ORIENTED_EDGE('',*,*,#6204,.F.);
#6396 = ORIENTED_EDGE('',*,*,#6158,.T.);
#6397 = ORIENTED_EDGE('',*,*,#6374,.T.);
#6398 = PLANE('',#6399);
#6399 = AXIS2_PLACEMENT_3D('',#6400,#6401,#6402);
#6400 = CARTESIAN_POINT('',(-0.219512195121,0.185118260144,
    -0.679999999999));
#6401 = DIRECTION('',(1.,0.,0.));
#6402 = DIRECTION('',(0.,0.,-1.));
#6403 = ADVANCED_FACE('',(#6404),#6429,.T.);
#6404 = FACE_BOUND('',#6405,.T.);
#6405 = EDGE_LOOP('',(#6406,#6407,#6415,#6423));
#6406 = ORIENTED_EDGE('',*,*,#376,.F.);
#6407 = ORIENTED_EDGE('',*,*,#6408,.F.);
#6408 = EDGE_CURVE('',#6409,#369,#6411,.T.);
#6409 = VERTEX_POINT('',#6410);
#6410 = CARTESIAN_POINT('',(-5.487804878E-02,-0.205125642294,
    -0.679999999999));
#6411 = LINE('',#6412,#6413);
#6412 = CARTESIAN_POINT('',(-5.487804878E-02,-0.205125642294,
    -0.679999999999));
#6413 = VECTOR('',#6414,1.);
#6414 = DIRECTION('',(0.,0.,-1.));
#6415 = ORIENTED_EDGE('',*,*,#6416,.T.);
#6416 = EDGE_CURVE('',#6409,#6417,#6419,.T.);
#6417 = VERTEX_POINT('',#6418);
#6418 = CARTESIAN_POINT('',(-5.487804878E-02,-0.260003691075,
    -0.679999999999));
#6419 = LINE('',#6420,#6421);
#6420 = CARTESIAN_POINT('',(-5.487804878E-02,-0.205125642294,
    -0.679999999999));
#6421 = VECTOR('',#6422,1.);
#6422 = DIRECTION('',(0.,-1.,0.));
#6423 = ORIENTED_EDGE('',*,*,#6424,.T.);
#6424 = EDGE_CURVE('',#6417,#377,#6425,.T.);
#6425 = LINE('',#6426,#6427);
#6426 = CARTESIAN_POINT('',(-5.487804878E-02,-0.260003691075,
    -0.679999999999));
#6427 = VECTOR('',#6428,1.);
#6428 = DIRECTION('',(0.,0.,-1.));
#6429 = PLANE('',#6430);
#6430 = AXIS2_PLACEMENT_3D('',#6431,#6432,#6433);
#6431 = CARTESIAN_POINT('',(-5.487804878E-02,-0.205125642294,
    -0.679999999999));
#6432 = DIRECTION('',(1.,0.,0.));
#6433 = DIRECTION('',(0.,0.,-1.));
#6434 = ADVANCED_FACE('',(#6435),#6453,.T.);
#6435 = FACE_BOUND('',#6436,.T.);
#6436 = EDGE_LOOP('',(#6437,#6438,#6439,#6447));
#6437 = ORIENTED_EDGE('',*,*,#384,.F.);
#6438 = ORIENTED_EDGE('',*,*,#6424,.F.);
#6439 = ORIENTED_EDGE('',*,*,#6440,.T.);
#6440 = EDGE_CURVE('',#6417,#6441,#6443,.T.);
#6441 = VERTEX_POINT('',#6442);
#6442 = CARTESIAN_POINT('',(0.213414634146,-0.260003691075,
    -0.679999999999));
#6443 = LINE('',#6444,#6445);
#6444 = CARTESIAN_POINT('',(-5.487804878E-02,-0.260003691075,
    -0.679999999999));
#6445 = VECTOR('',#6446,1.);
#6446 = DIRECTION('',(1.,0.,0.));
#6447 = ORIENTED_EDGE('',*,*,#6448,.T.);
#6448 = EDGE_CURVE('',#6441,#385,#6449,.T.);
#6449 = LINE('',#6450,#6451);
#6450 = CARTESIAN_POINT('',(0.213414634146,-0.260003691075,
    -0.679999999999));
#6451 = VECTOR('',#6452,1.);
#6452 = DIRECTION('',(0.,0.,-1.));
#6453 = PLANE('',#6454);
#6454 = AXIS2_PLACEMENT_3D('',#6455,#6456,#6457);
#6455 = CARTESIAN_POINT('',(-5.487804878E-02,-0.260003691075,
    -0.679999999999));
#6456 = DIRECTION('',(0.,1.,0.));
#6457 = DIRECTION('',(0.,-0.,1.));
#6458 = ADVANCED_FACE('',(#6459),#6477,.T.);
#6459 = FACE_BOUND('',#6460,.T.);
#6460 = EDGE_LOOP('',(#6461,#6462,#6463,#6471));
#6461 = ORIENTED_EDGE('',*,*,#392,.F.);
#6462 = ORIENTED_EDGE('',*,*,#6448,.F.);
#6463 = ORIENTED_EDGE('',*,*,#6464,.T.);
#6464 = EDGE_CURVE('',#6441,#6465,#6467,.T.);
#6465 = VERTEX_POINT('',#6466);
#6466 = CARTESIAN_POINT('',(0.213414634146,0.239996308924,
    -0.679999999999));
#6467 = LINE('',#6468,#6469);
#6468 = CARTESIAN_POINT('',(0.213414634146,-0.260003691075,
    -0.679999999999));
#6469 = VECTOR('',#6470,1.);
#6470 = DIRECTION('',(0.,1.,0.));
#6471 = ORIENTED_EDGE('',*,*,#6472,.T.);
#6472 = EDGE_CURVE('',#6465,#393,#6473,.T.);
#6473 = LINE('',#6474,#6475);
#6474 = CARTESIAN_POINT('',(0.213414634146,0.239996308924,
    -0.679999999999));
#6475 = VECTOR('',#6476,1.);
#6476 = DIRECTION('',(0.,0.,-1.));
#6477 = PLANE('',#6478);
#6478 = AXIS2_PLACEMENT_3D('',#6479,#6480,#6481);
#6479 = CARTESIAN_POINT('',(0.213414634146,-0.260003691075,
    -0.679999999999));
#6480 = DIRECTION('',(-1.,0.,0.));
#6481 = DIRECTION('',(0.,0.,1.));
#6482 = ADVANCED_FACE('',(#6483),#6501,.T.);
#6483 = FACE_BOUND('',#6484,.T.);
#6484 = EDGE_LOOP('',(#6485,#6486,#6487,#6495));
#6485 = ORIENTED_EDGE('',*,*,#400,.F.);
#6486 = ORIENTED_EDGE('',*,*,#6472,.F.);
#6487 = ORIENTED_EDGE('',*,*,#6488,.T.);
#6488 = EDGE_CURVE('',#6465,#6489,#6491,.T.);
#6489 = VERTEX_POINT('',#6490);
#6490 = CARTESIAN_POINT('',(-4.2682926829E-02,0.239996308924,
    -0.679999999999));
#6491 = LINE('',#6492,#6493);
#6492 = CARTESIAN_POINT('',(0.213414634146,0.239996308924,
    -0.679999999999));
#6493 = VECTOR('',#6494,1.);
#6494 = DIRECTION('',(-1.,0.,0.));
#6495 = ORIENTED_EDGE('',*,*,#6496,.T.);
#6496 = EDGE_CURVE('',#6489,#401,#6497,.T.);
#6497 = LINE('',#6498,#6499);
#6498 = CARTESIAN_POINT('',(-4.2682926829E-02,0.239996308924,
    -0.679999999999));
#6499 = VECTOR('',#6500,1.);
#6500 = DIRECTION('',(0.,0.,-1.));
#6501 = PLANE('',#6502);
#6502 = AXIS2_PLACEMENT_3D('',#6503,#6504,#6505);
#6503 = CARTESIAN_POINT('',(0.213414634146,0.239996308924,
    -0.679999999999));
#6504 = DIRECTION('',(0.,-1.,0.));
#6505 = DIRECTION('',(0.,0.,-1.));
#6506 = ADVANCED_FACE('',(#6507),#6525,.T.);
#6507 = FACE_BOUND('',#6508,.T.);
#6508 = EDGE_LOOP('',(#6509,#6510,#6511,#6519));
#6509 = ORIENTED_EDGE('',*,*,#408,.F.);
#6510 = ORIENTED_EDGE('',*,*,#6496,.F.);
#6511 = ORIENTED_EDGE('',*,*,#6512,.T.);
#6512 = EDGE_CURVE('',#6489,#6513,#6515,.T.);
#6513 = VERTEX_POINT('',#6514);
#6514 = CARTESIAN_POINT('',(-4.2682926829E-02,0.185118260144,
    -0.679999999999));
#6515 = LINE('',#6516,#6517);
#6516 = CARTESIAN_POINT('',(-4.2682926829E-02,0.239996308924,
    -0.679999999999));
#6517 = VECTOR('',#6518,1.);
#6518 = DIRECTION('',(0.,-1.,0.));
#6519 = ORIENTED_EDGE('',*,*,#6520,.T.);
#6520 = EDGE_CURVE('',#6513,#409,#6521,.T.);
#6521 = LINE('',#6522,#6523);
#6522 = CARTESIAN_POINT('',(-4.2682926829E-02,0.185118260144,
    -0.679999999999));
#6523 = VECTOR('',#6524,1.);
#6524 = DIRECTION('',(0.,0.,-1.));
#6525 = PLANE('',#6526);
#6526 = AXIS2_PLACEMENT_3D('',#6527,#6528,#6529);
#6527 = CARTESIAN_POINT('',(-4.2682926829E-02,0.239996308924,
    -0.679999999999));
#6528 = DIRECTION('',(1.,0.,0.));
#6529 = DIRECTION('',(0.,0.,-1.));
#6530 = ADVANCED_FACE('',(#6531),#6549,.T.);
#6531 = FACE_BOUND('',#6532,.T.);
#6532 = EDGE_LOOP('',(#6533,#6534,#6535,#6543));
#6533 = ORIENTED_EDGE('',*,*,#416,.F.);
#6534 = ORIENTED_EDGE('',*,*,#6520,.F.);
#6535 = ORIENTED_EDGE('',*,*,#6536,.T.);
#6536 = EDGE_CURVE('',#6513,#6537,#6539,.T.);
#6537 = VERTEX_POINT('',#6538);
#6538 = CARTESIAN_POINT('',(0.146341463414,0.185118260144,
    -0.679999999999));
#6539 = LINE('',#6540,#6541);
#6540 = CARTESIAN_POINT('',(-4.2682926829E-02,0.185118260144,
    -0.679999999999));
#6541 = VECTOR('',#6542,1.);
#6542 = DIRECTION('',(1.,0.,0.));
#6543 = ORIENTED_EDGE('',*,*,#6544,.T.);
#6544 = EDGE_CURVE('',#6537,#417,#6545,.T.);
#6545 = LINE('',#6546,#6547);
#6546 = CARTESIAN_POINT('',(0.146341463414,0.185118260144,
    -0.679999999999));
#6547 = VECTOR('',#6548,1.);
#6548 = DIRECTION('',(0.,0.,-1.));
#6549 = PLANE('',#6550);
#6550 = AXIS2_PLACEMENT_3D('',#6551,#6552,#6553);
#6551 = CARTESIAN_POINT('',(-4.2682926829E-02,0.185118260144,
    -0.679999999999));
#6552 = DIRECTION('',(0.,1.,0.));
#6553 = DIRECTION('',(0.,-0.,1.));
#6554 = ADVANCED_FACE('',(#6555),#6573,.T.);
#6555 = FACE_BOUND('',#6556,.T.);
#6556 = EDGE_LOOP('',(#6557,#6558,#6559,#6567));
#6557 = ORIENTED_EDGE('',*,*,#424,.F.);
#6558 = ORIENTED_EDGE('',*,*,#6544,.F.);
#6559 = ORIENTED_EDGE('',*,*,#6560,.T.);
#6560 = EDGE_CURVE('',#6537,#6561,#6563,.T.);
#6561 = VERTEX_POINT('',#6562);
#6562 = CARTESIAN_POINT('',(0.146341463414,2.0484113802E-02,
    -0.679999999999));
#6563 = LINE('',#6564,#6565);
#6564 = CARTESIAN_POINT('',(0.146341463414,0.185118260144,
    -0.679999999999));
#6565 = VECTOR('',#6566,1.);
#6566 = DIRECTION('',(0.,-1.,0.));
#6567 = ORIENTED_EDGE('',*,*,#6568,.T.);
#6568 = EDGE_CURVE('',#6561,#425,#6569,.T.);
#6569 = LINE('',#6570,#6571);
#6570 = CARTESIAN_POINT('',(0.146341463414,2.0484113802E-02,
    -0.679999999999));
#6571 = VECTOR('',#6572,1.);
#6572 = DIRECTION('',(0.,0.,-1.));
#6573 = PLANE('',#6574);
#6574 = AXIS2_PLACEMENT_3D('',#6575,#6576,#6577);
#6575 = CARTESIAN_POINT('',(0.146341463414,0.185118260144,
    -0.679999999999));
#6576 = DIRECTION('',(1.,0.,0.));
#6577 = DIRECTION('',(0.,0.,-1.));
#6578 = ADVANCED_FACE('',(#6579),#6597,.T.);
#6579 = FACE_BOUND('',#6580,.T.);
#6580 = EDGE_LOOP('',(#6581,#6582,#6583,#6591));
#6581 = ORIENTED_EDGE('',*,*,#432,.F.);
#6582 = ORIENTED_EDGE('',*,*,#6568,.F.);
#6583 = ORIENTED_EDGE('',*,*,#6584,.T.);
#6584 = EDGE_CURVE('',#6561,#6585,#6587,.T.);
#6585 = VERTEX_POINT('',#6586);
#6586 = CARTESIAN_POINT('',(-3.0487804878E-02,2.0484113802E-02,
    -0.679999999999));
#6587 = LINE('',#6588,#6589);
#6588 = CARTESIAN_POINT('',(0.146341463414,2.0484113802E-02,
    -0.679999999999));
#6589 = VECTOR('',#6590,1.);
#6590 = DIRECTION('',(-1.,0.,0.));
#6591 = ORIENTED_EDGE('',*,*,#6592,.T.);
#6592 = EDGE_CURVE('',#6585,#433,#6593,.T.);
#6593 = LINE('',#6594,#6595);
#6594 = CARTESIAN_POINT('',(-3.0487804878E-02,2.0484113802E-02,
    -0.679999999999));
#6595 = VECTOR('',#6596,1.);
#6596 = DIRECTION('',(0.,0.,-1.));
#6597 = PLANE('',#6598);
#6598 = AXIS2_PLACEMENT_3D('',#6599,#6600,#6601);
#6599 = CARTESIAN_POINT('',(0.146341463414,2.0484113802E-02,
    -0.679999999999));
#6600 = DIRECTION('',(0.,-1.,0.));
#6601 = DIRECTION('',(0.,0.,-1.));
#6602 = ADVANCED_FACE('',(#6603),#6621,.T.);
#6603 = FACE_BOUND('',#6604,.T.);
#6604 = EDGE_LOOP('',(#6605,#6606,#6607,#6615));
#6605 = ORIENTED_EDGE('',*,*,#440,.F.);
#6606 = ORIENTED_EDGE('',*,*,#6592,.F.);
#6607 = ORIENTED_EDGE('',*,*,#6608,.T.);
#6608 = EDGE_CURVE('',#6585,#6609,#6611,.T.);
#6609 = VERTEX_POINT('',#6610);
#6610 = CARTESIAN_POINT('',(-3.0487804878E-02,-3.4393934977E-02,
    -0.679999999999));
#6611 = LINE('',#6612,#6613);
#6612 = CARTESIAN_POINT('',(-3.0487804878E-02,2.0484113802E-02,
    -0.679999999999));
#6613 = VECTOR('',#6614,1.);
#6614 = DIRECTION('',(0.,-1.,0.));
#6615 = ORIENTED_EDGE('',*,*,#6616,.T.);
#6616 = EDGE_CURVE('',#6609,#441,#6617,.T.);
#6617 = LINE('',#6618,#6619);
#6618 = CARTESIAN_POINT('',(-3.0487804878E-02,-3.4393934977E-02,
    -0.679999999999));
#6619 = VECTOR('',#6620,1.);
#6620 = DIRECTION('',(0.,0.,-1.));
#6621 = PLANE('',#6622);
#6622 = AXIS2_PLACEMENT_3D('',#6623,#6624,#6625);
#6623 = CARTESIAN_POINT('',(-3.0487804878E-02,2.0484113802E-02,
    -0.679999999999));
#6624 = DIRECTION('',(1.,0.,0.));
#6625 = DIRECTION('',(0.,0.,-1.));
#6626 = ADVANCED_FACE('',(#6627),#6645,.T.);
#6627 = FACE_BOUND('',#6628,.T.);
#6628 = EDGE_LOOP('',(#6629,#6630,#6631,#6639));
#6629 = ORIENTED_EDGE('',*,*,#448,.F.);
#6630 = ORIENTED_EDGE('',*,*,#6616,.F.);
#6631 = ORIENTED_EDGE('',*,*,#6632,.T.);
#6632 = EDGE_CURVE('',#6609,#6633,#6635,.T.);
#6633 = VERTEX_POINT('',#6634);
#6634 = CARTESIAN_POINT('',(0.146341463414,-3.4393934977E-02,
    -0.679999999999));
#6635 = LINE('',#6636,#6637);
#6636 = CARTESIAN_POINT('',(-3.0487804878E-02,-3.4393934977E-02,
    -0.679999999999));
#6637 = VECTOR('',#6638,1.);
#6638 = DIRECTION('',(1.,0.,0.));
#6639 = ORIENTED_EDGE('',*,*,#6640,.T.);
#6640 = EDGE_CURVE('',#6633,#449,#6641,.T.);
#6641 = LINE('',#6642,#6643);
#6642 = CARTESIAN_POINT('',(0.146341463414,-3.4393934977E-02,
    -0.679999999999));
#6643 = VECTOR('',#6644,1.);
#6644 = DIRECTION('',(0.,0.,-1.));
#6645 = PLANE('',#6646);
#6646 = AXIS2_PLACEMENT_3D('',#6647,#6648,#6649);
#6647 = CARTESIAN_POINT('',(-3.0487804878E-02,-3.4393934977E-02,
    -0.679999999999));
#6648 = DIRECTION('',(0.,1.,0.));
#6649 = DIRECTION('',(0.,-0.,1.));
#6650 = ADVANCED_FACE('',(#6651),#6669,.T.);
#6651 = FACE_BOUND('',#6652,.T.);
#6652 = EDGE_LOOP('',(#6653,#6654,#6655,#6663));
#6653 = ORIENTED_EDGE('',*,*,#456,.F.);
#6654 = ORIENTED_EDGE('',*,*,#6640,.F.);
#6655 = ORIENTED_EDGE('',*,*,#6656,.T.);
#6656 = EDGE_CURVE('',#6633,#6657,#6659,.T.);
#6657 = VERTEX_POINT('',#6658);
#6658 = CARTESIAN_POINT('',(0.146341463414,-0.205125642294,
    -0.679999999999));
#6659 = LINE('',#6660,#6661);
#6660 = CARTESIAN_POINT('',(0.146341463414,-3.4393934977E-02,
    -0.679999999999));
#6661 = VECTOR('',#6662,1.);
#6662 = DIRECTION('',(0.,-1.,0.));
#6663 = ORIENTED_EDGE('',*,*,#6664,.T.);
#6664 = EDGE_CURVE('',#6657,#367,#6665,.T.);
#6665 = LINE('',#6666,#6667);
#6666 = CARTESIAN_POINT('',(0.146341463414,-0.205125642294,
    -0.679999999999));
#6667 = VECTOR('',#6668,1.);
#6668 = DIRECTION('',(0.,0.,-1.));
#6669 = PLANE('',#6670);
#6670 = AXIS2_PLACEMENT_3D('',#6671,#6672,#6673);
#6671 = CARTESIAN_POINT('',(0.146341463414,-3.4393934977E-02,
    -0.679999999999));
#6672 = DIRECTION('',(1.,0.,0.));
#6673 = DIRECTION('',(0.,0.,-1.));
#6674 = ADVANCED_FACE('',(#6675),#6686,.T.);
#6675 = FACE_BOUND('',#6676,.T.);
#6676 = EDGE_LOOP('',(#6677,#6678,#6679,#6685));
#6677 = ORIENTED_EDGE('',*,*,#366,.F.);
#6678 = ORIENTED_EDGE('',*,*,#6664,.F.);
#6679 = ORIENTED_EDGE('',*,*,#6680,.T.);
#6680 = EDGE_CURVE('',#6657,#6409,#6681,.T.);
#6681 = LINE('',#6682,#6683);
#6682 = CARTESIAN_POINT('',(0.146341463414,-0.205125642294,
    -0.679999999999));
#6683 = VECTOR('',#6684,1.);
#6684 = DIRECTION('',(-1.,0.,0.));
#6685 = ORIENTED_EDGE('',*,*,#6408,.T.);
#6686 = PLANE('',#6687);
#6687 = AXIS2_PLACEMENT_3D('',#6688,#6689,#6690);
#6688 = CARTESIAN_POINT('',(0.146341463414,-0.205125642294,
    -0.679999999999));
#6689 = DIRECTION('',(0.,-1.,0.));
#6690 = DIRECTION('',(0.,0.,-1.));
#6691 = ADVANCED_FACE('',(#6692),#6706,.F.);
#6692 = FACE_BOUND('',#6693,.T.);
#6693 = EDGE_LOOP('',(#6694,#6695,#6696,#6697,#6698,#6699,#6700,#6701,
    #6702,#6703,#6704,#6705));
#6694 = ORIENTED_EDGE('',*,*,#6416,.F.);
#6695 = ORIENTED_EDGE('',*,*,#6680,.F.);
#6696 = ORIENTED_EDGE('',*,*,#6656,.F.);
#6697 = ORIENTED_EDGE('',*,*,#6632,.F.);
#6698 = ORIENTED_EDGE('',*,*,#6608,.F.);
#6699 = ORIENTED_EDGE('',*,*,#6584,.F.);
#6700 = ORIENTED_EDGE('',*,*,#6560,.F.);
#6701 = ORIENTED_EDGE('',*,*,#6536,.F.);
#6702 = ORIENTED_EDGE('',*,*,#6512,.F.);
#6703 = ORIENTED_EDGE('',*,*,#6488,.F.);
#6704 = ORIENTED_EDGE('',*,*,#6464,.F.);
#6705 = ORIENTED_EDGE('',*,*,#6440,.F.);
#6706 = PLANE('',#6707);
#6707 = AXIS2_PLACEMENT_3D('',#6708,#6709,#6710);
#6708 = CARTESIAN_POINT('',(0.,0.,-0.679999999999));
#6709 = DIRECTION('',(0.,0.,1.));
#6710 = DIRECTION('',(1.,0.,-0.));
#6711 = ADVANCED_FACE('',(#6712),#6737,.T.);
#6712 = FACE_BOUND('',#6713,.T.);
#6713 = EDGE_LOOP('',(#6714,#6715,#6723,#6731));
#6714 = ORIENTED_EDGE('',*,*,#482,.F.);
#6715 = ORIENTED_EDGE('',*,*,#6716,.F.);
#6716 = EDGE_CURVE('',#6717,#467,#6719,.T.);
#6717 = VERTEX_POINT('',#6718);
#6718 = CARTESIAN_POINT('',(0.310975609756,-0.179211008148,-0.68));
#6719 = LINE('',#6720,#6721);
#6720 = CARTESIAN_POINT('',(0.310975609756,-0.179211008148,-0.68));
#6721 = VECTOR('',#6722,1.);
#6722 = DIRECTION('',(0.,0.,-1.));
#6723 = ORIENTED_EDGE('',*,*,#6724,.T.);
#6724 = EDGE_CURVE('',#6717,#6725,#6727,.T.);
#6725 = VERTEX_POINT('',#6726);
#6726 = CARTESIAN_POINT('',(0.310975609756,-0.234089056929,
    -0.679999999999));
#6727 = LINE('',#6728,#6729);
#6728 = CARTESIAN_POINT('',(0.310975609756,-0.179211008148,
    -0.679999999999));
#6729 = VECTOR('',#6730,1.);
#6730 = DIRECTION('',(0.,-1.,0.));
#6731 = ORIENTED_EDGE('',*,*,#6732,.T.);
#6732 = EDGE_CURVE('',#6725,#483,#6733,.T.);
#6733 = LINE('',#6734,#6735);
#6734 = CARTESIAN_POINT('',(0.310975609756,-0.234089056929,
    -0.679999999999));
#6735 = VECTOR('',#6736,1.);
#6736 = DIRECTION('',(0.,0.,-1.));
#6737 = PLANE('',#6738);
#6738 = AXIS2_PLACEMENT_3D('',#6739,#6740,#6741);
#6739 = CARTESIAN_POINT('',(0.310975609756,-0.179211008148,
    -0.679999999999));
#6740 = DIRECTION('',(1.,0.,0.));
#6741 = DIRECTION('',(0.,0.,-1.));
#6742 = ADVANCED_FACE('',(#6743),#6769,.T.);
#6743 = FACE_BOUND('',#6744,.T.);
#6744 = EDGE_LOOP('',(#6745,#6746,#6747,#6763));
#6745 = ORIENTED_EDGE('',*,*,#490,.F.);
#6746 = ORIENTED_EDGE('',*,*,#6732,.F.);
#6747 = ORIENTED_EDGE('',*,*,#6748,.T.);
#6748 = EDGE_CURVE('',#6725,#6749,#6751,.T.);
#6749 = VERTEX_POINT('',#6750);
#6750 = CARTESIAN_POINT('',(0.448551829268,-0.26610125205,
    -0.679999999999));
#6751 = B_SPLINE_CURVE_WITH_KNOTS('',3,(#6752,#6753,#6754,#6755,#6756,
    #6757,#6758,#6759,#6760,#6761,#6762),.UNSPECIFIED.,.F.,.F.,(4,1,1,1,
    1,1,1,1,4),(0.,0.112448389908,0.226527675212,0.344401949326,
    0.465864972487,0.591659449352,0.722168487024,0.858606387554,1.),
  .UNSPECIFIED.);
#6752 = CARTESIAN_POINT('',(0.310975609756,-0.234089056929,
    -0.679999999999));
#6753 = CARTESIAN_POINT('',(0.315667305143,-0.236678681763,
    -0.679999999999));
#6754 = CARTESIAN_POINT('',(0.325118741929,-0.241895490061,
    -0.679999999999));
#6755 = CARTESIAN_POINT('',(0.340233574172,-0.248332535117,-0.68));
#6756 = CARTESIAN_POINT('',(0.356138040633,-0.253884789422,
    -0.679999999999));
#6757 = CARTESIAN_POINT('',(0.372971346873,-0.258312214203,
    -0.679999999999));
#6758 = CARTESIAN_POINT('',(0.390621590029,-0.261870422078,
    -0.679999999999));
#6759 = CARTESIAN_POINT('',(0.409182294647,-0.264280523771,-0.68));
#6760 = CARTESIAN_POINT('',(0.428579929112,-0.265867015277,-0.68));
#6761 = CARTESIAN_POINT('',(0.441815832451,-0.266022250145,-0.68));
#6762 = CARTESIAN_POINT('',(0.448551829268,-0.26610125205,
    -0.679999999999));
#6763 = ORIENTED_EDGE('',*,*,#6764,.T.);
#6764 = EDGE_CURVE('',#6749,#491,#6765,.T.);
#6765 = LINE('',#6766,#6767);
#6766 = CARTESIAN_POINT('',(0.448551829268,-0.26610125205,
    -0.679999999999));
#6767 = VECTOR('',#6768,1.);
#6768 = DIRECTION('',(0.,0.,-1.));
#6769 = B_SPLINE_SURFACE_WITH_KNOTS('',3,1,(
    (#6770,#6771)
    ,(#6772,#6773)
    ,(#6774,#6775)
    ,(#6776,#6777)
    ,(#6778,#6779)
    ,(#6780,#6781)
    ,(#6782,#6783)
    ,(#6784,#6785)
    ,(#6786,#6787)
    ,(#6788,#6789)
    ,(#6790,#6791
  )),.UNSPECIFIED.,.F.,.F.,.F.,(4,1,1,1,1,1,1,1,4),(2,2),(0.,
    0.112448389908,0.226527675212,0.344401949326,0.465864972487,
    0.591659449352,0.722168487024,0.858606387554,1.),(0.,1.),
  .UNSPECIFIED.);
#6770 = CARTESIAN_POINT('',(0.310975609756,-0.234089056929,
    -0.679999999999));
#6771 = CARTESIAN_POINT('',(0.310975609756,-0.234089056929,
    -0.699999999999));
#6772 = CARTESIAN_POINT('',(0.315667305143,-0.236678681763,
    -0.679999999999));
#6773 = CARTESIAN_POINT('',(0.315667305143,-0.236678681763,
    -0.699999999999));
#6774 = CARTESIAN_POINT('',(0.325118741929,-0.241895490061,
    -0.679999999999));
#6775 = CARTESIAN_POINT('',(0.325118741929,-0.241895490061,
    -0.699999999999));
#6776 = CARTESIAN_POINT('',(0.340233574172,-0.248332535117,-0.68));
#6777 = CARTESIAN_POINT('',(0.340233574172,-0.248332535117,-0.7));
#6778 = CARTESIAN_POINT('',(0.356138040633,-0.253884789422,
    -0.679999999999));
#6779 = CARTESIAN_POINT('',(0.356138040633,-0.253884789422,
    -0.699999999999));
#6780 = CARTESIAN_POINT('',(0.372971346873,-0.258312214203,
    -0.679999999999));
#6781 = CARTESIAN_POINT('',(0.372971346873,-0.258312214203,
    -0.699999999999));
#6782 = CARTESIAN_POINT('',(0.390621590029,-0.261870422078,
    -0.679999999999));
#6783 = CARTESIAN_POINT('',(0.390621590029,-0.261870422078,
    -0.699999999999));
#6784 = CARTESIAN_POINT('',(0.409182294647,-0.264280523771,-0.68));
#6785 = CARTESIAN_POINT('',(0.409182294647,-0.264280523771,-0.7));
#6786 = CARTESIAN_POINT('',(0.428579929112,-0.265867015277,-0.68));
#6787 = CARTESIAN_POINT('',(0.428579929112,-0.265867015277,-0.7));
#6788 = CARTESIAN_POINT('',(0.441815832451,-0.266022250145,-0.68));
#6789 = CARTESIAN_POINT('',(0.441815832451,-0.266022250145,-0.7));
#6790 = CARTESIAN_POINT('',(0.448551829268,-0.26610125205,
    -0.679999999999));
#6791 = CARTESIAN_POINT('',(0.448551829268,-0.26610125205,
    -0.699999999999));
#6792 = ADVANCED_FACE('',(#6793),#6827,.T.);
#6793 = FACE_BOUND('',#6794,.T.);
#6794 = EDGE_LOOP('',(#6795,#6796,#6797,#6821));
#6795 = ORIENTED_EDGE('',*,*,#506,.F.);
#6796 = ORIENTED_EDGE('',*,*,#6764,.F.);
#6797 = ORIENTED_EDGE('',*,*,#6798,.T.);
#6798 = EDGE_CURVE('',#6749,#6799,#6801,.T.);
#6799 = VERTEX_POINT('',#6800);
#6800 = CARTESIAN_POINT('',(0.682926829268,-1.9435855709E-02,
    -0.679999999999));
#6801 = B_SPLINE_CURVE_WITH_KNOTS('',3,(#6802,#6803,#6804,#6805,#6806,
    #6807,#6808,#6809,#6810,#6811,#6812,#6813,#6814,#6815,#6816,#6817,
    #6818,#6819,#6820),.UNSPECIFIED.,.F.,.F.,(4,1,1,1,1,1,1,1,1,1,1,1,1,
    1,1,1,4),(0.,6.7833248455E-02,0.132655536507,0.19505088405,
    0.255582933068,0.314799834147,0.373600472826,0.432545595326,
    0.492430629283,0.552671255962,0.612513044188,0.672610250357,
    0.733838369313,0.796594238567,0.86144979929,0.92919894235,1.),
  .UNSPECIFIED.);
#6802 = CARTESIAN_POINT('',(0.448551829268,-0.26610125205,
    -0.679999999999));
#6803 = CARTESIAN_POINT('',(0.457231360044,-0.265907673508,
    -0.679999999999));
#6804 = CARTESIAN_POINT('',(0.474205157376,-0.265529108925,
    -0.679999999999));
#6805 = CARTESIAN_POINT('',(0.499001388309,-0.262344832796,-0.68));
#6806 = CARTESIAN_POINT('',(0.522459526699,-0.257028575347,
    -0.679999999999));
#6807 = CARTESIAN_POINT('',(0.544571424817,-0.249559038191,-0.68));
#6808 = CARTESIAN_POINT('',(0.565414440447,-0.240120499342,
    -0.679999999999));
#6809 = CARTESIAN_POINT('',(0.584880604688,-0.228453534144,-0.68));
#6810 = CARTESIAN_POINT('',(0.602841099023,-0.214466261454,-0.68));
#6811 = CARTESIAN_POINT('',(0.619533588019,-0.198722515938,
    -0.679999999999));
#6812 = CARTESIAN_POINT('',(0.634427763837,-0.181107462407,
    -0.679999999999));
#6813 = CARTESIAN_POINT('',(0.647464803998,-0.162054119999,
    -0.679999999999));
#6814 = CARTESIAN_POINT('',(0.658494078287,-0.141621751185,
    -0.679999999999));
#6815 = CARTESIAN_POINT('',(0.667443589037,-0.119799138841,
    -0.679999999999));
#6816 = CARTESIAN_POINT('',(0.674417905746,-9.6630581045E-02,
    -0.679999999999));
#6817 = CARTESIAN_POINT('',(0.679295174159,-7.2095222829E-02,
    -0.679999999999));
#6818 = CARTESIAN_POINT('',(0.682464742809,-4.6227486886E-02,
    -0.679999999999));
#6819 = CARTESIAN_POINT('',(0.682770555022,-2.8496588557E-02,
    -0.679999999999));
#6820 = CARTESIAN_POINT('',(0.682926829268,-1.9435855709E-02,
    -0.679999999999));
#6821 = ORIENTED_EDGE('',*,*,#6822,.T.);
#6822 = EDGE_CURVE('',#6799,#507,#6823,.T.);
#6823 = LINE('',#6824,#6825);
#6824 = CARTESIAN_POINT('',(0.682926829268,-1.9435855709E-02,
    -0.679999999999));
#6825 = VECTOR('',#6826,1.);
#6826 = DIRECTION('',(0.,0.,-1.));
#6827 = B_SPLINE_SURFACE_WITH_KNOTS('',3,1,(
    (#6828,#6829)
    ,(#6830,#6831)
    ,(#6832,#6833)
    ,(#6834,#6835)
    ,(#6836,#6837)
    ,(#6838,#6839)
    ,(#6840,#6841)
    ,(#6842,#6843)
    ,(#6844,#6845)
    ,(#6846,#6847)
    ,(#6848,#6849)
    ,(#6850,#6851)
    ,(#6852,#6853)
    ,(#6854,#6855)
    ,(#6856,#6857)
    ,(#6858,#6859)
    ,(#6860,#6861)
    ,(#6862,#6863)
    ,(#6864,#6865
    )),.UNSPECIFIED.,.F.,.F.,.F.,(4,1,1,1,1,1,1,1,1,1,1,1,1,1,1,1,4),(2,
    2),(0.,6.7833248455E-02,0.132655536507,0.19505088405,0.255582933068,
    0.314799834147,0.373600472826,0.432545595326,0.492430629283,
    0.552671255962,0.612513044188,0.672610250357,0.733838369313,
    0.796594238567,0.86144979929,0.92919894235,1.),(0.,1.),
  .UNSPECIFIED.);
#6828 = CARTESIAN_POINT('',(0.448551829268,-0.26610125205,
    -0.679999999999));
#6829 = CARTESIAN_POINT('',(0.448551829268,-0.26610125205,
    -0.699999999999));
#6830 = CARTESIAN_POINT('',(0.457231360044,-0.265907673508,
    -0.679999999999));
#6831 = CARTESIAN_POINT('',(0.457231360044,-0.265907673508,
    -0.699999999999));
#6832 = CARTESIAN_POINT('',(0.474205157376,-0.265529108925,
    -0.679999999999));
#6833 = CARTESIAN_POINT('',(0.474205157376,-0.265529108925,
    -0.699999999999));
#6834 = CARTESIAN_POINT('',(0.499001388309,-0.262344832796,-0.68));
#6835 = CARTESIAN_POINT('',(0.499001388309,-0.262344832796,-0.7));
#6836 = CARTESIAN_POINT('',(0.522459526699,-0.257028575347,
    -0.679999999999));
#6837 = CARTESIAN_POINT('',(0.522459526699,-0.257028575347,
    -0.699999999999));
#6838 = CARTESIAN_POINT('',(0.544571424817,-0.249559038191,-0.68));
#6839 = CARTESIAN_POINT('',(0.544571424817,-0.249559038191,-0.7));
#6840 = CARTESIAN_POINT('',(0.565414440447,-0.240120499342,
    -0.679999999999));
#6841 = CARTESIAN_POINT('',(0.565414440447,-0.240120499342,
    -0.699999999999));
#6842 = CARTESIAN_POINT('',(0.584880604688,-0.228453534144,-0.68));
#6843 = CARTESIAN_POINT('',(0.584880604688,-0.228453534144,-0.7));
#6844 = CARTESIAN_POINT('',(0.602841099023,-0.214466261454,-0.68));
#6845 = CARTESIAN_POINT('',(0.602841099023,-0.214466261454,-0.7));
#6846 = CARTESIAN_POINT('',(0.619533588019,-0.198722515938,
    -0.679999999999));
#6847 = CARTESIAN_POINT('',(0.619533588019,-0.198722515938,
    -0.699999999999));
#6848 = CARTESIAN_POINT('',(0.634427763837,-0.181107462407,
    -0.679999999999));
#6849 = CARTESIAN_POINT('',(0.634427763837,-0.181107462407,
    -0.699999999999));
#6850 = CARTESIAN_POINT('',(0.647464803998,-0.162054119999,
    -0.679999999999));
#6851 = CARTESIAN_POINT('',(0.647464803998,-0.162054119999,
    -0.699999999999));
#6852 = CARTESIAN_POINT('',(0.658494078287,-0.141621751185,
    -0.679999999999));
#6853 = CARTESIAN_POINT('',(0.658494078287,-0.141621751185,
    -0.699999999999));
#6854 = CARTESIAN_POINT('',(0.667443589037,-0.119799138841,
    -0.679999999999));
#6855 = CARTESIAN_POINT('',(0.667443589037,-0.119799138841,
    -0.699999999999));
#6856 = CARTESIAN_POINT('',(0.674417905746,-9.6630581045E-02,
    -0.679999999999));
#6857 = CARTESIAN_POINT('',(0.674417905746,-9.6630581045E-02,
    -0.699999999999));
#6858 = CARTESIAN_POINT('',(0.679295174159,-7.2095222829E-02,
    -0.679999999999));
#6859 = CARTESIAN_POINT('',(0.679295174159,-7.2095222829E-02,
    -0.699999999999));
#6860 = CARTESIAN_POINT('',(0.682464742809,-4.6227486886E-02,
    -0.679999999999));
#6861 = CARTESIAN_POINT('',(0.682464742809,-4.6227486886E-02,
    -0.699999999999));
#6862 = CARTESIAN_POINT('',(0.682770555022,-2.8496588557E-02,
    -0.679999999999));
#6863 = CARTESIAN_POINT('',(0.682770555022,-2.8496588557E-02,
    -0.699999999999));
#6864 = CARTESIAN_POINT('',(0.682926829268,-1.9435855709E-02,
    -0.679999999999));
#6865 = CARTESIAN_POINT('',(0.682926829268,-1.9435855709E-02,
    -0.699999999999));
#6866 = ADVANCED_FACE('',(#6867),#6901,.T.);
#6867 = FACE_BOUND('',#6868,.T.);
#6868 = EDGE_LOOP('',(#6869,#6870,#6871,#6895));
#6869 = ORIENTED_EDGE('',*,*,#530,.F.);
#6870 = ORIENTED_EDGE('',*,*,#6822,.F.);
#6871 = ORIENTED_EDGE('',*,*,#6872,.T.);
#6872 = EDGE_CURVE('',#6799,#6873,#6875,.T.);
#6873 = VERTEX_POINT('',#6874);
#6874 = CARTESIAN_POINT('',(0.428639481707,0.2460938699,-0.679999999999)
  );
#6875 = B_SPLINE_CURVE_WITH_KNOTS('',3,(#6876,#6877,#6878,#6879,#6880,
    #6881,#6882,#6883,#6884,#6885,#6886,#6887,#6888,#6889,#6890,#6891,
    #6892,#6893,#6894),.UNSPECIFIED.,.F.,.F.,(4,1,1,1,1,1,1,1,1,1,1,1,1,
    1,1,1,4),(0.,7.0643718575E-02,0.138256715508,0.203364124217,
    0.266324093803,0.327904761542,0.388737715173,0.449423528109,
    0.510861011459,0.572079396047,0.631734428731,0.691117210578,
    0.75036002949,0.810032900531,0.871362450828,0.934427141231,
    0.999999999999),.UNSPECIFIED.);
#6876 = CARTESIAN_POINT('',(0.682926829268,-1.9435855709E-02,
    -0.679999999999));
#6877 = CARTESIAN_POINT('',(0.68270906754,-9.708100154E-03,
    -0.679999999999));
#6878 = CARTESIAN_POINT('',(0.68228288639,9.330075629E-03,-0.68));
#6879 = CARTESIAN_POINT('',(0.678895328547,3.7168554818E-02,
    -0.679999999999));
#6880 = CARTESIAN_POINT('',(0.673336899346,6.3565552545E-02,
    -0.679999999999));
#6881 = CARTESIAN_POINT('',(0.665382057176,8.8480998885E-02,-0.68));
#6882 = CARTESIAN_POINT('',(0.655252212067,0.111948568677,
    -0.679999999999));
#6883 = CARTESIAN_POINT('',(0.64293875466,0.133999487624,-0.679999999999
    ));
#6884 = CARTESIAN_POINT('',(0.628241604073,0.154520142518,-0.68));
#6885 = CARTESIAN_POINT('',(0.611394816827,0.173371055528,-0.68));
#6886 = CARTESIAN_POINT('',(0.592955839466,0.190457808778,
    -0.679999999999));
#6887 = CARTESIAN_POINT('',(0.573060260878,0.205368020182,-0.68));
#6888 = CARTESIAN_POINT('',(0.551948070924,0.217968394627,
    -0.679999999999));
#6889 = CARTESIAN_POINT('',(0.529649152874,0.228342022832,
    -0.679999999999));
#6890 = CARTESIAN_POINT('',(0.506081532207,0.236260654264,
    -0.679999999999));
#6891 = CARTESIAN_POINT('',(0.481355475316,0.241947605008,
    -0.679999999999));
#6892 = CARTESIAN_POINT('',(0.455385826254,0.245471569204,
    -0.679999999999));
#6893 = CARTESIAN_POINT('',(0.437670070192,0.245883757393,
    -0.679999999999));
#6894 = CARTESIAN_POINT('',(0.428639481707,0.2460938699,-0.679999999999)
  );
#6895 = ORIENTED_EDGE('',*,*,#6896,.T.);
#6896 = EDGE_CURVE('',#6873,#531,#6897,.T.);
#6897 = LINE('',#6898,#6899);
#6898 = CARTESIAN_POINT('',(0.428639481707,0.2460938699,-0.679999999999)
  );
#6899 = VECTOR('',#6900,1.);
#6900 = DIRECTION('',(0.,0.,-1.));
#6901 = B_SPLINE_SURFACE_WITH_KNOTS('',3,1,(
    (#6902,#6903)
    ,(#6904,#6905)
    ,(#6906,#6907)
    ,(#6908,#6909)
    ,(#6910,#6911)
    ,(#6912,#6913)
    ,(#6914,#6915)
    ,(#6916,#6917)
    ,(#6918,#6919)
    ,(#6920,#6921)
    ,(#6922,#6923)
    ,(#6924,#6925)
    ,(#6926,#6927)
    ,(#6928,#6929)
    ,(#6930,#6931)
    ,(#6932,#6933)
    ,(#6934,#6935)
    ,(#6936,#6937)
    ,(#6938,#6939
    )),.UNSPECIFIED.,.F.,.F.,.F.,(4,1,1,1,1,1,1,1,1,1,1,1,1,1,1,1,4),(2,
    2),(0.,7.0643718575E-02,0.138256715508,0.203364124217,0.266324093803
    ,0.327904761542,0.388737715173,0.449423528109,0.510861011459,
    0.572079396047,0.631734428731,0.691117210578,0.75036002949,
    0.810032900531,0.871362450828,0.934427141231,0.999999999999),(0.,1.)
  ,.UNSPECIFIED.);
#6902 = CARTESIAN_POINT('',(0.682926829268,-1.9435855709E-02,
    -0.679999999999));
#6903 = CARTESIAN_POINT('',(0.682926829268,-1.9435855709E-02,
    -0.699999999999));
#6904 = CARTESIAN_POINT('',(0.68270906754,-9.708100154E-03,
    -0.679999999999));
#6905 = CARTESIAN_POINT('',(0.68270906754,-9.708100154E-03,
    -0.699999999999));
#6906 = CARTESIAN_POINT('',(0.68228288639,9.330075629E-03,-0.68));
#6907 = CARTESIAN_POINT('',(0.68228288639,9.330075629E-03,-0.7));
#6908 = CARTESIAN_POINT('',(0.678895328547,3.7168554818E-02,
    -0.679999999999));
#6909 = CARTESIAN_POINT('',(0.678895328547,3.7168554818E-02,
    -0.699999999999));
#6910 = CARTESIAN_POINT('',(0.673336899346,6.3565552545E-02,
    -0.679999999999));
#6911 = CARTESIAN_POINT('',(0.673336899346,6.3565552545E-02,
    -0.699999999999));
#6912 = CARTESIAN_POINT('',(0.665382057176,8.8480998885E-02,-0.68));
#6913 = CARTESIAN_POINT('',(0.665382057176,8.8480998885E-02,-0.7));
#6914 = CARTESIAN_POINT('',(0.655252212067,0.111948568677,
    -0.679999999999));
#6915 = CARTESIAN_POINT('',(0.655252212067,0.111948568677,
    -0.699999999999));
#6916 = CARTESIAN_POINT('',(0.64293875466,0.133999487624,-0.679999999999
    ));
#6917 = CARTESIAN_POINT('',(0.64293875466,0.133999487624,-0.699999999999
    ));
#6918 = CARTESIAN_POINT('',(0.628241604073,0.154520142518,-0.68));
#6919 = CARTESIAN_POINT('',(0.628241604073,0.154520142518,-0.7));
#6920 = CARTESIAN_POINT('',(0.611394816827,0.173371055528,-0.68));
#6921 = CARTESIAN_POINT('',(0.611394816827,0.173371055528,-0.7));
#6922 = CARTESIAN_POINT('',(0.592955839466,0.190457808778,
    -0.679999999999));
#6923 = CARTESIAN_POINT('',(0.592955839466,0.190457808778,
    -0.699999999999));
#6924 = CARTESIAN_POINT('',(0.573060260878,0.205368020182,-0.68));
#6925 = CARTESIAN_POINT('',(0.573060260878,0.205368020182,-0.7));
#6926 = CARTESIAN_POINT('',(0.551948070924,0.217968394627,
    -0.679999999999));
#6927 = CARTESIAN_POINT('',(0.551948070924,0.217968394627,
    -0.699999999999));
#6928 = CARTESIAN_POINT('',(0.529649152874,0.228342022832,
    -0.679999999999));
#6929 = CARTESIAN_POINT('',(0.529649152874,0.228342022832,
    -0.699999999999));
#6930 = CARTESIAN_POINT('',(0.506081532207,0.236260654264,
    -0.679999999999));
#6931 = CARTESIAN_POINT('',(0.506081532207,0.236260654264,
    -0.699999999999));
#6932 = CARTESIAN_POINT('',(0.481355475316,0.241947605008,
    -0.679999999999));
#6933 = CARTESIAN_POINT('',(0.481355475316,0.241947605008,
    -0.699999999999));
#6934 = CARTESIAN_POINT('',(0.455385826254,0.245471569204,
    -0.679999999999));
#6935 = CARTESIAN_POINT('',(0.455385826254,0.245471569204,
    -0.699999999999));
#6936 = CARTESIAN_POINT('',(0.437670070192,0.245883757393,
    -0.679999999999));
#6937 = CARTESIAN_POINT('',(0.437670070192,0.245883757393,
    -0.699999999999));
#6938 = CARTESIAN_POINT('',(0.428639481707,0.2460938699,-0.679999999999)
  );
#6939 = CARTESIAN_POINT('',(0.428639481707,0.2460938699,-0.699999999999)
  );
#6940 = ADVANCED_FACE('',(#6941),#6967,.T.);
#6941 = FACE_BOUND('',#6942,.T.);
#6942 = EDGE_LOOP('',(#6943,#6944,#6945,#6961));
#6943 = ORIENTED_EDGE('',*,*,#554,.F.);
#6944 = ORIENTED_EDGE('',*,*,#6896,.F.);
#6945 = ORIENTED_EDGE('',*,*,#6946,.T.);
#6946 = EDGE_CURVE('',#6873,#6947,#6949,.T.);
#6947 = VERTEX_POINT('',#6948);
#6948 = CARTESIAN_POINT('',(0.310975609756,0.226276796729,-0.68));
#6949 = B_SPLINE_CURVE_WITH_KNOTS('',3,(#6950,#6951,#6952,#6953,#6954,
    #6955,#6956,#6957,#6958,#6959,#6960),.UNSPECIFIED.,.F.,.F.,(4,1,1,1,
    1,1,1,1,4),(0.,0.145186866472,0.283442610919,0.416524365928,
    0.543181123535,0.665153082637,0.781360206312,0.892756655641,
    0.999999999999),.UNSPECIFIED.);
#6950 = CARTESIAN_POINT('',(0.428639481707,0.2460938699,-0.679999999999)
  );
#6951 = CARTESIAN_POINT('',(0.422826051395,0.246052197682,
    -0.679999999999));
#6952 = CARTESIAN_POINT('',(0.411476719971,0.24597084265,-0.68));
#6953 = CARTESIAN_POINT('',(0.394827097487,0.244950643017,
    -0.679999999999));
#6954 = CARTESIAN_POINT('',(0.378953458923,0.243508788658,-0.68));
#6955 = CARTESIAN_POINT('',(0.363832833252,0.24126047779,-0.679999999999
    ));
#6956 = CARTESIAN_POINT('',(0.349465998512,0.238584098094,-0.68));
#6957 = CARTESIAN_POINT('',(0.335906775031,0.235095308831,
    -0.679999999999));
#6958 = CARTESIAN_POINT('',(0.323069926864,0.231186146688,
    -0.679999999999));
#6959 = CARTESIAN_POINT('',(0.314955671511,0.227892391544,-0.68));
#6960 = CARTESIAN_POINT('',(0.310975609756,0.226276796729,-0.68));
#6961 = ORIENTED_EDGE('',*,*,#6962,.T.);
#6962 = EDGE_CURVE('',#6947,#555,#6963,.T.);
#6963 = LINE('',#6964,#6965);
#6964 = CARTESIAN_POINT('',(0.310975609756,0.226276796729,-0.68));
#6965 = VECTOR('',#6966,1.);
#6966 = DIRECTION('',(0.,0.,-1.));
#6967 = B_SPLINE_SURFACE_WITH_KNOTS('',3,1,(
    (#6968,#6969)
    ,(#6970,#6971)
    ,(#6972,#6973)
    ,(#6974,#6975)
    ,(#6976,#6977)
    ,(#6978,#6979)
    ,(#6980,#6981)
    ,(#6982,#6983)
    ,(#6984,#6985)
    ,(#6986,#6987)
    ,(#6988,#6989
  )),.UNSPECIFIED.,.F.,.F.,.F.,(4,1,1,1,1,1,1,1,4),(2,2),(0.,
    0.145186866472,0.283442610919,0.416524365928,0.543181123535,
    0.665153082637,0.781360206312,0.892756655641,0.999999999999),(0.,1.)
  ,.UNSPECIFIED.);
#6968 = CARTESIAN_POINT('',(0.428639481707,0.2460938699,-0.679999999999)
  );
#6969 = CARTESIAN_POINT('',(0.428639481707,0.2460938699,-0.699999999999)
  );
#6970 = CARTESIAN_POINT('',(0.422826051395,0.246052197682,
    -0.679999999999));
#6971 = CARTESIAN_POINT('',(0.422826051395,0.246052197682,
    -0.699999999999));
#6972 = CARTESIAN_POINT('',(0.411476719971,0.24597084265,-0.68));
#6973 = CARTESIAN_POINT('',(0.411476719971,0.24597084265,-0.7));
#6974 = CARTESIAN_POINT('',(0.394827097487,0.244950643017,
    -0.679999999999));
#6975 = CARTESIAN_POINT('',(0.394827097487,0.244950643017,
    -0.699999999999));
#6976 = CARTESIAN_POINT('',(0.378953458923,0.243508788658,-0.68));
#6977 = CARTESIAN_POINT('',(0.378953458923,0.243508788658,-0.7));
#6978 = CARTESIAN_POINT('',(0.363832833252,0.24126047779,-0.679999999999
    ));
#6979 = CARTESIAN_POINT('',(0.363832833252,0.24126047779,-0.699999999999
    ));
#6980 = CARTESIAN_POINT('',(0.349465998512,0.238584098094,-0.68));
#6981 = CARTESIAN_POINT('',(0.349465998512,0.238584098094,-0.7));
#6982 = CARTESIAN_POINT('',(0.335906775031,0.235095308831,
    -0.679999999999));
#6983 = CARTESIAN_POINT('',(0.335906775031,0.235095308831,
    -0.699999999999));
#6984 = CARTESIAN_POINT('',(0.323069926864,0.231186146688,
    -0.679999999999));
#6985 = CARTESIAN_POINT('',(0.323069926864,0.231186146688,
    -0.699999999999));
#6986 = CARTESIAN_POINT('',(0.314955671511,0.227892391544,-0.68));
#6987 = CARTESIAN_POINT('',(0.314955671511,0.227892391544,-0.7));
#6988 = CARTESIAN_POINT('',(0.310975609756,0.226276796729,-0.68));
#6989 = CARTESIAN_POINT('',(0.310975609756,0.226276796729,-0.7));
#6990 = ADVANCED_FACE('',(#6991),#7009,.T.);
#6991 = FACE_BOUND('',#6992,.T.);
#6992 = EDGE_LOOP('',(#6993,#6994,#6995,#7003));
#6993 = ORIENTED_EDGE('',*,*,#570,.F.);
#6994 = ORIENTED_EDGE('',*,*,#6962,.F.);
#6995 = ORIENTED_EDGE('',*,*,#6996,.T.);
#6996 = EDGE_CURVE('',#6947,#6997,#6999,.T.);
#6997 = VERTEX_POINT('',#6998);
#6998 = CARTESIAN_POINT('',(0.310975609756,0.159203625997,
    -0.679999999999));
#6999 = LINE('',#7000,#7001);
#7000 = CARTESIAN_POINT('',(0.310975609756,0.226276796729,
    -0.679999999999));
#7001 = VECTOR('',#7002,1.);
#7002 = DIRECTION('',(0.,-1.,0.));
#7003 = ORIENTED_EDGE('',*,*,#7004,.T.);
#7004 = EDGE_CURVE('',#6997,#571,#7005,.T.);
#7005 = LINE('',#7006,#7007);
#7006 = CARTESIAN_POINT('',(0.310975609756,0.159203625997,
    -0.679999999999));
#7007 = VECTOR('',#7008,1.);
#7008 = DIRECTION('',(0.,0.,-1.));
#7009 = PLANE('',#7010);
#7010 = AXIS2_PLACEMENT_3D('',#7011,#7012,#7013);
#7011 = CARTESIAN_POINT('',(0.310975609756,0.226276796729,
    -0.679999999999));
#7012 = DIRECTION('',(1.,0.,0.));
#7013 = DIRECTION('',(0.,0.,-1.));
#7014 = ADVANCED_FACE('',(#7015),#7041,.T.);
#7015 = FACE_BOUND('',#7016,.T.);
#7016 = EDGE_LOOP('',(#7017,#7018,#7019,#7035));
#7017 = ORIENTED_EDGE('',*,*,#578,.F.);
#7018 = ORIENTED_EDGE('',*,*,#7004,.F.);
#7019 = ORIENTED_EDGE('',*,*,#7020,.T.);
#7020 = EDGE_CURVE('',#6997,#7021,#7023,.T.);
#7021 = VERTEX_POINT('',#7022);
#7022 = CARTESIAN_POINT('',(0.428067835365,0.191215821119,
    -0.679999999999));
#7023 = B_SPLINE_CURVE_WITH_KNOTS('',3,(#7024,#7025,#7026,#7027,#7028,
    #7029,#7030,#7031,#7032,#7033,#7034),.UNSPECIFIED.,.F.,.F.,(4,1,1,1,
    1,1,1,1,4),(0.,0.125279696735,0.249419970742,0.373356799492,
    0.496681278782,0.620202915743,0.745086320161,0.871269195019,1.),
  .UNSPECIFIED.);
#7024 = CARTESIAN_POINT('',(0.310975609756,0.159203625997,
    -0.679999999999));
#7025 = CARTESIAN_POINT('',(0.315415802569,0.161783712493,-0.68));
#7026 = CARTESIAN_POINT('',(0.324255804506,0.166920419518,-0.68));
#7027 = CARTESIAN_POINT('',(0.338159520313,0.173342314231,
    -0.679999999999));
#7028 = CARTESIAN_POINT('',(0.352331141888,0.178912383318,-0.68));
#7029 = CARTESIAN_POINT('',(0.366869877666,0.183358883733,
    -0.679999999999));
#7030 = CARTESIAN_POINT('',(0.381684225163,0.186949466943,-0.68));
#7031 = CARTESIAN_POINT('',(0.396851867833,0.1893577723,-0.68));
#7032 = CARTESIAN_POINT('',(0.412344068367,0.190978089094,
    -0.679999999999));
#7033 = CARTESIAN_POINT('',(0.422791770511,0.191136050821,
    -0.679999999999));
#7034 = CARTESIAN_POINT('',(0.428067835365,0.191215821119,
    -0.679999999999));
#7035 = ORIENTED_EDGE('',*,*,#7036,.T.);
#7036 = EDGE_CURVE('',#7021,#579,#7037,.T.);
#7037 = LINE('',#7038,#7039);
#7038 = CARTESIAN_POINT('',(0.428067835365,0.191215821119,
    -0.679999999999));
#7039 = VECTOR('',#7040,1.);
#7040 = DIRECTION('',(0.,0.,-1.));
#7041 = B_SPLINE_SURFACE_WITH_KNOTS('',3,1,(
    (#7042,#7043)
    ,(#7044,#7045)
    ,(#7046,#7047)
    ,(#7048,#7049)
    ,(#7050,#7051)
    ,(#7052,#7053)
    ,(#7054,#7055)
    ,(#7056,#7057)
    ,(#7058,#7059)
    ,(#7060,#7061)
    ,(#7062,#7063
  )),.UNSPECIFIED.,.F.,.F.,.F.,(4,1,1,1,1,1,1,1,4),(2,2),(0.,
    0.125279696735,0.249419970742,0.373356799492,0.496681278782,
    0.620202915743,0.745086320161,0.871269195019,1.),(0.,1.),
  .UNSPECIFIED.);
#7042 = CARTESIAN_POINT('',(0.310975609756,0.159203625997,
    -0.679999999999));
#7043 = CARTESIAN_POINT('',(0.310975609756,0.159203625997,
    -0.699999999999));
#7044 = CARTESIAN_POINT('',(0.315415802569,0.161783712493,-0.68));
#7045 = CARTESIAN_POINT('',(0.315415802569,0.161783712493,-0.7));
#7046 = CARTESIAN_POINT('',(0.324255804506,0.166920419518,-0.68));
#7047 = CARTESIAN_POINT('',(0.324255804506,0.166920419518,-0.7));
#7048 = CARTESIAN_POINT('',(0.338159520313,0.173342314231,
    -0.679999999999));
#7049 = CARTESIAN_POINT('',(0.338159520313,0.173342314231,
    -0.699999999999));
#7050 = CARTESIAN_POINT('',(0.352331141888,0.178912383318,-0.68));
#7051 = CARTESIAN_POINT('',(0.352331141888,0.178912383318,-0.7));
#7052 = CARTESIAN_POINT('',(0.366869877666,0.183358883733,
    -0.679999999999));
#7053 = CARTESIAN_POINT('',(0.366869877666,0.183358883733,
    -0.699999999999));
#7054 = CARTESIAN_POINT('',(0.381684225163,0.186949466943,-0.68));
#7055 = CARTESIAN_POINT('',(0.381684225163,0.186949466943,-0.7));
#7056 = CARTESIAN_POINT('',(0.396851867833,0.1893577723,-0.68));
#7057 = CARTESIAN_POINT('',(0.396851867833,0.1893577723,-0.7));
#7058 = CARTESIAN_POINT('',(0.412344068367,0.190978089094,
    -0.679999999999));
#7059 = CARTESIAN_POINT('',(0.412344068367,0.190978089094,
    -0.699999999999));
#7060 = CARTESIAN_POINT('',(0.422791770511,0.191136050821,
    -0.679999999999));
#7061 = CARTESIAN_POINT('',(0.422791770511,0.191136050821,
    -0.699999999999));
#7062 = CARTESIAN_POINT('',(0.428067835365,0.191215821119,
    -0.679999999999));
#7063 = CARTESIAN_POINT('',(0.428067835365,0.191215821119,
    -0.699999999999));
#7064 = ADVANCED_FACE('',(#7065),#7099,.T.);
#7065 = FACE_BOUND('',#7066,.T.);
#7066 = EDGE_LOOP('',(#7067,#7068,#7069,#7093));
#7067 = ORIENTED_EDGE('',*,*,#594,.F.);
#7068 = ORIENTED_EDGE('',*,*,#7036,.F.);
#7069 = ORIENTED_EDGE('',*,*,#7070,.T.);
#7070 = EDGE_CURVE('',#7021,#7071,#7073,.T.);
#7071 = VERTEX_POINT('',#7072);
#7072 = CARTESIAN_POINT('',(0.615853658536,-1.5339056929E-02,
    -0.679999999999));
#7073 = B_SPLINE_CURVE_WITH_KNOTS('',3,(#7074,#7075,#7076,#7077,#7078,
    #7079,#7080,#7081,#7082,#7083,#7084,#7085,#7086,#7087,#7088,#7089,
    #7090,#7091,#7092),.UNSPECIFIED.,.F.,.F.,(4,1,1,1,1,1,1,1,1,1,1,1,1,
    1,1,1,4),(0.,6.4603970288E-02,0.126702413962,0.186756814035,
    0.245505687365,0.303652024449,0.36150307397,0.420240222928,
    0.480033340776,0.540678134775,0.60119180638,0.662333502477,
    0.724739510297,0.789467736172,0.856504860043,0.926312095839,1.),
  .UNSPECIFIED.);
#7074 = CARTESIAN_POINT('',(0.428067835365,0.191215821119,
    -0.679999999999));
#7075 = CARTESIAN_POINT('',(0.434842516298,0.191070153076,
    -0.679999999999));
#7076 = CARTESIAN_POINT('',(0.448129136673,0.190784466413,
    -0.679999999999));
#7077 = CARTESIAN_POINT('',(0.467539875528,0.187979551571,-0.68));
#7078 = CARTESIAN_POINT('',(0.486053572119,0.183783081954,
    -0.679999999999));
#7079 = CARTESIAN_POINT('',(0.503595987779,0.177641223315,
    -0.679999999999));
#7080 = CARTESIAN_POINT('',(0.520147203012,0.169714208142,-0.68));
#7081 = CARTESIAN_POINT('',(0.535692865011,0.159972304486,
    -0.679999999999));
#7082 = CARTESIAN_POINT('',(0.55032844554,0.148624378299,-0.679999999999
    ));
#7083 = CARTESIAN_POINT('',(0.56383068379,0.135528859672,-0.68));
#7084 = CARTESIAN_POINT('',(0.576134978678,0.121047307784,
    -0.679999999999));
#7085 = CARTESIAN_POINT('',(0.586696393845,0.105083952449,-0.68));
#7086 = CARTESIAN_POINT('',(0.595854743956,8.8070862405E-02,
    -0.679999999999));
#7087 = CARTESIAN_POINT('',(0.603188732918,6.9709547288E-02,-0.68));
#7088 = CARTESIAN_POINT('',(0.60886848254,5.0140885354E-02,
    -0.679999999999));
#7089 = CARTESIAN_POINT('',(0.612968064555,2.9391578021E-02,-0.68));
#7090 = CARTESIAN_POINT('',(0.615343305896,7.423356311E-03,
    -0.679999999999));
#7091 = CARTESIAN_POINT('',(0.615680501296,-7.616011457E-03,
    -0.679999999999));
#7092 = CARTESIAN_POINT('',(0.615853658536,-1.5339056929E-02,
    -0.679999999999));
#7093 = ORIENTED_EDGE('',*,*,#7094,.T.);
#7094 = EDGE_CURVE('',#7071,#595,#7095,.T.);
#7095 = LINE('',#7096,#7097);
#7096 = CARTESIAN_POINT('',(0.615853658536,-1.5339056929E-02,
    -0.679999999999));
#7097 = VECTOR('',#7098,1.);
#7098 = DIRECTION('',(0.,0.,-1.));
#7099 = B_SPLINE_SURFACE_WITH_KNOTS('',3,1,(
    (#7100,#7101)
    ,(#7102,#7103)
    ,(#7104,#7105)
    ,(#7106,#7107)
    ,(#7108,#7109)
    ,(#7110,#7111)
    ,(#7112,#7113)
    ,(#7114,#7115)
    ,(#7116,#7117)
    ,(#7118,#7119)
    ,(#7120,#7121)
    ,(#7122,#7123)
    ,(#7124,#7125)
    ,(#7126,#7127)
    ,(#7128,#7129)
    ,(#7130,#7131)
    ,(#7132,#7133)
    ,(#7134,#7135)
    ,(#7136,#7137
    )),.UNSPECIFIED.,.F.,.F.,.F.,(4,1,1,1,1,1,1,1,1,1,1,1,1,1,1,1,4),(2,
    2),(0.,6.4603970288E-02,0.126702413962,0.186756814035,0.245505687365
    ,0.303652024449,0.36150307397,0.420240222928,0.480033340776,
    0.540678134775,0.60119180638,0.662333502477,0.724739510297,
    0.789467736172,0.856504860043,0.926312095839,1.),(0.,1.),
  .UNSPECIFIED.);
#7100 = CARTESIAN_POINT('',(0.428067835365,0.191215821119,
    -0.679999999999));
#7101 = CARTESIAN_POINT('',(0.428067835365,0.191215821119,
    -0.699999999999));
#7102 = CARTESIAN_POINT('',(0.434842516298,0.191070153076,
    -0.679999999999));
#7103 = CARTESIAN_POINT('',(0.434842516298,0.191070153076,
    -0.699999999999));
#7104 = CARTESIAN_POINT('',(0.448129136673,0.190784466413,
    -0.679999999999));
#7105 = CARTESIAN_POINT('',(0.448129136673,0.190784466413,
    -0.699999999999));
#7106 = CARTESIAN_POINT('',(0.467539875528,0.187979551571,-0.68));
#7107 = CARTESIAN_POINT('',(0.467539875528,0.187979551571,-0.7));
#7108 = CARTESIAN_POINT('',(0.486053572119,0.183783081954,
    -0.679999999999));
#7109 = CARTESIAN_POINT('',(0.486053572119,0.183783081954,
    -0.699999999999));
#7110 = CARTESIAN_POINT('',(0.503595987779,0.177641223315,
    -0.679999999999));
#7111 = CARTESIAN_POINT('',(0.503595987779,0.177641223315,
    -0.699999999999));
#7112 = CARTESIAN_POINT('',(0.520147203012,0.169714208142,-0.68));
#7113 = CARTESIAN_POINT('',(0.520147203012,0.169714208142,-0.7));
#7114 = CARTESIAN_POINT('',(0.535692865011,0.159972304486,
    -0.679999999999));
#7115 = CARTESIAN_POINT('',(0.535692865011,0.159972304486,
    -0.699999999999));
#7116 = CARTESIAN_POINT('',(0.55032844554,0.148624378299,-0.679999999999
    ));
#7117 = CARTESIAN_POINT('',(0.55032844554,0.148624378299,-0.699999999999
    ));
#7118 = CARTESIAN_POINT('',(0.56383068379,0.135528859672,-0.68));
#7119 = CARTESIAN_POINT('',(0.56383068379,0.135528859672,-0.7));
#7120 = CARTESIAN_POINT('',(0.576134978678,0.121047307784,
    -0.679999999999));
#7121 = CARTESIAN_POINT('',(0.576134978678,0.121047307784,
    -0.699999999999));
#7122 = CARTESIAN_POINT('',(0.586696393845,0.105083952449,-0.68));
#7123 = CARTESIAN_POINT('',(0.586696393845,0.105083952449,-0.7));
#7124 = CARTESIAN_POINT('',(0.595854743956,8.8070862405E-02,
    -0.679999999999));
#7125 = CARTESIAN_POINT('',(0.595854743956,8.8070862405E-02,
    -0.699999999999));
#7126 = CARTESIAN_POINT('',(0.603188732918,6.9709547288E-02,-0.68));
#7127 = CARTESIAN_POINT('',(0.603188732918,6.9709547288E-02,-0.7));
#7128 = CARTESIAN_POINT('',(0.60886848254,5.0140885354E-02,
    -0.679999999999));
#7129 = CARTESIAN_POINT('',(0.60886848254,5.0140885354E-02,
    -0.699999999999));
#7130 = CARTESIAN_POINT('',(0.612968064555,2.9391578021E-02,-0.68));
#7131 = CARTESIAN_POINT('',(0.612968064555,2.9391578021E-02,-0.7));
#7132 = CARTESIAN_POINT('',(0.615343305896,7.423356311E-03,
    -0.679999999999));
#7133 = CARTESIAN_POINT('',(0.615343305896,7.423356311E-03,
    -0.699999999999));
#7134 = CARTESIAN_POINT('',(0.615680501296,-7.616011457E-03,
    -0.679999999999));
#7135 = CARTESIAN_POINT('',(0.615680501296,-7.616011457E-03,
    -0.699999999999));
#7136 = CARTESIAN_POINT('',(0.615853658536,-1.5339056929E-02,
    -0.679999999999));
#7137 = CARTESIAN_POINT('',(0.615853658536,-1.5339056929E-02,
    -0.699999999999));
#7138 = ADVANCED_FACE('',(#7139),#7173,.T.);
#7139 = FACE_BOUND('',#7140,.T.);
#7140 = EDGE_LOOP('',(#7141,#7142,#7143,#7167));
#7141 = ORIENTED_EDGE('',*,*,#618,.F.);
#7142 = ORIENTED_EDGE('',*,*,#7094,.F.);
#7143 = ORIENTED_EDGE('',*,*,#7144,.T.);
#7144 = EDGE_CURVE('',#7071,#7145,#7147,.T.);
#7145 = VERTEX_POINT('',#7146);
#7146 = CARTESIAN_POINT('',(0.439310213414,-0.21122320327,
    -0.679999999999));
#7147 = B_SPLINE_CURVE_WITH_KNOTS('',3,(#7148,#7149,#7150,#7151,#7152,
    #7153,#7154,#7155,#7156,#7157,#7158,#7159,#7160,#7161,#7162,#7163,
    #7164,#7165,#7166),.UNSPECIFIED.,.F.,.F.,(4,1,1,1,1,1,1,1,1,1,1,1,1,
    1,1,1,4),(0.,7.3774119374E-02,0.144079114726,0.211348518308,
    0.276076885739,0.338520915819,0.399885116693,0.460254067465,
    0.520588964391,0.580207684563,0.638632908552,0.69636454949,
    0.75400177466,0.812805681374,0.872754425525,0.935181996978,1.),
  .UNSPECIFIED.);
#7148 = CARTESIAN_POINT('',(0.615853658536,-1.5339056929E-02,
    -0.679999999999));
#7149 = CARTESIAN_POINT('',(0.615714748611,-2.2649659776E-02,-0.68));
#7150 = CARTESIAN_POINT('',(0.615443460804,-3.6927094673E-02,-0.68));
#7151 = CARTESIAN_POINT('',(0.613112667493,-5.7765933635E-02,
    -0.679999999999));
#7152 = CARTESIAN_POINT('',(0.609337045371,-7.7469294557E-02,-0.68));
#7153 = CARTESIAN_POINT('',(0.604030874522,-9.6019810147E-02,
    -0.679999999999));
#7154 = CARTESIAN_POINT('',(0.597111821928,-0.113400313185,
    -0.679999999999));
#7155 = CARTESIAN_POINT('',(0.588753848885,-0.129656983612,
    -0.679999999999));
#7156 = CARTESIAN_POINT('',(0.578760840008,-0.144716409429,-0.68));
#7157 = CARTESIAN_POINT('',(0.56735339011,-0.158508089053,
    -0.679999999999));
#7158 = CARTESIAN_POINT('',(0.554688115932,-0.170875915108,
    -0.679999999999));
#7159 = CARTESIAN_POINT('',(0.541030236963,-0.181737645269,-0.68));
#7160 = CARTESIAN_POINT('',(0.526349996894,-0.190803808684,
    -0.679999999999));
#7161 = CARTESIAN_POINT('',(0.510784286556,-0.198321759125,-0.68));
#7162 = CARTESIAN_POINT('',(0.49426277703,-0.204134171722,
    -0.679999999999));
#7163 = CARTESIAN_POINT('',(0.476754541874,-0.208208876795,-0.68));
#7164 = CARTESIAN_POINT('',(0.458343338831,-0.210732661449,
    -0.679999999999));
#7165 = CARTESIAN_POINT('',(0.44573355092,-0.211057654228,-0.68));
#7166 = CARTESIAN_POINT('',(0.439310213414,-0.21122320327,
    -0.679999999999));
#7167 = ORIENTED_EDGE('',*,*,#7168,.T.);
#7168 = EDGE_CURVE('',#7145,#465,#7169,.T.);
#7169 = LINE('',#7170,#7171);
#7170 = CARTESIAN_POINT('',(0.439310213414,-0.21122320327,
    -0.679999999999));
#7171 = VECTOR('',#7172,1.);
#7172 = DIRECTION('',(0.,0.,-1.));
#7173 = B_SPLINE_SURFACE_WITH_KNOTS('',3,1,(
    (#7174,#7175)
    ,(#7176,#7177)
    ,(#7178,#7179)
    ,(#7180,#7181)
    ,(#7182,#7183)
    ,(#7184,#7185)
    ,(#7186,#7187)
    ,(#7188,#7189)
    ,(#7190,#7191)
    ,(#7192,#7193)
    ,(#7194,#7195)
    ,(#7196,#7197)
    ,(#7198,#7199)
    ,(#7200,#7201)
    ,(#7202,#7203)
    ,(#7204,#7205)
    ,(#7206,#7207)
    ,(#7208,#7209)
    ,(#7210,#7211
    )),.UNSPECIFIED.,.F.,.F.,.F.,(4,1,1,1,1,1,1,1,1,1,1,1,1,1,1,1,4),(2,
    2),(0.,7.3774119374E-02,0.144079114726,0.211348518308,0.276076885739
    ,0.338520915819,0.399885116693,0.460254067465,0.520588964391,
    0.580207684563,0.638632908552,0.69636454949,0.75400177466,
    0.812805681374,0.872754425525,0.935181996978,1.),(0.,1.),
  .UNSPECIFIED.);
#7174 = CARTESIAN_POINT('',(0.615853658536,-1.5339056929E-02,
    -0.679999999999));
#7175 = CARTESIAN_POINT('',(0.615853658536,-1.5339056929E-02,
    -0.699999999999));
#7176 = CARTESIAN_POINT('',(0.615714748611,-2.2649659776E-02,-0.68));
#7177 = CARTESIAN_POINT('',(0.615714748611,-2.2649659776E-02,-0.7));
#7178 = CARTESIAN_POINT('',(0.615443460804,-3.6927094673E-02,-0.68));
#7179 = CARTESIAN_POINT('',(0.615443460804,-3.6927094673E-02,-0.7));
#7180 = CARTESIAN_POINT('',(0.613112667493,-5.7765933635E-02,
    -0.679999999999));
#7181 = CARTESIAN_POINT('',(0.613112667493,-5.7765933635E-02,
    -0.699999999999));
#7182 = CARTESIAN_POINT('',(0.609337045371,-7.7469294557E-02,-0.68));
#7183 = CARTESIAN_POINT('',(0.609337045371,-7.7469294557E-02,-0.7));
#7184 = CARTESIAN_POINT('',(0.604030874522,-9.6019810147E-02,
    -0.679999999999));
#7185 = CARTESIAN_POINT('',(0.604030874522,-9.6019810147E-02,
    -0.699999999999));
#7186 = CARTESIAN_POINT('',(0.597111821928,-0.113400313185,
    -0.679999999999));
#7187 = CARTESIAN_POINT('',(0.597111821928,-0.113400313185,
    -0.699999999999));
#7188 = CARTESIAN_POINT('',(0.588753848885,-0.129656983612,
    -0.679999999999));
#7189 = CARTESIAN_POINT('',(0.588753848885,-0.129656983612,
    -0.699999999999));
#7190 = CARTESIAN_POINT('',(0.578760840008,-0.144716409429,-0.68));
#7191 = CARTESIAN_POINT('',(0.578760840008,-0.144716409429,-0.7));
#7192 = CARTESIAN_POINT('',(0.56735339011,-0.158508089053,
    -0.679999999999));
#7193 = CARTESIAN_POINT('',(0.56735339011,-0.158508089053,
    -0.699999999999));
#7194 = CARTESIAN_POINT('',(0.554688115932,-0.170875915108,
    -0.679999999999));
#7195 = CARTESIAN_POINT('',(0.554688115932,-0.170875915108,
    -0.699999999999));
#7196 = CARTESIAN_POINT('',(0.541030236963,-0.181737645269,-0.68));
#7197 = CARTESIAN_POINT('',(0.541030236963,-0.181737645269,-0.7));
#7198 = CARTESIAN_POINT('',(0.526349996894,-0.190803808684,
    -0.679999999999));
#7199 = CARTESIAN_POINT('',(0.526349996894,-0.190803808684,
    -0.699999999999));
#7200 = CARTESIAN_POINT('',(0.510784286556,-0.198321759125,-0.68));
#7201 = CARTESIAN_POINT('',(0.510784286556,-0.198321759125,-0.7));
#7202 = CARTESIAN_POINT('',(0.49426277703,-0.204134171722,
    -0.679999999999));
#7203 = CARTESIAN_POINT('',(0.49426277703,-0.204134171722,
    -0.699999999999));
#7204 = CARTESIAN_POINT('',(0.476754541874,-0.208208876795,-0.68));
#7205 = CARTESIAN_POINT('',(0.476754541874,-0.208208876795,-0.7));
#7206 = CARTESIAN_POINT('',(0.458343338831,-0.210732661449,
    -0.679999999999));
#7207 = CARTESIAN_POINT('',(0.458343338831,-0.210732661449,
    -0.699999999999));
#7208 = CARTESIAN_POINT('',(0.44573355092,-0.211057654228,-0.68));
#7209 = CARTESIAN_POINT('',(0.44573355092,-0.211057654228,-0.7));
#7210 = CARTESIAN_POINT('',(0.439310213414,-0.21122320327,
    -0.679999999999));
#7211 = CARTESIAN_POINT('',(0.439310213414,-0.21122320327,
    -0.699999999999));
#7212 = ADVANCED_FACE('',(#7213),#7232,.T.);
#7213 = FACE_BOUND('',#7214,.T.);
#7214 = EDGE_LOOP('',(#7215,#7216,#7217,#7231));
#7215 = ORIENTED_EDGE('',*,*,#464,.F.);
#7216 = ORIENTED_EDGE('',*,*,#7168,.F.);
#7217 = ORIENTED_EDGE('',*,*,#7218,.T.);
#7218 = EDGE_CURVE('',#7145,#6717,#7219,.T.);
#7219 = B_SPLINE_CURVE_WITH_KNOTS('',3,(#7220,#7221,#7222,#7223,#7224,
    #7225,#7226,#7227,#7228,#7229,#7230),.UNSPECIFIED.,.F.,.F.,(4,1,1,1,
    1,1,1,1,4),(0.,0.135294604763,0.266765657924,0.394816018835,
    0.520051654434,0.64217570297,0.762651820558,0.88183400438,1.),
  .UNSPECIFIED.);
#7220 = CARTESIAN_POINT('',(0.439310213414,-0.21122320327,
    -0.679999999999));
#7221 = CARTESIAN_POINT('',(0.433272503131,-0.211143932996,-0.68));
#7222 = CARTESIAN_POINT('',(0.421367713884,-0.210987632701,-0.68));
#7223 = CARTESIAN_POINT('',(0.403811772964,-0.209383645226,
    -0.679999999999));
#7224 = CARTESIAN_POINT('',(0.386806658573,-0.206969535569,-0.68));
#7225 = CARTESIAN_POINT('',(0.370426283146,-0.203416178208,
    -0.679999999999));
#7226 = CARTESIAN_POINT('',(0.354614486157,-0.198968176783,
    -0.679999999999));
#7227 = CARTESIAN_POINT('',(0.339460909665,-0.193381146229,
    -0.679999999999));
#7228 = CARTESIAN_POINT('',(0.324803630437,-0.186999602036,
    -0.679999999999));
#7229 = CARTESIAN_POINT('',(0.31557177482,-0.181799785237,-0.68));
#7230 = CARTESIAN_POINT('',(0.310975609756,-0.179211008148,-0.68));
#7231 = ORIENTED_EDGE('',*,*,#6716,.T.);
#7232 = B_SPLINE_SURFACE_WITH_KNOTS('',3,1,(
    (#7233,#7234)
    ,(#7235,#7236)
    ,(#7237,#7238)
    ,(#7239,#7240)
    ,(#7241,#7242)
    ,(#7243,#7244)
    ,(#7245,#7246)
    ,(#7247,#7248)
    ,(#7249,#7250)
    ,(#7251,#7252)
    ,(#7253,#7254
  )),.UNSPECIFIED.,.F.,.F.,.F.,(4,1,1,1,1,1,1,1,4),(2,2),(0.,
    0.135294604763,0.266765657924,0.394816018835,0.520051654434,
    0.64217570297,0.762651820558,0.88183400438,1.),(0.,1.),
  .UNSPECIFIED.);
#7233 = CARTESIAN_POINT('',(0.439310213414,-0.21122320327,
    -0.679999999999));
#7234 = CARTESIAN_POINT('',(0.439310213414,-0.21122320327,-0.7));
#7235 = CARTESIAN_POINT('',(0.433272503131,-0.211143932996,-0.68));
#7236 = CARTESIAN_POINT('',(0.433272503131,-0.211143932996,-0.7));
#7237 = CARTESIAN_POINT('',(0.421367713884,-0.210987632701,-0.68));
#7238 = CARTESIAN_POINT('',(0.421367713884,-0.210987632701,-0.7));
#7239 = CARTESIAN_POINT('',(0.403811772964,-0.209383645226,
    -0.679999999999));
#7240 = CARTESIAN_POINT('',(0.403811772964,-0.209383645226,
    -0.699999999999));
#7241 = CARTESIAN_POINT('',(0.386806658573,-0.206969535569,-0.68));
#7242 = CARTESIAN_POINT('',(0.386806658573,-0.206969535569,-0.7));
#7243 = CARTESIAN_POINT('',(0.370426283146,-0.203416178208,
    -0.679999999999));
#7244 = CARTESIAN_POINT('',(0.370426283146,-0.203416178208,
    -0.699999999999));
#7245 = CARTESIAN_POINT('',(0.354614486157,-0.198968176783,
    -0.679999999999));
#7246 = CARTESIAN_POINT('',(0.354614486157,-0.198968176783,-0.7));
#7247 = CARTESIAN_POINT('',(0.339460909665,-0.193381146229,
    -0.679999999999));
#7248 = CARTESIAN_POINT('',(0.339460909665,-0.193381146229,-0.7));
#7249 = CARTESIAN_POINT('',(0.324803630437,-0.186999602036,
    -0.679999999999));
#7250 = CARTESIAN_POINT('',(0.324803630437,-0.186999602036,-0.7));
#7251 = CARTESIAN_POINT('',(0.31557177482,-0.181799785237,-0.68));
#7252 = CARTESIAN_POINT('',(0.31557177482,-0.181799785237,-0.7));
#7253 = CARTESIAN_POINT('',(0.310975609756,-0.179211008148,-0.68));
#7254 = CARTESIAN_POINT('',(0.310975609756,-0.179211008148,-0.7));
#7255 = ADVANCED_FACE('',(#7256),#7268,.T.);
#7256 = FACE_BOUND('',#7257,.T.);
#7257 = EDGE_LOOP('',(#7258,#7259,#7260,#7261,#7262,#7263,#7264,#7265,
    #7266,#7267));
#7258 = ORIENTED_EDGE('',*,*,#6724,.F.);
#7259 = ORIENTED_EDGE('',*,*,#7218,.F.);
#7260 = ORIENTED_EDGE('',*,*,#7144,.F.);
#7261 = ORIENTED_EDGE('',*,*,#7070,.F.);
#7262 = ORIENTED_EDGE('',*,*,#7020,.F.);
#7263 = ORIENTED_EDGE('',*,*,#6996,.F.);
#7264 = ORIENTED_EDGE('',*,*,#6946,.F.);
#7265 = ORIENTED_EDGE('',*,*,#6872,.F.);
#7266 = ORIENTED_EDGE('',*,*,#6798,.F.);
#7267 = ORIENTED_EDGE('',*,*,#6748,.F.);
#7268 = PLANE('',#7269);
#7269 = AXIS2_PLACEMENT_3D('',#7270,#7271,#7272);
#7270 = CARTESIAN_POINT('',(0.37756963155,-0.259164918827,
    -0.679999999999));
#7271 = DIRECTION('',(-2.355212050322E-13,-4.685674744004E-13,-1.));
#7272 = DIRECTION('',(0.,1.,-4.685674744004E-13));
#7273 = ADVANCED_FACE('',(#7274),#7299,.T.);
#7274 = FACE_BOUND('',#7275,.T.);
#7275 = EDGE_LOOP('',(#7276,#7277,#7285,#7293));
#7276 = ORIENTED_EDGE('',*,*,#652,.F.);
#7277 = ORIENTED_EDGE('',*,*,#7278,.F.);
#7278 = EDGE_CURVE('',#7279,#645,#7281,.T.);
#7279 = VERTEX_POINT('',#7280);
#7280 = CARTESIAN_POINT('',(0.725609756097,-0.205125642294,
    -0.679999999999));
#7281 = LINE('',#7282,#7283);
#7282 = CARTESIAN_POINT('',(0.725609756097,-0.205125642294,
    -0.679999999999));
#7283 = VECTOR('',#7284,1.);
#7284 = DIRECTION('',(0.,0.,-1.));
#7285 = ORIENTED_EDGE('',*,*,#7286,.T.);
#7286 = EDGE_CURVE('',#7279,#7287,#7289,.T.);
#7287 = VERTEX_POINT('',#7288);
#7288 = CARTESIAN_POINT('',(0.725609756097,-0.260003691075,
    -0.679999999999));
#7289 = LINE('',#7290,#7291);
#7290 = CARTESIAN_POINT('',(0.725609756097,-0.205125642294,
    -0.679999999999));
#7291 = VECTOR('',#7292,1.);
#7292 = DIRECTION('',(0.,-1.,0.));
#7293 = ORIENTED_EDGE('',*,*,#7294,.T.);
#7294 = EDGE_CURVE('',#7287,#653,#7295,.T.);
#7295 = LINE('',#7296,#7297);
#7296 = CARTESIAN_POINT('',(0.725609756097,-0.260003691075,
    -0.679999999999));
#7297 = VECTOR('',#7298,1.);
#7298 = DIRECTION('',(0.,0.,-1.));
#7299 = PLANE('',#7300);
#7300 = AXIS2_PLACEMENT_3D('',#7301,#7302,#7303);
#7301 = CARTESIAN_POINT('',(0.725609756097,-0.205125642294,
    -0.679999999999));
#7302 = DIRECTION('',(1.,0.,0.));
#7303 = DIRECTION('',(0.,0.,-1.));
#7304 = ADVANCED_FACE('',(#7305),#7323,.T.);
#7305 = FACE_BOUND('',#7306,.T.);
#7306 = EDGE_LOOP('',(#7307,#7308,#7309,#7317));
#7307 = ORIENTED_EDGE('',*,*,#660,.F.);
#7308 = ORIENTED_EDGE('',*,*,#7294,.F.);
#7309 = ORIENTED_EDGE('',*,*,#7310,.T.);
#7310 = EDGE_CURVE('',#7287,#7311,#7313,.T.);
#7311 = VERTEX_POINT('',#7312);
#7312 = CARTESIAN_POINT('',(0.981707317073,-0.260003691075,
    -0.679999999999));
#7313 = LINE('',#7314,#7315);
#7314 = CARTESIAN_POINT('',(0.725609756097,-0.260003691075,
    -0.679999999999));
#7315 = VECTOR('',#7316,1.);
#7316 = DIRECTION('',(1.,0.,0.));
#7317 = ORIENTED_EDGE('',*,*,#7318,.T.);
#7318 = EDGE_CURVE('',#7311,#661,#7319,.T.);
#7319 = LINE('',#7320,#7321);
#7320 = CARTESIAN_POINT('',(0.981707317073,-0.260003691075,
    -0.679999999999));
#7321 = VECTOR('',#7322,1.);
#7322 = DIRECTION('',(0.,0.,-1.));
#7323 = PLANE('',#7324);
#7324 = AXIS2_PLACEMENT_3D('',#7325,#7326,#7327);
#7325 = CARTESIAN_POINT('',(0.725609756097,-0.260003691075,
    -0.679999999999));
#7326 = DIRECTION('',(0.,1.,0.));
#7327 = DIRECTION('',(0.,-0.,1.));
#7328 = ADVANCED_FACE('',(#7329),#7347,.T.);
#7329 = FACE_BOUND('',#7330,.T.);
#7330 = EDGE_LOOP('',(#7331,#7332,#7333,#7341));
#7331 = ORIENTED_EDGE('',*,*,#668,.F.);
#7332 = ORIENTED_EDGE('',*,*,#7318,.F.);
#7333 = ORIENTED_EDGE('',*,*,#7334,.T.);
#7334 = EDGE_CURVE('',#7311,#7335,#7337,.T.);
#7335 = VERTEX_POINT('',#7336);
#7336 = CARTESIAN_POINT('',(0.981707317073,0.239996308924,
    -0.679999999999));
#7337 = LINE('',#7338,#7339);
#7338 = CARTESIAN_POINT('',(0.981707317073,-0.260003691075,
    -0.679999999999));
#7339 = VECTOR('',#7340,1.);
#7340 = DIRECTION('',(0.,1.,0.));
#7341 = ORIENTED_EDGE('',*,*,#7342,.T.);
#7342 = EDGE_CURVE('',#7335,#669,#7343,.T.);
#7343 = LINE('',#7344,#7345);
#7344 = CARTESIAN_POINT('',(0.981707317073,0.239996308924,
    -0.679999999999));
#7345 = VECTOR('',#7346,1.);
#7346 = DIRECTION('',(0.,0.,-1.));
#7347 = PLANE('',#7348);
#7348 = AXIS2_PLACEMENT_3D('',#7349,#7350,#7351);
#7349 = CARTESIAN_POINT('',(0.981707317073,-0.260003691075,
    -0.679999999999));
#7350 = DIRECTION('',(-1.,0.,0.));
#7351 = DIRECTION('',(0.,0.,1.));
#7352 = ADVANCED_FACE('',(#7353),#7371,.T.);
#7353 = FACE_BOUND('',#7354,.T.);
#7354 = EDGE_LOOP('',(#7355,#7356,#7357,#7365));
#7355 = ORIENTED_EDGE('',*,*,#676,.F.);
#7356 = ORIENTED_EDGE('',*,*,#7342,.F.);
#7357 = ORIENTED_EDGE('',*,*,#7358,.T.);
#7358 = EDGE_CURVE('',#7335,#7359,#7361,.T.);
#7359 = VERTEX_POINT('',#7360);
#7360 = CARTESIAN_POINT('',(0.914634146341,0.239996308924,
    -0.679999999999));
#7361 = LINE('',#7362,#7363);
#7362 = CARTESIAN_POINT('',(0.981707317073,0.239996308924,
    -0.679999999999));
#7363 = VECTOR('',#7364,1.);
#7364 = DIRECTION('',(-1.,0.,0.));
#7365 = ORIENTED_EDGE('',*,*,#7366,.T.);
#7366 = EDGE_CURVE('',#7359,#677,#7367,.T.);
#7367 = LINE('',#7368,#7369);
#7368 = CARTESIAN_POINT('',(0.914634146341,0.239996308924,
    -0.679999999999));
#7369 = VECTOR('',#7370,1.);
#7370 = DIRECTION('',(0.,0.,-1.));
#7371 = PLANE('',#7372);
#7372 = AXIS2_PLACEMENT_3D('',#7373,#7374,#7375);
#7373 = CARTESIAN_POINT('',(0.981707317073,0.239996308924,
    -0.679999999999));
#7374 = DIRECTION('',(0.,-1.,0.));
#7375 = DIRECTION('',(0.,0.,-1.));
#7376 = ADVANCED_FACE('',(#7377),#7395,.T.);
#7377 = FACE_BOUND('',#7378,.T.);
#7378 = EDGE_LOOP('',(#7379,#7380,#7381,#7389));
#7379 = ORIENTED_EDGE('',*,*,#684,.F.);
#7380 = ORIENTED_EDGE('',*,*,#7366,.F.);
#7381 = ORIENTED_EDGE('',*,*,#7382,.T.);
#7382 = EDGE_CURVE('',#7359,#7383,#7385,.T.);
#7383 = VERTEX_POINT('',#7384);
#7384 = CARTESIAN_POINT('',(0.914634146341,-0.205125642294,
    -0.679999999999));
#7385 = LINE('',#7386,#7387);
#7386 = CARTESIAN_POINT('',(0.914634146341,0.239996308924,
    -0.679999999999));
#7387 = VECTOR('',#7388,1.);
#7388 = DIRECTION('',(0.,-1.,0.));
#7389 = ORIENTED_EDGE('',*,*,#7390,.T.);
#7390 = EDGE_CURVE('',#7383,#643,#7391,.T.);
#7391 = LINE('',#7392,#7393);
#7392 = CARTESIAN_POINT('',(0.914634146341,-0.205125642294,
    -0.679999999999));
#7393 = VECTOR('',#7394,1.);
#7394 = DIRECTION('',(0.,0.,-1.));
#7395 = PLANE('',#7396);
#7396 = AXIS2_PLACEMENT_3D('',#7397,#7398,#7399);
#7397 = CARTESIAN_POINT('',(0.914634146341,0.239996308924,
    -0.679999999999));
#7398 = DIRECTION('',(1.,0.,0.));
#7399 = DIRECTION('',(0.,0.,-1.));
#7400 = ADVANCED_FACE('',(#7401),#7412,.T.);
#7401 = FACE_BOUND('',#7402,.T.);
#7402 = EDGE_LOOP('',(#7403,#7404,#7405,#7411));
#7403 = ORIENTED_EDGE('',*,*,#642,.F.);
#7404 = ORIENTED_EDGE('',*,*,#7390,.F.);
#7405 = ORIENTED_EDGE('',*,*,#7406,.T.);
#7406 = EDGE_CURVE('',#7383,#7279,#7407,.T.);
#7407 = LINE('',#7408,#7409);
#7408 = CARTESIAN_POINT('',(0.914634146341,-0.205125642294,
    -0.679999999999));
#7409 = VECTOR('',#7410,1.);
#7410 = DIRECTION('',(-1.,0.,0.));
#7411 = ORIENTED_EDGE('',*,*,#7278,.T.);
#7412 = PLANE('',#7413);
#7413 = AXIS2_PLACEMENT_3D('',#7414,#7415,#7416);
#7414 = CARTESIAN_POINT('',(0.914634146341,-0.205125642294,
    -0.679999999999));
#7415 = DIRECTION('',(0.,-1.,0.));
#7416 = DIRECTION('',(0.,0.,-1.));
#7417 = ADVANCED_FACE('',(#7418),#7426,.F.);
#7418 = FACE_BOUND('',#7419,.T.);
#7419 = EDGE_LOOP('',(#7420,#7421,#7422,#7423,#7424,#7425));
#7420 = ORIENTED_EDGE('',*,*,#7286,.F.);
#7421 = ORIENTED_EDGE('',*,*,#7406,.F.);
#7422 = ORIENTED_EDGE('',*,*,#7382,.F.);
#7423 = ORIENTED_EDGE('',*,*,#7358,.F.);
#7424 = ORIENTED_EDGE('',*,*,#7334,.F.);
#7425 = ORIENTED_EDGE('',*,*,#7310,.F.);
#7426 = PLANE('',#7427);
#7427 = AXIS2_PLACEMENT_3D('',#7428,#7429,#7430);
#7428 = CARTESIAN_POINT('',(0.,0.,-0.679999999999));
#7429 = DIRECTION('',(0.,0.,1.));
#7430 = DIRECTION('',(1.,0.,-0.));
#7431 = ADVANCED_FACE('',(#7432),#7440,.T.);
#7432 = FACE_BOUND('',#7433,.T.);
#7433 = EDGE_LOOP('',(#7434,#7435,#7436,#7437,#7438,#7439));
#7434 = ORIENTED_EDGE('',*,*,#5739,.T.);
#7435 = ORIENTED_EDGE('',*,*,#5708,.T.);
#7436 = ORIENTED_EDGE('',*,*,#5863,.T.);
#7437 = ORIENTED_EDGE('',*,*,#5825,.T.);
#7438 = ORIENTED_EDGE('',*,*,#5801,.T.);
#7439 = ORIENTED_EDGE('',*,*,#5763,.T.);
#7440 = PLANE('',#7441);
#7441 = AXIS2_PLACEMENT_3D('',#7442,#7443,#7444);
#7442 = CARTESIAN_POINT('',(-2.249999999999,-1.749999999999,
    -0.699999999999));
#7443 = DIRECTION('',(0.,0.,-1.));
#7444 = DIRECTION('',(1.,0.,0.));
#7445 = ADVANCED_FACE('',(#7446),#7453,.T.);
#7446 = FACE_BOUND('',#7447,.T.);
#7447 = EDGE_LOOP('',(#7448,#7449,#7450,#7451,#7452));
#7448 = ORIENTED_EDGE('',*,*,#6218,.T.);
#7449 = ORIENTED_EDGE('',*,*,#6187,.T.);
#7450 = ORIENTED_EDGE('',*,*,#6390,.T.);
#7451 = ORIENTED_EDGE('',*,*,#6366,.T.);
#7452 = ORIENTED_EDGE('',*,*,#6292,.T.);
#7453 = PLANE('',#7454);
#7454 = AXIS2_PLACEMENT_3D('',#7455,#7456,#7457);
#7455 = CARTESIAN_POINT('',(-2.249999999999,-1.749999999999,
    -0.699999999999));
#7456 = DIRECTION('',(0.,0.,-1.));
#7457 = DIRECTION('',(1.,0.,0.));
#7458 = ( GEOMETRIC_REPRESENTATION_CONTEXT(3) 
GLOBAL_UNCERTAINTY_ASSIGNED_CONTEXT((#7462)) 
GLOBAL_UNIT_ASSIGNED_CONTEXT((#7459,#7460,#7461)) REPRESENTATION_CONTEXT
('Context #1','3D Context with UNIT and UNCERTAINTY') );
#7459 = ( LENGTH_UNIT() NAMED_UNIT(*) SI_UNIT(.MILLI.,.METRE.) );
#7460 = ( NAMED_UNIT(*) PLANE_ANGLE_UNIT() SI_UNIT($,.RADIAN.) );
#7461 = ( NAMED_UNIT(*) SI_UNIT($,.STERADIAN.) SOLID_ANGLE_UNIT() );
#7462 = UNCERTAINTY_MEASURE_WITH_UNIT(LENGTH_MEASURE(5.E-06),#7459,
  'distance_accuracy_value','confusion accuracy');
#7463 = CONTEXT_DEPENDENT_SHAPE_REPRESENTATION(#7464,#7466);
#7464 = ( REPRESENTATION_RELATIONSHIP('','',#107,#32) 
REPRESENTATION_RELATIONSHIP_WITH_TRANSFORMATION(#7465) 
SHAPE_REPRESENTATION_RELATIONSHIP() );
#7465 = ITEM_DEFINED_TRANSFORMATION('','',#11,#33);
#7466 = PRODUCT_DEFINITION_SHAPE('Placement','Placement of an item',
  #7467);
#7467 = NEXT_ASSEMBLY_USAGE_OCCURRENCE('115',
  'SOP-8_L4.9-W3.9-P1.27-LS6.0-BL~SOP-8_L4.9-W3.9-P1.27-LS6.0-BL-1~L6m6'
  ,'',#27,#102,$);
#7468 = PRODUCT_RELATED_PRODUCT_CATEGORY('part',$,(#104));
#7469 = SHAPE_DEFINITION_REPRESENTATION(#7470,#7476);
#7470 = PRODUCT_DEFINITION_SHAPE('','',#7471);
#7471 = PRODUCT_DEFINITION('design','',#7472,#7475);
#7472 = PRODUCT_DEFINITION_FORMATION('','',#7473);
#7473 = PRODUCT(
'SOP-8_L4.9-W3.9-P1.27-LS6.0-BL~SOP-8_L4.9-W3.9-P1.27-LS6.0-BL-1~L6m001'
  ,
'SOP-8_L4.9-W3.9-P1.27-LS6.0-BL~SOP-8_L4.9-W3.9-P1.27-LS6.0-BL-1~L6m001'
  ,'',(#7474));
#7474 = PRODUCT_CONTEXT('',#2,'mechanical');
#7475 = PRODUCT_DEFINITION_CONTEXT('part definition',#2,'design');
#7476 = ADVANCED_BREP_SHAPE_REPRESENTATION('',(#11,#7477),#7693);
#7477 = MANIFOLD_SOLID_BREP('',#7478);
#7478 = CLOSED_SHELL('',(#7479,#7519,#7550,#7581,#7612,#7643,#7665,#7679
    ));
#7479 = ADVANCED_FACE('',(#7480),#7514,.F.);
#7480 = FACE_BOUND('',#7481,.T.);
#7481 = EDGE_LOOP('',(#7482,#7492,#7500,#7508));
#7482 = ORIENTED_EDGE('',*,*,#7483,.T.);
#7483 = EDGE_CURVE('',#7484,#7486,#7488,.T.);
#7484 = VERTEX_POINT('',#7485);
#7485 = CARTESIAN_POINT('',(1.270992369322,1.294330290534,0.699999999999
    ));
#7486 = VERTEX_POINT('',#7487);
#7487 = CARTESIAN_POINT('',(1.270992369322,1.310560911607,0.699999999999
    ));
#7488 = LINE('',#7489,#7490);
#7489 = CARTESIAN_POINT('',(1.270992369322,1.310560911607,0.699999999999
    ));
#7490 = VECTOR('',#7491,1.);
#7491 = DIRECTION('',(0.,1.,0.));
#7492 = ORIENTED_EDGE('',*,*,#7493,.F.);
#7493 = EDGE_CURVE('',#7494,#7486,#7496,.T.);
#7494 = VERTEX_POINT('',#7495);
#7495 = CARTESIAN_POINT('',(1.270992369322,1.310560911607,0.701));
#7496 = LINE('',#7497,#7498);
#7497 = CARTESIAN_POINT('',(1.270992369322,1.310560911607,0.701));
#7498 = VECTOR('',#7499,1.);
#7499 = DIRECTION('',(0.,0.,-1.));
#7500 = ORIENTED_EDGE('',*,*,#7501,.F.);
#7501 = EDGE_CURVE('',#7502,#7494,#7504,.T.);
#7502 = VERTEX_POINT('',#7503);
#7503 = CARTESIAN_POINT('',(1.270992369322,1.294330290534,0.701));
#7504 = LINE('',#7505,#7506);
#7505 = CARTESIAN_POINT('',(1.270992369322,1.310560911607,0.701));
#7506 = VECTOR('',#7507,1.);
#7507 = DIRECTION('',(0.,1.,0.));
#7508 = ORIENTED_EDGE('',*,*,#7509,.T.);
#7509 = EDGE_CURVE('',#7502,#7484,#7510,.T.);
#7510 = LINE('',#7511,#7512);
#7511 = CARTESIAN_POINT('',(1.270992369322,1.294330290534,0.701));
#7512 = VECTOR('',#7513,1.);
#7513 = DIRECTION('',(0.,0.,-1.));
#7514 = PLANE('',#7515);
#7515 = AXIS2_PLACEMENT_3D('',#7516,#7517,#7518);
#7516 = CARTESIAN_POINT('',(1.270992369322,1.310560911607,0.701));
#7517 = DIRECTION('',(-1.,0.,0.));
#7518 = DIRECTION('',(0.,0.,1.));
#7519 = ADVANCED_FACE('',(#7520),#7545,.F.);
#7520 = FACE_BOUND('',#7521,.T.);
#7521 = EDGE_LOOP('',(#7522,#7530,#7538,#7544));
#7522 = ORIENTED_EDGE('',*,*,#7523,.T.);
#7523 = EDGE_CURVE('',#7486,#7524,#7526,.T.);
#7524 = VERTEX_POINT('',#7525);
#7525 = CARTESIAN_POINT('',(1.214294370145,1.310560911607,0.699999999999
    ));
#7526 = LINE('',#7527,#7528);
#7527 = CARTESIAN_POINT('',(1.214294370145,1.310560911607,0.699999999999
    ));
#7528 = VECTOR('',#7529,1.);
#7529 = DIRECTION('',(-1.,0.,0.));
#7530 = ORIENTED_EDGE('',*,*,#7531,.F.);
#7531 = EDGE_CURVE('',#7532,#7524,#7534,.T.);
#7532 = VERTEX_POINT('',#7533);
#7533 = CARTESIAN_POINT('',(1.214294370145,1.310560911607,0.701));
#7534 = LINE('',#7535,#7536);
#7535 = CARTESIAN_POINT('',(1.214294370145,1.310560911607,0.701));
#7536 = VECTOR('',#7537,1.);
#7537 = DIRECTION('',(0.,0.,-1.));
#7538 = ORIENTED_EDGE('',*,*,#7539,.F.);
#7539 = EDGE_CURVE('',#7494,#7532,#7540,.T.);
#7540 = LINE('',#7541,#7542);
#7541 = CARTESIAN_POINT('',(1.214294370145,1.310560911607,0.701));
#7542 = VECTOR('',#7543,1.);
#7543 = DIRECTION('',(-1.,0.,0.));
#7544 = ORIENTED_EDGE('',*,*,#7493,.T.);
#7545 = PLANE('',#7546);
#7546 = AXIS2_PLACEMENT_3D('',#7547,#7548,#7549);
#7547 = CARTESIAN_POINT('',(1.214294370145,1.310560911607,0.701));
#7548 = DIRECTION('',(0.,-1.,0.));
#7549 = DIRECTION('',(0.,0.,-1.));
#7550 = ADVANCED_FACE('',(#7551),#7576,.F.);
#7551 = FACE_BOUND('',#7552,.T.);
#7552 = EDGE_LOOP('',(#7553,#7561,#7569,#7575));
#7553 = ORIENTED_EDGE('',*,*,#7554,.T.);
#7554 = EDGE_CURVE('',#7524,#7555,#7557,.T.);
#7555 = VERTEX_POINT('',#7556);
#7556 = CARTESIAN_POINT('',(1.214294370145,1.436693944436,0.699999999999
    ));
#7557 = LINE('',#7558,#7559);
#7558 = CARTESIAN_POINT('',(1.214294370145,1.436693944436,0.699999999999
    ));
#7559 = VECTOR('',#7560,1.);
#7560 = DIRECTION('',(0.,1.,0.));
#7561 = ORIENTED_EDGE('',*,*,#7562,.F.);
#7562 = EDGE_CURVE('',#7563,#7555,#7565,.T.);
#7563 = VERTEX_POINT('',#7564);
#7564 = CARTESIAN_POINT('',(1.214294370145,1.436693944436,0.701));
#7565 = LINE('',#7566,#7567);
#7566 = CARTESIAN_POINT('',(1.214294370145,1.436693944436,0.701));
#7567 = VECTOR('',#7568,1.);
#7568 = DIRECTION('',(0.,0.,-1.));
#7569 = ORIENTED_EDGE('',*,*,#7570,.F.);
#7570 = EDGE_CURVE('',#7532,#7563,#7571,.T.);
#7571 = LINE('',#7572,#7573);
#7572 = CARTESIAN_POINT('',(1.214294370145,1.436693944436,0.701));
#7573 = VECTOR('',#7574,1.);
#7574 = DIRECTION('',(0.,1.,0.));
#7575 = ORIENTED_EDGE('',*,*,#7531,.T.);
#7576 = PLANE('',#7577);
#7577 = AXIS2_PLACEMENT_3D('',#7578,#7579,#7580);
#7578 = CARTESIAN_POINT('',(1.214294370145,1.436693944436,0.701));
#7579 = DIRECTION('',(-1.,0.,0.));
#7580 = DIRECTION('',(0.,0.,1.));
#7581 = ADVANCED_FACE('',(#7582),#7607,.F.);
#7582 = FACE_BOUND('',#7583,.T.);
#7583 = EDGE_LOOP('',(#7584,#7592,#7600,#7606));
#7584 = ORIENTED_EDGE('',*,*,#7585,.T.);
#7585 = EDGE_CURVE('',#7555,#7586,#7588,.T.);
#7586 = VERTEX_POINT('',#7587);
#7587 = CARTESIAN_POINT('',(1.195916648974,1.436693944436,0.699999999999
    ));
#7588 = LINE('',#7589,#7590);
#7589 = CARTESIAN_POINT('',(1.195916648974,1.436693944436,0.699999999999
    ));
#7590 = VECTOR('',#7591,1.);
#7591 = DIRECTION('',(-1.,0.,0.));
#7592 = ORIENTED_EDGE('',*,*,#7593,.F.);
#7593 = EDGE_CURVE('',#7594,#7586,#7596,.T.);
#7594 = VERTEX_POINT('',#7595);
#7595 = CARTESIAN_POINT('',(1.195916648974,1.436693944436,0.701));
#7596 = LINE('',#7597,#7598);
#7597 = CARTESIAN_POINT('',(1.195916648974,1.436693944436,0.701));
#7598 = VECTOR('',#7599,1.);
#7599 = DIRECTION('',(0.,0.,-1.));
#7600 = ORIENTED_EDGE('',*,*,#7601,.F.);
#7601 = EDGE_CURVE('',#7563,#7594,#7602,.T.);
#7602 = LINE('',#7603,#7604);
#7603 = CARTESIAN_POINT('',(1.195916648974,1.436693944436,0.701));
#7604 = VECTOR('',#7605,1.);
#7605 = DIRECTION('',(-1.,0.,0.));
#7606 = ORIENTED_EDGE('',*,*,#7562,.T.);
#7607 = PLANE('',#7608);
#7608 = AXIS2_PLACEMENT_3D('',#7609,#7610,#7611);
#7609 = CARTESIAN_POINT('',(1.195916648974,1.436693944436,0.701));
#7610 = DIRECTION('',(0.,-1.,0.));
#7611 = DIRECTION('',(0.,0.,-1.));
#7612 = ADVANCED_FACE('',(#7613),#7638,.F.);
#7613 = FACE_BOUND('',#7614,.T.);
#7614 = EDGE_LOOP('',(#7615,#7623,#7631,#7637));
#7615 = ORIENTED_EDGE('',*,*,#7616,.T.);
#7616 = EDGE_CURVE('',#7586,#7617,#7619,.T.);
#7617 = VERTEX_POINT('',#7618);
#7618 = CARTESIAN_POINT('',(1.195916648974,1.294330290534,0.699999999999
    ));
#7619 = LINE('',#7620,#7621);
#7620 = CARTESIAN_POINT('',(1.195916648974,1.294330290534,0.699999999999
    ));
#7621 = VECTOR('',#7622,1.);
#7622 = DIRECTION('',(0.,-1.,0.));
#7623 = ORIENTED_EDGE('',*,*,#7624,.F.);
#7624 = EDGE_CURVE('',#7625,#7617,#7627,.T.);
#7625 = VERTEX_POINT('',#7626);
#7626 = CARTESIAN_POINT('',(1.195916648974,1.294330290534,0.701));
#7627 = LINE('',#7628,#7629);
#7628 = CARTESIAN_POINT('',(1.195916648974,1.294330290534,0.701));
#7629 = VECTOR('',#7630,1.);
#7630 = DIRECTION('',(0.,0.,-1.));
#7631 = ORIENTED_EDGE('',*,*,#7632,.F.);
#7632 = EDGE_CURVE('',#7594,#7625,#7633,.T.);
#7633 = LINE('',#7634,#7635);
#7634 = CARTESIAN_POINT('',(1.195916648974,1.294330290534,0.701));
#7635 = VECTOR('',#7636,1.);
#7636 = DIRECTION('',(0.,-1.,0.));
#7637 = ORIENTED_EDGE('',*,*,#7593,.T.);
#7638 = PLANE('',#7639);
#7639 = AXIS2_PLACEMENT_3D('',#7640,#7641,#7642);
#7640 = CARTESIAN_POINT('',(1.195916648974,1.294330290534,0.701));
#7641 = DIRECTION('',(1.,0.,0.));
#7642 = DIRECTION('',(0.,0.,-1.));
#7643 = ADVANCED_FACE('',(#7644),#7660,.F.);
#7644 = FACE_BOUND('',#7645,.T.);
#7645 = EDGE_LOOP('',(#7646,#7652,#7653,#7659));
#7646 = ORIENTED_EDGE('',*,*,#7647,.T.);
#7647 = EDGE_CURVE('',#7617,#7484,#7648,.T.);
#7648 = LINE('',#7649,#7650);
#7649 = CARTESIAN_POINT('',(1.270992369322,1.294330290534,0.699999999999
    ));
#7650 = VECTOR('',#7651,1.);
#7651 = DIRECTION('',(1.,0.,0.));
#7652 = ORIENTED_EDGE('',*,*,#7509,.F.);
#7653 = ORIENTED_EDGE('',*,*,#7654,.F.);
#7654 = EDGE_CURVE('',#7625,#7502,#7655,.T.);
#7655 = LINE('',#7656,#7657);
#7656 = CARTESIAN_POINT('',(1.270992369322,1.294330290534,0.701));
#7657 = VECTOR('',#7658,1.);
#7658 = DIRECTION('',(1.,0.,0.));
#7659 = ORIENTED_EDGE('',*,*,#7624,.T.);
#7660 = PLANE('',#7661);
#7661 = AXIS2_PLACEMENT_3D('',#7662,#7663,#7664);
#7662 = CARTESIAN_POINT('',(1.270992369322,1.294330290534,0.701));
#7663 = DIRECTION('',(0.,1.,0.));
#7664 = DIRECTION('',(0.,-0.,1.));
#7665 = ADVANCED_FACE('',(#7666),#7674,.F.);
#7666 = FACE_BOUND('',#7667,.T.);
#7667 = EDGE_LOOP('',(#7668,#7669,#7670,#7671,#7672,#7673));
#7668 = ORIENTED_EDGE('',*,*,#7501,.T.);
#7669 = ORIENTED_EDGE('',*,*,#7539,.T.);
#7670 = ORIENTED_EDGE('',*,*,#7570,.T.);
#7671 = ORIENTED_EDGE('',*,*,#7601,.T.);
#7672 = ORIENTED_EDGE('',*,*,#7632,.T.);
#7673 = ORIENTED_EDGE('',*,*,#7654,.T.);
#7674 = PLANE('',#7675);
#7675 = AXIS2_PLACEMENT_3D('',#7676,#7677,#7678);
#7676 = CARTESIAN_POINT('',(0.,0.,0.701));
#7677 = DIRECTION('',(0.,0.,-1.));
#7678 = DIRECTION('',(-1.,0.,0.));
#7679 = ADVANCED_FACE('',(#7680),#7688,.T.);
#7680 = FACE_BOUND('',#7681,.T.);
#7681 = EDGE_LOOP('',(#7682,#7683,#7684,#7685,#7686,#7687));
#7682 = ORIENTED_EDGE('',*,*,#7483,.F.);
#7683 = ORIENTED_EDGE('',*,*,#7647,.F.);
#7684 = ORIENTED_EDGE('',*,*,#7616,.F.);
#7685 = ORIENTED_EDGE('',*,*,#7585,.F.);
#7686 = ORIENTED_EDGE('',*,*,#7554,.F.);
#7687 = ORIENTED_EDGE('',*,*,#7523,.F.);
#7688 = PLANE('',#7689);
#7689 = AXIS2_PLACEMENT_3D('',#7690,#7691,#7692);
#7690 = CARTESIAN_POINT('',(0.,0.,0.699999999999));
#7691 = DIRECTION('',(0.,0.,-1.));
#7692 = DIRECTION('',(-1.,0.,0.));
#7693 = ( GEOMETRIC_REPRESENTATION_CONTEXT(3) 
GLOBAL_UNCERTAINTY_ASSIGNED_CONTEXT((#7697)) 
GLOBAL_UNIT_ASSIGNED_CONTEXT((#7694,#7695,#7696)) REPRESENTATION_CONTEXT
('Context #1','3D Context with UNIT and UNCERTAINTY') );
#7694 = ( LENGTH_UNIT() NAMED_UNIT(*) SI_UNIT(.MILLI.,.METRE.) );
#7695 = ( NAMED_UNIT(*) PLANE_ANGLE_UNIT() SI_UNIT($,.RADIAN.) );
#7696 = ( NAMED_UNIT(*) SI_UNIT($,.STERADIAN.) SOLID_ANGLE_UNIT() );
#7697 = UNCERTAINTY_MEASURE_WITH_UNIT(LENGTH_MEASURE(1.E-07),#7694,
  'distance_accuracy_value','confusion accuracy');
#7698 = CONTEXT_DEPENDENT_SHAPE_REPRESENTATION(#7699,#7701);
#7699 = ( REPRESENTATION_RELATIONSHIP('','',#7476,#32) 
REPRESENTATION_RELATIONSHIP_WITH_TRANSFORMATION(#7700) 
SHAPE_REPRESENTATION_RELATIONSHIP() );
#7700 = ITEM_DEFINED_TRANSFORMATION('','',#11,#37);
#7701 = PRODUCT_DEFINITION_SHAPE('Placement','Placement of an item',
  #7702);
#7702 = NEXT_ASSEMBLY_USAGE_OCCURRENCE('116',
'SOP-8_L4.9-W3.9-P1.27-LS6.0-BL~SOP-8_L4.9-W3.9-P1.27-LS6.0-BL-1~L6m001'
  ,'',#27,#7471,$);
#7703 = PRODUCT_RELATED_PRODUCT_CATEGORY('part',$,(#7473));
#7704 = SHAPE_DEFINITION_REPRESENTATION(#7705,#7711);
#7705 = PRODUCT_DEFINITION_SHAPE('','',#7706);
#7706 = PRODUCT_DEFINITION('design','',#7707,#7710);
#7707 = PRODUCT_DEFINITION_FORMATION('','',#7708);
#7708 = PRODUCT(
'SOP-8_L4.9-W3.9-P1.27-LS6.0-BL~SOP-8_L4.9-W3.9-P1.27-LS6.0-BL-1~L6m002'
  ,
'SOP-8_L4.9-W3.9-P1.27-LS6.0-BL~SOP-8_L4.9-W3.9-P1.27-LS6.0-BL-1~L6m002'
  ,'',(#7709));
#7709 = PRODUCT_CONTEXT('',#2,'mechanical');
#7710 = PRODUCT_DEFINITION_CONTEXT('part definition',#2,'design');
#7711 = ADVANCED_BREP_SHAPE_REPRESENTATION('',(#11,#7712),#8264);
#7712 = MANIFOLD_SOLID_BREP('',#7713);
#7713 = CLOSED_SHELL('',(#7714,#7760,#7791,#7828,#7865,#7902,#7939,#7976
    ,#8013,#8044,#8081,#8118,#8155,#8192,#8220,#8242));
#7714 = ADVANCED_FACE('',(#7715),#7751,.F.);
#7715 = FACE_BOUND('',#7716,.F.);
#7716 = EDGE_LOOP('',(#7717,#7727,#7736,#7744));
#7717 = ORIENTED_EDGE('',*,*,#7718,.F.);
#7718 = EDGE_CURVE('',#7719,#7721,#7723,.T.);
#7719 = VERTEX_POINT('',#7720);
#7720 = CARTESIAN_POINT('',(1.343993772627,1.291928449747,0.701));
#7721 = VERTEX_POINT('',#7722);
#7722 = CARTESIAN_POINT('',(1.343993772627,1.291928449747,0.7));
#7723 = LINE('',#7724,#7725);
#7724 = CARTESIAN_POINT('',(1.343993772627,1.291928449747,0.701));
#7725 = VECTOR('',#7726,1.);
#7726 = DIRECTION('',(0.,0.,-1.));
#7727 = ORIENTED_EDGE('',*,*,#7728,.T.);
#7728 = EDGE_CURVE('',#7719,#7729,#7731,.T.);
#7729 = VERTEX_POINT('',#7730);
#7730 = CARTESIAN_POINT('',(1.383405796445,1.300225717919,0.701));
#7731 = B_SPLINE_CURVE_WITH_KNOTS('',3,(#7732,#7733,#7734,#7735),
  .UNSPECIFIED.,.F.,.F.,(4,4),(0.,1.),.PIECEWISE_BEZIER_KNOTS.);
#7732 = CARTESIAN_POINT('',(1.343993772627,1.291928449747,0.701));
#7733 = CARTESIAN_POINT('',(1.359787695375,1.291928449747,0.701));
#7734 = CARTESIAN_POINT('',(1.372925036648,1.294694205804,0.701));
#7735 = CARTESIAN_POINT('',(1.383405796445,1.300225717919,0.701));
#7736 = ORIENTED_EDGE('',*,*,#7737,.T.);
#7737 = EDGE_CURVE('',#7729,#7738,#7740,.T.);
#7738 = VERTEX_POINT('',#7739);
#7739 = CARTESIAN_POINT('',(1.383405796445,1.300225717919,0.699999999999
    ));
#7740 = LINE('',#7741,#7742);
#7741 = CARTESIAN_POINT('',(1.383405796445,1.300225717919,0.701));
#7742 = VECTOR('',#7743,1.);
#7743 = DIRECTION('',(0.,0.,-1.));
#7744 = ORIENTED_EDGE('',*,*,#7745,.F.);
#7745 = EDGE_CURVE('',#7721,#7738,#7746,.T.);
#7746 = B_SPLINE_CURVE_WITH_KNOTS('',3,(#7747,#7748,#7749,#7750),
  .UNSPECIFIED.,.F.,.F.,(4,4),(0.,1.),.PIECEWISE_BEZIER_KNOTS.);
#7747 = CARTESIAN_POINT('',(1.343993772627,1.291928449747,0.7));
#7748 = CARTESIAN_POINT('',(1.359787695375,1.291928449747,0.7));
#7749 = CARTESIAN_POINT('',(1.372925036648,1.294694205804,0.7));
#7750 = CARTESIAN_POINT('',(1.383405796445,1.300225717919,0.699999999999
    ));
#7751 = B_SPLINE_SURFACE_WITH_KNOTS('',3,1,(
    (#7752,#7753)
    ,(#7754,#7755)
    ,(#7756,#7757)
    ,(#7758,#7759
    )),.UNSPECIFIED.,.F.,.F.,.F.,(4,4),(2,2),(0.,1.),(0.,1.),
  .PIECEWISE_BEZIER_KNOTS.);
#7752 = CARTESIAN_POINT('',(1.343993772627,1.291928449747,0.701));
#7753 = CARTESIAN_POINT('',(1.343993772627,1.291928449747,0.699999999999
    ));
#7754 = CARTESIAN_POINT('',(1.359787695375,1.291928449747,0.701));
#7755 = CARTESIAN_POINT('',(1.359787695375,1.291928449747,0.699999999999
    ));
#7756 = CARTESIAN_POINT('',(1.372925036648,1.294694205804,0.701));
#7757 = CARTESIAN_POINT('',(1.372925036648,1.294694205804,0.699999999999
    ));
#7758 = CARTESIAN_POINT('',(1.383405796445,1.300225717919,0.701));
#7759 = CARTESIAN_POINT('',(1.383405796445,1.300225717919,0.699999999999
    ));
#7760 = ADVANCED_FACE('',(#7761),#7786,.F.);
#7761 = FACE_BOUND('',#7762,.T.);
#7762 = EDGE_LOOP('',(#7763,#7771,#7779,#7785));
#7763 = ORIENTED_EDGE('',*,*,#7764,.T.);
#7764 = EDGE_CURVE('',#7738,#7765,#7767,.T.);
#7765 = VERTEX_POINT('',#7766);
#7766 = CARTESIAN_POINT('',(1.383405796445,1.317839217022,0.699999999999
    ));
#7767 = LINE('',#7768,#7769);
#7768 = CARTESIAN_POINT('',(1.383405796445,1.317839217022,0.699999999999
    ));
#7769 = VECTOR('',#7770,1.);
#7770 = DIRECTION('',(0.,1.,0.));
#7771 = ORIENTED_EDGE('',*,*,#7772,.F.);
#7772 = EDGE_CURVE('',#7773,#7765,#7775,.T.);
#7773 = VERTEX_POINT('',#7774);
#7774 = CARTESIAN_POINT('',(1.383405796445,1.317839217022,0.701));
#7775 = LINE('',#7776,#7777);
#7776 = CARTESIAN_POINT('',(1.383405796445,1.317839217022,0.701));
#7777 = VECTOR('',#7778,1.);
#7778 = DIRECTION('',(0.,0.,-1.));
#7779 = ORIENTED_EDGE('',*,*,#7780,.F.);
#7780 = EDGE_CURVE('',#7729,#7773,#7781,.T.);
#7781 = LINE('',#7782,#7783);
#7782 = CARTESIAN_POINT('',(1.383405796445,1.317839217022,0.701));
#7783 = VECTOR('',#7784,1.);
#7784 = DIRECTION('',(0.,1.,0.));
#7785 = ORIENTED_EDGE('',*,*,#7737,.T.);
#7786 = PLANE('',#7787);
#7787 = AXIS2_PLACEMENT_3D('',#7788,#7789,#7790);
#7788 = CARTESIAN_POINT('',(1.383405796445,1.317839217022,0.701));
#7789 = DIRECTION('',(-1.,0.,0.));
#7790 = DIRECTION('',(0.,0.,1.));
#7791 = ADVANCED_FACE('',(#7792),#7819,.F.);
#7792 = FACE_BOUND('',#7793,.F.);
#7793 = EDGE_LOOP('',(#7794,#7795,#7804,#7812));
#7794 = ORIENTED_EDGE('',*,*,#7772,.F.);
#7795 = ORIENTED_EDGE('',*,*,#7796,.T.);
#7796 = EDGE_CURVE('',#7773,#7797,#7799,.T.);
#7797 = VERTEX_POINT('',#7798);
#7798 = CARTESIAN_POINT('',(1.346650354103,1.308304636929,0.701));
#7799 = B_SPLINE_CURVE_WITH_KNOTS('',3,(#7800,#7801,#7802,#7803),
  .UNSPECIFIED.,.F.,.F.,(4,4),(12.,13.),.PIECEWISE_BEZIER_KNOTS.);
#7800 = CARTESIAN_POINT('',(1.383405796445,1.317839217022,0.701));
#7801 = CARTESIAN_POINT('',(1.372997819702,1.311507091311,0.701));
#7802 = CARTESIAN_POINT('',(1.360733875079,1.308304636929,0.701));
#7803 = CARTESIAN_POINT('',(1.346650354103,1.308304636929,0.701));
#7804 = ORIENTED_EDGE('',*,*,#7805,.T.);
#7805 = EDGE_CURVE('',#7797,#7806,#7808,.T.);
#7806 = VERTEX_POINT('',#7807);
#7807 = CARTESIAN_POINT('',(1.346650354103,1.308304636929,0.7));
#7808 = LINE('',#7809,#7810);
#7809 = CARTESIAN_POINT('',(1.346650354103,1.308304636929,0.701));
#7810 = VECTOR('',#7811,1.);
#7811 = DIRECTION('',(0.,0.,-1.));
#7812 = ORIENTED_EDGE('',*,*,#7813,.F.);
#7813 = EDGE_CURVE('',#7765,#7806,#7814,.T.);
#7814 = B_SPLINE_CURVE_WITH_KNOTS('',3,(#7815,#7816,#7817,#7818),
  .UNSPECIFIED.,.F.,.F.,(4,4),(12.,13.),.PIECEWISE_BEZIER_KNOTS.);
#7815 = CARTESIAN_POINT('',(1.383405796445,1.317839217022,0.699999999999
    ));
#7816 = CARTESIAN_POINT('',(1.372997819702,1.311507091311,0.7));
#7817 = CARTESIAN_POINT('',(1.360733875079,1.308304636929,0.7));
#7818 = CARTESIAN_POINT('',(1.346650354103,1.308304636929,0.7));
#7819 = B_SPLINE_SURFACE_WITH_KNOTS('',3,1,(
    (#7820,#7821)
    ,(#7822,#7823)
    ,(#7824,#7825)
    ,(#7826,#7827
    )),.UNSPECIFIED.,.F.,.F.,.F.,(4,4),(2,2),(12.,13.),(0.,1.),
  .PIECEWISE_BEZIER_KNOTS.);
#7820 = CARTESIAN_POINT('',(1.383405796445,1.317839217022,0.701));
#7821 = CARTESIAN_POINT('',(1.383405796445,1.317839217022,0.699999999999
    ));
#7822 = CARTESIAN_POINT('',(1.372997819702,1.311507091311,0.701));
#7823 = CARTESIAN_POINT('',(1.372997819702,1.311507091311,0.699999999999
    ));
#7824 = CARTESIAN_POINT('',(1.360733875079,1.308304636929,0.701));
#7825 = CARTESIAN_POINT('',(1.360733875079,1.308304636929,0.699999999999
    ));
#7826 = CARTESIAN_POINT('',(1.346650354103,1.308304636929,0.701));
#7827 = CARTESIAN_POINT('',(1.346650354103,1.308304636929,0.699999999999
    ));
#7828 = ADVANCED_FACE('',(#7829),#7856,.F.);
#7829 = FACE_BOUND('',#7830,.F.);
#7830 = EDGE_LOOP('',(#7831,#7832,#7841,#7849));
#7831 = ORIENTED_EDGE('',*,*,#7805,.F.);
#7832 = ORIENTED_EDGE('',*,*,#7833,.T.);
#7833 = EDGE_CURVE('',#7797,#7834,#7836,.T.);
#7834 = VERTEX_POINT('',#7835);
#7835 = CARTESIAN_POINT('',(1.310076869396,1.323297946082,0.701));
#7836 = B_SPLINE_CURVE_WITH_KNOTS('',3,(#7837,#7838,#7839,#7840),
  .UNSPECIFIED.,.F.,.F.,(4,4),(11.,12.),.PIECEWISE_BEZIER_KNOTS.);
#7837 = CARTESIAN_POINT('',(1.346650354103,1.308304636929,0.701));
#7838 = CARTESIAN_POINT('',(1.331584261895,1.308304636929,0.701));
#7839 = CARTESIAN_POINT('',(1.319393100326,1.313326667664,0.701));
#7840 = CARTESIAN_POINT('',(1.310076869396,1.323297946082,0.701));
#7841 = ORIENTED_EDGE('',*,*,#7842,.T.);
#7842 = EDGE_CURVE('',#7834,#7843,#7845,.T.);
#7843 = VERTEX_POINT('',#7844);
#7844 = CARTESIAN_POINT('',(1.310076869396,1.323297946082,0.7));
#7845 = LINE('',#7846,#7847);
#7846 = CARTESIAN_POINT('',(1.310076869396,1.323297946082,0.701));
#7847 = VECTOR('',#7848,1.);
#7848 = DIRECTION('',(0.,0.,-1.));
#7849 = ORIENTED_EDGE('',*,*,#7850,.F.);
#7850 = EDGE_CURVE('',#7806,#7843,#7851,.T.);
#7851 = B_SPLINE_CURVE_WITH_KNOTS('',3,(#7852,#7853,#7854,#7855),
  .UNSPECIFIED.,.F.,.F.,(4,4),(11.,12.),.PIECEWISE_BEZIER_KNOTS.);
#7852 = CARTESIAN_POINT('',(1.346650354103,1.308304636929,0.7));
#7853 = CARTESIAN_POINT('',(1.331584261895,1.308304636929,0.7));
#7854 = CARTESIAN_POINT('',(1.319393100326,1.313326667664,0.7));
#7855 = CARTESIAN_POINT('',(1.310076869396,1.323297946082,0.7));
#7856 = B_SPLINE_SURFACE_WITH_KNOTS('',3,1,(
    (#7857,#7858)
    ,(#7859,#7860)
    ,(#7861,#7862)
    ,(#7863,#7864
    )),.UNSPECIFIED.,.F.,.F.,.F.,(4,4),(2,2),(11.,12.),(0.,1.),
  .PIECEWISE_BEZIER_KNOTS.);
#7857 = CARTESIAN_POINT('',(1.346650354103,1.308304636929,0.701));
#7858 = CARTESIAN_POINT('',(1.346650354103,1.308304636929,0.7));
#7859 = CARTESIAN_POINT('',(1.331584261895,1.308304636929,0.701));
#7860 = CARTESIAN_POINT('',(1.331584261895,1.308304636929,0.7));
#7861 = CARTESIAN_POINT('',(1.319393100326,1.313326667664,0.701));
#7862 = CARTESIAN_POINT('',(1.319393100326,1.313326667664,0.7));
#7863 = CARTESIAN_POINT('',(1.310076869396,1.323297946082,0.701));
#7864 = CARTESIAN_POINT('',(1.310076869396,1.323297946082,0.7));
#7865 = ADVANCED_FACE('',(#7866),#7893,.F.);
#7866 = FACE_BOUND('',#7867,.F.);
#7867 = EDGE_LOOP('',(#7868,#7869,#7878,#7886));
#7868 = ORIENTED_EDGE('',*,*,#7842,.F.);
#7869 = ORIENTED_EDGE('',*,*,#7870,.T.);
#7870 = EDGE_CURVE('',#7834,#7871,#7873,.T.);
#7871 = VERTEX_POINT('',#7872);
#7872 = CARTESIAN_POINT('',(1.296102523001,1.363910890294,0.701));
#7873 = B_SPLINE_CURVE_WITH_KNOTS('',3,(#7874,#7875,#7876,#7877),
  .UNSPECIFIED.,.F.,.F.,(4,4),(10.,11.),.PIECEWISE_BEZIER_KNOTS.);
#7874 = CARTESIAN_POINT('',(1.310076869396,1.323297946082,0.701));
#7875 = CARTESIAN_POINT('',(1.300760638466,1.333342007554,0.701));
#7876 = CARTESIAN_POINT('',(1.296102523001,1.346879655625,0.701));
#7877 = CARTESIAN_POINT('',(1.296102523001,1.363910890294,0.701));
#7878 = ORIENTED_EDGE('',*,*,#7879,.T.);
#7879 = EDGE_CURVE('',#7871,#7880,#7882,.T.);
#7880 = VERTEX_POINT('',#7881);
#7881 = CARTESIAN_POINT('',(1.296102523001,1.363910890294,0.7));
#7882 = LINE('',#7883,#7884);
#7883 = CARTESIAN_POINT('',(1.296102523001,1.363910890294,0.701));
#7884 = VECTOR('',#7885,1.);
#7885 = DIRECTION('',(0.,0.,-1.));
#7886 = ORIENTED_EDGE('',*,*,#7887,.F.);
#7887 = EDGE_CURVE('',#7843,#7880,#7888,.T.);
#7888 = B_SPLINE_CURVE_WITH_KNOTS('',3,(#7889,#7890,#7891,#7892),
  .UNSPECIFIED.,.F.,.F.,(4,4),(10.,11.),.PIECEWISE_BEZIER_KNOTS.);
#7889 = CARTESIAN_POINT('',(1.310076869396,1.323297946082,0.7));
#7890 = CARTESIAN_POINT('',(1.300760638466,1.333342007554,0.7));
#7891 = CARTESIAN_POINT('',(1.296102523001,1.346879655625,0.7));
#7892 = CARTESIAN_POINT('',(1.296102523001,1.363910890294,0.7));
#7893 = B_SPLINE_SURFACE_WITH_KNOTS('',3,1,(
    (#7894,#7895)
    ,(#7896,#7897)
    ,(#7898,#7899)
    ,(#7900,#7901
    )),.UNSPECIFIED.,.F.,.F.,.F.,(4,4),(2,2),(10.,11.),(0.,1.),
  .PIECEWISE_BEZIER_KNOTS.);
#7894 = CARTESIAN_POINT('',(1.310076869396,1.323297946082,0.701));
#7895 = CARTESIAN_POINT('',(1.310076869396,1.323297946082,0.7));
#7896 = CARTESIAN_POINT('',(1.300760638466,1.333342007554,0.701));
#7897 = CARTESIAN_POINT('',(1.300760638466,1.333342007554,0.7));
#7898 = CARTESIAN_POINT('',(1.296102523001,1.346879655625,0.701));
#7899 = CARTESIAN_POINT('',(1.296102523001,1.346879655625,0.7));
#7900 = CARTESIAN_POINT('',(1.296102523001,1.363910890294,0.701));
#7901 = CARTESIAN_POINT('',(1.296102523001,1.363910890294,0.7));
#7902 = ADVANCED_FACE('',(#7903),#7930,.F.);
#7903 = FACE_BOUND('',#7904,.F.);
#7904 = EDGE_LOOP('',(#7905,#7906,#7915,#7923));
#7905 = ORIENTED_EDGE('',*,*,#7879,.F.);
#7906 = ORIENTED_EDGE('',*,*,#7907,.T.);
#7907 = EDGE_CURVE('',#7871,#7908,#7910,.T.);
#7908 = VERTEX_POINT('',#7909);
#7909 = CARTESIAN_POINT('',(1.311059440627,1.406707326129,0.701));
#7910 = B_SPLINE_CURVE_WITH_KNOTS('',3,(#7911,#7912,#7913,#7914),
  .UNSPECIFIED.,.F.,.F.,(4,4),(9.,10.),.PIECEWISE_BEZIER_KNOTS.);
#7911 = CARTESIAN_POINT('',(1.296102523001,1.363910890294,0.701));
#7912 = CARTESIAN_POINT('',(1.296102523001,1.381815521613,0.701));
#7913 = CARTESIAN_POINT('',(1.30108816221,1.396081000224,0.701));
#7914 = CARTESIAN_POINT('',(1.311059440627,1.406707326129,0.701));
#7915 = ORIENTED_EDGE('',*,*,#7916,.T.);
#7916 = EDGE_CURVE('',#7908,#7917,#7919,.T.);
#7917 = VERTEX_POINT('',#7918);
#7918 = CARTESIAN_POINT('',(1.311059440627,1.406707326129,0.7));
#7919 = LINE('',#7920,#7921);
#7920 = CARTESIAN_POINT('',(1.311059440627,1.406707326129,0.701));
#7921 = VECTOR('',#7922,1.);
#7922 = DIRECTION('',(0.,0.,-1.));
#7923 = ORIENTED_EDGE('',*,*,#7924,.F.);
#7924 = EDGE_CURVE('',#7880,#7917,#7925,.T.);
#7925 = B_SPLINE_CURVE_WITH_KNOTS('',3,(#7926,#7927,#7928,#7929),
  .UNSPECIFIED.,.F.,.F.,(4,4),(9.,10.),.PIECEWISE_BEZIER_KNOTS.);
#7926 = CARTESIAN_POINT('',(1.296102523001,1.363910890294,0.7));
#7927 = CARTESIAN_POINT('',(1.296102523001,1.381815521613,0.7));
#7928 = CARTESIAN_POINT('',(1.30108816221,1.396081000224,0.7));
#7929 = CARTESIAN_POINT('',(1.311059440627,1.406707326129,0.7));
#7930 = B_SPLINE_SURFACE_WITH_KNOTS('',3,1,(
    (#7931,#7932)
    ,(#7933,#7934)
    ,(#7935,#7936)
    ,(#7937,#7938
    )),.UNSPECIFIED.,.F.,.F.,.F.,(4,4),(2,2),(9.,10.),(0.,1.),
  .PIECEWISE_BEZIER_KNOTS.);
#7931 = CARTESIAN_POINT('',(1.296102523001,1.363910890294,0.701));
#7932 = CARTESIAN_POINT('',(1.296102523001,1.363910890294,0.7));
#7933 = CARTESIAN_POINT('',(1.296102523001,1.381815521613,0.701));
#7934 = CARTESIAN_POINT('',(1.296102523001,1.381815521613,0.7));
#7935 = CARTESIAN_POINT('',(1.30108816221,1.396081000224,0.701));
#7936 = CARTESIAN_POINT('',(1.30108816221,1.396081000224,0.7));
#7937 = CARTESIAN_POINT('',(1.311059440627,1.406707326129,0.701));
#7938 = CARTESIAN_POINT('',(1.311059440627,1.406707326129,0.7));
#7939 = ADVANCED_FACE('',(#7940),#7967,.F.);
#7940 = FACE_BOUND('',#7941,.F.);
#7941 = EDGE_LOOP('',(#7942,#7943,#7952,#7960));
#7942 = ORIENTED_EDGE('',*,*,#7916,.F.);
#7943 = ORIENTED_EDGE('',*,*,#7944,.T.);
#7944 = EDGE_CURVE('',#7908,#7945,#7947,.T.);
#7945 = VERTEX_POINT('',#7946);
#7946 = CARTESIAN_POINT('',(1.349852808485,1.422501248878,0.701));
#7947 = B_SPLINE_CURVE_WITH_KNOTS('',3,(#7948,#7949,#7950,#7951),
  .UNSPECIFIED.,.F.,.F.,(4,4),(8.,9.),.PIECEWISE_BEZIER_KNOTS.);
#7948 = CARTESIAN_POINT('',(1.311059440627,1.406707326129,0.701));
#7949 = CARTESIAN_POINT('',(1.321067110572,1.417260868979,0.701));
#7950 = CARTESIAN_POINT('',(1.333986102682,1.422501248878,0.701));
#7951 = CARTESIAN_POINT('',(1.349852808485,1.422501248878,0.701));
#7952 = ORIENTED_EDGE('',*,*,#7953,.T.);
#7953 = EDGE_CURVE('',#7945,#7954,#7956,.T.);
#7954 = VERTEX_POINT('',#7955);
#7955 = CARTESIAN_POINT('',(1.349852808485,1.422501248878,0.7));
#7956 = LINE('',#7957,#7958);
#7957 = CARTESIAN_POINT('',(1.349852808485,1.422501248878,0.701));
#7958 = VECTOR('',#7959,1.);
#7959 = DIRECTION('',(0.,0.,-1.));
#7960 = ORIENTED_EDGE('',*,*,#7961,.F.);
#7961 = EDGE_CURVE('',#7917,#7954,#7962,.T.);
#7962 = B_SPLINE_CURVE_WITH_KNOTS('',3,(#7963,#7964,#7965,#7966),
  .UNSPECIFIED.,.F.,.F.,(4,4),(8.,9.),.PIECEWISE_BEZIER_KNOTS.);
#7963 = CARTESIAN_POINT('',(1.311059440627,1.406707326129,0.7));
#7964 = CARTESIAN_POINT('',(1.321067110572,1.417260868979,0.7));
#7965 = CARTESIAN_POINT('',(1.333986102682,1.422501248878,0.7));
#7966 = CARTESIAN_POINT('',(1.349852808485,1.422501248878,0.7));
#7967 = B_SPLINE_SURFACE_WITH_KNOTS('',3,1,(
    (#7968,#7969)
    ,(#7970,#7971)
    ,(#7972,#7973)
    ,(#7974,#7975
    )),.UNSPECIFIED.,.F.,.F.,.F.,(4,4),(2,2),(8.,9.),(0.,1.),
  .PIECEWISE_BEZIER_KNOTS.);
#7968 = CARTESIAN_POINT('',(1.311059440627,1.406707326129,0.701));
#7969 = CARTESIAN_POINT('',(1.311059440627,1.406707326129,0.7));
#7970 = CARTESIAN_POINT('',(1.321067110572,1.417260868979,0.701));
#7971 = CARTESIAN_POINT('',(1.321067110572,1.417260868979,0.7));
#7972 = CARTESIAN_POINT('',(1.333986102682,1.422501248878,0.701));
#7973 = CARTESIAN_POINT('',(1.333986102682,1.422501248878,0.7));
#7974 = CARTESIAN_POINT('',(1.349852808485,1.422501248878,0.701));
#7975 = CARTESIAN_POINT('',(1.349852808485,1.422501248878,0.7));
#7976 = ADVANCED_FACE('',(#7977),#8004,.F.);
#7977 = FACE_BOUND('',#7978,.F.);
#7978 = EDGE_LOOP('',(#7979,#7980,#7989,#7997));
#7979 = ORIENTED_EDGE('',*,*,#7953,.F.);
#7980 = ORIENTED_EDGE('',*,*,#7981,.T.);
#7981 = EDGE_CURVE('',#7945,#7982,#7984,.T.);
#7982 = VERTEX_POINT('',#7983);
#7983 = CARTESIAN_POINT('',(1.383405796445,1.414058414598,0.701));
#7984 = B_SPLINE_CURVE_WITH_KNOTS('',3,(#7985,#7986,#7987,#7988),
  .UNSPECIFIED.,.F.,.F.,(4,4),(7.,8.),.PIECEWISE_BEZIER_KNOTS.);
#7985 = CARTESIAN_POINT('',(1.349852808485,1.422501248878,0.701));
#7986 = CARTESIAN_POINT('',(1.362043970054,1.422501248878,0.701));
#7987 = CARTESIAN_POINT('',(1.373216168865,1.41973549282,0.701));
#7988 = CARTESIAN_POINT('',(1.383405796445,1.414058414598,0.701));
#7989 = ORIENTED_EDGE('',*,*,#7990,.T.);
#7990 = EDGE_CURVE('',#7982,#7991,#7993,.T.);
#7991 = VERTEX_POINT('',#7992);
#7992 = CARTESIAN_POINT('',(1.383405796445,1.414058414598,0.7));
#7993 = LINE('',#7994,#7995);
#7994 = CARTESIAN_POINT('',(1.383405796445,1.414058414598,0.701));
#7995 = VECTOR('',#7996,1.);
#7996 = DIRECTION('',(0.,0.,-1.));
#7997 = ORIENTED_EDGE('',*,*,#7998,.F.);
#7998 = EDGE_CURVE('',#7954,#7991,#7999,.T.);
#7999 = B_SPLINE_CURVE_WITH_KNOTS('',3,(#8000,#8001,#8002,#8003),
  .UNSPECIFIED.,.F.,.F.,(4,4),(7.,8.),.PIECEWISE_BEZIER_KNOTS.);
#8000 = CARTESIAN_POINT('',(1.349852808485,1.422501248878,0.7));
#8001 = CARTESIAN_POINT('',(1.362043970054,1.422501248878,0.7));
#8002 = CARTESIAN_POINT('',(1.373216168865,1.41973549282,0.7));
#8003 = CARTESIAN_POINT('',(1.383405796445,1.414058414598,0.7));
#8004 = B_SPLINE_SURFACE_WITH_KNOTS('',3,1,(
    (#8005,#8006)
    ,(#8007,#8008)
    ,(#8009,#8010)
    ,(#8011,#8012
    )),.UNSPECIFIED.,.F.,.F.,.F.,(4,4),(2,2),(7.,8.),(0.,1.),
  .PIECEWISE_BEZIER_KNOTS.);
#8005 = CARTESIAN_POINT('',(1.349852808485,1.422501248878,0.701));
#8006 = CARTESIAN_POINT('',(1.349852808485,1.422501248878,0.7));
#8007 = CARTESIAN_POINT('',(1.362043970054,1.422501248878,0.701));
#8008 = CARTESIAN_POINT('',(1.362043970054,1.422501248878,0.7));
#8009 = CARTESIAN_POINT('',(1.373216168865,1.41973549282,0.701));
#8010 = CARTESIAN_POINT('',(1.373216168865,1.41973549282,0.7));
#8011 = CARTESIAN_POINT('',(1.383405796445,1.414058414598,0.701));
#8012 = CARTESIAN_POINT('',(1.383405796445,1.414058414598,0.7));
#8013 = ADVANCED_FACE('',(#8014),#8039,.F.);
#8014 = FACE_BOUND('',#8015,.T.);
#8015 = EDGE_LOOP('',(#8016,#8024,#8032,#8038));
#8016 = ORIENTED_EDGE('',*,*,#8017,.T.);
#8017 = EDGE_CURVE('',#7991,#8018,#8020,.T.);
#8018 = VERTEX_POINT('',#8019);
#8019 = CARTESIAN_POINT('',(1.383405796445,1.433273140891,0.699999999999
    ));
#8020 = LINE('',#8021,#8022);
#8021 = CARTESIAN_POINT('',(1.383405796445,1.433273140891,0.699999999999
    ));
#8022 = VECTOR('',#8023,1.);
#8023 = DIRECTION('',(0.,1.,0.));
#8024 = ORIENTED_EDGE('',*,*,#8025,.F.);
#8025 = EDGE_CURVE('',#8026,#8018,#8028,.T.);
#8026 = VERTEX_POINT('',#8027);
#8027 = CARTESIAN_POINT('',(1.383405796445,1.433273140891,0.701));
#8028 = LINE('',#8029,#8030);
#8029 = CARTESIAN_POINT('',(1.383405796445,1.433273140891,0.701));
#8030 = VECTOR('',#8031,1.);
#8031 = DIRECTION('',(0.,0.,-1.));
#8032 = ORIENTED_EDGE('',*,*,#8033,.F.);
#8033 = EDGE_CURVE('',#7982,#8026,#8034,.T.);
#8034 = LINE('',#8035,#8036);
#8035 = CARTESIAN_POINT('',(1.383405796445,1.433273140891,0.701));
#8036 = VECTOR('',#8037,1.);
#8037 = DIRECTION('',(0.,1.,0.));
#8038 = ORIENTED_EDGE('',*,*,#7990,.T.);
#8039 = PLANE('',#8040);
#8040 = AXIS2_PLACEMENT_3D('',#8041,#8042,#8043);
#8041 = CARTESIAN_POINT('',(1.383405796445,1.433273140891,0.701));
#8042 = DIRECTION('',(-1.,0.,0.));
#8043 = DIRECTION('',(0.,0.,1.));
#8044 = ADVANCED_FACE('',(#8045),#8072,.F.);
#8045 = FACE_BOUND('',#8046,.F.);
#8046 = EDGE_LOOP('',(#8047,#8048,#8057,#8065));
#8047 = ORIENTED_EDGE('',*,*,#8025,.F.);
#8048 = ORIENTED_EDGE('',*,*,#8049,.T.);
#8049 = EDGE_CURVE('',#8026,#8050,#8052,.T.);
#8050 = VERTEX_POINT('',#8051);
#8051 = CARTESIAN_POINT('',(1.349670850849,1.439095785222,0.701));
#8052 = B_SPLINE_CURVE_WITH_KNOTS('',3,(#8053,#8054,#8055,#8056),
  .UNSPECIFIED.,.F.,.F.,(4,4),(5.,6.),.PIECEWISE_BEZIER_KNOTS.);
#8053 = CARTESIAN_POINT('',(1.383405796445,1.433273140891,0.701));
#8054 = CARTESIAN_POINT('',(1.374526263839,1.437130642761,0.701));
#8055 = CARTESIAN_POINT('',(1.363281281974,1.439095785222,0.701));
#8056 = CARTESIAN_POINT('',(1.349670850849,1.439095785222,0.701));
#8057 = ORIENTED_EDGE('',*,*,#8058,.T.);
#8058 = EDGE_CURVE('',#8050,#8059,#8061,.T.);
#8059 = VERTEX_POINT('',#8060);
#8060 = CARTESIAN_POINT('',(1.349670850849,1.439095785222,0.7));
#8061 = LINE('',#8062,#8063);
#8062 = CARTESIAN_POINT('',(1.349670850849,1.439095785222,0.701));
#8063 = VECTOR('',#8064,1.);
#8064 = DIRECTION('',(0.,0.,-1.));
#8065 = ORIENTED_EDGE('',*,*,#8066,.F.);
#8066 = EDGE_CURVE('',#8018,#8059,#8067,.T.);
#8067 = B_SPLINE_CURVE_WITH_KNOTS('',3,(#8068,#8069,#8070,#8071),
  .UNSPECIFIED.,.F.,.F.,(4,4),(5.,6.),.PIECEWISE_BEZIER_KNOTS.);
#8068 = CARTESIAN_POINT('',(1.383405796445,1.433273140891,0.699999999999
    ));
#8069 = CARTESIAN_POINT('',(1.374526263839,1.437130642761,0.7));
#8070 = CARTESIAN_POINT('',(1.363281281974,1.439095785222,0.7));
#8071 = CARTESIAN_POINT('',(1.349670850849,1.439095785222,0.7));
#8072 = B_SPLINE_SURFACE_WITH_KNOTS('',3,1,(
    (#8073,#8074)
    ,(#8075,#8076)
    ,(#8077,#8078)
    ,(#8079,#8080
    )),.UNSPECIFIED.,.F.,.F.,.F.,(4,4),(2,2),(5.,6.),(0.,1.),
  .PIECEWISE_BEZIER_KNOTS.);
#8073 = CARTESIAN_POINT('',(1.383405796445,1.433273140891,0.701));
#8074 = CARTESIAN_POINT('',(1.383405796445,1.433273140891,0.699999999999
    ));
#8075 = CARTESIAN_POINT('',(1.374526263839,1.437130642761,0.701));
#8076 = CARTESIAN_POINT('',(1.374526263839,1.437130642761,0.699999999999
    ));
#8077 = CARTESIAN_POINT('',(1.363281281974,1.439095785222,0.701));
#8078 = CARTESIAN_POINT('',(1.363281281974,1.439095785222,0.699999999999
    ));
#8079 = CARTESIAN_POINT('',(1.349670850849,1.439095785222,0.701));
#8080 = CARTESIAN_POINT('',(1.349670850849,1.439095785222,0.699999999999
    ));
#8081 = ADVANCED_FACE('',(#8082),#8109,.F.);
#8082 = FACE_BOUND('',#8083,.F.);
#8083 = EDGE_LOOP('',(#8084,#8085,#8094,#8102));
#8084 = ORIENTED_EDGE('',*,*,#8058,.F.);
#8085 = ORIENTED_EDGE('',*,*,#8086,.T.);
#8086 = EDGE_CURVE('',#8050,#8087,#8089,.T.);
#8087 = VERTEX_POINT('',#8088);
#8088 = CARTESIAN_POINT('',(1.297376226448,1.418134265629,0.701));
#8089 = B_SPLINE_CURVE_WITH_KNOTS('',3,(#8090,#8091,#8092,#8093),
  .UNSPECIFIED.,.F.,.F.,(4,4),(4.,5.),.PIECEWISE_BEZIER_KNOTS.);
#8090 = CARTESIAN_POINT('',(1.349670850849,1.439095785222,0.701));
#8091 = CARTESIAN_POINT('',(1.328527373621,1.439095785222,0.701));
#8092 = CARTESIAN_POINT('',(1.311095832154,1.432108612025,0.701));
#8093 = CARTESIAN_POINT('',(1.297376226448,1.418134265629,0.701));
#8094 = ORIENTED_EDGE('',*,*,#8095,.T.);
#8095 = EDGE_CURVE('',#8087,#8096,#8098,.T.);
#8096 = VERTEX_POINT('',#8097);
#8097 = CARTESIAN_POINT('',(1.297376226448,1.418134265629,0.7));
#8098 = LINE('',#8099,#8100);
#8099 = CARTESIAN_POINT('',(1.297376226448,1.418134265629,0.701));
#8100 = VECTOR('',#8101,1.);
#8101 = DIRECTION('',(0.,0.,-1.));
#8102 = ORIENTED_EDGE('',*,*,#8103,.F.);
#8103 = EDGE_CURVE('',#8059,#8096,#8104,.T.);
#8104 = B_SPLINE_CURVE_WITH_KNOTS('',3,(#8105,#8106,#8107,#8108),
  .UNSPECIFIED.,.F.,.F.,(4,4),(4.,5.),.PIECEWISE_BEZIER_KNOTS.);
#8105 = CARTESIAN_POINT('',(1.349670850849,1.439095785222,0.7));
#8106 = CARTESIAN_POINT('',(1.328527373621,1.439095785222,0.7));
#8107 = CARTESIAN_POINT('',(1.311095832154,1.432108612025,0.7));
#8108 = CARTESIAN_POINT('',(1.297376226448,1.418134265629,0.7));
#8109 = B_SPLINE_SURFACE_WITH_KNOTS('',3,1,(
    (#8110,#8111)
    ,(#8112,#8113)
    ,(#8114,#8115)
    ,(#8116,#8117
    )),.UNSPECIFIED.,.F.,.F.,.F.,(4,4),(2,2),(4.,5.),(0.,1.),
  .PIECEWISE_BEZIER_KNOTS.);
#8110 = CARTESIAN_POINT('',(1.349670850849,1.439095785222,0.701));
#8111 = CARTESIAN_POINT('',(1.349670850849,1.439095785222,0.7));
#8112 = CARTESIAN_POINT('',(1.328527373621,1.439095785222,0.701));
#8113 = CARTESIAN_POINT('',(1.328527373621,1.439095785222,0.7));
#8114 = CARTESIAN_POINT('',(1.311095832154,1.432108612025,0.701));
#8115 = CARTESIAN_POINT('',(1.311095832154,1.432108612025,0.7));
#8116 = CARTESIAN_POINT('',(1.297376226448,1.418134265629,0.701));
#8117 = CARTESIAN_POINT('',(1.297376226448,1.418134265629,0.7));
#8118 = ADVANCED_FACE('',(#8119),#8146,.F.);
#8119 = FACE_BOUND('',#8120,.F.);
#8120 = EDGE_LOOP('',(#8121,#8122,#8131,#8139));
#8121 = ORIENTED_EDGE('',*,*,#8095,.F.);
#8122 = ORIENTED_EDGE('',*,*,#8123,.T.);
#8123 = EDGE_CURVE('',#8087,#8124,#8126,.T.);
#8124 = VERTEX_POINT('',#8125);
#8125 = CARTESIAN_POINT('',(1.276815013653,1.362819144481,0.701));
#8126 = B_SPLINE_CURVE_WITH_KNOTS('',3,(#8127,#8128,#8129,#8130),
  .UNSPECIFIED.,.F.,.F.,(4,4),(3.,4.),.PIECEWISE_BEZIER_KNOTS.);
#8127 = CARTESIAN_POINT('',(1.297376226448,1.418134265629,0.701));
#8128 = CARTESIAN_POINT('',(1.283656620743,1.404159919234,0.701));
#8129 = CARTESIAN_POINT('',(1.276815013653,1.385745806536,0.701));
#8130 = CARTESIAN_POINT('',(1.276815013653,1.362819144481,0.701));
#8131 = ORIENTED_EDGE('',*,*,#8132,.T.);
#8132 = EDGE_CURVE('',#8124,#8133,#8135,.T.);
#8133 = VERTEX_POINT('',#8134);
#8134 = CARTESIAN_POINT('',(1.276815013653,1.362819144481,0.7));
#8135 = LINE('',#8136,#8137);
#8136 = CARTESIAN_POINT('',(1.276815013653,1.362819144481,0.701));
#8137 = VECTOR('',#8138,1.);
#8138 = DIRECTION('',(0.,0.,-1.));
#8139 = ORIENTED_EDGE('',*,*,#8140,.F.);
#8140 = EDGE_CURVE('',#8096,#8133,#8141,.T.);
#8141 = B_SPLINE_CURVE_WITH_KNOTS('',3,(#8142,#8143,#8144,#8145),
  .UNSPECIFIED.,.F.,.F.,(4,4),(3.,4.),.PIECEWISE_BEZIER_KNOTS.);
#8142 = CARTESIAN_POINT('',(1.297376226448,1.418134265629,0.7));
#8143 = CARTESIAN_POINT('',(1.283656620743,1.404159919234,0.7));
#8144 = CARTESIAN_POINT('',(1.276815013653,1.385745806536,0.7));
#8145 = CARTESIAN_POINT('',(1.276815013653,1.362819144481,0.7));
#8146 = B_SPLINE_SURFACE_WITH_KNOTS('',3,1,(
    (#8147,#8148)
    ,(#8149,#8150)
    ,(#8151,#8152)
    ,(#8153,#8154
    )),.UNSPECIFIED.,.F.,.F.,.F.,(4,4),(2,2),(3.,4.),(0.,1.),
  .PIECEWISE_BEZIER_KNOTS.);
#8147 = CARTESIAN_POINT('',(1.297376226448,1.418134265629,0.701));
#8148 = CARTESIAN_POINT('',(1.297376226448,1.418134265629,0.7));
#8149 = CARTESIAN_POINT('',(1.283656620743,1.404159919234,0.701));
#8150 = CARTESIAN_POINT('',(1.283656620743,1.404159919234,0.7));
#8151 = CARTESIAN_POINT('',(1.276815013653,1.385745806536,0.701));
#8152 = CARTESIAN_POINT('',(1.276815013653,1.385745806536,0.7));
#8153 = CARTESIAN_POINT('',(1.276815013653,1.362819144481,0.701));
#8154 = CARTESIAN_POINT('',(1.276815013653,1.362819144481,0.7));
#8155 = ADVANCED_FACE('',(#8156),#8183,.F.);
#8156 = FACE_BOUND('',#8157,.F.);
#8157 = EDGE_LOOP('',(#8158,#8159,#8168,#8176));
#8158 = ORIENTED_EDGE('',*,*,#8132,.F.);
#8159 = ORIENTED_EDGE('',*,*,#8160,.T.);
#8160 = EDGE_CURVE('',#8124,#8161,#8163,.T.);
#8161 = VERTEX_POINT('',#8162);
#8162 = CARTESIAN_POINT('',(1.295083560243,1.311361525203,0.701));
#8163 = B_SPLINE_CURVE_WITH_KNOTS('',3,(#8164,#8165,#8166,#8167),
  .UNSPECIFIED.,.F.,.F.,(4,4),(2.,3.),.PIECEWISE_BEZIER_KNOTS.);
#8164 = CARTESIAN_POINT('',(1.276815013653,1.362819144481,0.701));
#8165 = CARTESIAN_POINT('',(1.276815013653,1.341493709617,0.701));
#8166 = CARTESIAN_POINT('',(1.282892398674,1.32431690884,0.701));
#8167 = CARTESIAN_POINT('',(1.295083560243,1.311361525203,0.701));
#8168 = ORIENTED_EDGE('',*,*,#8169,.T.);
#8169 = EDGE_CURVE('',#8161,#8170,#8172,.T.);
#8170 = VERTEX_POINT('',#8171);
#8171 = CARTESIAN_POINT('',(1.295083560243,1.311361525203,0.7));
#8172 = LINE('',#8173,#8174);
#8173 = CARTESIAN_POINT('',(1.295083560243,1.311361525203,0.701));
#8174 = VECTOR('',#8175,1.);
#8175 = DIRECTION('',(0.,0.,-1.));
#8176 = ORIENTED_EDGE('',*,*,#8177,.F.);
#8177 = EDGE_CURVE('',#8133,#8170,#8178,.T.);
#8178 = B_SPLINE_CURVE_WITH_KNOTS('',3,(#8179,#8180,#8181,#8182),
  .UNSPECIFIED.,.F.,.F.,(4,4),(2.,3.),.PIECEWISE_BEZIER_KNOTS.);
#8179 = CARTESIAN_POINT('',(1.276815013653,1.362819144481,0.7));
#8180 = CARTESIAN_POINT('',(1.276815013653,1.341493709617,0.7));
#8181 = CARTESIAN_POINT('',(1.282892398674,1.32431690884,0.7));
#8182 = CARTESIAN_POINT('',(1.295083560243,1.311361525203,0.7));
#8183 = B_SPLINE_SURFACE_WITH_KNOTS('',3,1,(
    (#8184,#8185)
    ,(#8186,#8187)
    ,(#8188,#8189)
    ,(#8190,#8191
    )),.UNSPECIFIED.,.F.,.F.,.F.,(4,4),(2,2),(2.,3.),(0.,1.),
  .PIECEWISE_BEZIER_KNOTS.);
#8184 = CARTESIAN_POINT('',(1.276815013653,1.362819144481,0.701));
#8185 = CARTESIAN_POINT('',(1.276815013653,1.362819144481,0.7));
#8186 = CARTESIAN_POINT('',(1.276815013653,1.341493709617,0.701));
#8187 = CARTESIAN_POINT('',(1.276815013653,1.341493709617,0.7));
#8188 = CARTESIAN_POINT('',(1.282892398674,1.32431690884,0.701));
#8189 = CARTESIAN_POINT('',(1.282892398674,1.32431690884,0.7));
#8190 = CARTESIAN_POINT('',(1.295083560243,1.311361525203,0.701));
#8191 = CARTESIAN_POINT('',(1.295083560243,1.311361525203,0.7));
#8192 = ADVANCED_FACE('',(#8193),#8211,.F.);
#8193 = FACE_BOUND('',#8194,.F.);
#8194 = EDGE_LOOP('',(#8195,#8196,#8203,#8204));
#8195 = ORIENTED_EDGE('',*,*,#8169,.F.);
#8196 = ORIENTED_EDGE('',*,*,#8197,.T.);
#8197 = EDGE_CURVE('',#8161,#7719,#8198,.T.);
#8198 = B_SPLINE_CURVE_WITH_KNOTS('',3,(#8199,#8200,#8201,#8202),
  .UNSPECIFIED.,.F.,.F.,(4,4),(1.,2.),.PIECEWISE_BEZIER_KNOTS.);
#8199 = CARTESIAN_POINT('',(1.295083560243,1.311361525203,0.701));
#8200 = CARTESIAN_POINT('',(1.307274721812,1.298406141566,0.701));
#8201 = CARTESIAN_POINT('',(1.32357812594,1.291928449747,0.701));
#8202 = CARTESIAN_POINT('',(1.343993772627,1.291928449747,0.701));
#8203 = ORIENTED_EDGE('',*,*,#7718,.T.);
#8204 = ORIENTED_EDGE('',*,*,#8205,.F.);
#8205 = EDGE_CURVE('',#8170,#7721,#8206,.T.);
#8206 = B_SPLINE_CURVE_WITH_KNOTS('',3,(#8207,#8208,#8209,#8210),
  .UNSPECIFIED.,.F.,.F.,(4,4),(1.,2.),.PIECEWISE_BEZIER_KNOTS.);
#8207 = CARTESIAN_POINT('',(1.295083560243,1.311361525203,0.7));
#8208 = CARTESIAN_POINT('',(1.307274721812,1.298406141566,0.7));
#8209 = CARTESIAN_POINT('',(1.32357812594,1.291928449747,0.7));
#8210 = CARTESIAN_POINT('',(1.343993772627,1.291928449747,0.7));
#8211 = B_SPLINE_SURFACE_WITH_KNOTS('',3,1,(
    (#8212,#8213)
    ,(#8214,#8215)
    ,(#8216,#8217)
    ,(#8218,#8219
    )),.UNSPECIFIED.,.F.,.F.,.F.,(4,4),(2,2),(1.,2.),(0.,1.),
  .PIECEWISE_BEZIER_KNOTS.);
#8212 = CARTESIAN_POINT('',(1.295083560243,1.311361525203,0.701));
#8213 = CARTESIAN_POINT('',(1.295083560243,1.311361525203,0.7));
#8214 = CARTESIAN_POINT('',(1.307274721812,1.298406141566,0.701));
#8215 = CARTESIAN_POINT('',(1.307274721812,1.298406141566,0.7));
#8216 = CARTESIAN_POINT('',(1.32357812594,1.291928449747,0.701));
#8217 = CARTESIAN_POINT('',(1.32357812594,1.291928449747,0.7));
#8218 = CARTESIAN_POINT('',(1.343993772627,1.291928449747,0.701));
#8219 = CARTESIAN_POINT('',(1.343993772627,1.291928449747,0.7));
#8220 = ADVANCED_FACE('',(#8221),#8237,.T.);
#8221 = FACE_BOUND('',#8222,.T.);
#8222 = EDGE_LOOP('',(#8223,#8224,#8225,#8226,#8227,#8228,#8229,#8230,
    #8231,#8232,#8233,#8234,#8235,#8236));
#8223 = ORIENTED_EDGE('',*,*,#7728,.T.);
#8224 = ORIENTED_EDGE('',*,*,#7780,.T.);
#8225 = ORIENTED_EDGE('',*,*,#7796,.T.);
#8226 = ORIENTED_EDGE('',*,*,#7833,.T.);
#8227 = ORIENTED_EDGE('',*,*,#7870,.T.);
#8228 = ORIENTED_EDGE('',*,*,#7907,.T.);
#8229 = ORIENTED_EDGE('',*,*,#7944,.T.);
#8230 = ORIENTED_EDGE('',*,*,#7981,.T.);
#8231 = ORIENTED_EDGE('',*,*,#8033,.T.);
#8232 = ORIENTED_EDGE('',*,*,#8049,.T.);
#8233 = ORIENTED_EDGE('',*,*,#8086,.T.);
#8234 = ORIENTED_EDGE('',*,*,#8123,.T.);
#8235 = ORIENTED_EDGE('',*,*,#8160,.T.);
#8236 = ORIENTED_EDGE('',*,*,#8197,.T.);
#8237 = PLANE('',#8238);
#8238 = AXIS2_PLACEMENT_3D('',#8239,#8240,#8241);
#8239 = CARTESIAN_POINT('',(1.365692220643,1.29400276679,0.701));
#8240 = DIRECTION('',(0.,0.,1.));
#8241 = DIRECTION('',(1.,0.,-0.));
#8242 = ADVANCED_FACE('',(#8243),#8259,.F.);
#8243 = FACE_BOUND('',#8244,.T.);
#8244 = EDGE_LOOP('',(#8245,#8246,#8247,#8248,#8249,#8250,#8251,#8252,
    #8253,#8254,#8255,#8256,#8257,#8258));
#8245 = ORIENTED_EDGE('',*,*,#7745,.F.);
#8246 = ORIENTED_EDGE('',*,*,#8205,.F.);
#8247 = ORIENTED_EDGE('',*,*,#8177,.F.);
#8248 = ORIENTED_EDGE('',*,*,#8140,.F.);
#8249 = ORIENTED_EDGE('',*,*,#8103,.F.);
#8250 = ORIENTED_EDGE('',*,*,#8066,.F.);
#8251 = ORIENTED_EDGE('',*,*,#8017,.F.);
#8252 = ORIENTED_EDGE('',*,*,#7998,.F.);
#8253 = ORIENTED_EDGE('',*,*,#7961,.F.);
#8254 = ORIENTED_EDGE('',*,*,#7924,.F.);
#8255 = ORIENTED_EDGE('',*,*,#7887,.F.);
#8256 = ORIENTED_EDGE('',*,*,#7850,.F.);
#8257 = ORIENTED_EDGE('',*,*,#7813,.F.);
#8258 = ORIENTED_EDGE('',*,*,#7764,.F.);
#8259 = PLANE('',#8260);
#8260 = AXIS2_PLACEMENT_3D('',#8261,#8262,#8263);
#8261 = CARTESIAN_POINT('',(1.365692220643,1.29400276679,0.7));
#8262 = DIRECTION('',(0.,0.,1.));
#8263 = DIRECTION('',(1.,0.,-0.));
#8264 = ( GEOMETRIC_REPRESENTATION_CONTEXT(3) 
GLOBAL_UNCERTAINTY_ASSIGNED_CONTEXT((#8268)) 
GLOBAL_UNIT_ASSIGNED_CONTEXT((#8265,#8266,#8267)) REPRESENTATION_CONTEXT
('Context #1','3D Context with UNIT and UNCERTAINTY') );
#8265 = ( LENGTH_UNIT() NAMED_UNIT(*) SI_UNIT(.MILLI.,.METRE.) );
#8266 = ( NAMED_UNIT(*) PLANE_ANGLE_UNIT() SI_UNIT($,.RADIAN.) );
#8267 = ( NAMED_UNIT(*) SI_UNIT($,.STERADIAN.) SOLID_ANGLE_UNIT() );
#8268 = UNCERTAINTY_MEASURE_WITH_UNIT(LENGTH_MEASURE(1.E-07),#8265,
  'distance_accuracy_value','confusion accuracy');
#8269 = CONTEXT_DEPENDENT_SHAPE_REPRESENTATION(#8270,#8272);
#8270 = ( REPRESENTATION_RELATIONSHIP('','',#7711,#32) 
REPRESENTATION_RELATIONSHIP_WITH_TRANSFORMATION(#8271) 
SHAPE_REPRESENTATION_RELATIONSHIP() );
#8271 = ITEM_DEFINED_TRANSFORMATION('','',#11,#41);
#8272 = PRODUCT_DEFINITION_SHAPE('Placement','Placement of an item',
  #8273);
#8273 = NEXT_ASSEMBLY_USAGE_OCCURRENCE('117',
'SOP-8_L4.9-W3.9-P1.27-LS6.0-BL~SOP-8_L4.9-W3.9-P1.27-LS6.0-BL-1~L6m002'
  ,'',#27,#7706,$);
#8274 = PRODUCT_RELATED_PRODUCT_CATEGORY('part',$,(#7708));
#8275 = SHAPE_DEFINITION_REPRESENTATION(#8276,#8282);
#8276 = PRODUCT_DEFINITION_SHAPE('','',#8277);
#8277 = PRODUCT_DEFINITION('design','',#8278,#8281);
#8278 = PRODUCT_DEFINITION_FORMATION('','',#8279);
#8279 = PRODUCT(
'SOP-8_L4.9-W3.9-P1.27-LS6.0-BL~SOP-8_L4.9-W3.9-P1.27-LS6.0-BL-1~L6m003'
  ,
'SOP-8_L4.9-W3.9-P1.27-LS6.0-BL~SOP-8_L4.9-W3.9-P1.27-LS6.0-BL-1~L6m003'
  ,'',(#8280));
#8280 = PRODUCT_CONTEXT('',#2,'mechanical');
#8281 = PRODUCT_DEFINITION_CONTEXT('part definition',#2,'design');
#8282 = ADVANCED_BREP_SHAPE_REPRESENTATION('',(#11,#8283),#8697);
#8283 = MANIFOLD_SOLID_BREP('',#8284);
#8284 = CLOSED_SHELL('',(#8285,#8325,#8356,#8387,#8418,#8449,#8480,#8511
    ,#8542,#8573,#8604,#8635,#8657,#8677));
#8285 = ADVANCED_FACE('',(#8286),#8320,.F.);
#8286 = FACE_BOUND('',#8287,.T.);
#8287 = EDGE_LOOP('',(#8288,#8298,#8306,#8314));
#8288 = ORIENTED_EDGE('',*,*,#8289,.T.);
#8289 = EDGE_CURVE('',#8290,#8292,#8294,.T.);
#8290 = VERTEX_POINT('',#8291);
#8291 = CARTESIAN_POINT('',(1.488468135099,1.294330290534,0.699999999999
    ));
#8292 = VERTEX_POINT('',#8293);
#8293 = CARTESIAN_POINT('',(1.488468135099,1.310560911607,0.699999999999
    ));
#8294 = LINE('',#8295,#8296);
#8295 = CARTESIAN_POINT('',(1.488468135099,1.310560911607,0.699999999999
    ));
#8296 = VECTOR('',#8297,1.);
#8297 = DIRECTION('',(0.,1.,0.));
#8298 = ORIENTED_EDGE('',*,*,#8299,.F.);
#8299 = EDGE_CURVE('',#8300,#8292,#8302,.T.);
#8300 = VERTEX_POINT('',#8301);
#8301 = CARTESIAN_POINT('',(1.488468135099,1.310560911607,0.701));
#8302 = LINE('',#8303,#8304);
#8303 = CARTESIAN_POINT('',(1.488468135099,1.310560911607,0.701));
#8304 = VECTOR('',#8305,1.);
#8305 = DIRECTION('',(0.,0.,-1.));
#8306 = ORIENTED_EDGE('',*,*,#8307,.F.);
#8307 = EDGE_CURVE('',#8308,#8300,#8310,.T.);
#8308 = VERTEX_POINT('',#8309);
#8309 = CARTESIAN_POINT('',(1.488468135099,1.294330290534,0.701));
#8310 = LINE('',#8311,#8312);
#8311 = CARTESIAN_POINT('',(1.488468135099,1.310560911607,0.701));
#8312 = VECTOR('',#8313,1.);
#8313 = DIRECTION('',(0.,1.,0.));
#8314 = ORIENTED_EDGE('',*,*,#8315,.T.);
#8315 = EDGE_CURVE('',#8308,#8290,#8316,.T.);
#8316 = LINE('',#8317,#8318);
#8317 = CARTESIAN_POINT('',(1.488468135099,1.294330290534,0.701));
#8318 = VECTOR('',#8319,1.);
#8319 = DIRECTION('',(0.,0.,-1.));
#8320 = PLANE('',#8321);
#8321 = AXIS2_PLACEMENT_3D('',#8322,#8323,#8324);
#8322 = CARTESIAN_POINT('',(1.488468135099,1.310560911607,0.701));
#8323 = DIRECTION('',(-1.,0.,0.));
#8324 = DIRECTION('',(0.,0.,1.));
#8325 = ADVANCED_FACE('',(#8326),#8351,.F.);
#8326 = FACE_BOUND('',#8327,.T.);
#8327 = EDGE_LOOP('',(#8328,#8336,#8344,#8350));
#8328 = ORIENTED_EDGE('',*,*,#8329,.T.);
#8329 = EDGE_CURVE('',#8292,#8330,#8332,.T.);
#8330 = VERTEX_POINT('',#8331);
#8331 = CARTESIAN_POINT('',(1.430278083312,1.310560911607,0.699999999999
    ));
#8332 = LINE('',#8333,#8334);
#8333 = CARTESIAN_POINT('',(1.430278083312,1.310560911607,0.699999999999
    ));
#8334 = VECTOR('',#8335,1.);
#8335 = DIRECTION('',(-1.,0.,0.));
#8336 = ORIENTED_EDGE('',*,*,#8337,.F.);
#8337 = EDGE_CURVE('',#8338,#8330,#8340,.T.);
#8338 = VERTEX_POINT('',#8339);
#8339 = CARTESIAN_POINT('',(1.430278083312,1.310560911607,0.701));
#8340 = LINE('',#8341,#8342);
#8341 = CARTESIAN_POINT('',(1.430278083312,1.310560911607,0.701));
#8342 = VECTOR('',#8343,1.);
#8343 = DIRECTION('',(0.,0.,-1.));
#8344 = ORIENTED_EDGE('',*,*,#8345,.F.);
#8345 = EDGE_CURVE('',#8300,#8338,#8346,.T.);
#8346 = LINE('',#8347,#8348);
#8347 = CARTESIAN_POINT('',(1.430278083312,1.310560911607,0.701));
#8348 = VECTOR('',#8349,1.);
#8349 = DIRECTION('',(-1.,0.,0.));
#8350 = ORIENTED_EDGE('',*,*,#8299,.T.);
#8351 = PLANE('',#8352);
#8352 = AXIS2_PLACEMENT_3D('',#8353,#8354,#8355);
#8353 = CARTESIAN_POINT('',(1.430278083312,1.310560911607,0.701));
#8354 = DIRECTION('',(0.,-1.,0.));
#8355 = DIRECTION('',(0.,0.,-1.));
#8356 = ADVANCED_FACE('',(#8357),#8382,.F.);
#8357 = FACE_BOUND('',#8358,.T.);
#8358 = EDGE_LOOP('',(#8359,#8367,#8375,#8381));
#8359 = ORIENTED_EDGE('',*,*,#8360,.T.);
#8360 = EDGE_CURVE('',#8330,#8361,#8363,.T.);
#8361 = VERTEX_POINT('',#8362);
#8362 = CARTESIAN_POINT('',(1.430278083312,1.358452161233,0.699999999999
    ));
#8363 = LINE('',#8364,#8365);
#8364 = CARTESIAN_POINT('',(1.430278083312,1.358452161233,0.699999999999
    ));
#8365 = VECTOR('',#8366,1.);
#8366 = DIRECTION('',(0.,1.,0.));
#8367 = ORIENTED_EDGE('',*,*,#8368,.F.);
#8368 = EDGE_CURVE('',#8369,#8361,#8371,.T.);
#8369 = VERTEX_POINT('',#8370);
#8370 = CARTESIAN_POINT('',(1.430278083312,1.358452161233,0.701));
#8371 = LINE('',#8372,#8373);
#8372 = CARTESIAN_POINT('',(1.430278083312,1.358452161233,0.701));
#8373 = VECTOR('',#8374,1.);
#8374 = DIRECTION('',(0.,0.,-1.));
#8375 = ORIENTED_EDGE('',*,*,#8376,.F.);
#8376 = EDGE_CURVE('',#8338,#8369,#8377,.T.);
#8377 = LINE('',#8378,#8379);
#8378 = CARTESIAN_POINT('',(1.430278083312,1.358452161233,0.701));
#8379 = VECTOR('',#8380,1.);
#8380 = DIRECTION('',(0.,1.,0.));
#8381 = ORIENTED_EDGE('',*,*,#8337,.T.);
#8382 = PLANE('',#8383);
#8383 = AXIS2_PLACEMENT_3D('',#8384,#8385,#8386);
#8384 = CARTESIAN_POINT('',(1.430278083312,1.358452161233,0.701));
#8385 = DIRECTION('',(-1.,0.,0.));
#8386 = DIRECTION('',(0.,0.,1.));
#8387 = ADVANCED_FACE('',(#8388),#8413,.F.);
#8388 = FACE_BOUND('',#8389,.T.);
#8389 = EDGE_LOOP('',(#8390,#8398,#8406,#8412));
#8390 = ORIENTED_EDGE('',*,*,#8391,.T.);
#8391 = EDGE_CURVE('',#8361,#8392,#8394,.T.);
#8392 = VERTEX_POINT('',#8393);
#8393 = CARTESIAN_POINT('',(1.481189829684,1.358452161233,0.699999999999
    ));
#8394 = LINE('',#8395,#8396);
#8395 = CARTESIAN_POINT('',(1.481189829684,1.358452161233,0.699999999999
    ));
#8396 = VECTOR('',#8397,1.);
#8397 = DIRECTION('',(1.,0.,0.));
#8398 = ORIENTED_EDGE('',*,*,#8399,.F.);
#8399 = EDGE_CURVE('',#8400,#8392,#8402,.T.);
#8400 = VERTEX_POINT('',#8401);
#8401 = CARTESIAN_POINT('',(1.481189829684,1.358452161233,0.701));
#8402 = LINE('',#8403,#8404);
#8403 = CARTESIAN_POINT('',(1.481189829684,1.358452161233,0.701));
#8404 = VECTOR('',#8405,1.);
#8405 = DIRECTION('',(0.,0.,-1.));
#8406 = ORIENTED_EDGE('',*,*,#8407,.F.);
#8407 = EDGE_CURVE('',#8369,#8400,#8408,.T.);
#8408 = LINE('',#8409,#8410);
#8409 = CARTESIAN_POINT('',(1.481189829684,1.358452161233,0.701));
#8410 = VECTOR('',#8411,1.);
#8411 = DIRECTION('',(1.,0.,0.));
#8412 = ORIENTED_EDGE('',*,*,#8368,.T.);
#8413 = PLANE('',#8414);
#8414 = AXIS2_PLACEMENT_3D('',#8415,#8416,#8417);
#8415 = CARTESIAN_POINT('',(1.481189829684,1.358452161233,0.701));
#8416 = DIRECTION('',(0.,1.,0.));
#8417 = DIRECTION('',(0.,-0.,1.));
#8418 = ADVANCED_FACE('',(#8419),#8444,.F.);
#8419 = FACE_BOUND('',#8420,.T.);
#8420 = EDGE_LOOP('',(#8421,#8429,#8437,#8443));
#8421 = ORIENTED_EDGE('',*,*,#8422,.T.);
#8422 = EDGE_CURVE('',#8392,#8423,#8425,.T.);
#8423 = VERTEX_POINT('',#8424);
#8424 = CARTESIAN_POINT('',(1.481189829684,1.37475556536,0.699999999999)
  );
#8425 = LINE('',#8426,#8427);
#8426 = CARTESIAN_POINT('',(1.481189829684,1.37475556536,0.699999999999)
  );
#8427 = VECTOR('',#8428,1.);
#8428 = DIRECTION('',(0.,1.,0.));
#8429 = ORIENTED_EDGE('',*,*,#8430,.F.);
#8430 = EDGE_CURVE('',#8431,#8423,#8433,.T.);
#8431 = VERTEX_POINT('',#8432);
#8432 = CARTESIAN_POINT('',(1.481189829684,1.37475556536,0.701));
#8433 = LINE('',#8434,#8435);
#8434 = CARTESIAN_POINT('',(1.481189829684,1.37475556536,0.701));
#8435 = VECTOR('',#8436,1.);
#8436 = DIRECTION('',(0.,0.,-1.));
#8437 = ORIENTED_EDGE('',*,*,#8438,.F.);
#8438 = EDGE_CURVE('',#8400,#8431,#8439,.T.);
#8439 = LINE('',#8440,#8441);
#8440 = CARTESIAN_POINT('',(1.481189829684,1.37475556536,0.701));
#8441 = VECTOR('',#8442,1.);
#8442 = DIRECTION('',(0.,1.,0.));
#8443 = ORIENTED_EDGE('',*,*,#8399,.T.);
#8444 = PLANE('',#8445);
#8445 = AXIS2_PLACEMENT_3D('',#8446,#8447,#8448);
#8446 = CARTESIAN_POINT('',(1.481189829684,1.37475556536,0.701));
#8447 = DIRECTION('',(-1.,0.,0.));
#8448 = DIRECTION('',(0.,0.,1.));
#8449 = ADVANCED_FACE('',(#8450),#8475,.F.);
#8450 = FACE_BOUND('',#8451,.T.);
#8451 = EDGE_LOOP('',(#8452,#8460,#8468,#8474));
#8452 = ORIENTED_EDGE('',*,*,#8453,.T.);
#8453 = EDGE_CURVE('',#8423,#8454,#8456,.T.);
#8454 = VERTEX_POINT('',#8455);
#8455 = CARTESIAN_POINT('',(1.430278083312,1.37475556536,0.699999999999)
  );
#8456 = LINE('',#8457,#8458);
#8457 = CARTESIAN_POINT('',(1.430278083312,1.37475556536,0.699999999999)
  );
#8458 = VECTOR('',#8459,1.);
#8459 = DIRECTION('',(-1.,0.,0.));
#8460 = ORIENTED_EDGE('',*,*,#8461,.F.);
#8461 = EDGE_CURVE('',#8462,#8454,#8464,.T.);
#8462 = VERTEX_POINT('',#8463);
#8463 = CARTESIAN_POINT('',(1.430278083312,1.37475556536,0.701));
#8464 = LINE('',#8465,#8466);
#8465 = CARTESIAN_POINT('',(1.430278083312,1.37475556536,0.701));
#8466 = VECTOR('',#8467,1.);
#8467 = DIRECTION('',(0.,0.,-1.));
#8468 = ORIENTED_EDGE('',*,*,#8469,.F.);
#8469 = EDGE_CURVE('',#8431,#8462,#8470,.T.);
#8470 = LINE('',#8471,#8472);
#8471 = CARTESIAN_POINT('',(1.430278083312,1.37475556536,0.701));
#8472 = VECTOR('',#8473,1.);
#8473 = DIRECTION('',(-1.,0.,0.));
#8474 = ORIENTED_EDGE('',*,*,#8430,.T.);
#8475 = PLANE('',#8476);
#8476 = AXIS2_PLACEMENT_3D('',#8477,#8478,#8479);
#8477 = CARTESIAN_POINT('',(1.430278083312,1.37475556536,0.701));
#8478 = DIRECTION('',(0.,-1.,0.));
#8479 = DIRECTION('',(0.,0.,-1.));
#8480 = ADVANCED_FACE('',(#8481),#8506,.F.);
#8481 = FACE_BOUND('',#8482,.T.);
#8482 = EDGE_LOOP('',(#8483,#8491,#8499,#8505));
#8483 = ORIENTED_EDGE('',*,*,#8484,.T.);
#8484 = EDGE_CURVE('',#8454,#8485,#8487,.T.);
#8485 = VERTEX_POINT('',#8486);
#8486 = CARTESIAN_POINT('',(1.430278083312,1.420317757254,0.699999999999
    ));
#8487 = LINE('',#8488,#8489);
#8488 = CARTESIAN_POINT('',(1.430278083312,1.420317757254,0.699999999999
    ));
#8489 = VECTOR('',#8490,1.);
#8490 = DIRECTION('',(0.,1.,0.));
#8491 = ORIENTED_EDGE('',*,*,#8492,.F.);
#8492 = EDGE_CURVE('',#8493,#8485,#8495,.T.);
#8493 = VERTEX_POINT('',#8494);
#8494 = CARTESIAN_POINT('',(1.430278083312,1.420317757254,0.701));
#8495 = LINE('',#8496,#8497);
#8496 = CARTESIAN_POINT('',(1.430278083312,1.420317757254,0.701));
#8497 = VECTOR('',#8498,1.);
#8498 = DIRECTION('',(0.,0.,-1.));
#8499 = ORIENTED_EDGE('',*,*,#8500,.F.);
#8500 = EDGE_CURVE('',#8462,#8493,#8501,.T.);
#8501 = LINE('',#8502,#8503);
#8502 = CARTESIAN_POINT('',(1.430278083312,1.420317757254,0.701));
#8503 = VECTOR('',#8504,1.);
#8504 = DIRECTION('',(0.,1.,0.));
#8505 = ORIENTED_EDGE('',*,*,#8461,.T.);
#8506 = PLANE('',#8507);
#8507 = AXIS2_PLACEMENT_3D('',#8508,#8509,#8510);
#8508 = CARTESIAN_POINT('',(1.430278083312,1.420317757254,0.701));
#8509 = DIRECTION('',(-1.,0.,0.));
#8510 = DIRECTION('',(0.,0.,1.));
#8511 = ADVANCED_FACE('',(#8512),#8537,.F.);
#8512 = FACE_BOUND('',#8513,.T.);
#8513 = EDGE_LOOP('',(#8514,#8522,#8530,#8536));
#8514 = ORIENTED_EDGE('',*,*,#8515,.T.);
#8515 = EDGE_CURVE('',#8485,#8516,#8518,.T.);
#8516 = VERTEX_POINT('',#8517);
#8517 = CARTESIAN_POINT('',(1.48522928919,1.420317757254,0.699999999999)
  );
#8518 = LINE('',#8519,#8520);
#8519 = CARTESIAN_POINT('',(1.48522928919,1.420317757254,0.699999999999)
  );
#8520 = VECTOR('',#8521,1.);
#8521 = DIRECTION('',(1.,0.,0.));
#8522 = ORIENTED_EDGE('',*,*,#8523,.F.);
#8523 = EDGE_CURVE('',#8524,#8516,#8526,.T.);
#8524 = VERTEX_POINT('',#8525);
#8525 = CARTESIAN_POINT('',(1.48522928919,1.420317757254,0.701));
#8526 = LINE('',#8527,#8528);
#8527 = CARTESIAN_POINT('',(1.48522928919,1.420317757254,0.701));
#8528 = VECTOR('',#8529,1.);
#8529 = DIRECTION('',(0.,0.,-1.));
#8530 = ORIENTED_EDGE('',*,*,#8531,.F.);
#8531 = EDGE_CURVE('',#8493,#8524,#8532,.T.);
#8532 = LINE('',#8533,#8534);
#8533 = CARTESIAN_POINT('',(1.48522928919,1.420317757254,0.701));
#8534 = VECTOR('',#8535,1.);
#8535 = DIRECTION('',(1.,0.,0.));
#8536 = ORIENTED_EDGE('',*,*,#8492,.T.);
#8537 = PLANE('',#8538);
#8538 = AXIS2_PLACEMENT_3D('',#8539,#8540,#8541);
#8539 = CARTESIAN_POINT('',(1.48522928919,1.420317757254,0.701));
#8540 = DIRECTION('',(0.,1.,0.));
#8541 = DIRECTION('',(0.,-0.,1.));
#8542 = ADVANCED_FACE('',(#8543),#8568,.F.);
#8543 = FACE_BOUND('',#8544,.T.);
#8544 = EDGE_LOOP('',(#8545,#8553,#8561,#8567));
#8545 = ORIENTED_EDGE('',*,*,#8546,.T.);
#8546 = EDGE_CURVE('',#8516,#8547,#8549,.T.);
#8547 = VERTEX_POINT('',#8548);
#8548 = CARTESIAN_POINT('',(1.48522928919,1.436693944436,0.699999999999)
  );
#8549 = LINE('',#8550,#8551);
#8550 = CARTESIAN_POINT('',(1.48522928919,1.436693944436,0.699999999999)
  );
#8551 = VECTOR('',#8552,1.);
#8552 = DIRECTION('',(0.,1.,0.));
#8553 = ORIENTED_EDGE('',*,*,#8554,.F.);
#8554 = EDGE_CURVE('',#8555,#8547,#8557,.T.);
#8555 = VERTEX_POINT('',#8556);
#8556 = CARTESIAN_POINT('',(1.48522928919,1.436693944436,0.701));
#8557 = LINE('',#8558,#8559);
#8558 = CARTESIAN_POINT('',(1.48522928919,1.436693944436,0.701));
#8559 = VECTOR('',#8560,1.);
#8560 = DIRECTION('',(0.,0.,-1.));
#8561 = ORIENTED_EDGE('',*,*,#8562,.F.);
#8562 = EDGE_CURVE('',#8524,#8555,#8563,.T.);
#8563 = LINE('',#8564,#8565);
#8564 = CARTESIAN_POINT('',(1.48522928919,1.436693944436,0.701));
#8565 = VECTOR('',#8566,1.);
#8566 = DIRECTION('',(0.,1.,0.));
#8567 = ORIENTED_EDGE('',*,*,#8523,.T.);
#8568 = PLANE('',#8569);
#8569 = AXIS2_PLACEMENT_3D('',#8570,#8571,#8572);
#8570 = CARTESIAN_POINT('',(1.48522928919,1.436693944436,0.701));
#8571 = DIRECTION('',(-1.,0.,0.));
#8572 = DIRECTION('',(0.,0.,1.));
#8573 = ADVANCED_FACE('',(#8574),#8599,.F.);
#8574 = FACE_BOUND('',#8575,.T.);
#8575 = EDGE_LOOP('',(#8576,#8584,#8592,#8598));
#8576 = ORIENTED_EDGE('',*,*,#8577,.T.);
#8577 = EDGE_CURVE('',#8547,#8578,#8580,.T.);
#8578 = VERTEX_POINT('',#8579);
#8579 = CARTESIAN_POINT('',(1.411900362141,1.436693944436,0.699999999999
    ));
#8580 = LINE('',#8581,#8582);
#8581 = CARTESIAN_POINT('',(1.411900362141,1.436693944436,0.699999999999
    ));
#8582 = VECTOR('',#8583,1.);
#8583 = DIRECTION('',(-1.,0.,0.));
#8584 = ORIENTED_EDGE('',*,*,#8585,.F.);
#8585 = EDGE_CURVE('',#8586,#8578,#8588,.T.);
#8586 = VERTEX_POINT('',#8587);
#8587 = CARTESIAN_POINT('',(1.411900362141,1.436693944436,0.701));
#8588 = LINE('',#8589,#8590);
#8589 = CARTESIAN_POINT('',(1.411900362141,1.436693944436,0.701));
#8590 = VECTOR('',#8591,1.);
#8591 = DIRECTION('',(0.,0.,-1.));
#8592 = ORIENTED_EDGE('',*,*,#8593,.F.);
#8593 = EDGE_CURVE('',#8555,#8586,#8594,.T.);
#8594 = LINE('',#8595,#8596);
#8595 = CARTESIAN_POINT('',(1.411900362141,1.436693944436,0.701));
#8596 = VECTOR('',#8597,1.);
#8597 = DIRECTION('',(-1.,0.,0.));
#8598 = ORIENTED_EDGE('',*,*,#8554,.T.);
#8599 = PLANE('',#8600);
#8600 = AXIS2_PLACEMENT_3D('',#8601,#8602,#8603);
#8601 = CARTESIAN_POINT('',(1.411900362141,1.436693944436,0.701));
#8602 = DIRECTION('',(0.,-1.,0.));
#8603 = DIRECTION('',(0.,0.,-1.));
#8604 = ADVANCED_FACE('',(#8605),#8630,.F.);
#8605 = FACE_BOUND('',#8606,.T.);
#8606 = EDGE_LOOP('',(#8607,#8615,#8623,#8629));
#8607 = ORIENTED_EDGE('',*,*,#8608,.T.);
#8608 = EDGE_CURVE('',#8578,#8609,#8611,.T.);
#8609 = VERTEX_POINT('',#8610);
#8610 = CARTESIAN_POINT('',(1.411900362141,1.294330290534,0.699999999999
    ));
#8611 = LINE('',#8612,#8613);
#8612 = CARTESIAN_POINT('',(1.411900362141,1.294330290534,0.699999999999
    ));
#8613 = VECTOR('',#8614,1.);
#8614 = DIRECTION('',(0.,-1.,0.));
#8615 = ORIENTED_EDGE('',*,*,#8616,.F.);
#8616 = EDGE_CURVE('',#8617,#8609,#8619,.T.);
#8617 = VERTEX_POINT('',#8618);
#8618 = CARTESIAN_POINT('',(1.411900362141,1.294330290534,0.701));
#8619 = LINE('',#8620,#8621);
#8620 = CARTESIAN_POINT('',(1.411900362141,1.294330290534,0.701));
#8621 = VECTOR('',#8622,1.);
#8622 = DIRECTION('',(0.,0.,-1.));
#8623 = ORIENTED_EDGE('',*,*,#8624,.F.);
#8624 = EDGE_CURVE('',#8586,#8617,#8625,.T.);
#8625 = LINE('',#8626,#8627);
#8626 = CARTESIAN_POINT('',(1.411900362141,1.294330290534,0.701));
#8627 = VECTOR('',#8628,1.);
#8628 = DIRECTION('',(0.,-1.,0.));
#8629 = ORIENTED_EDGE('',*,*,#8585,.T.);
#8630 = PLANE('',#8631);
#8631 = AXIS2_PLACEMENT_3D('',#8632,#8633,#8634);
#8632 = CARTESIAN_POINT('',(1.411900362141,1.294330290534,0.701));
#8633 = DIRECTION('',(1.,0.,0.));
#8634 = DIRECTION('',(0.,0.,-1.));
#8635 = ADVANCED_FACE('',(#8636),#8652,.F.);
#8636 = FACE_BOUND('',#8637,.T.);
#8637 = EDGE_LOOP('',(#8638,#8644,#8645,#8651));
#8638 = ORIENTED_EDGE('',*,*,#8639,.T.);
#8639 = EDGE_CURVE('',#8609,#8290,#8640,.T.);
#8640 = LINE('',#8641,#8642);
#8641 = CARTESIAN_POINT('',(1.488468135099,1.294330290534,0.699999999999
    ));
#8642 = VECTOR('',#8643,1.);
#8643 = DIRECTION('',(1.,0.,0.));
#8644 = ORIENTED_EDGE('',*,*,#8315,.F.);
#8645 = ORIENTED_EDGE('',*,*,#8646,.F.);
#8646 = EDGE_CURVE('',#8617,#8308,#8647,.T.);
#8647 = LINE('',#8648,#8649);
#8648 = CARTESIAN_POINT('',(1.488468135099,1.294330290534,0.701));
#8649 = VECTOR('',#8650,1.);
#8650 = DIRECTION('',(1.,0.,0.));
#8651 = ORIENTED_EDGE('',*,*,#8616,.T.);
#8652 = PLANE('',#8653);
#8653 = AXIS2_PLACEMENT_3D('',#8654,#8655,#8656);
#8654 = CARTESIAN_POINT('',(1.488468135099,1.294330290534,0.701));
#8655 = DIRECTION('',(0.,1.,0.));
#8656 = DIRECTION('',(0.,-0.,1.));
#8657 = ADVANCED_FACE('',(#8658),#8672,.F.);
#8658 = FACE_BOUND('',#8659,.T.);
#8659 = EDGE_LOOP('',(#8660,#8661,#8662,#8663,#8664,#8665,#8666,#8667,
    #8668,#8669,#8670,#8671));
#8660 = ORIENTED_EDGE('',*,*,#8307,.T.);
#8661 = ORIENTED_EDGE('',*,*,#8345,.T.);
#8662 = ORIENTED_EDGE('',*,*,#8376,.T.);
#8663 = ORIENTED_EDGE('',*,*,#8407,.T.);
#8664 = ORIENTED_EDGE('',*,*,#8438,.T.);
#8665 = ORIENTED_EDGE('',*,*,#8469,.T.);
#8666 = ORIENTED_EDGE('',*,*,#8500,.T.);
#8667 = ORIENTED_EDGE('',*,*,#8531,.T.);
#8668 = ORIENTED_EDGE('',*,*,#8562,.T.);
#8669 = ORIENTED_EDGE('',*,*,#8593,.T.);
#8670 = ORIENTED_EDGE('',*,*,#8624,.T.);
#8671 = ORIENTED_EDGE('',*,*,#8646,.T.);
#8672 = PLANE('',#8673);
#8673 = AXIS2_PLACEMENT_3D('',#8674,#8675,#8676);
#8674 = CARTESIAN_POINT('',(0.,0.,0.701));
#8675 = DIRECTION('',(0.,0.,-1.));
#8676 = DIRECTION('',(-1.,0.,0.));
#8677 = ADVANCED_FACE('',(#8678),#8692,.T.);
#8678 = FACE_BOUND('',#8679,.T.);
#8679 = EDGE_LOOP('',(#8680,#8681,#8682,#8683,#8684,#8685,#8686,#8687,
    #8688,#8689,#8690,#8691));
#8680 = ORIENTED_EDGE('',*,*,#8289,.F.);
#8681 = ORIENTED_EDGE('',*,*,#8639,.F.);
#8682 = ORIENTED_EDGE('',*,*,#8608,.F.);
#8683 = ORIENTED_EDGE('',*,*,#8577,.F.);
#8684 = ORIENTED_EDGE('',*,*,#8546,.F.);
#8685 = ORIENTED_EDGE('',*,*,#8515,.F.);
#8686 = ORIENTED_EDGE('',*,*,#8484,.F.);
#8687 = ORIENTED_EDGE('',*,*,#8453,.F.);
#8688 = ORIENTED_EDGE('',*,*,#8422,.F.);
#8689 = ORIENTED_EDGE('',*,*,#8391,.F.);
#8690 = ORIENTED_EDGE('',*,*,#8360,.F.);
#8691 = ORIENTED_EDGE('',*,*,#8329,.F.);
#8692 = PLANE('',#8693);
#8693 = AXIS2_PLACEMENT_3D('',#8694,#8695,#8696);
#8694 = CARTESIAN_POINT('',(0.,0.,0.699999999999));
#8695 = DIRECTION('',(0.,0.,-1.));
#8696 = DIRECTION('',(-1.,0.,0.));
#8697 = ( GEOMETRIC_REPRESENTATION_CONTEXT(3) 
GLOBAL_UNCERTAINTY_ASSIGNED_CONTEXT((#8701)) 
GLOBAL_UNIT_ASSIGNED_CONTEXT((#8698,#8699,#8700)) REPRESENTATION_CONTEXT
('Context #1','3D Context with UNIT and UNCERTAINTY') );
#8698 = ( LENGTH_UNIT() NAMED_UNIT(*) SI_UNIT(.MILLI.,.METRE.) );
#8699 = ( NAMED_UNIT(*) PLANE_ANGLE_UNIT() SI_UNIT($,.RADIAN.) );
#8700 = ( NAMED_UNIT(*) SI_UNIT($,.STERADIAN.) SOLID_ANGLE_UNIT() );
#8701 = UNCERTAINTY_MEASURE_WITH_UNIT(LENGTH_MEASURE(1.E-07),#8698,
  'distance_accuracy_value','confusion accuracy');
#8702 = CONTEXT_DEPENDENT_SHAPE_REPRESENTATION(#8703,#8705);
#8703 = ( REPRESENTATION_RELATIONSHIP('','',#8282,#32) 
REPRESENTATION_RELATIONSHIP_WITH_TRANSFORMATION(#8704) 
SHAPE_REPRESENTATION_RELATIONSHIP() );
#8704 = ITEM_DEFINED_TRANSFORMATION('','',#11,#45);
#8705 = PRODUCT_DEFINITION_SHAPE('Placement','Placement of an item',
  #8706);
#8706 = NEXT_ASSEMBLY_USAGE_OCCURRENCE('118',
'SOP-8_L4.9-W3.9-P1.27-LS6.0-BL~SOP-8_L4.9-W3.9-P1.27-LS6.0-BL-1~L6m003'
  ,'',#27,#8277,$);
#8707 = PRODUCT_RELATED_PRODUCT_CATEGORY('part',$,(#8279));
#8708 = SHAPE_DEFINITION_REPRESENTATION(#8709,#8715);
#8709 = PRODUCT_DEFINITION_SHAPE('','',#8710);
#8710 = PRODUCT_DEFINITION('design','',#8711,#8714);
#8711 = PRODUCT_DEFINITION_FORMATION('','',#8712);
#8712 = PRODUCT(
'SOP-8_L4.9-W3.9-P1.27-LS6.0-BL~SOP-8_L4.9-W3.9-P1.27-LS6.0-BL-1~L6m004'
  ,
'SOP-8_L4.9-W3.9-P1.27-LS6.0-BL~SOP-8_L4.9-W3.9-P1.27-LS6.0-BL-1~L6m004'
  ,'',(#8713));
#8713 = PRODUCT_CONTEXT('',#2,'mechanical');
#8714 = PRODUCT_DEFINITION_CONTEXT('part definition',#2,'design');
#8715 = ADVANCED_BREP_SHAPE_REPRESENTATION('',(#11,#8716),#9248);
#8716 = MANIFOLD_SOLID_BREP('',#8717);
#8717 = CLOSED_SHELL('',(#8718,#8848,#8978,#9000,#9021,#9042,#9063,#9084
    ,#9101,#9113,#9135,#9152,#9169,#9190,#9211,#9232));
#8718 = ADVANCED_FACE('',(#8719,#8781),#8843,.T.);
#8719 = FACE_BOUND('',#8720,.T.);
#8720 = EDGE_LOOP('',(#8721,#8731,#8740,#8749,#8758,#8767,#8775));
#8721 = ORIENTED_EDGE('',*,*,#8722,.T.);
#8722 = EDGE_CURVE('',#8723,#8725,#8727,.T.);
#8723 = VERTEX_POINT('',#8724);
#8724 = CARTESIAN_POINT('',(1.515361473605,1.294330290534,0.701));
#8725 = VERTEX_POINT('',#8726);
#8726 = CARTESIAN_POINT('',(1.554518756733,1.294330290534,0.701));
#8727 = LINE('',#8728,#8729);
#8728 = CARTESIAN_POINT('',(1.554518756733,1.294330290534,0.701));
#8729 = VECTOR('',#8730,1.);
#8730 = DIRECTION('',(1.,0.,0.));
#8731 = ORIENTED_EDGE('',*,*,#8732,.T.);
#8732 = EDGE_CURVE('',#8725,#8733,#8735,.T.);
#8733 = VERTEX_POINT('',#8734);
#8734 = CARTESIAN_POINT('',(1.609797486354,1.314272847368,0.701));
#8735 = B_SPLINE_CURVE_WITH_KNOTS('',3,(#8736,#8737,#8738,#8739),
  .UNSPECIFIED.,.F.,.F.,(4,4),(5.,6.),.PIECEWISE_BEZIER_KNOTS.);
#8736 = CARTESIAN_POINT('',(1.554518756733,1.294330290534,0.701));
#8737 = CARTESIAN_POINT('',(1.57704511199,1.294330290534,0.701));
#8738 = CARTESIAN_POINT('',(1.595495616215,1.300953548461,0.701));
#8739 = CARTESIAN_POINT('',(1.609797486354,1.314272847368,0.701));
#8740 = ORIENTED_EDGE('',*,*,#8741,.T.);
#8741 = EDGE_CURVE('',#8733,#8742,#8744,.T.);
#8742 = VERTEX_POINT('',#8743);
#8743 = CARTESIAN_POINT('',(1.631268487326,1.367331693839,0.701));
#8744 = B_SPLINE_CURVE_WITH_KNOTS('',3,(#8745,#8746,#8747,#8748),
  .UNSPECIFIED.,.F.,.F.,(4,4),(4.,5.),.PIECEWISE_BEZIER_KNOTS.);
#8745 = CARTESIAN_POINT('',(1.609797486354,1.314272847368,0.701));
#8746 = CARTESIAN_POINT('',(1.624099356493,1.327592146277,0.701));
#8747 = CARTESIAN_POINT('',(1.631268487326,1.345278428433,0.701));
#8748 = CARTESIAN_POINT('',(1.631268487326,1.367331693839,0.701));
#8749 = ORIENTED_EDGE('',*,*,#8750,.T.);
#8750 = EDGE_CURVE('',#8742,#8751,#8753,.T.);
#8751 = VERTEX_POINT('',#8752);
#8752 = CARTESIAN_POINT('',(1.609797486354,1.417843133413,0.701));
#8753 = B_SPLINE_CURVE_WITH_KNOTS('',3,(#8754,#8755,#8756,#8757),
  .UNSPECIFIED.,.F.,.F.,(4,4),(3.,4.),.PIECEWISE_BEZIER_KNOTS.);
#8754 = CARTESIAN_POINT('',(1.631268487326,1.367331693839,0.701));
#8755 = CARTESIAN_POINT('',(1.631268487326,1.388438779539,0.701));
#8756 = CARTESIAN_POINT('',(1.624099356493,1.405251665046,0.701));
#8757 = CARTESIAN_POINT('',(1.609797486354,1.417843133413,0.701));
#8758 = ORIENTED_EDGE('',*,*,#8759,.T.);
#8759 = EDGE_CURVE('',#8751,#8760,#8762,.T.);
#8760 = VERTEX_POINT('',#8761);
#8761 = CARTESIAN_POINT('',(1.555974417816,1.436693944436,0.701));
#8762 = B_SPLINE_CURVE_WITH_KNOTS('',3,(#8763,#8764,#8765,#8766),
  .UNSPECIFIED.,.F.,.F.,(4,4),(2.,3.),.PIECEWISE_BEZIER_KNOTS.);
#8763 = CARTESIAN_POINT('',(1.609797486354,1.417843133413,0.701));
#8764 = CARTESIAN_POINT('',(1.595495616215,1.43043460178,0.701));
#8765 = CARTESIAN_POINT('',(1.577554593369,1.436693944436,0.701));
#8766 = CARTESIAN_POINT('',(1.555974417816,1.436693944436,0.701));
#8767 = ORIENTED_EDGE('',*,*,#8768,.T.);
#8768 = EDGE_CURVE('',#8760,#8769,#8771,.T.);
#8769 = VERTEX_POINT('',#8770);
#8770 = CARTESIAN_POINT('',(1.515361473605,1.436693944436,0.701));
#8771 = LINE('',#8772,#8773);
#8772 = CARTESIAN_POINT('',(1.515361473605,1.436693944436,0.701));
#8773 = VECTOR('',#8774,1.);
#8774 = DIRECTION('',(-1.,0.,0.));
#8775 = ORIENTED_EDGE('',*,*,#8776,.T.);
#8776 = EDGE_CURVE('',#8769,#8723,#8777,.T.);
#8777 = LINE('',#8778,#8779);
#8778 = CARTESIAN_POINT('',(1.515361473605,1.294330290534,0.701));
#8779 = VECTOR('',#8780,1.);
#8780 = DIRECTION('',(0.,-1.,0.));
#8781 = FACE_BOUND('',#8782,.T.);
#8782 = EDGE_LOOP('',(#8783,#8793,#8801,#8810,#8819,#8828,#8837));
#8783 = ORIENTED_EDGE('',*,*,#8784,.F.);
#8784 = EDGE_CURVE('',#8785,#8787,#8789,.T.);
#8785 = VERTEX_POINT('',#8786);
#8786 = CARTESIAN_POINT('',(1.533739194776,1.420317757254,0.701));
#8787 = VERTEX_POINT('',#8788);
#8788 = CARTESIAN_POINT('',(1.533739194776,1.310560911607,0.701));
#8789 = LINE('',#8790,#8791);
#8790 = CARTESIAN_POINT('',(1.533739194776,1.420317757254,0.701));
#8791 = VECTOR('',#8792,1.);
#8792 = DIRECTION('',(0.,-1.,0.));
#8793 = ORIENTED_EDGE('',*,*,#8794,.F.);
#8794 = EDGE_CURVE('',#8795,#8785,#8797,.T.);
#8795 = VERTEX_POINT('',#8796);
#8796 = CARTESIAN_POINT('',(1.555246587274,1.420317757254,0.701));
#8797 = LINE('',#8798,#8799);
#8798 = CARTESIAN_POINT('',(1.555246587274,1.420317757254,0.701));
#8799 = VECTOR('',#8800,1.);
#8800 = DIRECTION('',(-1.,0.,0.));
#8801 = ORIENTED_EDGE('',*,*,#8802,.F.);
#8802 = EDGE_CURVE('',#8803,#8795,#8805,.T.);
#8803 = VERTEX_POINT('',#8804);
#8804 = CARTESIAN_POINT('',(1.596332621338,1.406925675291,0.701));
#8805 = B_SPLINE_CURVE_WITH_KNOTS('',3,(#8806,#8807,#8808,#8809),
  .UNSPECIFIED.,.F.,.F.,(4,4),(5.,6.),.PIECEWISE_BEZIER_KNOTS.);
#8806 = CARTESIAN_POINT('',(1.596332621338,1.406925675291,0.701));
#8807 = CARTESIAN_POINT('',(1.585924644595,1.415877990951,0.701));
#8808 = CARTESIAN_POINT('',(1.572205038889,1.420317757254,0.701));
#8809 = CARTESIAN_POINT('',(1.555246587274,1.420317757254,0.701));
#8810 = ORIENTED_EDGE('',*,*,#8811,.F.);
#8811 = EDGE_CURVE('',#8812,#8803,#8814,.T.);
#8812 = VERTEX_POINT('',#8813);
#8813 = CARTESIAN_POINT('',(1.611944586452,1.366822212459,0.701));
#8814 = B_SPLINE_CURVE_WITH_KNOTS('',3,(#8815,#8816,#8817,#8818),
  .UNSPECIFIED.,.F.,.F.,(4,4),(4.,5.),.PIECEWISE_BEZIER_KNOTS.);
#8815 = CARTESIAN_POINT('',(1.611944586452,1.366822212459,0.701));
#8816 = CARTESIAN_POINT('',(1.611944586452,1.38458127767,0.701));
#8817 = CARTESIAN_POINT('',(1.60674059808,1.397973359632,0.701));
#8818 = CARTESIAN_POINT('',(1.596332621338,1.406925675291,0.701));
#8819 = ORIENTED_EDGE('',*,*,#8820,.F.);
#8820 = EDGE_CURVE('',#8821,#8812,#8823,.T.);
#8821 = VERTEX_POINT('',#8822);
#8822 = CARTESIAN_POINT('',(1.596732928136,1.325408654652,0.701));
#8823 = B_SPLINE_CURVE_WITH_KNOTS('',3,(#8824,#8825,#8826,#8827),
  .UNSPECIFIED.,.F.,.F.,(4,4),(3.,4.),.PIECEWISE_BEZIER_KNOTS.);
#8824 = CARTESIAN_POINT('',(1.596732928136,1.325408654652,0.701));
#8825 = CARTESIAN_POINT('',(1.606886164189,1.335234366962,0.701));
#8826 = CARTESIAN_POINT('',(1.611944586452,1.349063147248,0.701));
#8827 = CARTESIAN_POINT('',(1.611944586452,1.366822212459,0.701));
#8828 = ORIENTED_EDGE('',*,*,#8829,.F.);
#8829 = EDGE_CURVE('',#8830,#8821,#8832,.T.);
#8830 = VERTEX_POINT('',#8831);
#8831 = CARTESIAN_POINT('',(1.554409582152,1.310560911607,0.701));
#8832 = B_SPLINE_CURVE_WITH_KNOTS('',3,(#8833,#8834,#8835,#8836),
  .UNSPECIFIED.,.F.,.F.,(4,4),(2.,3.),.PIECEWISE_BEZIER_KNOTS.);
#8833 = CARTESIAN_POINT('',(1.554409582152,1.310560911607,0.701));
#8834 = CARTESIAN_POINT('',(1.572496171106,1.310560911607,0.701));
#8835 = CARTESIAN_POINT('',(1.58661608361,1.315510159289,0.701));
#8836 = CARTESIAN_POINT('',(1.596732928136,1.325408654652,0.701));
#8837 = ORIENTED_EDGE('',*,*,#8838,.F.);
#8838 = EDGE_CURVE('',#8787,#8830,#8839,.T.);
#8839 = LINE('',#8840,#8841);
#8840 = CARTESIAN_POINT('',(1.533739194776,1.310560911607,0.701));
#8841 = VECTOR('',#8842,1.);
#8842 = DIRECTION('',(1.,0.,0.));
#8843 = PLANE('',#8844);
#8844 = AXIS2_PLACEMENT_3D('',#8845,#8846,#8847);
#8845 = CARTESIAN_POINT('',(1.585615316615,1.431990339562,0.701));
#8846 = DIRECTION('',(0.,0.,1.));
#8847 = DIRECTION('',(1.,0.,-0.));
#8848 = ADVANCED_FACE('',(#8849,#8911),#8973,.F.);
#8849 = FACE_BOUND('',#8850,.T.);
#8850 = EDGE_LOOP('',(#8851,#8861,#8869,#8877,#8886,#8895,#8904));
#8851 = ORIENTED_EDGE('',*,*,#8852,.F.);
#8852 = EDGE_CURVE('',#8853,#8855,#8857,.T.);
#8853 = VERTEX_POINT('',#8854);
#8854 = CARTESIAN_POINT('',(1.515361473605,1.294330290534,0.699999999999
    ));
#8855 = VERTEX_POINT('',#8856);
#8856 = CARTESIAN_POINT('',(1.554518756733,1.294330290534,0.7));
#8857 = LINE('',#8858,#8859);
#8858 = CARTESIAN_POINT('',(1.554518756733,1.294330290534,0.699999999999
    ));
#8859 = VECTOR('',#8860,1.);
#8860 = DIRECTION('',(1.,0.,0.));
#8861 = ORIENTED_EDGE('',*,*,#8862,.F.);
#8862 = EDGE_CURVE('',#8863,#8853,#8865,.T.);
#8863 = VERTEX_POINT('',#8864);
#8864 = CARTESIAN_POINT('',(1.515361473605,1.436693944436,0.699999999999
    ));
#8865 = LINE('',#8866,#8867);
#8866 = CARTESIAN_POINT('',(1.515361473605,1.294330290534,0.699999999999
    ));
#8867 = VECTOR('',#8868,1.);
#8868 = DIRECTION('',(0.,-1.,0.));
#8869 = ORIENTED_EDGE('',*,*,#8870,.F.);
#8870 = EDGE_CURVE('',#8871,#8863,#8873,.T.);
#8871 = VERTEX_POINT('',#8872);
#8872 = CARTESIAN_POINT('',(1.555974417816,1.436693944436,0.699999999999
    ));
#8873 = LINE('',#8874,#8875);
#8874 = CARTESIAN_POINT('',(1.515361473605,1.436693944436,0.699999999999
    ));
#8875 = VECTOR('',#8876,1.);
#8876 = DIRECTION('',(-1.,0.,0.));
#8877 = ORIENTED_EDGE('',*,*,#8878,.F.);
#8878 = EDGE_CURVE('',#8879,#8871,#8881,.T.);
#8879 = VERTEX_POINT('',#8880);
#8880 = CARTESIAN_POINT('',(1.609797486354,1.417843133413,0.7));
#8881 = B_SPLINE_CURVE_WITH_KNOTS('',3,(#8882,#8883,#8884,#8885),
  .UNSPECIFIED.,.F.,.F.,(4,4),(2.,3.),.PIECEWISE_BEZIER_KNOTS.);
#8882 = CARTESIAN_POINT('',(1.609797486354,1.417843133413,0.7));
#8883 = CARTESIAN_POINT('',(1.595495616215,1.43043460178,0.7));
#8884 = CARTESIAN_POINT('',(1.577554593369,1.436693944436,0.7));
#8885 = CARTESIAN_POINT('',(1.555974417816,1.436693944436,0.699999999999
    ));
#8886 = ORIENTED_EDGE('',*,*,#8887,.F.);
#8887 = EDGE_CURVE('',#8888,#8879,#8890,.T.);
#8888 = VERTEX_POINT('',#8889);
#8889 = CARTESIAN_POINT('',(1.631268487326,1.367331693839,0.7));
#8890 = B_SPLINE_CURVE_WITH_KNOTS('',3,(#8891,#8892,#8893,#8894),
  .UNSPECIFIED.,.F.,.F.,(4,4),(3.,4.),.PIECEWISE_BEZIER_KNOTS.);
#8891 = CARTESIAN_POINT('',(1.631268487326,1.367331693839,0.7));
#8892 = CARTESIAN_POINT('',(1.631268487326,1.388438779539,0.7));
#8893 = CARTESIAN_POINT('',(1.624099356493,1.405251665046,0.7));
#8894 = CARTESIAN_POINT('',(1.609797486354,1.417843133413,0.7));
#8895 = ORIENTED_EDGE('',*,*,#8896,.F.);
#8896 = EDGE_CURVE('',#8897,#8888,#8899,.T.);
#8897 = VERTEX_POINT('',#8898);
#8898 = CARTESIAN_POINT('',(1.609797486354,1.314272847368,0.7));
#8899 = B_SPLINE_CURVE_WITH_KNOTS('',3,(#8900,#8901,#8902,#8903),
  .UNSPECIFIED.,.F.,.F.,(4,4),(4.,5.),.PIECEWISE_BEZIER_KNOTS.);
#8900 = CARTESIAN_POINT('',(1.609797486354,1.314272847368,0.7));
#8901 = CARTESIAN_POINT('',(1.624099356493,1.327592146277,0.7));
#8902 = CARTESIAN_POINT('',(1.631268487326,1.345278428433,0.7));
#8903 = CARTESIAN_POINT('',(1.631268487326,1.367331693839,0.7));
#8904 = ORIENTED_EDGE('',*,*,#8905,.F.);
#8905 = EDGE_CURVE('',#8855,#8897,#8906,.T.);
#8906 = B_SPLINE_CURVE_WITH_KNOTS('',3,(#8907,#8908,#8909,#8910),
  .UNSPECIFIED.,.F.,.F.,(4,4),(5.,6.),.PIECEWISE_BEZIER_KNOTS.);
#8907 = CARTESIAN_POINT('',(1.554518756733,1.294330290534,0.7));
#8908 = CARTESIAN_POINT('',(1.57704511199,1.294330290534,0.7));
#8909 = CARTESIAN_POINT('',(1.595495616215,1.300953548461,0.7));
#8910 = CARTESIAN_POINT('',(1.609797486354,1.314272847368,0.7));
#8911 = FACE_BOUND('',#8912,.T.);
#8912 = EDGE_LOOP('',(#8913,#8923,#8931,#8939,#8948,#8957,#8966));
#8913 = ORIENTED_EDGE('',*,*,#8914,.T.);
#8914 = EDGE_CURVE('',#8915,#8917,#8919,.T.);
#8915 = VERTEX_POINT('',#8916);
#8916 = CARTESIAN_POINT('',(1.555246587274,1.420317757254,0.7));
#8917 = VERTEX_POINT('',#8918);
#8918 = CARTESIAN_POINT('',(1.533739194776,1.420317757254,0.699999999999
    ));
#8919 = LINE('',#8920,#8921);
#8920 = CARTESIAN_POINT('',(1.555246587274,1.420317757254,0.699999999999
    ));
#8921 = VECTOR('',#8922,1.);
#8922 = DIRECTION('',(-1.,0.,0.));
#8923 = ORIENTED_EDGE('',*,*,#8924,.T.);
#8924 = EDGE_CURVE('',#8917,#8925,#8927,.T.);
#8925 = VERTEX_POINT('',#8926);
#8926 = CARTESIAN_POINT('',(1.533739194776,1.310560911607,0.699999999999
    ));
#8927 = LINE('',#8928,#8929);
#8928 = CARTESIAN_POINT('',(1.533739194776,1.420317757254,0.699999999999
    ));
#8929 = VECTOR('',#8930,1.);
#8930 = DIRECTION('',(0.,-1.,0.));
#8931 = ORIENTED_EDGE('',*,*,#8932,.T.);
#8932 = EDGE_CURVE('',#8925,#8933,#8935,.T.);
#8933 = VERTEX_POINT('',#8934);
#8934 = CARTESIAN_POINT('',(1.554409582152,1.310560911607,0.699999999999
    ));
#8935 = LINE('',#8936,#8937);
#8936 = CARTESIAN_POINT('',(1.533739194776,1.310560911607,0.699999999999
    ));
#8937 = VECTOR('',#8938,1.);
#8938 = DIRECTION('',(1.,0.,0.));
#8939 = ORIENTED_EDGE('',*,*,#8940,.T.);
#8940 = EDGE_CURVE('',#8933,#8941,#8943,.T.);
#8941 = VERTEX_POINT('',#8942);
#8942 = CARTESIAN_POINT('',(1.596732928136,1.325408654652,0.7));
#8943 = B_SPLINE_CURVE_WITH_KNOTS('',3,(#8944,#8945,#8946,#8947),
  .UNSPECIFIED.,.F.,.F.,(4,4),(2.,3.),.PIECEWISE_BEZIER_KNOTS.);
#8944 = CARTESIAN_POINT('',(1.554409582152,1.310560911607,0.699999999999
    ));
#8945 = CARTESIAN_POINT('',(1.572496171106,1.310560911607,0.7));
#8946 = CARTESIAN_POINT('',(1.58661608361,1.315510159289,0.7));
#8947 = CARTESIAN_POINT('',(1.596732928136,1.325408654652,0.7));
#8948 = ORIENTED_EDGE('',*,*,#8949,.T.);
#8949 = EDGE_CURVE('',#8941,#8950,#8952,.T.);
#8950 = VERTEX_POINT('',#8951);
#8951 = CARTESIAN_POINT('',(1.611944586452,1.366822212459,0.7));
#8952 = B_SPLINE_CURVE_WITH_KNOTS('',3,(#8953,#8954,#8955,#8956),
  .UNSPECIFIED.,.F.,.F.,(4,4),(3.,4.),.PIECEWISE_BEZIER_KNOTS.);
#8953 = CARTESIAN_POINT('',(1.596732928136,1.325408654652,0.7));
#8954 = CARTESIAN_POINT('',(1.606886164189,1.335234366962,0.7));
#8955 = CARTESIAN_POINT('',(1.611944586452,1.349063147248,0.7));
#8956 = CARTESIAN_POINT('',(1.611944586452,1.366822212459,0.7));
#8957 = ORIENTED_EDGE('',*,*,#8958,.T.);
#8958 = EDGE_CURVE('',#8950,#8959,#8961,.T.);
#8959 = VERTEX_POINT('',#8960);
#8960 = CARTESIAN_POINT('',(1.596332621338,1.406925675291,0.7));
#8961 = B_SPLINE_CURVE_WITH_KNOTS('',3,(#8962,#8963,#8964,#8965),
  .UNSPECIFIED.,.F.,.F.,(4,4),(4.,5.),.PIECEWISE_BEZIER_KNOTS.);
#8962 = CARTESIAN_POINT('',(1.611944586452,1.366822212459,0.7));
#8963 = CARTESIAN_POINT('',(1.611944586452,1.38458127767,0.7));
#8964 = CARTESIAN_POINT('',(1.60674059808,1.397973359632,0.7));
#8965 = CARTESIAN_POINT('',(1.596332621338,1.406925675291,0.7));
#8966 = ORIENTED_EDGE('',*,*,#8967,.T.);
#8967 = EDGE_CURVE('',#8959,#8915,#8968,.T.);
#8968 = B_SPLINE_CURVE_WITH_KNOTS('',3,(#8969,#8970,#8971,#8972),
  .UNSPECIFIED.,.F.,.F.,(4,4),(5.,6.),.PIECEWISE_BEZIER_KNOTS.);
#8969 = CARTESIAN_POINT('',(1.596332621338,1.406925675291,0.7));
#8970 = CARTESIAN_POINT('',(1.585924644595,1.415877990951,0.7));
#8971 = CARTESIAN_POINT('',(1.572205038889,1.420317757254,0.7));
#8972 = CARTESIAN_POINT('',(1.555246587274,1.420317757254,0.7));
#8973 = PLANE('',#8974);
#8974 = AXIS2_PLACEMENT_3D('',#8975,#8976,#8977);
#8975 = CARTESIAN_POINT('',(1.585615316615,1.431990339562,0.7));
#8976 = DIRECTION('',(0.,0.,1.));
#8977 = DIRECTION('',(1.,0.,-0.));
#8978 = ADVANCED_FACE('',(#8979),#8995,.F.);
#8979 = FACE_BOUND('',#8980,.T.);
#8980 = EDGE_LOOP('',(#8981,#8982,#8988,#8989));
#8981 = ORIENTED_EDGE('',*,*,#8852,.T.);
#8982 = ORIENTED_EDGE('',*,*,#8983,.F.);
#8983 = EDGE_CURVE('',#8725,#8855,#8984,.T.);
#8984 = LINE('',#8985,#8986);
#8985 = CARTESIAN_POINT('',(1.554518756733,1.294330290534,0.701));
#8986 = VECTOR('',#8987,1.);
#8987 = DIRECTION('',(0.,0.,-1.));
#8988 = ORIENTED_EDGE('',*,*,#8722,.F.);
#8989 = ORIENTED_EDGE('',*,*,#8990,.T.);
#8990 = EDGE_CURVE('',#8723,#8853,#8991,.T.);
#8991 = LINE('',#8992,#8993);
#8992 = CARTESIAN_POINT('',(1.515361473605,1.294330290534,0.701));
#8993 = VECTOR('',#8994,1.);
#8994 = DIRECTION('',(0.,0.,-1.));
#8995 = PLANE('',#8996);
#8996 = AXIS2_PLACEMENT_3D('',#8997,#8998,#8999);
#8997 = CARTESIAN_POINT('',(1.554518756733,1.294330290534,0.701));
#8998 = DIRECTION('',(0.,1.,0.));
#8999 = DIRECTION('',(0.,-0.,1.));
#9000 = ADVANCED_FACE('',(#9001),#9012,.F.);
#9001 = FACE_BOUND('',#9002,.F.);
#9002 = EDGE_LOOP('',(#9003,#9004,#9005,#9011));
#9003 = ORIENTED_EDGE('',*,*,#8983,.F.);
#9004 = ORIENTED_EDGE('',*,*,#8732,.T.);
#9005 = ORIENTED_EDGE('',*,*,#9006,.T.);
#9006 = EDGE_CURVE('',#8733,#8897,#9007,.T.);
#9007 = LINE('',#9008,#9009);
#9008 = CARTESIAN_POINT('',(1.609797486354,1.314272847368,0.701));
#9009 = VECTOR('',#9010,1.);
#9010 = DIRECTION('',(0.,0.,-1.));
#9011 = ORIENTED_EDGE('',*,*,#8905,.F.);
#9012 = B_SPLINE_SURFACE_WITH_KNOTS('',3,1,(
    (#9013,#9014)
    ,(#9015,#9016)
    ,(#9017,#9018)
    ,(#9019,#9020
    )),.UNSPECIFIED.,.F.,.F.,.F.,(4,4),(2,2),(5.,6.),(0.,1.),
  .PIECEWISE_BEZIER_KNOTS.);
#9013 = CARTESIAN_POINT('',(1.554518756733,1.294330290534,0.701));
#9014 = CARTESIAN_POINT('',(1.554518756733,1.294330290534,0.7));
#9015 = CARTESIAN_POINT('',(1.57704511199,1.294330290534,0.701));
#9016 = CARTESIAN_POINT('',(1.57704511199,1.294330290534,0.7));
#9017 = CARTESIAN_POINT('',(1.595495616215,1.300953548461,0.701));
#9018 = CARTESIAN_POINT('',(1.595495616215,1.300953548461,0.7));
#9019 = CARTESIAN_POINT('',(1.609797486354,1.314272847368,0.701));
#9020 = CARTESIAN_POINT('',(1.609797486354,1.314272847368,0.7));
#9021 = ADVANCED_FACE('',(#9022),#9033,.F.);
#9022 = FACE_BOUND('',#9023,.F.);
#9023 = EDGE_LOOP('',(#9024,#9025,#9026,#9032));
#9024 = ORIENTED_EDGE('',*,*,#9006,.F.);
#9025 = ORIENTED_EDGE('',*,*,#8741,.T.);
#9026 = ORIENTED_EDGE('',*,*,#9027,.T.);
#9027 = EDGE_CURVE('',#8742,#8888,#9028,.T.);
#9028 = LINE('',#9029,#9030);
#9029 = CARTESIAN_POINT('',(1.631268487326,1.367331693839,0.701));
#9030 = VECTOR('',#9031,1.);
#9031 = DIRECTION('',(0.,0.,-1.));
#9032 = ORIENTED_EDGE('',*,*,#8896,.F.);
#9033 = B_SPLINE_SURFACE_WITH_KNOTS('',3,1,(
    (#9034,#9035)
    ,(#9036,#9037)
    ,(#9038,#9039)
    ,(#9040,#9041
    )),.UNSPECIFIED.,.F.,.F.,.F.,(4,4),(2,2),(4.,5.),(0.,1.),
  .PIECEWISE_BEZIER_KNOTS.);
#9034 = CARTESIAN_POINT('',(1.609797486354,1.314272847368,0.701));
#9035 = CARTESIAN_POINT('',(1.609797486354,1.314272847368,0.7));
#9036 = CARTESIAN_POINT('',(1.624099356493,1.327592146277,0.701));
#9037 = CARTESIAN_POINT('',(1.624099356493,1.327592146277,0.7));
#9038 = CARTESIAN_POINT('',(1.631268487326,1.345278428433,0.701));
#9039 = CARTESIAN_POINT('',(1.631268487326,1.345278428433,0.7));
#9040 = CARTESIAN_POINT('',(1.631268487326,1.367331693839,0.701));
#9041 = CARTESIAN_POINT('',(1.631268487326,1.367331693839,0.7));
#9042 = ADVANCED_FACE('',(#9043),#9054,.F.);
#9043 = FACE_BOUND('',#9044,.F.);
#9044 = EDGE_LOOP('',(#9045,#9046,#9047,#9053));
#9045 = ORIENTED_EDGE('',*,*,#9027,.F.);
#9046 = ORIENTED_EDGE('',*,*,#8750,.T.);
#9047 = ORIENTED_EDGE('',*,*,#9048,.T.);
#9048 = EDGE_CURVE('',#8751,#8879,#9049,.T.);
#9049 = LINE('',#9050,#9051);
#9050 = CARTESIAN_POINT('',(1.609797486354,1.417843133413,0.701));
#9051 = VECTOR('',#9052,1.);
#9052 = DIRECTION('',(0.,0.,-1.));
#9053 = ORIENTED_EDGE('',*,*,#8887,.F.);
#9054 = B_SPLINE_SURFACE_WITH_KNOTS('',3,1,(
    (#9055,#9056)
    ,(#9057,#9058)
    ,(#9059,#9060)
    ,(#9061,#9062
    )),.UNSPECIFIED.,.F.,.F.,.F.,(4,4),(2,2),(3.,4.),(0.,1.),
  .PIECEWISE_BEZIER_KNOTS.);
#9055 = CARTESIAN_POINT('',(1.631268487326,1.367331693839,0.701));
#9056 = CARTESIAN_POINT('',(1.631268487326,1.367331693839,0.7));
#9057 = CARTESIAN_POINT('',(1.631268487326,1.388438779539,0.701));
#9058 = CARTESIAN_POINT('',(1.631268487326,1.388438779539,0.7));
#9059 = CARTESIAN_POINT('',(1.624099356493,1.405251665046,0.701));
#9060 = CARTESIAN_POINT('',(1.624099356493,1.405251665046,0.7));
#9061 = CARTESIAN_POINT('',(1.609797486354,1.417843133413,0.701));
#9062 = CARTESIAN_POINT('',(1.609797486354,1.417843133413,0.7));
#9063 = ADVANCED_FACE('',(#9064),#9075,.F.);
#9064 = FACE_BOUND('',#9065,.F.);
#9065 = EDGE_LOOP('',(#9066,#9067,#9068,#9074));
#9066 = ORIENTED_EDGE('',*,*,#9048,.F.);
#9067 = ORIENTED_EDGE('',*,*,#8759,.T.);
#9068 = ORIENTED_EDGE('',*,*,#9069,.T.);
#9069 = EDGE_CURVE('',#8760,#8871,#9070,.T.);
#9070 = LINE('',#9071,#9072);
#9071 = CARTESIAN_POINT('',(1.555974417816,1.436693944436,0.701));
#9072 = VECTOR('',#9073,1.);
#9073 = DIRECTION('',(0.,0.,-1.));
#9074 = ORIENTED_EDGE('',*,*,#8878,.F.);
#9075 = B_SPLINE_SURFACE_WITH_KNOTS('',3,1,(
    (#9076,#9077)
    ,(#9078,#9079)
    ,(#9080,#9081)
    ,(#9082,#9083
    )),.UNSPECIFIED.,.F.,.F.,.F.,(4,4),(2,2),(2.,3.),(0.,1.),
  .PIECEWISE_BEZIER_KNOTS.);
#9076 = CARTESIAN_POINT('',(1.609797486354,1.417843133413,0.701));
#9077 = CARTESIAN_POINT('',(1.609797486354,1.417843133413,0.699999999999
    ));
#9078 = CARTESIAN_POINT('',(1.595495616215,1.43043460178,0.701));
#9079 = CARTESIAN_POINT('',(1.595495616215,1.43043460178,0.699999999999)
  );
#9080 = CARTESIAN_POINT('',(1.577554593369,1.436693944436,0.701));
#9081 = CARTESIAN_POINT('',(1.577554593369,1.436693944436,0.699999999999
    ));
#9082 = CARTESIAN_POINT('',(1.555974417816,1.436693944436,0.701));
#9083 = CARTESIAN_POINT('',(1.555974417816,1.436693944436,0.699999999999
    ));
#9084 = ADVANCED_FACE('',(#9085),#9096,.F.);
#9085 = FACE_BOUND('',#9086,.T.);
#9086 = EDGE_LOOP('',(#9087,#9088,#9094,#9095));
#9087 = ORIENTED_EDGE('',*,*,#8870,.T.);
#9088 = ORIENTED_EDGE('',*,*,#9089,.F.);
#9089 = EDGE_CURVE('',#8769,#8863,#9090,.T.);
#9090 = LINE('',#9091,#9092);
#9091 = CARTESIAN_POINT('',(1.515361473605,1.436693944436,0.701));
#9092 = VECTOR('',#9093,1.);
#9093 = DIRECTION('',(0.,0.,-1.));
#9094 = ORIENTED_EDGE('',*,*,#8768,.F.);
#9095 = ORIENTED_EDGE('',*,*,#9069,.T.);
#9096 = PLANE('',#9097);
#9097 = AXIS2_PLACEMENT_3D('',#9098,#9099,#9100);
#9098 = CARTESIAN_POINT('',(1.515361473605,1.436693944436,0.701));
#9099 = DIRECTION('',(0.,-1.,0.));
#9100 = DIRECTION('',(0.,0.,-1.));
#9101 = ADVANCED_FACE('',(#9102),#9108,.F.);
#9102 = FACE_BOUND('',#9103,.T.);
#9103 = EDGE_LOOP('',(#9104,#9105,#9106,#9107));
#9104 = ORIENTED_EDGE('',*,*,#8862,.T.);
#9105 = ORIENTED_EDGE('',*,*,#8990,.F.);
#9106 = ORIENTED_EDGE('',*,*,#8776,.F.);
#9107 = ORIENTED_EDGE('',*,*,#9089,.T.);
#9108 = PLANE('',#9109);
#9109 = AXIS2_PLACEMENT_3D('',#9110,#9111,#9112);
#9110 = CARTESIAN_POINT('',(1.515361473605,1.294330290534,0.701));
#9111 = DIRECTION('',(1.,0.,0.));
#9112 = DIRECTION('',(0.,0.,-1.));
#9113 = ADVANCED_FACE('',(#9114),#9130,.T.);
#9114 = FACE_BOUND('',#9115,.T.);
#9115 = EDGE_LOOP('',(#9116,#9117,#9123,#9124));
#9116 = ORIENTED_EDGE('',*,*,#8914,.F.);
#9117 = ORIENTED_EDGE('',*,*,#9118,.F.);
#9118 = EDGE_CURVE('',#8795,#8915,#9119,.T.);
#9119 = LINE('',#9120,#9121);
#9120 = CARTESIAN_POINT('',(1.555246587274,1.420317757254,0.701));
#9121 = VECTOR('',#9122,1.);
#9122 = DIRECTION('',(0.,0.,-1.));
#9123 = ORIENTED_EDGE('',*,*,#8794,.T.);
#9124 = ORIENTED_EDGE('',*,*,#9125,.T.);
#9125 = EDGE_CURVE('',#8785,#8917,#9126,.T.);
#9126 = LINE('',#9127,#9128);
#9127 = CARTESIAN_POINT('',(1.533739194776,1.420317757254,0.701));
#9128 = VECTOR('',#9129,1.);
#9129 = DIRECTION('',(0.,0.,-1.));
#9130 = PLANE('',#9131);
#9131 = AXIS2_PLACEMENT_3D('',#9132,#9133,#9134);
#9132 = CARTESIAN_POINT('',(1.555246587274,1.420317757254,0.701));
#9133 = DIRECTION('',(0.,-1.,0.));
#9134 = DIRECTION('',(0.,0.,-1.));
#9135 = ADVANCED_FACE('',(#9136),#9147,.T.);
#9136 = FACE_BOUND('',#9137,.T.);
#9137 = EDGE_LOOP('',(#9138,#9139,#9140,#9141));
#9138 = ORIENTED_EDGE('',*,*,#8924,.F.);
#9139 = ORIENTED_EDGE('',*,*,#9125,.F.);
#9140 = ORIENTED_EDGE('',*,*,#8784,.T.);
#9141 = ORIENTED_EDGE('',*,*,#9142,.T.);
#9142 = EDGE_CURVE('',#8787,#8925,#9143,.T.);
#9143 = LINE('',#9144,#9145);
#9144 = CARTESIAN_POINT('',(1.533739194776,1.310560911607,0.701));
#9145 = VECTOR('',#9146,1.);
#9146 = DIRECTION('',(0.,0.,-1.));
#9147 = PLANE('',#9148);
#9148 = AXIS2_PLACEMENT_3D('',#9149,#9150,#9151);
#9149 = CARTESIAN_POINT('',(1.533739194776,1.420317757254,0.701));
#9150 = DIRECTION('',(1.,0.,0.));
#9151 = DIRECTION('',(0.,0.,-1.));
#9152 = ADVANCED_FACE('',(#9153),#9164,.T.);
#9153 = FACE_BOUND('',#9154,.T.);
#9154 = EDGE_LOOP('',(#9155,#9156,#9157,#9158));
#9155 = ORIENTED_EDGE('',*,*,#8932,.F.);
#9156 = ORIENTED_EDGE('',*,*,#9142,.F.);
#9157 = ORIENTED_EDGE('',*,*,#8838,.T.);
#9158 = ORIENTED_EDGE('',*,*,#9159,.T.);
#9159 = EDGE_CURVE('',#8830,#8933,#9160,.T.);
#9160 = LINE('',#9161,#9162);
#9161 = CARTESIAN_POINT('',(1.554409582152,1.310560911607,0.701));
#9162 = VECTOR('',#9163,1.);
#9163 = DIRECTION('',(0.,0.,-1.));
#9164 = PLANE('',#9165);
#9165 = AXIS2_PLACEMENT_3D('',#9166,#9167,#9168);
#9166 = CARTESIAN_POINT('',(1.533739194776,1.310560911607,0.701));
#9167 = DIRECTION('',(0.,1.,0.));
#9168 = DIRECTION('',(0.,-0.,1.));
#9169 = ADVANCED_FACE('',(#9170),#9181,.T.);
#9170 = FACE_BOUND('',#9171,.T.);
#9171 = EDGE_LOOP('',(#9172,#9173,#9174,#9175));
#9172 = ORIENTED_EDGE('',*,*,#8940,.F.);
#9173 = ORIENTED_EDGE('',*,*,#9159,.F.);
#9174 = ORIENTED_EDGE('',*,*,#8829,.T.);
#9175 = ORIENTED_EDGE('',*,*,#9176,.T.);
#9176 = EDGE_CURVE('',#8821,#8941,#9177,.T.);
#9177 = LINE('',#9178,#9179);
#9178 = CARTESIAN_POINT('',(1.596732928136,1.325408654652,0.701));
#9179 = VECTOR('',#9180,1.);
#9180 = DIRECTION('',(0.,0.,-1.));
#9181 = B_SPLINE_SURFACE_WITH_KNOTS('',3,1,(
    (#9182,#9183)
    ,(#9184,#9185)
    ,(#9186,#9187)
    ,(#9188,#9189
    )),.UNSPECIFIED.,.F.,.F.,.F.,(4,4),(2,2),(2.,3.),(0.,1.),
  .PIECEWISE_BEZIER_KNOTS.);
#9182 = CARTESIAN_POINT('',(1.554409582152,1.310560911607,0.701));
#9183 = CARTESIAN_POINT('',(1.554409582152,1.310560911607,0.699999999999
    ));
#9184 = CARTESIAN_POINT('',(1.572496171106,1.310560911607,0.701));
#9185 = CARTESIAN_POINT('',(1.572496171106,1.310560911607,0.699999999999
    ));
#9186 = CARTESIAN_POINT('',(1.58661608361,1.315510159289,0.701));
#9187 = CARTESIAN_POINT('',(1.58661608361,1.315510159289,0.699999999999)
  );
#9188 = CARTESIAN_POINT('',(1.596732928136,1.325408654652,0.701));
#9189 = CARTESIAN_POINT('',(1.596732928136,1.325408654652,0.699999999999
    ));
#9190 = ADVANCED_FACE('',(#9191),#9202,.T.);
#9191 = FACE_BOUND('',#9192,.T.);
#9192 = EDGE_LOOP('',(#9193,#9194,#9195,#9196));
#9193 = ORIENTED_EDGE('',*,*,#8949,.F.);
#9194 = ORIENTED_EDGE('',*,*,#9176,.F.);
#9195 = ORIENTED_EDGE('',*,*,#8820,.T.);
#9196 = ORIENTED_EDGE('',*,*,#9197,.T.);
#9197 = EDGE_CURVE('',#8812,#8950,#9198,.T.);
#9198 = LINE('',#9199,#9200);
#9199 = CARTESIAN_POINT('',(1.611944586452,1.366822212459,0.701));
#9200 = VECTOR('',#9201,1.);
#9201 = DIRECTION('',(0.,0.,-1.));
#9202 = B_SPLINE_SURFACE_WITH_KNOTS('',3,1,(
    (#9203,#9204)
    ,(#9205,#9206)
    ,(#9207,#9208)
    ,(#9209,#9210
    )),.UNSPECIFIED.,.F.,.F.,.F.,(4,4),(2,2),(3.,4.),(0.,1.),
  .PIECEWISE_BEZIER_KNOTS.);
#9203 = CARTESIAN_POINT('',(1.596732928136,1.325408654652,0.701));
#9204 = CARTESIAN_POINT('',(1.596732928136,1.325408654652,0.7));
#9205 = CARTESIAN_POINT('',(1.606886164189,1.335234366962,0.701));
#9206 = CARTESIAN_POINT('',(1.606886164189,1.335234366962,0.7));
#9207 = CARTESIAN_POINT('',(1.611944586452,1.349063147248,0.701));
#9208 = CARTESIAN_POINT('',(1.611944586452,1.349063147248,0.7));
#9209 = CARTESIAN_POINT('',(1.611944586452,1.366822212459,0.701));
#9210 = CARTESIAN_POINT('',(1.611944586452,1.366822212459,0.7));
#9211 = ADVANCED_FACE('',(#9212),#9223,.T.);
#9212 = FACE_BOUND('',#9213,.T.);
#9213 = EDGE_LOOP('',(#9214,#9215,#9216,#9217));
#9214 = ORIENTED_EDGE('',*,*,#8958,.F.);
#9215 = ORIENTED_EDGE('',*,*,#9197,.F.);
#9216 = ORIENTED_EDGE('',*,*,#8811,.T.);
#9217 = ORIENTED_EDGE('',*,*,#9218,.T.);
#9218 = EDGE_CURVE('',#8803,#8959,#9219,.T.);
#9219 = LINE('',#9220,#9221);
#9220 = CARTESIAN_POINT('',(1.596332621338,1.406925675291,0.701));
#9221 = VECTOR('',#9222,1.);
#9222 = DIRECTION('',(0.,0.,-1.));
#9223 = B_SPLINE_SURFACE_WITH_KNOTS('',3,1,(
    (#9224,#9225)
    ,(#9226,#9227)
    ,(#9228,#9229)
    ,(#9230,#9231
    )),.UNSPECIFIED.,.F.,.F.,.F.,(4,4),(2,2),(4.,5.),(0.,1.),
  .PIECEWISE_BEZIER_KNOTS.);
#9224 = CARTESIAN_POINT('',(1.611944586452,1.366822212459,0.701));
#9225 = CARTESIAN_POINT('',(1.611944586452,1.366822212459,0.7));
#9226 = CARTESIAN_POINT('',(1.611944586452,1.38458127767,0.701));
#9227 = CARTESIAN_POINT('',(1.611944586452,1.38458127767,0.7));
#9228 = CARTESIAN_POINT('',(1.60674059808,1.397973359632,0.701));
#9229 = CARTESIAN_POINT('',(1.60674059808,1.397973359632,0.7));
#9230 = CARTESIAN_POINT('',(1.596332621338,1.406925675291,0.701));
#9231 = CARTESIAN_POINT('',(1.596332621338,1.406925675291,0.7));
#9232 = ADVANCED_FACE('',(#9233),#9239,.T.);
#9233 = FACE_BOUND('',#9234,.T.);
#9234 = EDGE_LOOP('',(#9235,#9236,#9237,#9238));
#9235 = ORIENTED_EDGE('',*,*,#8967,.F.);
#9236 = ORIENTED_EDGE('',*,*,#9218,.F.);
#9237 = ORIENTED_EDGE('',*,*,#8802,.T.);
#9238 = ORIENTED_EDGE('',*,*,#9118,.T.);
#9239 = B_SPLINE_SURFACE_WITH_KNOTS('',3,1,(
    (#9240,#9241)
    ,(#9242,#9243)
    ,(#9244,#9245)
    ,(#9246,#9247
    )),.UNSPECIFIED.,.F.,.F.,.F.,(4,4),(2,2),(5.,6.),(0.,1.),
  .PIECEWISE_BEZIER_KNOTS.);
#9240 = CARTESIAN_POINT('',(1.596332621338,1.406925675291,0.701));
#9241 = CARTESIAN_POINT('',(1.596332621338,1.406925675291,0.7));
#9242 = CARTESIAN_POINT('',(1.585924644595,1.415877990951,0.701));
#9243 = CARTESIAN_POINT('',(1.585924644595,1.415877990951,0.7));
#9244 = CARTESIAN_POINT('',(1.572205038889,1.420317757254,0.701));
#9245 = CARTESIAN_POINT('',(1.572205038889,1.420317757254,0.7));
#9246 = CARTESIAN_POINT('',(1.555246587274,1.420317757254,0.701));
#9247 = CARTESIAN_POINT('',(1.555246587274,1.420317757254,0.7));
#9248 = ( GEOMETRIC_REPRESENTATION_CONTEXT(3) 
GLOBAL_UNCERTAINTY_ASSIGNED_CONTEXT((#9252)) 
GLOBAL_UNIT_ASSIGNED_CONTEXT((#9249,#9250,#9251)) REPRESENTATION_CONTEXT
('Context #1','3D Context with UNIT and UNCERTAINTY') );
#9249 = ( LENGTH_UNIT() NAMED_UNIT(*) SI_UNIT(.MILLI.,.METRE.) );
#9250 = ( NAMED_UNIT(*) PLANE_ANGLE_UNIT() SI_UNIT($,.RADIAN.) );
#9251 = ( NAMED_UNIT(*) SI_UNIT($,.STERADIAN.) SOLID_ANGLE_UNIT() );
#9252 = UNCERTAINTY_MEASURE_WITH_UNIT(LENGTH_MEASURE(1.E-07),#9249,
  'distance_accuracy_value','confusion accuracy');
#9253 = CONTEXT_DEPENDENT_SHAPE_REPRESENTATION(#9254,#9256);
#9254 = ( REPRESENTATION_RELATIONSHIP('','',#8715,#32) 
REPRESENTATION_RELATIONSHIP_WITH_TRANSFORMATION(#9255) 
SHAPE_REPRESENTATION_RELATIONSHIP() );
#9255 = ITEM_DEFINED_TRANSFORMATION('','',#11,#49);
#9256 = PRODUCT_DEFINITION_SHAPE('Placement','Placement of an item',
  #9257);
#9257 = NEXT_ASSEMBLY_USAGE_OCCURRENCE('119',
'SOP-8_L4.9-W3.9-P1.27-LS6.0-BL~SOP-8_L4.9-W3.9-P1.27-LS6.0-BL-1~L6m004'
  ,'',#27,#8710,$);
#9258 = PRODUCT_RELATED_PRODUCT_CATEGORY('part',$,(#8712));
#9259 = SHAPE_DEFINITION_REPRESENTATION(#9260,#9266);
#9260 = PRODUCT_DEFINITION_SHAPE('','',#9261);
#9261 = PRODUCT_DEFINITION('design','',#9262,#9265);
#9262 = PRODUCT_DEFINITION_FORMATION('','',#9263);
#9263 = PRODUCT(
'SOP-8_L4.9-W3.9-P1.27-LS6.0-BL~SOP-8_L4.9-W3.9-P1.27-LS6.0-BL-1~L6m005'
  ,
'SOP-8_L4.9-W3.9-P1.27-LS6.0-BL~SOP-8_L4.9-W3.9-P1.27-LS6.0-BL-1~L6m005'
  ,'',(#9264));
#9264 = PRODUCT_CONTEXT('',#2,'mechanical');
#9265 = PRODUCT_DEFINITION_CONTEXT('part definition',#2,'design');
#9266 = ADVANCED_BREP_SHAPE_REPRESENTATION('',(#11,#9267),#9763);
#9267 = MANIFOLD_SOLID_BREP('',#9268);
#9268 = CLOSED_SHELL('',(#9269,#9393,#9517,#9539,#9556,#9573,#9590,#9607
    ,#9624,#9641,#9653,#9675,#9692,#9713,#9730,#9751));
#9269 = ADVANCED_FACE('',(#9270,#9336),#9388,.F.);
#9270 = FACE_BOUND('',#9271,.T.);
#9271 = EDGE_LOOP('',(#9272,#9282,#9290,#9298,#9306,#9314,#9322,#9330));
#9272 = ORIENTED_EDGE('',*,*,#9273,.T.);
#9273 = EDGE_CURVE('',#9274,#9276,#9278,.T.);
#9274 = VERTEX_POINT('',#9275);
#9275 = CARTESIAN_POINT('',(1.767263623991,1.294330290534,0.701));
#9276 = VERTEX_POINT('',#9277);
#9277 = CARTESIAN_POINT('',(1.713040248655,1.436693944436,0.701));
#9278 = LINE('',#9279,#9280);
#9279 = CARTESIAN_POINT('',(1.713040248655,1.436693944436,0.701));
#9280 = VECTOR('',#9281,1.);
#9281 = DIRECTION('',(-0.355935724369,0.934510438742,0.));
#9282 = ORIENTED_EDGE('',*,*,#9283,.T.);
#9283 = EDGE_CURVE('',#9276,#9284,#9286,.T.);
#9284 = VERTEX_POINT('',#9285);
#9285 = CARTESIAN_POINT('',(1.693388824036,1.436693944436,0.701));
#9286 = LINE('',#9287,#9288);
#9287 = CARTESIAN_POINT('',(1.693388824036,1.436693944436,0.701));
#9288 = VECTOR('',#9289,1.);
#9289 = DIRECTION('',(-1.,0.,0.));
#9290 = ORIENTED_EDGE('',*,*,#9291,.T.);
#9291 = EDGE_CURVE('',#9284,#9292,#9294,.T.);
#9292 = VERTEX_POINT('',#9293);
#9293 = CARTESIAN_POINT('',(1.639165448701,1.294330290534,0.701));
#9294 = LINE('',#9295,#9296);
#9295 = CARTESIAN_POINT('',(1.639165448701,1.294330290534,0.701));
#9296 = VECTOR('',#9297,1.);
#9297 = DIRECTION('',(-0.355935724364,-0.934510438744,0.));
#9298 = ORIENTED_EDGE('',*,*,#9299,.T.);
#9299 = EDGE_CURVE('',#9292,#9300,#9302,.T.);
#9300 = VERTEX_POINT('',#9301);
#9301 = CARTESIAN_POINT('',(1.659471920806,1.294330290534,0.701));
#9302 = LINE('',#9303,#9304);
#9303 = CARTESIAN_POINT('',(1.659471920806,1.294330290534,0.701));
#9304 = VECTOR('',#9305,1.);
#9305 = DIRECTION('',(1.,0.,0.));
#9306 = ORIENTED_EDGE('',*,*,#9307,.T.);
#9307 = EDGE_CURVE('',#9300,#9308,#9310,.T.);
#9308 = VERTEX_POINT('',#9309);
#9309 = CARTESIAN_POINT('',(1.673155134985,1.3332692245,0.701));
#9310 = LINE('',#9311,#9312);
#9311 = CARTESIAN_POINT('',(1.673155134985,1.3332692245,0.701));
#9312 = VECTOR('',#9313,1.);
#9313 = DIRECTION('',(0.33152841835,0.943445233083,0.));
#9314 = ORIENTED_EDGE('',*,*,#9315,.T.);
#9315 = EDGE_CURVE('',#9308,#9316,#9318,.T.);
#9316 = VERTEX_POINT('',#9317);
#9317 = CARTESIAN_POINT('',(1.732436932584,1.3332692245,0.701));
#9318 = LINE('',#9319,#9320);
#9319 = CARTESIAN_POINT('',(1.732436932584,1.3332692245,0.701));
#9320 = VECTOR('',#9321,1.);
#9321 = DIRECTION('',(1.,0.,0.));
#9322 = ORIENTED_EDGE('',*,*,#9323,.T.);
#9323 = EDGE_CURVE('',#9316,#9324,#9326,.T.);
#9324 = VERTEX_POINT('',#9325);
#9325 = CARTESIAN_POINT('',(1.746957151885,1.294330290534,0.701));
#9326 = LINE('',#9327,#9328);
#9327 = CARTESIAN_POINT('',(1.746957151885,1.294330290534,0.701));
#9328 = VECTOR('',#9329,1.);
#9329 = DIRECTION('',(0.349395479469,-0.936975345954,0.));
#9330 = ORIENTED_EDGE('',*,*,#9331,.T.);
#9331 = EDGE_CURVE('',#9324,#9274,#9332,.T.);
#9332 = LINE('',#9333,#9334);
#9333 = CARTESIAN_POINT('',(1.767263623991,1.294330290534,0.701));
#9334 = VECTOR('',#9335,1.);
#9335 = DIRECTION('',(1.,0.,0.));
#9336 = FACE_BOUND('',#9337,.T.);
#9337 = EDGE_LOOP('',(#9338,#9348,#9356,#9365,#9373,#9382));
#9338 = ORIENTED_EDGE('',*,*,#9339,.F.);
#9339 = EDGE_CURVE('',#9340,#9342,#9344,.T.);
#9340 = VERTEX_POINT('',#9341);
#9341 = CARTESIAN_POINT('',(1.678977779316,1.349354279466,0.701));
#9342 = VERTEX_POINT('',#9343);
#9343 = CARTESIAN_POINT('',(1.72675985436,1.349354279466,0.701));
#9344 = LINE('',#9345,#9346);
#9345 = CARTESIAN_POINT('',(1.678977779316,1.349354279466,0.701));
#9346 = VECTOR('',#9347,1.);
#9347 = DIRECTION('',(1.,0.,0.));
#9348 = ORIENTED_EDGE('',*,*,#9349,.F.);
#9349 = EDGE_CURVE('',#9350,#9340,#9352,.T.);
#9350 = VERTEX_POINT('',#9351);
#9351 = CARTESIAN_POINT('',(1.700266822653,1.408526902483,0.701));
#9352 = LINE('',#9353,#9354);
#9353 = CARTESIAN_POINT('',(1.700266822653,1.408526902483,0.701));
#9354 = VECTOR('',#9355,1.);
#9355 = DIRECTION('',(-0.338535034314,-0.940953787676,0.));
#9356 = ORIENTED_EDGE('',*,*,#9357,.F.);
#9357 = EDGE_CURVE('',#9358,#9350,#9360,.T.);
#9358 = VERTEX_POINT('',#9359);
#9359 = CARTESIAN_POINT('',(1.702595880385,1.4184981809,0.701));
#9360 = B_SPLINE_CURVE_WITH_KNOTS('',3,(#9361,#9362,#9363,#9364),
  .UNSPECIFIED.,.F.,.F.,(4,4),(3.,4.),.PIECEWISE_BEZIER_KNOTS.);
#9361 = CARTESIAN_POINT('',(1.702595880385,1.4184981809,0.701));
#9362 = CARTESIAN_POINT('',(1.701904441371,1.414203980706,0.701));
#9363 = CARTESIAN_POINT('',(1.701140219302,1.410855960215,0.701));
#9364 = CARTESIAN_POINT('',(1.700266822653,1.408526902483,0.701));
#9365 = ORIENTED_EDGE('',*,*,#9366,.F.);
#9366 = EDGE_CURVE('',#9367,#9358,#9369,.T.);
#9367 = VERTEX_POINT('',#9368);
#9368 = CARTESIAN_POINT('',(1.70303257871,1.4184981809,0.701));
#9369 = LINE('',#9370,#9371);
#9370 = CARTESIAN_POINT('',(1.70303257871,1.4184981809,0.701));
#9371 = VECTOR('',#9372,1.);
#9372 = DIRECTION('',(-1.,0.,0.));
#9373 = ORIENTED_EDGE('',*,*,#9374,.F.);
#9374 = EDGE_CURVE('',#9375,#9367,#9377,.T.);
#9375 = VERTEX_POINT('',#9376);
#9376 = CARTESIAN_POINT('',(1.705252461862,1.408526902483,0.701));
#9377 = B_SPLINE_CURVE_WITH_KNOTS('',3,(#9378,#9379,#9380,#9381),
  .UNSPECIFIED.,.F.,.F.,(4,4),(1.,2.),.PIECEWISE_BEZIER_KNOTS.);
#9378 = CARTESIAN_POINT('',(1.705252461862,1.408526902483,0.701));
#9379 = CARTESIAN_POINT('',(1.704561022847,1.410492044944,0.701));
#9380 = CARTESIAN_POINT('',(1.703833192305,1.413767282381,0.701));
#9381 = CARTESIAN_POINT('',(1.70303257871,1.4184981809,0.701));
#9382 = ORIENTED_EDGE('',*,*,#9383,.F.);
#9383 = EDGE_CURVE('',#9342,#9375,#9384,.T.);
#9384 = LINE('',#9385,#9386);
#9385 = CARTESIAN_POINT('',(1.72675985436,1.349354279466,0.701));
#9386 = VECTOR('',#9387,1.);
#9387 = DIRECTION('',(-0.341603830681,0.939844041777,0.));
#9388 = PLANE('',#9389);
#9389 = AXIS2_PLACEMENT_3D('',#9390,#9391,#9392);
#9390 = CARTESIAN_POINT('',(0.,0.,0.701));
#9391 = DIRECTION('',(0.,0.,-1.));
#9392 = DIRECTION('',(-1.,0.,0.));
#9393 = ADVANCED_FACE('',(#9394,#9460),#9512,.T.);
#9394 = FACE_BOUND('',#9395,.T.);
#9395 = EDGE_LOOP('',(#9396,#9406,#9414,#9422,#9430,#9438,#9446,#9454));
#9396 = ORIENTED_EDGE('',*,*,#9397,.F.);
#9397 = EDGE_CURVE('',#9398,#9400,#9402,.T.);
#9398 = VERTEX_POINT('',#9399);
#9399 = CARTESIAN_POINT('',(1.767263623991,1.294330290534,0.699999999999
    ));
#9400 = VERTEX_POINT('',#9401);
#9401 = CARTESIAN_POINT('',(1.713040248655,1.436693944436,0.699999999999
    ));
#9402 = LINE('',#9403,#9404);
#9403 = CARTESIAN_POINT('',(1.713040248655,1.436693944436,0.699999999999
    ));
#9404 = VECTOR('',#9405,1.);
#9405 = DIRECTION('',(-0.355935724369,0.934510438742,0.));
#9406 = ORIENTED_EDGE('',*,*,#9407,.F.);
#9407 = EDGE_CURVE('',#9408,#9398,#9410,.T.);
#9408 = VERTEX_POINT('',#9409);
#9409 = CARTESIAN_POINT('',(1.746957151885,1.294330290534,0.699999999999
    ));
#9410 = LINE('',#9411,#9412);
#9411 = CARTESIAN_POINT('',(1.767263623991,1.294330290534,0.699999999999
    ));
#9412 = VECTOR('',#9413,1.);
#9413 = DIRECTION('',(1.,0.,0.));
#9414 = ORIENTED_EDGE('',*,*,#9415,.F.);
#9415 = EDGE_CURVE('',#9416,#9408,#9418,.T.);
#9416 = VERTEX_POINT('',#9417);
#9417 = CARTESIAN_POINT('',(1.732436932584,1.3332692245,0.699999999999)
  );
#9418 = LINE('',#9419,#9420);
#9419 = CARTESIAN_POINT('',(1.746957151885,1.294330290534,0.699999999999
    ));
#9420 = VECTOR('',#9421,1.);
#9421 = DIRECTION('',(0.349395479469,-0.936975345954,0.));
#9422 = ORIENTED_EDGE('',*,*,#9423,.F.);
#9423 = EDGE_CURVE('',#9424,#9416,#9426,.T.);
#9424 = VERTEX_POINT('',#9425);
#9425 = CARTESIAN_POINT('',(1.673155134985,1.3332692245,0.699999999999)
  );
#9426 = LINE('',#9427,#9428);
#9427 = CARTESIAN_POINT('',(1.732436932584,1.3332692245,0.699999999999)
  );
#9428 = VECTOR('',#9429,1.);
#9429 = DIRECTION('',(1.,0.,0.));
#9430 = ORIENTED_EDGE('',*,*,#9431,.F.);
#9431 = EDGE_CURVE('',#9432,#9424,#9434,.T.);
#9432 = VERTEX_POINT('',#9433);
#9433 = CARTESIAN_POINT('',(1.659471920806,1.294330290534,0.699999999999
    ));
#9434 = LINE('',#9435,#9436);
#9435 = CARTESIAN_POINT('',(1.673155134985,1.3332692245,0.699999999999)
  );
#9436 = VECTOR('',#9437,1.);
#9437 = DIRECTION('',(0.33152841835,0.943445233083,0.));
#9438 = ORIENTED_EDGE('',*,*,#9439,.F.);
#9439 = EDGE_CURVE('',#9440,#9432,#9442,.T.);
#9440 = VERTEX_POINT('',#9441);
#9441 = CARTESIAN_POINT('',(1.639165448701,1.294330290534,0.699999999999
    ));
#9442 = LINE('',#9443,#9444);
#9443 = CARTESIAN_POINT('',(1.659471920806,1.294330290534,0.699999999999
    ));
#9444 = VECTOR('',#9445,1.);
#9445 = DIRECTION('',(1.,0.,0.));
#9446 = ORIENTED_EDGE('',*,*,#9447,.F.);
#9447 = EDGE_CURVE('',#9448,#9440,#9450,.T.);
#9448 = VERTEX_POINT('',#9449);
#9449 = CARTESIAN_POINT('',(1.693388824036,1.436693944436,0.699999999999
    ));
#9450 = LINE('',#9451,#9452);
#9451 = CARTESIAN_POINT('',(1.639165448701,1.294330290534,0.699999999999
    ));
#9452 = VECTOR('',#9453,1.);
#9453 = DIRECTION('',(-0.355935724364,-0.934510438744,0.));
#9454 = ORIENTED_EDGE('',*,*,#9455,.F.);
#9455 = EDGE_CURVE('',#9400,#9448,#9456,.T.);
#9456 = LINE('',#9457,#9458);
#9457 = CARTESIAN_POINT('',(1.693388824036,1.436693944436,0.699999999999
    ));
#9458 = VECTOR('',#9459,1.);
#9459 = DIRECTION('',(-1.,0.,0.));
#9460 = FACE_BOUND('',#9461,.T.);
#9461 = EDGE_LOOP('',(#9462,#9472,#9480,#9488,#9497,#9505));
#9462 = ORIENTED_EDGE('',*,*,#9463,.T.);
#9463 = EDGE_CURVE('',#9464,#9466,#9468,.T.);
#9464 = VERTEX_POINT('',#9465);
#9465 = CARTESIAN_POINT('',(1.700266822653,1.408526902483,0.7));
#9466 = VERTEX_POINT('',#9467);
#9467 = CARTESIAN_POINT('',(1.678977779316,1.349354279466,0.699999999999
    ));
#9468 = LINE('',#9469,#9470);
#9469 = CARTESIAN_POINT('',(1.700266822653,1.408526902483,0.699999999999
    ));
#9470 = VECTOR('',#9471,1.);
#9471 = DIRECTION('',(-0.338535034314,-0.940953787676,0.));
#9472 = ORIENTED_EDGE('',*,*,#9473,.T.);
#9473 = EDGE_CURVE('',#9466,#9474,#9476,.T.);
#9474 = VERTEX_POINT('',#9475);
#9475 = CARTESIAN_POINT('',(1.72675985436,1.349354279466,0.699999999999)
  );
#9476 = LINE('',#9477,#9478);
#9477 = CARTESIAN_POINT('',(1.678977779316,1.349354279466,0.699999999999
    ));
#9478 = VECTOR('',#9479,1.);
#9479 = DIRECTION('',(1.,0.,0.));
#9480 = ORIENTED_EDGE('',*,*,#9481,.T.);
#9481 = EDGE_CURVE('',#9474,#9482,#9484,.T.);
#9482 = VERTEX_POINT('',#9483);
#9483 = CARTESIAN_POINT('',(1.705252461862,1.408526902483,0.699999999999
    ));
#9484 = LINE('',#9485,#9486);
#9485 = CARTESIAN_POINT('',(1.72675985436,1.349354279466,0.699999999999)
  );
#9486 = VECTOR('',#9487,1.);
#9487 = DIRECTION('',(-0.341603830681,0.939844041777,0.));
#9488 = ORIENTED_EDGE('',*,*,#9489,.T.);
#9489 = EDGE_CURVE('',#9482,#9490,#9492,.T.);
#9490 = VERTEX_POINT('',#9491);
#9491 = CARTESIAN_POINT('',(1.70303257871,1.4184981809,0.7));
#9492 = B_SPLINE_CURVE_WITH_KNOTS('',3,(#9493,#9494,#9495,#9496),
  .UNSPECIFIED.,.F.,.F.,(4,4),(1.,2.),.PIECEWISE_BEZIER_KNOTS.);
#9493 = CARTESIAN_POINT('',(1.705252461862,1.408526902483,0.699999999999
    ));
#9494 = CARTESIAN_POINT('',(1.704561022847,1.410492044944,0.7));
#9495 = CARTESIAN_POINT('',(1.703833192305,1.413767282381,0.7));
#9496 = CARTESIAN_POINT('',(1.70303257871,1.4184981809,0.7));
#9497 = ORIENTED_EDGE('',*,*,#9498,.T.);
#9498 = EDGE_CURVE('',#9490,#9499,#9501,.T.);
#9499 = VERTEX_POINT('',#9500);
#9500 = CARTESIAN_POINT('',(1.702595880385,1.4184981809,0.699999999999)
  );
#9501 = LINE('',#9502,#9503);
#9502 = CARTESIAN_POINT('',(1.70303257871,1.4184981809,0.699999999999));
#9503 = VECTOR('',#9504,1.);
#9504 = DIRECTION('',(-1.,0.,0.));
#9505 = ORIENTED_EDGE('',*,*,#9506,.T.);
#9506 = EDGE_CURVE('',#9499,#9464,#9507,.T.);
#9507 = B_SPLINE_CURVE_WITH_KNOTS('',3,(#9508,#9509,#9510,#9511),
  .UNSPECIFIED.,.F.,.F.,(4,4),(3.,4.),.PIECEWISE_BEZIER_KNOTS.);
#9508 = CARTESIAN_POINT('',(1.702595880385,1.4184981809,0.699999999999)
  );
#9509 = CARTESIAN_POINT('',(1.701904441371,1.414203980706,0.7));
#9510 = CARTESIAN_POINT('',(1.701140219302,1.410855960215,0.7));
#9511 = CARTESIAN_POINT('',(1.700266822653,1.408526902483,0.7));
#9512 = PLANE('',#9513);
#9513 = AXIS2_PLACEMENT_3D('',#9514,#9515,#9516);
#9514 = CARTESIAN_POINT('',(0.,0.,0.699999999999));
#9515 = DIRECTION('',(0.,0.,-1.));
#9516 = DIRECTION('',(-1.,0.,0.));
#9517 = ADVANCED_FACE('',(#9518),#9534,.F.);
#9518 = FACE_BOUND('',#9519,.T.);
#9519 = EDGE_LOOP('',(#9520,#9521,#9527,#9528));
#9520 = ORIENTED_EDGE('',*,*,#9397,.T.);
#9521 = ORIENTED_EDGE('',*,*,#9522,.F.);
#9522 = EDGE_CURVE('',#9276,#9400,#9523,.T.);
#9523 = LINE('',#9524,#9525);
#9524 = CARTESIAN_POINT('',(1.713040248655,1.436693944436,0.701));
#9525 = VECTOR('',#9526,1.);
#9526 = DIRECTION('',(0.,0.,-1.));
#9527 = ORIENTED_EDGE('',*,*,#9273,.F.);
#9528 = ORIENTED_EDGE('',*,*,#9529,.T.);
#9529 = EDGE_CURVE('',#9274,#9398,#9530,.T.);
#9530 = LINE('',#9531,#9532);
#9531 = CARTESIAN_POINT('',(1.767263623991,1.294330290534,0.701));
#9532 = VECTOR('',#9533,1.);
#9533 = DIRECTION('',(0.,0.,-1.));
#9534 = PLANE('',#9535);
#9535 = AXIS2_PLACEMENT_3D('',#9536,#9537,#9538);
#9536 = CARTESIAN_POINT('',(1.713040248655,1.436693944436,0.701));
#9537 = DIRECTION('',(-0.934510438742,-0.355935724369,0.));
#9538 = DIRECTION('',(0.355935724369,-0.934510438742,0.));
#9539 = ADVANCED_FACE('',(#9540),#9551,.F.);
#9540 = FACE_BOUND('',#9541,.T.);
#9541 = EDGE_LOOP('',(#9542,#9543,#9549,#9550));
#9542 = ORIENTED_EDGE('',*,*,#9455,.T.);
#9543 = ORIENTED_EDGE('',*,*,#9544,.F.);
#9544 = EDGE_CURVE('',#9284,#9448,#9545,.T.);
#9545 = LINE('',#9546,#9547);
#9546 = CARTESIAN_POINT('',(1.693388824036,1.436693944436,0.701));
#9547 = VECTOR('',#9548,1.);
#9548 = DIRECTION('',(0.,0.,-1.));
#9549 = ORIENTED_EDGE('',*,*,#9283,.F.);
#9550 = ORIENTED_EDGE('',*,*,#9522,.T.);
#9551 = PLANE('',#9552);
#9552 = AXIS2_PLACEMENT_3D('',#9553,#9554,#9555);
#9553 = CARTESIAN_POINT('',(1.693388824036,1.436693944436,0.701));
#9554 = DIRECTION('',(0.,-1.,0.));
#9555 = DIRECTION('',(0.,0.,-1.));
#9556 = ADVANCED_FACE('',(#9557),#9568,.F.);
#9557 = FACE_BOUND('',#9558,.T.);
#9558 = EDGE_LOOP('',(#9559,#9560,#9566,#9567));
#9559 = ORIENTED_EDGE('',*,*,#9447,.T.);
#9560 = ORIENTED_EDGE('',*,*,#9561,.F.);
#9561 = EDGE_CURVE('',#9292,#9440,#9562,.T.);
#9562 = LINE('',#9563,#9564);
#9563 = CARTESIAN_POINT('',(1.639165448701,1.294330290534,0.701));
#9564 = VECTOR('',#9565,1.);
#9565 = DIRECTION('',(0.,0.,-1.));
#9566 = ORIENTED_EDGE('',*,*,#9291,.F.);
#9567 = ORIENTED_EDGE('',*,*,#9544,.T.);
#9568 = PLANE('',#9569);
#9569 = AXIS2_PLACEMENT_3D('',#9570,#9571,#9572);
#9570 = CARTESIAN_POINT('',(1.639165448701,1.294330290534,0.701));
#9571 = DIRECTION('',(0.934510438744,-0.355935724364,0.));
#9572 = DIRECTION('',(0.355935724364,0.934510438744,0.));
#9573 = ADVANCED_FACE('',(#9574),#9585,.F.);
#9574 = FACE_BOUND('',#9575,.T.);
#9575 = EDGE_LOOP('',(#9576,#9577,#9583,#9584));
#9576 = ORIENTED_EDGE('',*,*,#9439,.T.);
#9577 = ORIENTED_EDGE('',*,*,#9578,.F.);
#9578 = EDGE_CURVE('',#9300,#9432,#9579,.T.);
#9579 = LINE('',#9580,#9581);
#9580 = CARTESIAN_POINT('',(1.659471920806,1.294330290534,0.701));
#9581 = VECTOR('',#9582,1.);
#9582 = DIRECTION('',(0.,0.,-1.));
#9583 = ORIENTED_EDGE('',*,*,#9299,.F.);
#9584 = ORIENTED_EDGE('',*,*,#9561,.T.);
#9585 = PLANE('',#9586);
#9586 = AXIS2_PLACEMENT_3D('',#9587,#9588,#9589);
#9587 = CARTESIAN_POINT('',(1.659471920806,1.294330290534,0.701));
#9588 = DIRECTION('',(0.,1.,0.));
#9589 = DIRECTION('',(0.,-0.,1.));
#9590 = ADVANCED_FACE('',(#9591),#9602,.F.);
#9591 = FACE_BOUND('',#9592,.T.);
#9592 = EDGE_LOOP('',(#9593,#9594,#9600,#9601));
#9593 = ORIENTED_EDGE('',*,*,#9431,.T.);
#9594 = ORIENTED_EDGE('',*,*,#9595,.F.);
#9595 = EDGE_CURVE('',#9308,#9424,#9596,.T.);
#9596 = LINE('',#9597,#9598);
#9597 = CARTESIAN_POINT('',(1.673155134985,1.3332692245,0.701));
#9598 = VECTOR('',#9599,1.);
#9599 = DIRECTION('',(0.,0.,-1.));
#9600 = ORIENTED_EDGE('',*,*,#9307,.F.);
#9601 = ORIENTED_EDGE('',*,*,#9578,.T.);
#9602 = PLANE('',#9603);
#9603 = AXIS2_PLACEMENT_3D('',#9604,#9605,#9606);
#9604 = CARTESIAN_POINT('',(1.673155134985,1.3332692245,0.701));
#9605 = DIRECTION('',(-0.943445233083,0.33152841835,0.));
#9606 = DIRECTION('',(-0.33152841835,-0.943445233083,0.));
#9607 = ADVANCED_FACE('',(#9608),#9619,.F.);
#9608 = FACE_BOUND('',#9609,.T.);
#9609 = EDGE_LOOP('',(#9610,#9611,#9617,#9618));
#9610 = ORIENTED_EDGE('',*,*,#9423,.T.);
#9611 = ORIENTED_EDGE('',*,*,#9612,.F.);
#9612 = EDGE_CURVE('',#9316,#9416,#9613,.T.);
#9613 = LINE('',#9614,#9615);
#9614 = CARTESIAN_POINT('',(1.732436932584,1.3332692245,0.701));
#9615 = VECTOR('',#9616,1.);
#9616 = DIRECTION('',(0.,0.,-1.));
#9617 = ORIENTED_EDGE('',*,*,#9315,.F.);
#9618 = ORIENTED_EDGE('',*,*,#9595,.T.);
#9619 = PLANE('',#9620);
#9620 = AXIS2_PLACEMENT_3D('',#9621,#9622,#9623);
#9621 = CARTESIAN_POINT('',(1.732436932584,1.3332692245,0.701));
#9622 = DIRECTION('',(0.,1.,0.));
#9623 = DIRECTION('',(0.,-0.,1.));
#9624 = ADVANCED_FACE('',(#9625),#9636,.F.);
#9625 = FACE_BOUND('',#9626,.T.);
#9626 = EDGE_LOOP('',(#9627,#9628,#9634,#9635));
#9627 = ORIENTED_EDGE('',*,*,#9415,.T.);
#9628 = ORIENTED_EDGE('',*,*,#9629,.F.);
#9629 = EDGE_CURVE('',#9324,#9408,#9630,.T.);
#9630 = LINE('',#9631,#9632);
#9631 = CARTESIAN_POINT('',(1.746957151885,1.294330290534,0.701));
#9632 = VECTOR('',#9633,1.);
#9633 = DIRECTION('',(0.,0.,-1.));
#9634 = ORIENTED_EDGE('',*,*,#9323,.F.);
#9635 = ORIENTED_EDGE('',*,*,#9612,.T.);
#9636 = PLANE('',#9637);
#9637 = AXIS2_PLACEMENT_3D('',#9638,#9639,#9640);
#9638 = CARTESIAN_POINT('',(1.746957151885,1.294330290534,0.701));
#9639 = DIRECTION('',(0.936975345954,0.349395479469,0.));
#9640 = DIRECTION('',(-0.349395479469,0.936975345954,0.));
#9641 = ADVANCED_FACE('',(#9642),#9648,.F.);
#9642 = FACE_BOUND('',#9643,.T.);
#9643 = EDGE_LOOP('',(#9644,#9645,#9646,#9647));
#9644 = ORIENTED_EDGE('',*,*,#9407,.T.);
#9645 = ORIENTED_EDGE('',*,*,#9529,.F.);
#9646 = ORIENTED_EDGE('',*,*,#9331,.F.);
#9647 = ORIENTED_EDGE('',*,*,#9629,.T.);
#9648 = PLANE('',#9649);
#9649 = AXIS2_PLACEMENT_3D('',#9650,#9651,#9652);
#9650 = CARTESIAN_POINT('',(1.767263623991,1.294330290534,0.701));
#9651 = DIRECTION('',(0.,1.,0.));
#9652 = DIRECTION('',(0.,-0.,1.));
#9653 = ADVANCED_FACE('',(#9654),#9670,.T.);
#9654 = FACE_BOUND('',#9655,.T.);
#9655 = EDGE_LOOP('',(#9656,#9657,#9663,#9664));
#9656 = ORIENTED_EDGE('',*,*,#9473,.F.);
#9657 = ORIENTED_EDGE('',*,*,#9658,.F.);
#9658 = EDGE_CURVE('',#9340,#9466,#9659,.T.);
#9659 = LINE('',#9660,#9661);
#9660 = CARTESIAN_POINT('',(1.678977779316,1.349354279466,0.701));
#9661 = VECTOR('',#9662,1.);
#9662 = DIRECTION('',(0.,0.,-1.));
#9663 = ORIENTED_EDGE('',*,*,#9339,.T.);
#9664 = ORIENTED_EDGE('',*,*,#9665,.T.);
#9665 = EDGE_CURVE('',#9342,#9474,#9666,.T.);
#9666 = LINE('',#9667,#9668);
#9667 = CARTESIAN_POINT('',(1.72675985436,1.349354279466,0.701));
#9668 = VECTOR('',#9669,1.);
#9669 = DIRECTION('',(0.,0.,-1.));
#9670 = PLANE('',#9671);
#9671 = AXIS2_PLACEMENT_3D('',#9672,#9673,#9674);
#9672 = CARTESIAN_POINT('',(1.678977779316,1.349354279466,0.701));
#9673 = DIRECTION('',(0.,1.,0.));
#9674 = DIRECTION('',(0.,-0.,1.));
#9675 = ADVANCED_FACE('',(#9676),#9687,.T.);
#9676 = FACE_BOUND('',#9677,.T.);
#9677 = EDGE_LOOP('',(#9678,#9679,#9680,#9681));
#9678 = ORIENTED_EDGE('',*,*,#9481,.F.);
#9679 = ORIENTED_EDGE('',*,*,#9665,.F.);
#9680 = ORIENTED_EDGE('',*,*,#9383,.T.);
#9681 = ORIENTED_EDGE('',*,*,#9682,.T.);
#9682 = EDGE_CURVE('',#9375,#9482,#9683,.T.);
#9683 = LINE('',#9684,#9685);
#9684 = CARTESIAN_POINT('',(1.705252461862,1.408526902483,0.701));
#9685 = VECTOR('',#9686,1.);
#9686 = DIRECTION('',(0.,0.,-1.));
#9687 = PLANE('',#9688);
#9688 = AXIS2_PLACEMENT_3D('',#9689,#9690,#9691);
#9689 = CARTESIAN_POINT('',(1.72675985436,1.349354279466,0.701));
#9690 = DIRECTION('',(-0.939844041777,-0.341603830681,0.));
#9691 = DIRECTION('',(0.341603830681,-0.939844041777,0.));
#9692 = ADVANCED_FACE('',(#9693),#9704,.T.);
#9693 = FACE_BOUND('',#9694,.T.);
#9694 = EDGE_LOOP('',(#9695,#9696,#9697,#9698));
#9695 = ORIENTED_EDGE('',*,*,#9489,.F.);
#9696 = ORIENTED_EDGE('',*,*,#9682,.F.);
#9697 = ORIENTED_EDGE('',*,*,#9374,.T.);
#9698 = ORIENTED_EDGE('',*,*,#9699,.T.);
#9699 = EDGE_CURVE('',#9367,#9490,#9700,.T.);
#9700 = LINE('',#9701,#9702);
#9701 = CARTESIAN_POINT('',(1.70303257871,1.4184981809,0.701));
#9702 = VECTOR('',#9703,1.);
#9703 = DIRECTION('',(0.,0.,-1.));
#9704 = B_SPLINE_SURFACE_WITH_KNOTS('',3,1,(
    (#9705,#9706)
    ,(#9707,#9708)
    ,(#9709,#9710)
    ,(#9711,#9712
    )),.UNSPECIFIED.,.F.,.F.,.F.,(4,4),(2,2),(1.,2.),(0.,1.),
  .PIECEWISE_BEZIER_KNOTS.);
#9705 = CARTESIAN_POINT('',(1.705252461862,1.408526902483,0.701));
#9706 = CARTESIAN_POINT('',(1.705252461862,1.408526902483,0.699999999999
    ));
#9707 = CARTESIAN_POINT('',(1.704561022847,1.410492044944,0.701));
#9708 = CARTESIAN_POINT('',(1.704561022847,1.410492044944,0.699999999999
    ));
#9709 = CARTESIAN_POINT('',(1.703833192305,1.413767282381,0.701));
#9710 = CARTESIAN_POINT('',(1.703833192305,1.413767282381,0.699999999999
    ));
#9711 = CARTESIAN_POINT('',(1.70303257871,1.4184981809,0.701));
#9712 = CARTESIAN_POINT('',(1.70303257871,1.4184981809,0.699999999999));
#9713 = ADVANCED_FACE('',(#9714),#9725,.T.);
#9714 = FACE_BOUND('',#9715,.T.);
#9715 = EDGE_LOOP('',(#9716,#9717,#9718,#9719));
#9716 = ORIENTED_EDGE('',*,*,#9498,.F.);
#9717 = ORIENTED_EDGE('',*,*,#9699,.F.);
#9718 = ORIENTED_EDGE('',*,*,#9366,.T.);
#9719 = ORIENTED_EDGE('',*,*,#9720,.T.);
#9720 = EDGE_CURVE('',#9358,#9499,#9721,.T.);
#9721 = LINE('',#9722,#9723);
#9722 = CARTESIAN_POINT('',(1.702595880385,1.4184981809,0.701));
#9723 = VECTOR('',#9724,1.);
#9724 = DIRECTION('',(0.,0.,-1.));
#9725 = PLANE('',#9726);
#9726 = AXIS2_PLACEMENT_3D('',#9727,#9728,#9729);
#9727 = CARTESIAN_POINT('',(1.70303257871,1.4184981809,0.701));
#9728 = DIRECTION('',(0.,-1.,0.));
#9729 = DIRECTION('',(0.,0.,-1.));
#9730 = ADVANCED_FACE('',(#9731),#9742,.T.);
#9731 = FACE_BOUND('',#9732,.T.);
#9732 = EDGE_LOOP('',(#9733,#9734,#9735,#9736));
#9733 = ORIENTED_EDGE('',*,*,#9506,.F.);
#9734 = ORIENTED_EDGE('',*,*,#9720,.F.);
#9735 = ORIENTED_EDGE('',*,*,#9357,.T.);
#9736 = ORIENTED_EDGE('',*,*,#9737,.T.);
#9737 = EDGE_CURVE('',#9350,#9464,#9738,.T.);
#9738 = LINE('',#9739,#9740);
#9739 = CARTESIAN_POINT('',(1.700266822653,1.408526902483,0.701));
#9740 = VECTOR('',#9741,1.);
#9741 = DIRECTION('',(0.,0.,-1.));
#9742 = B_SPLINE_SURFACE_WITH_KNOTS('',3,1,(
    (#9743,#9744)
    ,(#9745,#9746)
    ,(#9747,#9748)
    ,(#9749,#9750
    )),.UNSPECIFIED.,.F.,.F.,.F.,(4,4),(2,2),(3.,4.),(0.,1.),
  .PIECEWISE_BEZIER_KNOTS.);
#9743 = CARTESIAN_POINT('',(1.702595880385,1.4184981809,0.701));
#9744 = CARTESIAN_POINT('',(1.702595880385,1.4184981809,0.699999999999)
  );
#9745 = CARTESIAN_POINT('',(1.701904441371,1.414203980706,0.701));
#9746 = CARTESIAN_POINT('',(1.701904441371,1.414203980706,0.699999999999
    ));
#9747 = CARTESIAN_POINT('',(1.701140219302,1.410855960215,0.701));
#9748 = CARTESIAN_POINT('',(1.701140219302,1.410855960215,0.699999999999
    ));
#9749 = CARTESIAN_POINT('',(1.700266822653,1.408526902483,0.701));
#9750 = CARTESIAN_POINT('',(1.700266822653,1.408526902483,0.699999999999
    ));
#9751 = ADVANCED_FACE('',(#9752),#9758,.T.);
#9752 = FACE_BOUND('',#9753,.T.);
#9753 = EDGE_LOOP('',(#9754,#9755,#9756,#9757));
#9754 = ORIENTED_EDGE('',*,*,#9463,.F.);
#9755 = ORIENTED_EDGE('',*,*,#9737,.F.);
#9756 = ORIENTED_EDGE('',*,*,#9349,.T.);
#9757 = ORIENTED_EDGE('',*,*,#9658,.T.);
#9758 = PLANE('',#9759);
#9759 = AXIS2_PLACEMENT_3D('',#9760,#9761,#9762);
#9760 = CARTESIAN_POINT('',(1.700266822653,1.408526902483,0.701));
#9761 = DIRECTION('',(0.940953787676,-0.338535034314,0.));
#9762 = DIRECTION('',(0.338535034314,0.940953787676,0.));
#9763 = ( GEOMETRIC_REPRESENTATION_CONTEXT(3) 
GLOBAL_UNCERTAINTY_ASSIGNED_CONTEXT((#9767)) 
GLOBAL_UNIT_ASSIGNED_CONTEXT((#9764,#9765,#9766)) REPRESENTATION_CONTEXT
('Context #1','3D Context with UNIT and UNCERTAINTY') );
#9764 = ( LENGTH_UNIT() NAMED_UNIT(*) SI_UNIT(.MILLI.,.METRE.) );
#9765 = ( NAMED_UNIT(*) PLANE_ANGLE_UNIT() SI_UNIT($,.RADIAN.) );
#9766 = ( NAMED_UNIT(*) SI_UNIT($,.STERADIAN.) SOLID_ANGLE_UNIT() );
#9767 = UNCERTAINTY_MEASURE_WITH_UNIT(LENGTH_MEASURE(1.E-07),#9764,
  'distance_accuracy_value','confusion accuracy');
#9768 = CONTEXT_DEPENDENT_SHAPE_REPRESENTATION(#9769,#9771);
#9769 = ( REPRESENTATION_RELATIONSHIP('','',#9266,#32) 
REPRESENTATION_RELATIONSHIP_WITH_TRANSFORMATION(#9770) 
SHAPE_REPRESENTATION_RELATIONSHIP() );
#9770 = ITEM_DEFINED_TRANSFORMATION('','',#11,#53);
#9771 = PRODUCT_DEFINITION_SHAPE('Placement','Placement of an item',
  #9772);
#9772 = NEXT_ASSEMBLY_USAGE_OCCURRENCE('120',
'SOP-8_L4.9-W3.9-P1.27-LS6.0-BL~SOP-8_L4.9-W3.9-P1.27-LS6.0-BL-1~L6m005'
  ,'',#27,#9261,$);
#9773 = PRODUCT_RELATED_PRODUCT_CATEGORY('part',$,(#9263));
#9774 = SHAPE_DEFINITION_REPRESENTATION(#9775,#9781);
#9775 = PRODUCT_DEFINITION_SHAPE('','',#9776);
#9776 = PRODUCT_DEFINITION('design','',#9777,#9780);
#9777 = PRODUCT_DEFINITION_FORMATION('','',#9778);
#9778 = PRODUCT(
'SOP-8_L4.9-W3.9-P1.27-LS6.0-BL~SOP-8_L4.9-W3.9-P1.27-LS6.0-BL-1~L6m006'
  ,
'SOP-8_L4.9-W3.9-P1.27-LS6.0-BL~SOP-8_L4.9-W3.9-P1.27-LS6.0-BL-1~L6m006'
  ,'',(#9779));
#9779 = PRODUCT_CONTEXT('',#2,'mechanical');
#9780 = PRODUCT_DEFINITION_CONTEXT('part definition',#2,'design');
#9781 = ADVANCED_BREP_SHAPE_REPRESENTATION('',(#11,#9782),#10196);
#9782 = MANIFOLD_SOLID_BREP('',#9783);
#9783 = CLOSED_SHELL('',(#9784,#9824,#9855,#9886,#9917,#9948,#9979,
    #10010,#10041,#10072,#10103,#10134,#10156,#10176));
#9784 = ADVANCED_FACE('',(#9785),#9819,.F.);
#9785 = FACE_BOUND('',#9786,.T.);
#9786 = EDGE_LOOP('',(#9787,#9797,#9805,#9813));
#9787 = ORIENTED_EDGE('',*,*,#9788,.T.);
#9788 = EDGE_CURVE('',#9789,#9791,#9793,.T.);
#9789 = VERTEX_POINT('',#9790);
#9790 = CARTESIAN_POINT('',(1.272484421932,1.068484473531,0.699999999999
    ));
#9791 = VERTEX_POINT('',#9792);
#9792 = CARTESIAN_POINT('',(1.272484421932,1.084715094604,0.699999999999
    ));
#9793 = LINE('',#9794,#9795);
#9794 = CARTESIAN_POINT('',(1.272484421932,1.084715094604,0.699999999999
    ));
#9795 = VECTOR('',#9796,1.);
#9796 = DIRECTION('',(0.,1.,0.));
#9797 = ORIENTED_EDGE('',*,*,#9798,.F.);
#9798 = EDGE_CURVE('',#9799,#9791,#9801,.T.);
#9799 = VERTEX_POINT('',#9800);
#9800 = CARTESIAN_POINT('',(1.272484421932,1.084715094604,0.701));
#9801 = LINE('',#9802,#9803);
#9802 = CARTESIAN_POINT('',(1.272484421932,1.084715094604,0.701));
#9803 = VECTOR('',#9804,1.);
#9804 = DIRECTION('',(0.,0.,-1.));
#9805 = ORIENTED_EDGE('',*,*,#9806,.F.);
#9806 = EDGE_CURVE('',#9807,#9799,#9809,.T.);
#9807 = VERTEX_POINT('',#9808);
#9808 = CARTESIAN_POINT('',(1.272484421932,1.068484473531,0.701));
#9809 = LINE('',#9810,#9811);
#9810 = CARTESIAN_POINT('',(1.272484421932,1.084715094604,0.701));
#9811 = VECTOR('',#9812,1.);
#9812 = DIRECTION('',(0.,1.,0.));
#9813 = ORIENTED_EDGE('',*,*,#9814,.T.);
#9814 = EDGE_CURVE('',#9807,#9789,#9815,.T.);
#9815 = LINE('',#9816,#9817);
#9816 = CARTESIAN_POINT('',(1.272484421932,1.068484473531,0.701));
#9817 = VECTOR('',#9818,1.);
#9818 = DIRECTION('',(0.,0.,-1.));
#9819 = PLANE('',#9820);
#9820 = AXIS2_PLACEMENT_3D('',#9821,#9822,#9823);
#9821 = CARTESIAN_POINT('',(1.272484421932,1.084715094604,0.701));
#9822 = DIRECTION('',(-1.,0.,0.));
#9823 = DIRECTION('',(0.,0.,1.));
#9824 = ADVANCED_FACE('',(#9825),#9850,.F.);
#9825 = FACE_BOUND('',#9826,.T.);
#9826 = EDGE_LOOP('',(#9827,#9835,#9843,#9849));
#9827 = ORIENTED_EDGE('',*,*,#9828,.T.);
#9828 = EDGE_CURVE('',#9791,#9829,#9831,.T.);
#9829 = VERTEX_POINT('',#9830);
#9830 = CARTESIAN_POINT('',(1.214294370145,1.084715094604,0.699999999999
    ));
#9831 = LINE('',#9832,#9833);
#9832 = CARTESIAN_POINT('',(1.214294370145,1.084715094604,0.699999999999
    ));
#9833 = VECTOR('',#9834,1.);
#9834 = DIRECTION('',(-1.,0.,0.));
#9835 = ORIENTED_EDGE('',*,*,#9836,.F.);
#9836 = EDGE_CURVE('',#9837,#9829,#9839,.T.);
#9837 = VERTEX_POINT('',#9838);
#9838 = CARTESIAN_POINT('',(1.214294370145,1.084715094604,0.701));
#9839 = LINE('',#9840,#9841);
#9840 = CARTESIAN_POINT('',(1.214294370145,1.084715094604,0.701));
#9841 = VECTOR('',#9842,1.);
#9842 = DIRECTION('',(0.,0.,-1.));
#9843 = ORIENTED_EDGE('',*,*,#9844,.F.);
#9844 = EDGE_CURVE('',#9799,#9837,#9845,.T.);
#9845 = LINE('',#9846,#9847);
#9846 = CARTESIAN_POINT('',(1.214294370145,1.084715094604,0.701));
#9847 = VECTOR('',#9848,1.);
#9848 = DIRECTION('',(-1.,0.,0.));
#9849 = ORIENTED_EDGE('',*,*,#9798,.T.);
#9850 = PLANE('',#9851);
#9851 = AXIS2_PLACEMENT_3D('',#9852,#9853,#9854);
#9852 = CARTESIAN_POINT('',(1.214294370145,1.084715094604,0.701));
#9853 = DIRECTION('',(0.,-1.,0.));
#9854 = DIRECTION('',(0.,0.,-1.));
#9855 = ADVANCED_FACE('',(#9856),#9881,.F.);
#9856 = FACE_BOUND('',#9857,.T.);
#9857 = EDGE_LOOP('',(#9858,#9866,#9874,#9880));
#9858 = ORIENTED_EDGE('',*,*,#9859,.T.);
#9859 = EDGE_CURVE('',#9829,#9860,#9862,.T.);
#9860 = VERTEX_POINT('',#9861);
#9861 = CARTESIAN_POINT('',(1.214294370145,1.13260634423,0.699999999999)
  );
#9862 = LINE('',#9863,#9864);
#9863 = CARTESIAN_POINT('',(1.214294370145,1.13260634423,0.699999999999)
  );
#9864 = VECTOR('',#9865,1.);
#9865 = DIRECTION('',(0.,1.,0.));
#9866 = ORIENTED_EDGE('',*,*,#9867,.F.);
#9867 = EDGE_CURVE('',#9868,#9860,#9870,.T.);
#9868 = VERTEX_POINT('',#9869);
#9869 = CARTESIAN_POINT('',(1.214294370145,1.13260634423,0.701));
#9870 = LINE('',#9871,#9872);
#9871 = CARTESIAN_POINT('',(1.214294370145,1.13260634423,0.701));
#9872 = VECTOR('',#9873,1.);
#9873 = DIRECTION('',(0.,0.,-1.));
#9874 = ORIENTED_EDGE('',*,*,#9875,.F.);
#9875 = EDGE_CURVE('',#9837,#9868,#9876,.T.);
#9876 = LINE('',#9877,#9878);
#9877 = CARTESIAN_POINT('',(1.214294370145,1.13260634423,0.701));
#9878 = VECTOR('',#9879,1.);
#9879 = DIRECTION('',(0.,1.,0.));
#9880 = ORIENTED_EDGE('',*,*,#9836,.T.);
#9881 = PLANE('',#9882);
#9882 = AXIS2_PLACEMENT_3D('',#9883,#9884,#9885);
#9883 = CARTESIAN_POINT('',(1.214294370145,1.13260634423,0.701));
#9884 = DIRECTION('',(-1.,0.,0.));
#9885 = DIRECTION('',(0.,0.,1.));
#9886 = ADVANCED_FACE('',(#9887),#9912,.F.);
#9887 = FACE_BOUND('',#9888,.T.);
#9888 = EDGE_LOOP('',(#9889,#9897,#9905,#9911));
#9889 = ORIENTED_EDGE('',*,*,#9890,.T.);
#9890 = EDGE_CURVE('',#9860,#9891,#9893,.T.);
#9891 = VERTEX_POINT('',#9892);
#9892 = CARTESIAN_POINT('',(1.265206116518,1.13260634423,0.699999999999)
  );
#9893 = LINE('',#9894,#9895);
#9894 = CARTESIAN_POINT('',(1.265206116518,1.13260634423,0.699999999999)
  );
#9895 = VECTOR('',#9896,1.);
#9896 = DIRECTION('',(1.,0.,0.));
#9897 = ORIENTED_EDGE('',*,*,#9898,.F.);
#9898 = EDGE_CURVE('',#9899,#9891,#9901,.T.);
#9899 = VERTEX_POINT('',#9900);
#9900 = CARTESIAN_POINT('',(1.265206116518,1.13260634423,0.701));
#9901 = LINE('',#9902,#9903);
#9902 = CARTESIAN_POINT('',(1.265206116518,1.13260634423,0.701));
#9903 = VECTOR('',#9904,1.);
#9904 = DIRECTION('',(0.,0.,-1.));
#9905 = ORIENTED_EDGE('',*,*,#9906,.F.);
#9906 = EDGE_CURVE('',#9868,#9899,#9907,.T.);
#9907 = LINE('',#9908,#9909);
#9908 = CARTESIAN_POINT('',(1.265206116518,1.13260634423,0.701));
#9909 = VECTOR('',#9910,1.);
#9910 = DIRECTION('',(1.,0.,0.));
#9911 = ORIENTED_EDGE('',*,*,#9867,.T.);
#9912 = PLANE('',#9913);
#9913 = AXIS2_PLACEMENT_3D('',#9914,#9915,#9916);
#9914 = CARTESIAN_POINT('',(1.265206116518,1.13260634423,0.701));
#9915 = DIRECTION('',(0.,1.,0.));
#9916 = DIRECTION('',(0.,-0.,1.));
#9917 = ADVANCED_FACE('',(#9918),#9943,.F.);
#9918 = FACE_BOUND('',#9919,.T.);
#9919 = EDGE_LOOP('',(#9920,#9928,#9936,#9942));
#9920 = ORIENTED_EDGE('',*,*,#9921,.T.);
#9921 = EDGE_CURVE('',#9891,#9922,#9924,.T.);
#9922 = VERTEX_POINT('',#9923);
#9923 = CARTESIAN_POINT('',(1.265206116518,1.148909748357,0.699999999999
    ));
#9924 = LINE('',#9925,#9926);
#9925 = CARTESIAN_POINT('',(1.265206116518,1.148909748357,0.699999999999
    ));
#9926 = VECTOR('',#9927,1.);
#9927 = DIRECTION('',(0.,1.,0.));
#9928 = ORIENTED_EDGE('',*,*,#9929,.F.);
#9929 = EDGE_CURVE('',#9930,#9922,#9932,.T.);
#9930 = VERTEX_POINT('',#9931);
#9931 = CARTESIAN_POINT('',(1.265206116518,1.148909748357,0.701));
#9932 = LINE('',#9933,#9934);
#9933 = CARTESIAN_POINT('',(1.265206116518,1.148909748357,0.701));
#9934 = VECTOR('',#9935,1.);
#9935 = DIRECTION('',(0.,0.,-1.));
#9936 = ORIENTED_EDGE('',*,*,#9937,.F.);
#9937 = EDGE_CURVE('',#9899,#9930,#9938,.T.);
#9938 = LINE('',#9939,#9940);
#9939 = CARTESIAN_POINT('',(1.265206116518,1.148909748357,0.701));
#9940 = VECTOR('',#9941,1.);
#9941 = DIRECTION('',(0.,1.,0.));
#9942 = ORIENTED_EDGE('',*,*,#9898,.T.);
#9943 = PLANE('',#9944);
#9944 = AXIS2_PLACEMENT_3D('',#9945,#9946,#9947);
#9945 = CARTESIAN_POINT('',(1.265206116518,1.148909748357,0.701));
#9946 = DIRECTION('',(-1.,0.,0.));
#9947 = DIRECTION('',(0.,0.,1.));
#9948 = ADVANCED_FACE('',(#9949),#9974,.F.);
#9949 = FACE_BOUND('',#9950,.T.);
#9950 = EDGE_LOOP('',(#9951,#9959,#9967,#9973));
#9951 = ORIENTED_EDGE('',*,*,#9952,.T.);
#9952 = EDGE_CURVE('',#9922,#9953,#9955,.T.);
#9953 = VERTEX_POINT('',#9954);
#9954 = CARTESIAN_POINT('',(1.214294370145,1.148909748357,0.699999999999
    ));
#9955 = LINE('',#9956,#9957);
#9956 = CARTESIAN_POINT('',(1.214294370145,1.148909748357,0.699999999999
    ));
#9957 = VECTOR('',#9958,1.);
#9958 = DIRECTION('',(-1.,0.,0.));
#9959 = ORIENTED_EDGE('',*,*,#9960,.F.);
#9960 = EDGE_CURVE('',#9961,#9953,#9963,.T.);
#9961 = VERTEX_POINT('',#9962);
#9962 = CARTESIAN_POINT('',(1.214294370145,1.148909748357,0.701));
#9963 = LINE('',#9964,#9965);
#9964 = CARTESIAN_POINT('',(1.214294370145,1.148909748357,0.701));
#9965 = VECTOR('',#9966,1.);
#9966 = DIRECTION('',(0.,0.,-1.));
#9967 = ORIENTED_EDGE('',*,*,#9968,.F.);
#9968 = EDGE_CURVE('',#9930,#9961,#9969,.T.);
#9969 = LINE('',#9970,#9971);
#9970 = CARTESIAN_POINT('',(1.214294370145,1.148909748357,0.701));
#9971 = VECTOR('',#9972,1.);
#9972 = DIRECTION('',(-1.,0.,0.));
#9973 = ORIENTED_EDGE('',*,*,#9929,.T.);
#9974 = PLANE('',#9975);
#9975 = AXIS2_PLACEMENT_3D('',#9976,#9977,#9978);
#9976 = CARTESIAN_POINT('',(1.214294370145,1.148909748357,0.701));
#9977 = DIRECTION('',(0.,-1.,0.));
#9978 = DIRECTION('',(0.,0.,-1.));
#9979 = ADVANCED_FACE('',(#9980),#10005,.F.);
#9980 = FACE_BOUND('',#9981,.T.);
#9981 = EDGE_LOOP('',(#9982,#9990,#9998,#10004));
#9982 = ORIENTED_EDGE('',*,*,#9983,.T.);
#9983 = EDGE_CURVE('',#9953,#9984,#9986,.T.);
#9984 = VERTEX_POINT('',#9985);
#9985 = CARTESIAN_POINT('',(1.214294370145,1.194471940251,0.699999999999
    ));
#9986 = LINE('',#9987,#9988);
#9987 = CARTESIAN_POINT('',(1.214294370145,1.194471940251,0.699999999999
    ));
#9988 = VECTOR('',#9989,1.);
#9989 = DIRECTION('',(0.,1.,0.));
#9990 = ORIENTED_EDGE('',*,*,#9991,.F.);
#9991 = EDGE_CURVE('',#9992,#9984,#9994,.T.);
#9992 = VERTEX_POINT('',#9993);
#9993 = CARTESIAN_POINT('',(1.214294370145,1.194471940251,0.701));
#9994 = LINE('',#9995,#9996);
#9995 = CARTESIAN_POINT('',(1.214294370145,1.194471940251,0.701));
#9996 = VECTOR('',#9997,1.);
#9997 = DIRECTION('',(0.,0.,-1.));
#9998 = ORIENTED_EDGE('',*,*,#9999,.F.);
#9999 = EDGE_CURVE('',#9961,#9992,#10000,.T.);
#10000 = LINE('',#10001,#10002);
#10001 = CARTESIAN_POINT('',(1.214294370145,1.194471940251,0.701));
#10002 = VECTOR('',#10003,1.);
#10003 = DIRECTION('',(0.,1.,0.));
#10004 = ORIENTED_EDGE('',*,*,#9960,.T.);
#10005 = PLANE('',#10006);
#10006 = AXIS2_PLACEMENT_3D('',#10007,#10008,#10009);
#10007 = CARTESIAN_POINT('',(1.214294370145,1.194471940251,0.701));
#10008 = DIRECTION('',(-1.,0.,0.));
#10009 = DIRECTION('',(0.,0.,1.));
#10010 = ADVANCED_FACE('',(#10011),#10036,.F.);
#10011 = FACE_BOUND('',#10012,.T.);
#10012 = EDGE_LOOP('',(#10013,#10021,#10029,#10035));
#10013 = ORIENTED_EDGE('',*,*,#10014,.T.);
#10014 = EDGE_CURVE('',#9984,#10015,#10017,.T.);
#10015 = VERTEX_POINT('',#10016);
#10016 = CARTESIAN_POINT('',(1.269245576022,1.194471940251,
    0.699999999999));
#10017 = LINE('',#10018,#10019);
#10018 = CARTESIAN_POINT('',(1.269245576022,1.194471940251,
    0.699999999999));
#10019 = VECTOR('',#10020,1.);
#10020 = DIRECTION('',(1.,0.,0.));
#10021 = ORIENTED_EDGE('',*,*,#10022,.F.);
#10022 = EDGE_CURVE('',#10023,#10015,#10025,.T.);
#10023 = VERTEX_POINT('',#10024);
#10024 = CARTESIAN_POINT('',(1.269245576022,1.194471940251,0.701));
#10025 = LINE('',#10026,#10027);
#10026 = CARTESIAN_POINT('',(1.269245576022,1.194471940251,0.701));
#10027 = VECTOR('',#10028,1.);
#10028 = DIRECTION('',(0.,0.,-1.));
#10029 = ORIENTED_EDGE('',*,*,#10030,.F.);
#10030 = EDGE_CURVE('',#9992,#10023,#10031,.T.);
#10031 = LINE('',#10032,#10033);
#10032 = CARTESIAN_POINT('',(1.269245576022,1.194471940251,0.701));
#10033 = VECTOR('',#10034,1.);
#10034 = DIRECTION('',(1.,0.,0.));
#10035 = ORIENTED_EDGE('',*,*,#9991,.T.);
#10036 = PLANE('',#10037);
#10037 = AXIS2_PLACEMENT_3D('',#10038,#10039,#10040);
#10038 = CARTESIAN_POINT('',(1.269245576022,1.194471940251,0.701));
#10039 = DIRECTION('',(0.,1.,0.));
#10040 = DIRECTION('',(0.,-0.,1.));
#10041 = ADVANCED_FACE('',(#10042),#10067,.F.);
#10042 = FACE_BOUND('',#10043,.T.);
#10043 = EDGE_LOOP('',(#10044,#10052,#10060,#10066));
#10044 = ORIENTED_EDGE('',*,*,#10045,.T.);
#10045 = EDGE_CURVE('',#10015,#10046,#10048,.T.);
#10046 = VERTEX_POINT('',#10047);
#10047 = CARTESIAN_POINT('',(1.269245576022,1.210848127433,
    0.699999999999));
#10048 = LINE('',#10049,#10050);
#10049 = CARTESIAN_POINT('',(1.269245576022,1.210848127433,
    0.699999999999));
#10050 = VECTOR('',#10051,1.);
#10051 = DIRECTION('',(0.,1.,0.));
#10052 = ORIENTED_EDGE('',*,*,#10053,.F.);
#10053 = EDGE_CURVE('',#10054,#10046,#10056,.T.);
#10054 = VERTEX_POINT('',#10055);
#10055 = CARTESIAN_POINT('',(1.269245576022,1.210848127433,0.701));
#10056 = LINE('',#10057,#10058);
#10057 = CARTESIAN_POINT('',(1.269245576022,1.210848127433,0.701));
#10058 = VECTOR('',#10059,1.);
#10059 = DIRECTION('',(0.,0.,-1.));
#10060 = ORIENTED_EDGE('',*,*,#10061,.F.);
#10061 = EDGE_CURVE('',#10023,#10054,#10062,.T.);
#10062 = LINE('',#10063,#10064);
#10063 = CARTESIAN_POINT('',(1.269245576022,1.210848127433,0.701));
#10064 = VECTOR('',#10065,1.);
#10065 = DIRECTION('',(0.,1.,0.));
#10066 = ORIENTED_EDGE('',*,*,#10022,.T.);
#10067 = PLANE('',#10068);
#10068 = AXIS2_PLACEMENT_3D('',#10069,#10070,#10071);
#10069 = CARTESIAN_POINT('',(1.269245576022,1.210848127433,0.701));
#10070 = DIRECTION('',(-1.,0.,0.));
#10071 = DIRECTION('',(0.,0.,1.));
#10072 = ADVANCED_FACE('',(#10073),#10098,.F.);
#10073 = FACE_BOUND('',#10074,.T.);
#10074 = EDGE_LOOP('',(#10075,#10083,#10091,#10097));
#10075 = ORIENTED_EDGE('',*,*,#10076,.T.);
#10076 = EDGE_CURVE('',#10046,#10077,#10079,.T.);
#10077 = VERTEX_POINT('',#10078);
#10078 = CARTESIAN_POINT('',(1.195916648974,1.210848127433,
    0.699999999999));
#10079 = LINE('',#10080,#10081);
#10080 = CARTESIAN_POINT('',(1.195916648974,1.210848127433,
    0.699999999999));
#10081 = VECTOR('',#10082,1.);
#10082 = DIRECTION('',(-1.,0.,0.));
#10083 = ORIENTED_EDGE('',*,*,#10084,.F.);
#10084 = EDGE_CURVE('',#10085,#10077,#10087,.T.);
#10085 = VERTEX_POINT('',#10086);
#10086 = CARTESIAN_POINT('',(1.195916648974,1.210848127433,0.701));
#10087 = LINE('',#10088,#10089);
#10088 = CARTESIAN_POINT('',(1.195916648974,1.210848127433,0.701));
#10089 = VECTOR('',#10090,1.);
#10090 = DIRECTION('',(0.,0.,-1.));
#10091 = ORIENTED_EDGE('',*,*,#10092,.F.);
#10092 = EDGE_CURVE('',#10054,#10085,#10093,.T.);
#10093 = LINE('',#10094,#10095);
#10094 = CARTESIAN_POINT('',(1.195916648974,1.210848127433,0.701));
#10095 = VECTOR('',#10096,1.);
#10096 = DIRECTION('',(-1.,0.,0.));
#10097 = ORIENTED_EDGE('',*,*,#10053,.T.);
#10098 = PLANE('',#10099);
#10099 = AXIS2_PLACEMENT_3D('',#10100,#10101,#10102);
#10100 = CARTESIAN_POINT('',(1.195916648974,1.210848127433,0.701));
#10101 = DIRECTION('',(0.,-1.,0.));
#10102 = DIRECTION('',(0.,0.,-1.));
#10103 = ADVANCED_FACE('',(#10104),#10129,.F.);
#10104 = FACE_BOUND('',#10105,.T.);
#10105 = EDGE_LOOP('',(#10106,#10114,#10122,#10128));
#10106 = ORIENTED_EDGE('',*,*,#10107,.T.);
#10107 = EDGE_CURVE('',#10077,#10108,#10110,.T.);
#10108 = VERTEX_POINT('',#10109);
#10109 = CARTESIAN_POINT('',(1.195916648974,1.068484473531,
    0.699999999999));
#10110 = LINE('',#10111,#10112);
#10111 = CARTESIAN_POINT('',(1.195916648974,1.068484473531,
    0.699999999999));
#10112 = VECTOR('',#10113,1.);
#10113 = DIRECTION('',(0.,-1.,0.));
#10114 = ORIENTED_EDGE('',*,*,#10115,.F.);
#10115 = EDGE_CURVE('',#10116,#10108,#10118,.T.);
#10116 = VERTEX_POINT('',#10117);
#10117 = CARTESIAN_POINT('',(1.195916648974,1.068484473531,0.701));
#10118 = LINE('',#10119,#10120);
#10119 = CARTESIAN_POINT('',(1.195916648974,1.068484473531,0.701));
#10120 = VECTOR('',#10121,1.);
#10121 = DIRECTION('',(0.,0.,-1.));
#10122 = ORIENTED_EDGE('',*,*,#10123,.F.);
#10123 = EDGE_CURVE('',#10085,#10116,#10124,.T.);
#10124 = LINE('',#10125,#10126);
#10125 = CARTESIAN_POINT('',(1.195916648974,1.068484473531,0.701));
#10126 = VECTOR('',#10127,1.);
#10127 = DIRECTION('',(0.,-1.,0.));
#10128 = ORIENTED_EDGE('',*,*,#10084,.T.);
#10129 = PLANE('',#10130);
#10130 = AXIS2_PLACEMENT_3D('',#10131,#10132,#10133);
#10131 = CARTESIAN_POINT('',(1.195916648974,1.068484473531,0.701));
#10132 = DIRECTION('',(1.,0.,0.));
#10133 = DIRECTION('',(0.,0.,-1.));
#10134 = ADVANCED_FACE('',(#10135),#10151,.F.);
#10135 = FACE_BOUND('',#10136,.T.);
#10136 = EDGE_LOOP('',(#10137,#10143,#10144,#10150));
#10137 = ORIENTED_EDGE('',*,*,#10138,.T.);
#10138 = EDGE_CURVE('',#10108,#9789,#10139,.T.);
#10139 = LINE('',#10140,#10141);
#10140 = CARTESIAN_POINT('',(1.272484421932,1.068484473531,
    0.699999999999));
#10141 = VECTOR('',#10142,1.);
#10142 = DIRECTION('',(1.,0.,0.));
#10143 = ORIENTED_EDGE('',*,*,#9814,.F.);
#10144 = ORIENTED_EDGE('',*,*,#10145,.F.);
#10145 = EDGE_CURVE('',#10116,#9807,#10146,.T.);
#10146 = LINE('',#10147,#10148);
#10147 = CARTESIAN_POINT('',(1.272484421932,1.068484473531,0.701));
#10148 = VECTOR('',#10149,1.);
#10149 = DIRECTION('',(1.,0.,0.));
#10150 = ORIENTED_EDGE('',*,*,#10115,.T.);
#10151 = PLANE('',#10152);
#10152 = AXIS2_PLACEMENT_3D('',#10153,#10154,#10155);
#10153 = CARTESIAN_POINT('',(1.272484421932,1.068484473531,0.701));
#10154 = DIRECTION('',(0.,1.,0.));
#10155 = DIRECTION('',(0.,-0.,1.));
#10156 = ADVANCED_FACE('',(#10157),#10171,.F.);
#10157 = FACE_BOUND('',#10158,.T.);
#10158 = EDGE_LOOP('',(#10159,#10160,#10161,#10162,#10163,#10164,#10165,
    #10166,#10167,#10168,#10169,#10170));
#10159 = ORIENTED_EDGE('',*,*,#9806,.T.);
#10160 = ORIENTED_EDGE('',*,*,#9844,.T.);
#10161 = ORIENTED_EDGE('',*,*,#9875,.T.);
#10162 = ORIENTED_EDGE('',*,*,#9906,.T.);
#10163 = ORIENTED_EDGE('',*,*,#9937,.T.);
#10164 = ORIENTED_EDGE('',*,*,#9968,.T.);
#10165 = ORIENTED_EDGE('',*,*,#9999,.T.);
#10166 = ORIENTED_EDGE('',*,*,#10030,.T.);
#10167 = ORIENTED_EDGE('',*,*,#10061,.T.);
#10168 = ORIENTED_EDGE('',*,*,#10092,.T.);
#10169 = ORIENTED_EDGE('',*,*,#10123,.T.);
#10170 = ORIENTED_EDGE('',*,*,#10145,.T.);
#10171 = PLANE('',#10172);
#10172 = AXIS2_PLACEMENT_3D('',#10173,#10174,#10175);
#10173 = CARTESIAN_POINT('',(0.,0.,0.701));
#10174 = DIRECTION('',(0.,0.,-1.));
#10175 = DIRECTION('',(-1.,0.,0.));
#10176 = ADVANCED_FACE('',(#10177),#10191,.T.);
#10177 = FACE_BOUND('',#10178,.T.);
#10178 = EDGE_LOOP('',(#10179,#10180,#10181,#10182,#10183,#10184,#10185,
    #10186,#10187,#10188,#10189,#10190));
#10179 = ORIENTED_EDGE('',*,*,#9788,.F.);
#10180 = ORIENTED_EDGE('',*,*,#10138,.F.);
#10181 = ORIENTED_EDGE('',*,*,#10107,.F.);
#10182 = ORIENTED_EDGE('',*,*,#10076,.F.);
#10183 = ORIENTED_EDGE('',*,*,#10045,.F.);
#10184 = ORIENTED_EDGE('',*,*,#10014,.F.);
#10185 = ORIENTED_EDGE('',*,*,#9983,.F.);
#10186 = ORIENTED_EDGE('',*,*,#9952,.F.);
#10187 = ORIENTED_EDGE('',*,*,#9921,.F.);
#10188 = ORIENTED_EDGE('',*,*,#9890,.F.);
#10189 = ORIENTED_EDGE('',*,*,#9859,.F.);
#10190 = ORIENTED_EDGE('',*,*,#9828,.F.);
#10191 = PLANE('',#10192);
#10192 = AXIS2_PLACEMENT_3D('',#10193,#10194,#10195);
#10193 = CARTESIAN_POINT('',(0.,0.,0.699999999999));
#10194 = DIRECTION('',(0.,0.,-1.));
#10195 = DIRECTION('',(-1.,0.,0.));
#10196 = ( GEOMETRIC_REPRESENTATION_CONTEXT(3) 
GLOBAL_UNCERTAINTY_ASSIGNED_CONTEXT((#10200)) 
GLOBAL_UNIT_ASSIGNED_CONTEXT((#10197,#10198,#10199)) 
REPRESENTATION_CONTEXT('Context #1',
  '3D Context with UNIT and UNCERTAINTY') );
#10197 = ( LENGTH_UNIT() NAMED_UNIT(*) SI_UNIT(.MILLI.,.METRE.) );
#10198 = ( NAMED_UNIT(*) PLANE_ANGLE_UNIT() SI_UNIT($,.RADIAN.) );
#10199 = ( NAMED_UNIT(*) SI_UNIT($,.STERADIAN.) SOLID_ANGLE_UNIT() );
#10200 = UNCERTAINTY_MEASURE_WITH_UNIT(LENGTH_MEASURE(1.E-07),#10197,
  'distance_accuracy_value','confusion accuracy');
#10201 = CONTEXT_DEPENDENT_SHAPE_REPRESENTATION(#10202,#10204);
#10202 = ( REPRESENTATION_RELATIONSHIP('','',#9781,#32) 
REPRESENTATION_RELATIONSHIP_WITH_TRANSFORMATION(#10203) 
SHAPE_REPRESENTATION_RELATIONSHIP() );
#10203 = ITEM_DEFINED_TRANSFORMATION('','',#11,#57);
#10204 = PRODUCT_DEFINITION_SHAPE('Placement','Placement of an item',
  #10205);
#10205 = NEXT_ASSEMBLY_USAGE_OCCURRENCE('121',
'SOP-8_L4.9-W3.9-P1.27-LS6.0-BL~SOP-8_L4.9-W3.9-P1.27-LS6.0-BL-1~L6m006'
  ,'',#27,#9776,$);
#10206 = PRODUCT_RELATED_PRODUCT_CATEGORY('part',$,(#9778));
#10207 = SHAPE_DEFINITION_REPRESENTATION(#10208,#10214);
#10208 = PRODUCT_DEFINITION_SHAPE('','',#10209);
#10209 = PRODUCT_DEFINITION('design','',#10210,#10213);
#10210 = PRODUCT_DEFINITION_FORMATION('','',#10211);
#10211 = PRODUCT(
'SOP-8_L4.9-W3.9-P1.27-LS6.0-BL~SOP-8_L4.9-W3.9-P1.27-LS6.0-BL-1~L6m007'
  ,
'SOP-8_L4.9-W3.9-P1.27-LS6.0-BL~SOP-8_L4.9-W3.9-P1.27-LS6.0-BL-1~L6m007'
  ,'',(#10212));
#10212 = PRODUCT_CONTEXT('',#2,'mechanical');
#10213 = PRODUCT_DEFINITION_CONTEXT('part definition',#2,'design');
#10214 = ADVANCED_BREP_SHAPE_REPRESENTATION('',(#11,#10215),#11047);
#10215 = MANIFOLD_SOLID_BREP('',#10216);
#10216 = CLOSED_SHELL('',(#10217,#10417,#10617,#10643,#10660,#10681,
    #10702,#10719,#10740,#10761,#10782,#10803,#10820,#10837,#10854,
    #10871,#10887,#10913,#10934,#10955,#10976,#10997,#11018,#11035));
#10217 = ADVANCED_FACE('',(#10218,#10340),#10412,.T.);
#10218 = FACE_BOUND('',#10219,.T.);
#10219 = EDGE_LOOP('',(#10220,#10231,#10239,#10248,#10257,#10265,#10274,
    #10283,#10292,#10301,#10309,#10317,#10325,#10333));
#10220 = ORIENTED_EDGE('',*,*,#10221,.T.);
#10221 = EDGE_CURVE('',#10222,#10224,#10226,.T.);
#10222 = VERTEX_POINT('',#10223);
#10223 = CARTESIAN_POINT('',(1.334495584061,1.1724914579,0.701));
#10224 = VERTEX_POINT('',#10225);
#10225 = CARTESIAN_POINT('',(1.299486935018,1.163029660861,0.701));
#10226 = B_SPLINE_CURVE_WITH_KNOTS('',3,(#10227,#10228,#10229,#10230),
  .UNSPECIFIED.,.F.,.F.,(4,4),(0.,1.),.PIECEWISE_BEZIER_KNOTS.);
#10227 = CARTESIAN_POINT('',(1.334495584061,1.1724914579,0.701));
#10228 = CARTESIAN_POINT('',(1.321249068207,1.1724914579,0.701));
#10229 = CARTESIAN_POINT('',(1.309567388017,1.169361786571,0.701));
#10230 = CARTESIAN_POINT('',(1.299486935018,1.163029660861,0.701));
#10231 = ORIENTED_EDGE('',*,*,#10232,.T.);
#10232 = EDGE_CURVE('',#10224,#10233,#10235,.T.);
#10233 = VERTEX_POINT('',#10234);
#10234 = CARTESIAN_POINT('',(1.299486935018,1.145707293975,0.701));
#10235 = LINE('',#10236,#10237);
#10236 = CARTESIAN_POINT('',(1.299486935018,1.145707293975,0.701));
#10237 = VECTOR('',#10238,1.);
#10238 = DIRECTION('',(0.,-1.,0.));
#10239 = ORIENTED_EDGE('',*,*,#10240,.T.);
#10240 = EDGE_CURVE('',#10233,#10241,#10243,.T.);
#10241 = VERTEX_POINT('',#10242);
#10242 = CARTESIAN_POINT('',(1.332821573816,1.158007630125,0.701));
#10243 = B_SPLINE_CURVE_WITH_KNOTS('',3,(#10244,#10245,#10246,#10247),
  .UNSPECIFIED.,.F.,.F.,(4,4),(12.,13.),.PIECEWISE_BEZIER_KNOTS.);
#10244 = CARTESIAN_POINT('',(1.299486935018,1.145707293975,0.701));
#10245 = CARTESIAN_POINT('',(1.30953099649,1.153858996039,0.701));
#10246 = CARTESIAN_POINT('',(1.320630412247,1.158007630125,0.701));
#10247 = CARTESIAN_POINT('',(1.332821573816,1.158007630125,0.701));
#10248 = ORIENTED_EDGE('',*,*,#10249,.T.);
#10249 = EDGE_CURVE('',#10241,#10250,#10252,.T.);
#10250 = VERTEX_POINT('',#10251);
#10251 = CARTESIAN_POINT('',(1.353419178138,1.133115825609,0.701));
#10252 = B_SPLINE_CURVE_WITH_KNOTS('',3,(#10253,#10254,#10255,#10256),
  .UNSPECIFIED.,.F.,.F.,(4,4),(11.,12.),.PIECEWISE_BEZIER_KNOTS.);
#10253 = CARTESIAN_POINT('',(1.332821573816,1.158007630125,0.701));
#10254 = CARTESIAN_POINT('',(1.346541179522,1.158007630125,0.701));
#10255 = CARTESIAN_POINT('',(1.353419178138,1.149710361953,0.701));
#10256 = CARTESIAN_POINT('',(1.353419178138,1.133115825609,0.701));
#10257 = ORIENTED_EDGE('',*,*,#10258,.T.);
#10258 = EDGE_CURVE('',#10250,#10259,#10261,.T.);
#10259 = VERTEX_POINT('',#10260);
#10260 = CARTESIAN_POINT('',(1.323286993723,1.128894408469,0.701));
#10261 = LINE('',#10262,#10263);
#10262 = CARTESIAN_POINT('',(1.323286993723,1.128894408469,0.701));
#10263 = VECTOR('',#10264,1.);
#10264 = DIRECTION('',(-0.990328603988,-0.138741688482,0.));
#10265 = ORIENTED_EDGE('',*,*,#10266,.T.);
#10266 = EDGE_CURVE('',#10259,#10267,#10269,.T.);
#10267 = VERTEX_POINT('',#10268);
#10268 = CARTESIAN_POINT('',(1.289552048128,1.09570533578,0.701));
#10269 = B_SPLINE_CURVE_WITH_KNOTS('',3,(#10270,#10271,#10272,#10273),
  .UNSPECIFIED.,.F.,.F.,(4,4),(9.,10.),.PIECEWISE_BEZIER_KNOTS.);
#10270 = CARTESIAN_POINT('',(1.323286993723,1.128894408469,0.701));
#10271 = CARTESIAN_POINT('',(1.300797029993,1.12576473714,0.701));
#10272 = CARTESIAN_POINT('',(1.289552048128,1.114701712911,0.701));
#10273 = CARTESIAN_POINT('',(1.289552048128,1.09570533578,0.701));
#10274 = ORIENTED_EDGE('',*,*,#10275,.T.);
#10275 = EDGE_CURVE('',#10267,#10276,#10278,.T.);
#10276 = VERTEX_POINT('',#10277);
#10277 = CARTESIAN_POINT('',(1.298286014625,1.074088768699,0.701));
#10278 = B_SPLINE_CURVE_WITH_KNOTS('',3,(#10279,#10280,#10281,#10282),
  .UNSPECIFIED.,.F.,.F.,(4,4),(8.,9.),.PIECEWISE_BEZIER_KNOTS.);
#10279 = CARTESIAN_POINT('',(1.289552048128,1.09570533578,0.701));
#10280 = CARTESIAN_POINT('',(1.289552048128,1.086607454012,0.701));
#10281 = CARTESIAN_POINT('',(1.292463370294,1.079401931651,0.701));
#10282 = CARTESIAN_POINT('',(1.298286014625,1.074088768699,0.701));
#10283 = ORIENTED_EDGE('',*,*,#10284,.T.);
#10284 = EDGE_CURVE('',#10276,#10285,#10287,.T.);
#10285 = VERTEX_POINT('',#10286);
#10286 = CARTESIAN_POINT('',(1.321794941113,1.066082632744,0.701));
#10287 = B_SPLINE_CURVE_WITH_KNOTS('',3,(#10288,#10289,#10290,#10291),
  .UNSPECIFIED.,.F.,.F.,(4,4),(7.,8.),.PIECEWISE_BEZIER_KNOTS.);
#10288 = CARTESIAN_POINT('',(1.298286014625,1.074088768699,0.701));
#10289 = CARTESIAN_POINT('',(1.304108658956,1.068775605747,0.701));
#10290 = CARTESIAN_POINT('',(1.311932837277,1.066082632744,0.701));
#10291 = CARTESIAN_POINT('',(1.321794941113,1.066082632744,0.701));
#10292 = ORIENTED_EDGE('',*,*,#10293,.T.);
#10293 = EDGE_CURVE('',#10285,#10294,#10296,.T.);
#10294 = VERTEX_POINT('',#10295);
#10295 = CARTESIAN_POINT('',(1.352946088286,1.084205613225,0.701));
#10296 = B_SPLINE_CURVE_WITH_KNOTS('',3,(#10297,#10298,#10299,#10300),
  .UNSPECIFIED.,.F.,.F.,(4,4),(6.,7.),.PIECEWISE_BEZIER_KNOTS.);
#10297 = CARTESIAN_POINT('',(1.321794941113,1.066082632744,0.701));
#10298 = CARTESIAN_POINT('',(1.335514546819,1.066082632744,0.701));
#10299 = CARTESIAN_POINT('',(1.345922523562,1.072123626238,0.701));
#10300 = CARTESIAN_POINT('',(1.352946088286,1.084205613225,0.701));
#10301 = ORIENTED_EDGE('',*,*,#10302,.T.);
#10302 = EDGE_CURVE('',#10294,#10303,#10305,.T.);
#10303 = VERTEX_POINT('',#10304);
#10304 = CARTESIAN_POINT('',(1.353419178138,1.084205613225,0.701));
#10305 = LINE('',#10306,#10307);
#10306 = CARTESIAN_POINT('',(1.353419178138,1.084205613225,0.701));
#10307 = VECTOR('',#10308,1.);
#10308 = DIRECTION('',(1.,0.,0.));
#10309 = ORIENTED_EDGE('',*,*,#10310,.T.);
#10310 = EDGE_CURVE('',#10303,#10311,#10313,.T.);
#10311 = VERTEX_POINT('',#10312);
#10312 = CARTESIAN_POINT('',(1.353419178138,1.068484473531,0.701));
#10313 = LINE('',#10314,#10315);
#10314 = CARTESIAN_POINT('',(1.353419178138,1.068484473531,0.701));
#10315 = VECTOR('',#10316,1.);
#10316 = DIRECTION('',(0.,-1.,0.));
#10317 = ORIENTED_EDGE('',*,*,#10318,.T.);
#10318 = EDGE_CURVE('',#10311,#10319,#10321,.T.);
#10319 = VERTEX_POINT('',#10320);
#10320 = CARTESIAN_POINT('',(1.371251026403,1.068484473531,0.701));
#10321 = LINE('',#10322,#10323);
#10322 = CARTESIAN_POINT('',(1.371251026403,1.068484473531,0.701));
#10323 = VECTOR('',#10324,1.);
#10324 = DIRECTION('',(1.,0.,0.));
#10325 = ORIENTED_EDGE('',*,*,#10326,.T.);
#10326 = EDGE_CURVE('',#10319,#10327,#10329,.T.);
#10327 = VERTEX_POINT('',#10328);
#10328 = CARTESIAN_POINT('',(1.371251026403,1.133916439204,0.701));
#10329 = LINE('',#10330,#10331);
#10330 = CARTESIAN_POINT('',(1.371251026403,1.133916439204,0.701));
#10331 = VECTOR('',#10332,1.);
#10332 = DIRECTION('',(0.,1.,0.));
#10333 = ORIENTED_EDGE('',*,*,#10334,.T.);
#10334 = EDGE_CURVE('',#10327,#10222,#10335,.T.);
#10335 = B_SPLINE_CURVE_WITH_KNOTS('',3,(#10336,#10337,#10338,#10339),
  .UNSPECIFIED.,.F.,.F.,(4,4),(1.,2.),.PIECEWISE_BEZIER_KNOTS.);
#10336 = CARTESIAN_POINT('',(1.371251026403,1.133916439204,0.701));
#10337 = CARTESIAN_POINT('',(1.371251026403,1.159681640371,0.701));
#10338 = CARTESIAN_POINT('',(1.35898708178,1.1724914579,0.701));
#10339 = CARTESIAN_POINT('',(1.334495584061,1.1724914579,0.701));
#10340 = FACE_BOUND('',#10341,.T.);
#10341 = EDGE_LOOP('',(#10342,#10353,#10362,#10370,#10378,#10387,#10396,
    #10405));
#10342 = ORIENTED_EDGE('',*,*,#10343,.F.);
#10343 = EDGE_CURVE('',#10344,#10346,#10348,.T.);
#10344 = VERTEX_POINT('',#10345);
#10345 = CARTESIAN_POINT('',(1.312369535602,1.110043597445,0.701));
#10346 = VERTEX_POINT('',#10347);
#10347 = CARTESIAN_POINT('',(1.307638637083,1.097160996862,0.701));
#10348 = B_SPLINE_CURVE_WITH_KNOTS('',3,(#10349,#10350,#10351,#10352),
  .UNSPECIFIED.,.F.,.F.,(4,4),(1.,2.),.PIECEWISE_BEZIER_KNOTS.);
#10349 = CARTESIAN_POINT('',(1.312369535602,1.110043597445,0.701));
#10350 = CARTESIAN_POINT('',(1.309239864273,1.106986709172,0.701));
#10351 = CARTESIAN_POINT('',(1.307638637083,1.102692508977,0.701));
#10352 = CARTESIAN_POINT('',(1.307638637083,1.097160996862,0.701));
#10353 = ORIENTED_EDGE('',*,*,#10354,.F.);
#10354 = EDGE_CURVE('',#10355,#10344,#10357,.T.);
#10355 = VERTEX_POINT('',#10356);
#10356 = CARTESIAN_POINT('',(1.329619119433,1.116302940102,0.701));
#10357 = B_SPLINE_CURVE_WITH_KNOTS('',3,(#10358,#10359,#10360,#10361),
  .UNSPECIFIED.,.F.,.F.,(4,4),(0.,1.),.PIECEWISE_BEZIER_KNOTS.);
#10358 = CARTESIAN_POINT('',(1.329619119433,1.116302940102,0.701));
#10359 = CARTESIAN_POINT('',(1.321285459734,1.115138411235,0.701));
#10360 = CARTESIAN_POINT('',(1.315535598457,1.113100485719,0.701));
#10361 = CARTESIAN_POINT('',(1.312369535602,1.110043597445,0.701));
#10362 = ORIENTED_EDGE('',*,*,#10363,.F.);
#10363 = EDGE_CURVE('',#10364,#10355,#10366,.T.);
#10364 = VERTEX_POINT('',#10365);
#10365 = CARTESIAN_POINT('',(1.353419178138,1.119505394484,0.701));
#10366 = LINE('',#10367,#10368);
#10367 = CARTESIAN_POINT('',(1.353419178138,1.119505394484,0.701));
#10368 = VECTOR('',#10369,1.);
#10369 = DIRECTION('',(-0.9910683663,-0.133354764893,0.));
#10370 = ORIENTED_EDGE('',*,*,#10371,.F.);
#10371 = EDGE_CURVE('',#10372,#10364,#10374,.T.);
#10372 = VERTEX_POINT('',#10373);
#10373 = CARTESIAN_POINT('',(1.353419178138,1.109752465229,0.701));
#10374 = LINE('',#10375,#10376);
#10375 = CARTESIAN_POINT('',(1.353419178138,1.109752465229,0.701));
#10376 = VECTOR('',#10377,1.);
#10377 = DIRECTION('',(0.,1.,0.));
#10378 = ORIENTED_EDGE('',*,*,#10379,.F.);
#10379 = EDGE_CURVE('',#10380,#10372,#10382,.T.);
#10380 = VERTEX_POINT('',#10381);
#10381 = CARTESIAN_POINT('',(1.345776957453,1.089009294799,0.701));
#10382 = B_SPLINE_CURVE_WITH_KNOTS('',3,(#10383,#10384,#10385,#10386),
  .UNSPECIFIED.,.F.,.F.,(4,4),(5.,6.),.PIECEWISE_BEZIER_KNOTS.);
#10383 = CARTESIAN_POINT('',(1.345776957453,1.089009294799,0.701));
#10384 = CARTESIAN_POINT('',(1.350871771243,1.094468023859,0.701));
#10385 = CARTESIAN_POINT('',(1.353419178138,1.101382414002,0.701));
#10386 = CARTESIAN_POINT('',(1.353419178138,1.109752465229,0.701));
#10387 = ORIENTED_EDGE('',*,*,#10388,.F.);
#10388 = EDGE_CURVE('',#10389,#10380,#10391,.T.);
#10389 = VERTEX_POINT('',#10390);
#10390 = CARTESIAN_POINT('',(1.326416665051,1.080712026626,0.701));
#10391 = B_SPLINE_CURVE_WITH_KNOTS('',3,(#10392,#10393,#10394,#10395),
  .UNSPECIFIED.,.F.,.F.,(4,4),(4.,5.),.PIECEWISE_BEZIER_KNOTS.);
#10392 = CARTESIAN_POINT('',(1.326416665051,1.080712026626,0.701));
#10393 = CARTESIAN_POINT('',(1.334240843371,1.080712026626,0.701));
#10394 = CARTESIAN_POINT('',(1.34071853519,1.083477782683,0.701));
#10395 = CARTESIAN_POINT('',(1.345776957453,1.089009294799,0.701));
#10396 = ORIENTED_EDGE('',*,*,#10397,.F.);
#10397 = EDGE_CURVE('',#10398,#10389,#10400,.T.);
#10398 = VERTEX_POINT('',#10399);
#10399 = CARTESIAN_POINT('',(1.312806233927,1.085297359037,0.701));
#10400 = B_SPLINE_CURVE_WITH_KNOTS('',3,(#10401,#10402,#10403,#10404),
  .UNSPECIFIED.,.F.,.F.,(4,4),(3.,4.),.PIECEWISE_BEZIER_KNOTS.);
#10401 = CARTESIAN_POINT('',(1.312806233927,1.085297359037,0.701));
#10402 = CARTESIAN_POINT('',(1.316227037471,1.082240470763,0.701));
#10403 = CARTESIAN_POINT('',(1.320775978355,1.080712026626,0.701));
#10404 = CARTESIAN_POINT('',(1.326416665051,1.080712026626,0.701));
#10405 = ORIENTED_EDGE('',*,*,#10406,.F.);
#10406 = EDGE_CURVE('',#10346,#10398,#10407,.T.);
#10407 = B_SPLINE_CURVE_WITH_KNOTS('',3,(#10408,#10409,#10410,#10411),
  .UNSPECIFIED.,.F.,.F.,(4,4),(2.,3.),.PIECEWISE_BEZIER_KNOTS.);
#10408 = CARTESIAN_POINT('',(1.307638637083,1.097160996862,0.701));
#10409 = CARTESIAN_POINT('',(1.307638637083,1.092284532235,0.701));
#10410 = CARTESIAN_POINT('',(1.309349038855,1.088354247311,0.701));
#10411 = CARTESIAN_POINT('',(1.312806233927,1.085297359037,0.701));
#10412 = PLANE('',#10413);
#10413 = AXIS2_PLACEMENT_3D('',#10414,#10415,#10416);
#10414 = CARTESIAN_POINT('',(1.315803985969,1.170135106522,0.701));
#10415 = DIRECTION('',(0.,0.,1.));
#10416 = DIRECTION('',(1.,0.,-0.));
#10417 = ADVANCED_FACE('',(#10418,#10540),#10612,.F.);
#10418 = FACE_BOUND('',#10419,.T.);
#10419 = EDGE_LOOP('',(#10420,#10431,#10440,#10448,#10456,#10464,#10472,
    #10481,#10490,#10499,#10508,#10516,#10525,#10534));
#10420 = ORIENTED_EDGE('',*,*,#10421,.F.);
#10421 = EDGE_CURVE('',#10422,#10424,#10426,.T.);
#10422 = VERTEX_POINT('',#10423);
#10423 = CARTESIAN_POINT('',(1.334495584061,1.1724914579,0.7));
#10424 = VERTEX_POINT('',#10425);
#10425 = CARTESIAN_POINT('',(1.299486935018,1.163029660861,
    0.699999999999));
#10426 = B_SPLINE_CURVE_WITH_KNOTS('',3,(#10427,#10428,#10429,#10430),
  .UNSPECIFIED.,.F.,.F.,(4,4),(0.,1.),.PIECEWISE_BEZIER_KNOTS.);
#10427 = CARTESIAN_POINT('',(1.334495584061,1.1724914579,0.7));
#10428 = CARTESIAN_POINT('',(1.321249068207,1.1724914579,0.7));
#10429 = CARTESIAN_POINT('',(1.309567388017,1.169361786571,0.7));
#10430 = CARTESIAN_POINT('',(1.299486935018,1.163029660861,
    0.699999999999));
#10431 = ORIENTED_EDGE('',*,*,#10432,.F.);
#10432 = EDGE_CURVE('',#10433,#10422,#10435,.T.);
#10433 = VERTEX_POINT('',#10434);
#10434 = CARTESIAN_POINT('',(1.371251026403,1.133916439204,
    0.699999999999));
#10435 = B_SPLINE_CURVE_WITH_KNOTS('',3,(#10436,#10437,#10438,#10439),
  .UNSPECIFIED.,.F.,.F.,(4,4),(1.,2.),.PIECEWISE_BEZIER_KNOTS.);
#10436 = CARTESIAN_POINT('',(1.371251026403,1.133916439204,
    0.699999999999));
#10437 = CARTESIAN_POINT('',(1.371251026403,1.159681640371,0.7));
#10438 = CARTESIAN_POINT('',(1.35898708178,1.1724914579,0.7));
#10439 = CARTESIAN_POINT('',(1.334495584061,1.1724914579,0.7));
#10440 = ORIENTED_EDGE('',*,*,#10441,.F.);
#10441 = EDGE_CURVE('',#10442,#10433,#10444,.T.);
#10442 = VERTEX_POINT('',#10443);
#10443 = CARTESIAN_POINT('',(1.371251026403,1.068484473531,
    0.699999999999));
#10444 = LINE('',#10445,#10446);
#10445 = CARTESIAN_POINT('',(1.371251026403,1.133916439204,
    0.699999999999));
#10446 = VECTOR('',#10447,1.);
#10447 = DIRECTION('',(0.,1.,0.));
#10448 = ORIENTED_EDGE('',*,*,#10449,.F.);
#10449 = EDGE_CURVE('',#10450,#10442,#10452,.T.);
#10450 = VERTEX_POINT('',#10451);
#10451 = CARTESIAN_POINT('',(1.353419178138,1.068484473531,
    0.699999999999));
#10452 = LINE('',#10453,#10454);
#10453 = CARTESIAN_POINT('',(1.371251026403,1.068484473531,
    0.699999999999));
#10454 = VECTOR('',#10455,1.);
#10455 = DIRECTION('',(1.,0.,0.));
#10456 = ORIENTED_EDGE('',*,*,#10457,.F.);
#10457 = EDGE_CURVE('',#10458,#10450,#10460,.T.);
#10458 = VERTEX_POINT('',#10459);
#10459 = CARTESIAN_POINT('',(1.353419178138,1.084205613225,
    0.699999999999));
#10460 = LINE('',#10461,#10462);
#10461 = CARTESIAN_POINT('',(1.353419178138,1.068484473531,
    0.699999999999));
#10462 = VECTOR('',#10463,1.);
#10463 = DIRECTION('',(0.,-1.,0.));
#10464 = ORIENTED_EDGE('',*,*,#10465,.F.);
#10465 = EDGE_CURVE('',#10466,#10458,#10468,.T.);
#10466 = VERTEX_POINT('',#10467);
#10467 = CARTESIAN_POINT('',(1.352946088286,1.084205613225,0.7));
#10468 = LINE('',#10469,#10470);
#10469 = CARTESIAN_POINT('',(1.353419178138,1.084205613225,
    0.699999999999));
#10470 = VECTOR('',#10471,1.);
#10471 = DIRECTION('',(1.,0.,0.));
#10472 = ORIENTED_EDGE('',*,*,#10473,.F.);
#10473 = EDGE_CURVE('',#10474,#10466,#10476,.T.);
#10474 = VERTEX_POINT('',#10475);
#10475 = CARTESIAN_POINT('',(1.321794941113,1.066082632744,0.7));
#10476 = B_SPLINE_CURVE_WITH_KNOTS('',3,(#10477,#10478,#10479,#10480),
  .UNSPECIFIED.,.F.,.F.,(4,4),(6.,7.),.PIECEWISE_BEZIER_KNOTS.);
#10477 = CARTESIAN_POINT('',(1.321794941113,1.066082632744,0.7));
#10478 = CARTESIAN_POINT('',(1.335514546819,1.066082632744,0.7));
#10479 = CARTESIAN_POINT('',(1.345922523562,1.072123626238,0.7));
#10480 = CARTESIAN_POINT('',(1.352946088286,1.084205613225,0.7));
#10481 = ORIENTED_EDGE('',*,*,#10482,.F.);
#10482 = EDGE_CURVE('',#10483,#10474,#10485,.T.);
#10483 = VERTEX_POINT('',#10484);
#10484 = CARTESIAN_POINT('',(1.298286014625,1.074088768699,0.7));
#10485 = B_SPLINE_CURVE_WITH_KNOTS('',3,(#10486,#10487,#10488,#10489),
  .UNSPECIFIED.,.F.,.F.,(4,4),(7.,8.),.PIECEWISE_BEZIER_KNOTS.);
#10486 = CARTESIAN_POINT('',(1.298286014625,1.074088768699,0.7));
#10487 = CARTESIAN_POINT('',(1.304108658956,1.068775605747,0.7));
#10488 = CARTESIAN_POINT('',(1.311932837277,1.066082632744,0.7));
#10489 = CARTESIAN_POINT('',(1.321794941113,1.066082632744,0.7));
#10490 = ORIENTED_EDGE('',*,*,#10491,.F.);
#10491 = EDGE_CURVE('',#10492,#10483,#10494,.T.);
#10492 = VERTEX_POINT('',#10493);
#10493 = CARTESIAN_POINT('',(1.289552048128,1.09570533578,0.7));
#10494 = B_SPLINE_CURVE_WITH_KNOTS('',3,(#10495,#10496,#10497,#10498),
  .UNSPECIFIED.,.F.,.F.,(4,4),(8.,9.),.PIECEWISE_BEZIER_KNOTS.);
#10495 = CARTESIAN_POINT('',(1.289552048128,1.09570533578,0.7));
#10496 = CARTESIAN_POINT('',(1.289552048128,1.086607454012,0.7));
#10497 = CARTESIAN_POINT('',(1.292463370294,1.079401931651,0.7));
#10498 = CARTESIAN_POINT('',(1.298286014625,1.074088768699,0.7));
#10499 = ORIENTED_EDGE('',*,*,#10500,.F.);
#10500 = EDGE_CURVE('',#10501,#10492,#10503,.T.);
#10501 = VERTEX_POINT('',#10502);
#10502 = CARTESIAN_POINT('',(1.323286993723,1.128894408469,
    0.699999999999));
#10503 = B_SPLINE_CURVE_WITH_KNOTS('',3,(#10504,#10505,#10506,#10507),
  .UNSPECIFIED.,.F.,.F.,(4,4),(9.,10.),.PIECEWISE_BEZIER_KNOTS.);
#10504 = CARTESIAN_POINT('',(1.323286993723,1.128894408469,
    0.699999999999));
#10505 = CARTESIAN_POINT('',(1.300797029993,1.12576473714,0.7));
#10506 = CARTESIAN_POINT('',(1.289552048128,1.114701712911,0.7));
#10507 = CARTESIAN_POINT('',(1.289552048128,1.09570533578,0.7));
#10508 = ORIENTED_EDGE('',*,*,#10509,.F.);
#10509 = EDGE_CURVE('',#10510,#10501,#10512,.T.);
#10510 = VERTEX_POINT('',#10511);
#10511 = CARTESIAN_POINT('',(1.353419178138,1.133115825609,0.7));
#10512 = LINE('',#10513,#10514);
#10513 = CARTESIAN_POINT('',(1.323286993723,1.128894408469,
    0.699999999999));
#10514 = VECTOR('',#10515,1.);
#10515 = DIRECTION('',(-0.990328603988,-0.138741688482,0.));
#10516 = ORIENTED_EDGE('',*,*,#10517,.F.);
#10517 = EDGE_CURVE('',#10518,#10510,#10520,.T.);
#10518 = VERTEX_POINT('',#10519);
#10519 = CARTESIAN_POINT('',(1.332821573816,1.158007630125,0.7));
#10520 = B_SPLINE_CURVE_WITH_KNOTS('',3,(#10521,#10522,#10523,#10524),
  .UNSPECIFIED.,.F.,.F.,(4,4),(11.,12.),.PIECEWISE_BEZIER_KNOTS.);
#10521 = CARTESIAN_POINT('',(1.332821573816,1.158007630125,0.7));
#10522 = CARTESIAN_POINT('',(1.346541179522,1.158007630125,0.7));
#10523 = CARTESIAN_POINT('',(1.353419178138,1.149710361953,0.7));
#10524 = CARTESIAN_POINT('',(1.353419178138,1.133115825609,0.7));
#10525 = ORIENTED_EDGE('',*,*,#10526,.F.);
#10526 = EDGE_CURVE('',#10527,#10518,#10529,.T.);
#10527 = VERTEX_POINT('',#10528);
#10528 = CARTESIAN_POINT('',(1.299486935018,1.145707293975,
    0.699999999999));
#10529 = B_SPLINE_CURVE_WITH_KNOTS('',3,(#10530,#10531,#10532,#10533),
  .UNSPECIFIED.,.F.,.F.,(4,4),(12.,13.),.PIECEWISE_BEZIER_KNOTS.);
#10530 = CARTESIAN_POINT('',(1.299486935018,1.145707293975,
    0.699999999999));
#10531 = CARTESIAN_POINT('',(1.30953099649,1.153858996039,0.7));
#10532 = CARTESIAN_POINT('',(1.320630412247,1.158007630125,0.7));
#10533 = CARTESIAN_POINT('',(1.332821573816,1.158007630125,0.7));
#10534 = ORIENTED_EDGE('',*,*,#10535,.F.);
#10535 = EDGE_CURVE('',#10424,#10527,#10536,.T.);
#10536 = LINE('',#10537,#10538);
#10537 = CARTESIAN_POINT('',(1.299486935018,1.145707293975,
    0.699999999999));
#10538 = VECTOR('',#10539,1.);
#10539 = DIRECTION('',(0.,-1.,0.));
#10540 = FACE_BOUND('',#10541,.T.);
#10541 = EDGE_LOOP('',(#10542,#10553,#10562,#10571,#10580,#10589,#10598,
    #10606));
#10542 = ORIENTED_EDGE('',*,*,#10543,.T.);
#10543 = EDGE_CURVE('',#10544,#10546,#10548,.T.);
#10544 = VERTEX_POINT('',#10545);
#10545 = CARTESIAN_POINT('',(1.329619119433,1.116302940102,0.7));
#10546 = VERTEX_POINT('',#10547);
#10547 = CARTESIAN_POINT('',(1.312369535602,1.110043597445,0.7));
#10548 = B_SPLINE_CURVE_WITH_KNOTS('',3,(#10549,#10550,#10551,#10552),
  .UNSPECIFIED.,.F.,.F.,(4,4),(0.,1.),.PIECEWISE_BEZIER_KNOTS.);
#10549 = CARTESIAN_POINT('',(1.329619119433,1.116302940102,0.7));
#10550 = CARTESIAN_POINT('',(1.321285459734,1.115138411235,0.7));
#10551 = CARTESIAN_POINT('',(1.315535598457,1.113100485719,0.7));
#10552 = CARTESIAN_POINT('',(1.312369535602,1.110043597445,0.7));
#10553 = ORIENTED_EDGE('',*,*,#10554,.T.);
#10554 = EDGE_CURVE('',#10546,#10555,#10557,.T.);
#10555 = VERTEX_POINT('',#10556);
#10556 = CARTESIAN_POINT('',(1.307638637083,1.097160996862,0.7));
#10557 = B_SPLINE_CURVE_WITH_KNOTS('',3,(#10558,#10559,#10560,#10561),
  .UNSPECIFIED.,.F.,.F.,(4,4),(1.,2.),.PIECEWISE_BEZIER_KNOTS.);
#10558 = CARTESIAN_POINT('',(1.312369535602,1.110043597445,0.7));
#10559 = CARTESIAN_POINT('',(1.309239864273,1.106986709172,0.7));
#10560 = CARTESIAN_POINT('',(1.307638637083,1.102692508977,0.7));
#10561 = CARTESIAN_POINT('',(1.307638637083,1.097160996862,0.7));
#10562 = ORIENTED_EDGE('',*,*,#10563,.T.);
#10563 = EDGE_CURVE('',#10555,#10564,#10566,.T.);
#10564 = VERTEX_POINT('',#10565);
#10565 = CARTESIAN_POINT('',(1.312806233927,1.085297359037,0.7));
#10566 = B_SPLINE_CURVE_WITH_KNOTS('',3,(#10567,#10568,#10569,#10570),
  .UNSPECIFIED.,.F.,.F.,(4,4),(2.,3.),.PIECEWISE_BEZIER_KNOTS.);
#10567 = CARTESIAN_POINT('',(1.307638637083,1.097160996862,0.7));
#10568 = CARTESIAN_POINT('',(1.307638637083,1.092284532235,0.7));
#10569 = CARTESIAN_POINT('',(1.309349038855,1.088354247311,0.7));
#10570 = CARTESIAN_POINT('',(1.312806233927,1.085297359037,0.7));
#10571 = ORIENTED_EDGE('',*,*,#10572,.T.);
#10572 = EDGE_CURVE('',#10564,#10573,#10575,.T.);
#10573 = VERTEX_POINT('',#10574);
#10574 = CARTESIAN_POINT('',(1.326416665051,1.080712026626,0.7));
#10575 = B_SPLINE_CURVE_WITH_KNOTS('',3,(#10576,#10577,#10578,#10579),
  .UNSPECIFIED.,.F.,.F.,(4,4),(3.,4.),.PIECEWISE_BEZIER_KNOTS.);
#10576 = CARTESIAN_POINT('',(1.312806233927,1.085297359037,0.7));
#10577 = CARTESIAN_POINT('',(1.316227037471,1.082240470763,0.7));
#10578 = CARTESIAN_POINT('',(1.320775978355,1.080712026626,0.7));
#10579 = CARTESIAN_POINT('',(1.326416665051,1.080712026626,0.7));
#10580 = ORIENTED_EDGE('',*,*,#10581,.T.);
#10581 = EDGE_CURVE('',#10573,#10582,#10584,.T.);
#10582 = VERTEX_POINT('',#10583);
#10583 = CARTESIAN_POINT('',(1.345776957453,1.089009294799,0.7));
#10584 = B_SPLINE_CURVE_WITH_KNOTS('',3,(#10585,#10586,#10587,#10588),
  .UNSPECIFIED.,.F.,.F.,(4,4),(4.,5.),.PIECEWISE_BEZIER_KNOTS.);
#10585 = CARTESIAN_POINT('',(1.326416665051,1.080712026626,0.7));
#10586 = CARTESIAN_POINT('',(1.334240843371,1.080712026626,0.7));
#10587 = CARTESIAN_POINT('',(1.34071853519,1.083477782683,0.7));
#10588 = CARTESIAN_POINT('',(1.345776957453,1.089009294799,0.7));
#10589 = ORIENTED_EDGE('',*,*,#10590,.T.);
#10590 = EDGE_CURVE('',#10582,#10591,#10593,.T.);
#10591 = VERTEX_POINT('',#10592);
#10592 = CARTESIAN_POINT('',(1.353419178138,1.109752465229,
    0.699999999999));
#10593 = B_SPLINE_CURVE_WITH_KNOTS('',3,(#10594,#10595,#10596,#10597),
  .UNSPECIFIED.,.F.,.F.,(4,4),(5.,6.),.PIECEWISE_BEZIER_KNOTS.);
#10594 = CARTESIAN_POINT('',(1.345776957453,1.089009294799,0.7));
#10595 = CARTESIAN_POINT('',(1.350871771243,1.094468023859,0.7));
#10596 = CARTESIAN_POINT('',(1.353419178138,1.101382414002,0.7));
#10597 = CARTESIAN_POINT('',(1.353419178138,1.109752465229,
    0.699999999999));
#10598 = ORIENTED_EDGE('',*,*,#10599,.T.);
#10599 = EDGE_CURVE('',#10591,#10600,#10602,.T.);
#10600 = VERTEX_POINT('',#10601);
#10601 = CARTESIAN_POINT('',(1.353419178138,1.119505394484,
    0.699999999999));
#10602 = LINE('',#10603,#10604);
#10603 = CARTESIAN_POINT('',(1.353419178138,1.109752465229,
    0.699999999999));
#10604 = VECTOR('',#10605,1.);
#10605 = DIRECTION('',(0.,1.,0.));
#10606 = ORIENTED_EDGE('',*,*,#10607,.T.);
#10607 = EDGE_CURVE('',#10600,#10544,#10608,.T.);
#10608 = LINE('',#10609,#10610);
#10609 = CARTESIAN_POINT('',(1.353419178138,1.119505394484,
    0.699999999999));
#10610 = VECTOR('',#10611,1.);
#10611 = DIRECTION('',(-0.9910683663,-0.133354764893,0.));
#10612 = PLANE('',#10613);
#10613 = AXIS2_PLACEMENT_3D('',#10614,#10615,#10616);
#10614 = CARTESIAN_POINT('',(1.315803985969,1.170135106522,0.7));
#10615 = DIRECTION('',(0.,0.,1.));
#10616 = DIRECTION('',(1.,0.,-0.));
#10617 = ADVANCED_FACE('',(#10618),#10634,.F.);
#10618 = FACE_BOUND('',#10619,.F.);
#10619 = EDGE_LOOP('',(#10620,#10626,#10627,#10633));
#10620 = ORIENTED_EDGE('',*,*,#10621,.F.);
#10621 = EDGE_CURVE('',#10222,#10422,#10622,.T.);
#10622 = LINE('',#10623,#10624);
#10623 = CARTESIAN_POINT('',(1.334495584061,1.1724914579,0.701));
#10624 = VECTOR('',#10625,1.);
#10625 = DIRECTION('',(0.,0.,-1.));
#10626 = ORIENTED_EDGE('',*,*,#10221,.T.);
#10627 = ORIENTED_EDGE('',*,*,#10628,.T.);
#10628 = EDGE_CURVE('',#10224,#10424,#10629,.T.);
#10629 = LINE('',#10630,#10631);
#10630 = CARTESIAN_POINT('',(1.299486935018,1.163029660861,0.701));
#10631 = VECTOR('',#10632,1.);
#10632 = DIRECTION('',(0.,0.,-1.));
#10633 = ORIENTED_EDGE('',*,*,#10421,.F.);
#10634 = B_SPLINE_SURFACE_WITH_KNOTS('',3,1,(
    (#10635,#10636)
    ,(#10637,#10638)
    ,(#10639,#10640)
    ,(#10641,#10642
    )),.UNSPECIFIED.,.F.,.F.,.F.,(4,4),(2,2),(0.,1.),(0.,1.),
  .PIECEWISE_BEZIER_KNOTS.);
#10635 = CARTESIAN_POINT('',(1.334495584061,1.1724914579,0.701));
#10636 = CARTESIAN_POINT('',(1.334495584061,1.1724914579,0.699999999999)
  );
#10637 = CARTESIAN_POINT('',(1.321249068207,1.1724914579,0.701));
#10638 = CARTESIAN_POINT('',(1.321249068207,1.1724914579,0.699999999999)
  );
#10639 = CARTESIAN_POINT('',(1.309567388017,1.169361786571,0.701));
#10640 = CARTESIAN_POINT('',(1.309567388017,1.169361786571,
    0.699999999999));
#10641 = CARTESIAN_POINT('',(1.299486935018,1.163029660861,0.701));
#10642 = CARTESIAN_POINT('',(1.299486935018,1.163029660861,
    0.699999999999));
#10643 = ADVANCED_FACE('',(#10644),#10655,.F.);
#10644 = FACE_BOUND('',#10645,.T.);
#10645 = EDGE_LOOP('',(#10646,#10647,#10653,#10654));
#10646 = ORIENTED_EDGE('',*,*,#10535,.T.);
#10647 = ORIENTED_EDGE('',*,*,#10648,.F.);
#10648 = EDGE_CURVE('',#10233,#10527,#10649,.T.);
#10649 = LINE('',#10650,#10651);
#10650 = CARTESIAN_POINT('',(1.299486935018,1.145707293975,0.701));
#10651 = VECTOR('',#10652,1.);
#10652 = DIRECTION('',(0.,0.,-1.));
#10653 = ORIENTED_EDGE('',*,*,#10232,.F.);
#10654 = ORIENTED_EDGE('',*,*,#10628,.T.);
#10655 = PLANE('',#10656);
#10656 = AXIS2_PLACEMENT_3D('',#10657,#10658,#10659);
#10657 = CARTESIAN_POINT('',(1.299486935018,1.145707293975,0.701));
#10658 = DIRECTION('',(1.,0.,0.));
#10659 = DIRECTION('',(0.,0.,-1.));
#10660 = ADVANCED_FACE('',(#10661),#10672,.F.);
#10661 = FACE_BOUND('',#10662,.F.);
#10662 = EDGE_LOOP('',(#10663,#10664,#10665,#10671));
#10663 = ORIENTED_EDGE('',*,*,#10648,.F.);
#10664 = ORIENTED_EDGE('',*,*,#10240,.T.);
#10665 = ORIENTED_EDGE('',*,*,#10666,.T.);
#10666 = EDGE_CURVE('',#10241,#10518,#10667,.T.);
#10667 = LINE('',#10668,#10669);
#10668 = CARTESIAN_POINT('',(1.332821573816,1.158007630125,0.701));
#10669 = VECTOR('',#10670,1.);
#10670 = DIRECTION('',(0.,0.,-1.));
#10671 = ORIENTED_EDGE('',*,*,#10526,.F.);
#10672 = B_SPLINE_SURFACE_WITH_KNOTS('',3,1,(
    (#10673,#10674)
    ,(#10675,#10676)
    ,(#10677,#10678)
    ,(#10679,#10680
    )),.UNSPECIFIED.,.F.,.F.,.F.,(4,4),(2,2),(12.,13.),(0.,1.),
  .PIECEWISE_BEZIER_KNOTS.);
#10673 = CARTESIAN_POINT('',(1.299486935018,1.145707293975,0.701));
#10674 = CARTESIAN_POINT('',(1.299486935018,1.145707293975,
    0.699999999999));
#10675 = CARTESIAN_POINT('',(1.30953099649,1.153858996039,0.701));
#10676 = CARTESIAN_POINT('',(1.30953099649,1.153858996039,0.699999999999
    ));
#10677 = CARTESIAN_POINT('',(1.320630412247,1.158007630125,0.701));
#10678 = CARTESIAN_POINT('',(1.320630412247,1.158007630125,
    0.699999999999));
#10679 = CARTESIAN_POINT('',(1.332821573816,1.158007630125,0.701));
#10680 = CARTESIAN_POINT('',(1.332821573816,1.158007630125,
    0.699999999999));
#10681 = ADVANCED_FACE('',(#10682),#10693,.F.);
#10682 = FACE_BOUND('',#10683,.F.);
#10683 = EDGE_LOOP('',(#10684,#10685,#10686,#10692));
#10684 = ORIENTED_EDGE('',*,*,#10666,.F.);
#10685 = ORIENTED_EDGE('',*,*,#10249,.T.);
#10686 = ORIENTED_EDGE('',*,*,#10687,.T.);
#10687 = EDGE_CURVE('',#10250,#10510,#10688,.T.);
#10688 = LINE('',#10689,#10690);
#10689 = CARTESIAN_POINT('',(1.353419178138,1.133115825609,0.701));
#10690 = VECTOR('',#10691,1.);
#10691 = DIRECTION('',(0.,0.,-1.));
#10692 = ORIENTED_EDGE('',*,*,#10517,.F.);
#10693 = B_SPLINE_SURFACE_WITH_KNOTS('',3,1,(
    (#10694,#10695)
    ,(#10696,#10697)
    ,(#10698,#10699)
    ,(#10700,#10701
    )),.UNSPECIFIED.,.F.,.F.,.F.,(4,4),(2,2),(11.,12.),(0.,1.),
  .PIECEWISE_BEZIER_KNOTS.);
#10694 = CARTESIAN_POINT('',(1.332821573816,1.158007630125,0.701));
#10695 = CARTESIAN_POINT('',(1.332821573816,1.158007630125,0.7));
#10696 = CARTESIAN_POINT('',(1.346541179522,1.158007630125,0.701));
#10697 = CARTESIAN_POINT('',(1.346541179522,1.158007630125,0.7));
#10698 = CARTESIAN_POINT('',(1.353419178138,1.149710361953,0.701));
#10699 = CARTESIAN_POINT('',(1.353419178138,1.149710361953,0.7));
#10700 = CARTESIAN_POINT('',(1.353419178138,1.133115825609,0.701));
#10701 = CARTESIAN_POINT('',(1.353419178138,1.133115825609,0.7));
#10702 = ADVANCED_FACE('',(#10703),#10714,.F.);
#10703 = FACE_BOUND('',#10704,.T.);
#10704 = EDGE_LOOP('',(#10705,#10706,#10712,#10713));
#10705 = ORIENTED_EDGE('',*,*,#10509,.T.);
#10706 = ORIENTED_EDGE('',*,*,#10707,.F.);
#10707 = EDGE_CURVE('',#10259,#10501,#10708,.T.);
#10708 = LINE('',#10709,#10710);
#10709 = CARTESIAN_POINT('',(1.323286993723,1.128894408469,0.701));
#10710 = VECTOR('',#10711,1.);
#10711 = DIRECTION('',(0.,0.,-1.));
#10712 = ORIENTED_EDGE('',*,*,#10258,.F.);
#10713 = ORIENTED_EDGE('',*,*,#10687,.T.);
#10714 = PLANE('',#10715);
#10715 = AXIS2_PLACEMENT_3D('',#10716,#10717,#10718);
#10716 = CARTESIAN_POINT('',(1.323286993723,1.128894408469,0.701));
#10717 = DIRECTION('',(0.138741688482,-0.990328603988,0.));
#10718 = DIRECTION('',(0.990328603988,0.138741688482,0.));
#10719 = ADVANCED_FACE('',(#10720),#10731,.F.);
#10720 = FACE_BOUND('',#10721,.F.);
#10721 = EDGE_LOOP('',(#10722,#10723,#10724,#10730));
#10722 = ORIENTED_EDGE('',*,*,#10707,.F.);
#10723 = ORIENTED_EDGE('',*,*,#10266,.T.);
#10724 = ORIENTED_EDGE('',*,*,#10725,.T.);
#10725 = EDGE_CURVE('',#10267,#10492,#10726,.T.);
#10726 = LINE('',#10727,#10728);
#10727 = CARTESIAN_POINT('',(1.289552048128,1.09570533578,0.701));
#10728 = VECTOR('',#10729,1.);
#10729 = DIRECTION('',(0.,0.,-1.));
#10730 = ORIENTED_EDGE('',*,*,#10500,.F.);
#10731 = B_SPLINE_SURFACE_WITH_KNOTS('',3,1,(
    (#10732,#10733)
    ,(#10734,#10735)
    ,(#10736,#10737)
    ,(#10738,#10739
    )),.UNSPECIFIED.,.F.,.F.,.F.,(4,4),(2,2),(9.,10.),(0.,1.),
  .PIECEWISE_BEZIER_KNOTS.);
#10732 = CARTESIAN_POINT('',(1.323286993723,1.128894408469,0.701));
#10733 = CARTESIAN_POINT('',(1.323286993723,1.128894408469,
    0.699999999999));
#10734 = CARTESIAN_POINT('',(1.300797029993,1.12576473714,0.701));
#10735 = CARTESIAN_POINT('',(1.300797029993,1.12576473714,0.699999999999
    ));
#10736 = CARTESIAN_POINT('',(1.289552048128,1.114701712911,0.701));
#10737 = CARTESIAN_POINT('',(1.289552048128,1.114701712911,
    0.699999999999));
#10738 = CARTESIAN_POINT('',(1.289552048128,1.09570533578,0.701));
#10739 = CARTESIAN_POINT('',(1.289552048128,1.09570533578,0.699999999999
    ));
#10740 = ADVANCED_FACE('',(#10741),#10752,.F.);
#10741 = FACE_BOUND('',#10742,.F.);
#10742 = EDGE_LOOP('',(#10743,#10744,#10745,#10751));
#10743 = ORIENTED_EDGE('',*,*,#10725,.F.);
#10744 = ORIENTED_EDGE('',*,*,#10275,.T.);
#10745 = ORIENTED_EDGE('',*,*,#10746,.T.);
#10746 = EDGE_CURVE('',#10276,#10483,#10747,.T.);
#10747 = LINE('',#10748,#10749);
#10748 = CARTESIAN_POINT('',(1.298286014625,1.074088768699,0.701));
#10749 = VECTOR('',#10750,1.);
#10750 = DIRECTION('',(0.,0.,-1.));
#10751 = ORIENTED_EDGE('',*,*,#10491,.F.);
#10752 = B_SPLINE_SURFACE_WITH_KNOTS('',3,1,(
    (#10753,#10754)
    ,(#10755,#10756)
    ,(#10757,#10758)
    ,(#10759,#10760
    )),.UNSPECIFIED.,.F.,.F.,.F.,(4,4),(2,2),(8.,9.),(0.,1.),
  .PIECEWISE_BEZIER_KNOTS.);
#10753 = CARTESIAN_POINT('',(1.289552048128,1.09570533578,0.701));
#10754 = CARTESIAN_POINT('',(1.289552048128,1.09570533578,0.7));
#10755 = CARTESIAN_POINT('',(1.289552048128,1.086607454012,0.701));
#10756 = CARTESIAN_POINT('',(1.289552048128,1.086607454012,0.7));
#10757 = CARTESIAN_POINT('',(1.292463370294,1.079401931651,0.701));
#10758 = CARTESIAN_POINT('',(1.292463370294,1.079401931651,0.7));
#10759 = CARTESIAN_POINT('',(1.298286014625,1.074088768699,0.701));
#10760 = CARTESIAN_POINT('',(1.298286014625,1.074088768699,0.7));
#10761 = ADVANCED_FACE('',(#10762),#10773,.F.);
#10762 = FACE_BOUND('',#10763,.F.);
#10763 = EDGE_LOOP('',(#10764,#10765,#10766,#10772));
#10764 = ORIENTED_EDGE('',*,*,#10746,.F.);
#10765 = ORIENTED_EDGE('',*,*,#10284,.T.);
#10766 = ORIENTED_EDGE('',*,*,#10767,.T.);
#10767 = EDGE_CURVE('',#10285,#10474,#10768,.T.);
#10768 = LINE('',#10769,#10770);
#10769 = CARTESIAN_POINT('',(1.321794941113,1.066082632744,0.701));
#10770 = VECTOR('',#10771,1.);
#10771 = DIRECTION('',(0.,0.,-1.));
#10772 = ORIENTED_EDGE('',*,*,#10482,.F.);
#10773 = B_SPLINE_SURFACE_WITH_KNOTS('',3,1,(
    (#10774,#10775)
    ,(#10776,#10777)
    ,(#10778,#10779)
    ,(#10780,#10781
    )),.UNSPECIFIED.,.F.,.F.,.F.,(4,4),(2,2),(7.,8.),(0.,1.),
  .PIECEWISE_BEZIER_KNOTS.);
#10774 = CARTESIAN_POINT('',(1.298286014625,1.074088768699,0.701));
#10775 = CARTESIAN_POINT('',(1.298286014625,1.074088768699,0.7));
#10776 = CARTESIAN_POINT('',(1.304108658956,1.068775605747,0.701));
#10777 = CARTESIAN_POINT('',(1.304108658956,1.068775605747,0.7));
#10778 = CARTESIAN_POINT('',(1.311932837277,1.066082632744,0.701));
#10779 = CARTESIAN_POINT('',(1.311932837277,1.066082632744,0.7));
#10780 = CARTESIAN_POINT('',(1.321794941113,1.066082632744,0.701));
#10781 = CARTESIAN_POINT('',(1.321794941113,1.066082632744,0.7));
#10782 = ADVANCED_FACE('',(#10783),#10794,.F.);
#10783 = FACE_BOUND('',#10784,.F.);
#10784 = EDGE_LOOP('',(#10785,#10786,#10787,#10793));
#10785 = ORIENTED_EDGE('',*,*,#10767,.F.);
#10786 = ORIENTED_EDGE('',*,*,#10293,.T.);
#10787 = ORIENTED_EDGE('',*,*,#10788,.T.);
#10788 = EDGE_CURVE('',#10294,#10466,#10789,.T.);
#10789 = LINE('',#10790,#10791);
#10790 = CARTESIAN_POINT('',(1.352946088286,1.084205613225,0.701));
#10791 = VECTOR('',#10792,1.);
#10792 = DIRECTION('',(0.,0.,-1.));
#10793 = ORIENTED_EDGE('',*,*,#10473,.F.);
#10794 = B_SPLINE_SURFACE_WITH_KNOTS('',3,1,(
    (#10795,#10796)
    ,(#10797,#10798)
    ,(#10799,#10800)
    ,(#10801,#10802
    )),.UNSPECIFIED.,.F.,.F.,.F.,(4,4),(2,2),(6.,7.),(0.,1.),
  .PIECEWISE_BEZIER_KNOTS.);
#10795 = CARTESIAN_POINT('',(1.321794941113,1.066082632744,0.701));
#10796 = CARTESIAN_POINT('',(1.321794941113,1.066082632744,0.7));
#10797 = CARTESIAN_POINT('',(1.335514546819,1.066082632744,0.701));
#10798 = CARTESIAN_POINT('',(1.335514546819,1.066082632744,0.7));
#10799 = CARTESIAN_POINT('',(1.345922523562,1.072123626238,0.701));
#10800 = CARTESIAN_POINT('',(1.345922523562,1.072123626238,0.7));
#10801 = CARTESIAN_POINT('',(1.352946088286,1.084205613225,0.701));
#10802 = CARTESIAN_POINT('',(1.352946088286,1.084205613225,0.7));
#10803 = ADVANCED_FACE('',(#10804),#10815,.F.);
#10804 = FACE_BOUND('',#10805,.T.);
#10805 = EDGE_LOOP('',(#10806,#10807,#10813,#10814));
#10806 = ORIENTED_EDGE('',*,*,#10465,.T.);
#10807 = ORIENTED_EDGE('',*,*,#10808,.F.);
#10808 = EDGE_CURVE('',#10303,#10458,#10809,.T.);
#10809 = LINE('',#10810,#10811);
#10810 = CARTESIAN_POINT('',(1.353419178138,1.084205613225,0.701));
#10811 = VECTOR('',#10812,1.);
#10812 = DIRECTION('',(0.,0.,-1.));
#10813 = ORIENTED_EDGE('',*,*,#10302,.F.);
#10814 = ORIENTED_EDGE('',*,*,#10788,.T.);
#10815 = PLANE('',#10816);
#10816 = AXIS2_PLACEMENT_3D('',#10817,#10818,#10819);
#10817 = CARTESIAN_POINT('',(1.353419178138,1.084205613225,0.701));
#10818 = DIRECTION('',(0.,1.,0.));
#10819 = DIRECTION('',(0.,-0.,1.));
#10820 = ADVANCED_FACE('',(#10821),#10832,.F.);
#10821 = FACE_BOUND('',#10822,.T.);
#10822 = EDGE_LOOP('',(#10823,#10824,#10830,#10831));
#10823 = ORIENTED_EDGE('',*,*,#10457,.T.);
#10824 = ORIENTED_EDGE('',*,*,#10825,.F.);
#10825 = EDGE_CURVE('',#10311,#10450,#10826,.T.);
#10826 = LINE('',#10827,#10828);
#10827 = CARTESIAN_POINT('',(1.353419178138,1.068484473531,0.701));
#10828 = VECTOR('',#10829,1.);
#10829 = DIRECTION('',(0.,0.,-1.));
#10830 = ORIENTED_EDGE('',*,*,#10310,.F.);
#10831 = ORIENTED_EDGE('',*,*,#10808,.T.);
#10832 = PLANE('',#10833);
#10833 = AXIS2_PLACEMENT_3D('',#10834,#10835,#10836);
#10834 = CARTESIAN_POINT('',(1.353419178138,1.068484473531,0.701));
#10835 = DIRECTION('',(1.,0.,0.));
#10836 = DIRECTION('',(0.,0.,-1.));
#10837 = ADVANCED_FACE('',(#10838),#10849,.F.);
#10838 = FACE_BOUND('',#10839,.T.);
#10839 = EDGE_LOOP('',(#10840,#10841,#10847,#10848));
#10840 = ORIENTED_EDGE('',*,*,#10449,.T.);
#10841 = ORIENTED_EDGE('',*,*,#10842,.F.);
#10842 = EDGE_CURVE('',#10319,#10442,#10843,.T.);
#10843 = LINE('',#10844,#10845);
#10844 = CARTESIAN_POINT('',(1.371251026403,1.068484473531,0.701));
#10845 = VECTOR('',#10846,1.);
#10846 = DIRECTION('',(0.,0.,-1.));
#10847 = ORIENTED_EDGE('',*,*,#10318,.F.);
#10848 = ORIENTED_EDGE('',*,*,#10825,.T.);
#10849 = PLANE('',#10850);
#10850 = AXIS2_PLACEMENT_3D('',#10851,#10852,#10853);
#10851 = CARTESIAN_POINT('',(1.371251026403,1.068484473531,0.701));
#10852 = DIRECTION('',(0.,1.,0.));
#10853 = DIRECTION('',(0.,-0.,1.));
#10854 = ADVANCED_FACE('',(#10855),#10866,.F.);
#10855 = FACE_BOUND('',#10856,.T.);
#10856 = EDGE_LOOP('',(#10857,#10858,#10864,#10865));
#10857 = ORIENTED_EDGE('',*,*,#10441,.T.);
#10858 = ORIENTED_EDGE('',*,*,#10859,.F.);
#10859 = EDGE_CURVE('',#10327,#10433,#10860,.T.);
#10860 = LINE('',#10861,#10862);
#10861 = CARTESIAN_POINT('',(1.371251026403,1.133916439204,0.701));
#10862 = VECTOR('',#10863,1.);
#10863 = DIRECTION('',(0.,0.,-1.));
#10864 = ORIENTED_EDGE('',*,*,#10326,.F.);
#10865 = ORIENTED_EDGE('',*,*,#10842,.T.);
#10866 = PLANE('',#10867);
#10867 = AXIS2_PLACEMENT_3D('',#10868,#10869,#10870);
#10868 = CARTESIAN_POINT('',(1.371251026403,1.133916439204,0.701));
#10869 = DIRECTION('',(-1.,0.,0.));
#10870 = DIRECTION('',(0.,0.,1.));
#10871 = ADVANCED_FACE('',(#10872),#10878,.F.);
#10872 = FACE_BOUND('',#10873,.F.);
#10873 = EDGE_LOOP('',(#10874,#10875,#10876,#10877));
#10874 = ORIENTED_EDGE('',*,*,#10859,.F.);
#10875 = ORIENTED_EDGE('',*,*,#10334,.T.);
#10876 = ORIENTED_EDGE('',*,*,#10621,.T.);
#10877 = ORIENTED_EDGE('',*,*,#10432,.F.);
#10878 = B_SPLINE_SURFACE_WITH_KNOTS('',3,1,(
    (#10879,#10880)
    ,(#10881,#10882)
    ,(#10883,#10884)
    ,(#10885,#10886
    )),.UNSPECIFIED.,.F.,.F.,.F.,(4,4),(2,2),(1.,2.),(0.,1.),
  .PIECEWISE_BEZIER_KNOTS.);
#10879 = CARTESIAN_POINT('',(1.371251026403,1.133916439204,0.701));
#10880 = CARTESIAN_POINT('',(1.371251026403,1.133916439204,
    0.699999999999));
#10881 = CARTESIAN_POINT('',(1.371251026403,1.159681640371,0.701));
#10882 = CARTESIAN_POINT('',(1.371251026403,1.159681640371,
    0.699999999999));
#10883 = CARTESIAN_POINT('',(1.35898708178,1.1724914579,0.701));
#10884 = CARTESIAN_POINT('',(1.35898708178,1.1724914579,0.699999999999)
  );
#10885 = CARTESIAN_POINT('',(1.334495584061,1.1724914579,0.701));
#10886 = CARTESIAN_POINT('',(1.334495584061,1.1724914579,0.699999999999)
  );
#10887 = ADVANCED_FACE('',(#10888),#10904,.T.);
#10888 = FACE_BOUND('',#10889,.T.);
#10889 = EDGE_LOOP('',(#10890,#10891,#10897,#10898));
#10890 = ORIENTED_EDGE('',*,*,#10543,.F.);
#10891 = ORIENTED_EDGE('',*,*,#10892,.F.);
#10892 = EDGE_CURVE('',#10355,#10544,#10893,.T.);
#10893 = LINE('',#10894,#10895);
#10894 = CARTESIAN_POINT('',(1.329619119433,1.116302940102,0.701));
#10895 = VECTOR('',#10896,1.);
#10896 = DIRECTION('',(0.,0.,-1.));
#10897 = ORIENTED_EDGE('',*,*,#10354,.T.);
#10898 = ORIENTED_EDGE('',*,*,#10899,.T.);
#10899 = EDGE_CURVE('',#10344,#10546,#10900,.T.);
#10900 = LINE('',#10901,#10902);
#10901 = CARTESIAN_POINT('',(1.312369535602,1.110043597445,0.701));
#10902 = VECTOR('',#10903,1.);
#10903 = DIRECTION('',(0.,0.,-1.));
#10904 = B_SPLINE_SURFACE_WITH_KNOTS('',3,1,(
    (#10905,#10906)
    ,(#10907,#10908)
    ,(#10909,#10910)
    ,(#10911,#10912
    )),.UNSPECIFIED.,.F.,.F.,.F.,(4,4),(2,2),(0.,1.),(0.,1.),
  .PIECEWISE_BEZIER_KNOTS.);
#10905 = CARTESIAN_POINT('',(1.329619119433,1.116302940102,0.701));
#10906 = CARTESIAN_POINT('',(1.329619119433,1.116302940102,0.7));
#10907 = CARTESIAN_POINT('',(1.321285459734,1.115138411235,0.701));
#10908 = CARTESIAN_POINT('',(1.321285459734,1.115138411235,0.7));
#10909 = CARTESIAN_POINT('',(1.315535598457,1.113100485719,0.701));
#10910 = CARTESIAN_POINT('',(1.315535598457,1.113100485719,0.7));
#10911 = CARTESIAN_POINT('',(1.312369535602,1.110043597445,0.701));
#10912 = CARTESIAN_POINT('',(1.312369535602,1.110043597445,0.7));
#10913 = ADVANCED_FACE('',(#10914),#10925,.T.);
#10914 = FACE_BOUND('',#10915,.T.);
#10915 = EDGE_LOOP('',(#10916,#10917,#10918,#10919));
#10916 = ORIENTED_EDGE('',*,*,#10554,.F.);
#10917 = ORIENTED_EDGE('',*,*,#10899,.F.);
#10918 = ORIENTED_EDGE('',*,*,#10343,.T.);
#10919 = ORIENTED_EDGE('',*,*,#10920,.T.);
#10920 = EDGE_CURVE('',#10346,#10555,#10921,.T.);
#10921 = LINE('',#10922,#10923);
#10922 = CARTESIAN_POINT('',(1.307638637083,1.097160996862,0.701));
#10923 = VECTOR('',#10924,1.);
#10924 = DIRECTION('',(0.,0.,-1.));
#10925 = B_SPLINE_SURFACE_WITH_KNOTS('',3,1,(
    (#10926,#10927)
    ,(#10928,#10929)
    ,(#10930,#10931)
    ,(#10932,#10933
    )),.UNSPECIFIED.,.F.,.F.,.F.,(4,4),(2,2),(1.,2.),(0.,1.),
  .PIECEWISE_BEZIER_KNOTS.);
#10926 = CARTESIAN_POINT('',(1.312369535602,1.110043597445,0.701));
#10927 = CARTESIAN_POINT('',(1.312369535602,1.110043597445,0.7));
#10928 = CARTESIAN_POINT('',(1.309239864273,1.106986709172,0.701));
#10929 = CARTESIAN_POINT('',(1.309239864273,1.106986709172,0.7));
#10930 = CARTESIAN_POINT('',(1.307638637083,1.102692508977,0.701));
#10931 = CARTESIAN_POINT('',(1.307638637083,1.102692508977,0.7));
#10932 = CARTESIAN_POINT('',(1.307638637083,1.097160996862,0.701));
#10933 = CARTESIAN_POINT('',(1.307638637083,1.097160996862,0.7));
#10934 = ADVANCED_FACE('',(#10935),#10946,.T.);
#10935 = FACE_BOUND('',#10936,.T.);
#10936 = EDGE_LOOP('',(#10937,#10938,#10939,#10940));
#10937 = ORIENTED_EDGE('',*,*,#10563,.F.);
#10938 = ORIENTED_EDGE('',*,*,#10920,.F.);
#10939 = ORIENTED_EDGE('',*,*,#10406,.T.);
#10940 = ORIENTED_EDGE('',*,*,#10941,.T.);
#10941 = EDGE_CURVE('',#10398,#10564,#10942,.T.);
#10942 = LINE('',#10943,#10944);
#10943 = CARTESIAN_POINT('',(1.312806233927,1.085297359037,0.701));
#10944 = VECTOR('',#10945,1.);
#10945 = DIRECTION('',(0.,0.,-1.));
#10946 = B_SPLINE_SURFACE_WITH_KNOTS('',3,1,(
    (#10947,#10948)
    ,(#10949,#10950)
    ,(#10951,#10952)
    ,(#10953,#10954
    )),.UNSPECIFIED.,.F.,.F.,.F.,(4,4),(2,2),(2.,3.),(0.,1.),
  .PIECEWISE_BEZIER_KNOTS.);
#10947 = CARTESIAN_POINT('',(1.307638637083,1.097160996862,0.701));
#10948 = CARTESIAN_POINT('',(1.307638637083,1.097160996862,0.7));
#10949 = CARTESIAN_POINT('',(1.307638637083,1.092284532235,0.701));
#10950 = CARTESIAN_POINT('',(1.307638637083,1.092284532235,0.7));
#10951 = CARTESIAN_POINT('',(1.309349038855,1.088354247311,0.701));
#10952 = CARTESIAN_POINT('',(1.309349038855,1.088354247311,0.7));
#10953 = CARTESIAN_POINT('',(1.312806233927,1.085297359037,0.701));
#10954 = CARTESIAN_POINT('',(1.312806233927,1.085297359037,0.7));
#10955 = ADVANCED_FACE('',(#10956),#10967,.T.);
#10956 = FACE_BOUND('',#10957,.T.);
#10957 = EDGE_LOOP('',(#10958,#10959,#10960,#10961));
#10958 = ORIENTED_EDGE('',*,*,#10572,.F.);
#10959 = ORIENTED_EDGE('',*,*,#10941,.F.);
#10960 = ORIENTED_EDGE('',*,*,#10397,.T.);
#10961 = ORIENTED_EDGE('',*,*,#10962,.T.);
#10962 = EDGE_CURVE('',#10389,#10573,#10963,.T.);
#10963 = LINE('',#10964,#10965);
#10964 = CARTESIAN_POINT('',(1.326416665051,1.080712026626,0.701));
#10965 = VECTOR('',#10966,1.);
#10966 = DIRECTION('',(0.,0.,-1.));
#10967 = B_SPLINE_SURFACE_WITH_KNOTS('',3,1,(
    (#10968,#10969)
    ,(#10970,#10971)
    ,(#10972,#10973)
    ,(#10974,#10975
    )),.UNSPECIFIED.,.F.,.F.,.F.,(4,4),(2,2),(3.,4.),(0.,1.),
  .PIECEWISE_BEZIER_KNOTS.);
#10968 = CARTESIAN_POINT('',(1.312806233927,1.085297359037,0.701));
#10969 = CARTESIAN_POINT('',(1.312806233927,1.085297359037,0.7));
#10970 = CARTESIAN_POINT('',(1.316227037471,1.082240470763,0.701));
#10971 = CARTESIAN_POINT('',(1.316227037471,1.082240470763,0.7));
#10972 = CARTESIAN_POINT('',(1.320775978355,1.080712026626,0.701));
#10973 = CARTESIAN_POINT('',(1.320775978355,1.080712026626,0.7));
#10974 = CARTESIAN_POINT('',(1.326416665051,1.080712026626,0.701));
#10975 = CARTESIAN_POINT('',(1.326416665051,1.080712026626,0.7));
#10976 = ADVANCED_FACE('',(#10977),#10988,.T.);
#10977 = FACE_BOUND('',#10978,.T.);
#10978 = EDGE_LOOP('',(#10979,#10980,#10981,#10982));
#10979 = ORIENTED_EDGE('',*,*,#10581,.F.);
#10980 = ORIENTED_EDGE('',*,*,#10962,.F.);
#10981 = ORIENTED_EDGE('',*,*,#10388,.T.);
#10982 = ORIENTED_EDGE('',*,*,#10983,.T.);
#10983 = EDGE_CURVE('',#10380,#10582,#10984,.T.);
#10984 = LINE('',#10985,#10986);
#10985 = CARTESIAN_POINT('',(1.345776957453,1.089009294799,0.701));
#10986 = VECTOR('',#10987,1.);
#10987 = DIRECTION('',(0.,0.,-1.));
#10988 = B_SPLINE_SURFACE_WITH_KNOTS('',3,1,(
    (#10989,#10990)
    ,(#10991,#10992)
    ,(#10993,#10994)
    ,(#10995,#10996
    )),.UNSPECIFIED.,.F.,.F.,.F.,(4,4),(2,2),(4.,5.),(0.,1.),
  .PIECEWISE_BEZIER_KNOTS.);
#10989 = CARTESIAN_POINT('',(1.326416665051,1.080712026626,0.701));
#10990 = CARTESIAN_POINT('',(1.326416665051,1.080712026626,0.7));
#10991 = CARTESIAN_POINT('',(1.334240843371,1.080712026626,0.701));
#10992 = CARTESIAN_POINT('',(1.334240843371,1.080712026626,0.7));
#10993 = CARTESIAN_POINT('',(1.34071853519,1.083477782683,0.701));
#10994 = CARTESIAN_POINT('',(1.34071853519,1.083477782683,0.7));
#10995 = CARTESIAN_POINT('',(1.345776957453,1.089009294799,0.701));
#10996 = CARTESIAN_POINT('',(1.345776957453,1.089009294799,0.7));
#10997 = ADVANCED_FACE('',(#10998),#11009,.T.);
#10998 = FACE_BOUND('',#10999,.T.);
#10999 = EDGE_LOOP('',(#11000,#11001,#11002,#11003));
#11000 = ORIENTED_EDGE('',*,*,#10590,.F.);
#11001 = ORIENTED_EDGE('',*,*,#10983,.F.);
#11002 = ORIENTED_EDGE('',*,*,#10379,.T.);
#11003 = ORIENTED_EDGE('',*,*,#11004,.T.);
#11004 = EDGE_CURVE('',#10372,#10591,#11005,.T.);
#11005 = LINE('',#11006,#11007);
#11006 = CARTESIAN_POINT('',(1.353419178138,1.109752465229,0.701));
#11007 = VECTOR('',#11008,1.);
#11008 = DIRECTION('',(0.,0.,-1.));
#11009 = B_SPLINE_SURFACE_WITH_KNOTS('',3,1,(
    (#11010,#11011)
    ,(#11012,#11013)
    ,(#11014,#11015)
    ,(#11016,#11017
    )),.UNSPECIFIED.,.F.,.F.,.F.,(4,4),(2,2),(5.,6.),(0.,1.),
  .PIECEWISE_BEZIER_KNOTS.);
#11010 = CARTESIAN_POINT('',(1.345776957453,1.089009294799,0.701));
#11011 = CARTESIAN_POINT('',(1.345776957453,1.089009294799,
    0.699999999999));
#11012 = CARTESIAN_POINT('',(1.350871771243,1.094468023859,0.701));
#11013 = CARTESIAN_POINT('',(1.350871771243,1.094468023859,
    0.699999999999));
#11014 = CARTESIAN_POINT('',(1.353419178138,1.101382414002,0.701));
#11015 = CARTESIAN_POINT('',(1.353419178138,1.101382414002,
    0.699999999999));
#11016 = CARTESIAN_POINT('',(1.353419178138,1.109752465229,0.701));
#11017 = CARTESIAN_POINT('',(1.353419178138,1.109752465229,
    0.699999999999));
#11018 = ADVANCED_FACE('',(#11019),#11030,.T.);
#11019 = FACE_BOUND('',#11020,.T.);
#11020 = EDGE_LOOP('',(#11021,#11022,#11023,#11024));
#11021 = ORIENTED_EDGE('',*,*,#10599,.F.);
#11022 = ORIENTED_EDGE('',*,*,#11004,.F.);
#11023 = ORIENTED_EDGE('',*,*,#10371,.T.);
#11024 = ORIENTED_EDGE('',*,*,#11025,.T.);
#11025 = EDGE_CURVE('',#10364,#10600,#11026,.T.);
#11026 = LINE('',#11027,#11028);
#11027 = CARTESIAN_POINT('',(1.353419178138,1.119505394484,0.701));
#11028 = VECTOR('',#11029,1.);
#11029 = DIRECTION('',(0.,0.,-1.));
#11030 = PLANE('',#11031);
#11031 = AXIS2_PLACEMENT_3D('',#11032,#11033,#11034);
#11032 = CARTESIAN_POINT('',(1.353419178138,1.109752465229,0.701));
#11033 = DIRECTION('',(-1.,0.,0.));
#11034 = DIRECTION('',(0.,0.,1.));
#11035 = ADVANCED_FACE('',(#11036),#11042,.T.);
#11036 = FACE_BOUND('',#11037,.T.);
#11037 = EDGE_LOOP('',(#11038,#11039,#11040,#11041));
#11038 = ORIENTED_EDGE('',*,*,#10607,.F.);
#11039 = ORIENTED_EDGE('',*,*,#11025,.F.);
#11040 = ORIENTED_EDGE('',*,*,#10363,.T.);
#11041 = ORIENTED_EDGE('',*,*,#10892,.T.);
#11042 = PLANE('',#11043);
#11043 = AXIS2_PLACEMENT_3D('',#11044,#11045,#11046);
#11044 = CARTESIAN_POINT('',(1.353419178138,1.119505394484,0.701));
#11045 = DIRECTION('',(0.133354764893,-0.9910683663,0.));
#11046 = DIRECTION('',(0.9910683663,0.133354764893,0.));
#11047 = ( GEOMETRIC_REPRESENTATION_CONTEXT(3) 
GLOBAL_UNCERTAINTY_ASSIGNED_CONTEXT((#11051)) 
GLOBAL_UNIT_ASSIGNED_CONTEXT((#11048,#11049,#11050)) 
REPRESENTATION_CONTEXT('Context #1',
  '3D Context with UNIT and UNCERTAINTY') );
#11048 = ( LENGTH_UNIT() NAMED_UNIT(*) SI_UNIT(.MILLI.,.METRE.) );
#11049 = ( NAMED_UNIT(*) PLANE_ANGLE_UNIT() SI_UNIT($,.RADIAN.) );
#11050 = ( NAMED_UNIT(*) SI_UNIT($,.STERADIAN.) SOLID_ANGLE_UNIT() );
#11051 = UNCERTAINTY_MEASURE_WITH_UNIT(LENGTH_MEASURE(1.E-07),#11048,
  'distance_accuracy_value','confusion accuracy');
#11052 = CONTEXT_DEPENDENT_SHAPE_REPRESENTATION(#11053,#11055);
#11053 = ( REPRESENTATION_RELATIONSHIP('','',#10214,#32) 
REPRESENTATION_RELATIONSHIP_WITH_TRANSFORMATION(#11054) 
SHAPE_REPRESENTATION_RELATIONSHIP() );
#11054 = ITEM_DEFINED_TRANSFORMATION('','',#11,#61);
#11055 = PRODUCT_DEFINITION_SHAPE('Placement','Placement of an item',
  #11056);
#11056 = NEXT_ASSEMBLY_USAGE_OCCURRENCE('122',
'SOP-8_L4.9-W3.9-P1.27-LS6.0-BL~SOP-8_L4.9-W3.9-P1.27-LS6.0-BL-1~L6m007'
  ,'',#27,#10209,$);
#11057 = PRODUCT_RELATED_PRODUCT_CATEGORY('part',$,(#10211));
#11058 = SHAPE_DEFINITION_REPRESENTATION(#11059,#11065);
#11059 = PRODUCT_DEFINITION_SHAPE('','',#11060);
#11060 = PRODUCT_DEFINITION('design','',#11061,#11064);
#11061 = PRODUCT_DEFINITION_FORMATION('','',#11062);
#11062 = PRODUCT(
'SOP-8_L4.9-W3.9-P1.27-LS6.0-BL~SOP-8_L4.9-W3.9-P1.27-LS6.0-BL-1~L6m008'
  ,
'SOP-8_L4.9-W3.9-P1.27-LS6.0-BL~SOP-8_L4.9-W3.9-P1.27-LS6.0-BL-1~L6m008'
  ,'',(#11063));
#11063 = PRODUCT_CONTEXT('',#2,'mechanical');
#11064 = PRODUCT_DEFINITION_CONTEXT('part definition',#2,'design');
#11065 = ADVANCED_BREP_SHAPE_REPRESENTATION('',(#11,#11066),#11891);
#11066 = MANIFOLD_SOLID_BREP('',#11067);
#11067 = CLOSED_SHELL('',(#11068,#11114,#11145,#11182,#11219,#11256,
    #11293,#11330,#11367,#11404,#11441,#11478,#11515,#11546,#11583,
    #11620,#11657,#11694,#11731,#11768,#11805,#11833,#11862));
#11068 = ADVANCED_FACE('',(#11069),#11105,.F.);
#11069 = FACE_BOUND('',#11070,.F.);
#11070 = EDGE_LOOP('',(#11071,#11081,#11090,#11098));
#11071 = ORIENTED_EDGE('',*,*,#11072,.F.);
#11072 = EDGE_CURVE('',#11073,#11075,#11077,.T.);
#11073 = VERTEX_POINT('',#11074);
#11074 = CARTESIAN_POINT('',(1.424746571197,1.080639243572,0.701));
#11075 = VERTEX_POINT('',#11076);
#11076 = CARTESIAN_POINT('',(1.424746571197,1.080639243572,0.7));
#11077 = LINE('',#11078,#11079);
#11078 = CARTESIAN_POINT('',(1.424746571197,1.080639243572,0.701));
#11079 = VECTOR('',#11080,1.);
#11080 = DIRECTION('',(0.,0.,-1.));
#11081 = ORIENTED_EDGE('',*,*,#11082,.T.);
#11082 = EDGE_CURVE('',#11073,#11083,#11085,.T.);
#11083 = VERTEX_POINT('',#11084);
#11084 = CARTESIAN_POINT('',(1.395415000378,1.090464955881,0.701));
#11085 = B_SPLINE_CURVE_WITH_KNOTS('',3,(#11086,#11087,#11088,#11089),
  .UNSPECIFIED.,.F.,.F.,(4,4),(0.,1.),.PIECEWISE_BEZIER_KNOTS.);
#11086 = CARTESIAN_POINT('',(1.424746571197,1.080639243572,0.701));
#11087 = CARTESIAN_POINT('',(1.414265811401,1.080639243572,0.701));
#11088 = CARTESIAN_POINT('',(1.404512882146,1.083914481009,0.701));
#11089 = CARTESIAN_POINT('',(1.395415000378,1.090464955881,0.701));
#11090 = ORIENTED_EDGE('',*,*,#11091,.T.);
#11091 = EDGE_CURVE('',#11083,#11092,#11094,.T.);
#11092 = VERTEX_POINT('',#11093);
#11093 = CARTESIAN_POINT('',(1.395415000378,1.090464955881,
    0.699999999999));
#11094 = LINE('',#11095,#11096);
#11095 = CARTESIAN_POINT('',(1.395415000378,1.090464955881,0.701));
#11096 = VECTOR('',#11097,1.);
#11097 = DIRECTION('',(0.,0.,-1.));
#11098 = ORIENTED_EDGE('',*,*,#11099,.F.);
#11099 = EDGE_CURVE('',#11075,#11092,#11100,.T.);
#11100 = B_SPLINE_CURVE_WITH_KNOTS('',3,(#11101,#11102,#11103,#11104),
  .UNSPECIFIED.,.F.,.F.,(4,4),(0.,1.),.PIECEWISE_BEZIER_KNOTS.);
#11101 = CARTESIAN_POINT('',(1.424746571197,1.080639243572,0.7));
#11102 = CARTESIAN_POINT('',(1.414265811401,1.080639243572,0.7));
#11103 = CARTESIAN_POINT('',(1.404512882146,1.083914481009,0.7));
#11104 = CARTESIAN_POINT('',(1.395415000378,1.090464955881,
    0.699999999999));
#11105 = B_SPLINE_SURFACE_WITH_KNOTS('',3,1,(
    (#11106,#11107)
    ,(#11108,#11109)
    ,(#11110,#11111)
    ,(#11112,#11113
    )),.UNSPECIFIED.,.F.,.F.,.F.,(4,4),(2,2),(0.,1.),(0.,1.),
  .PIECEWISE_BEZIER_KNOTS.);
#11106 = CARTESIAN_POINT('',(1.424746571197,1.080639243572,0.701));
#11107 = CARTESIAN_POINT('',(1.424746571197,1.080639243572,
    0.699999999999));
#11108 = CARTESIAN_POINT('',(1.414265811401,1.080639243572,0.701));
#11109 = CARTESIAN_POINT('',(1.414265811401,1.080639243572,
    0.699999999999));
#11110 = CARTESIAN_POINT('',(1.404512882146,1.083914481009,0.701));
#11111 = CARTESIAN_POINT('',(1.404512882146,1.083914481009,
    0.699999999999));
#11112 = CARTESIAN_POINT('',(1.395415000378,1.090464955881,0.701));
#11113 = CARTESIAN_POINT('',(1.395415000378,1.090464955881,
    0.699999999999));
#11114 = ADVANCED_FACE('',(#11115),#11140,.F.);
#11115 = FACE_BOUND('',#11116,.T.);
#11116 = EDGE_LOOP('',(#11117,#11125,#11133,#11139));
#11117 = ORIENTED_EDGE('',*,*,#11118,.T.);
#11118 = EDGE_CURVE('',#11092,#11119,#11121,.T.);
#11119 = VERTEX_POINT('',#11120);
#11120 = CARTESIAN_POINT('',(1.395415000378,1.072050843183,
    0.699999999999));
#11121 = LINE('',#11122,#11123);
#11122 = CARTESIAN_POINT('',(1.395415000378,1.072050843183,
    0.699999999999));
#11123 = VECTOR('',#11124,1.);
#11124 = DIRECTION('',(0.,-1.,0.));
#11125 = ORIENTED_EDGE('',*,*,#11126,.F.);
#11126 = EDGE_CURVE('',#11127,#11119,#11129,.T.);
#11127 = VERTEX_POINT('',#11128);
#11128 = CARTESIAN_POINT('',(1.395415000378,1.072050843183,0.701));
#11129 = LINE('',#11130,#11131);
#11130 = CARTESIAN_POINT('',(1.395415000378,1.072050843183,0.701));
#11131 = VECTOR('',#11132,1.);
#11132 = DIRECTION('',(0.,0.,-1.));
#11133 = ORIENTED_EDGE('',*,*,#11134,.F.);
#11134 = EDGE_CURVE('',#11083,#11127,#11135,.T.);
#11135 = LINE('',#11136,#11137);
#11136 = CARTESIAN_POINT('',(1.395415000378,1.072050843183,0.701));
#11137 = VECTOR('',#11138,1.);
#11138 = DIRECTION('',(0.,-1.,0.));
#11139 = ORIENTED_EDGE('',*,*,#11091,.T.);
#11140 = PLANE('',#11141);
#11141 = AXIS2_PLACEMENT_3D('',#11142,#11143,#11144);
#11142 = CARTESIAN_POINT('',(1.395415000378,1.072050843183,0.701));
#11143 = DIRECTION('',(1.,0.,0.));
#11144 = DIRECTION('',(0.,0.,-1.));
#11145 = ADVANCED_FACE('',(#11146),#11173,.F.);
#11146 = FACE_BOUND('',#11147,.F.);
#11147 = EDGE_LOOP('',(#11148,#11149,#11158,#11166));
#11148 = ORIENTED_EDGE('',*,*,#11126,.F.);
#11149 = ORIENTED_EDGE('',*,*,#11150,.T.);
#11150 = EDGE_CURVE('',#11127,#11151,#11153,.T.);
#11151 = VERTEX_POINT('',#11152);
#11152 = CARTESIAN_POINT('',(1.422999777898,1.066082632744,0.701));
#11153 = B_SPLINE_CURVE_WITH_KNOTS('',3,(#11154,#11155,#11156,#11157),
  .UNSPECIFIED.,.F.,.F.,(4,4),(19.,20.),.PIECEWISE_BEZIER_KNOTS.);
#11154 = CARTESIAN_POINT('',(1.395415000378,1.072050843183,0.701));
#11155 = CARTESIAN_POINT('',(1.403275570225,1.068120558259,0.701));
#11156 = CARTESIAN_POINT('',(1.412446235047,1.066082632744,0.701));
#11157 = CARTESIAN_POINT('',(1.422999777898,1.066082632744,0.701));
#11158 = ORIENTED_EDGE('',*,*,#11159,.T.);
#11159 = EDGE_CURVE('',#11151,#11160,#11162,.T.);
#11160 = VERTEX_POINT('',#11161);
#11161 = CARTESIAN_POINT('',(1.422999777898,1.066082632744,0.7));
#11162 = LINE('',#11163,#11164);
#11163 = CARTESIAN_POINT('',(1.422999777898,1.066082632744,0.701));
#11164 = VECTOR('',#11165,1.);
#11165 = DIRECTION('',(0.,0.,-1.));
#11166 = ORIENTED_EDGE('',*,*,#11167,.F.);
#11167 = EDGE_CURVE('',#11119,#11160,#11168,.T.);
#11168 = B_SPLINE_CURVE_WITH_KNOTS('',3,(#11169,#11170,#11171,#11172),
  .UNSPECIFIED.,.F.,.F.,(4,4),(19.,20.),.PIECEWISE_BEZIER_KNOTS.);
#11169 = CARTESIAN_POINT('',(1.395415000378,1.072050843183,
    0.699999999999));
#11170 = CARTESIAN_POINT('',(1.403275570225,1.068120558259,0.7));
#11171 = CARTESIAN_POINT('',(1.412446235047,1.066082632744,0.7));
#11172 = CARTESIAN_POINT('',(1.422999777898,1.066082632744,0.7));
#11173 = B_SPLINE_SURFACE_WITH_KNOTS('',3,1,(
    (#11174,#11175)
    ,(#11176,#11177)
    ,(#11178,#11179)
    ,(#11180,#11181
    )),.UNSPECIFIED.,.F.,.F.,.F.,(4,4),(2,2),(19.,20.),(0.,1.),
  .PIECEWISE_BEZIER_KNOTS.);
#11174 = CARTESIAN_POINT('',(1.395415000378,1.072050843183,0.701));
#11175 = CARTESIAN_POINT('',(1.395415000378,1.072050843183,
    0.699999999999));
#11176 = CARTESIAN_POINT('',(1.403275570225,1.068120558259,0.701));
#11177 = CARTESIAN_POINT('',(1.403275570225,1.068120558259,
    0.699999999999));
#11178 = CARTESIAN_POINT('',(1.412446235047,1.066082632744,0.701));
#11179 = CARTESIAN_POINT('',(1.412446235047,1.066082632744,
    0.699999999999));
#11180 = CARTESIAN_POINT('',(1.422999777898,1.066082632744,0.701));
#11181 = CARTESIAN_POINT('',(1.422999777898,1.066082632744,
    0.699999999999));
#11182 = ADVANCED_FACE('',(#11183),#11210,.F.);
#11183 = FACE_BOUND('',#11184,.F.);
#11184 = EDGE_LOOP('',(#11185,#11186,#11195,#11203));
#11185 = ORIENTED_EDGE('',*,*,#11159,.F.);
#11186 = ORIENTED_EDGE('',*,*,#11187,.T.);
#11187 = EDGE_CURVE('',#11151,#11188,#11190,.T.);
#11188 = VERTEX_POINT('',#11189);
#11189 = CARTESIAN_POINT('',(1.452622480934,1.074161551753,0.701));
#11190 = B_SPLINE_CURVE_WITH_KNOTS('',3,(#11191,#11192,#11193,#11194),
  .UNSPECIFIED.,.F.,.F.,(4,4),(18.,19.),.PIECEWISE_BEZIER_KNOTS.);
#11191 = CARTESIAN_POINT('',(1.422999777898,1.066082632744,0.701));
#11192 = CARTESIAN_POINT('',(1.435118156413,1.066082632744,0.701));
#11193 = CARTESIAN_POINT('',(1.445016651776,1.068775605747,0.701));
#11194 = CARTESIAN_POINT('',(1.452622480934,1.074161551753,0.701));
#11195 = ORIENTED_EDGE('',*,*,#11196,.T.);
#11196 = EDGE_CURVE('',#11188,#11197,#11199,.T.);
#11197 = VERTEX_POINT('',#11198);
#11198 = CARTESIAN_POINT('',(1.452622480934,1.074161551753,0.7));
#11199 = LINE('',#11200,#11201);
#11200 = CARTESIAN_POINT('',(1.452622480934,1.074161551753,0.701));
#11201 = VECTOR('',#11202,1.);
#11202 = DIRECTION('',(0.,0.,-1.));
#11203 = ORIENTED_EDGE('',*,*,#11204,.F.);
#11204 = EDGE_CURVE('',#11160,#11197,#11205,.T.);
#11205 = B_SPLINE_CURVE_WITH_KNOTS('',3,(#11206,#11207,#11208,#11209),
  .UNSPECIFIED.,.F.,.F.,(4,4),(18.,19.),.PIECEWISE_BEZIER_KNOTS.);
#11206 = CARTESIAN_POINT('',(1.422999777898,1.066082632744,0.7));
#11207 = CARTESIAN_POINT('',(1.435118156413,1.066082632744,0.7));
#11208 = CARTESIAN_POINT('',(1.445016651776,1.068775605747,0.7));
#11209 = CARTESIAN_POINT('',(1.452622480934,1.074161551753,0.7));
#11210 = B_SPLINE_SURFACE_WITH_KNOTS('',3,1,(
    (#11211,#11212)
    ,(#11213,#11214)
    ,(#11215,#11216)
    ,(#11217,#11218
    )),.UNSPECIFIED.,.F.,.F.,.F.,(4,4),(2,2),(18.,19.),(0.,1.),
  .PIECEWISE_BEZIER_KNOTS.);
#11211 = CARTESIAN_POINT('',(1.422999777898,1.066082632744,0.701));
#11212 = CARTESIAN_POINT('',(1.422999777898,1.066082632744,0.7));
#11213 = CARTESIAN_POINT('',(1.435118156413,1.066082632744,0.701));
#11214 = CARTESIAN_POINT('',(1.435118156413,1.066082632744,0.7));
#11215 = CARTESIAN_POINT('',(1.445016651776,1.068775605747,0.701));
#11216 = CARTESIAN_POINT('',(1.445016651776,1.068775605747,0.7));
#11217 = CARTESIAN_POINT('',(1.452622480934,1.074161551753,0.701));
#11218 = CARTESIAN_POINT('',(1.452622480934,1.074161551753,0.7));
#11219 = ADVANCED_FACE('',(#11220),#11247,.F.);
#11220 = FACE_BOUND('',#11221,.F.);
#11221 = EDGE_LOOP('',(#11222,#11223,#11232,#11240));
#11222 = ORIENTED_EDGE('',*,*,#11196,.F.);
#11223 = ORIENTED_EDGE('',*,*,#11224,.T.);
#11224 = EDGE_CURVE('',#11188,#11225,#11227,.T.);
#11225 = VERTEX_POINT('',#11226);
#11226 = CARTESIAN_POINT('',(1.464085811961,1.096142034104,0.701));
#11227 = B_SPLINE_CURVE_WITH_KNOTS('',3,(#11228,#11229,#11230,#11231),
  .UNSPECIFIED.,.F.,.F.,(4,4),(17.,18.),.PIECEWISE_BEZIER_KNOTS.);
#11228 = CARTESIAN_POINT('',(1.452622480934,1.074161551753,0.701));
#11229 = CARTESIAN_POINT('',(1.460264701619,1.079474714706,0.701));
#11230 = CARTESIAN_POINT('',(1.464085811961,1.086825803174,0.701));
#11231 = CARTESIAN_POINT('',(1.464085811961,1.096142034104,0.701));
#11232 = ORIENTED_EDGE('',*,*,#11233,.T.);
#11233 = EDGE_CURVE('',#11225,#11234,#11236,.T.);
#11234 = VERTEX_POINT('',#11235);
#11235 = CARTESIAN_POINT('',(1.464085811961,1.096142034104,0.7));
#11236 = LINE('',#11237,#11238);
#11237 = CARTESIAN_POINT('',(1.464085811961,1.096142034104,0.701));
#11238 = VECTOR('',#11239,1.);
#11239 = DIRECTION('',(0.,0.,-1.));
#11240 = ORIENTED_EDGE('',*,*,#11241,.F.);
#11241 = EDGE_CURVE('',#11197,#11234,#11242,.T.);
#11242 = B_SPLINE_CURVE_WITH_KNOTS('',3,(#11243,#11244,#11245,#11246),
  .UNSPECIFIED.,.F.,.F.,(4,4),(17.,18.),.PIECEWISE_BEZIER_KNOTS.);
#11243 = CARTESIAN_POINT('',(1.452622480934,1.074161551753,0.7));
#11244 = CARTESIAN_POINT('',(1.460264701619,1.079474714706,0.7));
#11245 = CARTESIAN_POINT('',(1.464085811961,1.086825803174,0.7));
#11246 = CARTESIAN_POINT('',(1.464085811961,1.096142034104,0.7));
#11247 = B_SPLINE_SURFACE_WITH_KNOTS('',3,1,(
    (#11248,#11249)
    ,(#11250,#11251)
    ,(#11252,#11253)
    ,(#11254,#11255
    )),.UNSPECIFIED.,.F.,.F.,.F.,(4,4),(2,2),(17.,18.),(0.,1.),
  .PIECEWISE_BEZIER_KNOTS.);
#11248 = CARTESIAN_POINT('',(1.452622480934,1.074161551753,0.701));
#11249 = CARTESIAN_POINT('',(1.452622480934,1.074161551753,0.7));
#11250 = CARTESIAN_POINT('',(1.460264701619,1.079474714706,0.701));
#11251 = CARTESIAN_POINT('',(1.460264701619,1.079474714706,0.7));
#11252 = CARTESIAN_POINT('',(1.464085811961,1.086825803174,0.701));
#11253 = CARTESIAN_POINT('',(1.464085811961,1.086825803174,0.7));
#11254 = CARTESIAN_POINT('',(1.464085811961,1.096142034104,0.701));
#11255 = CARTESIAN_POINT('',(1.464085811961,1.096142034104,0.7));
#11256 = ADVANCED_FACE('',(#11257),#11284,.F.);
#11257 = FACE_BOUND('',#11258,.F.);
#11258 = EDGE_LOOP('',(#11259,#11260,#11269,#11277));
#11259 = ORIENTED_EDGE('',*,*,#11233,.F.);
#11260 = ORIENTED_EDGE('',*,*,#11261,.T.);
#11261 = EDGE_CURVE('',#11225,#11262,#11264,.T.);
#11262 = VERTEX_POINT('',#11263);
#11263 = CARTESIAN_POINT('',(1.458117601521,1.112954919611,0.701));
#11264 = B_SPLINE_CURVE_WITH_KNOTS('',3,(#11265,#11266,#11267,#11268),
  .UNSPECIFIED.,.F.,.F.,(4,4),(16.,17.),.PIECEWISE_BEZIER_KNOTS.);
#11265 = CARTESIAN_POINT('',(1.464085811961,1.096142034104,0.701));
#11266 = CARTESIAN_POINT('',(1.464085811961,1.102838075085,0.701));
#11267 = CARTESIAN_POINT('',(1.462084277972,1.108442370255,0.701));
#11268 = CARTESIAN_POINT('',(1.458117601521,1.112954919611,0.701));
#11269 = ORIENTED_EDGE('',*,*,#11270,.T.);
#11270 = EDGE_CURVE('',#11262,#11271,#11273,.T.);
#11271 = VERTEX_POINT('',#11272);
#11272 = CARTESIAN_POINT('',(1.458117601521,1.112954919611,0.7));
#11273 = LINE('',#11274,#11275);
#11274 = CARTESIAN_POINT('',(1.458117601521,1.112954919611,0.701));
#11275 = VECTOR('',#11276,1.);
#11276 = DIRECTION('',(0.,0.,-1.));
#11277 = ORIENTED_EDGE('',*,*,#11278,.F.);
#11278 = EDGE_CURVE('',#11234,#11271,#11279,.T.);
#11279 = B_SPLINE_CURVE_WITH_KNOTS('',3,(#11280,#11281,#11282,#11283),
  .UNSPECIFIED.,.F.,.F.,(4,4),(16.,17.),.PIECEWISE_BEZIER_KNOTS.);
#11280 = CARTESIAN_POINT('',(1.464085811961,1.096142034104,0.7));
#11281 = CARTESIAN_POINT('',(1.464085811961,1.102838075085,0.7));
#11282 = CARTESIAN_POINT('',(1.462084277972,1.108442370255,0.7));
#11283 = CARTESIAN_POINT('',(1.458117601521,1.112954919611,0.7));
#11284 = B_SPLINE_SURFACE_WITH_KNOTS('',3,1,(
    (#11285,#11286)
    ,(#11287,#11288)
    ,(#11289,#11290)
    ,(#11291,#11292
    )),.UNSPECIFIED.,.F.,.F.,.F.,(4,4),(2,2),(16.,17.),(0.,1.),
  .PIECEWISE_BEZIER_KNOTS.);
#11285 = CARTESIAN_POINT('',(1.464085811961,1.096142034104,0.701));
#11286 = CARTESIAN_POINT('',(1.464085811961,1.096142034104,0.7));
#11287 = CARTESIAN_POINT('',(1.464085811961,1.102838075085,0.701));
#11288 = CARTESIAN_POINT('',(1.464085811961,1.102838075085,0.7));
#11289 = CARTESIAN_POINT('',(1.462084277972,1.108442370255,0.701));
#11290 = CARTESIAN_POINT('',(1.462084277972,1.108442370255,0.7));
#11291 = CARTESIAN_POINT('',(1.458117601521,1.112954919611,0.701));
#11292 = CARTESIAN_POINT('',(1.458117601521,1.112954919611,0.7));
#11293 = ADVANCED_FACE('',(#11294),#11321,.F.);
#11294 = FACE_BOUND('',#11295,.F.);
#11295 = EDGE_LOOP('',(#11296,#11297,#11306,#11314));
#11296 = ORIENTED_EDGE('',*,*,#11270,.F.);
#11297 = ORIENTED_EDGE('',*,*,#11298,.T.);
#11298 = EDGE_CURVE('',#11262,#11299,#11301,.T.);
#11299 = VERTEX_POINT('',#11300);
#11300 = CARTESIAN_POINT('',(1.435118156413,1.126128652411,0.701));
#11301 = B_SPLINE_CURVE_WITH_KNOTS('',3,(#11302,#11303,#11304,#11305),
  .UNSPECIFIED.,.F.,.F.,(4,4),(15.,16.),.PIECEWISE_BEZIER_KNOTS.);
#11302 = CARTESIAN_POINT('',(1.458117601521,1.112954919611,0.701));
#11303 = CARTESIAN_POINT('',(1.454114533544,1.117467468968,0.701));
#11304 = CARTESIAN_POINT('',(1.446472312859,1.12190723527,0.701));
#11305 = CARTESIAN_POINT('',(1.435118156413,1.126128652411,0.701));
#11306 = ORIENTED_EDGE('',*,*,#11307,.T.);
#11307 = EDGE_CURVE('',#11299,#11308,#11310,.T.);
#11308 = VERTEX_POINT('',#11309);
#11309 = CARTESIAN_POINT('',(1.435118156413,1.126128652411,0.7));
#11310 = LINE('',#11311,#11312);
#11311 = CARTESIAN_POINT('',(1.435118156413,1.126128652411,0.701));
#11312 = VECTOR('',#11313,1.);
#11313 = DIRECTION('',(0.,0.,-1.));
#11314 = ORIENTED_EDGE('',*,*,#11315,.F.);
#11315 = EDGE_CURVE('',#11271,#11308,#11316,.T.);
#11316 = B_SPLINE_CURVE_WITH_KNOTS('',3,(#11317,#11318,#11319,#11320),
  .UNSPECIFIED.,.F.,.F.,(4,4),(15.,16.),.PIECEWISE_BEZIER_KNOTS.);
#11317 = CARTESIAN_POINT('',(1.458117601521,1.112954919611,0.7));
#11318 = CARTESIAN_POINT('',(1.454114533544,1.117467468968,0.7));
#11319 = CARTESIAN_POINT('',(1.446472312859,1.12190723527,0.7));
#11320 = CARTESIAN_POINT('',(1.435118156413,1.126128652411,0.7));
#11321 = B_SPLINE_SURFACE_WITH_KNOTS('',3,1,(
    (#11322,#11323)
    ,(#11324,#11325)
    ,(#11326,#11327)
    ,(#11328,#11329
    )),.UNSPECIFIED.,.F.,.F.,.F.,(4,4),(2,2),(15.,16.),(0.,1.),
  .PIECEWISE_BEZIER_KNOTS.);
#11322 = CARTESIAN_POINT('',(1.458117601521,1.112954919611,0.701));
#11323 = CARTESIAN_POINT('',(1.458117601521,1.112954919611,0.7));
#11324 = CARTESIAN_POINT('',(1.454114533544,1.117467468968,0.701));
#11325 = CARTESIAN_POINT('',(1.454114533544,1.117467468968,0.7));
#11326 = CARTESIAN_POINT('',(1.446472312859,1.12190723527,0.701));
#11327 = CARTESIAN_POINT('',(1.446472312859,1.12190723527,0.7));
#11328 = CARTESIAN_POINT('',(1.435118156413,1.126128652411,0.701));
#11329 = CARTESIAN_POINT('',(1.435118156413,1.126128652411,0.7));
#11330 = ADVANCED_FACE('',(#11331),#11358,.F.);
#11331 = FACE_BOUND('',#11332,.F.);
#11332 = EDGE_LOOP('',(#11333,#11334,#11343,#11351));
#11333 = ORIENTED_EDGE('',*,*,#11307,.F.);
#11334 = ORIENTED_EDGE('',*,*,#11335,.T.);
#11335 = EDGE_CURVE('',#11299,#11336,#11338,.T.);
#11336 = VERTEX_POINT('',#11337);
#11337 = CARTESIAN_POINT('',(1.417795789527,1.134862618908,0.701));
#11338 = B_SPLINE_CURVE_WITH_KNOTS('',3,(#11339,#11340,#11341,#11342),
  .UNSPECIFIED.,.F.,.F.,(4,4),(14.,15.),.PIECEWISE_BEZIER_KNOTS.);
#11339 = CARTESIAN_POINT('',(1.435118156413,1.126128652411,0.701));
#11340 = CARTESIAN_POINT('',(1.426165840753,1.129622239009,0.701));
#11341 = CARTESIAN_POINT('',(1.420415979476,1.132533561176,0.701));
#11342 = CARTESIAN_POINT('',(1.417795789527,1.134862618908,0.701));
#11343 = ORIENTED_EDGE('',*,*,#11344,.T.);
#11344 = EDGE_CURVE('',#11336,#11345,#11347,.T.);
#11345 = VERTEX_POINT('',#11346);
#11346 = CARTESIAN_POINT('',(1.417795789527,1.134862618908,0.7));
#11347 = LINE('',#11348,#11349);
#11348 = CARTESIAN_POINT('',(1.417795789527,1.134862618908,0.701));
#11349 = VECTOR('',#11350,1.);
#11350 = DIRECTION('',(0.,0.,-1.));
#11351 = ORIENTED_EDGE('',*,*,#11352,.F.);
#11352 = EDGE_CURVE('',#11308,#11345,#11353,.T.);
#11353 = B_SPLINE_CURVE_WITH_KNOTS('',3,(#11354,#11355,#11356,#11357),
  .UNSPECIFIED.,.F.,.F.,(4,4),(14.,15.),.PIECEWISE_BEZIER_KNOTS.);
#11354 = CARTESIAN_POINT('',(1.435118156413,1.126128652411,0.7));
#11355 = CARTESIAN_POINT('',(1.426165840753,1.129622239009,0.7));
#11356 = CARTESIAN_POINT('',(1.420415979476,1.132533561176,0.7));
#11357 = CARTESIAN_POINT('',(1.417795789527,1.134862618908,0.7));
#11358 = B_SPLINE_SURFACE_WITH_KNOTS('',3,1,(
    (#11359,#11360)
    ,(#11361,#11362)
    ,(#11363,#11364)
    ,(#11365,#11366
    )),.UNSPECIFIED.,.F.,.F.,.F.,(4,4),(2,2),(14.,15.),(0.,1.),
  .PIECEWISE_BEZIER_KNOTS.);
#11359 = CARTESIAN_POINT('',(1.435118156413,1.126128652411,0.701));
#11360 = CARTESIAN_POINT('',(1.435118156413,1.126128652411,0.7));
#11361 = CARTESIAN_POINT('',(1.426165840753,1.129622239009,0.701));
#11362 = CARTESIAN_POINT('',(1.426165840753,1.129622239009,0.7));
#11363 = CARTESIAN_POINT('',(1.420415979476,1.132533561176,0.701));
#11364 = CARTESIAN_POINT('',(1.420415979476,1.132533561176,0.7));
#11365 = CARTESIAN_POINT('',(1.417795789527,1.134862618908,0.701));
#11366 = CARTESIAN_POINT('',(1.417795789527,1.134862618908,0.7));
#11367 = ADVANCED_FACE('',(#11368),#11395,.F.);
#11368 = FACE_BOUND('',#11369,.F.);
#11369 = EDGE_LOOP('',(#11370,#11371,#11380,#11388));
#11370 = ORIENTED_EDGE('',*,*,#11344,.F.);
#11371 = ORIENTED_EDGE('',*,*,#11372,.T.);
#11372 = EDGE_CURVE('',#11336,#11373,#11375,.T.);
#11373 = VERTEX_POINT('',#11374);
#11374 = CARTESIAN_POINT('',(1.41390189613,1.144324415947,0.701));
#11375 = B_SPLINE_CURVE_WITH_KNOTS('',3,(#11376,#11377,#11378,#11379),
  .UNSPECIFIED.,.F.,.F.,(4,4),(13.,14.),.PIECEWISE_BEZIER_KNOTS.);
#11376 = CARTESIAN_POINT('',(1.417795789527,1.134862618908,0.701));
#11377 = CARTESIAN_POINT('',(1.415211991105,1.137118893586,0.701));
#11378 = CARTESIAN_POINT('',(1.41390189613,1.140248564915,0.701));
#11379 = CARTESIAN_POINT('',(1.41390189613,1.144324415947,0.701));
#11380 = ORIENTED_EDGE('',*,*,#11381,.T.);
#11381 = EDGE_CURVE('',#11373,#11382,#11384,.T.);
#11382 = VERTEX_POINT('',#11383);
#11383 = CARTESIAN_POINT('',(1.41390189613,1.144324415947,0.7));
#11384 = LINE('',#11385,#11386);
#11385 = CARTESIAN_POINT('',(1.41390189613,1.144324415947,0.701));
#11386 = VECTOR('',#11387,1.);
#11387 = DIRECTION('',(0.,0.,-1.));
#11388 = ORIENTED_EDGE('',*,*,#11389,.F.);
#11389 = EDGE_CURVE('',#11345,#11382,#11390,.T.);
#11390 = B_SPLINE_CURVE_WITH_KNOTS('',3,(#11391,#11392,#11393,#11394),
  .UNSPECIFIED.,.F.,.F.,(4,4),(13.,14.),.PIECEWISE_BEZIER_KNOTS.);
#11391 = CARTESIAN_POINT('',(1.417795789527,1.134862618908,0.7));
#11392 = CARTESIAN_POINT('',(1.415211991105,1.137118893586,0.7));
#11393 = CARTESIAN_POINT('',(1.41390189613,1.140248564915,0.7));
#11394 = CARTESIAN_POINT('',(1.41390189613,1.144324415947,0.7));
#11395 = B_SPLINE_SURFACE_WITH_KNOTS('',3,1,(
    (#11396,#11397)
    ,(#11398,#11399)
    ,(#11400,#11401)
    ,(#11402,#11403
    )),.UNSPECIFIED.,.F.,.F.,.F.,(4,4),(2,2),(13.,14.),(0.,1.),
  .PIECEWISE_BEZIER_KNOTS.);
#11396 = CARTESIAN_POINT('',(1.417795789527,1.134862618908,0.701));
#11397 = CARTESIAN_POINT('',(1.417795789527,1.134862618908,0.7));
#11398 = CARTESIAN_POINT('',(1.415211991105,1.137118893586,0.701));
#11399 = CARTESIAN_POINT('',(1.415211991105,1.137118893586,0.7));
#11400 = CARTESIAN_POINT('',(1.41390189613,1.140248564915,0.701));
#11401 = CARTESIAN_POINT('',(1.41390189613,1.140248564915,0.7));
#11402 = CARTESIAN_POINT('',(1.41390189613,1.144324415947,0.701));
#11403 = CARTESIAN_POINT('',(1.41390189613,1.144324415947,0.7));
#11404 = ADVANCED_FACE('',(#11405),#11432,.F.);
#11405 = FACE_BOUND('',#11406,.F.);
#11406 = EDGE_LOOP('',(#11407,#11408,#11417,#11425));
#11407 = ORIENTED_EDGE('',*,*,#11381,.F.);
#11408 = ORIENTED_EDGE('',*,*,#11409,.T.);
#11409 = EDGE_CURVE('',#11373,#11410,#11412,.T.);
#11410 = VERTEX_POINT('',#11411);
#11411 = CARTESIAN_POINT('',(1.419324233664,1.15422291131,0.701));
#11412 = B_SPLINE_CURVE_WITH_KNOTS('',3,(#11413,#11414,#11415,#11416),
  .UNSPECIFIED.,.F.,.F.,(4,4),(12.,13.),.PIECEWISE_BEZIER_KNOTS.);
#11413 = CARTESIAN_POINT('',(1.41390189613,1.144324415947,0.701));
#11414 = CARTESIAN_POINT('',(1.41390189613,1.148400266978,0.701));
#11415 = CARTESIAN_POINT('',(1.415721472484,1.151748287469,0.701));
#11416 = CARTESIAN_POINT('',(1.419324233664,1.15422291131,0.701));
#11417 = ORIENTED_EDGE('',*,*,#11418,.T.);
#11418 = EDGE_CURVE('',#11410,#11419,#11421,.T.);
#11419 = VERTEX_POINT('',#11420);
#11420 = CARTESIAN_POINT('',(1.419324233664,1.15422291131,0.7));
#11421 = LINE('',#11422,#11423);
#11422 = CARTESIAN_POINT('',(1.419324233664,1.15422291131,0.701));
#11423 = VECTOR('',#11424,1.);
#11424 = DIRECTION('',(0.,0.,-1.));
#11425 = ORIENTED_EDGE('',*,*,#11426,.F.);
#11426 = EDGE_CURVE('',#11382,#11419,#11427,.T.);
#11427 = B_SPLINE_CURVE_WITH_KNOTS('',3,(#11428,#11429,#11430,#11431),
  .UNSPECIFIED.,.F.,.F.,(4,4),(12.,13.),.PIECEWISE_BEZIER_KNOTS.);
#11428 = CARTESIAN_POINT('',(1.41390189613,1.144324415947,0.7));
#11429 = CARTESIAN_POINT('',(1.41390189613,1.148400266978,0.7));
#11430 = CARTESIAN_POINT('',(1.415721472484,1.151748287469,0.7));
#11431 = CARTESIAN_POINT('',(1.419324233664,1.15422291131,0.7));
#11432 = B_SPLINE_SURFACE_WITH_KNOTS('',3,1,(
    (#11433,#11434)
    ,(#11435,#11436)
    ,(#11437,#11438)
    ,(#11439,#11440
    )),.UNSPECIFIED.,.F.,.F.,.F.,(4,4),(2,2),(12.,13.),(0.,1.),
  .PIECEWISE_BEZIER_KNOTS.);
#11433 = CARTESIAN_POINT('',(1.41390189613,1.144324415947,0.701));
#11434 = CARTESIAN_POINT('',(1.41390189613,1.144324415947,0.7));
#11435 = CARTESIAN_POINT('',(1.41390189613,1.148400266978,0.701));
#11436 = CARTESIAN_POINT('',(1.41390189613,1.148400266978,0.7));
#11437 = CARTESIAN_POINT('',(1.415721472484,1.151748287469,0.701));
#11438 = CARTESIAN_POINT('',(1.415721472484,1.151748287469,0.7));
#11439 = CARTESIAN_POINT('',(1.419324233664,1.15422291131,0.701));
#11440 = CARTESIAN_POINT('',(1.419324233664,1.15422291131,0.7));
#11441 = ADVANCED_FACE('',(#11442),#11469,.F.);
#11442 = FACE_BOUND('',#11443,.F.);
#11443 = EDGE_LOOP('',(#11444,#11445,#11454,#11462));
#11444 = ORIENTED_EDGE('',*,*,#11418,.F.);
#11445 = ORIENTED_EDGE('',*,*,#11446,.T.);
#11446 = EDGE_CURVE('',#11410,#11447,#11449,.T.);
#11447 = VERTEX_POINT('',#11448);
#11448 = CARTESIAN_POINT('',(1.433371363113,1.158007630125,0.701));
#11449 = B_SPLINE_CURVE_WITH_KNOTS('',3,(#11450,#11451,#11452,#11453),
  .UNSPECIFIED.,.F.,.F.,(4,4),(11.,12.),.PIECEWISE_BEZIER_KNOTS.);
#11450 = CARTESIAN_POINT('',(1.419324233664,1.15422291131,0.701));
#11451 = CARTESIAN_POINT('',(1.422926994844,1.156770318205,0.701));
#11452 = CARTESIAN_POINT('',(1.427621501836,1.158007630125,0.701));
#11453 = CARTESIAN_POINT('',(1.433371363113,1.158007630125,0.701));
#11454 = ORIENTED_EDGE('',*,*,#11455,.T.);
#11455 = EDGE_CURVE('',#11447,#11456,#11458,.T.);
#11456 = VERTEX_POINT('',#11457);
#11457 = CARTESIAN_POINT('',(1.433371363113,1.158007630125,0.7));
#11458 = LINE('',#11459,#11460);
#11459 = CARTESIAN_POINT('',(1.433371363113,1.158007630125,0.701));
#11460 = VECTOR('',#11461,1.);
#11461 = DIRECTION('',(0.,0.,-1.));
#11462 = ORIENTED_EDGE('',*,*,#11463,.F.);
#11463 = EDGE_CURVE('',#11419,#11456,#11464,.T.);
#11464 = B_SPLINE_CURVE_WITH_KNOTS('',3,(#11465,#11466,#11467,#11468),
  .UNSPECIFIED.,.F.,.F.,(4,4),(11.,12.),.PIECEWISE_BEZIER_KNOTS.);
#11465 = CARTESIAN_POINT('',(1.419324233664,1.15422291131,0.7));
#11466 = CARTESIAN_POINT('',(1.422926994844,1.156770318205,0.7));
#11467 = CARTESIAN_POINT('',(1.427621501836,1.158007630125,0.7));
#11468 = CARTESIAN_POINT('',(1.433371363113,1.158007630125,0.7));
#11469 = B_SPLINE_SURFACE_WITH_KNOTS('',3,1,(
    (#11470,#11471)
    ,(#11472,#11473)
    ,(#11474,#11475)
    ,(#11476,#11477
    )),.UNSPECIFIED.,.F.,.F.,.F.,(4,4),(2,2),(11.,12.),(0.,1.),
  .PIECEWISE_BEZIER_KNOTS.);
#11470 = CARTESIAN_POINT('',(1.419324233664,1.15422291131,0.701));
#11471 = CARTESIAN_POINT('',(1.419324233664,1.15422291131,0.7));
#11472 = CARTESIAN_POINT('',(1.422926994844,1.156770318205,0.701));
#11473 = CARTESIAN_POINT('',(1.422926994844,1.156770318205,0.7));
#11474 = CARTESIAN_POINT('',(1.427621501836,1.158007630125,0.701));
#11475 = CARTESIAN_POINT('',(1.427621501836,1.158007630125,0.7));
#11476 = CARTESIAN_POINT('',(1.433371363113,1.158007630125,0.701));
#11477 = CARTESIAN_POINT('',(1.433371363113,1.158007630125,0.7));
#11478 = ADVANCED_FACE('',(#11479),#11506,.F.);
#11479 = FACE_BOUND('',#11480,.F.);
#11480 = EDGE_LOOP('',(#11481,#11482,#11491,#11499));
#11481 = ORIENTED_EDGE('',*,*,#11455,.F.);
#11482 = ORIENTED_EDGE('',*,*,#11483,.T.);
#11483 = EDGE_CURVE('',#11447,#11484,#11486,.T.);
#11484 = VERTEX_POINT('',#11485);
#11485 = CARTESIAN_POINT('',(1.459209347334,1.150656541657,0.701));
#11486 = B_SPLINE_CURVE_WITH_KNOTS('',3,(#11487,#11488,#11489,#11490),
  .UNSPECIFIED.,.F.,.F.,(4,4),(10.,11.),.PIECEWISE_BEZIER_KNOTS.);
#11487 = CARTESIAN_POINT('',(1.433371363113,1.158007630125,0.701));
#11488 = CARTESIAN_POINT('',(1.443015117787,1.158007630125,0.701));
#11489 = CARTESIAN_POINT('',(1.451603518176,1.155533006285,0.701));
#11490 = CARTESIAN_POINT('',(1.459209347334,1.150656541657,0.701));
#11491 = ORIENTED_EDGE('',*,*,#11492,.T.);
#11492 = EDGE_CURVE('',#11484,#11493,#11495,.T.);
#11493 = VERTEX_POINT('',#11494);
#11494 = CARTESIAN_POINT('',(1.459209347334,1.150656541657,0.7));
#11495 = LINE('',#11496,#11497);
#11496 = CARTESIAN_POINT('',(1.459209347334,1.150656541657,0.701));
#11497 = VECTOR('',#11498,1.);
#11498 = DIRECTION('',(0.,0.,-1.));
#11499 = ORIENTED_EDGE('',*,*,#11500,.F.);
#11500 = EDGE_CURVE('',#11456,#11493,#11501,.T.);
#11501 = B_SPLINE_CURVE_WITH_KNOTS('',3,(#11502,#11503,#11504,#11505),
  .UNSPECIFIED.,.F.,.F.,(4,4),(10.,11.),.PIECEWISE_BEZIER_KNOTS.);
#11502 = CARTESIAN_POINT('',(1.433371363113,1.158007630125,0.7));
#11503 = CARTESIAN_POINT('',(1.443015117787,1.158007630125,0.7));
#11504 = CARTESIAN_POINT('',(1.451603518176,1.155533006285,0.7));
#11505 = CARTESIAN_POINT('',(1.459209347334,1.150656541657,0.7));
#11506 = B_SPLINE_SURFACE_WITH_KNOTS('',3,1,(
    (#11507,#11508)
    ,(#11509,#11510)
    ,(#11511,#11512)
    ,(#11513,#11514
    )),.UNSPECIFIED.,.F.,.F.,.F.,(4,4),(2,2),(10.,11.),(0.,1.),
  .PIECEWISE_BEZIER_KNOTS.);
#11507 = CARTESIAN_POINT('',(1.433371363113,1.158007630125,0.701));
#11508 = CARTESIAN_POINT('',(1.433371363113,1.158007630125,0.7));
#11509 = CARTESIAN_POINT('',(1.443015117787,1.158007630125,0.701));
#11510 = CARTESIAN_POINT('',(1.443015117787,1.158007630125,0.7));
#11511 = CARTESIAN_POINT('',(1.451603518176,1.155533006285,0.701));
#11512 = CARTESIAN_POINT('',(1.451603518176,1.155533006285,0.7));
#11513 = CARTESIAN_POINT('',(1.459209347334,1.150656541657,0.701));
#11514 = CARTESIAN_POINT('',(1.459209347334,1.150656541657,0.7));
#11515 = ADVANCED_FACE('',(#11516),#11541,.F.);
#11516 = FACE_BOUND('',#11517,.T.);
#11517 = EDGE_LOOP('',(#11518,#11526,#11534,#11540));
#11518 = ORIENTED_EDGE('',*,*,#11519,.T.);
#11519 = EDGE_CURVE('',#11493,#11520,#11522,.T.);
#11520 = VERTEX_POINT('',#11521);
#11521 = CARTESIAN_POINT('',(1.459209347334,1.167978908542,
    0.699999999999));
#11522 = LINE('',#11523,#11524);
#11523 = CARTESIAN_POINT('',(1.459209347334,1.167978908542,
    0.699999999999));
#11524 = VECTOR('',#11525,1.);
#11525 = DIRECTION('',(0.,1.,0.));
#11526 = ORIENTED_EDGE('',*,*,#11527,.F.);
#11527 = EDGE_CURVE('',#11528,#11520,#11530,.T.);
#11528 = VERTEX_POINT('',#11529);
#11529 = CARTESIAN_POINT('',(1.459209347334,1.167978908542,0.701));
#11530 = LINE('',#11531,#11532);
#11531 = CARTESIAN_POINT('',(1.459209347334,1.167978908542,0.701));
#11532 = VECTOR('',#11533,1.);
#11533 = DIRECTION('',(0.,0.,-1.));
#11534 = ORIENTED_EDGE('',*,*,#11535,.F.);
#11535 = EDGE_CURVE('',#11484,#11528,#11536,.T.);
#11536 = LINE('',#11537,#11538);
#11537 = CARTESIAN_POINT('',(1.459209347334,1.167978908542,0.701));
#11538 = VECTOR('',#11539,1.);
#11539 = DIRECTION('',(0.,1.,0.));
#11540 = ORIENTED_EDGE('',*,*,#11492,.T.);
#11541 = PLANE('',#11542);
#11542 = AXIS2_PLACEMENT_3D('',#11543,#11544,#11545);
#11543 = CARTESIAN_POINT('',(1.459209347334,1.167978908542,0.701));
#11544 = DIRECTION('',(-1.,0.,0.));
#11545 = DIRECTION('',(0.,0.,1.));
#11546 = ADVANCED_FACE('',(#11547),#11574,.F.);
#11547 = FACE_BOUND('',#11548,.F.);
#11548 = EDGE_LOOP('',(#11549,#11550,#11559,#11567));
#11549 = ORIENTED_EDGE('',*,*,#11527,.F.);
#11550 = ORIENTED_EDGE('',*,*,#11551,.T.);
#11551 = EDGE_CURVE('',#11528,#11552,#11554,.T.);
#11552 = VERTEX_POINT('',#11553);
#11553 = CARTESIAN_POINT('',(1.435118156413,1.1724914579,0.701));
#11554 = B_SPLINE_CURVE_WITH_KNOTS('',3,(#11555,#11556,#11557,#11558),
  .UNSPECIFIED.,.F.,.F.,(4,4),(8.,9.),.PIECEWISE_BEZIER_KNOTS.);
#11555 = CARTESIAN_POINT('',(1.459209347334,1.167978908542,0.701));
#11556 = CARTESIAN_POINT('',(1.451785475811,1.171035796817,0.701));
#11557 = CARTESIAN_POINT('',(1.443779339855,1.1724914579,0.701));
#11558 = CARTESIAN_POINT('',(1.435118156413,1.1724914579,0.701));
#11559 = ORIENTED_EDGE('',*,*,#11560,.T.);
#11560 = EDGE_CURVE('',#11552,#11561,#11563,.T.);
#11561 = VERTEX_POINT('',#11562);
#11562 = CARTESIAN_POINT('',(1.435118156413,1.1724914579,0.7));
#11563 = LINE('',#11564,#11565);
#11564 = CARTESIAN_POINT('',(1.435118156413,1.1724914579,0.701));
#11565 = VECTOR('',#11566,1.);
#11566 = DIRECTION('',(0.,0.,-1.));
#11567 = ORIENTED_EDGE('',*,*,#11568,.F.);
#11568 = EDGE_CURVE('',#11520,#11561,#11569,.T.);
#11569 = B_SPLINE_CURVE_WITH_KNOTS('',3,(#11570,#11571,#11572,#11573),
  .UNSPECIFIED.,.F.,.F.,(4,4),(8.,9.),.PIECEWISE_BEZIER_KNOTS.);
#11570 = CARTESIAN_POINT('',(1.459209347334,1.167978908542,
    0.699999999999));
#11571 = CARTESIAN_POINT('',(1.451785475811,1.171035796817,0.7));
#11572 = CARTESIAN_POINT('',(1.443779339855,1.1724914579,0.7));
#11573 = CARTESIAN_POINT('',(1.435118156413,1.1724914579,0.7));
#11574 = B_SPLINE_SURFACE_WITH_KNOTS('',3,1,(
    (#11575,#11576)
    ,(#11577,#11578)
    ,(#11579,#11580)
    ,(#11581,#11582
    )),.UNSPECIFIED.,.F.,.F.,.F.,(4,4),(2,2),(8.,9.),(0.,1.),
  .PIECEWISE_BEZIER_KNOTS.);
#11575 = CARTESIAN_POINT('',(1.459209347334,1.167978908542,0.701));
#11576 = CARTESIAN_POINT('',(1.459209347334,1.167978908542,
    0.699999999999));
#11577 = CARTESIAN_POINT('',(1.451785475811,1.171035796817,0.701));
#11578 = CARTESIAN_POINT('',(1.451785475811,1.171035796817,
    0.699999999999));
#11579 = CARTESIAN_POINT('',(1.443779339855,1.1724914579,0.701));
#11580 = CARTESIAN_POINT('',(1.443779339855,1.1724914579,0.699999999999)
  );
#11581 = CARTESIAN_POINT('',(1.435118156413,1.1724914579,0.701));
#11582 = CARTESIAN_POINT('',(1.435118156413,1.1724914579,0.699999999999)
  );
#11583 = ADVANCED_FACE('',(#11584),#11611,.F.);
#11584 = FACE_BOUND('',#11585,.F.);
#11585 = EDGE_LOOP('',(#11586,#11587,#11596,#11604));
#11586 = ORIENTED_EDGE('',*,*,#11560,.F.);
#11587 = ORIENTED_EDGE('',*,*,#11588,.T.);
#11588 = EDGE_CURVE('',#11552,#11589,#11591,.T.);
#11589 = VERTEX_POINT('',#11590);
#11590 = CARTESIAN_POINT('',(1.40695111446,1.164412538889,0.701));
#11591 = B_SPLINE_CURVE_WITH_KNOTS('',3,(#11592,#11593,#11594,#11595),
  .UNSPECIFIED.,.F.,.F.,(4,4),(7.,8.),.PIECEWISE_BEZIER_KNOTS.);
#11592 = CARTESIAN_POINT('',(1.435118156413,1.1724914579,0.701));
#11593 = CARTESIAN_POINT('',(1.423982349129,1.1724914579,0.701));
#11594 = CARTESIAN_POINT('',(1.414593335145,1.169798484897,0.701));
#11595 = CARTESIAN_POINT('',(1.40695111446,1.164412538889,0.701));
#11596 = ORIENTED_EDGE('',*,*,#11597,.T.);
#11597 = EDGE_CURVE('',#11589,#11598,#11600,.T.);
#11598 = VERTEX_POINT('',#11599);
#11599 = CARTESIAN_POINT('',(1.40695111446,1.164412538889,0.7));
#11600 = LINE('',#11601,#11602);
#11601 = CARTESIAN_POINT('',(1.40695111446,1.164412538889,0.701));
#11602 = VECTOR('',#11603,1.);
#11603 = DIRECTION('',(0.,0.,-1.));
#11604 = ORIENTED_EDGE('',*,*,#11605,.F.);
#11605 = EDGE_CURVE('',#11561,#11598,#11606,.T.);
#11606 = B_SPLINE_CURVE_WITH_KNOTS('',3,(#11607,#11608,#11609,#11610),
  .UNSPECIFIED.,.F.,.F.,(4,4),(7.,8.),.PIECEWISE_BEZIER_KNOTS.);
#11607 = CARTESIAN_POINT('',(1.435118156413,1.1724914579,0.7));
#11608 = CARTESIAN_POINT('',(1.423982349129,1.1724914579,0.7));
#11609 = CARTESIAN_POINT('',(1.414593335145,1.169798484897,0.7));
#11610 = CARTESIAN_POINT('',(1.40695111446,1.164412538889,0.7));
#11611 = B_SPLINE_SURFACE_WITH_KNOTS('',3,1,(
    (#11612,#11613)
    ,(#11614,#11615)
    ,(#11616,#11617)
    ,(#11618,#11619
    )),.UNSPECIFIED.,.F.,.F.,.F.,(4,4),(2,2),(7.,8.),(0.,1.),
  .PIECEWISE_BEZIER_KNOTS.);
#11612 = CARTESIAN_POINT('',(1.435118156413,1.1724914579,0.701));
#11613 = CARTESIAN_POINT('',(1.435118156413,1.1724914579,0.7));
#11614 = CARTESIAN_POINT('',(1.423982349129,1.1724914579,0.701));
#11615 = CARTESIAN_POINT('',(1.423982349129,1.1724914579,0.7));
#11616 = CARTESIAN_POINT('',(1.414593335145,1.169798484897,0.701));
#11617 = CARTESIAN_POINT('',(1.414593335145,1.169798484897,0.7));
#11618 = CARTESIAN_POINT('',(1.40695111446,1.164412538889,0.701));
#11619 = CARTESIAN_POINT('',(1.40695111446,1.164412538889,0.7));
#11620 = ADVANCED_FACE('',(#11621),#11648,.F.);
#11621 = FACE_BOUND('',#11622,.F.);
#11622 = EDGE_LOOP('',(#11623,#11624,#11633,#11641));
#11623 = ORIENTED_EDGE('',*,*,#11597,.F.);
#11624 = ORIENTED_EDGE('',*,*,#11625,.T.);
#11625 = EDGE_CURVE('',#11589,#11626,#11628,.T.);
#11626 = VERTEX_POINT('',#11627);
#11627 = CARTESIAN_POINT('',(1.395524174959,1.142723188756,0.701));
#11628 = B_SPLINE_CURVE_WITH_KNOTS('',3,(#11629,#11630,#11631,#11632),
  .UNSPECIFIED.,.F.,.F.,(4,4),(6.,7.),.PIECEWISE_BEZIER_KNOTS.);
#11629 = CARTESIAN_POINT('',(1.40695111446,1.164412538889,0.701));
#11630 = CARTESIAN_POINT('',(1.399345285302,1.158953809829,0.701));
#11631 = CARTESIAN_POINT('',(1.395524174959,1.151748287469,0.701));
#11632 = CARTESIAN_POINT('',(1.395524174959,1.142723188756,0.701));
#11633 = ORIENTED_EDGE('',*,*,#11634,.T.);
#11634 = EDGE_CURVE('',#11626,#11635,#11637,.T.);
#11635 = VERTEX_POINT('',#11636);
#11636 = CARTESIAN_POINT('',(1.395524174959,1.142723188756,0.7));
#11637 = LINE('',#11638,#11639);
#11638 = CARTESIAN_POINT('',(1.395524174959,1.142723188756,0.701));
#11639 = VECTOR('',#11640,1.);
#11640 = DIRECTION('',(0.,0.,-1.));
#11641 = ORIENTED_EDGE('',*,*,#11642,.F.);
#11642 = EDGE_CURVE('',#11598,#11635,#11643,.T.);
#11643 = B_SPLINE_CURVE_WITH_KNOTS('',3,(#11644,#11645,#11646,#11647),
  .UNSPECIFIED.,.F.,.F.,(4,4),(6.,7.),.PIECEWISE_BEZIER_KNOTS.);
#11644 = CARTESIAN_POINT('',(1.40695111446,1.164412538889,0.7));
#11645 = CARTESIAN_POINT('',(1.399345285302,1.158953809829,0.7));
#11646 = CARTESIAN_POINT('',(1.395524174959,1.151748287469,0.7));
#11647 = CARTESIAN_POINT('',(1.395524174959,1.142723188756,0.7));
#11648 = B_SPLINE_SURFACE_WITH_KNOTS('',3,1,(
    (#11649,#11650)
    ,(#11651,#11652)
    ,(#11653,#11654)
    ,(#11655,#11656
    )),.UNSPECIFIED.,.F.,.F.,.F.,(4,4),(2,2),(6.,7.),(0.,1.),
  .PIECEWISE_BEZIER_KNOTS.);
#11649 = CARTESIAN_POINT('',(1.40695111446,1.164412538889,0.701));
#11650 = CARTESIAN_POINT('',(1.40695111446,1.164412538889,0.7));
#11651 = CARTESIAN_POINT('',(1.399345285302,1.158953809829,0.701));
#11652 = CARTESIAN_POINT('',(1.399345285302,1.158953809829,0.7));
#11653 = CARTESIAN_POINT('',(1.395524174959,1.151748287469,0.701));
#11654 = CARTESIAN_POINT('',(1.395524174959,1.151748287469,0.7));
#11655 = CARTESIAN_POINT('',(1.395524174959,1.142723188756,0.701));
#11656 = CARTESIAN_POINT('',(1.395524174959,1.142723188756,0.7));
#11657 = ADVANCED_FACE('',(#11658),#11685,.F.);
#11658 = FACE_BOUND('',#11659,.F.);
#11659 = EDGE_LOOP('',(#11660,#11661,#11670,#11678));
#11660 = ORIENTED_EDGE('',*,*,#11634,.F.);
#11661 = ORIENTED_EDGE('',*,*,#11662,.T.);
#11662 = EDGE_CURVE('',#11626,#11663,#11665,.T.);
#11663 = VERTEX_POINT('',#11664);
#11664 = CARTESIAN_POINT('',(1.400582597222,1.12663813379,0.701));
#11665 = B_SPLINE_CURVE_WITH_KNOTS('',3,(#11666,#11667,#11668,#11669),
  .UNSPECIFIED.,.F.,.F.,(4,4),(5.,6.),.PIECEWISE_BEZIER_KNOTS.);
#11666 = CARTESIAN_POINT('',(1.395524174959,1.142723188756,0.701));
#11667 = CARTESIAN_POINT('',(1.395524174959,1.136463846099,0.701));
#11668 = CARTESIAN_POINT('',(1.397198185205,1.131077900092,0.701));
#11669 = CARTESIAN_POINT('',(1.400582597222,1.12663813379,0.701));
#11670 = ORIENTED_EDGE('',*,*,#11671,.T.);
#11671 = EDGE_CURVE('',#11663,#11672,#11674,.T.);
#11672 = VERTEX_POINT('',#11673);
#11673 = CARTESIAN_POINT('',(1.400582597222,1.12663813379,0.7));
#11674 = LINE('',#11675,#11676);
#11675 = CARTESIAN_POINT('',(1.400582597222,1.12663813379,0.701));
#11676 = VECTOR('',#11677,1.);
#11677 = DIRECTION('',(0.,0.,-1.));
#11678 = ORIENTED_EDGE('',*,*,#11679,.F.);
#11679 = EDGE_CURVE('',#11635,#11672,#11680,.T.);
#11680 = B_SPLINE_CURVE_WITH_KNOTS('',3,(#11681,#11682,#11683,#11684),
  .UNSPECIFIED.,.F.,.F.,(4,4),(5.,6.),.PIECEWISE_BEZIER_KNOTS.);
#11681 = CARTESIAN_POINT('',(1.395524174959,1.142723188756,0.7));
#11682 = CARTESIAN_POINT('',(1.395524174959,1.136463846099,0.7));
#11683 = CARTESIAN_POINT('',(1.397198185205,1.131077900092,0.7));
#11684 = CARTESIAN_POINT('',(1.400582597222,1.12663813379,0.7));
#11685 = B_SPLINE_SURFACE_WITH_KNOTS('',3,1,(
    (#11686,#11687)
    ,(#11688,#11689)
    ,(#11690,#11691)
    ,(#11692,#11693
    )),.UNSPECIFIED.,.F.,.F.,.F.,(4,4),(2,2),(5.,6.),(0.,1.),
  .PIECEWISE_BEZIER_KNOTS.);
#11686 = CARTESIAN_POINT('',(1.395524174959,1.142723188756,0.701));
#11687 = CARTESIAN_POINT('',(1.395524174959,1.142723188756,0.7));
#11688 = CARTESIAN_POINT('',(1.395524174959,1.136463846099,0.701));
#11689 = CARTESIAN_POINT('',(1.395524174959,1.136463846099,0.7));
#11690 = CARTESIAN_POINT('',(1.397198185205,1.131077900092,0.701));
#11691 = CARTESIAN_POINT('',(1.397198185205,1.131077900092,0.7));
#11692 = CARTESIAN_POINT('',(1.400582597222,1.12663813379,0.701));
#11693 = CARTESIAN_POINT('',(1.400582597222,1.12663813379,0.7));
#11694 = ADVANCED_FACE('',(#11695),#11722,.F.);
#11695 = FACE_BOUND('',#11696,.F.);
#11696 = EDGE_LOOP('',(#11697,#11698,#11707,#11715));
#11697 = ORIENTED_EDGE('',*,*,#11671,.F.);
#11698 = ORIENTED_EDGE('',*,*,#11699,.T.);
#11699 = EDGE_CURVE('',#11663,#11700,#11702,.T.);
#11700 = VERTEX_POINT('',#11701);
#11701 = CARTESIAN_POINT('',(1.422526688046,1.113173268774,0.701));
#11702 = B_SPLINE_CURVE_WITH_KNOTS('',3,(#11703,#11704,#11705,#11706),
  .UNSPECIFIED.,.F.,.F.,(4,4),(4.,5.),.PIECEWISE_BEZIER_KNOTS.);
#11703 = CARTESIAN_POINT('',(1.400582597222,1.12663813379,0.701));
#11704 = CARTESIAN_POINT('',(1.403930617713,1.122198367488,0.701));
#11705 = CARTESIAN_POINT('',(1.411281706181,1.11768581813,0.701));
#11706 = CARTESIAN_POINT('',(1.422526688046,1.113173268774,0.701));
#11707 = ORIENTED_EDGE('',*,*,#11708,.T.);
#11708 = EDGE_CURVE('',#11700,#11709,#11711,.T.);
#11709 = VERTEX_POINT('',#11710);
#11710 = CARTESIAN_POINT('',(1.422526688046,1.113173268774,0.7));
#11711 = LINE('',#11712,#11713);
#11712 = CARTESIAN_POINT('',(1.422526688046,1.113173268774,0.701));
#11713 = VECTOR('',#11714,1.);
#11714 = DIRECTION('',(0.,0.,-1.));
#11715 = ORIENTED_EDGE('',*,*,#11716,.F.);
#11716 = EDGE_CURVE('',#11672,#11709,#11717,.T.);
#11717 = B_SPLINE_CURVE_WITH_KNOTS('',3,(#11718,#11719,#11720,#11721),
  .UNSPECIFIED.,.F.,.F.,(4,4),(4.,5.),.PIECEWISE_BEZIER_KNOTS.);
#11718 = CARTESIAN_POINT('',(1.400582597222,1.12663813379,0.7));
#11719 = CARTESIAN_POINT('',(1.403930617713,1.122198367488,0.7));
#11720 = CARTESIAN_POINT('',(1.411281706181,1.11768581813,0.7));
#11721 = CARTESIAN_POINT('',(1.422526688046,1.113173268774,0.7));
#11722 = B_SPLINE_SURFACE_WITH_KNOTS('',3,1,(
    (#11723,#11724)
    ,(#11725,#11726)
    ,(#11727,#11728)
    ,(#11729,#11730
    )),.UNSPECIFIED.,.F.,.F.,.F.,(4,4),(2,2),(4.,5.),(0.,1.),
  .PIECEWISE_BEZIER_KNOTS.);
#11723 = CARTESIAN_POINT('',(1.400582597222,1.12663813379,0.701));
#11724 = CARTESIAN_POINT('',(1.400582597222,1.12663813379,0.7));
#11725 = CARTESIAN_POINT('',(1.403930617713,1.122198367488,0.701));
#11726 = CARTESIAN_POINT('',(1.403930617713,1.122198367488,0.7));
#11727 = CARTESIAN_POINT('',(1.411281706181,1.11768581813,0.701));
#11728 = CARTESIAN_POINT('',(1.411281706181,1.11768581813,0.7));
#11729 = CARTESIAN_POINT('',(1.422526688046,1.113173268774,0.701));
#11730 = CARTESIAN_POINT('',(1.422526688046,1.113173268774,0.7));
#11731 = ADVANCED_FACE('',(#11732),#11759,.F.);
#11732 = FACE_BOUND('',#11733,.F.);
#11733 = EDGE_LOOP('',(#11734,#11735,#11744,#11752));
#11734 = ORIENTED_EDGE('',*,*,#11708,.F.);
#11735 = ORIENTED_EDGE('',*,*,#11736,.T.);
#11736 = EDGE_CURVE('',#11700,#11737,#11739,.T.);
#11737 = VERTEX_POINT('',#11738);
#11738 = CARTESIAN_POINT('',(1.441195541433,1.104075387005,0.701));
#11739 = B_SPLINE_CURVE_WITH_KNOTS('',3,(#11740,#11741,#11742,#11743),
  .UNSPECIFIED.,.F.,.F.,(4,4),(3.,4.),.PIECEWISE_BEZIER_KNOTS.);
#11740 = CARTESIAN_POINT('',(1.422526688046,1.113173268774,0.701));
#11741 = CARTESIAN_POINT('',(1.431915702031,1.109679682175,0.701));
#11742 = CARTESIAN_POINT('',(1.438138653159,1.1066227939,0.701));
#11743 = CARTESIAN_POINT('',(1.441195541433,1.104075387005,0.701));
#11744 = ORIENTED_EDGE('',*,*,#11745,.T.);
#11745 = EDGE_CURVE('',#11737,#11746,#11748,.T.);
#11746 = VERTEX_POINT('',#11747);
#11747 = CARTESIAN_POINT('',(1.441195541433,1.104075387005,0.7));
#11748 = LINE('',#11749,#11750);
#11749 = CARTESIAN_POINT('',(1.441195541433,1.104075387005,0.701));
#11750 = VECTOR('',#11751,1.);
#11751 = DIRECTION('',(0.,0.,-1.));
#11752 = ORIENTED_EDGE('',*,*,#11753,.F.);
#11753 = EDGE_CURVE('',#11709,#11746,#11754,.T.);
#11754 = B_SPLINE_CURVE_WITH_KNOTS('',3,(#11755,#11756,#11757,#11758),
  .UNSPECIFIED.,.F.,.F.,(4,4),(3.,4.),.PIECEWISE_BEZIER_KNOTS.);
#11755 = CARTESIAN_POINT('',(1.422526688046,1.113173268774,0.7));
#11756 = CARTESIAN_POINT('',(1.431915702031,1.109679682175,0.7));
#11757 = CARTESIAN_POINT('',(1.438138653159,1.1066227939,0.7));
#11758 = CARTESIAN_POINT('',(1.441195541433,1.104075387005,0.7));
#11759 = B_SPLINE_SURFACE_WITH_KNOTS('',3,1,(
    (#11760,#11761)
    ,(#11762,#11763)
    ,(#11764,#11765)
    ,(#11766,#11767
    )),.UNSPECIFIED.,.F.,.F.,.F.,(4,4),(2,2),(3.,4.),(0.,1.),
  .PIECEWISE_BEZIER_KNOTS.);
#11760 = CARTESIAN_POINT('',(1.422526688046,1.113173268774,0.701));
#11761 = CARTESIAN_POINT('',(1.422526688046,1.113173268774,0.7));
#11762 = CARTESIAN_POINT('',(1.431915702031,1.109679682175,0.701));
#11763 = CARTESIAN_POINT('',(1.431915702031,1.109679682175,0.7));
#11764 = CARTESIAN_POINT('',(1.438138653159,1.1066227939,0.701));
#11765 = CARTESIAN_POINT('',(1.438138653159,1.1066227939,0.7));
#11766 = CARTESIAN_POINT('',(1.441195541433,1.104075387005,0.701));
#11767 = CARTESIAN_POINT('',(1.441195541433,1.104075387005,0.7));
#11768 = ADVANCED_FACE('',(#11769),#11796,.F.);
#11769 = FACE_BOUND('',#11770,.F.);
#11770 = EDGE_LOOP('',(#11771,#11772,#11781,#11789));
#11771 = ORIENTED_EDGE('',*,*,#11745,.F.);
#11772 = ORIENTED_EDGE('',*,*,#11773,.T.);
#11773 = EDGE_CURVE('',#11737,#11774,#11776,.T.);
#11774 = VERTEX_POINT('',#11775);
#11775 = CARTESIAN_POINT('',(1.445780873844,1.094395240805,0.701));
#11776 = B_SPLINE_CURVE_WITH_KNOTS('',3,(#11777,#11778,#11779,#11780),
  .UNSPECIFIED.,.F.,.F.,(4,4),(2.,3.),.PIECEWISE_BEZIER_KNOTS.);
#11777 = CARTESIAN_POINT('',(1.441195541433,1.104075387005,0.701));
#11778 = CARTESIAN_POINT('',(1.444252429708,1.10152798011,0.701));
#11779 = CARTESIAN_POINT('',(1.445780873844,1.098325525729,0.701));
#11780 = CARTESIAN_POINT('',(1.445780873844,1.094395240805,0.701));
#11781 = ORIENTED_EDGE('',*,*,#11782,.T.);
#11782 = EDGE_CURVE('',#11774,#11783,#11785,.T.);
#11783 = VERTEX_POINT('',#11784);
#11784 = CARTESIAN_POINT('',(1.445780873844,1.094395240805,0.7));
#11785 = LINE('',#11786,#11787);
#11786 = CARTESIAN_POINT('',(1.445780873844,1.094395240805,0.701));
#11787 = VECTOR('',#11788,1.);
#11788 = DIRECTION('',(0.,0.,-1.));
#11789 = ORIENTED_EDGE('',*,*,#11790,.F.);
#11790 = EDGE_CURVE('',#11746,#11783,#11791,.T.);
#11791 = B_SPLINE_CURVE_WITH_KNOTS('',3,(#11792,#11793,#11794,#11795),
  .UNSPECIFIED.,.F.,.F.,(4,4),(2.,3.),.PIECEWISE_BEZIER_KNOTS.);
#11792 = CARTESIAN_POINT('',(1.441195541433,1.104075387005,0.7));
#11793 = CARTESIAN_POINT('',(1.444252429708,1.10152798011,0.7));
#11794 = CARTESIAN_POINT('',(1.445780873844,1.098325525729,0.7));
#11795 = CARTESIAN_POINT('',(1.445780873844,1.094395240805,0.7));
#11796 = B_SPLINE_SURFACE_WITH_KNOTS('',3,1,(
    (#11797,#11798)
    ,(#11799,#11800)
    ,(#11801,#11802)
    ,(#11803,#11804
    )),.UNSPECIFIED.,.F.,.F.,.F.,(4,4),(2,2),(2.,3.),(0.,1.),
  .PIECEWISE_BEZIER_KNOTS.);
#11797 = CARTESIAN_POINT('',(1.441195541433,1.104075387005,0.701));
#11798 = CARTESIAN_POINT('',(1.441195541433,1.104075387005,0.7));
#11799 = CARTESIAN_POINT('',(1.444252429708,1.10152798011,0.701));
#11800 = CARTESIAN_POINT('',(1.444252429708,1.10152798011,0.7));
#11801 = CARTESIAN_POINT('',(1.445780873844,1.098325525729,0.701));
#11802 = CARTESIAN_POINT('',(1.445780873844,1.098325525729,0.7));
#11803 = CARTESIAN_POINT('',(1.445780873844,1.094395240805,0.701));
#11804 = CARTESIAN_POINT('',(1.445780873844,1.094395240805,0.7));
#11805 = ADVANCED_FACE('',(#11806),#11824,.F.);
#11806 = FACE_BOUND('',#11807,.F.);
#11807 = EDGE_LOOP('',(#11808,#11809,#11816,#11817));
#11808 = ORIENTED_EDGE('',*,*,#11782,.F.);
#11809 = ORIENTED_EDGE('',*,*,#11810,.T.);
#11810 = EDGE_CURVE('',#11774,#11073,#11811,.T.);
#11811 = B_SPLINE_CURVE_WITH_KNOTS('',3,(#11812,#11813,#11814,#11815),
  .UNSPECIFIED.,.F.,.F.,(4,4),(1.,2.),.PIECEWISE_BEZIER_KNOTS.);
#11812 = CARTESIAN_POINT('',(1.445780873844,1.094395240805,0.701));
#11813 = CARTESIAN_POINT('',(1.445780873844,1.085224575983,0.701));
#11814 = CARTESIAN_POINT('',(1.43875730912,1.080639243572,0.701));
#11815 = CARTESIAN_POINT('',(1.424746571197,1.080639243572,0.701));
#11816 = ORIENTED_EDGE('',*,*,#11072,.T.);
#11817 = ORIENTED_EDGE('',*,*,#11818,.F.);
#11818 = EDGE_CURVE('',#11783,#11075,#11819,.T.);
#11819 = B_SPLINE_CURVE_WITH_KNOTS('',3,(#11820,#11821,#11822,#11823),
  .UNSPECIFIED.,.F.,.F.,(4,4),(1.,2.),.PIECEWISE_BEZIER_KNOTS.);
#11820 = CARTESIAN_POINT('',(1.445780873844,1.094395240805,0.7));
#11821 = CARTESIAN_POINT('',(1.445780873844,1.085224575983,0.7));
#11822 = CARTESIAN_POINT('',(1.43875730912,1.080639243572,0.7));
#11823 = CARTESIAN_POINT('',(1.424746571197,1.080639243572,0.7));
#11824 = B_SPLINE_SURFACE_WITH_KNOTS('',3,1,(
    (#11825,#11826)
    ,(#11827,#11828)
    ,(#11829,#11830)
    ,(#11831,#11832
    )),.UNSPECIFIED.,.F.,.F.,.F.,(4,4),(2,2),(1.,2.),(0.,1.),
  .PIECEWISE_BEZIER_KNOTS.);
#11825 = CARTESIAN_POINT('',(1.445780873844,1.094395240805,0.701));
#11826 = CARTESIAN_POINT('',(1.445780873844,1.094395240805,0.7));
#11827 = CARTESIAN_POINT('',(1.445780873844,1.085224575983,0.701));
#11828 = CARTESIAN_POINT('',(1.445780873844,1.085224575983,0.7));
#11829 = CARTESIAN_POINT('',(1.43875730912,1.080639243572,0.701));
#11830 = CARTESIAN_POINT('',(1.43875730912,1.080639243572,0.7));
#11831 = CARTESIAN_POINT('',(1.424746571197,1.080639243572,0.701));
#11832 = CARTESIAN_POINT('',(1.424746571197,1.080639243572,0.7));
#11833 = ADVANCED_FACE('',(#11834),#11857,.F.);
#11834 = FACE_BOUND('',#11835,.T.);
#11835 = EDGE_LOOP('',(#11836,#11837,#11838,#11839,#11840,#11841,#11842,
    #11843,#11844,#11845,#11846,#11847,#11848,#11849,#11850,#11851,
    #11852,#11853,#11854,#11855,#11856));
#11836 = ORIENTED_EDGE('',*,*,#11082,.T.);
#11837 = ORIENTED_EDGE('',*,*,#11134,.T.);
#11838 = ORIENTED_EDGE('',*,*,#11150,.T.);
#11839 = ORIENTED_EDGE('',*,*,#11187,.T.);
#11840 = ORIENTED_EDGE('',*,*,#11224,.T.);
#11841 = ORIENTED_EDGE('',*,*,#11261,.T.);
#11842 = ORIENTED_EDGE('',*,*,#11298,.T.);
#11843 = ORIENTED_EDGE('',*,*,#11335,.T.);
#11844 = ORIENTED_EDGE('',*,*,#11372,.T.);
#11845 = ORIENTED_EDGE('',*,*,#11409,.T.);
#11846 = ORIENTED_EDGE('',*,*,#11446,.T.);
#11847 = ORIENTED_EDGE('',*,*,#11483,.T.);
#11848 = ORIENTED_EDGE('',*,*,#11535,.T.);
#11849 = ORIENTED_EDGE('',*,*,#11551,.T.);
#11850 = ORIENTED_EDGE('',*,*,#11588,.T.);
#11851 = ORIENTED_EDGE('',*,*,#11625,.T.);
#11852 = ORIENTED_EDGE('',*,*,#11662,.T.);
#11853 = ORIENTED_EDGE('',*,*,#11699,.T.);
#11854 = ORIENTED_EDGE('',*,*,#11736,.T.);
#11855 = ORIENTED_EDGE('',*,*,#11773,.T.);
#11856 = ORIENTED_EDGE('',*,*,#11810,.T.);
#11857 = PLANE('',#11858);
#11858 = AXIS2_PLACEMENT_3D('',#11859,#11860,#11861);
#11859 = CARTESIAN_POINT('',(1.409562206527,1.083095671649,0.701));
#11860 = DIRECTION('',(0.,0.,-1.));
#11861 = DIRECTION('',(-1.,0.,0.));
#11862 = ADVANCED_FACE('',(#11863),#11886,.T.);
#11863 = FACE_BOUND('',#11864,.T.);
#11864 = EDGE_LOOP('',(#11865,#11866,#11867,#11868,#11869,#11870,#11871,
    #11872,#11873,#11874,#11875,#11876,#11877,#11878,#11879,#11880,
    #11881,#11882,#11883,#11884,#11885));
#11865 = ORIENTED_EDGE('',*,*,#11099,.F.);
#11866 = ORIENTED_EDGE('',*,*,#11818,.F.);
#11867 = ORIENTED_EDGE('',*,*,#11790,.F.);
#11868 = ORIENTED_EDGE('',*,*,#11753,.F.);
#11869 = ORIENTED_EDGE('',*,*,#11716,.F.);
#11870 = ORIENTED_EDGE('',*,*,#11679,.F.);
#11871 = ORIENTED_EDGE('',*,*,#11642,.F.);
#11872 = ORIENTED_EDGE('',*,*,#11605,.F.);
#11873 = ORIENTED_EDGE('',*,*,#11568,.F.);
#11874 = ORIENTED_EDGE('',*,*,#11519,.F.);
#11875 = ORIENTED_EDGE('',*,*,#11500,.F.);
#11876 = ORIENTED_EDGE('',*,*,#11463,.F.);
#11877 = ORIENTED_EDGE('',*,*,#11426,.F.);
#11878 = ORIENTED_EDGE('',*,*,#11389,.F.);
#11879 = ORIENTED_EDGE('',*,*,#11352,.F.);
#11880 = ORIENTED_EDGE('',*,*,#11315,.F.);
#11881 = ORIENTED_EDGE('',*,*,#11278,.F.);
#11882 = ORIENTED_EDGE('',*,*,#11241,.F.);
#11883 = ORIENTED_EDGE('',*,*,#11204,.F.);
#11884 = ORIENTED_EDGE('',*,*,#11167,.F.);
#11885 = ORIENTED_EDGE('',*,*,#11118,.F.);
#11886 = PLANE('',#11887);
#11887 = AXIS2_PLACEMENT_3D('',#11888,#11889,#11890);
#11888 = CARTESIAN_POINT('',(1.409562206527,1.083095671649,0.7));
#11889 = DIRECTION('',(0.,0.,-1.));
#11890 = DIRECTION('',(-1.,0.,0.));
#11891 = ( GEOMETRIC_REPRESENTATION_CONTEXT(3) 
GLOBAL_UNCERTAINTY_ASSIGNED_CONTEXT((#11895)) 
GLOBAL_UNIT_ASSIGNED_CONTEXT((#11892,#11893,#11894)) 
REPRESENTATION_CONTEXT('Context #1',
  '3D Context with UNIT and UNCERTAINTY') );
#11892 = ( LENGTH_UNIT() NAMED_UNIT(*) SI_UNIT(.MILLI.,.METRE.) );
#11893 = ( NAMED_UNIT(*) PLANE_ANGLE_UNIT() SI_UNIT($,.RADIAN.) );
#11894 = ( NAMED_UNIT(*) SI_UNIT($,.STERADIAN.) SOLID_ANGLE_UNIT() );
#11895 = UNCERTAINTY_MEASURE_WITH_UNIT(LENGTH_MEASURE(1.E-07),#11892,
  'distance_accuracy_value','confusion accuracy');
#11896 = CONTEXT_DEPENDENT_SHAPE_REPRESENTATION(#11897,#11899);
#11897 = ( REPRESENTATION_RELATIONSHIP('','',#11065,#32) 
REPRESENTATION_RELATIONSHIP_WITH_TRANSFORMATION(#11898) 
SHAPE_REPRESENTATION_RELATIONSHIP() );
#11898 = ITEM_DEFINED_TRANSFORMATION('','',#11,#65);
#11899 = PRODUCT_DEFINITION_SHAPE('Placement','Placement of an item',
  #11900);
#11900 = NEXT_ASSEMBLY_USAGE_OCCURRENCE('123',
'SOP-8_L4.9-W3.9-P1.27-LS6.0-BL~SOP-8_L4.9-W3.9-P1.27-LS6.0-BL-1~L6m008'
  ,'',#27,#11060,$);
#11901 = PRODUCT_RELATED_PRODUCT_CATEGORY('part',$,(#11062));
#11902 = SHAPE_DEFINITION_REPRESENTATION(#11903,#11909);
#11903 = PRODUCT_DEFINITION_SHAPE('','',#11904);
#11904 = PRODUCT_DEFINITION('design','',#11905,#11908);
#11905 = PRODUCT_DEFINITION_FORMATION('','',#11906);
#11906 = PRODUCT(
'SOP-8_L4.9-W3.9-P1.27-LS6.0-BL~SOP-8_L4.9-W3.9-P1.27-LS6.0-BL-1~L6m009'
  ,
'SOP-8_L4.9-W3.9-P1.27-LS6.0-BL~SOP-8_L4.9-W3.9-P1.27-LS6.0-BL-1~L6m009'
  ,'',(#11907));
#11907 = PRODUCT_CONTEXT('',#2,'mechanical');
#11908 = PRODUCT_DEFINITION_CONTEXT('part definition',#2,'design');
#11909 = ADVANCED_BREP_SHAPE_REPRESENTATION('',(#11,#11910),#12453);
#11910 = MANIFOLD_SOLID_BREP('',#11911);
#11911 = CLOSED_SHELL('',(#11912,#11952,#11983,#12020,#12051,#12082,
    #12113,#12144,#12175,#12206,#12243,#12280,#12311,#12348,#12385,
    #12407,#12430));
#11912 = ADVANCED_FACE('',(#11913),#11947,.F.);
#11913 = FACE_BOUND('',#11914,.T.);
#11914 = EDGE_LOOP('',(#11915,#11925,#11933,#11941));
#11915 = ORIENTED_EDGE('',*,*,#11916,.T.);
#11916 = EDGE_CURVE('',#11917,#11919,#11921,.T.);
#11917 = VERTEX_POINT('',#11918);
#11918 = CARTESIAN_POINT('',(1.570967726969,1.170162400167,
    0.699999999999));
#11919 = VERTEX_POINT('',#11920);
#11920 = CARTESIAN_POINT('',(1.552480831217,1.170162400167,
    0.699999999999));
#11921 = LINE('',#11922,#11923);
#11922 = CARTESIAN_POINT('',(1.552480831217,1.170162400167,
    0.699999999999));
#11923 = VECTOR('',#11924,1.);
#11924 = DIRECTION('',(-1.,0.,0.));
#11925 = ORIENTED_EDGE('',*,*,#11926,.F.);
#11926 = EDGE_CURVE('',#11927,#11919,#11929,.T.);
#11927 = VERTEX_POINT('',#11928);
#11928 = CARTESIAN_POINT('',(1.552480831217,1.170162400167,0.701));
#11929 = LINE('',#11930,#11931);
#11930 = CARTESIAN_POINT('',(1.552480831217,1.170162400167,0.701));
#11931 = VECTOR('',#11932,1.);
#11932 = DIRECTION('',(0.,0.,-1.));
#11933 = ORIENTED_EDGE('',*,*,#11934,.F.);
#11934 = EDGE_CURVE('',#11935,#11927,#11937,.T.);
#11935 = VERTEX_POINT('',#11936);
#11936 = CARTESIAN_POINT('',(1.570967726969,1.170162400167,0.701));
#11937 = LINE('',#11938,#11939);
#11938 = CARTESIAN_POINT('',(1.552480831217,1.170162400167,0.701));
#11939 = VECTOR('',#11940,1.);
#11940 = DIRECTION('',(-1.,0.,0.));
#11941 = ORIENTED_EDGE('',*,*,#11942,.T.);
#11942 = EDGE_CURVE('',#11935,#11917,#11943,.T.);
#11943 = LINE('',#11944,#11945);
#11944 = CARTESIAN_POINT('',(1.570967726969,1.170162400167,0.701));
#11945 = VECTOR('',#11946,1.);
#11946 = DIRECTION('',(0.,0.,-1.));
#11947 = PLANE('',#11948);
#11948 = AXIS2_PLACEMENT_3D('',#11949,#11950,#11951);
#11949 = CARTESIAN_POINT('',(1.552480831217,1.170162400167,0.701));
#11950 = DIRECTION('',(0.,-1.,0.));
#11951 = DIRECTION('',(0.,0.,-1.));
#11952 = ADVANCED_FACE('',(#11953),#11978,.F.);
#11953 = FACE_BOUND('',#11954,.T.);
#11954 = EDGE_LOOP('',(#11955,#11963,#11971,#11977));
#11955 = ORIENTED_EDGE('',*,*,#11956,.T.);
#11956 = EDGE_CURVE('',#11919,#11957,#11959,.T.);
#11957 = VERTEX_POINT('',#11958);
#11958 = CARTESIAN_POINT('',(1.524714096062,1.093594627209,0.7));
#11959 = LINE('',#11960,#11961);
#11960 = CARTESIAN_POINT('',(1.524714096062,1.093594627209,
    0.699999999999));
#11961 = VECTOR('',#11962,1.);
#11962 = DIRECTION('',(-0.340917796218,-0.9400931104,0.));
#11963 = ORIENTED_EDGE('',*,*,#11964,.F.);
#11964 = EDGE_CURVE('',#11965,#11957,#11967,.T.);
#11965 = VERTEX_POINT('',#11966);
#11966 = CARTESIAN_POINT('',(1.524714096062,1.093594627209,0.701));
#11967 = LINE('',#11968,#11969);
#11968 = CARTESIAN_POINT('',(1.524714096062,1.093594627209,0.701));
#11969 = VECTOR('',#11970,1.);
#11970 = DIRECTION('',(0.,0.,-1.));
#11971 = ORIENTED_EDGE('',*,*,#11972,.F.);
#11972 = EDGE_CURVE('',#11927,#11965,#11973,.T.);
#11973 = LINE('',#11974,#11975);
#11974 = CARTESIAN_POINT('',(1.524714096062,1.093594627209,0.701));
#11975 = VECTOR('',#11976,1.);
#11976 = DIRECTION('',(-0.340917796218,-0.9400931104,0.));
#11977 = ORIENTED_EDGE('',*,*,#11926,.T.);
#11978 = PLANE('',#11979);
#11979 = AXIS2_PLACEMENT_3D('',#11980,#11981,#11982);
#11980 = CARTESIAN_POINT('',(1.524714096062,1.093594627209,0.701));
#11981 = DIRECTION('',(0.9400931104,-0.340917796218,0.));
#11982 = DIRECTION('',(0.340917796218,0.9400931104,0.));
#11983 = ADVANCED_FACE('',(#11984),#12011,.F.);
#11984 = FACE_BOUND('',#11985,.F.);
#11985 = EDGE_LOOP('',(#11986,#11987,#11996,#12004));
#11986 = ORIENTED_EDGE('',*,*,#11964,.F.);
#11987 = ORIENTED_EDGE('',*,*,#11988,.T.);
#11988 = EDGE_CURVE('',#11965,#11989,#11991,.T.);
#11989 = VERTEX_POINT('',#11990);
#11990 = CARTESIAN_POINT('',(1.522530604437,1.085370142091,0.701));
#11991 = B_SPLINE_CURVE_WITH_KNOTS('',3,(#11992,#11993,#11994,#11995),
  .UNSPECIFIED.,.F.,.F.,(4,4),(12.,13.),.PIECEWISE_BEZIER_KNOTS.);
#11992 = CARTESIAN_POINT('',(1.524714096062,1.093594627209,0.701));
#11993 = CARTESIAN_POINT('',(1.52362235025,1.090028257556,0.701));
#11994 = CARTESIAN_POINT('',(1.522894519707,1.087262501499,0.701));
#11995 = CARTESIAN_POINT('',(1.522530604437,1.085370142091,0.701));
#11996 = ORIENTED_EDGE('',*,*,#11997,.T.);
#11997 = EDGE_CURVE('',#11989,#11998,#12000,.T.);
#11998 = VERTEX_POINT('',#11999);
#11999 = CARTESIAN_POINT('',(1.522530604437,1.085370142091,
    0.699999999999));
#12000 = LINE('',#12001,#12002);
#12001 = CARTESIAN_POINT('',(1.522530604437,1.085370142091,0.701));
#12002 = VECTOR('',#12003,1.);
#12003 = DIRECTION('',(0.,0.,-1.));
#12004 = ORIENTED_EDGE('',*,*,#12005,.F.);
#12005 = EDGE_CURVE('',#11957,#11998,#12006,.T.);
#12006 = B_SPLINE_CURVE_WITH_KNOTS('',3,(#12007,#12008,#12009,#12010),
  .UNSPECIFIED.,.F.,.F.,(4,4),(12.,13.),.PIECEWISE_BEZIER_KNOTS.);
#12007 = CARTESIAN_POINT('',(1.524714096062,1.093594627209,0.7));
#12008 = CARTESIAN_POINT('',(1.52362235025,1.090028257556,0.7));
#12009 = CARTESIAN_POINT('',(1.522894519707,1.087262501499,0.7));
#12010 = CARTESIAN_POINT('',(1.522530604437,1.085370142091,
    0.699999999999));
#12011 = B_SPLINE_SURFACE_WITH_KNOTS('',3,1,(
    (#12012,#12013)
    ,(#12014,#12015)
    ,(#12016,#12017)
    ,(#12018,#12019
    )),.UNSPECIFIED.,.F.,.F.,.F.,(4,4),(2,2),(12.,13.),(0.,1.),
  .PIECEWISE_BEZIER_KNOTS.);
#12012 = CARTESIAN_POINT('',(1.524714096062,1.093594627209,0.701));
#12013 = CARTESIAN_POINT('',(1.524714096062,1.093594627209,
    0.699999999999));
#12014 = CARTESIAN_POINT('',(1.52362235025,1.090028257556,0.701));
#12015 = CARTESIAN_POINT('',(1.52362235025,1.090028257556,0.699999999999
    ));
#12016 = CARTESIAN_POINT('',(1.522894519707,1.087262501499,0.701));
#12017 = CARTESIAN_POINT('',(1.522894519707,1.087262501499,
    0.699999999999));
#12018 = CARTESIAN_POINT('',(1.522530604437,1.085370142091,0.701));
#12019 = CARTESIAN_POINT('',(1.522530604437,1.085370142091,
    0.699999999999));
#12020 = ADVANCED_FACE('',(#12021),#12046,.F.);
#12021 = FACE_BOUND('',#12022,.T.);
#12022 = EDGE_LOOP('',(#12023,#12031,#12039,#12045));
#12023 = ORIENTED_EDGE('',*,*,#12024,.T.);
#12024 = EDGE_CURVE('',#11998,#12025,#12027,.T.);
#12025 = VERTEX_POINT('',#12026);
#12026 = CARTESIAN_POINT('',(1.522057514586,1.085370142091,
    0.699999999999));
#12027 = LINE('',#12028,#12029);
#12028 = CARTESIAN_POINT('',(1.522057514586,1.085370142091,
    0.699999999999));
#12029 = VECTOR('',#12030,1.);
#12030 = DIRECTION('',(-1.,0.,0.));
#12031 = ORIENTED_EDGE('',*,*,#12032,.F.);
#12032 = EDGE_CURVE('',#12033,#12025,#12035,.T.);
#12033 = VERTEX_POINT('',#12034);
#12034 = CARTESIAN_POINT('',(1.522057514586,1.085370142091,0.701));
#12035 = LINE('',#12036,#12037);
#12036 = CARTESIAN_POINT('',(1.522057514586,1.085370142091,0.701));
#12037 = VECTOR('',#12038,1.);
#12038 = DIRECTION('',(0.,0.,-1.));
#12039 = ORIENTED_EDGE('',*,*,#12040,.F.);
#12040 = EDGE_CURVE('',#11989,#12033,#12041,.T.);
#12041 = LINE('',#12042,#12043);
#12042 = CARTESIAN_POINT('',(1.522057514586,1.085370142091,0.701));
#12043 = VECTOR('',#12044,1.);
#12044 = DIRECTION('',(-1.,0.,0.));
#12045 = ORIENTED_EDGE('',*,*,#11997,.T.);
#12046 = PLANE('',#12047);
#12047 = AXIS2_PLACEMENT_3D('',#12048,#12049,#12050);
#12048 = CARTESIAN_POINT('',(1.522057514586,1.085370142091,0.701));
#12049 = DIRECTION('',(0.,-1.,0.));
#12050 = DIRECTION('',(0.,0.,-1.));
#12051 = ADVANCED_FACE('',(#12052),#12077,.F.);
#12052 = FACE_BOUND('',#12053,.T.);
#12053 = EDGE_LOOP('',(#12054,#12062,#12070,#12076));
#12054 = ORIENTED_EDGE('',*,*,#12055,.T.);
#12055 = EDGE_CURVE('',#12025,#12056,#12058,.T.);
#12056 = VERTEX_POINT('',#12057);
#12057 = CARTESIAN_POINT('',(1.519874022961,1.093740193317,
    0.699999999999));
#12058 = LINE('',#12059,#12060);
#12059 = CARTESIAN_POINT('',(1.519874022961,1.093740193317,
    0.699999999999));
#12060 = VECTOR('',#12061,1.);
#12061 = DIRECTION('',(-0.252421897187,0.967617272386,0.));
#12062 = ORIENTED_EDGE('',*,*,#12063,.F.);
#12063 = EDGE_CURVE('',#12064,#12056,#12066,.T.);
#12064 = VERTEX_POINT('',#12065);
#12065 = CARTESIAN_POINT('',(1.519874022961,1.093740193317,0.701));
#12066 = LINE('',#12067,#12068);
#12067 = CARTESIAN_POINT('',(1.519874022961,1.093740193317,0.701));
#12068 = VECTOR('',#12069,1.);
#12069 = DIRECTION('',(0.,0.,-1.));
#12070 = ORIENTED_EDGE('',*,*,#12071,.F.);
#12071 = EDGE_CURVE('',#12033,#12064,#12072,.T.);
#12072 = LINE('',#12073,#12074);
#12073 = CARTESIAN_POINT('',(1.519874022961,1.093740193317,0.701));
#12074 = VECTOR('',#12075,1.);
#12075 = DIRECTION('',(-0.252421897187,0.967617272386,0.));
#12076 = ORIENTED_EDGE('',*,*,#12032,.T.);
#12077 = PLANE('',#12078);
#12078 = AXIS2_PLACEMENT_3D('',#12079,#12080,#12081);
#12079 = CARTESIAN_POINT('',(1.519874022961,1.093740193317,0.701));
#12080 = DIRECTION('',(-0.967617272386,-0.252421897187,0.));
#12081 = DIRECTION('',(0.252421897187,-0.967617272386,0.));
#12082 = ADVANCED_FACE('',(#12083),#12108,.F.);
#12083 = FACE_BOUND('',#12084,.T.);
#12084 = EDGE_LOOP('',(#12085,#12093,#12101,#12107));
#12085 = ORIENTED_EDGE('',*,*,#12086,.T.);
#12086 = EDGE_CURVE('',#12056,#12087,#12089,.T.);
#12087 = VERTEX_POINT('',#12088);
#12088 = CARTESIAN_POINT('',(1.493308208199,1.170162400167,
    0.699999999999));
#12089 = LINE('',#12090,#12091);
#12090 = CARTESIAN_POINT('',(1.493308208199,1.170162400167,
    0.699999999999));
#12091 = VECTOR('',#12092,1.);
#12092 = DIRECTION('',(-0.328346164812,0.94455746043,0.));
#12093 = ORIENTED_EDGE('',*,*,#12094,.F.);
#12094 = EDGE_CURVE('',#12095,#12087,#12097,.T.);
#12095 = VERTEX_POINT('',#12096);
#12096 = CARTESIAN_POINT('',(1.493308208199,1.170162400167,0.701));
#12097 = LINE('',#12098,#12099);
#12098 = CARTESIAN_POINT('',(1.493308208199,1.170162400167,0.701));
#12099 = VECTOR('',#12100,1.);
#12100 = DIRECTION('',(0.,0.,-1.));
#12101 = ORIENTED_EDGE('',*,*,#12102,.F.);
#12102 = EDGE_CURVE('',#12064,#12095,#12103,.T.);
#12103 = LINE('',#12104,#12105);
#12104 = CARTESIAN_POINT('',(1.493308208199,1.170162400167,0.701));
#12105 = VECTOR('',#12106,1.);
#12106 = DIRECTION('',(-0.328346164812,0.94455746043,0.));
#12107 = ORIENTED_EDGE('',*,*,#12063,.T.);
#12108 = PLANE('',#12109);
#12109 = AXIS2_PLACEMENT_3D('',#12110,#12111,#12112);
#12110 = CARTESIAN_POINT('',(1.493308208199,1.170162400167,0.701));
#12111 = DIRECTION('',(-0.94455746043,-0.328346164812,0.));
#12112 = DIRECTION('',(0.328346164812,-0.94455746043,0.));
#12113 = ADVANCED_FACE('',(#12114),#12139,.F.);
#12114 = FACE_BOUND('',#12115,.T.);
#12115 = EDGE_LOOP('',(#12116,#12124,#12132,#12138));
#12116 = ORIENTED_EDGE('',*,*,#12117,.T.);
#12117 = EDGE_CURVE('',#12087,#12118,#12120,.T.);
#12118 = VERTEX_POINT('',#12119);
#12119 = CARTESIAN_POINT('',(1.473365651364,1.170162400167,
    0.699999999999));
#12120 = LINE('',#12121,#12122);
#12121 = CARTESIAN_POINT('',(1.473365651364,1.170162400167,
    0.699999999999));
#12122 = VECTOR('',#12123,1.);
#12123 = DIRECTION('',(-1.,0.,0.));
#12124 = ORIENTED_EDGE('',*,*,#12125,.F.);
#12125 = EDGE_CURVE('',#12126,#12118,#12128,.T.);
#12126 = VERTEX_POINT('',#12127);
#12127 = CARTESIAN_POINT('',(1.473365651364,1.170162400167,0.701));
#12128 = LINE('',#12129,#12130);
#12129 = CARTESIAN_POINT('',(1.473365651364,1.170162400167,0.701));
#12130 = VECTOR('',#12131,1.);
#12131 = DIRECTION('',(0.,0.,-1.));
#12132 = ORIENTED_EDGE('',*,*,#12133,.F.);
#12133 = EDGE_CURVE('',#12095,#12126,#12134,.T.);
#12134 = LINE('',#12135,#12136);
#12135 = CARTESIAN_POINT('',(1.473365651364,1.170162400167,0.701));
#12136 = VECTOR('',#12137,1.);
#12137 = DIRECTION('',(-1.,0.,0.));
#12138 = ORIENTED_EDGE('',*,*,#12094,.T.);
#12139 = PLANE('',#12140);
#12140 = AXIS2_PLACEMENT_3D('',#12141,#12142,#12143);
#12141 = CARTESIAN_POINT('',(1.473365651364,1.170162400167,0.701));
#12142 = DIRECTION('',(0.,-1.,0.));
#12143 = DIRECTION('',(0.,0.,-1.));
#12144 = ADVANCED_FACE('',(#12145),#12170,.F.);
#12145 = FACE_BOUND('',#12146,.T.);
#12146 = EDGE_LOOP('',(#12147,#12155,#12163,#12169));
#12147 = ORIENTED_EDGE('',*,*,#12148,.T.);
#12148 = EDGE_CURVE('',#12118,#12149,#12151,.T.);
#12149 = VERTEX_POINT('',#12150);
#12150 = CARTESIAN_POINT('',(1.513250765034,1.068702822693,
    0.699999999999));
#12151 = LINE('',#12152,#12153);
#12152 = CARTESIAN_POINT('',(1.513250765034,1.068702822693,
    0.699999999999));
#12153 = VECTOR('',#12154,1.);
#12154 = DIRECTION('',(0.365858921669,-0.930670322636,0.));
#12155 = ORIENTED_EDGE('',*,*,#12156,.F.);
#12156 = EDGE_CURVE('',#12157,#12149,#12159,.T.);
#12157 = VERTEX_POINT('',#12158);
#12158 = CARTESIAN_POINT('',(1.513250765034,1.068702822693,0.701));
#12159 = LINE('',#12160,#12161);
#12160 = CARTESIAN_POINT('',(1.513250765034,1.068702822693,0.701));
#12161 = VECTOR('',#12162,1.);
#12162 = DIRECTION('',(0.,0.,-1.));
#12163 = ORIENTED_EDGE('',*,*,#12164,.F.);
#12164 = EDGE_CURVE('',#12126,#12157,#12165,.T.);
#12165 = LINE('',#12166,#12167);
#12166 = CARTESIAN_POINT('',(1.513250765034,1.068702822693,0.701));
#12167 = VECTOR('',#12168,1.);
#12168 = DIRECTION('',(0.365858921669,-0.930670322636,0.));
#12169 = ORIENTED_EDGE('',*,*,#12125,.T.);
#12170 = PLANE('',#12171);
#12171 = AXIS2_PLACEMENT_3D('',#12172,#12173,#12174);
#12172 = CARTESIAN_POINT('',(1.513250765034,1.068702822693,0.701));
#12173 = DIRECTION('',(0.930670322636,0.365858921669,0.));
#12174 = DIRECTION('',(-0.365858921669,0.930670322636,0.));
#12175 = ADVANCED_FACE('',(#12176),#12201,.F.);
#12176 = FACE_BOUND('',#12177,.T.);
#12177 = EDGE_LOOP('',(#12178,#12186,#12194,#12200));
#12178 = ORIENTED_EDGE('',*,*,#12179,.T.);
#12179 = EDGE_CURVE('',#12149,#12180,#12182,.T.);
#12180 = VERTEX_POINT('',#12181);
#12181 = CARTESIAN_POINT('',(1.505426586714,1.05021592694,0.7));
#12182 = LINE('',#12183,#12184);
#12183 = CARTESIAN_POINT('',(1.505426586714,1.05021592694,0.699999999999
    ));
#12184 = VECTOR('',#12185,1.);
#12185 = DIRECTION('',(-0.389758265065,-0.920917203017,0.));
#12186 = ORIENTED_EDGE('',*,*,#12187,.F.);
#12187 = EDGE_CURVE('',#12188,#12180,#12190,.T.);
#12188 = VERTEX_POINT('',#12189);
#12189 = CARTESIAN_POINT('',(1.505426586714,1.05021592694,0.701));
#12190 = LINE('',#12191,#12192);
#12191 = CARTESIAN_POINT('',(1.505426586714,1.05021592694,0.701));
#12192 = VECTOR('',#12193,1.);
#12193 = DIRECTION('',(0.,0.,-1.));
#12194 = ORIENTED_EDGE('',*,*,#12195,.F.);
#12195 = EDGE_CURVE('',#12157,#12188,#12196,.T.);
#12196 = LINE('',#12197,#12198);
#12197 = CARTESIAN_POINT('',(1.505426586714,1.05021592694,0.701));
#12198 = VECTOR('',#12199,1.);
#12199 = DIRECTION('',(-0.389758265065,-0.920917203017,0.));
#12200 = ORIENTED_EDGE('',*,*,#12156,.T.);
#12201 = PLANE('',#12202);
#12202 = AXIS2_PLACEMENT_3D('',#12203,#12204,#12205);
#12203 = CARTESIAN_POINT('',(1.505426586714,1.05021592694,0.701));
#12204 = DIRECTION('',(0.920917203017,-0.389758265065,0.));
#12205 = DIRECTION('',(0.389758265065,0.920917203017,0.));
#12206 = ADVANCED_FACE('',(#12207),#12234,.F.);
#12207 = FACE_BOUND('',#12208,.F.);
#12208 = EDGE_LOOP('',(#12209,#12210,#12219,#12227));
#12209 = ORIENTED_EDGE('',*,*,#12187,.F.);
#12210 = ORIENTED_EDGE('',*,*,#12211,.T.);
#12211 = EDGE_CURVE('',#12188,#12212,#12214,.T.);
#12212 = VERTEX_POINT('',#12213);
#12213 = CARTESIAN_POINT('',(1.487158040124,1.035877665274,0.701));
#12214 = B_SPLINE_CURVE_WITH_KNOTS('',3,(#12215,#12216,#12217,#12218),
  .UNSPECIFIED.,.F.,.F.,(4,4),(5.,6.),.PIECEWISE_BEZIER_KNOTS.);
#12215 = CARTESIAN_POINT('',(1.505426586714,1.05021592694,0.701));
#12216 = CARTESIAN_POINT('',(1.501387127209,1.040608563794,0.701));
#12217 = CARTESIAN_POINT('',(1.495309742188,1.035877665274,0.701));
#12218 = CARTESIAN_POINT('',(1.487158040124,1.035877665274,0.701));
#12219 = ORIENTED_EDGE('',*,*,#12220,.T.);
#12220 = EDGE_CURVE('',#12212,#12221,#12223,.T.);
#12221 = VERTEX_POINT('',#12222);
#12222 = CARTESIAN_POINT('',(1.487158040124,1.035877665274,0.7));
#12223 = LINE('',#12224,#12225);
#12224 = CARTESIAN_POINT('',(1.487158040124,1.035877665274,0.701));
#12225 = VECTOR('',#12226,1.);
#12226 = DIRECTION('',(0.,0.,-1.));
#12227 = ORIENTED_EDGE('',*,*,#12228,.F.);
#12228 = EDGE_CURVE('',#12180,#12221,#12229,.T.);
#12229 = B_SPLINE_CURVE_WITH_KNOTS('',3,(#12230,#12231,#12232,#12233),
  .UNSPECIFIED.,.F.,.F.,(4,4),(5.,6.),.PIECEWISE_BEZIER_KNOTS.);
#12230 = CARTESIAN_POINT('',(1.505426586714,1.05021592694,0.7));
#12231 = CARTESIAN_POINT('',(1.501387127209,1.040608563794,0.7));
#12232 = CARTESIAN_POINT('',(1.495309742188,1.035877665274,0.7));
#12233 = CARTESIAN_POINT('',(1.487158040124,1.035877665274,0.7));
#12234 = B_SPLINE_SURFACE_WITH_KNOTS('',3,1,(
    (#12235,#12236)
    ,(#12237,#12238)
    ,(#12239,#12240)
    ,(#12241,#12242
    )),.UNSPECIFIED.,.F.,.F.,.F.,(4,4),(2,2),(5.,6.),(0.,1.),
  .PIECEWISE_BEZIER_KNOTS.);
#12235 = CARTESIAN_POINT('',(1.505426586714,1.05021592694,0.701));
#12236 = CARTESIAN_POINT('',(1.505426586714,1.05021592694,0.7));
#12237 = CARTESIAN_POINT('',(1.501387127209,1.040608563794,0.701));
#12238 = CARTESIAN_POINT('',(1.501387127209,1.040608563794,0.7));
#12239 = CARTESIAN_POINT('',(1.495309742188,1.035877665274,0.701));
#12240 = CARTESIAN_POINT('',(1.495309742188,1.035877665274,0.7));
#12241 = CARTESIAN_POINT('',(1.487158040124,1.035877665274,0.701));
#12242 = CARTESIAN_POINT('',(1.487158040124,1.035877665274,0.7));
#12243 = ADVANCED_FACE('',(#12244),#12271,.F.);
#12244 = FACE_BOUND('',#12245,.F.);
#12245 = EDGE_LOOP('',(#12246,#12247,#12256,#12264));
#12246 = ORIENTED_EDGE('',*,*,#12220,.F.);
#12247 = ORIENTED_EDGE('',*,*,#12248,.T.);
#12248 = EDGE_CURVE('',#12212,#12249,#12251,.T.);
#12249 = VERTEX_POINT('',#12250);
#12250 = CARTESIAN_POINT('',(1.477041195599,1.037915590791,0.701));
#12251 = B_SPLINE_CURVE_WITH_KNOTS('',3,(#12252,#12253,#12254,#12255),
  .UNSPECIFIED.,.F.,.F.,(4,4),(4.,5.),.PIECEWISE_BEZIER_KNOTS.);
#12252 = CARTESIAN_POINT('',(1.487158040124,1.035877665274,0.701));
#12253 = CARTESIAN_POINT('',(1.483882802688,1.035877665274,0.701));
#12254 = CARTESIAN_POINT('',(1.480534782197,1.036532712762,0.701));
#12255 = CARTESIAN_POINT('',(1.477041195599,1.037915590791,0.701));
#12256 = ORIENTED_EDGE('',*,*,#12257,.T.);
#12257 = EDGE_CURVE('',#12249,#12258,#12260,.T.);
#12258 = VERTEX_POINT('',#12259);
#12259 = CARTESIAN_POINT('',(1.477041195599,1.037915590791,
    0.699999999999));
#12260 = LINE('',#12261,#12262);
#12261 = CARTESIAN_POINT('',(1.477041195599,1.037915590791,0.701));
#12262 = VECTOR('',#12263,1.);
#12263 = DIRECTION('',(0.,0.,-1.));
#12264 = ORIENTED_EDGE('',*,*,#12265,.F.);
#12265 = EDGE_CURVE('',#12221,#12258,#12266,.T.);
#12266 = B_SPLINE_CURVE_WITH_KNOTS('',3,(#12267,#12268,#12269,#12270),
  .UNSPECIFIED.,.F.,.F.,(4,4),(4.,5.),.PIECEWISE_BEZIER_KNOTS.);
#12267 = CARTESIAN_POINT('',(1.487158040124,1.035877665274,0.7));
#12268 = CARTESIAN_POINT('',(1.483882802688,1.035877665274,0.7));
#12269 = CARTESIAN_POINT('',(1.480534782197,1.036532712762,0.7));
#12270 = CARTESIAN_POINT('',(1.477041195599,1.037915590791,
    0.699999999999));
#12271 = B_SPLINE_SURFACE_WITH_KNOTS('',3,1,(
    (#12272,#12273)
    ,(#12274,#12275)
    ,(#12276,#12277)
    ,(#12278,#12279
    )),.UNSPECIFIED.,.F.,.F.,.F.,(4,4),(2,2),(4.,5.),(0.,1.),
  .PIECEWISE_BEZIER_KNOTS.);
#12272 = CARTESIAN_POINT('',(1.487158040124,1.035877665274,0.701));
#12273 = CARTESIAN_POINT('',(1.487158040124,1.035877665274,
    0.699999999999));
#12274 = CARTESIAN_POINT('',(1.483882802688,1.035877665274,0.701));
#12275 = CARTESIAN_POINT('',(1.483882802688,1.035877665274,
    0.699999999999));
#12276 = CARTESIAN_POINT('',(1.480534782197,1.036532712762,0.701));
#12277 = CARTESIAN_POINT('',(1.480534782197,1.036532712762,
    0.699999999999));
#12278 = CARTESIAN_POINT('',(1.477041195599,1.037915590791,0.701));
#12279 = CARTESIAN_POINT('',(1.477041195599,1.037915590791,
    0.699999999999));
#12280 = ADVANCED_FACE('',(#12281),#12306,.F.);
#12281 = FACE_BOUND('',#12282,.T.);
#12282 = EDGE_LOOP('',(#12283,#12291,#12299,#12305));
#12283 = ORIENTED_EDGE('',*,*,#12284,.T.);
#12284 = EDGE_CURVE('',#12258,#12285,#12287,.T.);
#12285 = VERTEX_POINT('',#12286);
#12286 = CARTESIAN_POINT('',(1.477041195599,1.022048884988,0.7));
#12287 = LINE('',#12288,#12289);
#12288 = CARTESIAN_POINT('',(1.477041195599,1.022048884988,
    0.699999999999));
#12289 = VECTOR('',#12290,1.);
#12290 = DIRECTION('',(0.,-1.,0.));
#12291 = ORIENTED_EDGE('',*,*,#12292,.F.);
#12292 = EDGE_CURVE('',#12293,#12285,#12295,.T.);
#12293 = VERTEX_POINT('',#12294);
#12294 = CARTESIAN_POINT('',(1.477041195599,1.022048884988,0.701));
#12295 = LINE('',#12296,#12297);
#12296 = CARTESIAN_POINT('',(1.477041195599,1.022048884988,0.701));
#12297 = VECTOR('',#12298,1.);
#12298 = DIRECTION('',(0.,0.,-1.));
#12299 = ORIENTED_EDGE('',*,*,#12300,.F.);
#12300 = EDGE_CURVE('',#12249,#12293,#12301,.T.);
#12301 = LINE('',#12302,#12303);
#12302 = CARTESIAN_POINT('',(1.477041195599,1.022048884988,0.701));
#12303 = VECTOR('',#12304,1.);
#12304 = DIRECTION('',(0.,-1.,0.));
#12305 = ORIENTED_EDGE('',*,*,#12257,.T.);
#12306 = PLANE('',#12307);
#12307 = AXIS2_PLACEMENT_3D('',#12308,#12309,#12310);
#12308 = CARTESIAN_POINT('',(1.477041195599,1.022048884988,0.701));
#12309 = DIRECTION('',(1.,0.,0.));
#12310 = DIRECTION('',(0.,0.,-1.));
#12311 = ADVANCED_FACE('',(#12312),#12339,.F.);
#12312 = FACE_BOUND('',#12313,.F.);
#12313 = EDGE_LOOP('',(#12314,#12315,#12324,#12332));
#12314 = ORIENTED_EDGE('',*,*,#12292,.F.);
#12315 = ORIENTED_EDGE('',*,*,#12316,.T.);
#12316 = EDGE_CURVE('',#12293,#12317,#12319,.T.);
#12317 = VERTEX_POINT('',#12318);
#12318 = CARTESIAN_POINT('',(1.488540918153,1.020593223904,0.701));
#12319 = B_SPLINE_CURVE_WITH_KNOTS('',3,(#12320,#12321,#12322,#12323),
  .UNSPECIFIED.,.F.,.F.,(4,4),(2.,3.),.PIECEWISE_BEZIER_KNOTS.);
#12320 = CARTESIAN_POINT('',(1.477041195599,1.022048884988,0.701));
#12321 = CARTESIAN_POINT('',(1.480207258454,1.021102705284,0.701));
#12322 = CARTESIAN_POINT('',(1.484064760323,1.020593223904,0.701));
#12323 = CARTESIAN_POINT('',(1.488540918153,1.020593223904,0.701));
#12324 = ORIENTED_EDGE('',*,*,#12325,.T.);
#12325 = EDGE_CURVE('',#12317,#12326,#12328,.T.);
#12326 = VERTEX_POINT('',#12327);
#12327 = CARTESIAN_POINT('',(1.488540918153,1.020593223904,0.7));
#12328 = LINE('',#12329,#12330);
#12329 = CARTESIAN_POINT('',(1.488540918153,1.020593223904,0.701));
#12330 = VECTOR('',#12331,1.);
#12331 = DIRECTION('',(0.,0.,-1.));
#12332 = ORIENTED_EDGE('',*,*,#12333,.F.);
#12333 = EDGE_CURVE('',#12285,#12326,#12334,.T.);
#12334 = B_SPLINE_CURVE_WITH_KNOTS('',3,(#12335,#12336,#12337,#12338),
  .UNSPECIFIED.,.F.,.F.,(4,4),(2.,3.),.PIECEWISE_BEZIER_KNOTS.);
#12335 = CARTESIAN_POINT('',(1.477041195599,1.022048884988,0.7));
#12336 = CARTESIAN_POINT('',(1.480207258454,1.021102705284,0.7));
#12337 = CARTESIAN_POINT('',(1.484064760323,1.020593223904,0.7));
#12338 = CARTESIAN_POINT('',(1.488540918153,1.020593223904,0.7));
#12339 = B_SPLINE_SURFACE_WITH_KNOTS('',3,1,(
    (#12340,#12341)
    ,(#12342,#12343)
    ,(#12344,#12345)
    ,(#12346,#12347
    )),.UNSPECIFIED.,.F.,.F.,.F.,(4,4),(2,2),(2.,3.),(0.,1.),
  .PIECEWISE_BEZIER_KNOTS.);
#12340 = CARTESIAN_POINT('',(1.477041195599,1.022048884988,0.701));
#12341 = CARTESIAN_POINT('',(1.477041195599,1.022048884988,0.7));
#12342 = CARTESIAN_POINT('',(1.480207258454,1.021102705284,0.701));
#12343 = CARTESIAN_POINT('',(1.480207258454,1.021102705284,0.7));
#12344 = CARTESIAN_POINT('',(1.484064760323,1.020593223904,0.701));
#12345 = CARTESIAN_POINT('',(1.484064760323,1.020593223904,0.7));
#12346 = CARTESIAN_POINT('',(1.488540918153,1.020593223904,0.701));
#12347 = CARTESIAN_POINT('',(1.488540918153,1.020593223904,0.7));
#12348 = ADVANCED_FACE('',(#12349),#12376,.F.);
#12349 = FACE_BOUND('',#12350,.F.);
#12350 = EDGE_LOOP('',(#12351,#12352,#12361,#12369));
#12351 = ORIENTED_EDGE('',*,*,#12325,.F.);
#12352 = ORIENTED_EDGE('',*,*,#12353,.T.);
#12353 = EDGE_CURVE('',#12317,#12354,#12356,.T.);
#12354 = VERTEX_POINT('',#12355);
#12355 = CARTESIAN_POINT('',(1.524823270643,1.053127249107,0.701));
#12356 = B_SPLINE_CURVE_WITH_KNOTS('',3,(#12357,#12358,#12359,#12360),
  .UNSPECIFIED.,.F.,.F.,(4,4),(1.,2.),.PIECEWISE_BEZIER_KNOTS.);
#12357 = CARTESIAN_POINT('',(1.488540918153,1.020593223904,0.701));
#12358 = CARTESIAN_POINT('',(1.504152883266,1.020593223904,0.701));
#12359 = CARTESIAN_POINT('',(1.516234870254,1.031437898972,0.701));
#12360 = CARTESIAN_POINT('',(1.524823270643,1.053127249107,0.701));
#12361 = ORIENTED_EDGE('',*,*,#12362,.T.);
#12362 = EDGE_CURVE('',#12354,#12363,#12365,.T.);
#12363 = VERTEX_POINT('',#12364);
#12364 = CARTESIAN_POINT('',(1.524823270643,1.053127249107,
    0.699999999999));
#12365 = LINE('',#12366,#12367);
#12366 = CARTESIAN_POINT('',(1.524823270643,1.053127249107,0.701));
#12367 = VECTOR('',#12368,1.);
#12368 = DIRECTION('',(0.,0.,-1.));
#12369 = ORIENTED_EDGE('',*,*,#12370,.F.);
#12370 = EDGE_CURVE('',#12326,#12363,#12371,.T.);
#12371 = B_SPLINE_CURVE_WITH_KNOTS('',3,(#12372,#12373,#12374,#12375),
  .UNSPECIFIED.,.F.,.F.,(4,4),(1.,2.),.PIECEWISE_BEZIER_KNOTS.);
#12372 = CARTESIAN_POINT('',(1.488540918153,1.020593223904,0.7));
#12373 = CARTESIAN_POINT('',(1.504152883266,1.020593223904,0.7));
#12374 = CARTESIAN_POINT('',(1.516234870254,1.031437898972,0.7));
#12375 = CARTESIAN_POINT('',(1.524823270643,1.053127249107,
    0.699999999999));
#12376 = B_SPLINE_SURFACE_WITH_KNOTS('',3,1,(
    (#12377,#12378)
    ,(#12379,#12380)
    ,(#12381,#12382)
    ,(#12383,#12384
    )),.UNSPECIFIED.,.F.,.F.,.F.,(4,4),(2,2),(1.,2.),(0.,1.),
  .PIECEWISE_BEZIER_KNOTS.);
#12377 = CARTESIAN_POINT('',(1.488540918153,1.020593223904,0.701));
#12378 = CARTESIAN_POINT('',(1.488540918153,1.020593223904,
    0.699999999999));
#12379 = CARTESIAN_POINT('',(1.504152883266,1.020593223904,0.701));
#12380 = CARTESIAN_POINT('',(1.504152883266,1.020593223904,
    0.699999999999));
#12381 = CARTESIAN_POINT('',(1.516234870254,1.031437898972,0.701));
#12382 = CARTESIAN_POINT('',(1.516234870254,1.031437898972,
    0.699999999999));
#12383 = CARTESIAN_POINT('',(1.524823270643,1.053127249107,0.701));
#12384 = CARTESIAN_POINT('',(1.524823270643,1.053127249107,
    0.699999999999));
#12385 = ADVANCED_FACE('',(#12386),#12402,.F.);
#12386 = FACE_BOUND('',#12387,.T.);
#12387 = EDGE_LOOP('',(#12388,#12394,#12395,#12401));
#12388 = ORIENTED_EDGE('',*,*,#12389,.T.);
#12389 = EDGE_CURVE('',#12363,#11917,#12390,.T.);
#12390 = LINE('',#12391,#12392);
#12391 = CARTESIAN_POINT('',(1.570967726969,1.170162400167,
    0.699999999999));
#12392 = VECTOR('',#12393,1.);
#12393 = DIRECTION('',(0.36679767895,0.930300737781,0.));
#12394 = ORIENTED_EDGE('',*,*,#11942,.F.);
#12395 = ORIENTED_EDGE('',*,*,#12396,.F.);
#12396 = EDGE_CURVE('',#12354,#11935,#12397,.T.);
#12397 = LINE('',#12398,#12399);
#12398 = CARTESIAN_POINT('',(1.570967726969,1.170162400167,0.701));
#12399 = VECTOR('',#12400,1.);
#12400 = DIRECTION('',(0.36679767895,0.930300737781,0.));
#12401 = ORIENTED_EDGE('',*,*,#12362,.T.);
#12402 = PLANE('',#12403);
#12403 = AXIS2_PLACEMENT_3D('',#12404,#12405,#12406);
#12404 = CARTESIAN_POINT('',(1.570967726969,1.170162400167,0.701));
#12405 = DIRECTION('',(-0.930300737781,0.36679767895,0.));
#12406 = DIRECTION('',(-0.36679767895,-0.930300737781,0.));
#12407 = ADVANCED_FACE('',(#12408),#12425,.T.);
#12408 = FACE_BOUND('',#12409,.T.);
#12409 = EDGE_LOOP('',(#12410,#12411,#12412,#12413,#12414,#12415,#12416,
    #12417,#12418,#12419,#12420,#12421,#12422,#12423,#12424));
#12410 = ORIENTED_EDGE('',*,*,#11934,.T.);
#12411 = ORIENTED_EDGE('',*,*,#11972,.T.);
#12412 = ORIENTED_EDGE('',*,*,#11988,.T.);
#12413 = ORIENTED_EDGE('',*,*,#12040,.T.);
#12414 = ORIENTED_EDGE('',*,*,#12071,.T.);
#12415 = ORIENTED_EDGE('',*,*,#12102,.T.);
#12416 = ORIENTED_EDGE('',*,*,#12133,.T.);
#12417 = ORIENTED_EDGE('',*,*,#12164,.T.);
#12418 = ORIENTED_EDGE('',*,*,#12195,.T.);
#12419 = ORIENTED_EDGE('',*,*,#12211,.T.);
#12420 = ORIENTED_EDGE('',*,*,#12248,.T.);
#12421 = ORIENTED_EDGE('',*,*,#12300,.T.);
#12422 = ORIENTED_EDGE('',*,*,#12316,.T.);
#12423 = ORIENTED_EDGE('',*,*,#12353,.T.);
#12424 = ORIENTED_EDGE('',*,*,#12396,.T.);
#12425 = PLANE('',#12426);
#12426 = AXIS2_PLACEMENT_3D('',#12427,#12428,#12429);
#12427 = CARTESIAN_POINT('',(1.50931593117,1.028726730205,0.701));
#12428 = DIRECTION('',(0.,0.,1.));
#12429 = DIRECTION('',(1.,0.,-0.));
#12430 = ADVANCED_FACE('',(#12431),#12448,.F.);
#12431 = FACE_BOUND('',#12432,.T.);
#12432 = EDGE_LOOP('',(#12433,#12434,#12435,#12436,#12437,#12438,#12439,
    #12440,#12441,#12442,#12443,#12444,#12445,#12446,#12447));
#12433 = ORIENTED_EDGE('',*,*,#11916,.F.);
#12434 = ORIENTED_EDGE('',*,*,#12389,.F.);
#12435 = ORIENTED_EDGE('',*,*,#12370,.F.);
#12436 = ORIENTED_EDGE('',*,*,#12333,.F.);
#12437 = ORIENTED_EDGE('',*,*,#12284,.F.);
#12438 = ORIENTED_EDGE('',*,*,#12265,.F.);
#12439 = ORIENTED_EDGE('',*,*,#12228,.F.);
#12440 = ORIENTED_EDGE('',*,*,#12179,.F.);
#12441 = ORIENTED_EDGE('',*,*,#12148,.F.);
#12442 = ORIENTED_EDGE('',*,*,#12117,.F.);
#12443 = ORIENTED_EDGE('',*,*,#12086,.F.);
#12444 = ORIENTED_EDGE('',*,*,#12055,.F.);
#12445 = ORIENTED_EDGE('',*,*,#12024,.F.);
#12446 = ORIENTED_EDGE('',*,*,#12005,.F.);
#12447 = ORIENTED_EDGE('',*,*,#11956,.F.);
#12448 = PLANE('',#12449);
#12449 = AXIS2_PLACEMENT_3D('',#12450,#12451,#12452);
#12450 = CARTESIAN_POINT('',(1.50931593117,1.028726730205,0.7));
#12451 = DIRECTION('',(0.,0.,1.));
#12452 = DIRECTION('',(1.,0.,-0.));
#12453 = ( GEOMETRIC_REPRESENTATION_CONTEXT(3) 
GLOBAL_UNCERTAINTY_ASSIGNED_CONTEXT((#12457)) 
GLOBAL_UNIT_ASSIGNED_CONTEXT((#12454,#12455,#12456)) 
REPRESENTATION_CONTEXT('Context #1',
  '3D Context with UNIT and UNCERTAINTY') );
#12454 = ( LENGTH_UNIT() NAMED_UNIT(*) SI_UNIT(.MILLI.,.METRE.) );
#12455 = ( NAMED_UNIT(*) PLANE_ANGLE_UNIT() SI_UNIT($,.RADIAN.) );
#12456 = ( NAMED_UNIT(*) SI_UNIT($,.STERADIAN.) SOLID_ANGLE_UNIT() );
#12457 = UNCERTAINTY_MEASURE_WITH_UNIT(LENGTH_MEASURE(1.E-07),#12454,
  'distance_accuracy_value','confusion accuracy');
#12458 = CONTEXT_DEPENDENT_SHAPE_REPRESENTATION(#12459,#12461);
#12459 = ( REPRESENTATION_RELATIONSHIP('','',#11909,#32) 
REPRESENTATION_RELATIONSHIP_WITH_TRANSFORMATION(#12460) 
SHAPE_REPRESENTATION_RELATIONSHIP() );
#12460 = ITEM_DEFINED_TRANSFORMATION('','',#11,#69);
#12461 = PRODUCT_DEFINITION_SHAPE('Placement','Placement of an item',
  #12462);
#12462 = NEXT_ASSEMBLY_USAGE_OCCURRENCE('124',
'SOP-8_L4.9-W3.9-P1.27-LS6.0-BL~SOP-8_L4.9-W3.9-P1.27-LS6.0-BL-1~L6m009'
  ,'',#27,#11904,$);
#12463 = PRODUCT_RELATED_PRODUCT_CATEGORY('part',$,(#11906));
#12464 = SHAPE_DEFINITION_REPRESENTATION(#12465,#12471);
#12465 = PRODUCT_DEFINITION_SHAPE('','',#12466);
#12466 = PRODUCT_DEFINITION('design','',#12467,#12470);
#12467 = PRODUCT_DEFINITION_FORMATION('','',#12468);
#12468 = PRODUCT(
'SOP-8_L4.9-W3.9-P1.27-LS6.0-BL~SOP-8_L4.9-W3.9-P1.27-LS6.0-BL-1~L6m010'
  ,
'SOP-8_L4.9-W3.9-P1.27-LS6.0-BL~SOP-8_L4.9-W3.9-P1.27-LS6.0-BL-1~L6m010'
  ,'',(#12469));
#12469 = PRODUCT_CONTEXT('',#2,'mechanical');
#12470 = PRODUCT_DEFINITION_CONTEXT('part definition',#2,'design');
#12471 = ADVANCED_BREP_SHAPE_REPRESENTATION('',(#11,#12472),#12886);
#12472 = MANIFOLD_SOLID_BREP('',#12473);
#12473 = CLOSED_SHELL('',(#12474,#12514,#12545,#12576,#12607,#12638,
    #12669,#12700,#12731,#12762,#12793,#12824,#12846,#12866));
#12474 = ADVANCED_FACE('',(#12475),#12509,.F.);
#12475 = FACE_BOUND('',#12476,.T.);
#12476 = EDGE_LOOP('',(#12477,#12487,#12495,#12503));
#12477 = ORIENTED_EDGE('',*,*,#12478,.T.);
#12478 = EDGE_CURVE('',#12479,#12481,#12483,.T.);
#12479 = VERTEX_POINT('',#12480);
#12480 = CARTESIAN_POINT('',(1.666750226221,1.068484473531,
    0.699999999999));
#12481 = VERTEX_POINT('',#12482);
#12482 = CARTESIAN_POINT('',(1.666750226221,1.084715094604,
    0.699999999999));
#12483 = LINE('',#12484,#12485);
#12484 = CARTESIAN_POINT('',(1.666750226221,1.084715094604,
    0.699999999999));
#12485 = VECTOR('',#12486,1.);
#12486 = DIRECTION('',(0.,1.,0.));
#12487 = ORIENTED_EDGE('',*,*,#12488,.F.);
#12488 = EDGE_CURVE('',#12489,#12481,#12491,.T.);
#12489 = VERTEX_POINT('',#12490);
#12490 = CARTESIAN_POINT('',(1.666750226221,1.084715094604,0.701));
#12491 = LINE('',#12492,#12493);
#12492 = CARTESIAN_POINT('',(1.666750226221,1.084715094604,0.701));
#12493 = VECTOR('',#12494,1.);
#12494 = DIRECTION('',(0.,0.,-1.));
#12495 = ORIENTED_EDGE('',*,*,#12496,.F.);
#12496 = EDGE_CURVE('',#12497,#12489,#12499,.T.);
#12497 = VERTEX_POINT('',#12498);
#12498 = CARTESIAN_POINT('',(1.666750226221,1.068484473531,0.701));
#12499 = LINE('',#12500,#12501);
#12500 = CARTESIAN_POINT('',(1.666750226221,1.084715094604,0.701));
#12501 = VECTOR('',#12502,1.);
#12502 = DIRECTION('',(0.,1.,0.));
#12503 = ORIENTED_EDGE('',*,*,#12504,.T.);
#12504 = EDGE_CURVE('',#12497,#12479,#12505,.T.);
#12505 = LINE('',#12506,#12507);
#12506 = CARTESIAN_POINT('',(1.666750226221,1.068484473531,0.701));
#12507 = VECTOR('',#12508,1.);
#12508 = DIRECTION('',(0.,0.,-1.));
#12509 = PLANE('',#12510);
#12510 = AXIS2_PLACEMENT_3D('',#12511,#12512,#12513);
#12511 = CARTESIAN_POINT('',(1.666750226221,1.084715094604,0.701));
#12512 = DIRECTION('',(-1.,0.,0.));
#12513 = DIRECTION('',(0.,0.,1.));
#12514 = ADVANCED_FACE('',(#12515),#12540,.F.);
#12515 = FACE_BOUND('',#12516,.T.);
#12516 = EDGE_LOOP('',(#12517,#12525,#12533,#12539));
#12517 = ORIENTED_EDGE('',*,*,#12518,.T.);
#12518 = EDGE_CURVE('',#12481,#12519,#12521,.T.);
#12519 = VERTEX_POINT('',#12520);
#12520 = CARTESIAN_POINT('',(1.608560174434,1.084715094604,
    0.699999999999));
#12521 = LINE('',#12522,#12523);
#12522 = CARTESIAN_POINT('',(1.608560174434,1.084715094604,
    0.699999999999));
#12523 = VECTOR('',#12524,1.);
#12524 = DIRECTION('',(-1.,0.,0.));
#12525 = ORIENTED_EDGE('',*,*,#12526,.F.);
#12526 = EDGE_CURVE('',#12527,#12519,#12529,.T.);
#12527 = VERTEX_POINT('',#12528);
#12528 = CARTESIAN_POINT('',(1.608560174434,1.084715094604,0.701));
#12529 = LINE('',#12530,#12531);
#12530 = CARTESIAN_POINT('',(1.608560174434,1.084715094604,0.701));
#12531 = VECTOR('',#12532,1.);
#12532 = DIRECTION('',(0.,0.,-1.));
#12533 = ORIENTED_EDGE('',*,*,#12534,.F.);
#12534 = EDGE_CURVE('',#12489,#12527,#12535,.T.);
#12535 = LINE('',#12536,#12537);
#12536 = CARTESIAN_POINT('',(1.608560174434,1.084715094604,0.701));
#12537 = VECTOR('',#12538,1.);
#12538 = DIRECTION('',(-1.,0.,0.));
#12539 = ORIENTED_EDGE('',*,*,#12488,.T.);
#12540 = PLANE('',#12541);
#12541 = AXIS2_PLACEMENT_3D('',#12542,#12543,#12544);
#12542 = CARTESIAN_POINT('',(1.608560174434,1.084715094604,0.701));
#12543 = DIRECTION('',(0.,-1.,0.));
#12544 = DIRECTION('',(0.,0.,-1.));
#12545 = ADVANCED_FACE('',(#12546),#12571,.F.);
#12546 = FACE_BOUND('',#12547,.T.);
#12547 = EDGE_LOOP('',(#12548,#12556,#12564,#12570));
#12548 = ORIENTED_EDGE('',*,*,#12549,.T.);
#12549 = EDGE_CURVE('',#12519,#12550,#12552,.T.);
#12550 = VERTEX_POINT('',#12551);
#12551 = CARTESIAN_POINT('',(1.608560174434,1.13260634423,0.699999999999
    ));
#12552 = LINE('',#12553,#12554);
#12553 = CARTESIAN_POINT('',(1.608560174434,1.13260634423,0.699999999999
    ));
#12554 = VECTOR('',#12555,1.);
#12555 = DIRECTION('',(0.,1.,0.));
#12556 = ORIENTED_EDGE('',*,*,#12557,.F.);
#12557 = EDGE_CURVE('',#12558,#12550,#12560,.T.);
#12558 = VERTEX_POINT('',#12559);
#12559 = CARTESIAN_POINT('',(1.608560174434,1.13260634423,0.701));
#12560 = LINE('',#12561,#12562);
#12561 = CARTESIAN_POINT('',(1.608560174434,1.13260634423,0.701));
#12562 = VECTOR('',#12563,1.);
#12563 = DIRECTION('',(0.,0.,-1.));
#12564 = ORIENTED_EDGE('',*,*,#12565,.F.);
#12565 = EDGE_CURVE('',#12527,#12558,#12566,.T.);
#12566 = LINE('',#12567,#12568);
#12567 = CARTESIAN_POINT('',(1.608560174434,1.13260634423,0.701));
#12568 = VECTOR('',#12569,1.);
#12569 = DIRECTION('',(0.,1.,0.));
#12570 = ORIENTED_EDGE('',*,*,#12526,.T.);
#12571 = PLANE('',#12572);
#12572 = AXIS2_PLACEMENT_3D('',#12573,#12574,#12575);
#12573 = CARTESIAN_POINT('',(1.608560174434,1.13260634423,0.701));
#12574 = DIRECTION('',(-1.,0.,0.));
#12575 = DIRECTION('',(0.,0.,1.));
#12576 = ADVANCED_FACE('',(#12577),#12602,.F.);
#12577 = FACE_BOUND('',#12578,.T.);
#12578 = EDGE_LOOP('',(#12579,#12587,#12595,#12601));
#12579 = ORIENTED_EDGE('',*,*,#12580,.T.);
#12580 = EDGE_CURVE('',#12550,#12581,#12583,.T.);
#12581 = VERTEX_POINT('',#12582);
#12582 = CARTESIAN_POINT('',(1.659471920806,1.13260634423,0.699999999999
    ));
#12583 = LINE('',#12584,#12585);
#12584 = CARTESIAN_POINT('',(1.659471920806,1.13260634423,0.699999999999
    ));
#12585 = VECTOR('',#12586,1.);
#12586 = DIRECTION('',(1.,0.,0.));
#12587 = ORIENTED_EDGE('',*,*,#12588,.F.);
#12588 = EDGE_CURVE('',#12589,#12581,#12591,.T.);
#12589 = VERTEX_POINT('',#12590);
#12590 = CARTESIAN_POINT('',(1.659471920806,1.13260634423,0.701));
#12591 = LINE('',#12592,#12593);
#12592 = CARTESIAN_POINT('',(1.659471920806,1.13260634423,0.701));
#12593 = VECTOR('',#12594,1.);
#12594 = DIRECTION('',(0.,0.,-1.));
#12595 = ORIENTED_EDGE('',*,*,#12596,.F.);
#12596 = EDGE_CURVE('',#12558,#12589,#12597,.T.);
#12597 = LINE('',#12598,#12599);
#12598 = CARTESIAN_POINT('',(1.659471920806,1.13260634423,0.701));
#12599 = VECTOR('',#12600,1.);
#12600 = DIRECTION('',(1.,0.,0.));
#12601 = ORIENTED_EDGE('',*,*,#12557,.T.);
#12602 = PLANE('',#12603);
#12603 = AXIS2_PLACEMENT_3D('',#12604,#12605,#12606);
#12604 = CARTESIAN_POINT('',(1.659471920806,1.13260634423,0.701));
#12605 = DIRECTION('',(0.,1.,0.));
#12606 = DIRECTION('',(0.,-0.,1.));
#12607 = ADVANCED_FACE('',(#12608),#12633,.F.);
#12608 = FACE_BOUND('',#12609,.T.);
#12609 = EDGE_LOOP('',(#12610,#12618,#12626,#12632));
#12610 = ORIENTED_EDGE('',*,*,#12611,.T.);
#12611 = EDGE_CURVE('',#12581,#12612,#12614,.T.);
#12612 = VERTEX_POINT('',#12613);
#12613 = CARTESIAN_POINT('',(1.659471920806,1.148909748357,
    0.699999999999));
#12614 = LINE('',#12615,#12616);
#12615 = CARTESIAN_POINT('',(1.659471920806,1.148909748357,
    0.699999999999));
#12616 = VECTOR('',#12617,1.);
#12617 = DIRECTION('',(0.,1.,0.));
#12618 = ORIENTED_EDGE('',*,*,#12619,.F.);
#12619 = EDGE_CURVE('',#12620,#12612,#12622,.T.);
#12620 = VERTEX_POINT('',#12621);
#12621 = CARTESIAN_POINT('',(1.659471920806,1.148909748357,0.701));
#12622 = LINE('',#12623,#12624);
#12623 = CARTESIAN_POINT('',(1.659471920806,1.148909748357,0.701));
#12624 = VECTOR('',#12625,1.);
#12625 = DIRECTION('',(0.,0.,-1.));
#12626 = ORIENTED_EDGE('',*,*,#12627,.F.);
#12627 = EDGE_CURVE('',#12589,#12620,#12628,.T.);
#12628 = LINE('',#12629,#12630);
#12629 = CARTESIAN_POINT('',(1.659471920806,1.148909748357,0.701));
#12630 = VECTOR('',#12631,1.);
#12631 = DIRECTION('',(0.,1.,0.));
#12632 = ORIENTED_EDGE('',*,*,#12588,.T.);
#12633 = PLANE('',#12634);
#12634 = AXIS2_PLACEMENT_3D('',#12635,#12636,#12637);
#12635 = CARTESIAN_POINT('',(1.659471920806,1.148909748357,0.701));
#12636 = DIRECTION('',(-1.,0.,0.));
#12637 = DIRECTION('',(0.,0.,1.));
#12638 = ADVANCED_FACE('',(#12639),#12664,.F.);
#12639 = FACE_BOUND('',#12640,.T.);
#12640 = EDGE_LOOP('',(#12641,#12649,#12657,#12663));
#12641 = ORIENTED_EDGE('',*,*,#12642,.T.);
#12642 = EDGE_CURVE('',#12612,#12643,#12645,.T.);
#12643 = VERTEX_POINT('',#12644);
#12644 = CARTESIAN_POINT('',(1.608560174434,1.148909748357,
    0.699999999999));
#12645 = LINE('',#12646,#12647);
#12646 = CARTESIAN_POINT('',(1.608560174434,1.148909748357,
    0.699999999999));
#12647 = VECTOR('',#12648,1.);
#12648 = DIRECTION('',(-1.,0.,0.));
#12649 = ORIENTED_EDGE('',*,*,#12650,.F.);
#12650 = EDGE_CURVE('',#12651,#12643,#12653,.T.);
#12651 = VERTEX_POINT('',#12652);
#12652 = CARTESIAN_POINT('',(1.608560174434,1.148909748357,0.701));
#12653 = LINE('',#12654,#12655);
#12654 = CARTESIAN_POINT('',(1.608560174434,1.148909748357,0.701));
#12655 = VECTOR('',#12656,1.);
#12656 = DIRECTION('',(0.,0.,-1.));
#12657 = ORIENTED_EDGE('',*,*,#12658,.F.);
#12658 = EDGE_CURVE('',#12620,#12651,#12659,.T.);
#12659 = LINE('',#12660,#12661);
#12660 = CARTESIAN_POINT('',(1.608560174434,1.148909748357,0.701));
#12661 = VECTOR('',#12662,1.);
#12662 = DIRECTION('',(-1.,0.,0.));
#12663 = ORIENTED_EDGE('',*,*,#12619,.T.);
#12664 = PLANE('',#12665);
#12665 = AXIS2_PLACEMENT_3D('',#12666,#12667,#12668);
#12666 = CARTESIAN_POINT('',(1.608560174434,1.148909748357,0.701));
#12667 = DIRECTION('',(0.,-1.,0.));
#12668 = DIRECTION('',(0.,0.,-1.));
#12669 = ADVANCED_FACE('',(#12670),#12695,.F.);
#12670 = FACE_BOUND('',#12671,.T.);
#12671 = EDGE_LOOP('',(#12672,#12680,#12688,#12694));
#12672 = ORIENTED_EDGE('',*,*,#12673,.T.);
#12673 = EDGE_CURVE('',#12643,#12674,#12676,.T.);
#12674 = VERTEX_POINT('',#12675);
#12675 = CARTESIAN_POINT('',(1.608560174434,1.194471940251,
    0.699999999999));
#12676 = LINE('',#12677,#12678);
#12677 = CARTESIAN_POINT('',(1.608560174434,1.194471940251,
    0.699999999999));
#12678 = VECTOR('',#12679,1.);
#12679 = DIRECTION('',(0.,1.,0.));
#12680 = ORIENTED_EDGE('',*,*,#12681,.F.);
#12681 = EDGE_CURVE('',#12682,#12674,#12684,.T.);
#12682 = VERTEX_POINT('',#12683);
#12683 = CARTESIAN_POINT('',(1.608560174434,1.194471940251,0.701));
#12684 = LINE('',#12685,#12686);
#12685 = CARTESIAN_POINT('',(1.608560174434,1.194471940251,0.701));
#12686 = VECTOR('',#12687,1.);
#12687 = DIRECTION('',(0.,0.,-1.));
#12688 = ORIENTED_EDGE('',*,*,#12689,.F.);
#12689 = EDGE_CURVE('',#12651,#12682,#12690,.T.);
#12690 = LINE('',#12691,#12692);
#12691 = CARTESIAN_POINT('',(1.608560174434,1.194471940251,0.701));
#12692 = VECTOR('',#12693,1.);
#12693 = DIRECTION('',(0.,1.,0.));
#12694 = ORIENTED_EDGE('',*,*,#12650,.T.);
#12695 = PLANE('',#12696);
#12696 = AXIS2_PLACEMENT_3D('',#12697,#12698,#12699);
#12697 = CARTESIAN_POINT('',(1.608560174434,1.194471940251,0.701));
#12698 = DIRECTION('',(-1.,0.,0.));
#12699 = DIRECTION('',(0.,0.,1.));
#12700 = ADVANCED_FACE('',(#12701),#12726,.F.);
#12701 = FACE_BOUND('',#12702,.T.);
#12702 = EDGE_LOOP('',(#12703,#12711,#12719,#12725));
#12703 = ORIENTED_EDGE('',*,*,#12704,.T.);
#12704 = EDGE_CURVE('',#12674,#12705,#12707,.T.);
#12705 = VERTEX_POINT('',#12706);
#12706 = CARTESIAN_POINT('',(1.663511380311,1.194471940251,
    0.699999999999));
#12707 = LINE('',#12708,#12709);
#12708 = CARTESIAN_POINT('',(1.663511380311,1.194471940251,
    0.699999999999));
#12709 = VECTOR('',#12710,1.);
#12710 = DIRECTION('',(1.,0.,0.));
#12711 = ORIENTED_EDGE('',*,*,#12712,.F.);
#12712 = EDGE_CURVE('',#12713,#12705,#12715,.T.);
#12713 = VERTEX_POINT('',#12714);
#12714 = CARTESIAN_POINT('',(1.663511380311,1.194471940251,0.701));
#12715 = LINE('',#12716,#12717);
#12716 = CARTESIAN_POINT('',(1.663511380311,1.194471940251,0.701));
#12717 = VECTOR('',#12718,1.);
#12718 = DIRECTION('',(0.,0.,-1.));
#12719 = ORIENTED_EDGE('',*,*,#12720,.F.);
#12720 = EDGE_CURVE('',#12682,#12713,#12721,.T.);
#12721 = LINE('',#12722,#12723);
#12722 = CARTESIAN_POINT('',(1.663511380311,1.194471940251,0.701));
#12723 = VECTOR('',#12724,1.);
#12724 = DIRECTION('',(1.,0.,0.));
#12725 = ORIENTED_EDGE('',*,*,#12681,.T.);
#12726 = PLANE('',#12727);
#12727 = AXIS2_PLACEMENT_3D('',#12728,#12729,#12730);
#12728 = CARTESIAN_POINT('',(1.663511380311,1.194471940251,0.701));
#12729 = DIRECTION('',(0.,1.,0.));
#12730 = DIRECTION('',(0.,-0.,1.));
#12731 = ADVANCED_FACE('',(#12732),#12757,.F.);
#12732 = FACE_BOUND('',#12733,.T.);
#12733 = EDGE_LOOP('',(#12734,#12742,#12750,#12756));
#12734 = ORIENTED_EDGE('',*,*,#12735,.T.);
#12735 = EDGE_CURVE('',#12705,#12736,#12738,.T.);
#12736 = VERTEX_POINT('',#12737);
#12737 = CARTESIAN_POINT('',(1.663511380311,1.210848127433,
    0.699999999999));
#12738 = LINE('',#12739,#12740);
#12739 = CARTESIAN_POINT('',(1.663511380311,1.210848127433,
    0.699999999999));
#12740 = VECTOR('',#12741,1.);
#12741 = DIRECTION('',(0.,1.,0.));
#12742 = ORIENTED_EDGE('',*,*,#12743,.F.);
#12743 = EDGE_CURVE('',#12744,#12736,#12746,.T.);
#12744 = VERTEX_POINT('',#12745);
#12745 = CARTESIAN_POINT('',(1.663511380311,1.210848127433,0.701));
#12746 = LINE('',#12747,#12748);
#12747 = CARTESIAN_POINT('',(1.663511380311,1.210848127433,0.701));
#12748 = VECTOR('',#12749,1.);
#12749 = DIRECTION('',(0.,0.,-1.));
#12750 = ORIENTED_EDGE('',*,*,#12751,.F.);
#12751 = EDGE_CURVE('',#12713,#12744,#12752,.T.);
#12752 = LINE('',#12753,#12754);
#12753 = CARTESIAN_POINT('',(1.663511380311,1.210848127433,0.701));
#12754 = VECTOR('',#12755,1.);
#12755 = DIRECTION('',(0.,1.,0.));
#12756 = ORIENTED_EDGE('',*,*,#12712,.T.);
#12757 = PLANE('',#12758);
#12758 = AXIS2_PLACEMENT_3D('',#12759,#12760,#12761);
#12759 = CARTESIAN_POINT('',(1.663511380311,1.210848127433,0.701));
#12760 = DIRECTION('',(-1.,0.,0.));
#12761 = DIRECTION('',(0.,0.,1.));
#12762 = ADVANCED_FACE('',(#12763),#12788,.F.);
#12763 = FACE_BOUND('',#12764,.T.);
#12764 = EDGE_LOOP('',(#12765,#12773,#12781,#12787));
#12765 = ORIENTED_EDGE('',*,*,#12766,.T.);
#12766 = EDGE_CURVE('',#12736,#12767,#12769,.T.);
#12767 = VERTEX_POINT('',#12768);
#12768 = CARTESIAN_POINT('',(1.590182453263,1.210848127433,
    0.699999999999));
#12769 = LINE('',#12770,#12771);
#12770 = CARTESIAN_POINT('',(1.590182453263,1.210848127433,
    0.699999999999));
#12771 = VECTOR('',#12772,1.);
#12772 = DIRECTION('',(-1.,0.,0.));
#12773 = ORIENTED_EDGE('',*,*,#12774,.F.);
#12774 = EDGE_CURVE('',#12775,#12767,#12777,.T.);
#12775 = VERTEX_POINT('',#12776);
#12776 = CARTESIAN_POINT('',(1.590182453263,1.210848127433,0.701));
#12777 = LINE('',#12778,#12779);
#12778 = CARTESIAN_POINT('',(1.590182453263,1.210848127433,0.701));
#12779 = VECTOR('',#12780,1.);
#12780 = DIRECTION('',(0.,0.,-1.));
#12781 = ORIENTED_EDGE('',*,*,#12782,.F.);
#12782 = EDGE_CURVE('',#12744,#12775,#12783,.T.);
#12783 = LINE('',#12784,#12785);
#12784 = CARTESIAN_POINT('',(1.590182453263,1.210848127433,0.701));
#12785 = VECTOR('',#12786,1.);
#12786 = DIRECTION('',(-1.,0.,0.));
#12787 = ORIENTED_EDGE('',*,*,#12743,.T.);
#12788 = PLANE('',#12789);
#12789 = AXIS2_PLACEMENT_3D('',#12790,#12791,#12792);
#12790 = CARTESIAN_POINT('',(1.590182453263,1.210848127433,0.701));
#12791 = DIRECTION('',(0.,-1.,0.));
#12792 = DIRECTION('',(0.,0.,-1.));
#12793 = ADVANCED_FACE('',(#12794),#12819,.F.);
#12794 = FACE_BOUND('',#12795,.T.);
#12795 = EDGE_LOOP('',(#12796,#12804,#12812,#12818));
#12796 = ORIENTED_EDGE('',*,*,#12797,.T.);
#12797 = EDGE_CURVE('',#12767,#12798,#12800,.T.);
#12798 = VERTEX_POINT('',#12799);
#12799 = CARTESIAN_POINT('',(1.590182453263,1.068484473531,
    0.699999999999));
#12800 = LINE('',#12801,#12802);
#12801 = CARTESIAN_POINT('',(1.590182453263,1.068484473531,
    0.699999999999));
#12802 = VECTOR('',#12803,1.);
#12803 = DIRECTION('',(0.,-1.,0.));
#12804 = ORIENTED_EDGE('',*,*,#12805,.F.);
#12805 = EDGE_CURVE('',#12806,#12798,#12808,.T.);
#12806 = VERTEX_POINT('',#12807);
#12807 = CARTESIAN_POINT('',(1.590182453263,1.068484473531,0.701));
#12808 = LINE('',#12809,#12810);
#12809 = CARTESIAN_POINT('',(1.590182453263,1.068484473531,0.701));
#12810 = VECTOR('',#12811,1.);
#12811 = DIRECTION('',(0.,0.,-1.));
#12812 = ORIENTED_EDGE('',*,*,#12813,.F.);
#12813 = EDGE_CURVE('',#12775,#12806,#12814,.T.);
#12814 = LINE('',#12815,#12816);
#12815 = CARTESIAN_POINT('',(1.590182453263,1.068484473531,0.701));
#12816 = VECTOR('',#12817,1.);
#12817 = DIRECTION('',(0.,-1.,0.));
#12818 = ORIENTED_EDGE('',*,*,#12774,.T.);
#12819 = PLANE('',#12820);
#12820 = AXIS2_PLACEMENT_3D('',#12821,#12822,#12823);
#12821 = CARTESIAN_POINT('',(1.590182453263,1.068484473531,0.701));
#12822 = DIRECTION('',(1.,0.,0.));
#12823 = DIRECTION('',(0.,0.,-1.));
#12824 = ADVANCED_FACE('',(#12825),#12841,.F.);
#12825 = FACE_BOUND('',#12826,.T.);
#12826 = EDGE_LOOP('',(#12827,#12833,#12834,#12840));
#12827 = ORIENTED_EDGE('',*,*,#12828,.T.);
#12828 = EDGE_CURVE('',#12798,#12479,#12829,.T.);
#12829 = LINE('',#12830,#12831);
#12830 = CARTESIAN_POINT('',(1.666750226221,1.068484473531,
    0.699999999999));
#12831 = VECTOR('',#12832,1.);
#12832 = DIRECTION('',(1.,0.,0.));
#12833 = ORIENTED_EDGE('',*,*,#12504,.F.);
#12834 = ORIENTED_EDGE('',*,*,#12835,.F.);
#12835 = EDGE_CURVE('',#12806,#12497,#12836,.T.);
#12836 = LINE('',#12837,#12838);
#12837 = CARTESIAN_POINT('',(1.666750226221,1.068484473531,0.701));
#12838 = VECTOR('',#12839,1.);
#12839 = DIRECTION('',(1.,0.,0.));
#12840 = ORIENTED_EDGE('',*,*,#12805,.T.);
#12841 = PLANE('',#12842);
#12842 = AXIS2_PLACEMENT_3D('',#12843,#12844,#12845);
#12843 = CARTESIAN_POINT('',(1.666750226221,1.068484473531,0.701));
#12844 = DIRECTION('',(0.,1.,0.));
#12845 = DIRECTION('',(0.,-0.,1.));
#12846 = ADVANCED_FACE('',(#12847),#12861,.F.);
#12847 = FACE_BOUND('',#12848,.T.);
#12848 = EDGE_LOOP('',(#12849,#12850,#12851,#12852,#12853,#12854,#12855,
    #12856,#12857,#12858,#12859,#12860));
#12849 = ORIENTED_EDGE('',*,*,#12496,.T.);
#12850 = ORIENTED_EDGE('',*,*,#12534,.T.);
#12851 = ORIENTED_EDGE('',*,*,#12565,.T.);
#12852 = ORIENTED_EDGE('',*,*,#12596,.T.);
#12853 = ORIENTED_EDGE('',*,*,#12627,.T.);
#12854 = ORIENTED_EDGE('',*,*,#12658,.T.);
#12855 = ORIENTED_EDGE('',*,*,#12689,.T.);
#12856 = ORIENTED_EDGE('',*,*,#12720,.T.);
#12857 = ORIENTED_EDGE('',*,*,#12751,.T.);
#12858 = ORIENTED_EDGE('',*,*,#12782,.T.);
#12859 = ORIENTED_EDGE('',*,*,#12813,.T.);
#12860 = ORIENTED_EDGE('',*,*,#12835,.T.);
#12861 = PLANE('',#12862);
#12862 = AXIS2_PLACEMENT_3D('',#12863,#12864,#12865);
#12863 = CARTESIAN_POINT('',(0.,0.,0.701));
#12864 = DIRECTION('',(0.,0.,-1.));
#12865 = DIRECTION('',(-1.,0.,0.));
#12866 = ADVANCED_FACE('',(#12867),#12881,.T.);
#12867 = FACE_BOUND('',#12868,.T.);
#12868 = EDGE_LOOP('',(#12869,#12870,#12871,#12872,#12873,#12874,#12875,
    #12876,#12877,#12878,#12879,#12880));
#12869 = ORIENTED_EDGE('',*,*,#12478,.F.);
#12870 = ORIENTED_EDGE('',*,*,#12828,.F.);
#12871 = ORIENTED_EDGE('',*,*,#12797,.F.);
#12872 = ORIENTED_EDGE('',*,*,#12766,.F.);
#12873 = ORIENTED_EDGE('',*,*,#12735,.F.);
#12874 = ORIENTED_EDGE('',*,*,#12704,.F.);
#12875 = ORIENTED_EDGE('',*,*,#12673,.F.);
#12876 = ORIENTED_EDGE('',*,*,#12642,.F.);
#12877 = ORIENTED_EDGE('',*,*,#12611,.F.);
#12878 = ORIENTED_EDGE('',*,*,#12580,.F.);
#12879 = ORIENTED_EDGE('',*,*,#12549,.F.);
#12880 = ORIENTED_EDGE('',*,*,#12518,.F.);
#12881 = PLANE('',#12882);
#12882 = AXIS2_PLACEMENT_3D('',#12883,#12884,#12885);
#12883 = CARTESIAN_POINT('',(0.,0.,0.699999999999));
#12884 = DIRECTION('',(0.,0.,-1.));
#12885 = DIRECTION('',(-1.,0.,0.));
#12886 = ( GEOMETRIC_REPRESENTATION_CONTEXT(3) 
GLOBAL_UNCERTAINTY_ASSIGNED_CONTEXT((#12890)) 
GLOBAL_UNIT_ASSIGNED_CONTEXT((#12887,#12888,#12889)) 
REPRESENTATION_CONTEXT('Context #1',
  '3D Context with UNIT and UNCERTAINTY') );
#12887 = ( LENGTH_UNIT() NAMED_UNIT(*) SI_UNIT(.MILLI.,.METRE.) );
#12888 = ( NAMED_UNIT(*) PLANE_ANGLE_UNIT() SI_UNIT($,.RADIAN.) );
#12889 = ( NAMED_UNIT(*) SI_UNIT($,.STERADIAN.) SOLID_ANGLE_UNIT() );
#12890 = UNCERTAINTY_MEASURE_WITH_UNIT(LENGTH_MEASURE(1.E-07),#12887,
  'distance_accuracy_value','confusion accuracy');
#12891 = CONTEXT_DEPENDENT_SHAPE_REPRESENTATION(#12892,#12894);
#12892 = ( REPRESENTATION_RELATIONSHIP('','',#12471,#32) 
REPRESENTATION_RELATIONSHIP_WITH_TRANSFORMATION(#12893) 
SHAPE_REPRESENTATION_RELATIONSHIP() );
#12893 = ITEM_DEFINED_TRANSFORMATION('','',#11,#73);
#12894 = PRODUCT_DEFINITION_SHAPE('Placement','Placement of an item',
  #12895);
#12895 = NEXT_ASSEMBLY_USAGE_OCCURRENCE('125',
'SOP-8_L4.9-W3.9-P1.27-LS6.0-BL~SOP-8_L4.9-W3.9-P1.27-LS6.0-BL-1~L6m010'
  ,'',#27,#12466,$);
#12896 = PRODUCT_RELATED_PRODUCT_CATEGORY('part',$,(#12468));
#12897 = SHAPE_DEFINITION_REPRESENTATION(#12898,#12904);
#12898 = PRODUCT_DEFINITION_SHAPE('','',#12899);
#12899 = PRODUCT_DEFINITION('design','',#12900,#12903);
#12900 = PRODUCT_DEFINITION_FORMATION('','',#12901);
#12901 = PRODUCT(
'SOP-8_L4.9-W3.9-P1.27-LS6.0-BL~SOP-8_L4.9-W3.9-P1.27-LS6.0-BL-1~L6m011'
  ,
'SOP-8_L4.9-W3.9-P1.27-LS6.0-BL~SOP-8_L4.9-W3.9-P1.27-LS6.0-BL-1~L6m011'
  ,'',(#12902));
#12902 = PRODUCT_CONTEXT('',#2,'mechanical');
#12903 = PRODUCT_DEFINITION_CONTEXT('part definition',#2,'design');
#12904 = ADVANCED_BREP_SHAPE_REPRESENTATION('',(#11,#12905),#13437);
#12905 = MANIFOLD_SOLID_BREP('',#12906);
#12906 = CLOSED_SHELL('',(#12907,#13037,#13167,#13189,#13210,#13231,
    #13252,#13273,#13290,#13302,#13324,#13341,#13358,#13379,#13400,
    #13421));
#12907 = ADVANCED_FACE('',(#12908,#12970),#13032,.T.);
#12908 = FACE_BOUND('',#12909,.T.);
#12909 = EDGE_LOOP('',(#12910,#12920,#12929,#12938,#12947,#12956,#12964)
  );
#12910 = ORIENTED_EDGE('',*,*,#12911,.T.);
#12911 = EDGE_CURVE('',#12912,#12914,#12916,.T.);
#12912 = VERTEX_POINT('',#12913);
#12913 = CARTESIAN_POINT('',(1.693643564726,1.068484473531,0.701));
#12914 = VERTEX_POINT('',#12915);
#12915 = CARTESIAN_POINT('',(1.732800847855,1.068484473531,0.701));
#12916 = LINE('',#12917,#12918);
#12917 = CARTESIAN_POINT('',(1.732800847855,1.068484473531,0.701));
#12918 = VECTOR('',#12919,1.);
#12919 = DIRECTION('',(1.,0.,0.));
#12920 = ORIENTED_EDGE('',*,*,#12921,.T.);
#12921 = EDGE_CURVE('',#12914,#12922,#12924,.T.);
#12922 = VERTEX_POINT('',#12923);
#12923 = CARTESIAN_POINT('',(1.788079577475,1.088427030365,0.701));
#12924 = B_SPLINE_CURVE_WITH_KNOTS('',3,(#12925,#12926,#12927,#12928),
  .UNSPECIFIED.,.F.,.F.,(4,4),(5.,6.),.PIECEWISE_BEZIER_KNOTS.);
#12925 = CARTESIAN_POINT('',(1.732800847855,1.068484473531,0.701));
#12926 = CARTESIAN_POINT('',(1.755327203112,1.068484473531,0.701));
#12927 = CARTESIAN_POINT('',(1.773777707337,1.075107731457,0.701));
#12928 = CARTESIAN_POINT('',(1.788079577475,1.088427030365,0.701));
#12929 = ORIENTED_EDGE('',*,*,#12930,.T.);
#12930 = EDGE_CURVE('',#12922,#12931,#12933,.T.);
#12931 = VERTEX_POINT('',#12932);
#12932 = CARTESIAN_POINT('',(1.809550578448,1.141485876835,0.701));
#12933 = B_SPLINE_CURVE_WITH_KNOTS('',3,(#12934,#12935,#12936,#12937),
  .UNSPECIFIED.,.F.,.F.,(4,4),(4.,5.),.PIECEWISE_BEZIER_KNOTS.);
#12934 = CARTESIAN_POINT('',(1.788079577475,1.088427030365,0.701));
#12935 = CARTESIAN_POINT('',(1.802381447614,1.101746329274,0.701));
#12936 = CARTESIAN_POINT('',(1.809550578448,1.119432611429,0.701));
#12937 = CARTESIAN_POINT('',(1.809550578448,1.141485876835,0.701));
#12938 = ORIENTED_EDGE('',*,*,#12939,.T.);
#12939 = EDGE_CURVE('',#12931,#12940,#12942,.T.);
#12940 = VERTEX_POINT('',#12941);
#12941 = CARTESIAN_POINT('',(1.788079577475,1.19199731641,0.701));
#12942 = B_SPLINE_CURVE_WITH_KNOTS('',3,(#12943,#12944,#12945,#12946),
  .UNSPECIFIED.,.F.,.F.,(4,4),(3.,4.),.PIECEWISE_BEZIER_KNOTS.);
#12943 = CARTESIAN_POINT('',(1.809550578448,1.141485876835,0.701));
#12944 = CARTESIAN_POINT('',(1.809550578448,1.162592962536,0.701));
#12945 = CARTESIAN_POINT('',(1.802381447614,1.179405848043,0.701));
#12946 = CARTESIAN_POINT('',(1.788079577475,1.19199731641,0.701));
#12947 = ORIENTED_EDGE('',*,*,#12948,.T.);
#12948 = EDGE_CURVE('',#12940,#12949,#12951,.T.);
#12949 = VERTEX_POINT('',#12950);
#12950 = CARTESIAN_POINT('',(1.734256508937,1.210848127433,0.701));
#12951 = B_SPLINE_CURVE_WITH_KNOTS('',3,(#12952,#12953,#12954,#12955),
  .UNSPECIFIED.,.F.,.F.,(4,4),(2.,3.),.PIECEWISE_BEZIER_KNOTS.);
#12952 = CARTESIAN_POINT('',(1.788079577475,1.19199731641,0.701));
#12953 = CARTESIAN_POINT('',(1.773777707337,1.204588784776,0.701));
#12954 = CARTESIAN_POINT('',(1.75583668449,1.210848127433,0.701));
#12955 = CARTESIAN_POINT('',(1.734256508937,1.210848127433,0.701));
#12956 = ORIENTED_EDGE('',*,*,#12957,.T.);
#12957 = EDGE_CURVE('',#12949,#12958,#12960,.T.);
#12958 = VERTEX_POINT('',#12959);
#12959 = CARTESIAN_POINT('',(1.693643564726,1.210848127433,0.701));
#12960 = LINE('',#12961,#12962);
#12961 = CARTESIAN_POINT('',(1.693643564726,1.210848127433,0.701));
#12962 = VECTOR('',#12963,1.);
#12963 = DIRECTION('',(-1.,0.,0.));
#12964 = ORIENTED_EDGE('',*,*,#12965,.T.);
#12965 = EDGE_CURVE('',#12958,#12912,#12966,.T.);
#12966 = LINE('',#12967,#12968);
#12967 = CARTESIAN_POINT('',(1.693643564726,1.068484473531,0.701));
#12968 = VECTOR('',#12969,1.);
#12969 = DIRECTION('',(0.,-1.,0.));
#12970 = FACE_BOUND('',#12971,.T.);
#12971 = EDGE_LOOP('',(#12972,#12982,#12990,#12999,#13008,#13017,#13026)
  );
#12972 = ORIENTED_EDGE('',*,*,#12973,.F.);
#12973 = EDGE_CURVE('',#12974,#12976,#12978,.T.);
#12974 = VERTEX_POINT('',#12975);
#12975 = CARTESIAN_POINT('',(1.712021285897,1.194471940251,0.701));
#12976 = VERTEX_POINT('',#12977);
#12977 = CARTESIAN_POINT('',(1.712021285897,1.084715094604,0.701));
#12978 = LINE('',#12979,#12980);
#12979 = CARTESIAN_POINT('',(1.712021285897,1.194471940251,0.701));
#12980 = VECTOR('',#12981,1.);
#12981 = DIRECTION('',(0.,-1.,0.));
#12982 = ORIENTED_EDGE('',*,*,#12983,.F.);
#12983 = EDGE_CURVE('',#12984,#12974,#12986,.T.);
#12984 = VERTEX_POINT('',#12985);
#12985 = CARTESIAN_POINT('',(1.733528678396,1.194471940251,0.701));
#12986 = LINE('',#12987,#12988);
#12987 = CARTESIAN_POINT('',(1.733528678396,1.194471940251,0.701));
#12988 = VECTOR('',#12989,1.);
#12989 = DIRECTION('',(-1.,0.,0.));
#12990 = ORIENTED_EDGE('',*,*,#12991,.F.);
#12991 = EDGE_CURVE('',#12992,#12984,#12994,.T.);
#12992 = VERTEX_POINT('',#12993);
#12993 = CARTESIAN_POINT('',(1.774614712459,1.181079858288,0.701));
#12994 = B_SPLINE_CURVE_WITH_KNOTS('',3,(#12995,#12996,#12997,#12998),
  .UNSPECIFIED.,.F.,.F.,(4,4),(5.,6.),.PIECEWISE_BEZIER_KNOTS.);
#12995 = CARTESIAN_POINT('',(1.774614712459,1.181079858288,0.701));
#12996 = CARTESIAN_POINT('',(1.764206735716,1.190032173947,0.701));
#12997 = CARTESIAN_POINT('',(1.750487130011,1.194471940251,0.701));
#12998 = CARTESIAN_POINT('',(1.733528678396,1.194471940251,0.701));
#12999 = ORIENTED_EDGE('',*,*,#13000,.F.);
#13000 = EDGE_CURVE('',#13001,#12992,#13003,.T.);
#13001 = VERTEX_POINT('',#13002);
#13002 = CARTESIAN_POINT('',(1.790226677572,1.140976395456,0.701));
#13003 = B_SPLINE_CURVE_WITH_KNOTS('',3,(#13004,#13005,#13006,#13007),
  .UNSPECIFIED.,.F.,.F.,(4,4),(4.,5.),.PIECEWISE_BEZIER_KNOTS.);
#13004 = CARTESIAN_POINT('',(1.790226677572,1.140976395456,0.701));
#13005 = CARTESIAN_POINT('',(1.790226677572,1.158735460667,0.701));
#13006 = CARTESIAN_POINT('',(1.785022689201,1.172127542628,0.701));
#13007 = CARTESIAN_POINT('',(1.774614712459,1.181079858288,0.701));
#13008 = ORIENTED_EDGE('',*,*,#13009,.F.);
#13009 = EDGE_CURVE('',#13010,#13001,#13012,.T.);
#13010 = VERTEX_POINT('',#13011);
#13011 = CARTESIAN_POINT('',(1.775015019257,1.099562837649,0.701));
#13012 = B_SPLINE_CURVE_WITH_KNOTS('',3,(#13013,#13014,#13015,#13016),
  .UNSPECIFIED.,.F.,.F.,(4,4),(3.,4.),.PIECEWISE_BEZIER_KNOTS.);
#13013 = CARTESIAN_POINT('',(1.775015019257,1.099562837649,0.701));
#13014 = CARTESIAN_POINT('',(1.78516825531,1.109388549959,0.701));
#13015 = CARTESIAN_POINT('',(1.790226677572,1.123217330245,0.701));
#13016 = CARTESIAN_POINT('',(1.790226677572,1.140976395456,0.701));
#13017 = ORIENTED_EDGE('',*,*,#13018,.F.);
#13018 = EDGE_CURVE('',#13019,#13010,#13021,.T.);
#13019 = VERTEX_POINT('',#13020);
#13020 = CARTESIAN_POINT('',(1.732691673273,1.084715094604,0.701));
#13021 = B_SPLINE_CURVE_WITH_KNOTS('',3,(#13022,#13023,#13024,#13025),
  .UNSPECIFIED.,.F.,.F.,(4,4),(2.,3.),.PIECEWISE_BEZIER_KNOTS.);
#13022 = CARTESIAN_POINT('',(1.732691673273,1.084715094604,0.701));
#13023 = CARTESIAN_POINT('',(1.750778262227,1.084715094604,0.701));
#13024 = CARTESIAN_POINT('',(1.764898174731,1.089664342285,0.701));
#13025 = CARTESIAN_POINT('',(1.775015019257,1.099562837649,0.701));
#13026 = ORIENTED_EDGE('',*,*,#13027,.F.);
#13027 = EDGE_CURVE('',#12976,#13019,#13028,.T.);
#13028 = LINE('',#13029,#13030);
#13029 = CARTESIAN_POINT('',(1.712021285897,1.084715094604,0.701));
#13030 = VECTOR('',#13031,1.);
#13031 = DIRECTION('',(1.,0.,0.));
#13032 = PLANE('',#13033);
#13033 = AXIS2_PLACEMENT_3D('',#13034,#13035,#13036);
#13034 = CARTESIAN_POINT('',(1.763897407737,1.206144522558,0.701));
#13035 = DIRECTION('',(0.,0.,1.));
#13036 = DIRECTION('',(1.,0.,-0.));
#13037 = ADVANCED_FACE('',(#13038,#13100),#13162,.F.);
#13038 = FACE_BOUND('',#13039,.T.);
#13039 = EDGE_LOOP('',(#13040,#13050,#13058,#13066,#13075,#13084,#13093)
  );
#13040 = ORIENTED_EDGE('',*,*,#13041,.F.);
#13041 = EDGE_CURVE('',#13042,#13044,#13046,.T.);
#13042 = VERTEX_POINT('',#13043);
#13043 = CARTESIAN_POINT('',(1.693643564726,1.068484473531,
    0.699999999999));
#13044 = VERTEX_POINT('',#13045);
#13045 = CARTESIAN_POINT('',(1.732800847855,1.068484473531,0.7));
#13046 = LINE('',#13047,#13048);
#13047 = CARTESIAN_POINT('',(1.732800847855,1.068484473531,
    0.699999999999));
#13048 = VECTOR('',#13049,1.);
#13049 = DIRECTION('',(1.,0.,0.));
#13050 = ORIENTED_EDGE('',*,*,#13051,.F.);
#13051 = EDGE_CURVE('',#13052,#13042,#13054,.T.);
#13052 = VERTEX_POINT('',#13053);
#13053 = CARTESIAN_POINT('',(1.693643564726,1.210848127433,
    0.699999999999));
#13054 = LINE('',#13055,#13056);
#13055 = CARTESIAN_POINT('',(1.693643564726,1.068484473531,
    0.699999999999));
#13056 = VECTOR('',#13057,1.);
#13057 = DIRECTION('',(0.,-1.,0.));
#13058 = ORIENTED_EDGE('',*,*,#13059,.F.);
#13059 = EDGE_CURVE('',#13060,#13052,#13062,.T.);
#13060 = VERTEX_POINT('',#13061);
#13061 = CARTESIAN_POINT('',(1.734256508937,1.210848127433,
    0.699999999999));
#13062 = LINE('',#13063,#13064);
#13063 = CARTESIAN_POINT('',(1.693643564726,1.210848127433,
    0.699999999999));
#13064 = VECTOR('',#13065,1.);
#13065 = DIRECTION('',(-1.,0.,0.));
#13066 = ORIENTED_EDGE('',*,*,#13067,.F.);
#13067 = EDGE_CURVE('',#13068,#13060,#13070,.T.);
#13068 = VERTEX_POINT('',#13069);
#13069 = CARTESIAN_POINT('',(1.788079577475,1.19199731641,0.7));
#13070 = B_SPLINE_CURVE_WITH_KNOTS('',3,(#13071,#13072,#13073,#13074),
  .UNSPECIFIED.,.F.,.F.,(4,4),(2.,3.),.PIECEWISE_BEZIER_KNOTS.);
#13071 = CARTESIAN_POINT('',(1.788079577475,1.19199731641,0.7));
#13072 = CARTESIAN_POINT('',(1.773777707337,1.204588784776,0.7));
#13073 = CARTESIAN_POINT('',(1.75583668449,1.210848127433,0.7));
#13074 = CARTESIAN_POINT('',(1.734256508937,1.210848127433,
    0.699999999999));
#13075 = ORIENTED_EDGE('',*,*,#13076,.F.);
#13076 = EDGE_CURVE('',#13077,#13068,#13079,.T.);
#13077 = VERTEX_POINT('',#13078);
#13078 = CARTESIAN_POINT('',(1.809550578448,1.141485876835,0.7));
#13079 = B_SPLINE_CURVE_WITH_KNOTS('',3,(#13080,#13081,#13082,#13083),
  .UNSPECIFIED.,.F.,.F.,(4,4),(3.,4.),.PIECEWISE_BEZIER_KNOTS.);
#13080 = CARTESIAN_POINT('',(1.809550578448,1.141485876835,0.7));
#13081 = CARTESIAN_POINT('',(1.809550578448,1.162592962536,0.7));
#13082 = CARTESIAN_POINT('',(1.802381447614,1.179405848043,0.7));
#13083 = CARTESIAN_POINT('',(1.788079577475,1.19199731641,0.7));
#13084 = ORIENTED_EDGE('',*,*,#13085,.F.);
#13085 = EDGE_CURVE('',#13086,#13077,#13088,.T.);
#13086 = VERTEX_POINT('',#13087);
#13087 = CARTESIAN_POINT('',(1.788079577475,1.088427030365,0.7));
#13088 = B_SPLINE_CURVE_WITH_KNOTS('',3,(#13089,#13090,#13091,#13092),
  .UNSPECIFIED.,.F.,.F.,(4,4),(4.,5.),.PIECEWISE_BEZIER_KNOTS.);
#13089 = CARTESIAN_POINT('',(1.788079577475,1.088427030365,0.7));
#13090 = CARTESIAN_POINT('',(1.802381447614,1.101746329274,0.7));
#13091 = CARTESIAN_POINT('',(1.809550578448,1.119432611429,0.7));
#13092 = CARTESIAN_POINT('',(1.809550578448,1.141485876835,0.7));
#13093 = ORIENTED_EDGE('',*,*,#13094,.F.);
#13094 = EDGE_CURVE('',#13044,#13086,#13095,.T.);
#13095 = B_SPLINE_CURVE_WITH_KNOTS('',3,(#13096,#13097,#13098,#13099),
  .UNSPECIFIED.,.F.,.F.,(4,4),(5.,6.),.PIECEWISE_BEZIER_KNOTS.);
#13096 = CARTESIAN_POINT('',(1.732800847855,1.068484473531,0.7));
#13097 = CARTESIAN_POINT('',(1.755327203112,1.068484473531,0.7));
#13098 = CARTESIAN_POINT('',(1.773777707337,1.075107731457,0.7));
#13099 = CARTESIAN_POINT('',(1.788079577475,1.088427030365,0.7));
#13100 = FACE_BOUND('',#13101,.T.);
#13101 = EDGE_LOOP('',(#13102,#13112,#13120,#13128,#13137,#13146,#13155)
  );
#13102 = ORIENTED_EDGE('',*,*,#13103,.T.);
#13103 = EDGE_CURVE('',#13104,#13106,#13108,.T.);
#13104 = VERTEX_POINT('',#13105);
#13105 = CARTESIAN_POINT('',(1.733528678396,1.194471940251,0.7));
#13106 = VERTEX_POINT('',#13107);
#13107 = CARTESIAN_POINT('',(1.712021285897,1.194471940251,
    0.699999999999));
#13108 = LINE('',#13109,#13110);
#13109 = CARTESIAN_POINT('',(1.733528678396,1.194471940251,
    0.699999999999));
#13110 = VECTOR('',#13111,1.);
#13111 = DIRECTION('',(-1.,0.,0.));
#13112 = ORIENTED_EDGE('',*,*,#13113,.T.);
#13113 = EDGE_CURVE('',#13106,#13114,#13116,.T.);
#13114 = VERTEX_POINT('',#13115);
#13115 = CARTESIAN_POINT('',(1.712021285897,1.084715094604,
    0.699999999999));
#13116 = LINE('',#13117,#13118);
#13117 = CARTESIAN_POINT('',(1.712021285897,1.194471940251,
    0.699999999999));
#13118 = VECTOR('',#13119,1.);
#13119 = DIRECTION('',(0.,-1.,0.));
#13120 = ORIENTED_EDGE('',*,*,#13121,.T.);
#13121 = EDGE_CURVE('',#13114,#13122,#13124,.T.);
#13122 = VERTEX_POINT('',#13123);
#13123 = CARTESIAN_POINT('',(1.732691673273,1.084715094604,
    0.699999999999));
#13124 = LINE('',#13125,#13126);
#13125 = CARTESIAN_POINT('',(1.712021285897,1.084715094604,
    0.699999999999));
#13126 = VECTOR('',#13127,1.);
#13127 = DIRECTION('',(1.,0.,0.));
#13128 = ORIENTED_EDGE('',*,*,#13129,.T.);
#13129 = EDGE_CURVE('',#13122,#13130,#13132,.T.);
#13130 = VERTEX_POINT('',#13131);
#13131 = CARTESIAN_POINT('',(1.775015019257,1.099562837649,0.7));
#13132 = B_SPLINE_CURVE_WITH_KNOTS('',3,(#13133,#13134,#13135,#13136),
  .UNSPECIFIED.,.F.,.F.,(4,4),(2.,3.),.PIECEWISE_BEZIER_KNOTS.);
#13133 = CARTESIAN_POINT('',(1.732691673273,1.084715094604,
    0.699999999999));
#13134 = CARTESIAN_POINT('',(1.750778262227,1.084715094604,0.7));
#13135 = CARTESIAN_POINT('',(1.764898174731,1.089664342285,0.7));
#13136 = CARTESIAN_POINT('',(1.775015019257,1.099562837649,0.7));
#13137 = ORIENTED_EDGE('',*,*,#13138,.T.);
#13138 = EDGE_CURVE('',#13130,#13139,#13141,.T.);
#13139 = VERTEX_POINT('',#13140);
#13140 = CARTESIAN_POINT('',(1.790226677572,1.140976395456,0.7));
#13141 = B_SPLINE_CURVE_WITH_KNOTS('',3,(#13142,#13143,#13144,#13145),
  .UNSPECIFIED.,.F.,.F.,(4,4),(3.,4.),.PIECEWISE_BEZIER_KNOTS.);
#13142 = CARTESIAN_POINT('',(1.775015019257,1.099562837649,0.7));
#13143 = CARTESIAN_POINT('',(1.78516825531,1.109388549959,0.7));
#13144 = CARTESIAN_POINT('',(1.790226677572,1.123217330245,0.7));
#13145 = CARTESIAN_POINT('',(1.790226677572,1.140976395456,0.7));
#13146 = ORIENTED_EDGE('',*,*,#13147,.T.);
#13147 = EDGE_CURVE('',#13139,#13148,#13150,.T.);
#13148 = VERTEX_POINT('',#13149);
#13149 = CARTESIAN_POINT('',(1.774614712459,1.181079858288,0.7));
#13150 = B_SPLINE_CURVE_WITH_KNOTS('',3,(#13151,#13152,#13153,#13154),
  .UNSPECIFIED.,.F.,.F.,(4,4),(4.,5.),.PIECEWISE_BEZIER_KNOTS.);
#13151 = CARTESIAN_POINT('',(1.790226677572,1.140976395456,0.7));
#13152 = CARTESIAN_POINT('',(1.790226677572,1.158735460667,0.7));
#13153 = CARTESIAN_POINT('',(1.785022689201,1.172127542628,0.7));
#13154 = CARTESIAN_POINT('',(1.774614712459,1.181079858288,0.7));
#13155 = ORIENTED_EDGE('',*,*,#13156,.T.);
#13156 = EDGE_CURVE('',#13148,#13104,#13157,.T.);
#13157 = B_SPLINE_CURVE_WITH_KNOTS('',3,(#13158,#13159,#13160,#13161),
  .UNSPECIFIED.,.F.,.F.,(4,4),(5.,6.),.PIECEWISE_BEZIER_KNOTS.);
#13158 = CARTESIAN_POINT('',(1.774614712459,1.181079858288,0.7));
#13159 = CARTESIAN_POINT('',(1.764206735716,1.190032173947,0.7));
#13160 = CARTESIAN_POINT('',(1.750487130011,1.194471940251,0.7));
#13161 = CARTESIAN_POINT('',(1.733528678396,1.194471940251,0.7));
#13162 = PLANE('',#13163);
#13163 = AXIS2_PLACEMENT_3D('',#13164,#13165,#13166);
#13164 = CARTESIAN_POINT('',(1.763897407737,1.206144522558,0.7));
#13165 = DIRECTION('',(0.,0.,1.));
#13166 = DIRECTION('',(1.,0.,-0.));
#13167 = ADVANCED_FACE('',(#13168),#13184,.F.);
#13168 = FACE_BOUND('',#13169,.T.);
#13169 = EDGE_LOOP('',(#13170,#13171,#13177,#13178));
#13170 = ORIENTED_EDGE('',*,*,#13041,.T.);
#13171 = ORIENTED_EDGE('',*,*,#13172,.F.);
#13172 = EDGE_CURVE('',#12914,#13044,#13173,.T.);
#13173 = LINE('',#13174,#13175);
#13174 = CARTESIAN_POINT('',(1.732800847855,1.068484473531,0.701));
#13175 = VECTOR('',#13176,1.);
#13176 = DIRECTION('',(0.,0.,-1.));
#13177 = ORIENTED_EDGE('',*,*,#12911,.F.);
#13178 = ORIENTED_EDGE('',*,*,#13179,.T.);
#13179 = EDGE_CURVE('',#12912,#13042,#13180,.T.);
#13180 = LINE('',#13181,#13182);
#13181 = CARTESIAN_POINT('',(1.693643564726,1.068484473531,0.701));
#13182 = VECTOR('',#13183,1.);
#13183 = DIRECTION('',(0.,0.,-1.));
#13184 = PLANE('',#13185);
#13185 = AXIS2_PLACEMENT_3D('',#13186,#13187,#13188);
#13186 = CARTESIAN_POINT('',(1.732800847855,1.068484473531,0.701));
#13187 = DIRECTION('',(0.,1.,0.));
#13188 = DIRECTION('',(0.,-0.,1.));
#13189 = ADVANCED_FACE('',(#13190),#13201,.F.);
#13190 = FACE_BOUND('',#13191,.F.);
#13191 = EDGE_LOOP('',(#13192,#13193,#13194,#13200));
#13192 = ORIENTED_EDGE('',*,*,#13172,.F.);
#13193 = ORIENTED_EDGE('',*,*,#12921,.T.);
#13194 = ORIENTED_EDGE('',*,*,#13195,.T.);
#13195 = EDGE_CURVE('',#12922,#13086,#13196,.T.);
#13196 = LINE('',#13197,#13198);
#13197 = CARTESIAN_POINT('',(1.788079577475,1.088427030365,0.701));
#13198 = VECTOR('',#13199,1.);
#13199 = DIRECTION('',(0.,0.,-1.));
#13200 = ORIENTED_EDGE('',*,*,#13094,.F.);
#13201 = B_SPLINE_SURFACE_WITH_KNOTS('',3,1,(
    (#13202,#13203)
    ,(#13204,#13205)
    ,(#13206,#13207)
    ,(#13208,#13209
    )),.UNSPECIFIED.,.F.,.F.,.F.,(4,4),(2,2),(5.,6.),(0.,1.),
  .PIECEWISE_BEZIER_KNOTS.);
#13202 = CARTESIAN_POINT('',(1.732800847855,1.068484473531,0.701));
#13203 = CARTESIAN_POINT('',(1.732800847855,1.068484473531,0.7));
#13204 = CARTESIAN_POINT('',(1.755327203112,1.068484473531,0.701));
#13205 = CARTESIAN_POINT('',(1.755327203112,1.068484473531,0.7));
#13206 = CARTESIAN_POINT('',(1.773777707337,1.075107731457,0.701));
#13207 = CARTESIAN_POINT('',(1.773777707337,1.075107731457,0.7));
#13208 = CARTESIAN_POINT('',(1.788079577475,1.088427030365,0.701));
#13209 = CARTESIAN_POINT('',(1.788079577475,1.088427030365,0.7));
#13210 = ADVANCED_FACE('',(#13211),#13222,.F.);
#13211 = FACE_BOUND('',#13212,.F.);
#13212 = EDGE_LOOP('',(#13213,#13214,#13215,#13221));
#13213 = ORIENTED_EDGE('',*,*,#13195,.F.);
#13214 = ORIENTED_EDGE('',*,*,#12930,.T.);
#13215 = ORIENTED_EDGE('',*,*,#13216,.T.);
#13216 = EDGE_CURVE('',#12931,#13077,#13217,.T.);
#13217 = LINE('',#13218,#13219);
#13218 = CARTESIAN_POINT('',(1.809550578448,1.141485876835,0.701));
#13219 = VECTOR('',#13220,1.);
#13220 = DIRECTION('',(0.,0.,-1.));
#13221 = ORIENTED_EDGE('',*,*,#13085,.F.);
#13222 = B_SPLINE_SURFACE_WITH_KNOTS('',3,1,(
    (#13223,#13224)
    ,(#13225,#13226)
    ,(#13227,#13228)
    ,(#13229,#13230
    )),.UNSPECIFIED.,.F.,.F.,.F.,(4,4),(2,2),(4.,5.),(0.,1.),
  .PIECEWISE_BEZIER_KNOTS.);
#13223 = CARTESIAN_POINT('',(1.788079577475,1.088427030365,0.701));
#13224 = CARTESIAN_POINT('',(1.788079577475,1.088427030365,0.7));
#13225 = CARTESIAN_POINT('',(1.802381447614,1.101746329274,0.701));
#13226 = CARTESIAN_POINT('',(1.802381447614,1.101746329274,0.7));
#13227 = CARTESIAN_POINT('',(1.809550578448,1.119432611429,0.701));
#13228 = CARTESIAN_POINT('',(1.809550578448,1.119432611429,0.7));
#13229 = CARTESIAN_POINT('',(1.809550578448,1.141485876835,0.701));
#13230 = CARTESIAN_POINT('',(1.809550578448,1.141485876835,0.7));
#13231 = ADVANCED_FACE('',(#13232),#13243,.F.);
#13232 = FACE_BOUND('',#13233,.F.);
#13233 = EDGE_LOOP('',(#13234,#13235,#13236,#13242));
#13234 = ORIENTED_EDGE('',*,*,#13216,.F.);
#13235 = ORIENTED_EDGE('',*,*,#12939,.T.);
#13236 = ORIENTED_EDGE('',*,*,#13237,.T.);
#13237 = EDGE_CURVE('',#12940,#13068,#13238,.T.);
#13238 = LINE('',#13239,#13240);
#13239 = CARTESIAN_POINT('',(1.788079577475,1.19199731641,0.701));
#13240 = VECTOR('',#13241,1.);
#13241 = DIRECTION('',(0.,0.,-1.));
#13242 = ORIENTED_EDGE('',*,*,#13076,.F.);
#13243 = B_SPLINE_SURFACE_WITH_KNOTS('',3,1,(
    (#13244,#13245)
    ,(#13246,#13247)
    ,(#13248,#13249)
    ,(#13250,#13251
    )),.UNSPECIFIED.,.F.,.F.,.F.,(4,4),(2,2),(3.,4.),(0.,1.),
  .PIECEWISE_BEZIER_KNOTS.);
#13244 = CARTESIAN_POINT('',(1.809550578448,1.141485876835,0.701));
#13245 = CARTESIAN_POINT('',(1.809550578448,1.141485876835,0.7));
#13246 = CARTESIAN_POINT('',(1.809550578448,1.162592962536,0.701));
#13247 = CARTESIAN_POINT('',(1.809550578448,1.162592962536,0.7));
#13248 = CARTESIAN_POINT('',(1.802381447614,1.179405848043,0.701));
#13249 = CARTESIAN_POINT('',(1.802381447614,1.179405848043,0.7));
#13250 = CARTESIAN_POINT('',(1.788079577475,1.19199731641,0.701));
#13251 = CARTESIAN_POINT('',(1.788079577475,1.19199731641,0.7));
#13252 = ADVANCED_FACE('',(#13253),#13264,.F.);
#13253 = FACE_BOUND('',#13254,.F.);
#13254 = EDGE_LOOP('',(#13255,#13256,#13257,#13263));
#13255 = ORIENTED_EDGE('',*,*,#13237,.F.);
#13256 = ORIENTED_EDGE('',*,*,#12948,.T.);
#13257 = ORIENTED_EDGE('',*,*,#13258,.T.);
#13258 = EDGE_CURVE('',#12949,#13060,#13259,.T.);
#13259 = LINE('',#13260,#13261);
#13260 = CARTESIAN_POINT('',(1.734256508937,1.210848127433,0.701));
#13261 = VECTOR('',#13262,1.);
#13262 = DIRECTION('',(0.,0.,-1.));
#13263 = ORIENTED_EDGE('',*,*,#13067,.F.);
#13264 = B_SPLINE_SURFACE_WITH_KNOTS('',3,1,(
    (#13265,#13266)
    ,(#13267,#13268)
    ,(#13269,#13270)
    ,(#13271,#13272
    )),.UNSPECIFIED.,.F.,.F.,.F.,(4,4),(2,2),(2.,3.),(0.,1.),
  .PIECEWISE_BEZIER_KNOTS.);
#13265 = CARTESIAN_POINT('',(1.788079577475,1.19199731641,0.701));
#13266 = CARTESIAN_POINT('',(1.788079577475,1.19199731641,0.699999999999
    ));
#13267 = CARTESIAN_POINT('',(1.773777707337,1.204588784776,0.701));
#13268 = CARTESIAN_POINT('',(1.773777707337,1.204588784776,
    0.699999999999));
#13269 = CARTESIAN_POINT('',(1.75583668449,1.210848127433,0.701));
#13270 = CARTESIAN_POINT('',(1.75583668449,1.210848127433,0.699999999999
    ));
#13271 = CARTESIAN_POINT('',(1.734256508937,1.210848127433,0.701));
#13272 = CARTESIAN_POINT('',(1.734256508937,1.210848127433,
    0.699999999999));
#13273 = ADVANCED_FACE('',(#13274),#13285,.F.);
#13274 = FACE_BOUND('',#13275,.T.);
#13275 = EDGE_LOOP('',(#13276,#13277,#13283,#13284));
#13276 = ORIENTED_EDGE('',*,*,#13059,.T.);
#13277 = ORIENTED_EDGE('',*,*,#13278,.F.);
#13278 = EDGE_CURVE('',#12958,#13052,#13279,.T.);
#13279 = LINE('',#13280,#13281);
#13280 = CARTESIAN_POINT('',(1.693643564726,1.210848127433,0.701));
#13281 = VECTOR('',#13282,1.);
#13282 = DIRECTION('',(0.,0.,-1.));
#13283 = ORIENTED_EDGE('',*,*,#12957,.F.);
#13284 = ORIENTED_EDGE('',*,*,#13258,.T.);
#13285 = PLANE('',#13286);
#13286 = AXIS2_PLACEMENT_3D('',#13287,#13288,#13289);
#13287 = CARTESIAN_POINT('',(1.693643564726,1.210848127433,0.701));
#13288 = DIRECTION('',(0.,-1.,0.));
#13289 = DIRECTION('',(0.,0.,-1.));
#13290 = ADVANCED_FACE('',(#13291),#13297,.F.);
#13291 = FACE_BOUND('',#13292,.T.);
#13292 = EDGE_LOOP('',(#13293,#13294,#13295,#13296));
#13293 = ORIENTED_EDGE('',*,*,#13051,.T.);
#13294 = ORIENTED_EDGE('',*,*,#13179,.F.);
#13295 = ORIENTED_EDGE('',*,*,#12965,.F.);
#13296 = ORIENTED_EDGE('',*,*,#13278,.T.);
#13297 = PLANE('',#13298);
#13298 = AXIS2_PLACEMENT_3D('',#13299,#13300,#13301);
#13299 = CARTESIAN_POINT('',(1.693643564726,1.068484473531,0.701));
#13300 = DIRECTION('',(1.,0.,0.));
#13301 = DIRECTION('',(0.,0.,-1.));
#13302 = ADVANCED_FACE('',(#13303),#13319,.T.);
#13303 = FACE_BOUND('',#13304,.T.);
#13304 = EDGE_LOOP('',(#13305,#13306,#13312,#13313));
#13305 = ORIENTED_EDGE('',*,*,#13103,.F.);
#13306 = ORIENTED_EDGE('',*,*,#13307,.F.);
#13307 = EDGE_CURVE('',#12984,#13104,#13308,.T.);
#13308 = LINE('',#13309,#13310);
#13309 = CARTESIAN_POINT('',(1.733528678396,1.194471940251,0.701));
#13310 = VECTOR('',#13311,1.);
#13311 = DIRECTION('',(0.,0.,-1.));
#13312 = ORIENTED_EDGE('',*,*,#12983,.T.);
#13313 = ORIENTED_EDGE('',*,*,#13314,.T.);
#13314 = EDGE_CURVE('',#12974,#13106,#13315,.T.);
#13315 = LINE('',#13316,#13317);
#13316 = CARTESIAN_POINT('',(1.712021285897,1.194471940251,0.701));
#13317 = VECTOR('',#13318,1.);
#13318 = DIRECTION('',(0.,0.,-1.));
#13319 = PLANE('',#13320);
#13320 = AXIS2_PLACEMENT_3D('',#13321,#13322,#13323);
#13321 = CARTESIAN_POINT('',(1.733528678396,1.194471940251,0.701));
#13322 = DIRECTION('',(0.,-1.,0.));
#13323 = DIRECTION('',(0.,0.,-1.));
#13324 = ADVANCED_FACE('',(#13325),#13336,.T.);
#13325 = FACE_BOUND('',#13326,.T.);
#13326 = EDGE_LOOP('',(#13327,#13328,#13329,#13330));
#13327 = ORIENTED_EDGE('',*,*,#13113,.F.);
#13328 = ORIENTED_EDGE('',*,*,#13314,.F.);
#13329 = ORIENTED_EDGE('',*,*,#12973,.T.);
#13330 = ORIENTED_EDGE('',*,*,#13331,.T.);
#13331 = EDGE_CURVE('',#12976,#13114,#13332,.T.);
#13332 = LINE('',#13333,#13334);
#13333 = CARTESIAN_POINT('',(1.712021285897,1.084715094604,0.701));
#13334 = VECTOR('',#13335,1.);
#13335 = DIRECTION('',(0.,0.,-1.));
#13336 = PLANE('',#13337);
#13337 = AXIS2_PLACEMENT_3D('',#13338,#13339,#13340);
#13338 = CARTESIAN_POINT('',(1.712021285897,1.194471940251,0.701));
#13339 = DIRECTION('',(1.,0.,0.));
#13340 = DIRECTION('',(0.,0.,-1.));
#13341 = ADVANCED_FACE('',(#13342),#13353,.T.);
#13342 = FACE_BOUND('',#13343,.T.);
#13343 = EDGE_LOOP('',(#13344,#13345,#13346,#13347));
#13344 = ORIENTED_EDGE('',*,*,#13121,.F.);
#13345 = ORIENTED_EDGE('',*,*,#13331,.F.);
#13346 = ORIENTED_EDGE('',*,*,#13027,.T.);
#13347 = ORIENTED_EDGE('',*,*,#13348,.T.);
#13348 = EDGE_CURVE('',#13019,#13122,#13349,.T.);
#13349 = LINE('',#13350,#13351);
#13350 = CARTESIAN_POINT('',(1.732691673273,1.084715094604,0.701));
#13351 = VECTOR('',#13352,1.);
#13352 = DIRECTION('',(0.,0.,-1.));
#13353 = PLANE('',#13354);
#13354 = AXIS2_PLACEMENT_3D('',#13355,#13356,#13357);
#13355 = CARTESIAN_POINT('',(1.712021285897,1.084715094604,0.701));
#13356 = DIRECTION('',(0.,1.,0.));
#13357 = DIRECTION('',(0.,-0.,1.));
#13358 = ADVANCED_FACE('',(#13359),#13370,.T.);
#13359 = FACE_BOUND('',#13360,.T.);
#13360 = EDGE_LOOP('',(#13361,#13362,#13363,#13364));
#13361 = ORIENTED_EDGE('',*,*,#13129,.F.);
#13362 = ORIENTED_EDGE('',*,*,#13348,.F.);
#13363 = ORIENTED_EDGE('',*,*,#13018,.T.);
#13364 = ORIENTED_EDGE('',*,*,#13365,.T.);
#13365 = EDGE_CURVE('',#13010,#13130,#13366,.T.);
#13366 = LINE('',#13367,#13368);
#13367 = CARTESIAN_POINT('',(1.775015019257,1.099562837649,0.701));
#13368 = VECTOR('',#13369,1.);
#13369 = DIRECTION('',(0.,0.,-1.));
#13370 = B_SPLINE_SURFACE_WITH_KNOTS('',3,1,(
    (#13371,#13372)
    ,(#13373,#13374)
    ,(#13375,#13376)
    ,(#13377,#13378
    )),.UNSPECIFIED.,.F.,.F.,.F.,(4,4),(2,2),(2.,3.),(0.,1.),
  .PIECEWISE_BEZIER_KNOTS.);
#13371 = CARTESIAN_POINT('',(1.732691673273,1.084715094604,0.701));
#13372 = CARTESIAN_POINT('',(1.732691673273,1.084715094604,
    0.699999999999));
#13373 = CARTESIAN_POINT('',(1.750778262227,1.084715094604,0.701));
#13374 = CARTESIAN_POINT('',(1.750778262227,1.084715094604,
    0.699999999999));
#13375 = CARTESIAN_POINT('',(1.764898174731,1.089664342285,0.701));
#13376 = CARTESIAN_POINT('',(1.764898174731,1.089664342285,
    0.699999999999));
#13377 = CARTESIAN_POINT('',(1.775015019257,1.099562837649,0.701));
#13378 = CARTESIAN_POINT('',(1.775015019257,1.099562837649,
    0.699999999999));
#13379 = ADVANCED_FACE('',(#13380),#13391,.T.);
#13380 = FACE_BOUND('',#13381,.T.);
#13381 = EDGE_LOOP('',(#13382,#13383,#13384,#13385));
#13382 = ORIENTED_EDGE('',*,*,#13138,.F.);
#13383 = ORIENTED_EDGE('',*,*,#13365,.F.);
#13384 = ORIENTED_EDGE('',*,*,#13009,.T.);
#13385 = ORIENTED_EDGE('',*,*,#13386,.T.);
#13386 = EDGE_CURVE('',#13001,#13139,#13387,.T.);
#13387 = LINE('',#13388,#13389);
#13388 = CARTESIAN_POINT('',(1.790226677572,1.140976395456,0.701));
#13389 = VECTOR('',#13390,1.);
#13390 = DIRECTION('',(0.,0.,-1.));
#13391 = B_SPLINE_SURFACE_WITH_KNOTS('',3,1,(
    (#13392,#13393)
    ,(#13394,#13395)
    ,(#13396,#13397)
    ,(#13398,#13399
    )),.UNSPECIFIED.,.F.,.F.,.F.,(4,4),(2,2),(3.,4.),(0.,1.),
  .PIECEWISE_BEZIER_KNOTS.);
#13392 = CARTESIAN_POINT('',(1.775015019257,1.099562837649,0.701));
#13393 = CARTESIAN_POINT('',(1.775015019257,1.099562837649,0.7));
#13394 = CARTESIAN_POINT('',(1.78516825531,1.109388549959,0.701));
#13395 = CARTESIAN_POINT('',(1.78516825531,1.109388549959,0.7));
#13396 = CARTESIAN_POINT('',(1.790226677572,1.123217330245,0.701));
#13397 = CARTESIAN_POINT('',(1.790226677572,1.123217330245,0.7));
#13398 = CARTESIAN_POINT('',(1.790226677572,1.140976395456,0.701));
#13399 = CARTESIAN_POINT('',(1.790226677572,1.140976395456,0.7));
#13400 = ADVANCED_FACE('',(#13401),#13412,.T.);
#13401 = FACE_BOUND('',#13402,.T.);
#13402 = EDGE_LOOP('',(#13403,#13404,#13405,#13406));
#13403 = ORIENTED_EDGE('',*,*,#13147,.F.);
#13404 = ORIENTED_EDGE('',*,*,#13386,.F.);
#13405 = ORIENTED_EDGE('',*,*,#13000,.T.);
#13406 = ORIENTED_EDGE('',*,*,#13407,.T.);
#13407 = EDGE_CURVE('',#12992,#13148,#13408,.T.);
#13408 = LINE('',#13409,#13410);
#13409 = CARTESIAN_POINT('',(1.774614712459,1.181079858288,0.701));
#13410 = VECTOR('',#13411,1.);
#13411 = DIRECTION('',(0.,0.,-1.));
#13412 = B_SPLINE_SURFACE_WITH_KNOTS('',3,1,(
    (#13413,#13414)
    ,(#13415,#13416)
    ,(#13417,#13418)
    ,(#13419,#13420
    )),.UNSPECIFIED.,.F.,.F.,.F.,(4,4),(2,2),(4.,5.),(0.,1.),
  .PIECEWISE_BEZIER_KNOTS.);
#13413 = CARTESIAN_POINT('',(1.790226677572,1.140976395456,0.701));
#13414 = CARTESIAN_POINT('',(1.790226677572,1.140976395456,0.7));
#13415 = CARTESIAN_POINT('',(1.790226677572,1.158735460667,0.701));
#13416 = CARTESIAN_POINT('',(1.790226677572,1.158735460667,0.7));
#13417 = CARTESIAN_POINT('',(1.785022689201,1.172127542628,0.701));
#13418 = CARTESIAN_POINT('',(1.785022689201,1.172127542628,0.7));
#13419 = CARTESIAN_POINT('',(1.774614712459,1.181079858288,0.701));
#13420 = CARTESIAN_POINT('',(1.774614712459,1.181079858288,0.7));
#13421 = ADVANCED_FACE('',(#13422),#13428,.T.);
#13422 = FACE_BOUND('',#13423,.T.);
#13423 = EDGE_LOOP('',(#13424,#13425,#13426,#13427));
#13424 = ORIENTED_EDGE('',*,*,#13156,.F.);
#13425 = ORIENTED_EDGE('',*,*,#13407,.F.);
#13426 = ORIENTED_EDGE('',*,*,#12991,.T.);
#13427 = ORIENTED_EDGE('',*,*,#13307,.T.);
#13428 = B_SPLINE_SURFACE_WITH_KNOTS('',3,1,(
    (#13429,#13430)
    ,(#13431,#13432)
    ,(#13433,#13434)
    ,(#13435,#13436
    )),.UNSPECIFIED.,.F.,.F.,.F.,(4,4),(2,2),(5.,6.),(0.,1.),
  .PIECEWISE_BEZIER_KNOTS.);
#13429 = CARTESIAN_POINT('',(1.774614712459,1.181079858288,0.701));
#13430 = CARTESIAN_POINT('',(1.774614712459,1.181079858288,0.7));
#13431 = CARTESIAN_POINT('',(1.764206735716,1.190032173947,0.701));
#13432 = CARTESIAN_POINT('',(1.764206735716,1.190032173947,0.7));
#13433 = CARTESIAN_POINT('',(1.750487130011,1.194471940251,0.701));
#13434 = CARTESIAN_POINT('',(1.750487130011,1.194471940251,0.7));
#13435 = CARTESIAN_POINT('',(1.733528678396,1.194471940251,0.701));
#13436 = CARTESIAN_POINT('',(1.733528678396,1.194471940251,0.7));
#13437 = ( GEOMETRIC_REPRESENTATION_CONTEXT(3) 
GLOBAL_UNCERTAINTY_ASSIGNED_CONTEXT((#13441)) 
GLOBAL_UNIT_ASSIGNED_CONTEXT((#13438,#13439,#13440)) 
REPRESENTATION_CONTEXT('Context #1',
  '3D Context with UNIT and UNCERTAINTY') );
#13438 = ( LENGTH_UNIT() NAMED_UNIT(*) SI_UNIT(.MILLI.,.METRE.) );
#13439 = ( NAMED_UNIT(*) PLANE_ANGLE_UNIT() SI_UNIT($,.RADIAN.) );
#13440 = ( NAMED_UNIT(*) SI_UNIT($,.STERADIAN.) SOLID_ANGLE_UNIT() );
#13441 = UNCERTAINTY_MEASURE_WITH_UNIT(LENGTH_MEASURE(1.E-07),#13438,
  'distance_accuracy_value','confusion accuracy');
#13442 = CONTEXT_DEPENDENT_SHAPE_REPRESENTATION(#13443,#13445);
#13443 = ( REPRESENTATION_RELATIONSHIP('','',#12904,#32) 
REPRESENTATION_RELATIONSHIP_WITH_TRANSFORMATION(#13444) 
SHAPE_REPRESENTATION_RELATIONSHIP() );
#13444 = ITEM_DEFINED_TRANSFORMATION('','',#11,#77);
#13445 = PRODUCT_DEFINITION_SHAPE('Placement','Placement of an item',
  #13446);
#13446 = NEXT_ASSEMBLY_USAGE_OCCURRENCE('126',
'SOP-8_L4.9-W3.9-P1.27-LS6.0-BL~SOP-8_L4.9-W3.9-P1.27-LS6.0-BL-1~L6m011'
  ,'',#27,#12899,$);
#13447 = PRODUCT_RELATED_PRODUCT_CATEGORY('part',$,(#12901));
#13448 = SHAPE_DEFINITION_REPRESENTATION(#13449,#13455);
#13449 = PRODUCT_DEFINITION_SHAPE('','',#13450);
#13450 = PRODUCT_DEFINITION('design','',#13451,#13454);
#13451 = PRODUCT_DEFINITION_FORMATION('','',#13452);
#13452 = PRODUCT(
'SOP-8_L4.9-W3.9-P1.27-LS6.0-BL~SOP-8_L4.9-W3.9-P1.27-LS6.0-BL-1~L6m012'
  ,
'SOP-8_L4.9-W3.9-P1.27-LS6.0-BL~SOP-8_L4.9-W3.9-P1.27-LS6.0-BL-1~L6m012'
  ,'',(#13453));
#13453 = PRODUCT_CONTEXT('',#2,'mechanical');
#13454 = PRODUCT_DEFINITION_CONTEXT('part definition',#2,'design');
#13455 = ADVANCED_BREP_SHAPE_REPRESENTATION('',(#11,#13456),#13952);
#13456 = MANIFOLD_SOLID_BREP('',#13457);
#13457 = CLOSED_SHELL('',(#13458,#13582,#13706,#13728,#13745,#13762,
    #13779,#13796,#13813,#13830,#13842,#13864,#13881,#13902,#13919,
    #13940));
#13458 = ADVANCED_FACE('',(#13459,#13525),#13577,.F.);
#13459 = FACE_BOUND('',#13460,.T.);
#13460 = EDGE_LOOP('',(#13461,#13471,#13479,#13487,#13495,#13503,#13511,
    #13519));
#13461 = ORIENTED_EDGE('',*,*,#13462,.T.);
#13462 = EDGE_CURVE('',#13463,#13465,#13467,.T.);
#13463 = VERTEX_POINT('',#13464);
#13464 = CARTESIAN_POINT('',(1.945545715112,1.068484473531,0.701));
#13465 = VERTEX_POINT('',#13466);
#13466 = CARTESIAN_POINT('',(1.891322339777,1.210848127433,0.701));
#13467 = LINE('',#13468,#13469);
#13468 = CARTESIAN_POINT('',(1.891322339777,1.210848127433,0.701));
#13469 = VECTOR('',#13470,1.);
#13470 = DIRECTION('',(-0.355935724364,0.934510438744,0.));
#13471 = ORIENTED_EDGE('',*,*,#13472,.T.);
#13472 = EDGE_CURVE('',#13465,#13473,#13475,.T.);
#13473 = VERTEX_POINT('',#13474);
#13474 = CARTESIAN_POINT('',(1.871670915157,1.210848127433,0.701));
#13475 = LINE('',#13476,#13477);
#13476 = CARTESIAN_POINT('',(1.871670915157,1.210848127433,0.701));
#13477 = VECTOR('',#13478,1.);
#13478 = DIRECTION('',(-1.,0.,0.));
#13479 = ORIENTED_EDGE('',*,*,#13480,.T.);
#13480 = EDGE_CURVE('',#13473,#13481,#13483,.T.);
#13481 = VERTEX_POINT('',#13482);
#13482 = CARTESIAN_POINT('',(1.817447539821,1.068484473531,0.701));
#13483 = LINE('',#13484,#13485);
#13484 = CARTESIAN_POINT('',(1.817447539821,1.068484473531,0.701));
#13485 = VECTOR('',#13486,1.);
#13486 = DIRECTION('',(-0.355935724369,-0.934510438742,0.));
#13487 = ORIENTED_EDGE('',*,*,#13488,.T.);
#13488 = EDGE_CURVE('',#13481,#13489,#13491,.T.);
#13489 = VERTEX_POINT('',#13490);
#13490 = CARTESIAN_POINT('',(1.837754011927,1.068484473531,0.701));
#13491 = LINE('',#13492,#13493);
#13492 = CARTESIAN_POINT('',(1.837754011927,1.068484473531,0.701));
#13493 = VECTOR('',#13494,1.);
#13494 = DIRECTION('',(1.,0.,0.));
#13495 = ORIENTED_EDGE('',*,*,#13496,.T.);
#13496 = EDGE_CURVE('',#13489,#13497,#13499,.T.);
#13497 = VERTEX_POINT('',#13498);
#13498 = CARTESIAN_POINT('',(1.851437226105,1.107423407496,0.701));
#13499 = LINE('',#13500,#13501);
#13500 = CARTESIAN_POINT('',(1.851437226105,1.107423407496,0.701));
#13501 = VECTOR('',#13502,1.);
#13502 = DIRECTION('',(0.331528418357,0.94344523308,0.));
#13503 = ORIENTED_EDGE('',*,*,#13504,.T.);
#13504 = EDGE_CURVE('',#13497,#13505,#13507,.T.);
#13505 = VERTEX_POINT('',#13506);
#13506 = CARTESIAN_POINT('',(1.910719023705,1.107423407496,0.701));
#13507 = LINE('',#13508,#13509);
#13508 = CARTESIAN_POINT('',(1.910719023705,1.107423407496,0.701));
#13509 = VECTOR('',#13510,1.);
#13510 = DIRECTION('',(1.,0.,0.));
#13511 = ORIENTED_EDGE('',*,*,#13512,.T.);
#13512 = EDGE_CURVE('',#13505,#13513,#13515,.T.);
#13513 = VERTEX_POINT('',#13514);
#13514 = CARTESIAN_POINT('',(1.925239243007,1.068484473531,0.701));
#13515 = LINE('',#13516,#13517);
#13516 = CARTESIAN_POINT('',(1.925239243007,1.068484473531,0.701));
#13517 = VECTOR('',#13518,1.);
#13518 = DIRECTION('',(0.349395479497,-0.936975345944,0.));
#13519 = ORIENTED_EDGE('',*,*,#13520,.T.);
#13520 = EDGE_CURVE('',#13513,#13463,#13521,.T.);
#13521 = LINE('',#13522,#13523);
#13522 = CARTESIAN_POINT('',(1.945545715112,1.068484473531,0.701));
#13523 = VECTOR('',#13524,1.);
#13524 = DIRECTION('',(1.,0.,0.));
#13525 = FACE_BOUND('',#13526,.T.);
#13526 = EDGE_LOOP('',(#13527,#13537,#13545,#13554,#13562,#13571));
#13527 = ORIENTED_EDGE('',*,*,#13528,.F.);
#13528 = EDGE_CURVE('',#13529,#13531,#13533,.T.);
#13529 = VERTEX_POINT('',#13530);
#13530 = CARTESIAN_POINT('',(1.857259870438,1.123508462462,0.701));
#13531 = VERTEX_POINT('',#13532);
#13532 = CARTESIAN_POINT('',(1.905041945482,1.123508462462,0.701));
#13533 = LINE('',#13534,#13535);
#13534 = CARTESIAN_POINT('',(1.857259870438,1.123508462462,0.701));
#13535 = VECTOR('',#13536,1.);
#13536 = DIRECTION('',(1.,0.,0.));
#13537 = ORIENTED_EDGE('',*,*,#13538,.F.);
#13538 = EDGE_CURVE('',#13539,#13529,#13541,.T.);
#13539 = VERTEX_POINT('',#13540);
#13540 = CARTESIAN_POINT('',(1.878548913774,1.18268108548,0.701));
#13541 = LINE('',#13542,#13543);
#13542 = CARTESIAN_POINT('',(1.878548913774,1.18268108548,0.701));
#13543 = VECTOR('',#13544,1.);
#13544 = DIRECTION('',(-0.338535034295,-0.940953787683,0.));
#13545 = ORIENTED_EDGE('',*,*,#13546,.F.);
#13546 = EDGE_CURVE('',#13547,#13539,#13549,.T.);
#13547 = VERTEX_POINT('',#13548);
#13548 = CARTESIAN_POINT('',(1.880877971506,1.192652363896,0.701));
#13549 = B_SPLINE_CURVE_WITH_KNOTS('',3,(#13550,#13551,#13552,#13553),
  .UNSPECIFIED.,.F.,.F.,(4,4),(3.,4.),.PIECEWISE_BEZIER_KNOTS.);
#13550 = CARTESIAN_POINT('',(1.880877971506,1.192652363896,0.701));
#13551 = CARTESIAN_POINT('',(1.880186532492,1.188358163702,0.701));
#13552 = CARTESIAN_POINT('',(1.879422310424,1.185010143212,0.701));
#13553 = CARTESIAN_POINT('',(1.878548913774,1.18268108548,0.701));
#13554 = ORIENTED_EDGE('',*,*,#13555,.F.);
#13555 = EDGE_CURVE('',#13556,#13547,#13558,.T.);
#13556 = VERTEX_POINT('',#13557);
#13557 = CARTESIAN_POINT('',(1.881314669832,1.192652363896,0.701));
#13558 = LINE('',#13559,#13560);
#13559 = CARTESIAN_POINT('',(1.881314669832,1.192652363896,0.701));
#13560 = VECTOR('',#13561,1.);
#13561 = DIRECTION('',(-1.,0.,0.));
#13562 = ORIENTED_EDGE('',*,*,#13563,.F.);
#13563 = EDGE_CURVE('',#13564,#13556,#13566,.T.);
#13564 = VERTEX_POINT('',#13565);
#13565 = CARTESIAN_POINT('',(1.883534552982,1.18268108548,0.701));
#13566 = B_SPLINE_CURVE_WITH_KNOTS('',3,(#13567,#13568,#13569,#13570),
  .UNSPECIFIED.,.F.,.F.,(4,4),(1.,2.),.PIECEWISE_BEZIER_KNOTS.);
#13567 = CARTESIAN_POINT('',(1.883534552982,1.18268108548,0.701));
#13568 = CARTESIAN_POINT('',(1.882843113969,1.184646227941,0.701));
#13569 = CARTESIAN_POINT('',(1.882115283426,1.187921465378,0.701));
#13570 = CARTESIAN_POINT('',(1.881314669832,1.192652363896,0.701));
#13571 = ORIENTED_EDGE('',*,*,#13572,.F.);
#13572 = EDGE_CURVE('',#13531,#13564,#13573,.T.);
#13573 = LINE('',#13574,#13575);
#13574 = CARTESIAN_POINT('',(1.905041945482,1.123508462462,0.701));
#13575 = VECTOR('',#13576,1.);
#13576 = DIRECTION('',(-0.34160383069,0.939844041774,0.));
#13577 = PLANE('',#13578);
#13578 = AXIS2_PLACEMENT_3D('',#13579,#13580,#13581);
#13579 = CARTESIAN_POINT('',(0.,0.,0.701));
#13580 = DIRECTION('',(0.,0.,-1.));
#13581 = DIRECTION('',(-1.,0.,0.));
#13582 = ADVANCED_FACE('',(#13583,#13649),#13701,.T.);
#13583 = FACE_BOUND('',#13584,.T.);
#13584 = EDGE_LOOP('',(#13585,#13595,#13603,#13611,#13619,#13627,#13635,
    #13643));
#13585 = ORIENTED_EDGE('',*,*,#13586,.F.);
#13586 = EDGE_CURVE('',#13587,#13589,#13591,.T.);
#13587 = VERTEX_POINT('',#13588);
#13588 = CARTESIAN_POINT('',(1.945545715112,1.068484473531,
    0.699999999999));
#13589 = VERTEX_POINT('',#13590);
#13590 = CARTESIAN_POINT('',(1.891322339777,1.210848127433,
    0.699999999999));
#13591 = LINE('',#13592,#13593);
#13592 = CARTESIAN_POINT('',(1.891322339777,1.210848127433,
    0.699999999999));
#13593 = VECTOR('',#13594,1.);
#13594 = DIRECTION('',(-0.355935724364,0.934510438744,0.));
#13595 = ORIENTED_EDGE('',*,*,#13596,.F.);
#13596 = EDGE_CURVE('',#13597,#13587,#13599,.T.);
#13597 = VERTEX_POINT('',#13598);
#13598 = CARTESIAN_POINT('',(1.925239243007,1.068484473531,
    0.699999999999));
#13599 = LINE('',#13600,#13601);
#13600 = CARTESIAN_POINT('',(1.945545715112,1.068484473531,
    0.699999999999));
#13601 = VECTOR('',#13602,1.);
#13602 = DIRECTION('',(1.,0.,0.));
#13603 = ORIENTED_EDGE('',*,*,#13604,.F.);
#13604 = EDGE_CURVE('',#13605,#13597,#13607,.T.);
#13605 = VERTEX_POINT('',#13606);
#13606 = CARTESIAN_POINT('',(1.910719023705,1.107423407496,
    0.699999999999));
#13607 = LINE('',#13608,#13609);
#13608 = CARTESIAN_POINT('',(1.925239243007,1.068484473531,
    0.699999999999));
#13609 = VECTOR('',#13610,1.);
#13610 = DIRECTION('',(0.349395479497,-0.936975345944,0.));
#13611 = ORIENTED_EDGE('',*,*,#13612,.F.);
#13612 = EDGE_CURVE('',#13613,#13605,#13615,.T.);
#13613 = VERTEX_POINT('',#13614);
#13614 = CARTESIAN_POINT('',(1.851437226105,1.107423407496,
    0.699999999999));
#13615 = LINE('',#13616,#13617);
#13616 = CARTESIAN_POINT('',(1.910719023705,1.107423407496,
    0.699999999999));
#13617 = VECTOR('',#13618,1.);
#13618 = DIRECTION('',(1.,0.,0.));
#13619 = ORIENTED_EDGE('',*,*,#13620,.F.);
#13620 = EDGE_CURVE('',#13621,#13613,#13623,.T.);
#13621 = VERTEX_POINT('',#13622);
#13622 = CARTESIAN_POINT('',(1.837754011927,1.068484473531,
    0.699999999999));
#13623 = LINE('',#13624,#13625);
#13624 = CARTESIAN_POINT('',(1.851437226105,1.107423407496,
    0.699999999999));
#13625 = VECTOR('',#13626,1.);
#13626 = DIRECTION('',(0.331528418357,0.94344523308,0.));
#13627 = ORIENTED_EDGE('',*,*,#13628,.F.);
#13628 = EDGE_CURVE('',#13629,#13621,#13631,.T.);
#13629 = VERTEX_POINT('',#13630);
#13630 = CARTESIAN_POINT('',(1.817447539821,1.068484473531,
    0.699999999999));
#13631 = LINE('',#13632,#13633);
#13632 = CARTESIAN_POINT('',(1.837754011927,1.068484473531,
    0.699999999999));
#13633 = VECTOR('',#13634,1.);
#13634 = DIRECTION('',(1.,0.,0.));
#13635 = ORIENTED_EDGE('',*,*,#13636,.F.);
#13636 = EDGE_CURVE('',#13637,#13629,#13639,.T.);
#13637 = VERTEX_POINT('',#13638);
#13638 = CARTESIAN_POINT('',(1.871670915157,1.210848127433,
    0.699999999999));
#13639 = LINE('',#13640,#13641);
#13640 = CARTESIAN_POINT('',(1.817447539821,1.068484473531,
    0.699999999999));
#13641 = VECTOR('',#13642,1.);
#13642 = DIRECTION('',(-0.355935724369,-0.934510438742,0.));
#13643 = ORIENTED_EDGE('',*,*,#13644,.F.);
#13644 = EDGE_CURVE('',#13589,#13637,#13645,.T.);
#13645 = LINE('',#13646,#13647);
#13646 = CARTESIAN_POINT('',(1.871670915157,1.210848127433,
    0.699999999999));
#13647 = VECTOR('',#13648,1.);
#13648 = DIRECTION('',(-1.,0.,0.));
#13649 = FACE_BOUND('',#13650,.T.);
#13650 = EDGE_LOOP('',(#13651,#13661,#13669,#13677,#13686,#13694));
#13651 = ORIENTED_EDGE('',*,*,#13652,.T.);
#13652 = EDGE_CURVE('',#13653,#13655,#13657,.T.);
#13653 = VERTEX_POINT('',#13654);
#13654 = CARTESIAN_POINT('',(1.878548913774,1.18268108548,0.7));
#13655 = VERTEX_POINT('',#13656);
#13656 = CARTESIAN_POINT('',(1.857259870438,1.123508462462,
    0.699999999999));
#13657 = LINE('',#13658,#13659);
#13658 = CARTESIAN_POINT('',(1.878548913774,1.18268108548,0.699999999999
    ));
#13659 = VECTOR('',#13660,1.);
#13660 = DIRECTION('',(-0.338535034295,-0.940953787683,0.));
#13661 = ORIENTED_EDGE('',*,*,#13662,.T.);
#13662 = EDGE_CURVE('',#13655,#13663,#13665,.T.);
#13663 = VERTEX_POINT('',#13664);
#13664 = CARTESIAN_POINT('',(1.905041945482,1.123508462462,
    0.699999999999));
#13665 = LINE('',#13666,#13667);
#13666 = CARTESIAN_POINT('',(1.857259870438,1.123508462462,
    0.699999999999));
#13667 = VECTOR('',#13668,1.);
#13668 = DIRECTION('',(1.,0.,0.));
#13669 = ORIENTED_EDGE('',*,*,#13670,.T.);
#13670 = EDGE_CURVE('',#13663,#13671,#13673,.T.);
#13671 = VERTEX_POINT('',#13672);
#13672 = CARTESIAN_POINT('',(1.883534552982,1.18268108548,0.699999999999
    ));
#13673 = LINE('',#13674,#13675);
#13674 = CARTESIAN_POINT('',(1.905041945482,1.123508462462,
    0.699999999999));
#13675 = VECTOR('',#13676,1.);
#13676 = DIRECTION('',(-0.34160383069,0.939844041774,0.));
#13677 = ORIENTED_EDGE('',*,*,#13678,.T.);
#13678 = EDGE_CURVE('',#13671,#13679,#13681,.T.);
#13679 = VERTEX_POINT('',#13680);
#13680 = CARTESIAN_POINT('',(1.881314669832,1.192652363896,0.7));
#13681 = B_SPLINE_CURVE_WITH_KNOTS('',3,(#13682,#13683,#13684,#13685),
  .UNSPECIFIED.,.F.,.F.,(4,4),(1.,2.),.PIECEWISE_BEZIER_KNOTS.);
#13682 = CARTESIAN_POINT('',(1.883534552982,1.18268108548,0.699999999999
    ));
#13683 = CARTESIAN_POINT('',(1.882843113969,1.184646227941,0.7));
#13684 = CARTESIAN_POINT('',(1.882115283426,1.187921465378,0.7));
#13685 = CARTESIAN_POINT('',(1.881314669832,1.192652363896,0.7));
#13686 = ORIENTED_EDGE('',*,*,#13687,.T.);
#13687 = EDGE_CURVE('',#13679,#13688,#13690,.T.);
#13688 = VERTEX_POINT('',#13689);
#13689 = CARTESIAN_POINT('',(1.880877971506,1.192652363896,
    0.699999999999));
#13690 = LINE('',#13691,#13692);
#13691 = CARTESIAN_POINT('',(1.881314669832,1.192652363896,
    0.699999999999));
#13692 = VECTOR('',#13693,1.);
#13693 = DIRECTION('',(-1.,0.,0.));
#13694 = ORIENTED_EDGE('',*,*,#13695,.T.);
#13695 = EDGE_CURVE('',#13688,#13653,#13696,.T.);
#13696 = B_SPLINE_CURVE_WITH_KNOTS('',3,(#13697,#13698,#13699,#13700),
  .UNSPECIFIED.,.F.,.F.,(4,4),(3.,4.),.PIECEWISE_BEZIER_KNOTS.);
#13697 = CARTESIAN_POINT('',(1.880877971506,1.192652363896,
    0.699999999999));
#13698 = CARTESIAN_POINT('',(1.880186532492,1.188358163702,0.7));
#13699 = CARTESIAN_POINT('',(1.879422310424,1.185010143212,0.7));
#13700 = CARTESIAN_POINT('',(1.878548913774,1.18268108548,0.7));
#13701 = PLANE('',#13702);
#13702 = AXIS2_PLACEMENT_3D('',#13703,#13704,#13705);
#13703 = CARTESIAN_POINT('',(0.,0.,0.699999999999));
#13704 = DIRECTION('',(0.,0.,-1.));
#13705 = DIRECTION('',(-1.,0.,0.));
#13706 = ADVANCED_FACE('',(#13707),#13723,.F.);
#13707 = FACE_BOUND('',#13708,.T.);
#13708 = EDGE_LOOP('',(#13709,#13710,#13716,#13717));
#13709 = ORIENTED_EDGE('',*,*,#13586,.T.);
#13710 = ORIENTED_EDGE('',*,*,#13711,.F.);
#13711 = EDGE_CURVE('',#13465,#13589,#13712,.T.);
#13712 = LINE('',#13713,#13714);
#13713 = CARTESIAN_POINT('',(1.891322339777,1.210848127433,0.701));
#13714 = VECTOR('',#13715,1.);
#13715 = DIRECTION('',(0.,0.,-1.));
#13716 = ORIENTED_EDGE('',*,*,#13462,.F.);
#13717 = ORIENTED_EDGE('',*,*,#13718,.T.);
#13718 = EDGE_CURVE('',#13463,#13587,#13719,.T.);
#13719 = LINE('',#13720,#13721);
#13720 = CARTESIAN_POINT('',(1.945545715112,1.068484473531,0.701));
#13721 = VECTOR('',#13722,1.);
#13722 = DIRECTION('',(0.,0.,-1.));
#13723 = PLANE('',#13724);
#13724 = AXIS2_PLACEMENT_3D('',#13725,#13726,#13727);
#13725 = CARTESIAN_POINT('',(1.891322339777,1.210848127433,0.701));
#13726 = DIRECTION('',(-0.934510438744,-0.355935724364,0.));
#13727 = DIRECTION('',(0.355935724364,-0.934510438744,0.));
#13728 = ADVANCED_FACE('',(#13729),#13740,.F.);
#13729 = FACE_BOUND('',#13730,.T.);
#13730 = EDGE_LOOP('',(#13731,#13732,#13738,#13739));
#13731 = ORIENTED_EDGE('',*,*,#13644,.T.);
#13732 = ORIENTED_EDGE('',*,*,#13733,.F.);
#13733 = EDGE_CURVE('',#13473,#13637,#13734,.T.);
#13734 = LINE('',#13735,#13736);
#13735 = CARTESIAN_POINT('',(1.871670915157,1.210848127433,0.701));
#13736 = VECTOR('',#13737,1.);
#13737 = DIRECTION('',(0.,0.,-1.));
#13738 = ORIENTED_EDGE('',*,*,#13472,.F.);
#13739 = ORIENTED_EDGE('',*,*,#13711,.T.);
#13740 = PLANE('',#13741);
#13741 = AXIS2_PLACEMENT_3D('',#13742,#13743,#13744);
#13742 = CARTESIAN_POINT('',(1.871670915157,1.210848127433,0.701));
#13743 = DIRECTION('',(0.,-1.,0.));
#13744 = DIRECTION('',(0.,0.,-1.));
#13745 = ADVANCED_FACE('',(#13746),#13757,.F.);
#13746 = FACE_BOUND('',#13747,.T.);
#13747 = EDGE_LOOP('',(#13748,#13749,#13755,#13756));
#13748 = ORIENTED_EDGE('',*,*,#13636,.T.);
#13749 = ORIENTED_EDGE('',*,*,#13750,.F.);
#13750 = EDGE_CURVE('',#13481,#13629,#13751,.T.);
#13751 = LINE('',#13752,#13753);
#13752 = CARTESIAN_POINT('',(1.817447539821,1.068484473531,0.701));
#13753 = VECTOR('',#13754,1.);
#13754 = DIRECTION('',(0.,0.,-1.));
#13755 = ORIENTED_EDGE('',*,*,#13480,.F.);
#13756 = ORIENTED_EDGE('',*,*,#13733,.T.);
#13757 = PLANE('',#13758);
#13758 = AXIS2_PLACEMENT_3D('',#13759,#13760,#13761);
#13759 = CARTESIAN_POINT('',(1.817447539821,1.068484473531,0.701));
#13760 = DIRECTION('',(0.934510438742,-0.355935724369,0.));
#13761 = DIRECTION('',(0.355935724369,0.934510438742,0.));
#13762 = ADVANCED_FACE('',(#13763),#13774,.F.);
#13763 = FACE_BOUND('',#13764,.T.);
#13764 = EDGE_LOOP('',(#13765,#13766,#13772,#13773));
#13765 = ORIENTED_EDGE('',*,*,#13628,.T.);
#13766 = ORIENTED_EDGE('',*,*,#13767,.F.);
#13767 = EDGE_CURVE('',#13489,#13621,#13768,.T.);
#13768 = LINE('',#13769,#13770);
#13769 = CARTESIAN_POINT('',(1.837754011927,1.068484473531,0.701));
#13770 = VECTOR('',#13771,1.);
#13771 = DIRECTION('',(0.,0.,-1.));
#13772 = ORIENTED_EDGE('',*,*,#13488,.F.);
#13773 = ORIENTED_EDGE('',*,*,#13750,.T.);
#13774 = PLANE('',#13775);
#13775 = AXIS2_PLACEMENT_3D('',#13776,#13777,#13778);
#13776 = CARTESIAN_POINT('',(1.837754011927,1.068484473531,0.701));
#13777 = DIRECTION('',(0.,1.,0.));
#13778 = DIRECTION('',(0.,-0.,1.));
#13779 = ADVANCED_FACE('',(#13780),#13791,.F.);
#13780 = FACE_BOUND('',#13781,.T.);
#13781 = EDGE_LOOP('',(#13782,#13783,#13789,#13790));
#13782 = ORIENTED_EDGE('',*,*,#13620,.T.);
#13783 = ORIENTED_EDGE('',*,*,#13784,.F.);
#13784 = EDGE_CURVE('',#13497,#13613,#13785,.T.);
#13785 = LINE('',#13786,#13787);
#13786 = CARTESIAN_POINT('',(1.851437226105,1.107423407496,0.701));
#13787 = VECTOR('',#13788,1.);
#13788 = DIRECTION('',(0.,0.,-1.));
#13789 = ORIENTED_EDGE('',*,*,#13496,.F.);
#13790 = ORIENTED_EDGE('',*,*,#13767,.T.);
#13791 = PLANE('',#13792);
#13792 = AXIS2_PLACEMENT_3D('',#13793,#13794,#13795);
#13793 = CARTESIAN_POINT('',(1.851437226105,1.107423407496,0.701));
#13794 = DIRECTION('',(-0.94344523308,0.331528418357,0.));
#13795 = DIRECTION('',(-0.331528418357,-0.94344523308,0.));
#13796 = ADVANCED_FACE('',(#13797),#13808,.F.);
#13797 = FACE_BOUND('',#13798,.T.);
#13798 = EDGE_LOOP('',(#13799,#13800,#13806,#13807));
#13799 = ORIENTED_EDGE('',*,*,#13612,.T.);
#13800 = ORIENTED_EDGE('',*,*,#13801,.F.);
#13801 = EDGE_CURVE('',#13505,#13605,#13802,.T.);
#13802 = LINE('',#13803,#13804);
#13803 = CARTESIAN_POINT('',(1.910719023705,1.107423407496,0.701));
#13804 = VECTOR('',#13805,1.);
#13805 = DIRECTION('',(0.,0.,-1.));
#13806 = ORIENTED_EDGE('',*,*,#13504,.F.);
#13807 = ORIENTED_EDGE('',*,*,#13784,.T.);
#13808 = PLANE('',#13809);
#13809 = AXIS2_PLACEMENT_3D('',#13810,#13811,#13812);
#13810 = CARTESIAN_POINT('',(1.910719023705,1.107423407496,0.701));
#13811 = DIRECTION('',(0.,1.,0.));
#13812 = DIRECTION('',(0.,-0.,1.));
#13813 = ADVANCED_FACE('',(#13814),#13825,.F.);
#13814 = FACE_BOUND('',#13815,.T.);
#13815 = EDGE_LOOP('',(#13816,#13817,#13823,#13824));
#13816 = ORIENTED_EDGE('',*,*,#13604,.T.);
#13817 = ORIENTED_EDGE('',*,*,#13818,.F.);
#13818 = EDGE_CURVE('',#13513,#13597,#13819,.T.);
#13819 = LINE('',#13820,#13821);
#13820 = CARTESIAN_POINT('',(1.925239243007,1.068484473531,0.701));
#13821 = VECTOR('',#13822,1.);
#13822 = DIRECTION('',(0.,0.,-1.));
#13823 = ORIENTED_EDGE('',*,*,#13512,.F.);
#13824 = ORIENTED_EDGE('',*,*,#13801,.T.);
#13825 = PLANE('',#13826);
#13826 = AXIS2_PLACEMENT_3D('',#13827,#13828,#13829);
#13827 = CARTESIAN_POINT('',(1.925239243007,1.068484473531,0.701));
#13828 = DIRECTION('',(0.936975345944,0.349395479497,0.));
#13829 = DIRECTION('',(-0.349395479497,0.936975345944,0.));
#13830 = ADVANCED_FACE('',(#13831),#13837,.F.);
#13831 = FACE_BOUND('',#13832,.T.);
#13832 = EDGE_LOOP('',(#13833,#13834,#13835,#13836));
#13833 = ORIENTED_EDGE('',*,*,#13596,.T.);
#13834 = ORIENTED_EDGE('',*,*,#13718,.F.);
#13835 = ORIENTED_EDGE('',*,*,#13520,.F.);
#13836 = ORIENTED_EDGE('',*,*,#13818,.T.);
#13837 = PLANE('',#13838);
#13838 = AXIS2_PLACEMENT_3D('',#13839,#13840,#13841);
#13839 = CARTESIAN_POINT('',(1.945545715112,1.068484473531,0.701));
#13840 = DIRECTION('',(0.,1.,0.));
#13841 = DIRECTION('',(0.,-0.,1.));
#13842 = ADVANCED_FACE('',(#13843),#13859,.T.);
#13843 = FACE_BOUND('',#13844,.T.);
#13844 = EDGE_LOOP('',(#13845,#13846,#13852,#13853));
#13845 = ORIENTED_EDGE('',*,*,#13662,.F.);
#13846 = ORIENTED_EDGE('',*,*,#13847,.F.);
#13847 = EDGE_CURVE('',#13529,#13655,#13848,.T.);
#13848 = LINE('',#13849,#13850);
#13849 = CARTESIAN_POINT('',(1.857259870438,1.123508462462,0.701));
#13850 = VECTOR('',#13851,1.);
#13851 = DIRECTION('',(0.,0.,-1.));
#13852 = ORIENTED_EDGE('',*,*,#13528,.T.);
#13853 = ORIENTED_EDGE('',*,*,#13854,.T.);
#13854 = EDGE_CURVE('',#13531,#13663,#13855,.T.);
#13855 = LINE('',#13856,#13857);
#13856 = CARTESIAN_POINT('',(1.905041945482,1.123508462462,0.701));
#13857 = VECTOR('',#13858,1.);
#13858 = DIRECTION('',(0.,0.,-1.));
#13859 = PLANE('',#13860);
#13860 = AXIS2_PLACEMENT_3D('',#13861,#13862,#13863);
#13861 = CARTESIAN_POINT('',(1.857259870438,1.123508462462,0.701));
#13862 = DIRECTION('',(0.,1.,0.));
#13863 = DIRECTION('',(0.,-0.,1.));
#13864 = ADVANCED_FACE('',(#13865),#13876,.T.);
#13865 = FACE_BOUND('',#13866,.T.);
#13866 = EDGE_LOOP('',(#13867,#13868,#13869,#13870));
#13867 = ORIENTED_EDGE('',*,*,#13670,.F.);
#13868 = ORIENTED_EDGE('',*,*,#13854,.F.);
#13869 = ORIENTED_EDGE('',*,*,#13572,.T.);
#13870 = ORIENTED_EDGE('',*,*,#13871,.T.);
#13871 = EDGE_CURVE('',#13564,#13671,#13872,.T.);
#13872 = LINE('',#13873,#13874);
#13873 = CARTESIAN_POINT('',(1.883534552982,1.18268108548,0.701));
#13874 = VECTOR('',#13875,1.);
#13875 = DIRECTION('',(0.,0.,-1.));
#13876 = PLANE('',#13877);
#13877 = AXIS2_PLACEMENT_3D('',#13878,#13879,#13880);
#13878 = CARTESIAN_POINT('',(1.905041945482,1.123508462462,0.701));
#13879 = DIRECTION('',(-0.939844041774,-0.34160383069,0.));
#13880 = DIRECTION('',(0.34160383069,-0.939844041774,0.));
#13881 = ADVANCED_FACE('',(#13882),#13893,.T.);
#13882 = FACE_BOUND('',#13883,.T.);
#13883 = EDGE_LOOP('',(#13884,#13885,#13886,#13887));
#13884 = ORIENTED_EDGE('',*,*,#13678,.F.);
#13885 = ORIENTED_EDGE('',*,*,#13871,.F.);
#13886 = ORIENTED_EDGE('',*,*,#13563,.T.);
#13887 = ORIENTED_EDGE('',*,*,#13888,.T.);
#13888 = EDGE_CURVE('',#13556,#13679,#13889,.T.);
#13889 = LINE('',#13890,#13891);
#13890 = CARTESIAN_POINT('',(1.881314669832,1.192652363896,0.701));
#13891 = VECTOR('',#13892,1.);
#13892 = DIRECTION('',(0.,0.,-1.));
#13893 = B_SPLINE_SURFACE_WITH_KNOTS('',3,1,(
    (#13894,#13895)
    ,(#13896,#13897)
    ,(#13898,#13899)
    ,(#13900,#13901
    )),.UNSPECIFIED.,.F.,.F.,.F.,(4,4),(2,2),(1.,2.),(0.,1.),
  .PIECEWISE_BEZIER_KNOTS.);
#13894 = CARTESIAN_POINT('',(1.883534552982,1.18268108548,0.701));
#13895 = CARTESIAN_POINT('',(1.883534552982,1.18268108548,0.699999999999
    ));
#13896 = CARTESIAN_POINT('',(1.882843113969,1.184646227941,0.701));
#13897 = CARTESIAN_POINT('',(1.882843113969,1.184646227941,
    0.699999999999));
#13898 = CARTESIAN_POINT('',(1.882115283426,1.187921465378,0.701));
#13899 = CARTESIAN_POINT('',(1.882115283426,1.187921465378,
    0.699999999999));
#13900 = CARTESIAN_POINT('',(1.881314669832,1.192652363896,0.701));
#13901 = CARTESIAN_POINT('',(1.881314669832,1.192652363896,
    0.699999999999));
#13902 = ADVANCED_FACE('',(#13903),#13914,.T.);
#13903 = FACE_BOUND('',#13904,.T.);
#13904 = EDGE_LOOP('',(#13905,#13906,#13907,#13908));
#13905 = ORIENTED_EDGE('',*,*,#13687,.F.);
#13906 = ORIENTED_EDGE('',*,*,#13888,.F.);
#13907 = ORIENTED_EDGE('',*,*,#13555,.T.);
#13908 = ORIENTED_EDGE('',*,*,#13909,.T.);
#13909 = EDGE_CURVE('',#13547,#13688,#13910,.T.);
#13910 = LINE('',#13911,#13912);
#13911 = CARTESIAN_POINT('',(1.880877971506,1.192652363896,0.701));
#13912 = VECTOR('',#13913,1.);
#13913 = DIRECTION('',(0.,0.,-1.));
#13914 = PLANE('',#13915);
#13915 = AXIS2_PLACEMENT_3D('',#13916,#13917,#13918);
#13916 = CARTESIAN_POINT('',(1.881314669832,1.192652363896,0.701));
#13917 = DIRECTION('',(0.,-1.,0.));
#13918 = DIRECTION('',(0.,0.,-1.));
#13919 = ADVANCED_FACE('',(#13920),#13931,.T.);
#13920 = FACE_BOUND('',#13921,.T.);
#13921 = EDGE_LOOP('',(#13922,#13923,#13924,#13925));
#13922 = ORIENTED_EDGE('',*,*,#13695,.F.);
#13923 = ORIENTED_EDGE('',*,*,#13909,.F.);
#13924 = ORIENTED_EDGE('',*,*,#13546,.T.);
#13925 = ORIENTED_EDGE('',*,*,#13926,.T.);
#13926 = EDGE_CURVE('',#13539,#13653,#13927,.T.);
#13927 = LINE('',#13928,#13929);
#13928 = CARTESIAN_POINT('',(1.878548913774,1.18268108548,0.701));
#13929 = VECTOR('',#13930,1.);
#13930 = DIRECTION('',(0.,0.,-1.));
#13931 = B_SPLINE_SURFACE_WITH_KNOTS('',3,1,(
    (#13932,#13933)
    ,(#13934,#13935)
    ,(#13936,#13937)
    ,(#13938,#13939
    )),.UNSPECIFIED.,.F.,.F.,.F.,(4,4),(2,2),(3.,4.),(0.,1.),
  .PIECEWISE_BEZIER_KNOTS.);
#13932 = CARTESIAN_POINT('',(1.880877971506,1.192652363896,0.701));
#13933 = CARTESIAN_POINT('',(1.880877971506,1.192652363896,
    0.699999999999));
#13934 = CARTESIAN_POINT('',(1.880186532492,1.188358163702,0.701));
#13935 = CARTESIAN_POINT('',(1.880186532492,1.188358163702,
    0.699999999999));
#13936 = CARTESIAN_POINT('',(1.879422310424,1.185010143212,0.701));
#13937 = CARTESIAN_POINT('',(1.879422310424,1.185010143212,
    0.699999999999));
#13938 = CARTESIAN_POINT('',(1.878548913774,1.18268108548,0.701));
#13939 = CARTESIAN_POINT('',(1.878548913774,1.18268108548,0.699999999999
    ));
#13940 = ADVANCED_FACE('',(#13941),#13947,.T.);
#13941 = FACE_BOUND('',#13942,.T.);
#13942 = EDGE_LOOP('',(#13943,#13944,#13945,#13946));
#13943 = ORIENTED_EDGE('',*,*,#13652,.F.);
#13944 = ORIENTED_EDGE('',*,*,#13926,.F.);
#13945 = ORIENTED_EDGE('',*,*,#13538,.T.);
#13946 = ORIENTED_EDGE('',*,*,#13847,.T.);
#13947 = PLANE('',#13948);
#13948 = AXIS2_PLACEMENT_3D('',#13949,#13950,#13951);
#13949 = CARTESIAN_POINT('',(1.878548913774,1.18268108548,0.701));
#13950 = DIRECTION('',(0.940953787683,-0.338535034295,0.));
#13951 = DIRECTION('',(0.338535034295,0.940953787683,0.));
#13952 = ( GEOMETRIC_REPRESENTATION_CONTEXT(3) 
GLOBAL_UNCERTAINTY_ASSIGNED_CONTEXT((#13956)) 
GLOBAL_UNIT_ASSIGNED_CONTEXT((#13953,#13954,#13955)) 
REPRESENTATION_CONTEXT('Context #1',
  '3D Context with UNIT and UNCERTAINTY') );
#13953 = ( LENGTH_UNIT() NAMED_UNIT(*) SI_UNIT(.MILLI.,.METRE.) );
#13954 = ( NAMED_UNIT(*) PLANE_ANGLE_UNIT() SI_UNIT($,.RADIAN.) );
#13955 = ( NAMED_UNIT(*) SI_UNIT($,.STERADIAN.) SOLID_ANGLE_UNIT() );
#13956 = UNCERTAINTY_MEASURE_WITH_UNIT(LENGTH_MEASURE(1.E-07),#13953,
  'distance_accuracy_value','confusion accuracy');
#13957 = CONTEXT_DEPENDENT_SHAPE_REPRESENTATION(#13958,#13960);
#13958 = ( REPRESENTATION_RELATIONSHIP('','',#13455,#32) 
REPRESENTATION_RELATIONSHIP_WITH_TRANSFORMATION(#13959) 
SHAPE_REPRESENTATION_RELATIONSHIP() );
#13959 = ITEM_DEFINED_TRANSFORMATION('','',#11,#81);
#13960 = PRODUCT_DEFINITION_SHAPE('Placement','Placement of an item',
  #13961);
#13961 = NEXT_ASSEMBLY_USAGE_OCCURRENCE('127',
'SOP-8_L4.9-W3.9-P1.27-LS6.0-BL~SOP-8_L4.9-W3.9-P1.27-LS6.0-BL-1~L6m012'
  ,'',#27,#13450,$);
#13962 = PRODUCT_RELATED_PRODUCT_CATEGORY('part',$,(#13452));
#13963 = SHAPE_DEFINITION_REPRESENTATION(#13964,#13970);
#13964 = PRODUCT_DEFINITION_SHAPE('','',#13965);
#13965 = PRODUCT_DEFINITION('design','',#13966,#13969);
#13966 = PRODUCT_DEFINITION_FORMATION('','',#13967);
#13967 = PRODUCT(
'SOP-8_L4.9-W3.9-P1.27-LS6.0-BL~SOP-8_L4.9-W3.9-P1.27-LS6.0-BL-1~L6m013'
  ,
'SOP-8_L4.9-W3.9-P1.27-LS6.0-BL~SOP-8_L4.9-W3.9-P1.27-LS6.0-BL-1~L6m013'
  ,'',(#13968));
#13968 = PRODUCT_CONTEXT('',#2,'mechanical');
#13969 = PRODUCT_DEFINITION_CONTEXT('part definition',#2,'design');
#13970 = ADVANCED_BREP_SHAPE_REPRESENTATION('',(#11,#13971),#15340);
#13971 = MANIFOLD_SOLID_BREP('',#13972);
#13972 = CLOSED_SHELL('',(#13973,#14298,#14623,#14649,#14670,#14691,
    #14712,#14733,#14754,#14775,#14796,#14817,#14838,#14859,#14880,
    #14897,#14914,#14931,#14948,#14969,#14990,#15011,#15032,#15053,
    #15074,#15095,#15112,#15133,#15154,#15171,#15192,#15213,#15234,
    #15251,#15272,#15288,#15320));
#13973 = ADVANCED_FACE('',(#13974,#14268),#14293,.F.);
#13974 = FACE_BOUND('',#13975,.T.);
#13975 = EDGE_LOOP('',(#13976,#13987,#13996,#14005,#14014,#14023,#14032,
    #14041,#14050,#14059,#14068,#14077,#14086,#14095,#14103,#14111,
    #14119,#14128,#14137,#14146,#14155,#14164,#14173,#14182,#14191,
    #14200,#14209,#14217,#14226,#14235,#14244,#14252,#14261));
#13976 = ORIENTED_EDGE('',*,*,#13977,.T.);
#13977 = EDGE_CURVE('',#13978,#13980,#13982,.T.);
#13978 = VERTEX_POINT('',#13979);
#13979 = CARTESIAN_POINT('',(1.079323577768,1.209697475838,0.701));
#13980 = VERTEX_POINT('',#13981);
#13981 = CARTESIAN_POINT('',(0.979116690014,1.342294464629,0.701));
#13982 = B_SPLINE_CURVE_WITH_KNOTS('',3,(#13983,#13984,#13985,#13986),
  .UNSPECIFIED.,.F.,.F.,(4,4),(35.,36.),.PIECEWISE_BEZIER_KNOTS.);
#13983 = CARTESIAN_POINT('',(1.079323577768,1.209697475838,0.701));
#13984 = CARTESIAN_POINT('',(1.078311402193,1.27042889839,0.701));
#13985 = CARTESIAN_POINT('',(1.03681154723,1.324075034001,0.701));
#13986 = CARTESIAN_POINT('',(0.979116690014,1.342294464629,0.701));
#13987 = ORIENTED_EDGE('',*,*,#13988,.T.);
#13988 = EDGE_CURVE('',#13980,#13989,#13991,.T.);
#13989 = VERTEX_POINT('',#13990);
#13990 = CARTESIAN_POINT('',(0.924458359522,1.422257556126,0.701));
#13991 = B_SPLINE_CURVE_WITH_KNOTS('',3,(#13992,#13993,#13994,#13995),
  .UNSPECIFIED.,.F.,.F.,(4,4),(0.,1.),.PIECEWISE_BEZIER_KNOTS.);
#13992 = CARTESIAN_POINT('',(0.979116690014,1.342294464629,0.701));
#13993 = CARTESIAN_POINT('',(0.967982604246,1.37266019521,0.701));
#13994 = CARTESIAN_POINT('',(0.948750959432,1.399989350804,0.701));
#13995 = CARTESIAN_POINT('',(0.924458359522,1.422257556126,0.701));
#13996 = ORIENTED_EDGE('',*,*,#13997,.T.);
#13997 = EDGE_CURVE('',#13989,#13998,#14000,.T.);
#13998 = VERTEX_POINT('',#13999);
#13999 = CARTESIAN_POINT('',(0.786800396328,1.474891492031,0.701));
#14000 = B_SPLINE_CURVE_WITH_KNOTS('',3,(#14001,#14002,#14003,#14004),
  .UNSPECIFIED.,.F.,.F.,(4,4),(1.,2.),.PIECEWISE_BEZIER_KNOTS.);
#14001 = CARTESIAN_POINT('',(0.924458359522,1.422257556126,0.701));
#14002 = CARTESIAN_POINT('',(0.885995108507,1.455659862904,0.701));
#14003 = CARTESIAN_POINT('',(0.837409947298,1.474891492031,0.701));
#14004 = CARTESIAN_POINT('',(0.786800396328,1.474891492031,0.701));
#14005 = ORIENTED_EDGE('',*,*,#14006,.T.);
#14006 = EDGE_CURVE('',#13998,#14007,#14009,.T.);
#14007 = VERTEX_POINT('',#14008);
#14008 = CARTESIAN_POINT('',(0.665337474,1.435416041309,0.701));
#14009 = B_SPLINE_CURVE_WITH_KNOTS('',3,(#14010,#14011,#14012,#14013),
  .UNSPECIFIED.,.F.,.F.,(4,4),(2.,3.),.PIECEWISE_BEZIER_KNOTS.);
#14010 = CARTESIAN_POINT('',(0.786800396328,1.474891492031,0.701));
#14011 = CARTESIAN_POINT('',(0.742263995336,1.474891492031,0.701));
#14012 = CARTESIAN_POINT('',(0.700764159679,1.460720818001,0.701));
#14013 = CARTESIAN_POINT('',(0.665337474,1.435416041309,0.701));
#14014 = ORIENTED_EDGE('',*,*,#14015,.T.);
#14015 = EDGE_CURVE('',#14007,#14016,#14018,.T.);
#14016 = VERTEX_POINT('',#14017);
#14017 = CARTESIAN_POINT('',(0.620801073007,1.39087963549,0.701));
#14018 = B_SPLINE_CURVE_WITH_KNOTS('',3,(#14019,#14020,#14021,#14022),
  .UNSPECIFIED.,.F.,.F.,(4,4),(3.,4.),.PIECEWISE_BEZIER_KNOTS.);
#14019 = CARTESIAN_POINT('',(0.665337474,1.435416041309,0.701));
#14020 = CARTESIAN_POINT('',(0.648130218947,1.42326974618,0.701));
#14021 = CARTESIAN_POINT('',(0.633959548537,1.40808688089,0.701));
#14022 = CARTESIAN_POINT('',(0.620801073007,1.39087963549,0.701));
#14023 = ORIENTED_EDGE('',*,*,#14024,.T.);
#14024 = EDGE_CURVE('',#14016,#14025,#14027,.T.);
#14025 = VERTEX_POINT('',#14026);
#14026 = CARTESIAN_POINT('',(0.597520687283,1.392904015598,0.701));
#14027 = B_SPLINE_CURVE_WITH_KNOTS('',3,(#14028,#14029,#14030,#14031),
  .UNSPECIFIED.,.F.,.F.,(4,4),(4.,5.),.PIECEWISE_BEZIER_KNOTS.);
#14028 = CARTESIAN_POINT('',(0.620801073007,1.39087963549,0.701));
#14029 = CARTESIAN_POINT('',(0.612703552574,1.391891830371,0.701));
#14030 = CARTESIAN_POINT('',(0.605618207716,1.392904015598,0.701));
#14031 = CARTESIAN_POINT('',(0.597520687283,1.392904015598,0.701));
#14032 = ORIENTED_EDGE('',*,*,#14033,.T.);
#14033 = EDGE_CURVE('',#14025,#14034,#14036,.T.);
#14034 = VERTEX_POINT('',#14035);
#14035 = CARTESIAN_POINT('',(0.481118720052,1.344318844737,0.701));
#14036 = B_SPLINE_CURVE_WITH_KNOTS('',3,(#14037,#14038,#14039,#14040),
  .UNSPECIFIED.,.F.,.F.,(4,4),(5.,6.),.PIECEWISE_BEZIER_KNOTS.);
#14037 = CARTESIAN_POINT('',(0.597520687283,1.392904015598,0.701));
#14038 = CARTESIAN_POINT('',(0.553996471519,1.392904015598,0.701));
#14039 = CARTESIAN_POINT('',(0.512496645515,1.3756967702,0.701));
#14040 = CARTESIAN_POINT('',(0.481118720052,1.344318844737,0.701));
#14041 = ORIENTED_EDGE('',*,*,#14042,.T.);
#14042 = EDGE_CURVE('',#14034,#14043,#14045,.T.);
#14043 = VERTEX_POINT('',#14044);
#14044 = CARTESIAN_POINT('',(0.433545715112,1.22892908204,0.701));
#14045 = B_SPLINE_CURVE_WITH_KNOTS('',3,(#14046,#14047,#14048,#14049),
  .UNSPECIFIED.,.F.,.F.,(4,4),(6.,7.),.PIECEWISE_BEZIER_KNOTS.);
#14046 = CARTESIAN_POINT('',(0.481118720052,1.344318844737,0.701));
#14047 = CARTESIAN_POINT('',(0.450752962924,1.313953123807,0.701));
#14048 = CARTESIAN_POINT('',(0.433545715112,1.27245328815,0.701));
#14049 = CARTESIAN_POINT('',(0.433545715112,1.22892908204,0.701));
#14050 = ORIENTED_EDGE('',*,*,#14051,.T.);
#14051 = EDGE_CURVE('',#14043,#14052,#14054,.T.);
#14052 = VERTEX_POINT('',#14053);
#14053 = CARTESIAN_POINT('',(0.476057735997,1.118600284091,0.701));
#14054 = B_SPLINE_CURVE_WITH_KNOTS('',3,(#14055,#14056,#14057,#14058),
  .UNSPECIFIED.,.F.,.F.,(4,4),(7.,8.),.PIECEWISE_BEZIER_KNOTS.);
#14055 = CARTESIAN_POINT('',(0.433545715112,1.22892908204,0.701));
#14056 = CARTESIAN_POINT('',(0.433545715112,1.188441441263,0.701));
#14057 = CARTESIAN_POINT('',(0.448728580403,1.148965976061,0.701));
#14058 = CARTESIAN_POINT('',(0.476057735997,1.118600284091,0.701));
#14059 = ORIENTED_EDGE('',*,*,#14060,.T.);
#14060 = EDGE_CURVE('',#14052,#14061,#14063,.T.);
#14061 = VERTEX_POINT('',#14062);
#14062 = CARTESIAN_POINT('',(0.557033017548,1.070015122883,0.701));
#14063 = B_SPLINE_CURVE_WITH_KNOTS('',3,(#14064,#14065,#14066,#14067),
  .UNSPECIFIED.,.F.,.F.,(4,4),(8.,9.),.PIECEWISE_BEZIER_KNOTS.);
#14064 = CARTESIAN_POINT('',(0.476057735997,1.118600284091,0.701));
#14065 = CARTESIAN_POINT('',(0.498325936492,1.094307684181,0.701));
#14066 = CARTESIAN_POINT('',(0.525655101739,1.078112643316,0.701));
#14067 = CARTESIAN_POINT('',(0.557033017548,1.070015122883,0.701));
#14068 = ORIENTED_EDGE('',*,*,#14069,.T.);
#14069 = EDGE_CURVE('',#14061,#14070,#14072,.T.);
#14070 = VERTEX_POINT('',#14071);
#14071 = CARTESIAN_POINT('',(0.653191174045,1.001186141286,0.701));
#14072 = B_SPLINE_CURVE_WITH_KNOTS('',3,(#14073,#14074,#14075,#14076),
  .UNSPECIFIED.,.F.,.F.,(4,4),(9.,10.),.PIECEWISE_BEZIER_KNOTS.);
#14073 = CARTESIAN_POINT('',(0.557033017548,1.070015122883,0.701));
#14074 = CARTESIAN_POINT('',(0.570191502731,1.029527482106,0.701));
#14075 = CARTESIAN_POINT('',(0.608654753746,1.001186141286,0.701));
#14076 = CARTESIAN_POINT('',(0.653191174045,1.001186141286,0.701));
#14077 = ORIENTED_EDGE('',*,*,#14078,.T.);
#14078 = EDGE_CURVE('',#14070,#14079,#14081,.T.);
#14079 = VERTEX_POINT('',#14080);
#14080 = CARTESIAN_POINT('',(0.754410275985,1.102405243225,0.701));
#14081 = B_SPLINE_CURVE_WITH_KNOTS('',3,(#14082,#14083,#14084,#14085),
  .UNSPECIFIED.,.F.,.F.,(4,4),(10.,11.),.PIECEWISE_BEZIER_KNOTS.);
#14082 = CARTESIAN_POINT('',(0.653191174045,1.001186141286,0.701));
#14083 = CARTESIAN_POINT('',(0.708861680111,1.001186141286,0.701));
#14084 = CARTESIAN_POINT('',(0.754410275985,1.046734737158,0.701));
#14085 = CARTESIAN_POINT('',(0.754410275985,1.102405243225,0.701));
#14086 = ORIENTED_EDGE('',*,*,#14087,.T.);
#14087 = EDGE_CURVE('',#14079,#14088,#14090,.T.);
#14088 = VERTEX_POINT('',#14089);
#14089 = CARTESIAN_POINT('',(0.754410275985,1.11252715342,0.701));
#14090 = B_SPLINE_CURVE_WITH_KNOTS('',3,(#14091,#14092,#14093,#14094),
  .UNSPECIFIED.,.F.,.F.,(4,4),(11.,12.),.PIECEWISE_BEZIER_KNOTS.);
#14091 = CARTESIAN_POINT('',(0.754410275985,1.102405243225,0.701));
#14092 = CARTESIAN_POINT('',(0.754410275985,1.105441808562,0.701));
#14093 = CARTESIAN_POINT('',(0.754410275985,1.108478373898,0.701));
#14094 = CARTESIAN_POINT('',(0.754410275985,1.11252715342,0.701));
#14095 = ORIENTED_EDGE('',*,*,#14096,.T.);
#14096 = EDGE_CURVE('',#14088,#14097,#14099,.T.);
#14097 = VERTEX_POINT('',#14098);
#14098 = CARTESIAN_POINT('',(0.896117018701,1.187429284994,0.701));
#14099 = LINE('',#14100,#14101);
#14100 = CARTESIAN_POINT('',(0.754410275985,1.11252715342,0.701));
#14101 = VECTOR('',#14102,1.);
#14102 = DIRECTION('',(0.884094950248,0.467307306754,0.));
#14103 = ORIENTED_EDGE('',*,*,#14104,.T.);
#14104 = EDGE_CURVE('',#14097,#14105,#14107,.T.);
#14105 = VERTEX_POINT('',#14106);
#14106 = CARTESIAN_POINT('',(0.864739112544,1.241075420606,0.701));
#14107 = LINE('',#14108,#14109);
#14108 = CARTESIAN_POINT('',(0.896117018701,1.187429284994,0.701));
#14109 = VECTOR('',#14110,1.);
#14110 = DIRECTION('',(-0.504883048649,0.863187758942,0.));
#14111 = ORIENTED_EDGE('',*,*,#14112,.T.);
#14112 = EDGE_CURVE('',#14105,#14113,#14115,.T.);
#14113 = VERTEX_POINT('',#14114);
#14114 = CARTESIAN_POINT('',(0.729105519806,1.170222049248,0.701));
#14115 = LINE('',#14116,#14117);
#14116 = CARTESIAN_POINT('',(0.864739112544,1.241075420606,0.701));
#14117 = VECTOR('',#14118,1.);
#14118 = DIRECTION('',(-0.886348842796,-0.463018065387,0.));
#14119 = ORIENTED_EDGE('',*,*,#14120,.T.);
#14120 = EDGE_CURVE('',#14113,#14121,#14123,.T.);
#14121 = VERTEX_POINT('',#14122);
#14122 = CARTESIAN_POINT('',(0.653191193351,1.204636540047,0.701));
#14123 = B_SPLINE_CURVE_WITH_KNOTS('',3,(#14124,#14125,#14126,#14127),
  .UNSPECIFIED.,.F.,.F.,(4,4),(15.,16.),.PIECEWISE_BEZIER_KNOTS.);
#14124 = CARTESIAN_POINT('',(0.729105519806,1.170222049248,0.701));
#14125 = CARTESIAN_POINT('',(0.710886089179,1.191478064517,0.701));
#14126 = CARTESIAN_POINT('',(0.683556923933,1.204636540047,0.701));
#14127 = CARTESIAN_POINT('',(0.653191193351,1.204636540047,0.701));
#14128 = ORIENTED_EDGE('',*,*,#14129,.T.);
#14129 = EDGE_CURVE('',#14121,#14130,#14132,.T.);
#14130 = VERTEX_POINT('',#14131);
#14131 = CARTESIAN_POINT('',(0.558045241388,1.137831928905,0.701));
#14132 = B_SPLINE_CURVE_WITH_KNOTS('',3,(#14133,#14134,#14135,#14136),
  .UNSPECIFIED.,.F.,.F.,(4,4),(16.,17.),.PIECEWISE_BEZIER_KNOTS.);
#14133 = CARTESIAN_POINT('',(0.653191193351,1.204636540047,0.701));
#14134 = CARTESIAN_POINT('',(0.609666967933,1.204636540047,0.701));
#14135 = CARTESIAN_POINT('',(0.572215911799,1.176295199226,0.701));
#14136 = CARTESIAN_POINT('',(0.558045241388,1.137831928905,0.701));
#14137 = ORIENTED_EDGE('',*,*,#14138,.T.);
#14138 = EDGE_CURVE('',#14130,#14139,#14141,.T.);
#14139 = VERTEX_POINT('',#14140);
#14140 = CARTESIAN_POINT('',(0.497313780224,1.230953510412,0.701));
#14141 = B_SPLINE_CURVE_WITH_KNOTS('',3,(#14142,#14143,#14144,#14145),
  .UNSPECIFIED.,.F.,.F.,(4,4),(17.,18.),.PIECEWISE_BEZIER_KNOTS.);
#14142 = CARTESIAN_POINT('',(0.558045241388,1.137831928905,0.701));
#14143 = CARTESIAN_POINT('',(0.522618555709,1.154026989076,0.701));
#14144 = CARTESIAN_POINT('',(0.497313780224,1.189453674755,0.701));
#14145 = CARTESIAN_POINT('',(0.497313780224,1.230953510412,0.701));
#14146 = ORIENTED_EDGE('',*,*,#14147,.T.);
#14147 = EDGE_CURVE('',#14139,#14148,#14150,.T.);
#14148 = VERTEX_POINT('',#14149);
#14149 = CARTESIAN_POINT('',(0.598532882164,1.332172612352,0.701));
#14150 = B_SPLINE_CURVE_WITH_KNOTS('',3,(#14151,#14152,#14153,#14154),
  .UNSPECIFIED.,.F.,.F.,(4,4),(18.,19.),.PIECEWISE_BEZIER_KNOTS.);
#14151 = CARTESIAN_POINT('',(0.497313780224,1.230953510412,0.701));
#14152 = CARTESIAN_POINT('',(0.497313780224,1.28662401648,0.701));
#14153 = CARTESIAN_POINT('',(0.542862376097,1.332172612352,0.701));
#14154 = CARTESIAN_POINT('',(0.598532882164,1.332172612352,0.701));
#14155 = ORIENTED_EDGE('',*,*,#14156,.T.);
#14156 = EDGE_CURVE('',#14148,#14157,#14159,.T.);
#14157 = VERTEX_POINT('',#14158);
#14158 = CARTESIAN_POINT('',(0.65217899847,1.316989747061,0.701));
#14159 = B_SPLINE_CURVE_WITH_KNOTS('',3,(#14160,#14161,#14162,#14163),
  .UNSPECIFIED.,.F.,.F.,(4,4),(19.,20.),.PIECEWISE_BEZIER_KNOTS.);
#14160 = CARTESIAN_POINT('',(0.598532882164,1.332172612352,0.701));
#14161 = CARTESIAN_POINT('',(0.617764507672,1.332172612352,0.701));
#14162 = CARTESIAN_POINT('',(0.636996133179,1.326099462375,0.701));
#14163 = CARTESIAN_POINT('',(0.65217899847,1.316989747061,0.701));
#14164 = ORIENTED_EDGE('',*,*,#14165,.T.);
#14165 = EDGE_CURVE('',#14157,#14166,#14168,.T.);
#14166 = VERTEX_POINT('',#14167);
#14167 = CARTESIAN_POINT('',(0.787812571903,1.414160030867,0.701));
#14168 = B_SPLINE_CURVE_WITH_KNOTS('',3,(#14169,#14170,#14171,#14172),
  .UNSPECIFIED.,.F.,.F.,(4,4),(20.,21.),.PIECEWISE_BEZIER_KNOTS.);
#14169 = CARTESIAN_POINT('',(0.65217899847,1.316989747061,0.701));
#14170 = CARTESIAN_POINT('',(0.671410604671,1.373672390091,0.701));
#14171 = CARTESIAN_POINT('',(0.724044545402,1.414160030867,0.701));
#14172 = CARTESIAN_POINT('',(0.787812571903,1.414160030867,0.701));
#14173 = ORIENTED_EDGE('',*,*,#14174,.T.);
#14174 = EDGE_CURVE('',#14166,#14175,#14177,.T.);
#14175 = VERTEX_POINT('',#14176);
#14176 = CARTESIAN_POINT('',(0.929519314619,1.287636153442,0.701));
#14177 = B_SPLINE_CURVE_WITH_KNOTS('',3,(#14178,#14179,#14180,#14181),
  .UNSPECIFIED.,.F.,.F.,(4,4),(21.,22.),.PIECEWISE_BEZIER_KNOTS.);
#14178 = CARTESIAN_POINT('',(0.787812571903,1.414160030867,0.701));
#14179 = CARTESIAN_POINT('',(0.860690333022,1.414160030867,0.701));
#14180 = CARTESIAN_POINT('',(0.921421794186,1.3584895248,0.701));
#14181 = CARTESIAN_POINT('',(0.929519314619,1.287636153442,0.701));
#14182 = ORIENTED_EDGE('',*,*,#14183,.T.);
#14183 = EDGE_CURVE('',#14175,#14184,#14186,.T.);
#14184 = VERTEX_POINT('',#14185);
#14185 = CARTESIAN_POINT('',(0.937616835052,1.287636153442,0.701));
#14186 = B_SPLINE_CURVE_WITH_KNOTS('',3,(#14187,#14188,#14189,#14190),
  .UNSPECIFIED.,.F.,.F.,(4,4),(22.,23.),.PIECEWISE_BEZIER_KNOTS.);
#14187 = CARTESIAN_POINT('',(0.929519314619,1.287636153442,0.701));
#14188 = CARTESIAN_POINT('',(0.932555879954,1.287636153442,0.701));
#14189 = CARTESIAN_POINT('',(0.934580269716,1.287636153442,0.701));
#14190 = CARTESIAN_POINT('',(0.937616835052,1.287636153442,0.701));
#14191 = ORIENTED_EDGE('',*,*,#14192,.T.);
#14192 = EDGE_CURVE('',#14184,#14193,#14195,.T.);
#14193 = VERTEX_POINT('',#14194);
#14194 = CARTESIAN_POINT('',(1.016567726842,1.208685261651,0.701));
#14195 = B_SPLINE_CURVE_WITH_KNOTS('',3,(#14196,#14197,#14198,#14199),
  .UNSPECIFIED.,.F.,.F.,(4,4),(23.,24.),.PIECEWISE_BEZIER_KNOTS.);
#14196 = CARTESIAN_POINT('',(0.937616835052,1.287636153442,0.701));
#14197 = CARTESIAN_POINT('',(0.981141041164,1.287636153442,0.701));
#14198 = CARTESIAN_POINT('',(1.016567726842,1.252209467763,0.701));
#14199 = CARTESIAN_POINT('',(1.016567726842,1.208685261651,0.701));
#14200 = ORIENTED_EDGE('',*,*,#14201,.T.);
#14201 = EDGE_CURVE('',#14193,#14202,#14204,.T.);
#14202 = VERTEX_POINT('',#14203);
#14203 = CARTESIAN_POINT('',(0.943689965723,1.12973436986,0.701));
#14204 = B_SPLINE_CURVE_WITH_KNOTS('',3,(#14205,#14206,#14207,#14208),
  .UNSPECIFIED.,.F.,.F.,(4,4),(24.,25.),.PIECEWISE_BEZIER_KNOTS.);
#14205 = CARTESIAN_POINT('',(1.016567726842,1.208685261651,0.701));
#14206 = CARTESIAN_POINT('',(1.016567726842,1.167185425994,0.701));
#14207 = CARTESIAN_POINT('',(0.985189820686,1.132770935196,0.701));
#14208 = CARTESIAN_POINT('',(0.943689965723,1.12973436986,0.701));
#14209 = ORIENTED_EDGE('',*,*,#14210,.T.);
#14210 = EDGE_CURVE('',#14202,#14211,#14213,.T.);
#14211 = VERTEX_POINT('',#14212);
#14212 = CARTESIAN_POINT('',(0.89814136985,1.12973436986,0.701));
#14213 = LINE('',#14214,#14215);
#14214 = CARTESIAN_POINT('',(0.943689965723,1.12973436986,0.701));
#14215 = VECTOR('',#14216,1.);
#14216 = DIRECTION('',(-1.,0.,0.));
#14217 = ORIENTED_EDGE('',*,*,#14218,.T.);
#14218 = EDGE_CURVE('',#14211,#14219,#14221,.T.);
#14219 = VERTEX_POINT('',#14220);
#14220 = CARTESIAN_POINT('',(0.892068239179,1.130746545435,0.701));
#14221 = B_SPLINE_CURVE_WITH_KNOTS('',3,(#14222,#14223,#14224,#14225),
  .UNSPECIFIED.,.F.,.F.,(4,4),(26.,27.),.PIECEWISE_BEZIER_KNOTS.);
#14222 = CARTESIAN_POINT('',(0.89814136985,1.12973436986,0.701));
#14223 = CARTESIAN_POINT('',(0.896116980089,1.12973436986,0.701));
#14224 = CARTESIAN_POINT('',(0.894092590328,1.130746545435,0.701));
#14225 = CARTESIAN_POINT('',(0.892068239179,1.130746545435,0.701));
#14226 = ORIENTED_EDGE('',*,*,#14227,.T.);
#14227 = EDGE_CURVE('',#14219,#14228,#14230,.T.);
#14228 = VERTEX_POINT('',#14229);
#14229 = CARTESIAN_POINT('',(0.860690333022,1.099368639278,0.701));
#14230 = B_SPLINE_CURVE_WITH_KNOTS('',3,(#14231,#14232,#14233,#14234),
  .UNSPECIFIED.,.F.,.F.,(4,4),(27.,28.),.PIECEWISE_BEZIER_KNOTS.);
#14231 = CARTESIAN_POINT('',(0.892068239179,1.130746545435,0.701));
#14232 = CARTESIAN_POINT('',(0.874860984126,1.130746545435,0.701));
#14233 = CARTESIAN_POINT('',(0.860690333022,1.116575855719,0.701));
#14234 = CARTESIAN_POINT('',(0.860690333022,1.099368639278,0.701));
#14235 = ORIENTED_EDGE('',*,*,#14236,.T.);
#14236 = EDGE_CURVE('',#14228,#14237,#14239,.T.);
#14237 = VERTEX_POINT('',#14238);
#14238 = CARTESIAN_POINT('',(0.890043888029,1.067990733121,0.701));
#14239 = B_SPLINE_CURVE_WITH_KNOTS('',3,(#14240,#14241,#14242,#14243),
  .UNSPECIFIED.,.F.,.F.,(4,4),(28.,29.),.PIECEWISE_BEZIER_KNOTS.);
#14240 = CARTESIAN_POINT('',(0.860690333022,1.099368639278,0.701));
#14241 = CARTESIAN_POINT('',(0.860690333022,1.083173598412,0.701));
#14242 = CARTESIAN_POINT('',(0.873848808551,1.069002908695,0.701));
#14243 = CARTESIAN_POINT('',(0.890043888029,1.067990733121,0.701));
#14244 = ORIENTED_EDGE('',*,*,#14245,.T.);
#14245 = EDGE_CURVE('',#14237,#14246,#14248,.T.);
#14246 = VERTEX_POINT('',#14247);
#14247 = CARTESIAN_POINT('',(0.949763135007,1.067990733121,0.701));
#14248 = LINE('',#14249,#14250);
#14249 = CARTESIAN_POINT('',(0.890043888029,1.067990733121,0.701));
#14250 = VECTOR('',#14251,1.);
#14251 = DIRECTION('',(1.,0.,0.));
#14252 = ORIENTED_EDGE('',*,*,#14253,.T.);
#14253 = EDGE_CURVE('',#14246,#14254,#14256,.T.);
#14254 = VERTEX_POINT('',#14255);
#14255 = CARTESIAN_POINT('',(1.041872502327,1.113539328995,0.701));
#14256 = B_SPLINE_CURVE_WITH_KNOTS('',3,(#14257,#14258,#14259,#14260),
  .UNSPECIFIED.,.F.,.F.,(4,4),(33.,34.),.PIECEWISE_BEZIER_KNOTS.);
#14257 = CARTESIAN_POINT('',(0.949763135007,1.067990733121,0.701));
#14258 = CARTESIAN_POINT('',(0.985189820686,1.071027298457,0.701));
#14259 = CARTESIAN_POINT('',(1.017579941029,1.087222377935,0.701));
#14260 = CARTESIAN_POINT('',(1.041872502327,1.113539328995,0.701));
#14261 = ORIENTED_EDGE('',*,*,#14262,.T.);
#14262 = EDGE_CURVE('',#14254,#13978,#14263,.T.);
#14263 = B_SPLINE_CURVE_WITH_KNOTS('',3,(#14264,#14265,#14266,#14267),
  .UNSPECIFIED.,.F.,.F.,(4,4),(34.,35.),.PIECEWISE_BEZIER_KNOTS.);
#14264 = CARTESIAN_POINT('',(1.041872502327,1.113539328995,0.701));
#14265 = CARTESIAN_POINT('',(1.066165102238,1.139856280054,0.701));
#14266 = CARTESIAN_POINT('',(1.079323577768,1.174270790159,0.701));
#14267 = CARTESIAN_POINT('',(1.079323577768,1.209697475838,0.701));
#14268 = FACE_BOUND('',#14269,.T.);
#14269 = EDGE_LOOP('',(#14270,#14284));
#14270 = ORIENTED_EDGE('',*,*,#14271,.F.);
#14271 = EDGE_CURVE('',#14272,#14274,#14276,.T.);
#14272 = VERTEX_POINT('',#14273);
#14273 = CARTESIAN_POINT('',(0.652178979164,1.061917525226,0.701));
#14274 = VERTEX_POINT('',#14275);
#14275 = CARTESIAN_POINT('',(0.652178979164,1.140868455628,0.701));
#14276 = B_SPLINE_CURVE_WITH_KNOTS('',3,(#14277,#14278,#14279,#14280,
    #14281,#14282,#14283),.UNSPECIFIED.,.F.,.F.,(4,3,4),(0.,1.,2.),
  .PIECEWISE_BEZIER_KNOTS.);
#14277 = CARTESIAN_POINT('',(0.652178979164,1.061917525226,0.701));
#14278 = CARTESIAN_POINT('',(0.674447170007,1.061917525226,0.701));
#14279 = CARTESIAN_POINT('',(0.691654425059,1.080136994464,0.701));
#14280 = CARTESIAN_POINT('',(0.691654425059,1.101392990427,0.701));
#14281 = CARTESIAN_POINT('',(0.691654425059,1.123661200576,0.701));
#14282 = CARTESIAN_POINT('',(0.673434994432,1.140868455628,0.701));
#14283 = CARTESIAN_POINT('',(0.652178979164,1.140868455628,0.701));
#14284 = ORIENTED_EDGE('',*,*,#14285,.F.);
#14285 = EDGE_CURVE('',#14274,#14272,#14286,.T.);
#14286 = B_SPLINE_CURVE_WITH_KNOTS('',3,(#14287,#14288,#14289,#14290,
    #14291,#14292),.UNSPECIFIED.,.F.,.F.,(4,2,4),(2.,3.,4.),
  .UNSPECIFIED.);
#14287 = CARTESIAN_POINT('',(0.652178979164,1.140868455628,0.701));
#14288 = CARTESIAN_POINT('',(0.630922963895,1.140868455628,0.701));
#14289 = CARTESIAN_POINT('',(0.612703533268,1.123661200576,0.701));
#14290 = CARTESIAN_POINT('',(0.612703533268,1.079124780278,0.701));
#14291 = CARTESIAN_POINT('',(0.630922963895,1.061917525226,0.701));
#14292 = CARTESIAN_POINT('',(0.652178979164,1.061917525226,0.701));
#14293 = PLANE('',#14294);
#14294 = AXIS2_PLACEMENT_3D('',#14295,#14296,#14297);
#14295 = CARTESIAN_POINT('',(1.050476139506,1.291937967205,0.701));
#14296 = DIRECTION('',(0.,0.,-1.));
#14297 = DIRECTION('',(-1.,0.,0.));
#14298 = ADVANCED_FACE('',(#14299,#14593),#14618,.T.);
#14299 = FACE_BOUND('',#14300,.T.);
#14300 = EDGE_LOOP('',(#14301,#14312,#14321,#14330,#14338,#14347,#14356,
    #14365,#14373,#14382,#14391,#14400,#14409,#14418,#14427,#14436,
    #14445,#14454,#14463,#14471,#14479,#14487,#14496,#14505,#14514,
    #14523,#14532,#14541,#14550,#14559,#14568,#14577,#14586));
#14301 = ORIENTED_EDGE('',*,*,#14302,.F.);
#14302 = EDGE_CURVE('',#14303,#14305,#14307,.T.);
#14303 = VERTEX_POINT('',#14304);
#14304 = CARTESIAN_POINT('',(1.079323577768,1.209697475838,0.7));
#14305 = VERTEX_POINT('',#14306);
#14306 = CARTESIAN_POINT('',(0.979116690014,1.342294464629,0.7));
#14307 = B_SPLINE_CURVE_WITH_KNOTS('',3,(#14308,#14309,#14310,#14311),
  .UNSPECIFIED.,.F.,.F.,(4,4),(35.,36.),.PIECEWISE_BEZIER_KNOTS.);
#14308 = CARTESIAN_POINT('',(1.079323577768,1.209697475838,0.7));
#14309 = CARTESIAN_POINT('',(1.078311402193,1.27042889839,0.7));
#14310 = CARTESIAN_POINT('',(1.03681154723,1.324075034001,0.7));
#14311 = CARTESIAN_POINT('',(0.979116690014,1.342294464629,0.7));
#14312 = ORIENTED_EDGE('',*,*,#14313,.F.);
#14313 = EDGE_CURVE('',#14314,#14303,#14316,.T.);
#14314 = VERTEX_POINT('',#14315);
#14315 = CARTESIAN_POINT('',(1.041872502327,1.113539328995,0.7));
#14316 = B_SPLINE_CURVE_WITH_KNOTS('',3,(#14317,#14318,#14319,#14320),
  .UNSPECIFIED.,.F.,.F.,(4,4),(34.,35.),.PIECEWISE_BEZIER_KNOTS.);
#14317 = CARTESIAN_POINT('',(1.041872502327,1.113539328995,0.7));
#14318 = CARTESIAN_POINT('',(1.066165102238,1.139856280054,0.7));
#14319 = CARTESIAN_POINT('',(1.079323577768,1.174270790159,0.7));
#14320 = CARTESIAN_POINT('',(1.079323577768,1.209697475838,0.7));
#14321 = ORIENTED_EDGE('',*,*,#14322,.F.);
#14322 = EDGE_CURVE('',#14323,#14314,#14325,.T.);
#14323 = VERTEX_POINT('',#14324);
#14324 = CARTESIAN_POINT('',(0.949763135007,1.067990733121,
    0.699999999999));
#14325 = B_SPLINE_CURVE_WITH_KNOTS('',3,(#14326,#14327,#14328,#14329),
  .UNSPECIFIED.,.F.,.F.,(4,4),(33.,34.),.PIECEWISE_BEZIER_KNOTS.);
#14326 = CARTESIAN_POINT('',(0.949763135007,1.067990733121,
    0.699999999999));
#14327 = CARTESIAN_POINT('',(0.985189820686,1.071027298457,0.7));
#14328 = CARTESIAN_POINT('',(1.017579941029,1.087222377935,0.7));
#14329 = CARTESIAN_POINT('',(1.041872502327,1.113539328995,0.7));
#14330 = ORIENTED_EDGE('',*,*,#14331,.F.);
#14331 = EDGE_CURVE('',#14332,#14323,#14334,.T.);
#14332 = VERTEX_POINT('',#14333);
#14333 = CARTESIAN_POINT('',(0.890043888029,1.067990733121,0.7));
#14334 = LINE('',#14335,#14336);
#14335 = CARTESIAN_POINT('',(0.946726569671,1.067990733121,
    0.699999999999));
#14336 = VECTOR('',#14337,1.);
#14337 = DIRECTION('',(1.,0.,0.));
#14338 = ORIENTED_EDGE('',*,*,#14339,.F.);
#14339 = EDGE_CURVE('',#14340,#14332,#14342,.T.);
#14340 = VERTEX_POINT('',#14341);
#14341 = CARTESIAN_POINT('',(0.860690333022,1.099368639278,0.7));
#14342 = B_SPLINE_CURVE_WITH_KNOTS('',3,(#14343,#14344,#14345,#14346),
  .UNSPECIFIED.,.F.,.F.,(4,4),(28.,29.),.PIECEWISE_BEZIER_KNOTS.);
#14343 = CARTESIAN_POINT('',(0.860690333022,1.099368639278,0.7));
#14344 = CARTESIAN_POINT('',(0.860690333022,1.083173598412,0.7));
#14345 = CARTESIAN_POINT('',(0.873848808551,1.069002908695,0.7));
#14346 = CARTESIAN_POINT('',(0.890043888029,1.067990733121,0.7));
#14347 = ORIENTED_EDGE('',*,*,#14348,.F.);
#14348 = EDGE_CURVE('',#14349,#14340,#14351,.T.);
#14349 = VERTEX_POINT('',#14350);
#14350 = CARTESIAN_POINT('',(0.892068239179,1.130746545435,0.7));
#14351 = B_SPLINE_CURVE_WITH_KNOTS('',3,(#14352,#14353,#14354,#14355),
  .UNSPECIFIED.,.F.,.F.,(4,4),(27.,28.),.PIECEWISE_BEZIER_KNOTS.);
#14352 = CARTESIAN_POINT('',(0.892068239179,1.130746545435,0.7));
#14353 = CARTESIAN_POINT('',(0.874860984126,1.130746545435,0.7));
#14354 = CARTESIAN_POINT('',(0.860690333022,1.116575855719,0.7));
#14355 = CARTESIAN_POINT('',(0.860690333022,1.099368639278,0.7));
#14356 = ORIENTED_EDGE('',*,*,#14357,.F.);
#14357 = EDGE_CURVE('',#14358,#14349,#14360,.T.);
#14358 = VERTEX_POINT('',#14359);
#14359 = CARTESIAN_POINT('',(0.89814136985,1.12973436986,0.699999999999)
  );
#14360 = B_SPLINE_CURVE_WITH_KNOTS('',3,(#14361,#14362,#14363,#14364),
  .UNSPECIFIED.,.F.,.F.,(4,4),(26.,27.),.PIECEWISE_BEZIER_KNOTS.);
#14361 = CARTESIAN_POINT('',(0.89814136985,1.12973436986,0.699999999999)
  );
#14362 = CARTESIAN_POINT('',(0.896116980089,1.12973436986,0.7));
#14363 = CARTESIAN_POINT('',(0.894092590328,1.130746545435,0.7));
#14364 = CARTESIAN_POINT('',(0.892068239179,1.130746545435,0.7));
#14365 = ORIENTED_EDGE('',*,*,#14366,.F.);
#14366 = EDGE_CURVE('',#14367,#14358,#14369,.T.);
#14367 = VERTEX_POINT('',#14368);
#14368 = CARTESIAN_POINT('',(0.943689965723,1.12973436986,0.7));
#14369 = LINE('',#14370,#14371);
#14370 = CARTESIAN_POINT('',(0.943689965723,1.12973436986,0.699999999999
    ));
#14371 = VECTOR('',#14372,1.);
#14372 = DIRECTION('',(-1.,0.,0.));
#14373 = ORIENTED_EDGE('',*,*,#14374,.F.);
#14374 = EDGE_CURVE('',#14375,#14367,#14377,.T.);
#14375 = VERTEX_POINT('',#14376);
#14376 = CARTESIAN_POINT('',(1.016567726842,1.208685261651,0.7));
#14377 = B_SPLINE_CURVE_WITH_KNOTS('',3,(#14378,#14379,#14380,#14381),
  .UNSPECIFIED.,.F.,.F.,(4,4),(24.,25.),.PIECEWISE_BEZIER_KNOTS.);
#14378 = CARTESIAN_POINT('',(1.016567726842,1.208685261651,0.7));
#14379 = CARTESIAN_POINT('',(1.016567726842,1.167185425994,0.7));
#14380 = CARTESIAN_POINT('',(0.985189820686,1.132770935196,0.7));
#14381 = CARTESIAN_POINT('',(0.943689965723,1.12973436986,0.7));
#14382 = ORIENTED_EDGE('',*,*,#14383,.F.);
#14383 = EDGE_CURVE('',#14384,#14375,#14386,.T.);
#14384 = VERTEX_POINT('',#14385);
#14385 = CARTESIAN_POINT('',(0.937616835052,1.287636153442,0.7));
#14386 = B_SPLINE_CURVE_WITH_KNOTS('',3,(#14387,#14388,#14389,#14390),
  .UNSPECIFIED.,.F.,.F.,(4,4),(23.,24.),.PIECEWISE_BEZIER_KNOTS.);
#14387 = CARTESIAN_POINT('',(0.937616835052,1.287636153442,0.7));
#14388 = CARTESIAN_POINT('',(0.981141041164,1.287636153442,0.7));
#14389 = CARTESIAN_POINT('',(1.016567726842,1.252209467763,0.7));
#14390 = CARTESIAN_POINT('',(1.016567726842,1.208685261651,0.7));
#14391 = ORIENTED_EDGE('',*,*,#14392,.F.);
#14392 = EDGE_CURVE('',#14393,#14384,#14395,.T.);
#14393 = VERTEX_POINT('',#14394);
#14394 = CARTESIAN_POINT('',(0.929519314619,1.287636153442,0.7));
#14395 = B_SPLINE_CURVE_WITH_KNOTS('',3,(#14396,#14397,#14398,#14399),
  .UNSPECIFIED.,.F.,.F.,(4,4),(22.,23.),.PIECEWISE_BEZIER_KNOTS.);
#14396 = CARTESIAN_POINT('',(0.929519314619,1.287636153442,0.7));
#14397 = CARTESIAN_POINT('',(0.932555879954,1.287636153442,0.7));
#14398 = CARTESIAN_POINT('',(0.934580269716,1.287636153442,0.7));
#14399 = CARTESIAN_POINT('',(0.937616835052,1.287636153442,0.7));
#14400 = ORIENTED_EDGE('',*,*,#14401,.F.);
#14401 = EDGE_CURVE('',#14402,#14393,#14404,.T.);
#14402 = VERTEX_POINT('',#14403);
#14403 = CARTESIAN_POINT('',(0.787812571903,1.414160030867,0.7));
#14404 = B_SPLINE_CURVE_WITH_KNOTS('',3,(#14405,#14406,#14407,#14408),
  .UNSPECIFIED.,.F.,.F.,(4,4),(21.,22.),.PIECEWISE_BEZIER_KNOTS.);
#14405 = CARTESIAN_POINT('',(0.787812571903,1.414160030867,0.7));
#14406 = CARTESIAN_POINT('',(0.860690333022,1.414160030867,0.7));
#14407 = CARTESIAN_POINT('',(0.921421794186,1.3584895248,0.7));
#14408 = CARTESIAN_POINT('',(0.929519314619,1.287636153442,0.7));
#14409 = ORIENTED_EDGE('',*,*,#14410,.F.);
#14410 = EDGE_CURVE('',#14411,#14402,#14413,.T.);
#14411 = VERTEX_POINT('',#14412);
#14412 = CARTESIAN_POINT('',(0.65217899847,1.316989747061,0.7));
#14413 = B_SPLINE_CURVE_WITH_KNOTS('',3,(#14414,#14415,#14416,#14417),
  .UNSPECIFIED.,.F.,.F.,(4,4),(20.,21.),.PIECEWISE_BEZIER_KNOTS.);
#14414 = CARTESIAN_POINT('',(0.65217899847,1.316989747061,0.7));
#14415 = CARTESIAN_POINT('',(0.671410604671,1.373672390091,0.7));
#14416 = CARTESIAN_POINT('',(0.724044545402,1.414160030867,0.7));
#14417 = CARTESIAN_POINT('',(0.787812571903,1.414160030867,0.7));
#14418 = ORIENTED_EDGE('',*,*,#14419,.F.);
#14419 = EDGE_CURVE('',#14420,#14411,#14422,.T.);
#14420 = VERTEX_POINT('',#14421);
#14421 = CARTESIAN_POINT('',(0.598532882164,1.332172612352,0.7));
#14422 = B_SPLINE_CURVE_WITH_KNOTS('',3,(#14423,#14424,#14425,#14426),
  .UNSPECIFIED.,.F.,.F.,(4,4),(19.,20.),.PIECEWISE_BEZIER_KNOTS.);
#14423 = CARTESIAN_POINT('',(0.598532882164,1.332172612352,0.7));
#14424 = CARTESIAN_POINT('',(0.617764507672,1.332172612352,0.7));
#14425 = CARTESIAN_POINT('',(0.636996133179,1.326099462375,0.7));
#14426 = CARTESIAN_POINT('',(0.65217899847,1.316989747061,0.7));
#14427 = ORIENTED_EDGE('',*,*,#14428,.F.);
#14428 = EDGE_CURVE('',#14429,#14420,#14431,.T.);
#14429 = VERTEX_POINT('',#14430);
#14430 = CARTESIAN_POINT('',(0.497313780224,1.230953510412,0.7));
#14431 = B_SPLINE_CURVE_WITH_KNOTS('',3,(#14432,#14433,#14434,#14435),
  .UNSPECIFIED.,.F.,.F.,(4,4),(18.,19.),.PIECEWISE_BEZIER_KNOTS.);
#14432 = CARTESIAN_POINT('',(0.497313780224,1.230953510412,0.7));
#14433 = CARTESIAN_POINT('',(0.497313780224,1.28662401648,0.7));
#14434 = CARTESIAN_POINT('',(0.542862376097,1.332172612352,0.7));
#14435 = CARTESIAN_POINT('',(0.598532882164,1.332172612352,0.7));
#14436 = ORIENTED_EDGE('',*,*,#14437,.F.);
#14437 = EDGE_CURVE('',#14438,#14429,#14440,.T.);
#14438 = VERTEX_POINT('',#14439);
#14439 = CARTESIAN_POINT('',(0.558045241388,1.137831928905,0.7));
#14440 = B_SPLINE_CURVE_WITH_KNOTS('',3,(#14441,#14442,#14443,#14444),
  .UNSPECIFIED.,.F.,.F.,(4,4),(17.,18.),.PIECEWISE_BEZIER_KNOTS.);
#14441 = CARTESIAN_POINT('',(0.558045241388,1.137831928905,0.7));
#14442 = CARTESIAN_POINT('',(0.522618555709,1.154026989076,0.7));
#14443 = CARTESIAN_POINT('',(0.497313780224,1.189453674755,0.7));
#14444 = CARTESIAN_POINT('',(0.497313780224,1.230953510412,0.7));
#14445 = ORIENTED_EDGE('',*,*,#14446,.F.);
#14446 = EDGE_CURVE('',#14447,#14438,#14449,.T.);
#14447 = VERTEX_POINT('',#14448);
#14448 = CARTESIAN_POINT('',(0.653191193351,1.204636540047,0.7));
#14449 = B_SPLINE_CURVE_WITH_KNOTS('',3,(#14450,#14451,#14452,#14453),
  .UNSPECIFIED.,.F.,.F.,(4,4),(16.,17.),.PIECEWISE_BEZIER_KNOTS.);
#14450 = CARTESIAN_POINT('',(0.653191193351,1.204636540047,0.7));
#14451 = CARTESIAN_POINT('',(0.609666967933,1.204636540047,0.7));
#14452 = CARTESIAN_POINT('',(0.572215911799,1.176295199226,0.7));
#14453 = CARTESIAN_POINT('',(0.558045241388,1.137831928905,0.7));
#14454 = ORIENTED_EDGE('',*,*,#14455,.F.);
#14455 = EDGE_CURVE('',#14456,#14447,#14458,.T.);
#14456 = VERTEX_POINT('',#14457);
#14457 = CARTESIAN_POINT('',(0.729105519806,1.170222049248,
    0.699999999999));
#14458 = B_SPLINE_CURVE_WITH_KNOTS('',3,(#14459,#14460,#14461,#14462),
  .UNSPECIFIED.,.F.,.F.,(4,4),(15.,16.),.PIECEWISE_BEZIER_KNOTS.);
#14459 = CARTESIAN_POINT('',(0.729105519806,1.170222049248,
    0.699999999999));
#14460 = CARTESIAN_POINT('',(0.710886089179,1.191478064517,0.7));
#14461 = CARTESIAN_POINT('',(0.683556923933,1.204636540047,0.7));
#14462 = CARTESIAN_POINT('',(0.653191193351,1.204636540047,0.7));
#14463 = ORIENTED_EDGE('',*,*,#14464,.F.);
#14464 = EDGE_CURVE('',#14465,#14456,#14467,.T.);
#14465 = VERTEX_POINT('',#14466);
#14466 = CARTESIAN_POINT('',(0.864739112544,1.241075420606,
    0.699999999999));
#14467 = LINE('',#14468,#14469);
#14468 = CARTESIAN_POINT('',(0.864739112544,1.241075420606,
    0.699999999999));
#14469 = VECTOR('',#14470,1.);
#14470 = DIRECTION('',(-0.886348842796,-0.463018065387,0.));
#14471 = ORIENTED_EDGE('',*,*,#14472,.F.);
#14472 = EDGE_CURVE('',#14473,#14465,#14475,.T.);
#14473 = VERTEX_POINT('',#14474);
#14474 = CARTESIAN_POINT('',(0.896117018701,1.187429284994,
    0.699999999999));
#14475 = LINE('',#14476,#14477);
#14476 = CARTESIAN_POINT('',(0.896117018701,1.187429284994,
    0.699999999999));
#14477 = VECTOR('',#14478,1.);
#14478 = DIRECTION('',(-0.504883048649,0.863187758942,0.));
#14479 = ORIENTED_EDGE('',*,*,#14480,.F.);
#14480 = EDGE_CURVE('',#14481,#14473,#14483,.T.);
#14481 = VERTEX_POINT('',#14482);
#14482 = CARTESIAN_POINT('',(0.754410275985,1.11252715342,0.7));
#14483 = LINE('',#14484,#14485);
#14484 = CARTESIAN_POINT('',(0.754410275985,1.11252715342,0.699999999999
    ));
#14485 = VECTOR('',#14486,1.);
#14486 = DIRECTION('',(0.884094950248,0.467307306754,0.));
#14487 = ORIENTED_EDGE('',*,*,#14488,.F.);
#14488 = EDGE_CURVE('',#14489,#14481,#14491,.T.);
#14489 = VERTEX_POINT('',#14490);
#14490 = CARTESIAN_POINT('',(0.754410275985,1.102405243225,0.7));
#14491 = B_SPLINE_CURVE_WITH_KNOTS('',3,(#14492,#14493,#14494,#14495),
  .UNSPECIFIED.,.F.,.F.,(4,4),(11.,12.),.PIECEWISE_BEZIER_KNOTS.);
#14492 = CARTESIAN_POINT('',(0.754410275985,1.102405243225,0.7));
#14493 = CARTESIAN_POINT('',(0.754410275985,1.105441808562,0.7));
#14494 = CARTESIAN_POINT('',(0.754410275985,1.108478373898,0.7));
#14495 = CARTESIAN_POINT('',(0.754410275985,1.11252715342,0.7));
#14496 = ORIENTED_EDGE('',*,*,#14497,.F.);
#14497 = EDGE_CURVE('',#14498,#14489,#14500,.T.);
#14498 = VERTEX_POINT('',#14499);
#14499 = CARTESIAN_POINT('',(0.653191174045,1.001186141286,0.7));
#14500 = B_SPLINE_CURVE_WITH_KNOTS('',3,(#14501,#14502,#14503,#14504),
  .UNSPECIFIED.,.F.,.F.,(4,4),(10.,11.),.PIECEWISE_BEZIER_KNOTS.);
#14501 = CARTESIAN_POINT('',(0.653191174045,1.001186141286,0.7));
#14502 = CARTESIAN_POINT('',(0.708861680111,1.001186141286,0.7));
#14503 = CARTESIAN_POINT('',(0.754410275985,1.046734737158,0.7));
#14504 = CARTESIAN_POINT('',(0.754410275985,1.102405243225,0.7));
#14505 = ORIENTED_EDGE('',*,*,#14506,.F.);
#14506 = EDGE_CURVE('',#14507,#14498,#14509,.T.);
#14507 = VERTEX_POINT('',#14508);
#14508 = CARTESIAN_POINT('',(0.557033017548,1.070015122883,0.7));
#14509 = B_SPLINE_CURVE_WITH_KNOTS('',3,(#14510,#14511,#14512,#14513),
  .UNSPECIFIED.,.F.,.F.,(4,4),(9.,10.),.PIECEWISE_BEZIER_KNOTS.);
#14510 = CARTESIAN_POINT('',(0.557033017548,1.070015122883,0.7));
#14511 = CARTESIAN_POINT('',(0.570191502731,1.029527482106,0.7));
#14512 = CARTESIAN_POINT('',(0.608654753746,1.001186141286,0.7));
#14513 = CARTESIAN_POINT('',(0.653191174045,1.001186141286,0.7));
#14514 = ORIENTED_EDGE('',*,*,#14515,.F.);
#14515 = EDGE_CURVE('',#14516,#14507,#14518,.T.);
#14516 = VERTEX_POINT('',#14517);
#14517 = CARTESIAN_POINT('',(0.476057735997,1.118600284091,0.7));
#14518 = B_SPLINE_CURVE_WITH_KNOTS('',3,(#14519,#14520,#14521,#14522),
  .UNSPECIFIED.,.F.,.F.,(4,4),(8.,9.),.PIECEWISE_BEZIER_KNOTS.);
#14519 = CARTESIAN_POINT('',(0.476057735997,1.118600284091,0.7));
#14520 = CARTESIAN_POINT('',(0.498325936492,1.094307684181,0.7));
#14521 = CARTESIAN_POINT('',(0.525655101739,1.078112643316,0.7));
#14522 = CARTESIAN_POINT('',(0.557033017548,1.070015122883,0.7));
#14523 = ORIENTED_EDGE('',*,*,#14524,.F.);
#14524 = EDGE_CURVE('',#14525,#14516,#14527,.T.);
#14525 = VERTEX_POINT('',#14526);
#14526 = CARTESIAN_POINT('',(0.433545715112,1.22892908204,0.7));
#14527 = B_SPLINE_CURVE_WITH_KNOTS('',3,(#14528,#14529,#14530,#14531),
  .UNSPECIFIED.,.F.,.F.,(4,4),(7.,8.),.PIECEWISE_BEZIER_KNOTS.);
#14528 = CARTESIAN_POINT('',(0.433545715112,1.22892908204,0.7));
#14529 = CARTESIAN_POINT('',(0.433545715112,1.188441441263,0.7));
#14530 = CARTESIAN_POINT('',(0.448728580403,1.148965976061,0.7));
#14531 = CARTESIAN_POINT('',(0.476057735997,1.118600284091,0.7));
#14532 = ORIENTED_EDGE('',*,*,#14533,.F.);
#14533 = EDGE_CURVE('',#14534,#14525,#14536,.T.);
#14534 = VERTEX_POINT('',#14535);
#14535 = CARTESIAN_POINT('',(0.481118720052,1.344318844737,0.7));
#14536 = B_SPLINE_CURVE_WITH_KNOTS('',3,(#14537,#14538,#14539,#14540),
  .UNSPECIFIED.,.F.,.F.,(4,4),(6.,7.),.PIECEWISE_BEZIER_KNOTS.);
#14537 = CARTESIAN_POINT('',(0.481118720052,1.344318844737,0.7));
#14538 = CARTESIAN_POINT('',(0.450752962924,1.313953123807,0.7));
#14539 = CARTESIAN_POINT('',(0.433545715112,1.27245328815,0.7));
#14540 = CARTESIAN_POINT('',(0.433545715112,1.22892908204,0.7));
#14541 = ORIENTED_EDGE('',*,*,#14542,.F.);
#14542 = EDGE_CURVE('',#14543,#14534,#14545,.T.);
#14543 = VERTEX_POINT('',#14544);
#14544 = CARTESIAN_POINT('',(0.597520687283,1.392904015598,0.7));
#14545 = B_SPLINE_CURVE_WITH_KNOTS('',3,(#14546,#14547,#14548,#14549),
  .UNSPECIFIED.,.F.,.F.,(4,4),(5.,6.),.PIECEWISE_BEZIER_KNOTS.);
#14546 = CARTESIAN_POINT('',(0.597520687283,1.392904015598,0.7));
#14547 = CARTESIAN_POINT('',(0.553996471519,1.392904015598,0.7));
#14548 = CARTESIAN_POINT('',(0.512496645515,1.3756967702,0.7));
#14549 = CARTESIAN_POINT('',(0.481118720052,1.344318844737,0.7));
#14550 = ORIENTED_EDGE('',*,*,#14551,.F.);
#14551 = EDGE_CURVE('',#14552,#14543,#14554,.T.);
#14552 = VERTEX_POINT('',#14553);
#14553 = CARTESIAN_POINT('',(0.620801073007,1.39087963549,0.7));
#14554 = B_SPLINE_CURVE_WITH_KNOTS('',3,(#14555,#14556,#14557,#14558),
  .UNSPECIFIED.,.F.,.F.,(4,4),(4.,5.),.PIECEWISE_BEZIER_KNOTS.);
#14555 = CARTESIAN_POINT('',(0.620801073007,1.39087963549,0.7));
#14556 = CARTESIAN_POINT('',(0.612703552574,1.391891830371,0.7));
#14557 = CARTESIAN_POINT('',(0.605618207716,1.392904015598,0.7));
#14558 = CARTESIAN_POINT('',(0.597520687283,1.392904015598,0.7));
#14559 = ORIENTED_EDGE('',*,*,#14560,.F.);
#14560 = EDGE_CURVE('',#14561,#14552,#14563,.T.);
#14561 = VERTEX_POINT('',#14562);
#14562 = CARTESIAN_POINT('',(0.665337474,1.435416041309,0.7));
#14563 = B_SPLINE_CURVE_WITH_KNOTS('',3,(#14564,#14565,#14566,#14567),
  .UNSPECIFIED.,.F.,.F.,(4,4),(3.,4.),.PIECEWISE_BEZIER_KNOTS.);
#14564 = CARTESIAN_POINT('',(0.665337474,1.435416041309,0.7));
#14565 = CARTESIAN_POINT('',(0.648130218947,1.42326974618,0.7));
#14566 = CARTESIAN_POINT('',(0.633959548537,1.40808688089,0.7));
#14567 = CARTESIAN_POINT('',(0.620801073007,1.39087963549,0.7));
#14568 = ORIENTED_EDGE('',*,*,#14569,.F.);
#14569 = EDGE_CURVE('',#14570,#14561,#14572,.T.);
#14570 = VERTEX_POINT('',#14571);
#14571 = CARTESIAN_POINT('',(0.786800396328,1.474891492031,0.7));
#14572 = B_SPLINE_CURVE_WITH_KNOTS('',3,(#14573,#14574,#14575,#14576),
  .UNSPECIFIED.,.F.,.F.,(4,4),(2.,3.),.PIECEWISE_BEZIER_KNOTS.);
#14573 = CARTESIAN_POINT('',(0.786800396328,1.474891492031,0.7));
#14574 = CARTESIAN_POINT('',(0.742263995336,1.474891492031,0.7));
#14575 = CARTESIAN_POINT('',(0.700764159679,1.460720818001,0.7));
#14576 = CARTESIAN_POINT('',(0.665337474,1.435416041309,0.7));
#14577 = ORIENTED_EDGE('',*,*,#14578,.F.);
#14578 = EDGE_CURVE('',#14579,#14570,#14581,.T.);
#14579 = VERTEX_POINT('',#14580);
#14580 = CARTESIAN_POINT('',(0.924458359522,1.422257556126,0.7));
#14581 = B_SPLINE_CURVE_WITH_KNOTS('',3,(#14582,#14583,#14584,#14585),
  .UNSPECIFIED.,.F.,.F.,(4,4),(1.,2.),.PIECEWISE_BEZIER_KNOTS.);
#14582 = CARTESIAN_POINT('',(0.924458359522,1.422257556126,0.7));
#14583 = CARTESIAN_POINT('',(0.885995108507,1.455659862904,0.7));
#14584 = CARTESIAN_POINT('',(0.837409947298,1.474891492031,0.7));
#14585 = CARTESIAN_POINT('',(0.786800396328,1.474891492031,0.7));
#14586 = ORIENTED_EDGE('',*,*,#14587,.F.);
#14587 = EDGE_CURVE('',#14305,#14579,#14588,.T.);
#14588 = B_SPLINE_CURVE_WITH_KNOTS('',3,(#14589,#14590,#14591,#14592),
  .UNSPECIFIED.,.F.,.F.,(4,4),(0.,1.),.PIECEWISE_BEZIER_KNOTS.);
#14589 = CARTESIAN_POINT('',(0.979116690014,1.342294464629,0.7));
#14590 = CARTESIAN_POINT('',(0.967982604246,1.37266019521,0.7));
#14591 = CARTESIAN_POINT('',(0.948750959432,1.399989350804,0.7));
#14592 = CARTESIAN_POINT('',(0.924458359522,1.422257556126,0.7));
#14593 = FACE_BOUND('',#14594,.T.);
#14594 = EDGE_LOOP('',(#14595,#14608));
#14595 = ORIENTED_EDGE('',*,*,#14596,.T.);
#14596 = EDGE_CURVE('',#14597,#14599,#14601,.T.);
#14597 = VERTEX_POINT('',#14598);
#14598 = CARTESIAN_POINT('',(0.652178979164,1.140868455628,0.7));
#14599 = VERTEX_POINT('',#14600);
#14600 = CARTESIAN_POINT('',(0.652178979164,1.061917525226,0.7));
#14601 = B_SPLINE_CURVE_WITH_KNOTS('',3,(#14602,#14603,#14604,#14605,
    #14606,#14607),.UNSPECIFIED.,.F.,.F.,(4,2,4),(2.,3.,4.),
  .UNSPECIFIED.);
#14602 = CARTESIAN_POINT('',(0.652178979164,1.140868455628,0.7));
#14603 = CARTESIAN_POINT('',(0.630922963895,1.140868455628,0.7));
#14604 = CARTESIAN_POINT('',(0.612703533268,1.123661200576,0.7));
#14605 = CARTESIAN_POINT('',(0.612703533268,1.079124780278,0.7));
#14606 = CARTESIAN_POINT('',(0.630922963895,1.061917525226,0.7));
#14607 = CARTESIAN_POINT('',(0.652178979164,1.061917525226,0.7));
#14608 = ORIENTED_EDGE('',*,*,#14609,.T.);
#14609 = EDGE_CURVE('',#14599,#14597,#14610,.T.);
#14610 = B_SPLINE_CURVE_WITH_KNOTS('',3,(#14611,#14612,#14613,#14614,
    #14615,#14616,#14617),.UNSPECIFIED.,.F.,.F.,(4,3,4),(0.,1.,2.),
  .PIECEWISE_BEZIER_KNOTS.);
#14611 = CARTESIAN_POINT('',(0.652178979164,1.061917525226,0.7));
#14612 = CARTESIAN_POINT('',(0.674447170007,1.061917525226,0.7));
#14613 = CARTESIAN_POINT('',(0.691654425059,1.080136994464,0.7));
#14614 = CARTESIAN_POINT('',(0.691654425059,1.101392990427,0.7));
#14615 = CARTESIAN_POINT('',(0.691654425059,1.123661200576,0.7));
#14616 = CARTESIAN_POINT('',(0.673434994432,1.140868455628,0.7));
#14617 = CARTESIAN_POINT('',(0.652178979164,1.140868455628,0.7));
#14618 = PLANE('',#14619);
#14619 = AXIS2_PLACEMENT_3D('',#14620,#14621,#14622);
#14620 = CARTESIAN_POINT('',(1.050476139506,1.291937967205,0.7));
#14621 = DIRECTION('',(0.,0.,-1.));
#14622 = DIRECTION('',(-1.,0.,0.));
#14623 = ADVANCED_FACE('',(#14624),#14640,.F.);
#14624 = FACE_BOUND('',#14625,.F.);
#14625 = EDGE_LOOP('',(#14626,#14632,#14633,#14639));
#14626 = ORIENTED_EDGE('',*,*,#14627,.F.);
#14627 = EDGE_CURVE('',#13978,#14303,#14628,.T.);
#14628 = LINE('',#14629,#14630);
#14629 = CARTESIAN_POINT('',(1.079323577768,1.209697475838,0.701));
#14630 = VECTOR('',#14631,1.);
#14631 = DIRECTION('',(0.,0.,-1.));
#14632 = ORIENTED_EDGE('',*,*,#13977,.T.);
#14633 = ORIENTED_EDGE('',*,*,#14634,.T.);
#14634 = EDGE_CURVE('',#13980,#14305,#14635,.T.);
#14635 = LINE('',#14636,#14637);
#14636 = CARTESIAN_POINT('',(0.979116690014,1.342294464629,0.701));
#14637 = VECTOR('',#14638,1.);
#14638 = DIRECTION('',(0.,0.,-1.));
#14639 = ORIENTED_EDGE('',*,*,#14302,.F.);
#14640 = B_SPLINE_SURFACE_WITH_KNOTS('',3,1,(
    (#14641,#14642)
    ,(#14643,#14644)
    ,(#14645,#14646)
    ,(#14647,#14648
    )),.UNSPECIFIED.,.F.,.F.,.F.,(4,4),(2,2),(35.,36.),(0.,1.),
  .PIECEWISE_BEZIER_KNOTS.);
#14641 = CARTESIAN_POINT('',(1.079323577768,1.209697475838,0.701));
#14642 = CARTESIAN_POINT('',(1.079323577768,1.209697475838,0.7));
#14643 = CARTESIAN_POINT('',(1.078311402193,1.27042889839,0.701));
#14644 = CARTESIAN_POINT('',(1.078311402193,1.27042889839,0.7));
#14645 = CARTESIAN_POINT('',(1.03681154723,1.324075034001,0.701));
#14646 = CARTESIAN_POINT('',(1.03681154723,1.324075034001,0.7));
#14647 = CARTESIAN_POINT('',(0.979116690014,1.342294464629,0.701));
#14648 = CARTESIAN_POINT('',(0.979116690014,1.342294464629,0.7));
#14649 = ADVANCED_FACE('',(#14650),#14661,.F.);
#14650 = FACE_BOUND('',#14651,.F.);
#14651 = EDGE_LOOP('',(#14652,#14653,#14654,#14660));
#14652 = ORIENTED_EDGE('',*,*,#14634,.F.);
#14653 = ORIENTED_EDGE('',*,*,#13988,.T.);
#14654 = ORIENTED_EDGE('',*,*,#14655,.T.);
#14655 = EDGE_CURVE('',#13989,#14579,#14656,.T.);
#14656 = LINE('',#14657,#14658);
#14657 = CARTESIAN_POINT('',(0.924458359522,1.422257556126,0.701));
#14658 = VECTOR('',#14659,1.);
#14659 = DIRECTION('',(0.,0.,-1.));
#14660 = ORIENTED_EDGE('',*,*,#14587,.F.);
#14661 = B_SPLINE_SURFACE_WITH_KNOTS('',3,1,(
    (#14662,#14663)
    ,(#14664,#14665)
    ,(#14666,#14667)
    ,(#14668,#14669
    )),.UNSPECIFIED.,.F.,.F.,.F.,(4,4),(2,2),(0.,1.),(0.,1.),
  .PIECEWISE_BEZIER_KNOTS.);
#14662 = CARTESIAN_POINT('',(0.979116690014,1.342294464629,0.701));
#14663 = CARTESIAN_POINT('',(0.979116690014,1.342294464629,0.7));
#14664 = CARTESIAN_POINT('',(0.967982604246,1.37266019521,0.701));
#14665 = CARTESIAN_POINT('',(0.967982604246,1.37266019521,0.7));
#14666 = CARTESIAN_POINT('',(0.948750959432,1.399989350804,0.701));
#14667 = CARTESIAN_POINT('',(0.948750959432,1.399989350804,0.7));
#14668 = CARTESIAN_POINT('',(0.924458359522,1.422257556126,0.701));
#14669 = CARTESIAN_POINT('',(0.924458359522,1.422257556126,0.7));
#14670 = ADVANCED_FACE('',(#14671),#14682,.F.);
#14671 = FACE_BOUND('',#14672,.F.);
#14672 = EDGE_LOOP('',(#14673,#14674,#14675,#14681));
#14673 = ORIENTED_EDGE('',*,*,#14655,.F.);
#14674 = ORIENTED_EDGE('',*,*,#13997,.T.);
#14675 = ORIENTED_EDGE('',*,*,#14676,.T.);
#14676 = EDGE_CURVE('',#13998,#14570,#14677,.T.);
#14677 = LINE('',#14678,#14679);
#14678 = CARTESIAN_POINT('',(0.786800396328,1.474891492031,0.701));
#14679 = VECTOR('',#14680,1.);
#14680 = DIRECTION('',(0.,0.,-1.));
#14681 = ORIENTED_EDGE('',*,*,#14578,.F.);
#14682 = B_SPLINE_SURFACE_WITH_KNOTS('',3,1,(
    (#14683,#14684)
    ,(#14685,#14686)
    ,(#14687,#14688)
    ,(#14689,#14690
    )),.UNSPECIFIED.,.F.,.F.,.F.,(4,4),(2,2),(1.,2.),(0.,1.),
  .PIECEWISE_BEZIER_KNOTS.);
#14683 = CARTESIAN_POINT('',(0.924458359522,1.422257556126,0.701));
#14684 = CARTESIAN_POINT('',(0.924458359522,1.422257556126,0.7));
#14685 = CARTESIAN_POINT('',(0.885995108507,1.455659862904,0.701));
#14686 = CARTESIAN_POINT('',(0.885995108507,1.455659862904,0.7));
#14687 = CARTESIAN_POINT('',(0.837409947298,1.474891492031,0.701));
#14688 = CARTESIAN_POINT('',(0.837409947298,1.474891492031,0.7));
#14689 = CARTESIAN_POINT('',(0.786800396328,1.474891492031,0.701));
#14690 = CARTESIAN_POINT('',(0.786800396328,1.474891492031,0.7));
#14691 = ADVANCED_FACE('',(#14692),#14703,.F.);
#14692 = FACE_BOUND('',#14693,.F.);
#14693 = EDGE_LOOP('',(#14694,#14695,#14696,#14702));
#14694 = ORIENTED_EDGE('',*,*,#14676,.F.);
#14695 = ORIENTED_EDGE('',*,*,#14006,.T.);
#14696 = ORIENTED_EDGE('',*,*,#14697,.T.);
#14697 = EDGE_CURVE('',#14007,#14561,#14698,.T.);
#14698 = LINE('',#14699,#14700);
#14699 = CARTESIAN_POINT('',(0.665337474,1.435416041309,0.701));
#14700 = VECTOR('',#14701,1.);
#14701 = DIRECTION('',(0.,0.,-1.));
#14702 = ORIENTED_EDGE('',*,*,#14569,.F.);
#14703 = B_SPLINE_SURFACE_WITH_KNOTS('',3,1,(
    (#14704,#14705)
    ,(#14706,#14707)
    ,(#14708,#14709)
    ,(#14710,#14711
    )),.UNSPECIFIED.,.F.,.F.,.F.,(4,4),(2,2),(2.,3.),(0.,1.),
  .PIECEWISE_BEZIER_KNOTS.);
#14704 = CARTESIAN_POINT('',(0.786800396328,1.474891492031,0.701));
#14705 = CARTESIAN_POINT('',(0.786800396328,1.474891492031,0.7));
#14706 = CARTESIAN_POINT('',(0.742263995336,1.474891492031,0.701));
#14707 = CARTESIAN_POINT('',(0.742263995336,1.474891492031,0.7));
#14708 = CARTESIAN_POINT('',(0.700764159679,1.460720818001,0.701));
#14709 = CARTESIAN_POINT('',(0.700764159679,1.460720818001,0.7));
#14710 = CARTESIAN_POINT('',(0.665337474,1.435416041309,0.701));
#14711 = CARTESIAN_POINT('',(0.665337474,1.435416041309,0.7));
#14712 = ADVANCED_FACE('',(#14713),#14724,.F.);
#14713 = FACE_BOUND('',#14714,.F.);
#14714 = EDGE_LOOP('',(#14715,#14716,#14717,#14723));
#14715 = ORIENTED_EDGE('',*,*,#14697,.F.);
#14716 = ORIENTED_EDGE('',*,*,#14015,.T.);
#14717 = ORIENTED_EDGE('',*,*,#14718,.T.);
#14718 = EDGE_CURVE('',#14016,#14552,#14719,.T.);
#14719 = LINE('',#14720,#14721);
#14720 = CARTESIAN_POINT('',(0.620801073007,1.39087963549,0.701));
#14721 = VECTOR('',#14722,1.);
#14722 = DIRECTION('',(0.,0.,-1.));
#14723 = ORIENTED_EDGE('',*,*,#14560,.F.);
#14724 = B_SPLINE_SURFACE_WITH_KNOTS('',3,1,(
    (#14725,#14726)
    ,(#14727,#14728)
    ,(#14729,#14730)
    ,(#14731,#14732
    )),.UNSPECIFIED.,.F.,.F.,.F.,(4,4),(2,2),(3.,4.),(0.,1.),
  .PIECEWISE_BEZIER_KNOTS.);
#14725 = CARTESIAN_POINT('',(0.665337474,1.435416041309,0.701));
#14726 = CARTESIAN_POINT('',(0.665337474,1.435416041309,0.7));
#14727 = CARTESIAN_POINT('',(0.648130218947,1.42326974618,0.701));
#14728 = CARTESIAN_POINT('',(0.648130218947,1.42326974618,0.7));
#14729 = CARTESIAN_POINT('',(0.633959548537,1.40808688089,0.701));
#14730 = CARTESIAN_POINT('',(0.633959548537,1.40808688089,0.7));
#14731 = CARTESIAN_POINT('',(0.620801073007,1.39087963549,0.701));
#14732 = CARTESIAN_POINT('',(0.620801073007,1.39087963549,0.7));
#14733 = ADVANCED_FACE('',(#14734),#14745,.F.);
#14734 = FACE_BOUND('',#14735,.F.);
#14735 = EDGE_LOOP('',(#14736,#14737,#14738,#14744));
#14736 = ORIENTED_EDGE('',*,*,#14718,.F.);
#14737 = ORIENTED_EDGE('',*,*,#14024,.T.);
#14738 = ORIENTED_EDGE('',*,*,#14739,.T.);
#14739 = EDGE_CURVE('',#14025,#14543,#14740,.T.);
#14740 = LINE('',#14741,#14742);
#14741 = CARTESIAN_POINT('',(0.597520687283,1.392904015598,0.701));
#14742 = VECTOR('',#14743,1.);
#14743 = DIRECTION('',(0.,0.,-1.));
#14744 = ORIENTED_EDGE('',*,*,#14551,.F.);
#14745 = B_SPLINE_SURFACE_WITH_KNOTS('',3,1,(
    (#14746,#14747)
    ,(#14748,#14749)
    ,(#14750,#14751)
    ,(#14752,#14753
    )),.UNSPECIFIED.,.F.,.F.,.F.,(4,4),(2,2),(4.,5.),(0.,1.),
  .PIECEWISE_BEZIER_KNOTS.);
#14746 = CARTESIAN_POINT('',(0.620801073007,1.39087963549,0.701));
#14747 = CARTESIAN_POINT('',(0.620801073007,1.39087963549,0.7));
#14748 = CARTESIAN_POINT('',(0.612703552574,1.391891830371,0.701));
#14749 = CARTESIAN_POINT('',(0.612703552574,1.391891830371,0.7));
#14750 = CARTESIAN_POINT('',(0.605618207716,1.392904015598,0.701));
#14751 = CARTESIAN_POINT('',(0.605618207716,1.392904015598,0.7));
#14752 = CARTESIAN_POINT('',(0.597520687283,1.392904015598,0.701));
#14753 = CARTESIAN_POINT('',(0.597520687283,1.392904015598,0.7));
#14754 = ADVANCED_FACE('',(#14755),#14766,.F.);
#14755 = FACE_BOUND('',#14756,.F.);
#14756 = EDGE_LOOP('',(#14757,#14758,#14759,#14765));
#14757 = ORIENTED_EDGE('',*,*,#14739,.F.);
#14758 = ORIENTED_EDGE('',*,*,#14033,.T.);
#14759 = ORIENTED_EDGE('',*,*,#14760,.T.);
#14760 = EDGE_CURVE('',#14034,#14534,#14761,.T.);
#14761 = LINE('',#14762,#14763);
#14762 = CARTESIAN_POINT('',(0.481118720052,1.344318844737,0.701));
#14763 = VECTOR('',#14764,1.);
#14764 = DIRECTION('',(0.,0.,-1.));
#14765 = ORIENTED_EDGE('',*,*,#14542,.F.);
#14766 = B_SPLINE_SURFACE_WITH_KNOTS('',3,1,(
    (#14767,#14768)
    ,(#14769,#14770)
    ,(#14771,#14772)
    ,(#14773,#14774
    )),.UNSPECIFIED.,.F.,.F.,.F.,(4,4),(2,2),(5.,6.),(0.,1.),
  .PIECEWISE_BEZIER_KNOTS.);
#14767 = CARTESIAN_POINT('',(0.597520687283,1.392904015598,0.701));
#14768 = CARTESIAN_POINT('',(0.597520687283,1.392904015598,0.7));
#14769 = CARTESIAN_POINT('',(0.553996471519,1.392904015598,0.701));
#14770 = CARTESIAN_POINT('',(0.553996471519,1.392904015598,0.7));
#14771 = CARTESIAN_POINT('',(0.512496645515,1.3756967702,0.701));
#14772 = CARTESIAN_POINT('',(0.512496645515,1.3756967702,0.7));
#14773 = CARTESIAN_POINT('',(0.481118720052,1.344318844737,0.701));
#14774 = CARTESIAN_POINT('',(0.481118720052,1.344318844737,0.7));
#14775 = ADVANCED_FACE('',(#14776),#14787,.F.);
#14776 = FACE_BOUND('',#14777,.F.);
#14777 = EDGE_LOOP('',(#14778,#14779,#14780,#14786));
#14778 = ORIENTED_EDGE('',*,*,#14760,.F.);
#14779 = ORIENTED_EDGE('',*,*,#14042,.T.);
#14780 = ORIENTED_EDGE('',*,*,#14781,.T.);
#14781 = EDGE_CURVE('',#14043,#14525,#14782,.T.);
#14782 = LINE('',#14783,#14784);
#14783 = CARTESIAN_POINT('',(0.433545715112,1.22892908204,0.701));
#14784 = VECTOR('',#14785,1.);
#14785 = DIRECTION('',(0.,0.,-1.));
#14786 = ORIENTED_EDGE('',*,*,#14533,.F.);
#14787 = B_SPLINE_SURFACE_WITH_KNOTS('',3,1,(
    (#14788,#14789)
    ,(#14790,#14791)
    ,(#14792,#14793)
    ,(#14794,#14795
    )),.UNSPECIFIED.,.F.,.F.,.F.,(4,4),(2,2),(6.,7.),(0.,1.),
  .PIECEWISE_BEZIER_KNOTS.);
#14788 = CARTESIAN_POINT('',(0.481118720052,1.344318844737,0.701));
#14789 = CARTESIAN_POINT('',(0.481118720052,1.344318844737,0.7));
#14790 = CARTESIAN_POINT('',(0.450752962924,1.313953123807,0.701));
#14791 = CARTESIAN_POINT('',(0.450752962924,1.313953123807,0.7));
#14792 = CARTESIAN_POINT('',(0.433545715112,1.27245328815,0.701));
#14793 = CARTESIAN_POINT('',(0.433545715112,1.27245328815,0.7));
#14794 = CARTESIAN_POINT('',(0.433545715112,1.22892908204,0.701));
#14795 = CARTESIAN_POINT('',(0.433545715112,1.22892908204,0.7));
#14796 = ADVANCED_FACE('',(#14797),#14808,.F.);
#14797 = FACE_BOUND('',#14798,.F.);
#14798 = EDGE_LOOP('',(#14799,#14800,#14801,#14807));
#14799 = ORIENTED_EDGE('',*,*,#14781,.F.);
#14800 = ORIENTED_EDGE('',*,*,#14051,.T.);
#14801 = ORIENTED_EDGE('',*,*,#14802,.T.);
#14802 = EDGE_CURVE('',#14052,#14516,#14803,.T.);
#14803 = LINE('',#14804,#14805);
#14804 = CARTESIAN_POINT('',(0.476057735997,1.118600284091,0.701));
#14805 = VECTOR('',#14806,1.);
#14806 = DIRECTION('',(0.,0.,-1.));
#14807 = ORIENTED_EDGE('',*,*,#14524,.F.);
#14808 = B_SPLINE_SURFACE_WITH_KNOTS('',3,1,(
    (#14809,#14810)
    ,(#14811,#14812)
    ,(#14813,#14814)
    ,(#14815,#14816
    )),.UNSPECIFIED.,.F.,.F.,.F.,(4,4),(2,2),(7.,8.),(0.,1.),
  .PIECEWISE_BEZIER_KNOTS.);
#14809 = CARTESIAN_POINT('',(0.433545715112,1.22892908204,0.701));
#14810 = CARTESIAN_POINT('',(0.433545715112,1.22892908204,0.7));
#14811 = CARTESIAN_POINT('',(0.433545715112,1.188441441263,0.701));
#14812 = CARTESIAN_POINT('',(0.433545715112,1.188441441263,0.7));
#14813 = CARTESIAN_POINT('',(0.448728580403,1.148965976061,0.701));
#14814 = CARTESIAN_POINT('',(0.448728580403,1.148965976061,0.7));
#14815 = CARTESIAN_POINT('',(0.476057735997,1.118600284091,0.701));
#14816 = CARTESIAN_POINT('',(0.476057735997,1.118600284091,0.7));
#14817 = ADVANCED_FACE('',(#14818),#14829,.F.);
#14818 = FACE_BOUND('',#14819,.F.);
#14819 = EDGE_LOOP('',(#14820,#14821,#14822,#14828));
#14820 = ORIENTED_EDGE('',*,*,#14802,.F.);
#14821 = ORIENTED_EDGE('',*,*,#14060,.T.);
#14822 = ORIENTED_EDGE('',*,*,#14823,.T.);
#14823 = EDGE_CURVE('',#14061,#14507,#14824,.T.);
#14824 = LINE('',#14825,#14826);
#14825 = CARTESIAN_POINT('',(0.557033017548,1.070015122883,0.701));
#14826 = VECTOR('',#14827,1.);
#14827 = DIRECTION('',(0.,0.,-1.));
#14828 = ORIENTED_EDGE('',*,*,#14515,.F.);
#14829 = B_SPLINE_SURFACE_WITH_KNOTS('',3,1,(
    (#14830,#14831)
    ,(#14832,#14833)
    ,(#14834,#14835)
    ,(#14836,#14837
    )),.UNSPECIFIED.,.F.,.F.,.F.,(4,4),(2,2),(8.,9.),(0.,1.),
  .PIECEWISE_BEZIER_KNOTS.);
#14830 = CARTESIAN_POINT('',(0.476057735997,1.118600284091,0.701));
#14831 = CARTESIAN_POINT('',(0.476057735997,1.118600284091,0.7));
#14832 = CARTESIAN_POINT('',(0.498325936492,1.094307684181,0.701));
#14833 = CARTESIAN_POINT('',(0.498325936492,1.094307684181,0.7));
#14834 = CARTESIAN_POINT('',(0.525655101739,1.078112643316,0.701));
#14835 = CARTESIAN_POINT('',(0.525655101739,1.078112643316,0.7));
#14836 = CARTESIAN_POINT('',(0.557033017548,1.070015122883,0.701));
#14837 = CARTESIAN_POINT('',(0.557033017548,1.070015122883,0.7));
#14838 = ADVANCED_FACE('',(#14839),#14850,.F.);
#14839 = FACE_BOUND('',#14840,.F.);
#14840 = EDGE_LOOP('',(#14841,#14842,#14843,#14849));
#14841 = ORIENTED_EDGE('',*,*,#14823,.F.);
#14842 = ORIENTED_EDGE('',*,*,#14069,.T.);
#14843 = ORIENTED_EDGE('',*,*,#14844,.T.);
#14844 = EDGE_CURVE('',#14070,#14498,#14845,.T.);
#14845 = LINE('',#14846,#14847);
#14846 = CARTESIAN_POINT('',(0.653191174045,1.001186141286,0.701));
#14847 = VECTOR('',#14848,1.);
#14848 = DIRECTION('',(0.,0.,-1.));
#14849 = ORIENTED_EDGE('',*,*,#14506,.F.);
#14850 = B_SPLINE_SURFACE_WITH_KNOTS('',3,1,(
    (#14851,#14852)
    ,(#14853,#14854)
    ,(#14855,#14856)
    ,(#14857,#14858
    )),.UNSPECIFIED.,.F.,.F.,.F.,(4,4),(2,2),(9.,10.),(0.,1.),
  .PIECEWISE_BEZIER_KNOTS.);
#14851 = CARTESIAN_POINT('',(0.557033017548,1.070015122883,0.701));
#14852 = CARTESIAN_POINT('',(0.557033017548,1.070015122883,0.7));
#14853 = CARTESIAN_POINT('',(0.570191502731,1.029527482106,0.701));
#14854 = CARTESIAN_POINT('',(0.570191502731,1.029527482106,0.7));
#14855 = CARTESIAN_POINT('',(0.608654753746,1.001186141286,0.701));
#14856 = CARTESIAN_POINT('',(0.608654753746,1.001186141286,0.7));
#14857 = CARTESIAN_POINT('',(0.653191174045,1.001186141286,0.701));
#14858 = CARTESIAN_POINT('',(0.653191174045,1.001186141286,0.7));
#14859 = ADVANCED_FACE('',(#14860),#14871,.F.);
#14860 = FACE_BOUND('',#14861,.F.);
#14861 = EDGE_LOOP('',(#14862,#14863,#14864,#14870));
#14862 = ORIENTED_EDGE('',*,*,#14844,.F.);
#14863 = ORIENTED_EDGE('',*,*,#14078,.T.);
#14864 = ORIENTED_EDGE('',*,*,#14865,.T.);
#14865 = EDGE_CURVE('',#14079,#14489,#14866,.T.);
#14866 = LINE('',#14867,#14868);
#14867 = CARTESIAN_POINT('',(0.754410275985,1.102405243225,0.701));
#14868 = VECTOR('',#14869,1.);
#14869 = DIRECTION('',(0.,0.,-1.));
#14870 = ORIENTED_EDGE('',*,*,#14497,.F.);
#14871 = B_SPLINE_SURFACE_WITH_KNOTS('',3,1,(
    (#14872,#14873)
    ,(#14874,#14875)
    ,(#14876,#14877)
    ,(#14878,#14879
    )),.UNSPECIFIED.,.F.,.F.,.F.,(4,4),(2,2),(10.,11.),(0.,1.),
  .PIECEWISE_BEZIER_KNOTS.);
#14872 = CARTESIAN_POINT('',(0.653191174045,1.001186141286,0.701));
#14873 = CARTESIAN_POINT('',(0.653191174045,1.001186141286,0.7));
#14874 = CARTESIAN_POINT('',(0.708861680111,1.001186141286,0.701));
#14875 = CARTESIAN_POINT('',(0.708861680111,1.001186141286,0.7));
#14876 = CARTESIAN_POINT('',(0.754410275985,1.046734737158,0.701));
#14877 = CARTESIAN_POINT('',(0.754410275985,1.046734737158,0.7));
#14878 = CARTESIAN_POINT('',(0.754410275985,1.102405243225,0.701));
#14879 = CARTESIAN_POINT('',(0.754410275985,1.102405243225,0.7));
#14880 = ADVANCED_FACE('',(#14881),#14892,.F.);
#14881 = FACE_BOUND('',#14882,.T.);
#14882 = EDGE_LOOP('',(#14883,#14884,#14890,#14891));
#14883 = ORIENTED_EDGE('',*,*,#14488,.T.);
#14884 = ORIENTED_EDGE('',*,*,#14885,.F.);
#14885 = EDGE_CURVE('',#14088,#14481,#14886,.T.);
#14886 = LINE('',#14887,#14888);
#14887 = CARTESIAN_POINT('',(0.754410275985,1.11252715342,0.701));
#14888 = VECTOR('',#14889,1.);
#14889 = DIRECTION('',(0.,0.,-1.));
#14890 = ORIENTED_EDGE('',*,*,#14087,.F.);
#14891 = ORIENTED_EDGE('',*,*,#14865,.T.);
#14892 = PLANE('',#14893);
#14893 = AXIS2_PLACEMENT_3D('',#14894,#14895,#14896);
#14894 = CARTESIAN_POINT('',(0.754410275985,1.102405243225,0.701));
#14895 = DIRECTION('',(-1.,0.,0.));
#14896 = DIRECTION('',(0.,0.,1.));
#14897 = ADVANCED_FACE('',(#14898),#14909,.F.);
#14898 = FACE_BOUND('',#14899,.T.);
#14899 = EDGE_LOOP('',(#14900,#14901,#14907,#14908));
#14900 = ORIENTED_EDGE('',*,*,#14480,.T.);
#14901 = ORIENTED_EDGE('',*,*,#14902,.F.);
#14902 = EDGE_CURVE('',#14097,#14473,#14903,.T.);
#14903 = LINE('',#14904,#14905);
#14904 = CARTESIAN_POINT('',(0.896117018701,1.187429284994,0.701));
#14905 = VECTOR('',#14906,1.);
#14906 = DIRECTION('',(0.,0.,-1.));
#14907 = ORIENTED_EDGE('',*,*,#14096,.F.);
#14908 = ORIENTED_EDGE('',*,*,#14885,.T.);
#14909 = PLANE('',#14910);
#14910 = AXIS2_PLACEMENT_3D('',#14911,#14912,#14913);
#14911 = CARTESIAN_POINT('',(0.754410275985,1.11252715342,0.701));
#14912 = DIRECTION('',(-0.467307306754,0.884094950248,0.));
#14913 = DIRECTION('',(-0.884094950248,-0.467307306754,0.));
#14914 = ADVANCED_FACE('',(#14915),#14926,.F.);
#14915 = FACE_BOUND('',#14916,.T.);
#14916 = EDGE_LOOP('',(#14917,#14918,#14924,#14925));
#14917 = ORIENTED_EDGE('',*,*,#14472,.T.);
#14918 = ORIENTED_EDGE('',*,*,#14919,.F.);
#14919 = EDGE_CURVE('',#14105,#14465,#14920,.T.);
#14920 = LINE('',#14921,#14922);
#14921 = CARTESIAN_POINT('',(0.864739112544,1.241075420606,0.701));
#14922 = VECTOR('',#14923,1.);
#14923 = DIRECTION('',(0.,0.,-1.));
#14924 = ORIENTED_EDGE('',*,*,#14104,.F.);
#14925 = ORIENTED_EDGE('',*,*,#14902,.T.);
#14926 = PLANE('',#14927);
#14927 = AXIS2_PLACEMENT_3D('',#14928,#14929,#14930);
#14928 = CARTESIAN_POINT('',(0.896117018701,1.187429284994,0.701));
#14929 = DIRECTION('',(-0.863187758942,-0.504883048649,0.));
#14930 = DIRECTION('',(0.504883048649,-0.863187758942,0.));
#14931 = ADVANCED_FACE('',(#14932),#14943,.F.);
#14932 = FACE_BOUND('',#14933,.T.);
#14933 = EDGE_LOOP('',(#14934,#14935,#14941,#14942));
#14934 = ORIENTED_EDGE('',*,*,#14464,.T.);
#14935 = ORIENTED_EDGE('',*,*,#14936,.F.);
#14936 = EDGE_CURVE('',#14113,#14456,#14937,.T.);
#14937 = LINE('',#14938,#14939);
#14938 = CARTESIAN_POINT('',(0.729105519806,1.170222049248,0.701));
#14939 = VECTOR('',#14940,1.);
#14940 = DIRECTION('',(0.,0.,-1.));
#14941 = ORIENTED_EDGE('',*,*,#14112,.F.);
#14942 = ORIENTED_EDGE('',*,*,#14919,.T.);
#14943 = PLANE('',#14944);
#14944 = AXIS2_PLACEMENT_3D('',#14945,#14946,#14947);
#14945 = CARTESIAN_POINT('',(0.864739112544,1.241075420606,0.701));
#14946 = DIRECTION('',(0.463018065387,-0.886348842796,0.));
#14947 = DIRECTION('',(0.886348842796,0.463018065387,0.));
#14948 = ADVANCED_FACE('',(#14949),#14960,.F.);
#14949 = FACE_BOUND('',#14950,.F.);
#14950 = EDGE_LOOP('',(#14951,#14952,#14953,#14959));
#14951 = ORIENTED_EDGE('',*,*,#14936,.F.);
#14952 = ORIENTED_EDGE('',*,*,#14120,.T.);
#14953 = ORIENTED_EDGE('',*,*,#14954,.T.);
#14954 = EDGE_CURVE('',#14121,#14447,#14955,.T.);
#14955 = LINE('',#14956,#14957);
#14956 = CARTESIAN_POINT('',(0.653191193351,1.204636540047,0.701));
#14957 = VECTOR('',#14958,1.);
#14958 = DIRECTION('',(0.,0.,-1.));
#14959 = ORIENTED_EDGE('',*,*,#14455,.F.);
#14960 = B_SPLINE_SURFACE_WITH_KNOTS('',3,1,(
    (#14961,#14962)
    ,(#14963,#14964)
    ,(#14965,#14966)
    ,(#14967,#14968
    )),.UNSPECIFIED.,.F.,.F.,.F.,(4,4),(2,2),(15.,16.),(0.,1.),
  .PIECEWISE_BEZIER_KNOTS.);
#14961 = CARTESIAN_POINT('',(0.729105519806,1.170222049248,0.701));
#14962 = CARTESIAN_POINT('',(0.729105519806,1.170222049248,
    0.699999999999));
#14963 = CARTESIAN_POINT('',(0.710886089179,1.191478064517,0.701));
#14964 = CARTESIAN_POINT('',(0.710886089179,1.191478064517,
    0.699999999999));
#14965 = CARTESIAN_POINT('',(0.683556923933,1.204636540047,0.701));
#14966 = CARTESIAN_POINT('',(0.683556923933,1.204636540047,
    0.699999999999));
#14967 = CARTESIAN_POINT('',(0.653191193351,1.204636540047,0.701));
#14968 = CARTESIAN_POINT('',(0.653191193351,1.204636540047,
    0.699999999999));
#14969 = ADVANCED_FACE('',(#14970),#14981,.F.);
#14970 = FACE_BOUND('',#14971,.F.);
#14971 = EDGE_LOOP('',(#14972,#14973,#14974,#14980));
#14972 = ORIENTED_EDGE('',*,*,#14954,.F.);
#14973 = ORIENTED_EDGE('',*,*,#14129,.T.);
#14974 = ORIENTED_EDGE('',*,*,#14975,.T.);
#14975 = EDGE_CURVE('',#14130,#14438,#14976,.T.);
#14976 = LINE('',#14977,#14978);
#14977 = CARTESIAN_POINT('',(0.558045241388,1.137831928905,0.701));
#14978 = VECTOR('',#14979,1.);
#14979 = DIRECTION('',(0.,0.,-1.));
#14980 = ORIENTED_EDGE('',*,*,#14446,.F.);
#14981 = B_SPLINE_SURFACE_WITH_KNOTS('',3,1,(
    (#14982,#14983)
    ,(#14984,#14985)
    ,(#14986,#14987)
    ,(#14988,#14989
    )),.UNSPECIFIED.,.F.,.F.,.F.,(4,4),(2,2),(16.,17.),(0.,1.),
  .PIECEWISE_BEZIER_KNOTS.);
#14982 = CARTESIAN_POINT('',(0.653191193351,1.204636540047,0.701));
#14983 = CARTESIAN_POINT('',(0.653191193351,1.204636540047,0.7));
#14984 = CARTESIAN_POINT('',(0.609666967933,1.204636540047,0.701));
#14985 = CARTESIAN_POINT('',(0.609666967933,1.204636540047,0.7));
#14986 = CARTESIAN_POINT('',(0.572215911799,1.176295199226,0.701));
#14987 = CARTESIAN_POINT('',(0.572215911799,1.176295199226,0.7));
#14988 = CARTESIAN_POINT('',(0.558045241388,1.137831928905,0.701));
#14989 = CARTESIAN_POINT('',(0.558045241388,1.137831928905,0.7));
#14990 = ADVANCED_FACE('',(#14991),#15002,.F.);
#14991 = FACE_BOUND('',#14992,.F.);
#14992 = EDGE_LOOP('',(#14993,#14994,#14995,#15001));
#14993 = ORIENTED_EDGE('',*,*,#14975,.F.);
#14994 = ORIENTED_EDGE('',*,*,#14138,.T.);
#14995 = ORIENTED_EDGE('',*,*,#14996,.T.);
#14996 = EDGE_CURVE('',#14139,#14429,#14997,.T.);
#14997 = LINE('',#14998,#14999);
#14998 = CARTESIAN_POINT('',(0.497313780224,1.230953510412,0.701));
#14999 = VECTOR('',#15000,1.);
#15000 = DIRECTION('',(0.,0.,-1.));
#15001 = ORIENTED_EDGE('',*,*,#14437,.F.);
#15002 = B_SPLINE_SURFACE_WITH_KNOTS('',3,1,(
    (#15003,#15004)
    ,(#15005,#15006)
    ,(#15007,#15008)
    ,(#15009,#15010
    )),.UNSPECIFIED.,.F.,.F.,.F.,(4,4),(2,2),(17.,18.),(0.,1.),
  .PIECEWISE_BEZIER_KNOTS.);
#15003 = CARTESIAN_POINT('',(0.558045241388,1.137831928905,0.701));
#15004 = CARTESIAN_POINT('',(0.558045241388,1.137831928905,0.7));
#15005 = CARTESIAN_POINT('',(0.522618555709,1.154026989076,0.701));
#15006 = CARTESIAN_POINT('',(0.522618555709,1.154026989076,0.7));
#15007 = CARTESIAN_POINT('',(0.497313780224,1.189453674755,0.701));
#15008 = CARTESIAN_POINT('',(0.497313780224,1.189453674755,0.7));
#15009 = CARTESIAN_POINT('',(0.497313780224,1.230953510412,0.701));
#15010 = CARTESIAN_POINT('',(0.497313780224,1.230953510412,0.7));
#15011 = ADVANCED_FACE('',(#15012),#15023,.F.);
#15012 = FACE_BOUND('',#15013,.F.);
#15013 = EDGE_LOOP('',(#15014,#15015,#15016,#15022));
#15014 = ORIENTED_EDGE('',*,*,#14996,.F.);
#15015 = ORIENTED_EDGE('',*,*,#14147,.T.);
#15016 = ORIENTED_EDGE('',*,*,#15017,.T.);
#15017 = EDGE_CURVE('',#14148,#14420,#15018,.T.);
#15018 = LINE('',#15019,#15020);
#15019 = CARTESIAN_POINT('',(0.598532882164,1.332172612352,0.701));
#15020 = VECTOR('',#15021,1.);
#15021 = DIRECTION('',(0.,0.,-1.));
#15022 = ORIENTED_EDGE('',*,*,#14428,.F.);
#15023 = B_SPLINE_SURFACE_WITH_KNOTS('',3,1,(
    (#15024,#15025)
    ,(#15026,#15027)
    ,(#15028,#15029)
    ,(#15030,#15031
    )),.UNSPECIFIED.,.F.,.F.,.F.,(4,4),(2,2),(18.,19.),(0.,1.),
  .PIECEWISE_BEZIER_KNOTS.);
#15024 = CARTESIAN_POINT('',(0.497313780224,1.230953510412,0.701));
#15025 = CARTESIAN_POINT('',(0.497313780224,1.230953510412,0.7));
#15026 = CARTESIAN_POINT('',(0.497313780224,1.28662401648,0.701));
#15027 = CARTESIAN_POINT('',(0.497313780224,1.28662401648,0.7));
#15028 = CARTESIAN_POINT('',(0.542862376097,1.332172612352,0.701));
#15029 = CARTESIAN_POINT('',(0.542862376097,1.332172612352,0.7));
#15030 = CARTESIAN_POINT('',(0.598532882164,1.332172612352,0.701));
#15031 = CARTESIAN_POINT('',(0.598532882164,1.332172612352,0.7));
#15032 = ADVANCED_FACE('',(#15033),#15044,.F.);
#15033 = FACE_BOUND('',#15034,.F.);
#15034 = EDGE_LOOP('',(#15035,#15036,#15037,#15043));
#15035 = ORIENTED_EDGE('',*,*,#15017,.F.);
#15036 = ORIENTED_EDGE('',*,*,#14156,.T.);
#15037 = ORIENTED_EDGE('',*,*,#15038,.T.);
#15038 = EDGE_CURVE('',#14157,#14411,#15039,.T.);
#15039 = LINE('',#15040,#15041);
#15040 = CARTESIAN_POINT('',(0.65217899847,1.316989747061,0.701));
#15041 = VECTOR('',#15042,1.);
#15042 = DIRECTION('',(0.,0.,-1.));
#15043 = ORIENTED_EDGE('',*,*,#14419,.F.);
#15044 = B_SPLINE_SURFACE_WITH_KNOTS('',3,1,(
    (#15045,#15046)
    ,(#15047,#15048)
    ,(#15049,#15050)
    ,(#15051,#15052
    )),.UNSPECIFIED.,.F.,.F.,.F.,(4,4),(2,2),(19.,20.),(0.,1.),
  .PIECEWISE_BEZIER_KNOTS.);
#15045 = CARTESIAN_POINT('',(0.598532882164,1.332172612352,0.701));
#15046 = CARTESIAN_POINT('',(0.598532882164,1.332172612352,0.7));
#15047 = CARTESIAN_POINT('',(0.617764507672,1.332172612352,0.701));
#15048 = CARTESIAN_POINT('',(0.617764507672,1.332172612352,0.7));
#15049 = CARTESIAN_POINT('',(0.636996133179,1.326099462375,0.701));
#15050 = CARTESIAN_POINT('',(0.636996133179,1.326099462375,0.7));
#15051 = CARTESIAN_POINT('',(0.65217899847,1.316989747061,0.701));
#15052 = CARTESIAN_POINT('',(0.65217899847,1.316989747061,0.7));
#15053 = ADVANCED_FACE('',(#15054),#15065,.F.);
#15054 = FACE_BOUND('',#15055,.F.);
#15055 = EDGE_LOOP('',(#15056,#15057,#15058,#15064));
#15056 = ORIENTED_EDGE('',*,*,#15038,.F.);
#15057 = ORIENTED_EDGE('',*,*,#14165,.T.);
#15058 = ORIENTED_EDGE('',*,*,#15059,.T.);
#15059 = EDGE_CURVE('',#14166,#14402,#15060,.T.);
#15060 = LINE('',#15061,#15062);
#15061 = CARTESIAN_POINT('',(0.787812571903,1.414160030867,0.701));
#15062 = VECTOR('',#15063,1.);
#15063 = DIRECTION('',(0.,0.,-1.));
#15064 = ORIENTED_EDGE('',*,*,#14410,.F.);
#15065 = B_SPLINE_SURFACE_WITH_KNOTS('',3,1,(
    (#15066,#15067)
    ,(#15068,#15069)
    ,(#15070,#15071)
    ,(#15072,#15073
    )),.UNSPECIFIED.,.F.,.F.,.F.,(4,4),(2,2),(20.,21.),(0.,1.),
  .PIECEWISE_BEZIER_KNOTS.);
#15066 = CARTESIAN_POINT('',(0.65217899847,1.316989747061,0.701));
#15067 = CARTESIAN_POINT('',(0.65217899847,1.316989747061,0.7));
#15068 = CARTESIAN_POINT('',(0.671410604671,1.373672390091,0.701));
#15069 = CARTESIAN_POINT('',(0.671410604671,1.373672390091,0.7));
#15070 = CARTESIAN_POINT('',(0.724044545402,1.414160030867,0.701));
#15071 = CARTESIAN_POINT('',(0.724044545402,1.414160030867,0.7));
#15072 = CARTESIAN_POINT('',(0.787812571903,1.414160030867,0.701));
#15073 = CARTESIAN_POINT('',(0.787812571903,1.414160030867,0.7));
#15074 = ADVANCED_FACE('',(#15075),#15086,.F.);
#15075 = FACE_BOUND('',#15076,.F.);
#15076 = EDGE_LOOP('',(#15077,#15078,#15079,#15085));
#15077 = ORIENTED_EDGE('',*,*,#15059,.F.);
#15078 = ORIENTED_EDGE('',*,*,#14174,.T.);
#15079 = ORIENTED_EDGE('',*,*,#15080,.T.);
#15080 = EDGE_CURVE('',#14175,#14393,#15081,.T.);
#15081 = LINE('',#15082,#15083);
#15082 = CARTESIAN_POINT('',(0.929519314619,1.287636153442,0.701));
#15083 = VECTOR('',#15084,1.);
#15084 = DIRECTION('',(0.,0.,-1.));
#15085 = ORIENTED_EDGE('',*,*,#14401,.F.);
#15086 = B_SPLINE_SURFACE_WITH_KNOTS('',3,1,(
    (#15087,#15088)
    ,(#15089,#15090)
    ,(#15091,#15092)
    ,(#15093,#15094
    )),.UNSPECIFIED.,.F.,.F.,.F.,(4,4),(2,2),(21.,22.),(0.,1.),
  .PIECEWISE_BEZIER_KNOTS.);
#15087 = CARTESIAN_POINT('',(0.787812571903,1.414160030867,0.701));
#15088 = CARTESIAN_POINT('',(0.787812571903,1.414160030867,0.7));
#15089 = CARTESIAN_POINT('',(0.860690333022,1.414160030867,0.701));
#15090 = CARTESIAN_POINT('',(0.860690333022,1.414160030867,0.7));
#15091 = CARTESIAN_POINT('',(0.921421794186,1.3584895248,0.701));
#15092 = CARTESIAN_POINT('',(0.921421794186,1.3584895248,0.7));
#15093 = CARTESIAN_POINT('',(0.929519314619,1.287636153442,0.701));
#15094 = CARTESIAN_POINT('',(0.929519314619,1.287636153442,0.7));
#15095 = ADVANCED_FACE('',(#15096),#15107,.F.);
#15096 = FACE_BOUND('',#15097,.T.);
#15097 = EDGE_LOOP('',(#15098,#15099,#15105,#15106));
#15098 = ORIENTED_EDGE('',*,*,#14392,.T.);
#15099 = ORIENTED_EDGE('',*,*,#15100,.F.);
#15100 = EDGE_CURVE('',#14184,#14384,#15101,.T.);
#15101 = LINE('',#15102,#15103);
#15102 = CARTESIAN_POINT('',(0.937616835052,1.287636153442,0.701));
#15103 = VECTOR('',#15104,1.);
#15104 = DIRECTION('',(0.,0.,-1.));
#15105 = ORIENTED_EDGE('',*,*,#14183,.F.);
#15106 = ORIENTED_EDGE('',*,*,#15080,.T.);
#15107 = PLANE('',#15108);
#15108 = AXIS2_PLACEMENT_3D('',#15109,#15110,#15111);
#15109 = CARTESIAN_POINT('',(0.929519314619,1.287636153442,0.701));
#15110 = DIRECTION('',(0.,1.,0.));
#15111 = DIRECTION('',(0.,-0.,1.));
#15112 = ADVANCED_FACE('',(#15113),#15124,.F.);
#15113 = FACE_BOUND('',#15114,.F.);
#15114 = EDGE_LOOP('',(#15115,#15116,#15117,#15123));
#15115 = ORIENTED_EDGE('',*,*,#15100,.F.);
#15116 = ORIENTED_EDGE('',*,*,#14192,.T.);
#15117 = ORIENTED_EDGE('',*,*,#15118,.T.);
#15118 = EDGE_CURVE('',#14193,#14375,#15119,.T.);
#15119 = LINE('',#15120,#15121);
#15120 = CARTESIAN_POINT('',(1.016567726842,1.208685261651,0.701));
#15121 = VECTOR('',#15122,1.);
#15122 = DIRECTION('',(0.,0.,-1.));
#15123 = ORIENTED_EDGE('',*,*,#14383,.F.);
#15124 = B_SPLINE_SURFACE_WITH_KNOTS('',3,1,(
    (#15125,#15126)
    ,(#15127,#15128)
    ,(#15129,#15130)
    ,(#15131,#15132
    )),.UNSPECIFIED.,.F.,.F.,.F.,(4,4),(2,2),(23.,24.),(0.,1.),
  .PIECEWISE_BEZIER_KNOTS.);
#15125 = CARTESIAN_POINT('',(0.937616835052,1.287636153442,0.701));
#15126 = CARTESIAN_POINT('',(0.937616835052,1.287636153442,0.7));
#15127 = CARTESIAN_POINT('',(0.981141041164,1.287636153442,0.701));
#15128 = CARTESIAN_POINT('',(0.981141041164,1.287636153442,0.7));
#15129 = CARTESIAN_POINT('',(1.016567726842,1.252209467763,0.701));
#15130 = CARTESIAN_POINT('',(1.016567726842,1.252209467763,0.7));
#15131 = CARTESIAN_POINT('',(1.016567726842,1.208685261651,0.701));
#15132 = CARTESIAN_POINT('',(1.016567726842,1.208685261651,0.7));
#15133 = ADVANCED_FACE('',(#15134),#15145,.F.);
#15134 = FACE_BOUND('',#15135,.F.);
#15135 = EDGE_LOOP('',(#15136,#15137,#15138,#15144));
#15136 = ORIENTED_EDGE('',*,*,#15118,.F.);
#15137 = ORIENTED_EDGE('',*,*,#14201,.T.);
#15138 = ORIENTED_EDGE('',*,*,#15139,.T.);
#15139 = EDGE_CURVE('',#14202,#14367,#15140,.T.);
#15140 = LINE('',#15141,#15142);
#15141 = CARTESIAN_POINT('',(0.943689965723,1.12973436986,0.701));
#15142 = VECTOR('',#15143,1.);
#15143 = DIRECTION('',(0.,0.,-1.));
#15144 = ORIENTED_EDGE('',*,*,#14374,.F.);
#15145 = B_SPLINE_SURFACE_WITH_KNOTS('',3,1,(
    (#15146,#15147)
    ,(#15148,#15149)
    ,(#15150,#15151)
    ,(#15152,#15153
    )),.UNSPECIFIED.,.F.,.F.,.F.,(4,4),(2,2),(24.,25.),(0.,1.),
  .PIECEWISE_BEZIER_KNOTS.);
#15146 = CARTESIAN_POINT('',(1.016567726842,1.208685261651,0.701));
#15147 = CARTESIAN_POINT('',(1.016567726842,1.208685261651,0.7));
#15148 = CARTESIAN_POINT('',(1.016567726842,1.167185425994,0.701));
#15149 = CARTESIAN_POINT('',(1.016567726842,1.167185425994,0.7));
#15150 = CARTESIAN_POINT('',(0.985189820686,1.132770935196,0.701));
#15151 = CARTESIAN_POINT('',(0.985189820686,1.132770935196,0.7));
#15152 = CARTESIAN_POINT('',(0.943689965723,1.12973436986,0.701));
#15153 = CARTESIAN_POINT('',(0.943689965723,1.12973436986,0.7));
#15154 = ADVANCED_FACE('',(#15155),#15166,.F.);
#15155 = FACE_BOUND('',#15156,.T.);
#15156 = EDGE_LOOP('',(#15157,#15158,#15164,#15165));
#15157 = ORIENTED_EDGE('',*,*,#14366,.T.);
#15158 = ORIENTED_EDGE('',*,*,#15159,.F.);
#15159 = EDGE_CURVE('',#14211,#14358,#15160,.T.);
#15160 = LINE('',#15161,#15162);
#15161 = CARTESIAN_POINT('',(0.89814136985,1.12973436986,0.701));
#15162 = VECTOR('',#15163,1.);
#15163 = DIRECTION('',(0.,0.,-1.));
#15164 = ORIENTED_EDGE('',*,*,#14210,.F.);
#15165 = ORIENTED_EDGE('',*,*,#15139,.T.);
#15166 = PLANE('',#15167);
#15167 = AXIS2_PLACEMENT_3D('',#15168,#15169,#15170);
#15168 = CARTESIAN_POINT('',(0.943689965723,1.12973436986,0.701));
#15169 = DIRECTION('',(0.,-1.,0.));
#15170 = DIRECTION('',(0.,0.,-1.));
#15171 = ADVANCED_FACE('',(#15172),#15183,.F.);
#15172 = FACE_BOUND('',#15173,.F.);
#15173 = EDGE_LOOP('',(#15174,#15175,#15176,#15182));
#15174 = ORIENTED_EDGE('',*,*,#15159,.F.);
#15175 = ORIENTED_EDGE('',*,*,#14218,.T.);
#15176 = ORIENTED_EDGE('',*,*,#15177,.T.);
#15177 = EDGE_CURVE('',#14219,#14349,#15178,.T.);
#15178 = LINE('',#15179,#15180);
#15179 = CARTESIAN_POINT('',(0.892068239179,1.130746545435,0.701));
#15180 = VECTOR('',#15181,1.);
#15181 = DIRECTION('',(0.,0.,-1.));
#15182 = ORIENTED_EDGE('',*,*,#14357,.F.);
#15183 = B_SPLINE_SURFACE_WITH_KNOTS('',3,1,(
    (#15184,#15185)
    ,(#15186,#15187)
    ,(#15188,#15189)
    ,(#15190,#15191
    )),.UNSPECIFIED.,.F.,.F.,.F.,(4,4),(2,2),(26.,27.),(0.,1.),
  .PIECEWISE_BEZIER_KNOTS.);
#15184 = CARTESIAN_POINT('',(0.89814136985,1.12973436986,0.701));
#15185 = CARTESIAN_POINT('',(0.89814136985,1.12973436986,0.699999999999)
  );
#15186 = CARTESIAN_POINT('',(0.896116980089,1.12973436986,0.701));
#15187 = CARTESIAN_POINT('',(0.896116980089,1.12973436986,0.699999999999
    ));
#15188 = CARTESIAN_POINT('',(0.894092590328,1.130746545435,0.701));
#15189 = CARTESIAN_POINT('',(0.894092590328,1.130746545435,
    0.699999999999));
#15190 = CARTESIAN_POINT('',(0.892068239179,1.130746545435,0.701));
#15191 = CARTESIAN_POINT('',(0.892068239179,1.130746545435,
    0.699999999999));
#15192 = ADVANCED_FACE('',(#15193),#15204,.F.);
#15193 = FACE_BOUND('',#15194,.F.);
#15194 = EDGE_LOOP('',(#15195,#15196,#15197,#15203));
#15195 = ORIENTED_EDGE('',*,*,#15177,.F.);
#15196 = ORIENTED_EDGE('',*,*,#14227,.T.);
#15197 = ORIENTED_EDGE('',*,*,#15198,.T.);
#15198 = EDGE_CURVE('',#14228,#14340,#15199,.T.);
#15199 = LINE('',#15200,#15201);
#15200 = CARTESIAN_POINT('',(0.860690333022,1.099368639278,0.701));
#15201 = VECTOR('',#15202,1.);
#15202 = DIRECTION('',(0.,0.,-1.));
#15203 = ORIENTED_EDGE('',*,*,#14348,.F.);
#15204 = B_SPLINE_SURFACE_WITH_KNOTS('',3,1,(
    (#15205,#15206)
    ,(#15207,#15208)
    ,(#15209,#15210)
    ,(#15211,#15212
    )),.UNSPECIFIED.,.F.,.F.,.F.,(4,4),(2,2),(27.,28.),(0.,1.),
  .PIECEWISE_BEZIER_KNOTS.);
#15205 = CARTESIAN_POINT('',(0.892068239179,1.130746545435,0.701));
#15206 = CARTESIAN_POINT('',(0.892068239179,1.130746545435,0.7));
#15207 = CARTESIAN_POINT('',(0.874860984126,1.130746545435,0.701));
#15208 = CARTESIAN_POINT('',(0.874860984126,1.130746545435,0.7));
#15209 = CARTESIAN_POINT('',(0.860690333022,1.116575855719,0.701));
#15210 = CARTESIAN_POINT('',(0.860690333022,1.116575855719,0.7));
#15211 = CARTESIAN_POINT('',(0.860690333022,1.099368639278,0.701));
#15212 = CARTESIAN_POINT('',(0.860690333022,1.099368639278,0.7));
#15213 = ADVANCED_FACE('',(#15214),#15225,.F.);
#15214 = FACE_BOUND('',#15215,.F.);
#15215 = EDGE_LOOP('',(#15216,#15217,#15218,#15224));
#15216 = ORIENTED_EDGE('',*,*,#15198,.F.);
#15217 = ORIENTED_EDGE('',*,*,#14236,.T.);
#15218 = ORIENTED_EDGE('',*,*,#15219,.T.);
#15219 = EDGE_CURVE('',#14237,#14332,#15220,.T.);
#15220 = LINE('',#15221,#15222);
#15221 = CARTESIAN_POINT('',(0.890043888029,1.067990733121,0.701));
#15222 = VECTOR('',#15223,1.);
#15223 = DIRECTION('',(0.,0.,-1.));
#15224 = ORIENTED_EDGE('',*,*,#14339,.F.);
#15225 = B_SPLINE_SURFACE_WITH_KNOTS('',3,1,(
    (#15226,#15227)
    ,(#15228,#15229)
    ,(#15230,#15231)
    ,(#15232,#15233
    )),.UNSPECIFIED.,.F.,.F.,.F.,(4,4),(2,2),(28.,29.),(0.,1.),
  .PIECEWISE_BEZIER_KNOTS.);
#15226 = CARTESIAN_POINT('',(0.860690333022,1.099368639278,0.701));
#15227 = CARTESIAN_POINT('',(0.860690333022,1.099368639278,0.7));
#15228 = CARTESIAN_POINT('',(0.860690333022,1.083173598412,0.701));
#15229 = CARTESIAN_POINT('',(0.860690333022,1.083173598412,0.7));
#15230 = CARTESIAN_POINT('',(0.873848808551,1.069002908695,0.701));
#15231 = CARTESIAN_POINT('',(0.873848808551,1.069002908695,0.7));
#15232 = CARTESIAN_POINT('',(0.890043888029,1.067990733121,0.701));
#15233 = CARTESIAN_POINT('',(0.890043888029,1.067990733121,0.7));
#15234 = ADVANCED_FACE('',(#15235),#15246,.F.);
#15235 = FACE_BOUND('',#15236,.T.);
#15236 = EDGE_LOOP('',(#15237,#15238,#15244,#15245));
#15237 = ORIENTED_EDGE('',*,*,#14331,.T.);
#15238 = ORIENTED_EDGE('',*,*,#15239,.F.);
#15239 = EDGE_CURVE('',#14246,#14323,#15240,.T.);
#15240 = LINE('',#15241,#15242);
#15241 = CARTESIAN_POINT('',(0.949763135007,1.067990733121,0.701));
#15242 = VECTOR('',#15243,1.);
#15243 = DIRECTION('',(0.,0.,-1.));
#15244 = ORIENTED_EDGE('',*,*,#14245,.F.);
#15245 = ORIENTED_EDGE('',*,*,#15219,.T.);
#15246 = PLANE('',#15247);
#15247 = AXIS2_PLACEMENT_3D('',#15248,#15249,#15250);
#15248 = CARTESIAN_POINT('',(0.946726569671,1.067990733121,0.701));
#15249 = DIRECTION('',(0.,1.,0.));
#15250 = DIRECTION('',(0.,-0.,1.));
#15251 = ADVANCED_FACE('',(#15252),#15263,.F.);
#15252 = FACE_BOUND('',#15253,.F.);
#15253 = EDGE_LOOP('',(#15254,#15255,#15256,#15262));
#15254 = ORIENTED_EDGE('',*,*,#15239,.F.);
#15255 = ORIENTED_EDGE('',*,*,#14253,.T.);
#15256 = ORIENTED_EDGE('',*,*,#15257,.T.);
#15257 = EDGE_CURVE('',#14254,#14314,#15258,.T.);
#15258 = LINE('',#15259,#15260);
#15259 = CARTESIAN_POINT('',(1.041872502327,1.113539328995,0.701));
#15260 = VECTOR('',#15261,1.);
#15261 = DIRECTION('',(0.,0.,-1.));
#15262 = ORIENTED_EDGE('',*,*,#14322,.F.);
#15263 = B_SPLINE_SURFACE_WITH_KNOTS('',3,1,(
    (#15264,#15265)
    ,(#15266,#15267)
    ,(#15268,#15269)
    ,(#15270,#15271
    )),.UNSPECIFIED.,.F.,.F.,.F.,(4,4),(2,2),(33.,34.),(0.,1.),
  .PIECEWISE_BEZIER_KNOTS.);
#15264 = CARTESIAN_POINT('',(0.949763135007,1.067990733121,0.701));
#15265 = CARTESIAN_POINT('',(0.949763135007,1.067990733121,
    0.699999999999));
#15266 = CARTESIAN_POINT('',(0.985189820686,1.071027298457,0.701));
#15267 = CARTESIAN_POINT('',(0.985189820686,1.071027298457,
    0.699999999999));
#15268 = CARTESIAN_POINT('',(1.017579941029,1.087222377935,0.701));
#15269 = CARTESIAN_POINT('',(1.017579941029,1.087222377935,
    0.699999999999));
#15270 = CARTESIAN_POINT('',(1.041872502327,1.113539328995,0.701));
#15271 = CARTESIAN_POINT('',(1.041872502327,1.113539328995,
    0.699999999999));
#15272 = ADVANCED_FACE('',(#15273),#15279,.F.);
#15273 = FACE_BOUND('',#15274,.F.);
#15274 = EDGE_LOOP('',(#15275,#15276,#15277,#15278));
#15275 = ORIENTED_EDGE('',*,*,#15257,.F.);
#15276 = ORIENTED_EDGE('',*,*,#14262,.T.);
#15277 = ORIENTED_EDGE('',*,*,#14627,.T.);
#15278 = ORIENTED_EDGE('',*,*,#14313,.F.);
#15279 = B_SPLINE_SURFACE_WITH_KNOTS('',3,1,(
    (#15280,#15281)
    ,(#15282,#15283)
    ,(#15284,#15285)
    ,(#15286,#15287
    )),.UNSPECIFIED.,.F.,.F.,.F.,(4,4),(2,2),(34.,35.),(0.,1.),
  .PIECEWISE_BEZIER_KNOTS.);
#15280 = CARTESIAN_POINT('',(1.041872502327,1.113539328995,0.701));
#15281 = CARTESIAN_POINT('',(1.041872502327,1.113539328995,0.7));
#15282 = CARTESIAN_POINT('',(1.066165102238,1.139856280054,0.701));
#15283 = CARTESIAN_POINT('',(1.066165102238,1.139856280054,0.7));
#15284 = CARTESIAN_POINT('',(1.079323577768,1.174270790159,0.701));
#15285 = CARTESIAN_POINT('',(1.079323577768,1.174270790159,0.7));
#15286 = CARTESIAN_POINT('',(1.079323577768,1.209697475838,0.701));
#15287 = CARTESIAN_POINT('',(1.079323577768,1.209697475838,0.7));
#15288 = ADVANCED_FACE('',(#15289),#15305,.T.);
#15289 = FACE_BOUND('',#15290,.T.);
#15290 = EDGE_LOOP('',(#15291,#15292,#15298,#15299));
#15291 = ORIENTED_EDGE('',*,*,#14609,.F.);
#15292 = ORIENTED_EDGE('',*,*,#15293,.F.);
#15293 = EDGE_CURVE('',#14272,#14599,#15294,.T.);
#15294 = LINE('',#15295,#15296);
#15295 = CARTESIAN_POINT('',(0.652178979164,1.061917525226,0.701));
#15296 = VECTOR('',#15297,1.);
#15297 = DIRECTION('',(0.,0.,-1.));
#15298 = ORIENTED_EDGE('',*,*,#14271,.T.);
#15299 = ORIENTED_EDGE('',*,*,#15300,.T.);
#15300 = EDGE_CURVE('',#14274,#14597,#15301,.T.);
#15301 = LINE('',#15302,#15303);
#15302 = CARTESIAN_POINT('',(0.652178979164,1.140868455628,0.701));
#15303 = VECTOR('',#15304,1.);
#15304 = DIRECTION('',(0.,0.,-1.));
#15305 = B_SPLINE_SURFACE_WITH_KNOTS('',3,1,(
    (#15306,#15307)
    ,(#15308,#15309)
    ,(#15310,#15311)
    ,(#15312,#15313)
    ,(#15314,#15315)
    ,(#15316,#15317)
    ,(#15318,#15319
  )),.UNSPECIFIED.,.F.,.F.,.F.,(4,3,4),(2,2),(0.,1.,2.),(0.,1.),
  .PIECEWISE_BEZIER_KNOTS.);
#15306 = CARTESIAN_POINT('',(0.652178979164,1.061917525226,0.701));
#15307 = CARTESIAN_POINT('',(0.652178979164,1.061917525226,0.7));
#15308 = CARTESIAN_POINT('',(0.674447170007,1.061917525226,0.701));
#15309 = CARTESIAN_POINT('',(0.674447170007,1.061917525226,0.7));
#15310 = CARTESIAN_POINT('',(0.691654425059,1.080136994464,0.701));
#15311 = CARTESIAN_POINT('',(0.691654425059,1.080136994464,0.7));
#15312 = CARTESIAN_POINT('',(0.691654425059,1.101392990427,0.701));
#15313 = CARTESIAN_POINT('',(0.691654425059,1.101392990427,0.7));
#15314 = CARTESIAN_POINT('',(0.691654425059,1.123661200576,0.701));
#15315 = CARTESIAN_POINT('',(0.691654425059,1.123661200576,0.7));
#15316 = CARTESIAN_POINT('',(0.673434994432,1.140868455628,0.701));
#15317 = CARTESIAN_POINT('',(0.673434994432,1.140868455628,0.7));
#15318 = CARTESIAN_POINT('',(0.652178979164,1.140868455628,0.701));
#15319 = CARTESIAN_POINT('',(0.652178979164,1.140868455628,0.7));
#15320 = ADVANCED_FACE('',(#15321),#15327,.T.);
#15321 = FACE_BOUND('',#15322,.T.);
#15322 = EDGE_LOOP('',(#15323,#15324,#15325,#15326));
#15323 = ORIENTED_EDGE('',*,*,#14596,.F.);
#15324 = ORIENTED_EDGE('',*,*,#15300,.F.);
#15325 = ORIENTED_EDGE('',*,*,#14285,.T.);
#15326 = ORIENTED_EDGE('',*,*,#15293,.T.);
#15327 = B_SPLINE_SURFACE_WITH_KNOTS('',3,1,(
    (#15328,#15329)
    ,(#15330,#15331)
    ,(#15332,#15333)
    ,(#15334,#15335)
    ,(#15336,#15337)
    ,(#15338,#15339
  )),.UNSPECIFIED.,.F.,.F.,.F.,(4,2,4),(2,2),(2.,3.,4.),(0.,1.),
  .UNSPECIFIED.);
#15328 = CARTESIAN_POINT('',(0.652178979164,1.140868455628,0.701));
#15329 = CARTESIAN_POINT('',(0.652178979164,1.140868455628,0.7));
#15330 = CARTESIAN_POINT('',(0.630922963895,1.140868455628,0.701));
#15331 = CARTESIAN_POINT('',(0.630922963895,1.140868455628,0.7));
#15332 = CARTESIAN_POINT('',(0.612703533268,1.123661200576,0.701));
#15333 = CARTESIAN_POINT('',(0.612703533268,1.123661200576,0.7));
#15334 = CARTESIAN_POINT('',(0.612703533268,1.079124780278,0.701));
#15335 = CARTESIAN_POINT('',(0.612703533268,1.079124780278,0.7));
#15336 = CARTESIAN_POINT('',(0.630922963895,1.061917525226,0.701));
#15337 = CARTESIAN_POINT('',(0.630922963895,1.061917525226,0.7));
#15338 = CARTESIAN_POINT('',(0.652178979164,1.061917525226,0.701));
#15339 = CARTESIAN_POINT('',(0.652178979164,1.061917525226,0.7));
#15340 = ( GEOMETRIC_REPRESENTATION_CONTEXT(3) 
GLOBAL_UNCERTAINTY_ASSIGNED_CONTEXT((#15344)) 
GLOBAL_UNIT_ASSIGNED_CONTEXT((#15341,#15342,#15343)) 
REPRESENTATION_CONTEXT('Context #1',
  '3D Context with UNIT and UNCERTAINTY') );
#15341 = ( LENGTH_UNIT() NAMED_UNIT(*) SI_UNIT(.MILLI.,.METRE.) );
#15342 = ( NAMED_UNIT(*) PLANE_ANGLE_UNIT() SI_UNIT($,.RADIAN.) );
#15343 = ( NAMED_UNIT(*) SI_UNIT($,.STERADIAN.) SOLID_ANGLE_UNIT() );
#15344 = UNCERTAINTY_MEASURE_WITH_UNIT(LENGTH_MEASURE(1.E-07),#15341,
  'distance_accuracy_value','confusion accuracy');
#15345 = CONTEXT_DEPENDENT_SHAPE_REPRESENTATION(#15346,#15348);
#15346 = ( REPRESENTATION_RELATIONSHIP('','',#13970,#32) 
REPRESENTATION_RELATIONSHIP_WITH_TRANSFORMATION(#15347) 
SHAPE_REPRESENTATION_RELATIONSHIP() );
#15347 = ITEM_DEFINED_TRANSFORMATION('','',#11,#85);
#15348 = PRODUCT_DEFINITION_SHAPE('Placement','Placement of an item',
  #15349);
#15349 = NEXT_ASSEMBLY_USAGE_OCCURRENCE('128',
'SOP-8_L4.9-W3.9-P1.27-LS6.0-BL~SOP-8_L4.9-W3.9-P1.27-LS6.0-BL-1~L6m013'
  ,'',#27,#13965,$);
#15350 = PRODUCT_RELATED_PRODUCT_CATEGORY('part',$,(#13967));
#15351 = MECHANICAL_DESIGN_GEOMETRIC_PRESENTATION_REPRESENTATION('',(
    #15352),#15340);
#15352 = STYLED_ITEM('color',(#15353),#13971);
#15353 = PRESENTATION_STYLE_ASSIGNMENT((#15354,#15360));
#15354 = SURFACE_STYLE_USAGE(.BOTH.,#15355);
#15355 = SURFACE_SIDE_STYLE('',(#15356));
#15356 = SURFACE_STYLE_FILL_AREA(#15357);
#15357 = FILL_AREA_STYLE('',(#15358));
#15358 = FILL_AREA_STYLE_COLOUR('',#15359);
#15359 = DRAUGHTING_PRE_DEFINED_COLOUR('white');
#15360 = CURVE_STYLE('',#15361,POSITIVE_LENGTH_MEASURE(0.1),#15362);
#15361 = DRAUGHTING_PRE_DEFINED_CURVE_FONT('continuous');
#15362 = COLOUR_RGB('',9.803921802644E-02,9.803921802644E-02,
  9.803921802644E-02);
#15363 = MECHANICAL_DESIGN_GEOMETRIC_PRESENTATION_REPRESENTATION('',(
    #15364),#11047);
#15364 = STYLED_ITEM('color',(#15365),#10215);
#15365 = PRESENTATION_STYLE_ASSIGNMENT((#15366,#15371));
#15366 = SURFACE_STYLE_USAGE(.BOTH.,#15367);
#15367 = SURFACE_SIDE_STYLE('',(#15368));
#15368 = SURFACE_STYLE_FILL_AREA(#15369);
#15369 = FILL_AREA_STYLE('',(#15370));
#15370 = FILL_AREA_STYLE_COLOUR('',#15359);
#15371 = CURVE_STYLE('',#15372,POSITIVE_LENGTH_MEASURE(0.1),#15362);
#15372 = DRAUGHTING_PRE_DEFINED_CURVE_FONT('continuous');
#15373 = MECHANICAL_DESIGN_GEOMETRIC_PRESENTATION_REPRESENTATION('',(
    #15374),#13437);
#15374 = STYLED_ITEM('color',(#15375),#12905);
#15375 = PRESENTATION_STYLE_ASSIGNMENT((#15376,#15381));
#15376 = SURFACE_STYLE_USAGE(.BOTH.,#15377);
#15377 = SURFACE_SIDE_STYLE('',(#15378));
#15378 = SURFACE_STYLE_FILL_AREA(#15379);
#15379 = FILL_AREA_STYLE('',(#15380));
#15380 = FILL_AREA_STYLE_COLOUR('',#15359);
#15381 = CURVE_STYLE('',#15382,POSITIVE_LENGTH_MEASURE(0.1),#15362);
#15382 = DRAUGHTING_PRE_DEFINED_CURVE_FONT('continuous');
#15383 = MECHANICAL_DESIGN_GEOMETRIC_PRESENTATION_REPRESENTATION('',(
    #15384),#13952);
#15384 = STYLED_ITEM('color',(#15385),#13456);
#15385 = PRESENTATION_STYLE_ASSIGNMENT((#15386,#15391));
#15386 = SURFACE_STYLE_USAGE(.BOTH.,#15387);
#15387 = SURFACE_SIDE_STYLE('',(#15388));
#15388 = SURFACE_STYLE_FILL_AREA(#15389);
#15389 = FILL_AREA_STYLE('',(#15390));
#15390 = FILL_AREA_STYLE_COLOUR('',#15359);
#15391 = CURVE_STYLE('',#15392,POSITIVE_LENGTH_MEASURE(0.1),#15362);
#15392 = DRAUGHTING_PRE_DEFINED_CURVE_FONT('continuous');
#15393 = MECHANICAL_DESIGN_GEOMETRIC_PRESENTATION_REPRESENTATION('',(
    #15394),#7693);
#15394 = STYLED_ITEM('color',(#15395),#7477);
#15395 = PRESENTATION_STYLE_ASSIGNMENT((#15396,#15401));
#15396 = SURFACE_STYLE_USAGE(.BOTH.,#15397);
#15397 = SURFACE_SIDE_STYLE('',(#15398));
#15398 = SURFACE_STYLE_FILL_AREA(#15399);
#15399 = FILL_AREA_STYLE('',(#15400));
#15400 = FILL_AREA_STYLE_COLOUR('',#15359);
#15401 = CURVE_STYLE('',#15402,POSITIVE_LENGTH_MEASURE(0.1),#15362);
#15402 = DRAUGHTING_PRE_DEFINED_CURVE_FONT('continuous');
#15403 = MECHANICAL_DESIGN_GEOMETRIC_PRESENTATION_REPRESENTATION('',(
    #15404,#15414,#15422,#15429,#15436,#15443,#15450,#15457,#15464,
    #15471,#15478,#15485,#15492,#15499,#15506,#15513,#15520,#15527,
    #15534,#15541,#15548,#15555,#15562,#15569,#15576,#15583,#15590,
    #15597,#15604,#15611,#15618,#15625,#15632,#15639,#15646,#15653,
    #15660,#15667,#15674,#15681,#15688,#15695,#15702,#15709,#15716,
    #15723,#15730,#15737,#15744,#15751,#15758,#15765,#15772,#15779,
    #15786,#15793,#15800,#15807,#15815,#15822,#15829,#15836,#15843,
    #15850,#15857,#15864,#15871,#15878,#15885,#15892,#15899,#15906,
    #15913,#15920,#15927,#15934,#15941,#15948,#15955,#15962,#15969,
    #15976,#15983,#15990,#15997,#16004,#16011,#16018,#16025,#16032,
    #16039,#16046,#16053,#16060,#16067,#16074,#16081,#16088,#16095,
    #16102,#16109,#16116,#16123,#16130,#16137,#16144,#16151,#16158,
    #16165,#16172,#16179,#16186,#16193,#16200,#16207,#16214,#16221,
    #16228,#16235,#16242,#16249,#16256,#16263,#16270,#16277,#16284,
    #16291,#16298,#16305,#16312,#16319,#16326,#16333,#16340,#16347,
    #16354,#16361,#16368,#16375,#16382,#16389,#16396,#16403,#16410,
    #16417,#16424,#16431,#16438,#16445,#16452,#16459,#16466,#16473,
    #16480,#16487,#16494,#16501,#16508,#16515,#16522,#16529,#16536,
    #16543,#16550,#16557,#16564,#16571,#16578,#16585,#16592,#16599,
    #16606,#16613,#16620,#16627,#16634,#16641,#16648,#16655,#16662,
    #16669,#16676,#16683,#16690,#16697,#16704,#16711,#16718,#16725,
    #16732,#16739,#16746,#16753,#16760,#16767,#16774,#16781,#16788,
    #16795,#16802,#16809,#16816,#16823,#16830,#16837,#16844,#16851,
    #16858,#16865,#16872,#16879,#16886,#16893,#16900,#16907,#16914,
    #16921,#16928,#16935,#16942),#7458);
#15404 = STYLED_ITEM('color',(#15405),#108);
#15405 = PRESENTATION_STYLE_ASSIGNMENT((#15406,#15412));
#15406 = SURFACE_STYLE_USAGE(.BOTH.,#15407);
#15407 = SURFACE_SIDE_STYLE('',(#15408));
#15408 = SURFACE_STYLE_FILL_AREA(#15409);
#15409 = FILL_AREA_STYLE('',(#15410));
#15410 = FILL_AREA_STYLE_COLOUR('',#15411);
#15411 = COLOUR_RGB('',0.498039215105,0.498039215105,0.498039215105);
#15412 = CURVE_STYLE('',#15413,POSITIVE_LENGTH_MEASURE(0.1),#15362);
#15413 = DRAUGHTING_PRE_DEFINED_CURVE_FONT('continuous');
#15414 = OVER_RIDING_STYLED_ITEM('overriding color',(#15415),#152,#15404
  );
#15415 = PRESENTATION_STYLE_ASSIGNMENT((#15416));
#15416 = SURFACE_STYLE_USAGE(.BOTH.,#15417);
#15417 = SURFACE_SIDE_STYLE('',(#15418));
#15418 = SURFACE_STYLE_FILL_AREA(#15419);
#15419 = FILL_AREA_STYLE('',(#15420));
#15420 = FILL_AREA_STYLE_COLOUR('',#15421);
#15421 = COLOUR_RGB('',0.298039221799,0.298039221799,0.298039221799);
#15422 = OVER_RIDING_STYLED_ITEM('overriding color',(#15423),#694,#15404
  );
#15423 = PRESENTATION_STYLE_ASSIGNMENT((#15424));
#15424 = SURFACE_STYLE_USAGE(.BOTH.,#15425);
#15425 = SURFACE_SIDE_STYLE('',(#15426));
#15426 = SURFACE_STYLE_FILL_AREA(#15427);
#15427 = FILL_AREA_STYLE('',(#15428));
#15428 = FILL_AREA_STYLE_COLOUR('',#15421);
#15429 = OVER_RIDING_STYLED_ITEM('overriding color',(#15430),#734,#15404
  );
#15430 = PRESENTATION_STYLE_ASSIGNMENT((#15431));
#15431 = SURFACE_STYLE_USAGE(.BOTH.,#15432);
#15432 = SURFACE_SIDE_STYLE('',(#15433));
#15433 = SURFACE_STYLE_FILL_AREA(#15434);
#15434 = FILL_AREA_STYLE('',(#15435));
#15435 = FILL_AREA_STYLE_COLOUR('',#15421);
#15436 = OVER_RIDING_STYLED_ITEM('overriding color',(#15437),#774,#15404
  );
#15437 = PRESENTATION_STYLE_ASSIGNMENT((#15438));
#15438 = SURFACE_STYLE_USAGE(.BOTH.,#15439);
#15439 = SURFACE_SIDE_STYLE('',(#15440));
#15440 = SURFACE_STYLE_FILL_AREA(#15441);
#15441 = FILL_AREA_STYLE('',(#15442));
#15442 = FILL_AREA_STYLE_COLOUR('',#15421);
#15443 = OVER_RIDING_STYLED_ITEM('overriding color',(#15444),#814,#15404
  );
#15444 = PRESENTATION_STYLE_ASSIGNMENT((#15445));
#15445 = SURFACE_STYLE_USAGE(.BOTH.,#15446);
#15446 = SURFACE_SIDE_STYLE('',(#15447));
#15447 = SURFACE_STYLE_FILL_AREA(#15448);
#15448 = FILL_AREA_STYLE('',(#15449));
#15449 = FILL_AREA_STYLE_COLOUR('',#15421);
#15450 = OVER_RIDING_STYLED_ITEM('overriding color',(#15451),#854,#15404
  );
#15451 = PRESENTATION_STYLE_ASSIGNMENT((#15452));
#15452 = SURFACE_STYLE_USAGE(.BOTH.,#15453);
#15453 = SURFACE_SIDE_STYLE('',(#15454));
#15454 = SURFACE_STYLE_FILL_AREA(#15455);
#15455 = FILL_AREA_STYLE('',(#15456));
#15456 = FILL_AREA_STYLE_COLOUR('',#15421);
#15457 = OVER_RIDING_STYLED_ITEM('overriding color',(#15458),#894,#15404
  );
#15458 = PRESENTATION_STYLE_ASSIGNMENT((#15459));
#15459 = SURFACE_STYLE_USAGE(.BOTH.,#15460);
#15460 = SURFACE_SIDE_STYLE('',(#15461));
#15461 = SURFACE_STYLE_FILL_AREA(#15462);
#15462 = FILL_AREA_STYLE('',(#15463));
#15463 = FILL_AREA_STYLE_COLOUR('',#15421);
#15464 = OVER_RIDING_STYLED_ITEM('overriding color',(#15465),#934,#15404
  );
#15465 = PRESENTATION_STYLE_ASSIGNMENT((#15466));
#15466 = SURFACE_STYLE_USAGE(.BOTH.,#15467);
#15467 = SURFACE_SIDE_STYLE('',(#15468));
#15468 = SURFACE_STYLE_FILL_AREA(#15469);
#15469 = FILL_AREA_STYLE('',(#15470));
#15470 = FILL_AREA_STYLE_COLOUR('',#15421);
#15471 = OVER_RIDING_STYLED_ITEM('overriding color',(#15472),#974,#15404
  );
#15472 = PRESENTATION_STYLE_ASSIGNMENT((#15473));
#15473 = SURFACE_STYLE_USAGE(.BOTH.,#15474);
#15474 = SURFACE_SIDE_STYLE('',(#15475));
#15475 = SURFACE_STYLE_FILL_AREA(#15476);
#15476 = FILL_AREA_STYLE('',(#15477));
#15477 = FILL_AREA_STYLE_COLOUR('',#15421);
#15478 = OVER_RIDING_STYLED_ITEM('overriding color',(#15479),#1014,
  #15404);
#15479 = PRESENTATION_STYLE_ASSIGNMENT((#15480));
#15480 = SURFACE_STYLE_USAGE(.BOTH.,#15481);
#15481 = SURFACE_SIDE_STYLE('',(#15482));
#15482 = SURFACE_STYLE_FILL_AREA(#15483);
#15483 = FILL_AREA_STYLE('',(#15484));
#15484 = FILL_AREA_STYLE_COLOUR('',#15421);
#15485 = OVER_RIDING_STYLED_ITEM('overriding color',(#15486),#1047,
  #15404);
#15486 = PRESENTATION_STYLE_ASSIGNMENT((#15487));
#15487 = SURFACE_STYLE_USAGE(.BOTH.,#15488);
#15488 = SURFACE_SIDE_STYLE('',(#15489));
#15489 = SURFACE_STYLE_FILL_AREA(#15490);
#15490 = FILL_AREA_STYLE('',(#15491));
#15491 = FILL_AREA_STYLE_COLOUR('',#15421);
#15492 = OVER_RIDING_STYLED_ITEM('overriding color',(#15493),#1087,
  #15404);
#15493 = PRESENTATION_STYLE_ASSIGNMENT((#15494));
#15494 = SURFACE_STYLE_USAGE(.BOTH.,#15495);
#15495 = SURFACE_SIDE_STYLE('',(#15496));
#15496 = SURFACE_STYLE_FILL_AREA(#15497);
#15497 = FILL_AREA_STYLE('',(#15498));
#15498 = FILL_AREA_STYLE_COLOUR('',#15421);
#15499 = OVER_RIDING_STYLED_ITEM('overriding color',(#15500),#1120,
  #15404);
#15500 = PRESENTATION_STYLE_ASSIGNMENT((#15501));
#15501 = SURFACE_STYLE_USAGE(.BOTH.,#15502);
#15502 = SURFACE_SIDE_STYLE('',(#15503));
#15503 = SURFACE_STYLE_FILL_AREA(#15504);
#15504 = FILL_AREA_STYLE('',(#15505));
#15505 = FILL_AREA_STYLE_COLOUR('',#15421);
#15506 = OVER_RIDING_STYLED_ITEM('overriding color',(#15507),#1151,
  #15404);
#15507 = PRESENTATION_STYLE_ASSIGNMENT((#15508));
#15508 = SURFACE_STYLE_USAGE(.BOTH.,#15509);
#15509 = SURFACE_SIDE_STYLE('',(#15510));
#15510 = SURFACE_STYLE_FILL_AREA(#15511);
#15511 = FILL_AREA_STYLE('',(#15512));
#15512 = FILL_AREA_STYLE_COLOUR('',#15421);
#15513 = OVER_RIDING_STYLED_ITEM('overriding color',(#15514),#1184,
  #15404);
#15514 = PRESENTATION_STYLE_ASSIGNMENT((#15515));
#15515 = SURFACE_STYLE_USAGE(.BOTH.,#15516);
#15516 = SURFACE_SIDE_STYLE('',(#15517));
#15517 = SURFACE_STYLE_FILL_AREA(#15518);
#15518 = FILL_AREA_STYLE('',(#15519));
#15519 = FILL_AREA_STYLE_COLOUR('',#15421);
#15520 = OVER_RIDING_STYLED_ITEM('overriding color',(#15521),#1215,
  #15404);
#15521 = PRESENTATION_STYLE_ASSIGNMENT((#15522));
#15522 = SURFACE_STYLE_USAGE(.BOTH.,#15523);
#15523 = SURFACE_SIDE_STYLE('',(#15524));
#15524 = SURFACE_STYLE_FILL_AREA(#15525);
#15525 = FILL_AREA_STYLE('',(#15526));
#15526 = FILL_AREA_STYLE_COLOUR('',#15421);
#15527 = OVER_RIDING_STYLED_ITEM('overriding color',(#15528),#1248,
  #15404);
#15528 = PRESENTATION_STYLE_ASSIGNMENT((#15529));
#15529 = SURFACE_STYLE_USAGE(.BOTH.,#15530);
#15530 = SURFACE_SIDE_STYLE('',(#15531));
#15531 = SURFACE_STYLE_FILL_AREA(#15532);
#15532 = FILL_AREA_STYLE('',(#15533));
#15533 = FILL_AREA_STYLE_COLOUR('',#15421);
#15534 = OVER_RIDING_STYLED_ITEM('overriding color',(#15535),#1270,
  #15404);
#15535 = PRESENTATION_STYLE_ASSIGNMENT((#15536));
#15536 = SURFACE_STYLE_USAGE(.BOTH.,#15537);
#15537 = SURFACE_SIDE_STYLE('',(#15538));
#15538 = SURFACE_STYLE_FILL_AREA(#15539);
#15539 = FILL_AREA_STYLE('',(#15540));
#15540 = FILL_AREA_STYLE_COLOUR('',#15421);
#15541 = OVER_RIDING_STYLED_ITEM('overriding color',(#15542),#1314,
  #15404);
#15542 = PRESENTATION_STYLE_ASSIGNMENT((#15543));
#15543 = SURFACE_STYLE_USAGE(.BOTH.,#15544);
#15544 = SURFACE_SIDE_STYLE('',(#15545));
#15545 = SURFACE_STYLE_FILL_AREA(#15546);
#15546 = FILL_AREA_STYLE('',(#15547));
#15547 = FILL_AREA_STYLE_COLOUR('',#15421);
#15548 = OVER_RIDING_STYLED_ITEM('overriding color',(#15549),#1366,
  #15404);
#15549 = PRESENTATION_STYLE_ASSIGNMENT((#15550));
#15550 = SURFACE_STYLE_USAGE(.BOTH.,#15551);
#15551 = SURFACE_SIDE_STYLE('',(#15552));
#15552 = SURFACE_STYLE_FILL_AREA(#15553);
#15553 = FILL_AREA_STYLE('',(#15554));
#15554 = FILL_AREA_STYLE_COLOUR('',#15421);
#15555 = OVER_RIDING_STYLED_ITEM('overriding color',(#15556),#1393,
  #15404);
#15556 = PRESENTATION_STYLE_ASSIGNMENT((#15557));
#15557 = SURFACE_STYLE_USAGE(.BOTH.,#15558);
#15558 = SURFACE_SIDE_STYLE('',(#15559));
#15559 = SURFACE_STYLE_FILL_AREA(#15560);
#15560 = FILL_AREA_STYLE('',(#15561));
#15561 = FILL_AREA_STYLE_COLOUR('',#15421);
#15562 = OVER_RIDING_STYLED_ITEM('overriding color',(#15563),#1425,
  #15404);
#15563 = PRESENTATION_STYLE_ASSIGNMENT((#15564));
#15564 = SURFACE_STYLE_USAGE(.BOTH.,#15565);
#15565 = SURFACE_SIDE_STYLE('',(#15566));
#15566 = SURFACE_STYLE_FILL_AREA(#15567);
#15567 = FILL_AREA_STYLE('',(#15568));
#15568 = FILL_AREA_STYLE_COLOUR('',#15421);
#15569 = OVER_RIDING_STYLED_ITEM('overriding color',(#15570),#1450,
  #15404);
#15570 = PRESENTATION_STYLE_ASSIGNMENT((#15571));
#15571 = SURFACE_STYLE_USAGE(.BOTH.,#15572);
#15572 = SURFACE_SIDE_STYLE('',(#15573));
#15573 = SURFACE_STYLE_FILL_AREA(#15574);
#15574 = FILL_AREA_STYLE('',(#15575));
#15575 = FILL_AREA_STYLE_COLOUR('',#15421);
#15576 = OVER_RIDING_STYLED_ITEM('overriding color',(#15577),#1502,
  #15404);
#15577 = PRESENTATION_STYLE_ASSIGNMENT((#15578));
#15578 = SURFACE_STYLE_USAGE(.BOTH.,#15579);
#15579 = SURFACE_SIDE_STYLE('',(#15580));
#15580 = SURFACE_STYLE_FILL_AREA(#15581);
#15581 = FILL_AREA_STYLE('',(#15582));
#15582 = FILL_AREA_STYLE_COLOUR('',#15421);
#15583 = OVER_RIDING_STYLED_ITEM('overriding color',(#15584),#1527,
  #15404);
#15584 = PRESENTATION_STYLE_ASSIGNMENT((#15585));
#15585 = SURFACE_STYLE_USAGE(.BOTH.,#15586);
#15586 = SURFACE_SIDE_STYLE('',(#15587));
#15587 = SURFACE_STYLE_FILL_AREA(#15588);
#15588 = FILL_AREA_STYLE('',(#15589));
#15589 = FILL_AREA_STYLE_COLOUR('',#15421);
#15590 = OVER_RIDING_STYLED_ITEM('overriding color',(#15591),#1552,
  #15404);
#15591 = PRESENTATION_STYLE_ASSIGNMENT((#15592));
#15592 = SURFACE_STYLE_USAGE(.BOTH.,#15593);
#15593 = SURFACE_SIDE_STYLE('',(#15594));
#15594 = SURFACE_STYLE_FILL_AREA(#15595);
#15595 = FILL_AREA_STYLE('',(#15596));
#15596 = FILL_AREA_STYLE_COLOUR('',#15421);
#15597 = OVER_RIDING_STYLED_ITEM('overriding color',(#15598),#1620,
  #15404);
#15598 = PRESENTATION_STYLE_ASSIGNMENT((#15599));
#15599 = SURFACE_STYLE_USAGE(.BOTH.,#15600);
#15600 = SURFACE_SIDE_STYLE('',(#15601));
#15601 = SURFACE_STYLE_FILL_AREA(#15602);
#15602 = FILL_AREA_STYLE('',(#15603));
#15603 = FILL_AREA_STYLE_COLOUR('',#15421);
#15604 = OVER_RIDING_STYLED_ITEM('overriding color',(#15605),#1652,
  #15404);
#15605 = PRESENTATION_STYLE_ASSIGNMENT((#15606));
#15606 = SURFACE_STYLE_USAGE(.BOTH.,#15607);
#15607 = SURFACE_SIDE_STYLE('',(#15608));
#15608 = SURFACE_STYLE_FILL_AREA(#15609);
#15609 = FILL_AREA_STYLE('',(#15610));
#15610 = FILL_AREA_STYLE_COLOUR('',#15421);
#15611 = OVER_RIDING_STYLED_ITEM('overriding color',(#15612),#1676,
  #15404);
#15612 = PRESENTATION_STYLE_ASSIGNMENT((#15613));
#15613 = SURFACE_STYLE_USAGE(.BOTH.,#15614);
#15614 = SURFACE_SIDE_STYLE('',(#15615));
#15615 = SURFACE_STYLE_FILL_AREA(#15616);
#15616 = FILL_AREA_STYLE('',(#15617));
#15617 = FILL_AREA_STYLE_COLOUR('',#15421);
#15618 = OVER_RIDING_STYLED_ITEM('overriding color',(#15619),#1701,
  #15404);
#15619 = PRESENTATION_STYLE_ASSIGNMENT((#15620));
#15620 = SURFACE_STYLE_USAGE(.BOTH.,#15621);
#15621 = SURFACE_SIDE_STYLE('',(#15622));
#15622 = SURFACE_STYLE_FILL_AREA(#15623);
#15623 = FILL_AREA_STYLE('',(#15624));
#15624 = FILL_AREA_STYLE_COLOUR('',#15421);
#15625 = OVER_RIDING_STYLED_ITEM('overriding color',(#15626),#1753,
  #15404);
#15626 = PRESENTATION_STYLE_ASSIGNMENT((#15627));
#15627 = SURFACE_STYLE_USAGE(.BOTH.,#15628);
#15628 = SURFACE_SIDE_STYLE('',(#15629));
#15629 = SURFACE_STYLE_FILL_AREA(#15630);
#15630 = FILL_AREA_STYLE('',(#15631));
#15631 = FILL_AREA_STYLE_COLOUR('',#15421);
#15632 = OVER_RIDING_STYLED_ITEM('overriding color',(#15633),#1778,
  #15404);
#15633 = PRESENTATION_STYLE_ASSIGNMENT((#15634));
#15634 = SURFACE_STYLE_USAGE(.BOTH.,#15635);
#15635 = SURFACE_SIDE_STYLE('',(#15636));
#15636 = SURFACE_STYLE_FILL_AREA(#15637);
#15637 = FILL_AREA_STYLE('',(#15638));
#15638 = FILL_AREA_STYLE_COLOUR('',#15421);
#15639 = OVER_RIDING_STYLED_ITEM('overriding color',(#15640),#1802,
  #15404);
#15640 = PRESENTATION_STYLE_ASSIGNMENT((#15641));
#15641 = SURFACE_STYLE_USAGE(.BOTH.,#15642);
#15642 = SURFACE_SIDE_STYLE('',(#15643));
#15643 = SURFACE_STYLE_FILL_AREA(#15644);
#15644 = FILL_AREA_STYLE('',(#15645));
#15645 = FILL_AREA_STYLE_COLOUR('',#15421);
#15646 = OVER_RIDING_STYLED_ITEM('overriding color',(#15647),#1827,
  #15404);
#15647 = PRESENTATION_STYLE_ASSIGNMENT((#15648));
#15648 = SURFACE_STYLE_USAGE(.BOTH.,#15649);
#15649 = SURFACE_SIDE_STYLE('',(#15650));
#15650 = SURFACE_STYLE_FILL_AREA(#15651);
#15651 = FILL_AREA_STYLE('',(#15652));
#15652 = FILL_AREA_STYLE_COLOUR('',#15421);
#15653 = OVER_RIDING_STYLED_ITEM('overriding color',(#15654),#1872,
  #15404);
#15654 = PRESENTATION_STYLE_ASSIGNMENT((#15655));
#15655 = SURFACE_STYLE_USAGE(.BOTH.,#15656);
#15656 = SURFACE_SIDE_STYLE('',(#15657));
#15657 = SURFACE_STYLE_FILL_AREA(#15658);
#15658 = FILL_AREA_STYLE('',(#15659));
#15659 = FILL_AREA_STYLE_COLOUR('',#15421);
#15660 = OVER_RIDING_STYLED_ITEM('overriding color',(#15661),#1930,
  #15404);
#15661 = PRESENTATION_STYLE_ASSIGNMENT((#15662));
#15662 = SURFACE_STYLE_USAGE(.BOTH.,#15663);
#15663 = SURFACE_SIDE_STYLE('',(#15664));
#15664 = SURFACE_STYLE_FILL_AREA(#15665);
#15665 = FILL_AREA_STYLE('',(#15666));
#15666 = FILL_AREA_STYLE_COLOUR('',#15421);
#15667 = OVER_RIDING_STYLED_ITEM('overriding color',(#15668),#1961,
  #15404);
#15668 = PRESENTATION_STYLE_ASSIGNMENT((#15669));
#15669 = SURFACE_STYLE_USAGE(.BOTH.,#15670);
#15670 = SURFACE_SIDE_STYLE('',(#15671));
#15671 = SURFACE_STYLE_FILL_AREA(#15672);
#15672 = FILL_AREA_STYLE('',(#15673));
#15673 = FILL_AREA_STYLE_COLOUR('',#15421);
#15674 = OVER_RIDING_STYLED_ITEM('overriding color',(#15675),#1979,
  #15404);
#15675 = PRESENTATION_STYLE_ASSIGNMENT((#15676));
#15676 = SURFACE_STYLE_USAGE(.BOTH.,#15677);
#15677 = SURFACE_SIDE_STYLE('',(#15678));
#15678 = SURFACE_STYLE_FILL_AREA(#15679);
#15679 = FILL_AREA_STYLE('',(#15680));
#15680 = FILL_AREA_STYLE_COLOUR('',#15421);
#15681 = OVER_RIDING_STYLED_ITEM('overriding color',(#15682),#1997,
  #15404);
#15682 = PRESENTATION_STYLE_ASSIGNMENT((#15683));
#15683 = SURFACE_STYLE_USAGE(.BOTH.,#15684);
#15684 = SURFACE_SIDE_STYLE('',(#15685));
#15685 = SURFACE_STYLE_FILL_AREA(#15686);
#15686 = FILL_AREA_STYLE('',(#15687));
#15687 = FILL_AREA_STYLE_COLOUR('',#15421);
#15688 = OVER_RIDING_STYLED_ITEM('overriding color',(#15689),#2022,
  #15404);
#15689 = PRESENTATION_STYLE_ASSIGNMENT((#15690));
#15690 = SURFACE_STYLE_USAGE(.BOTH.,#15691);
#15691 = SURFACE_SIDE_STYLE('',(#15692));
#15692 = SURFACE_STYLE_FILL_AREA(#15693);
#15693 = FILL_AREA_STYLE('',(#15694));
#15694 = FILL_AREA_STYLE_COLOUR('',#15421);
#15695 = OVER_RIDING_STYLED_ITEM('overriding color',(#15696),#2047,
  #15404);
#15696 = PRESENTATION_STYLE_ASSIGNMENT((#15697));
#15697 = SURFACE_STYLE_USAGE(.BOTH.,#15698);
#15698 = SURFACE_SIDE_STYLE('',(#15699));
#15699 = SURFACE_STYLE_FILL_AREA(#15700);
#15700 = FILL_AREA_STYLE('',(#15701));
#15701 = FILL_AREA_STYLE_COLOUR('',#15421);
#15702 = OVER_RIDING_STYLED_ITEM('overriding color',(#15703),#2065,
  #15404);
#15703 = PRESENTATION_STYLE_ASSIGNMENT((#15704));
#15704 = SURFACE_STYLE_USAGE(.BOTH.,#15705);
#15705 = SURFACE_SIDE_STYLE('',(#15706));
#15706 = SURFACE_STYLE_FILL_AREA(#15707);
#15707 = FILL_AREA_STYLE('',(#15708));
#15708 = FILL_AREA_STYLE_COLOUR('',#15421);
#15709 = OVER_RIDING_STYLED_ITEM('overriding color',(#15710),#2083,
  #15404);
#15710 = PRESENTATION_STYLE_ASSIGNMENT((#15711));
#15711 = SURFACE_STYLE_USAGE(.BOTH.,#15712);
#15712 = SURFACE_SIDE_STYLE('',(#15713));
#15713 = SURFACE_STYLE_FILL_AREA(#15714);
#15714 = FILL_AREA_STYLE('',(#15715));
#15715 = FILL_AREA_STYLE_COLOUR('',#15421);
#15716 = OVER_RIDING_STYLED_ITEM('overriding color',(#15717),#2102,
  #15404);
#15717 = PRESENTATION_STYLE_ASSIGNMENT((#15718));
#15718 = SURFACE_STYLE_USAGE(.BOTH.,#15719);
#15719 = SURFACE_SIDE_STYLE('',(#15720));
#15720 = SURFACE_STYLE_FILL_AREA(#15721);
#15721 = FILL_AREA_STYLE('',(#15722));
#15722 = FILL_AREA_STYLE_COLOUR('',#15421);
#15723 = OVER_RIDING_STYLED_ITEM('overriding color',(#15724),#2134,
  #15404);
#15724 = PRESENTATION_STYLE_ASSIGNMENT((#15725));
#15725 = SURFACE_STYLE_USAGE(.BOTH.,#15726);
#15726 = SURFACE_SIDE_STYLE('',(#15727));
#15727 = SURFACE_STYLE_FILL_AREA(#15728);
#15728 = FILL_AREA_STYLE('',(#15729));
#15729 = FILL_AREA_STYLE_COLOUR('',#15421);
#15730 = OVER_RIDING_STYLED_ITEM('overriding color',(#15731),#2152,
  #15404);
#15731 = PRESENTATION_STYLE_ASSIGNMENT((#15732));
#15732 = SURFACE_STYLE_USAGE(.BOTH.,#15733);
#15733 = SURFACE_SIDE_STYLE('',(#15734));
#15734 = SURFACE_STYLE_FILL_AREA(#15735);
#15735 = FILL_AREA_STYLE('',(#15736));
#15736 = FILL_AREA_STYLE_COLOUR('',#15421);
#15737 = OVER_RIDING_STYLED_ITEM('overriding color',(#15738),#2170,
  #15404);
#15738 = PRESENTATION_STYLE_ASSIGNMENT((#15739));
#15739 = SURFACE_STYLE_USAGE(.BOTH.,#15740);
#15740 = SURFACE_SIDE_STYLE('',(#15741));
#15741 = SURFACE_STYLE_FILL_AREA(#15742);
#15742 = FILL_AREA_STYLE('',(#15743));
#15743 = FILL_AREA_STYLE_COLOUR('',#15421);
#15744 = OVER_RIDING_STYLED_ITEM('overriding color',(#15745),#2194,
  #15404);
#15745 = PRESENTATION_STYLE_ASSIGNMENT((#15746));
#15746 = SURFACE_STYLE_USAGE(.BOTH.,#15747);
#15747 = SURFACE_SIDE_STYLE('',(#15748));
#15748 = SURFACE_STYLE_FILL_AREA(#15749);
#15749 = FILL_AREA_STYLE('',(#15750));
#15750 = FILL_AREA_STYLE_COLOUR('',#15421);
#15751 = OVER_RIDING_STYLED_ITEM('overriding color',(#15752),#2220,
  #15404);
#15752 = PRESENTATION_STYLE_ASSIGNMENT((#15753));
#15753 = SURFACE_STYLE_USAGE(.BOTH.,#15754);
#15754 = SURFACE_SIDE_STYLE('',(#15755));
#15755 = SURFACE_STYLE_FILL_AREA(#15756);
#15756 = FILL_AREA_STYLE('',(#15757));
#15757 = FILL_AREA_STYLE_COLOUR('',#15421);
#15758 = OVER_RIDING_STYLED_ITEM('overriding color',(#15759),#2237,
  #15404);
#15759 = PRESENTATION_STYLE_ASSIGNMENT((#15760));
#15760 = SURFACE_STYLE_USAGE(.BOTH.,#15761);
#15761 = SURFACE_SIDE_STYLE('',(#15762));
#15762 = SURFACE_STYLE_FILL_AREA(#15763);
#15763 = FILL_AREA_STYLE('',(#15764));
#15764 = FILL_AREA_STYLE_COLOUR('',#15421);
#15765 = OVER_RIDING_STYLED_ITEM('overriding color',(#15766),#2262,
  #15404);
#15766 = PRESENTATION_STYLE_ASSIGNMENT((#15767));
#15767 = SURFACE_STYLE_USAGE(.BOTH.,#15768);
#15768 = SURFACE_SIDE_STYLE('',(#15769));
#15769 = SURFACE_STYLE_FILL_AREA(#15770);
#15770 = FILL_AREA_STYLE('',(#15771));
#15771 = FILL_AREA_STYLE_COLOUR('',#15421);
#15772 = OVER_RIDING_STYLED_ITEM('overriding color',(#15773),#2280,
  #15404);
#15773 = PRESENTATION_STYLE_ASSIGNMENT((#15774));
#15774 = SURFACE_STYLE_USAGE(.BOTH.,#15775);
#15775 = SURFACE_SIDE_STYLE('',(#15776));
#15776 = SURFACE_STYLE_FILL_AREA(#15777);
#15777 = FILL_AREA_STYLE('',(#15778));
#15778 = FILL_AREA_STYLE_COLOUR('',#15421);
#15779 = OVER_RIDING_STYLED_ITEM('overriding color',(#15780),#2298,
  #15404);
#15780 = PRESENTATION_STYLE_ASSIGNMENT((#15781));
#15781 = SURFACE_STYLE_USAGE(.BOTH.,#15782);
#15782 = SURFACE_SIDE_STYLE('',(#15783));
#15783 = SURFACE_STYLE_FILL_AREA(#15784);
#15784 = FILL_AREA_STYLE('',(#15785));
#15785 = FILL_AREA_STYLE_COLOUR('',#15421);
#15786 = OVER_RIDING_STYLED_ITEM('overriding color',(#15787),#2316,
  #15404);
#15787 = PRESENTATION_STYLE_ASSIGNMENT((#15788));
#15788 = SURFACE_STYLE_USAGE(.BOTH.,#15789);
#15789 = SURFACE_SIDE_STYLE('',(#15790));
#15790 = SURFACE_STYLE_FILL_AREA(#15791);
#15791 = FILL_AREA_STYLE('',(#15792));
#15792 = FILL_AREA_STYLE_COLOUR('',#15421);
#15793 = OVER_RIDING_STYLED_ITEM('overriding color',(#15794),#2333,
  #15404);
#15794 = PRESENTATION_STYLE_ASSIGNMENT((#15795));
#15795 = SURFACE_STYLE_USAGE(.BOTH.,#15796);
#15796 = SURFACE_SIDE_STYLE('',(#15797));
#15797 = SURFACE_STYLE_FILL_AREA(#15798);
#15798 = FILL_AREA_STYLE('',(#15799));
#15799 = FILL_AREA_STYLE_COLOUR('',#15421);
#15800 = OVER_RIDING_STYLED_ITEM('overriding color',(#15801),#2358,
  #15404);
#15801 = PRESENTATION_STYLE_ASSIGNMENT((#15802));
#15802 = SURFACE_STYLE_USAGE(.BOTH.,#15803);
#15803 = SURFACE_SIDE_STYLE('',(#15804));
#15804 = SURFACE_STYLE_FILL_AREA(#15805);
#15805 = FILL_AREA_STYLE('',(#15806));
#15806 = FILL_AREA_STYLE_COLOUR('',#15421);
#15807 = OVER_RIDING_STYLED_ITEM('overriding color',(#15808),#2398,
  #15404);
#15808 = PRESENTATION_STYLE_ASSIGNMENT((#15809));
#15809 = SURFACE_STYLE_USAGE(.BOTH.,#15810);
#15810 = SURFACE_SIDE_STYLE('',(#15811));
#15811 = SURFACE_STYLE_FILL_AREA(#15812);
#15812 = FILL_AREA_STYLE('',(#15813));
#15813 = FILL_AREA_STYLE_COLOUR('',#15814);
#15814 = COLOUR_RGB('',0.666666687201,0.666666687201,0.666666687201);
#15815 = OVER_RIDING_STYLED_ITEM('overriding color',(#15816),#2438,
  #15404);
#15816 = PRESENTATION_STYLE_ASSIGNMENT((#15817));
#15817 = SURFACE_STYLE_USAGE(.BOTH.,#15818);
#15818 = SURFACE_SIDE_STYLE('',(#15819));
#15819 = SURFACE_STYLE_FILL_AREA(#15820);
#15820 = FILL_AREA_STYLE('',(#15821));
#15821 = FILL_AREA_STYLE_COLOUR('',#15814);
#15822 = OVER_RIDING_STYLED_ITEM('overriding color',(#15823),#2469,
  #15404);
#15823 = PRESENTATION_STYLE_ASSIGNMENT((#15824));
#15824 = SURFACE_STYLE_USAGE(.BOTH.,#15825);
#15825 = SURFACE_SIDE_STYLE('',(#15826));
#15826 = SURFACE_STYLE_FILL_AREA(#15827);
#15827 = FILL_AREA_STYLE('',(#15828));
#15828 = FILL_AREA_STYLE_COLOUR('',#15814);
#15829 = OVER_RIDING_STYLED_ITEM('overriding color',(#15830),#2500,
  #15404);
#15830 = PRESENTATION_STYLE_ASSIGNMENT((#15831));
#15831 = SURFACE_STYLE_USAGE(.BOTH.,#15832);
#15832 = SURFACE_SIDE_STYLE('',(#15833));
#15833 = SURFACE_STYLE_FILL_AREA(#15834);
#15834 = FILL_AREA_STYLE('',(#15835));
#15835 = FILL_AREA_STYLE_COLOUR('',#15814);
#15836 = OVER_RIDING_STYLED_ITEM('overriding color',(#15837),#2533,
  #15404);
#15837 = PRESENTATION_STYLE_ASSIGNMENT((#15838));
#15838 = SURFACE_STYLE_USAGE(.BOTH.,#15839);
#15839 = SURFACE_SIDE_STYLE('',(#15840));
#15840 = SURFACE_STYLE_FILL_AREA(#15841);
#15841 = FILL_AREA_STYLE('',(#15842));
#15842 = FILL_AREA_STYLE_COLOUR('',#15814);
#15843 = OVER_RIDING_STYLED_ITEM('overriding color',(#15844),#2564,
  #15404);
#15844 = PRESENTATION_STYLE_ASSIGNMENT((#15845));
#15845 = SURFACE_STYLE_USAGE(.BOTH.,#15846);
#15846 = SURFACE_SIDE_STYLE('',(#15847));
#15847 = SURFACE_STYLE_FILL_AREA(#15848);
#15848 = FILL_AREA_STYLE('',(#15849));
#15849 = FILL_AREA_STYLE_COLOUR('',#15814);
#15850 = OVER_RIDING_STYLED_ITEM('overriding color',(#15851),#2597,
  #15404);
#15851 = PRESENTATION_STYLE_ASSIGNMENT((#15852));
#15852 = SURFACE_STYLE_USAGE(.BOTH.,#15853);
#15853 = SURFACE_SIDE_STYLE('',(#15854));
#15854 = SURFACE_STYLE_FILL_AREA(#15855);
#15855 = FILL_AREA_STYLE('',(#15856));
#15856 = FILL_AREA_STYLE_COLOUR('',#15814);
#15857 = OVER_RIDING_STYLED_ITEM('overriding color',(#15858),#2619,
  #15404);
#15858 = PRESENTATION_STYLE_ASSIGNMENT((#15859));
#15859 = SURFACE_STYLE_USAGE(.BOTH.,#15860);
#15860 = SURFACE_SIDE_STYLE('',(#15861));
#15861 = SURFACE_STYLE_FILL_AREA(#15862);
#15862 = FILL_AREA_STYLE('',(#15863));
#15863 = FILL_AREA_STYLE_COLOUR('',#15814);
#15864 = OVER_RIDING_STYLED_ITEM('overriding color',(#15865),#2650,
  #15404);
#15865 = PRESENTATION_STYLE_ASSIGNMENT((#15866));
#15866 = SURFACE_STYLE_USAGE(.BOTH.,#15867);
#15867 = SURFACE_SIDE_STYLE('',(#15868));
#15868 = SURFACE_STYLE_FILL_AREA(#15869);
#15869 = FILL_AREA_STYLE('',(#15870));
#15870 = FILL_AREA_STYLE_COLOUR('',#15814);
#15871 = OVER_RIDING_STYLED_ITEM('overriding color',(#15872),#2683,
  #15404);
#15872 = PRESENTATION_STYLE_ASSIGNMENT((#15873));
#15873 = SURFACE_STYLE_USAGE(.BOTH.,#15874);
#15874 = SURFACE_SIDE_STYLE('',(#15875));
#15875 = SURFACE_STYLE_FILL_AREA(#15876);
#15876 = FILL_AREA_STYLE('',(#15877));
#15877 = FILL_AREA_STYLE_COLOUR('',#15814);
#15878 = OVER_RIDING_STYLED_ITEM('overriding color',(#15879),#2714,
  #15404);
#15879 = PRESENTATION_STYLE_ASSIGNMENT((#15880));
#15880 = SURFACE_STYLE_USAGE(.BOTH.,#15881);
#15881 = SURFACE_SIDE_STYLE('',(#15882));
#15882 = SURFACE_STYLE_FILL_AREA(#15883);
#15883 = FILL_AREA_STYLE('',(#15884));
#15884 = FILL_AREA_STYLE_COLOUR('',#15814);
#15885 = OVER_RIDING_STYLED_ITEM('overriding color',(#15886),#2738,
  #15404);
#15886 = PRESENTATION_STYLE_ASSIGNMENT((#15887));
#15887 = SURFACE_STYLE_USAGE(.BOTH.,#15888);
#15888 = SURFACE_SIDE_STYLE('',(#15889));
#15889 = SURFACE_STYLE_FILL_AREA(#15890);
#15890 = FILL_AREA_STYLE('',(#15891));
#15891 = FILL_AREA_STYLE_COLOUR('',#15814);
#15892 = OVER_RIDING_STYLED_ITEM('overriding color',(#15893),#2758,
  #15404);
#15893 = PRESENTATION_STYLE_ASSIGNMENT((#15894));
#15894 = SURFACE_STYLE_USAGE(.BOTH.,#15895);
#15895 = SURFACE_SIDE_STYLE('',(#15896));
#15896 = SURFACE_STYLE_FILL_AREA(#15897);
#15897 = FILL_AREA_STYLE('',(#15898));
#15898 = FILL_AREA_STYLE_COLOUR('',#15814);
#15899 = OVER_RIDING_STYLED_ITEM('overriding color',(#15900),#2778,
  #15404);
#15900 = PRESENTATION_STYLE_ASSIGNMENT((#15901));
#15901 = SURFACE_STYLE_USAGE(.BOTH.,#15902);
#15902 = SURFACE_SIDE_STYLE('',(#15903));
#15903 = SURFACE_STYLE_FILL_AREA(#15904);
#15904 = FILL_AREA_STYLE('',(#15905));
#15905 = FILL_AREA_STYLE_COLOUR('',#15814);
#15906 = OVER_RIDING_STYLED_ITEM('overriding color',(#15907),#2818,
  #15404);
#15907 = PRESENTATION_STYLE_ASSIGNMENT((#15908));
#15908 = SURFACE_STYLE_USAGE(.BOTH.,#15909);
#15909 = SURFACE_SIDE_STYLE('',(#15910));
#15910 = SURFACE_STYLE_FILL_AREA(#15911);
#15911 = FILL_AREA_STYLE('',(#15912));
#15912 = FILL_AREA_STYLE_COLOUR('',#15814);
#15913 = OVER_RIDING_STYLED_ITEM('overriding color',(#15914),#2849,
  #15404);
#15914 = PRESENTATION_STYLE_ASSIGNMENT((#15915));
#15915 = SURFACE_STYLE_USAGE(.BOTH.,#15916);
#15916 = SURFACE_SIDE_STYLE('',(#15917));
#15917 = SURFACE_STYLE_FILL_AREA(#15918);
#15918 = FILL_AREA_STYLE('',(#15919));
#15919 = FILL_AREA_STYLE_COLOUR('',#15814);
#15920 = OVER_RIDING_STYLED_ITEM('overriding color',(#15921),#2880,
  #15404);
#15921 = PRESENTATION_STYLE_ASSIGNMENT((#15922));
#15922 = SURFACE_STYLE_USAGE(.BOTH.,#15923);
#15923 = SURFACE_SIDE_STYLE('',(#15924));
#15924 = SURFACE_STYLE_FILL_AREA(#15925);
#15925 = FILL_AREA_STYLE('',(#15926));
#15926 = FILL_AREA_STYLE_COLOUR('',#15814);
#15927 = OVER_RIDING_STYLED_ITEM('overriding color',(#15928),#2913,
  #15404);
#15928 = PRESENTATION_STYLE_ASSIGNMENT((#15929));
#15929 = SURFACE_STYLE_USAGE(.BOTH.,#15930);
#15930 = SURFACE_SIDE_STYLE('',(#15931));
#15931 = SURFACE_STYLE_FILL_AREA(#15932);
#15932 = FILL_AREA_STYLE('',(#15933));
#15933 = FILL_AREA_STYLE_COLOUR('',#15814);
#15934 = OVER_RIDING_STYLED_ITEM('overriding color',(#15935),#2944,
  #15404);
#15935 = PRESENTATION_STYLE_ASSIGNMENT((#15936));
#15936 = SURFACE_STYLE_USAGE(.BOTH.,#15937);
#15937 = SURFACE_SIDE_STYLE('',(#15938));
#15938 = SURFACE_STYLE_FILL_AREA(#15939);
#15939 = FILL_AREA_STYLE('',(#15940));
#15940 = FILL_AREA_STYLE_COLOUR('',#15814);
#15941 = OVER_RIDING_STYLED_ITEM('overriding color',(#15942),#2977,
  #15404);
#15942 = PRESENTATION_STYLE_ASSIGNMENT((#15943));
#15943 = SURFACE_STYLE_USAGE(.BOTH.,#15944);
#15944 = SURFACE_SIDE_STYLE('',(#15945));
#15945 = SURFACE_STYLE_FILL_AREA(#15946);
#15946 = FILL_AREA_STYLE('',(#15947));
#15947 = FILL_AREA_STYLE_COLOUR('',#15814);
#15948 = OVER_RIDING_STYLED_ITEM('overriding color',(#15949),#2999,
  #15404);
#15949 = PRESENTATION_STYLE_ASSIGNMENT((#15950));
#15950 = SURFACE_STYLE_USAGE(.BOTH.,#15951);
#15951 = SURFACE_SIDE_STYLE('',(#15952));
#15952 = SURFACE_STYLE_FILL_AREA(#15953);
#15953 = FILL_AREA_STYLE('',(#15954));
#15954 = FILL_AREA_STYLE_COLOUR('',#15814);
#15955 = OVER_RIDING_STYLED_ITEM('overriding color',(#15956),#3030,
  #15404);
#15956 = PRESENTATION_STYLE_ASSIGNMENT((#15957));
#15957 = SURFACE_STYLE_USAGE(.BOTH.,#15958);
#15958 = SURFACE_SIDE_STYLE('',(#15959));
#15959 = SURFACE_STYLE_FILL_AREA(#15960);
#15960 = FILL_AREA_STYLE('',(#15961));
#15961 = FILL_AREA_STYLE_COLOUR('',#15814);
#15962 = OVER_RIDING_STYLED_ITEM('overriding color',(#15963),#3063,
  #15404);
#15963 = PRESENTATION_STYLE_ASSIGNMENT((#15964));
#15964 = SURFACE_STYLE_USAGE(.BOTH.,#15965);
#15965 = SURFACE_SIDE_STYLE('',(#15966));
#15966 = SURFACE_STYLE_FILL_AREA(#15967);
#15967 = FILL_AREA_STYLE('',(#15968));
#15968 = FILL_AREA_STYLE_COLOUR('',#15814);
#15969 = OVER_RIDING_STYLED_ITEM('overriding color',(#15970),#3094,
  #15404);
#15970 = PRESENTATION_STYLE_ASSIGNMENT((#15971));
#15971 = SURFACE_STYLE_USAGE(.BOTH.,#15972);
#15972 = SURFACE_SIDE_STYLE('',(#15973));
#15973 = SURFACE_STYLE_FILL_AREA(#15974);
#15974 = FILL_AREA_STYLE('',(#15975));
#15975 = FILL_AREA_STYLE_COLOUR('',#15814);
#15976 = OVER_RIDING_STYLED_ITEM('overriding color',(#15977),#3120,
  #15404);
#15977 = PRESENTATION_STYLE_ASSIGNMENT((#15978));
#15978 = SURFACE_STYLE_USAGE(.BOTH.,#15979);
#15979 = SURFACE_SIDE_STYLE('',(#15980));
#15980 = SURFACE_STYLE_FILL_AREA(#15981);
#15981 = FILL_AREA_STYLE('',(#15982));
#15982 = FILL_AREA_STYLE_COLOUR('',#15814);
#15983 = OVER_RIDING_STYLED_ITEM('overriding color',(#15984),#3138,
  #15404);
#15984 = PRESENTATION_STYLE_ASSIGNMENT((#15985));
#15985 = SURFACE_STYLE_USAGE(.BOTH.,#15986);
#15986 = SURFACE_SIDE_STYLE('',(#15987));
#15987 = SURFACE_STYLE_FILL_AREA(#15988);
#15988 = FILL_AREA_STYLE('',(#15989));
#15989 = FILL_AREA_STYLE_COLOUR('',#15814);
#15990 = OVER_RIDING_STYLED_ITEM('overriding color',(#15991),#3158,
  #15404);
#15991 = PRESENTATION_STYLE_ASSIGNMENT((#15992));
#15992 = SURFACE_STYLE_USAGE(.BOTH.,#15993);
#15993 = SURFACE_SIDE_STYLE('',(#15994));
#15994 = SURFACE_STYLE_FILL_AREA(#15995);
#15995 = FILL_AREA_STYLE('',(#15996));
#15996 = FILL_AREA_STYLE_COLOUR('',#15814);
#15997 = OVER_RIDING_STYLED_ITEM('overriding color',(#15998),#3198,
  #15404);
#15998 = PRESENTATION_STYLE_ASSIGNMENT((#15999));
#15999 = SURFACE_STYLE_USAGE(.BOTH.,#16000);
#16000 = SURFACE_SIDE_STYLE('',(#16001));
#16001 = SURFACE_STYLE_FILL_AREA(#16002);
#16002 = FILL_AREA_STYLE('',(#16003));
#16003 = FILL_AREA_STYLE_COLOUR('',#15814);
#16004 = OVER_RIDING_STYLED_ITEM('overriding color',(#16005),#3229,
  #15404);
#16005 = PRESENTATION_STYLE_ASSIGNMENT((#16006));
#16006 = SURFACE_STYLE_USAGE(.BOTH.,#16007);
#16007 = SURFACE_SIDE_STYLE('',(#16008));
#16008 = SURFACE_STYLE_FILL_AREA(#16009);
#16009 = FILL_AREA_STYLE('',(#16010));
#16010 = FILL_AREA_STYLE_COLOUR('',#15814);
#16011 = OVER_RIDING_STYLED_ITEM('overriding color',(#16012),#3260,
  #15404);
#16012 = PRESENTATION_STYLE_ASSIGNMENT((#16013));
#16013 = SURFACE_STYLE_USAGE(.BOTH.,#16014);
#16014 = SURFACE_SIDE_STYLE('',(#16015));
#16015 = SURFACE_STYLE_FILL_AREA(#16016);
#16016 = FILL_AREA_STYLE('',(#16017));
#16017 = FILL_AREA_STYLE_COLOUR('',#15814);
#16018 = OVER_RIDING_STYLED_ITEM('overriding color',(#16019),#3293,
  #15404);
#16019 = PRESENTATION_STYLE_ASSIGNMENT((#16020));
#16020 = SURFACE_STYLE_USAGE(.BOTH.,#16021);
#16021 = SURFACE_SIDE_STYLE('',(#16022));
#16022 = SURFACE_STYLE_FILL_AREA(#16023);
#16023 = FILL_AREA_STYLE('',(#16024));
#16024 = FILL_AREA_STYLE_COLOUR('',#15814);
#16025 = OVER_RIDING_STYLED_ITEM('overriding color',(#16026),#3324,
  #15404);
#16026 = PRESENTATION_STYLE_ASSIGNMENT((#16027));
#16027 = SURFACE_STYLE_USAGE(.BOTH.,#16028);
#16028 = SURFACE_SIDE_STYLE('',(#16029));
#16029 = SURFACE_STYLE_FILL_AREA(#16030);
#16030 = FILL_AREA_STYLE('',(#16031));
#16031 = FILL_AREA_STYLE_COLOUR('',#15814);
#16032 = OVER_RIDING_STYLED_ITEM('overriding color',(#16033),#3357,
  #15404);
#16033 = PRESENTATION_STYLE_ASSIGNMENT((#16034));
#16034 = SURFACE_STYLE_USAGE(.BOTH.,#16035);
#16035 = SURFACE_SIDE_STYLE('',(#16036));
#16036 = SURFACE_STYLE_FILL_AREA(#16037);
#16037 = FILL_AREA_STYLE('',(#16038));
#16038 = FILL_AREA_STYLE_COLOUR('',#15814);
#16039 = OVER_RIDING_STYLED_ITEM('overriding color',(#16040),#3379,
  #15404);
#16040 = PRESENTATION_STYLE_ASSIGNMENT((#16041));
#16041 = SURFACE_STYLE_USAGE(.BOTH.,#16042);
#16042 = SURFACE_SIDE_STYLE('',(#16043));
#16043 = SURFACE_STYLE_FILL_AREA(#16044);
#16044 = FILL_AREA_STYLE('',(#16045));
#16045 = FILL_AREA_STYLE_COLOUR('',#15814);
#16046 = OVER_RIDING_STYLED_ITEM('overriding color',(#16047),#3410,
  #15404);
#16047 = PRESENTATION_STYLE_ASSIGNMENT((#16048));
#16048 = SURFACE_STYLE_USAGE(.BOTH.,#16049);
#16049 = SURFACE_SIDE_STYLE('',(#16050));
#16050 = SURFACE_STYLE_FILL_AREA(#16051);
#16051 = FILL_AREA_STYLE('',(#16052));
#16052 = FILL_AREA_STYLE_COLOUR('',#15814);
#16053 = OVER_RIDING_STYLED_ITEM('overriding color',(#16054),#3443,
  #15404);
#16054 = PRESENTATION_STYLE_ASSIGNMENT((#16055));
#16055 = SURFACE_STYLE_USAGE(.BOTH.,#16056);
#16056 = SURFACE_SIDE_STYLE('',(#16057));
#16057 = SURFACE_STYLE_FILL_AREA(#16058);
#16058 = FILL_AREA_STYLE('',(#16059));
#16059 = FILL_AREA_STYLE_COLOUR('',#15814);
#16060 = OVER_RIDING_STYLED_ITEM('overriding color',(#16061),#3474,
  #15404);
#16061 = PRESENTATION_STYLE_ASSIGNMENT((#16062));
#16062 = SURFACE_STYLE_USAGE(.BOTH.,#16063);
#16063 = SURFACE_SIDE_STYLE('',(#16064));
#16064 = SURFACE_STYLE_FILL_AREA(#16065);
#16065 = FILL_AREA_STYLE('',(#16066));
#16066 = FILL_AREA_STYLE_COLOUR('',#15814);
#16067 = OVER_RIDING_STYLED_ITEM('overriding color',(#16068),#3500,
  #15404);
#16068 = PRESENTATION_STYLE_ASSIGNMENT((#16069));
#16069 = SURFACE_STYLE_USAGE(.BOTH.,#16070);
#16070 = SURFACE_SIDE_STYLE('',(#16071));
#16071 = SURFACE_STYLE_FILL_AREA(#16072);
#16072 = FILL_AREA_STYLE('',(#16073));
#16073 = FILL_AREA_STYLE_COLOUR('',#15814);
#16074 = OVER_RIDING_STYLED_ITEM('overriding color',(#16075),#3518,
  #15404);
#16075 = PRESENTATION_STYLE_ASSIGNMENT((#16076));
#16076 = SURFACE_STYLE_USAGE(.BOTH.,#16077);
#16077 = SURFACE_SIDE_STYLE('',(#16078));
#16078 = SURFACE_STYLE_FILL_AREA(#16079);
#16079 = FILL_AREA_STYLE('',(#16080));
#16080 = FILL_AREA_STYLE_COLOUR('',#15814);
#16081 = OVER_RIDING_STYLED_ITEM('overriding color',(#16082),#3538,
  #15404);
#16082 = PRESENTATION_STYLE_ASSIGNMENT((#16083));
#16083 = SURFACE_STYLE_USAGE(.BOTH.,#16084);
#16084 = SURFACE_SIDE_STYLE('',(#16085));
#16085 = SURFACE_STYLE_FILL_AREA(#16086);
#16086 = FILL_AREA_STYLE('',(#16087));
#16087 = FILL_AREA_STYLE_COLOUR('',#15814);
#16088 = OVER_RIDING_STYLED_ITEM('overriding color',(#16089),#3578,
  #15404);
#16089 = PRESENTATION_STYLE_ASSIGNMENT((#16090));
#16090 = SURFACE_STYLE_USAGE(.BOTH.,#16091);
#16091 = SURFACE_SIDE_STYLE('',(#16092));
#16092 = SURFACE_STYLE_FILL_AREA(#16093);
#16093 = FILL_AREA_STYLE('',(#16094));
#16094 = FILL_AREA_STYLE_COLOUR('',#15814);
#16095 = OVER_RIDING_STYLED_ITEM('overriding color',(#16096),#3609,
  #15404);
#16096 = PRESENTATION_STYLE_ASSIGNMENT((#16097));
#16097 = SURFACE_STYLE_USAGE(.BOTH.,#16098);
#16098 = SURFACE_SIDE_STYLE('',(#16099));
#16099 = SURFACE_STYLE_FILL_AREA(#16100);
#16100 = FILL_AREA_STYLE('',(#16101));
#16101 = FILL_AREA_STYLE_COLOUR('',#15814);
#16102 = OVER_RIDING_STYLED_ITEM('overriding color',(#16103),#3640,
  #15404);
#16103 = PRESENTATION_STYLE_ASSIGNMENT((#16104));
#16104 = SURFACE_STYLE_USAGE(.BOTH.,#16105);
#16105 = SURFACE_SIDE_STYLE('',(#16106));
#16106 = SURFACE_STYLE_FILL_AREA(#16107);
#16107 = FILL_AREA_STYLE('',(#16108));
#16108 = FILL_AREA_STYLE_COLOUR('',#15814);
#16109 = OVER_RIDING_STYLED_ITEM('overriding color',(#16110),#3673,
  #15404);
#16110 = PRESENTATION_STYLE_ASSIGNMENT((#16111));
#16111 = SURFACE_STYLE_USAGE(.BOTH.,#16112);
#16112 = SURFACE_SIDE_STYLE('',(#16113));
#16113 = SURFACE_STYLE_FILL_AREA(#16114);
#16114 = FILL_AREA_STYLE('',(#16115));
#16115 = FILL_AREA_STYLE_COLOUR('',#15814);
#16116 = OVER_RIDING_STYLED_ITEM('overriding color',(#16117),#3704,
  #15404);
#16117 = PRESENTATION_STYLE_ASSIGNMENT((#16118));
#16118 = SURFACE_STYLE_USAGE(.BOTH.,#16119);
#16119 = SURFACE_SIDE_STYLE('',(#16120));
#16120 = SURFACE_STYLE_FILL_AREA(#16121);
#16121 = FILL_AREA_STYLE('',(#16122));
#16122 = FILL_AREA_STYLE_COLOUR('',#15814);
#16123 = OVER_RIDING_STYLED_ITEM('overriding color',(#16124),#3737,
  #15404);
#16124 = PRESENTATION_STYLE_ASSIGNMENT((#16125));
#16125 = SURFACE_STYLE_USAGE(.BOTH.,#16126);
#16126 = SURFACE_SIDE_STYLE('',(#16127));
#16127 = SURFACE_STYLE_FILL_AREA(#16128);
#16128 = FILL_AREA_STYLE('',(#16129));
#16129 = FILL_AREA_STYLE_COLOUR('',#15814);
#16130 = OVER_RIDING_STYLED_ITEM('overriding color',(#16131),#3759,
  #15404);
#16131 = PRESENTATION_STYLE_ASSIGNMENT((#16132));
#16132 = SURFACE_STYLE_USAGE(.BOTH.,#16133);
#16133 = SURFACE_SIDE_STYLE('',(#16134));
#16134 = SURFACE_STYLE_FILL_AREA(#16135);
#16135 = FILL_AREA_STYLE('',(#16136));
#16136 = FILL_AREA_STYLE_COLOUR('',#15814);
#16137 = OVER_RIDING_STYLED_ITEM('overriding color',(#16138),#3790,
  #15404);
#16138 = PRESENTATION_STYLE_ASSIGNMENT((#16139));
#16139 = SURFACE_STYLE_USAGE(.BOTH.,#16140);
#16140 = SURFACE_SIDE_STYLE('',(#16141));
#16141 = SURFACE_STYLE_FILL_AREA(#16142);
#16142 = FILL_AREA_STYLE('',(#16143));
#16143 = FILL_AREA_STYLE_COLOUR('',#15814);
#16144 = OVER_RIDING_STYLED_ITEM('overriding color',(#16145),#3823,
  #15404);
#16145 = PRESENTATION_STYLE_ASSIGNMENT((#16146));
#16146 = SURFACE_STYLE_USAGE(.BOTH.,#16147);
#16147 = SURFACE_SIDE_STYLE('',(#16148));
#16148 = SURFACE_STYLE_FILL_AREA(#16149);
#16149 = FILL_AREA_STYLE('',(#16150));
#16150 = FILL_AREA_STYLE_COLOUR('',#15814);
#16151 = OVER_RIDING_STYLED_ITEM('overriding color',(#16152),#3854,
  #15404);
#16152 = PRESENTATION_STYLE_ASSIGNMENT((#16153));
#16153 = SURFACE_STYLE_USAGE(.BOTH.,#16154);
#16154 = SURFACE_SIDE_STYLE('',(#16155));
#16155 = SURFACE_STYLE_FILL_AREA(#16156);
#16156 = FILL_AREA_STYLE('',(#16157));
#16157 = FILL_AREA_STYLE_COLOUR('',#15814);
#16158 = OVER_RIDING_STYLED_ITEM('overriding color',(#16159),#3880,
  #15404);
#16159 = PRESENTATION_STYLE_ASSIGNMENT((#16160));
#16160 = SURFACE_STYLE_USAGE(.BOTH.,#16161);
#16161 = SURFACE_SIDE_STYLE('',(#16162));
#16162 = SURFACE_STYLE_FILL_AREA(#16163);
#16163 = FILL_AREA_STYLE('',(#16164));
#16164 = FILL_AREA_STYLE_COLOUR('',#15814);
#16165 = OVER_RIDING_STYLED_ITEM('overriding color',(#16166),#3898,
  #15404);
#16166 = PRESENTATION_STYLE_ASSIGNMENT((#16167));
#16167 = SURFACE_STYLE_USAGE(.BOTH.,#16168);
#16168 = SURFACE_SIDE_STYLE('',(#16169));
#16169 = SURFACE_STYLE_FILL_AREA(#16170);
#16170 = FILL_AREA_STYLE('',(#16171));
#16171 = FILL_AREA_STYLE_COLOUR('',#15814);
#16172 = OVER_RIDING_STYLED_ITEM('overriding color',(#16173),#3918,
  #15404);
#16173 = PRESENTATION_STYLE_ASSIGNMENT((#16174));
#16174 = SURFACE_STYLE_USAGE(.BOTH.,#16175);
#16175 = SURFACE_SIDE_STYLE('',(#16176));
#16176 = SURFACE_STYLE_FILL_AREA(#16177);
#16177 = FILL_AREA_STYLE('',(#16178));
#16178 = FILL_AREA_STYLE_COLOUR('',#15814);
#16179 = OVER_RIDING_STYLED_ITEM('overriding color',(#16180),#3958,
  #15404);
#16180 = PRESENTATION_STYLE_ASSIGNMENT((#16181));
#16181 = SURFACE_STYLE_USAGE(.BOTH.,#16182);
#16182 = SURFACE_SIDE_STYLE('',(#16183));
#16183 = SURFACE_STYLE_FILL_AREA(#16184);
#16184 = FILL_AREA_STYLE('',(#16185));
#16185 = FILL_AREA_STYLE_COLOUR('',#15814);
#16186 = OVER_RIDING_STYLED_ITEM('overriding color',(#16187),#3989,
  #15404);
#16187 = PRESENTATION_STYLE_ASSIGNMENT((#16188));
#16188 = SURFACE_STYLE_USAGE(.BOTH.,#16189);
#16189 = SURFACE_SIDE_STYLE('',(#16190));
#16190 = SURFACE_STYLE_FILL_AREA(#16191);
#16191 = FILL_AREA_STYLE('',(#16192));
#16192 = FILL_AREA_STYLE_COLOUR('',#15814);
#16193 = OVER_RIDING_STYLED_ITEM('overriding color',(#16194),#4020,
  #15404);
#16194 = PRESENTATION_STYLE_ASSIGNMENT((#16195));
#16195 = SURFACE_STYLE_USAGE(.BOTH.,#16196);
#16196 = SURFACE_SIDE_STYLE('',(#16197));
#16197 = SURFACE_STYLE_FILL_AREA(#16198);
#16198 = FILL_AREA_STYLE('',(#16199));
#16199 = FILL_AREA_STYLE_COLOUR('',#15814);
#16200 = OVER_RIDING_STYLED_ITEM('overriding color',(#16201),#4053,
  #15404);
#16201 = PRESENTATION_STYLE_ASSIGNMENT((#16202));
#16202 = SURFACE_STYLE_USAGE(.BOTH.,#16203);
#16203 = SURFACE_SIDE_STYLE('',(#16204));
#16204 = SURFACE_STYLE_FILL_AREA(#16205);
#16205 = FILL_AREA_STYLE('',(#16206));
#16206 = FILL_AREA_STYLE_COLOUR('',#15814);
#16207 = OVER_RIDING_STYLED_ITEM('overriding color',(#16208),#4084,
  #15404);
#16208 = PRESENTATION_STYLE_ASSIGNMENT((#16209));
#16209 = SURFACE_STYLE_USAGE(.BOTH.,#16210);
#16210 = SURFACE_SIDE_STYLE('',(#16211));
#16211 = SURFACE_STYLE_FILL_AREA(#16212);
#16212 = FILL_AREA_STYLE('',(#16213));
#16213 = FILL_AREA_STYLE_COLOUR('',#15814);
#16214 = OVER_RIDING_STYLED_ITEM('overriding color',(#16215),#4117,
  #15404);
#16215 = PRESENTATION_STYLE_ASSIGNMENT((#16216));
#16216 = SURFACE_STYLE_USAGE(.BOTH.,#16217);
#16217 = SURFACE_SIDE_STYLE('',(#16218));
#16218 = SURFACE_STYLE_FILL_AREA(#16219);
#16219 = FILL_AREA_STYLE('',(#16220));
#16220 = FILL_AREA_STYLE_COLOUR('',#15814);
#16221 = OVER_RIDING_STYLED_ITEM('overriding color',(#16222),#4139,
  #15404);
#16222 = PRESENTATION_STYLE_ASSIGNMENT((#16223));
#16223 = SURFACE_STYLE_USAGE(.BOTH.,#16224);
#16224 = SURFACE_SIDE_STYLE('',(#16225));
#16225 = SURFACE_STYLE_FILL_AREA(#16226);
#16226 = FILL_AREA_STYLE('',(#16227));
#16227 = FILL_AREA_STYLE_COLOUR('',#15814);
#16228 = OVER_RIDING_STYLED_ITEM('overriding color',(#16229),#4170,
  #15404);
#16229 = PRESENTATION_STYLE_ASSIGNMENT((#16230));
#16230 = SURFACE_STYLE_USAGE(.BOTH.,#16231);
#16231 = SURFACE_SIDE_STYLE('',(#16232));
#16232 = SURFACE_STYLE_FILL_AREA(#16233);
#16233 = FILL_AREA_STYLE('',(#16234));
#16234 = FILL_AREA_STYLE_COLOUR('',#15814);
#16235 = OVER_RIDING_STYLED_ITEM('overriding color',(#16236),#4203,
  #15404);
#16236 = PRESENTATION_STYLE_ASSIGNMENT((#16237));
#16237 = SURFACE_STYLE_USAGE(.BOTH.,#16238);
#16238 = SURFACE_SIDE_STYLE('',(#16239));
#16239 = SURFACE_STYLE_FILL_AREA(#16240);
#16240 = FILL_AREA_STYLE('',(#16241));
#16241 = FILL_AREA_STYLE_COLOUR('',#15814);
#16242 = OVER_RIDING_STYLED_ITEM('overriding color',(#16243),#4234,
  #15404);
#16243 = PRESENTATION_STYLE_ASSIGNMENT((#16244));
#16244 = SURFACE_STYLE_USAGE(.BOTH.,#16245);
#16245 = SURFACE_SIDE_STYLE('',(#16246));
#16246 = SURFACE_STYLE_FILL_AREA(#16247);
#16247 = FILL_AREA_STYLE('',(#16248));
#16248 = FILL_AREA_STYLE_COLOUR('',#15814);
#16249 = OVER_RIDING_STYLED_ITEM('overriding color',(#16250),#4260,
  #15404);
#16250 = PRESENTATION_STYLE_ASSIGNMENT((#16251));
#16251 = SURFACE_STYLE_USAGE(.BOTH.,#16252);
#16252 = SURFACE_SIDE_STYLE('',(#16253));
#16253 = SURFACE_STYLE_FILL_AREA(#16254);
#16254 = FILL_AREA_STYLE('',(#16255));
#16255 = FILL_AREA_STYLE_COLOUR('',#15814);
#16256 = OVER_RIDING_STYLED_ITEM('overriding color',(#16257),#4278,
  #15404);
#16257 = PRESENTATION_STYLE_ASSIGNMENT((#16258));
#16258 = SURFACE_STYLE_USAGE(.BOTH.,#16259);
#16259 = SURFACE_SIDE_STYLE('',(#16260));
#16260 = SURFACE_STYLE_FILL_AREA(#16261);
#16261 = FILL_AREA_STYLE('',(#16262));
#16262 = FILL_AREA_STYLE_COLOUR('',#15814);
#16263 = OVER_RIDING_STYLED_ITEM('overriding color',(#16264),#4298,
  #15404);
#16264 = PRESENTATION_STYLE_ASSIGNMENT((#16265));
#16265 = SURFACE_STYLE_USAGE(.BOTH.,#16266);
#16266 = SURFACE_SIDE_STYLE('',(#16267));
#16267 = SURFACE_STYLE_FILL_AREA(#16268);
#16268 = FILL_AREA_STYLE('',(#16269));
#16269 = FILL_AREA_STYLE_COLOUR('',#15814);
#16270 = OVER_RIDING_STYLED_ITEM('overriding color',(#16271),#4338,
  #15404);
#16271 = PRESENTATION_STYLE_ASSIGNMENT((#16272));
#16272 = SURFACE_STYLE_USAGE(.BOTH.,#16273);
#16273 = SURFACE_SIDE_STYLE('',(#16274));
#16274 = SURFACE_STYLE_FILL_AREA(#16275);
#16275 = FILL_AREA_STYLE('',(#16276));
#16276 = FILL_AREA_STYLE_COLOUR('',#15814);
#16277 = OVER_RIDING_STYLED_ITEM('overriding color',(#16278),#4369,
  #15404);
#16278 = PRESENTATION_STYLE_ASSIGNMENT((#16279));
#16279 = SURFACE_STYLE_USAGE(.BOTH.,#16280);
#16280 = SURFACE_SIDE_STYLE('',(#16281));
#16281 = SURFACE_STYLE_FILL_AREA(#16282);
#16282 = FILL_AREA_STYLE('',(#16283));
#16283 = FILL_AREA_STYLE_COLOUR('',#15814);
#16284 = OVER_RIDING_STYLED_ITEM('overriding color',(#16285),#4400,
  #15404);
#16285 = PRESENTATION_STYLE_ASSIGNMENT((#16286));
#16286 = SURFACE_STYLE_USAGE(.BOTH.,#16287);
#16287 = SURFACE_SIDE_STYLE('',(#16288));
#16288 = SURFACE_STYLE_FILL_AREA(#16289);
#16289 = FILL_AREA_STYLE('',(#16290));
#16290 = FILL_AREA_STYLE_COLOUR('',#15814);
#16291 = OVER_RIDING_STYLED_ITEM('overriding color',(#16292),#4433,
  #15404);
#16292 = PRESENTATION_STYLE_ASSIGNMENT((#16293));
#16293 = SURFACE_STYLE_USAGE(.BOTH.,#16294);
#16294 = SURFACE_SIDE_STYLE('',(#16295));
#16295 = SURFACE_STYLE_FILL_AREA(#16296);
#16296 = FILL_AREA_STYLE('',(#16297));
#16297 = FILL_AREA_STYLE_COLOUR('',#15814);
#16298 = OVER_RIDING_STYLED_ITEM('overriding color',(#16299),#4464,
  #15404);
#16299 = PRESENTATION_STYLE_ASSIGNMENT((#16300));
#16300 = SURFACE_STYLE_USAGE(.BOTH.,#16301);
#16301 = SURFACE_SIDE_STYLE('',(#16302));
#16302 = SURFACE_STYLE_FILL_AREA(#16303);
#16303 = FILL_AREA_STYLE('',(#16304));
#16304 = FILL_AREA_STYLE_COLOUR('',#15814);
#16305 = OVER_RIDING_STYLED_ITEM('overriding color',(#16306),#4497,
  #15404);
#16306 = PRESENTATION_STYLE_ASSIGNMENT((#16307));
#16307 = SURFACE_STYLE_USAGE(.BOTH.,#16308);
#16308 = SURFACE_SIDE_STYLE('',(#16309));
#16309 = SURFACE_STYLE_FILL_AREA(#16310);
#16310 = FILL_AREA_STYLE('',(#16311));
#16311 = FILL_AREA_STYLE_COLOUR('',#15814);
#16312 = OVER_RIDING_STYLED_ITEM('overriding color',(#16313),#4519,
  #15404);
#16313 = PRESENTATION_STYLE_ASSIGNMENT((#16314));
#16314 = SURFACE_STYLE_USAGE(.BOTH.,#16315);
#16315 = SURFACE_SIDE_STYLE('',(#16316));
#16316 = SURFACE_STYLE_FILL_AREA(#16317);
#16317 = FILL_AREA_STYLE('',(#16318));
#16318 = FILL_AREA_STYLE_COLOUR('',#15814);
#16319 = OVER_RIDING_STYLED_ITEM('overriding color',(#16320),#4550,
  #15404);
#16320 = PRESENTATION_STYLE_ASSIGNMENT((#16321));
#16321 = SURFACE_STYLE_USAGE(.BOTH.,#16322);
#16322 = SURFACE_SIDE_STYLE('',(#16323));
#16323 = SURFACE_STYLE_FILL_AREA(#16324);
#16324 = FILL_AREA_STYLE('',(#16325));
#16325 = FILL_AREA_STYLE_COLOUR('',#15814);
#16326 = OVER_RIDING_STYLED_ITEM('overriding color',(#16327),#4583,
  #15404);
#16327 = PRESENTATION_STYLE_ASSIGNMENT((#16328));
#16328 = SURFACE_STYLE_USAGE(.BOTH.,#16329);
#16329 = SURFACE_SIDE_STYLE('',(#16330));
#16330 = SURFACE_STYLE_FILL_AREA(#16331);
#16331 = FILL_AREA_STYLE('',(#16332));
#16332 = FILL_AREA_STYLE_COLOUR('',#15814);
#16333 = OVER_RIDING_STYLED_ITEM('overriding color',(#16334),#4614,
  #15404);
#16334 = PRESENTATION_STYLE_ASSIGNMENT((#16335));
#16335 = SURFACE_STYLE_USAGE(.BOTH.,#16336);
#16336 = SURFACE_SIDE_STYLE('',(#16337));
#16337 = SURFACE_STYLE_FILL_AREA(#16338);
#16338 = FILL_AREA_STYLE('',(#16339));
#16339 = FILL_AREA_STYLE_COLOUR('',#15814);
#16340 = OVER_RIDING_STYLED_ITEM('overriding color',(#16341),#4640,
  #15404);
#16341 = PRESENTATION_STYLE_ASSIGNMENT((#16342));
#16342 = SURFACE_STYLE_USAGE(.BOTH.,#16343);
#16343 = SURFACE_SIDE_STYLE('',(#16344));
#16344 = SURFACE_STYLE_FILL_AREA(#16345);
#16345 = FILL_AREA_STYLE('',(#16346));
#16346 = FILL_AREA_STYLE_COLOUR('',#15814);
#16347 = OVER_RIDING_STYLED_ITEM('overriding color',(#16348),#4658,
  #15404);
#16348 = PRESENTATION_STYLE_ASSIGNMENT((#16349));
#16349 = SURFACE_STYLE_USAGE(.BOTH.,#16350);
#16350 = SURFACE_SIDE_STYLE('',(#16351));
#16351 = SURFACE_STYLE_FILL_AREA(#16352);
#16352 = FILL_AREA_STYLE('',(#16353));
#16353 = FILL_AREA_STYLE_COLOUR('',#15814);
#16354 = OVER_RIDING_STYLED_ITEM('overriding color',(#16355),#4678,
  #15404);
#16355 = PRESENTATION_STYLE_ASSIGNMENT((#16356));
#16356 = SURFACE_STYLE_USAGE(.BOTH.,#16357);
#16357 = SURFACE_SIDE_STYLE('',(#16358));
#16358 = SURFACE_STYLE_FILL_AREA(#16359);
#16359 = FILL_AREA_STYLE('',(#16360));
#16360 = FILL_AREA_STYLE_COLOUR('',#15814);
#16361 = OVER_RIDING_STYLED_ITEM('overriding color',(#16362),#4718,
  #15404);
#16362 = PRESENTATION_STYLE_ASSIGNMENT((#16363));
#16363 = SURFACE_STYLE_USAGE(.BOTH.,#16364);
#16364 = SURFACE_SIDE_STYLE('',(#16365));
#16365 = SURFACE_STYLE_FILL_AREA(#16366);
#16366 = FILL_AREA_STYLE('',(#16367));
#16367 = FILL_AREA_STYLE_COLOUR('',#15814);
#16368 = OVER_RIDING_STYLED_ITEM('overriding color',(#16369),#4749,
  #15404);
#16369 = PRESENTATION_STYLE_ASSIGNMENT((#16370));
#16370 = SURFACE_STYLE_USAGE(.BOTH.,#16371);
#16371 = SURFACE_SIDE_STYLE('',(#16372));
#16372 = SURFACE_STYLE_FILL_AREA(#16373);
#16373 = FILL_AREA_STYLE('',(#16374));
#16374 = FILL_AREA_STYLE_COLOUR('',#15814);
#16375 = OVER_RIDING_STYLED_ITEM('overriding color',(#16376),#4780,
  #15404);
#16376 = PRESENTATION_STYLE_ASSIGNMENT((#16377));
#16377 = SURFACE_STYLE_USAGE(.BOTH.,#16378);
#16378 = SURFACE_SIDE_STYLE('',(#16379));
#16379 = SURFACE_STYLE_FILL_AREA(#16380);
#16380 = FILL_AREA_STYLE('',(#16381));
#16381 = FILL_AREA_STYLE_COLOUR('',#15814);
#16382 = OVER_RIDING_STYLED_ITEM('overriding color',(#16383),#4813,
  #15404);
#16383 = PRESENTATION_STYLE_ASSIGNMENT((#16384));
#16384 = SURFACE_STYLE_USAGE(.BOTH.,#16385);
#16385 = SURFACE_SIDE_STYLE('',(#16386));
#16386 = SURFACE_STYLE_FILL_AREA(#16387);
#16387 = FILL_AREA_STYLE('',(#16388));
#16388 = FILL_AREA_STYLE_COLOUR('',#15814);
#16389 = OVER_RIDING_STYLED_ITEM('overriding color',(#16390),#4844,
  #15404);
#16390 = PRESENTATION_STYLE_ASSIGNMENT((#16391));
#16391 = SURFACE_STYLE_USAGE(.BOTH.,#16392);
#16392 = SURFACE_SIDE_STYLE('',(#16393));
#16393 = SURFACE_STYLE_FILL_AREA(#16394);
#16394 = FILL_AREA_STYLE('',(#16395));
#16395 = FILL_AREA_STYLE_COLOUR('',#15814);
#16396 = OVER_RIDING_STYLED_ITEM('overriding color',(#16397),#4877,
  #15404);
#16397 = PRESENTATION_STYLE_ASSIGNMENT((#16398));
#16398 = SURFACE_STYLE_USAGE(.BOTH.,#16399);
#16399 = SURFACE_SIDE_STYLE('',(#16400));
#16400 = SURFACE_STYLE_FILL_AREA(#16401);
#16401 = FILL_AREA_STYLE('',(#16402));
#16402 = FILL_AREA_STYLE_COLOUR('',#15814);
#16403 = OVER_RIDING_STYLED_ITEM('overriding color',(#16404),#4899,
  #15404);
#16404 = PRESENTATION_STYLE_ASSIGNMENT((#16405));
#16405 = SURFACE_STYLE_USAGE(.BOTH.,#16406);
#16406 = SURFACE_SIDE_STYLE('',(#16407));
#16407 = SURFACE_STYLE_FILL_AREA(#16408);
#16408 = FILL_AREA_STYLE('',(#16409));
#16409 = FILL_AREA_STYLE_COLOUR('',#15814);
#16410 = OVER_RIDING_STYLED_ITEM('overriding color',(#16411),#4930,
  #15404);
#16411 = PRESENTATION_STYLE_ASSIGNMENT((#16412));
#16412 = SURFACE_STYLE_USAGE(.BOTH.,#16413);
#16413 = SURFACE_SIDE_STYLE('',(#16414));
#16414 = SURFACE_STYLE_FILL_AREA(#16415);
#16415 = FILL_AREA_STYLE('',(#16416));
#16416 = FILL_AREA_STYLE_COLOUR('',#15814);
#16417 = OVER_RIDING_STYLED_ITEM('overriding color',(#16418),#4963,
  #15404);
#16418 = PRESENTATION_STYLE_ASSIGNMENT((#16419));
#16419 = SURFACE_STYLE_USAGE(.BOTH.,#16420);
#16420 = SURFACE_SIDE_STYLE('',(#16421));
#16421 = SURFACE_STYLE_FILL_AREA(#16422);
#16422 = FILL_AREA_STYLE('',(#16423));
#16423 = FILL_AREA_STYLE_COLOUR('',#15814);
#16424 = OVER_RIDING_STYLED_ITEM('overriding color',(#16425),#4994,
  #15404);
#16425 = PRESENTATION_STYLE_ASSIGNMENT((#16426));
#16426 = SURFACE_STYLE_USAGE(.BOTH.,#16427);
#16427 = SURFACE_SIDE_STYLE('',(#16428));
#16428 = SURFACE_STYLE_FILL_AREA(#16429);
#16429 = FILL_AREA_STYLE('',(#16430));
#16430 = FILL_AREA_STYLE_COLOUR('',#15814);
#16431 = OVER_RIDING_STYLED_ITEM('overriding color',(#16432),#5020,
  #15404);
#16432 = PRESENTATION_STYLE_ASSIGNMENT((#16433));
#16433 = SURFACE_STYLE_USAGE(.BOTH.,#16434);
#16434 = SURFACE_SIDE_STYLE('',(#16435));
#16435 = SURFACE_STYLE_FILL_AREA(#16436);
#16436 = FILL_AREA_STYLE('',(#16437));
#16437 = FILL_AREA_STYLE_COLOUR('',#15814);
#16438 = OVER_RIDING_STYLED_ITEM('overriding color',(#16439),#5038,
  #15404);
#16439 = PRESENTATION_STYLE_ASSIGNMENT((#16440));
#16440 = SURFACE_STYLE_USAGE(.BOTH.,#16441);
#16441 = SURFACE_SIDE_STYLE('',(#16442));
#16442 = SURFACE_STYLE_FILL_AREA(#16443);
#16443 = FILL_AREA_STYLE('',(#16444));
#16444 = FILL_AREA_STYLE_COLOUR('',#15814);
#16445 = OVER_RIDING_STYLED_ITEM('overriding color',(#16446),#5058,
  #15404);
#16446 = PRESENTATION_STYLE_ASSIGNMENT((#16447));
#16447 = SURFACE_STYLE_USAGE(.BOTH.,#16448);
#16448 = SURFACE_SIDE_STYLE('',(#16449));
#16449 = SURFACE_STYLE_FILL_AREA(#16450);
#16450 = FILL_AREA_STYLE('',(#16451));
#16451 = FILL_AREA_STYLE_COLOUR('',#15814);
#16452 = OVER_RIDING_STYLED_ITEM('overriding color',(#16453),#5098,
  #15404);
#16453 = PRESENTATION_STYLE_ASSIGNMENT((#16454));
#16454 = SURFACE_STYLE_USAGE(.BOTH.,#16455);
#16455 = SURFACE_SIDE_STYLE('',(#16456));
#16456 = SURFACE_STYLE_FILL_AREA(#16457);
#16457 = FILL_AREA_STYLE('',(#16458));
#16458 = FILL_AREA_STYLE_COLOUR('',#15814);
#16459 = OVER_RIDING_STYLED_ITEM('overriding color',(#16460),#5129,
  #15404);
#16460 = PRESENTATION_STYLE_ASSIGNMENT((#16461));
#16461 = SURFACE_STYLE_USAGE(.BOTH.,#16462);
#16462 = SURFACE_SIDE_STYLE('',(#16463));
#16463 = SURFACE_STYLE_FILL_AREA(#16464);
#16464 = FILL_AREA_STYLE('',(#16465));
#16465 = FILL_AREA_STYLE_COLOUR('',#15814);
#16466 = OVER_RIDING_STYLED_ITEM('overriding color',(#16467),#5160,
  #15404);
#16467 = PRESENTATION_STYLE_ASSIGNMENT((#16468));
#16468 = SURFACE_STYLE_USAGE(.BOTH.,#16469);
#16469 = SURFACE_SIDE_STYLE('',(#16470));
#16470 = SURFACE_STYLE_FILL_AREA(#16471);
#16471 = FILL_AREA_STYLE('',(#16472));
#16472 = FILL_AREA_STYLE_COLOUR('',#15814);
#16473 = OVER_RIDING_STYLED_ITEM('overriding color',(#16474),#5193,
  #15404);
#16474 = PRESENTATION_STYLE_ASSIGNMENT((#16475));
#16475 = SURFACE_STYLE_USAGE(.BOTH.,#16476);
#16476 = SURFACE_SIDE_STYLE('',(#16477));
#16477 = SURFACE_STYLE_FILL_AREA(#16478);
#16478 = FILL_AREA_STYLE('',(#16479));
#16479 = FILL_AREA_STYLE_COLOUR('',#15814);
#16480 = OVER_RIDING_STYLED_ITEM('overriding color',(#16481),#5224,
  #15404);
#16481 = PRESENTATION_STYLE_ASSIGNMENT((#16482));
#16482 = SURFACE_STYLE_USAGE(.BOTH.,#16483);
#16483 = SURFACE_SIDE_STYLE('',(#16484));
#16484 = SURFACE_STYLE_FILL_AREA(#16485);
#16485 = FILL_AREA_STYLE('',(#16486));
#16486 = FILL_AREA_STYLE_COLOUR('',#15814);
#16487 = OVER_RIDING_STYLED_ITEM('overriding color',(#16488),#5257,
  #15404);
#16488 = PRESENTATION_STYLE_ASSIGNMENT((#16489));
#16489 = SURFACE_STYLE_USAGE(.BOTH.,#16490);
#16490 = SURFACE_SIDE_STYLE('',(#16491));
#16491 = SURFACE_STYLE_FILL_AREA(#16492);
#16492 = FILL_AREA_STYLE('',(#16493));
#16493 = FILL_AREA_STYLE_COLOUR('',#15814);
#16494 = OVER_RIDING_STYLED_ITEM('overriding color',(#16495),#5279,
  #15404);
#16495 = PRESENTATION_STYLE_ASSIGNMENT((#16496));
#16496 = SURFACE_STYLE_USAGE(.BOTH.,#16497);
#16497 = SURFACE_SIDE_STYLE('',(#16498));
#16498 = SURFACE_STYLE_FILL_AREA(#16499);
#16499 = FILL_AREA_STYLE('',(#16500));
#16500 = FILL_AREA_STYLE_COLOUR('',#15814);
#16501 = OVER_RIDING_STYLED_ITEM('overriding color',(#16502),#5310,
  #15404);
#16502 = PRESENTATION_STYLE_ASSIGNMENT((#16503));
#16503 = SURFACE_STYLE_USAGE(.BOTH.,#16504);
#16504 = SURFACE_SIDE_STYLE('',(#16505));
#16505 = SURFACE_STYLE_FILL_AREA(#16506);
#16506 = FILL_AREA_STYLE('',(#16507));
#16507 = FILL_AREA_STYLE_COLOUR('',#15814);
#16508 = OVER_RIDING_STYLED_ITEM('overriding color',(#16509),#5343,
  #15404);
#16509 = PRESENTATION_STYLE_ASSIGNMENT((#16510));
#16510 = SURFACE_STYLE_USAGE(.BOTH.,#16511);
#16511 = SURFACE_SIDE_STYLE('',(#16512));
#16512 = SURFACE_STYLE_FILL_AREA(#16513);
#16513 = FILL_AREA_STYLE('',(#16514));
#16514 = FILL_AREA_STYLE_COLOUR('',#15814);
#16515 = OVER_RIDING_STYLED_ITEM('overriding color',(#16516),#5374,
  #15404);
#16516 = PRESENTATION_STYLE_ASSIGNMENT((#16517));
#16517 = SURFACE_STYLE_USAGE(.BOTH.,#16518);
#16518 = SURFACE_SIDE_STYLE('',(#16519));
#16519 = SURFACE_STYLE_FILL_AREA(#16520);
#16520 = FILL_AREA_STYLE('',(#16521));
#16521 = FILL_AREA_STYLE_COLOUR('',#15814);
#16522 = OVER_RIDING_STYLED_ITEM('overriding color',(#16523),#5400,
  #15404);
#16523 = PRESENTATION_STYLE_ASSIGNMENT((#16524));
#16524 = SURFACE_STYLE_USAGE(.BOTH.,#16525);
#16525 = SURFACE_SIDE_STYLE('',(#16526));
#16526 = SURFACE_STYLE_FILL_AREA(#16527);
#16527 = FILL_AREA_STYLE('',(#16528));
#16528 = FILL_AREA_STYLE_COLOUR('',#15814);
#16529 = OVER_RIDING_STYLED_ITEM('overriding color',(#16530),#5418,
  #15404);
#16530 = PRESENTATION_STYLE_ASSIGNMENT((#16531));
#16531 = SURFACE_STYLE_USAGE(.BOTH.,#16532);
#16532 = SURFACE_SIDE_STYLE('',(#16533));
#16533 = SURFACE_STYLE_FILL_AREA(#16534);
#16534 = FILL_AREA_STYLE('',(#16535));
#16535 = FILL_AREA_STYLE_COLOUR('',#15814);
#16536 = OVER_RIDING_STYLED_ITEM('overriding color',(#16537),#5438,
  #15404);
#16537 = PRESENTATION_STYLE_ASSIGNMENT((#16538));
#16538 = SURFACE_STYLE_USAGE(.BOTH.,#16539);
#16539 = SURFACE_SIDE_STYLE('',(#16540));
#16540 = SURFACE_STYLE_FILL_AREA(#16541);
#16541 = FILL_AREA_STYLE('',(#16542));
#16542 = FILL_AREA_STYLE_COLOUR('',#15359);
#16543 = OVER_RIDING_STYLED_ITEM('overriding color',(#16544),#5469,
  #15404);
#16544 = PRESENTATION_STYLE_ASSIGNMENT((#16545));
#16545 = SURFACE_STYLE_USAGE(.BOTH.,#16546);
#16546 = SURFACE_SIDE_STYLE('',(#16547));
#16547 = SURFACE_STYLE_FILL_AREA(#16548);
#16548 = FILL_AREA_STYLE('',(#16549));
#16549 = FILL_AREA_STYLE_COLOUR('',#15359);
#16550 = OVER_RIDING_STYLED_ITEM('overriding color',(#16551),#5493,
  #15404);
#16551 = PRESENTATION_STYLE_ASSIGNMENT((#16552));
#16552 = SURFACE_STYLE_USAGE(.BOTH.,#16553);
#16553 = SURFACE_SIDE_STYLE('',(#16554));
#16554 = SURFACE_STYLE_FILL_AREA(#16555);
#16555 = FILL_AREA_STYLE('',(#16556));
#16556 = FILL_AREA_STYLE_COLOUR('',#15359);
#16557 = OVER_RIDING_STYLED_ITEM('overriding color',(#16558),#5517,
  #15404);
#16558 = PRESENTATION_STYLE_ASSIGNMENT((#16559));
#16559 = SURFACE_STYLE_USAGE(.BOTH.,#16560);
#16560 = SURFACE_SIDE_STYLE('',(#16561));
#16561 = SURFACE_STYLE_FILL_AREA(#16562);
#16562 = FILL_AREA_STYLE('',(#16563));
#16563 = FILL_AREA_STYLE_COLOUR('',#15359);
#16564 = OVER_RIDING_STYLED_ITEM('overriding color',(#16565),#5541,
  #15404);
#16565 = PRESENTATION_STYLE_ASSIGNMENT((#16566));
#16566 = SURFACE_STYLE_USAGE(.BOTH.,#16567);
#16567 = SURFACE_SIDE_STYLE('',(#16568));
#16568 = SURFACE_STYLE_FILL_AREA(#16569);
#16569 = FILL_AREA_STYLE('',(#16570));
#16570 = FILL_AREA_STYLE_COLOUR('',#15359);
#16571 = OVER_RIDING_STYLED_ITEM('overriding color',(#16572),#5565,
  #15404);
#16572 = PRESENTATION_STYLE_ASSIGNMENT((#16573));
#16573 = SURFACE_STYLE_USAGE(.BOTH.,#16574);
#16574 = SURFACE_SIDE_STYLE('',(#16575));
#16575 = SURFACE_STYLE_FILL_AREA(#16576);
#16576 = FILL_AREA_STYLE('',(#16577));
#16577 = FILL_AREA_STYLE_COLOUR('',#15359);
#16578 = OVER_RIDING_STYLED_ITEM('overriding color',(#16579),#5589,
  #15404);
#16579 = PRESENTATION_STYLE_ASSIGNMENT((#16580));
#16580 = SURFACE_STYLE_USAGE(.BOTH.,#16581);
#16581 = SURFACE_SIDE_STYLE('',(#16582));
#16582 = SURFACE_STYLE_FILL_AREA(#16583);
#16583 = FILL_AREA_STYLE('',(#16584));
#16584 = FILL_AREA_STYLE_COLOUR('',#15359);
#16585 = OVER_RIDING_STYLED_ITEM('overriding color',(#16586),#5613,
  #15404);
#16586 = PRESENTATION_STYLE_ASSIGNMENT((#16587));
#16587 = SURFACE_STYLE_USAGE(.BOTH.,#16588);
#16588 = SURFACE_SIDE_STYLE('',(#16589));
#16589 = SURFACE_STYLE_FILL_AREA(#16590);
#16590 = FILL_AREA_STYLE('',(#16591));
#16591 = FILL_AREA_STYLE_COLOUR('',#15359);
#16592 = OVER_RIDING_STYLED_ITEM('overriding color',(#16593),#5630,
  #15404);
#16593 = PRESENTATION_STYLE_ASSIGNMENT((#16594));
#16594 = SURFACE_STYLE_USAGE(.BOTH.,#16595);
#16595 = SURFACE_SIDE_STYLE('',(#16596));
#16596 = SURFACE_STYLE_FILL_AREA(#16597);
#16597 = FILL_AREA_STYLE('',(#16598));
#16598 = FILL_AREA_STYLE_COLOUR('',#15359);
#16599 = OVER_RIDING_STYLED_ITEM('overriding color',(#16600),#5704,
  #15404);
#16600 = PRESENTATION_STYLE_ASSIGNMENT((#16601));
#16601 = SURFACE_STYLE_USAGE(.BOTH.,#16602);
#16602 = SURFACE_SIDE_STYLE('',(#16603));
#16603 = SURFACE_STYLE_FILL_AREA(#16604);
#16604 = FILL_AREA_STYLE('',(#16605));
#16605 = FILL_AREA_STYLE_COLOUR('',#15359);
#16606 = OVER_RIDING_STYLED_ITEM('overriding color',(#16607),#5735,
  #15404);
#16607 = PRESENTATION_STYLE_ASSIGNMENT((#16608));
#16608 = SURFACE_STYLE_USAGE(.BOTH.,#16609);
#16609 = SURFACE_SIDE_STYLE('',(#16610));
#16610 = SURFACE_STYLE_FILL_AREA(#16611);
#16611 = FILL_AREA_STYLE('',(#16612));
#16612 = FILL_AREA_STYLE_COLOUR('',#15359);
#16613 = OVER_RIDING_STYLED_ITEM('overriding color',(#16614),#5759,
  #15404);
#16614 = PRESENTATION_STYLE_ASSIGNMENT((#16615));
#16615 = SURFACE_STYLE_USAGE(.BOTH.,#16616);
#16616 = SURFACE_SIDE_STYLE('',(#16617));
#16617 = SURFACE_STYLE_FILL_AREA(#16618);
#16618 = FILL_AREA_STYLE('',(#16619));
#16619 = FILL_AREA_STYLE_COLOUR('',#15359);
#16620 = OVER_RIDING_STYLED_ITEM('overriding color',(#16621),#5797,
  #15404);
#16621 = PRESENTATION_STYLE_ASSIGNMENT((#16622));
#16622 = SURFACE_STYLE_USAGE(.BOTH.,#16623);
#16623 = SURFACE_SIDE_STYLE('',(#16624));
#16624 = SURFACE_STYLE_FILL_AREA(#16625);
#16625 = FILL_AREA_STYLE('',(#16626));
#16626 = FILL_AREA_STYLE_COLOUR('',#15359);
#16627 = OVER_RIDING_STYLED_ITEM('overriding color',(#16628),#5821,
  #15404);
#16628 = PRESENTATION_STYLE_ASSIGNMENT((#16629));
#16629 = SURFACE_STYLE_USAGE(.BOTH.,#16630);
#16630 = SURFACE_SIDE_STYLE('',(#16631));
#16631 = SURFACE_STYLE_FILL_AREA(#16632);
#16632 = FILL_AREA_STYLE('',(#16633));
#16633 = FILL_AREA_STYLE_COLOUR('',#15359);
#16634 = OVER_RIDING_STYLED_ITEM('overriding color',(#16635),#5859,
  #15404);
#16635 = PRESENTATION_STYLE_ASSIGNMENT((#16636));
#16636 = SURFACE_STYLE_USAGE(.BOTH.,#16637);
#16637 = SURFACE_SIDE_STYLE('',(#16638));
#16638 = SURFACE_STYLE_FILL_AREA(#16639);
#16639 = FILL_AREA_STYLE('',(#16640));
#16640 = FILL_AREA_STYLE_COLOUR('',#15359);
#16641 = OVER_RIDING_STYLED_ITEM('overriding color',(#16642),#5876,
  #15404);
#16642 = PRESENTATION_STYLE_ASSIGNMENT((#16643));
#16643 = SURFACE_STYLE_USAGE(.BOTH.,#16644);
#16644 = SURFACE_SIDE_STYLE('',(#16645));
#16645 = SURFACE_STYLE_FILL_AREA(#16646);
#16646 = FILL_AREA_STYLE('',(#16647));
#16647 = FILL_AREA_STYLE_COLOUR('',#15359);
#16648 = OVER_RIDING_STYLED_ITEM('overriding color',(#16649),#5907,
  #15404);
#16649 = PRESENTATION_STYLE_ASSIGNMENT((#16650));
#16650 = SURFACE_STYLE_USAGE(.BOTH.,#16651);
#16651 = SURFACE_SIDE_STYLE('',(#16652));
#16652 = SURFACE_STYLE_FILL_AREA(#16653);
#16653 = FILL_AREA_STYLE('',(#16654));
#16654 = FILL_AREA_STYLE_COLOUR('',#15359);
#16655 = OVER_RIDING_STYLED_ITEM('overriding color',(#16656),#5931,
  #15404);
#16656 = PRESENTATION_STYLE_ASSIGNMENT((#16657));
#16657 = SURFACE_STYLE_USAGE(.BOTH.,#16658);
#16658 = SURFACE_SIDE_STYLE('',(#16659));
#16659 = SURFACE_STYLE_FILL_AREA(#16660);
#16660 = FILL_AREA_STYLE('',(#16661));
#16661 = FILL_AREA_STYLE_COLOUR('',#15359);
#16662 = OVER_RIDING_STYLED_ITEM('overriding color',(#16663),#5955,
  #15404);
#16663 = PRESENTATION_STYLE_ASSIGNMENT((#16664));
#16664 = SURFACE_STYLE_USAGE(.BOTH.,#16665);
#16665 = SURFACE_SIDE_STYLE('',(#16666));
#16666 = SURFACE_STYLE_FILL_AREA(#16667);
#16667 = FILL_AREA_STYLE('',(#16668));
#16668 = FILL_AREA_STYLE_COLOUR('',#15359);
#16669 = OVER_RIDING_STYLED_ITEM('overriding color',(#16670),#6029,
  #15404);
#16670 = PRESENTATION_STYLE_ASSIGNMENT((#16671));
#16671 = SURFACE_STYLE_USAGE(.BOTH.,#16672);
#16672 = SURFACE_SIDE_STYLE('',(#16673));
#16673 = SURFACE_STYLE_FILL_AREA(#16674);
#16674 = FILL_AREA_STYLE('',(#16675));
#16675 = FILL_AREA_STYLE_COLOUR('',#15359);
#16676 = OVER_RIDING_STYLED_ITEM('overriding color',(#16677),#6096,
  #15404);
#16677 = PRESENTATION_STYLE_ASSIGNMENT((#16678));
#16678 = SURFACE_STYLE_USAGE(.BOTH.,#16679);
#16679 = SURFACE_SIDE_STYLE('',(#16680));
#16680 = SURFACE_STYLE_FILL_AREA(#16681);
#16681 = FILL_AREA_STYLE('',(#16682));
#16682 = FILL_AREA_STYLE_COLOUR('',#15359);
#16683 = OVER_RIDING_STYLED_ITEM('overriding color',(#16684),#6183,
  #15404);
#16684 = PRESENTATION_STYLE_ASSIGNMENT((#16685));
#16685 = SURFACE_STYLE_USAGE(.BOTH.,#16686);
#16686 = SURFACE_SIDE_STYLE('',(#16687));
#16687 = SURFACE_STYLE_FILL_AREA(#16688);
#16688 = FILL_AREA_STYLE('',(#16689));
#16689 = FILL_AREA_STYLE_COLOUR('',#15359);
#16690 = OVER_RIDING_STYLED_ITEM('overriding color',(#16691),#6214,
  #15404);
#16691 = PRESENTATION_STYLE_ASSIGNMENT((#16692));
#16692 = SURFACE_STYLE_USAGE(.BOTH.,#16693);
#16693 = SURFACE_SIDE_STYLE('',(#16694));
#16694 = SURFACE_STYLE_FILL_AREA(#16695);
#16695 = FILL_AREA_STYLE('',(#16696));
#16696 = FILL_AREA_STYLE_COLOUR('',#15359);
#16697 = OVER_RIDING_STYLED_ITEM('overriding color',(#16698),#6288,
  #15404);
#16698 = PRESENTATION_STYLE_ASSIGNMENT((#16699));
#16699 = SURFACE_STYLE_USAGE(.BOTH.,#16700);
#16700 = SURFACE_SIDE_STYLE('',(#16701));
#16701 = SURFACE_STYLE_FILL_AREA(#16702);
#16702 = FILL_AREA_STYLE('',(#16703));
#16703 = FILL_AREA_STYLE_COLOUR('',#15359);
#16704 = OVER_RIDING_STYLED_ITEM('overriding color',(#16705),#6362,
  #15404);
#16705 = PRESENTATION_STYLE_ASSIGNMENT((#16706));
#16706 = SURFACE_STYLE_USAGE(.BOTH.,#16707);
#16707 = SURFACE_SIDE_STYLE('',(#16708));
#16708 = SURFACE_STYLE_FILL_AREA(#16709);
#16709 = FILL_AREA_STYLE('',(#16710));
#16710 = FILL_AREA_STYLE_COLOUR('',#15359);
#16711 = OVER_RIDING_STYLED_ITEM('overriding color',(#16712),#6386,
  #15404);
#16712 = PRESENTATION_STYLE_ASSIGNMENT((#16713));
#16713 = SURFACE_STYLE_USAGE(.BOTH.,#16714);
#16714 = SURFACE_SIDE_STYLE('',(#16715));
#16715 = SURFACE_STYLE_FILL_AREA(#16716);
#16716 = FILL_AREA_STYLE('',(#16717));
#16717 = FILL_AREA_STYLE_COLOUR('',#15359);
#16718 = OVER_RIDING_STYLED_ITEM('overriding color',(#16719),#6403,
  #15404);
#16719 = PRESENTATION_STYLE_ASSIGNMENT((#16720));
#16720 = SURFACE_STYLE_USAGE(.BOTH.,#16721);
#16721 = SURFACE_SIDE_STYLE('',(#16722));
#16722 = SURFACE_STYLE_FILL_AREA(#16723);
#16723 = FILL_AREA_STYLE('',(#16724));
#16724 = FILL_AREA_STYLE_COLOUR('',#15359);
#16725 = OVER_RIDING_STYLED_ITEM('overriding color',(#16726),#6434,
  #15404);
#16726 = PRESENTATION_STYLE_ASSIGNMENT((#16727));
#16727 = SURFACE_STYLE_USAGE(.BOTH.,#16728);
#16728 = SURFACE_SIDE_STYLE('',(#16729));
#16729 = SURFACE_STYLE_FILL_AREA(#16730);
#16730 = FILL_AREA_STYLE('',(#16731));
#16731 = FILL_AREA_STYLE_COLOUR('',#15359);
#16732 = OVER_RIDING_STYLED_ITEM('overriding color',(#16733),#6458,
  #15404);
#16733 = PRESENTATION_STYLE_ASSIGNMENT((#16734));
#16734 = SURFACE_STYLE_USAGE(.BOTH.,#16735);
#16735 = SURFACE_SIDE_STYLE('',(#16736));
#16736 = SURFACE_STYLE_FILL_AREA(#16737);
#16737 = FILL_AREA_STYLE('',(#16738));
#16738 = FILL_AREA_STYLE_COLOUR('',#15359);
#16739 = OVER_RIDING_STYLED_ITEM('overriding color',(#16740),#6482,
  #15404);
#16740 = PRESENTATION_STYLE_ASSIGNMENT((#16741));
#16741 = SURFACE_STYLE_USAGE(.BOTH.,#16742);
#16742 = SURFACE_SIDE_STYLE('',(#16743));
#16743 = SURFACE_STYLE_FILL_AREA(#16744);
#16744 = FILL_AREA_STYLE('',(#16745));
#16745 = FILL_AREA_STYLE_COLOUR('',#15359);
#16746 = OVER_RIDING_STYLED_ITEM('overriding color',(#16747),#6506,
  #15404);
#16747 = PRESENTATION_STYLE_ASSIGNMENT((#16748));
#16748 = SURFACE_STYLE_USAGE(.BOTH.,#16749);
#16749 = SURFACE_SIDE_STYLE('',(#16750));
#16750 = SURFACE_STYLE_FILL_AREA(#16751);
#16751 = FILL_AREA_STYLE('',(#16752));
#16752 = FILL_AREA_STYLE_COLOUR('',#15359);
#16753 = OVER_RIDING_STYLED_ITEM('overriding color',(#16754),#6530,
  #15404);
#16754 = PRESENTATION_STYLE_ASSIGNMENT((#16755));
#16755 = SURFACE_STYLE_USAGE(.BOTH.,#16756);
#16756 = SURFACE_SIDE_STYLE('',(#16757));
#16757 = SURFACE_STYLE_FILL_AREA(#16758);
#16758 = FILL_AREA_STYLE('',(#16759));
#16759 = FILL_AREA_STYLE_COLOUR('',#15359);
#16760 = OVER_RIDING_STYLED_ITEM('overriding color',(#16761),#6554,
  #15404);
#16761 = PRESENTATION_STYLE_ASSIGNMENT((#16762));
#16762 = SURFACE_STYLE_USAGE(.BOTH.,#16763);
#16763 = SURFACE_SIDE_STYLE('',(#16764));
#16764 = SURFACE_STYLE_FILL_AREA(#16765);
#16765 = FILL_AREA_STYLE('',(#16766));
#16766 = FILL_AREA_STYLE_COLOUR('',#15359);
#16767 = OVER_RIDING_STYLED_ITEM('overriding color',(#16768),#6578,
  #15404);
#16768 = PRESENTATION_STYLE_ASSIGNMENT((#16769));
#16769 = SURFACE_STYLE_USAGE(.BOTH.,#16770);
#16770 = SURFACE_SIDE_STYLE('',(#16771));
#16771 = SURFACE_STYLE_FILL_AREA(#16772);
#16772 = FILL_AREA_STYLE('',(#16773));
#16773 = FILL_AREA_STYLE_COLOUR('',#15359);
#16774 = OVER_RIDING_STYLED_ITEM('overriding color',(#16775),#6602,
  #15404);
#16775 = PRESENTATION_STYLE_ASSIGNMENT((#16776));
#16776 = SURFACE_STYLE_USAGE(.BOTH.,#16777);
#16777 = SURFACE_SIDE_STYLE('',(#16778));
#16778 = SURFACE_STYLE_FILL_AREA(#16779);
#16779 = FILL_AREA_STYLE('',(#16780));
#16780 = FILL_AREA_STYLE_COLOUR('',#15359);
#16781 = OVER_RIDING_STYLED_ITEM('overriding color',(#16782),#6626,
  #15404);
#16782 = PRESENTATION_STYLE_ASSIGNMENT((#16783));
#16783 = SURFACE_STYLE_USAGE(.BOTH.,#16784);
#16784 = SURFACE_SIDE_STYLE('',(#16785));
#16785 = SURFACE_STYLE_FILL_AREA(#16786);
#16786 = FILL_AREA_STYLE('',(#16787));
#16787 = FILL_AREA_STYLE_COLOUR('',#15359);
#16788 = OVER_RIDING_STYLED_ITEM('overriding color',(#16789),#6650,
  #15404);
#16789 = PRESENTATION_STYLE_ASSIGNMENT((#16790));
#16790 = SURFACE_STYLE_USAGE(.BOTH.,#16791);
#16791 = SURFACE_SIDE_STYLE('',(#16792));
#16792 = SURFACE_STYLE_FILL_AREA(#16793);
#16793 = FILL_AREA_STYLE('',(#16794));
#16794 = FILL_AREA_STYLE_COLOUR('',#15359);
#16795 = OVER_RIDING_STYLED_ITEM('overriding color',(#16796),#6674,
  #15404);
#16796 = PRESENTATION_STYLE_ASSIGNMENT((#16797));
#16797 = SURFACE_STYLE_USAGE(.BOTH.,#16798);
#16798 = SURFACE_SIDE_STYLE('',(#16799));
#16799 = SURFACE_STYLE_FILL_AREA(#16800);
#16800 = FILL_AREA_STYLE('',(#16801));
#16801 = FILL_AREA_STYLE_COLOUR('',#15359);
#16802 = OVER_RIDING_STYLED_ITEM('overriding color',(#16803),#6691,
  #15404);
#16803 = PRESENTATION_STYLE_ASSIGNMENT((#16804));
#16804 = SURFACE_STYLE_USAGE(.BOTH.,#16805);
#16805 = SURFACE_SIDE_STYLE('',(#16806));
#16806 = SURFACE_STYLE_FILL_AREA(#16807);
#16807 = FILL_AREA_STYLE('',(#16808));
#16808 = FILL_AREA_STYLE_COLOUR('',#15359);
#16809 = OVER_RIDING_STYLED_ITEM('overriding color',(#16810),#6711,
  #15404);
#16810 = PRESENTATION_STYLE_ASSIGNMENT((#16811));
#16811 = SURFACE_STYLE_USAGE(.BOTH.,#16812);
#16812 = SURFACE_SIDE_STYLE('',(#16813));
#16813 = SURFACE_STYLE_FILL_AREA(#16814);
#16814 = FILL_AREA_STYLE('',(#16815));
#16815 = FILL_AREA_STYLE_COLOUR('',#15359);
#16816 = OVER_RIDING_STYLED_ITEM('overriding color',(#16817),#6742,
  #15404);
#16817 = PRESENTATION_STYLE_ASSIGNMENT((#16818));
#16818 = SURFACE_STYLE_USAGE(.BOTH.,#16819);
#16819 = SURFACE_SIDE_STYLE('',(#16820));
#16820 = SURFACE_STYLE_FILL_AREA(#16821);
#16821 = FILL_AREA_STYLE('',(#16822));
#16822 = FILL_AREA_STYLE_COLOUR('',#15359);
#16823 = OVER_RIDING_STYLED_ITEM('overriding color',(#16824),#6792,
  #15404);
#16824 = PRESENTATION_STYLE_ASSIGNMENT((#16825));
#16825 = SURFACE_STYLE_USAGE(.BOTH.,#16826);
#16826 = SURFACE_SIDE_STYLE('',(#16827));
#16827 = SURFACE_STYLE_FILL_AREA(#16828);
#16828 = FILL_AREA_STYLE('',(#16829));
#16829 = FILL_AREA_STYLE_COLOUR('',#15359);
#16830 = OVER_RIDING_STYLED_ITEM('overriding color',(#16831),#6866,
  #15404);
#16831 = PRESENTATION_STYLE_ASSIGNMENT((#16832));
#16832 = SURFACE_STYLE_USAGE(.BOTH.,#16833);
#16833 = SURFACE_SIDE_STYLE('',(#16834));
#16834 = SURFACE_STYLE_FILL_AREA(#16835);
#16835 = FILL_AREA_STYLE('',(#16836));
#16836 = FILL_AREA_STYLE_COLOUR('',#15359);
#16837 = OVER_RIDING_STYLED_ITEM('overriding color',(#16838),#6940,
  #15404);
#16838 = PRESENTATION_STYLE_ASSIGNMENT((#16839));
#16839 = SURFACE_STYLE_USAGE(.BOTH.,#16840);
#16840 = SURFACE_SIDE_STYLE('',(#16841));
#16841 = SURFACE_STYLE_FILL_AREA(#16842);
#16842 = FILL_AREA_STYLE('',(#16843));
#16843 = FILL_AREA_STYLE_COLOUR('',#15359);
#16844 = OVER_RIDING_STYLED_ITEM('overriding color',(#16845),#6990,
  #15404);
#16845 = PRESENTATION_STYLE_ASSIGNMENT((#16846));
#16846 = SURFACE_STYLE_USAGE(.BOTH.,#16847);
#16847 = SURFACE_SIDE_STYLE('',(#16848));
#16848 = SURFACE_STYLE_FILL_AREA(#16849);
#16849 = FILL_AREA_STYLE('',(#16850));
#16850 = FILL_AREA_STYLE_COLOUR('',#15359);
#16851 = OVER_RIDING_STYLED_ITEM('overriding color',(#16852),#7014,
  #15404);
#16852 = PRESENTATION_STYLE_ASSIGNMENT((#16853));
#16853 = SURFACE_STYLE_USAGE(.BOTH.,#16854);
#16854 = SURFACE_SIDE_STYLE('',(#16855));
#16855 = SURFACE_STYLE_FILL_AREA(#16856);
#16856 = FILL_AREA_STYLE('',(#16857));
#16857 = FILL_AREA_STYLE_COLOUR('',#15359);
#16858 = OVER_RIDING_STYLED_ITEM('overriding color',(#16859),#7064,
  #15404);
#16859 = PRESENTATION_STYLE_ASSIGNMENT((#16860));
#16860 = SURFACE_STYLE_USAGE(.BOTH.,#16861);
#16861 = SURFACE_SIDE_STYLE('',(#16862));
#16862 = SURFACE_STYLE_FILL_AREA(#16863);
#16863 = FILL_AREA_STYLE('',(#16864));
#16864 = FILL_AREA_STYLE_COLOUR('',#15359);
#16865 = OVER_RIDING_STYLED_ITEM('overriding color',(#16866),#7138,
  #15404);
#16866 = PRESENTATION_STYLE_ASSIGNMENT((#16867));
#16867 = SURFACE_STYLE_USAGE(.BOTH.,#16868);
#16868 = SURFACE_SIDE_STYLE('',(#16869));
#16869 = SURFACE_STYLE_FILL_AREA(#16870);
#16870 = FILL_AREA_STYLE('',(#16871));
#16871 = FILL_AREA_STYLE_COLOUR('',#15359);
#16872 = OVER_RIDING_STYLED_ITEM('overriding color',(#16873),#7212,
  #15404);
#16873 = PRESENTATION_STYLE_ASSIGNMENT((#16874));
#16874 = SURFACE_STYLE_USAGE(.BOTH.,#16875);
#16875 = SURFACE_SIDE_STYLE('',(#16876));
#16876 = SURFACE_STYLE_FILL_AREA(#16877);
#16877 = FILL_AREA_STYLE('',(#16878));
#16878 = FILL_AREA_STYLE_COLOUR('',#15359);
#16879 = OVER_RIDING_STYLED_ITEM('overriding color',(#16880),#7255,
  #15404);
#16880 = PRESENTATION_STYLE_ASSIGNMENT((#16881));
#16881 = SURFACE_STYLE_USAGE(.BOTH.,#16882);
#16882 = SURFACE_SIDE_STYLE('',(#16883));
#16883 = SURFACE_STYLE_FILL_AREA(#16884);
#16884 = FILL_AREA_STYLE('',(#16885));
#16885 = FILL_AREA_STYLE_COLOUR('',#15359);
#16886 = OVER_RIDING_STYLED_ITEM('overriding color',(#16887),#7273,
  #15404);
#16887 = PRESENTATION_STYLE_ASSIGNMENT((#16888));
#16888 = SURFACE_STYLE_USAGE(.BOTH.,#16889);
#16889 = SURFACE_SIDE_STYLE('',(#16890));
#16890 = SURFACE_STYLE_FILL_AREA(#16891);
#16891 = FILL_AREA_STYLE('',(#16892));
#16892 = FILL_AREA_STYLE_COLOUR('',#15359);
#16893 = OVER_RIDING_STYLED_ITEM('overriding color',(#16894),#7304,
  #15404);
#16894 = PRESENTATION_STYLE_ASSIGNMENT((#16895));
#16895 = SURFACE_STYLE_USAGE(.BOTH.,#16896);
#16896 = SURFACE_SIDE_STYLE('',(#16897));
#16897 = SURFACE_STYLE_FILL_AREA(#16898);
#16898 = FILL_AREA_STYLE('',(#16899));
#16899 = FILL_AREA_STYLE_COLOUR('',#15359);
#16900 = OVER_RIDING_STYLED_ITEM('overriding color',(#16901),#7328,
  #15404);
#16901 = PRESENTATION_STYLE_ASSIGNMENT((#16902));
#16902 = SURFACE_STYLE_USAGE(.BOTH.,#16903);
#16903 = SURFACE_SIDE_STYLE('',(#16904));
#16904 = SURFACE_STYLE_FILL_AREA(#16905);
#16905 = FILL_AREA_STYLE('',(#16906));
#16906 = FILL_AREA_STYLE_COLOUR('',#15359);
#16907 = OVER_RIDING_STYLED_ITEM('overriding color',(#16908),#7352,
  #15404);
#16908 = PRESENTATION_STYLE_ASSIGNMENT((#16909));
#16909 = SURFACE_STYLE_USAGE(.BOTH.,#16910);
#16910 = SURFACE_SIDE_STYLE('',(#16911));
#16911 = SURFACE_STYLE_FILL_AREA(#16912);
#16912 = FILL_AREA_STYLE('',(#16913));
#16913 = FILL_AREA_STYLE_COLOUR('',#15359);
#16914 = OVER_RIDING_STYLED_ITEM('overriding color',(#16915),#7376,
  #15404);
#16915 = PRESENTATION_STYLE_ASSIGNMENT((#16916));
#16916 = SURFACE_STYLE_USAGE(.BOTH.,#16917);
#16917 = SURFACE_SIDE_STYLE('',(#16918));
#16918 = SURFACE_STYLE_FILL_AREA(#16919);
#16919 = FILL_AREA_STYLE('',(#16920));
#16920 = FILL_AREA_STYLE_COLOUR('',#15359);
#16921 = OVER_RIDING_STYLED_ITEM('overriding color',(#16922),#7400,
  #15404);
#16922 = PRESENTATION_STYLE_ASSIGNMENT((#16923));
#16923 = SURFACE_STYLE_USAGE(.BOTH.,#16924);
#16924 = SURFACE_SIDE_STYLE('',(#16925));
#16925 = SURFACE_STYLE_FILL_AREA(#16926);
#16926 = FILL_AREA_STYLE('',(#16927));
#16927 = FILL_AREA_STYLE_COLOUR('',#15359);
#16928 = OVER_RIDING_STYLED_ITEM('overriding color',(#16929),#7417,
  #15404);
#16929 = PRESENTATION_STYLE_ASSIGNMENT((#16930));
#16930 = SURFACE_STYLE_USAGE(.BOTH.,#16931);
#16931 = SURFACE_SIDE_STYLE('',(#16932));
#16932 = SURFACE_STYLE_FILL_AREA(#16933);
#16933 = FILL_AREA_STYLE('',(#16934));
#16934 = FILL_AREA_STYLE_COLOUR('',#15359);
#16935 = OVER_RIDING_STYLED_ITEM('overriding color',(#16936),#7431,
  #15404);
#16936 = PRESENTATION_STYLE_ASSIGNMENT((#16937));
#16937 = SURFACE_STYLE_USAGE(.BOTH.,#16938);
#16938 = SURFACE_SIDE_STYLE('',(#16939));
#16939 = SURFACE_STYLE_FILL_AREA(#16940);
#16940 = FILL_AREA_STYLE('',(#16941));
#16941 = FILL_AREA_STYLE_COLOUR('',#15421);
#16942 = OVER_RIDING_STYLED_ITEM('overriding color',(#16943),#7445,
  #15404);
#16943 = PRESENTATION_STYLE_ASSIGNMENT((#16944));
#16944 = SURFACE_STYLE_USAGE(.BOTH.,#16945);
#16945 = SURFACE_SIDE_STYLE('',(#16946));
#16946 = SURFACE_STYLE_FILL_AREA(#16947);
#16947 = FILL_AREA_STYLE('',(#16948));
#16948 = FILL_AREA_STYLE_COLOUR('',#15421);
#16949 = MECHANICAL_DESIGN_GEOMETRIC_PRESENTATION_REPRESENTATION('',(
    #16950),#12453);
#16950 = STYLED_ITEM('color',(#16951),#11910);
#16951 = PRESENTATION_STYLE_ASSIGNMENT((#16952,#16957));
#16952 = SURFACE_STYLE_USAGE(.BOTH.,#16953);
#16953 = SURFACE_SIDE_STYLE('',(#16954));
#16954 = SURFACE_STYLE_FILL_AREA(#16955);
#16955 = FILL_AREA_STYLE('',(#16956));
#16956 = FILL_AREA_STYLE_COLOUR('',#15359);
#16957 = CURVE_STYLE('',#16958,POSITIVE_LENGTH_MEASURE(0.1),#15362);
#16958 = DRAUGHTING_PRE_DEFINED_CURVE_FONT('continuous');
#16959 = MECHANICAL_DESIGN_GEOMETRIC_PRESENTATION_REPRESENTATION('',(
    #16960),#8697);
#16960 = STYLED_ITEM('color',(#16961),#8283);
#16961 = PRESENTATION_STYLE_ASSIGNMENT((#16962,#16967));
#16962 = SURFACE_STYLE_USAGE(.BOTH.,#16963);
#16963 = SURFACE_SIDE_STYLE('',(#16964));
#16964 = SURFACE_STYLE_FILL_AREA(#16965);
#16965 = FILL_AREA_STYLE('',(#16966));
#16966 = FILL_AREA_STYLE_COLOUR('',#15359);
#16967 = CURVE_STYLE('',#16968,POSITIVE_LENGTH_MEASURE(0.1),#15362);
#16968 = DRAUGHTING_PRE_DEFINED_CURVE_FONT('continuous');
#16969 = MECHANICAL_DESIGN_GEOMETRIC_PRESENTATION_REPRESENTATION('',(
    #16970),#9763);
#16970 = STYLED_ITEM('color',(#16971),#9267);
#16971 = PRESENTATION_STYLE_ASSIGNMENT((#16972,#16977));
#16972 = SURFACE_STYLE_USAGE(.BOTH.,#16973);
#16973 = SURFACE_SIDE_STYLE('',(#16974));
#16974 = SURFACE_STYLE_FILL_AREA(#16975);
#16975 = FILL_AREA_STYLE('',(#16976));
#16976 = FILL_AREA_STYLE_COLOUR('',#15359);
#16977 = CURVE_STYLE('',#16978,POSITIVE_LENGTH_MEASURE(0.1),#15362);
#16978 = DRAUGHTING_PRE_DEFINED_CURVE_FONT('continuous');
#16979 = MECHANICAL_DESIGN_GEOMETRIC_PRESENTATION_REPRESENTATION('',(
    #16980),#8264);
#16980 = STYLED_ITEM('color',(#16981),#7712);
#16981 = PRESENTATION_STYLE_ASSIGNMENT((#16982,#16987));
#16982 = SURFACE_STYLE_USAGE(.BOTH.,#16983);
#16983 = SURFACE_SIDE_STYLE('',(#16984));
#16984 = SURFACE_STYLE_FILL_AREA(#16985);
#16985 = FILL_AREA_STYLE('',(#16986));
#16986 = FILL_AREA_STYLE_COLOUR('',#15359);
#16987 = CURVE_STYLE('',#16988,POSITIVE_LENGTH_MEASURE(0.1),#15362);
#16988 = DRAUGHTING_PRE_DEFINED_CURVE_FONT('continuous');
#16989 = MECHANICAL_DESIGN_GEOMETRIC_PRESENTATION_REPRESENTATION('',(
    #16990),#11891);
#16990 = STYLED_ITEM('color',(#16991),#11066);
#16991 = PRESENTATION_STYLE_ASSIGNMENT((#16992,#16997));
#16992 = SURFACE_STYLE_USAGE(.BOTH.,#16993);
#16993 = SURFACE_SIDE_STYLE('',(#16994));
#16994 = SURFACE_STYLE_FILL_AREA(#16995);
#16995 = FILL_AREA_STYLE('',(#16996));
#16996 = FILL_AREA_STYLE_COLOUR('',#15359);
#16997 = CURVE_STYLE('',#16998,POSITIVE_LENGTH_MEASURE(0.1),#15362);
#16998 = DRAUGHTING_PRE_DEFINED_CURVE_FONT('continuous');
#16999 = MECHANICAL_DESIGN_GEOMETRIC_PRESENTATION_REPRESENTATION('',(
    #17000),#10196);
#17000 = STYLED_ITEM('color',(#17001),#9782);
#17001 = PRESENTATION_STYLE_ASSIGNMENT((#17002,#17007));
#17002 = SURFACE_STYLE_USAGE(.BOTH.,#17003);
#17003 = SURFACE_SIDE_STYLE('',(#17004));
#17004 = SURFACE_STYLE_FILL_AREA(#17005);
#17005 = FILL_AREA_STYLE('',(#17006));
#17006 = FILL_AREA_STYLE_COLOUR('',#15359);
#17007 = CURVE_STYLE('',#17008,POSITIVE_LENGTH_MEASURE(0.1),#15362);
#17008 = DRAUGHTING_PRE_DEFINED_CURVE_FONT('continuous');
#17009 = MECHANICAL_DESIGN_GEOMETRIC_PRESENTATION_REPRESENTATION('',(
    #17010),#12886);
#17010 = STYLED_ITEM('color',(#17011),#12472);
#17011 = PRESENTATION_STYLE_ASSIGNMENT((#17012,#17017));
#17012 = SURFACE_STYLE_USAGE(.BOTH.,#17013);
#17013 = SURFACE_SIDE_STYLE('',(#17014));
#17014 = SURFACE_STYLE_FILL_AREA(#17015);
#17015 = FILL_AREA_STYLE('',(#17016));
#17016 = FILL_AREA_STYLE_COLOUR('',#15359);
#17017 = CURVE_STYLE('',#17018,POSITIVE_LENGTH_MEASURE(0.1),#15362);
#17018 = DRAUGHTING_PRE_DEFINED_CURVE_FONT('continuous');
#17019 = MECHANICAL_DESIGN_GEOMETRIC_PRESENTATION_REPRESENTATION('',(
    #17020),#9248);
#17020 = STYLED_ITEM('color',(#17021),#8716);
#17021 = PRESENTATION_STYLE_ASSIGNMENT((#17022,#17027));
#17022 = SURFACE_STYLE_USAGE(.BOTH.,#17023);
#17023 = SURFACE_SIDE_STYLE('',(#17024));
#17024 = SURFACE_STYLE_FILL_AREA(#17025);
#17025 = FILL_AREA_STYLE('',(#17026));
#17026 = FILL_AREA_STYLE_COLOUR('',#15359);
#17027 = CURVE_STYLE('',#17028,POSITIVE_LENGTH_MEASURE(0.1),#15362);
#17028 = DRAUGHTING_PRE_DEFINED_CURVE_FONT('continuous');
ENDSEC;
END-ISO-10303-21;
